Z_physical,A_physical,E_physical,Yield_pred
23,66,0.0,2.9019012e-07
23,66,1.0,0.0
23,66,2.0,0.0
23,66,3.0,2.9893817e-11
23,66,4.0,0.0
23,66,5.0,0.0
23,66,6.0,0.0
23,66,7.0,0.0
23,66,8.0,0.0
23,66,9.0,0.0
23,66,10.0,0.0
23,66,11.0,0.0
23,66,12.0,0.0
23,66,13.0,0.0
23,66,14.0,4.2017104e-10
24,66,0.0,0.0
24,66,1.0,3.1544363e-13
24,66,2.0,4.9372523e-13
24,66,3.0,2.1565365e-09
24,66,4.0,0.0
24,66,5.0,0.0
24,66,6.0,0.0
24,66,7.0,2.9232273e-11
24,66,8.0,0.0
24,66,9.0,0.0
24,66,10.0,0.0
24,66,11.0,0.0
24,66,12.0,0.0
24,66,13.0,0.0
24,66,14.0,0.0
24,67,0.0,9.924977e-08
24,67,1.0,1.8899563e-07
24,67,2.0,4.4797395e-07
24,67,3.0,2.5379566e-07
24,67,4.0,4.896335e-09
24,67,5.0,3.5560472e-08
24,67,6.0,2.9337187e-07
24,67,7.0,4.1872175e-07
24,67,8.0,2.9975425e-07
24,67,9.0,7.04861e-07
24,67,10.0,5.858655e-07
24,67,11.0,4.402183e-08
24,67,12.0,1.3844871e-06
24,67,13.0,5.428168e-07
24,67,14.0,2.0441034e-07
24,68,0.0,0.0
24,68,1.0,1.2801883e-10
24,68,2.0,0.0
24,68,3.0,0.0
24,68,4.0,0.0
24,68,5.0,2.078245e-09
24,68,6.0,4.518151e-08
24,68,7.0,4.7925134e-08
24,68,8.0,4.6211057e-09
24,68,9.0,9.0896424e-10
24,68,10.0,1.0350063e-08
24,68,11.0,5.205341e-09
24,68,12.0,0.0
24,68,13.0,0.0
24,68,14.0,0.0
24,69,0.0,6.0592316e-07
24,69,1.0,5.356256e-07
24,69,2.0,8.780694e-07
24,69,3.0,5.3335103e-08
24,69,4.0,2.5442776e-11
24,69,5.0,1.3607054e-08
24,69,6.0,3.1598855e-09
24,69,7.0,0.0
24,69,8.0,1.6142407e-13
24,69,9.0,1.2395267e-08
24,69,10.0,0.0
24,69,11.0,0.0
24,69,12.0,0.0
24,69,13.0,0.0
24,69,14.0,0.0
24,70,0.0,0.0
24,70,1.0,0.0
24,70,2.0,1.8896569e-07
24,70,3.0,1.5305292e-06
24,70,4.0,9.2294624e-07
24,70,5.0,6.24786e-07
24,70,6.0,5.43334e-07
24,70,7.0,1.0758373e-06
24,70,8.0,1.8282984e-06
24,70,9.0,1.7588604e-06
24,70,10.0,1.22001e-06
24,70,11.0,1.8018769e-06
24,70,12.0,1.5302888e-06
24,70,13.0,4.3739743e-07
24,70,14.0,4.8597815e-07
25,66,0.0,0.0
25,66,1.0,0.0
25,66,2.0,0.0
25,66,3.0,0.0
25,66,4.0,0.0
25,66,5.0,0.0
25,66,6.0,0.0
25,66,7.0,0.0
25,66,8.0,0.0
25,66,9.0,0.0
25,66,10.0,3.6980342e-11
25,66,11.0,1.3836591e-09
25,66,12.0,3.987337e-10
25,66,13.0,0.0
25,66,14.0,0.0
25,67,0.0,8.479167e-08
25,67,1.0,0.0
25,67,2.0,0.0
25,67,3.0,0.0
25,67,4.0,8.77831e-08
25,67,5.0,4.989217e-10
25,67,6.0,0.0
25,67,7.0,0.0
25,67,8.0,0.0
25,67,9.0,0.0
25,67,10.0,0.0
25,67,11.0,0.0
25,67,12.0,0.0
25,67,13.0,0.0
25,67,14.0,0.0
25,68,0.0,0.0
25,68,1.0,0.0
25,68,2.0,0.0
25,68,3.0,0.0
25,68,4.0,5.1150035e-09
25,68,5.0,2.5197367e-15
25,68,6.0,0.0
25,68,7.0,0.0
25,68,8.0,0.0
25,68,9.0,0.0
25,68,10.0,0.0
25,68,11.0,0.0
25,68,12.0,0.0
25,68,13.0,0.0
25,68,14.0,0.0
25,69,0.0,3.851415e-10
25,69,1.0,1.2317443e-07
25,69,2.0,0.0
25,69,3.0,2.449334e-09
25,69,4.0,9.0651e-07
25,69,5.0,1.374293e-07
25,69,6.0,9.5222354e-09
25,69,7.0,0.0
25,69,8.0,0.0
25,69,9.0,0.0
25,69,10.0,0.0
25,69,11.0,0.0
25,69,12.0,1.38926834e-08
25,69,13.0,4.2764487e-08
25,69,14.0,0.0
25,70,0.0,0.0
25,70,1.0,9.441083e-08
25,70,2.0,2.3332714e-07
25,70,3.0,2.4888965e-07
25,70,4.0,5.6168584e-08
25,70,5.0,2.5741802e-09
25,70,6.0,3.905351e-10
25,70,7.0,0.0
25,70,8.0,0.0
25,70,9.0,0.0
25,70,10.0,0.0
25,70,11.0,5.9227423e-10
25,70,12.0,0.0
25,70,13.0,0.0
25,70,14.0,0.0
25,71,0.0,1.6476854e-09
25,71,1.0,7.2730444e-08
25,71,2.0,1.7801048e-07
25,71,3.0,2.699706e-09
25,71,4.0,0.0
25,71,5.0,0.0
25,71,6.0,0.0
25,71,7.0,0.0
25,71,8.0,0.0
25,71,9.0,0.0
25,71,10.0,3.0223567e-11
25,71,11.0,9.088794e-10
25,71,12.0,3.0228207e-09
25,71,13.0,0.0
25,71,14.0,6.1431304e-10
25,72,0.0,4.757069e-10
25,72,1.0,5.444958e-11
25,72,2.0,2.4757751e-08
25,72,3.0,0.0
25,72,4.0,0.0
25,72,5.0,0.0
25,72,6.0,0.0
25,72,7.0,0.0
25,72,8.0,0.0
25,72,9.0,0.0
25,72,10.0,3.623547e-10
25,72,11.0,2.4856908e-08
25,72,12.0,4.1236223e-08
25,72,13.0,2.9869685e-08
25,72,14.0,1.892456e-08
25,73,0.0,1.0463342e-07
25,73,1.0,6.283914e-07
25,73,2.0,1.7123165e-07
25,73,3.0,3.5781504e-08
25,73,4.0,5.051265e-08
25,73,5.0,1.3044692e-07
25,73,6.0,8.151222e-08
25,73,7.0,6.149811e-08
25,73,8.0,1.13041914e-07
25,73,9.0,1.6523668e-07
25,73,10.0,2.4163307e-07
25,73,11.0,3.1329472e-07
25,73,12.0,1.0318487e-07
25,73,13.0,7.029847e-09
25,73,14.0,9.560668e-09
26,66,0.0,0.0
26,66,1.0,3.280934e-07
26,66,2.0,0.0
26,66,3.0,0.0
26,66,4.0,1.4373381e-07
26,66,5.0,6.5067925e-06
26,66,6.0,3.115842e-06
26,66,7.0,2.401726e-06
26,66,8.0,2.6073697e-06
26,66,9.0,3.6171286e-06
26,66,10.0,6.9461826e-06
26,66,11.0,8.987065e-06
26,66,12.0,6.979351e-05
26,66,13.0,3.6819274e-05
26,66,14.0,0.00017325136
26,67,0.0,0.0
26,67,1.0,0.0
26,67,2.0,1.474042e-07
26,67,3.0,1.0253315e-06
26,67,4.0,0.0
26,67,5.0,1.4605601e-08
26,67,6.0,2.5070882e-08
26,67,7.0,4.5703626e-07
26,67,8.0,1.8690245e-06
26,67,9.0,1.4585436e-06
26,67,10.0,7.8428064e-07
26,67,11.0,5.4816826e-07
26,67,12.0,6.0278205e-07
26,67,13.0,6.4027677e-07
26,67,14.0,1.9151355e-06
26,68,0.0,1.6259207e-07
26,68,1.0,6.871143e-10
26,68,2.0,1.4840623e-07
26,68,3.0,1.0384438e-06
26,68,4.0,1.3732752e-07
26,68,5.0,1.0882668e-09
26,68,6.0,0.0
26,68,7.0,0.0
26,68,8.0,0.0
26,68,9.0,0.0
26,68,10.0,0.0
26,68,11.0,1.3088542e-08
26,68,12.0,5.689188e-07
26,68,13.0,5.3753524e-07
26,68,14.0,6.243854e-07
26,69,0.0,1.9775824e-08
26,69,1.0,3.3851896e-07
26,69,2.0,5.634972e-07
26,69,3.0,6.0760624e-07
26,69,4.0,3.9721314e-07
26,69,5.0,2.2261442e-07
26,69,6.0,1.6252707e-07
26,69,7.0,6.3369816e-07
26,69,8.0,1.156446e-06
26,69,9.0,1.7212083e-06
26,69,10.0,1.862019e-06
26,69,11.0,8.7108845e-07
26,69,12.0,4.0061073e-07
26,69,13.0,3.5438525e-06
26,69,14.0,5.052972e-06
26,70,0.0,4.9409792e-08
26,70,1.0,7.454278e-09
26,70,2.0,1.2221035e-09
26,70,3.0,3.9800586e-08
26,70,4.0,4.4130328e-08
26,70,5.0,4.0855515e-08
26,70,6.0,4.0299714e-08
26,70,7.0,5.1582965e-09
26,70,8.0,5.4699346e-11
26,70,9.0,0.0
26,70,10.0,0.0
26,70,11.0,0.0
26,70,12.0,1.3963682e-07
26,70,13.0,7.258761e-08
26,70,14.0,0.0
26,71,0.0,0.0
26,71,1.0,1.2688987e-07
26,71,2.0,1.2758309e-07
26,71,3.0,2.9026557e-08
26,71,4.0,3.5186755e-08
26,71,5.0,2.0618878e-09
26,71,6.0,5.915394e-13
26,71,7.0,0.0
26,71,8.0,0.0
26,71,9.0,5.223987e-13
26,71,10.0,9.384629e-10
26,71,11.0,4.392389e-09
26,71,12.0,3.10552e-06
26,71,13.0,4.726379e-06
26,71,14.0,3.9897594e-07
26,72,0.0,0.0
26,72,1.0,3.829282e-11
26,72,2.0,8.0920814e-10
26,72,3.0,0.0
26,72,4.0,9.815044e-08
26,72,5.0,4.899095e-08
26,72,6.0,5.962477e-08
26,72,7.0,1.5519866e-07
26,72,8.0,1.13545525e-07
26,72,9.0,2.255092e-07
26,72,10.0,9.2273257e-07
26,72,11.0,1.3508185e-07
26,72,12.0,0.0
26,72,13.0,0.0
26,72,14.0,0.0
26,73,0.0,1.6917468e-08
26,73,1.0,2.4882405e-08
26,73,2.0,0.0
26,73,3.0,0.0
26,73,4.0,2.410343e-08
26,73,5.0,3.291301e-06
26,73,6.0,7.5657243e-07
26,73,7.0,8.601592e-09
26,73,8.0,1.09665175e-08
26,73,9.0,6.67249e-07
26,73,10.0,4.2205775e-06
26,73,11.0,0.0
26,73,12.0,0.0
26,73,13.0,4.29505e-06
26,73,14.0,2.6820896e-07
26,74,0.0,1.4976733e-07
26,74,1.0,1.938998e-08
26,74,2.0,0.0
26,74,3.0,8.8062315e-08
26,74,4.0,4.1059212e-07
26,74,5.0,8.012994e-08
26,74,6.0,2.2885969e-07
26,74,7.0,5.70099e-07
26,74,8.0,6.2599884e-07
26,74,9.0,6.454368e-07
26,74,10.0,7.5283174e-07
26,74,11.0,7.5195635e-07
26,74,12.0,6.3050584e-07
26,74,13.0,4.3909986e-07
26,74,14.0,8.53745e-08
26,75,0.0,4.8596473e-07
26,75,1.0,8.5566825e-08
26,75,2.0,4.43885e-10
26,75,3.0,0.0
26,75,4.0,2.0639796e-07
26,75,5.0,1.807163e-07
26,75,6.0,0.0
26,75,7.0,6.6294405e-07
26,75,8.0,2.5897764e-06
26,75,9.0,9.539468e-07
26,75,10.0,7.3166103e-07
26,75,11.0,6.2527965e-07
26,75,12.0,2.3816123e-12
26,75,13.0,3.415849e-08
26,75,14.0,7.271288e-08
26,76,0.0,0.0
26,76,1.0,3.2407268e-08
26,76,2.0,2.0921515e-08
26,76,3.0,0.0
26,76,4.0,3.6350138e-09
26,76,5.0,5.1255067e-10
26,76,6.0,0.0
26,76,7.0,0.0
26,76,8.0,0.0
26,76,9.0,0.0
26,76,10.0,0.0
26,76,11.0,0.0
26,76,12.0,0.0
26,76,13.0,1.04771885e-07
26,76,14.0,1.5261728e-07
27,66,0.0,0.0
27,66,1.0,1.2176316e-08
27,66,2.0,1.643087e-07
27,66,3.0,8.043891e-07
27,66,4.0,6.601656e-08
27,66,5.0,1.6641606e-07
27,66,6.0,3.9866336e-07
27,66,7.0,3.09556e-07
27,66,8.0,1.950049e-07
27,66,9.0,2.2116306e-07
27,66,10.0,4.4262651e-07
27,66,11.0,9.192955e-07
27,66,12.0,1.4305759e-06
27,66,13.0,6.589452e-07
27,66,14.0,5.404242e-07
27,67,0.0,2.6769206e-07
27,67,1.0,3.630279e-07
27,67,2.0,1.2390259e-06
27,67,3.0,4.2875486e-06
27,67,4.0,2.8223712e-06
27,67,5.0,5.174426e-06
27,67,6.0,1.1367509e-05
27,67,7.0,2.1672917e-05
27,67,8.0,3.349512e-05
27,67,9.0,4.1700696e-05
27,67,10.0,3.9700655e-05
27,67,11.0,2.9473555e-05
27,67,12.0,2.676793e-05
27,67,13.0,2.917574e-05
27,67,14.0,3.9198112e-05
27,68,0.0,2.865517e-08
27,68,1.0,7.504744e-07
27,68,2.0,1.931037e-06
27,68,3.0,4.6376035e-06
27,68,4.0,1.00679945e-05
27,68,5.0,1.2105004e-05
27,68,6.0,1.5518257e-05
27,68,7.0,2.0491176e-05
27,68,8.0,2.9038065e-05
27,68,9.0,3.291577e-05
27,68,10.0,2.7113745e-05
27,68,11.0,2.0891315e-05
27,68,12.0,3.067578e-05
27,68,13.0,4.153157e-05
27,68,14.0,3.8101593e-05
27,69,0.0,9.974603e-07
27,69,1.0,4.4215126e-06
27,69,2.0,8.147791e-06
27,69,3.0,1.5964015e-05
27,69,4.0,8.40652e-06
27,69,5.0,9.15073e-06
27,69,6.0,2.2095492e-05
27,69,7.0,4.1420997e-05
27,69,8.0,6.5668246e-05
27,69,9.0,8.315545e-05
27,69,10.0,6.6670866e-05
27,69,11.0,3.5471046e-05
27,69,12.0,7.177025e-05
27,69,13.0,8.715283e-05
27,69,14.0,0.00011403788
27,70,0.0,4.3310052e-08
27,70,1.0,2.874597e-07
27,70,2.0,1.0304524e-06
27,70,3.0,3.3826286e-06
27,70,4.0,5.810113e-07
27,70,5.0,6.74259e-07
27,70,6.0,3.2872392e-06
27,70,7.0,1.2839807e-05
27,70,8.0,2.0734593e-05
27,70,9.0,1.9053874e-05
27,70,10.0,1.6177064e-05
27,70,11.0,2.5398482e-05
27,70,12.0,1.896845e-05
27,70,13.0,2.799828e-05
27,70,14.0,2.7371943e-05
27,71,0.0,1.6536233e-06
27,71,1.0,1.2777905e-06
27,71,2.0,2.405982e-06
27,71,3.0,2.0033551e-06
27,71,4.0,1.1557275e-06
27,71,5.0,2.0482091e-06
27,71,6.0,4.046808e-06
27,71,7.0,2.1075475e-06
27,71,8.0,1.2490236e-06
27,71,9.0,2.979639e-06
27,71,10.0,8.307717e-06
27,71,11.0,1.36648105e-05
27,71,12.0,1.0801926e-05
27,71,13.0,4.7894227e-06
27,71,14.0,8.296081e-06
27,72,0.0,7.367933e-07
27,72,1.0,3.356481e-07
27,72,2.0,1.2230255e-06
27,72,3.0,1.0003392e-06
27,72,4.0,6.456186e-08
27,72,5.0,6.782982e-08
27,72,6.0,6.5670395e-07
27,72,7.0,1.8934412e-06
27,72,8.0,2.1613116e-06
27,72,9.0,1.5022518e-06
27,72,10.0,8.1908735e-07
27,72,11.0,1.220013e-06
27,72,12.0,2.65563e-07
27,72,13.0,3.7349523e-07
27,72,14.0,1.1810887e-06
27,73,0.0,2.2736858e-06
27,73,1.0,1.7465023e-06
27,73,2.0,1.6772861e-06
27,73,3.0,1.4925305e-07
27,73,4.0,5.6460625e-08
27,73,5.0,1.6485755e-08
27,73,6.0,6.1987954e-08
27,73,7.0,6.172364e-08
27,73,8.0,7.118517e-08
27,73,9.0,3.0751946e-07
27,73,10.0,7.5613656e-07
27,73,11.0,7.363408e-07
27,73,12.0,5.630267e-07
27,73,13.0,9.081411e-08
27,73,14.0,9.012882e-09
27,74,0.0,1.4817717e-06
27,74,1.0,8.9573797e-07
27,74,2.0,4.1514454e-08
27,74,3.0,6.051041e-08
27,74,4.0,5.1842488e-08
27,74,5.0,1.6299444e-08
27,74,6.0,8.0521065e-09
27,74,7.0,4.5407393e-08
27,74,8.0,3.760963e-08
27,74,9.0,9.931546e-08
27,74,10.0,5.2376714e-07
27,74,11.0,4.5038084e-07
27,74,12.0,2.6295876e-07
27,74,13.0,4.0994783e-07
27,74,14.0,4.5611378e-07
27,75,0.0,1.4813729e-07
27,75,1.0,7.329479e-07
27,75,2.0,2.8742633e-07
27,75,3.0,1.814769e-08
27,75,4.0,2.6369309e-08
27,75,5.0,1.5780907e-07
27,75,6.0,6.7101166e-07
27,75,7.0,5.639976e-07
27,75,8.0,2.3819985e-07
27,75,9.0,1.1605506e-07
27,75,10.0,2.0742297e-07
27,75,11.0,4.519176e-07
27,75,12.0,1.476665e-08
27,75,13.0,4.3566864e-08
27,75,14.0,3.0495139e-07
27,76,0.0,1.2464706e-06
27,76,1.0,3.895718e-07
27,76,2.0,5.802697e-07
27,76,3.0,2.17987e-07
27,76,4.0,5.134783e-07
27,76,5.0,4.947184e-07
27,76,6.0,1.1328347e-06
27,76,7.0,1.3211983e-06
27,76,8.0,1.5894566e-06
27,76,9.0,1.8725639e-06
27,76,10.0,2.5706015e-06
27,76,11.0,3.3987433e-06
27,76,12.0,2.9845787e-06
27,76,13.0,9.674508e-07
27,76,14.0,1.1181335e-06
27,77,0.0,8.6130484e-07
27,77,1.0,4.251069e-07
27,77,2.0,0.0
27,77,3.0,1.638428e-08
27,77,4.0,1.8383606e-06
27,77,5.0,6.809268e-06
27,77,6.0,7.685995e-06
27,77,7.0,3.2008777e-06
27,77,8.0,8.3836295e-07
27,77,9.0,3.0078658e-07
27,77,10.0,6.610809e-07
27,77,11.0,7.1939604e-07
27,77,12.0,3.8381728e-07
27,77,13.0,3.7106318e-08
27,77,14.0,3.838013e-08
27,78,0.0,2.9275517e-07
27,78,1.0,4.0208725e-08
27,78,2.0,0.0
27,78,3.0,1.0601908e-07
27,78,4.0,1.9826664e-06
27,78,5.0,2.6700072e-06
27,78,6.0,1.2143248e-06
27,78,7.0,2.5682655e-07
27,78,8.0,1.1291786e-07
27,78,9.0,1.3101965e-07
27,78,10.0,4.928668e-07
27,78,11.0,2.090001e-07
27,78,12.0,0.0
27,78,13.0,0.0
27,78,14.0,0.0
28,66,0.0,5.0262066e-09
28,66,1.0,7.887305e-10
28,66,2.0,4.5187953e-08
28,66,3.0,8.3861e-08
28,66,4.0,0.0
28,66,5.0,1.3782063e-07
28,66,6.0,2.1696538e-08
28,66,7.0,1.7928405e-09
28,66,8.0,5.1457855e-10
28,66,9.0,3.5456387e-09
28,66,10.0,6.116932e-08
28,66,11.0,1.3975558e-09
28,66,12.0,5.0549404e-10
28,66,13.0,2.7320388e-08
28,66,14.0,7.0984686e-07
28,67,0.0,0.0
28,67,1.0,0.0
28,67,2.0,0.0
28,67,3.0,4.232488e-08
28,67,4.0,2.0995607e-08
28,67,5.0,1.7821391e-07
28,67,6.0,4.865232e-07
28,67,7.0,1.6342209e-06
28,67,8.0,2.901568e-06
28,67,9.0,4.4858616e-06
28,67,10.0,5.0429007e-06
28,67,11.0,3.5228625e-06
28,67,12.0,5.3961508e-06
28,67,13.0,4.5323846e-05
28,67,14.0,8.05152e-06
28,68,0.0,5.6007804e-07
28,68,1.0,8.785258e-08
28,68,2.0,0.0
28,68,3.0,3.881103e-09
28,68,4.0,1.5057473e-08
28,68,5.0,0.0
28,68,6.0,3.134361e-05
28,68,7.0,0.00010968645
28,68,8.0,8.591473e-05
28,68,9.0,9.974593e-05
28,68,10.0,0.00016928173
28,68,11.0,0.00011553499
28,68,12.0,2.7857372e-05
28,68,13.0,8.886466e-05
28,68,14.0,0.000105330335
28,69,0.0,2.0153792e-07
28,69,1.0,3.056837e-10
28,69,2.0,2.385143e-06
28,69,3.0,3.5264181e-06
28,69,4.0,1.31838415e-05
28,69,5.0,1.1944497e-05
28,69,6.0,1.279478e-05
28,69,7.0,1.4920593e-05
28,69,8.0,3.788091e-05
28,69,9.0,5.5433233e-05
28,69,10.0,8.156919e-05
28,69,11.0,0.0001114269
28,69,12.0,0.00012595922
28,69,13.0,0.00020750267
28,69,14.0,0.00012513007
28,70,0.0,1.5541481e-13
28,70,1.0,1.3764185e-07
28,70,2.0,8.903281e-06
28,70,3.0,0.00010739564
28,70,4.0,8.641492e-05
28,70,5.0,0.0001659674
28,70,6.0,0.00013836696
28,70,7.0,0.00019766807
28,70,8.0,0.00027056577
28,70,9.0,0.00024109097
28,70,10.0,9.054826e-05
28,70,11.0,0.00023038876
28,70,12.0,0.00015170097
28,70,13.0,0.00019062571
28,70,14.0,0.0002082556
28,71,0.0,2.065056e-07
28,71,1.0,3.2862226e-07
28,71,2.0,0.0
28,71,3.0,2.0403053e-07
28,71,4.0,4.76211e-05
28,71,5.0,0.0001687987
28,71,6.0,0.00022432487
28,71,7.0,0.00029430178
28,71,8.0,0.00047543223
28,71,9.0,0.0005421215
28,71,10.0,0.00041444213
28,71,11.0,0.00029812317
28,71,12.0,0.00014169223
28,71,13.0,0.00026510388
28,71,14.0,0.0002279923
28,72,0.0,5.70749e-06
28,72,1.0,3.70964e-05
28,72,2.0,9.709075e-05
28,72,3.0,0.00013635794
28,72,4.0,0.00025314407
28,72,5.0,0.00020785865
28,72,6.0,0.00018677807
28,72,7.0,0.00024920178
28,72,8.0,0.00022973644
28,72,9.0,0.00019123899
28,72,10.0,0.00034141823
28,72,11.0,0.00033831885
28,72,12.0,0.00043166114
28,72,13.0,0.0004295288
28,72,14.0,0.00044971256
28,73,0.0,6.085702e-07
28,73,1.0,1.4981612e-09
28,73,2.0,8.243572e-06
28,73,3.0,7.409375e-05
28,73,4.0,2.7823042e-05
28,73,5.0,0.000107201515
28,73,6.0,5.0938794e-05
28,73,7.0,2.8037943e-05
28,73,8.0,5.2839794e-05
28,73,9.0,6.3204854e-05
28,73,10.0,3.170317e-05
28,73,11.0,3.3610915e-05
28,73,12.0,7.967933e-05
28,73,13.0,6.316629e-05
28,73,14.0,0.00010894677
28,74,0.0,0.0
28,74,1.0,1.969066e-07
28,74,2.0,1.5717085e-05
28,74,3.0,5.3004915e-05
28,74,4.0,1.9592066e-05
28,74,5.0,4.964745e-05
28,74,6.0,4.7464582e-05
28,74,7.0,0.00010537995
28,74,8.0,0.00015655182
28,74,9.0,0.00014900521
28,74,10.0,0.00013717909
28,74,11.0,9.324505e-05
28,74,12.0,8.8023655e-05
28,74,13.0,1.5776277e-05
28,74,14.0,6.4197084e-05
28,75,0.0,0.0
28,75,1.0,3.96997e-07
28,75,2.0,1.2363459e-07
28,75,3.0,1.6318456e-08
28,75,4.0,4.6128798e-10
28,75,5.0,2.5701867e-08
28,75,6.0,6.131589e-08
28,75,7.0,1.7534668e-07
28,75,8.0,2.41383e-07
28,75,9.0,2.986497e-07
28,75,10.0,4.1616255e-07
28,75,11.0,4.871745e-07
28,75,12.0,4.1605946e-07
28,75,13.0,2.361791e-08
28,75,14.0,2.227919e-06
28,76,0.0,1.8886341e-09
28,76,1.0,7.110631e-08
28,76,2.0,2.512389e-08
28,76,3.0,0.0
28,76,4.0,9.762537e-09
28,76,5.0,0.0
28,76,6.0,6.983519e-07
28,76,7.0,1.0043222e-05
28,76,8.0,7.980376e-06
28,76,9.0,5.488868e-06
28,76,10.0,3.8210933e-06
28,76,11.0,4.5218567e-06
28,76,12.0,0.0
28,76,13.0,1.9376623e-06
28,76,14.0,3.0503295e-06
28,77,0.0,1.17327225e-07
28,77,1.0,0.0
28,77,2.0,6.570715e-09
28,77,3.0,2.5111914e-08
28,77,4.0,1.1570772e-10
28,77,5.0,0.0
28,77,6.0,7.530354e-10
28,77,7.0,9.337941e-08
28,77,8.0,1.7552478e-07
28,77,9.0,3.900686e-07
28,77,10.0,6.887564e-07
28,77,11.0,3.3239482e-07
28,77,12.0,2.2792003e-08
28,77,13.0,3.7942007e-07
28,77,14.0,1.6339567e-07
28,78,0.0,0.0
28,78,1.0,1.3718535e-06
28,78,2.0,4.3350113e-08
28,78,3.0,1.3356839e-05
28,78,4.0,7.082004e-06
28,78,5.0,6.3285337e-09
28,78,6.0,0.0
28,78,7.0,1.09070095e-08
28,78,8.0,1.1155678e-08
28,78,9.0,3.8116683e-09
28,78,10.0,2.645304e-09
28,78,11.0,0.0
28,78,12.0,3.3859088e-08
28,78,13.0,3.909484e-06
28,78,14.0,2.3226678e-06
28,79,0.0,3.748617e-07
28,79,1.0,2.8354071e-07
28,79,2.0,5.211259e-07
28,79,3.0,1.3576141e-06
28,79,4.0,1.2678373e-06
28,79,5.0,1.5839973e-06
28,79,6.0,4.882853e-07
28,79,7.0,1.0194856e-07
28,79,8.0,2.453283e-07
28,79,9.0,1.5734304e-07
28,79,10.0,1.4307932e-07
28,79,11.0,9.637519e-07
28,79,12.0,6.210191e-07
28,79,13.0,5.38515e-07
28,79,14.0,4.8209523e-07
28,80,0.0,0.0
28,80,1.0,6.1055357e-07
28,80,2.0,2.6100759e-07
28,80,3.0,0.0
28,80,4.0,0.0
28,80,5.0,0.0
28,80,6.0,0.0
28,80,7.0,0.0
28,80,8.0,0.0
28,80,9.0,0.0
28,80,10.0,0.0
28,80,11.0,0.0
28,80,12.0,0.0
28,80,13.0,0.0
28,80,14.0,0.0
28,81,0.0,1.2532275e-08
28,81,1.0,3.3912238e-07
28,81,2.0,9.057369e-08
28,81,3.0,2.4589855e-07
28,81,4.0,5.1831133e-08
28,81,5.0,0.0
28,81,6.0,5.699752e-13
28,81,7.0,4.479894e-09
28,81,8.0,5.235976e-09
28,81,9.0,8.058525e-09
28,81,10.0,9.676174e-09
28,81,11.0,1.1920597e-06
28,81,12.0,2.8553204e-06
28,81,13.0,1.3553095e-07
28,81,14.0,2.2746998e-07
28,82,0.0,0.0
28,82,1.0,1.4107999e-14
28,82,2.0,1.7338595e-08
28,82,3.0,0.0
28,82,4.0,0.0
28,82,5.0,0.0
28,82,6.0,0.0
28,82,7.0,0.0
28,82,8.0,0.0
28,82,9.0,0.0
28,82,10.0,0.0
28,82,11.0,0.0
28,82,12.0,0.0
28,82,13.0,0.0
28,82,14.0,0.0
29,66,0.0,2.7330988e-11
29,66,1.0,0.0
29,66,2.0,0.0
29,66,3.0,0.0
29,66,4.0,0.0
29,66,5.0,0.0
29,66,6.0,0.0
29,66,7.0,0.0
29,66,8.0,0.0
29,66,9.0,0.0
29,66,10.0,0.0
29,66,11.0,1.8238638e-09
29,66,12.0,4.903938e-09
29,66,13.0,0.0
29,66,14.0,2.4719011e-09
29,67,0.0,1.9690474e-07
29,67,1.0,4.4746866e-08
29,67,2.0,0.0
29,67,3.0,1.891602e-08
29,67,4.0,0.0
29,67,5.0,0.0
29,67,6.0,1.3992753e-06
29,67,7.0,9.849664e-09
29,67,8.0,2.7966347e-09
29,67,9.0,0.0
29,67,10.0,2.0493713e-05
29,67,11.0,7.0243887e-06
29,67,12.0,2.429954e-06
29,67,13.0,8.344643e-08
29,67,14.0,1.8925891e-07
29,68,0.0,6.378034e-08
29,68,1.0,1.4493516e-08
29,68,2.0,0.0
29,68,3.0,0.0
29,68,4.0,1.5833917e-05
29,68,5.0,5.304606e-07
29,68,6.0,0.0
29,68,7.0,0.0
29,68,8.0,0.0
29,68,9.0,0.0
29,68,10.0,3.7604427e-06
29,68,11.0,5.123116e-06
29,68,12.0,4.3526063e-07
29,68,13.0,1.7353582e-08
29,68,14.0,3.3424624e-07
29,69,0.0,0.0
29,69,1.0,0.0
29,69,2.0,2.4702117e-06
29,69,3.0,1.42565295e-05
29,69,4.0,1.2110589e-05
29,69,5.0,1.8021785e-05
29,69,6.0,2.2325953e-06
29,69,7.0,9.542089e-06
29,69,8.0,4.398501e-06
29,69,9.0,5.3494036e-06
29,69,10.0,1.25601155e-05
29,69,11.0,1.4834503e-05
29,69,12.0,4.144298e-05
29,69,13.0,8.5213054e-05
29,69,14.0,5.4636086e-05
29,70,0.0,1.2516271e-10
29,70,1.0,0.0
29,70,2.0,4.586547e-09
29,70,3.0,6.9400726e-06
29,70,4.0,7.3243014e-06
29,70,5.0,1.8824343e-07
29,70,6.0,1.015797e-06
29,70,7.0,3.1820406e-09
29,70,8.0,3.677791e-07
29,70,9.0,0.0
29,70,10.0,1.716732e-05
29,70,11.0,7.317849e-05
29,70,12.0,3.529816e-05
29,70,13.0,0.00011306563
29,70,14.0,5.393526e-05
29,71,0.0,3.3683403e-08
29,71,1.0,5.3629497e-06
29,71,2.0,3.5748637e-06
29,71,3.0,6.895865e-05
29,71,4.0,7.079846e-05
29,71,5.0,0.00018030062
29,71,6.0,0.0002611781
29,71,7.0,0.00014117744
29,71,8.0,0.00010065076
29,71,9.0,0.00022627815
29,71,10.0,9.216075e-05
29,71,11.0,0.00025787196
29,71,12.0,0.00048644384
29,71,13.0,0.0001214566
29,71,14.0,0.00042373102
29,72,0.0,6.1194605e-08
29,72,1.0,6.608932e-05
29,72,2.0,5.6468984e-05
29,72,3.0,6.15888e-05
29,72,4.0,0.0001809738
29,72,5.0,0.00012739233
29,72,6.0,0.000207361
29,72,7.0,0.00026041176
29,72,8.0,0.00028337238
29,72,9.0,0.00020085716
29,72,10.0,0.0002927087
29,72,11.0,0.0003785891
29,72,12.0,0.00051962235
29,72,13.0,0.0003156975
29,72,14.0,0.0006865121
29,73,0.0,6.9142414e-05
29,73,1.0,0.00010422972
29,73,2.0,0.00020079929
29,73,3.0,0.0004130935
29,73,4.0,0.0008067492
29,73,5.0,0.0007922089
29,73,6.0,0.0009295511
29,73,7.0,0.000807284
29,73,8.0,0.00054360327
29,73,9.0,0.00060314225
29,73,10.0,0.0007556908
29,73,11.0,0.001524497
29,73,12.0,0.0015924074
29,73,13.0,0.0011794545
29,73,14.0,0.0009246406
29,74,0.0,1.2173371e-05
29,74,1.0,9.704281e-05
29,74,2.0,0.00020641423
29,74,3.0,0.00030370167
29,74,4.0,0.00043567334
29,74,5.0,0.00048870523
29,74,6.0,0.0005444523
29,74,7.0,0.0006764021
29,74,8.0,0.00044132248
29,74,9.0,0.0003683529
29,74,10.0,0.0006008379
29,74,11.0,0.0007325491
29,74,12.0,0.000855955
29,74,13.0,0.0010633293
29,74,14.0,0.0005867102
29,75,0.0,2.9081051e-05
29,75,1.0,9.757553e-05
29,75,2.0,0.00014859709
29,75,3.0,0.0003710382
29,75,4.0,0.00069552724
29,75,5.0,0.0008466362
29,75,6.0,0.0008984673
29,75,7.0,0.0011168859
29,75,8.0,0.00070856407
29,75,9.0,0.0007012738
29,75,10.0,0.0005222588
29,75,11.0,0.0011426802
29,75,12.0,0.0009254934
29,75,13.0,0.0005549578
29,75,14.0,0.000663337
29,76,0.0,6.5258228e-06
29,76,1.0,3.1334053e-05
29,76,2.0,5.306029e-05
29,76,3.0,0.00021969179
29,76,4.0,0.00035294011
29,76,5.0,0.0006529816
29,76,6.0,0.00044693795
29,76,7.0,0.00030253528
29,76,8.0,0.00026339685
29,76,9.0,0.00025294372
29,76,10.0,0.00025026003
29,76,11.0,0.00024625447
29,76,12.0,0.00020213958
29,76,13.0,0.00017253945
29,76,14.0,0.0002714888
29,77,0.0,1.5205805e-05
29,77,1.0,4.1688098e-05
29,77,2.0,1.880207e-05
29,77,3.0,8.646906e-05
29,77,4.0,6.3858366e-05
29,77,5.0,0.00018667703
29,77,6.0,0.00032580548
29,77,7.0,0.0003475573
29,77,8.0,0.0003069755
29,77,9.0,0.00042570915
29,77,10.0,0.00024756027
29,77,11.0,0.00033139135
29,77,12.0,0.0004694718
29,77,13.0,0.00020268398
29,77,14.0,0.0001936282
29,78,0.0,1.7209794e-06
29,78,1.0,3.7034686e-05
29,78,2.0,0.00014929331
29,78,3.0,3.6942383e-05
29,78,4.0,3.533798e-06
29,78,5.0,3.6779795e-05
29,78,6.0,2.1942105e-05
29,78,7.0,2.0020885e-05
29,78,8.0,3.8118047e-05
29,78,9.0,1.5967422e-05
29,78,10.0,7.4958434e-06
29,78,11.0,8.836787e-05
29,78,12.0,4.5792294e-05
29,78,13.0,2.3884486e-05
29,78,14.0,2.6581987e-05
29,79,0.0,4.6311968e-09
29,79,1.0,3.5501262e-06
29,79,2.0,2.3301418e-06
29,79,3.0,0.0
29,79,4.0,7.184492e-06
29,79,5.0,9.779642e-06
29,79,6.0,9.632752e-06
29,79,7.0,3.4095397e-06
29,79,8.0,5.4036414e-06
29,79,9.0,2.4200875e-05
29,79,10.0,2.91828e-05
29,79,11.0,3.5582794e-05
29,79,12.0,2.4855633e-06
29,79,13.0,1.4104128e-06
29,79,14.0,1.1412297e-05
29,80,0.0,3.2963358e-11
29,80,1.0,1.1056525e-06
29,80,2.0,3.716046e-11
29,80,3.0,0.0
29,80,4.0,5.582928e-07
29,80,5.0,0.0
29,80,6.0,0.0
29,80,7.0,9.2711e-09
29,80,8.0,8.8452725e-07
29,80,9.0,0.0
29,80,10.0,0.0
29,80,11.0,0.0
29,80,12.0,0.0
29,80,13.0,7.6612885e-08
29,80,14.0,4.0326306e-08
29,81,0.0,4.4172468e-10
29,81,1.0,0.0
29,81,2.0,0.0
29,81,3.0,0.0
29,81,4.0,0.0
29,81,5.0,0.0
29,81,6.0,0.0
29,81,7.0,0.0
29,81,8.0,0.0
29,81,9.0,0.0
29,81,10.0,0.0
29,81,11.0,0.0
29,81,12.0,0.0
29,81,13.0,0.0
29,81,14.0,8.8859736e-10
29,82,0.0,0.0
29,82,1.0,3.3573906e-07
29,82,2.0,5.1627916e-07
29,82,3.0,3.834654e-13
29,82,4.0,0.0
29,82,5.0,2.024332e-09
29,82,6.0,3.8469334e-09
29,82,7.0,4.6512035e-12
29,82,8.0,0.0
29,82,9.0,0.0
29,82,10.0,3.267514e-09
29,82,11.0,3.132663e-08
29,82,12.0,1.5802952e-09
29,82,13.0,0.0
29,82,14.0,0.0
29,83,0.0,1.8223771e-08
29,83,1.0,0.0
29,83,2.0,0.0
29,83,3.0,5.8600063e-16
29,83,4.0,3.8440042e-08
29,83,5.0,0.0
29,83,6.0,0.0
29,83,7.0,0.0
29,83,8.0,0.0
29,83,9.0,0.0
29,83,10.0,0.0
29,83,11.0,0.0
29,83,12.0,0.0
29,83,13.0,0.0
29,83,14.0,0.0
29,84,0.0,0.0
29,84,1.0,0.0
29,84,2.0,0.0
29,84,3.0,0.0
29,84,4.0,3.8723034e-08
29,84,5.0,0.0
29,84,6.0,2.7009534e-07
29,84,7.0,7.6342246e-08
29,84,8.0,0.0
29,84,9.0,1.0885166e-11
29,84,10.0,1.6061449e-08
29,84,11.0,1.3229667e-08
29,84,12.0,0.0
29,84,13.0,0.0
29,84,14.0,0.0
30,66,0.0,1.3995821e-11
30,66,1.0,8.760462e-08
30,66,2.0,0.0
30,66,3.0,0.0
30,66,4.0,1.010397e-06
30,66,5.0,3.160891e-06
30,66,6.0,8.368027e-08
30,66,7.0,3.418684e-07
30,66,8.0,3.5209883e-08
30,66,9.0,1.2408315e-09
30,66,10.0,4.0059575e-08
30,66,11.0,1.1253643e-06
30,66,12.0,3.4519827e-09
30,66,13.0,2.675692e-07
30,66,14.0,0.0
30,67,0.0,0.0
30,67,1.0,0.0
30,67,2.0,0.0
30,67,3.0,0.0
30,67,4.0,0.0
30,67,5.0,0.0
30,67,6.0,0.0
30,67,7.0,0.0
30,67,8.0,0.0
30,67,9.0,0.0
30,67,10.0,0.0
30,67,11.0,4.3077124e-09
30,67,12.0,0.0
30,67,13.0,0.0
30,67,14.0,0.0
30,68,0.0,0.0
30,68,1.0,0.0
30,68,2.0,0.0
30,68,3.0,4.3219913e-08
30,68,4.0,1.9571698e-07
30,68,5.0,1.0711679e-09
30,68,6.0,0.0
30,68,7.0,0.0
30,68,8.0,0.0
30,68,9.0,0.0
30,68,10.0,0.0
30,68,11.0,0.0
30,68,12.0,0.0
30,68,13.0,0.0
30,68,14.0,0.0
30,69,0.0,1.8576911e-10
30,69,1.0,2.065969e-12
30,69,2.0,0.0
30,69,3.0,0.0
30,69,4.0,1.042827e-08
30,69,5.0,0.0
30,69,6.0,1.8679382e-06
30,69,7.0,3.3120907e-06
30,69,8.0,2.6729613e-06
30,69,9.0,1.4897377e-06
30,69,10.0,8.8873406e-08
30,69,11.0,6.2610715e-12
30,69,12.0,3.332403e-07
30,69,13.0,1.269921e-06
30,69,14.0,5.2149267e-07
30,70,0.0,6.128902e-10
30,70,1.0,0.0
30,70,2.0,0.0
30,70,3.0,2.005819e-07
30,70,4.0,0.0
30,70,5.0,0.0
30,70,6.0,2.0619143e-07
30,70,7.0,5.07051e-07
30,70,8.0,6.4366213e-07
30,70,9.0,7.7627055e-07
30,70,10.0,9.649218e-07
30,70,11.0,1.7089485e-07
30,70,12.0,4.636514e-06
30,70,13.0,5.8891355e-06
30,70,14.0,9.347541e-06
30,71,0.0,0.0
30,71,1.0,5.9337562e-08
30,71,2.0,0.0
30,71,3.0,2.6916706e-07
30,71,4.0,8.2682703e-07
30,71,5.0,4.907075e-07
30,71,6.0,7.539308e-07
30,71,7.0,4.4415393e-07
30,71,8.0,1.1505656e-07
30,71,9.0,8.2327967e-10
30,71,10.0,0.0
30,71,11.0,3.9002817e-08
30,71,12.0,5.852292e-05
30,71,13.0,1.3857951e-08
30,71,14.0,5.610641e-07
30,72,0.0,1.9160656e-05
30,72,1.0,5.146129e-06
30,72,2.0,8.535804e-05
30,72,3.0,0.00021446071
30,72,4.0,0.00018992671
30,72,5.0,0.00027134983
30,72,6.0,0.0006592168
30,72,7.0,0.00056170224
30,72,8.0,0.00027142136
30,72,9.0,0.00047616177
30,72,10.0,0.00049108797
30,72,11.0,0.0004774112
30,72,12.0,0.00028335562
30,72,13.0,0.00019368186
30,72,14.0,0.0001308249
30,73,0.0,1.36569515e-05
30,73,1.0,1.9794226e-05
30,73,2.0,1.9803165e-05
30,73,3.0,7.446154e-05
30,73,4.0,0.00011704979
30,73,5.0,0.0001763718
30,73,6.0,0.00026370736
30,73,7.0,0.00036103968
30,73,8.0,0.00049521506
30,73,9.0,0.00051104405
30,73,10.0,0.00050899875
30,73,11.0,0.00028804745
30,73,12.0,0.00039575002
30,73,13.0,0.00055851485
30,73,14.0,0.00047958986
30,74,0.0,4.837748e-05
30,74,1.0,0.000119065466
30,74,2.0,0.00058321486
30,74,3.0,0.0014371065
30,74,4.0,0.002666079
30,74,5.0,0.0030015362
30,74,6.0,0.0027332804
30,74,7.0,0.002324906
30,74,8.0,0.0027410602
30,74,9.0,0.002475907
30,74,10.0,0.0022968121
30,74,11.0,0.002276823
30,74,12.0,0.002970579
30,74,13.0,0.002515307
30,74,14.0,0.0017572416
30,75,0.0,0.00014188312
30,75,1.0,0.0006727174
30,75,2.0,0.0011701309
30,75,3.0,0.0031130337
30,75,4.0,0.0047217286
30,75,5.0,0.004738208
30,75,6.0,0.0050181495
30,75,7.0,0.0042611654
30,75,8.0,0.0033847133
30,75,9.0,0.003206846
30,75,10.0,0.004234077
30,75,11.0,0.00665336
30,75,12.0,0.0039793556
30,75,13.0,0.003948093
30,75,14.0,0.0028217854
30,76,0.0,0.0003817406
30,76,1.0,0.0016815837
30,76,2.0,0.0014400929
30,76,3.0,0.0030913411
30,76,4.0,0.006201779
30,76,5.0,0.0063339737
30,76,6.0,0.007576153
30,76,7.0,0.007147736
30,76,8.0,0.0057659172
30,76,9.0,0.005399991
30,76,10.0,0.0050072446
30,76,11.0,0.0065177777
30,76,12.0,0.006451642
30,76,13.0,0.0033774995
30,76,14.0,0.0032809172
30,77,0.0,0.00023939388
30,77,1.0,0.0013792667
30,77,2.0,0.0034241867
30,77,3.0,0.00535509
30,77,4.0,0.007248754
30,77,5.0,0.0077484036
30,77,6.0,0.009747673
30,77,7.0,0.008038538
30,77,8.0,0.007006032
30,77,9.0,0.006551053
30,77,10.0,0.006671698
30,77,11.0,0.006710388
30,77,12.0,0.006963918
30,77,13.0,0.00578316
30,77,14.0,0.004317369
30,78,0.0,0.00052354886
30,78,1.0,0.003998147
30,78,2.0,0.0069336584
30,78,3.0,0.0077740434
30,78,4.0,0.0085473275
30,78,5.0,0.0087411525
30,78,6.0,0.009928616
30,78,7.0,0.010309113
30,78,8.0,0.010097336
30,78,9.0,0.009111084
30,78,10.0,0.007813937
30,78,11.0,0.0068500387
30,78,12.0,0.0034449224
30,78,13.0,0.004601312
30,78,14.0,0.0038071752
30,79,0.0,0.00046365627
30,79,1.0,0.0010154151
30,79,2.0,0.0024563272
30,79,3.0,0.003097746
30,79,4.0,0.0026767894
30,79,5.0,0.0031901554
30,79,6.0,0.0026447782
30,79,7.0,0.0026421947
30,79,8.0,0.002574642
30,79,9.0,0.002428533
30,79,10.0,0.0021568772
30,79,11.0,0.0018642996
30,79,12.0,0.0013808691
30,79,13.0,0.001411584
30,79,14.0,0.0009313138
30,80,0.0,2.2999433e-05
30,80,1.0,0.0002525432
30,80,2.0,0.0011620892
30,80,3.0,0.00091292703
30,80,4.0,0.0010165474
30,80,5.0,0.0010747917
30,80,6.0,0.0011433492
30,80,7.0,0.0011612145
30,80,8.0,0.0010149438
30,80,9.0,0.0007979747
30,80,10.0,0.00085275044
30,80,11.0,0.0007331918
30,80,12.0,0.0005420872
30,80,13.0,0.00065257034
30,80,14.0,0.0010675426
30,81,0.0,5.937412e-07
30,81,1.0,1.1390243e-06
30,81,2.0,2.0040121e-05
30,81,3.0,1.3140406e-05
30,81,4.0,7.77589e-05
30,81,5.0,5.4744374e-05
30,81,6.0,6.2969106e-05
30,81,7.0,5.8393845e-05
30,81,8.0,5.3575855e-05
30,81,9.0,6.0195274e-05
30,81,10.0,6.43305e-05
30,81,11.0,6.711921e-05
30,81,12.0,0.000117323776
30,81,13.0,0.00014755035
30,81,14.0,7.506472e-05
30,82,0.0,1.0356284e-06
30,82,1.0,3.5575565e-06
30,82,2.0,2.0063035e-06
30,82,3.0,1.3085881e-07
30,82,4.0,1.0694715e-07
30,82,5.0,2.309428e-06
30,82,6.0,4.786475e-07
30,82,7.0,9.99409e-08
30,82,8.0,6.6468317e-07
30,82,9.0,1.0082967e-06
30,82,10.0,6.7612956e-07
30,82,11.0,7.8492155e-07
30,82,12.0,1.7447861e-07
30,82,13.0,2.7668693e-06
30,82,14.0,6.6226727e-07
30,83,0.0,0.0
30,83,1.0,1.2446695e-07
30,83,2.0,2.068682e-07
30,83,3.0,3.4650267e-07
30,83,4.0,1.25321185e-08
30,83,5.0,0.0
30,83,6.0,0.0
30,83,7.0,1.7548977e-08
30,83,8.0,2.4321199e-07
30,83,9.0,3.1531928e-07
30,83,10.0,0.0
30,83,11.0,0.0
30,83,12.0,0.0
30,83,13.0,3.0801405e-07
30,83,14.0,3.9457183e-07
30,84,0.0,5.085864e-07
30,84,1.0,3.66456e-07
30,84,2.0,1.6720742e-06
30,84,3.0,1.6439868e-06
30,84,4.0,7.647854e-07
30,84,5.0,6.9910556e-07
30,84,6.0,3.473201e-07
30,84,7.0,6.208186e-07
30,84,8.0,1.3237211e-06
30,84,9.0,1.6269184e-06
30,84,10.0,1.1181594e-06
30,84,11.0,1.963433e-07
30,84,12.0,1.449096e-07
30,84,13.0,8.971786e-08
30,84,14.0,4.1248033e-08
30,85,0.0,9.666467e-12
30,85,1.0,0.0
30,85,2.0,0.0
30,85,3.0,5.45179e-10
30,85,4.0,1.5631914e-08
30,85,5.0,3.147515e-09
30,85,6.0,0.0
30,85,7.0,0.0
30,85,8.0,0.0
30,85,9.0,0.0
30,85,10.0,9.584506e-14
30,85,11.0,2.0290715e-07
30,85,12.0,3.3573906e-07
30,85,13.0,9.5315437e-07
30,85,14.0,3.128593e-06
30,86,0.0,0.0
30,86,1.0,0.0
30,86,2.0,0.0
30,86,3.0,8.4841014e-07
30,86,4.0,5.540284e-07
30,86,5.0,1.7600135e-08
30,86,6.0,1.3464462e-07
30,86,7.0,1.9262511e-07
30,86,8.0,1.2344944e-07
30,86,9.0,5.957505e-08
30,86,10.0,2.1917705e-08
30,86,11.0,3.103116e-09
30,86,12.0,0.0
30,86,13.0,4.8350285e-10
30,86,14.0,3.8707814e-08
31,67,0.0,1.2723754e-08
31,67,1.0,1.8399734e-06
31,67,2.0,2.9993255e-06
31,67,3.0,1.0582546e-06
31,67,4.0,9.775584e-06
31,67,5.0,5.4768475e-06
31,67,6.0,2.8728242e-05
31,67,7.0,4.0920015e-05
31,67,8.0,3.0688705e-05
31,67,9.0,4.4954337e-05
31,67,10.0,4.7623585e-06
31,67,11.0,2.1351978e-07
31,67,12.0,1.7257626e-06
31,67,13.0,1.0976044e-07
31,67,14.0,4.5426605e-09
31,68,0.0,2.4987244e-08
31,68,1.0,5.913972e-07
31,68,2.0,8.670509e-06
31,68,3.0,3.4776058e-06
31,68,4.0,4.3210107e-06
31,68,5.0,1.3824064e-05
31,68,6.0,2.7433377e-06
31,68,7.0,1.7839538e-05
31,68,8.0,1.7977758e-05
31,68,9.0,2.5155176e-05
31,68,10.0,1.183732e-05
31,68,11.0,2.2332415e-06
31,68,12.0,1.4943366e-05
31,68,13.0,1.9802435e-05
31,68,14.0,2.5797951e-06
31,69,0.0,5.9452677e-06
31,69,1.0,1.5774615e-06
31,69,2.0,3.0010126e-05
31,69,3.0,6.908634e-06
31,69,4.0,2.265234e-05
31,69,5.0,2.9503728e-05
31,69,6.0,7.228716e-06
31,69,7.0,5.868295e-06
31,69,8.0,2.3659377e-05
31,69,9.0,8.246549e-06
31,69,10.0,1.0906263e-06
31,69,11.0,6.9879498e-09
31,69,12.0,1.3866422e-08
31,69,13.0,4.190536e-07
31,69,14.0,2.841128e-07
31,70,0.0,2.1931112e-06
31,70,1.0,6.770755e-07
31,70,2.0,5.7340935e-06
31,70,3.0,1.0312146e-05
31,70,4.0,2.0433527e-06
31,70,5.0,7.070451e-07
31,70,6.0,2.7472902e-06
31,70,7.0,2.495437e-06
31,70,8.0,1.1878736e-05
31,70,9.0,2.0535268e-05
31,70,10.0,1.5542386e-05
31,70,11.0,7.742088e-06
31,70,12.0,7.653434e-06
31,70,13.0,8.565159e-06
31,70,14.0,9.294391e-09
31,71,0.0,1.0625671e-06
31,71,1.0,8.946489e-05
31,71,2.0,6.8368956e-07
31,71,3.0,9.93941e-06
31,71,4.0,9.354245e-06
31,71,5.0,1.8625931e-06
31,71,6.0,5.459956e-06
31,71,7.0,1.4453886e-05
31,71,8.0,4.4541164e-05
31,71,9.0,5.5862874e-05
31,71,10.0,1.2746084e-05
31,71,11.0,1.038143e-05
31,71,12.0,2.1153914e-05
31,71,13.0,1.6921891e-05
31,71,14.0,2.2685747e-06
31,72,0.0,1.0704026e-06
31,72,1.0,4.9019916e-05
31,72,2.0,2.1944102e-09
31,72,3.0,0.0
31,72,4.0,4.83541e-07
31,72,5.0,1.0900617e-05
31,72,6.0,1.0423045e-06
31,72,7.0,0.0
31,72,8.0,1.3359812e-06
31,72,9.0,1.3151434e-06
31,72,10.0,1.558778e-08
31,72,11.0,9.434805e-09
31,72,12.0,3.2019605e-07
31,72,13.0,9.18151e-06
31,72,14.0,2.24943e-05
31,73,0.0,4.919658e-06
31,73,1.0,3.9071238e-05
31,73,2.0,8.083816e-06
31,73,3.0,1.1574125e-06
31,73,4.0,6.897314e-05
31,73,5.0,5.490052e-05
31,73,6.0,2.4409168e-05
31,73,7.0,5.415631e-05
31,73,8.0,1.6477747e-05
31,73,9.0,2.2498294e-05
31,73,10.0,3.851192e-05
31,73,11.0,5.081693e-05
31,73,12.0,7.021471e-05
31,73,13.0,0.00018123252
31,73,14.0,7.5712436e-05
31,74,0.0,1.815203e-05
31,74,1.0,6.3309417e-06
31,74,2.0,3.1145273e-08
31,74,3.0,2.47252e-05
31,74,4.0,2.2273418e-05
31,74,5.0,4.7598915e-05
31,74,6.0,0.00012864977
31,74,7.0,0.0001272445
31,74,8.0,3.0515612e-05
31,74,9.0,3.473802e-05
31,74,10.0,0.00018891219
31,74,11.0,0.00020325987
31,74,12.0,0.00034159562
31,74,13.0,0.00029553176
31,74,14.0,8.2326755e-05
31,75,0.0,4.475654e-05
31,75,1.0,0.00022891739
31,75,2.0,0.00030741666
31,75,3.0,0.0003928056
31,75,4.0,0.0005203223
31,75,5.0,0.00094992586
31,75,6.0,0.0008127948
31,75,7.0,0.0005074957
31,75,8.0,0.00079535367
31,75,9.0,0.0008127993
31,75,10.0,0.00076111645
31,75,11.0,0.0010262703
31,75,12.0,0.0020405753
31,75,13.0,0.0011695498
31,75,14.0,0.000933494
31,76,0.0,0.000107311986
31,76,1.0,0.0006494811
31,76,2.0,0.0007358365
31,76,3.0,0.00127
31,76,4.0,0.0043115076
31,76,5.0,0.003708692
31,76,6.0,0.003397422
31,76,7.0,0.0034361037
31,76,8.0,0.0025517726
31,76,9.0,0.0024291128
31,76,10.0,0.0033372033
31,76,11.0,0.0034991007
31,76,12.0,0.0043412033
31,76,13.0,0.0029435167
31,76,14.0,0.0030940867
31,77,0.0,0.00073122105
31,77,1.0,0.001293942
31,77,2.0,0.005085333
31,77,3.0,0.0053090192
31,77,4.0,0.0061848536
31,77,5.0,0.007736576
31,77,6.0,0.008501862
31,77,7.0,0.00948426
31,77,8.0,0.008361516
31,77,9.0,0.008166336
31,77,10.0,0.00938041
31,77,11.0,0.0077382303
31,77,12.0,0.009987993
31,77,13.0,0.008378416
31,77,14.0,0.006696785
31,78,0.0,0.0010213937
31,78,1.0,0.0032695285
31,78,2.0,0.0071060336
31,78,3.0,0.010857083
31,78,4.0,0.012751174
31,78,5.0,0.014159811
31,78,6.0,0.014787216
31,78,7.0,0.012644094
31,78,8.0,0.0104445005
31,78,9.0,0.010080544
31,78,10.0,0.011782498
31,78,11.0,0.013407202
31,78,12.0,0.013129737
31,78,13.0,0.011816086
31,78,14.0,0.012738706
31,79,0.0,0.0024618348
31,79,1.0,0.00815661
31,79,2.0,0.011061503
31,79,3.0,0.015800588
31,79,4.0,0.019161774
31,79,5.0,0.021951158
31,79,6.0,0.025347631
31,79,7.0,0.021991106
31,79,8.0,0.018358618
31,79,9.0,0.017691746
31,79,10.0,0.019952016
31,79,11.0,0.021452246
31,79,12.0,0.020505132
31,79,13.0,0.019035295
31,79,14.0,0.016034165
31,80,0.0,0.00259969
31,80,1.0,0.0050246185
31,80,2.0,0.008954955
31,80,3.0,0.011793706
31,80,4.0,0.015187115
31,80,5.0,0.018000958
31,80,6.0,0.016592747
31,80,7.0,0.012166444
31,80,8.0,0.010775862
31,80,9.0,0.010470154
31,80,10.0,0.010815355
31,80,11.0,0.011911501
31,80,12.0,0.011768711
31,80,13.0,0.009775735
31,80,14.0,0.010197751
31,81,0.0,0.0009595185
31,81,1.0,0.0025978095
31,81,2.0,0.004752715
31,81,3.0,0.004291878
31,81,4.0,0.004874072
31,81,5.0,0.006231755
31,81,6.0,0.006645893
31,81,7.0,0.0071148807
31,81,8.0,0.0048636575
31,81,9.0,0.0045262487
31,81,10.0,0.004859461
31,81,11.0,0.0062176636
31,81,12.0,0.0068744402
31,81,13.0,0.0043450077
31,81,14.0,0.0039740396
31,82,0.0,0.00056900096
31,82,1.0,7.004674e-05
31,82,2.0,0.00045445698
31,82,3.0,0.00042100475
31,82,4.0,0.00024188717
31,82,5.0,0.00050497433
31,82,6.0,0.00045304792
31,82,7.0,0.0006863883
31,82,8.0,0.00047726365
31,82,9.0,0.0005712966
31,82,10.0,0.0006274091
31,82,11.0,0.0009055212
31,82,12.0,0.00091220374
31,82,13.0,0.0009989833
31,82,14.0,0.0011670016
31,83,0.0,6.93525e-05
31,83,1.0,2.933451e-05
31,83,2.0,1.1789868e-05
31,83,3.0,4.8299007e-05
31,83,4.0,2.4852243e-06
31,83,5.0,1.3471898e-05
31,83,6.0,4.2480202e-05
31,83,7.0,7.5759526e-05
31,83,8.0,4.2901287e-05
31,83,9.0,5.30803e-05
31,83,10.0,0.0001648491
31,83,11.0,0.00030423162
31,83,12.0,0.00050425605
31,83,13.0,0.0004571719
31,83,14.0,0.00028024957
31,84,0.0,1.061076e-07
31,84,1.0,5.7427537e-06
31,84,2.0,0.0
31,84,3.0,1.1808156e-05
31,84,4.0,7.8520134e-05
31,84,5.0,4.14976e-05
31,84,6.0,6.537012e-05
31,84,7.0,2.9524168e-05
31,84,8.0,4.0603195e-06
31,84,9.0,3.3221227e-06
31,84,10.0,7.3583185e-05
31,84,11.0,1.1741902e-05
31,84,12.0,3.1874915e-06
31,84,13.0,3.425272e-06
31,84,14.0,1.9238305e-05
31,85,0.0,0.0
31,85,1.0,2.4797314e-06
31,85,2.0,1.0823318e-07
31,85,3.0,0.0
31,85,4.0,2.5444756e-06
31,85,5.0,4.8603322e-08
31,85,6.0,6.403851e-07
31,85,7.0,6.365831e-06
31,85,8.0,1.3066616e-05
31,85,9.0,1.4490997e-05
31,85,10.0,8.215559e-06
31,85,11.0,8.9320804e-07
31,85,12.0,4.361996e-06
31,85,13.0,6.1778746e-06
31,85,14.0,5.392945e-06
31,86,0.0,3.2606947e-06
31,86,1.0,9.7590174e-08
31,86,2.0,3.0860137e-10
31,86,3.0,7.811268e-07
31,86,4.0,0.0
31,86,5.0,4.896335e-09
31,86,6.0,0.0
31,86,7.0,0.0
31,86,8.0,5.601943e-08
31,86,9.0,6.048617e-08
31,86,10.0,0.0
31,86,11.0,0.0
31,86,12.0,6.4555284e-06
31,86,13.0,8.347977e-06
31,86,14.0,5.101396e-10
31,87,0.0,7.516369e-08
31,87,1.0,3.6938043e-11
31,87,2.0,0.0
31,87,3.0,1.38892e-07
31,87,4.0,0.0
31,87,5.0,6.600605e-06
31,87,6.0,7.380382e-08
31,87,7.0,0.0
31,87,8.0,0.0
31,87,9.0,0.0
31,87,10.0,1.8537992e-08
31,87,11.0,8.7148475e-09
31,87,12.0,1.5586167e-08
31,87,13.0,8.263823e-11
31,87,14.0,0.0
31,88,0.0,0.0
31,88,1.0,5.307127e-07
31,88,2.0,2.965875e-05
31,88,3.0,1.592361e-07
31,88,4.0,0.0
31,88,5.0,0.0
31,88,6.0,2.2795228e-05
31,88,7.0,5.520267e-09
31,88,8.0,0.0
31,88,9.0,1.0663019e-12
31,88,10.0,3.3079899e-09
31,88,11.0,1.9788672e-07
31,88,12.0,5.6142125e-07
31,88,13.0,3.6323462e-07
31,88,14.0,3.1246108e-07
31,89,0.0,3.86486e-08
31,89,1.0,5.7142446e-10
31,89,2.0,0.0
31,89,3.0,4.4864358e-08
31,89,4.0,1.8881057e-07
31,89,5.0,5.1912075e-09
31,89,6.0,1.3725843e-06
31,89,7.0,0.0
31,89,8.0,0.0
31,89,9.0,0.0
31,89,10.0,4.5017394e-08
31,89,11.0,3.46313e-07
31,89,12.0,1.9133161e-07
31,89,13.0,1.3994786e-07
31,89,14.0,1.1261275e-08
32,69,0.0,2.426351e-07
32,69,1.0,4.499418e-10
32,69,2.0,0.0
32,69,3.0,4.5954582e-07
32,69,4.0,2.3144025e-07
32,69,5.0,0.0
32,69,6.0,4.817517e-07
32,69,7.0,2.602807e-07
32,69,8.0,2.7931847e-07
32,69,9.0,3.256861e-07
32,69,10.0,3.7675406e-07
32,69,11.0,1.8660086e-07
32,69,12.0,1.3226136e-07
32,69,13.0,7.67886e-08
32,69,14.0,5.5465886e-08
32,70,0.0,1.093204e-08
32,70,1.0,1.6674219e-06
32,70,2.0,7.100013e-08
32,70,3.0,2.274696e-06
32,70,4.0,1.1173239e-06
32,70,5.0,9.4301214e-07
32,70,6.0,1.6249153e-06
32,70,7.0,2.5667766e-06
32,70,8.0,1.4003523e-05
32,70,9.0,1.3547516e-05
32,70,10.0,7.107939e-06
32,70,11.0,5.3706634e-07
32,70,12.0,2.242094e-06
32,70,13.0,2.80083e-07
32,70,14.0,9.67102e-07
32,71,0.0,0.0
32,71,1.0,0.0
32,71,2.0,0.0
32,71,3.0,0.0
32,71,4.0,0.0
32,71,5.0,1.6120386e-09
32,71,6.0,1.2739821e-09
32,71,7.0,0.0
32,71,8.0,0.0
32,71,9.0,0.0
32,71,10.0,1.2795668e-07
32,71,11.0,1.8625009e-07
32,71,12.0,1.594107e-07
32,71,13.0,7.876863e-08
32,71,14.0,2.7434638e-08
32,72,0.0,9.485845e-07
32,72,1.0,6.782438e-06
32,72,2.0,0.0
32,72,3.0,6.8495766e-08
32,72,4.0,4.443649e-06
32,72,5.0,3.243035e-08
32,72,6.0,0.0
32,72,7.0,0.0
32,72,8.0,0.0
32,72,9.0,0.0
32,72,10.0,0.0
32,72,11.0,0.0
32,72,12.0,0.0
32,72,13.0,0.0
32,72,14.0,2.552544e-06
32,73,0.0,4.4570064e-07
32,73,1.0,1.3788856e-06
32,73,2.0,1.609407e-06
32,73,3.0,5.463101e-07
32,73,4.0,1.6696886e-07
32,73,5.0,1.7227421e-08
32,73,6.0,4.1517502e-08
32,73,7.0,1.2349609e-08
32,73,8.0,1.2729567e-08
32,73,9.0,1.489663e-08
32,73,10.0,1.9595383e-08
32,73,11.0,4.837125e-09
32,73,12.0,6.579613e-09
32,73,13.0,4.2041782e-07
32,73,14.0,5.1590796e-08
32,74,0.0,2.232618e-06
32,74,1.0,3.2413357e-06
32,74,2.0,2.0693951e-06
32,74,3.0,5.115276e-06
32,74,4.0,8.216907e-10
32,74,5.0,0.0
32,74,6.0,0.0
32,74,7.0,0.0
32,74,8.0,0.0
32,74,9.0,0.0
32,74,10.0,0.0
32,74,11.0,0.0
32,74,12.0,0.0
32,74,13.0,0.0
32,74,14.0,1.3147849e-06
32,75,0.0,2.6407417e-08
32,75,1.0,4.534637e-08
32,75,2.0,3.8296363e-07
32,75,3.0,2.4040268e-05
32,75,4.0,2.0981646e-05
32,75,5.0,7.883217e-05
32,75,6.0,8.335861e-05
32,75,7.0,5.2677544e-05
32,75,8.0,3.8316746e-05
32,75,9.0,3.3705608e-05
32,75,10.0,4.8847134e-05
32,75,11.0,8.536967e-05
32,75,12.0,0.00012405365
32,75,13.0,0.00011892585
32,75,14.0,0.00012370874
32,76,0.0,2.374248e-06
32,76,1.0,1.3489299e-06
32,76,2.0,2.4196625e-05
32,76,3.0,5.0385148e-05
32,76,4.0,4.5565957e-05
32,76,5.0,5.0112034e-05
32,76,6.0,2.6455016e-05
32,76,7.0,7.4973022e-06
32,76,8.0,6.9491016e-06
32,76,9.0,1.0371486e-05
32,76,10.0,2.2288894e-05
32,76,11.0,5.0734183e-05
32,76,12.0,0.00012052004
32,76,13.0,0.00024959692
32,76,14.0,0.00020610742
32,77,0.0,0.00012911957
32,77,1.0,0.0001829241
32,77,2.0,0.00032801708
32,77,3.0,0.0006956193
32,77,4.0,0.0011522451
32,77,5.0,0.0010637019
32,77,6.0,0.00089626346
32,77,7.0,0.0008085424
32,77,8.0,0.00086455775
32,77,9.0,0.0007895832
32,77,10.0,0.0008927326
32,77,11.0,0.00082119985
32,77,12.0,0.0012966631
32,77,13.0,0.0014595491
32,77,14.0,0.0013610636
32,78,0.0,0.00040108696
32,78,1.0,0.0008111608
32,78,2.0,0.0013838388
32,78,3.0,0.0019833092
32,78,4.0,0.0026142937
32,78,5.0,0.0030450649
32,78,6.0,0.0030815413
32,78,7.0,0.0027935526
32,78,8.0,0.002263125
32,78,9.0,0.0028690547
32,78,10.0,0.0038120307
32,78,11.0,0.0051086247
32,78,12.0,0.0041843005
32,78,13.0,0.0045262896
32,78,14.0,0.0052466374
32,79,0.0,0.002284139
32,79,1.0,0.0045885253
32,79,2.0,0.0060434933
32,79,3.0,0.010351633
32,79,4.0,0.008419525
32,79,5.0,0.010848095
32,79,6.0,0.010574407
32,79,7.0,0.00884751
32,79,8.0,0.008504423
32,79,9.0,0.00884914
32,79,10.0,0.010279748
32,79,11.0,0.010640316
32,79,12.0,0.0093174605
32,79,13.0,0.011219476
32,79,14.0,0.01175228
32,80,0.0,0.009617069
32,80,1.0,0.013398759
32,80,2.0,0.018210905
32,80,3.0,0.025705826
32,80,4.0,0.028172325
32,80,5.0,0.035670593
32,80,6.0,0.031639427
32,80,7.0,0.02947444
32,80,8.0,0.02834365
32,80,9.0,0.028064676
32,80,10.0,0.02857967
32,80,11.0,0.029985726
32,80,12.0,0.029422995
32,80,13.0,0.026662268
32,80,14.0,0.024173846
32,81,0.0,0.020714674
32,81,1.0,0.026503522
32,81,2.0,0.02877157
32,81,3.0,0.04330823
32,81,4.0,0.044012602
32,81,5.0,0.049101356
32,81,6.0,0.048920594
32,81,7.0,0.04389872
32,81,8.0,0.039889317
32,81,9.0,0.037041355
32,81,10.0,0.03907488
32,81,11.0,0.042012736
32,81,12.0,0.04105202
32,81,13.0,0.037757587
32,81,14.0,0.035153463
32,82,0.0,0.021744039
32,82,1.0,0.022188809
32,82,2.0,0.0326359
32,82,3.0,0.03366144
32,82,4.0,0.04289888
32,82,5.0,0.047242627
32,82,6.0,0.042171486
32,82,7.0,0.035733562
32,82,8.0,0.030758653
32,82,9.0,0.028058993
32,82,10.0,0.027601749
32,82,11.0,0.031340774
32,82,12.0,0.026015928
32,82,13.0,0.024358137
32,82,14.0,0.024036389
32,83,0.0,0.0070176553
32,83,1.0,0.0074521364
32,83,2.0,0.0077735544
32,83,3.0,0.009085698
32,83,4.0,0.008479412
32,83,5.0,0.011350968
32,83,6.0,0.011576282
32,83,7.0,0.01219349
32,83,8.0,0.009181084
32,83,9.0,0.008742239
32,83,10.0,0.009046754
32,83,11.0,0.009065383
32,83,12.0,0.009151354
32,83,13.0,0.0068673715
32,83,14.0,0.008239692
32,84,0.0,0.0023157562
32,84,1.0,0.0026559595
32,84,2.0,0.0027571488
32,84,3.0,0.0034562156
32,84,4.0,0.0066198534
32,84,5.0,0.006477226
32,84,6.0,0.0053215986
32,84,7.0,0.0033544705
32,84,8.0,0.0043127867
32,84,9.0,0.0034926469
32,84,10.0,0.004214251
32,84,11.0,0.0032797602
32,84,12.0,0.003995944
32,84,13.0,0.0041551376
32,84,14.0,0.004293569
32,85,0.0,0.0003288731
32,85,1.0,0.0003844973
32,85,2.0,0.00014163268
32,85,3.0,0.0001301175
32,85,4.0,0.00042663715
32,85,5.0,0.00031219394
32,85,6.0,0.0003687485
32,85,7.0,0.00047716222
32,85,8.0,0.00066275714
32,85,9.0,0.000792097
32,85,10.0,0.00068693113
32,85,11.0,0.00065001275
32,85,12.0,0.0006853375
32,85,13.0,0.0010337105
32,85,14.0,0.0008276468
32,86,0.0,2.3975817e-05
32,86,1.0,7.2733405e-06
32,86,2.0,1.5780204e-05
32,86,3.0,3.6818517e-05
32,86,4.0,0.00011048301
32,86,5.0,5.4168297e-05
32,86,6.0,9.424425e-05
32,86,7.0,0.00013939069
32,86,8.0,0.000170323
32,86,9.0,0.00014416622
32,86,10.0,8.1451115e-05
32,86,11.0,3.8897088e-05
32,86,12.0,1.1103598e-05
32,86,13.0,1.7552404e-05
32,86,14.0,7.879035e-05
32,87,0.0,1.8050027e-06
32,87,1.0,2.473194e-06
32,87,2.0,5.40231e-06
32,87,3.0,1.0304124e-05
32,87,4.0,1.8143735e-06
32,87,5.0,8.9510195e-07
32,87,6.0,2.1578494e-07
32,87,7.0,1.0307175e-06
32,87,8.0,2.8031816e-06
32,87,9.0,3.7890836e-06
32,87,10.0,4.8365227e-06
32,87,11.0,8.605183e-06
32,87,12.0,1.0675652e-05
32,87,13.0,1.818948e-05
32,87,14.0,1.3434242e-05
32,88,0.0,4.366082e-09
32,88,1.0,6.2730817e-07
32,88,2.0,4.5246796e-07
32,88,3.0,1.3769546e-06
32,88,4.0,2.0079895e-06
32,88,5.0,1.9464953e-06
32,88,6.0,1.6438128e-06
32,88,7.0,1.2227841e-06
32,88,8.0,4.101415e-07
32,88,9.0,1.3156604e-07
32,88,10.0,1.2748893e-07
32,88,11.0,7.15749e-09
32,88,12.0,1.7267054e-10
32,88,13.0,4.2627516e-12
32,88,14.0,0.0
32,89,0.0,0.0
32,89,1.0,0.0
32,89,2.0,0.0
32,89,3.0,1.1641495e-15
32,89,4.0,0.0
32,89,5.0,0.0
32,89,6.0,0.0
32,89,7.0,6.043739e-11
32,89,8.0,0.0
32,89,9.0,5.474325e-07
32,89,10.0,1.746691e-06
32,89,11.0,1.483409e-06
32,89,12.0,7.7720745e-07
32,89,13.0,6.43801e-07
32,89,14.0,1.2035986e-06
32,90,0.0,1.0638199e-05
32,90,1.0,7.7716e-09
32,90,2.0,1.2262574e-05
32,90,3.0,4.4180027e-07
32,90,4.0,9.624965e-07
32,90,5.0,1.4100642e-06
32,90,6.0,1.1534207e-06
32,90,7.0,4.9423e-06
32,90,8.0,7.3957053e-06
32,90,9.0,3.6502643e-06
32,90,10.0,6.332946e-08
32,90,11.0,0.0
32,90,12.0,0.0
32,90,13.0,0.0
32,90,14.0,2.1973183e-09
32,91,0.0,1.882895e-08
32,91,1.0,0.0
32,91,2.0,4.208902e-10
32,91,3.0,7.674414e-08
32,91,4.0,0.0
32,91,5.0,1.741556e-09
32,91,6.0,2.7013691e-09
32,91,7.0,0.0
32,91,8.0,0.0
32,91,9.0,0.0
32,91,10.0,5.1216126e-10
32,91,11.0,0.0
32,91,12.0,8.9055234e-08
32,91,13.0,2.493077e-07
32,91,14.0,5.227733e-07
33,72,0.0,0.0
33,72,1.0,5.849918e-06
33,72,2.0,0.0
33,72,3.0,1.2918291e-06
33,72,4.0,8.4311057e-07
33,72,5.0,1.5635359e-06
33,72,6.0,1.8802484e-05
33,72,7.0,3.7849188e-06
33,72,8.0,8.599083e-06
33,72,9.0,1.2371093e-05
33,72,10.0,6.3292787e-06
33,72,11.0,1.6511946e-07
33,72,12.0,6.640566e-07
33,72,13.0,6.257834e-07
33,72,14.0,4.7019103e-08
33,73,0.0,0.0
33,73,1.0,2.585143e-06
33,73,2.0,8.114336e-06
33,73,3.0,1.05490035e-05
33,73,4.0,4.005035e-05
33,73,5.0,4.6536034e-06
33,73,6.0,2.6423054e-06
33,73,7.0,2.4387089e-05
33,73,8.0,1.33496305e-05
33,73,9.0,3.709091e-06
33,73,10.0,5.0216577e-06
33,73,11.0,2.3624623e-06
33,73,12.0,3.6690794e-06
33,73,13.0,3.7163584e-06
33,73,14.0,2.576215e-07
33,74,0.0,0.0
33,74,1.0,1.669089e-05
33,74,2.0,1.2084292e-05
33,74,3.0,3.9257784e-06
33,74,4.0,4.230423e-05
33,74,5.0,2.8504046e-06
33,74,6.0,2.9767411e-06
33,74,7.0,6.92577e-06
33,74,8.0,3.768802e-05
33,74,9.0,3.0345225e-05
33,74,10.0,2.324536e-06
33,74,11.0,7.405668e-09
33,74,12.0,2.4830178e-09
33,74,13.0,0.0
33,74,14.0,6.07761e-08
33,75,0.0,6.6697714e-07
33,75,1.0,3.571911e-05
33,75,2.0,0.00011140906
33,75,3.0,3.9739916e-05
33,75,4.0,3.4332843e-06
33,75,5.0,3.2005694e-06
33,75,6.0,7.787413e-06
33,75,7.0,6.1421065e-06
33,75,8.0,1.5277688e-05
33,75,9.0,1.2035051e-05
33,75,10.0,7.4129666e-06
33,75,11.0,7.4816785e-06
33,75,12.0,4.2534384e-06
33,75,13.0,7.699713e-06
33,75,14.0,3.2804826e-06
33,76,0.0,0.0
33,76,1.0,1.586772e-05
33,76,2.0,5.409878e-06
33,76,3.0,1.5211102e-05
33,76,4.0,2.1310747e-05
33,76,5.0,9.980112e-06
33,76,6.0,4.6130445e-08
33,76,7.0,2.527803e-07
33,76,8.0,2.0697637e-05
33,76,9.0,3.4384924e-05
33,76,10.0,1.9398917e-06
33,76,11.0,7.102394e-07
33,76,12.0,4.4907998e-07
33,76,13.0,1.4987891e-07
33,76,14.0,5.0472822e-06
33,77,0.0,0.0
33,77,1.0,3.4196844e-07
33,77,2.0,4.5588004e-06
33,77,3.0,1.0075499e-05
33,77,4.0,1.2141636e-06
33,77,5.0,9.163064e-06
33,77,6.0,1.5341222e-05
33,77,7.0,3.0494777e-05
33,77,8.0,1.5747924e-05
33,77,9.0,2.0443029e-05
33,77,10.0,1.0751895e-05
33,77,11.0,8.225246e-05
33,77,12.0,0.00015645288
33,77,13.0,0.0001899384
33,77,14.0,0.00018723187
33,78,0.0,0.00020576084
33,78,1.0,0.0001139268
33,78,2.0,5.102593e-05
33,78,3.0,1.4701054e-06
33,78,4.0,2.3702647e-05
33,78,5.0,5.075507e-05
33,78,6.0,1.3614366e-05
33,78,7.0,7.389832e-05
33,78,8.0,4.3612148e-05
33,78,9.0,1.8070665e-05
33,78,10.0,3.5811772e-05
33,78,11.0,7.273085e-05
33,78,12.0,9.968877e-05
33,78,13.0,2.2517746e-05
33,78,14.0,7.5009266e-05
33,79,0.0,6.260969e-05
33,79,1.0,3.2211876e-05
33,79,2.0,0.00035141094
33,79,3.0,0.00012588283
33,79,4.0,0.00017066835
33,79,5.0,0.0004814596
33,79,6.0,0.0004529173
33,79,7.0,5.0749048e-05
33,79,8.0,9.128631e-05
33,79,9.0,3.8021055e-05
33,79,10.0,0.00021385001
33,79,11.0,0.00022259148
33,79,12.0,0.0004767539
33,79,13.0,0.00023368567
33,79,14.0,0.000743726
33,80,0.0,0.0020235358
33,80,1.0,0.002054907
33,80,2.0,0.0042108167
33,80,3.0,0.003658062
33,80,4.0,0.004424044
33,80,5.0,0.0037764618
33,80,6.0,0.0029602079
33,80,7.0,0.0035363187
33,80,8.0,0.0038924625
33,80,9.0,0.004029689
33,80,10.0,0.0044693756
33,80,11.0,0.005080017
33,80,12.0,0.004520398
33,80,13.0,0.004247917
33,80,14.0,0.005699939
33,81,0.0,0.0067550065
33,81,1.0,0.012779007
33,81,2.0,0.018787999
33,81,3.0,0.022656446
33,81,4.0,0.024351986
33,81,5.0,0.025281172
33,81,6.0,0.025564998
33,81,7.0,0.020183109
33,81,8.0,0.016910996
33,81,9.0,0.018945256
33,81,10.0,0.02203384
33,81,11.0,0.022506742
33,81,12.0,0.02102797
33,81,13.0,0.021162456
33,81,14.0,0.024133254
33,82,0.0,0.02392727
33,82,1.0,0.026947582
33,82,2.0,0.031942468
33,82,3.0,0.060241785
33,82,4.0,0.06411777
33,82,5.0,0.06237832
33,82,6.0,0.05454507
33,82,7.0,0.054037746
33,82,8.0,0.04403979
33,82,9.0,0.045864336
33,82,10.0,0.051077954
33,82,11.0,0.05978717
33,82,12.0,0.06137311
33,82,13.0,0.05785111
33,82,14.0,0.05858276
33,83,0.0,0.040484924
33,83,1.0,0.05580462
33,83,2.0,0.0707406
33,83,3.0,0.084791064
33,83,4.0,0.09320944
33,83,5.0,0.1076744
33,83,6.0,0.10200478
33,83,7.0,0.08315467
33,83,8.0,0.08749239
33,83,9.0,0.08298582
33,83,10.0,0.0818458
33,83,11.0,0.09424902
33,83,12.0,0.08855092
33,83,13.0,0.082418114
33,83,14.0,0.08249589
33,84,0.0,0.03635693
33,84,1.0,0.041470487
33,84,2.0,0.05252445
33,84,3.0,0.057469714
33,84,4.0,0.06011614
33,84,5.0,0.07201632
33,84,6.0,0.083927386
33,84,7.0,0.05555608
33,84,8.0,0.053267542
33,84,9.0,0.050722115
33,84,10.0,0.0521725
33,84,11.0,0.05714664
33,84,12.0,0.053852238
33,84,13.0,0.052791618
33,84,14.0,0.059965864
33,85,0.0,0.01839829
33,85,1.0,0.02468558
33,85,2.0,0.026676795
33,85,3.0,0.029290296
33,85,4.0,0.032902457
33,85,5.0,0.03615086
33,85,6.0,0.035075314
33,85,7.0,0.028205454
33,85,8.0,0.023158459
33,85,9.0,0.025807649
33,85,10.0,0.02742344
33,85,11.0,0.024841517
33,85,12.0,0.021996085
33,85,13.0,0.026501656
33,85,14.0,0.029290253
33,86,0.0,0.003368461
33,86,1.0,0.005258603
33,86,2.0,0.009572113
33,86,3.0,0.009461959
33,86,4.0,0.008859303
33,86,5.0,0.008593013
33,86,6.0,0.0114800995
33,86,7.0,0.009964204
33,86,8.0,0.00980501
33,86,9.0,0.009751617
33,86,10.0,0.009268069
33,86,11.0,0.012649521
33,86,12.0,0.011564909
33,86,13.0,0.009657271
33,86,14.0,0.008698934
33,87,0.0,0.0016024308
33,87,1.0,0.0017138136
33,87,2.0,0.0032130668
33,87,3.0,0.0034188011
33,87,4.0,0.0017322385
33,87,5.0,0.003214619
33,87,6.0,0.0023227837
33,87,7.0,0.002092563
33,87,8.0,0.0023320813
33,87,9.0,0.0020681322
33,87,10.0,0.0028126333
33,87,11.0,0.0022537375
33,87,12.0,0.0016588395
33,87,13.0,0.001553906
33,87,14.0,0.0017359004
33,88,0.0,0.00040322685
33,88,1.0,0.00027044394
33,88,2.0,0.00072873506
33,88,3.0,0.00021971749
33,88,4.0,0.0002636641
33,88,5.0,0.00040339152
33,88,6.0,0.0002822837
33,88,7.0,0.00033301342
33,88,8.0,0.00041149615
33,88,9.0,0.00035708727
33,88,10.0,0.0003137185
33,88,11.0,0.00050696597
33,88,12.0,0.00049257145
33,88,13.0,0.00043692865
33,88,14.0,0.00037267452
33,89,0.0,2.9416516e-14
33,89,1.0,0.0
33,89,2.0,1.5450597e-06
33,89,3.0,3.9117467e-06
33,89,4.0,7.9449155e-06
33,89,5.0,1.4221811e-05
33,89,6.0,3.1116797e-05
33,89,7.0,1.6541755e-05
33,89,8.0,1.9012676e-05
33,89,9.0,2.0936759e-05
33,89,10.0,3.080574e-05
33,89,11.0,7.189639e-05
33,89,12.0,5.3769796e-05
33,89,13.0,3.830614e-05
33,89,14.0,4.620202e-05
33,90,0.0,5.669312e-06
33,90,1.0,6.1956916e-07
33,90,2.0,5.568902e-05
33,90,3.0,1.9173922e-05
33,90,4.0,2.2071512e-05
33,90,5.0,1.51022095e-05
33,90,6.0,1.8190786e-06
33,90,7.0,9.9209305e-05
33,90,8.0,2.9681518e-05
33,90,9.0,1.891545e-05
33,90,10.0,1.1644884e-05
33,90,11.0,1.2682081e-05
33,90,12.0,1.0489374e-05
33,90,13.0,2.7922447e-06
33,90,14.0,1.9772475e-08
33,91,0.0,2.7894992e-05
33,91,1.0,0.0
33,91,2.0,0.0
33,91,3.0,0.0
33,91,4.0,0.0
33,91,5.0,0.0
33,91,6.0,0.0
33,91,7.0,4.871289e-06
33,91,8.0,1.4700676e-06
33,91,9.0,4.3127963e-11
33,91,10.0,0.0
33,91,11.0,6.538148e-07
33,91,12.0,4.1898204e-07
33,91,13.0,7.9073965e-07
33,91,14.0,8.393503e-07
33,92,0.0,0.0
33,92,1.0,0.0
33,92,2.0,1.5090972e-08
33,92,3.0,5.3062813e-06
33,92,4.0,3.3861509e-06
33,92,5.0,1.0021577e-06
33,92,6.0,6.3492065e-09
33,92,7.0,0.0
33,92,8.0,0.0
33,92,9.0,0.0
33,92,10.0,0.0
33,92,11.0,6.228621e-06
33,92,12.0,1.1160637e-05
33,92,13.0,1.3427847e-05
33,92,14.0,6.821724e-06
33,93,0.0,7.4387644e-06
33,93,1.0,0.0
33,93,2.0,4.9443447e-06
33,93,3.0,8.932753e-07
33,93,4.0,5.5806044e-08
33,93,5.0,4.150767e-06
33,93,6.0,2.9662756e-06
33,93,7.0,4.592113e-06
33,93,8.0,5.7973466e-06
33,93,9.0,2.034823e-06
33,93,10.0,1.0524631e-05
33,93,11.0,7.7331015e-06
33,93,12.0,6.333456e-07
33,93,13.0,4.17375e-06
33,93,14.0,1.4798104e-05
33,94,0.0,3.1161758e-07
33,94,1.0,0.0
33,94,2.0,3.9451766e-07
33,94,3.0,0.0
33,94,4.0,0.0
33,94,5.0,0.0
33,94,6.0,6.43445e-08
33,94,7.0,0.0
33,94,8.0,0.0
33,94,9.0,0.0
33,94,10.0,0.0
33,94,11.0,7.093804e-09
33,94,12.0,0.0
33,94,13.0,3.646366e-08
33,94,14.0,1.0323141e-07
33,95,0.0,0.0
33,95,1.0,3.0631472e-05
33,95,2.0,9.0089686e-11
33,95,3.0,0.0
33,95,4.0,0.0
33,95,5.0,3.8874655e-06
33,95,6.0,2.707558e-06
33,95,7.0,0.0
33,95,8.0,1.3840026e-08
33,95,9.0,0.0
33,95,10.0,0.0
33,95,11.0,0.0
33,95,12.0,0.0
33,95,13.0,0.0
33,95,14.0,8.354462e-06
34,74,0.0,1.1527716e-11
34,74,1.0,2.649985e-07
34,74,2.0,5.333017e-07
34,74,3.0,0.0
34,74,4.0,0.0
34,74,5.0,4.7906166e-08
34,74,6.0,2.6883947e-07
34,74,7.0,2.0129579e-07
34,74,8.0,4.6484413e-07
34,74,9.0,1.5282437e-06
34,74,10.0,2.7011063e-06
34,74,11.0,1.1807542e-06
34,74,12.0,0.0
34,74,13.0,0.0
34,74,14.0,5.198227e-09
34,75,0.0,0.0
34,75,1.0,0.0
34,75,2.0,0.0
34,75,3.0,0.0
34,75,4.0,6.659135e-14
34,75,5.0,5.7929947e-07
34,75,6.0,9.590968e-07
34,75,7.0,1.2036228e-06
34,75,8.0,1.0926605e-06
34,75,9.0,7.830844e-07
34,75,10.0,7.097954e-07
34,75,11.0,5.0530195e-07
34,75,12.0,1.7229505e-07
34,75,13.0,2.0735743e-07
34,75,14.0,3.784189e-07
34,76,0.0,2.8253105e-08
34,76,1.0,3.1941946e-07
34,76,2.0,5.825472e-07
34,76,3.0,1.13641e-05
34,76,4.0,2.0766696e-07
34,76,5.0,6.026143e-07
34,76,6.0,1.4384469e-06
34,76,7.0,1.5391396e-06
34,76,8.0,1.1034111e-06
34,76,9.0,1.0254868e-06
34,76,10.0,9.555722e-07
34,76,11.0,9.5281933e-07
34,76,12.0,8.90647e-08
34,76,13.0,0.0
34,76,14.0,0.0
34,77,0.0,1.1251967e-07
34,77,1.0,7.504365e-08
34,77,2.0,1.6746391e-08
34,77,3.0,0.0
34,77,4.0,0.0
34,77,5.0,1.828642e-10
34,77,6.0,0.0
34,77,7.0,0.0
34,77,8.0,0.0
34,77,9.0,1.451712e-08
34,77,10.0,5.7509e-09
34,77,11.0,2.5310115e-08
34,77,12.0,0.0
34,77,13.0,0.0
34,77,14.0,0.0
34,78,0.0,1.9111856e-07
34,78,1.0,1.7585703e-06
34,78,2.0,1.05041124e-07
34,78,3.0,1.9714165e-08
34,78,4.0,0.0
34,78,5.0,1.4536715e-06
34,78,6.0,3.235168e-07
34,78,7.0,5.5032323e-10
34,78,8.0,3.4965996e-08
34,78,9.0,2.0613574e-07
34,78,10.0,2.450846e-08
34,78,11.0,0.0
34,78,12.0,0.0
34,78,13.0,0.0
34,78,14.0,0.0
34,79,0.0,0.0
34,79,1.0,3.1856563e-11
34,79,2.0,1.1114901e-09
34,79,3.0,0.0
34,79,4.0,4.2887827e-09
34,79,5.0,0.0
34,79,6.0,3.345342e-07
34,79,7.0,0.0
34,79,8.0,0.0
34,79,9.0,1.0543241e-08
34,79,10.0,0.0
34,79,11.0,0.0
34,79,12.0,1.0036159e-09
34,79,13.0,1.1664474e-06
34,79,14.0,2.3657863e-06
34,80,0.0,3.2815424e-05
34,80,1.0,3.4642067e-05
34,80,2.0,2.6916057e-05
34,80,3.0,1.3150717e-05
34,80,4.0,3.3249013e-05
34,80,5.0,3.250392e-05
34,80,6.0,8.721211e-05
34,80,7.0,5.5566925e-05
34,80,8.0,2.1887226e-05
34,80,9.0,8.908799e-06
34,80,10.0,1.0842857e-05
34,80,11.0,4.4351298e-05
34,80,12.0,0.00013673269
34,80,13.0,0.0004671366
34,80,14.0,0.0001753318
34,81,0.0,0.001454957
34,81,1.0,0.0017295867
34,81,2.0,0.0024728132
34,81,3.0,0.002454492
34,81,4.0,0.0024451811
34,81,5.0,0.0021108645
34,81,6.0,0.002516773
34,81,7.0,0.0026052597
34,81,8.0,0.0026276724
34,81,9.0,0.0024388274
34,81,10.0,0.003756397
34,81,11.0,0.004673941
34,81,12.0,0.0047474923
34,81,13.0,0.0050779134
34,81,14.0,0.0075840927
34,82,0.0,0.0059994375
34,82,1.0,0.0064435154
34,82,2.0,0.0081202
34,82,3.0,0.0077539436
34,82,4.0,0.009594695
34,82,5.0,0.010350253
34,82,6.0,0.011296387
34,82,7.0,0.011304426
34,82,8.0,0.009521362
34,82,9.0,0.012119558
34,82,10.0,0.013840416
34,82,11.0,0.013475817
34,82,12.0,0.019153908
34,82,13.0,0.017261464
34,82,14.0,0.01748924
34,83,0.0,0.043278966
34,83,1.0,0.047242485
34,83,2.0,0.047402434
34,83,3.0,0.042174924
34,83,4.0,0.045419864
34,83,5.0,0.049480524
34,83,6.0,0.04382442
34,83,7.0,0.044289462
34,83,8.0,0.045628857
34,83,9.0,0.040328126
34,83,10.0,0.047382407
34,83,11.0,0.04486645
34,83,12.0,0.056439705
34,83,13.0,0.0698233
34,83,14.0,0.065260075
34,84,0.0,0.06362859
34,84,1.0,0.08740112
34,84,2.0,0.09045709
34,84,3.0,0.0901196
34,84,4.0,0.084348366
34,84,5.0,0.08233767
34,84,6.0,0.09229406
34,84,7.0,0.09200889
34,84,8.0,0.091118135
34,84,9.0,0.09233079
34,84,10.0,0.09679195
34,84,11.0,0.09837527
34,84,12.0,0.104690574
34,84,13.0,0.1038115
34,84,14.0,0.111882426
34,85,0.0,0.15743871
34,85,1.0,0.16650717
34,85,2.0,0.17604545
34,85,3.0,0.1595773
34,85,4.0,0.16707587
34,85,5.0,0.15250279
34,85,6.0,0.15749274
34,85,7.0,0.16739824
34,85,8.0,0.16363357
34,85,9.0,0.16456501
34,85,10.0,0.15479104
34,85,11.0,0.14913529
34,85,12.0,0.14537542
34,85,13.0,0.15317224
34,85,14.0,0.163786
34,86,0.0,0.15624015
34,86,1.0,0.14123908
34,86,2.0,0.14322254
34,86,3.0,0.14095144
34,86,4.0,0.13625251
34,86,5.0,0.13743949
34,86,6.0,0.13513862
34,86,7.0,0.1332549
34,86,8.0,0.13102792
34,86,9.0,0.12822929
34,86,10.0,0.12549336
34,86,11.0,0.11498432
34,86,12.0,0.1080719
34,86,13.0,0.11335938
34,86,14.0,0.11277159
34,87,0.0,0.10121239
34,87,1.0,0.0934985
34,87,2.0,0.07807177
34,87,3.0,0.08516061
34,87,4.0,0.08640883
34,87,5.0,0.085287355
34,87,6.0,0.09284574
34,87,7.0,0.09227985
34,87,8.0,0.07660668
34,87,9.0,0.07270094
34,87,10.0,0.0723704
34,87,11.0,0.06894153
34,87,12.0,0.063489616
34,87,13.0,0.06366521
34,87,14.0,0.056751
34,88,0.0,0.036499538
34,88,1.0,0.03767891
34,88,2.0,0.037629582
34,88,3.0,0.036645513
34,88,4.0,0.032854244
34,88,5.0,0.036491122
34,88,6.0,0.03771578
34,88,7.0,0.032839995
34,88,8.0,0.032248296
34,88,9.0,0.02999396
34,88,10.0,0.030097896
34,88,11.0,0.02917719
34,88,12.0,0.027594443
34,88,13.0,0.025311535
34,88,14.0,0.03422247
34,89,0.0,0.0064936723
34,89,1.0,0.0067209634
34,89,2.0,0.007407029
34,89,3.0,0.0054108542
34,89,4.0,0.0055723265
34,89,5.0,0.005841352
34,89,6.0,0.0065156827
34,89,7.0,0.0055270633
34,89,8.0,0.0053405687
34,89,9.0,0.0057933046
34,89,10.0,0.005185016
34,89,11.0,0.0047408766
34,89,12.0,0.006130611
34,89,13.0,0.0059300265
34,89,14.0,0.0077125267
34,90,0.0,0.0008981158
34,90,1.0,0.00094931823
34,90,2.0,0.001236662
34,90,3.0,0.0015626551
34,90,4.0,0.0021458964
34,90,5.0,0.0020780058
34,90,6.0,0.0020533707
34,90,7.0,0.002029067
34,90,8.0,0.0020167758
34,90,9.0,0.0019280358
34,90,10.0,0.001468177
34,90,11.0,0.001004098
34,90,12.0,0.0010290621
34,90,13.0,0.0013833279
34,90,14.0,0.0018667014
34,91,0.0,0.00012622643
34,91,1.0,0.00015165645
34,91,2.0,0.00033999392
34,91,3.0,0.0002763755
34,91,4.0,0.0003331008
34,91,5.0,0.0003502736
34,91,6.0,0.0003722351
34,91,7.0,0.0001758882
34,91,8.0,9.637817e-05
34,91,9.0,0.00015667306
34,91,10.0,0.00027226517
34,91,11.0,0.00028228958
34,91,12.0,0.00022587109
34,91,13.0,0.00027454353
34,91,14.0,0.00041205442
34,92,0.0,1.14078695e-07
34,92,1.0,5.5823697e-05
34,92,2.0,6.190132e-05
34,92,3.0,7.851693e-05
34,92,4.0,1.6001813e-05
34,92,5.0,1.2950538e-05
34,92,6.0,1.11717654e-07
34,92,7.0,7.0519526e-08
34,92,8.0,0.0
34,92,9.0,0.0
34,92,10.0,0.0
34,92,11.0,8.14462e-09
34,92,12.0,1.6457311e-06
34,92,13.0,1.4639582e-07
34,92,14.0,3.4947864e-06
34,93,0.0,3.7176914e-08
34,93,1.0,2.8300354e-08
34,93,2.0,8.370421e-07
34,93,3.0,8.2082335e-07
34,93,4.0,1.8586834e-07
34,93,5.0,1.236641e-08
34,93,6.0,0.0
34,93,7.0,0.0
34,93,8.0,5.921329e-08
34,93,9.0,1.7818891e-06
34,93,10.0,3.095114e-06
34,93,11.0,2.0068472e-07
34,93,12.0,0.0
34,93,13.0,3.6305376e-08
34,93,14.0,2.8052148e-07
34,94,0.0,0.0
34,94,1.0,0.0
34,94,2.0,4.4783403e-07
34,94,3.0,0.0
34,94,4.0,1.8368976e-08
34,94,5.0,0.0
34,94,6.0,5.878174e-09
34,94,7.0,0.0
34,94,8.0,0.0
34,94,9.0,0.0
34,94,10.0,0.0
34,94,11.0,4.3123645e-08
34,94,12.0,0.0
34,94,13.0,1.8974887e-07
34,94,14.0,5.620379e-06
34,95,0.0,2.6646728e-07
34,95,1.0,5.303932e-07
34,95,2.0,0.0
34,95,3.0,0.0
34,95,4.0,0.0
34,95,5.0,0.0
34,95,6.0,0.0
34,95,7.0,0.0
34,95,8.0,0.0
34,95,9.0,4.3531912e-08
34,95,10.0,8.304013e-10
34,95,11.0,1.1033854e-06
34,95,12.0,1.204433e-06
34,95,13.0,2.9089094e-07
34,95,14.0,4.6315705e-07
34,96,0.0,2.1784962e-07
34,96,1.0,1.0397364e-07
34,96,2.0,5.1234963e-07
34,96,3.0,2.3878673e-07
34,96,4.0,0.0
34,96,5.0,0.0
34,96,6.0,0.0
34,96,7.0,0.0
34,96,8.0,0.0
34,96,9.0,0.0
34,96,10.0,0.0
34,96,11.0,0.0
34,96,12.0,0.0
34,96,13.0,9.168539e-09
34,96,14.0,3.81969e-08
35,77,0.0,5.7726124e-06
35,77,1.0,1.1936105e-06
35,77,2.0,0.0
35,77,3.0,7.2069256e-06
35,77,4.0,5.7244193e-07
35,77,5.0,0.0
35,77,6.0,1.0979929e-08
35,77,7.0,0.0
35,77,8.0,3.437606e-07
35,77,9.0,0.0
35,77,10.0,1.3673886e-06
35,77,11.0,1.5464327e-06
35,77,12.0,1.1534861e-07
35,77,13.0,2.9138391e-06
35,77,14.0,1.9207296e-06
35,78,0.0,0.0
35,78,1.0,6.073835e-08
35,78,2.0,2.3065208e-10
35,78,3.0,0.0
35,78,4.0,0.0
35,78,5.0,9.938233e-09
35,78,6.0,1.9263612e-07
35,78,7.0,7.740608e-07
35,78,8.0,2.2010279e-06
35,78,9.0,7.244739e-08
35,78,10.0,5.088926e-06
35,78,11.0,0.0
35,78,12.0,2.8738103e-07
35,78,13.0,0.0
35,78,14.0,0.0
35,79,0.0,3.292415e-07
35,79,1.0,0.0
35,79,2.0,4.7996e-06
35,79,3.0,9.0792e-09
35,79,4.0,1.4853801e-05
35,79,5.0,9.124311e-07
35,79,6.0,9.363854e-06
35,79,7.0,1.4552511e-06
35,79,8.0,0.0
35,79,9.0,0.0
35,79,10.0,7.1639256e-06
35,79,11.0,1.9940633e-05
35,79,12.0,1.3565226e-05
35,79,13.0,2.1388205e-08
35,79,14.0,8.856635e-07
35,80,0.0,3.27865e-06
35,80,1.0,5.2180624e-08
35,80,2.0,5.935426e-07
35,80,3.0,2.0519099e-06
35,80,4.0,1.6760487e-06
35,80,5.0,1.6698039e-05
35,80,6.0,4.5817046e-06
35,80,7.0,9.80811e-08
35,80,8.0,5.84882e-06
35,80,9.0,2.0748773e-06
35,80,10.0,0.0
35,80,11.0,1.1466671e-05
35,80,12.0,0.0
35,80,13.0,1.6479467e-07
35,80,14.0,4.6811573e-07
35,81,0.0,9.651155e-07
35,81,1.0,3.375867e-07
35,81,2.0,6.3902e-07
35,81,3.0,0.0
35,81,4.0,0.0
35,81,5.0,0.0
35,81,6.0,0.0
35,81,7.0,2.4916648e-07
35,81,8.0,7.1692763e-09
35,81,9.0,1.0749129e-06
35,81,10.0,3.9403167e-05
35,81,11.0,8.1550075e-05
35,81,12.0,0.00027241942
35,81,13.0,0.00028780688
35,81,14.0,2.5275676e-05
35,82,0.0,3.1257106e-05
35,82,1.0,3.419894e-05
35,82,2.0,5.748484e-05
35,82,3.0,0.00029125565
35,82,4.0,7.84428e-05
35,82,5.0,0.00011371136
35,82,6.0,0.0003024187
35,82,7.0,0.00031323105
35,82,8.0,0.00020950734
35,82,9.0,0.00022309602
35,82,10.0,0.00023251223
35,82,11.0,0.00014800229
35,82,12.0,9.422156e-05
35,82,13.0,0.000107902575
35,82,14.0,0.0003581831
35,83,0.0,0.0011960247
35,83,1.0,0.0011290908
35,83,2.0,0.0030499063
35,83,3.0,0.0023691652
35,83,4.0,0.001165177
35,83,5.0,0.0008514882
35,83,6.0,0.0018216618
35,83,7.0,0.0030893856
35,83,8.0,0.002329595
35,83,9.0,0.0020868985
35,83,10.0,0.0019316028
35,83,11.0,0.0025412324
35,83,12.0,0.0020706786
35,83,13.0,0.0026999249
35,83,14.0,0.004592557
35,84,0.0,0.013305324
35,84,1.0,0.01145474
35,84,2.0,0.014808873
35,84,3.0,0.013565221
35,84,4.0,0.0145148905
35,84,5.0,0.013497364
35,84,6.0,0.009978393
35,84,7.0,0.011969484
35,84,8.0,0.014212746
35,84,9.0,0.017810553
35,84,10.0,0.01659727
35,84,11.0,0.014447774
35,84,12.0,0.014915596
35,84,13.0,0.018243682
35,84,14.0,0.029843165
35,85,0.0,0.07935404
35,85,1.0,0.070978634
35,85,2.0,0.075800784
35,85,3.0,0.06180269
35,85,4.0,0.061462425
35,85,5.0,0.06545129
35,85,6.0,0.067082115
35,85,7.0,0.063754715
35,85,8.0,0.06398127
35,85,9.0,0.07435279
35,85,10.0,0.07747303
35,85,11.0,0.079292744
35,85,12.0,0.07401162
35,85,13.0,0.07791437
35,85,14.0,0.086242184
35,86,0.0,0.10587878
35,86,1.0,0.083445914
35,86,2.0,0.10970789
35,86,3.0,0.12031808
35,86,4.0,0.1256757
35,86,5.0,0.1147605
35,86,6.0,0.119328946
35,86,7.0,0.12588136
35,86,8.0,0.13038364
35,86,9.0,0.14016926
35,86,10.0,0.12677677
35,86,11.0,0.14210737
35,86,12.0,0.13463351
35,86,13.0,0.14299461
35,86,14.0,0.16656432
35,87,0.0,0.22632559
35,87,1.0,0.22340615
35,87,2.0,0.20328344
35,87,3.0,0.23744336
35,87,4.0,0.25718325
35,87,5.0,0.21828687
35,87,6.0,0.24819702
35,87,7.0,0.24620648
35,87,8.0,0.23593283
35,87,9.0,0.20788522
35,87,10.0,0.20969288
35,87,11.0,0.22224362
35,87,12.0,0.23238994
35,87,13.0,0.24762602
35,87,14.0,0.21651874
35,88,0.0,0.22586164
35,88,1.0,0.21418343
35,88,2.0,0.22887857
35,88,3.0,0.26223487
35,88,4.0,0.23430322
35,88,5.0,0.24442488
35,88,6.0,0.27659717
35,88,7.0,0.26447535
35,88,8.0,0.22558327
35,88,9.0,0.23166984
35,88,10.0,0.23306954
35,88,11.0,0.22760083
35,88,12.0,0.22890848
35,88,13.0,0.2389337
35,88,14.0,0.23233448
35,89,0.0,0.16502014
35,89,1.0,0.16053842
35,89,2.0,0.17457923
35,89,3.0,0.20597623
35,89,4.0,0.18271278
35,89,5.0,0.15733248
35,89,6.0,0.16952553
35,89,7.0,0.17523827
35,89,8.0,0.14800645
35,89,9.0,0.13394776
35,89,10.0,0.14046675
35,89,11.0,0.14474064
35,89,12.0,0.15293343
35,89,13.0,0.15253358
35,89,14.0,0.13540252
35,90,0.0,0.058805574
35,90,1.0,0.07380293
35,90,2.0,0.08500426
35,90,3.0,0.09106361
35,90,4.0,0.077990845
35,90,5.0,0.07129937
35,90,6.0,0.085612066
35,90,7.0,0.09118348
35,90,8.0,0.07430577
35,90,9.0,0.06275835
35,90,10.0,0.062295597
35,90,11.0,0.07347098
35,90,12.0,0.06876176
35,90,13.0,0.069785185
35,90,14.0,0.066668645
35,91,0.0,0.016890576
35,91,1.0,0.021528631
35,91,2.0,0.025963994
35,91,3.0,0.030255355
35,91,4.0,0.033328097
35,91,5.0,0.025794618
35,91,6.0,0.028906122
35,91,7.0,0.0239055
35,91,8.0,0.021272369
35,91,9.0,0.018612554
35,91,10.0,0.017765729
35,91,11.0,0.017048785
35,91,12.0,0.0159805
35,91,13.0,0.013388171
35,91,14.0,0.014049115
35,92,0.0,0.0026880484
35,92,1.0,0.00507105
35,92,2.0,0.0035931277
35,92,3.0,0.003331765
35,92,4.0,0.0046927813
35,92,5.0,0.0042990237
35,92,6.0,0.0048867255
35,92,7.0,0.0031294012
35,92,8.0,0.0020549071
35,92,9.0,0.0023099203
35,92,10.0,0.0023991459
35,92,11.0,0.004749558
35,92,12.0,0.004727181
35,92,13.0,0.004994271
35,92,14.0,0.0040248134
35,93,0.0,0.0001739565
35,93,1.0,0.0011288436
35,93,2.0,0.00040578184
35,93,3.0,0.0007363047
35,93,4.0,0.00015117205
35,93,5.0,0.00026962673
35,93,6.0,0.0001592226
35,93,7.0,0.0004652399
35,93,8.0,0.0003526328
35,93,9.0,0.00028731243
35,93,10.0,0.0006610055
35,93,11.0,0.00041305347
35,93,12.0,0.00035193237
35,93,13.0,0.00013194531
35,93,14.0,0.00014966077
35,94,0.0,8.475543e-05
35,94,1.0,0.0
35,94,2.0,7.698794e-06
35,94,3.0,1.3182581e-05
35,94,4.0,1.8537665e-05
35,94,5.0,6.0738046e-05
35,94,6.0,2.1104623e-05
35,94,7.0,2.7568167e-05
35,94,8.0,0.00014959824
35,94,9.0,0.00035917936
35,94,10.0,0.0002380858
35,94,11.0,1.0029638e-05
35,94,12.0,5.0316476e-06
35,94,13.0,1.7554391e-06
35,94,14.0,5.4480395e-05
35,95,0.0,9.762449e-07
35,95,1.0,5.701453e-05
35,95,2.0,0.0
35,95,3.0,1.5697884e-05
35,95,4.0,0.0
35,95,5.0,5.738339e-06
35,95,6.0,0.0
35,95,7.0,4.410929e-06
35,95,8.0,0.0
35,95,9.0,0.0
35,95,10.0,5.819269e-07
35,95,11.0,2.1064928e-07
35,95,12.0,1.0324753e-05
35,95,13.0,1.2795198e-06
35,95,14.0,5.349539e-06
35,96,0.0,3.514297e-05
35,96,1.0,2.764221e-08
35,96,2.0,5.2868427e-07
35,96,3.0,4.607356e-12
35,96,4.0,3.4064556e-08
35,96,5.0,3.2814145e-07
35,96,6.0,0.0
35,96,7.0,1.5764418e-06
35,96,8.0,2.5222937e-05
35,96,9.0,3.8998824e-06
35,96,10.0,2.1248702e-07
35,96,11.0,0.0
35,96,12.0,0.0
35,96,13.0,0.0
35,96,14.0,0.0
35,97,0.0,1.1017079e-07
35,97,1.0,2.8102681e-06
35,97,2.0,2.0291848e-06
35,97,3.0,6.4056385e-06
35,97,4.0,2.6811898e-07
35,97,5.0,8.161137e-06
35,97,6.0,6.1842094e-08
35,97,7.0,4.6710724e-05
35,97,8.0,1.0646002e-05
35,97,9.0,3.9496585e-06
35,97,10.0,3.5784665e-14
35,97,11.0,9.364446e-10
35,97,12.0,6.88132e-07
35,97,13.0,7.965579e-07
35,97,14.0,2.5219865e-07
35,98,0.0,0.0
35,98,1.0,4.881274e-05
35,98,2.0,1.443483e-06
35,98,3.0,2.0310486e-05
35,98,4.0,8.251873e-06
35,98,5.0,4.2348674e-06
35,98,6.0,2.319601e-06
35,98,7.0,1.42082e-07
35,98,8.0,0.0
35,98,9.0,0.0
35,98,10.0,0.0
35,98,11.0,1.3324934e-06
35,98,12.0,1.1901269e-05
35,98,13.0,8.501925e-06
35,98,14.0,1.2087682e-08
35,99,0.0,0.0
35,99,1.0,3.406216e-06
35,99,2.0,4.1928684e-05
35,99,3.0,6.653968e-05
35,99,4.0,1.1612995e-05
35,99,5.0,2.0446592e-05
35,99,6.0,0.00013938981
35,99,7.0,4.5539688e-05
35,99,8.0,8.224022e-06
35,99,9.0,7.801717e-06
35,99,10.0,6.172266e-06
35,99,11.0,3.5639991e-06
35,99,12.0,2.5405632e-06
35,99,13.0,5.035394e-06
35,99,14.0,5.2035602e-06
35,100,0.0,0.0
35,100,1.0,4.0193147e-05
35,100,2.0,1.177544e-07
35,100,3.0,7.137454e-06
35,100,4.0,1.478246e-07
35,100,5.0,2.1692335e-07
35,100,6.0,3.2704227e-06
35,100,7.0,9.739827e-06
35,100,8.0,9.980889e-06
35,100,9.0,1.4781276e-05
35,100,10.0,3.068749e-05
35,100,11.0,1.7906988e-05
35,100,12.0,9.548826e-06
35,100,13.0,2.3115858e-08
35,100,14.0,0.0
36,79,0.0,0.0
36,79,1.0,0.0
36,79,2.0,0.0
36,79,3.0,0.0
36,79,4.0,0.0
36,79,5.0,0.0
36,79,6.0,0.0
36,79,7.0,0.0
36,79,8.0,0.0
36,79,9.0,0.0
36,79,10.0,0.0
36,79,11.0,0.0
36,79,12.0,0.0
36,79,13.0,0.0
36,79,14.0,0.0
36,80,0.0,5.7605614e-09
36,80,1.0,0.0
36,80,2.0,0.0
36,80,3.0,2.3408863e-06
36,80,4.0,1.5219255e-06
36,80,5.0,4.630248e-06
36,80,6.0,1.4628256e-05
36,80,7.0,3.312991e-05
36,80,8.0,2.8362123e-05
36,80,9.0,2.8744478e-05
36,80,10.0,3.8211074e-05
36,80,11.0,9.082893e-06
36,80,12.0,1.8604071e-08
36,80,13.0,6.020991e-06
36,80,14.0,0.0
36,81,0.0,2.9546595e-07
36,81,1.0,6.2915724e-08
36,81,2.0,4.6723244e-08
36,81,3.0,1.0078281e-07
36,81,4.0,4.826962e-08
36,81,5.0,2.375465e-07
36,81,6.0,3.1545093e-07
36,81,7.0,1.890991e-06
36,81,8.0,4.2275659e-07
36,81,9.0,1.1450854e-09
36,81,10.0,1.8256098e-07
36,81,11.0,3.0577494e-06
36,81,12.0,1.0196815e-06
36,81,13.0,0.0
36,81,14.0,0.0
36,82,0.0,1.06507144e-07
36,82,1.0,1.7275259e-05
36,82,2.0,3.871197e-06
36,82,3.0,1.8246196e-06
36,82,4.0,2.3575431e-08
36,82,5.0,0.00012474155
36,82,6.0,8.111671e-06
36,82,7.0,6.012752e-07
36,82,8.0,1.9045616e-06
36,82,9.0,2.0396325e-05
36,82,10.0,3.6197558e-05
36,82,11.0,1.5253119e-05
36,82,12.0,1.2120963e-05
36,82,13.0,2.930199e-09
36,82,14.0,2.6282123e-08
36,83,0.0,3.0535393e-05
36,83,1.0,3.2987726e-05
36,83,2.0,8.38946e-09
36,83,3.0,7.1255045e-07
36,83,4.0,1.1804663e-05
36,83,5.0,3.3110588e-05
36,83,6.0,6.7133e-05
36,83,7.0,0.00013687724
36,83,8.0,0.00014046312
36,83,9.0,0.00017556846
36,83,10.0,0.00016171826
36,83,11.0,0.00017278455
36,83,12.0,8.1991595e-05
36,83,13.0,0.00011117061
36,83,14.0,6.142906e-05
36,84,0.0,2.4981573e-05
36,84,1.0,1.0998181e-06
36,84,2.0,4.6784235e-06
36,84,3.0,5.4382483e-05
36,84,4.0,0.0001586152
36,84,5.0,1.4215295e-05
36,84,6.0,4.757519e-05
36,84,7.0,2.975213e-05
36,84,8.0,2.8247947e-05
36,84,9.0,2.0220361e-05
36,84,10.0,4.5308567e-05
36,84,11.0,0.00016983289
36,84,12.0,0.00045814077
36,84,13.0,0.00034742086
36,84,14.0,0.00066057435
36,85,0.0,0.0035992865
36,85,1.0,0.0031617596
36,85,2.0,0.0029435176
36,85,3.0,0.0020253004
36,85,4.0,0.0019156771
36,85,5.0,0.002366381
36,85,6.0,0.0027912767
36,85,7.0,0.0027305987
36,85,8.0,0.002780158
36,85,9.0,0.0035120316
36,85,10.0,0.004904123
36,85,11.0,0.0064513823
36,85,12.0,0.0068813968
36,85,13.0,0.007988431
36,85,14.0,0.0058653895
36,86,0.0,0.017248008
36,86,1.0,0.019610243
36,86,2.0,0.015691036
36,86,3.0,0.016735127
36,86,4.0,0.01266966
36,86,5.0,0.015054031
36,86,6.0,0.013072365
36,86,7.0,0.016195899
36,86,8.0,0.019427445
36,86,9.0,0.021008922
36,86,10.0,0.019068133
36,86,11.0,0.016524699
36,86,12.0,0.023219217
36,86,13.0,0.03605736
36,86,14.0,0.02767518
36,87,0.0,0.07173089
36,87,1.0,0.059258558
36,87,2.0,0.06299622
36,87,3.0,0.06380085
36,87,4.0,0.051652007
36,87,5.0,0.05812855
36,87,6.0,0.056543328
36,87,7.0,0.064677395
36,87,8.0,0.0698117
36,87,9.0,0.07725027
36,87,10.0,0.07080809
36,87,11.0,0.07562029
36,87,12.0,0.08571236
36,87,13.0,0.094043724
36,87,14.0,0.1247553
36,88,0.0,0.2735196
36,88,1.0,0.2516287
36,88,2.0,0.22044578
36,88,3.0,0.21224874
36,88,4.0,0.19889565
36,88,5.0,0.19963486
36,88,6.0,0.21278767
36,88,7.0,0.22690995
36,88,8.0,0.2362883
36,88,9.0,0.23606333
36,88,10.0,0.23932678
36,88,11.0,0.23576528
36,88,12.0,0.23852971
36,88,13.0,0.24232122
36,88,14.0,0.2620052
36,89,0.0,0.50529945
36,89,1.0,0.44484782
36,89,2.0,0.37842166
36,89,3.0,0.3311356
36,89,4.0,0.33481467
36,89,5.0,0.3100413
36,89,6.0,0.31097725
36,89,7.0,0.30070823
36,89,8.0,0.29687703
36,89,9.0,0.31118643
36,89,10.0,0.33469635
36,89,11.0,0.3154854
36,89,12.0,0.3364445
36,89,13.0,0.38667172
36,89,14.0,0.3653999
36,90,0.0,0.690866
36,90,1.0,0.61312723
36,90,2.0,0.51545626
36,90,3.0,0.4895056
36,90,4.0,0.4562464
36,90,5.0,0.441404
36,90,6.0,0.4669253
36,90,7.0,0.48725626
36,90,8.0,0.47994483
36,90,9.0,0.4706299
36,90,10.0,0.4557032
36,90,11.0,0.4320566
36,90,12.0,0.39482433
36,90,13.0,0.397472
36,90,14.0,0.41413733
36,91,0.0,0.46404415
36,91,1.0,0.38417324
36,91,2.0,0.3379897
36,91,3.0,0.3395214
36,91,4.0,0.33203682
36,91,5.0,0.32936
36,91,6.0,0.31154117
36,91,7.0,0.31479478
36,91,8.0,0.3179908
36,91,9.0,0.30397403
36,91,10.0,0.28053525
36,91,11.0,0.28749132
36,91,12.0,0.26043737
36,91,13.0,0.25806412
36,91,14.0,0.26154307
36,92,0.0,0.25230905
36,92,1.0,0.27411166
36,92,2.0,0.22435182
36,92,3.0,0.20736536
36,92,4.0,0.19010517
36,92,5.0,0.17784643
36,92,6.0,0.1663694
36,92,7.0,0.16860768
36,92,8.0,0.15944375
36,92,9.0,0.14434294
36,92,10.0,0.13830984
36,92,11.0,0.14699364
36,92,12.0,0.14514473
36,92,13.0,0.13661492
36,92,14.0,0.12721021
36,93,0.0,0.07060754
36,93,1.0,0.07495139
36,93,2.0,0.060011756
36,93,3.0,0.06488513
36,93,4.0,0.061782964
36,93,5.0,0.056090426
36,93,6.0,0.057963267
36,93,7.0,0.06246499
36,93,8.0,0.058237046
36,93,9.0,0.059359234
36,93,10.0,0.065001965
36,93,11.0,0.0471401
36,93,12.0,0.04500095
36,93,13.0,0.039386425
36,93,14.0,0.03734665
36,94,0.0,0.015330142
36,94,1.0,0.012164932
36,94,2.0,0.014812863
36,94,3.0,0.014001774
36,94,4.0,0.011670618
36,94,5.0,0.015143003
36,94,6.0,0.014048513
36,94,7.0,0.013335615
36,94,8.0,0.014432222
36,94,9.0,0.013210639
36,94,10.0,0.012741163
36,94,11.0,0.010728979
36,94,12.0,0.010311016
36,94,13.0,0.011849546
36,94,14.0,0.01021399
36,95,0.0,0.0024375196
36,95,1.0,0.0024544057
36,95,2.0,0.0029083148
36,95,3.0,0.0018225258
36,95,4.0,0.002500949
36,95,5.0,0.0021245186
36,95,6.0,0.0018343342
36,95,7.0,0.0017172903
36,95,8.0,0.0013861777
36,95,9.0,0.001400419
36,95,10.0,0.0016866508
36,95,11.0,0.00164072
36,95,12.0,0.0017630132
36,95,13.0,0.0015683167
36,95,14.0,0.001531391
36,96,0.0,0.00023214894
36,96,1.0,0.00021236249
36,96,2.0,0.00017389414
36,96,3.0,0.00039255817
36,96,4.0,0.0003471783
36,96,5.0,0.0004917591
36,96,6.0,0.0005447147
36,96,7.0,0.00036360268
36,96,8.0,0.00034057282
36,96,9.0,0.00023440478
36,96,10.0,0.00019957947
36,96,11.0,0.0003170298
36,96,12.0,0.00048308188
36,96,13.0,0.0002805774
36,96,14.0,9.0539535e-05
36,97,0.0,2.3973284e-06
36,97,1.0,6.5210435e-07
36,97,2.0,5.2736067e-07
36,97,3.0,1.4506008e-07
36,97,4.0,1.3225703e-06
36,97,5.0,3.3443423e-06
36,97,6.0,1.1035935e-05
36,97,7.0,1.2623871e-05
36,97,8.0,2.736043e-05
36,97,9.0,1.6375716e-05
36,97,10.0,9.503682e-06
36,97,11.0,1.0094361e-05
36,97,12.0,1.7176133e-05
36,97,13.0,2.7795745e-06
36,97,14.0,2.1217642e-05
36,98,0.0,0.0
36,98,1.0,0.0
36,98,2.0,0.0
36,98,3.0,0.0
36,98,4.0,0.0
36,98,5.0,1.532428e-05
36,98,6.0,9.526596e-06
36,98,7.0,7.01099e-06
36,98,8.0,7.831142e-06
36,98,9.0,1.47386145e-05
36,98,10.0,3.2798842e-05
36,98,11.0,1.4075339e-05
36,98,12.0,9.405045e-06
36,98,13.0,3.9106735e-06
36,98,14.0,3.7724105e-06
36,99,0.0,4.8601e-07
36,99,1.0,1.2345243e-06
36,99,2.0,1.3804117e-06
36,99,3.0,3.5352699e-07
36,99,4.0,2.599289e-07
36,99,5.0,1.4516478e-07
36,99,6.0,1.5476019e-08
36,99,7.0,1.4888907e-07
36,99,8.0,8.6851976e-08
36,99,9.0,6.4410113e-09
36,99,10.0,3.6441556e-08
36,99,11.0,1.5090436e-10
36,99,12.0,5.142137e-07
36,99,13.0,2.1819017e-07
36,99,14.0,3.414476e-08
36,100,0.0,7.714235e-08
36,100,1.0,6.614535e-08
36,100,2.0,3.3380494e-09
36,100,3.0,0.0
36,100,4.0,0.0
36,100,5.0,0.0
36,100,6.0,6.6850264e-10
36,100,7.0,8.541567e-09
36,100,8.0,0.0
36,100,9.0,0.0
36,100,10.0,0.0
36,100,11.0,0.0
36,100,12.0,0.0
36,100,13.0,0.0
36,100,14.0,0.0
36,101,0.0,3.074908e-07
36,101,1.0,4.9069713e-06
36,101,2.0,8.701159e-06
36,101,3.0,6.830158e-07
36,101,4.0,6.809053e-07
36,101,5.0,3.4349554e-08
36,101,6.0,1.8520144e-08
36,101,7.0,3.0257e-08
36,101,8.0,0.0
36,101,9.0,0.0
36,101,10.0,0.0
36,101,11.0,7.0670725e-10
36,101,12.0,9.608688e-07
36,101,13.0,3.0138997e-06
36,101,14.0,3.8502585e-06
36,102,0.0,0.0
36,102,1.0,1.906273e-06
36,102,2.0,0.0
36,102,3.0,0.0
36,102,4.0,0.0
36,102,5.0,0.0
36,102,6.0,1.334723e-06
36,102,7.0,3.7127055e-09
36,102,8.0,0.0
36,102,9.0,0.0
36,102,10.0,4.9114646e-09
36,102,11.0,3.741107e-08
36,102,12.0,0.0
36,102,13.0,0.0
36,102,14.0,0.0
37,81,0.0,7.4577844e-07
37,81,1.0,6.649357e-08
37,81,2.0,0.0
37,81,3.0,0.0
37,81,4.0,1.5855838e-07
37,81,5.0,0.0
37,81,6.0,0.0
37,81,7.0,0.0
37,81,8.0,3.5826126e-08
37,81,9.0,5.9343014e-10
37,81,10.0,0.0
37,81,11.0,0.0
37,81,12.0,3.1250734e-06
37,81,13.0,6.491748e-06
37,81,14.0,0.0
37,82,0.0,2.0912995e-07
37,82,1.0,5.593791e-05
37,82,2.0,2.5998274e-06
37,82,3.0,0.0
37,82,4.0,1.0558261e-08
37,82,5.0,1.264292e-05
37,82,6.0,2.6281582e-06
37,82,7.0,5.397065e-06
37,82,8.0,1.8747153e-07
37,82,9.0,2.2599866e-06
37,82,10.0,1.0128351e-07
37,82,11.0,0.0
37,82,12.0,2.1652125e-08
37,82,13.0,0.0
37,82,14.0,8.217524e-07
37,83,0.0,5.938372e-10
37,83,1.0,1.1726249e-06
37,83,2.0,9.30864e-06
37,83,3.0,0.0
37,83,4.0,3.0780427e-08
37,83,5.0,8.496371e-08
37,83,6.0,1.1619592e-05
37,83,7.0,7.935333e-06
37,83,8.0,1.7334996e-06
37,83,9.0,4.1568674e-07
37,83,10.0,4.4313797e-06
37,83,11.0,3.9270044e-06
37,83,12.0,0.0
37,83,13.0,2.5037205e-06
37,83,14.0,0.0
37,84,0.0,0.0
37,84,1.0,0.0
37,84,2.0,0.0
37,84,3.0,0.0
37,84,4.0,9.61459e-07
37,84,5.0,0.0
37,84,6.0,1.952952e-06
37,84,7.0,8.786085e-08
37,84,8.0,0.0
37,84,9.0,0.0
37,84,10.0,6.441838e-06
37,84,11.0,1.3508136e-05
37,84,12.0,1.1881975e-06
37,84,13.0,0.0
37,84,14.0,1.01452386e-07
37,85,0.0,0.0
37,85,1.0,0.0
37,85,2.0,2.1254401e-08
37,85,3.0,1.5428882e-06
37,85,4.0,2.1564139e-08
37,85,5.0,0.0
37,85,6.0,0.0
37,85,7.0,0.0
37,85,8.0,7.3803963e-06
37,85,9.0,1.3274143e-05
37,85,10.0,8.867807e-06
37,85,11.0,8.575501e-06
37,85,12.0,6.245292e-05
37,85,13.0,2.1819542e-06
37,85,14.0,3.3909673e-05
37,86,0.0,5.484365e-05
37,86,1.0,7.51663e-05
37,86,2.0,6.085742e-05
37,86,3.0,9.1860065e-06
37,86,4.0,1.3815259e-05
37,86,5.0,4.458085e-06
37,86,6.0,1.6565344e-05
37,86,7.0,1.3304515e-05
37,86,8.0,3.1538802e-05
37,86,9.0,4.153287e-05
37,86,10.0,5.9669313e-05
37,86,11.0,8.007828e-05
37,86,12.0,9.20236e-05
37,86,13.0,0.00018342336
37,86,14.0,6.406024e-05
37,87,0.0,0.003019696
37,87,1.0,0.0018548409
37,87,2.0,0.0011375721
37,87,3.0,0.0025179053
37,87,4.0,0.0015214102
37,87,5.0,0.0018730356
37,87,6.0,0.0024708859
37,87,7.0,0.002124695
37,87,8.0,0.0029946638
37,87,9.0,0.00291148
37,87,10.0,0.0037242472
37,87,11.0,0.003863552
37,87,12.0,0.0021108808
37,87,13.0,0.0039754896
37,87,14.0,0.0050040684
37,88,0.0,0.011640681
37,88,1.0,0.0064811143
37,88,2.0,0.006592108
37,88,3.0,0.007270083
37,88,4.0,0.009343507
37,88,5.0,0.008251626
37,88,6.0,0.009836043
37,88,7.0,0.012739837
37,88,8.0,0.010801534
37,88,9.0,0.012515614
37,88,10.0,0.013869176
37,88,11.0,0.016788112
37,88,12.0,0.01594085
37,88,13.0,0.019670017
37,88,14.0,0.019917235
37,89,0.0,0.06537904
37,89,1.0,0.04602467
37,89,2.0,0.050917383
37,89,3.0,0.06227839
37,89,4.0,0.051890876
37,89,5.0,0.04959711
37,89,6.0,0.05710973
37,89,7.0,0.058546264
37,89,8.0,0.06635304
37,89,9.0,0.07037871
37,89,10.0,0.075552024
37,89,11.0,0.07353854
37,89,12.0,0.07901609
37,89,13.0,0.073736705
37,89,14.0,0.09850167
37,90,0.0,0.124618046
37,90,1.0,0.12839335
37,90,2.0,0.115928665
37,90,3.0,0.1374941
37,90,4.0,0.120715335
37,90,5.0,0.11788293
37,90,6.0,0.12977569
37,90,7.0,0.13388912
37,90,8.0,0.17154332
37,90,9.0,0.17632659
37,90,10.0,0.18763275
37,90,11.0,0.18957266
37,90,12.0,0.17906666
37,90,13.0,0.1740733
37,90,14.0,0.19463159
37,91,0.0,0.38383353
37,91,1.0,0.3539465
37,91,2.0,0.34858528
37,91,3.0,0.3622926
37,91,4.0,0.3648939
37,91,5.0,0.36437258
37,91,6.0,0.39976686
37,91,7.0,0.407111
37,91,8.0,0.4273167
37,91,9.0,0.43914044
37,91,10.0,0.41153356
37,91,11.0,0.36482787
37,91,12.0,0.36396965
37,91,13.0,0.36018145
37,91,14.0,0.39317387
37,92,0.0,0.52714247
37,92,1.0,0.4736622
37,92,2.0,0.46940452
37,92,3.0,0.4672782
37,92,4.0,0.454461
37,92,5.0,0.46700752
37,92,6.0,0.46966955
37,92,7.0,0.46722537
37,92,8.0,0.47430143
37,92,9.0,0.47163862
37,92,10.0,0.4680684
37,92,11.0,0.42808542
37,92,12.0,0.41867927
37,92,13.0,0.4105927
37,92,14.0,0.42886505
37,93,0.0,0.44825426
37,93,1.0,0.45424625
37,93,2.0,0.4762837
37,93,3.0,0.48739606
37,93,4.0,0.4826035
37,93,5.0,0.513572
37,93,6.0,0.49617633
37,93,7.0,0.5043058
37,93,8.0,0.4752638
37,93,9.0,0.47392324
37,93,10.0,0.42906645
37,93,11.0,0.39769724
37,93,12.0,0.3944708
37,93,13.0,0.3768638
37,93,14.0,0.36625862
37,94,0.0,0.24446054
37,94,1.0,0.2684995
37,94,2.0,0.2980942
37,94,3.0,0.290182
37,94,4.0,0.29280502
37,94,5.0,0.303368
37,94,6.0,0.26626813
37,94,7.0,0.2560421
37,94,8.0,0.23966193
37,94,9.0,0.22716045
37,94,10.0,0.23455779
37,94,11.0,0.20380506
37,94,12.0,0.22239749
37,94,13.0,0.22980838
37,94,14.0,0.20770043
37,95,0.0,0.10564441
37,95,1.0,0.09364572
37,95,2.0,0.14723408
37,95,3.0,0.16229342
37,95,4.0,0.15040065
37,95,5.0,0.14188758
37,95,6.0,0.15058808
37,95,7.0,0.12813668
37,95,8.0,0.115598306
37,95,9.0,0.11179938
37,95,10.0,0.11245386
37,95,11.0,0.09900384
37,95,12.0,0.10685443
37,95,13.0,0.08974465
37,95,14.0,0.07332931
37,96,0.0,0.025627576
37,96,1.0,0.027338235
37,96,2.0,0.03151748
37,96,3.0,0.036475465
37,96,4.0,0.033259373
37,96,5.0,0.034680117
37,96,6.0,0.036899008
37,96,7.0,0.03002176
37,96,8.0,0.03118793
37,96,9.0,0.03104049
37,96,10.0,0.034075487
37,96,11.0,0.03172595
37,96,12.0,0.027785711
37,96,13.0,0.026221918
37,96,14.0,0.02405467
37,97,0.0,0.009372466
37,97,1.0,0.0069710515
37,97,2.0,0.008964878
37,97,3.0,0.009126422
37,97,4.0,0.0075269765
37,97,5.0,0.007227826
37,97,6.0,0.0064325035
37,97,7.0,0.0051752245
37,97,8.0,0.0036606754
37,97,9.0,0.0041498514
37,97,10.0,0.0046527563
37,97,11.0,0.0044452604
37,97,12.0,0.0059039304
37,97,13.0,0.005324221
37,97,14.0,0.0045060813
37,98,0.0,0.00072980445
37,98,1.0,0.00041968332
37,98,2.0,0.0009532411
37,98,3.0,0.0011483114
37,98,4.0,0.0008534501
37,98,5.0,0.0010394659
37,98,6.0,0.0020064781
37,98,7.0,0.0013865446
37,98,8.0,0.0011321733
37,98,9.0,0.00082610693
37,98,10.0,0.0012740971
37,98,11.0,0.0010227305
37,98,12.0,0.0008012822
37,98,13.0,0.0007987637
37,98,14.0,0.0008371678
37,99,0.0,6.1646955e-05
37,99,1.0,0.00015719648
37,99,2.0,0.00021322732
37,99,3.0,0.0002852074
37,99,4.0,9.942884e-05
37,99,5.0,7.489671e-05
37,99,6.0,0.00012594214
37,99,7.0,0.0003725762
37,99,8.0,0.00017297735
37,99,9.0,0.00013182203
37,99,10.0,0.00022482626
37,99,11.0,0.00016656434
37,99,12.0,9.437854e-05
37,99,13.0,6.015384e-05
37,99,14.0,2.5913268e-05
37,100,0.0,1.9838897e-09
37,100,1.0,5.6928775e-06
37,100,2.0,0.0
37,100,3.0,1.4560974e-08
37,100,4.0,0.0
37,100,5.0,0.0
37,100,6.0,7.1844234e-08
37,100,7.0,0.0
37,100,8.0,0.0
37,100,9.0,0.0
37,100,10.0,0.0
37,100,11.0,0.0
37,100,12.0,0.0
37,100,13.0,3.4568515e-07
37,100,14.0,9.2138777e-07
37,101,0.0,2.3204761e-06
37,101,1.0,7.091415e-07
37,101,2.0,3.4320715e-06
37,101,3.0,7.907212e-08
37,101,4.0,5.470069e-07
37,101,5.0,6.6557745e-06
37,101,6.0,3.7555237e-05
37,101,7.0,2.2888205e-06
37,101,8.0,0.0
37,101,9.0,0.0
37,101,10.0,2.114561e-08
37,101,11.0,8.1645373e-07
37,101,12.0,7.1920194e-09
37,101,13.0,1.1759371e-05
37,101,14.0,1.2814728e-05
37,102,0.0,0.0
37,102,1.0,4.8304486e-07
37,102,2.0,2.4506962e-06
37,102,3.0,5.0871417e-08
37,102,4.0,0.0
37,102,5.0,7.3562276e-08
37,102,6.0,5.2741675e-06
37,102,7.0,2.3391306e-06
37,102,8.0,0.0
37,102,9.0,0.0
37,102,10.0,7.322671e-07
37,102,11.0,2.5147263e-05
37,102,12.0,1.306317e-07
37,102,13.0,2.342618e-07
37,102,14.0,1.8835435e-11
37,103,0.0,2.9164985e-06
37,103,1.0,0.0
37,103,2.0,0.0
37,103,3.0,1.9098628e-05
37,103,4.0,1.7543081e-09
37,103,5.0,8.2587384e-08
37,103,6.0,0.0
37,103,7.0,1.3915837e-09
37,103,8.0,3.6931303e-06
37,103,9.0,1.9365007e-06
37,103,10.0,1.6295564e-05
37,103,11.0,9.989152e-09
37,103,12.0,2.9049e-07
37,103,13.0,0.0
37,103,14.0,0.0
37,104,0.0,0.0
37,104,1.0,0.0
37,104,2.0,0.0
37,104,3.0,1.5455525e-07
37,104,4.0,2.5409408e-05
37,104,5.0,2.2858471e-06
37,104,6.0,9.564389e-06
37,104,7.0,1.1012111e-05
37,104,8.0,3.3260203e-05
37,104,9.0,5.19076e-05
37,104,10.0,4.0742038e-05
37,104,11.0,2.0679988e-07
37,104,12.0,0.0
37,104,13.0,0.0
37,104,14.0,0.0
37,105,0.0,9.0872436e-07
37,105,1.0,0.0
37,105,2.0,7.945452e-06
37,105,3.0,3.0769013e-05
37,105,4.0,8.286092e-05
37,105,5.0,7.77259e-05
37,105,6.0,8.6361734e-07
37,105,7.0,0.0
37,105,8.0,0.0
37,105,9.0,0.0
37,105,10.0,0.0
37,105,11.0,5.609093e-06
37,105,12.0,1.3701371e-05
37,105,13.0,3.2683738e-06
37,105,14.0,9.804645e-09
38,83,0.0,7.3302125e-08
38,83,1.0,4.416994e-07
38,83,2.0,7.1214635e-07
38,83,3.0,1.05700316e-07
38,83,4.0,6.9879498e-09
38,83,5.0,1.8166365e-07
38,83,6.0,9.722373e-07
38,83,7.0,0.0
38,83,8.0,0.0
38,83,9.0,1.0922524e-07
38,83,10.0,8.7377775e-06
38,83,11.0,3.5009045e-08
38,83,12.0,8.083952e-06
38,83,13.0,4.1284125e-06
38,83,14.0,6.52118e-08
38,84,0.0,7.9684463e-07
38,84,1.0,2.5423554e-07
38,84,2.0,1.2905443e-06
38,84,3.0,1.7510654e-06
38,84,4.0,1.5380014e-06
38,84,5.0,2.5832076e-08
38,84,6.0,1.629132e-07
38,84,7.0,8.948244e-06
38,84,8.0,2.1061426e-06
38,84,9.0,0.0
38,84,10.0,0.0
38,84,11.0,0.0
38,84,12.0,1.1271022e-07
38,84,13.0,2.3034488e-06
38,84,14.0,0.0
38,85,0.0,1.1743312e-10
38,85,1.0,7.834604e-08
38,85,2.0,1.0069124e-06
38,85,3.0,9.402066e-08
38,85,4.0,7.702855e-06
38,85,5.0,5.099605e-07
38,85,6.0,1.9650609e-10
38,85,7.0,1.0681311e-05
38,85,8.0,8.837741e-09
38,85,9.0,0.0
38,85,10.0,1.9326339e-07
38,85,11.0,0.0
38,85,12.0,0.0
38,85,13.0,0.0
38,85,14.0,3.851868e-06
38,86,0.0,0.0
38,86,1.0,2.9253847e-06
38,86,2.0,2.054845e-07
38,86,3.0,2.981774e-08
38,86,4.0,6.079378e-07
38,86,5.0,0.0
38,86,6.0,0.0
38,86,7.0,0.0
38,86,8.0,0.0
38,86,9.0,0.0
38,86,10.0,5.6994907e-09
38,86,11.0,7.406518e-07
38,86,12.0,2.1372555e-06
38,86,13.0,8.111305e-07
38,86,14.0,1.3427079e-07
38,87,0.0,4.6180667e-06
38,87,1.0,3.149791e-08
38,87,2.0,5.0328276e-06
38,87,3.0,0.0
38,87,4.0,8.029662e-06
38,87,5.0,3.8382077e-06
38,87,6.0,4.5864425e-07
38,87,7.0,6.877978e-10
38,87,8.0,4.0663326e-06
38,87,9.0,2.1219887e-05
38,87,10.0,4.2560314e-05
38,87,11.0,5.475035e-06
38,87,12.0,1.1746912e-05
38,87,13.0,2.4864434e-05
38,87,14.0,7.939207e-06
38,88,0.0,1.4495157e-05
38,88,1.0,3.952899e-06
38,88,2.0,5.3608368e-05
38,88,3.0,6.0286435e-05
38,88,4.0,0.0002662527
38,88,5.0,0.00012349065
38,88,6.0,3.546614e-05
38,88,7.0,4.3484062e-05
38,88,8.0,9.447004e-05
38,88,9.0,0.00014840908
38,88,10.0,0.00018762611
38,88,11.0,0.00020005553
38,88,12.0,0.00047541189
38,88,13.0,0.000605932
38,88,14.0,0.00038438416
38,89,0.0,0.0016398893
38,89,1.0,0.0014765135
38,89,2.0,0.0015939672
38,89,3.0,0.0018779843
38,89,4.0,0.0012237502
38,89,5.0,0.0014838142
38,89,6.0,0.0018264296
38,89,7.0,0.0017311084
38,89,8.0,0.00205545
38,89,9.0,0.0024231318
38,89,10.0,0.0022444488
38,89,11.0,0.0018766085
38,89,12.0,0.0024383345
38,89,13.0,0.0046377103
38,89,14.0,0.0044603995
38,90,0.0,0.007394759
38,90,1.0,0.006291951
38,90,2.0,0.007831407
38,90,3.0,0.004797137
38,90,4.0,0.0040452895
38,90,5.0,0.0048638447
38,90,6.0,0.0048846197
38,90,7.0,0.007036169
38,90,8.0,0.009451232
38,90,9.0,0.009546602
38,90,10.0,0.009577402
38,90,11.0,0.010633131
38,90,12.0,0.009412691
38,90,13.0,0.011649002
38,90,14.0,0.016507132
38,91,0.0,0.03995769
38,91,1.0,0.043991983
38,91,2.0,0.03497433
38,91,3.0,0.030542223
38,91,4.0,0.02649413
38,91,5.0,0.024146982
38,91,6.0,0.027525727
38,91,7.0,0.03232295
38,91,8.0,0.039028183
38,91,9.0,0.043993127
38,91,10.0,0.0441549
38,91,11.0,0.044929802
38,91,12.0,0.05186452
38,91,13.0,0.058698885
38,91,14.0,0.06443787
38,92,0.0,0.16859505
38,92,1.0,0.14772053
38,92,2.0,0.118195005
38,92,3.0,0.113245875
38,92,4.0,0.10631845
38,92,5.0,0.09764809
38,92,6.0,0.10967382
38,92,7.0,0.11717449
38,92,8.0,0.1317063
38,92,9.0,0.14492331
38,92,10.0,0.14937265
38,92,11.0,0.14537576
38,92,12.0,0.15024398
38,92,13.0,0.17718038
38,92,14.0,0.19507685
38,93,0.0,0.3554152
38,93,1.0,0.36963817
38,93,2.0,0.33186227
38,93,3.0,0.34231165
38,93,4.0,0.3239196
38,93,5.0,0.33097994
38,93,6.0,0.33663848
38,93,7.0,0.36352628
38,93,8.0,0.35060126
38,93,9.0,0.36874563
38,93,10.0,0.35846084
38,93,11.0,0.3234844
38,93,12.0,0.33499992
38,93,13.0,0.35611868
38,93,14.0,0.4043753
38,94,0.0,0.69755334
38,94,1.0,0.61122286
38,94,2.0,0.5474373
38,94,3.0,0.51733124
38,94,4.0,0.5065266
38,94,5.0,0.48786822
38,94,6.0,0.5092806
38,94,7.0,0.52470845
38,94,8.0,0.5395284
38,94,9.0,0.53732187
38,94,10.0,0.52746636
38,94,11.0,0.501485
38,94,12.0,0.44707072
38,94,13.0,0.4543101
38,94,14.0,0.4536003
38,95,0.0,0.72182304
38,95,1.0,0.6365274
38,95,2.0,0.56500554
38,95,3.0,0.55006695
38,95,4.0,0.52913785
38,95,5.0,0.51898223
38,95,6.0,0.53057355
38,95,7.0,0.5477005
38,95,8.0,0.54259795
38,95,9.0,0.54417855
38,95,10.0,0.51957357
38,95,11.0,0.46998766
38,95,12.0,0.48621485
38,95,13.0,0.43876678
38,95,14.0,0.45403114
38,96,0.0,0.5869856
38,96,1.0,0.61108077
38,96,2.0,0.5084244
38,96,3.0,0.5398531
38,96,4.0,0.50409573
38,96,5.0,0.4756494
38,96,6.0,0.44624278
38,96,7.0,0.4561018
38,96,8.0,0.4516582
38,96,9.0,0.43532097
38,96,10.0,0.39333263
38,96,11.0,0.40998974
38,96,12.0,0.3396252
38,96,13.0,0.3321338
38,96,14.0,0.30689096
38,97,0.0,0.26658314
38,97,1.0,0.2591841
38,97,2.0,0.22312346
38,97,3.0,0.24384934
38,97,4.0,0.25991076
38,97,5.0,0.25724763
38,97,6.0,0.22553915
38,97,7.0,0.19434173
38,97,8.0,0.18004803
38,97,9.0,0.17047694
38,97,10.0,0.16868238
38,97,11.0,0.17240079
38,97,12.0,0.1550592
38,97,13.0,0.14550878
38,97,14.0,0.13568988
38,98,0.0,0.117313124
38,98,1.0,0.109499566
38,98,2.0,0.09094422
38,98,3.0,0.09706804
38,98,4.0,0.07777462
38,98,5.0,0.08226895
38,98,6.0,0.0835133
38,98,7.0,0.07711906
38,98,8.0,0.060058083
38,98,9.0,0.059757948
38,98,10.0,0.062167674
38,98,11.0,0.060933482
38,98,12.0,0.07257504
38,98,13.0,0.062716335
38,98,14.0,0.051183775
38,99,0.0,0.020352619
38,99,1.0,0.030204386
38,99,2.0,0.025334915
38,99,3.0,0.02097778
38,99,4.0,0.019472888
38,99,5.0,0.01765069
38,99,6.0,0.0178472
38,99,7.0,0.014829698
38,99,8.0,0.018501773
38,99,9.0,0.017508313
38,99,10.0,0.015582679
38,99,11.0,0.013585174
38,99,12.0,0.010020055
38,99,13.0,0.014124496
38,99,14.0,0.010895163
38,100,0.0,0.0023861986
38,100,1.0,0.005953275
38,100,2.0,0.0063088275
38,100,3.0,0.0024023226
38,100,4.0,0.0033620924
38,100,5.0,0.0040437574
38,100,6.0,0.003779964
38,100,7.0,0.0030987046
38,100,8.0,0.002513885
38,100,9.0,0.0029762168
38,100,10.0,0.0027790393
38,100,11.0,0.0026829636
38,100,12.0,0.0022155477
38,100,13.0,0.001989355
38,100,14.0,0.0016525268
38,101,0.0,0.00039147155
38,101,1.0,0.00024186923
38,101,2.0,0.00030650268
38,101,3.0,0.00029784895
38,101,4.0,0.0002793606
38,101,5.0,0.0006052398
38,101,6.0,0.0006171329
38,101,7.0,0.0008630749
38,101,8.0,0.0004692232
38,101,9.0,0.00043970576
38,101,10.0,0.00053967664
38,101,11.0,0.00030501018
38,101,12.0,0.00045573644
38,101,13.0,0.0002644491
38,101,14.0,0.00061966793
38,102,0.0,1.3832133e-05
38,102,1.0,3.2762088e-07
38,102,2.0,5.556658e-06
38,102,3.0,2.1696356e-05
38,102,4.0,2.9957914e-06
38,102,5.0,8.1749005e-07
38,102,6.0,2.0155455e-06
38,102,7.0,2.4413926e-06
38,102,8.0,4.140913e-06
38,102,9.0,7.801656e-06
38,102,10.0,1.4894461e-05
38,102,11.0,3.0757583e-05
38,102,12.0,3.8378836e-05
38,102,13.0,2.7049055e-05
38,102,14.0,2.0722038e-05
38,103,0.0,8.466075e-07
38,103,1.0,2.0768432e-07
38,103,2.0,0.0
38,103,3.0,0.0
38,103,4.0,0.0
38,103,5.0,0.0
38,103,6.0,0.0
38,103,7.0,0.0
38,103,8.0,4.9910344e-08
38,103,9.0,1.9835831e-07
38,103,10.0,0.0
38,103,11.0,2.192062e-06
38,103,12.0,2.760523e-06
38,103,13.0,5.0085066e-07
38,103,14.0,2.2165436e-06
38,104,0.0,0.0
38,104,1.0,2.6554034e-07
38,104,2.0,0.0
38,104,3.0,0.0
38,104,4.0,0.0
38,104,5.0,0.0
38,104,6.0,0.0
38,104,7.0,1.8371256e-10
38,104,8.0,8.468184e-09
38,104,9.0,1.8779748e-08
38,104,10.0,5.8294006e-08
38,104,11.0,0.0
38,104,12.0,0.0
38,104,13.0,2.600171e-07
38,104,14.0,0.0
38,105,0.0,0.0
38,105,1.0,0.0
38,105,2.0,0.0
38,105,3.0,0.0
38,105,4.0,0.0
38,105,5.0,0.0
38,105,6.0,0.0
38,105,7.0,0.0
38,105,8.0,0.0
38,105,9.0,0.0
38,105,10.0,0.0
38,105,11.0,0.0
38,105,12.0,0.0
38,105,13.0,1.6713924e-08
38,105,14.0,3.6746076e-10
38,106,0.0,0.0
38,106,1.0,0.0
38,106,2.0,0.0
38,106,3.0,6.415908e-08
38,106,4.0,3.1680236e-07
38,106,5.0,4.7462065e-12
38,106,6.0,0.0
38,106,7.0,0.0
38,106,8.0,0.0
38,106,9.0,0.0
38,106,10.0,0.0
38,106,11.0,0.0
38,106,12.0,0.0
38,106,13.0,0.0
38,106,14.0,3.0482905e-08
38,107,0.0,0.0
38,107,1.0,0.0
38,107,2.0,0.0
38,107,3.0,0.0
38,107,4.0,0.0
38,107,5.0,0.0
38,107,6.0,0.0
38,107,7.0,0.0
38,107,8.0,0.0
38,107,9.0,0.0
38,107,10.0,0.0
38,107,11.0,0.0
38,107,12.0,0.0
38,107,13.0,0.0
38,107,14.0,5.4029124e-07
39,86,0.0,0.0
39,86,1.0,3.5769244e-05
39,86,2.0,0.0
39,86,3.0,0.0
39,86,4.0,0.0
39,86,5.0,0.0
39,86,6.0,0.0
39,86,7.0,8.355048e-06
39,86,8.0,8.9659356e-05
39,86,9.0,6.441696e-05
39,86,10.0,5.0465052e-05
39,86,11.0,0.00011490695
39,86,12.0,5.3957887e-05
39,86,13.0,3.1101683e-06
39,86,14.0,4.0040704e-06
39,87,0.0,0.0
39,87,1.0,6.94152e-07
39,87,2.0,1.2524525e-05
39,87,3.0,1.7237764e-06
39,87,4.0,3.6075747e-08
39,87,5.0,0.0
39,87,6.0,3.1719054e-09
39,87,7.0,0.0
39,87,8.0,9.57195e-06
39,87,9.0,2.8931487e-05
39,87,10.0,1.20266e-05
39,87,11.0,1.9325214e-05
39,87,12.0,2.160301e-05
39,87,13.0,0.0
39,87,14.0,2.911858e-06
39,88,0.0,6.432821e-06
39,88,1.0,8.7457437e-07
39,88,2.0,4.0062556e-08
39,88,3.0,4.3322092e-05
39,88,4.0,3.2083733e-06
39,88,5.0,1.726025e-05
39,88,6.0,2.4635654e-05
39,88,7.0,0.0
39,88,8.0,0.0
39,88,9.0,0.0
39,88,10.0,1.2979803e-05
39,88,11.0,2.4927722e-06
39,88,12.0,4.200431e-06
39,88,13.0,4.258312e-07
39,88,14.0,3.2633926e-07
39,89,0.0,0.0
39,89,1.0,1.00508686e-07
39,89,2.0,2.5926875e-06
39,89,3.0,0.0
39,89,4.0,1.3059229e-06
39,89,5.0,1.8807645e-05
39,89,6.0,1.713176e-05
39,89,7.0,0.0
39,89,8.0,7.8799505e-13
39,89,9.0,5.286357e-08
39,89,10.0,5.0488023e-08
39,89,11.0,6.725845e-05
39,89,12.0,2.178689e-05
39,89,13.0,8.483398e-06
39,89,14.0,7.025538e-05
39,90,0.0,1.5019494e-05
39,90,1.0,2.704858e-07
39,90,2.0,1.3483179e-06
39,90,3.0,3.166772e-06
39,90,4.0,4.827942e-06
39,90,5.0,3.3219445e-07
39,90,6.0,1.795931e-05
39,90,7.0,1.02746e-05
39,90,8.0,4.18087e-06
39,90,9.0,4.6326145e-06
39,90,10.0,4.197094e-06
39,90,11.0,8.309978e-06
39,90,12.0,2.4104258e-05
39,90,13.0,7.002019e-05
39,90,14.0,0.0001018574
39,91,0.0,0.00040892098
39,91,1.0,0.0003984211
39,91,2.0,0.00020672116
39,91,3.0,0.00046287003
39,91,4.0,0.00046699314
39,91,5.0,0.0009571257
39,91,6.0,0.0008831567
39,91,7.0,0.00050814886
39,91,8.0,0.00058830617
39,91,9.0,0.0012258108
39,91,10.0,0.00044554903
39,91,11.0,0.00021439408
39,91,12.0,0.00068135094
39,91,13.0,0.0006302751
39,91,14.0,0.000953261
39,92,0.0,0.0034685393
39,92,1.0,0.0013446274
39,92,2.0,0.0021870825
39,92,3.0,0.0017975204
39,92,4.0,0.0014938079
39,92,5.0,0.0012145657
39,92,6.0,0.0019279307
39,92,7.0,0.003986836
39,92,8.0,0.005248481
39,92,9.0,0.0047455914
39,92,10.0,0.0036753267
39,92,11.0,0.0066185384
39,92,12.0,0.0047889925
39,92,13.0,0.0040439093
39,92,14.0,0.008820623
39,93,0.0,0.019381594
39,93,1.0,0.023804026
39,93,2.0,0.016436663
39,93,3.0,0.01695216
39,93,4.0,0.017108073
39,93,5.0,0.022745453
39,93,6.0,0.025204768
39,93,7.0,0.021110818
39,93,8.0,0.021767974
39,93,9.0,0.02581432
39,93,10.0,0.03435682
39,93,11.0,0.0284822
39,93,12.0,0.0335064
39,93,13.0,0.0254368
39,93,14.0,0.03664191
39,94,0.0,0.0460818
39,94,1.0,0.044113558
39,94,2.0,0.05717973
39,94,3.0,0.056229755
39,94,4.0,0.048109416
39,94,5.0,0.04966891
39,94,6.0,0.053911883
39,94,7.0,0.053603034
39,94,8.0,0.0684001
39,94,9.0,0.07611962
39,94,10.0,0.08807707
39,94,11.0,0.07943252
39,94,12.0,0.072881415
39,94,13.0,0.09300093
39,94,14.0,0.12931046
39,95,0.0,0.18893519
39,95,1.0,0.19365703
39,95,2.0,0.18591477
39,95,3.0,0.19768819
39,95,4.0,0.18762766
39,95,5.0,0.19864164
39,95,6.0,0.20933785
39,95,7.0,0.2472393
39,95,8.0,0.25254172
39,95,9.0,0.27321768
39,95,10.0,0.2740251
39,95,11.0,0.26775676
39,95,12.0,0.27816626
39,95,13.0,0.28913915
39,95,14.0,0.26674744
39,96,0.0,0.2592224
39,96,1.0,0.26173055
39,96,2.0,0.29388702
39,96,3.0,0.28885794
39,96,4.0,0.28418624
39,96,5.0,0.28366637
39,96,6.0,0.290596
39,96,7.0,0.34289107
39,96,8.0,0.35750437
39,96,9.0,0.358652
39,96,10.0,0.3296842
39,96,11.0,0.35214344
39,96,12.0,0.36456275
39,96,13.0,0.40989998
39,96,14.0,0.41050258
39,97,0.0,0.4722536
39,97,1.0,0.5714607
39,97,2.0,0.5359215
39,97,3.0,0.48899913
39,97,4.0,0.46812943
39,97,5.0,0.48733652
39,97,6.0,0.5035445
39,97,7.0,0.48763928
39,97,8.0,0.4794877
39,97,9.0,0.466165
39,97,10.0,0.4821795
39,97,11.0,0.46806225
39,97,12.0,0.44334334
39,97,13.0,0.46615857
39,97,14.0,0.469434
39,98,0.0,0.38224208
39,98,1.0,0.4318391
39,98,2.0,0.4293092
39,98,3.0,0.42234722
39,98,4.0,0.417068
39,98,5.0,0.4300151
39,98,6.0,0.42872852
39,98,7.0,0.4353042
39,98,8.0,0.4290295
39,98,9.0,0.41480798
39,98,10.0,0.36661854
39,98,11.0,0.394791
39,98,12.0,0.42575985
39,98,13.0,0.3793647
39,98,14.0,0.38597202
39,99,0.0,0.2846406
39,99,1.0,0.3300955
39,99,2.0,0.36015052
39,99,3.0,0.3496564
39,99,4.0,0.32990637
39,99,5.0,0.30245125
39,99,6.0,0.3036947
39,99,7.0,0.27701566
39,99,8.0,0.27777147
39,99,9.0,0.26395902
39,99,10.0,0.27399793
39,99,11.0,0.24402148
39,99,12.0,0.2464271
39,99,13.0,0.2553083
39,99,14.0,0.23031582
39,100,0.0,0.07807932
39,100,1.0,0.12956227
39,100,2.0,0.13666657
39,100,3.0,0.17525132
39,100,4.0,0.16492248
39,100,5.0,0.14169584
39,100,6.0,0.16538729
39,100,7.0,0.13642287
39,100,8.0,0.14190534
39,100,9.0,0.12055641
39,100,10.0,0.123383634
39,100,11.0,0.12015728
39,100,12.0,0.11462946
39,100,13.0,0.09566259
39,100,14.0,0.08761041
39,101,0.0,0.03337213
39,101,1.0,0.04424908
39,101,2.0,0.055301048
39,101,3.0,0.048989497
39,101,4.0,0.05715737
39,101,5.0,0.05028588
39,101,6.0,0.035643093
39,101,7.0,0.044105113
39,101,8.0,0.036907464
39,101,9.0,0.036243603
39,101,10.0,0.047414463
39,101,11.0,0.03978076
39,101,12.0,0.03063546
39,101,13.0,0.024646502
39,101,14.0,0.025919173
39,102,0.0,0.006611645
39,102,1.0,0.011321731
39,102,2.0,0.012642437
39,102,3.0,0.01449453
39,102,4.0,0.013459814
39,102,5.0,0.01719313
39,102,6.0,0.014307434
39,102,7.0,0.0070871008
39,102,8.0,0.0067825112
39,102,9.0,0.0069130925
39,102,10.0,0.008795469
39,102,11.0,0.010291701
39,102,12.0,0.008769865
39,102,13.0,0.0055254702
39,102,14.0,0.0058393735
39,103,0.0,0.00084924145
39,103,1.0,0.0011746016
39,103,2.0,0.0012079981
39,103,3.0,0.0009764922
39,103,4.0,0.0012882937
39,103,5.0,0.0015154347
39,103,6.0,0.00083280745
39,103,7.0,0.0014099517
39,103,8.0,0.0014797907
39,103,9.0,0.0018823014
39,103,10.0,0.00183634
39,103,11.0,0.0011377248
39,103,12.0,0.0011187905
39,103,13.0,0.0013150714
39,103,14.0,0.0012407079
39,104,0.0,1.14081495e-05
39,104,1.0,3.6579808e-05
39,104,2.0,1.0834052e-05
39,104,3.0,4.7747635e-06
39,104,4.0,7.905345e-06
39,104,5.0,3.2983615e-05
39,104,6.0,0.00016312908
39,104,7.0,0.00017581103
39,104,8.0,5.4312477e-05
39,104,9.0,8.534198e-05
39,104,10.0,0.00018329195
39,104,11.0,0.0002230319
39,104,12.0,0.00042262342
39,104,13.0,0.00071820815
39,104,14.0,0.00010112197
39,105,0.0,2.9428859e-06
39,105,1.0,0.0
39,105,2.0,0.0
39,105,3.0,9.662668e-06
39,105,4.0,0.0
39,105,5.0,1.072718e-06
39,105,6.0,1.4968107e-05
39,105,7.0,3.6236852e-05
39,105,8.0,8.358893e-05
39,105,9.0,7.552997e-05
39,105,10.0,0.00010550924
39,105,11.0,2.5249221e-05
39,105,12.0,6.231842e-06
39,105,13.0,2.8540169e-06
39,105,14.0,1.6394626e-05
39,106,0.0,9.197963e-06
39,106,1.0,0.0
39,106,2.0,0.0
39,106,3.0,2.506997e-06
39,106,4.0,2.149158e-06
39,106,5.0,0.0
39,106,6.0,8.346242e-06
39,106,7.0,3.261417e-06
39,106,8.0,0.0
39,106,9.0,0.0
39,106,10.0,4.3150996e-07
39,106,11.0,5.5253815e-07
39,106,12.0,0.0
39,106,13.0,1.3436651e-12
39,106,14.0,2.5243167e-05
39,107,0.0,0.0
39,107,1.0,1.0230995e-06
39,107,2.0,0.0
39,107,3.0,6.432722e-06
39,107,4.0,1.15131356e-10
39,107,5.0,3.47214e-05
39,107,6.0,3.130818e-05
39,107,7.0,0.0
39,107,8.0,5.5497463e-07
39,107,9.0,4.608148e-06
39,107,10.0,4.0334642e-05
39,107,11.0,2.8408245e-08
39,107,12.0,0.0
39,107,13.0,0.0
39,107,14.0,0.0
39,108,0.0,0.0
39,108,1.0,0.0
39,108,2.0,0.0
39,108,3.0,9.386353e-06
39,108,4.0,0.0
39,108,5.0,3.0772495e-07
39,108,6.0,1.8971812e-06
39,108,7.0,3.7867906e-06
39,108,8.0,1.8884453e-05
39,108,9.0,2.924592e-08
39,108,10.0,1.2773849e-07
39,108,11.0,3.451029e-05
39,108,12.0,4.4024396e-06
39,108,13.0,6.2494637e-06
39,108,14.0,2.2635031e-06
39,109,0.0,0.0
39,109,1.0,3.0310978e-09
39,109,2.0,2.2503523e-06
39,109,3.0,0.0
39,109,4.0,1.8566896e-08
39,109,5.0,6.7424656e-07
39,109,6.0,5.7929547e-06
39,109,7.0,0.0
39,109,8.0,0.0
39,109,9.0,0.0
39,109,10.0,2.2207686e-07
39,109,11.0,1.270286e-07
39,109,12.0,9.811284e-06
39,109,13.0,0.0
39,109,14.0,0.0
40,88,0.0,4.7221306e-07
40,88,1.0,3.0225287e-08
40,88,2.0,0.0
40,88,3.0,0.0
40,88,4.0,0.0
40,88,5.0,1.3429778e-08
40,88,6.0,1.0962855e-07
40,88,7.0,3.4902635e-07
40,88,8.0,2.1784066e-07
40,88,9.0,1.7022973e-08
40,88,10.0,1.663342e-07
40,88,11.0,1.0114141e-07
40,88,12.0,0.0
40,88,13.0,1.1423406e-06
40,88,14.0,0.0
40,89,0.0,6.473153e-09
40,89,1.0,0.0
40,89,2.0,4.167423e-08
40,89,3.0,2.3448843e-09
40,89,4.0,0.0
40,89,5.0,0.0
40,89,6.0,0.0
40,89,7.0,0.0
40,89,8.0,0.0
40,89,9.0,3.7699848e-09
40,89,10.0,4.461255e-07
40,89,11.0,1.2064877e-06
40,89,12.0,7.142417e-07
40,89,13.0,0.0
40,89,14.0,0.0
40,90,0.0,2.5404895e-06
40,90,1.0,1.8087325e-05
40,90,2.0,1.3172645e-06
40,90,3.0,1.2714146e-06
40,90,4.0,1.7703643e-07
40,90,5.0,5.7332636e-05
40,90,6.0,2.5568736e-05
40,90,7.0,2.5396748e-05
40,90,8.0,2.6426571e-05
40,90,9.0,3.370052e-05
40,90,10.0,5.3039254e-05
40,90,11.0,2.9678897e-05
40,90,12.0,0.0
40,90,13.0,9.475453e-08
40,90,14.0,2.2605501e-08
40,91,0.0,0.0
40,91,1.0,3.785557e-07
40,91,2.0,0.0
40,91,3.0,2.3137818e-09
40,91,4.0,9.687322e-08
40,91,5.0,9.3991986e-07
40,91,6.0,5.1507857e-07
40,91,7.0,9.0674426e-08
40,91,8.0,6.6269295e-06
40,91,9.0,4.9684363e-06
40,91,10.0,4.6254956e-07
40,91,11.0,8.914113e-07
40,91,12.0,4.7257977e-06
40,91,13.0,1.15659195e-05
40,91,14.0,4.4841486e-06
40,92,0.0,3.2931034e-06
40,92,1.0,3.2556648e-06
40,92,2.0,1.6416938e-05
40,92,3.0,1.6891241e-05
40,92,4.0,5.445977e-06
40,92,5.0,3.8088463e-06
40,92,6.0,2.4422352e-06
40,92,7.0,2.4754395e-06
40,92,8.0,3.610624e-06
40,92,9.0,5.0322988e-06
40,92,10.0,5.6638005e-06
40,92,11.0,7.3386345e-06
40,92,12.0,1.6730898e-07
40,92,13.0,3.3884844e-06
40,92,14.0,5.683265e-05
40,93,0.0,0.00012025678
40,93,1.0,0.000119452074
40,93,2.0,8.8770896e-05
40,93,3.0,6.678996e-05
40,93,4.0,7.006983e-05
40,93,5.0,4.042848e-05
40,93,6.0,8.6786196e-05
40,93,7.0,0.00018660356
40,93,8.0,0.00014760358
40,93,9.0,9.2044924e-05
40,93,10.0,0.00023877433
40,93,11.0,0.00032290496
40,93,12.0,0.0003390864
40,93,13.0,0.000116267256
40,93,14.0,0.00045721125
40,94,0.0,0.0006542565
40,94,1.0,0.00030940905
40,94,2.0,0.00014824713
40,94,3.0,0.000312726
40,94,4.0,0.00025702323
40,94,5.0,0.00019579649
40,94,6.0,0.00045514668
40,94,7.0,0.0005278377
40,94,8.0,0.0006108813
40,94,9.0,0.0007400768
40,94,10.0,0.00099357
40,94,11.0,0.0015469643
40,94,12.0,0.0024667252
40,94,13.0,0.0015218031
40,94,14.0,0.0027696525
40,95,0.0,0.015056203
40,95,1.0,0.0076448526
40,95,2.0,0.0061988714
40,95,3.0,0.006681114
40,95,4.0,0.0065460685
40,95,5.0,0.008926897
40,95,6.0,0.011424089
40,95,7.0,0.0108269695
40,95,8.0,0.013964587
40,95,9.0,0.016753308
40,95,10.0,0.01527507
40,95,11.0,0.013262671
40,95,12.0,0.01345464
40,95,13.0,0.019524675
40,95,14.0,0.018721692
40,96,0.0,0.040014707
40,96,1.0,0.033457782
40,96,2.0,0.028722823
40,96,3.0,0.030264243
40,96,4.0,0.025340468
40,96,5.0,0.020710103
40,96,6.0,0.031805918
40,96,7.0,0.03706646
40,96,8.0,0.041542247
40,96,9.0,0.044186734
40,96,10.0,0.045244623
40,96,11.0,0.045927167
40,96,12.0,0.04106645
40,96,13.0,0.055202685
40,96,14.0,0.075796194
40,97,0.0,0.1218495
40,97,1.0,0.11890431
40,97,2.0,0.11471967
40,97,3.0,0.10434138
40,97,4.0,0.10752406
40,97,5.0,0.10470042
40,97,6.0,0.099134386
40,97,7.0,0.13287672
40,97,8.0,0.1444554
40,97,9.0,0.1523087
40,97,10.0,0.15745725
40,97,11.0,0.16275863
40,97,12.0,0.13932751
40,97,13.0,0.14262237
40,97,14.0,0.20109993
40,98,0.0,0.36016533
40,98,1.0,0.3220058
40,98,2.0,0.2961212
40,98,3.0,0.26738623
40,98,4.0,0.28359768
40,98,5.0,0.28955927
40,98,6.0,0.2897772
40,98,7.0,0.28688306
40,98,8.0,0.2925059
40,98,9.0,0.29865184
40,98,10.0,0.2974698
40,98,11.0,0.29963884
40,98,12.0,0.31940904
40,98,13.0,0.32287577
40,98,14.0,0.35605758
40,99,0.0,0.5187129
40,99,1.0,0.48759335
40,99,2.0,0.5215383
40,99,3.0,0.39993185
40,99,4.0,0.39066747
40,99,5.0,0.39039832
40,99,6.0,0.3899796
40,99,7.0,0.42754927
40,99,8.0,0.4441079
40,99,9.0,0.44202098
40,99,10.0,0.4187456
40,99,11.0,0.4452553
40,99,12.0,0.39397627
40,99,13.0,0.3660016
40,99,14.0,0.39916265
40,100,0.0,0.7174425
40,100,1.0,0.673549
40,100,2.0,0.61181366
40,100,3.0,0.54896533
40,100,4.0,0.5130019
40,100,5.0,0.5263999
40,100,6.0,0.526415
40,100,7.0,0.4996671
40,100,8.0,0.47560254
40,100,9.0,0.4631986
40,100,10.0,0.45334372
40,100,11.0,0.4332381
40,100,12.0,0.41497353
40,100,13.0,0.38421017
40,100,14.0,0.40223727
40,101,0.0,0.48136437
40,101,1.0,0.50405747
40,101,2.0,0.41709453
40,101,3.0,0.36640906
40,101,4.0,0.35460147
40,101,5.0,0.3477332
40,101,6.0,0.33631414
40,101,7.0,0.31166807
40,101,8.0,0.34515557
40,101,9.0,0.32795817
40,101,10.0,0.349471
40,101,11.0,0.31257367
40,101,12.0,0.33346337
40,101,13.0,0.2716514
40,101,14.0,0.25828618
40,102,0.0,0.29169205
40,102,1.0,0.28428864
40,102,2.0,0.25525725
40,102,3.0,0.2253597
40,102,4.0,0.22035255
40,102,5.0,0.21392559
40,102,6.0,0.21904542
40,102,7.0,0.20726903
40,102,8.0,0.18666084
40,102,9.0,0.16838814
40,102,10.0,0.15801144
40,102,11.0,0.1638726
40,102,12.0,0.14151822
40,102,13.0,0.12357238
40,102,14.0,0.11354867
40,103,0.0,0.0641329
40,103,1.0,0.07402729
40,103,2.0,0.06892588
40,103,3.0,0.048308793
40,103,4.0,0.050647683
40,103,5.0,0.04151489
40,103,6.0,0.042878814
40,103,7.0,0.038326114
40,103,8.0,0.028708007
40,103,9.0,0.03926141
40,103,10.0,0.037896596
40,103,11.0,0.036843576
40,103,12.0,0.0467964
40,103,13.0,0.035240546
40,103,14.0,0.037925042
40,104,0.0,0.014287841
40,104,1.0,0.009149972
40,104,2.0,0.011196577
40,104,3.0,0.010857112
40,104,4.0,0.01192974
40,104,5.0,0.013504434
40,104,6.0,0.012055013
40,104,7.0,0.014133365
40,104,8.0,0.013215982
40,104,9.0,0.013745054
40,104,10.0,0.014967974
40,104,11.0,0.013655779
40,104,12.0,0.013437753
40,104,13.0,0.01454054
40,104,14.0,0.015466706
40,105,0.0,0.0018948148
40,105,1.0,0.000988489
40,105,2.0,0.0020500594
40,105,3.0,0.0014238497
40,105,4.0,0.0018181661
40,105,5.0,0.0020662663
40,105,6.0,0.0030696825
40,105,7.0,0.0015732831
40,105,8.0,0.0013870704
40,105,9.0,0.0018092783
40,105,10.0,0.0017755354
40,105,11.0,0.0014565225
40,105,12.0,0.0016553103
40,105,13.0,0.0026990213
40,105,14.0,0.0023591858
40,106,0.0,5.3948897e-05
40,106,1.0,8.573569e-05
40,106,2.0,0.00012358077
40,106,3.0,0.00019095551
40,106,4.0,9.701004e-05
40,106,5.0,0.00016290693
40,106,6.0,5.484253e-05
40,106,7.0,0.00013480752
40,106,8.0,0.0003750151
40,106,9.0,0.0005380591
40,106,10.0,0.00046798526
40,106,11.0,0.00039161672
40,106,12.0,0.0006210719
40,106,13.0,0.0010195909
40,106,14.0,0.00052004197
40,107,0.0,6.781759e-06
40,107,1.0,1.2789792e-05
40,107,2.0,0.00011393821
40,107,3.0,4.2862954e-05
40,107,4.0,9.35859e-05
40,107,5.0,7.457514e-05
40,107,6.0,8.8810695e-05
40,107,7.0,9.097079e-05
40,107,8.0,2.3630977e-05
40,107,9.0,2.5186324e-05
40,107,10.0,2.9548855e-05
40,107,11.0,4.8107806e-05
40,107,12.0,4.4877903e-05
40,107,13.0,0.00014455295
40,107,14.0,7.509393e-05
40,108,0.0,0.0
40,108,1.0,0.0
40,108,2.0,0.0
40,108,3.0,0.0
40,108,4.0,3.8846338e-07
40,108,5.0,0.0
40,108,6.0,0.0
40,108,7.0,0.0
40,108,8.0,0.0
40,108,9.0,0.0
40,108,10.0,1.2788628e-07
40,108,11.0,7.3614383e-06
40,108,12.0,2.4373448e-06
40,108,13.0,8.9263045e-07
40,108,14.0,2.6005007e-06
40,109,0.0,0.0
40,109,1.0,0.0
40,109,2.0,4.5406692e-11
40,109,3.0,0.0
40,109,4.0,0.0
40,109,5.0,5.3818187e-08
40,109,6.0,5.504125e-09
40,109,7.0,0.0
40,109,8.0,2.9656274e-08
40,109,9.0,2.6873565e-07
40,109,10.0,2.5142006e-07
40,109,11.0,6.3451217e-15
40,109,12.0,3.4344178e-10
40,109,13.0,1.7974055e-07
40,109,14.0,0.0
40,110,0.0,0.0
40,110,1.0,0.0
40,110,2.0,0.0
40,110,3.0,2.3403756e-07
40,110,4.0,1.985423e-06
40,110,5.0,1.6595837e-06
40,110,6.0,3.660082e-07
40,110,7.0,8.201285e-09
40,110,8.0,1.1964723e-08
40,110,9.0,1.9434836e-08
40,110,10.0,2.2550315e-08
40,110,11.0,3.2250756e-07
40,110,12.0,2.2858608e-06
40,110,13.0,4.171613e-06
40,110,14.0,3.923999e-06
40,111,0.0,0.0
40,111,1.0,0.0
40,111,2.0,2.751521e-08
40,111,3.0,7.684926e-08
40,111,4.0,4.201539e-07
40,111,5.0,0.0
40,111,6.0,1.0474653e-07
40,111,7.0,4.7495644e-07
40,111,8.0,2.8307088e-07
40,111,9.0,2.3548354e-07
40,111,10.0,4.7265917e-07
40,111,11.0,7.994091e-07
40,111,12.0,3.1065147e-07
40,111,13.0,3.7960195e-08
40,111,14.0,1.0653903e-07
40,112,0.0,0.0
40,112,1.0,0.0
40,112,2.0,0.0
40,112,3.0,0.0
40,112,4.0,0.0
40,112,5.0,6.142487e-09
40,112,6.0,4.965456e-07
40,112,7.0,4.453774e-07
40,112,8.0,3.3021476e-07
40,112,9.0,3.5705574e-07
40,112,10.0,6.954888e-07
40,112,11.0,2.1800889e-07
40,112,12.0,1.8908305e-11
40,112,13.0,0.0
40,112,14.0,1.6890828e-08
41,90,0.0,3.158752e-05
41,90,1.0,0.0
41,90,2.0,0.0
41,90,3.0,0.0
41,90,4.0,0.0
41,90,5.0,1.5571096e-07
41,90,6.0,0.0
41,90,7.0,0.0
41,90,8.0,0.0
41,90,9.0,0.0
41,90,10.0,0.0
41,90,11.0,0.0
41,90,12.0,0.0
41,90,13.0,0.0
41,90,14.0,1.6487257e-09
41,91,0.0,5.9271773e-08
41,91,1.0,0.0
41,91,2.0,0.0
41,91,3.0,0.0
41,91,4.0,0.0
41,91,5.0,0.0
41,91,6.0,1.3961219e-05
41,91,7.0,1.6745795e-05
41,91,8.0,1.3832689e-06
41,91,9.0,1.0093907e-07
41,91,10.0,0.0
41,91,11.0,8.1864955e-06
41,91,12.0,3.1538132e-08
41,91,13.0,4.8804036e-08
41,91,14.0,1.12371897e-10
41,92,0.0,1.8467653e-06
41,92,1.0,0.0
41,92,2.0,3.021621e-07
41,92,3.0,4.6546663e-07
41,92,4.0,8.349261e-09
41,92,5.0,0.0
41,92,6.0,0.0
41,92,7.0,1.1768702e-07
41,92,8.0,1.6214894e-09
41,92,9.0,5.019646e-06
41,92,10.0,0.0
41,92,11.0,5.729408e-06
41,92,12.0,0.0
41,92,13.0,4.07766e-09
41,92,14.0,5.690637e-07
41,93,0.0,0.0
41,93,1.0,0.0
41,93,2.0,0.0
41,93,3.0,0.0
41,93,4.0,1.1472104e-07
41,93,5.0,2.6349673e-07
41,93,6.0,4.491715e-06
41,93,7.0,4.3358128e-08
41,93,8.0,2.634787e-07
41,93,9.0,8.505191e-07
41,93,10.0,3.4911782e-08
41,93,11.0,1.8678185e-05
41,93,12.0,4.6443705e-07
41,93,13.0,4.698807e-06
41,93,14.0,0.0
41,94,0.0,1.3884838e-06
41,94,1.0,0.0
41,94,2.0,2.344671e-05
41,94,3.0,0.0
41,94,4.0,0.0
41,94,5.0,1.2384404e-05
41,94,6.0,1.3426731e-05
41,94,7.0,0.0
41,94,8.0,7.480286e-07
41,94,9.0,6.2747836e-07
41,94,10.0,1.9344754e-06
41,94,11.0,2.094903e-05
41,94,12.0,0.0
41,94,13.0,1.933364e-08
41,94,14.0,4.9977193e-06
41,95,0.0,2.1506967e-05
41,95,1.0,5.019654e-05
41,95,2.0,8.920391e-05
41,95,3.0,2.5325662e-05
41,95,4.0,5.8796173e-05
41,95,5.0,8.118709e-05
41,95,6.0,4.2261895e-06
41,95,7.0,0.00015628514
41,95,8.0,0.00019146907
41,95,9.0,0.00020677912
41,95,10.0,0.00022544237
41,95,11.0,8.981664e-05
41,95,12.0,0.00014839768
41,95,13.0,0.0003694609
41,95,14.0,0.00036139664
41,96,0.0,0.00019381434
41,96,1.0,0.0001860452
41,96,2.0,0.00035607422
41,96,3.0,0.00025329294
41,96,4.0,0.00082427275
41,96,5.0,0.00048595044
41,96,6.0,0.00033162703
41,96,7.0,0.0009880809
41,96,8.0,0.00085038476
41,96,9.0,0.0010552631
41,96,10.0,0.0013943126
41,96,11.0,0.0007962718
41,96,12.0,0.0009934278
41,96,13.0,0.0010446854
41,96,14.0,0.002261881
41,97,0.0,0.0047753253
41,97,1.0,0.0062897047
41,97,2.0,0.007884959
41,97,3.0,0.008106286
41,97,4.0,0.0067325956
41,97,5.0,0.005651299
41,97,6.0,0.006516855
41,97,7.0,0.009126797
41,97,8.0,0.009584155
41,97,9.0,0.012752338
41,97,10.0,0.00863312
41,97,11.0,0.013318485
41,97,12.0,0.017041277
41,97,13.0,0.02180206
41,97,14.0,0.04172163
41,98,0.0,0.014267535
41,98,1.0,0.01808743
41,98,2.0,0.022914616
41,98,3.0,0.027564298
41,98,4.0,0.020712864
41,98,5.0,0.02148613
41,98,6.0,0.02412103
41,98,7.0,0.028268307
41,98,8.0,0.044465456
41,98,9.0,0.046382524
41,98,10.0,0.032916065
41,98,11.0,0.034890942
41,98,12.0,0.045765713
41,98,13.0,0.04707582
41,98,14.0,0.053035814
41,99,0.0,0.057991114
41,99,1.0,0.094261624
41,99,2.0,0.09133789
41,99,3.0,0.09037366
41,99,4.0,0.089529596
41,99,5.0,0.08815922
41,99,6.0,0.074826136
41,99,7.0,0.09783863
41,99,8.0,0.09055439
41,99,9.0,0.091334336
41,99,10.0,0.09590315
41,99,11.0,0.10494813
41,99,12.0,0.12460589
41,99,13.0,0.11921055
41,99,14.0,0.1284822
41,100,0.0,0.10510557
41,100,1.0,0.11970747
41,100,2.0,0.16373268
41,100,3.0,0.16948712
41,100,4.0,0.1452729
41,100,5.0,0.14017808
41,100,6.0,0.13270524
41,100,7.0,0.15780482
41,100,8.0,0.176234
41,100,9.0,0.184614
41,100,10.0,0.19235824
41,100,11.0,0.19904053
41,100,12.0,0.20920551
41,100,13.0,0.22831777
41,100,14.0,0.2279318
41,101,0.0,0.26071268
41,101,1.0,0.23502238
41,101,2.0,0.31223297
41,101,3.0,0.32895336
41,101,4.0,0.27914312
41,101,5.0,0.26611626
41,101,6.0,0.3023812
41,101,7.0,0.33920184
41,101,8.0,0.29585245
41,101,9.0,0.30757225
41,101,10.0,0.37684476
41,101,11.0,0.35036927
41,101,12.0,0.3311263
41,101,13.0,0.36033985
41,101,14.0,0.34527355
41,102,0.0,0.27767366
41,102,1.0,0.28212586
41,102,2.0,0.3452721
41,102,3.0,0.3456395
41,102,4.0,0.3239755
41,102,5.0,0.3316979
41,102,6.0,0.33565417
41,102,7.0,0.33100626
41,102,8.0,0.31050053
41,102,9.0,0.31626835
41,102,10.0,0.31846282
41,102,11.0,0.32078338
41,102,12.0,0.30996025
41,102,13.0,0.3016171
41,102,14.0,0.3104923
41,103,0.0,0.21678525
41,103,1.0,0.27630013
41,103,2.0,0.32683015
41,103,3.0,0.33040184
41,103,4.0,0.3312863
41,103,5.0,0.31733918
41,103,6.0,0.295738
41,103,7.0,0.29099807
41,103,8.0,0.27651578
41,103,9.0,0.2708412
41,103,10.0,0.2720235
41,103,11.0,0.2600122
41,103,12.0,0.25750786
41,103,13.0,0.25166538
41,103,14.0,0.25696406
41,104,0.0,0.098175116
41,104,1.0,0.110287
41,104,2.0,0.14203207
41,104,3.0,0.15224281
41,104,4.0,0.1520988
41,104,5.0,0.15241838
41,104,6.0,0.14172405
41,104,7.0,0.13853963
41,104,8.0,0.12458308
41,104,9.0,0.12490747
41,104,10.0,0.14126833
41,104,11.0,0.13784449
41,104,12.0,0.15091352
41,104,13.0,0.13508394
41,104,14.0,0.13403092
41,105,0.0,0.024416916
41,105,1.0,0.03031219
41,105,2.0,0.042816147
41,105,3.0,0.045957312
41,105,4.0,0.04654307
41,105,5.0,0.055645827
41,105,6.0,0.054374773
41,105,7.0,0.050637636
41,105,8.0,0.04665957
41,105,9.0,0.046986163
41,105,10.0,0.052555416
41,105,11.0,0.057552993
41,105,12.0,0.059860352
41,105,13.0,0.056185227
41,105,14.0,0.0590147
41,106,0.0,0.005259106
41,106,1.0,0.0067706043
41,106,2.0,0.013398411
41,106,3.0,0.011180184
41,106,4.0,0.017955108
41,106,5.0,0.025423955
41,106,6.0,0.025211385
41,106,7.0,0.02141734
41,106,8.0,0.01943551
41,106,9.0,0.021902125
41,106,10.0,0.021980217
41,106,11.0,0.027685627
41,106,12.0,0.030510709
41,106,13.0,0.024178263
41,106,14.0,0.02470647
41,107,0.0,0.001214412
41,107,1.0,0.003950657
41,107,2.0,0.004569903
41,107,3.0,0.00614095
41,107,4.0,0.0068850303
41,107,5.0,0.0060933954
41,107,6.0,0.006028177
41,107,7.0,0.009265479
41,107,8.0,0.007858243
41,107,9.0,0.006439597
41,107,10.0,0.010620691
41,107,11.0,0.010998113
41,107,12.0,0.010750129
41,107,13.0,0.010057418
41,107,14.0,0.008247811
41,108,0.0,0.00012958086
41,108,1.0,0.00025814373
41,108,2.0,0.0003717105
41,108,3.0,0.0009238289
41,108,4.0,0.0014135204
41,108,5.0,0.0015699413
41,108,6.0,0.0015773869
41,108,7.0,0.0019103606
41,108,8.0,0.0012530494
41,108,9.0,0.002137707
41,108,10.0,0.001958553
41,108,11.0,0.0031923642
41,108,12.0,0.00337326
41,108,13.0,0.0028042065
41,108,14.0,0.002044509
41,109,0.0,8.201697e-05
41,109,1.0,0.00053741725
41,109,2.0,0.00021227098
41,109,3.0,0.0005273822
41,109,4.0,0.00045533903
41,109,5.0,0.0007132089
41,109,6.0,0.0010684766
41,109,7.0,0.0004913695
41,109,8.0,0.0002839741
41,109,9.0,0.0006385074
41,109,10.0,0.00030303528
41,109,11.0,0.0011030062
41,109,12.0,0.0012733899
41,109,13.0,0.00076312013
41,109,14.0,0.00092752674
41,110,0.0,4.3817536e-06
41,110,1.0,0.00012460776
41,110,2.0,0.00017611861
41,110,3.0,8.664855e-05
41,110,4.0,3.740495e-05
41,110,5.0,8.802789e-05
41,110,6.0,0.00017858941
41,110,7.0,0.00025338755
41,110,8.0,0.00015782545
41,110,9.0,0.0003646057
41,110,10.0,0.00024819
41,110,11.0,0.00027930213
41,110,12.0,0.000365174
41,110,13.0,0.0001414224
41,110,14.0,0.00010175369
41,111,0.0,1.2740801e-05
41,111,1.0,7.4686864e-07
41,111,2.0,2.0277413e-07
41,111,3.0,4.152275e-06
41,111,4.0,1.2711608e-05
41,111,5.0,3.9166964e-05
41,111,6.0,4.357702e-05
41,111,7.0,4.3153864e-06
41,111,8.0,3.4514465e-05
41,111,9.0,2.5058924e-05
41,111,10.0,9.376876e-05
41,111,11.0,5.042447e-05
41,111,12.0,8.607529e-06
41,111,13.0,6.565462e-05
41,111,14.0,2.3048773e-05
41,112,0.0,5.307024e-09
41,112,1.0,4.6965874e-06
41,112,2.0,4.017006e-06
41,112,3.0,2.1161084e-06
41,112,4.0,9.291237e-06
41,112,5.0,3.1685966e-05
41,112,6.0,3.3509725e-05
41,112,7.0,1.2510783e-07
41,112,8.0,1.0937501e-05
41,112,9.0,4.9747446e-06
41,112,10.0,3.615821e-05
41,112,11.0,4.008661e-06
41,112,12.0,2.7165436e-06
41,112,13.0,4.6778892e-05
41,112,14.0,9.0880997e-07
41,113,0.0,0.0
41,113,1.0,0.0
41,113,2.0,4.475582e-06
41,113,3.0,2.4415458e-06
41,113,4.0,7.893361e-06
41,113,5.0,1.3657846e-05
41,113,6.0,1.577494e-05
41,113,7.0,2.2308116e-06
41,113,8.0,3.06041e-06
41,113,9.0,6.3569187e-06
41,113,10.0,5.7689467e-05
41,113,11.0,1.9595936e-07
41,113,12.0,0.0
41,113,13.0,0.0
41,113,14.0,3.5161893e-06
41,114,0.0,5.7106115e-07
41,114,1.0,2.5455194e-05
41,114,2.0,8.5852536e-10
41,114,3.0,1.1523706e-05
41,114,4.0,5.785629e-06
41,114,5.0,2.2972516e-05
41,114,6.0,7.145148e-06
41,114,7.0,1.34397105e-05
41,114,8.0,8.821637e-07
41,114,9.0,1.208675e-06
41,114,10.0,9.081073e-08
41,114,11.0,1.9105057e-08
41,114,12.0,1.3064451e-05
41,114,13.0,1.4172412e-05
41,114,14.0,2.5093346e-05
41,115,0.0,0.0
41,115,1.0,0.0
41,115,2.0,1.4526875e-06
41,115,3.0,1.5971144e-06
41,115,4.0,8.3705163e-07
41,115,5.0,0.0
41,115,6.0,4.311422e-06
41,115,7.0,1.006315e-05
41,115,8.0,4.5813893e-05
41,115,9.0,5.5534065e-06
41,115,10.0,9.853351e-06
41,115,11.0,4.3822146e-07
41,115,12.0,4.5055043e-10
41,115,13.0,8.559554e-07
41,115,14.0,0.0
42,92,0.0,7.4101656e-08
42,92,1.0,2.2927202e-06
42,92,2.0,0.0
42,92,3.0,0.0
42,92,4.0,9.143651e-08
42,92,5.0,2.448921e-06
42,92,6.0,1.6162262e-06
42,92,7.0,1.1116533e-06
42,92,8.0,6.0235595e-07
42,92,9.0,1.6939558e-07
42,92,10.0,2.8641061e-08
42,92,11.0,0.0
42,92,12.0,0.0
42,92,13.0,1.5828622e-08
42,92,14.0,0.0
42,93,0.0,0.0
42,93,1.0,0.0
42,93,2.0,0.0
42,93,3.0,0.0
42,93,4.0,0.0
42,93,5.0,1.905816e-07
42,93,6.0,4.769377e-08
42,93,7.0,1.03495e-07
42,93,8.0,7.1267325e-09
42,93,9.0,5.6437445e-13
42,93,10.0,7.763343e-14
42,93,11.0,4.482126e-09
42,93,12.0,1.2468143e-08
42,93,13.0,2.6244384e-08
42,93,14.0,4.6744468e-08
42,94,0.0,2.9574123e-08
42,94,1.0,0.0
42,94,2.0,2.2154238e-09
42,94,3.0,5.0767693e-07
42,94,4.0,7.91994e-08
42,94,5.0,1.6519236e-08
42,94,6.0,6.7261254e-08
42,94,7.0,2.1140968e-07
42,94,8.0,3.5769278e-07
42,94,9.0,5.2989117e-07
42,94,10.0,7.40471e-07
42,94,11.0,9.811286e-07
42,94,12.0,8.745228e-07
42,94,13.0,1.8630348e-06
42,94,14.0,2.5271672e-07
42,95,0.0,0.0
42,95,1.0,0.0
42,95,2.0,0.0
42,95,3.0,0.0
42,95,4.0,0.0
42,95,5.0,0.0
42,95,6.0,3.088011e-08
42,95,7.0,0.0
42,95,8.0,0.0
42,95,9.0,0.0
42,95,10.0,0.0
42,95,11.0,0.0
42,95,12.0,4.888655e-09
42,95,13.0,3.4201222e-09
42,95,14.0,0.0
42,96,0.0,1.8048635e-07
42,96,1.0,0.0
42,96,2.0,4.3649067e-09
42,96,3.0,0.0
42,96,4.0,0.0
42,96,5.0,1.0702962e-06
42,96,6.0,6.870774e-07
42,96,7.0,2.7573094e-06
42,96,8.0,5.426194e-06
42,96,9.0,1.7568033e-06
42,96,10.0,4.9118006e-07
42,96,11.0,1.505662e-06
42,96,12.0,1.6336456e-06
42,96,13.0,1.3551637e-06
42,96,14.0,1.2968568e-10
42,97,0.0,4.9637013e-08
42,97,1.0,2.386954e-06
42,97,2.0,4.5857753e-08
42,97,3.0,2.4119807e-05
42,97,4.0,1.4275169e-05
42,97,5.0,1.7617362e-13
42,97,6.0,6.501389e-06
42,97,7.0,4.2161987e-06
42,97,8.0,1.3577592e-05
42,97,9.0,3.7700185e-05
42,97,10.0,3.7234062e-05
42,97,11.0,5.2600906e-05
42,97,12.0,0.00012751177
42,97,13.0,0.00016741794
42,97,14.0,4.178861e-05
42,98,0.0,3.2176617e-06
42,98,1.0,1.1027079e-05
42,98,2.0,8.419337e-06
42,98,3.0,3.3844215e-05
42,98,4.0,2.398431e-06
42,98,5.0,5.6961895e-08
42,98,6.0,3.2343476e-06
42,98,7.0,7.5895514e-06
42,98,8.0,1.191394e-05
42,98,9.0,7.567489e-06
42,98,10.0,1.4435918e-06
42,98,11.0,8.62585e-06
42,98,12.0,2.02422e-05
42,98,13.0,0.00082213513
42,98,14.0,0.00084704824
42,99,0.0,0.0018594309
42,99,1.0,0.001734546
42,99,2.0,0.002407842
42,99,3.0,0.0015589824
42,99,4.0,0.0019804423
42,99,5.0,0.0010437173
42,99,6.0,0.0010257686
42,99,7.0,0.0012019644
42,99,8.0,0.0013264549
42,99,9.0,0.0015658622
42,99,10.0,0.0028641368
42,99,11.0,0.0026327795
42,99,12.0,0.0035705417
42,99,13.0,0.0049492717
42,99,14.0,0.005551899
42,100,0.0,0.011460698
42,100,1.0,0.0071169147
42,100,2.0,0.006827918
42,100,3.0,0.0049748234
42,100,4.0,0.0045274124
42,100,5.0,0.004914282
42,100,6.0,0.005203212
42,100,7.0,0.00730249
42,100,8.0,0.008336404
42,100,9.0,0.008369595
42,100,10.0,0.008435346
42,100,11.0,0.007944566
42,100,12.0,0.007556902
42,100,13.0,0.010530369
42,100,14.0,0.011629865
42,101,0.0,0.028673649
42,101,1.0,0.037041184
42,101,2.0,0.036036007
42,101,3.0,0.035876006
42,101,4.0,0.03161216
42,101,5.0,0.03138263
42,101,6.0,0.031792294
42,101,7.0,0.029836182
42,101,8.0,0.029424371
42,101,9.0,0.03023699
42,101,10.0,0.030008797
42,101,11.0,0.03297708
42,101,12.0,0.036931623
42,101,13.0,0.043656223
42,101,14.0,0.047648292
42,102,0.0,0.09824492
42,102,1.0,0.08970523
42,102,2.0,0.095097415
42,102,3.0,0.08784995
42,102,4.0,0.08542988
42,102,5.0,0.07838684
42,102,6.0,0.0764194
42,102,7.0,0.08458163
42,102,8.0,0.09197756
42,102,9.0,0.094135195
42,102,10.0,0.09246238
42,102,11.0,0.08359502
42,102,12.0,0.08311325
42,102,13.0,0.09381687
42,102,14.0,0.102778316
42,103,0.0,0.15659307
42,103,1.0,0.13280077
42,103,2.0,0.1447563
42,103,3.0,0.115100205
42,103,4.0,0.110568374
42,103,5.0,0.11515333
42,103,6.0,0.12389523
42,103,7.0,0.13524419
42,103,8.0,0.13851187
42,103,9.0,0.13910514
42,103,10.0,0.13909036
42,103,11.0,0.13351129
42,103,12.0,0.13334477
42,103,13.0,0.14454873
42,103,14.0,0.15313351
42,104,0.0,0.16986732
42,104,1.0,0.18684623
42,104,2.0,0.21322383
42,104,3.0,0.21158966
42,104,4.0,0.19833678
42,104,5.0,0.20728531
42,104,6.0,0.20903867
42,104,7.0,0.2085966
42,104,8.0,0.20804913
42,104,9.0,0.20144762
42,104,10.0,0.19508874
42,104,11.0,0.21195059
42,104,12.0,0.20767039
42,104,13.0,0.19284317
42,104,14.0,0.1965294
42,105,0.0,0.10953858
42,105,1.0,0.11896147
42,105,2.0,0.10621624
42,105,3.0,0.1025487
42,105,4.0,0.09513467
42,105,5.0,0.10287011
42,105,6.0,0.105802014
42,105,7.0,0.117540605
42,105,8.0,0.11365941
42,105,9.0,0.1391325
42,105,10.0,0.1535479
42,105,11.0,0.14574005
42,105,12.0,0.1533459
42,105,13.0,0.15062992
42,105,14.0,0.15102693
42,106,0.0,0.058536276
42,106,1.0,0.07051185
42,106,2.0,0.07636898
42,106,3.0,0.07761368
42,106,4.0,0.081317164
42,106,5.0,0.08948011
42,106,6.0,0.10063427
42,106,7.0,0.09458491
42,106,8.0,0.098260015
42,106,9.0,0.10227729
42,106,10.0,0.10777558
42,106,11.0,0.10902981
42,106,12.0,0.10746404
42,106,13.0,0.10553828
42,106,14.0,0.11363842
42,107,0.0,0.016279828
42,107,1.0,0.028997354
42,107,2.0,0.022558438
42,107,3.0,0.022213176
42,107,4.0,0.028973378
42,107,5.0,0.032106824
42,107,6.0,0.035098765
42,107,7.0,0.039194442
42,107,8.0,0.03904618
42,107,9.0,0.0399258
42,107,10.0,0.043619726
42,107,11.0,0.053904165
42,107,12.0,0.057346508
42,107,13.0,0.061590336
42,107,14.0,0.057872765
42,108,0.0,0.0068506463
42,108,1.0,0.00871571
42,108,2.0,0.014550509
42,108,3.0,0.011455784
42,108,4.0,0.015705315
42,108,5.0,0.018113386
42,108,6.0,0.018376986
42,108,7.0,0.01797382
42,108,8.0,0.01950354
42,108,9.0,0.02084915
42,108,10.0,0.026654504
42,108,11.0,0.03373857
42,108,12.0,0.031420313
42,108,13.0,0.02698259
42,108,14.0,0.026006848
42,109,0.0,0.0013707117
42,109,1.0,0.0024606097
42,109,2.0,0.0019098107
42,109,3.0,0.0028162303
42,109,4.0,0.002802889
42,109,5.0,0.0042381915
42,109,6.0,0.0058347615
42,109,7.0,0.0072304523
42,109,8.0,0.005980333
42,109,9.0,0.0068396786
42,109,10.0,0.008235057
42,109,11.0,0.010067487
42,109,12.0,0.010972262
42,109,13.0,0.013508196
42,109,14.0,0.019507598
42,110,0.0,0.00049486797
42,110,1.0,0.00019316921
42,110,2.0,0.00066027173
42,110,3.0,0.00027757627
42,110,4.0,0.00064085826
42,110,5.0,0.0011078174
42,110,6.0,0.0012800077
42,110,7.0,0.0019427913
42,110,8.0,0.002057487
42,110,9.0,0.0022845378
42,110,10.0,0.0028516669
42,110,11.0,0.002332897
42,110,12.0,0.0030277667
42,110,13.0,0.0039706705
42,110,14.0,0.0043525314
42,111,0.0,8.548619e-06
42,111,1.0,2.2800934e-05
42,111,2.0,5.99315e-05
42,111,3.0,2.0155614e-05
42,111,4.0,4.3560005e-05
42,111,5.0,0.00012105525
42,111,6.0,0.0003129102
42,111,7.0,0.0006912557
42,111,8.0,0.0009716468
42,111,9.0,0.001085726
42,111,10.0,0.0007472625
42,111,11.0,0.00066202413
42,111,12.0,0.0004371426
42,111,13.0,0.00045249506
42,111,14.0,0.0010130465
42,112,0.0,5.332162e-07
42,112,1.0,9.24938e-09
42,112,2.0,0.0
42,112,3.0,3.7102345e-06
42,112,4.0,2.205065e-05
42,112,5.0,5.867905e-06
42,112,6.0,8.111264e-06
42,112,7.0,9.558355e-06
42,112,8.0,5.4140787e-06
42,112,9.0,7.756653e-06
42,112,10.0,1.4743468e-05
42,112,11.0,1.4657123e-05
42,112,12.0,2.3390223e-05
42,112,13.0,8.976175e-05
42,112,14.0,0.0001218447
42,113,0.0,2.0874737e-07
42,113,1.0,1.674737e-06
42,113,2.0,1.3034892e-05
42,113,3.0,3.115915e-06
42,113,4.0,1.5484537e-11
42,113,5.0,7.6246215e-07
42,113,6.0,1.4248606e-06
42,113,7.0,4.7651824e-06
42,113,8.0,1.3757012e-06
42,113,9.0,3.396514e-08
42,113,10.0,0.0
42,113,11.0,3.652895e-06
42,113,12.0,4.3358128e-08
42,113,13.0,3.5105488e-06
42,113,14.0,7.959479e-06
42,114,0.0,8.5422e-06
42,114,1.0,4.2134066e-06
42,114,2.0,1.3369428e-05
42,114,3.0,7.4714026e-06
42,114,4.0,7.37134e-07
42,114,5.0,7.6621966e-08
42,114,6.0,0.0
42,114,7.0,0.0
42,114,8.0,0.0
42,114,9.0,0.0
42,114,10.0,0.0
42,114,11.0,0.0
42,114,12.0,7.73351e-08
42,114,13.0,1.0241279e-07
42,114,14.0,1.5419469e-06
42,115,0.0,2.03624e-08
42,115,1.0,6.650511e-07
42,115,2.0,5.1077154e-06
42,115,3.0,1.348715e-06
42,115,4.0,5.094296e-07
42,115,5.0,7.946625e-08
42,115,6.0,3.3485523e-07
42,115,7.0,4.1558528e-07
42,115,8.0,2.8570292e-07
42,115,9.0,7.602e-08
42,115,10.0,0.0
42,115,11.0,1.3785776e-09
42,115,12.0,0.0
42,115,13.0,2.6665336e-07
42,115,14.0,5.148801e-07
42,116,0.0,0.0
42,116,1.0,0.0
42,116,2.0,1.5175718e-08
42,116,3.0,0.0
42,116,4.0,0.0
42,116,5.0,0.0
42,116,6.0,1.5876182e-11
42,116,7.0,1.5727052e-06
42,116,8.0,2.5501865e-07
42,116,9.0,4.2935943e-07
42,116,10.0,1.6465574e-06
42,116,11.0,8.6111485e-10
42,116,12.0,9.2288775e-07
42,116,13.0,2.8325968e-07
42,116,14.0,1.0371725e-07
42,117,0.0,0.0
42,117,1.0,1.2058989e-08
42,117,2.0,0.0
42,117,3.0,0.0
42,117,4.0,0.0
42,117,5.0,0.0
42,117,6.0,0.0
42,117,7.0,0.0
42,117,8.0,0.0
42,117,9.0,0.0
42,117,10.0,0.0
42,117,11.0,0.0
42,117,12.0,0.0
42,117,13.0,2.411884e-10
42,117,14.0,0.0
43,95,0.0,7.4505004e-07
43,95,1.0,2.3863267e-06
43,95,2.0,3.2105922e-06
43,95,3.0,2.7833683e-05
43,95,4.0,1.4616488e-06
43,95,5.0,6.114295e-06
43,95,6.0,3.5833107e-06
43,95,7.0,7.3386803e-07
43,95,8.0,7.986404e-06
43,95,9.0,1.4345129e-06
43,95,10.0,0.0
43,95,11.0,0.0
43,95,12.0,1.6123718e-07
43,95,13.0,0.0
43,95,14.0,0.0
43,96,0.0,1.8462512e-07
43,96,1.0,0.0
43,96,2.0,1.9492318e-06
43,96,3.0,0.0
43,96,4.0,0.0
43,96,5.0,0.0
43,96,6.0,1.7509574e-06
43,96,7.0,0.0
43,96,8.0,1.6647617e-08
43,96,9.0,0.0
43,96,10.0,2.7650051e-07
43,96,11.0,0.0
43,96,12.0,0.0
43,96,13.0,5.6549305e-07
43,96,14.0,0.0
43,97,0.0,6.4269816e-06
43,97,1.0,2.2722688e-11
43,97,2.0,1.263687e-05
43,97,3.0,1.6760778e-05
43,97,4.0,6.44764e-05
43,97,5.0,7.606591e-05
43,97,6.0,0.000114400435
43,97,7.0,8.95938e-09
43,97,8.0,0.0
43,97,9.0,0.0
43,97,10.0,5.4639946e-05
43,97,11.0,5.8343795e-07
43,97,12.0,1.061684e-05
43,97,13.0,0.0
43,97,14.0,0.0
43,98,0.0,5.001995e-07
43,98,1.0,3.0519786e-08
43,98,2.0,0.0
43,98,3.0,0.0
43,98,4.0,0.0
43,98,5.0,0.0
43,98,6.0,0.0
43,98,7.0,0.0
43,98,8.0,0.0
43,98,9.0,0.0
43,98,10.0,4.5194398e-08
43,98,11.0,2.5065558e-05
43,98,12.0,2.1239062e-05
43,98,13.0,1.759831e-05
43,98,14.0,2.8922746e-06
43,99,0.0,5.3102575e-08
43,99,1.0,8.8313976e-07
43,99,2.0,0.0
43,99,3.0,0.0
43,99,4.0,0.0
43,99,5.0,6.120619e-07
43,99,6.0,0.0
43,99,7.0,0.0
43,99,8.0,0.0
43,99,9.0,2.8071709e-08
43,99,10.0,1.0246642e-07
43,99,11.0,0.0
43,99,12.0,1.3151889e-05
43,99,13.0,9.387283e-06
43,99,14.0,7.0692986e-05
43,100,0.0,0.0
43,100,1.0,6.3217053e-06
43,100,2.0,0.0
43,100,3.0,6.6317476e-08
43,100,4.0,1.0884713e-08
43,100,5.0,1.5067812e-06
43,100,6.0,6.6536063e-06
43,100,7.0,6.5279875e-07
43,100,8.0,4.2680617e-06
43,100,9.0,1.2905386e-05
43,100,10.0,4.230768e-05
43,100,11.0,3.6602392e-05
43,100,12.0,3.2972253e-05
43,100,13.0,2.2668091e-08
43,100,14.0,1.0486535e-05
43,101,0.0,0.00037395427
43,101,1.0,0.0002619568
43,101,2.0,0.00015657551
43,101,3.0,0.00054702157
43,101,4.0,0.00042489212
43,101,5.0,0.000773356
43,101,6.0,0.00083110336
43,101,7.0,0.0004680414
43,101,8.0,0.0004025009
43,101,9.0,0.0006903835
43,101,10.0,0.00079016795
43,101,11.0,0.0011226678
43,101,12.0,0.001165506
43,101,13.0,0.0010974559
43,101,14.0,0.0019055833
43,102,0.0,0.0011854819
43,102,1.0,0.001418022
43,102,2.0,0.0015883154
43,102,3.0,0.0027553835
43,102,4.0,0.003035229
43,102,5.0,0.0039110207
43,102,6.0,0.004358343
43,102,7.0,0.0029266125
43,102,8.0,0.00285207
43,102,9.0,0.0037697693
43,102,10.0,0.0029482401
43,102,11.0,0.004810127
43,102,12.0,0.0050818496
43,102,13.0,0.00408324
43,102,14.0,0.005678742
43,103,0.0,0.00472812
43,103,1.0,0.0072273957
43,103,2.0,0.009181568
43,103,3.0,0.009599934
43,103,4.0,0.009951875
43,103,5.0,0.012143696
43,103,6.0,0.012318806
43,103,7.0,0.011706353
43,103,8.0,0.012304087
43,103,9.0,0.011906723
43,103,10.0,0.0116922455
43,103,11.0,0.015409738
43,103,12.0,0.015712969
43,103,13.0,0.018632295
43,103,14.0,0.016364314
43,104,0.0,0.007216742
43,104,1.0,0.009053609
43,104,2.0,0.013983571
43,104,3.0,0.015242691
43,104,4.0,0.014852692
43,104,5.0,0.017872212
43,104,6.0,0.016371833
43,104,7.0,0.013404611
43,104,8.0,0.014486188
43,104,9.0,0.018352525
43,104,10.0,0.021882497
43,104,11.0,0.02336394
43,104,12.0,0.029774621
43,104,13.0,0.026627507
43,104,14.0,0.02737712
43,105,0.0,0.011302573
43,105,1.0,0.016770052
43,105,2.0,0.020288058
43,105,3.0,0.028593928
43,105,4.0,0.03153018
43,105,5.0,0.03510696
43,105,6.0,0.035045598
43,105,7.0,0.03394735
43,105,8.0,0.03008451
43,105,9.0,0.029683867
43,105,10.0,0.036665082
43,105,11.0,0.05366638
43,105,12.0,0.05661124
43,105,13.0,0.058930457
43,105,14.0,0.05739995
43,106,0.0,0.006764889
43,106,1.0,0.011022446
43,106,2.0,0.012865433
43,106,3.0,0.016751861
43,106,4.0,0.02243101
43,106,5.0,0.030633338
43,106,6.0,0.038276356
43,106,7.0,0.037308894
43,106,8.0,0.033640824
43,106,9.0,0.04010991
43,106,10.0,0.044736095
43,106,11.0,0.06282887
43,106,12.0,0.07303597
43,106,13.0,0.07125059
43,106,14.0,0.07317879
43,107,0.0,0.0043539815
43,107,1.0,0.008617124
43,107,2.0,0.016777866
43,107,3.0,0.025554528
43,107,4.0,0.03499369
43,107,5.0,0.047290776
43,107,6.0,0.050467666
43,107,7.0,0.04518601
43,107,8.0,0.046677493
43,107,9.0,0.05707868
43,107,10.0,0.07594
43,107,11.0,0.0907763
43,107,12.0,0.09651108
43,107,13.0,0.09417946
43,107,14.0,0.09875129
43,108,0.0,0.0023626555
43,108,1.0,0.0021687085
43,108,2.0,0.0074014515
43,108,3.0,0.0144546805
43,108,4.0,0.01982019
43,108,5.0,0.027988719
43,108,6.0,0.033305246
43,108,7.0,0.033287395
43,108,8.0,0.032599304
43,108,9.0,0.044074263
43,108,10.0,0.06242003
43,108,11.0,0.07784159
43,108,12.0,0.09363855
43,108,13.0,0.08227755
43,108,14.0,0.083919086
43,109,0.0,0.0021117048
43,109,1.0,0.0032608756
43,109,2.0,0.008022813
43,109,3.0,0.015090979
43,109,4.0,0.022891404
43,109,5.0,0.036731444
43,109,6.0,0.036506657
43,109,7.0,0.038691424
43,109,8.0,0.039092362
43,109,9.0,0.04682552
43,109,10.0,0.060937587
43,109,11.0,0.07279846
43,109,12.0,0.09125519
43,109,13.0,0.103974596
43,109,14.0,0.10670541
43,110,0.0,0.0004243906
43,110,1.0,0.0015506739
43,110,2.0,0.0021994365
43,110,3.0,0.0051712343
43,110,4.0,0.0074811047
43,110,5.0,0.012653153
43,110,6.0,0.018669771
43,110,7.0,0.018041292
43,110,8.0,0.016770314
43,110,9.0,0.020472126
43,110,10.0,0.03184895
43,110,11.0,0.052964162
43,110,12.0,0.05815794
43,110,13.0,0.054780558
43,110,14.0,0.060841177
43,111,0.0,0.00049869646
43,111,1.0,0.0009898797
43,111,2.0,0.0032303901
43,111,3.0,0.004379206
43,111,4.0,0.006613263
43,111,5.0,0.012752798
43,111,6.0,0.010090618
43,111,7.0,0.011739582
43,111,8.0,0.012330752
43,111,9.0,0.01440669
43,111,10.0,0.025446126
43,111,11.0,0.03745893
43,111,12.0,0.03423685
43,111,13.0,0.03442565
43,111,14.0,0.035824932
43,112,0.0,6.854471e-05
43,112,1.0,0.00028316697
43,112,2.0,0.00049578946
43,112,3.0,0.0013186174
43,112,4.0,0.001979276
43,112,5.0,0.0026106238
43,112,6.0,0.0028492
43,112,7.0,0.0020940958
43,112,8.0,0.0037951956
43,112,9.0,0.0039333072
43,112,10.0,0.004214803
43,112,11.0,0.008739018
43,112,12.0,0.00965417
43,112,13.0,0.010428149
43,112,14.0,0.010611613
43,113,0.0,3.4451754e-05
43,113,1.0,0.00016634153
43,113,2.0,9.183709e-05
43,113,3.0,0.00022946982
43,113,4.0,0.00082960585
43,113,5.0,0.0016680694
43,113,6.0,0.0007984599
43,113,7.0,0.0010052585
43,113,8.0,0.002135928
43,113,9.0,0.0025073641
43,113,10.0,0.0028811747
43,113,11.0,0.0038880913
43,113,12.0,0.0055330843
43,113,13.0,0.0077266092
43,113,14.0,0.008633981
43,114,0.0,4.2134315e-07
43,114,1.0,3.3212353e-05
43,114,2.0,0.00015293164
43,114,3.0,3.734561e-05
43,114,4.0,7.954558e-05
43,114,5.0,0.00047989155
43,114,6.0,0.00044418985
43,114,7.0,0.00039959612
43,114,8.0,0.00022758168
43,114,9.0,0.0005821792
43,114,10.0,0.0008968588
43,114,11.0,0.00028974254
43,114,12.0,0.0007408525
43,114,13.0,0.0006722793
43,114,14.0,0.00091638276
43,115,0.0,3.5895312e-06
43,115,1.0,4.492633e-06
43,115,2.0,1.83638e-05
43,115,3.0,3.7052072e-05
43,115,4.0,2.2875714e-05
43,115,5.0,9.23095e-05
43,115,6.0,3.1583502e-05
43,115,7.0,3.2639295e-05
43,115,8.0,9.318324e-05
43,115,9.0,8.782487e-05
43,115,10.0,0.00049771636
43,115,11.0,4.2366068e-05
43,115,12.0,0.00014324067
43,115,13.0,0.00010814
43,115,14.0,6.877927e-05
43,116,0.0,4.8705868e-08
43,116,1.0,4.6019077e-06
43,116,2.0,1.8286728e-05
43,116,3.0,6.051298e-06
43,116,4.0,1.0344937e-06
43,116,5.0,2.5377161e-05
43,116,6.0,8.6458844e-05
43,116,7.0,2.1300883e-05
43,116,8.0,0.0001507567
43,116,9.0,4.6103623e-06
43,116,10.0,1.5249922e-05
43,116,11.0,1.2083846e-05
43,116,12.0,4.024471e-07
43,116,13.0,1.102997e-06
43,116,14.0,2.1175136e-05
43,117,0.0,2.286602e-05
43,117,1.0,0.0
43,117,2.0,0.0
43,117,3.0,0.0
43,117,4.0,1.6718646e-05
43,117,5.0,1.4059678e-05
43,117,6.0,1.4395468e-05
43,117,7.0,4.471495e-05
43,117,8.0,1.7137672e-05
43,117,9.0,1.1272438e-05
43,117,10.0,0.0
43,117,11.0,2.1057597e-06
43,117,12.0,9.450566e-07
43,117,13.0,6.190365e-06
43,117,14.0,2.3112983e-07
43,118,0.0,0.0
43,118,1.0,1.6716345e-12
43,118,2.0,0.0
43,118,3.0,0.0
43,118,4.0,0.0
43,118,5.0,0.0
43,118,6.0,0.0
43,118,7.0,0.0
43,118,8.0,0.0
43,118,9.0,0.0
43,118,10.0,1.6527657e-09
43,118,11.0,2.57673e-06
43,118,12.0,1.508377e-06
43,118,13.0,0.0
43,118,14.0,0.0
43,119,0.0,0.0
43,119,1.0,2.3025916e-06
43,119,2.0,0.0
43,119,3.0,0.0
43,119,4.0,0.0
43,119,5.0,1.9170187e-08
43,119,6.0,7.7401995e-07
43,119,7.0,3.382682e-06
43,119,8.0,5.1498528e-06
43,119,9.0,2.1706255e-06
43,119,10.0,0.0
43,119,11.0,0.0
43,119,12.0,1.537899e-05
43,119,13.0,4.4487482e-05
43,119,14.0,2.4834424e-06
43,120,0.0,1.4872828e-07
43,120,1.0,0.0
43,120,2.0,5.5787386e-06
43,120,3.0,0.0
43,120,4.0,0.0
43,120,5.0,4.6405134e-07
43,120,6.0,1.8550412e-07
43,120,7.0,6.1062167e-07
43,120,8.0,5.8437613e-06
43,120,9.0,7.627273e-07
43,120,10.0,2.8454836e-06
43,120,11.0,5.3553987e-07
43,120,12.0,0.0
43,120,13.0,0.0
43,120,14.0,0.0
44,98,0.0,0.0
44,98,1.0,1.1416667e-05
44,98,2.0,9.3819625e-07
44,98,3.0,3.44449e-08
44,98,4.0,9.4499285e-08
44,98,5.0,0.0
44,98,6.0,0.0
44,98,7.0,0.0
44,98,8.0,0.0
44,98,9.0,0.0
44,98,10.0,0.0
44,98,11.0,1.18321e-06
44,98,12.0,0.0
44,98,13.0,4.0848613e-09
44,98,14.0,4.509525e-09
44,99,0.0,3.3011802e-10
44,99,1.0,0.0
44,99,2.0,0.0
44,99,3.0,0.0
44,99,4.0,0.0
44,99,5.0,0.0
44,99,6.0,0.0
44,99,7.0,0.0
44,99,8.0,0.0
44,99,9.0,0.0
44,99,10.0,0.0
44,99,11.0,0.0
44,99,12.0,0.0
44,99,13.0,0.0
44,99,14.0,0.0
44,100,0.0,7.1192674e-10
44,100,1.0,0.0
44,100,2.0,0.0
44,100,3.0,0.0
44,100,4.0,0.0
44,100,5.0,0.0
44,100,6.0,0.0
44,100,7.0,4.4288386e-09
44,100,8.0,4.338462e-08
44,100,9.0,6.6596705e-08
44,100,10.0,1.4063e-08
44,100,11.0,1.6636373e-12
44,100,12.0,0.0
44,100,13.0,0.0
44,100,14.0,0.0
44,101,0.0,1.3155694e-06
44,101,1.0,2.4586715e-08
44,101,2.0,0.0
44,101,3.0,0.0
44,101,4.0,0.0
44,101,5.0,0.0
44,101,6.0,2.3772448e-07
44,101,7.0,0.0
44,101,8.0,1.9018538e-06
44,101,9.0,6.5214244e-06
44,101,10.0,4.4609815e-06
44,101,11.0,0.0
44,101,12.0,9.133808e-07
44,101,13.0,4.7484576e-07
44,101,14.0,1.6518014e-07
44,102,0.0,0.0
44,102,1.0,0.0
44,102,2.0,0.0
44,102,3.0,1.0894744e-09
44,102,4.0,1.9922948e-07
44,102,5.0,1.0969411e-06
44,102,6.0,1.8028123e-06
44,102,7.0,0.0
44,102,8.0,0.0
44,102,9.0,0.0
44,102,10.0,0.0
44,102,11.0,0.0
44,102,12.0,0.0
44,102,13.0,1.213905e-07
44,102,14.0,1.9139652e-08
44,103,0.0,2.4190693e-05
44,103,1.0,5.8190417e-06
44,103,2.0,3.783313e-05
44,103,3.0,9.2805894e-05
44,103,4.0,8.867938e-05
44,103,5.0,0.00015502943
44,103,6.0,0.000101197555
44,103,7.0,8.9132685e-05
44,103,8.0,0.00010754761
44,103,9.0,0.00021435072
44,103,10.0,0.00026936425
44,103,11.0,0.00021990805
44,103,12.0,0.00021862476
44,103,13.0,0.0004844203
44,103,14.0,0.00017858077
44,104,0.0,0.00011555414
44,104,1.0,6.961276e-05
44,104,2.0,8.119592e-05
44,104,3.0,0.000102873484
44,104,4.0,0.0002277668
44,104,5.0,0.0001809061
44,104,6.0,0.00034008987
44,104,7.0,0.0004057894
44,104,8.0,0.0002960537
44,104,9.0,0.0002078879
44,104,10.0,0.00014642614
44,104,11.0,0.00035573624
44,104,12.0,0.0005124396
44,104,13.0,0.0009793004
44,104,14.0,0.00088724133
44,105,0.0,0.00042628346
44,105,1.0,0.00035107738
44,105,2.0,0.0007885209
44,105,3.0,0.0012975037
44,105,4.0,0.0012469466
44,105,5.0,0.0013513011
44,105,6.0,0.001287059
44,105,7.0,0.0011529168
44,105,8.0,0.0014360332
44,105,9.0,0.0017508463
44,105,10.0,0.0021888267
44,105,11.0,0.0024396942
44,105,12.0,0.002144142
44,105,13.0,0.002437843
44,105,14.0,0.0023345074
44,106,0.0,0.00022334926
44,106,1.0,0.000971783
44,106,2.0,0.0008692442
44,106,3.0,0.0030136802
44,106,4.0,0.0030260377
44,106,5.0,0.003093359
44,106,6.0,0.0031069466
44,106,7.0,0.0038327044
44,106,8.0,0.0042901617
44,106,9.0,0.0039198752
44,106,10.0,0.0057591083
44,106,11.0,0.0055236258
44,106,12.0,0.006007827
44,106,13.0,0.008872528
44,106,14.0,0.005500975
44,107,0.0,0.000638796
44,107,1.0,0.00131882
44,107,2.0,0.0026770132
44,107,3.0,0.004598919
44,107,4.0,0.005723612
44,107,5.0,0.00663397
44,107,6.0,0.007292941
44,107,7.0,0.010185498
44,107,8.0,0.009517556
44,107,9.0,0.009614217
44,107,10.0,0.011006689
44,107,11.0,0.013910779
44,107,12.0,0.017112246
44,107,13.0,0.019985612
44,107,14.0,0.016452394
44,108,0.0,0.0043569864
44,108,1.0,0.0047694715
44,108,2.0,0.009031889
44,108,3.0,0.015243097
44,108,4.0,0.017198369
44,108,5.0,0.01908514
44,108,6.0,0.018925926
44,108,7.0,0.0173829
44,108,8.0,0.02085385
44,108,9.0,0.024748672
44,108,10.0,0.026608355
44,108,11.0,0.039983224
44,108,12.0,0.044162042
44,108,13.0,0.038178273
44,108,14.0,0.03893665
44,109,0.0,0.0018298434
44,109,1.0,0.0037503794
44,109,2.0,0.0063080397
44,109,3.0,0.008165962
44,109,4.0,0.011829557
44,109,5.0,0.014118235
44,109,6.0,0.021813877
44,109,7.0,0.024597764
44,109,8.0,0.023178391
44,109,9.0,0.025750114
44,109,10.0,0.033047915
44,109,11.0,0.048536684
44,109,12.0,0.055883057
44,109,13.0,0.07466054
44,109,14.0,0.06610578
44,110,0.0,0.0017981209
44,110,1.0,0.0059518144
44,110,2.0,0.0068958476
44,110,3.0,0.017788472
44,110,4.0,0.023513377
44,110,5.0,0.024002641
44,110,6.0,0.023582108
44,110,7.0,0.03903546
44,110,8.0,0.042763185
44,110,9.0,0.047075048
44,110,10.0,0.057740685
44,110,11.0,0.07715705
44,110,12.0,0.08884415
44,110,13.0,0.08199371
44,110,14.0,0.078391075
44,111,0.0,0.0030836156
44,111,1.0,0.0046301335
44,111,2.0,0.005772263
44,111,3.0,0.012375991
44,111,4.0,0.014763213
44,111,5.0,0.022754263
44,111,6.0,0.030302495
44,111,7.0,0.03595316
44,111,8.0,0.03920443
44,111,9.0,0.047137503
44,111,10.0,0.059796833
44,111,11.0,0.08986908
44,111,12.0,0.097691365
44,111,13.0,0.09568785
44,111,14.0,0.08309086
44,112,0.0,0.0012326163
44,112,1.0,0.004627004
44,112,2.0,0.0073335753
44,112,3.0,0.009935694
44,112,4.0,0.014110202
44,112,5.0,0.01878137
44,112,6.0,0.02382464
44,112,7.0,0.030491063
44,112,8.0,0.04147096
44,112,9.0,0.051728263
44,112,10.0,0.041568443
44,112,11.0,0.046487004
44,112,12.0,0.052436545
44,112,13.0,0.05830351
44,112,14.0,0.071914904
44,113,0.0,0.0007569473
44,113,1.0,0.00092805614
44,113,2.0,0.00217583
44,113,3.0,0.0030380827
44,113,4.0,0.003737266
44,113,5.0,0.006192595
44,113,6.0,0.011366605
44,113,7.0,0.011377747
44,113,8.0,0.012358539
44,113,9.0,0.015153043
44,113,10.0,0.020516051
44,113,11.0,0.026011351
44,113,12.0,0.030379454
44,113,13.0,0.029770553
44,113,14.0,0.03731632
44,114,0.0,0.00044617295
44,114,1.0,0.0010567885
44,114,2.0,0.0021164974
44,114,3.0,0.003909434
44,114,4.0,0.0072732745
44,114,5.0,0.007142927
44,114,6.0,0.008086108
44,114,7.0,0.007709652
44,114,8.0,0.009153599
44,114,9.0,0.009818018
44,114,10.0,0.012022948
44,114,11.0,0.015678357
44,114,12.0,0.014860042
44,114,13.0,0.017752074
44,114,14.0,0.017358202
44,115,0.0,0.0002276462
44,115,1.0,0.00029008163
44,115,2.0,0.0007573751
44,115,3.0,0.0007360471
44,115,4.0,0.000777296
44,115,5.0,0.0010296021
44,115,6.0,0.0012870237
44,115,7.0,0.0016663136
44,115,8.0,0.001915438
44,115,9.0,0.0024420281
44,115,10.0,0.0030749715
44,115,11.0,0.003278096
44,115,12.0,0.0044241194
44,115,13.0,0.0052927746
44,115,14.0,0.006672618
44,116,0.0,0.0
44,116,1.0,0.0
44,116,2.0,3.4057743e-05
44,116,3.0,2.9533355e-06
44,116,4.0,8.619199e-05
44,116,5.0,0.00016122317
44,116,6.0,0.00019147436
44,116,7.0,0.00019577306
44,116,8.0,0.00023979867
44,116,9.0,0.00021674171
44,116,10.0,0.00011303401
44,116,11.0,0.00016863897
44,116,12.0,0.00033677716
44,116,13.0,0.0003205982
44,116,14.0,0.00061267783
44,117,0.0,3.8953257e-07
44,117,1.0,2.2740551e-07
44,117,2.0,4.3212957e-08
44,117,3.0,3.683878e-06
44,117,4.0,8.153481e-05
44,117,5.0,5.4807435e-05
44,117,6.0,3.487403e-05
44,117,7.0,1.345897e-05
44,117,8.0,3.5819776e-06
44,117,9.0,2.8652537e-06
44,117,10.0,4.289231e-05
44,117,11.0,7.963985e-05
44,117,12.0,0.00014867706
44,117,13.0,0.0001312442
44,117,14.0,0.00015124396
44,118,0.0,0.0
44,118,1.0,0.0
44,118,2.0,3.8001467e-06
44,118,3.0,5.5565597e-06
44,118,4.0,9.909666e-06
44,118,5.0,2.505205e-06
44,118,6.0,3.943144e-06
44,118,7.0,1.7008765e-06
44,118,8.0,6.1717697e-07
44,118,9.0,5.183325e-07
44,118,10.0,3.2316427e-07
44,118,11.0,2.6708484e-08
44,118,12.0,5.979211e-08
44,118,13.0,7.4144154e-06
44,118,14.0,9.69228e-06
44,119,0.0,0.0
44,119,1.0,2.2677467e-08
44,119,2.0,0.0
44,119,3.0,0.0
44,119,4.0,1.1513544e-07
44,119,5.0,1.0642278e-07
44,119,6.0,3.2215692e-09
44,119,7.0,3.6703545e-07
44,119,8.0,7.875758e-07
44,119,9.0,6.5961166e-07
44,119,10.0,3.9369286e-08
44,119,11.0,0.0
44,119,12.0,0.0
44,119,13.0,0.0
44,119,14.0,0.0
44,120,0.0,0.0
44,120,1.0,0.0
44,120,2.0,1.0099884e-09
44,120,3.0,0.0
44,120,4.0,0.0
44,120,5.0,4.0785705e-11
44,120,6.0,1.9643912e-07
44,120,7.0,7.494018e-12
44,120,8.0,2.2766322e-10
44,120,9.0,4.2353022e-08
44,120,10.0,4.572703e-08
44,120,11.0,0.0
44,120,12.0,7.108642e-09
44,120,13.0,3.5187307e-07
44,120,14.0,3.1368305e-07
44,121,0.0,0.0
44,121,1.0,2.0700317e-09
44,121,2.0,0.0
44,121,3.0,0.0
44,121,4.0,0.0
44,121,5.0,0.0
44,121,6.0,0.0
44,121,7.0,0.0
44,121,8.0,0.0
44,121,9.0,0.0
44,121,10.0,0.0
44,121,11.0,0.0
44,121,12.0,6.951375e-11
44,121,13.0,2.1441715e-09
44,121,14.0,3.6370317e-08
44,122,0.0,0.0
44,122,1.0,0.0
44,122,2.0,0.0
44,122,3.0,0.0
44,122,4.0,0.0
44,122,5.0,0.0
44,122,6.0,0.0
44,122,7.0,8.9661345e-09
44,122,8.0,2.1641856e-07
44,122,9.0,3.749409e-08
44,122,10.0,2.1752335e-07
44,122,11.0,3.829378e-07
44,122,12.0,0.0
44,122,13.0,1.6273624e-08
44,122,14.0,1.6949954e-07
44,123,0.0,6.3713287e-07
44,123,1.0,7.535049e-07
44,123,2.0,3.4051087e-07
44,123,3.0,3.6185295e-07
44,123,4.0,3.1180477e-07
44,123,5.0,2.0498097e-08
44,123,6.0,2.4497047e-07
44,123,7.0,4.4168522e-07
44,123,8.0,1.1477877e-07
44,123,9.0,3.2027135e-08
44,123,10.0,5.521819e-09
44,123,11.0,0.0
44,123,12.0,0.0
44,123,13.0,9.640719e-09
44,123,14.0,0.0
44,124,0.0,0.0
44,124,1.0,0.0
44,124,2.0,0.0
44,124,3.0,3.881248e-09
44,124,4.0,4.834215e-08
44,124,5.0,0.0
44,124,6.0,2.4582425e-07
44,124,7.0,1.2572787e-07
44,124,8.0,0.0
44,124,9.0,0.0
44,124,10.0,0.0
44,124,11.0,3.192204e-10
44,124,12.0,5.117243e-08
44,124,13.0,0.0
44,124,14.0,1.6261346e-10
45,100,0.0,7.004105e-08
45,100,1.0,6.7409737e-06
45,100,2.0,2.9307616e-06
45,100,3.0,9.755732e-10
45,100,4.0,0.0
45,100,5.0,8.868683e-08
45,100,6.0,2.5529334e-06
45,100,7.0,4.861365e-06
45,100,8.0,3.8692608e-07
45,100,9.0,8.661179e-11
45,100,10.0,2.4318953e-07
45,100,11.0,5.034168e-06
45,100,12.0,4.8907937e-06
45,100,13.0,2.162435e-06
45,100,14.0,0.0
45,101,0.0,0.0
45,101,1.0,8.743132e-08
45,101,2.0,2.0981936e-06
45,101,3.0,0.0
45,101,4.0,0.0
45,101,5.0,0.0
45,101,6.0,0.0
45,101,7.0,8.262475e-09
45,101,8.0,5.1584584e-06
45,101,9.0,4.464404e-06
45,101,10.0,2.6910216e-06
45,101,11.0,9.425718e-06
45,101,12.0,9.231641e-06
45,101,13.0,3.67857e-06
45,101,14.0,3.371055e-06
45,102,0.0,0.0
45,102,1.0,6.993271e-09
45,102,2.0,0.0
45,102,3.0,0.0
45,102,4.0,0.0
45,102,5.0,2.904343e-10
45,102,6.0,4.3331298e-08
45,102,7.0,7.0090564e-08
45,102,8.0,1.2048525e-08
45,102,9.0,0.0
45,102,10.0,0.0
45,102,11.0,3.092222e-07
45,102,12.0,1.868614e-06
45,102,13.0,4.4610456e-06
45,102,14.0,4.608329e-06
45,103,0.0,1.4126491e-06
45,103,1.0,2.947504e-11
45,103,2.0,0.0
45,103,3.0,0.0
45,103,4.0,0.0
45,103,5.0,0.0
45,103,6.0,1.31776945e-08
45,103,7.0,0.0
45,103,8.0,0.0
45,103,9.0,7.3568245e-09
45,103,10.0,1.5612255e-07
45,103,11.0,8.074847e-07
45,103,12.0,1.8595954e-06
45,103,13.0,7.6681323e-07
45,103,14.0,1.119771e-06
45,104,0.0,1.6163273e-08
45,104,1.0,0.0
45,104,2.0,0.0
45,104,3.0,0.0
45,104,4.0,0.0
45,104,5.0,0.0
45,104,6.0,0.0
45,104,7.0,0.0
45,104,8.0,4.7772186e-09
45,104,9.0,0.0
45,104,10.0,0.0
45,104,11.0,8.098043e-09
45,104,12.0,4.0719044e-07
45,104,13.0,6.1670903e-07
45,104,14.0,0.0
45,105,0.0,3.9260712e-08
45,105,1.0,6.741822e-07
45,105,2.0,8.628136e-07
45,105,3.0,6.051842e-06
45,105,4.0,0.0
45,105,5.0,1.2216556e-05
45,105,6.0,1.1697138e-05
45,105,7.0,2.9047506e-08
45,105,8.0,1.1924319e-08
45,105,9.0,2.2910367e-08
45,105,10.0,1.4530223e-06
45,105,11.0,4.7819613e-05
45,105,12.0,5.6268514e-06
45,105,13.0,2.0242262e-06
45,105,14.0,1.4686702e-06
45,106,0.0,7.6540914e-07
45,106,1.0,2.4107713e-08
45,106,2.0,5.1676657e-06
45,106,3.0,7.193636e-07
45,106,4.0,2.00389e-08
45,106,5.0,5.147809e-07
45,106,6.0,1.1242072e-06
45,106,7.0,1.6379853e-06
45,106,8.0,2.1973556e-06
45,106,9.0,3.569971e-06
45,106,10.0,5.1046295e-06
45,106,11.0,5.4121214e-05
45,106,12.0,1.7916904e-05
45,106,13.0,3.1389514e-05
45,106,14.0,5.4025517e-05
45,107,0.0,3.6802675e-07
45,107,1.0,2.0132472e-06
45,107,2.0,1.7606453e-05
45,107,3.0,1.723159e-05
45,107,4.0,1.6062302e-05
45,107,5.0,3.6194826e-05
45,107,6.0,3.602265e-05
45,107,7.0,0.0001726417
45,107,8.0,8.8915134e-05
45,107,9.0,0.00015032101
45,107,10.0,0.0005163546
45,107,11.0,0.00046416643
45,107,12.0,0.00061768835
45,107,13.0,0.0009347757
45,107,14.0,0.00067642605
45,108,0.0,1.922863e-07
45,108,1.0,8.499716e-06
45,108,2.0,3.0374324e-05
45,108,3.0,7.211166e-05
45,108,4.0,0.000102004604
45,108,5.0,0.00035321031
45,108,6.0,0.00020099065
45,108,7.0,0.00046694683
45,108,8.0,0.0003953979
45,108,9.0,0.00059711235
45,108,10.0,0.00057715556
45,108,11.0,0.002448651
45,108,12.0,0.0010030442
45,108,13.0,0.0011857504
45,108,14.0,0.0010355362
45,109,0.0,1.1127691e-05
45,109,1.0,0.00014224307
45,109,2.0,0.0005294316
45,109,3.0,0.001084967
45,109,4.0,0.0009454713
45,109,5.0,0.0014113372
45,109,6.0,0.0016285676
45,109,7.0,0.0024274073
45,109,8.0,0.0017979349
45,109,9.0,0.0029105193
45,109,10.0,0.0036627399
45,109,11.0,0.008520575
45,109,12.0,0.010231904
45,109,13.0,0.012683584
45,109,14.0,0.008057022
45,110,0.0,1.7955614e-05
45,110,1.0,0.00020295358
45,110,2.0,0.0010675166
45,110,3.0,0.0016296963
45,110,4.0,0.001574842
45,110,5.0,0.0035516692
45,110,6.0,0.0047648204
45,110,7.0,0.0041776253
45,110,8.0,0.0044323932
45,110,9.0,0.005216631
45,110,10.0,0.0074914023
45,110,11.0,0.014766621
45,110,12.0,0.019439118
45,110,13.0,0.019892
45,110,14.0,0.018679146
45,111,0.0,0.00043347263
45,111,1.0,0.0013027347
45,111,2.0,0.0037111987
45,111,3.0,0.006039103
45,111,4.0,0.008457409
45,111,5.0,0.014452615
45,111,6.0,0.016018376
45,111,7.0,0.014329534
45,111,8.0,0.015445897
45,111,9.0,0.019020073
45,111,10.0,0.027109224
45,111,11.0,0.043292638
45,111,12.0,0.051538296
45,111,13.0,0.05274225
45,111,14.0,0.05482174
45,112,0.0,0.00076822465
45,112,1.0,0.0014355392
45,112,2.0,0.0029140986
45,112,3.0,0.005715905
45,112,4.0,0.008887346
45,112,5.0,0.015615076
45,112,6.0,0.019709976
45,112,7.0,0.019209394
45,112,8.0,0.019761063
45,112,9.0,0.02499618
45,112,10.0,0.037490677
45,112,11.0,0.05287798
45,112,12.0,0.065223046
45,112,13.0,0.06865716
45,112,14.0,0.068060145
45,113,0.0,0.0009324933
45,113,1.0,0.0030096543
45,113,2.0,0.007967807
45,113,3.0,0.015325554
45,113,4.0,0.023494672
45,113,5.0,0.032890297
45,113,6.0,0.037529215
45,113,7.0,0.038718227
45,113,8.0,0.041054983
45,113,9.0,0.047291163
45,113,10.0,0.06010687
45,113,11.0,0.07901311
45,113,12.0,0.09240759
45,113,13.0,0.09623161
45,113,14.0,0.09646455
45,114,0.0,0.0010692653
45,114,1.0,0.0029856577
45,114,2.0,0.006421102
45,114,3.0,0.011638411
45,114,4.0,0.017327584
45,114,5.0,0.025512539
45,114,6.0,0.030482968
45,114,7.0,0.030689457
45,114,8.0,0.0316528
45,114,9.0,0.03648347
45,114,10.0,0.04846585
45,114,11.0,0.06616233
45,114,12.0,0.07680767
45,114,13.0,0.079793364
45,114,14.0,0.07938277
45,115,0.0,0.001017047
45,115,1.0,0.002581188
45,115,2.0,0.006029286
45,115,3.0,0.011595607
45,115,4.0,0.018679256
45,115,5.0,0.028111942
45,115,6.0,0.032117818
45,115,7.0,0.031819373
45,115,8.0,0.032551598
45,115,9.0,0.03642433
45,115,10.0,0.046277124
45,115,11.0,0.060897835
45,115,12.0,0.07181403
45,115,13.0,0.0599032
45,115,14.0,0.058441225
45,116,0.0,0.0005184899
45,116,1.0,0.0015873904
45,116,2.0,0.0024987669
45,116,3.0,0.004673846
45,116,4.0,0.007356874
45,116,5.0,0.014025355
45,116,6.0,0.017493267
45,116,7.0,0.017743358
45,116,8.0,0.01768162
45,116,9.0,0.019768186
45,116,10.0,0.02554473
45,116,11.0,0.030920038
45,116,12.0,0.030251842
45,116,13.0,0.034330174
45,116,14.0,0.035539646
45,117,0.0,8.5560096e-05
45,117,1.0,0.0008854636
45,117,2.0,0.0021338407
45,117,3.0,0.0039517535
45,117,4.0,0.0055604707
45,117,5.0,0.008825922
45,117,6.0,0.0100517
45,117,7.0,0.009673227
45,117,8.0,0.009301432
45,117,9.0,0.010483204
45,117,10.0,0.014280238
45,117,11.0,0.017740348
45,117,12.0,0.018159254
45,117,13.0,0.020208435
45,117,14.0,0.018507587
45,118,0.0,1.2151537e-05
45,118,1.0,6.0909937e-05
45,118,2.0,0.00056800654
45,118,3.0,0.0013692677
45,118,4.0,0.0013999764
45,118,5.0,0.0018781818
45,118,6.0,0.0027248512
45,118,7.0,0.0026236665
45,118,8.0,0.0023079955
45,118,9.0,0.0025747316
45,118,10.0,0.004287118
45,118,11.0,0.0049876277
45,118,12.0,0.0043184306
45,118,13.0,0.005526313
45,118,14.0,0.006108785
45,119,0.0,0.0
45,119,1.0,7.036017e-05
45,119,2.0,0.00024347594
45,119,3.0,0.00044182694
45,119,4.0,0.00063479604
45,119,5.0,0.0005441811
45,119,6.0,0.0006537568
45,119,7.0,0.0006582619
45,119,8.0,0.00078281184
45,119,9.0,0.00094979216
45,119,10.0,0.0010625619
45,119,11.0,0.00060694007
45,119,12.0,0.0012672871
45,119,13.0,0.0018870607
45,119,14.0,0.0019221666
45,120,0.0,0.0
45,120,1.0,0.0
45,120,2.0,8.373081e-06
45,120,3.0,2.0805071e-05
45,120,4.0,3.4009314e-05
45,120,5.0,1.6068949e-05
45,120,6.0,2.5920805e-05
45,120,7.0,2.5573914e-05
45,120,8.0,4.052243e-05
45,120,9.0,8.606964e-06
45,120,10.0,0.00010160574
45,120,11.0,2.554576e-05
45,120,12.0,8.251939e-05
45,120,13.0,0.00020269067
45,120,14.0,0.00021396457
45,121,0.0,0.0
45,121,1.0,1.2309167e-06
45,121,2.0,4.457986e-06
45,121,3.0,2.5490806e-05
45,121,4.0,3.80876e-05
45,121,5.0,2.810992e-06
45,121,6.0,1.4352653e-06
45,121,7.0,0.0
45,121,8.0,0.0
45,121,9.0,1.6570694e-07
45,121,10.0,5.2693056e-05
45,121,11.0,6.859802e-05
45,121,12.0,7.7426725e-05
45,121,13.0,2.2960905e-05
45,121,14.0,2.8325625e-05
45,122,0.0,0.0
45,122,1.0,0.0
45,122,2.0,0.0
45,122,3.0,2.8752947e-06
45,122,4.0,5.573514e-06
45,122,5.0,8.7825657e-07
45,122,6.0,0.0
45,122,7.0,0.0
45,122,8.0,4.299212e-07
45,122,9.0,0.0
45,122,10.0,2.0075763e-06
45,122,11.0,0.0
45,122,12.0,0.0
45,122,13.0,3.4200262e-10
45,122,14.0,2.7106687e-08
45,123,0.0,0.0
45,123,1.0,0.0
45,123,2.0,5.269083e-06
45,123,3.0,1.371683e-05
45,123,4.0,3.895931e-06
45,123,5.0,1.6683113e-06
45,123,6.0,4.6575947e-06
45,123,7.0,8.161789e-07
45,123,8.0,2.402655e-07
45,123,9.0,0.0
45,123,10.0,0.0
45,123,11.0,1.4047099e-06
45,123,12.0,3.9465444e-06
45,123,13.0,6.1235994e-07
45,123,14.0,3.8798092e-07
45,124,0.0,0.0
45,124,1.0,0.0
45,124,2.0,1.1529856e-06
45,124,3.0,1.8417535e-05
45,124,4.0,1.7789396e-05
45,124,5.0,2.1874323e-06
45,124,6.0,1.7903618e-08
45,124,7.0,0.0
45,124,8.0,0.0
45,124,9.0,0.0
45,124,10.0,0.0
45,124,11.0,0.0
45,124,12.0,0.0
45,124,13.0,2.5135043e-06
45,124,14.0,1.9740687e-06
45,125,0.0,0.0
45,125,1.0,0.0
45,125,2.0,1.9055182e-08
45,125,3.0,5.268317e-06
45,125,4.0,5.3640197e-06
45,125,5.0,3.154802e-06
45,125,6.0,2.408814e-06
45,125,7.0,1.3629332e-06
45,125,8.0,9.038264e-09
45,125,9.0,0.0
45,125,10.0,3.142179e-06
45,125,11.0,8.48916e-07
45,125,12.0,0.0
45,125,13.0,0.0
45,125,14.0,3.2503252e-07
45,126,0.0,0.0
45,126,1.0,0.0
45,126,2.0,0.0
45,126,3.0,1.1260097e-06
45,126,4.0,1.5155013e-06
45,126,5.0,4.053162e-07
45,126,6.0,2.266725e-07
45,126,7.0,6.802113e-08
45,126,8.0,2.1297342e-06
45,126,9.0,1.2327032e-05
45,126,10.0,0.0
45,126,11.0,1.2665537e-07
45,126,12.0,3.4161342e-06
45,126,13.0,6.060837e-06
45,126,14.0,6.137678e-07
45,127,0.0,6.158462e-07
45,127,1.0,1.8023878e-06
45,127,2.0,1.5777895e-06
45,127,3.0,1.9038529e-06
45,127,4.0,2.081068e-06
45,127,5.0,6.5351395e-07
45,127,6.0,4.77598e-08
45,127,7.0,0.0
45,127,8.0,0.0
45,127,9.0,0.0
45,127,10.0,0.0
45,127,11.0,3.506268e-07
45,127,12.0,1.4042387e-06
45,127,13.0,4.6883605e-07
45,127,14.0,7.0013175e-07
45,128,0.0,5.667224e-07
45,128,1.0,1.0716776e-06
45,128,2.0,9.6829154e-08
45,128,3.0,3.423764e-08
45,128,4.0,2.4133405e-07
45,128,5.0,6.304066e-07
45,128,6.0,7.1262164e-08
45,128,7.0,8.479922e-08
45,128,8.0,6.5724755e-08
45,128,9.0,3.329476e-08
45,128,10.0,4.5765677e-07
45,128,11.0,9.246189e-09
45,128,12.0,5.0596213e-08
45,128,13.0,4.1532485e-06
45,128,14.0,2.2700767e-06
46,102,0.0,0.0
46,102,1.0,0.0
46,102,2.0,1.6161762e-12
46,102,3.0,5.0457245e-08
46,102,4.0,2.7503538e-07
46,102,5.0,0.0
46,102,6.0,5.054885e-06
46,102,7.0,4.3343316e-06
46,102,8.0,1.3901431e-06
46,102,9.0,6.801958e-07
46,102,10.0,1.4204761e-06
46,102,11.0,6.864832e-06
46,102,12.0,0.0
46,102,13.0,0.0
46,102,14.0,3.3083847e-08
46,103,0.0,0.0
46,103,1.0,3.4164833e-07
46,103,2.0,1.0492718e-07
46,103,3.0,6.7180648e-09
46,103,4.0,1.4922566e-06
46,103,5.0,0.0
46,103,6.0,0.0
46,103,7.0,6.1982273e-09
46,103,8.0,9.2837595e-08
46,103,9.0,1.01793106e-07
46,103,10.0,0.0
46,103,11.0,0.0
46,103,12.0,0.0
46,103,13.0,0.0
46,103,14.0,0.0
46,104,0.0,0.0
46,104,1.0,1.9921163e-07
46,104,2.0,0.0
46,104,3.0,2.1460804e-07
46,104,4.0,1.3354668e-06
46,104,5.0,2.106573e-06
46,104,6.0,2.1312414e-06
46,104,7.0,1.2775862e-06
46,104,8.0,7.2873155e-07
46,104,9.0,5.134592e-07
46,104,10.0,1.8422608e-06
46,104,11.0,8.7138494e-07
46,104,12.0,1.5540712e-07
46,104,13.0,0.0
46,104,14.0,0.0
46,105,0.0,1.030171e-06
46,105,1.0,1.1521768e-08
46,105,2.0,2.5309133e-08
46,105,3.0,1.8940652e-10
46,105,4.0,1.2846368e-07
46,105,5.0,4.096432e-07
46,105,6.0,5.465652e-07
46,105,7.0,1.5224385e-08
46,105,8.0,8.082562e-11
46,105,9.0,2.1737229e-08
46,105,10.0,2.8943922e-10
46,105,11.0,4.679489e-09
46,105,12.0,6.0722996e-09
46,105,13.0,0.0
46,105,14.0,0.0
46,106,0.0,0.0
46,106,1.0,0.0
46,106,2.0,0.0
46,106,3.0,2.0742211e-10
46,106,4.0,1.3293891e-08
46,106,5.0,2.205085e-06
46,106,6.0,2.6251812e-06
46,106,7.0,8.9079165e-08
46,106,8.0,3.6254164e-08
46,106,9.0,1.2775116e-07
46,106,10.0,2.1019393e-09
46,106,11.0,0.0
46,106,12.0,0.0
46,106,13.0,4.8378443e-08
46,106,14.0,2.4530677e-06
46,107,0.0,0.0
46,107,1.0,1.3492361e-07
46,107,2.0,0.0
46,107,3.0,5.481275e-08
46,107,4.0,0.0
46,107,5.0,1.899848e-06
46,107,6.0,1.6431613e-06
46,107,7.0,1.8846117e-06
46,107,8.0,1.8454518e-06
46,107,9.0,1.3786412e-06
46,107,10.0,1.0295208e-06
46,107,11.0,1.5206335e-06
46,107,12.0,4.256804e-06
46,107,13.0,6.4151305e-07
46,107,14.0,0.0
46,108,0.0,0.0
46,108,1.0,0.0
46,108,2.0,0.0
46,108,3.0,0.0
46,108,4.0,0.0
46,108,5.0,0.0
46,108,6.0,7.052774e-07
46,108,7.0,1.129809e-06
46,108,8.0,1.2405544e-06
46,108,9.0,2.6624032e-06
46,108,10.0,4.490484e-06
46,108,11.0,1.7689484e-06
46,108,12.0,1.4434102e-08
46,108,13.0,9.258249e-06
46,108,14.0,8.9837865e-10
46,109,0.0,0.0
46,109,1.0,0.0
46,109,2.0,0.0
46,109,3.0,0.0
46,109,4.0,0.0
46,109,5.0,2.2292947e-07
46,109,6.0,1.6872544e-07
46,109,7.0,3.4195512e-08
46,109,8.0,4.0008945e-08
46,109,9.0,4.0497358e-07
46,109,10.0,4.6612745e-06
46,109,11.0,2.8245995e-05
46,109,12.0,7.374315e-05
46,109,13.0,0.00015452242
46,109,14.0,5.744754e-05
46,110,0.0,0.0
46,110,1.0,8.101173e-14
46,110,2.0,2.1506565e-07
46,110,3.0,3.1198862e-05
46,110,4.0,0.0002537492
46,110,5.0,0.00020236237
46,110,6.0,0.00010612594
46,110,7.0,0.00015074128
46,110,8.0,3.2899257e-05
46,110,9.0,5.844452e-05
46,110,10.0,0.00029405992
46,110,11.0,0.0008627398
46,110,12.0,0.001275389
46,110,13.0,0.0014316229
46,110,14.0,0.0012605306
46,111,0.0,6.2915606e-06
46,111,1.0,1.2581437e-05
46,111,2.0,9.594202e-05
46,111,3.0,0.00018358933
46,111,4.0,0.0009608339
46,111,5.0,0.0008497905
46,111,6.0,0.0008529641
46,111,7.0,0.001430344
46,111,8.0,0.00080438337
46,111,9.0,0.0008819697
46,111,10.0,0.001523334
46,111,11.0,0.0020329081
46,111,12.0,0.002200152
46,111,13.0,0.0022176555
46,111,14.0,0.002863635
46,112,0.0,7.6173295e-05
46,112,1.0,0.0001063243
46,112,2.0,0.000498057
46,112,3.0,0.001260585
46,112,4.0,0.0017988436
46,112,5.0,0.0022464725
46,112,6.0,0.003985159
46,112,7.0,0.003702022
46,112,8.0,0.003050067
46,112,9.0,0.0038809592
46,112,10.0,0.0072439634
46,112,11.0,0.0135013005
46,112,12.0,0.01678381
46,112,13.0,0.013615877
46,112,14.0,0.011152503
46,113,0.0,0.00026448452
46,113,1.0,0.00080009893
46,113,2.0,0.0016292207
46,113,3.0,0.0044613034
46,113,4.0,0.0046693976
46,113,5.0,0.007382772
46,113,6.0,0.007738859
46,113,7.0,0.011391014
46,113,8.0,0.0073686275
46,113,9.0,0.008128028
46,113,10.0,0.014462251
46,113,11.0,0.016148191
46,113,12.0,0.018952498
46,113,13.0,0.026240801
46,113,14.0,0.022031387
46,114,0.0,0.0007692518
46,114,1.0,0.0011097612
46,114,2.0,0.0034355007
46,114,3.0,0.0049890494
46,114,4.0,0.008421723
46,114,5.0,0.013632512
46,114,6.0,0.025541063
46,114,7.0,0.027661303
46,114,8.0,0.0274407
46,114,9.0,0.03048229
46,114,10.0,0.03338875
46,114,11.0,0.04571272
46,114,12.0,0.05328966
46,114,13.0,0.05319723
46,114,14.0,0.05634065
46,115,0.0,0.00079880125
46,115,1.0,0.0027032925
46,115,2.0,0.0082677
46,115,3.0,0.009843022
46,115,4.0,0.014374893
46,115,5.0,0.018767282
46,115,6.0,0.020089388
46,115,7.0,0.02547259
46,115,8.0,0.022629725
46,115,9.0,0.02626807
46,115,10.0,0.04049201
46,115,11.0,0.048288137
46,115,12.0,0.050608613
46,115,13.0,0.057205185
46,115,14.0,0.06649243
46,116,0.0,0.0012578521
46,116,1.0,0.005569244
46,116,2.0,0.010289047
46,116,3.0,0.016543841
46,116,4.0,0.022846317
46,116,5.0,0.029030897
46,116,6.0,0.037937578
46,116,7.0,0.04140218
46,116,8.0,0.044209763
46,116,9.0,0.047443423
46,116,10.0,0.050387483
46,116,11.0,0.063915916
46,116,12.0,0.07171255
46,116,13.0,0.07479531
46,116,14.0,0.078492425
46,117,0.0,0.0014540941
46,117,1.0,0.003616952
46,117,2.0,0.007186617
46,117,3.0,0.01249708
46,117,4.0,0.015038231
46,117,5.0,0.01730701
46,117,6.0,0.020958155
46,117,7.0,0.019345267
46,117,8.0,0.021969894
46,117,9.0,0.026028197
46,117,10.0,0.034337968
46,117,11.0,0.040714603
46,117,12.0,0.04768488
46,117,13.0,0.056392375
46,117,14.0,0.05972748
46,118,0.0,0.0006544771
46,118,1.0,0.0027533807
46,118,2.0,0.006654968
46,118,3.0,0.005993192
46,118,4.0,0.009154412
46,118,5.0,0.011410242
46,118,6.0,0.012598528
46,118,7.0,0.016026378
46,118,8.0,0.017796876
46,118,9.0,0.017814225
46,118,10.0,0.01948966
46,118,11.0,0.020948388
46,118,12.0,0.024778549
46,118,13.0,0.030757518
46,118,14.0,0.023584837
46,119,0.0,0.00036763927
46,119,1.0,0.001682917
46,119,2.0,0.0033307886
46,119,3.0,0.004768956
46,119,4.0,0.0060747
46,119,5.0,0.007868518
46,119,6.0,0.007220951
46,119,7.0,0.0072444323
46,119,8.0,0.006931827
46,119,9.0,0.007813788
46,119,10.0,0.009630016
46,119,11.0,0.010945752
46,119,12.0,0.015078862
46,119,13.0,0.01493803
46,119,14.0,0.01506444
46,120,0.0,2.4345656e-05
46,120,1.0,0.00054936146
46,120,2.0,0.001667318
46,120,3.0,0.0027871137
46,120,4.0,0.00240373
46,120,5.0,0.0032570332
46,120,6.0,0.004218997
46,120,7.0,0.0040109702
46,120,8.0,0.004147999
46,120,9.0,0.004251275
46,120,10.0,0.005157557
46,120,11.0,0.005920903
46,120,12.0,0.0049443627
46,120,13.0,0.004404025
46,120,14.0,0.0046715736
46,121,0.0,2.1827744e-05
46,121,1.0,0.00015994301
46,121,2.0,0.00037669955
46,121,3.0,0.00047789642
46,121,4.0,0.00049308053
46,121,5.0,0.00060475443
46,121,6.0,0.00071879965
46,121,7.0,0.0006898951
46,121,8.0,0.00060124864
46,121,9.0,0.00058576016
46,121,10.0,0.0007130965
46,121,11.0,0.00086736766
46,121,12.0,0.0010757011
46,121,13.0,0.0009835182
46,121,14.0,0.0011005176
46,122,0.0,1.2872862e-07
46,122,1.0,6.6952744e-06
46,122,2.0,3.1618754e-05
46,122,3.0,0.00014232288
46,122,4.0,0.00017518197
46,122,5.0,0.00019188214
46,122,6.0,0.00024554296
46,122,7.0,0.00029025457
46,122,8.0,0.00028956882
46,122,9.0,0.00034701586
46,122,10.0,0.0004618873
46,122,11.0,0.0005920808
46,122,12.0,0.0006299929
46,122,13.0,0.0007852184
46,122,14.0,0.00035492016
46,123,0.0,9.423558e-09
46,123,1.0,6.7271952e-09
46,123,2.0,3.967633e-07
46,123,3.0,3.4443303e-05
46,123,4.0,5.032914e-05
46,123,5.0,2.2066004e-05
46,123,6.0,4.6939265e-05
46,123,7.0,5.5139055e-05
46,123,8.0,4.9867773e-05
46,123,9.0,4.1030857e-05
46,123,10.0,2.61309e-05
46,123,11.0,1.7538207e-05
46,123,12.0,1.7735922e-05
46,123,13.0,2.6034495e-06
46,123,14.0,1.1304844e-05
46,124,0.0,0.0
46,124,1.0,0.0
46,124,2.0,2.2373798e-09
46,124,3.0,6.217351e-07
46,124,4.0,1.4659609e-05
46,124,5.0,3.1058002e-07
46,124,6.0,9.829507e-07
46,124,7.0,9.313231e-08
46,124,8.0,4.100259e-07
46,124,9.0,1.0469027e-07
46,124,10.0,3.7095322e-09
46,124,11.0,0.0
46,124,12.0,1.8472466e-08
46,124,13.0,0.0
46,124,14.0,0.0
46,125,0.0,0.0
46,125,1.0,4.754287e-10
46,125,2.0,2.3785302e-07
46,125,3.0,9.903414e-07
46,125,4.0,6.518284e-07
46,125,5.0,0.0
46,125,6.0,0.0
46,125,7.0,4.375837e-08
46,125,8.0,3.0550652e-07
46,125,9.0,2.475766e-07
46,125,10.0,1.4317779e-07
46,125,11.0,4.0512102e-08
46,125,12.0,9.092179e-08
46,125,13.0,1.290881e-07
46,125,14.0,6.0890017e-07
46,126,0.0,0.0
46,126,1.0,0.0
46,126,2.0,0.0
46,126,3.0,0.0
46,126,4.0,1.2681135e-09
46,126,5.0,1.667187e-09
46,126,6.0,0.0
46,126,7.0,0.0
46,126,8.0,0.0
46,126,9.0,7.920595e-10
46,126,10.0,6.8026225e-09
46,126,11.0,0.0
46,126,12.0,0.0
46,126,13.0,0.0
46,126,14.0,0.0
46,127,0.0,0.0
46,127,1.0,0.0
46,127,2.0,0.0
46,127,3.0,0.0
46,127,4.0,7.018195e-12
46,127,5.0,9.686169e-09
46,127,6.0,0.0
46,127,7.0,1.772612e-09
46,127,8.0,3.6628325e-08
46,127,9.0,6.1932134e-08
46,127,10.0,1.4060317e-08
46,127,11.0,1.5967506e-08
46,127,12.0,1.6735502e-08
46,127,13.0,5.4736904e-07
46,127,14.0,4.1837032e-07
46,128,0.0,2.2903134e-07
46,128,1.0,4.8330183e-08
46,128,2.0,2.0688167e-07
46,128,3.0,0.0
46,128,4.0,5.4509024e-09
46,128,5.0,9.834379e-08
46,128,6.0,1.6255258e-07
46,128,7.0,1.3455292e-07
46,128,8.0,1.2177334e-07
46,128,9.0,1.07150335e-07
46,128,10.0,3.9431182e-08
46,128,11.0,4.4640522e-09
46,128,12.0,0.0
46,128,13.0,0.0
46,128,14.0,0.0
46,129,0.0,0.0
46,129,1.0,4.9034732e-08
46,129,2.0,4.0321448e-11
46,129,3.0,7.414511e-08
46,129,4.0,9.559363e-09
46,129,5.0,0.0
46,129,6.0,5.1708044e-14
46,129,7.0,9.466525e-09
46,129,8.0,3.5321692e-09
46,129,9.0,0.0
46,129,10.0,0.0
46,129,11.0,3.030226e-08
46,129,12.0,1.6235621e-12
46,129,13.0,2.2698514e-07
46,129,14.0,2.9094374e-06
46,130,0.0,0.0
46,130,1.0,0.0
46,130,2.0,0.0
46,130,3.0,0.0
46,130,4.0,0.0
46,130,5.0,0.0
46,130,6.0,0.0
46,130,7.0,0.0
46,130,8.0,0.0
46,130,9.0,0.0
46,130,10.0,0.0
46,130,11.0,3.476393e-09
46,130,12.0,0.0
46,130,13.0,0.0
46,130,14.0,0.0
46,131,0.0,0.0
46,131,1.0,3.4740108e-08
46,131,2.0,3.321234e-08
46,131,3.0,4.5995012e-07
46,131,4.0,4.9309017e-07
46,131,5.0,2.101171e-07
46,131,6.0,0.0
46,131,7.0,4.820222e-09
46,131,8.0,4.0355573e-08
46,131,9.0,4.5938762e-08
46,131,10.0,5.202017e-10
46,131,11.0,4.091593e-10
46,131,12.0,0.0
46,131,13.0,0.0
46,131,14.0,0.0
47,105,0.0,0.0
47,105,1.0,4.6319223e-11
47,105,2.0,1.0931855e-05
47,105,3.0,0.0
47,105,4.0,0.0
47,105,5.0,0.0
47,105,6.0,4.519189e-08
47,105,7.0,0.0
47,105,8.0,1.8480571e-07
47,105,9.0,5.655276e-06
47,105,10.0,0.0
47,105,11.0,2.9362443e-05
47,105,12.0,1.6682071e-07
47,105,13.0,1.0375903e-07
47,105,14.0,0.0
47,106,0.0,3.6907402e-09
47,106,1.0,0.0
47,106,2.0,6.935155e-06
47,106,3.0,0.0
47,106,4.0,0.0
47,106,5.0,0.0
47,106,6.0,0.0
47,106,7.0,1.10351706e-07
47,106,8.0,2.6014663e-07
47,106,9.0,0.0
47,106,10.0,0.0
47,106,11.0,7.106686e-07
47,106,12.0,0.0
47,106,13.0,5.3117265e-07
47,106,14.0,0.0
47,107,0.0,1.13490145e-07
47,107,1.0,3.4599939e-06
47,107,2.0,2.0982208e-05
47,107,3.0,8.170975e-07
47,107,4.0,0.0
47,107,5.0,6.3576854e-06
47,107,6.0,4.169868e-09
47,107,7.0,0.0
47,107,8.0,0.0
47,107,9.0,0.0
47,107,10.0,0.0
47,107,11.0,9.853389e-09
47,107,12.0,1.8228018e-06
47,107,13.0,4.2388386e-08
47,107,14.0,0.0
47,108,0.0,1.3615096e-08
47,108,1.0,2.4164052e-07
47,108,2.0,0.0
47,108,3.0,1.576533e-05
47,108,4.0,7.0703696e-05
47,108,5.0,7.88391e-06
47,108,6.0,2.2214825e-05
47,108,7.0,1.1678609e-06
47,108,8.0,4.4054064e-05
47,108,9.0,5.6357935e-06
47,108,10.0,0.0
47,108,11.0,5.490084e-06
47,108,12.0,0.0
47,108,13.0,0.0
47,108,14.0,0.0
47,109,0.0,9.256403e-08
47,109,1.0,0.0
47,109,2.0,0.0
47,109,3.0,1.6265196e-05
47,109,4.0,7.244016e-05
47,109,5.0,8.839107e-06
47,109,6.0,1.04315395e-05
47,109,7.0,8.0191775e-08
47,109,8.0,1.1415519e-05
47,109,9.0,1.7501587e-07
47,109,10.0,0.0
47,109,11.0,1.5142726e-06
47,109,12.0,0.0
47,109,13.0,5.7572425e-08
47,109,14.0,4.955653e-06
47,110,0.0,5.1957653e-07
47,110,1.0,1.0143898e-06
47,110,2.0,0.0
47,110,3.0,0.0
47,110,4.0,7.708979e-06
47,110,5.0,6.7502137e-06
47,110,6.0,1.3812661e-05
47,110,7.0,0.0
47,110,8.0,1.624612e-05
47,110,9.0,4.0426017e-05
47,110,10.0,0.0
47,110,11.0,8.0574375e-07
47,110,12.0,0.0
47,110,13.0,2.7319808e-07
47,110,14.0,0.0
47,111,0.0,5.17701e-08
47,111,1.0,3.8904633e-07
47,111,2.0,0.0
47,111,3.0,2.1946475e-06
47,111,4.0,4.493485e-14
47,111,5.0,1.702478e-05
47,111,6.0,2.7669066e-05
47,111,7.0,1.566494e-06
47,111,8.0,1.7079208e-05
47,111,9.0,0.0
47,111,10.0,0.0
47,111,11.0,8.170834e-07
47,111,12.0,1.4485347e-05
47,111,13.0,7.289563e-07
47,111,14.0,1.5842286e-06
47,112,0.0,2.1423793e-05
47,112,1.0,0.0
47,112,2.0,0.0
47,112,3.0,0.0
47,112,4.0,3.2713584e-07
47,112,5.0,5.1100365e-06
47,112,6.0,1.2372962e-05
47,112,7.0,5.6520486e-05
47,112,8.0,1.384752e-06
47,112,9.0,8.5552676e-07
47,112,10.0,9.124731e-05
47,112,11.0,2.1027878e-05
47,112,12.0,1.5302378e-05
47,112,13.0,1.1518916e-05
47,112,14.0,9.3608745e-05
47,113,0.0,1.9154319e-05
47,113,1.0,1.8849071e-06
47,113,2.0,2.1885573e-05
47,113,3.0,2.9369169e-06
47,113,4.0,2.5239866e-05
47,113,5.0,6.3435014e-05
47,113,6.0,6.422387e-05
47,113,7.0,0.00022071436
47,113,8.0,0.00011126314
47,113,9.0,0.00014848194
47,113,10.0,0.00014141061
47,113,11.0,0.00085879513
47,113,12.0,0.000502037
47,113,13.0,0.00050018204
47,113,14.0,0.00046695792
47,114,0.0,3.1080534e-05
47,114,1.0,1.0339103e-06
47,114,2.0,5.9316935e-05
47,114,3.0,8.802208e-05
47,114,4.0,6.737417e-05
47,114,5.0,9.310134e-05
47,114,6.0,0.00027213333
47,114,7.0,0.0011148012
47,114,8.0,0.0009213275
47,114,9.0,0.0009296873
47,114,10.0,0.00081689237
47,114,11.0,0.0015623177
47,114,12.0,0.0023348688
47,114,13.0,0.0015937131
47,114,14.0,0.00230586
47,115,0.0,9.823109e-05
47,115,1.0,4.964304e-05
47,115,2.0,0.0010869936
47,115,3.0,0.00082558324
47,115,4.0,0.0017000801
47,115,5.0,0.0032402459
47,115,6.0,0.00575925
47,115,7.0,0.0037938873
47,115,8.0,0.006797944
47,115,9.0,0.009055615
47,115,10.0,0.00589959
47,115,11.0,0.017176406
47,115,12.0,0.016656999
47,115,13.0,0.011972041
47,115,14.0,0.012614222
47,116,0.0,0.00040198478
47,116,1.0,0.00060436595
47,116,2.0,0.0034579402
47,116,3.0,0.0048055733
47,116,4.0,0.009860921
47,116,5.0,0.0072841244
47,116,6.0,0.0085991705
47,116,7.0,0.013393655
47,116,8.0,0.0119961845
47,116,9.0,0.013836948
47,116,10.0,0.019508725
47,116,11.0,0.026668565
47,116,12.0,0.030081524
47,116,13.0,0.030609958
47,116,14.0,0.033373933
47,117,0.0,0.0011929888
47,117,1.0,0.0028624132
47,117,2.0,0.0051759044
47,117,3.0,0.012592251
47,117,4.0,0.017311618
47,117,5.0,0.019422865
47,117,6.0,0.023051023
47,117,7.0,0.02629647
47,117,8.0,0.025672572
47,117,9.0,0.030938627
47,117,10.0,0.04366848
47,117,11.0,0.06477689
47,117,12.0,0.062042188
47,117,13.0,0.056719497
47,117,14.0,0.05967472
47,118,0.0,0.001687787
47,118,1.0,0.0024331908
47,118,2.0,0.0055985404
47,118,3.0,0.009736137
47,118,4.0,0.013745718
47,118,5.0,0.019555174
47,118,6.0,0.02388034
47,118,7.0,0.024825152
47,118,8.0,0.026750015
47,118,9.0,0.032630518
47,118,10.0,0.04509256
47,118,11.0,0.06517209
47,118,12.0,0.06858092
47,118,13.0,0.06500492
47,118,14.0,0.07403076
47,119,0.0,0.00111014
47,119,1.0,0.0025971176
47,119,2.0,0.0072394083
47,119,3.0,0.012780463
47,119,4.0,0.018205782
47,119,5.0,0.024424907
47,119,6.0,0.029594582
47,119,7.0,0.030304916
47,119,8.0,0.031935163
47,119,9.0,0.039168417
47,119,10.0,0.05534764
47,119,11.0,0.073865645
47,119,12.0,0.08131793
47,119,13.0,0.08198316
47,119,14.0,0.08144138
47,120,0.0,0.0009777597
47,120,1.0,0.0015470807
47,120,2.0,0.0043232255
47,120,3.0,0.007211772
47,120,4.0,0.009926377
47,120,5.0,0.013804048
47,120,6.0,0.018017147
47,120,7.0,0.017993243
47,120,8.0,0.0181315
47,120,9.0,0.02288633
47,120,10.0,0.03492752
47,120,11.0,0.045013104
47,120,12.0,0.05069827
47,120,13.0,0.050921306
47,120,14.0,0.051840317
47,121,0.0,0.00054009707
47,121,1.0,0.00171664
47,121,2.0,0.0024466077
47,121,3.0,0.0046681985
47,121,4.0,0.008659331
47,121,5.0,0.011481708
47,121,6.0,0.013846484
47,121,7.0,0.014893591
47,121,8.0,0.016317664
47,121,9.0,0.01888355
47,121,10.0,0.023919038
47,121,11.0,0.031599123
47,121,12.0,0.035287134
47,121,13.0,0.034980454
47,121,14.0,0.03552514
47,122,0.0,0.00016667841
47,122,1.0,0.0009689054
47,122,2.0,0.0019663796
47,122,3.0,0.003383095
47,122,4.0,0.0044692555
47,122,5.0,0.006074964
47,122,6.0,0.007163017
47,122,7.0,0.0066056903
47,122,8.0,0.006152259
47,122,9.0,0.007168993
47,122,10.0,0.010625684
47,122,11.0,0.014042408
47,122,12.0,0.016417295
47,122,13.0,0.016742622
47,122,14.0,0.016589401
47,123,0.0,0.0001155458
47,123,1.0,0.00025737123
47,123,2.0,0.0013380825
47,123,3.0,0.002125416
47,123,4.0,0.002627053
47,123,5.0,0.0025440734
47,123,6.0,0.0028777025
47,123,7.0,0.0031750079
47,123,8.0,0.0039272825
47,123,9.0,0.0045650834
47,123,10.0,0.005001133
47,123,11.0,0.0077735833
47,123,12.0,0.008487818
47,123,13.0,0.010767047
47,123,14.0,0.011757234
47,124,0.0,4.25458e-05
47,124,1.0,0.00010118193
47,124,2.0,0.0008025171
47,124,3.0,0.00068523345
47,124,4.0,0.00139832
47,124,5.0,0.002021545
47,124,6.0,0.0021996442
47,124,7.0,0.0021238392
47,124,8.0,0.0017258156
47,124,9.0,0.0018386059
47,124,10.0,0.0020107387
47,124,11.0,0.0027434456
47,124,12.0,0.0029137882
47,124,13.0,0.0038140991
47,124,14.0,0.0031089752
47,125,0.0,7.453825e-05
47,125,1.0,8.805929e-05
47,125,2.0,0.0003341607
47,125,3.0,0.00062367535
47,125,4.0,0.00074095215
47,125,5.0,0.0011111307
47,125,6.0,0.001182191
47,125,7.0,0.0009926612
47,125,8.0,0.0006515722
47,125,9.0,0.00049798447
47,125,10.0,0.00045085725
47,125,11.0,0.00075840234
47,125,12.0,0.0008479525
47,125,13.0,0.0011408253
47,125,14.0,0.0008451004
47,126,0.0,1.4982255e-05
47,126,1.0,9.581424e-06
47,126,2.0,7.57993e-06
47,126,3.0,0.00013730265
47,126,4.0,0.00022273112
47,126,5.0,0.00014438662
47,126,6.0,7.903547e-05
47,126,7.0,0.00015838098
47,126,8.0,0.00016852574
47,126,9.0,0.00012938163
47,126,10.0,0.00017412983
47,126,11.0,0.00025421678
47,126,12.0,0.00020313992
47,126,13.0,0.00032793087
47,126,14.0,0.000251571
47,127,0.0,0.0
47,127,1.0,6.9570845e-08
47,127,2.0,3.5415584e-07
47,127,3.0,3.782878e-07
47,127,4.0,1.1344352e-05
47,127,5.0,1.3442351e-05
47,127,6.0,2.81296e-06
47,127,7.0,1.3960089e-05
47,127,8.0,4.5893554e-05
47,127,9.0,4.3943433e-05
47,127,10.0,1.4580865e-05
47,127,11.0,2.3221255e-06
47,127,12.0,1.22109395e-05
47,127,13.0,1.8000974e-05
47,127,14.0,1.576031e-05
47,128,0.0,7.6613715e-10
47,128,1.0,1.7658718e-07
47,128,2.0,0.0
47,128,3.0,1.0092265e-05
47,128,4.0,4.2158235e-06
47,128,5.0,1.3923303e-05
47,128,6.0,6.462159e-05
47,128,7.0,4.0755524e-05
47,128,8.0,3.9586444e-06
47,128,9.0,9.889477e-10
47,128,10.0,4.2191155e-06
47,128,11.0,0.0
47,128,12.0,7.27711e-07
47,128,13.0,6.489624e-06
47,128,14.0,1.1234901e-05
47,129,0.0,1.2700922e-05
47,129,1.0,0.0
47,129,2.0,0.0
47,129,3.0,0.0
47,129,4.0,3.5922135e-06
47,129,5.0,2.0207537e-05
47,129,6.0,9.67486e-06
47,129,7.0,2.0321485e-08
47,129,8.0,3.293702e-08
47,129,9.0,1.2503184e-06
47,129,10.0,7.2256144e-06
47,129,11.0,2.713748e-06
47,129,12.0,1.2628176e-05
47,129,13.0,3.2733777e-05
47,129,14.0,1.944056e-05
47,130,0.0,1.1152398e-06
47,130,1.0,2.1986166e-06
47,130,2.0,2.7469852e-07
47,130,3.0,1.736613e-06
47,130,4.0,1.8668576e-05
47,130,5.0,2.8770095e-05
47,130,6.0,5.312559e-05
47,130,7.0,4.526505e-05
47,130,8.0,2.921881e-05
47,130,9.0,4.067138e-05
47,130,10.0,5.1532057e-05
47,130,11.0,3.427495e-07
47,130,12.0,2.327297e-08
47,130,13.0,3.434832e-06
47,130,14.0,1.58954e-05
47,131,0.0,5.1565827e-08
47,131,1.0,0.0
47,131,2.0,0.0
47,131,3.0,0.0
47,131,4.0,0.0
47,131,5.0,0.0
47,131,6.0,1.9912619e-07
47,131,7.0,5.42532e-05
47,131,8.0,7.1004004e-05
47,131,9.0,2.913041e-05
47,131,10.0,1.89709e-05
47,131,11.0,7.8665755e-05
47,131,12.0,9.122917e-05
47,131,13.0,7.260962e-05
47,131,14.0,3.5356534e-05
47,132,0.0,8.376161e-05
47,132,1.0,7.984242e-06
47,132,2.0,8.504522e-08
47,132,3.0,1.0067045e-05
47,132,4.0,1.207287e-05
47,132,5.0,1.8169066e-08
47,132,6.0,4.338985e-08
47,132,7.0,0.0
47,132,8.0,2.2361915e-07
47,132,9.0,2.5967017e-06
47,132,10.0,1.7056044e-06
47,132,11.0,2.6946827e-05
47,132,12.0,2.4071232e-05
47,132,13.0,2.3665181e-05
47,132,14.0,8.354664e-06
47,133,0.0,8.84995e-07
47,133,1.0,3.3015192e-06
47,133,2.0,2.5444628e-05
47,133,3.0,0.0
47,133,4.0,1.0750057e-06
47,133,5.0,4.3379478e-06
47,133,6.0,1.791902e-05
47,133,7.0,2.2130566e-06
47,133,8.0,6.832821e-06
47,133,9.0,1.8377834e-06
47,133,10.0,6.8844606e-06
47,133,11.0,2.070215e-05
47,133,12.0,3.8039457e-06
47,133,13.0,4.4694237e-10
47,133,14.0,8.057298e-07
48,108,0.0,7.9858455e-07
48,108,1.0,0.0
48,108,2.0,0.0
48,108,3.0,0.0
48,108,4.0,0.0
48,108,5.0,9.0902056e-08
48,108,6.0,7.243702e-07
48,108,7.0,1.0945407e-06
48,108,8.0,1.5111161e-06
48,108,9.0,2.1707096e-06
48,108,10.0,3.0831425e-06
48,108,11.0,4.2675733e-06
48,108,12.0,1.2943882e-06
48,108,13.0,8.9363397e-07
48,108,14.0,0.0
48,109,0.0,3.8972246e-08
48,109,1.0,2.848858e-07
48,109,2.0,2.0490918e-07
48,109,3.0,1.09178224e-07
48,109,4.0,5.6786257e-07
48,109,5.0,3.199558e-07
48,109,6.0,0.0
48,109,7.0,2.2738583e-08
48,109,8.0,1.6203678e-08
48,109,9.0,5.138406e-09
48,109,10.0,4.4777363e-07
48,109,11.0,9.20827e-10
48,109,12.0,0.0
48,109,13.0,0.0
48,109,14.0,2.5541683e-08
48,110,0.0,1.5572807e-11
48,110,1.0,0.0
48,110,2.0,3.6469936e-09
48,110,3.0,0.0
48,110,4.0,8.635615e-09
48,110,5.0,0.0
48,110,6.0,0.0
48,110,7.0,0.0
48,110,8.0,0.0
48,110,9.0,0.0
48,110,10.0,3.4999505e-12
48,110,11.0,0.0
48,110,12.0,5.0572716e-08
48,110,13.0,0.0
48,110,14.0,1.4299334e-06
48,111,0.0,6.9917494e-10
48,111,1.0,0.0
48,111,2.0,3.3053047e-07
48,111,3.0,8.292233e-06
48,111,4.0,4.0215647e-07
48,111,5.0,2.0587098e-08
48,111,6.0,8.757379e-08
48,111,7.0,1.4827289e-07
48,111,8.0,2.1057237e-07
48,111,9.0,3.2260004e-07
48,111,10.0,3.9915443e-07
48,111,11.0,2.812705e-07
48,111,12.0,9.952387e-07
48,111,13.0,1.5091065e-07
48,111,14.0,4.4584488e-07
48,112,0.0,4.122667e-07
48,112,1.0,0.0
48,112,2.0,0.0
48,112,3.0,1.8787148e-06
48,112,4.0,0.0
48,112,5.0,0.0
48,112,6.0,0.0
48,112,7.0,0.0
48,112,8.0,0.0
48,112,9.0,0.0
48,112,10.0,1.5752515e-07
48,112,11.0,1.7760493e-07
48,112,12.0,5.9975287e-09
48,112,13.0,8.9543863e-07
48,112,14.0,0.0
48,113,0.0,0.0
48,113,1.0,7.6423824e-08
48,113,2.0,8.1183127e-10
48,113,3.0,0.0
48,113,4.0,4.317784e-08
48,113,5.0,2.858786e-08
48,113,6.0,1.6768567e-07
48,113,7.0,1.7187327e-07
48,113,8.0,2.4769668e-07
48,113,9.0,1.3584348e-06
48,113,10.0,2.4852e-06
48,113,11.0,8.410806e-09
48,113,12.0,1.4635584e-07
48,113,13.0,3.7520495e-06
48,113,14.0,0.0
48,114,0.0,0.0
48,114,1.0,4.996461e-09
48,114,2.0,0.0
48,114,3.0,0.0
48,114,4.0,3.860599e-06
48,114,5.0,0.0
48,114,6.0,4.2178166e-05
48,114,7.0,4.342104e-05
48,114,8.0,4.183186e-06
48,114,9.0,4.7977805e-06
48,114,10.0,0.00014628978
48,114,11.0,0.00010003586
48,114,12.0,0.00033069262
48,114,13.0,0.00023077053
48,114,14.0,0.00029506875
48,115,0.0,1.2554521e-05
48,115,1.0,7.2995335e-06
48,115,2.0,5.266155e-06
48,115,3.0,4.5198344e-06
48,115,4.0,6.913156e-05
48,115,5.0,4.807282e-05
48,115,6.0,4.778185e-05
48,115,7.0,9.730733e-05
48,115,8.0,0.00012783178
48,115,9.0,0.00017721762
48,115,10.0,0.00034849183
48,115,11.0,0.000613456
48,115,12.0,0.0008982176
48,115,13.0,0.00096388673
48,115,14.0,0.0022463424
48,116,0.0,3.7451603e-06
48,116,1.0,3.238905e-05
48,116,2.0,0.0003532319
48,116,3.0,0.00012085025
48,116,4.0,0.0005561596
48,116,5.0,0.0011488255
48,116,6.0,0.0014022026
48,116,7.0,0.0008808278
48,116,8.0,0.0013364936
48,116,9.0,0.002026706
48,116,10.0,0.002485805
48,116,11.0,0.0035168338
48,116,12.0,0.0043842727
48,116,13.0,0.0050191376
48,116,14.0,0.0053329957
48,117,0.0,0.000113899856
48,117,1.0,8.4697436e-05
48,117,2.0,0.0006645235
48,117,3.0,0.0018221765
48,117,4.0,0.001845912
48,117,5.0,0.0036620856
48,117,6.0,0.0036158913
48,117,7.0,0.0027441767
48,117,8.0,0.003868881
48,117,9.0,0.003794242
48,117,10.0,0.004617809
48,117,11.0,0.0041985717
48,117,12.0,0.0086776195
48,117,13.0,0.008728435
48,117,14.0,0.0064260266
48,118,0.0,0.000243192
48,118,1.0,0.0010191554
48,118,2.0,0.0030532742
48,118,3.0,0.0046814387
48,118,4.0,0.0077446657
48,118,5.0,0.00906815
48,118,6.0,0.010322531
48,118,7.0,0.008610147
48,118,8.0,0.009030589
48,118,9.0,0.011098832
48,118,10.0,0.013019854
48,118,11.0,0.021797739
48,118,12.0,0.032385685
48,118,13.0,0.026588857
48,118,14.0,0.026143216
48,119,0.0,0.0006718773
48,119,1.0,0.0017568078
48,119,2.0,0.006923636
48,119,3.0,0.010255959
48,119,4.0,0.009467999
48,119,5.0,0.0164841
48,119,6.0,0.019631924
48,119,7.0,0.017597185
48,119,8.0,0.017503228
48,119,9.0,0.019782173
48,119,10.0,0.025910845
48,119,11.0,0.031608157
48,119,12.0,0.026672417
48,119,13.0,0.025596172
48,119,14.0,0.03823239
48,120,0.0,0.0012454541
48,120,1.0,0.003968146
48,120,2.0,0.006546258
48,120,3.0,0.0076511838
48,120,4.0,0.01193525
48,120,5.0,0.019296695
48,120,6.0,0.028949568
48,120,7.0,0.026307832
48,120,8.0,0.028481543
48,120,9.0,0.03097129
48,120,10.0,0.04728726
48,120,11.0,0.056431625
48,120,12.0,0.06079166
48,120,13.0,0.05706373
48,120,14.0,0.061967365
48,121,0.0,0.0011234469
48,121,1.0,0.004981388
48,121,2.0,0.008350903
48,121,3.0,0.008316048
48,121,4.0,0.0155380955
48,121,5.0,0.018733896
48,121,6.0,0.024320034
48,121,7.0,0.029833516
48,121,8.0,0.03378849
48,121,9.0,0.03752861
48,121,10.0,0.046553623
48,121,11.0,0.054098945
48,121,12.0,0.06497107
48,121,13.0,0.07626208
48,121,14.0,0.068418704
48,122,0.0,0.0011125803
48,122,1.0,0.0033394685
48,122,2.0,0.0051051755
48,122,3.0,0.00948692
48,122,4.0,0.013077225
48,122,5.0,0.025606323
48,122,6.0,0.027958302
48,122,7.0,0.020645551
48,122,8.0,0.025755955
48,122,9.0,0.029594632
48,122,10.0,0.030386949
48,122,11.0,0.040578946
48,122,12.0,0.04274272
48,122,13.0,0.042514015
48,122,14.0,0.037878226
48,123,0.0,0.0014030071
48,123,1.0,0.0026952613
48,123,2.0,0.004543899
48,123,3.0,0.0083086565
48,123,4.0,0.011353475
48,123,5.0,0.01442533
48,123,6.0,0.02051364
48,123,7.0,0.022187991
48,123,8.0,0.021240208
48,123,9.0,0.022687795
48,123,10.0,0.03162264
48,123,11.0,0.03696279
48,123,12.0,0.03452969
48,123,13.0,0.05233762
48,123,14.0,0.058822233
48,124,0.0,0.001033112
48,124,1.0,0.0010208715
48,124,2.0,0.0017409921
48,124,3.0,0.005126823
48,124,4.0,0.00838749
48,124,5.0,0.0135319745
48,124,6.0,0.018492544
48,124,7.0,0.011043362
48,124,8.0,0.013628832
48,124,9.0,0.014781229
48,124,10.0,0.017861303
48,124,11.0,0.01757668
48,124,12.0,0.020691223
48,124,13.0,0.022783114
48,124,14.0,0.028372178
48,125,0.0,0.0011010462
48,125,1.0,0.0025100473
48,125,2.0,0.0044251103
48,125,3.0,0.008100755
48,125,4.0,0.011247615
48,125,5.0,0.013213849
48,125,6.0,0.016513841
48,125,7.0,0.018173805
48,125,8.0,0.016486416
48,125,9.0,0.014163615
48,125,10.0,0.014338923
48,125,11.0,0.016134601
48,125,12.0,0.022110607
48,125,13.0,0.016676564
48,125,14.0,0.022578299
48,126,0.0,0.00038265862
48,126,1.0,0.001935566
48,126,2.0,0.0035652728
48,126,3.0,0.007914421
48,126,4.0,0.008077688
48,126,5.0,0.006594134
48,126,6.0,0.006373619
48,126,7.0,0.0057134223
48,126,8.0,0.0054332754
48,126,9.0,0.0050912527
48,126,10.0,0.00427908
48,126,11.0,0.004133733
48,126,12.0,0.004726019
48,126,13.0,0.0053276825
48,126,14.0,0.0054171295
48,127,0.0,0.0007664025
48,127,1.0,0.0011480214
48,127,2.0,0.0018151287
48,127,3.0,0.0016404382
48,127,4.0,0.0019486035
48,127,5.0,0.0021775286
48,127,6.0,0.0031038146
48,127,7.0,0.002379228
48,127,8.0,0.0022458513
48,127,9.0,0.0021869629
48,127,10.0,0.0027525143
48,127,11.0,0.003311166
48,127,12.0,0.0034996637
48,127,13.0,0.0033245895
48,127,14.0,0.0038900282
48,128,0.0,9.9509896e-05
48,128,1.0,0.00028978797
48,128,2.0,0.00091243145
48,128,3.0,0.00093877583
48,128,4.0,0.0005274692
48,128,5.0,0.00050462637
48,128,6.0,0.00050929567
48,128,7.0,0.0005433102
48,128,8.0,0.00049451424
48,128,9.0,0.00042260636
48,128,10.0,0.00045260278
48,128,11.0,0.0005303788
48,128,12.0,0.0004732976
48,128,13.0,0.0007238855
48,128,14.0,0.00070337125
48,129,0.0,7.912611e-06
48,129,1.0,8.226998e-05
48,129,2.0,5.299366e-05
48,129,3.0,5.3496275e-05
48,129,4.0,0.00012730154
48,129,5.0,0.00012158187
48,129,6.0,0.00024481982
48,129,7.0,0.0002123924
48,129,8.0,0.00012964239
48,129,9.0,0.00012780783
48,129,10.0,0.00024472797
48,129,11.0,0.00031276466
48,129,12.0,0.000275721
48,129,13.0,0.0002240525
48,129,14.0,0.00020038206
48,130,0.0,3.8239094e-05
48,130,1.0,5.039597e-05
48,130,2.0,0.00014609628
48,130,3.0,0.00012956536
48,130,4.0,4.2220556e-05
48,130,5.0,1.5576306e-05
48,130,6.0,1.6452055e-05
48,130,7.0,3.2395088e-05
48,130,8.0,4.2797226e-05
48,130,9.0,3.6705434e-05
48,130,10.0,2.6338796e-05
48,130,11.0,1.5741187e-05
48,130,12.0,1.3376788e-05
48,130,13.0,3.6307578e-05
48,130,14.0,3.6673915e-05
48,131,0.0,0.0
48,131,1.0,0.0
48,131,2.0,0.0
48,131,3.0,0.0
48,131,4.0,8.602148e-10
48,131,5.0,2.1469732e-06
48,131,6.0,2.0085545e-06
48,131,7.0,1.7797133e-08
48,131,8.0,0.0
48,131,9.0,0.0
48,131,10.0,0.0
48,131,11.0,0.0
48,131,12.0,0.0
48,131,13.0,0.0
48,131,14.0,1.1111358e-09
48,132,0.0,0.0
48,132,1.0,1.07036165e-07
48,132,2.0,3.2266862e-06
48,132,3.0,8.537176e-06
48,132,4.0,1.1545037e-05
48,132,5.0,5.450575e-06
48,132,6.0,1.4604008e-06
48,132,7.0,1.262373e-06
48,132,8.0,8.1008545e-07
48,132,9.0,1.1919666e-06
48,132,10.0,5.4055963e-08
48,132,11.0,0.0
48,132,12.0,0.0
48,132,13.0,0.0
48,132,14.0,0.0
48,133,0.0,1.3309089e-08
48,133,1.0,6.8736085e-07
48,133,2.0,1.841896e-05
48,133,3.0,1.1286576e-06
48,133,4.0,3.2586173e-05
48,133,5.0,2.0386653e-06
48,133,6.0,2.415169e-06
48,133,7.0,1.5069037e-06
48,133,8.0,7.3112744e-07
48,133,9.0,3.9340304e-07
48,133,10.0,3.7997702e-07
48,133,11.0,7.591528e-07
48,133,12.0,7.232016e-07
48,133,13.0,3.9891697e-07
48,133,14.0,7.5184056e-07
48,134,0.0,9.99487e-07
48,134,1.0,2.0421369e-07
48,134,2.0,0.0
48,134,3.0,0.0
48,134,4.0,0.0
48,134,5.0,1.2273865e-09
48,134,6.0,2.2266691e-07
48,134,7.0,5.0551864e-07
48,134,8.0,3.2129282e-07
48,134,9.0,9.843818e-08
48,134,10.0,9.294007e-09
48,134,11.0,0.0
48,134,12.0,3.196051e-13
48,134,13.0,0.0
48,134,14.0,1.261568e-11
48,135,0.0,0.0
48,135,1.0,0.0
48,135,2.0,0.0
48,135,3.0,0.0
48,135,4.0,0.0
48,135,5.0,0.0
48,135,6.0,0.0
48,135,7.0,0.0
48,135,8.0,0.0
48,135,9.0,0.0
48,135,10.0,0.0
48,135,11.0,0.0
48,135,12.0,0.0
48,135,13.0,0.0
48,135,14.0,0.0
48,136,0.0,1.8680882e-07
48,136,1.0,3.105888e-07
48,136,2.0,7.7593775e-08
48,136,3.0,2.8728692e-07
48,136,4.0,6.1151474e-07
48,136,5.0,1.5181188e-06
48,136,6.0,9.549634e-07
48,136,7.0,3.2805312e-07
48,136,8.0,7.423307e-08
48,136,9.0,8.752485e-09
48,136,10.0,4.832435e-09
48,136,11.0,8.2172164e-08
48,136,12.0,2.6354968e-07
48,136,13.0,1.5275789e-07
48,136,14.0,4.3284285e-08
49,110,0.0,2.5658495e-09
49,110,1.0,0.0
49,110,2.0,0.0
49,110,3.0,0.0
49,110,4.0,2.943037e-06
49,110,5.0,7.416554e-06
49,110,6.0,1.0285271e-06
49,110,7.0,0.0
49,110,8.0,1.2628999e-06
49,110,9.0,4.899285e-07
49,110,10.0,1.9817333e-05
49,110,11.0,2.6880024e-08
49,110,12.0,3.634172e-08
49,110,13.0,0.0
49,110,14.0,8.1515374e-08
49,111,0.0,0.0
49,111,1.0,0.0
49,111,2.0,0.0
49,111,3.0,0.0
49,111,4.0,0.0
49,111,5.0,1.185699e-06
49,111,6.0,2.5184087e-07
49,111,7.0,2.4452916e-06
49,111,8.0,0.0
49,111,9.0,2.4288852e-06
49,111,10.0,0.0
49,111,11.0,1.755018e-05
49,111,12.0,6.3762485e-07
49,111,13.0,8.715999e-08
49,111,14.0,3.7064842e-06
49,112,0.0,0.0
49,112,1.0,0.0
49,112,2.0,0.0
49,112,3.0,0.0
49,112,4.0,0.0
49,112,5.0,3.9658673e-08
49,112,6.0,4.6974296e-06
49,112,7.0,7.3464196e-07
49,112,8.0,7.650386e-06
49,112,9.0,2.2664186e-07
49,112,10.0,1.5801577e-07
49,112,11.0,0.0
49,112,12.0,2.7362145e-07
49,112,13.0,1.6212255e-06
49,112,14.0,1.086271e-06
49,113,0.0,0.0
49,113,1.0,0.0
49,113,2.0,0.0
49,113,3.0,6.561151e-06
49,113,4.0,2.4663908e-05
49,113,5.0,8.5273297e-07
49,113,6.0,5.963574e-07
49,113,7.0,0.0
49,113,8.0,3.920338e-06
49,113,9.0,7.62858e-09
49,113,10.0,4.195331e-06
49,113,11.0,5.851588e-09
49,113,12.0,0.0
49,113,13.0,0.0
49,113,14.0,4.2808022e-08
49,114,0.0,2.9803093e-06
49,114,1.0,4.997323e-06
49,114,2.0,5.5850564e-06
49,114,3.0,0.0
49,114,4.0,0.0
49,114,5.0,4.7956196e-06
49,114,6.0,2.3558465e-05
49,114,7.0,7.168396e-07
49,114,8.0,4.247274e-07
49,114,9.0,7.4123163e-06
49,114,10.0,9.7874545e-06
49,114,11.0,1.2060881e-06
49,114,12.0,3.197836e-06
49,114,13.0,1.1224123e-06
49,114,14.0,1.1412506e-05
49,115,0.0,6.661701e-07
49,115,1.0,0.0
49,115,2.0,8.547798e-06
49,115,3.0,0.0
49,115,4.0,3.2335715e-06
49,115,5.0,3.3375654e-05
49,115,6.0,1.1100062e-05
49,115,7.0,1.0833194e-05
49,115,8.0,1.9046797e-06
49,115,9.0,5.5325804e-06
49,115,10.0,8.880733e-06
49,115,11.0,1.9250379e-06
49,115,12.0,0.00018401067
49,115,13.0,0.00020057677
49,115,14.0,0.00019135246
49,116,0.0,0.0
49,116,1.0,0.0
49,116,2.0,0.0
49,116,3.0,3.985022e-10
49,116,4.0,3.6175355e-05
49,116,5.0,3.3360254e-07
49,116,6.0,1.6277423e-06
49,116,7.0,6.7322417e-06
49,116,8.0,2.9782934e-06
49,116,9.0,9.139852e-06
49,116,10.0,1.0210354e-05
49,116,11.0,5.9201288e-05
49,116,12.0,0.00017571913
49,116,13.0,8.379168e-05
49,116,14.0,0.00021778459
49,117,0.0,0.0
49,117,1.0,4.009437e-09
49,117,2.0,5.428769e-06
49,117,3.0,7.840766e-06
49,117,4.0,4.9542745e-05
49,117,5.0,4.6484267e-05
49,117,6.0,6.9678994e-05
49,117,7.0,6.845719e-05
49,117,8.0,0.00017005978
49,117,9.0,0.00036049692
49,117,10.0,0.00052752875
49,117,11.0,0.00035432537
49,117,12.0,0.0010148707
49,117,13.0,0.0010564331
49,117,14.0,0.00051100133
49,118,0.0,3.5141447e-06
49,118,1.0,4.922217e-06
49,118,2.0,1.9810836e-05
49,118,3.0,6.982958e-05
49,118,4.0,0.000102699785
49,118,5.0,0.00025267026
49,118,6.0,0.00038285067
49,118,7.0,0.0007489316
49,118,8.0,0.00051036733
49,118,9.0,0.0005285474
49,118,10.0,0.0017264355
49,118,11.0,0.0008333172
49,118,12.0,0.0013077889
49,118,13.0,0.0022067253
49,118,14.0,0.0022639632
49,119,0.0,3.4185363e-05
49,119,1.0,0.00013352236
49,119,2.0,0.00040619035
49,119,3.0,0.00078357867
49,119,4.0,0.00095177576
49,119,5.0,0.002240872
49,119,6.0,0.0026169468
49,119,7.0,0.0019851297
49,119,8.0,0.0030294247
49,119,9.0,0.0038479257
49,119,10.0,0.0036733877
49,119,11.0,0.006296443
49,119,12.0,0.005838939
49,119,13.0,0.0052761002
49,119,14.0,0.00854427
49,120,0.0,0.000119074335
49,120,1.0,0.000118698386
49,120,2.0,0.0012039068
49,120,3.0,0.0024439935
49,120,4.0,0.002945668
49,120,5.0,0.0025322551
49,120,6.0,0.0031189017
49,120,7.0,0.008781587
49,120,8.0,0.0077978903
49,120,9.0,0.0089732995
49,120,10.0,0.011366782
49,120,11.0,0.011366953
49,120,12.0,0.014285782
49,120,13.0,0.011038174
49,120,14.0,0.012571783
49,121,0.0,0.00048491417
49,121,1.0,0.001015377
49,121,2.0,0.0015076441
49,121,3.0,0.0041419417
49,121,4.0,0.0063313227
49,121,5.0,0.0096704
49,121,6.0,0.009392906
49,121,7.0,0.009456044
49,121,8.0,0.0088573
49,121,9.0,0.011539349
49,121,10.0,0.013217806
49,121,11.0,0.023024904
49,121,12.0,0.03274016
49,121,13.0,0.03797212
49,121,14.0,0.04063372
49,122,0.0,0.0005360414
49,122,1.0,0.0015200897
49,122,2.0,0.0027567833
49,122,3.0,0.0051677395
49,122,4.0,0.0069580185
49,122,5.0,0.011907603
49,122,6.0,0.014428311
49,122,7.0,0.012422547
49,122,8.0,0.014234429
49,122,9.0,0.016651284
49,122,10.0,0.024909355
49,122,11.0,0.030143496
49,122,12.0,0.032597665
49,122,13.0,0.040121637
49,122,14.0,0.046050448
49,123,0.0,0.0010669231
49,123,1.0,0.0019300624
49,123,2.0,0.005039953
49,123,3.0,0.0062459027
49,123,4.0,0.009975104
49,123,5.0,0.018384516
49,123,6.0,0.019957371
49,123,7.0,0.021439688
49,123,8.0,0.02276017
49,123,9.0,0.026337534
49,123,10.0,0.034787036
49,123,11.0,0.06225977
49,123,12.0,0.076689556
49,123,13.0,0.069205105
49,123,14.0,0.07578548
49,124,0.0,0.0005806173
49,124,1.0,0.0014652244
49,124,2.0,0.0038682893
49,124,3.0,0.004847957
49,124,4.0,0.007529643
49,124,5.0,0.011433875
49,124,6.0,0.013751056
49,124,7.0,0.015819618
49,124,8.0,0.020258669
49,124,9.0,0.019564085
49,124,10.0,0.027502319
49,124,11.0,0.0488877
49,124,12.0,0.0625476
49,124,13.0,0.05027119
49,124,14.0,0.05173714
49,125,0.0,0.0022862582
49,125,1.0,0.0028210692
49,125,2.0,0.010436548
49,125,3.0,0.010794646
49,125,4.0,0.017587563
49,125,5.0,0.024914429
49,125,6.0,0.026058456
49,125,7.0,0.025294041
49,125,8.0,0.027130896
49,125,9.0,0.040078685
49,125,10.0,0.05090536
49,125,11.0,0.06508405
49,125,12.0,0.0879418
49,125,13.0,0.08488557
49,125,14.0,0.08879818
49,126,0.0,0.0029014838
49,126,1.0,0.003562631
49,126,2.0,0.010294786
49,126,3.0,0.012088489
49,126,4.0,0.01832279
49,126,5.0,0.029108167
49,126,6.0,0.03306248
49,126,7.0,0.033658303
49,126,8.0,0.03950182
49,126,9.0,0.042183623
49,126,10.0,0.06371123
49,126,11.0,0.07241257
49,126,12.0,0.076461025
49,126,13.0,0.0918523
49,126,14.0,0.09591432
49,127,0.0,0.007484111
49,127,1.0,0.012999732
49,127,2.0,0.02297659
49,127,3.0,0.036228262
49,127,4.0,0.048280444
49,127,5.0,0.059845332
49,127,6.0,0.05412597
49,127,7.0,0.04601133
49,127,8.0,0.04450545
49,127,9.0,0.05215487
49,127,10.0,0.061592434
49,127,11.0,0.06184369
49,127,12.0,0.06815613
49,127,13.0,0.06964204
49,127,14.0,0.05082647
49,128,0.0,0.0069008395
49,128,1.0,0.014516603
49,128,2.0,0.02424841
49,128,3.0,0.03455019
49,128,4.0,0.035175458
49,128,5.0,0.039212696
49,128,6.0,0.037168685
49,128,7.0,0.032191105
49,128,8.0,0.029146831
49,128,9.0,0.028513761
49,128,10.0,0.034892324
49,128,11.0,0.039840855
49,128,12.0,0.044652928
49,128,13.0,0.040086567
49,128,14.0,0.046628926
49,129,0.0,0.0076592085
49,129,1.0,0.016295603
49,129,2.0,0.019042889
49,129,3.0,0.026050916
49,129,4.0,0.028005518
49,129,5.0,0.024282785
49,129,6.0,0.030605631
49,129,7.0,0.019870406
49,129,8.0,0.014710067
49,129,9.0,0.015897956
49,129,10.0,0.020718867
49,129,11.0,0.017804114
49,129,12.0,0.020351622
49,129,13.0,0.016862404
49,129,14.0,0.018921895
49,130,0.0,0.0043220725
49,130,1.0,0.0066089956
49,130,2.0,0.009217173
49,130,3.0,0.008080338
49,130,4.0,0.008959675
49,130,5.0,0.007772757
49,130,6.0,0.007882421
49,130,7.0,0.006557824
49,130,8.0,0.0048764916
49,130,9.0,0.004783527
49,130,10.0,0.0077340677
49,130,11.0,0.0052150046
49,130,12.0,0.0051707854
49,130,13.0,0.0070290198
49,130,14.0,0.005862329
49,131,0.0,0.0012576339
49,131,1.0,0.0011992098
49,131,2.0,0.0016999877
49,131,3.0,0.0015849511
49,131,4.0,0.0014225546
49,131,5.0,0.001117285
49,131,6.0,0.001109369
49,131,7.0,0.00044896748
49,131,8.0,0.0005560909
49,131,9.0,0.0007057565
49,131,10.0,0.000341862
49,131,11.0,0.00046365612
49,131,12.0,0.00063045433
49,131,13.0,0.00077318767
49,131,14.0,0.00038172182
49,132,0.0,0.00012259823
49,132,1.0,8.2072125e-05
49,132,2.0,0.00022860589
49,132,3.0,0.00018490577
49,132,4.0,0.00011757815
49,132,5.0,4.6695728e-05
49,132,6.0,3.9391667e-05
49,132,7.0,1.891719e-05
49,132,8.0,3.3885266e-05
49,132,9.0,0.00020697355
49,132,10.0,3.286614e-05
49,132,11.0,6.62937e-05
49,132,12.0,0.00012433842
49,132,13.0,2.5897534e-05
49,132,14.0,0.00020182713
49,133,0.0,2.3011467e-05
49,133,1.0,0.0
49,133,2.0,3.6392464e-07
49,133,3.0,4.825795e-06
49,133,4.0,3.86975e-06
49,133,5.0,1.870141e-05
49,133,6.0,3.306053e-06
49,133,7.0,4.5147295e-09
49,133,8.0,3.337492e-06
49,133,9.0,7.0784267e-06
49,133,10.0,4.8783288e-05
49,133,11.0,5.4447e-05
49,133,12.0,8.060353e-05
49,133,13.0,1.4373498e-05
49,133,14.0,1.7546348e-05
49,134,0.0,5.867027e-07
49,134,1.0,0.0
49,134,2.0,8.637523e-06
49,134,3.0,8.7225516e-07
49,134,4.0,2.7443019e-05
49,134,5.0,9.21027e-07
49,134,6.0,0.0
49,134,7.0,1.6926002e-05
49,134,8.0,0.0
49,134,9.0,9.529753e-13
49,134,10.0,8.274169e-07
49,134,11.0,1.7127735e-05
49,134,12.0,8.180789e-06
49,134,13.0,4.8335223e-06
49,134,14.0,2.279608e-09
49,135,0.0,9.056323e-06
49,135,1.0,0.0
49,135,2.0,7.1211502e-06
49,135,3.0,1.48913e-06
49,135,4.0,1.0696997e-06
49,135,5.0,0.0
49,135,6.0,3.1512463e-06
49,135,7.0,0.0
49,135,8.0,0.0
49,135,9.0,0.0
49,135,10.0,0.0
49,135,11.0,0.0
49,135,12.0,3.368617e-09
49,135,13.0,0.0
49,135,14.0,2.4237456e-09
49,136,0.0,0.0
49,136,1.0,1.0537676e-06
49,136,2.0,6.4206546e-07
49,136,3.0,5.589995e-07
49,136,4.0,0.0
49,136,5.0,0.0
49,136,6.0,0.0
49,136,7.0,0.0
49,136,8.0,0.0
49,136,9.0,0.0
49,136,10.0,2.2479452e-11
49,136,11.0,1.1031083e-06
49,136,12.0,5.725893e-07
49,136,13.0,3.1097122e-07
49,136,14.0,6.264713e-07
49,137,0.0,4.450511e-07
49,137,1.0,1.7224036e-07
49,137,2.0,2.3118879e-07
49,137,3.0,2.3613529e-07
49,137,4.0,4.7367908e-07
49,137,5.0,3.6180174e-07
49,137,6.0,2.1438439e-07
49,137,7.0,1.0223192e-07
49,137,8.0,0.0
49,137,9.0,0.0
49,137,10.0,0.0
49,137,11.0,0.0
49,137,12.0,0.0
49,137,13.0,0.0
49,137,14.0,6.3833574e-09
49,138,0.0,0.0
49,138,1.0,1.2059899e-08
49,138,2.0,9.599208e-14
49,138,3.0,0.0
49,138,4.0,0.0
49,138,5.0,0.0
49,138,6.0,1.4114358e-08
49,138,7.0,1.2711693e-07
49,138,8.0,0.0
49,138,9.0,0.0
49,138,10.0,0.0
49,138,11.0,0.0
49,138,12.0,0.0
49,138,13.0,0.0
49,138,14.0,0.0
50,113,0.0,1.997334e-08
50,113,1.0,5.7734322e-08
50,113,2.0,1.6287638e-08
50,113,3.0,4.544153e-06
50,113,4.0,4.6559703e-06
50,113,5.0,2.9612188e-08
50,113,6.0,6.739765e-08
50,113,7.0,1.7555173e-08
50,113,8.0,2.8303857e-09
50,113,9.0,0.0
50,113,10.0,4.753834e-06
50,113,11.0,2.9484642e-07
50,113,12.0,3.0221418e-06
50,113,13.0,2.613188e-08
50,113,14.0,1.1951497e-10
50,114,0.0,1.0219657e-06
50,114,1.0,2.8035063e-06
50,114,2.0,0.0
50,114,3.0,0.0
50,114,4.0,2.5404747e-06
50,114,5.0,3.0455901e-06
50,114,6.0,2.3862701e-06
50,114,7.0,3.36233e-06
50,114,8.0,4.7999492e-06
50,114,9.0,5.790504e-06
50,114,10.0,5.7581346e-06
50,114,11.0,8.287899e-06
50,114,12.0,1.1513602e-05
50,114,13.0,0.0
50,114,14.0,0.0
50,115,0.0,0.0
50,115,1.0,3.1448834e-13
50,115,2.0,0.0
50,115,3.0,3.1623142e-07
50,115,4.0,4.1206485e-07
50,115,5.0,2.5371324e-07
50,115,6.0,3.6885853e-10
50,115,7.0,0.0
50,115,8.0,0.0
50,115,9.0,0.0
50,115,10.0,1.4915258e-08
50,115,11.0,0.0
50,115,12.0,6.576769e-08
50,115,13.0,2.492925e-07
50,115,14.0,6.3718105e-08
50,116,0.0,7.3378476e-07
50,116,1.0,1.5109023e-06
50,116,2.0,0.0
50,116,3.0,0.0
50,116,4.0,0.0
50,116,5.0,0.0
50,116,6.0,1.208601e-08
50,116,7.0,1.4193128e-07
50,116,8.0,1.9832179e-07
50,116,9.0,1.0212622e-08
50,116,10.0,0.0
50,116,11.0,1.3106766e-09
50,116,12.0,0.0
50,116,13.0,8.475772e-08
50,116,14.0,0.0
50,117,0.0,0.0
50,117,1.0,0.0
50,117,2.0,1.5338918e-10
50,117,3.0,5.20989e-08
50,117,4.0,0.0
50,117,5.0,0.0
50,117,6.0,0.0
50,117,7.0,0.0
50,117,8.0,0.0
50,117,9.0,0.0
50,117,10.0,2.7589611e-11
50,117,11.0,0.0
50,117,12.0,0.0
50,117,13.0,0.0
50,117,14.0,0.0
50,118,0.0,1.24271065e-08
50,118,1.0,9.409737e-09
50,118,2.0,0.0
50,118,3.0,0.0
50,118,4.0,3.4937908e-09
50,118,5.0,0.0
50,118,6.0,8.335985e-11
50,118,7.0,1.2164256e-09
50,118,8.0,1.8258139e-07
50,118,9.0,1.4059602e-06
50,118,10.0,9.660455e-06
50,118,11.0,1.1591912e-05
50,118,12.0,0.00010211698
50,118,13.0,8.62995e-06
50,118,14.0,9.607804e-05
50,119,0.0,1.6359425e-05
50,119,1.0,2.545693e-05
50,119,2.0,9.728606e-06
50,119,3.0,7.832613e-06
50,119,4.0,2.4108267e-05
50,119,5.0,1.34629345e-05
50,119,6.0,1.5260759e-05
50,119,7.0,6.744689e-06
50,119,8.0,1.3966498e-06
50,119,9.0,1.221978e-06
50,119,10.0,1.9537429e-06
50,119,11.0,2.4059157e-06
50,119,12.0,4.515721e-06
50,119,13.0,1.6184675e-05
50,119,14.0,4.4879966e-05
50,120,0.0,5.594714e-09
50,120,1.0,8.113364e-07
50,120,2.0,1.3337978e-05
50,120,3.0,1.1603301e-05
50,120,4.0,6.221932e-05
50,120,5.0,5.8023936e-05
50,120,6.0,7.2945346e-05
50,120,7.0,0.00014840603
50,120,8.0,7.313276e-05
50,120,9.0,6.632187e-05
50,120,10.0,0.0002256662
50,120,11.0,0.0005333254
50,120,12.0,0.0020397236
50,120,13.0,0.0009913449
50,120,14.0,0.00053515413
50,121,0.0,6.4343844e-06
50,121,1.0,6.1078285e-06
50,121,2.0,0.00012739257
50,121,3.0,1.2179657e-05
50,121,4.0,5.0602368e-05
50,121,5.0,5.009787e-05
50,121,6.0,0.000186349
50,121,7.0,0.00019355066
50,121,8.0,0.0004535939
50,121,9.0,0.0009250817
50,121,10.0,0.0005511988
50,121,11.0,0.0010025434
50,121,12.0,0.0011955649
50,121,13.0,0.0026354422
50,121,14.0,0.0023174174
50,122,0.0,0.00010190816
50,122,1.0,0.00022069037
50,122,2.0,0.000481526
50,122,3.0,0.0009826539
50,122,4.0,0.00239903
50,122,5.0,0.0040529855
50,122,6.0,0.0027631219
50,122,7.0,0.003921462
50,122,8.0,0.004002081
50,122,9.0,0.0050492166
50,122,10.0,0.00816524
50,122,11.0,0.007440575
50,122,12.0,0.008323047
50,122,13.0,0.010810959
50,122,14.0,0.0063332045
50,123,0.0,0.00035763372
50,123,1.0,0.0009883296
50,123,2.0,0.0015145855
50,123,3.0,0.0043112505
50,123,4.0,0.004444962
50,123,5.0,0.006067129
50,123,6.0,0.009671381
50,123,7.0,0.008310204
50,123,8.0,0.008117939
50,123,9.0,0.009411552
50,123,10.0,0.013038694
50,123,11.0,0.021221872
50,123,12.0,0.02727743
50,123,13.0,0.024881946
50,123,14.0,0.023228196
50,124,0.0,0.0013252135
50,124,1.0,0.0023729983
50,124,2.0,0.002557917
50,124,3.0,0.0046535456
50,124,4.0,0.009315649
50,124,5.0,0.008470562
50,124,6.0,0.013749363
50,124,7.0,0.012560847
50,124,8.0,0.013135828
50,124,9.0,0.017376812
50,124,10.0,0.020903278
50,124,11.0,0.03114422
50,124,12.0,0.042126544
50,124,13.0,0.03577162
50,124,14.0,0.04301036
50,125,0.0,0.0024642511
50,125,1.0,0.00396731
50,125,2.0,0.006534572
50,125,3.0,0.00859362
50,125,4.0,0.013085921
50,125,5.0,0.012478824
50,125,6.0,0.017576316
50,125,7.0,0.019428372
50,125,8.0,0.0254485
50,125,9.0,0.029312562
50,125,10.0,0.041194037
50,125,11.0,0.057891697
50,125,12.0,0.057567783
50,125,13.0,0.062260315
50,125,14.0,0.062411893
50,126,0.0,0.006102508
50,126,1.0,0.0076508326
50,126,2.0,0.013836267
50,126,3.0,0.021101205
50,126,4.0,0.026431896
50,126,5.0,0.031772774
50,126,6.0,0.03917557
50,126,7.0,0.044803616
50,126,8.0,0.046494246
50,126,9.0,0.052824117
50,126,10.0,0.06517796
50,126,11.0,0.079350285
50,126,12.0,0.08142393
50,126,13.0,0.09410743
50,126,14.0,0.09236131
50,127,0.0,0.014748848
50,127,1.0,0.02617664
50,127,2.0,0.029967973
50,127,3.0,0.03955302
50,127,4.0,0.043951407
50,127,5.0,0.048049763
50,127,6.0,0.063442975
50,127,7.0,0.06349004
50,127,8.0,0.076891445
50,127,9.0,0.08600363
50,127,10.0,0.08573005
50,127,11.0,0.111918196
50,127,12.0,0.11959202
50,127,13.0,0.12610976
50,127,14.0,0.13190351
50,128,0.0,0.058768567
50,128,1.0,0.076377906
50,128,2.0,0.10038053
50,128,3.0,0.1300801
50,128,4.0,0.15140693
50,128,5.0,0.16122212
50,128,6.0,0.18289736
50,128,7.0,0.16889176
50,128,8.0,0.1730262
50,128,9.0,0.1848129
50,128,10.0,0.19378483
50,128,11.0,0.19539784
50,128,12.0,0.18791102
50,128,13.0,0.19531447
50,128,14.0,0.1887983
50,129,0.0,0.07608861
50,129,1.0,0.10152924
50,129,2.0,0.12757039
50,129,3.0,0.16395876
50,129,4.0,0.1700602
50,129,5.0,0.16455126
50,129,6.0,0.16825652
50,129,7.0,0.17555583
50,129,8.0,0.18111028
50,129,9.0,0.16864654
50,129,10.0,0.18326512
50,129,11.0,0.16672404
50,129,12.0,0.17563091
50,129,13.0,0.18537422
50,129,14.0,0.19562355
50,130,0.0,0.19276653
50,130,1.0,0.21667664
50,130,2.0,0.19630472
50,130,3.0,0.16763017
50,130,4.0,0.20537432
50,130,5.0,0.18678327
50,130,6.0,0.17832366
50,130,7.0,0.19007894
50,130,8.0,0.1600704
50,130,9.0,0.14863496
50,130,10.0,0.13982524
50,130,11.0,0.1406676
50,130,12.0,0.1347437
50,130,13.0,0.12891243
50,130,14.0,0.12968437
50,131,0.0,0.12781322
50,131,1.0,0.15926455
50,131,2.0,0.13305326
50,131,3.0,0.11095188
50,131,4.0,0.10286022
50,131,5.0,0.088161714
50,131,6.0,0.078638606
50,131,7.0,0.0774919
50,131,8.0,0.075284734
50,131,9.0,0.06785446
50,131,10.0,0.05649535
50,131,11.0,0.051534604
50,131,12.0,0.0517728
50,131,13.0,0.06379103
50,131,14.0,0.053799614
50,132,0.0,0.09254804
50,132,1.0,0.08133646
50,132,2.0,0.060874857
50,132,3.0,0.04968395
50,132,4.0,0.036085173
50,132,5.0,0.028561203
50,132,6.0,0.0225824
50,132,7.0,0.017910775
50,132,8.0,0.016989421
50,132,9.0,0.016250713
50,132,10.0,0.014677371
50,132,11.0,0.010674932
50,132,12.0,0.011538408
50,132,13.0,0.010553585
50,132,14.0,0.013578084
50,133,0.0,0.013673825
50,133,1.0,0.007975266
50,133,2.0,0.007957712
50,133,3.0,0.008017548
50,133,4.0,0.0037631916
50,133,5.0,0.0032988342
50,133,6.0,0.0037591844
50,133,7.0,0.0029793228
50,133,8.0,0.0029075586
50,133,9.0,0.0033082052
50,133,10.0,0.0024878797
50,133,11.0,0.001839733
50,133,12.0,0.0009995187
50,133,13.0,0.0010171594
50,133,14.0,0.002822409
50,134,0.0,0.0014842773
50,134,1.0,0.0012698025
50,134,2.0,0.000588874
50,134,3.0,0.00065923535
50,134,4.0,0.00057120196
50,134,5.0,0.0003513783
50,134,6.0,0.0003353506
50,134,7.0,0.00033022664
50,134,8.0,0.00030519356
50,134,9.0,0.00025872496
50,134,10.0,0.00019613009
50,134,11.0,0.00015274974
50,134,12.0,0.00015171878
50,134,13.0,0.0001674782
50,134,14.0,0.00035630478
50,135,0.0,2.8876622e-05
50,135,1.0,8.0121885e-05
50,135,2.0,0.00022084221
50,135,3.0,3.783737e-05
50,135,4.0,6.694832e-08
50,135,5.0,0.0
50,135,6.0,0.0
50,135,7.0,0.0
50,135,8.0,0.0
50,135,9.0,0.0
50,135,10.0,0.0
50,135,11.0,0.0
50,135,12.0,0.0
50,135,13.0,0.0
50,135,14.0,1.1360869e-06
50,136,0.0,1.3530848e-06
50,136,1.0,1.5543228e-06
50,136,2.0,1.5654528e-07
50,136,3.0,4.433369e-08
50,136,4.0,8.06568e-08
50,136,5.0,1.5571183e-10
50,136,6.0,0.0
50,136,7.0,0.0
50,136,8.0,0.0
50,136,9.0,0.0
50,136,10.0,0.0
50,136,11.0,2.5301272e-08
50,136,12.0,7.1869843e-10
50,136,13.0,0.0
50,136,14.0,0.0
50,137,0.0,2.4897867e-07
50,137,1.0,0.0
50,137,2.0,5.1837006e-08
50,137,3.0,2.5097026e-07
50,137,4.0,0.0
50,137,5.0,0.0
50,137,6.0,0.0
50,137,7.0,0.0
50,137,8.0,0.0
50,137,9.0,0.0
50,137,10.0,0.0
50,137,11.0,0.0
50,137,12.0,0.0
50,137,13.0,0.0
50,137,14.0,0.0
50,138,0.0,5.2403426e-08
50,138,1.0,1.2320054e-07
50,138,2.0,2.3064258e-08
50,138,3.0,4.686641e-07
50,138,4.0,2.7808926e-06
50,138,5.0,3.3974138e-06
50,138,6.0,1.5445513e-06
50,138,7.0,6.4304044e-07
50,138,8.0,7.297072e-07
50,138,9.0,5.599347e-07
50,138,10.0,2.1093763e-07
50,138,11.0,7.1061677e-09
50,138,12.0,2.6261237e-08
50,138,13.0,7.584543e-08
50,138,14.0,3.2022035e-07
50,139,0.0,0.0
50,139,1.0,0.0
50,139,2.0,0.0
50,139,3.0,0.0
50,139,4.0,0.0
50,139,5.0,0.0
50,139,6.0,0.0
50,139,7.0,7.910303e-08
50,139,8.0,9.919721e-07
50,139,9.0,8.8904324e-07
50,139,10.0,1.4397622e-07
50,139,11.0,8.678411e-08
50,139,12.0,0.0
50,139,13.0,0.0
50,139,14.0,0.0
50,140,0.0,0.0
50,140,1.0,5.7984084e-07
50,140,2.0,8.035752e-07
50,140,3.0,1.0753203e-06
50,140,4.0,8.497396e-08
50,140,5.0,5.30986e-08
50,140,6.0,1.263506e-07
50,140,7.0,6.01428e-08
50,140,8.0,3.036249e-08
50,140,9.0,1.7113475e-08
50,140,10.0,7.1276575e-11
50,140,11.0,0.0
50,140,12.0,0.0
50,140,13.0,5.3546305e-08
50,140,14.0,3.397597e-07
51,116,0.0,2.2543454e-06
51,116,1.0,0.0
51,116,2.0,0.0
51,116,3.0,0.0
51,116,4.0,4.1908254e-07
51,116,5.0,7.927363e-06
51,116,6.0,0.0001197
51,116,7.0,4.724776e-06
51,116,8.0,2.5809497e-11
51,116,9.0,4.5639604e-06
51,116,10.0,0.0
51,116,11.0,9.72977e-07
51,116,12.0,0.0
51,116,13.0,0.0
51,116,14.0,0.0
51,117,0.0,1.2951351e-07
51,117,1.0,0.0
51,117,2.0,0.0
51,117,3.0,0.0
51,117,4.0,7.014944e-06
51,117,5.0,3.0883746e-07
51,117,6.0,3.3562387e-06
51,117,7.0,2.306095e-05
51,117,8.0,5.9559825e-05
51,117,9.0,3.5182773e-06
51,117,10.0,6.967145e-06
51,117,11.0,0.0
51,117,12.0,0.0
51,117,13.0,0.0
51,117,14.0,4.2270887e-10
51,118,0.0,1.2285577e-05
51,118,1.0,1.0528467e-05
51,118,2.0,5.0756416e-06
51,118,3.0,2.1615551e-05
51,118,4.0,9.0898124e-07
51,118,5.0,2.5539952e-08
51,118,6.0,0.0
51,118,7.0,7.4435924e-08
51,118,8.0,3.055475e-08
51,118,9.0,1.9496416e-07
51,118,10.0,0.0
51,118,11.0,3.8896164e-06
51,118,12.0,3.88314e-06
51,118,13.0,2.8104255e-06
51,118,14.0,6.5502905e-09
51,119,0.0,0.0
51,119,1.0,0.0
51,119,2.0,0.0
51,119,3.0,0.0
51,119,4.0,0.0
51,119,5.0,0.0
51,119,6.0,6.5625403e-09
51,119,7.0,1.3570598e-05
51,119,8.0,0.0
51,119,9.0,1.9576254e-09
51,119,10.0,0.0
51,119,11.0,0.0
51,119,12.0,0.0
51,119,13.0,2.2007045e-05
51,119,14.0,6.8855593e-06
51,120,0.0,9.389214e-06
51,120,1.0,0.0
51,120,2.0,5.140333e-08
51,120,3.0,0.0
51,120,4.0,0.0
51,120,5.0,0.0
51,120,6.0,0.0
51,120,7.0,0.0
51,120,8.0,4.7926992e-08
51,120,9.0,0.0
51,120,10.0,0.0
51,120,11.0,0.0
51,120,12.0,0.0
51,120,13.0,0.0
51,120,14.0,0.0
51,121,0.0,1.3005525e-06
51,121,1.0,3.0821447e-08
51,121,2.0,6.601107e-07
51,121,3.0,2.59726e-06
51,121,4.0,0.0
51,121,5.0,8.5786553e-07
51,121,6.0,1.4719815e-05
51,121,7.0,1.0645476e-06
51,121,8.0,4.817317e-07
51,121,9.0,6.5371037e-06
51,121,10.0,1.1029427e-05
51,121,11.0,5.0458398e-06
51,121,12.0,0.0
51,121,13.0,9.0681915e-06
51,121,14.0,1.1451355e-05
51,122,0.0,0.0
51,122,1.0,1.085688e-05
51,122,2.0,6.3995553e-06
51,122,3.0,5.9897193e-06
51,122,4.0,7.605041e-06
51,122,5.0,0.0
51,122,6.0,0.0
51,122,7.0,2.0665078e-07
51,122,8.0,1.5233919e-08
51,122,9.0,6.3138796e-09
51,122,10.0,0.0
51,122,11.0,2.965743e-06
51,122,12.0,2.1265992e-06
51,122,13.0,1.2451122e-07
51,122,14.0,5.032161e-06
51,123,0.0,9.655058e-07
51,123,1.0,5.3523613e-06
51,123,2.0,6.540432e-05
51,123,3.0,8.438168e-06
51,123,4.0,1.5428925e-05
51,123,5.0,2.2997561e-05
51,123,6.0,5.8737845e-05
51,123,7.0,0.00012248149
51,123,8.0,0.00012863889
51,123,9.0,0.00010605648
51,123,10.0,0.00024326766
51,123,11.0,0.0010247184
51,123,12.0,0.0007199681
51,123,13.0,0.00077958015
51,123,14.0,0.0008582579
51,124,0.0,1.297827e-07
51,124,1.0,1.6018967e-06
51,124,2.0,9.470061e-05
51,124,3.0,6.128722e-05
51,124,4.0,4.6946756e-05
51,124,5.0,3.2366803e-05
51,124,6.0,7.021378e-05
51,124,7.0,7.8528814e-05
51,124,8.0,0.00018798267
51,124,9.0,0.00042238767
51,124,10.0,0.00058887503
51,124,11.0,0.0024443513
51,124,12.0,0.0023924825
51,124,13.0,0.0020335654
51,124,14.0,0.0023865255
51,125,0.0,2.4074643e-05
51,125,1.0,0.00027341954
51,125,2.0,0.00014924663
51,125,3.0,0.00039945496
51,125,4.0,0.00027839173
51,125,5.0,0.00047588622
51,125,6.0,0.0015657692
51,125,7.0,0.0015966102
51,125,8.0,0.0022829773
51,125,9.0,0.0036886814
51,125,10.0,0.0054035913
51,125,11.0,0.009390208
51,125,12.0,0.016936095
51,125,13.0,0.014241632
51,125,14.0,0.009876352
51,126,0.0,1.5644728e-05
51,126,1.0,0.00024057404
51,126,2.0,0.0009470264
51,126,3.0,0.00027250062
51,126,4.0,0.00038846777
51,126,5.0,0.0020101087
51,126,6.0,0.0026925504
51,126,7.0,0.0028033345
51,126,8.0,0.0035714714
51,126,9.0,0.0042157294
51,126,10.0,0.0063184313
51,126,11.0,0.021880366
51,126,12.0,0.023777174
51,126,13.0,0.02543482
51,126,14.0,0.03417188
51,127,0.0,0.00046103602
51,127,1.0,0.0014785294
51,127,2.0,0.0034106164
51,127,3.0,0.0042646946
51,127,4.0,0.008044593
51,127,5.0,0.008259875
51,127,6.0,0.010804292
51,127,7.0,0.014949941
51,127,8.0,0.0168994
51,127,9.0,0.021651506
51,127,10.0,0.03929046
51,127,11.0,0.062164217
51,127,12.0,0.06659035
51,127,13.0,0.073062174
51,127,14.0,0.064276986
51,128,0.0,0.001679286
51,128,1.0,0.0046756906
51,128,2.0,0.008262323
51,128,3.0,0.010722618
51,128,4.0,0.01555133
51,128,5.0,0.020106282
51,128,6.0,0.023263907
51,128,7.0,0.026950702
51,128,8.0,0.0373601
51,128,9.0,0.04829569
51,128,10.0,0.057774305
51,128,11.0,0.06925959
51,128,12.0,0.09561449
51,128,13.0,0.082601845
51,128,14.0,0.097589
51,129,0.0,0.016051715
51,129,1.0,0.03834149
51,129,2.0,0.075627655
51,129,3.0,0.09747725
51,129,4.0,0.10575083
51,129,5.0,0.11481205
51,129,6.0,0.109748386
51,129,7.0,0.13271809
51,129,8.0,0.13665862
51,129,9.0,0.14120196
51,129,10.0,0.14921698
51,129,11.0,0.17589577
51,129,12.0,0.19511683
51,129,13.0,0.18087475
51,129,14.0,0.19155887
51,130,0.0,0.059730724
51,130,1.0,0.10468694
51,130,2.0,0.17155398
51,130,3.0,0.20723101
51,130,4.0,0.21607916
51,130,5.0,0.19643135
51,130,6.0,0.20074572
51,130,7.0,0.24241693
51,130,8.0,0.21481478
51,130,9.0,0.22147968
51,130,10.0,0.23352493
51,130,11.0,0.26008368
51,130,12.0,0.2533362
51,130,13.0,0.27084136
51,130,14.0,0.266297
51,131,0.0,0.23278326
51,131,1.0,0.29409468
51,131,2.0,0.32384259
51,131,3.0,0.3379932
51,131,4.0,0.3718937
51,131,5.0,0.37775087
51,131,6.0,0.3776399
51,131,7.0,0.36853394
51,131,8.0,0.37215036
51,131,9.0,0.34947985
51,131,10.0,0.3540066
51,131,11.0,0.3814757
51,131,12.0,0.35419878
51,131,13.0,0.34651503
51,131,14.0,0.34147635
51,132,0.0,0.32080492
51,132,1.0,0.39177728
51,132,2.0,0.4452825
51,132,3.0,0.41128802
51,132,4.0,0.3874687
51,132,5.0,0.3745008
51,132,6.0,0.38532224
51,132,7.0,0.372836
51,132,8.0,0.3758057
51,132,9.0,0.34400994
51,132,10.0,0.32106966
51,132,11.0,0.29564208
51,132,12.0,0.25856552
51,132,13.0,0.25526068
51,132,14.0,0.23980011
51,133,0.0,0.39145672
51,133,1.0,0.31835234
51,133,2.0,0.34498987
51,133,3.0,0.28422278
51,133,4.0,0.23854688
51,133,5.0,0.2202131
51,133,6.0,0.21044977
51,133,7.0,0.20715486
51,133,8.0,0.20335388
51,133,9.0,0.19141842
51,133,10.0,0.16265625
51,133,11.0,0.13140363
51,133,12.0,0.11717612
51,133,13.0,0.12172883
51,133,14.0,0.109716356
51,134,0.0,0.069551565
51,134,1.0,0.09850967
51,134,2.0,0.07618019
51,134,3.0,0.06759513
51,134,4.0,0.060808808
51,134,5.0,0.052876156
51,134,6.0,0.05269329
51,134,7.0,0.047407035
51,134,8.0,0.04383888
51,134,9.0,0.044162188
51,134,10.0,0.047196906
51,134,11.0,0.03779439
51,134,12.0,0.03383469
51,134,13.0,0.032288425
51,134,14.0,0.03181471
51,135,0.0,0.02875637
51,135,1.0,0.023927014
51,135,2.0,0.028721375
51,135,3.0,0.019676106
51,135,4.0,0.012317123
51,135,5.0,0.011892035
51,135,6.0,0.010214902
51,135,7.0,0.011055935
51,135,8.0,0.008292072
51,135,9.0,0.009360522
51,135,10.0,0.010832091
51,135,11.0,0.009617484
51,135,12.0,0.007826648
51,135,13.0,0.0072811604
51,135,14.0,0.0063411486
51,136,0.0,0.0031047952
51,136,1.0,0.0022167587
51,136,2.0,0.0039011724
51,136,3.0,0.0019445521
51,136,4.0,0.0015100873
51,136,5.0,0.0014863444
51,136,6.0,0.0017777043
51,136,7.0,0.001183062
51,136,8.0,0.00090491655
51,136,9.0,0.00074002304
51,136,10.0,0.0012347882
51,136,11.0,0.0009783311
51,136,12.0,0.0017346684
51,136,13.0,0.0012580844
51,136,14.0,0.0013909624
51,137,0.0,0.00052287977
51,137,1.0,0.0002508486
51,137,2.0,0.000133594
51,137,3.0,0.0011014714
51,137,4.0,0.0006667796
51,137,5.0,8.408664e-05
51,137,6.0,6.37781e-05
51,137,7.0,9.117357e-05
51,137,8.0,3.7753307e-05
51,137,9.0,3.1223895e-05
51,137,10.0,6.420245e-05
51,137,11.0,7.668303e-06
51,137,12.0,0.00015048386
51,137,13.0,4.9256374e-05
51,137,14.0,7.147498e-05
51,138,0.0,7.2132257e-06
51,138,1.0,0.0
51,138,2.0,4.446111e-07
51,138,3.0,5.1845345e-06
51,138,4.0,2.2521212e-07
51,138,5.0,2.493637e-08
51,138,6.0,3.10261e-06
51,138,7.0,4.343001e-09
51,138,8.0,6.2855623e-11
51,138,9.0,0.0
51,138,10.0,1.0980785e-08
51,138,11.0,6.843323e-07
51,138,12.0,2.3175714e-07
51,138,13.0,6.9158395e-09
51,138,14.0,2.5761264e-09
51,139,0.0,0.0
51,139,1.0,0.0
51,139,2.0,0.0
51,139,3.0,0.0
51,139,4.0,0.0
51,139,5.0,1.9268966e-06
51,139,6.0,1.7135617e-05
51,139,7.0,0.0
51,139,8.0,0.0
51,139,9.0,0.0
51,139,10.0,0.0
51,139,11.0,1.0190879e-05
51,139,12.0,0.0
51,139,13.0,1.3502357e-06
51,139,14.0,0.0
51,140,0.0,0.0
51,140,1.0,0.0
51,140,2.0,0.0
51,140,3.0,0.0
51,140,4.0,0.0
51,140,5.0,0.0
51,140,6.0,0.0
51,140,7.0,0.0
51,140,8.0,8.4616636e-10
51,140,9.0,0.0
51,140,10.0,0.0
51,140,11.0,0.0
51,140,12.0,4.6502603e-08
51,140,13.0,0.0
51,140,14.0,1.4085072e-07
51,141,0.0,0.0
51,141,1.0,0.0
51,141,2.0,0.0
51,141,3.0,0.0
51,141,4.0,0.0
51,141,5.0,0.0
51,141,6.0,3.3329334e-13
51,141,7.0,1.1244059e-11
51,141,8.0,0.0
51,141,9.0,0.0
51,141,10.0,0.0
51,141,11.0,0.0
51,141,12.0,0.0
51,141,13.0,0.0
51,141,14.0,3.0501786e-09
51,142,0.0,0.0
51,142,1.0,1.3332544e-07
51,142,2.0,1.673727e-07
51,142,3.0,0.0
51,142,4.0,0.0
51,142,5.0,5.631042e-10
51,142,6.0,0.0
51,142,7.0,8.9748955e-09
51,142,8.0,3.6297982e-09
51,142,9.0,0.0
51,142,10.0,0.0
51,142,11.0,0.0
51,142,12.0,0.0
51,142,13.0,0.0
51,142,14.0,0.0
51,143,0.0,0.0
51,143,1.0,0.0
51,143,2.0,0.0
51,143,3.0,1.8959516e-07
51,143,4.0,0.0
51,143,5.0,0.0
51,143,6.0,0.0
51,143,7.0,0.0
51,143,8.0,0.0
51,143,9.0,0.0
51,143,10.0,0.0
51,143,11.0,0.0
51,143,12.0,0.0
51,143,13.0,0.0
51,143,14.0,0.0
52,119,0.0,2.7206097e-06
52,119,1.0,0.0
52,119,2.0,2.3467103e-07
52,119,3.0,2.4603747e-07
52,119,4.0,0.0
52,119,5.0,3.4055643e-09
52,119,6.0,5.840117e-10
52,119,7.0,0.0
52,119,8.0,0.0
52,119,9.0,0.0
52,119,10.0,4.0178006e-07
52,119,11.0,1.5193748e-09
52,119,12.0,0.0
52,119,13.0,0.0
52,119,14.0,0.0
52,120,0.0,0.0
52,120,1.0,0.0
52,120,2.0,2.2510463e-08
52,120,3.0,0.0
52,120,4.0,4.0800398e-07
52,120,5.0,2.3462717e-07
52,120,6.0,7.4559786e-08
52,120,7.0,3.4414632e-07
52,120,8.0,9.458396e-07
52,120,9.0,1.0953765e-06
52,120,10.0,6.977409e-07
52,120,11.0,6.168638e-08
52,120,12.0,5.4157647e-07
52,120,13.0,0.0
52,120,14.0,2.4242838e-06
52,121,0.0,5.291734e-09
52,121,1.0,1.9193434e-09
52,121,2.0,1.2861209e-06
52,121,3.0,1.3008959e-06
52,121,4.0,7.8295884e-08
52,121,5.0,2.348267e-07
52,121,6.0,2.7109454e-07
52,121,7.0,8.0766405e-08
52,121,8.0,1.2124697e-07
52,121,9.0,3.8443312e-07
52,121,10.0,3.4023952e-07
52,121,11.0,3.5429316e-06
52,121,12.0,2.3635897e-05
52,121,13.0,7.493808e-07
52,121,14.0,0.0
52,122,0.0,3.355295e-07
52,122,1.0,8.658533e-07
52,122,2.0,1.3486825e-06
52,122,3.0,1.2598924e-06
52,122,4.0,1.7783179e-06
52,122,5.0,4.9486707e-06
52,122,6.0,2.6788505e-06
52,122,7.0,2.3495936e-06
52,122,8.0,7.2792244e-07
52,122,9.0,5.364243e-07
52,122,10.0,1.3779446e-06
52,122,11.0,7.926253e-07
52,122,12.0,2.2488689e-09
52,122,13.0,1.17740385e-07
52,122,14.0,3.4585463e-11
52,123,0.0,6.8192607e-09
52,123,1.0,2.0198213e-08
52,123,2.0,7.8015046e-11
52,123,3.0,5.2129008e-09
52,123,4.0,7.7045584e-08
52,123,5.0,3.330042e-07
52,123,6.0,3.0509506e-07
52,123,7.0,3.8908553e-07
52,123,8.0,3.2818814e-08
52,123,9.0,2.2186297e-08
52,123,10.0,1.089909e-06
52,123,11.0,4.259938e-06
52,123,12.0,2.324369e-06
52,123,13.0,2.7647511e-06
52,123,14.0,8.6196167e-07
52,124,0.0,0.0
52,124,1.0,1.3877107e-09
52,124,2.0,2.8173488e-07
52,124,3.0,4.513597e-07
52,124,4.0,3.011783e-07
52,124,5.0,0.0
52,124,6.0,6.481053e-09
52,124,7.0,4.1191647e-06
52,124,8.0,2.0131713e-06
52,124,9.0,7.487256e-07
52,124,10.0,3.7582744e-05
52,124,11.0,7.290162e-05
52,124,12.0,5.4122902e-05
52,124,13.0,2.4232295e-05
52,124,14.0,3.121414e-05
52,125,0.0,6.6826374e-06
52,125,1.0,7.460622e-06
52,125,2.0,1.5397462e-06
52,125,3.0,9.871437e-07
52,125,4.0,5.7520066e-07
52,125,5.0,3.4034583e-06
52,125,6.0,1.6822023e-05
52,125,7.0,1.781017e-05
52,125,8.0,3.3943703e-05
52,125,9.0,8.04205e-05
52,125,10.0,7.439e-05
52,125,11.0,0.00016203783
52,125,12.0,0.00024942157
52,125,13.0,0.0004705737
52,125,14.0,0.00038186487
52,126,0.0,4.6488144e-06
52,126,1.0,1.7934239e-05
52,126,2.0,1.3860102e-05
52,126,3.0,5.7731286e-05
52,126,4.0,0.0002589615
52,126,5.0,0.0007322536
52,126,6.0,0.0005657121
52,126,7.0,0.0007719504
52,126,8.0,0.0010423881
52,126,9.0,0.0012363133
52,126,10.0,0.0013362438
52,126,11.0,0.0022649565
52,126,12.0,0.0034248193
52,126,13.0,0.004946939
52,126,14.0,0.0021256027
52,127,0.0,4.1199015e-05
52,127,1.0,0.00011705726
52,127,2.0,0.00017294245
52,127,3.0,0.00029711894
52,127,4.0,0.00031614318
52,127,5.0,0.0005552533
52,127,6.0,0.00063505385
52,127,7.0,0.0015381625
52,127,8.0,0.0020506105
52,127,9.0,0.0026992518
52,127,10.0,0.003738639
52,127,11.0,0.0050933347
52,127,12.0,0.005679785
52,127,13.0,0.0067663193
52,127,14.0,0.006488289
52,128,0.0,7.1421644e-05
52,128,1.0,0.00022596672
52,128,2.0,0.00039432873
52,128,3.0,0.0007964458
52,128,4.0,0.0013744152
52,128,5.0,0.0017827828
52,128,6.0,0.0019865718
52,128,7.0,0.0025338328
52,128,8.0,0.0048162905
52,128,9.0,0.0064561656
52,128,10.0,0.011050447
52,128,11.0,0.0147425365
52,128,12.0,0.019360453
52,128,13.0,0.020234711
52,128,14.0,0.01802303
52,129,0.0,0.00030157514
52,129,1.0,0.0006277897
52,129,2.0,0.0019841536
52,129,3.0,0.0027911027
52,129,4.0,0.0031020045
52,129,5.0,0.0050424454
52,129,6.0,0.005792709
52,129,7.0,0.0062671024
52,129,8.0,0.006370365
52,129,9.0,0.010378703
52,129,10.0,0.01287808
52,129,11.0,0.020271143
52,129,12.0,0.02554499
52,129,13.0,0.032317918
52,129,14.0,0.034930475
52,130,0.0,0.004573667
52,130,1.0,0.007831534
52,130,2.0,0.012395667
52,130,3.0,0.015717514
52,130,4.0,0.019641109
52,130,5.0,0.029620765
52,130,6.0,0.038493603
52,130,7.0,0.04649558
52,130,8.0,0.05255883
52,130,9.0,0.05174104
52,130,10.0,0.055347625
52,130,11.0,0.07410278
52,130,12.0,0.0720355
52,130,13.0,0.07991795
52,130,14.0,0.083455004
52,131,0.0,0.05924795
52,131,1.0,0.058568813
52,131,2.0,0.067975156
52,131,3.0,0.081637636
52,131,4.0,0.09569801
52,131,5.0,0.11270406
52,131,6.0,0.12258319
52,131,7.0,0.13586293
52,131,8.0,0.14735858
52,131,9.0,0.154517
52,131,10.0,0.16205667
52,131,11.0,0.18385357
52,131,12.0,0.19105217
52,131,13.0,0.19116782
52,131,14.0,0.20349924
52,132,0.0,0.19034328
52,132,1.0,0.23068045
52,132,2.0,0.2635237
52,132,3.0,0.26230827
52,132,4.0,0.2646064
52,132,5.0,0.30364832
52,132,6.0,0.3315279
52,132,7.0,0.3550342
52,132,8.0,0.35498548
52,132,9.0,0.36468005
52,132,10.0,0.3711549
52,132,11.0,0.38151848
52,132,12.0,0.36787486
52,132,13.0,0.3577852
52,132,14.0,0.36811808
52,133,0.0,0.49188855
52,133,1.0,0.56129754
52,133,2.0,0.55893004
52,133,3.0,0.5613453
52,133,4.0,0.5287046
52,133,5.0,0.49723017
52,133,6.0,0.5246485
52,133,7.0,0.48686597
52,133,8.0,0.49653375
52,133,9.0,0.49152946
52,133,10.0,0.4815462
52,133,11.0,0.48308918
52,133,12.0,0.45217687
52,133,13.0,0.47564486
52,133,14.0,0.4799519
52,134,0.0,0.9500262
52,134,1.0,0.8914988
52,134,2.0,0.8236469
52,134,3.0,0.7492901
52,134,4.0,0.71392316
52,134,5.0,0.63426644
52,134,6.0,0.5984773
52,134,7.0,0.6086486
52,134,8.0,0.59595305
52,134,9.0,0.5652302
52,134,10.0,0.51815474
52,134,11.0,0.44809324
52,134,12.0,0.3867575
52,134,13.0,0.37222874
52,134,14.0,0.35712063
52,135,0.0,0.5117712
52,135,1.0,0.47031182
52,135,2.0,0.35607734
52,135,3.0,0.28601983
52,135,4.0,0.1995888
52,135,5.0,0.18740161
52,135,6.0,0.18194956
52,135,7.0,0.21340786
52,135,8.0,0.20624283
52,135,9.0,0.20098552
52,135,10.0,0.20561038
52,135,11.0,0.1716252
52,135,12.0,0.14727418
52,135,13.0,0.15981944
52,135,14.0,0.16170852
52,136,0.0,0.23825885
52,136,1.0,0.2238345
52,136,2.0,0.17746374
52,136,3.0,0.13037534
52,136,4.0,0.106291614
52,136,5.0,0.1011159
52,136,6.0,0.08640935
52,136,7.0,0.08092137
52,136,8.0,0.07810573
52,136,9.0,0.06939255
52,136,10.0,0.060062762
52,136,11.0,0.05189406
52,136,12.0,0.05005836
52,136,13.0,0.050272945
52,136,14.0,0.05389131
52,137,0.0,0.04268983
52,137,1.0,0.042748403
52,137,2.0,0.035641905
52,137,3.0,0.022031195
52,137,4.0,0.018536031
52,137,5.0,0.015514179
52,137,6.0,0.012364759
52,137,7.0,0.013570219
52,137,8.0,0.016087547
52,137,9.0,0.014129476
52,137,10.0,0.010689548
52,137,11.0,0.008618576
52,137,12.0,0.009107257
52,137,13.0,0.007766964
52,137,14.0,0.00471853
52,138,0.0,0.010459178
52,138,1.0,0.011997398
52,138,2.0,0.008336635
52,138,3.0,0.00891362
52,138,4.0,0.0035271046
52,138,5.0,0.0025206278
52,138,6.0,0.0018051534
52,138,7.0,0.0020085427
52,138,8.0,0.0021866837
52,138,9.0,0.0020250347
52,138,10.0,0.0018082056
52,138,11.0,0.0009464126
52,138,12.0,0.00071163353
52,138,13.0,0.00083302846
52,138,14.0,0.0010910835
52,139,0.0,0.0015814741
52,139,1.0,0.0014355663
52,139,2.0,0.00086627936
52,139,3.0,0.00070773956
52,139,4.0,0.00024526342
52,139,5.0,0.0004285441
52,139,6.0,0.00034163197
52,139,7.0,0.00025715303
52,139,8.0,0.00010638113
52,139,9.0,9.591995e-05
52,139,10.0,0.00012557728
52,139,11.0,0.00015056386
52,139,12.0,0.00012972279
52,139,13.0,2.202912e-05
52,139,14.0,7.875399e-05
52,140,0.0,0.0003031765
52,140,1.0,0.00010515908
52,140,2.0,0.00010391303
52,140,3.0,8.924795e-05
52,140,4.0,5.0694875e-05
52,140,5.0,1.7919107e-05
52,140,6.0,6.009773e-06
52,140,7.0,1.4752857e-06
52,140,8.0,2.9754724e-06
52,140,9.0,1.0629777e-05
52,140,10.0,1.9074996e-05
52,140,11.0,1.2794246e-05
52,140,12.0,4.598121e-06
52,140,13.0,0.0
52,140,14.0,2.2591596e-05
52,141,0.0,6.329024e-08
52,141,1.0,1.1677306e-05
52,141,2.0,2.2903615e-09
52,141,3.0,1.643287e-05
52,141,4.0,3.2607142e-07
52,141,5.0,0.0
52,141,6.0,0.0
52,141,7.0,0.0
52,141,8.0,0.0
52,141,9.0,1.246727e-11
52,141,10.0,0.0
52,141,11.0,0.0
52,141,12.0,0.0
52,141,13.0,1.0546413e-06
52,141,14.0,3.5744966e-07
52,142,0.0,1.1731213e-06
52,142,1.0,0.0
52,142,2.0,1.4110163e-09
52,142,3.0,1.1434046e-06
52,142,4.0,1.6608692e-06
52,142,5.0,1.5664165e-07
52,142,6.0,3.7148222e-08
52,142,7.0,9.9928904e-08
52,142,8.0,3.1775542e-07
52,142,9.0,4.3305437e-07
52,142,10.0,5.036151e-07
52,142,11.0,6.1979887e-07
52,142,12.0,2.7839988e-06
52,142,13.0,6.6890875e-06
52,142,14.0,2.8770362e-06
52,143,0.0,0.0
52,143,1.0,4.6159877e-07
52,143,2.0,7.760205e-09
52,143,3.0,1.6347299e-06
52,143,4.0,3.5209835e-10
52,143,5.0,3.4860872e-07
52,143,6.0,4.6531338e-07
52,143,7.0,2.473928e-07
52,143,8.0,1.7063235e-07
52,143,9.0,7.313998e-09
52,143,10.0,0.0
52,143,11.0,0.0
52,143,12.0,0.0
52,143,13.0,2.115317e-07
52,143,14.0,1.2796932e-08
52,144,0.0,2.8037832e-08
52,144,1.0,7.830707e-07
52,144,2.0,5.0807887e-07
52,144,3.0,8.874354e-07
52,144,4.0,2.5641858e-09
52,144,5.0,7.4009213e-06
52,144,6.0,3.5477814e-08
52,144,7.0,0.0
52,144,8.0,0.0
52,144,9.0,0.0
52,144,10.0,0.0
52,144,11.0,0.0
52,144,12.0,4.6029772e-06
52,144,13.0,5.651902e-09
52,144,14.0,2.7162967e-08
52,145,0.0,1.5645027e-08
52,145,1.0,3.2926348e-09
52,145,2.0,1.341858e-06
52,145,3.0,1.0092639e-07
52,145,4.0,2.9417325e-07
52,145,5.0,2.6464773e-08
52,145,6.0,0.0
52,145,7.0,0.0
52,145,8.0,1.9774184e-07
52,145,9.0,1.027463e-06
52,145,10.0,7.2882756e-07
52,145,11.0,0.0
52,145,12.0,0.0
52,145,13.0,2.1639478e-07
52,145,14.0,0.0
53,122,0.0,2.2059371e-08
53,122,1.0,0.0
53,122,2.0,0.0
53,122,3.0,0.0
53,122,4.0,0.0
53,122,5.0,0.0
53,122,6.0,0.0
53,122,7.0,1.1624712e-08
53,122,8.0,4.2812558e-06
53,122,9.0,2.3333153e-06
53,122,10.0,0.0
53,122,11.0,4.0148688e-08
53,122,12.0,0.0
53,122,13.0,0.0
53,122,14.0,0.0
53,123,0.0,5.751744e-09
53,123,1.0,9.931698e-06
53,123,2.0,2.9089974e-06
53,123,3.0,0.0
53,123,4.0,0.0
53,123,5.0,1.0215924e-09
53,123,6.0,7.566417e-07
53,123,7.0,6.4321546e-07
53,123,8.0,7.110775e-08
53,123,9.0,4.5141883e-07
53,123,10.0,0.0
53,123,11.0,0.0
53,123,12.0,0.0
53,123,13.0,1.1780078e-05
53,123,14.0,0.0
53,124,0.0,0.0
53,124,1.0,3.6271732e-07
53,124,2.0,1.524665e-07
53,124,3.0,8.138621e-08
53,124,4.0,2.1018671e-08
53,124,5.0,3.4145748e-09
53,124,6.0,3.7838186e-07
53,124,7.0,3.714962e-06
53,124,8.0,5.144637e-06
53,124,9.0,2.3389025e-06
53,124,10.0,0.0
53,124,11.0,0.0
53,124,12.0,8.134266e-08
53,124,13.0,3.6405942e-07
53,124,14.0,1.0777337e-07
53,125,0.0,0.0
53,125,1.0,2.5822573e-07
53,125,2.0,0.0
53,125,3.0,0.0
53,125,4.0,0.0
53,125,5.0,0.0
53,125,6.0,0.0
53,125,7.0,0.0
53,125,8.0,0.0
53,125,9.0,0.0
53,125,10.0,2.4621439e-08
53,125,11.0,1.183823e-06
53,125,12.0,0.0
53,125,13.0,0.0
53,125,14.0,0.0
53,126,0.0,0.0
53,126,1.0,0.0
53,126,2.0,5.695394e-07
53,126,3.0,1.4304169e-06
53,126,4.0,2.3535348e-08
53,126,5.0,0.0
53,126,6.0,0.0
53,126,7.0,0.0
53,126,8.0,0.0
53,126,9.0,0.0
53,126,10.0,4.9047134e-07
53,126,11.0,1.6677568e-05
53,126,12.0,3.5550013e-06
53,126,13.0,2.360045e-06
53,126,14.0,1.831822e-05
53,127,0.0,0.0
53,127,1.0,1.2624418e-08
53,127,2.0,0.0
53,127,3.0,0.0
53,127,4.0,0.0
53,127,5.0,3.005511e-09
53,127,6.0,1.7356813e-05
53,127,7.0,2.2995771e-05
53,127,8.0,2.4014364e-05
53,127,9.0,0.00013892379
53,127,10.0,0.00025471044
53,127,11.0,0.00013326648
53,127,12.0,0.0005696061
53,127,13.0,0.0005262651
53,127,14.0,0.00028835537
53,128,0.0,0.0
53,128,1.0,1.0382981e-06
53,128,2.0,0.0
53,128,3.0,9.4709367e-07
53,128,4.0,1.937664e-05
53,128,5.0,9.1614966e-05
53,128,6.0,0.00011623541
53,128,7.0,6.186218e-05
53,128,8.0,6.63075e-05
53,128,9.0,0.00012461393
53,128,10.0,0.00018067542
53,128,11.0,0.0007609092
53,128,12.0,0.00088299013
53,128,13.0,0.0007685499
53,128,14.0,0.00082320726
53,129,0.0,1.94595e-06
53,129,1.0,8.48916e-07
53,129,2.0,0.000116935335
53,129,3.0,0.00016748215
53,129,4.0,0.00031096395
53,129,5.0,0.00020078944
53,129,6.0,0.00035227774
53,129,7.0,0.0003193405
53,129,8.0,0.00023933503
53,129,9.0,0.0010369894
53,129,10.0,0.0013193557
53,129,11.0,0.0023249898
53,129,12.0,0.0040663755
53,129,13.0,0.0031379282
53,129,14.0,0.002781485
53,130,0.0,1.2269355e-05
53,130,1.0,3.8861244e-06
53,130,2.0,1.4428258e-05
53,130,3.0,8.810514e-05
53,130,4.0,0.0003513284
53,130,5.0,0.0004134109
53,130,6.0,0.0013155646
53,130,7.0,0.0014586762
53,130,8.0,0.00216743
53,130,9.0,0.0024164214
53,130,10.0,0.004110338
53,130,11.0,0.009491849
53,130,12.0,0.00968522
53,130,13.0,0.013756408
53,130,14.0,0.009075929
53,131,0.0,0.00053226546
53,131,1.0,0.00036727183
53,131,2.0,0.0009815928
53,131,3.0,0.0012914592
53,131,4.0,0.0032843049
53,131,5.0,0.007547838
53,131,6.0,0.006451511
53,131,7.0,0.0069087157
53,131,8.0,0.008579176
53,131,9.0,0.015693445
53,131,10.0,0.014783342
53,131,11.0,0.021353131
53,131,12.0,0.02604148
53,131,13.0,0.020557964
53,131,14.0,0.021603758
53,132,0.0,0.0014476766
53,132,1.0,0.0047623264
53,132,2.0,0.005362067
53,132,3.0,0.0076115183
53,132,4.0,0.0053906497
53,132,5.0,0.011764323
53,132,6.0,0.014637936
53,132,7.0,0.020464106
53,132,8.0,0.020736707
53,132,9.0,0.027897362
53,132,10.0,0.050375726
53,132,11.0,0.08149581
53,132,12.0,0.075128935
53,132,13.0,0.08777947
53,132,14.0,0.090179294
53,133,0.0,0.039285384
53,133,1.0,0.058332108
53,133,2.0,0.061460327
53,133,3.0,0.08390702
53,133,4.0,0.10604069
53,133,5.0,0.13216667
53,133,6.0,0.15019685
53,133,7.0,0.14929394
53,133,8.0,0.14291275
53,133,9.0,0.16088827
53,133,10.0,0.18426082
53,133,11.0,0.20187582
53,133,12.0,0.24878934
53,133,13.0,0.24111111
53,133,14.0,0.25235128
53,134,0.0,0.1379411
53,134,1.0,0.18872865
53,134,2.0,0.24829258
53,134,3.0,0.30634627
53,134,4.0,0.32653314
53,134,5.0,0.3487296
53,134,6.0,0.36174852
53,134,7.0,0.39426553
53,134,8.0,0.39734757
53,134,9.0,0.41540083
53,134,10.0,0.45815915
53,134,11.0,0.4240689
53,134,12.0,0.4515231
53,134,13.0,0.45169193
53,134,14.0,0.46224546
53,135,0.0,0.46385115
53,135,1.0,0.5633231
53,135,2.0,0.5960534
53,135,3.0,0.5980904
53,135,4.0,0.5686397
53,135,5.0,0.61365736
53,135,6.0,0.6765139
53,135,7.0,0.6553209
53,135,8.0,0.60337436
53,135,9.0,0.59210193
53,135,10.0,0.60404515
53,135,11.0,0.5691125
53,135,12.0,0.5306461
53,135,13.0,0.533178
53,135,14.0,0.5056872
53,136,0.0,0.37963423
53,136,1.0,0.51242363
53,136,2.0,0.54975116
53,136,3.0,0.63888115
53,136,4.0,0.5647515
53,136,5.0,0.5091257
53,136,6.0,0.4838401
53,136,7.0,0.5027123
53,136,8.0,0.50752175
53,136,9.0,0.48998228
53,136,10.0,0.48593512
53,136,11.0,0.41688108
53,136,12.0,0.40301624
53,136,13.0,0.39441907
53,136,14.0,0.3872738
53,137,0.0,0.42617115
53,137,1.0,0.41820675
53,137,2.0,0.46476296
53,137,3.0,0.39601183
53,137,4.0,0.3143991
53,137,5.0,0.27959296
53,137,6.0,0.28859046
53,137,7.0,0.26830393
53,137,8.0,0.2755873
53,137,9.0,0.28707913
53,137,10.0,0.26735842
53,137,11.0,0.21760745
53,137,12.0,0.20671141
53,137,13.0,0.20366228
53,137,14.0,0.19082543
53,138,0.0,0.1815466
53,138,1.0,0.16102785
53,138,2.0,0.19823332
53,138,3.0,0.17832938
53,138,4.0,0.15646298
53,138,5.0,0.13987592
53,138,6.0,0.11441108
53,138,7.0,0.11544256
53,138,8.0,0.11143224
53,138,9.0,0.10859938
53,138,10.0,0.103083774
53,138,11.0,0.08783986
53,138,12.0,0.08252464
53,138,13.0,0.06422836
53,138,14.0,0.078338034
53,139,0.0,0.07966745
53,139,1.0,0.08149577
53,139,2.0,0.08755768
53,139,3.0,0.07655557
53,139,4.0,0.07934605
53,139,5.0,0.062425096
53,139,6.0,0.052282415
53,139,7.0,0.04645171
53,139,8.0,0.042651385
53,139,9.0,0.042584512
53,139,10.0,0.034276124
53,139,11.0,0.028490517
53,139,12.0,0.020364786
53,139,13.0,0.021503633
53,139,14.0,0.02616046
53,140,0.0,0.026578085
53,140,1.0,0.024479195
53,140,2.0,0.021291278
53,140,3.0,0.01251352
53,140,4.0,0.008579516
53,140,5.0,0.010386434
53,140,6.0,0.008602897
53,140,7.0,0.007641477
53,140,8.0,0.0057780733
53,140,9.0,0.0055330917
53,140,10.0,0.0047617136
53,140,11.0,0.005144893
53,140,12.0,0.003255822
53,140,13.0,0.0033548975
53,140,14.0,0.0030688585
53,141,0.0,0.0026165466
53,141,1.0,0.0037975798
53,141,2.0,0.003263546
53,141,3.0,0.0017746084
53,141,4.0,0.001070962
53,141,5.0,0.0003547813
53,141,6.0,0.00047575255
53,141,7.0,0.00082604703
53,141,8.0,0.00042778335
53,141,9.0,0.00040040546
53,141,10.0,0.0007543911
53,141,11.0,0.00010813342
53,141,12.0,0.00027224037
53,141,13.0,0.00020224976
53,141,14.0,0.00025754832
53,142,0.0,0.00040379728
53,142,1.0,0.0003053355
53,142,2.0,0.00036671184
53,142,3.0,5.2346644e-05
53,142,4.0,0.0001180426
53,142,5.0,4.4117336e-05
53,142,6.0,3.254927e-05
53,142,7.0,6.960418e-06
53,142,8.0,5.9162503e-05
53,142,9.0,5.0339477e-05
53,142,10.0,1.9467054e-05
53,142,11.0,1.6017711e-05
53,142,12.0,0.0001588334
53,142,13.0,2.295427e-05
53,142,14.0,0.00016975707
53,143,0.0,2.8087587e-07
53,143,1.0,9.444471e-07
53,143,2.0,0.0
53,143,3.0,3.812505e-08
53,143,4.0,0.0
53,143,5.0,3.951164e-06
53,143,6.0,1.0405737e-06
53,143,7.0,0.0
53,143,8.0,1.8482806e-11
53,143,9.0,2.2229965e-09
53,143,10.0,1.7571685e-07
53,143,11.0,3.6666442e-08
53,143,12.0,3.9136436e-09
53,143,13.0,8.893517e-06
53,143,14.0,1.6533372e-06
53,144,0.0,0.0
53,144,1.0,0.0
53,144,2.0,0.0
53,144,3.0,0.0
53,144,4.0,0.0
53,144,5.0,0.0
53,144,6.0,4.2380938e-10
53,144,7.0,4.1549004e-09
53,144,8.0,4.6583985e-08
53,144,9.0,1.5764772e-07
53,144,10.0,6.752493e-08
53,144,11.0,2.2866192e-08
53,144,12.0,0.0
53,144,13.0,1.7619886e-09
53,144,14.0,0.0
53,145,0.0,0.0
53,145,1.0,1.4573423e-07
53,145,2.0,0.0
53,145,3.0,0.0
53,145,4.0,0.0
53,145,5.0,4.1941412e-08
53,145,6.0,6.8847885e-07
53,145,7.0,6.1509056e-09
53,145,8.0,5.359549e-08
53,145,9.0,5.647221e-08
53,145,10.0,4.440092e-10
53,145,11.0,0.0
53,145,12.0,0.0
53,145,13.0,0.0
53,145,14.0,0.0
53,146,0.0,0.0
53,146,1.0,1.9289992e-06
53,146,2.0,9.638277e-07
53,146,3.0,2.6403404e-06
53,146,4.0,1.9219588e-06
53,146,5.0,1.0151663e-06
53,146,6.0,8.0802585e-07
53,146,7.0,6.909354e-07
53,146,8.0,9.1288314e-07
53,146,9.0,1.3113331e-06
53,146,10.0,1.5923994e-06
53,146,11.0,2.0065436e-06
53,146,12.0,1.8682077e-06
53,146,13.0,1.1907234e-06
53,146,14.0,7.907264e-08
53,147,0.0,4.430364e-08
53,147,1.0,4.5239474e-09
53,147,2.0,7.8854913e-07
53,147,3.0,5.6661534e-08
53,147,4.0,1.8039302e-07
53,147,5.0,2.1449657e-06
53,147,6.0,3.3130304e-06
53,147,7.0,1.85982e-06
53,147,8.0,3.9942447e-07
53,147,9.0,1.34382e-07
53,147,10.0,5.7203597e-08
53,147,11.0,7.494018e-12
53,147,12.0,0.0
53,147,13.0,0.0
53,147,14.0,1.0095146e-08
53,148,0.0,8.9451606e-07
53,148,1.0,6.635166e-07
53,148,2.0,4.1906087e-06
53,148,3.0,2.9714836e-06
53,148,4.0,1.7822637e-06
53,148,5.0,5.368338e-07
53,148,6.0,6.96192e-08
53,148,7.0,6.319958e-09
53,148,8.0,0.0
53,148,9.0,0.0
53,148,10.0,0.0
53,148,11.0,0.0
53,148,12.0,3.0835077e-09
53,148,13.0,0.0
53,148,14.0,0.0
54,125,0.0,0.0
54,125,1.0,1.945088e-09
54,125,2.0,0.0
54,125,3.0,5.3658704e-09
54,125,4.0,0.0
54,125,5.0,0.0
54,125,6.0,0.0
54,125,7.0,2.921217e-13
54,125,8.0,0.0
54,125,9.0,0.0
54,125,10.0,0.0
54,125,11.0,0.0
54,125,12.0,0.0
54,125,13.0,1.4155871e-07
54,125,14.0,8.116335e-07
54,126,0.0,0.0
54,126,1.0,2.6069486e-08
54,126,2.0,5.9089616e-06
54,126,3.0,6.2059526e-06
54,126,4.0,0.0
54,126,5.0,0.0
54,126,6.0,0.0
54,126,7.0,0.0
54,126,8.0,0.0
54,126,9.0,0.0
54,126,10.0,0.0
54,126,11.0,1.2369246e-07
54,126,12.0,1.8563325e-07
54,126,13.0,3.945227e-12
54,126,14.0,0.0
54,127,0.0,0.0
54,127,1.0,0.0
54,127,2.0,0.0
54,127,3.0,0.0
54,127,4.0,2.538583e-07
54,127,5.0,4.962902e-08
54,127,6.0,2.190253e-09
54,127,7.0,0.0
54,127,8.0,0.0
54,127,9.0,4.0355025e-11
54,127,10.0,1.6018286e-07
54,127,11.0,3.2323632e-07
54,127,12.0,2.9238387e-07
54,127,13.0,4.4714504e-08
54,127,14.0,2.8824098e-07
54,128,0.0,0.0
54,128,1.0,0.0
54,128,2.0,0.0
54,128,3.0,3.7887997e-08
54,128,4.0,5.360465e-10
54,128,5.0,0.0
54,128,6.0,0.0
54,128,7.0,0.0
54,128,8.0,0.0
54,128,9.0,0.0
54,128,10.0,0.0
54,128,11.0,0.0
54,128,12.0,0.0
54,128,13.0,2.1697829e-06
54,128,14.0,2.7760186e-06
54,129,0.0,0.0
54,129,1.0,1.1395773e-09
54,129,2.0,2.9570504e-07
54,129,3.0,0.0
54,129,4.0,1.8728862e-06
54,129,5.0,1.3703574e-07
54,129,6.0,2.873989e-07
54,129,7.0,3.5036922e-07
54,129,8.0,0.0
54,129,9.0,0.0
54,129,10.0,2.0071999e-05
54,129,11.0,3.221815e-05
54,129,12.0,1.6940246e-05
54,129,13.0,2.3505288e-05
54,129,14.0,2.1154887e-05
54,130,0.0,7.803694e-06
54,130,1.0,4.4038816e-07
54,130,2.0,2.9008022e-06
54,130,3.0,6.830303e-05
54,130,4.0,6.733893e-05
54,130,5.0,4.845914e-05
54,130,6.0,2.4075236e-05
54,130,7.0,3.7415703e-06
54,130,8.0,6.1097144e-06
54,130,9.0,4.5225356e-06
54,130,10.0,2.3851908e-05
54,130,11.0,0.00018693163
54,130,12.0,0.00014733776
54,130,13.0,0.00036628373
54,130,14.0,0.00064637
54,131,0.0,2.4558705e-05
54,131,1.0,0.0
54,131,2.0,1.3459783e-05
54,131,3.0,4.20963e-05
54,131,4.0,9.373722e-05
54,131,5.0,0.00012788686
54,131,6.0,0.00043695598
54,131,7.0,0.00043440022
54,131,8.0,0.00042991282
54,131,9.0,0.0004876475
54,131,10.0,0.0011636122
54,131,11.0,0.001509173
54,131,12.0,0.0015667831
54,131,13.0,0.0016999027
54,131,14.0,0.0016246865
54,132,0.0,1.4974658e-05
54,132,1.0,5.4444514e-05
54,132,2.0,9.8663004e-05
54,132,3.0,0.00019629905
54,132,4.0,0.00051638705
54,132,5.0,0.0011054714
54,132,6.0,0.001678998
54,132,7.0,0.0010840652
54,132,8.0,0.0024633668
54,132,9.0,0.0040744827
54,132,10.0,0.0049823252
54,132,11.0,0.010441217
54,132,12.0,0.009697786
54,132,13.0,0.012391388
54,132,14.0,0.0071873986
54,133,0.0,0.0015649714
54,133,1.0,0.00067204534
54,133,2.0,0.0015853252
54,133,3.0,0.0024662619
54,133,4.0,0.002001071
54,133,5.0,0.0023353398
54,133,6.0,0.003957095
54,133,7.0,0.003603924
54,133,8.0,0.004527785
54,133,9.0,0.00609236
54,133,10.0,0.011064023
54,133,11.0,0.01905166
54,133,12.0,0.022281036
54,133,13.0,0.026059441
54,133,14.0,0.024361828
54,134,0.0,0.007366661
54,134,1.0,0.011760311
54,134,2.0,0.014939828
54,134,3.0,0.01568744
54,134,4.0,0.018887615
54,134,5.0,0.018650796
54,134,6.0,0.02608624
54,134,7.0,0.029982032
54,134,8.0,0.03165291
54,134,9.0,0.034945842
54,134,10.0,0.043921273
54,134,11.0,0.05737011
54,134,12.0,0.06448297
54,134,13.0,0.06471508
54,134,14.0,0.06464876
54,135,0.0,0.0411442
54,135,1.0,0.052934214
54,135,2.0,0.0609075
54,135,3.0,0.06616127
54,135,4.0,0.072758146
54,135,5.0,0.08806236
54,135,6.0,0.102595136
54,135,7.0,0.110183224
54,135,8.0,0.1254233
54,135,9.0,0.14935702
54,135,10.0,0.16922832
54,135,11.0,0.16985236
54,135,12.0,0.16525498
54,135,13.0,0.16998334
54,135,14.0,0.18866798
54,136,0.0,0.2745103
54,136,1.0,0.3028689
54,136,2.0,0.31035045
54,136,3.0,0.3084831
54,136,4.0,0.3085157
54,136,5.0,0.33893678
54,136,6.0,0.3453124
54,136,7.0,0.36312494
54,136,8.0,0.37039885
54,136,9.0,0.3854989
54,136,10.0,0.40766865
54,136,11.0,0.4052793
54,136,12.0,0.38657734
54,136,13.0,0.39187425
54,136,14.0,0.4014087
54,137,0.0,0.4407248
54,137,1.0,0.48364902
54,137,2.0,0.47563773
54,137,3.0,0.52219325
54,137,4.0,0.5041216
54,137,5.0,0.48040572
54,137,6.0,0.5467292
54,137,7.0,0.56861055
54,137,8.0,0.56951076
54,137,9.0,0.5888037
54,137,10.0,0.5946182
54,137,11.0,0.5612884
54,137,12.0,0.5607256
54,137,13.0,0.54895127
54,137,14.0,0.53975445
54,138,0.0,0.74355567
54,138,1.0,0.7401812
54,138,2.0,0.6927754
54,138,3.0,0.6752414
54,138,4.0,0.6390959
54,138,5.0,0.61008644
54,138,6.0,0.60373116
54,138,7.0,0.6150163
54,138,8.0,0.6051773
54,138,9.0,0.5800608
54,138,10.0,0.5248233
54,138,11.0,0.47900045
54,138,12.0,0.4497445
54,138,13.0,0.4308038
54,138,14.0,0.42977503
54,139,0.0,0.6485503
54,139,1.0,0.6417557
54,139,2.0,0.48720267
54,139,3.0,0.49627385
54,139,4.0,0.37753817
54,139,5.0,0.34499228
54,139,6.0,0.32854992
54,139,7.0,0.33918145
54,139,8.0,0.3328428
54,139,9.0,0.31177726
54,139,10.0,0.2715174
54,139,11.0,0.23565818
54,139,12.0,0.21295664
54,139,13.0,0.22198103
54,139,14.0,0.25074878
54,140,0.0,0.49412063
54,140,1.0,0.440193
54,140,2.0,0.38739908
54,140,3.0,0.32677755
54,140,4.0,0.28231713
54,140,5.0,0.23961025
54,140,6.0,0.2073634
54,140,7.0,0.21140565
54,140,8.0,0.20683137
54,140,9.0,0.19607325
54,140,10.0,0.17153855
54,140,11.0,0.14606068
54,140,12.0,0.1279054
54,140,13.0,0.12256285
54,140,14.0,0.12039942
54,141,0.0,0.19858685
54,141,1.0,0.17475283
54,141,2.0,0.14209774
54,141,3.0,0.11827382
54,141,4.0,0.0934339
54,141,5.0,0.070889376
54,141,6.0,0.06615084
54,141,7.0,0.062910825
54,141,8.0,0.06122648
54,141,9.0,0.05695053
54,141,10.0,0.049483396
54,141,11.0,0.048078544
54,141,12.0,0.04363242
54,141,13.0,0.046266116
54,141,14.0,0.042639006
54,142,0.0,0.0664479
54,142,1.0,0.066707574
54,142,2.0,0.05521375
54,142,3.0,0.036242224
54,142,4.0,0.026932903
54,142,5.0,0.024130138
54,142,6.0,0.02044474
54,142,7.0,0.021490557
54,142,8.0,0.020704214
54,142,9.0,0.019438047
54,142,10.0,0.018518407
54,142,11.0,0.01611024
54,142,12.0,0.013685115
54,142,13.0,0.012304393
54,142,14.0,0.013392992
54,143,0.0,0.012551144
54,143,1.0,0.008903276
54,143,2.0,0.0062136115
54,143,3.0,0.0045889267
54,143,4.0,0.0025783465
54,143,5.0,0.0022302594
54,143,6.0,0.0021226406
54,143,7.0,0.0021567666
54,143,8.0,0.0030182835
54,143,9.0,0.0023892762
54,143,10.0,0.0016983877
54,143,11.0,0.0011194075
54,143,12.0,0.0011355171
54,143,13.0,0.0010356285
54,143,14.0,0.0007663459
54,144,0.0,0.0016275689
54,144,1.0,0.0014294876
54,144,2.0,0.00071936235
54,144,3.0,0.00068284903
54,144,4.0,0.00040658505
54,144,5.0,0.00036112277
54,144,6.0,0.00039564492
54,144,7.0,0.00047593503
54,144,8.0,0.00039807765
54,144,9.0,0.00023253565
54,144,10.0,0.00017617168
54,144,11.0,0.0001128044
54,144,12.0,0.00010955443
54,144,13.0,8.901583e-05
54,144,14.0,0.00031657098
54,145,0.0,8.400526e-05
54,145,1.0,0.00013498556
54,145,2.0,6.8376474e-05
54,145,3.0,1.667675e-05
54,145,4.0,2.3615257e-05
54,145,5.0,1.9159323e-05
54,145,6.0,2.0479003e-05
54,145,7.0,1.6310827e-05
54,145,8.0,1.1456572e-05
54,145,9.0,1.2429563e-05
54,145,10.0,1.42293675e-05
54,145,11.0,5.5021064e-06
54,145,12.0,1.7732928e-06
54,145,13.0,7.708998e-07
54,145,14.0,4.2737466e-07
54,146,0.0,6.1974847e-06
54,146,1.0,1.5977466e-06
54,146,2.0,1.0078118e-06
54,146,3.0,9.2959986e-08
54,146,4.0,1.0886596e-06
54,146,5.0,4.587877e-06
54,146,6.0,3.6295787e-06
54,146,7.0,1.0468037e-06
54,146,8.0,8.48197e-08
54,146,9.0,0.0
54,146,10.0,0.0
54,146,11.0,0.0
54,146,12.0,5.085325e-08
54,146,13.0,1.8560635e-07
54,146,14.0,3.2085867e-07
54,147,0.0,1.095078e-06
54,147,1.0,7.478333e-07
54,147,2.0,2.796436e-06
54,147,3.0,2.0951843e-06
54,147,4.0,1.5756169e-06
54,147,5.0,9.842287e-07
54,147,6.0,1.4892654e-06
54,147,7.0,1.8498454e-06
54,147,8.0,1.6336124e-06
54,147,9.0,1.4790845e-06
54,147,10.0,1.3307082e-06
54,147,11.0,1.7796001e-06
54,147,12.0,9.654299e-07
54,147,13.0,1.1243923e-06
54,147,14.0,8.291363e-08
54,148,0.0,7.181873e-07
54,148,1.0,3.707453e-07
54,148,2.0,3.4700436e-09
54,148,3.0,0.0
54,148,4.0,1.4703699e-07
54,148,5.0,7.8353486e-07
54,148,6.0,7.7177326e-08
54,148,7.0,2.8792508e-08
54,148,8.0,1.064911e-10
54,148,9.0,1.757125e-08
54,148,10.0,1.4879662e-07
54,148,11.0,8.163175e-07
54,148,12.0,6.6221965e-08
54,148,13.0,5.499844e-09
54,148,14.0,1.7767901e-07
54,149,0.0,0.0
54,149,1.0,5.5921923e-08
54,149,2.0,2.4597716e-07
54,149,3.0,2.7631927e-07
54,149,4.0,5.9458756e-07
54,149,5.0,1.375732e-07
54,149,6.0,0.0
54,149,7.0,0.0
54,149,8.0,2.8248899e-09
54,149,9.0,3.6860232e-08
54,149,10.0,1.8941397e-09
54,149,11.0,0.0
54,149,12.0,1.2996292e-09
54,149,13.0,0.0
54,149,14.0,0.0
54,150,0.0,1.4830543e-07
54,150,1.0,6.9152145e-07
54,150,2.0,6.382191e-07
54,150,3.0,2.14154e-07
54,150,4.0,1.0771784e-06
54,150,5.0,5.8117513e-07
54,150,6.0,4.8847534e-07
54,150,7.0,6.286371e-07
54,150,8.0,1.2667775e-06
54,150,9.0,1.6631808e-06
54,150,10.0,1.5898913e-06
54,150,11.0,1.8147367e-06
54,150,12.0,1.5158665e-06
54,150,13.0,2.7967772e-07
54,150,14.0,6.074833e-08
55,128,0.0,0.0
55,128,1.0,0.0
55,128,2.0,0.0
55,128,3.0,0.0
55,128,4.0,0.0
55,128,5.0,0.0
55,128,6.0,0.0
55,128,7.0,0.0
55,128,8.0,0.0
55,128,9.0,0.0
55,128,10.0,0.0
55,128,11.0,0.0
55,128,12.0,0.0
55,128,13.0,0.0
55,128,14.0,0.0
55,129,0.0,0.0
55,129,1.0,0.0
55,129,2.0,0.0
55,129,3.0,1.9230981e-06
55,129,4.0,1.6220143e-06
55,129,5.0,1.6022116e-07
55,129,6.0,0.0
55,129,7.0,0.0
55,129,8.0,0.0
55,129,9.0,0.0
55,129,10.0,0.0
55,129,11.0,0.0
55,129,12.0,5.381853e-07
55,129,13.0,1.8728123e-09
55,129,14.0,0.0
55,130,0.0,0.0
55,130,1.0,0.0
55,130,2.0,0.0
55,130,3.0,0.0
55,130,4.0,4.4793126e-08
55,130,5.0,6.0594834e-07
55,130,6.0,1.7960095e-07
55,130,7.0,6.112443e-08
55,130,8.0,6.473763e-08
55,130,9.0,2.134882e-08
55,130,10.0,0.0
55,130,11.0,0.0
55,130,12.0,1.0577403e-06
55,130,13.0,5.487731e-08
55,130,14.0,1.7282878e-07
55,131,0.0,4.155353e-07
55,131,1.0,2.998088e-08
55,131,2.0,0.0
55,131,3.0,0.0
55,131,4.0,0.0
55,131,5.0,0.0
55,131,6.0,0.0
55,131,7.0,5.416222e-08
55,131,8.0,1.785985e-07
55,131,9.0,3.0642e-08
55,131,10.0,0.0
55,131,11.0,0.0
55,131,12.0,0.0
55,131,13.0,5.245131e-06
55,131,14.0,4.272441e-06
55,132,0.0,0.0
55,132,1.0,0.0
55,132,2.0,5.3141605e-07
55,132,3.0,5.09395e-07
55,132,4.0,5.2083116e-10
55,132,5.0,0.0
55,132,6.0,1.2313901e-08
55,132,7.0,3.9128338e-07
55,132,8.0,5.3610256e-07
55,132,9.0,3.6321242e-07
55,132,10.0,3.8980997e-07
55,132,11.0,5.144485e-07
55,132,12.0,2.6309567e-06
55,132,13.0,2.445948e-06
55,132,14.0,4.0102873e-06
55,133,0.0,2.5729017e-09
55,133,1.0,4.2977257e-07
55,133,2.0,3.4890293e-06
55,133,3.0,2.4709786e-06
55,133,4.0,2.872085e-05
55,133,5.0,1.705645e-05
55,133,6.0,0.0
55,133,7.0,2.911794e-08
55,133,8.0,4.4919925e-06
55,133,9.0,8.846655e-06
55,133,10.0,2.350337e-05
55,133,11.0,5.0047256e-05
55,133,12.0,0.00021831684
55,133,13.0,5.2415417e-05
55,133,14.0,4.2049818e-05
55,134,0.0,3.486651e-06
55,134,1.0,1.5110537e-05
55,134,2.0,4.3786176e-06
55,134,3.0,7.973895e-05
55,134,4.0,3.9736013e-05
55,134,5.0,1.8668485e-05
55,134,6.0,6.655679e-05
55,134,7.0,0.00017376484
55,134,8.0,0.00035476155
55,134,9.0,0.00068157335
55,134,10.0,0.0007089817
55,134,11.0,0.00039344272
55,134,12.0,0.0007421697
55,134,13.0,0.0012646067
55,134,14.0,0.0015215756
55,135,0.0,0.00018479855
55,135,1.0,6.106883e-05
55,135,2.0,0.0002670248
55,135,3.0,0.0008839368
55,135,4.0,0.001972091
55,135,5.0,0.002438434
55,135,6.0,0.0019955148
55,135,7.0,0.0018758269
55,135,8.0,0.0024245698
55,135,9.0,0.004037259
55,135,10.0,0.0075321454
55,135,11.0,0.009214455
55,135,12.0,0.008787409
55,135,13.0,0.008409737
55,135,14.0,0.010203812
55,136,0.0,0.0012864812
55,136,1.0,0.0021532022
55,136,2.0,0.003349192
55,136,3.0,0.004375948
55,136,4.0,0.0059759323
55,136,5.0,0.009171135
55,136,6.0,0.011776237
55,136,7.0,0.012335982
55,136,8.0,0.015213568
55,136,9.0,0.02131382
55,136,10.0,0.027038893
55,136,11.0,0.027200835
55,136,12.0,0.033058293
55,136,13.0,0.034806617
55,136,14.0,0.030998465
55,137,0.0,0.02080213
55,137,1.0,0.03576998
55,137,2.0,0.04891238
55,137,3.0,0.06403797
55,137,4.0,0.07667549
55,137,5.0,0.09298088
55,137,6.0,0.10318631
55,137,7.0,0.08279909
55,137,8.0,0.08647432
55,137,9.0,0.10091526
55,137,10.0,0.1375518
55,137,11.0,0.1501809
55,137,12.0,0.15890686
55,137,13.0,0.15373221
55,137,14.0,0.14050455
55,138,0.0,0.060392004
55,138,1.0,0.094474755
55,138,2.0,0.117322706
55,138,3.0,0.16589522
55,138,4.0,0.1814318
55,138,5.0,0.20338279
55,138,6.0,0.22241081
55,138,7.0,0.18851101
55,138,8.0,0.19827259
55,138,9.0,0.23040481
55,138,10.0,0.23220518
55,138,11.0,0.23027313
55,138,12.0,0.24526763
55,138,13.0,0.24706836
55,138,14.0,0.24075413
55,139,0.0,0.23317575
55,139,1.0,0.28629515
55,139,2.0,0.31401008
55,139,3.0,0.37986648
55,139,4.0,0.4334155
55,139,5.0,0.40399942
55,139,6.0,0.3920034
55,139,7.0,0.3863104
55,139,8.0,0.38626513
55,139,9.0,0.40613997
55,139,10.0,0.38751486
55,139,11.0,0.40513703
55,139,12.0,0.4067166
55,139,13.0,0.38981766
55,139,14.0,0.3774578
55,140,0.0,0.36279005
55,140,1.0,0.39946383
55,140,2.0,0.3929758
55,140,3.0,0.4779036
55,140,4.0,0.4561341
55,140,5.0,0.4682515
55,140,6.0,0.51168483
55,140,7.0,0.44253337
55,140,8.0,0.43387178
55,140,9.0,0.4423376
55,140,10.0,0.45047104
55,140,11.0,0.44040033
55,140,12.0,0.40927526
55,140,13.0,0.39693514
55,140,14.0,0.38952342
55,141,0.0,0.5123267
55,141,1.0,0.50672954
55,141,2.0,0.58253306
55,141,3.0,0.58191794
55,141,4.0,0.46551815
55,141,5.0,0.4836318
55,141,6.0,0.43451628
55,141,7.0,0.40853193
55,141,8.0,0.3867767
55,141,9.0,0.40070906
55,141,10.0,0.3645279
55,141,11.0,0.30367917
55,141,12.0,0.29052052
55,141,13.0,0.29868507
55,141,14.0,0.30329108
55,142,0.0,0.35822102
55,142,1.0,0.34701046
55,142,2.0,0.3295118
55,142,3.0,0.36387238
55,142,4.0,0.28796214
55,142,5.0,0.27345836
55,142,6.0,0.27469847
55,142,7.0,0.2631301
55,142,8.0,0.25978118
55,142,9.0,0.2484175
55,142,10.0,0.22383115
55,142,11.0,0.20210485
55,142,12.0,0.18370345
55,142,13.0,0.18205388
55,142,14.0,0.18170518
55,143,0.0,0.21485257
55,143,1.0,0.20104428
55,143,2.0,0.18411694
55,143,3.0,0.14040747
55,143,4.0,0.1323622
55,143,5.0,0.12117133
55,143,6.0,0.11452157
55,143,7.0,0.11305658
55,143,8.0,0.10787641
55,143,9.0,0.09821191
55,143,10.0,0.08215303
55,143,11.0,0.07013437
55,143,12.0,0.05736942
55,143,13.0,0.046608984
55,143,14.0,0.04806256
55,144,0.0,0.07828868
55,144,1.0,0.06408056
55,144,2.0,0.05764489
55,144,3.0,0.050092213
55,144,4.0,0.03424987
55,144,5.0,0.030198863
55,144,6.0,0.028174508
55,144,7.0,0.030013878
55,144,8.0,0.030139115
55,144,9.0,0.028286105
55,144,10.0,0.024847353
55,144,11.0,0.020536495
55,144,12.0,0.017308826
55,144,13.0,0.014366509
55,144,14.0,0.016284902
55,145,0.0,0.020786691
55,145,1.0,0.023694547
55,145,2.0,0.011622336
55,145,3.0,0.009977072
55,145,4.0,0.010173772
55,145,5.0,0.008094859
55,145,6.0,0.007354281
55,145,7.0,0.006178655
55,145,8.0,0.005846694
55,145,9.0,0.0052960576
55,145,10.0,0.004465991
55,145,11.0,0.004175304
55,145,12.0,0.0031577656
55,145,13.0,0.0019323676
55,145,14.0,0.0021407823
55,146,0.0,0.0034155988
55,146,1.0,0.0016155744
55,146,2.0,0.0018042269
55,146,3.0,0.0012352737
55,146,4.0,0.0007642065
55,146,5.0,0.00079851685
55,146,6.0,0.00085080205
55,146,7.0,0.00090971024
55,146,8.0,0.00029358012
55,146,9.0,0.00038801218
55,146,10.0,0.00045677222
55,146,11.0,0.00027584008
55,146,12.0,0.00020038475
55,146,13.0,0.00015962939
55,146,14.0,0.0004944792
55,147,0.0,0.00035065206
55,147,1.0,0.0001069565
55,147,2.0,2.9302884e-05
55,147,3.0,0.00015687727
55,147,4.0,0.00019332749
55,147,5.0,1.9773652e-05
55,147,6.0,5.238885e-06
55,147,7.0,5.387003e-05
55,147,8.0,1.7776014e-05
55,147,9.0,2.1086223e-06
55,147,10.0,7.955991e-06
55,147,11.0,1.2825968e-05
55,147,12.0,9.034844e-05
55,147,13.0,6.224969e-06
55,147,14.0,2.9387095e-06
55,148,0.0,1.3214811e-05
55,148,1.0,2.622086e-06
55,148,2.0,0.0
55,148,3.0,0.0
55,148,4.0,6.280818e-10
55,148,5.0,6.261624e-06
55,148,6.0,1.0441032e-06
55,148,7.0,1.1613458e-08
55,148,8.0,6.5442727e-09
55,148,9.0,7.6722934e-08
55,148,10.0,3.9849724e-08
55,148,11.0,3.3326177e-08
55,148,12.0,4.3179157e-10
55,148,13.0,4.8858234e-10
55,148,14.0,8.686015e-09
55,149,0.0,0.0
55,149,1.0,5.894737e-08
55,149,2.0,0.0
55,149,3.0,0.0
55,149,4.0,1.0871876e-06
55,149,5.0,0.0
55,149,6.0,0.0
55,149,7.0,0.0
55,149,8.0,5.9341634e-09
55,149,9.0,1.12740475e-08
55,149,10.0,3.719994e-08
55,149,11.0,4.77092e-07
55,149,12.0,6.512989e-07
55,149,13.0,6.6835135e-08
55,149,14.0,1.4147525e-07
55,150,0.0,0.0
55,150,1.0,0.0
55,150,2.0,0.0
55,150,3.0,0.0
55,150,4.0,0.0
55,150,5.0,9.30054e-09
55,150,6.0,0.0
55,150,7.0,3.3332463e-09
55,150,8.0,9.36668e-09
55,150,9.0,3.8431727e-10
55,150,10.0,2.2368698e-07
55,150,11.0,1.8818739e-06
55,150,12.0,8.2814927e-07
55,150,13.0,1.01941545e-10
55,150,14.0,0.0
55,151,0.0,2.66296e-07
55,151,1.0,1.3743214e-09
55,151,2.0,9.655152e-08
55,151,3.0,0.0
55,151,4.0,0.0
55,151,5.0,5.714415e-09
55,151,6.0,1.9202304e-07
55,151,7.0,1.2829642e-07
55,151,8.0,3.261801e-07
55,151,9.0,8.173443e-07
55,151,10.0,1.752439e-06
55,151,11.0,4.4181966e-06
55,151,12.0,1.1755639e-06
55,151,13.0,2.4150003e-07
55,151,14.0,3.6866945e-07
55,152,0.0,2.6247402e-08
55,152,1.0,0.0
55,152,2.0,0.0
55,152,3.0,1.0547079e-06
55,152,4.0,1.6644308e-06
55,152,5.0,2.0229422e-06
55,152,6.0,5.9338225e-07
55,152,7.0,1.1004938e-06
55,152,8.0,1.4927364e-06
55,152,9.0,7.1905856e-07
55,152,10.0,3.654145e-07
55,152,11.0,1.1095647e-06
55,152,12.0,7.478134e-07
55,152,13.0,1.5763337e-06
55,152,14.0,9.648746e-07
56,131,0.0,2.7986275e-07
56,131,1.0,2.3028069e-07
56,131,2.0,5.144659e-07
56,131,3.0,3.1227357e-06
56,131,4.0,2.1878245e-06
56,131,5.0,3.7702257e-06
56,131,6.0,4.1317408e-06
56,131,7.0,3.905565e-06
56,131,8.0,3.0783312e-06
56,131,9.0,2.687066e-06
56,131,10.0,2.5516028e-06
56,131,11.0,7.636873e-07
56,131,12.0,4.6865753e-07
56,131,13.0,5.024715e-07
56,131,14.0,1.1107493e-06
56,132,0.0,1.7371609e-09
56,132,1.0,2.638745e-09
56,132,2.0,0.0
56,132,3.0,0.0
56,132,4.0,3.687444e-12
56,132,5.0,0.0
56,132,6.0,0.0
56,132,7.0,2.5027205e-13
56,132,8.0,6.953216e-10
56,132,9.0,0.0
56,132,10.0,0.0
56,132,11.0,0.0
56,132,12.0,0.0
56,132,13.0,4.663279e-07
56,132,14.0,1.8274299e-06
56,133,0.0,0.0
56,133,1.0,6.4631855e-08
56,133,2.0,8.2909315e-07
56,133,3.0,1.3722649e-06
56,133,4.0,0.0
56,133,5.0,0.0
56,133,6.0,0.0
56,133,7.0,0.0
56,133,8.0,2.4746843e-10
56,133,9.0,0.0
56,133,10.0,3.186568e-08
56,133,11.0,3.4025015e-07
56,133,12.0,6.502124e-07
56,133,13.0,2.2687025e-06
56,133,14.0,1.0324704e-06
56,134,0.0,4.733868e-08
56,134,1.0,1.763971e-07
56,134,2.0,0.0
56,134,3.0,0.0
56,134,4.0,0.0
56,134,5.0,0.0
56,134,6.0,5.013354e-06
56,134,7.0,2.9698683e-06
56,134,8.0,4.8250563e-08
56,134,9.0,3.1039423e-08
56,134,10.0,1.7066852e-06
56,134,11.0,0.0
56,134,12.0,2.2125957e-07
56,134,13.0,1.164302e-07
56,134,14.0,5.464675e-07
56,135,0.0,0.0
56,135,1.0,4.2883066e-08
56,135,2.0,1.1626157e-06
56,135,3.0,0.0
56,135,4.0,2.938842e-07
56,135,5.0,0.0
56,135,6.0,0.0
56,135,7.0,0.0
56,135,8.0,0.0
56,135,9.0,7.246101e-08
56,135,10.0,0.0
56,135,11.0,1.7256289e-06
56,135,12.0,5.8642017e-05
56,135,13.0,0.00026528523
56,135,14.0,2.4817353e-05
56,136,0.0,0.0
56,136,1.0,0.0
56,136,2.0,0.0
56,136,3.0,0.0
56,136,4.0,0.0
56,136,5.0,1.7497788e-07
56,136,6.0,1.5113449e-05
56,136,7.0,1.9210314e-05
56,136,8.0,5.4280514e-05
56,136,9.0,4.818375e-05
56,136,10.0,0.00012044743
56,136,11.0,0.000112009024
56,136,12.0,6.706802e-05
56,136,13.0,0.00044398254
56,136,14.0,0.0007685815
56,137,0.0,0.00012917962
56,137,1.0,0.00023125652
56,137,2.0,0.00020096454
56,137,3.0,0.00026955613
56,137,4.0,0.0004520627
56,137,5.0,0.00051409716
56,137,6.0,0.0007597743
56,137,7.0,0.0010134524
56,137,8.0,0.0011388122
56,137,9.0,0.0021609133
56,137,10.0,0.0027185285
56,137,11.0,0.0033833943
56,137,12.0,0.004445224
56,137,13.0,0.0039764903
56,137,14.0,0.0036843969
56,138,0.0,0.0018056146
56,138,1.0,0.0016604175
56,138,2.0,0.0046270285
56,138,3.0,0.004839746
56,138,4.0,0.0045103356
56,138,5.0,0.007123285
56,138,6.0,0.007046001
56,138,7.0,0.009823995
56,138,8.0,0.012180644
56,138,9.0,0.0143339345
56,138,10.0,0.016037965
56,138,11.0,0.0202765
56,138,12.0,0.01935839
56,138,13.0,0.021138288
56,138,14.0,0.025076112
56,139,0.0,0.014845234
56,139,1.0,0.016951151
56,139,2.0,0.030121826
56,139,3.0,0.033715196
56,139,4.0,0.03066481
56,139,5.0,0.034627106
56,139,6.0,0.03745454
56,139,7.0,0.042071022
56,139,8.0,0.04542412
56,139,9.0,0.04825551
56,139,10.0,0.058685094
56,139,11.0,0.06588995
56,139,12.0,0.06903188
56,139,13.0,0.079076506
56,139,14.0,0.08174849
56,140,0.0,0.08823116
56,140,1.0,0.09059269
56,140,2.0,0.10122405
56,140,3.0,0.10272084
56,140,4.0,0.10781753
56,140,5.0,0.11622706
56,140,6.0,0.14570206
56,140,7.0,0.15716046
56,140,8.0,0.15109965
56,140,9.0,0.14902301
56,140,10.0,0.16481262
56,140,11.0,0.18083344
56,140,12.0,0.17867392
56,140,13.0,0.18557575
56,140,14.0,0.18673733
56,141,0.0,0.20095281
56,141,1.0,0.23931454
56,141,2.0,0.27247116
56,141,3.0,0.26869738
56,141,4.0,0.26823115
56,141,5.0,0.27154365
56,141,6.0,0.28474265
56,141,7.0,0.28755003
56,141,8.0,0.29326522
56,141,9.0,0.29887697
56,141,10.0,0.30042827
56,141,11.0,0.30169845
56,141,12.0,0.3065587
56,141,13.0,0.29680765
56,141,14.0,0.33416623
56,142,0.0,0.5040542
56,142,1.0,0.44437662
56,142,2.0,0.4232254
56,142,3.0,0.41920853
56,142,4.0,0.41430664
56,142,5.0,0.42352882
56,142,6.0,0.42527387
56,142,7.0,0.44089997
56,142,8.0,0.42692778
56,142,9.0,0.4339859
56,142,10.0,0.44565824
56,142,11.0,0.42660427
56,142,12.0,0.39255992
56,142,13.0,0.40010872
56,142,14.0,0.41222942
56,143,0.0,0.63441175
56,143,1.0,0.5910362
56,143,2.0,0.5905343
56,143,3.0,0.5235266
56,143,4.0,0.4479065
56,143,5.0,0.3930559
56,143,6.0,0.38802895
56,143,7.0,0.38715953
56,143,8.0,0.3806703
56,143,9.0,0.3742743
56,143,10.0,0.36039817
56,143,11.0,0.3413034
56,143,12.0,0.30853915
56,143,13.0,0.3163686
56,143,14.0,0.34258974
56,144,0.0,0.63624877
56,144,1.0,0.51526624
56,144,2.0,0.42852086
56,144,3.0,0.39489824
56,144,4.0,0.35512066
56,144,5.0,0.31177688
56,144,6.0,0.30222297
56,144,7.0,0.31479976
56,144,8.0,0.300054
56,144,9.0,0.2756585
56,144,10.0,0.2463829
56,144,11.0,0.19475587
56,144,12.0,0.17566973
56,144,13.0,0.19211714
56,144,14.0,0.19516705
56,145,0.0,0.315315
56,145,1.0,0.27234194
56,145,2.0,0.20465049
56,145,3.0,0.16800497
56,145,4.0,0.15470253
56,145,5.0,0.1387107
56,145,6.0,0.13402946
56,145,7.0,0.12447993
56,145,8.0,0.11632944
56,145,9.0,0.11070058
56,145,10.0,0.104317136
56,145,11.0,0.09335238
56,145,12.0,0.07550904
56,145,13.0,0.07656656
56,145,14.0,0.08565787
56,146,0.0,0.12792185
56,146,1.0,0.11248422
56,146,2.0,0.07506809
56,146,3.0,0.05367723
56,146,4.0,0.047710188
56,146,5.0,0.041564144
56,146,6.0,0.03699698
56,146,7.0,0.035222452
56,146,8.0,0.033283666
56,146,9.0,0.029006008
56,146,10.0,0.025161287
56,146,11.0,0.02097108
56,146,12.0,0.017464519
56,146,13.0,0.01618425
56,146,14.0,0.015487051
56,147,0.0,0.0406871
56,147,1.0,0.024037046
56,147,2.0,0.016233297
56,147,3.0,0.012072664
56,147,4.0,0.01094322
56,147,5.0,0.009642459
56,147,6.0,0.008477825
56,147,7.0,0.0076019443
56,147,8.0,0.0070273383
56,147,9.0,0.006240062
56,147,10.0,0.005445033
56,147,11.0,0.0047562
56,147,12.0,0.004854793
56,147,13.0,0.004335378
56,147,14.0,0.0039279126
56,148,0.0,0.0046872557
56,148,1.0,0.0036822811
56,148,2.0,0.002409845
56,148,3.0,0.0010200298
56,148,4.0,0.0010603283
56,148,5.0,0.0009570129
56,148,6.0,0.00062634976
56,148,7.0,0.00055504654
56,148,8.0,0.00071342714
56,148,9.0,0.00059841684
56,148,10.0,0.0005373089
56,148,11.0,0.00049559074
56,148,12.0,0.00032199308
56,148,13.0,0.00040742592
56,148,14.0,0.00041660445
56,149,0.0,0.001008415
56,149,1.0,0.00052164774
56,149,2.0,0.00025307442
56,149,3.0,0.00032818498
56,149,4.0,0.00015236021
56,149,5.0,0.00013637089
56,149,6.0,0.00015604345
56,149,7.0,0.00012876022
56,149,8.0,0.00010810816
56,149,9.0,9.9236015e-05
56,149,10.0,9.5404794e-05
56,149,11.0,4.0304687e-05
56,149,12.0,1.8372704e-05
56,149,13.0,6.361374e-05
56,149,14.0,3.7139776e-05
56,150,0.0,7.1293296e-05
56,150,1.0,3.936357e-05
56,150,2.0,1.48837e-05
56,150,3.0,1.4515249e-05
56,150,4.0,1.4519276e-05
56,150,5.0,6.714605e-06
56,150,6.0,5.673692e-06
56,150,7.0,3.297391e-06
56,150,8.0,2.0853734e-06
56,150,9.0,1.7313009e-06
56,150,10.0,1.6031638e-06
56,150,11.0,9.332067e-07
56,150,12.0,4.073124e-08
56,150,13.0,2.6959206e-06
56,150,14.0,6.2659194e-07
56,151,0.0,0.0
56,151,1.0,9.708155e-09
56,151,2.0,2.0763695e-08
56,151,3.0,5.152359e-09
56,151,4.0,0.0
56,151,5.0,0.0
56,151,6.0,0.0
56,151,7.0,0.0
56,151,8.0,0.0
56,151,9.0,0.0
56,151,10.0,0.0
56,151,11.0,0.0
56,151,12.0,0.0
56,151,13.0,3.1240653e-08
56,151,14.0,1.3115056e-07
56,152,0.0,0.0
56,152,1.0,1.6665583e-09
56,152,2.0,4.9209463e-09
56,152,3.0,1.5306625e-07
56,152,4.0,1.3267237e-06
56,152,5.0,6.1340876e-07
56,152,6.0,2.7147635e-06
56,152,7.0,1.9248573e-06
56,152,8.0,2.8536883e-06
56,152,9.0,7.56407e-07
56,152,10.0,3.70129e-09
56,152,11.0,6.680072e-09
56,152,12.0,2.7218582e-07
56,152,13.0,2.5813438e-06
56,152,14.0,1.1025e-06
56,153,0.0,0.0
56,153,1.0,1.4499187e-06
56,153,2.0,0.0
56,153,3.0,7.27395e-07
56,153,4.0,0.0
56,153,5.0,5.6329606e-07
56,153,6.0,0.0
56,153,7.0,6.5077357e-09
56,153,8.0,1.4906789e-07
56,153,9.0,2.1479042e-07
56,153,10.0,2.4326335e-08
56,153,11.0,0.0
56,153,12.0,4.0329073e-06
56,153,13.0,0.0
56,153,14.0,1.13261656e-07
56,154,0.0,5.607173e-08
56,154,1.0,4.4357384e-07
56,154,2.0,2.3772816e-06
56,154,3.0,1.1711068e-06
56,154,4.0,0.0
56,154,5.0,0.0
56,154,6.0,0.0
56,154,7.0,4.53209e-08
56,154,8.0,5.4157823e-07
56,154,9.0,3.8512025e-07
56,154,10.0,1.2011307e-10
56,154,11.0,0.0
56,154,12.0,0.0
56,154,13.0,9.185472e-07
56,154,14.0,2.8828528e-09
57,133,0.0,1.0644778e-06
57,133,1.0,3.5439165e-10
57,133,2.0,0.0
57,133,3.0,0.0
57,133,4.0,2.1160691e-08
57,133,5.0,2.8923182e-07
57,133,6.0,3.458975e-07
57,133,7.0,2.7198573e-07
57,133,8.0,3.329388e-08
57,133,9.0,8.49727e-09
57,133,10.0,0.0
57,133,11.0,5.1466427e-12
57,133,12.0,0.0
57,133,13.0,6.637691e-09
57,133,14.0,6.8074854e-08
57,134,0.0,3.1918975e-07
57,134,1.0,0.0
57,134,2.0,0.0
57,134,3.0,0.0
57,134,4.0,0.0
57,134,5.0,0.0
57,134,6.0,0.0
57,134,7.0,2.9999192e-09
57,134,8.0,2.8926253e-08
57,134,9.0,1.6640696e-08
57,134,10.0,2.873715e-07
57,134,11.0,6.1889516e-08
57,134,12.0,7.6521465e-09
57,134,13.0,4.645994e-08
57,134,14.0,1.0987458e-07
57,135,0.0,1.0364766e-08
57,135,1.0,4.541136e-07
57,135,2.0,2.8896628e-07
57,135,3.0,1.5773645e-07
57,135,4.0,2.5019415e-07
57,135,5.0,4.2378804e-07
57,135,6.0,1.5574457e-07
57,135,7.0,1.070393e-07
57,135,8.0,1.14891016e-07
57,135,9.0,3.9727777e-08
57,135,10.0,1.1478136e-05
57,135,11.0,3.7558497e-08
57,135,12.0,0.0
57,135,13.0,1.6901762e-05
57,135,14.0,2.655083e-08
57,136,0.0,1.3840798e-06
57,136,1.0,3.7344017e-09
57,136,2.0,0.0
57,136,3.0,0.0
57,136,4.0,0.0
57,136,5.0,0.0
57,136,6.0,0.0
57,136,7.0,0.0
57,136,8.0,0.0
57,136,9.0,0.0
57,136,10.0,1.6781344e-08
57,136,11.0,0.0
57,136,12.0,0.0
57,136,13.0,0.0
57,136,14.0,0.0
57,137,0.0,2.8923762e-06
57,137,1.0,7.950594e-14
57,137,2.0,0.0
57,137,3.0,0.0
57,137,4.0,0.0
57,137,5.0,1.6791833e-07
57,137,6.0,9.858528e-07
57,137,7.0,0.0
57,137,8.0,0.0
57,137,9.0,5.7942345e-10
57,137,10.0,3.0307925e-05
57,137,11.0,2.9975254e-06
57,137,12.0,4.6126647e-07
57,137,13.0,1.4209459e-05
57,137,14.0,6.312487e-06
57,138,0.0,0.0
57,138,1.0,2.2276787e-07
57,138,2.0,0.0
57,138,3.0,1.638774e-07
57,138,4.0,2.7222492e-07
57,138,5.0,2.394198e-08
57,138,6.0,0.0
57,138,7.0,2.304923e-09
57,138,8.0,1.987331e-07
57,138,9.0,0.0
57,138,10.0,2.5472529e-09
57,138,11.0,5.409273e-07
57,138,12.0,8.6631844e-05
57,138,13.0,9.016779e-05
57,138,14.0,7.141876e-05
57,139,0.0,2.1881041e-08
57,139,1.0,2.0728767e-05
57,139,2.0,3.2684045e-05
57,139,3.0,8.19985e-05
57,139,4.0,0.000251284
57,139,5.0,0.00034793277
57,139,6.0,0.00035830133
57,139,7.0,0.0003868709
57,139,8.0,0.00045152145
57,139,9.0,0.00082961767
57,139,10.0,0.00048539345
57,139,11.0,0.0014731959
57,139,12.0,0.0018244331
57,139,13.0,0.0010240873
57,139,14.0,0.0013492194
57,140,0.0,0.00038718907
57,140,1.0,0.00010650381
57,140,2.0,0.00054207933
57,140,3.0,0.0011815153
57,140,4.0,0.001658502
57,140,5.0,0.0020059496
57,140,6.0,0.0015958488
57,140,7.0,0.0013755813
57,140,8.0,0.0017573315
57,140,9.0,0.0030301444
57,140,10.0,0.0040752483
57,140,11.0,0.0044669425
57,140,12.0,0.0051962226
57,140,13.0,0.0061297975
57,140,14.0,0.005675037
57,141,0.0,0.0037598838
57,141,1.0,0.0054667573
57,141,2.0,0.010615459
57,141,3.0,0.009574714
57,141,4.0,0.010605684
57,141,5.0,0.014393709
57,141,6.0,0.023043836
57,141,7.0,0.027627088
57,141,8.0,0.024740651
57,141,9.0,0.017839292
57,141,10.0,0.022482261
57,141,11.0,0.02941371
57,141,12.0,0.03708067
57,141,13.0,0.041111756
57,141,14.0,0.047535703
57,142,0.0,0.0067928615
57,142,1.0,0.020918334
57,142,2.0,0.022272453
57,142,3.0,0.040203944
57,142,4.0,0.04576521
57,142,5.0,0.051235747
57,142,6.0,0.054260764
57,142,7.0,0.050799537
57,142,8.0,0.050800163
57,142,9.0,0.051845677
57,142,10.0,0.05267621
57,142,11.0,0.05548635
57,142,12.0,0.0679108
57,142,13.0,0.078769386
57,142,14.0,0.082184725
57,143,0.0,0.09582659
57,143,1.0,0.10771271
57,143,2.0,0.13453972
57,143,3.0,0.13782434
57,143,4.0,0.15847017
57,143,5.0,0.1317045
57,143,6.0,0.14093022
57,143,7.0,0.15743022
57,143,8.0,0.15977533
57,143,9.0,0.15316586
57,143,10.0,0.15688103
57,143,11.0,0.18796182
57,143,12.0,0.20834868
57,143,13.0,0.20041151
57,143,14.0,0.20471159
57,144,0.0,0.13346915
57,144,1.0,0.14974163
57,144,2.0,0.1990808
57,144,3.0,0.23725921
57,144,4.0,0.23637818
57,144,5.0,0.23408274
57,144,6.0,0.21822907
57,144,7.0,0.21133576
57,144,8.0,0.20516787
57,144,9.0,0.20789313
57,144,10.0,0.233525
57,144,11.0,0.20813777
57,144,12.0,0.21240945
57,144,13.0,0.21414897
57,144,14.0,0.215297
57,145,0.0,0.31556922
57,145,1.0,0.2945948
57,145,2.0,0.29441553
57,145,3.0,0.29180324
57,145,4.0,0.2925174
57,145,5.0,0.27310595
57,145,6.0,0.2756926
57,145,7.0,0.2794008
57,145,8.0,0.25955766
57,145,9.0,0.25233668
57,145,10.0,0.25971717
57,145,11.0,0.24448119
57,145,12.0,0.2314848
57,145,13.0,0.23149447
57,145,14.0,0.23112321
57,146,0.0,0.24401957
57,146,1.0,0.2681115
57,146,2.0,0.26203635
57,146,3.0,0.21081166
57,146,4.0,0.21381441
57,146,5.0,0.22353417
57,146,6.0,0.19030684
57,146,7.0,0.20398958
57,146,8.0,0.19839998
57,146,9.0,0.18380328
57,146,10.0,0.18384002
57,146,11.0,0.17576917
57,146,12.0,0.15324242
57,146,13.0,0.14734685
57,146,14.0,0.14673252
57,147,0.0,0.21198134
57,147,1.0,0.16988082
57,147,2.0,0.15046081
57,147,3.0,0.12612371
57,147,4.0,0.13597326
57,147,5.0,0.1288564
57,147,6.0,0.11728656
57,147,7.0,0.1196112
57,147,8.0,0.097552605
57,147,9.0,0.09495347
57,147,10.0,0.083476625
57,147,11.0,0.073671855
57,147,12.0,0.063879594
57,147,13.0,0.059481185
57,147,14.0,0.06552276
57,148,0.0,0.06966374
57,148,1.0,0.055657838
57,148,2.0,0.05276039
57,148,3.0,0.052569106
57,148,4.0,0.048331596
57,148,5.0,0.047901437
57,148,6.0,0.05617578
57,148,7.0,0.054026246
57,148,8.0,0.046141215
57,148,9.0,0.040625557
57,148,10.0,0.03832911
57,148,11.0,0.032172598
57,148,12.0,0.02437817
57,148,13.0,0.020560438
57,148,14.0,0.018743524
57,149,0.0,0.027700197
57,149,1.0,0.024883868
57,149,2.0,0.01934115
57,149,3.0,0.016209647
57,149,4.0,0.0131694395
57,149,5.0,0.011512784
57,149,6.0,0.014866262
57,149,7.0,0.013379121
57,149,8.0,0.0096093025
57,149,9.0,0.008643113
57,149,10.0,0.0091483835
57,149,11.0,0.0078080236
57,149,12.0,0.007509778
57,149,13.0,0.0074588116
57,149,14.0,0.007376777
57,150,0.0,0.0049057696
57,150,1.0,0.005466286
57,150,2.0,0.0029544104
57,150,3.0,0.0019667526
57,150,4.0,0.002193037
57,150,5.0,0.0025300533
57,150,6.0,0.0026768022
57,150,7.0,0.0021692335
57,150,8.0,0.002042699
57,150,9.0,0.001916884
57,150,10.0,0.0013808428
57,150,11.0,0.0007269595
57,150,12.0,0.0004490776
57,150,13.0,0.0005533896
57,150,14.0,0.00023077651
57,151,0.0,0.0007082987
57,151,1.0,0.00052376674
57,151,2.0,0.00038201234
57,151,3.0,0.00031404052
57,151,4.0,0.0004939922
57,151,5.0,0.0003344635
57,151,6.0,0.00051270507
57,151,7.0,0.0003931409
57,151,8.0,0.00020011922
57,151,9.0,0.000114868446
57,151,10.0,0.00010377619
57,151,11.0,4.9576218e-05
57,151,12.0,8.216866e-05
57,151,13.0,9.9197336e-05
57,151,14.0,4.981027e-05
57,152,0.0,0.0001200016
57,152,1.0,5.721524e-05
57,152,2.0,1.9332398e-05
57,152,3.0,2.0650477e-05
57,152,4.0,1.575188e-05
57,152,5.0,1.03945595e-05
57,152,6.0,1.1035935e-05
57,152,7.0,5.48501e-06
57,152,8.0,1.8230037e-06
57,152,9.0,3.094647e-07
57,152,10.0,2.4878762e-08
57,152,11.0,1.2209776e-08
57,152,12.0,3.1578672e-08
57,152,13.0,5.5575164e-08
57,152,14.0,1.2302678e-07
57,153,0.0,1.8059387e-08
57,153,1.0,3.3888523e-09
57,153,2.0,0.0
57,153,3.0,0.0
57,153,4.0,0.0
57,153,5.0,0.0
57,153,6.0,0.0
57,153,7.0,0.0
57,153,8.0,0.0
57,153,9.0,0.0
57,153,10.0,1.1382853e-08
57,153,11.0,1.9381632e-07
57,153,12.0,0.0
57,153,13.0,4.422355e-09
57,153,14.0,1.1811722e-08
57,154,0.0,0.0
57,154,1.0,0.0
57,154,2.0,1.2215436e-08
57,154,3.0,1.8734423e-06
57,154,4.0,8.349382e-06
57,154,5.0,3.5204207e-06
57,154,6.0,1.3780807e-07
57,154,7.0,1.1970099e-07
57,154,8.0,3.3255986e-07
57,154,9.0,5.508704e-07
57,154,10.0,6.476005e-07
57,154,11.0,2.2903037e-06
57,154,12.0,6.032275e-08
57,154,13.0,0.0
57,154,14.0,5.5427446e-08
57,155,0.0,1.1452824e-09
57,155,1.0,3.1947178e-07
57,155,2.0,2.3710995e-06
57,155,3.0,1.1970907e-07
57,155,4.0,6.15594e-07
57,155,5.0,4.0951786e-06
57,155,6.0,3.4765986e-07
57,155,7.0,3.720869e-07
57,155,8.0,7.212474e-07
57,155,9.0,9.407361e-07
57,155,10.0,1.0552156e-06
57,155,11.0,1.1767997e-06
57,155,12.0,1.1334934e-05
57,155,13.0,1.8865504e-06
57,155,14.0,3.6510676e-07
57,156,0.0,1.1754537e-06
57,156,1.0,1.9290637e-07
57,156,2.0,2.410108e-07
57,156,3.0,0.0
57,156,4.0,4.5663203e-08
57,156,5.0,4.829896e-06
57,156,6.0,4.8407646e-06
57,156,7.0,3.4945567e-06
57,156,8.0,1.5193353e-06
57,156,9.0,1.6442792e-06
57,156,10.0,1.1733889e-06
57,156,11.0,1.4015548e-07
57,156,12.0,0.0
57,156,13.0,0.0
57,156,14.0,0.0
57,157,0.0,1.8231975e-07
57,157,1.0,1.4765139e-07
57,157,2.0,1.7051912e-06
57,157,3.0,3.3664164e-06
57,157,4.0,7.0130336e-06
57,157,5.0,8.871749e-06
57,157,6.0,4.1055528e-06
57,157,7.0,6.299222e-07
57,157,8.0,2.609852e-07
57,157,9.0,0.0
57,157,10.0,4.096132e-07
57,157,11.0,2.6847586e-06
57,157,12.0,1.4435e-06
57,157,13.0,2.0851185e-06
57,157,14.0,4.273392e-07
58,135,0.0,0.0
58,135,1.0,0.0
58,135,2.0,0.0
58,135,3.0,0.0
58,135,4.0,0.0
58,135,5.0,1.7988475e-08
58,135,6.0,1.8569908e-08
58,135,7.0,1.10333154e-07
58,135,8.0,3.1631257e-07
58,135,9.0,2.348591e-07
58,135,10.0,4.7651736e-07
58,135,11.0,3.5292747e-08
58,135,12.0,2.5010147e-08
58,135,13.0,1.9197879e-08
58,135,14.0,0.0
58,136,0.0,4.7940654e-07
58,136,1.0,2.6372317e-07
58,136,2.0,1.444201e-06
58,136,3.0,0.0
58,136,4.0,3.176198e-10
58,136,5.0,9.31448e-06
58,136,6.0,9.205561e-06
58,136,7.0,4.143915e-07
58,136,8.0,4.4185345e-08
58,136,9.0,0.0
58,136,10.0,0.0
58,136,11.0,1.0743429e-06
58,136,12.0,1.4515058e-06
58,136,13.0,0.0
58,136,14.0,0.0
58,137,0.0,6.6491134e-07
58,137,1.0,2.1863778e-07
58,137,2.0,1.8523848e-06
58,137,3.0,0.0
58,137,4.0,0.0
58,137,5.0,2.646233e-11
58,137,6.0,1.9273169e-07
58,137,7.0,1.8396541e-07
58,137,8.0,0.0
58,137,9.0,0.0
58,137,10.0,6.368946e-08
58,137,11.0,3.6285317e-07
58,137,12.0,5.8623964e-06
58,137,13.0,0.0
58,137,14.0,0.0
58,138,0.0,0.0
58,138,1.0,0.0
58,138,2.0,1.4926594e-14
58,138,3.0,0.0
58,138,4.0,1.5236392e-08
58,138,5.0,2.9070989e-06
58,138,6.0,0.0
58,138,7.0,2.694491e-06
58,138,8.0,0.0
58,138,9.0,0.0
58,138,10.0,1.1103218e-06
58,138,11.0,4.8506325e-07
58,138,12.0,0.0
58,138,13.0,0.0
58,138,14.0,1.6298819e-07
58,139,0.0,0.0
58,139,1.0,4.4957548e-07
58,139,2.0,7.576549e-07
58,139,3.0,4.434925e-08
58,139,4.0,0.0
58,139,5.0,0.0
58,139,6.0,0.0
58,139,7.0,0.0
58,139,8.0,0.0
58,139,9.0,0.0
58,139,10.0,0.0
58,139,11.0,3.0680393e-08
58,139,12.0,0.0
58,139,13.0,4.471601e-06
58,139,14.0,4.0948235e-06
58,140,0.0,1.3415466e-08
58,140,1.0,0.0
58,140,2.0,0.0
58,140,3.0,1.8442308e-06
58,140,4.0,6.13041e-08
58,140,5.0,1.6401527e-05
58,140,6.0,1.8821655e-05
58,140,7.0,1.0839765e-05
58,140,8.0,6.2087183e-06
58,140,9.0,5.458656e-06
58,140,10.0,9.967493e-06
58,140,11.0,1.4117637e-06
58,140,12.0,1.3146823e-06
58,140,13.0,5.6730936e-05
58,140,14.0,2.1678656e-05
58,141,0.0,4.6581064e-08
58,141,1.0,0.0
58,141,2.0,2.043731e-07
58,141,3.0,2.2471417e-05
58,141,4.0,3.249122e-05
58,141,5.0,3.7490092e-05
58,141,6.0,2.9690624e-05
58,141,7.0,1.8966473e-05
58,141,8.0,2.2307158e-05
58,141,9.0,2.764182e-05
58,141,10.0,4.148468e-05
58,141,11.0,8.149881e-05
58,141,12.0,0.00018900301
58,141,13.0,0.00014352432
58,141,14.0,0.0002360747
58,142,0.0,4.5983114e-05
58,142,1.0,7.359908e-06
58,142,2.0,1.3222317e-05
58,142,3.0,5.2890602e-05
58,142,4.0,0.00010759728
58,142,5.0,0.000261908
58,142,6.0,0.0007408038
58,142,7.0,0.0006751445
58,142,8.0,0.00067204126
58,142,9.0,0.001042802
58,142,10.0,0.0013226994
58,142,11.0,0.0022890463
58,142,12.0,0.0033662808
58,142,13.0,0.003843924
58,142,14.0,0.004528662
58,143,0.0,0.0012399538
58,143,1.0,0.001281415
58,143,2.0,0.0016400699
58,143,3.0,0.0014618557
58,143,4.0,0.0028669236
58,143,5.0,0.0026828584
58,143,6.0,0.0025253622
58,143,7.0,0.0029902593
58,143,8.0,0.0036550497
58,143,9.0,0.004302069
58,143,10.0,0.0051128385
58,143,11.0,0.0073173232
58,143,12.0,0.01392146
58,143,13.0,0.012344841
58,143,14.0,0.015929528
58,144,0.0,0.008887269
58,144,1.0,0.012585845
58,144,2.0,0.008270355
58,144,3.0,0.0088335695
58,144,4.0,0.0091627985
58,144,5.0,0.010261274
58,144,6.0,0.011399808
58,144,7.0,0.012873721
58,144,8.0,0.015196202
58,144,9.0,0.018133443
58,144,10.0,0.020671971
58,144,11.0,0.016426679
58,144,12.0,0.021519346
58,144,13.0,0.030029148
58,144,14.0,0.033011403
58,145,0.0,0.021445729
58,145,1.0,0.025699219
58,145,2.0,0.04454623
58,145,3.0,0.04113459
58,145,4.0,0.03966851
58,145,5.0,0.047626514
58,145,6.0,0.053919986
58,145,7.0,0.05842929
58,145,8.0,0.06660371
58,145,9.0,0.075007476
58,145,10.0,0.08017488
58,145,11.0,0.07212131
58,145,12.0,0.10465291
58,145,13.0,0.10458825
58,145,14.0,0.11964969
58,146,0.0,0.052691992
58,146,1.0,0.04816505
58,146,2.0,0.056350257
58,146,3.0,0.06403067
58,146,4.0,0.07437834
58,146,5.0,0.08209661
58,146,6.0,0.08063365
58,146,7.0,0.08003213
58,146,8.0,0.08918314
58,146,9.0,0.09425258
58,146,10.0,0.09427114
58,146,11.0,0.09475005
58,146,12.0,0.10026332
58,146,13.0,0.104651615
58,146,14.0,0.13124365
58,147,0.0,0.11922048
58,147,1.0,0.16011016
58,147,2.0,0.17051248
58,147,3.0,0.14464791
58,147,4.0,0.14489226
58,147,5.0,0.14091907
58,147,6.0,0.13919598
58,147,7.0,0.14385144
58,147,8.0,0.14907193
58,147,9.0,0.1522392
58,147,10.0,0.15410365
58,147,11.0,0.1444492
58,147,12.0,0.15031363
58,147,13.0,0.15345073
58,147,14.0,0.18363003
58,148,0.0,0.16110222
58,148,1.0,0.14777344
58,148,2.0,0.14176011
58,148,3.0,0.13041897
58,148,4.0,0.11346668
58,148,5.0,0.1203448
58,148,6.0,0.11163
58,148,7.0,0.11082701
58,148,8.0,0.11183353
58,148,9.0,0.11041091
58,148,10.0,0.10273278
58,148,11.0,0.09909335
58,148,12.0,0.09587979
58,148,13.0,0.0865572
58,148,14.0,0.09481669
58,149,0.0,0.1285641
58,149,1.0,0.12633614
58,149,2.0,0.11302074
58,149,3.0,0.09796645
58,149,4.0,0.10518102
58,149,5.0,0.102279685
58,149,6.0,0.091640405
58,149,7.0,0.07111219
58,149,8.0,0.06652828
58,149,9.0,0.062469184
58,149,10.0,0.054271795
58,149,11.0,0.059039436
58,149,12.0,0.06210095
58,149,13.0,0.053853206
58,149,14.0,0.052216347
58,150,0.0,0.077144004
58,150,1.0,0.0676139
58,150,2.0,0.0628477
58,150,3.0,0.057167657
58,150,4.0,0.051727217
58,150,5.0,0.049646877
58,150,6.0,0.044567987
58,150,7.0,0.0369197
58,150,8.0,0.030833203
58,150,9.0,0.02576883
58,150,10.0,0.022283226
58,150,11.0,0.02059213
58,150,12.0,0.01732287
58,150,13.0,0.016282922
58,150,14.0,0.017336005
58,151,0.0,0.021236734
58,151,1.0,0.021491764
58,151,2.0,0.016798014
58,151,3.0,0.013867148
58,151,4.0,0.0145033095
58,151,5.0,0.013285132
58,151,6.0,0.011020059
58,151,7.0,0.011015632
58,151,8.0,0.010784863
58,151,9.0,0.01066313
58,151,10.0,0.009543225
58,151,11.0,0.008210187
58,151,12.0,0.0060837544
58,151,13.0,0.007243425
58,151,14.0,0.006470998
58,152,0.0,0.0055821254
58,152,1.0,0.0053838613
58,152,2.0,0.0046632285
58,152,3.0,0.004051588
58,152,4.0,0.0034590808
58,152,5.0,0.0027089622
58,152,6.0,0.0022377032
58,152,7.0,0.0018422656
58,152,8.0,0.0012032408
58,152,9.0,0.000844629
58,152,10.0,0.0006131904
58,152,11.0,0.00045756667
58,152,12.0,0.0004133482
58,152,13.0,0.00051048247
58,152,14.0,0.0005186396
58,153,0.0,0.0005157856
58,153,1.0,0.000506751
58,153,2.0,0.00047729112
58,153,3.0,0.00058062887
58,153,4.0,0.00036597
58,153,5.0,0.00013181788
58,153,6.0,0.00012122691
58,153,7.0,0.00013251239
58,153,8.0,0.000112320944
58,153,9.0,7.060881e-05
58,153,10.0,2.4195944e-05
58,153,11.0,4.686713e-06
58,153,12.0,3.323307e-05
58,153,13.0,3.83486e-05
58,153,14.0,6.973042e-05
58,154,0.0,1.2963315e-05
58,154,1.0,1.024737e-05
58,154,2.0,1.7612903e-05
58,154,3.0,3.4725137e-05
58,154,4.0,5.1614184e-05
58,154,5.0,1.2048275e-05
58,154,6.0,2.0200118e-06
58,154,7.0,1.466655e-06
58,154,8.0,4.9770715e-06
58,154,9.0,9.390552e-07
58,154,10.0,8.515544e-07
58,154,11.0,9.07227e-06
58,154,12.0,4.3147484e-06
58,154,13.0,2.9510065e-06
58,154,14.0,3.9696524e-06
58,155,0.0,0.0
58,155,1.0,4.0962577e-11
58,155,2.0,0.0
58,155,3.0,1.9964377e-06
58,155,4.0,1.6360433e-06
58,155,5.0,1.17635e-10
58,155,6.0,4.0101632e-08
58,155,7.0,1.7485402e-06
58,155,8.0,4.1186736e-06
58,155,9.0,8.716959e-06
58,155,10.0,7.816324e-06
58,155,11.0,4.199343e-07
58,155,12.0,0.0
58,155,13.0,6.0550415e-10
58,155,14.0,0.0
58,156,0.0,7.680068e-07
58,156,1.0,1.443613e-07
58,156,2.0,2.395342e-06
58,156,3.0,5.373e-06
58,156,4.0,1.0224921e-05
58,156,5.0,6.9257794e-06
58,156,6.0,3.5157686e-07
58,156,7.0,3.0226798e-07
58,156,8.0,8.332852e-07
58,156,9.0,1.13239e-06
58,156,10.0,3.1730914e-07
58,156,11.0,2.8295865e-08
58,156,12.0,2.3588053e-07
58,156,13.0,1.7470356e-07
58,156,14.0,0.0
58,157,0.0,1.3326036e-07
58,157,1.0,1.1669798e-08
58,157,2.0,9.276844e-08
58,157,3.0,2.4673395e-07
58,157,4.0,6.65617e-08
58,157,5.0,3.273165e-08
58,157,6.0,2.7157354e-09
58,157,7.0,0.0
58,157,8.0,0.0
58,157,9.0,0.0
58,157,10.0,0.0
58,157,11.0,0.0
58,157,12.0,2.5832119e-12
58,157,13.0,6.4409105e-09
58,157,14.0,1.0430616e-08
58,158,0.0,2.4492e-07
58,158,1.0,0.0
58,158,2.0,0.0
58,158,3.0,1.9683e-09
58,158,4.0,0.0
58,158,5.0,8.248835e-08
58,158,6.0,4.264623e-07
58,158,7.0,3.675833e-07
58,158,8.0,2.132311e-07
58,158,9.0,3.729586e-07
58,158,10.0,3.481415e-07
58,158,11.0,2.0765924e-07
58,158,12.0,0.0
58,158,13.0,4.0610192e-07
58,158,14.0,2.1107898e-07
58,159,0.0,4.949881e-07
58,159,1.0,1.2852415e-09
58,159,2.0,2.6071777e-07
58,159,3.0,3.679526e-07
58,159,4.0,0.0
58,159,5.0,0.0
58,159,6.0,0.0
58,159,7.0,0.0
58,159,8.0,2.9784144e-09
58,159,9.0,9.812652e-10
58,159,10.0,0.0
58,159,11.0,0.0
58,159,12.0,0.0
58,159,13.0,0.0
58,159,14.0,0.0
58,160,0.0,0.0
58,160,1.0,1.3847125e-07
58,160,2.0,5.114449e-08
58,160,3.0,0.0
58,160,4.0,3.7943437e-07
58,160,5.0,1.2705283e-06
58,160,6.0,0.0
58,160,7.0,0.0
58,160,8.0,0.0
58,160,9.0,0.0
58,160,10.0,0.0
58,160,11.0,0.0
58,160,12.0,0.0
58,160,13.0,0.0
58,160,14.0,0.0
59,138,0.0,0.0
59,138,1.0,3.2301256e-07
59,138,2.0,3.6885774e-06
59,138,3.0,4.055621e-07
59,138,4.0,3.02917e-06
59,138,5.0,7.3770852e-06
59,138,6.0,2.8316604e-06
59,138,7.0,5.2627934e-07
59,138,8.0,1.2046458e-07
59,138,9.0,1.4649296e-09
59,138,10.0,0.0
59,138,11.0,1.1041248e-07
59,138,12.0,9.411674e-09
59,138,13.0,1.9915296e-05
59,138,14.0,6.415851e-06
59,139,0.0,0.0
59,139,1.0,3.2699748e-14
59,139,2.0,1.5892755e-06
59,139,3.0,1.17621006e-07
59,139,4.0,6.590842e-07
59,139,5.0,7.93914e-07
59,139,6.0,2.0809552e-09
59,139,7.0,0.0
59,139,8.0,0.0
59,139,9.0,0.0
59,139,10.0,1.6372434e-08
59,139,11.0,5.138259e-06
59,139,12.0,2.582361e-09
59,139,13.0,3.824156e-06
59,139,14.0,0.0
59,140,0.0,6.589698e-07
59,140,1.0,5.8148753e-06
59,140,2.0,0.0
59,140,3.0,0.0
59,140,4.0,0.0
59,140,5.0,0.0
59,140,6.0,0.0
59,140,7.0,0.0
59,140,8.0,0.0
59,140,9.0,0.0
59,140,10.0,5.11355e-06
59,140,11.0,0.0
59,140,12.0,3.3513825e-07
59,140,13.0,1.8060297e-06
59,140,14.0,0.0
59,141,0.0,7.497767e-12
59,141,1.0,0.0
59,141,2.0,1.1661928e-06
59,141,3.0,0.0
59,141,4.0,1.900865e-06
59,141,5.0,8.8991e-07
59,141,6.0,1.2019971e-06
59,141,7.0,1.7382324e-06
59,141,8.0,8.96951e-07
59,141,9.0,8.8589196e-08
59,141,10.0,0.0
59,141,11.0,2.2936874e-07
59,141,12.0,3.340147e-05
59,141,13.0,1.8841416e-05
59,141,14.0,1.4973382e-05
59,142,0.0,0.0
59,142,1.0,3.082896e-07
59,142,2.0,0.0
59,142,3.0,0.0
59,142,4.0,0.0
59,142,5.0,0.0
59,142,6.0,0.0
59,142,7.0,2.4655826e-12
59,142,8.0,2.0321272e-08
59,142,9.0,1.0587946e-09
59,142,10.0,0.0
59,142,11.0,0.0
59,142,12.0,2.1237645e-06
59,142,13.0,1.7792512e-05
59,142,14.0,1.2031797e-05
59,143,0.0,1.1557587e-07
59,143,1.0,3.6422987e-06
59,143,2.0,1.2563808e-07
59,143,3.0,5.038382e-08
59,143,4.0,4.3825307e-06
59,143,5.0,3.535202e-05
59,143,6.0,4.632695e-05
59,143,7.0,3.430345e-05
59,143,8.0,3.343601e-05
59,143,9.0,4.7626643e-05
59,143,10.0,0.000116023206
59,143,11.0,3.648638e-05
59,143,12.0,0.00030112252
59,143,13.0,0.0004127892
59,143,14.0,0.00020890792
59,144,0.0,2.56572e-05
59,144,1.0,5.070967e-06
59,144,2.0,0.0
59,144,3.0,0.0
59,144,4.0,2.6910475e-05
59,144,5.0,0.00015392901
59,144,6.0,6.7466455e-05
59,144,7.0,3.965682e-05
59,144,8.0,3.363498e-05
59,144,9.0,3.7526046e-05
59,144,10.0,8.912202e-05
59,144,11.0,0.00047664277
59,144,12.0,0.000885145
59,144,13.0,0.0005733835
59,144,14.0,0.0003211735
59,145,0.0,5.095111e-05
59,145,1.0,0.0001388098
59,145,2.0,4.836657e-05
59,145,3.0,0.00012803511
59,145,4.0,0.0003854299
59,145,5.0,0.00092434644
59,145,6.0,0.0011928399
59,145,7.0,0.0013093256
59,145,8.0,0.0014711986
59,145,9.0,0.0015860668
59,145,10.0,0.0018814433
59,145,11.0,0.0030240533
59,145,12.0,0.0058372365
59,145,13.0,0.0045143287
59,145,14.0,0.0032636398
59,146,0.0,0.00040312984
59,146,1.0,0.00031092326
59,146,2.0,0.00047428883
59,146,3.0,0.00142687
59,146,4.0,0.0015922871
59,146,5.0,0.0022190874
59,146,6.0,0.0024492634
59,146,7.0,0.0022459063
59,146,8.0,0.0023986774
59,146,9.0,0.0029823754
59,146,10.0,0.004615105
59,146,11.0,0.0070730085
59,146,12.0,0.009556396
59,146,13.0,0.011178466
59,146,14.0,0.012115448
59,147,0.0,0.0024457825
59,147,1.0,0.0034445093
59,147,2.0,0.00884967
59,147,3.0,0.009632057
59,147,4.0,0.0119627705
59,147,5.0,0.014472744
59,147,6.0,0.015638795
59,147,7.0,0.018279113
59,147,8.0,0.022502065
59,147,9.0,0.021343518
59,147,10.0,0.027643664
59,147,11.0,0.036005843
59,147,12.0,0.040583327
59,147,13.0,0.031817444
59,147,14.0,0.033566974
59,148,0.0,0.0064981636
59,148,1.0,0.012465051
59,148,2.0,0.014474388
59,148,3.0,0.024983363
59,148,4.0,0.029812781
59,148,5.0,0.038257424
59,148,6.0,0.031465486
59,148,7.0,0.028838612
59,148,8.0,0.031172093
59,148,9.0,0.035296813
59,148,10.0,0.032944974
59,148,11.0,0.046686847
59,148,12.0,0.043439623
59,148,13.0,0.04684005
59,148,14.0,0.050507594
59,149,0.0,0.027822785
59,149,1.0,0.026800511
59,149,2.0,0.039596096
59,149,3.0,0.05601014
59,149,4.0,0.063279115
59,149,5.0,0.07037193
59,149,6.0,0.06702071
59,149,7.0,0.061598793
59,149,8.0,0.065541774
59,149,9.0,0.06944611
59,149,10.0,0.07044724
59,149,11.0,0.07073193
59,149,12.0,0.06614145
59,149,13.0,0.050898187
59,149,14.0,0.05884126
59,150,0.0,0.02902971
59,150,1.0,0.034978054
59,150,2.0,0.052815128
59,150,3.0,0.056514107
59,150,4.0,0.068070896
59,150,5.0,0.067796916
59,150,6.0,0.061238743
59,150,7.0,0.05414078
59,150,8.0,0.051706914
59,150,9.0,0.05104772
59,150,10.0,0.050317347
59,150,11.0,0.048486345
59,150,12.0,0.046653625
59,150,13.0,0.042381864
59,150,14.0,0.046976257
59,151,0.0,0.034698423
59,151,1.0,0.048189014
59,151,2.0,0.049884852
59,151,3.0,0.05087726
59,151,4.0,0.047658652
59,151,5.0,0.05099105
59,151,6.0,0.04730192
59,151,7.0,0.042190902
59,151,8.0,0.032029476
59,151,9.0,0.02688809
59,151,10.0,0.025736108
59,151,11.0,0.020738695
59,151,12.0,0.025075126
59,151,13.0,0.018662477
59,151,14.0,0.024952058
59,152,0.0,0.015105125
59,152,1.0,0.020190392
59,152,2.0,0.028005585
59,152,3.0,0.026187658
59,152,4.0,0.02622144
59,152,5.0,0.024843544
59,152,6.0,0.018377094
59,152,7.0,0.012504601
59,152,8.0,0.011884828
59,152,9.0,0.013226134
59,152,10.0,0.010788007
59,152,11.0,0.010219932
59,152,12.0,0.0074390504
59,152,13.0,0.0077963946
59,152,14.0,0.0069609587
59,153,0.0,0.003951782
59,153,1.0,0.005390474
59,153,2.0,0.004474582
59,153,3.0,0.0069699376
59,153,4.0,0.0070170416
59,153,5.0,0.0067684916
59,153,6.0,0.0044688205
59,153,7.0,0.0034208992
59,153,8.0,0.0029586693
59,153,9.0,0.0015044285
59,153,10.0,0.00087103824
59,153,11.0,0.0007312589
59,153,12.0,0.0009841833
59,153,13.0,0.0011006617
59,153,14.0,0.0014177642
59,154,0.0,0.00060282095
59,154,1.0,0.0008612326
59,154,2.0,0.0012073063
59,154,3.0,0.001251646
59,154,4.0,0.0015221986
59,154,5.0,0.0013643961
59,154,6.0,0.0008634016
59,154,7.0,0.00056227215
59,154,8.0,0.00030085954
59,154,9.0,0.00013398359
59,154,10.0,4.992181e-05
59,154,11.0,0.0001308935
59,154,12.0,6.306286e-05
59,154,13.0,5.223154e-05
59,154,14.0,8.132245e-05
59,155,0.0,4.8287377e-05
59,155,1.0,8.770403e-05
59,155,2.0,8.559039e-05
59,155,3.0,4.0716805e-07
59,155,4.0,6.332938e-05
59,155,5.0,5.949368e-05
59,155,6.0,4.3057036e-05
59,155,7.0,7.1548464e-05
59,155,8.0,2.9994453e-05
59,155,9.0,3.0650557e-05
59,155,10.0,1.8148785e-05
59,155,11.0,9.86863e-06
59,155,12.0,2.4675353e-06
59,155,13.0,5.3052586e-06
59,155,14.0,1.1545957e-05
59,156,0.0,4.1260577e-07
59,156,1.0,1.51633e-07
59,156,2.0,1.3459955e-06
59,156,3.0,3.0884582e-08
59,156,4.0,0.0
59,156,5.0,1.1874052e-07
59,156,6.0,3.3845137e-07
59,156,7.0,1.0108125e-06
59,156,8.0,7.7185746e-07
59,156,9.0,1.7864573e-07
59,156,10.0,7.6534704e-08
59,156,11.0,5.311029e-09
59,156,12.0,0.0
59,156,13.0,2.7532069e-08
59,156,14.0,6.1132596e-07
59,157,0.0,0.0
59,157,1.0,0.0
59,157,2.0,0.0
59,157,3.0,0.0
59,157,4.0,0.0
59,157,5.0,0.0
59,157,6.0,0.0
59,157,7.0,0.0
59,157,8.0,0.0
59,157,9.0,0.0
59,157,10.0,0.0
59,157,11.0,0.0
59,157,12.0,0.0
59,157,13.0,0.0
59,157,14.0,5.285875e-09
59,158,0.0,1.6740383e-08
59,158,1.0,3.4549979e-07
59,158,2.0,1.0840469e-09
59,158,3.0,0.0
59,158,4.0,0.0
59,158,5.0,0.0
59,158,6.0,0.0
59,158,7.0,0.0
59,158,8.0,0.0
59,158,9.0,0.0
59,158,10.0,0.0
59,158,11.0,0.0
59,158,12.0,0.0
59,158,13.0,4.7135284e-08
59,158,14.0,6.371676e-08
59,159,0.0,1.0767706e-06
59,159,1.0,3.533941e-08
59,159,2.0,0.0
59,159,3.0,0.0
59,159,4.0,0.0
59,159,5.0,0.0
59,159,6.0,0.0
59,159,7.0,0.0
59,159,8.0,0.0
59,159,9.0,0.0
59,159,10.0,0.0
59,159,11.0,0.0
59,159,12.0,0.0
59,159,13.0,0.0
59,159,14.0,0.0
59,160,0.0,7.128286e-08
59,160,1.0,1.2022366e-07
59,160,2.0,1.917133e-07
59,160,3.0,6.706764e-08
59,160,4.0,1.4726885e-08
59,160,5.0,3.135239e-09
59,160,6.0,0.0
59,160,7.0,0.0
59,160,8.0,1.456668e-07
59,160,9.0,1.0283906e-06
59,160,10.0,6.4213532e-09
59,160,11.0,0.0
59,160,12.0,1.0051288e-06
59,160,13.0,5.9383742e-09
59,160,14.0,0.0
59,161,0.0,8.874067e-08
59,161,1.0,0.0
59,161,2.0,9.041662e-07
59,161,3.0,5.3090446e-07
59,161,4.0,2.1386883e-08
59,161,5.0,0.0
59,161,6.0,6.5269525e-08
59,161,7.0,4.8441717e-07
59,161,8.0,1.2619364e-06
59,161,9.0,2.1258509e-06
59,161,10.0,3.7095626e-07
59,161,11.0,5.3989623e-08
59,161,12.0,6.242532e-07
59,161,13.0,0.0
59,161,14.0,6.34566e-08
59,162,0.0,0.0
59,162,1.0,0.0
59,162,2.0,1.4399676e-07
59,162,3.0,7.878879e-07
59,162,4.0,2.5659963e-08
59,162,5.0,2.7000266e-07
59,162,6.0,5.6656125e-07
59,162,7.0,1.2160498e-07
59,162,8.0,4.1791552e-09
59,162,9.0,0.0
59,162,10.0,0.0
59,162,11.0,0.0
59,162,12.0,5.5181494e-07
59,162,13.0,7.860977e-09
59,162,14.0,0.0
60,141,0.0,4.2406945e-09
60,141,1.0,0.0
60,141,2.0,0.0
60,141,3.0,0.0
60,141,4.0,0.0
60,141,5.0,2.8726914e-09
60,141,6.0,4.3998718e-11
60,141,7.0,9.64859e-09
60,141,8.0,0.0
60,141,9.0,0.0
60,141,10.0,1.4137755e-07
60,141,11.0,9.783307e-08
60,141,12.0,0.0
60,141,13.0,0.0
60,141,14.0,0.0
60,142,0.0,2.4886351e-06
60,142,1.0,0.0
60,142,2.0,3.0953038e-06
60,142,3.0,3.7981622e-06
60,142,4.0,2.6421342e-06
60,142,5.0,0.0
60,142,6.0,2.5779594e-08
60,142,7.0,0.0
60,142,8.0,0.0
60,142,9.0,0.0
60,142,10.0,0.0
60,142,11.0,0.0
60,142,12.0,0.0
60,142,13.0,0.0
60,142,14.0,0.0
60,143,0.0,9.0497764e-08
60,143,1.0,2.8143384e-07
60,143,2.0,0.0
60,143,3.0,7.878564e-09
60,143,4.0,0.0
60,143,5.0,0.0
60,143,6.0,0.0
60,143,7.0,2.5789642e-09
60,143,8.0,0.0
60,143,9.0,1.5864975e-09
60,143,10.0,0.0
60,143,11.0,0.0
60,143,12.0,3.0475915e-06
60,143,13.0,0.0
60,143,14.0,0.0
60,144,0.0,4.0805216e-06
60,144,1.0,2.3391317e-08
60,144,2.0,0.0
60,144,3.0,0.0
60,144,4.0,0.0
60,144,5.0,0.0
60,144,6.0,0.0
60,144,7.0,0.0
60,144,8.0,0.0
60,144,9.0,0.0
60,144,10.0,0.0
60,144,11.0,0.0
60,144,12.0,0.0
60,144,13.0,0.0
60,144,14.0,0.0
60,145,0.0,0.0
60,145,1.0,7.5928338e-06
60,145,2.0,0.0
60,145,3.0,0.0
60,145,4.0,5.138565e-10
60,145,5.0,2.3202103e-08
60,145,6.0,5.919895e-06
60,145,7.0,2.3686296e-06
60,145,8.0,1.6948729e-06
60,145,9.0,2.397707e-06
60,145,10.0,6.54229e-06
60,145,11.0,0.0
60,145,12.0,0.0
60,145,13.0,2.3730012e-05
60,145,14.0,4.735541e-06
60,146,0.0,0.0
60,146,1.0,0.0
60,146,2.0,1.9354653e-09
60,146,3.0,1.9400415e-09
60,146,4.0,0.0
60,146,5.0,1.336363e-06
60,146,6.0,4.331572e-06
60,146,7.0,2.0875106e-05
60,146,8.0,1.7327655e-05
60,146,9.0,3.1340867e-05
60,146,10.0,8.946404e-05
60,146,11.0,0.00022034814
60,146,12.0,0.00043458195
60,146,13.0,0.0005458975
60,146,14.0,0.0006045688
60,147,0.0,8.6743385e-06
60,147,1.0,7.309145e-05
60,147,2.0,0.00018948762
60,147,3.0,0.00027065483
60,147,4.0,0.00034366798
60,147,5.0,0.00030095398
60,147,6.0,7.188928e-05
60,147,7.0,4.318889e-05
60,147,8.0,6.242934e-05
60,147,9.0,0.00016456355
60,147,10.0,0.0008950844
60,147,11.0,0.000534642
60,147,12.0,0.0003229037
60,147,13.0,0.00038245026
60,147,14.0,0.0002784244
60,148,0.0,9.1659116e-05
60,148,1.0,0.0002207454
60,148,2.0,0.00063694257
60,148,3.0,0.0015935213
60,148,4.0,0.001094032
60,148,5.0,0.0015432228
60,148,6.0,0.0016536991
60,148,7.0,0.0019704346
60,148,8.0,0.0017411006
60,148,9.0,0.0015390329
60,148,10.0,0.002184023
60,148,11.0,0.002780339
60,148,12.0,0.0024225065
60,148,13.0,0.0023530875
60,148,14.0,0.004487207
60,149,0.0,0.0008606945
60,149,1.0,0.00089445227
60,149,2.0,0.0013336182
60,149,3.0,0.0030147538
60,149,4.0,0.0030588869
60,149,5.0,0.0032268781
60,149,6.0,0.003226782
60,149,7.0,0.0031566601
60,149,8.0,0.003214335
60,149,9.0,0.0034695966
60,149,10.0,0.004402876
60,149,11.0,0.004423459
60,149,12.0,0.0059671495
60,149,13.0,0.0077802734
60,149,14.0,0.0087762335
60,150,0.0,0.0030930405
60,150,1.0,0.003591782
60,150,2.0,0.005973336
60,150,3.0,0.011519386
60,150,4.0,0.011433869
60,150,5.0,0.010985869
60,150,6.0,0.01554704
60,150,7.0,0.01540516
60,150,8.0,0.013134658
60,150,9.0,0.011992282
60,150,10.0,0.011849569
60,150,11.0,0.012648193
60,150,12.0,0.016216587
60,150,13.0,0.01703284
60,150,14.0,0.018007776
60,151,0.0,0.0076907333
60,151,1.0,0.009544625
60,151,2.0,0.018675476
60,151,3.0,0.025979303
60,151,4.0,0.02555518
60,151,5.0,0.02822507
60,151,6.0,0.027460108
60,151,7.0,0.02671146
60,151,8.0,0.026473507
60,151,9.0,0.027730951
60,151,10.0,0.031893063
60,151,11.0,0.03153457
60,151,12.0,0.036184717
60,151,13.0,0.032006405
60,151,14.0,0.033638712
60,152,0.0,0.017743768
60,152,1.0,0.018306209
60,152,2.0,0.026005307
60,152,3.0,0.03203144
60,152,4.0,0.037010137
60,152,5.0,0.042333253
60,152,6.0,0.038506426
60,152,7.0,0.03163907
60,152,8.0,0.029447556
60,152,9.0,0.029998459
60,152,10.0,0.03245404
60,152,11.0,0.032429207
60,152,12.0,0.0260938
60,152,13.0,0.022563377
60,152,14.0,0.021376904
60,153,0.0,0.016222987
60,153,1.0,0.024178369
60,153,2.0,0.033389628
60,153,3.0,0.03198982
60,153,4.0,0.03730265
60,153,5.0,0.037474025
60,153,6.0,0.036625188
60,153,7.0,0.027614722
60,153,8.0,0.022786874
60,153,9.0,0.020296378
60,153,10.0,0.019932445
60,153,11.0,0.024691716
60,153,12.0,0.025982233
60,153,13.0,0.028353933
60,153,14.0,0.020944316
60,154,0.0,0.0088869585
60,154,1.0,0.018064661
60,154,2.0,0.024302755
60,154,3.0,0.025431007
60,154,4.0,0.019878257
60,154,5.0,0.01981632
60,154,6.0,0.015880223
60,154,7.0,0.01319101
60,154,8.0,0.01047138
60,154,9.0,0.0077600856
60,154,10.0,0.0065749343
60,154,11.0,0.0062927282
60,154,12.0,0.0045612226
60,154,13.0,0.0038883672
60,154,14.0,0.003522602
60,155,0.0,0.0016519784
60,155,1.0,0.0021958726
60,155,2.0,0.0035411315
60,155,3.0,0.0038630906
60,155,4.0,0.0044642184
60,155,5.0,0.0044414736
60,155,6.0,0.0034505015
60,155,7.0,0.0019520451
60,155,8.0,0.0013319486
60,155,9.0,0.0013467766
60,155,10.0,0.0024878772
60,155,11.0,0.0033658317
60,155,12.0,0.00329065
60,155,13.0,0.0021755637
60,155,14.0,0.0015361597
60,156,0.0,0.00029043423
60,156,1.0,0.0010573507
60,156,2.0,0.0013850319
60,156,3.0,0.0016849812
60,156,4.0,0.0023108886
60,156,5.0,0.002582202
60,156,6.0,0.001879667
60,156,7.0,0.0010619388
60,156,8.0,0.0009234934
60,156,9.0,0.0007237146
60,156,10.0,0.00061335677
60,156,11.0,0.0009974206
60,156,12.0,0.0015969436
60,156,13.0,0.0011190299
60,156,14.0,0.0007952899
60,157,0.0,9.130062e-05
60,157,1.0,0.00034213063
60,157,2.0,0.0005906267
60,157,3.0,0.0002480785
60,157,4.0,0.00028355137
60,157,5.0,0.00029489456
60,157,6.0,0.00018982118
60,157,7.0,0.00012601756
60,157,8.0,0.000108098204
60,157,9.0,8.3198756e-05
60,157,10.0,4.7279318e-05
60,157,11.0,4.939165e-05
60,157,12.0,5.9287126e-05
60,157,13.0,1.8077735e-05
60,157,14.0,8.0321915e-05
60,158,0.0,1.1482025e-05
60,158,1.0,4.4586413e-05
60,158,2.0,6.94632e-05
60,158,3.0,4.5429235e-05
60,158,4.0,2.7971617e-05
60,158,5.0,2.799772e-05
60,158,6.0,4.16139e-05
60,158,7.0,4.347401e-05
60,158,8.0,2.6601678e-05
60,158,9.0,2.8752755e-05
60,158,10.0,2.6235744e-05
60,158,11.0,3.5918445e-05
60,158,12.0,4.990527e-05
60,158,13.0,3.7907233e-05
60,158,14.0,3.284469e-05
60,159,0.0,2.359622e-05
60,159,1.0,5.328504e-05
60,159,2.0,6.333916e-05
60,159,3.0,5.8162932e-05
60,159,4.0,3.231107e-05
60,159,5.0,3.8396916e-05
60,159,6.0,3.515224e-05
60,159,7.0,2.4071189e-05
60,159,8.0,3.236924e-05
60,159,9.0,4.455147e-05
60,159,10.0,5.6486653e-05
60,159,11.0,1.0547231e-05
60,159,12.0,4.7377066e-06
60,159,13.0,3.6731304e-05
60,159,14.0,4.3503016e-05
60,160,0.0,2.8264512e-07
60,160,1.0,7.4234634e-07
60,160,2.0,8.8952993e-07
60,160,3.0,1.6288203e-06
60,160,4.0,2.368057e-06
60,160,5.0,1.4743749e-06
60,160,6.0,1.2723891e-06
60,160,7.0,1.7486657e-07
60,160,8.0,4.765511e-09
60,160,9.0,2.1811057e-09
60,160,10.0,1.1570787e-09
60,160,11.0,4.9856883e-09
60,160,12.0,0.0
60,160,13.0,0.0
60,160,14.0,0.0
60,161,0.0,1.6504553e-06
60,161,1.0,1.6400027e-06
60,161,2.0,1.0639449e-06
60,161,3.0,1.0848033e-07
60,161,4.0,8.2218884e-07
60,161,5.0,8.4733404e-07
60,161,6.0,2.1650199e-06
60,161,7.0,1.5539658e-06
60,161,8.0,7.6920384e-07
60,161,9.0,5.760372e-07
60,161,10.0,5.77998e-07
60,161,11.0,5.8777397e-07
60,161,12.0,1.7303434e-07
60,161,13.0,2.397872e-08
60,161,14.0,2.1357177e-08
60,162,0.0,4.603146e-08
60,162,1.0,8.77233e-09
60,162,2.0,4.971885e-07
60,162,3.0,4.495635e-08
60,162,4.0,1.9300814e-11
60,162,5.0,2.9407827e-08
60,162,6.0,2.9245138e-07
60,162,7.0,2.4570372e-07
60,162,8.0,2.7197424e-07
60,162,9.0,3.06666e-07
60,162,10.0,3.8688557e-07
60,162,11.0,3.2500927e-07
60,162,12.0,2.301758e-08
60,162,13.0,9.01351e-09
60,162,14.0,1.0037487e-10
60,163,0.0,1.2317099e-07
60,163,1.0,3.7424596e-07
60,163,2.0,1.0406412e-07
60,163,3.0,1.569398e-07
60,163,4.0,9.0870924e-07
60,163,5.0,1.1095876e-06
60,163,6.0,1.6265398e-06
60,163,7.0,2.2837332e-06
60,163,8.0,1.9343438e-06
60,163,9.0,1.5912175e-06
60,163,10.0,1.3256451e-06
60,163,11.0,1.1737546e-06
60,163,12.0,3.4294462e-07
60,163,13.0,1.5496884e-07
60,163,14.0,6.502388e-07
60,164,0.0,1.8507234e-07
60,164,1.0,1.6281929e-07
60,164,2.0,1.1487897e-06
60,164,3.0,1.5162985e-06
60,164,4.0,7.9711515e-07
60,164,5.0,0.0
60,164,6.0,0.0
60,164,7.0,0.0
60,164,8.0,4.031499e-09
60,164,9.0,6.3232477e-09
60,164,10.0,0.0
60,164,11.0,0.0
60,164,12.0,0.0
60,164,13.0,0.0
60,164,14.0,0.0
61,144,0.0,0.0
61,144,1.0,3.002192e-09
61,144,2.0,0.0
61,144,3.0,0.0
61,144,4.0,1.0377208e-10
61,144,5.0,0.0
61,144,6.0,0.0
61,144,7.0,0.0
61,144,8.0,0.0
61,144,9.0,1.4880798e-08
61,144,10.0,5.7566655e-07
61,144,11.0,5.064825e-07
61,144,12.0,1.14694146e-07
61,144,13.0,3.2677488e-06
61,144,14.0,0.0
61,145,0.0,0.0
61,145,1.0,4.354232e-11
61,145,2.0,1.2138191e-08
61,145,3.0,1.9681327e-06
61,145,4.0,5.893405e-07
61,145,5.0,5.394906e-07
61,145,6.0,0.0
61,145,7.0,0.0
61,145,8.0,0.0
61,145,9.0,0.0
61,145,10.0,0.0
61,145,11.0,0.0
61,145,12.0,0.0
61,145,13.0,9.047436e-07
61,145,14.0,0.0
61,146,0.0,0.0
61,146,1.0,3.5397417e-08
61,146,2.0,0.0
61,146,3.0,0.0
61,146,4.0,0.0
61,146,5.0,0.0
61,146,6.0,0.0
61,146,7.0,3.6650485e-07
61,146,8.0,4.3502968e-07
61,146,9.0,1.609223e-07
61,146,10.0,5.075424e-10
61,146,11.0,0.0
61,146,12.0,0.0
61,146,13.0,1.8991997e-09
61,146,14.0,1.0698975e-10
61,147,0.0,0.0
61,147,1.0,1.3810711e-10
61,147,2.0,3.663426e-08
61,147,3.0,1.3018752e-07
61,147,4.0,1.8219568e-07
61,147,5.0,3.7219534e-09
61,147,6.0,0.0
61,147,7.0,0.0
61,147,8.0,0.0
61,147,9.0,0.0
61,147,10.0,0.0
61,147,11.0,0.0
61,147,12.0,2.4153084e-09
61,147,13.0,1.5571673e-09
61,147,14.0,1.8127759e-09
61,148,0.0,6.534002e-08
61,148,1.0,7.768751e-09
61,148,2.0,0.0
61,148,3.0,0.0
61,148,4.0,0.0
61,148,5.0,0.0
61,148,6.0,0.0
61,148,7.0,0.0
61,148,8.0,0.0
61,148,9.0,0.0
61,148,10.0,0.0
61,148,11.0,0.0
61,148,12.0,0.0
61,148,13.0,0.0
61,148,14.0,0.0
61,149,0.0,0.0
61,149,1.0,4.2041068e-10
61,149,2.0,6.609936e-11
61,149,3.0,6.435857e-07
61,149,4.0,4.6391074e-06
61,149,5.0,6.1708483e-06
61,149,6.0,6.032309e-06
61,149,7.0,3.8453877e-06
61,149,8.0,3.5051867e-06
61,149,9.0,3.1297857e-06
61,149,10.0,3.7367452e-06
61,149,11.0,1.1203862e-05
61,149,12.0,9.255428e-05
61,149,13.0,3.4343346e-05
61,149,14.0,9.815907e-06
61,150,0.0,2.4615722e-06
61,150,1.0,1.4766491e-06
61,150,2.0,3.793806e-06
61,150,3.0,1.2407225e-05
61,150,4.0,5.9785365e-05
61,150,5.0,0.00013240775
61,150,6.0,7.619445e-05
61,150,7.0,0.00012001201
61,150,8.0,0.00019488136
61,150,9.0,0.00035590547
61,150,10.0,0.0005690745
61,150,11.0,0.0006920101
61,150,12.0,0.00080453267
61,150,13.0,0.00076824275
61,150,14.0,0.00030029603
61,151,0.0,9.901824e-05
61,151,1.0,0.0001255743
61,151,2.0,0.00016356035
61,151,3.0,0.000630996
61,151,4.0,0.0011626099
61,151,5.0,0.0016164002
61,151,6.0,0.002061467
61,151,7.0,0.0017304926
61,151,8.0,0.001664588
61,151,9.0,0.0017891142
61,151,10.0,0.0025446783
61,151,11.0,0.0022375912
61,151,12.0,0.0029532542
61,151,13.0,0.0032066433
61,151,14.0,0.0021491556
61,152,0.0,0.00016790717
61,152,1.0,0.00028603082
61,152,2.0,0.0010851407
61,152,3.0,0.0027841043
61,152,4.0,0.002849553
61,152,5.0,0.00562679
61,152,6.0,0.0036551717
61,152,7.0,0.004990585
61,152,8.0,0.0044877613
61,152,9.0,0.005562228
61,152,10.0,0.00574993
61,152,11.0,0.005850311
61,152,12.0,0.0059111384
61,152,13.0,0.0071514696
61,152,14.0,0.006757125
61,153,0.0,0.0011465434
61,153,1.0,0.0022091374
61,153,2.0,0.0057049855
61,153,3.0,0.007156555
61,153,4.0,0.009591218
61,153,5.0,0.011901329
61,153,6.0,0.0098288935
61,153,7.0,0.009778994
61,153,8.0,0.009308673
61,153,9.0,0.008854261
61,153,10.0,0.008731963
61,153,11.0,0.008860654
61,153,12.0,0.010493009
61,153,13.0,0.012379621
61,153,14.0,0.009560001
61,154,0.0,0.0011672274
61,154,1.0,0.003743965
61,154,2.0,0.0063593998
61,154,3.0,0.010384175
61,154,4.0,0.0146886
61,154,5.0,0.014150798
61,154,6.0,0.012588667
61,154,7.0,0.010508221
61,154,8.0,0.0090310825
61,154,9.0,0.008748533
61,154,10.0,0.009425414
61,154,11.0,0.010814306
61,154,12.0,0.011963955
61,154,13.0,0.010754385
61,154,14.0,0.009067514
61,155,0.0,0.0021229621
61,155,1.0,0.0045756246
61,155,2.0,0.007820941
61,155,3.0,0.01347232
61,155,4.0,0.015847713
61,155,5.0,0.016994674
61,155,6.0,0.015477403
61,155,7.0,0.013358686
61,155,8.0,0.011026431
61,155,9.0,0.009781255
61,155,10.0,0.009063748
61,155,11.0,0.008552356
61,155,12.0,0.009289663
61,155,13.0,0.0093530305
61,155,14.0,0.007814613
61,156,0.0,0.00079370063
61,156,1.0,0.0020908047
61,156,2.0,0.0028190804
61,156,3.0,0.0062244143
61,156,4.0,0.009722705
61,156,5.0,0.009808865
61,156,6.0,0.008268337
61,156,7.0,0.0075709396
61,156,8.0,0.0067772637
61,156,9.0,0.0062148767
61,156,10.0,0.0059397747
61,156,11.0,0.00594478
61,156,12.0,0.007069692
61,156,13.0,0.006381166
61,156,14.0,0.004328624
61,157,0.0,0.00067882746
61,157,1.0,0.001965877
61,157,2.0,0.0039584525
61,157,3.0,0.007649773
61,157,4.0,0.0074517718
61,157,5.0,0.0052892617
61,157,6.0,0.004156283
61,157,7.0,0.0032278409
61,157,8.0,0.0029215137
61,157,9.0,0.003039265
61,157,10.0,0.0028369739
61,157,11.0,0.0028392344
61,157,12.0,0.0033491512
61,157,13.0,0.0028336588
61,157,14.0,0.0022571255
61,158,0.0,0.00024609157
61,158,1.0,0.00045204986
61,158,2.0,0.00092134444
61,158,3.0,0.0023433098
61,158,4.0,0.00258728
61,158,5.0,0.001985553
61,158,6.0,0.0018115505
61,158,7.0,0.0012319132
61,158,8.0,0.0008880141
61,158,9.0,0.0007778722
61,158,10.0,0.0009363754
61,158,11.0,0.00069247006
61,158,12.0,0.0005891268
61,158,13.0,0.0005780874
61,158,14.0,0.0007622647
61,159,0.0,0.00013177392
61,159,1.0,0.00036461584
61,159,2.0,0.00067651406
61,159,3.0,0.00042973817
61,159,4.0,0.00028082356
61,159,5.0,0.00057177077
61,159,6.0,0.0006278264
61,159,7.0,0.00044475961
61,159,8.0,0.00039078383
61,159,9.0,0.0003366858
61,159,10.0,0.00031999862
61,159,11.0,0.00029571514
61,159,12.0,0.00033874795
61,159,13.0,0.00015289098
61,159,14.0,7.534526e-05
61,160,0.0,1.03204464e-07
61,160,1.0,3.3974434e-06
61,160,2.0,4.718646e-06
61,160,3.0,4.2921824e-06
61,160,4.0,3.7473532e-05
61,160,5.0,5.1608862e-05
61,160,6.0,3.7122394e-05
61,160,7.0,8.8235265e-06
61,160,8.0,1.9861114e-05
61,160,9.0,1.7388198e-05
61,160,10.0,3.832615e-06
61,160,11.0,1.8431978e-05
61,160,12.0,3.495409e-06
61,160,13.0,2.5556499e-06
61,160,14.0,6.289639e-06
61,161,0.0,0.0
61,161,1.0,0.0
61,161,2.0,0.0
61,161,3.0,0.0
61,161,4.0,3.3850376e-06
61,161,5.0,0.0
61,161,6.0,4.2435108e-08
61,161,7.0,5.7672633e-08
61,161,8.0,0.0
61,161,9.0,7.084753e-08
61,161,10.0,3.4290676e-06
61,161,11.0,3.430464e-08
61,161,12.0,2.12362e-06
61,161,13.0,2.7807466e-06
61,161,14.0,4.8176173e-07
61,162,0.0,1.9722936e-08
61,162,1.0,5.4936936e-07
61,162,2.0,0.0
61,162,3.0,0.0
61,162,4.0,0.0
61,162,5.0,0.0
61,162,6.0,0.0
61,162,7.0,0.0
61,162,8.0,0.0
61,162,9.0,0.0
61,162,10.0,0.0
61,162,11.0,0.0
61,162,12.0,0.0
61,162,13.0,0.0
61,162,14.0,0.0
61,163,0.0,1.5981396e-07
61,163,1.0,3.903894e-08
61,163,2.0,1.042551e-07
61,163,3.0,1.2591626e-08
61,163,4.0,1.1011329e-07
61,163,5.0,8.747311e-08
61,163,6.0,1.4751154e-07
61,163,7.0,2.0143858e-07
61,163,8.0,2.0843775e-07
61,163,9.0,2.6933154e-07
61,163,10.0,5.631042e-10
61,163,11.0,1.8889633e-14
61,163,12.0,0.0
61,163,13.0,0.0
61,163,14.0,0.0
61,164,0.0,0.0
61,164,1.0,0.0
61,164,2.0,0.0
61,164,3.0,0.0
61,164,4.0,0.0
61,164,5.0,2.143425e-08
61,164,6.0,3.076386e-09
61,164,7.0,2.416322e-09
61,164,8.0,1.7662642e-10
61,164,9.0,0.0
61,164,10.0,0.0
61,164,11.0,1.3931283e-07
61,164,12.0,1.3236086e-06
61,164,13.0,4.8280106e-07
61,164,14.0,4.07905e-08
61,165,0.0,0.0
61,165,1.0,0.0
61,165,2.0,0.0
61,165,3.0,0.0
61,165,4.0,0.0
61,165,5.0,0.0
61,165,6.0,0.0
61,165,7.0,0.0
61,165,8.0,0.0
61,165,9.0,0.0
61,165,10.0,0.0
61,165,11.0,0.0
61,165,12.0,0.0
61,165,13.0,0.0
61,165,14.0,0.0
61,166,0.0,9.529616e-10
61,166,1.0,1.3555508e-07
61,166,2.0,1.8175601e-08
61,166,3.0,4.3480797e-09
61,166,4.0,7.671238e-09
61,166,5.0,9.681828e-09
61,166,6.0,7.682662e-09
61,166,7.0,1.3949973e-08
61,166,8.0,7.054362e-10
61,166,9.0,0.0
61,166,10.0,0.0
61,166,11.0,0.0
61,166,12.0,1.1386133e-11
61,166,13.0,0.0
61,166,14.0,0.0
62,146,0.0,0.0
62,146,1.0,7.9973125e-07
62,146,2.0,1.903937e-07
62,146,3.0,8.942444e-07
62,146,4.0,5.183895e-05
62,146,5.0,7.4989264e-05
62,146,6.0,7.26946e-05
62,146,7.0,4.28476e-05
62,146,8.0,3.8346134e-05
62,146,9.0,3.3514192e-05
62,146,10.0,4.567142e-05
62,146,11.0,4.7922867e-06
62,146,12.0,1.734104e-05
62,146,13.0,1.69103e-05
62,146,14.0,2.0347252e-06
62,147,0.0,6.616524e-07
62,147,1.0,9.860228e-07
62,147,2.0,2.3122782e-06
62,147,3.0,1.2486272e-06
62,147,4.0,4.8855946e-07
62,147,5.0,1.6848784e-07
62,147,6.0,7.241203e-07
62,147,7.0,9.952199e-07
62,147,8.0,9.1124997e-07
62,147,9.0,7.1742255e-07
62,147,10.0,5.363403e-07
62,147,11.0,7.904797e-07
62,147,12.0,1.1625211e-06
62,147,13.0,9.887045e-07
62,147,14.0,1.4985643e-06
62,148,0.0,0.0
62,148,1.0,1.9794189e-07
62,148,2.0,9.907229e-09
62,148,3.0,1.3407358e-06
62,148,4.0,2.6065854e-06
62,148,5.0,2.776222e-07
62,148,6.0,2.7667083e-06
62,148,7.0,5.91792e-06
62,148,8.0,2.6671971e-06
62,148,9.0,1.4592698e-06
62,148,10.0,5.6581877e-07
62,148,11.0,2.8155142e-07
62,148,12.0,1.125715e-07
62,148,13.0,4.2647844e-08
62,148,14.0,2.588442e-07
62,149,0.0,1.9152542e-06
62,149,1.0,3.0651688e-07
62,149,2.0,3.5162484e-11
62,149,3.0,9.891675e-07
62,149,4.0,2.8451423e-08
62,149,5.0,5.809172e-07
62,149,6.0,8.9612723e-07
62,149,7.0,3.350066e-07
62,149,8.0,0.0
62,149,9.0,0.0
62,149,10.0,0.0
62,149,11.0,0.0
62,149,12.0,2.9190213e-07
62,149,13.0,1.9305675e-05
62,149,14.0,3.0267527e-06
62,150,0.0,0.0
62,150,1.0,1.2986112e-10
62,150,2.0,0.0
62,150,3.0,4.7714e-07
62,150,4.0,3.862241e-08
62,150,5.0,2.1350578e-08
62,150,6.0,1.6294647e-08
62,150,7.0,0.0
62,150,8.0,0.0
62,150,9.0,0.0
62,150,10.0,0.0
62,150,11.0,0.0
62,150,12.0,1.9169022e-06
62,150,13.0,2.9986631e-05
62,150,14.0,3.0180146e-05
62,151,0.0,0.0
62,151,1.0,0.0
62,151,2.0,0.0
62,151,3.0,0.0
62,151,4.0,0.0
62,151,5.0,0.0
62,151,6.0,0.0
62,151,7.0,0.0
62,151,8.0,7.3542886e-13
62,151,9.0,1.2061425e-10
62,151,10.0,0.0
62,151,11.0,2.1354733e-06
62,151,12.0,3.020121e-05
62,151,13.0,2.0058784e-05
62,151,14.0,2.227638e-05
62,152,0.0,1.6122166e-06
62,152,1.0,0.0
62,152,2.0,3.8494603e-09
62,152,3.0,2.394841e-06
62,152,4.0,2.3478384e-05
62,152,5.0,3.828057e-07
62,152,6.0,4.3830278e-06
62,152,7.0,1.3986662e-05
62,152,8.0,8.271868e-06
62,152,9.0,6.2477443e-06
62,152,10.0,9.368879e-06
62,152,11.0,5.2638457e-05
62,152,12.0,4.928368e-05
62,152,13.0,9.60583e-05
62,152,14.0,5.9684797e-05
62,153,0.0,1.0409519e-05
62,153,1.0,4.2352054e-05
62,153,2.0,0.00020355551
62,153,3.0,0.0006693467
62,153,4.0,0.0005510389
62,153,5.0,0.00044230916
62,153,6.0,0.00054739375
62,153,7.0,0.00050054555
62,153,8.0,0.0009233981
62,153,9.0,0.0010937762
62,153,10.0,0.0017568436
62,153,11.0,0.0013870305
62,153,12.0,0.00148769
62,153,13.0,0.0023787413
62,153,14.0,0.0018650817
62,154,0.0,0.00021583377
62,154,1.0,0.00019928382
62,154,2.0,0.00068747054
62,154,3.0,0.0017106964
62,154,4.0,0.0019178668
62,154,5.0,0.0024209912
62,154,6.0,0.0020803746
62,154,7.0,0.0011038559
62,154,8.0,0.001217615
62,154,9.0,0.0012982982
62,154,10.0,0.002123073
62,154,11.0,0.002858448
62,154,12.0,0.003189865
62,154,13.0,0.0026805871
62,154,14.0,0.002446956
62,155,0.0,0.0004965046
62,155,1.0,0.00078139454
62,155,2.0,0.0021135597
62,155,3.0,0.003214582
62,155,4.0,0.0040738033
62,155,5.0,0.005842015
62,155,6.0,0.0045625176
62,155,7.0,0.0043606046
62,155,8.0,0.004086767
62,155,9.0,0.006185833
62,155,10.0,0.00462378
62,155,11.0,0.0048081116
62,155,12.0,0.004537524
62,155,13.0,0.004840775
62,155,14.0,0.0046188226
62,156,0.0,0.001204604
62,156,1.0,0.00239712
62,156,2.0,0.004922016
62,156,3.0,0.0039202143
62,156,4.0,0.007696468
62,156,5.0,0.00860459
62,156,6.0,0.0069221254
62,156,7.0,0.00557031
62,156,8.0,0.004902045
62,156,9.0,0.0050369822
62,156,10.0,0.0055703963
62,156,11.0,0.0065659406
62,156,12.0,0.0059610694
62,156,13.0,0.0044535687
62,156,14.0,0.004621214
62,157,0.0,0.00034823752
62,157,1.0,0.0012499642
62,157,2.0,0.0031266715
62,157,3.0,0.004869042
62,157,4.0,0.0073301936
62,157,5.0,0.0058882963
62,157,6.0,0.0056377114
62,157,7.0,0.0056228926
62,157,8.0,0.0055126334
62,157,9.0,0.004819128
62,157,10.0,0.005583358
62,157,11.0,0.005166328
62,157,12.0,0.005354032
62,157,13.0,0.004977958
62,157,14.0,0.003949846
62,158,0.0,0.00045023675
62,158,1.0,0.00064214296
62,158,2.0,0.002273129
62,158,3.0,0.0033764765
62,158,4.0,0.003961146
62,158,5.0,0.0043014153
62,158,6.0,0.003912167
62,158,7.0,0.0033956505
62,158,8.0,0.0027757618
62,158,9.0,0.002488752
62,158,10.0,0.003288807
62,158,11.0,0.0027338746
62,158,12.0,0.0019824766
62,158,13.0,0.0015429955
62,158,14.0,0.0013370685
62,159,0.0,0.00020619205
62,159,1.0,0.00052829954
62,159,2.0,0.0010582122
62,159,3.0,0.0022506274
62,159,4.0,0.002449449
62,159,5.0,0.0036141325
62,159,6.0,0.0030789508
62,159,7.0,0.0029566064
62,159,8.0,0.0019129683
62,159,9.0,0.002060552
62,159,10.0,0.002218993
62,159,11.0,0.0019488792
62,159,12.0,0.0016906748
62,159,13.0,0.0019588391
62,159,14.0,0.0013621398
62,160,0.0,1.6383223e-05
62,160,1.0,6.184727e-05
62,160,2.0,0.00015467545
62,160,3.0,0.0002868637
62,160,4.0,0.00048068026
62,160,5.0,0.0004165793
62,160,6.0,0.00040611974
62,160,7.0,0.00038028328
62,160,8.0,0.0002857076
62,160,9.0,0.00023333472
62,160,10.0,0.00024718695
62,160,11.0,0.00020785263
62,160,12.0,0.00014351905
62,160,13.0,0.00013062157
62,160,14.0,0.000108505374
62,161,0.0,3.3650304e-06
62,161,1.0,5.170221e-05
62,161,2.0,4.418777e-05
62,161,3.0,0.00031016397
62,161,4.0,0.00016736645
62,161,5.0,0.00016526117
62,161,6.0,8.447079e-05
62,161,7.0,0.00013333358
62,161,8.0,0.00017774152
62,161,9.0,0.00021735077
62,161,10.0,6.892065e-05
62,161,11.0,5.529706e-05
62,161,12.0,5.1010816e-06
62,161,13.0,2.456854e-07
62,161,14.0,6.186702e-06
62,162,0.0,7.483149e-07
62,162,1.0,1.3436171e-05
62,162,2.0,5.3634685e-06
62,162,3.0,1.0640829e-05
62,162,4.0,1.1868216e-05
62,162,5.0,6.8517725e-06
62,162,6.0,9.428599e-06
62,162,7.0,7.4173427e-06
62,162,8.0,3.1877591e-06
62,162,9.0,9.239285e-07
62,162,10.0,1.4743586e-07
62,162,11.0,0.0
62,162,12.0,1.4689222e-11
62,162,13.0,6.6188766e-09
62,162,14.0,8.518151e-07
62,163,0.0,5.3512207e-07
62,163,1.0,1.8772464e-08
62,163,2.0,1.2139147e-10
62,163,3.0,0.0
62,163,4.0,0.0
62,163,5.0,0.0
62,163,6.0,0.0
62,163,7.0,0.0
62,163,8.0,0.0
62,163,9.0,0.0
62,163,10.0,0.0
62,163,11.0,6.7668166e-10
62,163,12.0,0.0
62,163,13.0,0.0
62,163,14.0,0.0
62,164,0.0,0.0
62,164,1.0,4.1630656e-07
62,164,2.0,1.4680741e-07
62,164,3.0,0.0
62,164,4.0,0.0
62,164,5.0,0.0
62,164,6.0,2.1208827e-08
62,164,7.0,7.624915e-08
62,164,8.0,4.2619286e-07
62,164,9.0,7.884619e-07
62,164,10.0,5.9802505e-07
62,164,11.0,2.3972495e-07
62,164,12.0,1.4544473e-07
62,164,13.0,3.4312242e-07
62,164,14.0,1.5604242e-07
62,165,0.0,0.0
62,165,1.0,1.8334917e-11
62,165,2.0,4.2513168e-08
62,165,3.0,0.0
62,165,4.0,0.0
62,165,5.0,0.0
62,165,6.0,0.0
62,165,7.0,0.0
62,165,8.0,0.0
62,165,9.0,0.0
62,165,10.0,0.0
62,165,11.0,0.0
62,165,12.0,0.0
62,165,13.0,0.0
62,165,14.0,0.0
62,166,0.0,0.0
62,166,1.0,4.76728e-10
62,166,2.0,4.545878e-09
62,166,3.0,2.0090094e-09
62,166,4.0,1.2449085e-08
62,166,5.0,2.2484981e-08
62,166,6.0,2.4882405e-08
62,166,7.0,1.5943182e-07
62,166,8.0,1.6893625e-07
62,166,9.0,9.793129e-08
62,166,10.0,1.1954258e-07
62,166,11.0,3.4903445e-07
62,166,12.0,3.431064e-07
62,166,13.0,1.9246161e-07
62,166,14.0,6.4069e-07
62,167,0.0,1.8990448e-07
62,167,1.0,1.8629208e-11
62,167,2.0,9.541569e-10
62,167,3.0,2.8622432e-08
62,167,4.0,0.0
62,167,5.0,0.0
62,167,6.0,0.0
62,167,7.0,0.0
62,167,8.0,0.0
62,167,9.0,0.0
62,167,10.0,0.0
62,167,11.0,0.0
62,167,12.0,0.0
62,167,13.0,0.0
62,167,14.0,0.0
62,168,0.0,1.1680221e-09
62,168,1.0,2.2136112e-07
62,168,2.0,1.8641283e-07
62,168,3.0,1.3305873e-07
62,168,4.0,9.657732e-08
62,168,5.0,1.2666237e-07
62,168,6.0,8.190662e-09
62,168,7.0,3.585877e-08
62,168,8.0,8.818887e-08
62,168,9.0,1.1199448e-07
62,168,10.0,1.13272066e-07
62,168,11.0,2.2058025e-08
62,168,12.0,1.1747572e-07
62,168,13.0,2.8048277e-07
62,168,14.0,1.7267983e-07
63,149,0.0,6.607963e-07
63,149,1.0,1.2033568e-06
63,149,2.0,1.159652e-07
63,149,3.0,6.645515e-09
63,149,4.0,7.956291e-08
63,149,5.0,1.2970595e-07
63,149,6.0,3.1074674e-07
63,149,7.0,5.469109e-07
63,149,8.0,5.028845e-07
63,149,9.0,2.5796015e-07
63,149,10.0,1.3322132e-07
63,149,11.0,1.2314078e-07
63,149,12.0,1.1477349e-08
63,149,13.0,3.8244742e-08
63,149,14.0,3.186701e-09
63,150,0.0,0.0
63,150,1.0,0.0
63,150,2.0,1.3221675e-07
63,150,3.0,1.158166e-08
63,150,4.0,3.886533e-07
63,150,5.0,1.5509968e-07
63,150,6.0,9.428951e-08
63,150,7.0,4.1255117e-08
63,150,8.0,3.303038e-08
63,150,9.0,3.776298e-08
63,150,10.0,3.220434e-08
63,150,11.0,4.2794923e-09
63,150,12.0,0.0
63,150,13.0,2.0920432e-08
63,150,14.0,1.9811775e-07
63,151,0.0,3.61195e-11
63,151,1.0,0.0
63,151,2.0,0.0
63,151,3.0,0.0
63,151,4.0,0.0
63,151,5.0,0.0
63,151,6.0,0.0
63,151,7.0,0.0
63,151,8.0,0.0
63,151,9.0,0.0
63,151,10.0,0.0
63,151,11.0,0.0
63,151,12.0,0.0
63,151,13.0,0.0
63,151,14.0,0.0
63,152,0.0,0.0
63,152,1.0,0.0
63,152,2.0,0.0
63,152,3.0,0.0
63,152,4.0,0.0
63,152,5.0,0.0
63,152,6.0,0.0
63,152,7.0,9.876687e-09
63,152,8.0,1.1736051e-07
63,152,9.0,2.704407e-08
63,152,10.0,0.0
63,152,11.0,0.0
63,152,12.0,0.0
63,152,13.0,0.0
63,152,14.0,0.0
63,153,0.0,0.0
63,153,1.0,2.3509746e-07
63,153,2.0,1.2165882e-06
63,153,3.0,1.809633e-06
63,153,4.0,4.7361154e-06
63,153,5.0,2.2364914e-06
63,153,6.0,3.2546316e-06
63,153,7.0,9.392636e-07
63,153,8.0,4.264238e-07
63,153,9.0,1.8348237e-06
63,153,10.0,5.0787003e-06
63,153,11.0,2.9218002e-06
63,153,12.0,1.4638553e-06
63,153,13.0,1.1613954e-06
63,153,14.0,6.6676516e-06
63,154,0.0,4.845544e-07
63,154,1.0,4.0510275e-09
63,154,2.0,4.6260965e-07
63,154,3.0,1.1469782e-06
63,154,4.0,3.4140114e-05
63,154,5.0,6.938496e-05
63,154,6.0,4.721701e-05
63,154,7.0,1.0229986e-05
63,154,8.0,4.1292883e-06
63,154,9.0,2.3406626e-06
63,154,10.0,9.129999e-06
63,154,11.0,6.553311e-05
63,154,12.0,7.720502e-05
63,154,13.0,5.0694736e-05
63,154,14.0,2.4496998e-05
63,155,0.0,1.2157326e-05
63,155,1.0,1.3567241e-05
63,155,2.0,7.252683e-05
63,155,3.0,0.0001026152
63,155,4.0,0.00021954949
63,155,5.0,0.0002480817
63,155,6.0,0.00019954612
63,155,7.0,0.00015150034
63,155,8.0,0.00014536334
63,155,9.0,0.00013666986
63,155,10.0,0.00014255808
63,155,11.0,0.00020571331
63,155,12.0,0.0002778086
63,155,13.0,0.00024127499
63,155,14.0,0.0002753964
63,156,0.0,1.8129587e-05
63,156,1.0,3.9382823e-05
63,156,2.0,8.8488814e-05
63,156,3.0,0.00015505026
63,156,4.0,0.00033867877
63,156,5.0,0.00043233385
63,156,6.0,0.00038345958
63,156,7.0,0.00016907658
63,156,8.0,9.4765965e-05
63,156,9.0,9.720225e-05
63,156,10.0,0.00015922268
63,156,11.0,0.00033860054
63,156,12.0,0.0004554443
63,156,13.0,0.00026496415
63,156,14.0,0.0002284581
63,157,0.0,7.196259e-06
63,157,1.0,1.661818e-05
63,157,2.0,8.8924004e-05
63,157,3.0,0.00018315586
63,157,4.0,0.00029072227
63,157,5.0,0.00039039543
63,157,6.0,0.00034394767
63,157,7.0,0.0002943905
63,157,8.0,0.00027317903
63,157,9.0,0.00027922075
63,157,10.0,0.00032287353
63,157,11.0,0.00036248262
63,157,12.0,0.00037744635
63,157,13.0,0.0003919143
63,157,14.0,0.00033564228
63,158,0.0,1.7663016e-05
63,158,1.0,3.3664644e-05
63,158,2.0,0.00013894848
63,158,3.0,0.0003286131
63,158,4.0,0.00059827487
63,158,5.0,0.00074977113
63,158,6.0,0.0005597513
63,158,7.0,0.00039161983
63,158,8.0,0.00034977816
63,158,9.0,0.00037523106
63,158,10.0,0.0005071266
63,158,11.0,0.0010302478
63,158,12.0,0.0011082668
63,158,13.0,0.0009884454
63,158,14.0,0.0007994334
63,159,0.0,5.9462923e-06
63,159,1.0,4.4062414e-05
63,159,2.0,0.00019247865
63,159,3.0,0.0004497735
63,159,4.0,0.00074934156
63,159,5.0,0.0009099825
63,159,6.0,0.00075071055
63,159,7.0,0.0006144192
63,159,8.0,0.00055756146
63,159,9.0,0.00058856426
63,159,10.0,0.0009101737
63,159,11.0,0.001154448
63,159,12.0,0.0009791165
63,159,13.0,0.0009600643
63,159,14.0,0.0010244398
63,160,0.0,4.0809095e-06
63,160,1.0,2.6434138e-05
63,160,2.0,0.000121406425
63,160,3.0,0.00023599686
63,160,4.0,0.00068892824
63,160,5.0,0.0013957904
63,160,6.0,0.001214524
63,160,7.0,0.0009210121
63,160,8.0,0.0008338326
63,160,9.0,0.00093312794
63,160,10.0,0.00090219115
63,160,11.0,0.0012573054
63,160,12.0,0.00087856955
63,160,13.0,0.0007707383
63,160,14.0,0.0007466679
63,161,0.0,2.0308153e-06
63,161,1.0,1.5720505e-05
63,161,2.0,8.531506e-05
63,161,3.0,0.00031035932
63,161,4.0,0.0005364903
63,161,5.0,0.0009852315
63,161,6.0,0.0008816059
63,161,7.0,0.00070821703
63,161,8.0,0.00055263616
63,161,9.0,0.0004895838
63,161,10.0,0.00044508794
63,161,11.0,0.00050764973
63,161,12.0,0.00046821346
63,161,13.0,0.0003209875
63,161,14.0,0.0002902995
63,162,0.0,1.5191771e-05
63,162,1.0,1.5170981e-05
63,162,2.0,5.1483352e-05
63,162,3.0,0.00015093944
63,162,4.0,0.00011484065
63,162,5.0,0.00041840065
63,162,6.0,0.00025820077
63,162,7.0,0.00016368135
63,162,8.0,8.780482e-05
63,162,9.0,7.3346186e-05
63,162,10.0,8.049635e-05
63,162,11.0,0.00023538436
63,162,12.0,0.0003126899
63,162,13.0,0.0001266316
63,162,14.0,9.011911e-05
63,163,0.0,1.0995942e-07
63,163,1.0,1.1161066e-07
63,163,2.0,3.038134e-07
63,163,3.0,1.4063263e-05
63,163,4.0,2.3402996e-05
63,163,5.0,5.8240377e-05
63,163,6.0,7.692527e-05
63,163,7.0,7.819491e-05
63,163,8.0,4.8369307e-05
63,163,9.0,7.220751e-05
63,163,10.0,2.6232046e-05
63,163,11.0,7.835059e-05
63,163,12.0,4.4927376e-05
63,163,13.0,4.2697113e-05
63,163,14.0,3.2770015e-05
63,164,0.0,9.092969e-08
63,164,1.0,9.59415e-07
63,164,2.0,1.7932141e-06
63,164,3.0,7.296695e-06
63,164,4.0,1.6175083e-05
63,164,5.0,4.449721e-06
63,164,6.0,2.7194592e-06
63,164,7.0,1.674325e-05
63,164,8.0,4.2907113e-06
63,164,9.0,2.8740383e-06
63,164,10.0,1.0612156e-06
63,164,11.0,1.6302027e-05
63,164,12.0,8.363432e-08
63,164,13.0,7.3383546e-08
63,164,14.0,5.835588e-07
63,165,0.0,5.7693192e-08
63,165,1.0,1.7253448e-08
63,165,2.0,0.0
63,165,3.0,8.744451e-08
63,165,4.0,5.8647874e-08
63,165,5.0,0.0
63,165,6.0,0.0
63,165,7.0,1.3520738e-06
63,165,8.0,4.80627e-11
63,165,9.0,0.0
63,165,10.0,1.5296458e-06
63,165,11.0,0.0
63,165,12.0,0.0
63,165,13.0,0.0
63,165,14.0,1.2343729e-09
63,166,0.0,1.6035568e-07
63,166,1.0,0.0
63,166,2.0,6.510177e-10
63,166,3.0,1.7209432e-07
63,166,4.0,5.9377555e-07
63,166,5.0,7.004017e-07
63,166,6.0,6.938836e-07
63,166,7.0,4.154732e-07
63,166,8.0,1.280222e-07
63,166,9.0,5.3625094e-08
63,166,10.0,5.754896e-08
63,166,11.0,4.554364e-08
63,166,12.0,1.9456625e-07
63,166,13.0,1.5173077e-08
63,166,14.0,7.958515e-08
63,167,0.0,3.5137482e-08
63,167,1.0,1.3589968e-09
63,167,2.0,2.7043998e-07
63,167,3.0,1.4915094e-06
63,167,4.0,2.3336827e-06
63,167,5.0,2.21188e-06
63,167,6.0,1.1720127e-06
63,167,7.0,3.2322473e-07
63,167,8.0,1.9838828e-07
63,167,9.0,1.9400456e-07
63,167,10.0,2.8717494e-07
63,167,11.0,8.2275767e-07
63,167,12.0,1.2502248e-07
63,167,13.0,2.692825e-10
63,167,14.0,3.696083e-09
63,168,0.0,3.0527245e-09
63,168,1.0,0.0
63,168,2.0,0.0
63,168,3.0,2.4097005e-08
63,168,4.0,0.0
63,168,5.0,1.4433692e-07
63,168,6.0,5.878157e-07
63,168,7.0,3.2931177e-07
63,168,8.0,1.7937893e-07
63,168,9.0,1.3847644e-07
63,168,10.0,5.239379e-07
63,168,11.0,6.7648705e-07
63,168,12.0,2.5187367e-07
63,168,13.0,2.9362798e-07
63,168,14.0,2.2640096e-07
63,169,0.0,6.461108e-08
63,169,1.0,6.017952e-07
63,169,2.0,5.278187e-07
63,169,3.0,1.7680941e-08
63,169,4.0,0.0
63,169,5.0,1.3151728e-07
63,169,6.0,6.670204e-07
63,169,7.0,5.0982555e-07
63,169,8.0,3.3081506e-07
63,169,9.0,2.47754e-07
63,169,10.0,2.193318e-07
63,169,11.0,3.2072046e-07
63,169,12.0,1.0290539e-06
63,169,13.0,2.2197611e-07
63,169,14.0,9.2146655e-07
63,170,0.0,9.7786355e-08
63,170,1.0,1.9118563e-08
63,170,2.0,7.8020875e-08
63,170,3.0,2.6079503e-08
63,170,4.0,1.6378869e-09
63,170,5.0,3.4189784e-10
63,170,6.0,4.618925e-08
63,170,7.0,9.2847316e-08
63,170,8.0,4.482588e-08
63,170,9.0,5.038382e-08
63,170,10.0,1.3581334e-07
63,170,11.0,2.5062343e-07
63,170,12.0,1.2227112e-07
63,170,13.0,4.1443684e-07
63,170,14.0,1.3213493e-06
64,151,0.0,3.9125272e-08
64,151,1.0,2.4325902e-07
64,151,2.0,6.412882e-07
64,151,3.0,3.8314892e-07
64,151,4.0,0.0
64,151,5.0,6.040079e-10
64,151,6.0,1.6908224e-07
64,151,7.0,1.4109746e-07
64,151,8.0,1.8850875e-07
64,151,9.0,3.186377e-07
64,151,10.0,3.5284984e-07
64,151,11.0,0.0
64,151,12.0,1.4529882e-06
64,151,13.0,3.2178107e-06
64,151,14.0,1.2073448e-06
64,152,0.0,4.2939146e-08
64,152,1.0,1.2067754e-06
64,152,2.0,7.0726975e-07
64,152,3.0,5.7348846e-09
64,152,4.0,5.8938863e-08
64,152,5.0,5.2144346e-06
64,152,6.0,4.210486e-06
64,152,7.0,2.889352e-06
64,152,8.0,1.5919065e-07
64,152,9.0,4.4277847e-08
64,152,10.0,4.0022195e-07
64,152,11.0,2.5160154e-09
64,152,12.0,2.1738026e-06
64,152,13.0,4.802476e-10
64,152,14.0,2.8405682e-06
64,153,0.0,0.0
64,153,1.0,0.0
64,153,2.0,0.0
64,153,3.0,6.6103996e-07
64,153,4.0,2.546891e-06
64,153,5.0,6.944078e-07
64,153,6.0,6.6971357e-09
64,153,7.0,1.9414983e-08
64,153,8.0,4.882888e-08
64,153,9.0,7.0611364e-08
64,153,10.0,5.002194e-08
64,153,11.0,8.7208285e-08
64,153,12.0,1.5426785e-06
64,153,13.0,2.5700767e-06
64,153,14.0,6.851683e-07
64,154,0.0,0.0
64,154,1.0,0.0
64,154,2.0,5.416628e-07
64,154,3.0,4.4613003e-06
64,154,4.0,7.056854e-07
64,154,5.0,0.0
64,154,6.0,2.1814053e-09
64,154,7.0,2.523585e-07
64,154,8.0,6.3586816e-07
64,154,9.0,3.8843584e-07
64,154,10.0,1.5795695e-08
64,154,11.0,0.0
64,154,12.0,0.0
64,154,13.0,0.0
64,154,14.0,1.0849876e-06
64,155,0.0,0.0
64,155,1.0,1.0291986e-06
64,155,2.0,8.78446e-12
64,155,3.0,1.5075159e-06
64,155,4.0,0.0
64,155,5.0,1.8127872e-06
64,155,6.0,3.323529e-07
64,155,7.0,2.0854029e-07
64,155,8.0,2.933441e-07
64,155,9.0,7.962601e-08
64,155,10.0,0.0
64,155,11.0,0.0
64,155,12.0,7.400918e-09
64,155,13.0,6.756746e-07
64,155,14.0,1.0911849e-06
64,156,0.0,1.6584465e-08
64,156,1.0,1.7860548e-06
64,156,2.0,1.7302865e-06
64,156,3.0,3.2265785e-07
64,156,4.0,1.90985e-06
64,156,5.0,3.5272458e-07
64,156,6.0,8.962117e-08
64,156,7.0,8.802091e-09
64,156,8.0,2.98913e-08
64,156,9.0,2.7617495e-09
64,156,10.0,0.0
64,156,11.0,0.0
64,156,12.0,0.0
64,156,13.0,1.6511606e-08
64,156,14.0,2.334852e-09
64,157,0.0,0.0
64,157,1.0,1.9658059e-07
64,157,2.0,0.0
64,157,3.0,1.2709479e-06
64,157,4.0,0.0
64,157,5.0,7.379189e-07
64,157,6.0,3.5551014e-07
64,157,7.0,0.0
64,157,8.0,0.0
64,157,9.0,0.0
64,157,10.0,0.0
64,157,11.0,1.1022802e-06
64,157,12.0,3.7879698e-08
64,157,13.0,1.8582543e-05
64,157,14.0,2.1526153e-05
64,158,0.0,3.3827046e-08
64,158,1.0,1.3957943e-07
64,158,2.0,2.5873746e-11
64,158,3.0,7.865155e-08
64,158,4.0,5.7529433e-06
64,158,5.0,8.533688e-06
64,158,6.0,3.6016236e-06
64,158,7.0,7.350829e-06
64,158,8.0,1.4154595e-05
64,158,9.0,1.7806391e-05
64,158,10.0,1.862697e-05
64,158,11.0,1.1624252e-05
64,158,12.0,1.8956021e-05
64,158,13.0,2.0699019e-05
64,158,14.0,1.8637375e-05
64,159,0.0,0.0
64,159,1.0,7.3121487e-07
64,159,2.0,0.0
64,159,3.0,7.5249936e-08
64,159,4.0,2.373933e-06
64,159,5.0,1.0907506e-05
64,159,6.0,9.290872e-06
64,159,7.0,2.8486975e-05
64,159,8.0,6.9421308e-06
64,159,9.0,1.8735874e-06
64,159,10.0,1.13058295e-05
64,159,11.0,6.641334e-05
64,159,12.0,4.4324668e-05
64,159,13.0,7.385646e-05
64,159,14.0,0.00013133419
64,160,0.0,2.4325773e-09
64,160,1.0,8.0376985e-06
64,160,2.0,1.3826383e-05
64,160,3.0,1.7127837e-05
64,160,4.0,1.0805488e-05
64,160,5.0,4.357571e-05
64,160,6.0,2.967443e-05
64,160,7.0,2.6228798e-05
64,160,8.0,4.178273e-05
64,160,9.0,4.6817408e-05
64,160,10.0,5.3635722e-05
64,160,11.0,0.00018916804
64,160,12.0,0.0002694229
64,160,13.0,0.0001828101
64,160,14.0,0.0001799905
64,161,0.0,3.973002e-06
64,161,1.0,1.9438507e-07
64,161,2.0,3.1210573e-05
64,161,3.0,5.7055957e-05
64,161,4.0,0.00015780012
64,161,5.0,0.00029199466
64,161,6.0,0.00027441315
64,161,7.0,0.00022245874
64,161,8.0,0.00041608175
64,161,9.0,0.0004022634
64,161,10.0,0.00038454248
64,161,11.0,0.0002745322
64,161,12.0,0.00033769078
64,161,13.0,0.00045257952
64,161,14.0,0.00037144608
64,162,0.0,4.2450625e-07
64,162,1.0,2.2681603e-11
64,162,2.0,2.8579714e-06
64,162,3.0,2.8689228e-05
64,162,4.0,3.388839e-05
64,162,5.0,0.00017420146
64,162,6.0,0.00019562076
64,162,7.0,0.00019046114
64,162,8.0,0.00017823014
64,162,9.0,0.00015957613
64,162,10.0,0.00011974268
64,162,11.0,0.0001781488
64,162,12.0,0.00011688721
64,162,13.0,8.4146515e-05
64,162,14.0,0.0001539063
64,163,0.0,7.517665e-08
64,163,1.0,7.138675e-06
64,163,2.0,2.7703201e-05
64,163,3.0,7.794949e-05
64,163,4.0,0.000110003886
64,163,5.0,0.00015000843
64,163,6.0,0.00017717147
64,163,7.0,0.00018391419
64,163,8.0,0.00014991443
64,163,9.0,0.00016042471
64,163,10.0,0.00024963627
64,163,11.0,0.00014769631
64,163,12.0,0.00010664815
64,163,13.0,0.00018005248
64,163,14.0,0.00022272805
64,164,0.0,8.8324946e-08
64,164,1.0,0.0
64,164,2.0,1.0221338e-08
64,164,3.0,9.558192e-06
64,164,4.0,1.7421233e-05
64,164,5.0,2.2507968e-05
64,164,6.0,3.0402183e-05
64,164,7.0,3.7239548e-05
64,164,8.0,4.5717476e-05
64,164,9.0,5.235774e-05
64,164,10.0,4.8772894e-05
64,164,11.0,3.5431614e-05
64,164,12.0,2.5294643e-05
64,164,13.0,2.7658954e-05
64,164,14.0,2.9846575e-05
64,165,0.0,0.0
64,165,1.0,0.0
64,165,2.0,0.0
64,165,3.0,0.0
64,165,4.0,7.974505e-07
64,165,5.0,6.890999e-06
64,165,6.0,1.0841429e-06
64,165,7.0,2.0448497e-06
64,165,8.0,2.7636354e-06
64,165,9.0,2.7277604e-06
64,165,10.0,6.691447e-06
64,165,11.0,1.0469888e-05
64,165,12.0,4.660232e-06
64,165,13.0,2.9203748e-06
64,165,14.0,9.554322e-06
64,166,0.0,6.0074568e-09
64,166,1.0,0.0
64,166,2.0,1.3646568e-09
64,166,3.0,0.0
64,166,4.0,0.0
64,166,5.0,0.0
64,166,6.0,0.0
64,166,7.0,0.0
64,166,8.0,0.0
64,166,9.0,0.0
64,166,10.0,0.0
64,166,11.0,0.0
64,166,12.0,0.0
64,166,13.0,0.0
64,166,14.0,6.4927902e-12
64,167,0.0,2.7326584e-08
64,167,1.0,0.0
64,167,2.0,0.0
64,167,3.0,1.342381e-07
64,167,4.0,4.817701e-07
64,167,5.0,7.760395e-08
64,167,6.0,0.0
64,167,7.0,3.46819e-07
64,167,8.0,1.1577373e-07
64,167,9.0,3.6714498e-09
64,167,10.0,2.0558334e-08
64,167,11.0,4.300255e-08
64,167,12.0,1.0380447e-08
64,167,13.0,3.7043318e-10
64,167,14.0,1.6494403e-11
64,168,0.0,1.0804443e-07
64,168,1.0,1.2923759e-07
64,168,2.0,1.9102261e-07
64,168,3.0,3.9073786e-08
64,168,4.0,3.8927983e-10
64,168,5.0,1.8551637e-08
64,168,6.0,7.7094506e-07
64,168,7.0,6.675087e-07
64,168,8.0,1.2392877e-06
64,168,9.0,1.0344143e-06
64,168,10.0,3.1060134e-07
64,168,11.0,1.6633402e-08
64,168,12.0,3.082089e-08
64,168,13.0,1.2852087e-07
64,168,14.0,2.1421896e-07
64,169,0.0,0.0
64,169,1.0,0.0
64,169,2.0,0.0
64,169,3.0,5.382621e-08
64,169,4.0,1.08389266e-07
64,169,5.0,9.607785e-08
64,169,6.0,3.201374e-10
64,169,7.0,2.87578e-08
64,169,8.0,1.5391427e-08
64,169,9.0,1.3469995e-07
64,169,10.0,3.6036153e-07
64,169,11.0,1.5630054e-07
64,169,12.0,2.0208147e-07
64,169,13.0,7.9582044e-08
64,169,14.0,2.231295e-09
64,170,0.0,8.591045e-08
64,170,1.0,1.5789596e-09
64,170,2.0,1.4087395e-07
64,170,3.0,1.8080975e-07
64,170,4.0,2.5565754e-07
64,170,5.0,2.7599415e-07
64,170,6.0,1.2659592e-07
64,170,7.0,2.7691325e-07
64,170,8.0,1.9647076e-07
64,170,9.0,8.984483e-08
64,170,10.0,5.710517e-08
64,170,11.0,6.219041e-08
64,170,12.0,8.454399e-08
64,170,13.0,5.806006e-09
64,170,14.0,7.970882e-08
64,171,0.0,0.0
64,171,1.0,0.0
64,171,2.0,0.0
64,171,3.0,0.0
64,171,4.0,7.754055e-09
64,171,5.0,3.488424e-08
64,171,6.0,0.0
64,171,7.0,0.0
64,171,8.0,0.0
64,171,9.0,0.0
64,171,10.0,0.0
64,171,11.0,0.0
64,171,12.0,0.0
64,171,13.0,0.0
64,171,14.0,0.0
64,172,0.0,5.0822346e-09
64,172,1.0,5.570882e-07
64,172,2.0,1.572439e-06
64,172,3.0,2.321293e-07
64,172,4.0,4.092563e-08
64,172,5.0,2.1660782e-08
64,172,6.0,5.6329146e-08
64,172,7.0,1.05525636e-07
64,172,8.0,1.6430373e-07
64,172,9.0,5.3861918e-08
64,172,10.0,5.569445e-12
64,172,11.0,0.0
64,172,12.0,1.2204731e-08
64,172,13.0,4.5568595e-07
64,172,14.0,2.6956366e-09
65,154,0.0,0.0
65,154,1.0,0.0
65,154,2.0,0.0
65,154,3.0,0.0
65,154,4.0,0.0
65,154,5.0,0.0
65,154,6.0,5.612227e-09
65,154,7.0,4.9904997e-08
65,154,8.0,9.796444e-08
65,154,9.0,2.3969426e-07
65,154,10.0,1.017986e-06
65,154,11.0,3.1803916e-07
65,154,12.0,0.0
65,154,13.0,2.0602565e-08
65,154,14.0,0.0
65,155,0.0,1.7057598e-11
65,155,1.0,7.204234e-08
65,155,2.0,8.230009e-09
65,155,3.0,1.904586e-10
65,155,4.0,0.0
65,155,5.0,0.0
65,155,6.0,0.0
65,155,7.0,0.0
65,155,8.0,0.0
65,155,9.0,0.0
65,155,10.0,0.0
65,155,11.0,3.0610454e-07
65,155,12.0,9.122089e-07
65,155,13.0,1.5402571e-06
65,155,14.0,9.910925e-07
65,156,0.0,0.0
65,156,1.0,0.0
65,156,2.0,7.750413e-09
65,156,3.0,2.6664998e-07
65,156,4.0,6.9670006e-07
65,156,5.0,5.281839e-08
65,156,6.0,3.8384172e-07
65,156,7.0,4.6448102e-07
65,156,8.0,7.434322e-09
65,156,9.0,0.0
65,156,10.0,0.0
65,156,11.0,0.0
65,156,12.0,0.0
65,156,13.0,0.0
65,156,14.0,0.0
65,157,0.0,1.6408178e-07
65,157,1.0,3.1339806e-07
65,157,2.0,1.0509936e-07
65,157,3.0,7.392306e-07
65,157,4.0,4.5917417e-08
65,157,5.0,6.257289e-10
65,157,6.0,1.4760929e-11
65,157,7.0,0.0
65,157,8.0,0.0
65,157,9.0,0.0
65,157,10.0,0.0
65,157,11.0,0.0
65,157,12.0,0.0
65,157,13.0,0.0
65,157,14.0,0.0
65,158,0.0,7.600605e-07
65,158,1.0,8.0397507e-07
65,158,2.0,1.3332111e-07
65,158,3.0,5.6303037e-07
65,158,4.0,1.3121354e-07
65,158,5.0,0.0
65,158,6.0,7.916814e-09
65,158,7.0,0.0
65,158,8.0,0.0
65,158,9.0,0.0
65,158,10.0,0.0
65,158,11.0,0.0
65,158,12.0,7.3666016e-08
65,158,13.0,6.646504e-08
65,158,14.0,2.3932697e-07
65,159,0.0,1.3040129e-07
65,159,1.0,7.408487e-08
65,159,2.0,1.268835e-06
65,159,3.0,4.7767696e-07
65,159,4.0,1.3329002e-07
65,159,5.0,4.7693794e-07
65,159,6.0,3.779745e-07
65,159,7.0,5.379435e-07
65,159,8.0,5.6548816e-10
65,159,9.0,0.0
65,159,10.0,0.0
65,159,11.0,0.0
65,159,12.0,5.0643257e-07
65,159,13.0,6.162257e-07
65,159,14.0,1.7415089e-06
65,160,0.0,9.148407e-08
65,160,1.0,4.233792e-08
65,160,2.0,2.5940682e-07
65,160,3.0,3.8762874e-08
65,160,4.0,9.057032e-08
65,160,5.0,2.3184699e-08
65,160,6.0,0.0
65,160,7.0,8.1357484e-07
65,160,8.0,5.7393154e-06
65,160,9.0,3.7836076e-06
65,160,10.0,4.1092653e-06
65,160,11.0,8.072969e-06
65,160,12.0,1.4724304e-06
65,160,13.0,1.0655863e-06
65,160,14.0,1.2090479e-06
65,161,0.0,6.952348e-07
65,161,1.0,0.0
65,161,2.0,3.4269874e-07
65,161,3.0,7.286465e-07
65,161,4.0,2.2375787e-07
65,161,5.0,6.653753e-06
65,161,6.0,1.9398517e-07
65,161,7.0,9.76674e-06
65,161,8.0,1.1837426e-05
65,161,9.0,9.477556e-06
65,161,10.0,1.3844937e-05
65,161,11.0,2.1281554e-05
65,161,12.0,2.3003802e-06
65,161,13.0,3.3669355e-06
65,161,14.0,2.176987e-06
65,162,0.0,0.0
65,162,1.0,0.0
65,162,2.0,3.4725336e-10
65,162,3.0,7.608709e-06
65,162,4.0,1.2786267e-05
65,162,5.0,1.9239674e-06
65,162,6.0,4.22715e-05
65,162,7.0,3.9632996e-05
65,162,8.0,3.8509275e-05
65,162,9.0,5.263085e-05
65,162,10.0,6.25055e-05
65,162,11.0,6.507684e-05
65,162,12.0,5.493261e-05
65,162,13.0,2.2068907e-05
65,162,14.0,5.6069275e-05
65,163,0.0,6.32007e-08
65,163,1.0,1.9310558e-08
65,163,2.0,4.03594e-06
65,163,3.0,3.720526e-05
65,163,4.0,2.6462136e-05
65,163,5.0,4.4811673e-05
65,163,6.0,4.73302e-05
65,163,7.0,2.0495698e-05
65,163,8.0,2.3190818e-05
65,163,9.0,2.7927068e-05
65,163,10.0,3.5738965e-05
65,163,11.0,6.158657e-05
65,163,12.0,0.00015623604
65,163,13.0,0.00012433786
65,163,14.0,8.87522e-05
65,164,0.0,2.3682497e-07
65,164,1.0,6.001528e-08
65,164,2.0,4.1261433e-06
65,164,3.0,1.2751691e-05
65,164,4.0,9.266562e-06
65,164,5.0,2.8896446e-05
65,164,6.0,1.9606823e-05
65,164,7.0,5.2624473e-06
65,164,8.0,9.3193385e-06
65,164,9.0,1.370569e-05
65,164,10.0,1.7411825e-05
65,164,11.0,2.366629e-05
65,164,12.0,0.000102288526
65,164,13.0,0.00016388406
65,164,14.0,8.986821e-05
65,165,0.0,2.358187e-07
65,165,1.0,1.342105e-07
65,165,2.0,0.0
65,165,3.0,6.375949e-06
65,165,4.0,2.848912e-06
65,165,5.0,1.8861318e-05
65,165,6.0,2.0553733e-05
65,165,7.0,4.721852e-05
65,165,8.0,3.904686e-05
65,165,9.0,2.838299e-05
65,165,10.0,4.657757e-05
65,165,11.0,7.102725e-05
65,165,12.0,6.417295e-05
65,165,13.0,9.522759e-05
65,165,14.0,6.895344e-05
65,166,0.0,3.1375242e-07
65,166,1.0,8.167044e-08
65,166,2.0,1.5820323e-06
65,166,3.0,1.4158081e-06
65,166,4.0,3.157908e-06
65,166,5.0,1.0322133e-06
65,166,6.0,1.734974e-05
65,166,7.0,2.3714983e-05
65,166,8.0,1.6696436e-05
65,166,9.0,2.3829e-05
65,166,10.0,3.1166997e-05
65,166,11.0,2.8034994e-05
65,166,12.0,6.219269e-05
65,166,13.0,3.2345026e-05
65,166,14.0,1.6831442e-05
65,167,0.0,3.141389e-08
65,167,1.0,0.0
65,167,2.0,0.0
65,167,3.0,1.4516783e-07
65,167,4.0,6.5218757e-07
65,167,5.0,2.679415e-06
65,167,6.0,0.0
65,167,7.0,1.3489918e-06
65,167,8.0,9.996308e-06
65,167,9.0,9.855402e-06
65,167,10.0,7.1810455e-06
65,167,11.0,0.0
65,167,12.0,3.9010188e-06
65,167,13.0,7.133551e-06
65,167,14.0,2.275597e-06
65,168,0.0,0.0
65,168,1.0,3.5160898e-08
65,168,2.0,7.6308126e-10
65,168,3.0,2.391683e-07
65,168,4.0,1.178266e-06
65,168,5.0,2.0399882e-05
65,168,6.0,2.006413e-06
65,168,7.0,5.452237e-06
65,168,8.0,2.3941511e-05
65,168,9.0,2.8203605e-05
65,168,10.0,1.2123039e-05
65,168,11.0,3.0233693e-07
65,168,12.0,1.1612684e-06
65,168,13.0,2.032523e-06
65,168,14.0,1.82239e-06
65,169,0.0,0.0
65,169,1.0,4.4804874e-08
65,169,2.0,3.1048741e-09
65,169,3.0,6.015079e-09
65,169,4.0,1.00678826e-10
65,169,5.0,4.254464e-10
65,169,6.0,0.0
65,169,7.0,0.0
65,169,8.0,0.0
65,169,9.0,0.0
65,169,10.0,1.3364757e-07
65,169,11.0,3.0703654e-07
65,169,12.0,0.0
65,169,13.0,0.0
65,169,14.0,0.0
65,170,0.0,0.0
65,170,1.0,0.0
65,170,2.0,5.766966e-07
65,170,3.0,1.0585327e-06
65,170,4.0,5.3981055e-09
65,170,5.0,0.0
65,170,6.0,2.1439128e-07
65,170,7.0,3.7188116e-07
65,170,8.0,3.2513814e-08
65,170,9.0,1.6517099e-07
65,170,10.0,0.0
65,170,11.0,0.0
65,170,12.0,0.0
65,170,13.0,0.0
65,170,14.0,0.0
65,171,0.0,0.0
65,171,1.0,9.780764e-08
65,171,2.0,2.1744572e-08
65,171,3.0,1.3066311e-07
65,171,4.0,2.7913055e-08
65,171,5.0,5.8582582e-08
65,171,6.0,2.0286366e-08
65,171,7.0,4.83344e-09
65,171,8.0,0.0
65,171,9.0,5.2314792e-09
65,171,10.0,1.85889e-07
65,171,11.0,2.7617642e-07
65,171,12.0,6.5119343e-07
65,171,13.0,6.1579065e-08
65,171,14.0,2.1614954e-09
65,172,0.0,0.0
65,172,1.0,4.6576176e-07
65,172,2.0,1.0867274e-07
65,172,3.0,4.0691193e-09
65,172,4.0,0.0
65,172,5.0,5.4830136e-09
65,172,6.0,0.0
65,172,7.0,0.0
65,172,8.0,0.0
65,172,9.0,0.0
65,172,10.0,0.0
65,172,11.0,0.0
65,172,12.0,1.2600576e-10
65,172,13.0,0.0
65,172,14.0,2.1026857e-10
66,157,0.0,7.439631e-08
66,157,1.0,0.0
66,157,2.0,3.2153523e-08
66,157,3.0,3.2799335e-08
66,157,4.0,1.2978131e-08
66,157,5.0,0.0
66,157,6.0,0.0
66,157,7.0,8.0019324e-11
66,157,8.0,3.29309e-08
66,157,9.0,2.6556637e-07
66,157,10.0,2.4724363e-07
66,157,11.0,1.2296207e-09
66,157,12.0,0.0
66,157,13.0,0.0
66,157,14.0,0.0
66,158,0.0,6.9641956e-08
66,158,1.0,0.0
66,158,2.0,1.502554e-07
66,158,3.0,1.2875607e-08
66,158,4.0,1.3134405e-06
66,158,5.0,1.5541907e-06
66,158,6.0,1.3296598e-06
66,158,7.0,6.145525e-07
66,158,8.0,8.469389e-06
66,158,9.0,4.141446e-06
66,158,10.0,0.0
66,158,11.0,2.2348681e-06
66,158,12.0,6.298678e-08
66,158,13.0,6.698296e-07
66,158,14.0,0.0
66,159,0.0,0.0
66,159,1.0,1.7515315e-07
66,159,2.0,5.294071e-07
66,159,3.0,7.1492457e-07
66,159,4.0,3.644973e-07
66,159,5.0,1.13623734e-07
66,159,6.0,8.723298e-08
66,159,7.0,5.5124634e-08
66,159,8.0,2.156366e-07
66,159,9.0,1.0738833e-07
66,159,10.0,0.0
66,159,11.0,6.383814e-08
66,159,12.0,1.0770406e-06
66,159,13.0,1.3254198e-06
66,159,14.0,4.0221727e-07
66,160,0.0,1.5611614e-07
66,160,1.0,4.7324886e-07
66,160,2.0,1.2003125e-06
66,160,3.0,1.7827506e-07
66,160,4.0,7.2489183e-07
66,160,5.0,3.8284643e-06
66,160,6.0,2.988568e-06
66,160,7.0,2.3299235e-06
66,160,8.0,1.9728973e-06
66,160,9.0,3.0696176e-06
66,160,10.0,2.8983557e-06
66,160,11.0,1.2923514e-06
66,160,12.0,1.1965503e-06
66,160,13.0,1.315579e-06
66,160,14.0,5.929441e-08
66,161,0.0,1.6313287e-08
66,161,1.0,1.0920927e-06
66,161,2.0,2.0132472e-06
66,161,3.0,3.0948083e-08
66,161,4.0,8.532478e-09
66,161,5.0,0.0
66,161,6.0,5.73919e-09
66,161,7.0,7.953861e-08
66,161,8.0,5.261341e-08
66,161,9.0,1.676668e-08
66,161,10.0,1.2586623e-09
66,161,11.0,7.5364696e-08
66,161,12.0,9.538871e-07
66,161,13.0,8.4549447e-07
66,161,14.0,1.7312604e-07
66,162,0.0,1.2190023e-07
66,162,1.0,4.263853e-07
66,162,2.0,1.72257e-08
66,162,3.0,1.6014533e-15
66,162,4.0,6.258849e-12
66,162,5.0,0.0
66,162,6.0,0.0
66,162,7.0,0.0
66,162,8.0,5.185462e-08
66,162,9.0,2.0941211e-07
66,162,10.0,7.220486e-08
66,162,11.0,3.6533148e-08
66,162,12.0,0.0
66,162,13.0,6.1713973e-07
66,162,14.0,1.4320278e-07
66,163,0.0,1.3894974e-09
66,163,1.0,5.10916e-07
66,163,2.0,3.9710872e-07
66,163,3.0,1.48120325e-08
66,163,4.0,7.0146494e-10
66,163,5.0,3.705751e-10
66,163,6.0,1.5480938e-07
66,163,7.0,8.626582e-09
66,163,8.0,1.09620056e-10
66,163,9.0,4.0620107e-09
66,163,10.0,1.35844225e-08
66,163,11.0,2.687567e-09
66,163,12.0,8.8595823e-07
66,163,13.0,6.0954096e-07
66,163,14.0,1.7755177e-07
66,164,0.0,1.9431853e-07
66,164,1.0,0.0
66,164,2.0,0.0
66,164,3.0,0.0
66,164,4.0,0.0
66,164,5.0,0.0
66,164,6.0,3.1454879e-09
66,164,7.0,2.2750581e-07
66,164,8.0,1.1839127e-06
66,164,9.0,1.7137199e-06
66,164,10.0,9.625488e-07
66,164,11.0,3.2651806e-06
66,164,12.0,3.5448345e-06
66,164,13.0,1.1142678e-06
66,164,14.0,2.0132388e-06
66,165,0.0,7.4054157e-07
66,165,1.0,1.167677e-06
66,165,2.0,0.0
66,165,3.0,9.045499e-11
66,165,4.0,1.5510687e-07
66,165,5.0,5.2611828e-08
66,165,6.0,1.048588e-05
66,165,7.0,9.324543e-06
66,165,8.0,1.8929022e-05
66,165,9.0,2.8780756e-05
66,165,10.0,3.0155708e-05
66,165,11.0,2.168806e-05
66,165,12.0,3.6093435e-05
66,165,13.0,3.226478e-05
66,165,14.0,1.4702707e-05
66,166,0.0,0.0
66,166,1.0,0.0
66,166,2.0,0.0
66,166,3.0,0.0
66,166,4.0,0.0
66,166,5.0,4.5518455e-08
66,166,6.0,4.2063317e-09
66,166,7.0,2.1913927e-06
66,166,8.0,1.1479786e-05
66,166,9.0,7.425952e-06
66,166,10.0,7.057409e-06
66,166,11.0,3.431068e-05
66,166,12.0,2.2705563e-06
66,166,13.0,1.5717342e-06
66,166,14.0,1.6766104e-05
66,167,0.0,1.1179762e-09
66,167,1.0,6.8947595e-17
66,167,2.0,1.3675889e-06
66,167,3.0,5.1536254e-06
66,167,4.0,4.6378505e-06
66,167,5.0,8.047019e-06
66,167,6.0,9.070528e-06
66,167,7.0,6.8634818e-06
66,167,8.0,1.3421468e-06
66,167,9.0,7.122645e-07
66,167,10.0,1.1538236e-06
66,167,11.0,1.21548255e-05
66,167,12.0,5.334416e-05
66,167,13.0,3.5022877e-05
66,167,14.0,3.5083851e-06
66,168,0.0,3.9605744e-08
66,168,1.0,4.900944e-08
66,168,2.0,0.0
66,168,3.0,0.0
66,168,4.0,2.8830986e-08
66,168,5.0,1.2210197e-06
66,168,6.0,4.9137424e-07
66,168,7.0,1.97386e-07
66,168,8.0,2.1507747e-08
66,168,9.0,1.6858245e-09
66,168,10.0,3.5277323e-09
66,168,11.0,3.1191507e-09
66,168,12.0,1.5085625e-06
66,168,13.0,2.2903955e-06
66,168,14.0,4.4877186e-08
66,169,0.0,2.2994497e-08
66,169,1.0,0.0
66,169,2.0,2.0983627e-07
66,169,3.0,2.2890573e-08
66,169,4.0,8.169988e-07
66,169,5.0,8.059681e-08
66,169,6.0,1.3368968e-06
66,169,7.0,2.9196485e-06
66,169,8.0,3.3529193e-06
66,169,9.0,5.8615587e-06
66,169,10.0,4.4560816e-06
66,169,11.0,3.488202e-06
66,169,12.0,4.4985704e-06
66,169,13.0,6.2506015e-06
66,169,14.0,1.7830129e-06
66,170,0.0,0.0
66,170,1.0,1.7257375e-07
66,170,2.0,0.0
66,170,3.0,0.0
66,170,4.0,0.0
66,170,5.0,0.0
66,170,6.0,0.0
66,170,7.0,0.0
66,170,8.0,1.09163615e-07
66,170,9.0,1.170086e-08
66,170,10.0,0.0
66,170,11.0,0.0
66,170,12.0,1.0316099e-07
66,170,13.0,0.0
66,170,14.0,0.0
66,171,0.0,0.0
66,171,1.0,0.0
66,171,2.0,6.5195417e-07
66,171,3.0,1.0077983e-06
66,171,4.0,0.0
66,171,5.0,0.0
66,171,6.0,7.138331e-10
66,171,7.0,1.0489475e-06
66,171,8.0,3.2106828e-11
66,171,9.0,0.0
66,171,10.0,2.1150632e-07
66,171,11.0,5.6351404e-09
66,171,12.0,0.0
66,171,13.0,3.3683972e-07
66,171,14.0,0.0
66,172,0.0,3.531836e-08
66,172,1.0,0.0
66,172,2.0,0.0
66,172,3.0,4.7100874e-12
66,172,4.0,2.2692996e-07
66,172,5.0,2.9863136e-07
66,172,6.0,9.815786e-07
66,172,7.0,2.1645903e-06
66,172,8.0,2.5097936e-06
66,172,9.0,1.3988154e-06
66,172,10.0,6.812393e-07
66,172,11.0,1.7067141e-07
66,172,12.0,6.516001e-08
66,172,13.0,1.7104193e-07
66,172,14.0,1.4860406e-07
67,160,0.0,0.0
67,160,1.0,0.0
67,160,2.0,1.4206165e-07
67,160,3.0,0.0
67,160,4.0,1.1735385e-07
67,160,5.0,3.331931e-07
67,160,6.0,4.9468275e-07
67,160,7.0,7.915175e-07
67,160,8.0,9.007141e-07
67,160,9.0,5.499669e-07
67,160,10.0,3.5157822e-07
67,160,11.0,1.0996214e-06
67,160,12.0,1.1016979e-06
67,160,13.0,3.0246795e-08
67,160,14.0,8.216525e-09
67,161,0.0,0.0
67,161,1.0,0.0
67,161,2.0,7.8676194e-08
67,161,3.0,1.09359995e-07
67,161,4.0,3.0290255e-07
67,161,5.0,1.8045976e-06
67,161,6.0,1.6098782e-06
67,161,7.0,1.1862679e-06
67,161,8.0,1.1726962e-06
67,161,9.0,2.010575e-06
67,161,10.0,1.0000712e-06
67,161,11.0,0.0
67,161,12.0,0.0
67,161,13.0,0.0
67,161,14.0,0.0
67,162,0.0,0.0
67,162,1.0,0.0
67,162,2.0,1.1531473e-06
67,162,3.0,9.2566886e-08
67,162,4.0,7.68402e-09
67,162,5.0,0.0
67,162,6.0,0.0
67,162,7.0,0.0
67,162,8.0,1.1787193e-08
67,162,9.0,4.0192325e-09
67,162,10.0,0.0
67,162,11.0,0.0
67,162,12.0,0.0
67,162,13.0,0.0
67,162,14.0,5.638498e-10
67,163,0.0,0.0
67,163,1.0,2.4839955e-09
67,163,2.0,2.9318562e-06
67,163,3.0,1.5127043e-06
67,163,4.0,7.4472574e-08
67,163,5.0,0.0
67,163,6.0,0.0
67,163,7.0,1.1121666e-09
67,163,8.0,1.27613315e-08
67,163,9.0,0.0
67,163,10.0,0.0
67,163,11.0,7.744125e-08
67,163,12.0,0.0
67,163,13.0,0.0
67,163,14.0,0.0
67,164,0.0,6.1175854e-08
67,164,1.0,3.705091e-08
67,164,2.0,9.917349e-07
67,164,3.0,3.0229629e-07
67,164,4.0,0.0
67,164,5.0,0.0
67,164,6.0,0.0
67,164,7.0,1.4075073e-08
67,164,8.0,2.9486694e-08
67,164,9.0,0.0
67,164,10.0,0.0
67,164,11.0,9.9102e-12
67,164,12.0,0.0
67,164,13.0,0.0
67,164,14.0,5.6045724e-09
67,165,0.0,2.6276084e-08
67,165,1.0,6.1661604e-10
67,165,2.0,3.5885756e-07
67,165,3.0,3.3617695e-07
67,165,4.0,3.5662282e-08
67,165,5.0,0.0
67,165,6.0,0.0
67,165,7.0,0.0
67,165,8.0,0.0
67,165,9.0,7.95268e-10
67,165,10.0,1.0447758e-06
67,165,11.0,7.751488e-10
67,165,12.0,7.0686905e-09
67,165,13.0,3.15438e-08
67,165,14.0,0.0
67,166,0.0,2.778394e-08
67,166,1.0,3.3064264e-08
67,166,2.0,1.089382e-06
67,166,3.0,0.0
67,166,4.0,1.4243338e-09
67,166,5.0,1.7422029e-09
67,166,6.0,1.3923618e-07
67,166,7.0,9.441256e-08
67,166,8.0,5.3334426e-10
67,166,9.0,0.0
67,166,10.0,1.16411655e-07
67,166,11.0,3.8741925e-07
67,166,12.0,9.3869255e-07
67,166,13.0,7.190391e-07
67,166,14.0,0.0
67,167,0.0,2.3668525e-07
67,167,1.0,3.877843e-08
67,167,2.0,7.0622394e-07
67,167,3.0,1.1805231e-13
67,167,4.0,8.314472e-11
67,167,5.0,6.477246e-10
67,167,6.0,1.1254494e-07
67,167,7.0,1.6485197e-08
67,167,8.0,0.0
67,167,9.0,5.347009e-07
67,167,10.0,4.572341e-06
67,167,11.0,2.2605274e-08
67,167,12.0,2.2229965e-09
67,167,13.0,8.515399e-07
67,167,14.0,2.2375632e-06
67,168,0.0,1.4304827e-07
67,168,1.0,1.7780922e-08
67,168,2.0,1.978596e-07
67,168,3.0,9.097707e-08
67,168,4.0,0.0
67,168,5.0,0.0
67,168,6.0,0.0
67,168,7.0,0.0
67,168,8.0,0.0
67,168,9.0,5.411862e-07
67,168,10.0,9.650265e-07
67,168,11.0,6.3394734e-11
67,168,12.0,1.4578406e-07
67,168,13.0,4.003212e-06
67,168,14.0,2.1735361e-06
67,169,0.0,1.9755126e-07
67,169,1.0,4.0664074e-07
67,169,2.0,9.1434885e-07
67,169,3.0,2.6047958e-08
67,169,4.0,1.2332289e-07
67,169,5.0,1.7870297e-08
67,169,6.0,5.8738255e-08
67,169,7.0,0.0
67,169,8.0,0.0
67,169,9.0,0.0
67,169,10.0,0.0
67,169,11.0,2.7432568e-12
67,169,12.0,0.0
67,169,13.0,0.0
67,169,14.0,0.0
67,170,0.0,2.6914765e-07
67,170,1.0,5.9982267e-07
67,170,2.0,3.224793e-07
67,170,3.0,2.2145868e-07
67,170,4.0,5.118085e-07
67,170,5.0,3.866789e-07
67,170,6.0,1.7415144e-07
67,170,7.0,2.9962814e-07
67,170,8.0,2.3432754e-07
67,170,9.0,1.0064418e-07
67,170,10.0,3.206178e-08
67,170,11.0,5.2688534e-08
67,170,12.0,1.0241106e-08
67,170,13.0,2.5843029e-08
67,170,14.0,8.044047e-08
67,171,0.0,1.8061755e-08
67,171,1.0,2.1065513e-07
67,171,2.0,1.2918869e-07
67,171,3.0,5.1555406e-07
67,171,4.0,4.2716493e-08
67,171,5.0,4.847843e-08
67,171,6.0,7.9525684e-08
67,171,7.0,6.321005e-08
67,171,8.0,1.9246354e-08
67,171,9.0,3.588065e-10
67,171,10.0,0.0
67,171,11.0,0.0
67,171,12.0,1.4708261e-14
67,171,13.0,4.2346844e-08
67,171,14.0,3.7349356e-08
67,172,0.0,7.594021e-08
67,172,1.0,2.5169544e-07
67,172,2.0,3.0285446e-07
67,172,3.0,2.0488676e-08
67,172,4.0,5.0236793e-08
67,172,5.0,3.516256e-10
67,172,6.0,0.0
67,172,7.0,3.9298798e-10
67,172,8.0,4.0192325e-09
67,172,9.0,1.2984178e-08
67,172,10.0,2.3649857e-08
67,172,11.0,4.5772865e-08
67,172,12.0,3.3346996e-07
67,172,13.0,7.4328074e-07
67,172,14.0,5.0969413e-07
68,163,0.0,5.6649814e-09
68,163,1.0,2.6165554e-11
68,163,2.0,1.02593866e-07
68,163,3.0,1.2922437e-06
68,163,4.0,2.592675e-07
68,163,5.0,4.0309706e-07
68,163,6.0,3.8729834e-08
68,163,7.0,7.2996116e-08
68,163,8.0,2.7130682e-07
68,163,9.0,7.823165e-07
68,163,10.0,1.8572139e-06
68,163,11.0,2.8350146e-06
68,163,12.0,1.666275e-06
68,163,13.0,1.312078e-06
68,163,14.0,9.541938e-07
68,164,0.0,1.423043e-06
68,164,1.0,4.5210635e-07
68,164,2.0,2.5813911e-08
68,164,3.0,2.3151305e-08
68,164,4.0,4.4607793e-07
68,164,5.0,1.679658e-08
68,164,6.0,8.032521e-09
68,164,7.0,3.03322e-06
68,164,8.0,8.9908646e-08
68,164,9.0,6.499302e-08
68,164,10.0,4.460422e-06
68,164,11.0,0.0
68,164,12.0,3.2751709e-07
68,164,13.0,2.4132232e-08
68,164,14.0,4.4843367e-07
68,165,0.0,0.0
68,165,1.0,0.0
68,165,2.0,3.783343e-08
68,165,3.0,1.990479e-06
68,165,4.0,1.1054951e-06
68,165,5.0,6.3904e-07
68,165,6.0,2.9718595e-07
68,165,7.0,3.3980605e-08
68,165,8.0,2.9347483e-08
68,165,9.0,2.1872013e-09
68,165,10.0,1.8305821e-09
68,165,11.0,9.076397e-08
68,165,12.0,3.2743017e-07
68,165,13.0,2.5956405e-07
68,165,14.0,3.2357727e-07
68,166,0.0,1.2310211e-08
68,166,1.0,1.6973346e-09
68,166,2.0,6.406606e-08
68,166,3.0,0.0
68,166,4.0,0.0
68,166,5.0,0.0
68,166,6.0,0.0
68,166,7.0,0.0
68,166,8.0,0.0
68,166,9.0,0.0
68,166,10.0,9.0431996e-08
68,166,11.0,4.0233144e-07
68,166,12.0,8.886039e-07
68,166,13.0,5.8836036e-07
68,166,14.0,3.806866e-08
68,167,0.0,4.3133883e-10
68,167,1.0,5.7712917e-08
68,167,2.0,1.7862999e-07
68,167,3.0,1.09608806e-07
68,167,4.0,3.217993e-08
68,167,5.0,0.0
68,167,6.0,4.5778388e-11
68,167,7.0,3.4291578e-09
68,167,8.0,4.062024e-08
68,167,9.0,6.726079e-08
68,167,10.0,0.0
68,167,11.0,0.0
68,167,12.0,0.0
68,167,13.0,4.360778e-08
68,167,14.0,7.867414e-08
68,168,0.0,7.887739e-11
68,168,1.0,1.14490695e-10
68,168,2.0,1.0534184e-06
68,168,3.0,2.504202e-09
68,168,4.0,0.0
68,168,5.0,0.0
68,168,6.0,4.9681086e-09
68,168,7.0,2.5907566e-08
68,168,8.0,1.8776714e-08
68,168,9.0,3.0374654e-08
68,168,10.0,3.923001e-08
68,168,11.0,3.5617276e-07
68,168,12.0,2.679937e-07
68,168,13.0,1.0838126e-10
68,168,14.0,2.4309822e-08
68,169,0.0,1.6911078e-09
68,169,1.0,6.2246412e-09
68,169,2.0,3.3933605e-07
68,169,3.0,7.151566e-08
68,169,4.0,2.1862947e-08
68,169,5.0,8.086357e-08
68,169,6.0,1.2442408e-07
68,169,7.0,3.4101538e-07
68,169,8.0,5.713516e-07
68,169,9.0,8.080002e-07
68,169,10.0,3.9524866e-07
68,169,11.0,1.4336196e-07
68,169,12.0,2.017982e-07
68,169,13.0,1.5485117e-08
68,169,14.0,5.3274496e-10
68,170,0.0,0.0
68,170,1.0,6.9886346e-07
68,170,2.0,4.328307e-06
68,170,3.0,1.5636649e-06
68,170,4.0,1.0993135e-06
68,170,5.0,5.3777154e-07
68,170,6.0,0.0
68,170,7.0,0.0
68,170,8.0,1.8671709e-10
68,170,9.0,3.244218e-08
68,170,10.0,6.403372e-08
68,170,11.0,0.0
68,170,12.0,1.0017182e-09
68,170,13.0,3.7920386e-10
68,170,14.0,2.399718e-07
68,171,0.0,0.0
68,171,1.0,1.23514585e-08
68,171,2.0,2.0579918e-09
68,171,3.0,0.0
68,171,4.0,0.0
68,171,5.0,1.1369546e-07
68,171,6.0,1.4467304e-07
68,171,7.0,1.8849063e-07
68,171,8.0,1.4242828e-07
68,171,9.0,1.3926073e-07
68,171,10.0,1.4972521e-07
68,171,11.0,4.2117966e-07
68,171,12.0,1.2584763e-08
68,171,13.0,3.614104e-08
68,171,14.0,6.8883566e-10
68,172,0.0,1.3149834e-06
68,172,1.0,0.0
68,172,2.0,0.0
68,172,3.0,4.8608953e-08
68,172,4.0,2.5278933e-08
68,172,5.0,8.365462e-08
68,172,6.0,1.3235893e-06
68,172,7.0,8.8999195e-07
68,172,8.0,2.1154146e-07
68,172,9.0,1.4139184e-07
68,172,10.0,2.2138307e-08
68,172,11.0,0.0
68,172,12.0,0.0
68,172,13.0,9.447596e-07
68,172,14.0,3.7520596e-07
69,166,0.0,9.0324136e-08
69,166,1.0,2.9378265e-07
69,166,2.0,9.943893e-07
69,166,3.0,1.3241939e-06
69,166,4.0,9.5823786e-08
69,166,5.0,1.3893484e-09
69,166,6.0,0.0
69,166,7.0,0.0
69,166,8.0,0.0
69,166,9.0,0.0
69,166,10.0,0.0
69,166,11.0,0.0
69,166,12.0,0.0
69,166,13.0,0.0
69,166,14.0,0.0
69,167,0.0,5.000358e-08
69,167,1.0,5.139059e-07
69,167,2.0,6.138302e-07
69,167,3.0,9.310075e-07
69,167,4.0,2.4158624e-07
69,167,5.0,1.9889853e-08
69,167,6.0,0.0
69,167,7.0,0.0
69,167,8.0,0.0
69,167,9.0,0.0
69,167,10.0,0.0
69,167,11.0,0.0
69,167,12.0,0.0
69,167,13.0,1.3759218e-08
69,167,14.0,3.1451496e-08
69,168,0.0,2.3813973e-07
69,168,1.0,8.735603e-07
69,168,2.0,4.9660343e-07
69,168,3.0,1.7774614e-07
69,168,4.0,6.723978e-09
69,168,5.0,5.708933e-08
69,168,6.0,2.5696946e-07
69,168,7.0,8.400656e-07
69,168,8.0,1.1491446e-06
69,168,9.0,1.2387086e-06
69,168,10.0,7.461506e-07
69,168,11.0,1.6173919e-08
69,168,12.0,7.0802246e-11
69,168,13.0,5.9999785e-08
69,168,14.0,3.3958966e-07
69,169,0.0,1.2986658e-07
69,169,1.0,2.8007651e-08
69,169,2.0,9.700434e-08
69,169,3.0,2.3880892e-07
69,169,4.0,8.000999e-08
69,169,5.0,1.2842273e-07
69,169,6.0,7.128286e-08
69,169,7.0,1.068243e-08
69,169,8.0,2.9164748e-10
69,169,9.0,0.0
69,169,10.0,2.0244273e-10
69,169,11.0,3.8030096e-11
69,169,12.0,0.0
69,169,13.0,4.9535465e-09
69,169,14.0,7.666234e-08
69,170,0.0,0.0
69,170,1.0,0.0
69,170,2.0,5.0654418e-08
69,170,3.0,0.0
69,170,4.0,0.0
69,170,5.0,0.0
69,170,6.0,0.0
69,170,7.0,0.0
69,170,8.0,1.493704e-08
69,170,9.0,2.7825978e-08
69,170,10.0,2.9709024e-09
69,170,11.0,0.0
69,170,12.0,9.450853e-10
69,170,13.0,9.1451324e-07
69,170,14.0,6.415813e-07
69,171,0.0,3.8211986e-08
69,171,1.0,7.522347e-07
69,171,2.0,7.2988627e-07
69,171,3.0,1.4868168e-07
69,171,4.0,2.701943e-09
69,171,5.0,7.196207e-10
69,171,6.0,0.0
69,171,7.0,1.1131013e-09
69,171,8.0,3.6234764e-09
69,171,9.0,3.0757619e-09
69,171,10.0,2.7752897e-08
69,171,11.0,2.4546965e-08
69,171,12.0,2.2603675e-08
69,171,13.0,5.807515e-07
69,171,14.0,5.2170157e-07
69,172,0.0,1.5180686e-07
69,172,1.0,0.0
69,172,2.0,1.711338e-07
69,172,3.0,6.037777e-07
69,172,4.0,2.586183e-07
69,172,5.0,4.683052e-08
69,172,6.0,1.3263731e-07
69,172,7.0,3.1292936e-07
69,172,8.0,1.0356557e-07
69,172,9.0,5.3064017e-08
69,172,10.0,1.7291097e-07
69,172,11.0,2.88161e-07
69,172,12.0,1.9277213e-07
69,172,13.0,5.970111e-08
69,172,14.0,5.0598493e-07
70,168,0.0,6.422977e-10
70,168,1.0,1.7651188e-06
70,168,2.0,7.5249534e-07
70,168,3.0,1.1400921e-06
70,168,4.0,9.691566e-07
70,168,5.0,1.809897e-06
70,168,6.0,0.0
70,168,7.0,1.8052246e-07
70,168,8.0,0.0
70,168,9.0,0.0
70,168,10.0,0.0
70,168,11.0,4.474367e-07
70,168,12.0,0.0
70,168,13.0,5.183465e-07
70,168,14.0,1.5782863e-08
70,169,0.0,3.235509e-08
70,169,1.0,6.8645996e-08
70,169,2.0,1.7495545e-07
70,169,3.0,7.4446916e-06
70,169,4.0,8.237458e-08
70,169,5.0,5.6274257e-07
70,169,6.0,8.7077734e-07
70,169,7.0,2.2523957e-07
70,169,8.0,1.0988542e-07
70,169,9.0,2.768645e-08
70,169,10.0,4.711652e-08
70,169,11.0,1.243729e-07
70,169,12.0,9.440109e-09
70,169,13.0,5.1558715e-07
70,169,14.0,2.7950763e-08
70,170,0.0,7.565076e-07
70,170,1.0,3.7959424e-07
70,170,2.0,7.6210426e-08
70,170,3.0,0.0
70,170,4.0,0.0
70,170,5.0,1.2527609e-08
70,170,6.0,7.285265e-07
70,170,7.0,2.7351502e-06
70,170,8.0,1.0252686e-05
70,170,9.0,8.178709e-06
70,170,10.0,5.4077746e-06
70,170,11.0,2.1940223e-06
70,170,12.0,4.4104425e-07
70,170,13.0,1.4644459e-06
70,170,14.0,3.290214e-06
70,171,0.0,0.0
70,171,1.0,0.0
70,171,2.0,9.748923e-09
70,171,3.0,3.1091227e-07
70,171,4.0,0.0
70,171,5.0,2.471734e-07
70,171,6.0,2.144046e-06
70,171,7.0,2.700038e-06
70,171,8.0,4.5580978e-07
70,171,9.0,3.7560085e-08
70,171,10.0,4.0537785e-08
70,171,11.0,3.6991081e-09
70,171,12.0,2.223148e-09
70,171,13.0,3.1773888e-07
70,171,14.0,4.2659013e-07
70,172,0.0,0.0
70,172,1.0,3.965212e-10
70,172,2.0,4.137041e-07
70,172,3.0,4.9559867e-06
70,172,4.0,7.550064e-07
70,172,5.0,9.601326e-07
70,172,6.0,1.0553628e-06
70,172,7.0,1.5588064e-07
70,172,8.0,1.995539e-06
70,172,9.0,1.8953852e-08
70,172,10.0,2.6775947e-06
70,172,11.0,9.9465446e-08
70,172,12.0,0.0
70,172,13.0,1.7181611e-07
70,172,14.0,1.186163e-08
71,172,0.0,0.0
71,172,1.0,4.956695e-09
71,172,2.0,1.3671668e-10
71,172,3.0,1.6443596e-09
71,172,4.0,3.6848127e-10
71,172,5.0,1.0182725e-09
71,172,6.0,8.663727e-09
71,172,7.0,3.5008743e-08
71,172,8.0,7.131152e-09
71,172,9.0,3.3322917e-10
71,172,10.0,1.4630184e-08
71,172,11.0,2.0637586e-07
71,172,12.0,3.9976695e-07
71,172,13.0,3.8028287e-07
71,172,14.0,2.528746e-07
