Z_physical,A_physical,E_physical,Yield_pred
23,66,0.0,1.3995906e-07
23,66,1.0,2.4546486e-07
23,66,2.0,1.625896e-07
23,66,3.0,2.6366345e-07
23,66,4.0,4.1640055e-07
23,66,5.0,6.828393e-08
23,66,6.0,2.8073264e-09
23,66,7.0,1.4172407e-08
23,66,8.0,4.627973e-08
23,66,9.0,4.9021896e-08
23,66,10.0,2.0782811e-07
23,66,11.0,5.155506e-07
23,66,12.0,2.1508934e-07
23,66,13.0,1.7404821e-07
23,66,14.0,2.2703318e-07
24,66,0.0,5.228644e-08
24,66,1.0,4.0441094e-07
24,66,2.0,3.330698e-07
24,66,3.0,6.2934294e-07
24,66,4.0,2.2945622e-07
24,66,5.0,3.2540828e-07
24,66,6.0,2.4855228e-07
24,66,7.0,1.1015098e-07
24,66,8.0,4.4950642e-08
24,66,9.0,2.9344239e-08
24,66,10.0,8.844621e-08
24,66,11.0,1.6210541e-07
24,66,12.0,2.9561158e-07
24,66,13.0,2.5152931e-07
24,66,14.0,7.230735e-08
24,67,0.0,4.1237067e-07
24,67,1.0,5.649474e-07
24,67,2.0,2.619399e-07
24,67,3.0,4.918861e-07
24,67,4.0,1.3902202e-07
24,67,5.0,8.600131e-09
24,67,6.0,5.512219e-08
24,67,7.0,1.1960053e-07
24,67,8.0,1.54202e-07
24,67,9.0,3.6282822e-07
24,67,10.0,4.1005742e-07
24,67,11.0,7.9822576e-07
24,67,12.0,3.8758566e-07
24,67,13.0,9.6334105e-08
24,67,14.0,1.2318473e-07
24,68,0.0,9.485595e-08
24,68,1.0,9.092969e-08
24,68,2.0,2.9117206e-07
24,68,3.0,4.861911e-07
24,68,4.0,5.2378124e-07
24,68,5.0,1.1608216e-07
24,68,6.0,1.2341917e-07
24,68,7.0,8.149121e-08
24,68,8.0,3.198851e-08
24,68,9.0,1.590986e-08
24,68,10.0,3.291487e-08
24,68,11.0,1.12253645e-07
24,68,12.0,1.1564114e-07
24,68,13.0,6.914942e-08
24,68,14.0,1.3902425e-07
24,69,0.0,1.4803275e-07
24,69,1.0,4.517435e-08
24,69,2.0,4.8146404e-08
24,69,3.0,6.9937805e-08
24,69,4.0,2.6785594e-07
24,69,5.0,3.3207795e-07
24,69,6.0,2.5034882e-07
24,69,7.0,2.2989398e-07
24,69,8.0,3.440954e-07
24,69,9.0,5.555633e-07
24,69,10.0,6.8947384e-07
24,69,11.0,4.3274488e-07
24,69,12.0,2.1393656e-07
24,69,13.0,7.922364e-08
24,69,14.0,2.0865356e-08
24,70,0.0,3.462417e-07
24,70,1.0,1.4663344e-07
24,70,2.0,1.8263285e-07
24,70,3.0,1.9944293e-08
24,70,4.0,6.3319206e-08
24,70,5.0,7.0770824e-08
24,70,6.0,9.1271886e-08
24,70,7.0,1.2784827e-07
24,70,8.0,2.0817289e-07
24,70,9.0,2.6395537e-07
24,70,10.0,1.9510772e-07
24,70,11.0,1.1967603e-07
24,70,12.0,1.1223747e-07
24,70,13.0,9.945648e-08
24,70,14.0,1.18312364e-07
25,66,0.0,2.8989163e-07
25,66,1.0,1.4986097e-07
25,66,2.0,1.4168133e-07
25,66,3.0,2.6882464e-07
25,66,4.0,6.8266235e-07
25,66,5.0,5.3801153e-07
25,66,6.0,1.3449326e-07
25,66,7.0,7.359521e-08
25,66,8.0,1.0726835e-07
25,66,9.0,2.0678833e-07
25,66,10.0,3.1320775e-07
25,66,11.0,8.525687e-07
25,66,12.0,2.5345508e-07
25,66,13.0,4.1681364e-08
25,66,14.0,1.599955e-07
25,67,0.0,3.379414e-07
25,67,1.0,4.0578422e-07
25,67,2.0,2.8084182e-07
25,67,3.0,6.2086184e-07
25,67,4.0,3.316174e-07
25,67,5.0,6.218204e-08
25,67,6.0,4.7355286e-08
25,67,7.0,5.558868e-08
25,67,8.0,7.373293e-08
25,67,9.0,1.07830694e-07
25,67,10.0,2.6513305e-07
25,67,11.0,2.9203335e-07
25,67,12.0,1.6658737e-07
25,67,13.0,1.03256525e-07
25,67,14.0,4.3109754e-08
25,68,0.0,1.923129e-07
25,68,1.0,1.2216313e-07
25,68,2.0,1.6652667e-08
25,68,3.0,0.0
25,68,4.0,7.887657e-08
25,68,5.0,2.1526311e-07
25,68,6.0,1.4838452e-07
25,68,7.0,2.5516242e-08
25,68,8.0,3.025722e-07
25,68,9.0,6.835807e-07
25,68,10.0,6.716579e-08
25,68,11.0,4.7870106e-08
25,68,12.0,9.682798e-08
25,68,13.0,9.907076e-08
25,68,14.0,9.500734e-08
25,69,0.0,4.9712774e-08
25,69,1.0,3.9228465e-07
25,69,2.0,3.3517452e-08
25,69,3.0,4.0610555e-08
25,69,4.0,1.5749166e-09
25,69,5.0,1.2485203e-08
25,69,6.0,1.7523693e-07
25,69,7.0,3.3826058e-07
25,69,8.0,4.094197e-07
25,69,9.0,3.1450617e-07
25,69,10.0,2.4804994e-08
25,69,11.0,2.2277506e-08
25,69,12.0,1.7164558e-07
25,69,13.0,7.089057e-07
25,69,14.0,1.130401e-06
25,70,0.0,8.826187e-08
25,70,1.0,2.3045995e-08
25,70,2.0,1.12740475e-08
25,70,3.0,3.4588538e-07
25,70,4.0,5.490209e-08
25,70,5.0,1.7532528e-08
25,70,6.0,2.37169e-08
25,70,7.0,5.7095164e-08
25,70,8.0,2.090941e-07
25,70,9.0,2.157078e-07
25,70,10.0,1.03952104e-07
25,70,11.0,6.63625e-08
25,70,12.0,7.411845e-08
25,70,13.0,1.486615e-07
25,70,14.0,3.1933266e-07
25,71,0.0,1.430036e-07
25,71,1.0,1.4769427e-06
25,71,2.0,1.027643e-06
25,71,3.0,1.7854427e-07
25,71,4.0,6.2183943e-07
25,71,5.0,3.160449e-08
25,71,6.0,2.2094304e-07
25,71,7.0,4.9255044e-07
25,71,8.0,5.4523076e-07
25,71,9.0,3.2639363e-07
25,71,10.0,6.4300366e-08
25,71,11.0,1.6607428e-08
25,71,12.0,4.3146497e-07
25,71,13.0,1.0419714e-06
25,71,14.0,3.2712805e-07
25,72,0.0,4.1386514e-08
25,72,1.0,5.918811e-08
25,72,2.0,8.4043606e-08
25,72,3.0,3.4201484e-08
25,72,4.0,5.725538e-10
25,72,5.0,7.1213453e-09
25,72,6.0,2.7543393e-07
25,72,7.0,6.6455783e-07
25,72,8.0,8.332138e-07
25,72,9.0,3.700511e-07
25,72,10.0,1.8409116e-07
25,72,11.0,4.1582462e-07
25,72,12.0,1.9062448e-07
25,72,13.0,8.205077e-08
25,72,14.0,1.6024924e-08
25,73,0.0,2.2373798e-09
25,73,1.0,2.2360194e-07
25,73,2.0,5.19553e-08
25,73,3.0,5.453397e-08
25,73,4.0,3.5446007e-08
25,73,5.0,1.0204454e-08
25,73,6.0,1.2622073e-08
25,73,7.0,5.2303758e-08
25,73,8.0,1.7822789e-07
25,73,9.0,1.4824808e-07
25,73,10.0,6.1314745e-07
25,73,11.0,5.9399906e-07
25,73,12.0,2.3653509e-07
25,73,13.0,8.421251e-08
25,73,14.0,3.9051315e-08
26,66,0.0,2.1026509e-08
26,66,1.0,0.0
26,66,2.0,7.108132e-08
26,66,3.0,0.0
26,66,4.0,1.5756547e-07
26,66,5.0,5.2227647e-06
26,66,6.0,2.0919966e-05
26,66,7.0,3.4332563e-05
26,66,8.0,3.8692364e-05
26,66,9.0,2.666764e-05
26,66,10.0,2.3767481e-05
26,66,11.0,4.369582e-05
26,66,12.0,4.9659087e-05
26,66,13.0,4.8228037e-05
26,66,14.0,4.4420176e-05
26,67,0.0,2.3629055e-07
26,67,1.0,7.111016e-08
26,67,2.0,6.7885164e-09
26,67,3.0,1.1311275e-07
26,67,4.0,2.6628354e-07
26,67,5.0,2.0944896e-07
26,67,6.0,8.7072834e-07
26,67,7.0,1.5393422e-07
26,67,8.0,3.948931e-09
26,67,9.0,1.1428535e-07
26,67,10.0,2.8555968e-08
26,67,11.0,4.4421082e-08
26,67,12.0,4.129737e-07
26,67,13.0,1.4261699e-06
26,67,14.0,6.798871e-07
26,68,0.0,7.113852e-08
26,68,1.0,7.2300286e-09
26,68,2.0,1.7742094e-08
26,68,3.0,6.060625e-07
26,68,4.0,1.0812836e-07
26,68,5.0,7.703998e-07
26,68,6.0,1.688637e-07
26,68,7.0,6.140824e-09
26,68,8.0,5.3264437e-09
26,68,9.0,7.7934874e-11
26,68,10.0,8.409613e-08
26,68,11.0,1.3796183e-07
26,68,12.0,1.5850657e-07
26,68,13.0,1.0729297e-09
26,68,14.0,2.2319325e-07
26,69,0.0,2.2204361e-07
26,69,1.0,6.44397e-07
26,69,2.0,4.3852722e-07
26,69,3.0,4.1609584e-07
26,69,4.0,2.050345e-07
26,69,5.0,8.7324617e-07
26,69,6.0,6.40216e-08
26,69,7.0,8.622228e-08
26,69,8.0,4.7710853e-07
26,69,9.0,3.3936394e-07
26,69,10.0,5.4232327e-08
26,69,11.0,5.8915887e-08
26,69,12.0,2.3652144e-07
26,69,13.0,7.4005663e-07
26,69,14.0,1.362919e-07
26,70,0.0,1.6034589e-07
26,70,1.0,7.2051066e-08
26,70,2.0,1.2230258e-07
26,70,3.0,1.19807275e-08
26,70,4.0,6.389731e-08
26,70,5.0,1.7000308e-07
26,70,6.0,2.5422563e-07
26,70,7.0,9.317241e-08
26,70,8.0,1.7848953e-08
26,70,9.0,1.10598144e-07
26,70,10.0,2.3995696e-07
26,70,11.0,1.1829296e-07
26,70,12.0,9.838949e-08
26,70,13.0,5.1723966e-08
26,70,14.0,5.853555e-08
26,71,0.0,1.1181569e-07
26,71,1.0,2.600316e-07
26,71,2.0,1.1606828e-07
26,71,3.0,6.004853e-09
26,71,4.0,3.8247954e-08
26,71,5.0,2.2016552e-07
26,71,6.0,3.0809133e-07
26,71,7.0,3.184746e-07
26,71,8.0,4.900043e-07
26,71,9.0,5.127124e-07
26,71,10.0,2.0723023e-07
26,71,11.0,9.3201066e-08
26,71,12.0,1.6585527e-07
26,71,13.0,1.8241994e-07
26,71,14.0,2.4015625e-07
26,72,0.0,6.844089e-08
26,72,1.0,6.6596635e-07
26,72,2.0,6.9877906e-08
26,72,3.0,1.596332e-08
26,72,4.0,3.532782e-08
26,72,5.0,1.6876664e-06
26,72,6.0,4.7593494e-07
26,72,7.0,8.480056e-07
26,72,8.0,3.872066e-07
26,72,9.0,6.143182e-07
26,72,10.0,1.5612973e-06
26,72,11.0,1.2734425e-06
26,72,12.0,3.729092e-07
26,72,13.0,7.735033e-08
26,72,14.0,2.2306891e-07
26,73,0.0,6.209837e-08
26,73,1.0,3.3342533e-07
26,73,2.0,2.1414415e-07
26,73,3.0,3.7891357e-07
26,73,4.0,1.161734e-07
26,73,5.0,1.0601347e-07
26,73,6.0,2.5488526e-07
26,73,7.0,4.358102e-07
26,73,8.0,3.8655608e-07
26,73,9.0,2.712322e-07
26,73,10.0,1.9304157e-07
26,73,11.0,1.2336345e-07
26,73,12.0,1.5043136e-07
26,73,13.0,4.5131176e-07
26,73,14.0,4.878448e-07
26,74,0.0,1.0060261e-07
26,74,1.0,2.9547445e-07
26,74,2.0,7.840134e-08
26,74,3.0,6.6494286e-09
26,74,4.0,7.1659045e-08
26,74,5.0,1.8881057e-07
26,74,6.0,9.7546476e-08
26,74,7.0,3.9184958e-08
26,74,8.0,6.613159e-08
26,74,9.0,1.02584714e-07
26,74,10.0,1.8752749e-07
26,74,11.0,3.8869243e-07
26,74,12.0,3.1171305e-07
26,74,13.0,1.5159841e-07
26,74,14.0,1.7032686e-07
26,75,0.0,4.1442668e-08
26,75,1.0,9.672461e-08
26,75,2.0,9.758597e-07
26,75,3.0,3.497989e-07
26,75,4.0,2.464871e-08
26,75,5.0,9.816111e-08
26,75,6.0,4.9674287e-07
26,75,7.0,1.4240412e-07
26,75,8.0,1.996597e-08
26,75,9.0,4.791692e-09
26,75,10.0,4.2389545e-10
26,75,11.0,1.4587363e-12
26,75,12.0,2.7444992e-08
26,75,13.0,1.278546e-07
26,75,14.0,3.3491858e-09
26,76,0.0,6.5129136e-08
26,76,1.0,3.2112503e-08
26,76,2.0,1.4708401e-07
26,76,3.0,1.6134851e-07
26,76,4.0,1.2852512e-07
26,76,5.0,2.40737e-08
26,76,6.0,1.3251768e-07
26,76,7.0,1.1714892e-07
26,76,8.0,4.148397e-08
26,76,9.0,4.614097e-08
26,76,10.0,5.7301715e-08
26,76,11.0,5.0856744e-07
26,76,12.0,1.1183827e-07
26,76,13.0,1.4158887e-06
26,76,14.0,7.345148e-07
27,66,0.0,1.4013343e-09
27,66,1.0,0.0
27,66,2.0,0.0
27,66,3.0,1.2010056e-08
27,66,4.0,5.4542465e-08
27,66,5.0,1.5500145e-06
27,66,6.0,5.5862206e-06
27,66,7.0,6.55258e-06
27,66,8.0,5.8550645e-06
27,66,9.0,7.650809e-06
27,66,10.0,1.4624073e-05
27,66,11.0,1.3955584e-05
27,66,12.0,1.8689778e-05
27,66,13.0,1.2889412e-05
27,66,14.0,1.9741062e-06
27,67,0.0,5.669223e-08
27,67,1.0,2.2613035e-08
27,67,2.0,0.0
27,67,3.0,8.574314e-07
27,67,4.0,1.88971e-06
27,67,5.0,1.5118271e-05
27,67,6.0,2.4004104e-05
27,67,7.0,2.441197e-05
27,67,8.0,2.3058703e-05
27,67,9.0,2.4564695e-05
27,67,10.0,4.956019e-05
27,67,11.0,8.810326e-05
27,67,12.0,0.00010596073
27,67,13.0,9.644611e-05
27,67,14.0,8.455683e-05
27,68,0.0,6.825865e-08
27,68,1.0,0.0
27,68,2.0,0.0
27,68,3.0,8.8224255e-08
27,68,4.0,3.2842024e-06
27,68,5.0,2.728697e-06
27,68,6.0,4.4346602e-06
27,68,7.0,1.1807076e-05
27,68,8.0,2.9741066e-05
27,68,9.0,5.6521592e-05
27,68,10.0,9.800948e-05
27,68,11.0,0.00013644979
27,68,12.0,0.00012343466
27,68,13.0,9.5940304e-05
27,68,14.0,8.863497e-05
27,69,0.0,2.3530915e-11
27,69,1.0,0.0
27,69,2.0,2.0146412e-07
27,69,3.0,7.4481113e-06
27,69,4.0,9.495729e-06
27,69,5.0,2.756981e-05
27,69,6.0,5.7423636e-05
27,69,7.0,7.241081e-05
27,69,8.0,8.4915584e-05
27,69,9.0,9.2839466e-05
27,69,10.0,0.00010336197
27,69,11.0,0.00010910373
27,69,12.0,8.9154375e-05
27,69,13.0,7.693682e-05
27,69,14.0,9.294018e-05
27,70,0.0,2.0114964e-08
27,70,1.0,0.0
27,70,2.0,2.2541049e-07
27,70,3.0,3.2548162e-06
27,70,4.0,1.1347418e-05
27,70,5.0,1.3532064e-05
27,70,6.0,1.3894214e-05
27,70,7.0,2.0415528e-05
27,70,8.0,3.185711e-05
27,70,9.0,4.2051008e-05
27,70,10.0,3.699727e-05
27,70,11.0,6.5182496e-05
27,70,12.0,5.0397546e-05
27,70,13.0,2.9599358e-05
27,70,14.0,2.8562783e-05
27,71,0.0,2.4725227e-07
27,71,1.0,3.8709956e-07
27,71,2.0,9.018101e-08
27,71,3.0,1.1996548e-06
27,71,4.0,2.932475e-07
27,71,5.0,8.4650004e-08
27,71,6.0,1.0882416e-07
27,71,7.0,7.035137e-08
27,71,8.0,2.1152166e-08
27,71,9.0,0.0
27,71,10.0,1.0516382e-07
27,71,11.0,1.4189287e-07
27,71,12.0,7.458759e-07
27,71,13.0,7.65274e-07
27,71,14.0,1.1688048e-07
27,72,0.0,1.2344118e-07
27,72,1.0,7.544809e-08
27,72,2.0,4.397926e-08
27,72,3.0,1.5464602e-08
27,72,4.0,3.955943e-08
27,72,5.0,1.6947757e-07
27,72,6.0,1.8950423e-07
27,72,7.0,2.667635e-07
27,72,8.0,1.4698304e-07
27,72,9.0,2.928479e-08
27,72,10.0,6.3077e-08
27,72,11.0,1.7388054e-07
27,72,12.0,1.7914921e-07
27,72,13.0,1.00149144e-07
27,72,14.0,1.5383963e-08
27,73,0.0,6.6146185e-07
27,73,1.0,7.2051066e-08
27,73,2.0,5.4893558e-08
27,73,3.0,4.4143773e-09
27,73,4.0,4.0322774e-07
27,73,5.0,1.6575842e-06
27,73,6.0,1.0531106e-06
27,73,7.0,5.746321e-07
27,73,8.0,3.817987e-07
27,73,9.0,4.291738e-07
27,73,10.0,4.2445865e-07
27,73,11.0,1.13061404e-07
27,73,12.0,1.7670615e-07
27,73,13.0,1.958869e-07
27,73,14.0,4.1784577e-07
27,74,0.0,3.1167765e-08
27,74,1.0,1.8670526e-07
27,74,2.0,4.7076642e-07
27,74,3.0,2.557036e-06
27,74,4.0,1.7561561e-07
27,74,5.0,1.6859144e-07
27,74,6.0,1.9586183e-07
27,74,7.0,2.7101996e-07
27,74,8.0,2.8731193e-07
27,74,9.0,0.0
27,74,10.0,1.0727496e-08
27,74,11.0,2.3392184e-07
27,74,12.0,3.3097177e-07
27,74,13.0,3.7445113e-07
27,74,14.0,1.4723595e-07
27,75,0.0,4.4613503e-07
27,75,1.0,3.771203e-08
27,75,2.0,1.2003238e-07
27,75,3.0,1.2776604e-08
27,75,4.0,1.2175562e-07
27,75,5.0,1.10352346e-07
27,75,6.0,3.267014e-08
27,75,7.0,3.9489862e-08
27,75,8.0,1.0085338e-07
27,75,9.0,4.5303796e-07
27,75,10.0,3.5599882e-07
27,75,11.0,6.18945e-07
27,75,12.0,3.731294e-07
27,75,13.0,3.085999e-08
27,75,14.0,1.8737165e-09
27,76,0.0,1.4133849e-07
27,76,1.0,4.1099946e-07
27,76,2.0,1.0222462e-07
27,76,3.0,3.0487196e-11
27,76,4.0,1.8132726e-14
27,76,5.0,5.1732176e-08
27,76,6.0,1.1785183e-07
27,76,7.0,3.0685683e-08
27,76,8.0,2.4684942e-08
27,76,9.0,2.3880455e-09
27,76,10.0,3.965111e-08
27,76,11.0,6.822651e-07
27,76,12.0,3.985425e-07
27,76,13.0,3.8896527e-08
27,76,14.0,1.0850613e-09
27,77,0.0,3.351567e-07
27,77,1.0,0.0
27,77,2.0,0.0
27,77,3.0,0.0
27,77,4.0,1.8414826e-07
27,77,5.0,1.919002e-07
27,77,6.0,2.7470112e-08
27,77,7.0,8.157843e-08
27,77,8.0,2.454982e-07
27,77,9.0,1.5881595e-07
27,77,10.0,7.363749e-08
27,77,11.0,2.586183e-07
27,77,12.0,1.9498638e-07
27,77,13.0,2.2559203e-08
27,77,14.0,8.0186055e-08
27,78,0.0,4.8075183e-08
27,78,1.0,6.2285105e-10
27,78,2.0,5.7143527e-08
27,78,3.0,3.9765447e-07
27,78,4.0,4.3331107e-07
27,78,5.0,2.2216858e-07
27,78,6.0,2.3652879e-07
27,78,7.0,5.309258e-07
27,78,8.0,6.647736e-07
27,78,9.0,4.1070783e-07
27,78,10.0,5.14988e-07
27,78,11.0,2.751906e-07
27,78,12.0,0.0
27,78,13.0,0.0
27,78,14.0,0.0
28,66,0.0,8.1538126e-10
28,66,1.0,2.1222782e-10
28,66,2.0,0.0
28,66,3.0,6.888818e-09
28,66,4.0,5.2595627e-08
28,66,5.0,1.7664217e-08
28,66,6.0,1.9959609e-11
28,66,7.0,0.0
28,66,8.0,0.0
28,66,9.0,0.0
28,66,10.0,1.1538087e-09
28,66,11.0,0.0
28,66,12.0,0.0
28,66,13.0,2.3798846e-06
28,66,14.0,1.1056291e-05
28,67,0.0,4.552479e-09
28,67,1.0,2.5268713e-07
28,67,2.0,1.4113349e-08
28,67,3.0,0.0
28,67,4.0,0.0
28,67,5.0,1.184855e-06
28,67,6.0,2.919853e-06
28,67,7.0,9.1130795e-07
28,67,8.0,6.878798e-07
28,67,9.0,2.8135164e-06
28,67,10.0,1.7757542e-05
28,67,11.0,1.6647738e-05
28,67,12.0,2.4582005e-05
28,67,13.0,1.0080516e-05
28,67,14.0,1.8749622e-06
28,68,0.0,1.2088897e-08
28,68,1.0,0.0
28,68,2.0,1.545298e-10
28,68,3.0,0.0
28,68,4.0,1.5647581e-09
28,68,5.0,9.056514e-06
28,68,6.0,6.260361e-05
28,68,7.0,0.00012214303
28,68,8.0,8.198172e-05
28,68,9.0,0.00011971954
28,68,10.0,0.00013362356
28,68,11.0,0.0001109354
28,68,12.0,5.2412182e-05
28,68,13.0,6.0677085e-05
28,68,14.0,0.000103728984
28,69,0.0,1.1493228e-10
28,69,1.0,0.0
28,69,2.0,3.8532494e-07
28,69,3.0,2.6032048e-06
28,69,4.0,3.4664592e-06
28,69,5.0,3.2135453e-05
28,69,6.0,0.00012935356
28,69,7.0,0.00011180043
28,69,8.0,9.3550974e-05
28,69,9.0,0.00016770962
28,69,10.0,0.00023411195
28,69,11.0,0.00025532488
28,69,12.0,0.000139499
28,69,13.0,9.9242825e-05
28,69,14.0,0.0001604474
28,70,0.0,0.0
28,70,1.0,1.3548721e-08
28,70,2.0,1.9835581e-05
28,70,3.0,7.795304e-05
28,70,4.0,0.00020164276
28,70,5.0,0.00035911083
28,70,6.0,0.00054678536
28,70,7.0,0.00050354126
28,70,8.0,0.00050838257
28,70,9.0,0.00054878363
28,70,10.0,0.0005066285
28,70,11.0,0.00048311937
28,70,12.0,0.0004884709
28,70,13.0,0.0005707397
28,70,14.0,0.00044555002
28,71,0.0,0.0
28,71,1.0,3.2725536e-06
28,71,2.0,5.4924026e-06
28,71,3.0,2.1313957e-05
28,71,4.0,0.0001545814
28,71,5.0,0.0003202609
28,71,6.0,0.00035691587
28,71,7.0,0.00037821342
28,71,8.0,0.00035603167
28,71,9.0,0.0003911647
28,71,10.0,0.0004552425
28,71,11.0,0.00054085586
28,71,12.0,0.00057053
28,71,13.0,0.0005342552
28,71,14.0,0.00049722637
28,72,0.0,1.6661064e-05
28,72,1.0,3.1063726e-05
28,72,2.0,0.00013381836
28,72,3.0,0.00031521628
28,72,4.0,0.0004058532
28,72,5.0,0.000601473
28,72,6.0,0.00076565094
28,72,7.0,0.00062473555
28,72,8.0,0.00054728944
28,72,9.0,0.0004727046
28,72,10.0,0.00046036433
28,72,11.0,0.0005299487
28,72,12.0,0.00066531094
28,72,13.0,0.00060455845
28,72,14.0,0.00042194081
28,73,0.0,1.2498589e-05
28,73,1.0,3.6019763e-05
28,73,2.0,6.247879e-05
28,73,3.0,0.000119435506
28,73,4.0,0.00015253034
28,73,5.0,0.0001806846
28,73,6.0,0.00027677484
28,73,7.0,0.0002731816
28,73,8.0,0.0002384315
28,73,9.0,0.00023420065
28,73,10.0,0.0002363276
28,73,11.0,0.0003142767
28,73,12.0,0.0002753293
28,73,13.0,0.00021360979
28,73,14.0,0.0001931893
28,74,0.0,0.0
28,74,1.0,8.4372954e-07
28,74,2.0,3.943893e-05
28,74,3.0,0.00013784938
28,74,4.0,9.5847055e-05
28,74,5.0,0.00011358224
28,74,6.0,0.00011356882
28,74,7.0,0.00011037949
28,74,8.0,0.00014329856
28,74,9.0,0.00016302019
28,74,10.0,0.00016581656
28,74,11.0,0.00025779931
28,74,12.0,0.00013323214
28,74,13.0,8.461687e-05
28,74,14.0,9.9337776e-05
28,75,0.0,1.2314078e-07
28,75,1.0,9.7620884e-08
28,75,2.0,5.8040894e-07
28,75,3.0,2.4423214e-06
28,75,4.0,3.8173852e-07
28,75,5.0,1.3969325e-08
28,75,6.0,2.5393746e-07
28,75,7.0,2.1489792e-07
28,75,8.0,2.478947e-07
28,75,9.0,4.471841e-07
28,75,10.0,6.331787e-08
28,75,11.0,4.053475e-07
28,75,12.0,4.316672e-08
28,75,13.0,4.3710706e-08
28,75,14.0,2.9741253e-07
28,76,0.0,5.062139e-07
28,76,1.0,1.8661076e-07
28,76,2.0,0.0
28,76,3.0,2.983627e-07
28,76,4.0,3.2165423e-07
28,76,5.0,7.188635e-08
28,76,6.0,6.278441e-08
28,76,7.0,3.4097542e-07
28,76,8.0,7.1358295e-07
28,76,9.0,3.3204785e-07
28,76,10.0,2.588253e-07
28,76,11.0,2.4704053e-07
28,76,12.0,3.2119289e-07
28,76,13.0,3.899233e-07
28,76,14.0,8.9840375e-09
28,77,0.0,4.684136e-07
28,77,1.0,7.527587e-08
28,77,2.0,2.0618684e-08
28,77,3.0,4.145722e-08
28,77,4.0,2.0434256e-07
28,77,5.0,1.2224378e-07
28,77,6.0,1.161992e-07
28,77,7.0,3.0819731e-07
28,77,8.0,3.2215195e-07
28,77,9.0,4.2345374e-07
28,77,10.0,4.9338496e-08
28,77,11.0,2.0963431e-07
28,77,12.0,3.7948288e-07
28,77,13.0,1.3006293e-07
28,77,14.0,3.726185e-07
28,78,0.0,3.188926e-07
28,78,1.0,1.39835175e-08
28,78,2.0,2.3724552e-07
28,78,3.0,3.408601e-08
28,78,4.0,9.800766e-08
28,78,5.0,1.1796402e-07
28,78,6.0,8.502309e-08
28,78,7.0,1.076915e-07
28,78,8.0,1.215791e-07
28,78,9.0,1.0282707e-07
28,78,10.0,1.8808328e-07
28,78,11.0,4.885679e-07
28,78,12.0,6.0753644e-07
28,78,13.0,7.0288155e-07
28,78,14.0,7.966458e-07
28,79,0.0,1.3958479e-08
28,79,1.0,2.3504622e-07
28,79,2.0,2.2559203e-08
28,79,3.0,1.5923631e-06
28,79,4.0,1.7062726e-07
28,79,5.0,5.011756e-07
28,79,6.0,8.9725813e-07
28,79,7.0,3.5519824e-07
28,79,8.0,5.2657686e-08
28,79,9.0,1.3779847e-07
28,79,10.0,3.986177e-07
28,79,11.0,7.6939597e-07
28,79,12.0,5.9678837e-07
28,79,13.0,4.465404e-09
28,79,14.0,0.0
28,80,0.0,7.2088335e-07
28,80,1.0,1.0784251e-08
28,80,2.0,9.357408e-08
28,80,3.0,0.0
28,80,4.0,8.342574e-09
28,80,5.0,2.9867497e-08
28,80,6.0,2.6106811e-08
28,80,7.0,7.8682355e-08
28,80,8.0,1.4352352e-07
28,80,9.0,2.646663e-07
28,80,10.0,4.4274643e-07
28,80,11.0,6.108609e-07
28,80,12.0,6.4114363e-07
28,80,13.0,4.984403e-07
28,80,14.0,1.8241994e-07
28,81,0.0,3.3088234e-08
28,81,1.0,5.9714483e-07
28,81,2.0,3.0164134e-08
28,81,3.0,1.6943868e-07
28,81,4.0,1.3202406e-07
28,81,5.0,2.1510613e-07
28,81,6.0,1.5289937e-07
28,81,7.0,2.9998088e-07
28,81,8.0,1.1446408e-07
28,81,9.0,2.092781e-08
28,81,10.0,3.8662253e-07
28,81,11.0,1.813237e-06
28,81,12.0,4.5024044e-07
28,81,13.0,0.0
28,81,14.0,5.8877188e-08
28,82,0.0,1.2746786e-07
28,82,1.0,2.2151818e-08
28,82,2.0,5.540047e-08
28,82,3.0,5.072355e-07
28,82,4.0,5.7306875e-07
28,82,5.0,5.5771967e-08
28,82,6.0,3.280544e-08
28,82,7.0,6.74413e-08
28,82,8.0,1.6758494e-07
28,82,9.0,4.4839547e-07
28,82,10.0,1.5503664e-07
28,82,11.0,5.7351027e-08
28,82,12.0,3.68612e-07
28,82,13.0,6.445521e-07
28,82,14.0,1.7041506e-07
29,66,0.0,4.165416e-07
29,66,1.0,5.816442e-07
29,66,2.0,3.6857418e-07
29,66,3.0,2.2425648e-07
29,66,4.0,1.1122908e-06
29,66,5.0,7.850452e-07
29,66,6.0,7.019109e-08
29,66,7.0,4.3687557e-11
29,66,8.0,6.0455334e-09
29,66,9.0,0.0
29,66,10.0,4.2406176e-09
29,66,11.0,8.50463e-08
29,66,12.0,1.0968982e-09
29,66,13.0,0.0
29,66,14.0,4.0365553e-08
29,67,0.0,2.8218093e-07
29,67,1.0,0.0
29,67,2.0,8.191862e-07
29,67,3.0,1.5232604e-06
29,67,4.0,6.5689767e-07
29,67,5.0,2.8623763e-08
29,67,6.0,1.0236222e-07
29,67,7.0,6.476522e-08
29,67,8.0,3.9863583e-08
29,67,9.0,3.4837913e-07
29,67,10.0,4.6661032e-07
29,67,11.0,2.92149e-08
29,67,12.0,2.769785e-10
29,67,13.0,1.3647673e-09
29,67,14.0,2.2884221e-07
29,68,0.0,5.445865e-11
29,68,1.0,1.3552197e-09
29,68,2.0,2.3371487e-09
29,68,3.0,0.0
29,68,4.0,0.0
29,68,5.0,8.6415985e-09
29,68,6.0,5.8194363e-08
29,68,7.0,1.2057973e-07
29,68,8.0,0.0
29,68,9.0,0.0
29,68,10.0,0.0
29,68,11.0,2.9918814e-09
29,68,12.0,2.1213272e-07
29,68,13.0,7.1940036e-07
29,68,14.0,2.5090576e-06
29,69,0.0,9.91818e-09
29,69,1.0,3.3396896e-07
29,69,2.0,0.0
29,69,3.0,7.4184084e-07
29,69,4.0,5.481009e-06
29,69,5.0,9.482354e-06
29,69,6.0,1.328694e-05
29,69,7.0,5.8992723e-06
29,69,8.0,5.5523365e-06
29,69,9.0,9.993245e-06
29,69,10.0,1.639834e-05
29,69,11.0,3.4483488e-05
29,69,12.0,4.8262165e-05
29,69,13.0,4.4282773e-05
29,69,14.0,4.3711247e-05
29,70,0.0,0.0
29,70,1.0,0.0
29,70,2.0,0.0
29,70,3.0,6.3569096e-06
29,70,4.0,1.4949351e-05
29,70,5.0,2.7427332e-05
29,70,6.0,4.5986566e-05
29,70,7.0,3.7087895e-05
29,70,8.0,4.1319527e-05
29,70,9.0,8.095881e-05
29,70,10.0,0.00014913372
29,70,11.0,0.0001410735
29,70,12.0,0.0001461602
29,70,13.0,0.00013107155
29,70,14.0,0.00014183533
29,71,0.0,1.1676629e-08
29,71,1.0,2.6013088e-06
29,71,2.0,3.6020312e-05
29,71,3.0,0.00016030834
29,71,4.0,0.00032509517
29,71,5.0,0.00034984053
29,71,6.0,0.0004645407
29,71,7.0,0.00048351454
29,71,8.0,0.00046250457
29,71,9.0,0.00042559125
29,71,10.0,0.00044532423
29,71,11.0,0.0005375155
29,71,12.0,0.00056637457
29,71,13.0,0.0004957957
29,71,14.0,0.0004891298
29,72,0.0,1.641185e-05
29,72,1.0,2.8580595e-05
29,72,2.0,7.324438e-05
29,72,3.0,0.00021572641
29,72,4.0,0.00039553523
29,72,5.0,0.0005980377
29,72,6.0,0.00080618955
29,72,7.0,0.00068147434
29,72,8.0,0.00065688364
29,72,9.0,0.00064789894
29,72,10.0,0.00065940956
29,72,11.0,0.00090279087
29,72,12.0,0.0010947457
29,72,13.0,0.0011119596
29,72,14.0,0.00080879166
29,73,0.0,2.0998568e-05
29,73,1.0,0.000149782
29,73,2.0,0.00046872208
29,73,3.0,0.0009817665
29,73,4.0,0.0013809043
29,73,5.0,0.00198589
29,73,6.0,0.001965406
29,73,7.0,0.0018370718
29,73,8.0,0.001692571
29,73,9.0,0.0015754161
29,73,10.0,0.0015948707
29,73,11.0,0.0017045261
29,73,12.0,0.0018062989
29,73,13.0,0.0018519645
29,73,14.0,0.001475896
29,74,0.0,2.0555148e-05
29,74,1.0,0.00010322938
29,74,2.0,0.0002815953
29,74,3.0,0.0005310525
29,74,4.0,0.0008500441
29,74,5.0,0.0013044685
29,74,6.0,0.0015561916
29,74,7.0,0.001474479
29,74,8.0,0.001272645
29,74,9.0,0.0011645199
29,74,10.0,0.0011991445
29,74,11.0,0.001381428
29,74,12.0,0.0015051995
29,74,13.0,0.0015392997
29,74,14.0,0.0011959977
29,75,0.0,5.1741852e-05
29,75,1.0,0.00019595152
29,75,2.0,0.00037588086
29,75,3.0,0.00084138813
29,75,4.0,0.0014330281
29,75,5.0,0.0017083302
29,75,6.0,0.0016783475
29,75,7.0,0.0014946547
29,75,8.0,0.0011774236
29,75,9.0,0.0010362009
29,75,10.0,0.0010415872
29,75,11.0,0.0011730052
29,75,12.0,0.0013064514
29,75,13.0,0.0012381768
29,75,14.0,0.0009344673
29,76,0.0,1.3196797e-05
29,76,1.0,8.923196e-05
29,76,2.0,0.000299168
29,76,3.0,0.00050859235
29,76,4.0,0.00046683257
29,76,5.0,0.0005518107
29,76,6.0,0.00054585084
29,76,7.0,0.0005498294
29,76,8.0,0.00062199996
29,76,9.0,0.00067041075
29,76,10.0,0.0005916786
29,76,11.0,0.00042127894
29,76,12.0,0.000413182
29,76,13.0,0.0004288278
29,76,14.0,0.00033208684
29,77,0.0,1.3182424e-05
29,77,1.0,6.821021e-05
29,77,2.0,0.00023068785
29,77,3.0,0.00033036407
29,77,4.0,0.00072726666
29,77,5.0,0.00090835633
29,77,6.0,0.0006753149
29,77,7.0,0.00047376924
29,77,8.0,0.00039866212
29,77,9.0,0.0003908409
29,77,10.0,0.00041971347
29,77,11.0,0.0004365304
29,77,12.0,0.0004683446
29,77,13.0,0.00040057726
29,77,14.0,0.00037088635
29,78,0.0,2.2555301e-05
29,78,1.0,7.073789e-05
29,78,2.0,0.00011177237
29,78,3.0,0.00011847706
29,78,4.0,0.00018096121
29,78,5.0,0.00018891704
29,78,6.0,0.00017448541
29,78,7.0,0.00016154314
29,78,8.0,0.00016282947
29,78,9.0,0.00014385703
29,78,10.0,0.000101113896
29,78,11.0,0.00010726715
29,78,12.0,0.00020416608
29,78,13.0,0.00023896748
29,78,14.0,9.951474e-05
29,79,0.0,1.4568673e-07
29,79,1.0,8.023696e-06
29,79,2.0,3.0999046e-05
29,79,3.0,8.695166e-05
29,79,4.0,7.87106e-05
29,79,5.0,6.346505e-05
29,79,6.0,4.7143145e-05
29,79,7.0,3.1635198e-05
29,79,8.0,4.3939923e-05
29,79,9.0,3.35123e-05
29,79,10.0,4.3210148e-05
29,79,11.0,8.005227e-05
29,79,12.0,8.357984e-05
29,79,13.0,7.2830975e-05
29,79,14.0,4.237834e-05
29,80,0.0,3.002309e-07
29,80,1.0,5.8125045e-07
29,80,2.0,6.933504e-09
29,80,3.0,1.4958086e-06
29,80,4.0,6.434307e-07
29,80,5.0,1.0228058e-06
29,80,6.0,2.9134085e-08
29,80,7.0,0.0
29,80,8.0,1.7328224e-08
29,80,9.0,4.957767e-08
29,80,10.0,1.4896291e-07
29,80,11.0,3.4241958e-07
29,80,12.0,2.1967885e-07
29,80,13.0,3.2851565e-07
29,80,14.0,2.3458539e-07
29,81,0.0,1.8800911e-07
29,81,1.0,1.4314055e-08
29,81,2.0,0.0
29,81,3.0,4.2342382e-08
29,81,4.0,2.6862386e-07
29,81,5.0,3.0284593e-08
29,81,6.0,4.0022195e-07
29,81,7.0,0.0
29,81,8.0,6.2713944e-08
29,81,9.0,4.7735045e-07
29,81,10.0,1.1520716e-06
29,81,11.0,1.1193056e-07
29,81,12.0,1.2073698e-07
29,81,13.0,1.2236945e-06
29,81,14.0,2.951276e-07
29,82,0.0,1.5142515e-06
29,82,1.0,3.1342884e-10
29,82,2.0,1.2465102e-07
29,82,3.0,1.4658933e-09
29,82,4.0,0.0
29,82,5.0,0.0
29,82,6.0,1.2996437e-08
29,82,7.0,2.919262e-07
29,82,8.0,3.9069968e-07
29,82,9.0,7.462525e-08
29,82,10.0,1.2258412e-09
29,82,11.0,7.1703504e-08
29,82,12.0,4.8144176e-07
29,82,13.0,4.2923568e-07
29,82,14.0,4.95224e-07
29,83,0.0,8.742802e-08
29,83,1.0,0.0
29,83,2.0,2.0898946e-07
29,83,3.0,5.560976e-07
29,83,4.0,5.8954605e-08
29,83,5.0,1.4798012e-07
29,83,6.0,1.3558594e-06
29,83,7.0,7.764115e-07
29,83,8.0,1.0520722e-07
29,83,9.0,5.0601994e-08
29,83,10.0,3.7443375e-08
29,83,11.0,4.2438484e-09
29,83,12.0,3.2241124e-07
29,83,13.0,5.9411747e-07
29,83,14.0,2.7584919e-09
29,84,0.0,3.2239842e-07
29,84,1.0,8.663708e-07
29,84,2.0,9.753797e-07
29,84,3.0,7.3586205e-07
29,84,4.0,3.5646938e-08
29,84,5.0,5.557043e-09
29,84,6.0,0.0
29,84,7.0,0.0
29,84,8.0,2.0279485e-09
29,84,9.0,1.9376006e-07
29,84,10.0,3.030012e-07
29,84,11.0,1.9338863e-07
29,84,12.0,7.039482e-08
29,84,13.0,7.5789686e-10
29,84,14.0,8.512261e-09
30,66,0.0,2.8520915e-08
30,66,1.0,1.483893e-09
30,66,2.0,2.0959062e-07
30,66,3.0,1.4879585e-07
30,66,4.0,1.0161174e-07
30,66,5.0,2.103466e-07
30,66,6.0,1.6822017e-07
30,66,7.0,1.69821e-07
30,66,8.0,3.6453383e-08
30,66,9.0,4.1168545e-07
30,66,10.0,1.4788105e-07
30,66,11.0,1.5936035e-06
30,66,12.0,3.754129e-07
30,66,13.0,1.4883667e-09
30,66,14.0,1.6920973e-07
30,67,0.0,6.0273955e-08
30,67,1.0,7.822548e-07
30,67,2.0,4.135063e-07
30,67,3.0,2.9825662e-06
30,67,4.0,1.9549334e-07
30,67,5.0,8.086096e-08
30,67,6.0,3.799013e-07
30,67,7.0,1.4755867e-07
30,67,8.0,1.1495472e-07
30,67,9.0,8.348186e-09
30,67,10.0,1.4291828e-09
30,67,11.0,6.825022e-08
30,67,12.0,1.0944013e-07
30,67,13.0,6.1644755e-08
30,67,14.0,3.5465972e-09
30,68,0.0,9.59976e-07
30,68,1.0,1.1188796e-07
30,68,2.0,1.3671309e-08
30,68,3.0,9.344171e-09
30,68,4.0,3.0976363e-08
30,68,5.0,1.1696997e-06
30,68,6.0,3.280713e-07
30,68,7.0,3.4592148e-08
30,68,8.0,7.135034e-09
30,68,9.0,1.7677829e-08
30,68,10.0,2.0155184e-08
30,68,11.0,0.0
30,68,12.0,0.0
30,68,13.0,0.0
30,68,14.0,3.734113e-08
30,69,0.0,1.9642424e-07
30,69,1.0,0.0
30,69,2.0,2.4134353e-10
30,69,3.0,5.0130217e-07
30,69,4.0,9.4198066e-07
30,69,5.0,1.866221e-06
30,69,6.0,1.5221802e-07
30,69,7.0,3.524932e-07
30,69,8.0,4.6928005e-07
30,69,9.0,7.8316896e-07
30,69,10.0,4.7464928e-07
30,69,11.0,7.8956e-07
30,69,12.0,1.9017769e-07
30,69,13.0,2.4577314e-08
30,69,14.0,1.4948745e-07
30,70,0.0,0.0
30,70,1.0,0.0
30,70,2.0,2.0208821e-08
30,70,3.0,2.5667646e-08
30,70,4.0,2.7033475e-10
30,70,5.0,0.0
30,70,6.0,2.0003527e-10
30,70,7.0,4.2532665e-06
30,70,8.0,6.1156516e-06
30,70,9.0,2.307923e-06
30,70,10.0,1.1731868e-06
30,70,11.0,7.4761974e-06
30,70,12.0,2.0687688e-05
30,70,13.0,8.606649e-06
30,70,14.0,1.9304248e-06
30,71,0.0,2.9733901e-10
30,71,1.0,2.7442661e-08
30,71,2.0,7.108276e-08
30,71,3.0,1.5968818e-06
30,71,4.0,1.3838371e-05
30,71,5.0,2.3942948e-05
30,71,6.0,1.2383675e-05
30,71,7.0,8.564704e-06
30,71,8.0,1.9358831e-06
30,71,9.0,1.3310599e-06
30,71,10.0,2.5620202e-05
30,71,11.0,4.270692e-05
30,71,12.0,2.40567e-05
30,71,13.0,1.9784618e-05
30,71,14.0,4.4295874e-05
30,72,0.0,2.7391183e-05
30,72,1.0,6.6176344e-06
30,72,2.0,5.0338618e-05
30,72,3.0,0.00015898123
30,72,4.0,0.00030497563
30,72,5.0,0.00035286014
30,72,6.0,0.00036205197
30,72,7.0,0.0002561317
30,72,8.0,0.0003117896
30,72,9.0,0.0003382072
30,72,10.0,0.00042321003
30,72,11.0,0.0004264281
30,72,12.0,0.00044053682
30,72,13.0,0.00042363958
30,72,14.0,0.00029832785
30,73,0.0,1.6519964e-05
30,73,1.0,8.2068924e-05
30,73,2.0,0.0002444509
30,73,3.0,0.00035018678
30,73,4.0,0.00063088274
30,73,5.0,0.0010405795
30,73,6.0,0.0010759165
30,73,7.0,0.0009957595
30,73,8.0,0.0009465559
30,73,9.0,0.0009519525
30,73,10.0,0.00094707735
30,73,11.0,0.0013619147
30,73,12.0,0.0012587584
30,73,13.0,0.0010752986
30,73,14.0,0.000941884
30,74,0.0,8.11883e-05
30,74,1.0,0.0004889572
30,74,2.0,0.0014684615
30,74,3.0,0.002746514
30,74,4.0,0.003905713
30,74,5.0,0.0052091703
30,74,6.0,0.005267494
30,74,7.0,0.004455684
30,74,8.0,0.0040186765
30,74,9.0,0.0040544444
30,74,10.0,0.0043998957
30,74,11.0,0.00481391
30,74,12.0,0.0049041556
30,74,13.0,0.0049042627
30,74,14.0,0.0042822044
30,75,0.0,0.00020285
30,75,1.0,0.00082910334
30,75,2.0,0.0022528174
30,75,3.0,0.0055287066
30,75,4.0,0.0059422585
30,75,5.0,0.0073930738
30,75,6.0,0.00733898
30,75,7.0,0.0060613775
30,75,8.0,0.0053166794
30,75,9.0,0.0055512427
30,75,10.0,0.005031385
30,75,11.0,0.005675152
30,75,12.0,0.0058507295
30,75,13.0,0.005651897
30,75,14.0,0.0047678654
30,76,0.0,0.001211444
30,76,1.0,0.00269579
30,76,2.0,0.0056020143
30,76,3.0,0.009461687
30,76,4.0,0.013258252
30,76,5.0,0.01558174
30,76,6.0,0.015102686
30,76,7.0,0.011318592
30,76,8.0,0.008807974
30,76,9.0,0.008379012
30,76,10.0,0.009632968
30,76,11.0,0.0107156355
30,76,12.0,0.010208656
30,76,13.0,0.009776393
30,76,14.0,0.008077899
30,77,0.0,0.0011526485
30,77,1.0,0.0027240035
30,77,2.0,0.005858736
30,77,3.0,0.009583856
30,77,4.0,0.01248009
30,77,5.0,0.013161148
30,77,6.0,0.011809243
30,77,7.0,0.010050932
30,77,8.0,0.008743413
30,77,9.0,0.007947767
30,77,10.0,0.008055034
30,77,11.0,0.009245565
30,77,12.0,0.009294366
30,77,13.0,0.00866007
30,77,14.0,0.007124425
30,78,0.0,0.0027194603
30,78,1.0,0.0057233153
30,78,2.0,0.01101648
30,78,3.0,0.013843566
30,78,4.0,0.016754111
30,78,5.0,0.017186355
30,78,6.0,0.016999394
30,78,7.0,0.01284938
30,78,8.0,0.009520279
30,78,9.0,0.009124025
30,78,10.0,0.009255931
30,78,11.0,0.009728416
30,78,12.0,0.010166826
30,78,13.0,0.010574168
30,78,14.0,0.00828373
30,79,0.0,0.00086419145
30,79,1.0,0.002237007
30,79,2.0,0.0038763916
30,79,3.0,0.0058189165
30,79,4.0,0.006671724
30,79,5.0,0.006437483
30,79,6.0,0.00618883
30,79,7.0,0.0052087097
30,79,8.0,0.0043959063
30,79,9.0,0.003918544
30,79,10.0,0.0042749704
30,79,11.0,0.004243973
30,79,12.0,0.0044294777
30,79,13.0,0.0043702144
30,79,14.0,0.0034206123
30,80,0.0,0.00045275816
30,80,1.0,0.00096069317
30,80,2.0,0.0014309749
30,80,3.0,0.0023204908
30,80,4.0,0.0024092945
30,80,5.0,0.0021899703
30,80,6.0,0.0021495607
30,80,7.0,0.0016092365
30,80,8.0,0.0012452825
30,80,9.0,0.001187525
30,80,10.0,0.0016416876
30,80,11.0,0.001447501
30,80,12.0,0.0014061872
30,80,13.0,0.0012617673
30,80,14.0,0.0010573441
30,81,0.0,4.4831604e-06
30,81,1.0,7.0791916e-06
30,81,2.0,3.1994707e-05
30,81,3.0,4.2624113e-05
30,81,4.0,5.2553623e-05
30,81,5.0,3.9619812e-05
30,81,6.0,5.6759203e-05
30,81,7.0,6.557529e-05
30,81,8.0,4.5499677e-05
30,81,9.0,3.9686198e-05
30,81,10.0,5.4293458e-05
30,81,11.0,8.624531e-05
30,81,12.0,7.79806e-05
30,81,13.0,5.638947e-05
30,81,14.0,4.198545e-05
30,82,0.0,1.6316298e-07
30,82,1.0,9.129337e-08
30,82,2.0,3.178788e-07
30,82,3.0,7.590309e-08
30,82,4.0,6.2723286e-13
30,82,5.0,2.6021874e-09
30,82,6.0,1.3954292e-07
30,82,7.0,2.4256252e-07
30,82,8.0,7.905441e-07
30,82,9.0,7.9310695e-07
30,82,10.0,2.5108267e-07
30,82,11.0,2.7427754e-07
30,82,12.0,1.8882326e-07
30,82,13.0,1.944359e-07
30,82,14.0,9.75182e-07
30,83,0.0,9.711379e-08
30,83,1.0,1.4405557e-06
30,83,2.0,2.239473e-07
30,83,3.0,2.5201947e-08
30,83,4.0,1.7059159e-07
30,83,5.0,2.2694528e-07
30,83,6.0,1.036552e-07
30,83,7.0,1.7439248e-07
30,83,8.0,4.235672e-07
30,83,9.0,9.318699e-07
30,83,10.0,3.8351678e-07
30,83,11.0,6.408493e-08
30,83,12.0,4.9252122e-08
30,83,13.0,1.4194425e-10
30,83,14.0,5.1174607e-07
30,84,0.0,9.4027774e-07
30,84,1.0,3.256876e-08
30,84,2.0,1.6259499e-10
30,84,3.0,1.7264989e-07
30,84,4.0,3.451697e-08
30,84,5.0,5.560793e-08
30,84,6.0,4.365502e-08
30,84,7.0,4.2064997e-08
30,84,8.0,5.0683727e-08
30,84,9.0,1.1117626e-07
30,84,10.0,2.217777e-07
30,84,11.0,1.8778312e-07
30,84,12.0,9.122554e-08
30,84,13.0,6.101775e-08
30,84,14.0,1.7083961e-07
30,85,0.0,4.8779606e-07
30,85,1.0,8.8530435e-08
30,85,2.0,1.0961321e-09
30,85,3.0,0.0
30,85,4.0,6.9152053e-09
30,85,5.0,7.5875095e-10
30,85,6.0,2.3119332e-08
30,85,7.0,1.4076677e-07
30,85,8.0,4.9878975e-07
30,85,9.0,1.0024986e-06
30,85,10.0,5.580011e-07
30,85,11.0,3.653377e-08
30,85,12.0,6.187684e-17
30,85,13.0,0.0
30,85,14.0,5.687247e-08
30,86,0.0,9.86099e-08
30,86,1.0,3.0632432e-07
30,86,2.0,2.4381328e-07
30,86,3.0,3.6252882e-07
30,86,4.0,4.3938402e-07
30,86,5.0,3.0764397e-07
30,86,6.0,2.4436085e-07
30,86,7.0,1.4074504e-07
30,86,8.0,9.600071e-08
30,86,9.0,8.865132e-08
30,86,10.0,9.953601e-08
30,86,11.0,1.6785363e-07
30,86,12.0,2.4714424e-07
30,86,13.0,1.4939086e-07
30,86,14.0,1.12251834e-08
31,67,0.0,2.1163533e-08
31,67,1.0,1.5542418e-09
31,67,2.0,3.2468668e-07
31,67,3.0,1.2266261e-07
31,67,4.0,1.2251742e-07
31,67,5.0,7.4097215e-08
31,67,6.0,9.488262e-08
31,67,7.0,9.364535e-08
31,67,8.0,3.3164888e-08
31,67,9.0,1.4719275e-07
31,67,10.0,3.2773247e-07
31,67,11.0,1.2060367e-06
31,67,12.0,6.404764e-08
31,67,13.0,1.6712565e-09
31,67,14.0,4.1591701e-07
31,68,0.0,9.4513744e-08
31,68,1.0,0.0
31,68,2.0,8.47518e-08
31,68,3.0,1.9490213e-07
31,68,4.0,0.0
31,68,5.0,1.0498738e-06
31,68,6.0,5.04343e-07
31,68,7.0,1.0705819e-06
31,68,8.0,4.692522e-07
31,68,9.0,3.177821e-07
31,68,10.0,2.2092696e-07
31,68,11.0,1.6104329e-07
31,68,12.0,8.937109e-08
31,68,13.0,2.2671292e-08
31,68,14.0,2.2467964e-07
31,69,0.0,2.5965925e-09
31,69,1.0,0.0
31,69,2.0,1.01722115e-07
31,69,3.0,4.998485e-08
31,69,4.0,1.4280083e-07
31,69,5.0,2.6901995e-08
31,69,6.0,4.0489914e-07
31,69,7.0,5.2305285e-07
31,69,8.0,2.2600524e-07
31,69,9.0,2.6457144e-07
31,69,10.0,4.06372e-07
31,69,11.0,3.1071354e-09
31,69,12.0,0.0
31,69,13.0,1.1906257e-08
31,69,14.0,3.0703904e-07
31,70,0.0,1.5407007e-07
31,70,1.0,2.1648161e-06
31,70,2.0,3.419204e-07
31,70,3.0,8.7056424e-07
31,70,4.0,1.1059672e-06
31,70,5.0,1.1861123e-06
31,70,6.0,2.1946077e-07
31,70,7.0,2.6013993e-07
31,70,8.0,3.2261536e-08
31,70,9.0,6.937672e-08
31,70,10.0,5.5150302e-08
31,70,11.0,7.4623756e-08
31,70,12.0,2.8084182e-07
31,70,13.0,2.0438742e-07
31,70,14.0,2.571102e-07
31,71,0.0,2.9683414e-07
31,71,1.0,8.9087666e-07
31,71,2.0,1.5338157e-08
31,71,3.0,3.0634172e-07
31,71,4.0,2.1551747e-08
31,71,5.0,9.159756e-07
31,71,6.0,1.2256329e-07
31,71,7.0,7.553055e-08
31,71,8.0,8.164257e-08
31,71,9.0,3.1935565e-07
31,71,10.0,4.0593784e-07
31,71,11.0,9.015745e-08
31,71,12.0,5.1567778e-08
31,71,13.0,2.9789335e-08
31,71,14.0,7.0758754e-09
31,72,0.0,0.0
31,72,1.0,4.312462e-07
31,72,2.0,1.5947975e-07
31,72,3.0,5.893695e-10
31,72,4.0,8.705885e-09
31,72,5.0,1.8287132e-08
31,72,6.0,2.8858794e-08
31,72,7.0,1.0065744e-07
31,72,8.0,1.0809882e-06
31,72,9.0,3.185784e-06
31,72,10.0,4.36715e-06
31,72,11.0,3.1775953e-06
31,72,12.0,1.7489024e-06
31,72,13.0,1.2959259e-06
31,72,14.0,4.159261e-07
31,73,0.0,4.9240764e-08
31,73,1.0,0.0
31,73,2.0,1.1355551e-08
31,73,3.0,1.0974136e-06
31,73,4.0,1.897306e-05
31,73,5.0,5.291676e-05
31,73,6.0,4.654188e-05
31,73,7.0,4.397684e-05
31,73,8.0,4.4486504e-05
31,73,9.0,4.4316064e-05
31,73,10.0,4.4774584e-05
31,73,11.0,4.7218127e-05
31,73,12.0,4.7603142e-05
31,73,13.0,3.9118313e-05
31,73,14.0,2.4830451e-05
31,74,0.0,1.7514318e-06
31,74,1.0,1.3790706e-06
31,74,2.0,1.448923e-05
31,74,3.0,5.358523e-05
31,74,4.0,0.00011502867
31,74,5.0,0.00027126636
31,74,6.0,0.0003374603
31,74,7.0,0.00036782562
31,74,8.0,0.00035651855
31,74,9.0,0.0003325444
31,74,10.0,0.00027414775
31,74,11.0,0.00021370745
31,74,12.0,0.0002572483
31,74,13.0,0.00032393503
31,74,14.0,0.0003146203
31,75,0.0,8.1725964e-05
31,75,1.0,0.00015009037
31,75,2.0,0.0005209283
31,75,3.0,0.0012659755
31,75,4.0,0.0017983174
31,75,5.0,0.0025788757
31,75,6.0,0.002440874
31,75,7.0,0.0017278589
31,75,8.0,0.0013958977
31,75,9.0,0.0013888921
31,75,10.0,0.0016445986
31,75,11.0,0.0020237274
31,75,12.0,0.002292442
31,75,13.0,0.0023806344
31,75,14.0,0.0020070611
31,76,0.0,0.00026792707
31,76,1.0,0.0007054831
31,76,2.0,0.00159508
31,76,3.0,0.0030349891
31,76,4.0,0.0037442679
31,76,5.0,0.004952782
31,76,6.0,0.004782741
31,76,7.0,0.0039161253
31,76,8.0,0.0034592275
31,76,9.0,0.0034306166
31,76,10.0,0.0036675227
31,76,11.0,0.004064412
31,76,12.0,0.004483158
31,76,13.0,0.0045079743
31,76,14.0,0.004054815
31,77,0.0,0.001300601
31,77,1.0,0.0027150828
31,77,2.0,0.005630804
31,77,3.0,0.009359653
31,77,4.0,0.012362711
31,77,5.0,0.01390344
31,77,6.0,0.013387477
31,77,7.0,0.010877058
31,77,8.0,0.00844196
31,77,9.0,0.007834647
31,77,10.0,0.008269378
31,77,11.0,0.009849871
31,77,12.0,0.011748029
31,77,13.0,0.01128317
31,77,14.0,0.009345769
31,78,0.0,0.001821381
31,78,1.0,0.003961092
31,78,2.0,0.0074661765
31,78,3.0,0.011356233
31,78,4.0,0.016487505
31,78,5.0,0.017026259
31,78,6.0,0.016522689
31,78,7.0,0.0148702655
31,78,8.0,0.0127664665
31,78,9.0,0.012168022
31,78,10.0,0.01298148
31,78,11.0,0.013347093
31,78,12.0,0.014050206
31,78,13.0,0.014500869
31,78,14.0,0.013697882
31,79,0.0,0.004631123
31,79,1.0,0.0095741665
31,79,2.0,0.018917173
31,79,3.0,0.030604007
31,79,4.0,0.038494118
31,79,5.0,0.039148416
31,79,6.0,0.033362594
31,79,7.0,0.026156154
31,79,8.0,0.022102052
31,79,9.0,0.020912377
31,79,10.0,0.021505479
31,79,11.0,0.023472633
31,79,12.0,0.024667578
31,79,13.0,0.023214228
31,79,14.0,0.019646537
31,80,0.0,0.0037199394
31,80,1.0,0.0050430237
31,80,2.0,0.010111766
31,80,3.0,0.015716936
31,80,4.0,0.021080993
31,80,5.0,0.021523856
31,80,6.0,0.019381672
31,80,7.0,0.016922386
31,80,8.0,0.01508527
31,80,9.0,0.0141393775
31,80,10.0,0.014141903
31,80,11.0,0.015342742
31,80,12.0,0.01551708
31,80,13.0,0.013220804
31,80,14.0,0.012095299
31,81,0.0,0.0013360011
31,81,1.0,0.0027839202
31,81,2.0,0.0056459424
31,81,3.0,0.008612098
31,81,4.0,0.008840664
31,81,5.0,0.008504335
31,81,6.0,0.007636061
31,81,7.0,0.006284093
31,81,8.0,0.0056822156
31,81,9.0,0.0054658623
31,81,10.0,0.005546643
31,81,11.0,0.005643847
31,81,12.0,0.0062757144
31,81,13.0,0.00602503
31,81,14.0,0.005255401
31,82,0.0,6.7132954e-05
31,82,1.0,0.00024946363
31,82,2.0,0.00044292436
31,82,3.0,0.00042092078
31,82,4.0,0.0005172466
31,82,5.0,0.0006374522
31,82,6.0,0.0006347317
31,82,7.0,0.00053465256
31,82,8.0,0.000531021
31,82,9.0,0.00057825
31,82,10.0,0.00065812725
31,82,11.0,0.00071492133
31,82,12.0,0.0009296504
31,82,13.0,0.0010099778
31,82,14.0,0.0006215787
31,83,0.0,2.1765647e-05
31,83,1.0,2.8252014e-05
31,83,2.0,1.5490956e-05
31,83,3.0,2.7332735e-05
31,83,4.0,4.0371757e-05
31,83,5.0,5.384181e-05
31,83,6.0,9.029929e-05
31,83,7.0,7.659847e-05
31,83,8.0,6.0113387e-05
31,83,9.0,6.234065e-05
31,83,10.0,0.00010503322
31,83,11.0,0.00012561597
31,83,12.0,0.00016362751
31,83,13.0,0.00019879744
31,83,14.0,0.00013138137
31,84,0.0,0.0
31,84,1.0,1.7457684e-07
31,84,2.0,4.1333124e-07
31,84,3.0,0.0
31,84,4.0,0.0
31,84,5.0,2.5529658e-07
31,84,6.0,2.8205882e-06
31,84,7.0,1.664651e-06
31,84,8.0,6.3274234e-07
31,84,9.0,5.8566485e-07
31,84,10.0,1.2804385e-06
31,84,11.0,1.6389938e-06
31,84,12.0,2.390546e-06
31,84,13.0,1.3741455e-06
31,84,14.0,5.067202e-07
31,85,0.0,1.3147069e-07
31,85,1.0,8.3904894e-08
31,85,2.0,4.1451806e-08
31,85,3.0,3.0996164e-10
31,85,4.0,8.324657e-08
31,85,5.0,2.513269e-08
31,85,6.0,1.8776232e-07
31,85,7.0,3.2598595e-09
31,85,8.0,0.0
31,85,9.0,6.039429e-10
31,85,10.0,7.129346e-08
31,85,11.0,3.7729285e-07
31,85,12.0,6.979509e-07
31,85,13.0,9.2640244e-07
31,85,14.0,1.2791423e-06
31,86,0.0,3.4414228e-07
31,86,1.0,2.4255291e-07
31,86,2.0,1.2717935e-07
31,86,3.0,0.0
31,86,4.0,2.5365663e-08
31,86,5.0,2.0151614e-07
31,86,6.0,7.06812e-07
31,86,7.0,1.4188237e-06
31,86,8.0,1.3152876e-06
31,86,9.0,7.0906646e-07
31,86,10.0,3.762393e-08
31,86,11.0,1.5591731e-09
31,86,12.0,2.0628076e-07
31,86,13.0,9.044398e-07
31,86,14.0,8.6097174e-07
31,87,0.0,3.6377976e-09
31,87,1.0,3.7805137e-07
31,87,2.0,3.839611e-07
31,87,3.0,9.972089e-07
31,87,4.0,3.7954715e-07
31,87,5.0,5.5408685e-07
31,87,6.0,3.1900865e-07
31,87,7.0,8.234496e-08
31,87,8.0,1.06415285e-07
31,87,9.0,7.601097e-08
31,87,10.0,7.3355696e-14
31,87,11.0,3.3076217e-10
31,87,12.0,2.1894915e-07
31,87,13.0,2.88444e-07
31,87,14.0,4.1646578e-07
31,88,0.0,4.0653023e-09
31,88,1.0,3.3647126e-07
31,88,2.0,1.11273984e-07
31,88,3.0,1.1221495e-06
31,88,4.0,6.3494014e-07
31,88,5.0,3.2477442e-07
31,88,6.0,1.01317994e-07
31,88,7.0,1.3279092e-07
31,88,8.0,2.5158067e-07
31,88,9.0,1.9893099e-07
31,88,10.0,5.444704e-08
31,88,11.0,6.543661e-09
31,88,12.0,8.290387e-09
31,88,13.0,5.9743397e-09
31,88,14.0,8.367909e-09
31,89,0.0,1.7377948e-06
31,89,1.0,3.012203e-08
31,89,2.0,6.3964034e-10
31,89,3.0,7.260735e-10
31,89,4.0,1.2665682e-06
31,89,5.0,7.9324525e-07
31,89,6.0,3.5750736e-07
31,89,7.0,1.3363235e-07
31,89,8.0,1.4821397e-08
31,89,9.0,4.603762e-08
31,89,10.0,7.441275e-07
31,89,11.0,2.5947688e-06
31,89,12.0,3.8345786e-07
31,89,13.0,4.463079e-07
31,89,14.0,5.484726e-08
32,69,0.0,1.8694665e-07
32,69,1.0,5.287161e-07
32,69,2.0,6.3497805e-07
32,69,3.0,4.7812307e-07
32,69,4.0,4.133953e-08
32,69,5.0,0.0
32,69,6.0,1.8119288e-12
32,69,7.0,7.389644e-08
32,69,8.0,2.422073e-07
32,69,9.0,4.3643215e-07
32,69,10.0,2.2209097e-07
32,69,11.0,2.0932369e-08
32,69,12.0,7.238805e-08
32,69,13.0,1.1490744e-07
32,69,14.0,8.245284e-09
32,70,0.0,2.8548e-08
32,70,1.0,1.8325476e-07
32,70,2.0,1.8545124e-07
32,70,3.0,1.7015011e-06
32,70,4.0,6.510144e-08
32,70,5.0,4.5019416e-07
32,70,6.0,2.9550114e-07
32,70,7.0,4.401256e-07
32,70,8.0,1.1692962e-07
32,70,9.0,4.6590557e-08
32,70,10.0,1.7549624e-07
32,70,11.0,9.99379e-08
32,70,12.0,2.618154e-07
32,70,13.0,4.2334833e-08
32,70,14.0,1.930333e-07
32,71,0.0,2.4185372e-08
32,71,1.0,8.272043e-08
32,71,2.0,1.721786e-08
32,71,3.0,1.2357314e-08
32,71,4.0,2.671042e-07
32,71,5.0,7.4811294e-07
32,71,6.0,1.7781068e-07
32,71,7.0,5.91041e-08
32,71,8.0,5.232217e-07
32,71,9.0,8.2854046e-07
32,71,10.0,6.8227143e-07
32,71,11.0,2.3306708e-07
32,71,12.0,5.836712e-08
32,71,13.0,2.557647e-07
32,71,14.0,1.9254519e-07
32,72,0.0,2.1978794e-07
32,72,1.0,5.0856227e-07
32,72,2.0,3.5806104e-07
32,72,3.0,8.0721185e-07
32,72,4.0,3.611844e-08
32,72,5.0,3.7131647e-07
32,72,6.0,5.5149815e-07
32,72,7.0,1.1166097e-06
32,72,8.0,4.10526e-07
32,72,9.0,2.350274e-07
32,72,10.0,1.0288817e-07
32,72,11.0,3.8887228e-07
32,72,12.0,7.981034e-08
32,72,13.0,8.24005e-08
32,72,14.0,2.6382799e-07
32,73,0.0,5.925811e-08
32,73,1.0,9.708436e-08
32,73,2.0,2.3704361e-07
32,73,3.0,1.3906991e-08
32,73,4.0,3.928261e-09
32,73,5.0,6.713502e-09
32,73,6.0,0.0
32,73,7.0,0.0
32,73,8.0,9.2507e-11
32,73,9.0,0.0
32,73,10.0,5.7419605e-08
32,73,11.0,2.1077784e-07
32,73,12.0,2.7935048e-08
32,73,13.0,2.8534986e-08
32,73,14.0,2.6912824e-07
32,74,0.0,2.2807379e-08
32,74,1.0,1.6236296e-06
32,74,2.0,3.5004132e-07
32,74,3.0,5.3189416e-07
32,74,4.0,4.8176673e-07
32,74,5.0,1.194624e-06
32,74,6.0,9.007951e-08
32,74,7.0,8.041704e-08
32,74,8.0,4.1081753e-07
32,74,9.0,7.4010075e-07
32,74,10.0,2.2526171e-08
32,74,11.0,0.0
32,74,12.0,0.0
32,74,13.0,3.079883e-09
32,74,14.0,3.864019e-08
32,75,0.0,1.1176946e-05
32,75,1.0,4.657485e-06
32,75,2.0,1.5297264e-05
32,75,3.0,4.6704692e-05
32,75,4.0,4.441377e-05
32,75,5.0,5.0277653e-05
32,75,6.0,6.5786044e-05
32,75,7.0,8.7189655e-05
32,75,8.0,9.337249e-05
32,75,9.0,9.3093935e-05
32,75,10.0,8.877614e-05
32,75,11.0,7.833166e-05
32,75,12.0,7.6017444e-05
32,75,13.0,5.7870464e-05
32,75,14.0,5.7924666e-05
32,76,0.0,7.189221e-05
32,76,1.0,9.836529e-05
32,76,2.0,0.00029666963
32,76,3.0,0.00024575213
32,76,4.0,0.0003308977
32,76,5.0,0.00037110213
32,76,6.0,0.00042678148
32,76,7.0,0.0004283182
32,76,8.0,0.00040145876
32,76,9.0,0.00037396976
32,76,10.0,0.00041165762
32,76,11.0,0.0005848155
32,76,12.0,0.0006434627
32,76,13.0,0.0006964552
32,76,14.0,0.0006263302
32,77,0.0,0.0001445147
32,77,1.0,0.00046333662
32,77,2.0,0.0005465308
32,77,3.0,0.0008634409
32,77,4.0,0.0014058432
32,77,5.0,0.0015021266
32,77,6.0,0.0012727026
32,77,7.0,0.0010358125
32,77,8.0,0.0010798533
32,77,9.0,0.0012603626
32,77,10.0,0.0013723207
32,77,11.0,0.0018737522
32,77,12.0,0.0018996546
32,77,13.0,0.0018035988
32,77,14.0,0.0017691433
32,78,0.0,0.001064361
32,78,1.0,0.0019822016
32,78,2.0,0.0034481362
32,78,3.0,0.0039830427
32,78,4.0,0.0049543255
32,78,5.0,0.0064299377
32,78,6.0,0.0060216947
32,78,7.0,0.0046839695
32,78,8.0,0.004007853
32,78,9.0,0.0047029397
32,78,10.0,0.0053102877
32,78,11.0,0.006112401
32,78,12.0,0.006618085
32,78,13.0,0.007105511
32,78,14.0,0.00713955
32,79,0.0,0.0046738028
32,79,1.0,0.007266389
32,79,2.0,0.009506456
32,79,3.0,0.014283502
32,79,4.0,0.01663006
32,79,5.0,0.01618062
32,79,6.0,0.01550382
32,79,7.0,0.014375715
32,79,8.0,0.014778429
32,79,9.0,0.014839483
32,79,10.0,0.014334225
32,79,11.0,0.016460245
32,79,12.0,0.016530724
32,79,13.0,0.016699392
32,79,14.0,0.01729788
32,80,0.0,0.014255989
32,80,1.0,0.023628924
32,80,2.0,0.037235126
32,80,3.0,0.05240346
32,80,4.0,0.057623267
32,80,5.0,0.05766868
32,80,6.0,0.054274667
32,80,7.0,0.043596417
32,80,8.0,0.03838495
32,80,9.0,0.03901505
32,80,10.0,0.040472545
32,80,11.0,0.042243958
32,80,12.0,0.04369524
32,80,13.0,0.044680923
32,80,14.0,0.043996982
32,81,0.0,0.018409895
32,81,1.0,0.02717656
32,81,2.0,0.03866938
32,81,3.0,0.049039755
32,81,4.0,0.058116186
32,81,5.0,0.05983984
32,81,6.0,0.058603287
32,81,7.0,0.052235957
32,81,8.0,0.044550188
32,81,9.0,0.04438168
32,81,10.0,0.04295062
32,81,11.0,0.0439597
32,81,12.0,0.04502395
32,81,13.0,0.04163541
32,81,14.0,0.040880796
32,82,0.0,0.016064597
32,82,1.0,0.023079347
32,82,2.0,0.03353119
32,82,3.0,0.040769827
32,82,4.0,0.045903478
32,82,5.0,0.044344883
32,82,6.0,0.043011308
32,82,7.0,0.03715509
32,82,8.0,0.031678323
32,82,9.0,0.031147614
32,82,10.0,0.029764578
32,82,11.0,0.032569285
32,82,12.0,0.033161554
32,82,13.0,0.03031018
32,82,14.0,0.027857473
32,83,0.0,0.0057749623
32,83,1.0,0.006233894
32,83,2.0,0.008905908
32,83,3.0,0.011232582
32,83,4.0,0.013128311
32,83,5.0,0.014015882
32,83,6.0,0.013783051
32,83,7.0,0.011603488
32,83,8.0,0.010329631
32,83,9.0,0.010266573
32,83,10.0,0.009747581
32,83,11.0,0.010045488
32,83,12.0,0.0098307645
32,83,13.0,0.00963301
32,83,14.0,0.009090242
32,84,0.0,0.0017695281
32,84,1.0,0.0016312026
32,84,2.0,0.0021683138
32,84,3.0,0.0030960909
32,84,4.0,0.0034374208
32,84,5.0,0.0033470136
32,84,6.0,0.003279634
32,84,7.0,0.002942877
32,84,8.0,0.0024653815
32,84,9.0,0.0025851268
32,84,10.0,0.0028034018
32,84,11.0,0.0028889133
32,84,12.0,0.002666377
32,84,13.0,0.0024508534
32,84,14.0,0.0019484274
32,85,0.0,0.00023372912
32,85,1.0,0.0005789459
32,85,2.0,0.00040232777
32,85,3.0,0.00040370427
32,85,4.0,0.0004676886
32,85,5.0,0.0004588072
32,85,6.0,0.00044296306
32,85,7.0,0.00044907987
32,85,8.0,0.00045899002
32,85,9.0,0.00047074523
32,85,10.0,0.000537259
32,85,11.0,0.0005769039
32,85,12.0,0.00053190964
32,85,13.0,0.00050999754
32,85,14.0,0.0005113487
32,86,0.0,6.8921196e-05
32,86,1.0,3.835402e-05
32,86,2.0,5.0415187e-05
32,86,3.0,1.2032243e-05
32,86,4.0,7.045536e-07
32,86,5.0,5.6866797e-06
32,86,6.0,1.9898329e-05
32,86,7.0,2.4636602e-05
32,86,8.0,2.662839e-05
32,86,9.0,3.1960815e-05
32,86,10.0,4.505875e-05
32,86,11.0,5.846236e-05
32,86,12.0,4.2920445e-05
32,86,13.0,6.406961e-05
32,86,14.0,6.253072e-05
32,87,0.0,1.219439e-07
32,87,1.0,1.6908317e-06
32,87,2.0,2.6824543e-07
32,87,3.0,5.495673e-07
32,87,4.0,6.911261e-08
32,87,5.0,1.2031401e-08
32,87,6.0,5.8226233e-09
32,87,7.0,2.653006e-08
32,87,8.0,7.2933545e-08
32,87,9.0,1.4269671e-08
32,87,10.0,3.6766343e-09
32,87,11.0,2.7339679e-11
32,87,12.0,2.2873844e-07
32,87,13.0,1.7785401e-06
32,87,14.0,4.5070445e-09
32,88,0.0,1.6928574e-07
32,88,1.0,3.163571e-08
32,88,2.0,3.896054e-08
32,88,3.0,5.3771964e-07
32,88,4.0,3.9436688e-07
32,88,5.0,1.2884247e-07
32,88,6.0,9.422831e-08
32,88,7.0,5.815344e-08
32,88,8.0,1.97768e-07
32,88,9.0,3.9902463e-07
32,88,10.0,7.2640724e-08
32,88,11.0,0.0
32,88,12.0,0.0
32,88,13.0,9.111529e-09
32,88,14.0,2.6819533e-08
32,89,0.0,8.8011996e-07
32,89,1.0,0.0
32,89,2.0,5.5586016e-09
32,89,3.0,2.2235008e-07
32,89,4.0,3.097586e-07
32,89,5.0,6.2134475e-08
32,89,6.0,2.4102994e-07
32,89,7.0,1.38130005e-08
32,89,8.0,0.0
32,89,9.0,3.3897376e-07
32,89,10.0,1.3579357e-07
32,89,11.0,7.679087e-10
32,89,12.0,2.039714e-07
32,89,13.0,0.0
32,89,14.0,0.0
32,90,0.0,4.2347673e-07
32,90,1.0,4.664901e-08
32,90,2.0,1.5254543e-07
32,90,3.0,1.12517725e-07
32,90,4.0,2.2087237e-08
32,90,5.0,2.0958648e-08
32,90,6.0,5.8458916e-08
32,90,7.0,3.2967512e-07
32,90,8.0,5.85381e-07
32,90,9.0,2.9569046e-07
32,90,10.0,4.1873532e-11
32,90,11.0,1.5868956e-07
32,90,12.0,1.2326376e-07
32,90,13.0,1.2151575e-07
32,90,14.0,4.4890374e-08
32,91,0.0,1.2863165e-06
32,91,1.0,1.0781116e-07
32,91,2.0,3.44661e-07
32,91,3.0,3.5160946e-07
32,91,4.0,2.2858835e-08
32,91,5.0,1.4615689e-07
32,91,6.0,2.1612239e-07
32,91,7.0,5.6567444e-08
32,91,8.0,1.615574e-07
32,91,9.0,2.7308627e-07
32,91,10.0,9.688321e-08
32,91,11.0,1.2312978e-08
32,91,12.0,1.0976361e-08
32,91,13.0,1.5462809e-10
32,91,14.0,6.307167e-08
33,72,0.0,1.6055475e-07
33,72,1.0,5.4046546e-07
33,72,2.0,6.8290495e-07
33,72,3.0,6.92571e-08
33,72,4.0,1.7229716e-08
33,72,5.0,0.0
33,72,6.0,5.2425055e-09
33,72,7.0,6.7987976e-08
33,72,8.0,1.3864776e-07
33,72,9.0,6.9418356e-08
33,72,10.0,5.986456e-09
33,72,11.0,4.499026e-08
33,72,12.0,9.5424596e-08
33,72,13.0,9.430915e-08
33,72,14.0,1.3976133e-07
33,73,0.0,1.8060263e-07
33,73,1.0,8.528791e-08
33,73,2.0,3.7346194e-08
33,73,3.0,2.9966364e-07
33,73,4.0,5.2898713e-07
33,73,5.0,1.9019865e-07
33,73,6.0,0.0
33,73,7.0,0.0
33,73,8.0,5.023201e-09
33,73,9.0,7.0134554e-10
33,73,10.0,3.9399588e-11
33,73,11.0,9.913505e-09
33,73,12.0,4.320622e-09
33,73,13.0,1.7066474e-08
33,73,14.0,4.163756e-08
33,74,0.0,1.9898094e-09
33,74,1.0,2.8987392e-09
33,74,2.0,7.750732e-08
33,74,3.0,8.5673076e-07
33,74,4.0,6.7991834e-07
33,74,5.0,2.8523903e-07
33,74,6.0,6.132986e-08
33,74,7.0,2.1868865e-07
33,74,8.0,9.25969e-07
33,74,9.0,1.6566055e-06
33,74,10.0,1.781343e-06
33,74,11.0,5.0050363e-07
33,74,12.0,7.471556e-08
33,74,13.0,5.7013516e-08
33,74,14.0,1.5258568e-07
33,75,0.0,0.0
33,75,1.0,3.0421138e-08
33,75,2.0,1.0074618e-08
33,75,3.0,0.0
33,75,4.0,3.8912757e-09
33,75,5.0,1.7328159e-09
33,75,6.0,4.5190802e-07
33,75,7.0,9.3137595e-07
33,75,8.0,1.3913186e-06
33,75,9.0,1.5022414e-06
33,75,10.0,5.311673e-07
33,75,11.0,1.7975909e-09
33,75,12.0,2.5362093e-07
33,75,13.0,5.4924037e-08
33,75,14.0,1.1751436e-07
33,76,0.0,6.25821e-07
33,76,1.0,1.612994e-07
33,76,2.0,2.0719459e-07
33,76,3.0,1.7336787e-07
33,76,4.0,1.7908262e-07
33,76,5.0,5.477731e-07
33,76,6.0,4.544907e-07
33,76,7.0,3.8061177e-07
33,76,8.0,3.6202877e-07
33,76,9.0,4.6084685e-07
33,76,10.0,3.6386353e-07
33,76,11.0,0.0
33,76,12.0,0.0
33,76,13.0,1.0286322e-08
33,76,14.0,4.1507676e-08
33,77,0.0,1.4225772e-07
33,77,1.0,1.6021872e-07
33,77,2.0,0.0
33,77,3.0,0.0
33,77,4.0,0.0
33,77,5.0,0.0
33,77,6.0,2.0085835e-09
33,77,7.0,1.9874946e-08
33,77,8.0,1.16383845e-07
33,77,9.0,4.0228102e-07
33,77,10.0,5.249103e-07
33,77,11.0,3.1576305e-06
33,77,12.0,6.51614e-06
33,77,13.0,7.658103e-06
33,77,14.0,6.1174605e-06
33,78,0.0,5.02958e-06
33,78,1.0,5.471515e-06
33,78,2.0,1.7765524e-05
33,78,3.0,1.285009e-05
33,78,4.0,1.3085241e-05
33,78,5.0,1.6347642e-05
33,78,6.0,2.2744198e-05
33,78,7.0,2.2056434e-05
33,78,8.0,1.9488989e-05
33,78,9.0,2.5148134e-05
33,78,10.0,3.7662336e-05
33,78,11.0,1.781787e-05
33,78,12.0,1.0733183e-05
33,78,13.0,1.0808976e-05
33,78,14.0,1.6808044e-05
33,79,0.0,6.2358624e-05
33,79,1.0,5.020416e-05
33,79,2.0,0.0001895376
33,79,3.0,0.00029665214
33,79,4.0,0.0003065188
33,79,5.0,0.00032884293
33,79,6.0,0.00033579912
33,79,7.0,0.00024479846
33,79,8.0,0.00030114246
33,79,9.0,0.00044232293
33,79,10.0,0.0005897947
33,79,11.0,0.000527282
33,79,12.0,0.0005449576
33,79,13.0,0.0005882057
33,79,14.0,0.0005886944
33,80,0.0,0.0016933384
33,80,1.0,0.0022478555
33,80,2.0,0.0032529687
33,80,3.0,0.003937999
33,80,4.0,0.004365209
33,80,5.0,0.004415475
33,80,6.0,0.0040133684
33,80,7.0,0.0036775046
33,80,8.0,0.003985262
33,80,9.0,0.0048839822
33,80,10.0,0.0050293235
33,80,11.0,0.0056080353
33,80,12.0,0.0063198563
33,80,13.0,0.006346622
33,80,14.0,0.0061735106
33,81,0.0,0.010134527
33,81,1.0,0.012544818
33,81,2.0,0.017654726
33,81,3.0,0.022075452
33,81,4.0,0.026643576
33,81,5.0,0.027412375
33,81,6.0,0.027010383
33,81,7.0,0.024907865
33,81,8.0,0.023390457
33,81,9.0,0.0224398
33,81,10.0,0.022957848
33,81,11.0,0.024815004
33,81,12.0,0.025304932
33,81,13.0,0.02575126
33,81,14.0,0.026105821
33,82,0.0,0.021946348
33,82,1.0,0.030807568
33,82,2.0,0.03945173
33,82,3.0,0.051149283
33,82,4.0,0.057723332
33,82,5.0,0.056994773
33,82,6.0,0.05710919
33,82,7.0,0.05667299
33,82,8.0,0.05404172
33,82,9.0,0.052478883
33,82,10.0,0.049849015
33,82,11.0,0.04974495
33,82,12.0,0.052036762
33,82,13.0,0.05419434
33,82,14.0,0.055263028
33,83,0.0,0.03344332
33,83,1.0,0.045669988
33,83,2.0,0.061040025
33,83,3.0,0.07527131
33,83,4.0,0.084700115
33,83,5.0,0.08620152
33,83,6.0,0.08387587
33,83,7.0,0.080359876
33,83,8.0,0.076643094
33,83,9.0,0.073420465
33,83,10.0,0.06907457
33,83,11.0,0.06688201
33,83,12.0,0.07030289
33,83,13.0,0.07232142
33,83,14.0,0.06866573
33,84,0.0,0.02656676
33,84,1.0,0.034458257
33,84,2.0,0.041124668
33,84,3.0,0.049724672
33,84,4.0,0.055100165
33,84,5.0,0.05654942
33,84,6.0,0.05486039
33,84,7.0,0.05264722
33,84,8.0,0.050412074
33,84,9.0,0.047795057
33,84,10.0,0.0450734
33,84,11.0,0.044543415
33,84,12.0,0.0436023
33,84,13.0,0.04177672
33,84,14.0,0.04054836
33,85,0.0,0.0135748545
33,85,1.0,0.016359042
33,85,2.0,0.02152967
33,85,3.0,0.026516648
33,85,4.0,0.027178818
33,85,5.0,0.027252218
33,85,6.0,0.026334634
33,85,7.0,0.024858158
33,85,8.0,0.023977935
33,85,9.0,0.023058537
33,85,10.0,0.02357988
33,85,11.0,0.021747539
33,85,12.0,0.020375459
33,85,13.0,0.018909778
33,85,14.0,0.01801056
33,86,0.0,0.0037465412
33,86,1.0,0.005193939
33,86,2.0,0.0061347247
33,86,3.0,0.007874828
33,86,4.0,0.008609096
33,86,5.0,0.008542831
33,86,6.0,0.008495101
33,86,7.0,0.008419025
33,86,8.0,0.00806823
33,86,9.0,0.007444958
33,86,10.0,0.007150426
33,86,11.0,0.007233799
33,86,12.0,0.0076034283
33,86,13.0,0.0073947925
33,86,14.0,0.0061682267
33,87,0.0,0.001214501
33,87,1.0,0.0012446793
33,87,2.0,0.0016663073
33,87,3.0,0.0015860766
33,87,4.0,0.0017129035
33,87,5.0,0.0018348941
33,87,6.0,0.0017947804
33,87,7.0,0.0017635009
33,87,8.0,0.0018675071
33,87,9.0,0.0019518939
33,87,10.0,0.0017998304
33,87,11.0,0.001552002
33,87,12.0,0.0016771826
33,87,13.0,0.0018410961
33,87,14.0,0.0017346438
33,88,0.0,0.00015598883
33,88,1.0,7.0135706e-05
33,88,2.0,0.00018015312
33,88,3.0,0.00023070985
33,88,4.0,0.00020238096
33,88,5.0,0.00020142824
33,88,6.0,0.00023664963
33,88,7.0,0.00028490988
33,88,8.0,0.00029875594
33,88,9.0,0.0002470984
33,88,10.0,0.00018660637
33,88,11.0,0.00021315341
33,88,12.0,0.00024597513
33,88,13.0,0.00020230387
33,88,14.0,0.00012243874
33,89,0.0,1.623644e-05
33,89,1.0,4.425902e-06
33,89,2.0,2.8561244e-05
33,89,3.0,4.3739918e-05
33,89,4.0,3.4303346e-05
33,89,5.0,3.0507084e-05
33,89,6.0,3.2655284e-05
33,89,7.0,2.5441179e-05
33,89,8.0,1.3374055e-05
33,89,9.0,4.1382746e-06
33,89,10.0,3.818634e-06
33,89,11.0,1.6714466e-05
33,89,12.0,3.6432262e-05
33,89,13.0,3.808697e-05
33,89,14.0,4.170212e-05
33,90,0.0,1.7191294e-08
33,90,1.0,8.7229694e-08
33,90,2.0,1.9077453e-08
33,90,3.0,0.0
33,90,4.0,2.4443486e-07
33,90,5.0,9.209838e-07
33,90,6.0,1.4668888e-06
33,90,7.0,7.2524415e-07
33,90,8.0,3.3230705e-07
33,90,9.0,1.796934e-06
33,90,10.0,3.6079266e-06
33,90,11.0,1.8861698e-06
33,90,12.0,7.470371e-07
33,90,13.0,6.2069086e-07
33,90,14.0,2.1968863e-06
33,91,0.0,4.0966563e-09
33,91,1.0,0.0
33,91,2.0,0.0
33,91,3.0,0.0
33,91,4.0,0.0
33,91,5.0,0.0
33,91,6.0,2.1495078e-10
33,91,7.0,7.2859294e-08
33,91,8.0,3.3613947e-08
33,91,9.0,4.5496876e-08
33,91,10.0,6.7705884e-07
33,91,11.0,2.1686985e-08
33,91,12.0,0.0
33,91,13.0,2.295157e-09
33,91,14.0,1.7739671e-07
33,92,0.0,1.8207548e-09
33,92,1.0,0.0
33,92,2.0,1.9710703e-07
33,92,3.0,2.3011667e-07
33,92,4.0,9.4825566e-07
33,92,5.0,4.1996938e-07
33,92,6.0,4.7268222e-07
33,92,7.0,5.755318e-07
33,92,8.0,1.6800573e-07
33,92,9.0,3.552525e-08
33,92,10.0,4.168177e-07
33,92,11.0,2.9904438e-08
33,92,12.0,4.3240482e-09
33,92,13.0,6.605733e-08
33,92,14.0,2.110979e-08
33,93,0.0,3.8400092e-08
33,93,1.0,2.735372e-07
33,93,2.0,2.9951673e-07
33,93,3.0,2.5217565e-07
33,93,4.0,1.1097906e-07
33,93,5.0,1.9184748e-08
33,93,6.0,5.5965522e-08
33,93,7.0,4.4054925e-08
33,93,8.0,5.0694144e-08
33,93,9.0,1.2213442e-07
33,93,10.0,3.699219e-07
33,93,11.0,1.641392e-08
33,93,12.0,0.0
33,93,13.0,1.0309733e-08
33,93,14.0,3.2205057e-07
33,94,0.0,1.3578195e-08
33,94,1.0,9.563484e-08
33,94,2.0,1.0002052e-06
33,94,3.0,7.101236e-07
33,94,4.0,4.2188125e-07
33,94,5.0,1.7204394e-07
33,94,6.0,4.1243982e-08
33,94,7.0,1.3218232e-08
33,94,8.0,5.2100862e-08
33,94,9.0,4.643586e-09
33,94,10.0,0.0
33,94,11.0,2.880703e-07
33,94,12.0,2.1732654e-07
33,94,13.0,8.30731e-11
33,94,14.0,1.4934336e-07
33,95,0.0,1.6924858e-07
33,95,1.0,8.0765494e-07
33,95,2.0,2.7369995e-07
33,95,3.0,3.0416564e-07
33,95,4.0,4.024219e-07
33,95,5.0,1.6965939e-07
33,95,6.0,2.340602e-08
33,95,7.0,5.5097615e-10
33,95,8.0,2.1289521e-09
33,95,9.0,2.6752511e-08
33,95,10.0,2.0036127e-07
33,95,11.0,3.42827e-07
33,95,12.0,6.963823e-07
33,95,13.0,5.2888083e-07
33,95,14.0,4.5932273e-07
34,74,0.0,2.3446219e-07
34,74,1.0,8.356678e-07
34,74,2.0,2.132311e-07
34,74,3.0,1.0799775e-08
34,74,4.0,4.0462513e-09
34,74,5.0,9.202245e-08
34,74,6.0,9.261596e-08
34,74,7.0,6.21383e-07
34,74,8.0,1.412042e-06
34,74,9.0,1.1005965e-06
34,74,10.0,2.8844877e-07
34,74,11.0,4.9543836e-08
34,74,12.0,4.6303823e-09
34,74,13.0,1.4291004e-08
34,74,14.0,1.6076623e-08
34,75,0.0,2.1128575e-07
34,75,1.0,1.4721185e-08
34,75,2.0,7.491178e-09
34,75,3.0,7.28838e-09
34,75,4.0,2.3013424e-08
34,75,5.0,2.5658406e-07
34,75,6.0,4.009406e-07
34,75,7.0,2.59612e-07
34,75,8.0,1.8801906e-07
34,75,9.0,5.8218e-08
34,75,10.0,3.5646053e-07
34,75,11.0,6.171652e-07
34,75,12.0,2.1812242e-07
34,75,13.0,4.062926e-08
34,75,14.0,3.956731e-08
34,76,0.0,6.756829e-07
34,76,1.0,6.673356e-07
34,76,2.0,5.7701146e-07
34,76,3.0,0.0
34,76,4.0,1.3748758e-07
34,76,5.0,9.451723e-10
34,76,6.0,3.0348993e-10
34,76,7.0,4.9782514e-08
34,76,8.0,3.7010334e-08
34,76,9.0,4.3150738e-08
34,76,10.0,4.2919755e-08
34,76,11.0,4.8194826e-10
34,76,12.0,4.1533767e-08
34,76,13.0,1.1904937e-07
34,76,14.0,1.7219962e-08
34,77,0.0,6.397626e-08
34,77,1.0,2.200737e-06
34,77,2.0,5.4403915e-07
34,77,3.0,2.8938623e-06
34,77,4.0,4.4234886e-07
34,77,5.0,1.9353234e-07
34,77,6.0,5.367283e-07
34,77,7.0,8.6205904e-07
34,77,8.0,2.5918538e-08
34,77,9.0,6.371139e-08
34,77,10.0,1.7726438e-07
34,77,11.0,5.798108e-07
34,77,12.0,5.016752e-07
34,77,13.0,3.4956742e-07
34,77,14.0,1.5637595e-07
34,78,0.0,1.1043706e-08
34,78,1.0,3.1704001e-13
34,78,2.0,1.6505713e-07
34,78,3.0,1.9796059e-07
34,78,4.0,8.636547e-10
34,78,5.0,0.0
34,78,6.0,3.1892564e-09
34,78,7.0,3.0238244e-08
34,78,8.0,0.0
34,78,9.0,0.0
34,78,10.0,0.0
34,78,11.0,3.8417137e-16
34,78,12.0,3.580094e-11
34,78,13.0,1.0389257e-08
34,78,14.0,1.1151274e-07
34,79,0.0,6.944486e-08
34,79,1.0,1.7330528e-08
34,79,2.0,4.0216097e-09
34,79,3.0,2.1239437e-09
34,79,4.0,0.0
34,79,5.0,0.0
34,79,6.0,1.1045425e-08
34,79,7.0,1.2706034e-06
34,79,8.0,6.816917e-06
34,79,9.0,8.725174e-06
34,79,10.0,7.95562e-06
34,79,11.0,7.409193e-06
34,79,12.0,5.708596e-06
34,79,13.0,5.7261495e-06
34,79,14.0,4.6776563e-06
34,80,0.0,0.00018401194
34,80,1.0,0.00015448943
34,80,2.0,0.00023086686
34,80,3.0,0.000305145
34,80,4.0,0.00021803442
34,80,5.0,0.00017404795
34,80,6.0,0.00014644183
34,80,7.0,0.00014232639
34,80,8.0,0.00017391713
34,80,9.0,0.00019741137
34,80,10.0,0.00039121532
34,80,11.0,0.00038461806
34,80,12.0,0.00040956322
34,80,13.0,0.00044467978
34,80,14.0,0.00047797774
34,81,0.0,0.002629352
34,81,1.0,0.0027940704
34,81,2.0,0.003177681
34,81,3.0,0.004183569
34,81,4.0,0.0037097023
34,81,5.0,0.0034685351
34,81,6.0,0.0034942874
34,81,7.0,0.003786201
34,81,8.0,0.0037267192
34,81,9.0,0.0039064414
34,81,10.0,0.0042926194
34,81,11.0,0.004426967
34,81,12.0,0.0048538833
34,81,13.0,0.0055249464
34,81,14.0,0.0071794544
34,82,0.0,0.013329539
34,82,1.0,0.01690576
34,82,2.0,0.019266214
34,82,3.0,0.021395965
34,82,4.0,0.02016708
34,82,5.0,0.020779572
34,82,6.0,0.021889577
34,82,7.0,0.02249052
34,82,8.0,0.023285331
34,82,9.0,0.0238824
34,82,10.0,0.023569552
34,82,11.0,0.024326073
34,82,12.0,0.026054591
34,82,13.0,0.027689688
34,82,14.0,0.03405275
34,83,0.0,0.05133504
34,83,1.0,0.05200181
34,83,2.0,0.05629862
34,83,3.0,0.059708964
34,83,4.0,0.059325792
34,83,5.0,0.06179703
34,83,6.0,0.06437731
34,83,7.0,0.067344025
34,83,8.0,0.06856011
34,83,9.0,0.065813
34,83,10.0,0.06739286
34,83,11.0,0.06784846
34,83,12.0,0.07229203
34,83,13.0,0.078453444
34,83,14.0,0.08997205
34,84,0.0,0.11887199
34,84,1.0,0.12943834
34,84,2.0,0.13221548
34,84,3.0,0.13887696
34,84,4.0,0.14354312
34,84,5.0,0.14803095
34,84,6.0,0.15111876
34,84,7.0,0.15771647
34,84,8.0,0.16384076
34,84,9.0,0.15878026
34,84,10.0,0.14882095
34,84,11.0,0.15086265
34,84,12.0,0.15264176
34,84,13.0,0.15952508
34,84,14.0,0.17387263
34,85,0.0,0.1556739
34,85,1.0,0.1535004
34,85,2.0,0.15244927
34,85,3.0,0.15842852
34,85,4.0,0.16211872
34,85,5.0,0.16441101
34,85,6.0,0.16580358
34,85,7.0,0.16707838
34,85,8.0,0.16582504
34,85,9.0,0.16114531
34,85,10.0,0.16019079
34,85,11.0,0.16079527
34,85,12.0,0.15917371
34,85,13.0,0.15992096
34,85,14.0,0.16418152
34,86,0.0,0.13163383
34,86,1.0,0.12777618
34,86,2.0,0.12625046
34,86,3.0,0.12629078
34,86,4.0,0.12792864
34,86,5.0,0.12916961
34,86,6.0,0.13925473
34,86,7.0,0.1413946
34,86,8.0,0.13484603
34,86,9.0,0.13188441
34,86,10.0,0.12830572
34,86,11.0,0.12484569
34,86,12.0,0.12092404
34,86,13.0,0.11375505
34,86,14.0,0.11551109
34,87,0.0,0.081403464
34,87,1.0,0.08235019
34,87,2.0,0.074484184
34,87,3.0,0.07427121
34,87,4.0,0.07275384
34,87,5.0,0.07073863
34,87,6.0,0.073393255
34,87,7.0,0.076375045
34,87,8.0,0.0765512
34,87,9.0,0.07577523
34,87,10.0,0.07263924
34,87,11.0,0.069253616
34,87,12.0,0.06336896
34,87,13.0,0.058612432
34,87,14.0,0.05888833
34,88,0.0,0.031663235
34,88,1.0,0.029132565
34,88,2.0,0.028685795
34,88,3.0,0.02757934
34,88,4.0,0.027772313
34,88,5.0,0.029028285
34,88,6.0,0.028521182
34,88,7.0,0.0270058
34,88,8.0,0.026102016
34,88,9.0,0.027000908
34,88,10.0,0.025800932
34,88,11.0,0.023451831
34,88,12.0,0.022440232
34,88,13.0,0.020754915
34,88,14.0,0.019939234
34,89,0.0,0.0074291253
34,89,1.0,0.0074832854
34,89,2.0,0.007383245
34,89,3.0,0.007187495
34,89,4.0,0.0071745254
34,89,5.0,0.0066052973
34,89,6.0,0.006674086
34,89,7.0,0.006861019
34,89,8.0,0.006980812
34,89,9.0,0.0070084245
34,89,10.0,0.006217504
34,89,11.0,0.0057389475
34,89,12.0,0.005972391
34,89,13.0,0.005233392
34,89,14.0,0.0048145903
34,90,0.0,0.0015261495
34,90,1.0,0.0012105634
34,90,2.0,0.0012152635
34,90,3.0,0.0012320606
34,90,4.0,0.001108658
34,90,5.0,0.0011228225
34,90,6.0,0.0010696132
34,90,7.0,0.0009830996
34,90,8.0,0.0009251051
34,90,9.0,0.00096827024
34,90,10.0,0.0010544531
34,90,11.0,0.0010801363
34,90,12.0,0.0012784841
34,90,13.0,0.0014212506
34,90,14.0,0.0012901705
34,91,0.0,8.4532374e-05
34,91,1.0,0.00011681852
34,91,2.0,8.205007e-05
34,91,3.0,0.00011680332
34,91,4.0,0.00011319019
34,91,5.0,0.00011632807
34,91,6.0,0.00015387368
34,91,7.0,0.000143581
34,91,8.0,0.00016813682
34,91,9.0,0.00017425999
34,91,10.0,0.00011532145
34,91,11.0,0.00013402777
34,91,12.0,0.00015807943
34,91,13.0,0.00017607976
34,91,14.0,0.00014838917
34,92,0.0,7.238337e-06
34,92,1.0,6.0348816e-07
34,92,2.0,7.915059e-06
34,92,3.0,1.1730226e-05
34,92,4.0,1.6223697e-05
34,92,5.0,6.286203e-06
34,92,6.0,1.0928563e-06
34,92,7.0,7.6950926e-08
34,92,8.0,4.1434205e-08
34,92,9.0,5.422387e-07
34,92,10.0,6.3460366e-06
34,92,11.0,1.4286421e-06
34,92,12.0,1.811447e-08
34,92,13.0,2.9562438e-08
34,92,14.0,3.4461404e-08
34,93,0.0,5.6633336e-08
34,93,1.0,1.9719385e-08
34,93,2.0,8.026248e-08
34,93,3.0,3.345114e-10
34,93,4.0,0.0
34,93,5.0,6.698993e-08
34,93,6.0,2.030174e-07
34,93,7.0,1.4345449e-07
34,93,8.0,1.2083194e-07
34,93,9.0,1.2472304e-07
34,93,10.0,1.2179994e-07
34,93,11.0,4.4933964e-07
34,93,12.0,1.0708033e-06
34,93,13.0,4.097182e-07
34,93,14.0,7.0813e-08
34,94,0.0,1.146384e-08
34,94,1.0,1.2902521e-10
34,94,2.0,5.830076e-07
34,94,3.0,1.2919113e-06
34,94,4.0,6.370869e-07
34,94,5.0,3.8986227e-07
34,94,6.0,2.0970323e-07
34,94,7.0,1.2705033e-07
34,94,8.0,1.09024576e-07
34,94,9.0,1.3977774e-07
34,94,10.0,2.2955518e-08
34,94,11.0,1.3105485e-11
34,94,12.0,3.4263863e-07
34,94,13.0,5.593172e-07
34,94,14.0,3.16664e-07
34,95,0.0,4.008408e-08
34,95,1.0,2.859876e-08
34,95,2.0,2.2901618e-08
34,95,3.0,1.5546227e-07
34,95,4.0,4.926469e-07
34,95,5.0,1.528298e-07
34,95,6.0,2.6499428e-08
34,95,7.0,1.1832388e-08
34,95,8.0,6.120114e-08
34,95,9.0,3.7285415e-07
34,95,10.0,7.053628e-07
34,95,11.0,3.3210935e-07
34,95,12.0,1.5781238e-08
34,95,13.0,4.1130703e-09
34,95,14.0,2.7807917e-07
34,96,0.0,2.2345014e-07
34,96,1.0,4.560639e-07
34,96,2.0,3.6431933e-07
34,96,3.0,6.2910395e-08
34,96,4.0,1.4469159e-10
34,96,5.0,2.634053e-11
34,96,6.0,6.681898e-08
34,96,7.0,5.8877055e-07
34,96,8.0,7.681355e-07
34,96,9.0,3.3232803e-07
34,96,10.0,1.2850181e-07
34,96,11.0,1.5042589e-07
34,96,12.0,1.9991388e-07
34,96,13.0,1.2069155e-07
34,96,14.0,6.142728e-08
35,77,0.0,3.2377682e-07
35,77,1.0,5.2971075e-08
35,77,2.0,3.107969e-07
35,77,3.0,2.533026e-08
35,77,4.0,2.2402735e-07
35,77,5.0,8.2942773e-07
35,77,6.0,8.5626795e-07
35,77,7.0,9.625567e-07
35,77,8.0,8.3086667e-07
35,77,9.0,4.2479346e-07
35,77,10.0,2.528735e-07
35,77,11.0,8.281635e-07
35,77,12.0,7.763251e-07
35,77,13.0,1.3023082e-06
35,77,14.0,3.0323682e-07
35,78,0.0,2.8328888e-08
35,78,1.0,3.4694693e-07
35,78,2.0,2.0974012e-07
35,78,3.0,1.7303434e-07
35,78,4.0,6.952729e-07
35,78,5.0,3.1623395e-07
35,78,6.0,1.0535549e-07
35,78,7.0,3.084106e-07
35,78,8.0,1.6823433e-06
35,78,9.0,3.01792e-06
35,78,10.0,6.95421e-07
35,78,11.0,3.7822085e-07
35,78,12.0,5.6446686e-07
35,78,13.0,7.6433747e-07
35,78,14.0,1.2496337e-06
35,79,0.0,4.0293526e-07
35,79,1.0,5.367408e-07
35,79,2.0,2.6655357e-08
35,79,3.0,2.1580769e-07
35,79,4.0,2.1465141e-07
35,79,5.0,8.014846e-07
35,79,6.0,1.0473477e-06
35,79,7.0,7.8761025e-07
35,79,8.0,1.0947851e-06
35,79,9.0,1.7671435e-06
35,79,10.0,9.470415e-09
35,79,11.0,1.5233919e-08
35,79,12.0,1.131381e-07
35,79,13.0,1.4432398e-07
35,79,14.0,2.5346276e-07
35,80,0.0,7.0630733e-07
35,80,1.0,6.530954e-08
35,80,2.0,3.1357965e-07
35,80,3.0,9.86538e-07
35,80,4.0,1.4086407e-06
35,80,5.0,6.2964126e-08
35,80,6.0,9.572578e-08
35,80,7.0,5.6620195e-07
35,80,8.0,3.947783e-07
35,80,9.0,1.3304908e-09
35,80,10.0,7.315817e-10
35,80,11.0,9.330248e-07
35,80,12.0,8.1268223e-07
35,80,13.0,3.528267e-07
35,80,14.0,2.0018412e-07
35,81,0.0,1.6208077e-07
35,81,1.0,3.2364548e-07
35,81,2.0,3.972858e-06
35,81,3.0,6.626487e-07
35,81,4.0,5.6729576e-08
35,81,5.0,8.430429e-08
35,81,6.0,7.279857e-07
35,81,7.0,9.618354e-06
35,81,8.0,1.7437673e-05
35,81,9.0,1.0429658e-05
35,81,10.0,2.9942414e-05
35,81,11.0,2.9666127e-05
35,81,12.0,2.9424375e-05
35,81,13.0,3.7288526e-05
35,81,14.0,5.703257e-05
35,82,0.0,0.00011993551
35,82,1.0,0.00019321113
35,82,2.0,0.00024123395
35,82,3.0,0.00022423828
35,82,4.0,0.00023733958
35,82,5.0,0.00039217045
35,82,6.0,0.0004445949
35,82,7.0,0.0002846981
35,82,8.0,0.00029946785
35,82,9.0,0.00048073116
35,82,10.0,0.0004614595
35,82,11.0,0.0005197544
35,82,12.0,0.00068165414
35,82,13.0,0.0008590353
35,82,14.0,0.0009624716
35,83,0.0,0.0020136074
35,83,1.0,0.001839722
35,83,2.0,0.0023141697
35,83,3.0,0.0023420227
35,83,4.0,0.002743187
35,83,5.0,0.002604765
35,83,6.0,0.002740501
35,83,7.0,0.0032254932
35,83,8.0,0.0036993336
35,83,9.0,0.004188925
35,83,10.0,0.0041950196
35,83,11.0,0.0039824676
35,83,12.0,0.0042859754
35,83,13.0,0.004719152
35,83,14.0,0.0055584675
35,84,0.0,0.012217638
35,84,1.0,0.013654807
35,84,2.0,0.013324954
35,84,3.0,0.012456044
35,84,4.0,0.013755095
35,84,5.0,0.01417756
35,84,6.0,0.01506401
35,84,7.0,0.017376995
35,84,8.0,0.018100543
35,84,9.0,0.018053401
35,84,10.0,0.020446023
35,84,11.0,0.022315154
35,84,12.0,0.021845272
35,84,13.0,0.022903696
35,84,14.0,0.030081436
35,85,0.0,0.057327878
35,85,1.0,0.060136437
35,85,2.0,0.056745753
35,85,3.0,0.058306906
35,85,4.0,0.06352615
35,85,5.0,0.07089662
35,85,6.0,0.067103684
35,85,7.0,0.06993304
35,85,8.0,0.079313256
35,85,9.0,0.08366864
35,85,10.0,0.07717635
35,85,11.0,0.07474679
35,85,12.0,0.08074748
35,85,13.0,0.089147255
35,85,14.0,0.101435974
35,86,0.0,0.1243342
35,86,1.0,0.11660351
35,86,2.0,0.12022609
35,86,3.0,0.12635973
35,86,4.0,0.13271405
35,86,5.0,0.13590726
35,86,6.0,0.14055963
35,86,7.0,0.14863175
35,86,8.0,0.15629835
35,86,9.0,0.15250137
35,86,10.0,0.14680307
35,86,11.0,0.14621592
35,86,12.0,0.14835933
35,86,13.0,0.15313518
35,86,14.0,0.16996412
35,87,0.0,0.18052974
35,87,1.0,0.18378872
35,87,2.0,0.1836884
35,87,3.0,0.18223178
35,87,4.0,0.19274393
35,87,5.0,0.20066836
35,87,6.0,0.20698848
35,87,7.0,0.21348949
35,87,8.0,0.21605305
35,87,9.0,0.20913436
35,87,10.0,0.20047165
35,87,11.0,0.19627364
35,87,12.0,0.19881834
35,87,13.0,0.20470405
35,87,14.0,0.21021518
35,88,0.0,0.1956731
35,88,1.0,0.19578648
35,88,2.0,0.20296884
35,88,3.0,0.2054884
35,88,4.0,0.21004368
35,88,5.0,0.22562352
35,88,6.0,0.22076555
35,88,7.0,0.21511862
35,88,8.0,0.20936953
35,88,9.0,0.20415069
35,88,10.0,0.1954711
35,88,11.0,0.1924245
35,88,12.0,0.18914582
35,88,13.0,0.19227642
35,88,14.0,0.19486609
35,89,0.0,0.12556303
35,89,1.0,0.1278244
35,89,2.0,0.13276327
35,89,3.0,0.13290626
35,89,4.0,0.13856168
35,89,5.0,0.14477284
35,89,6.0,0.13987298
35,89,7.0,0.13340905
35,89,8.0,0.13017088
35,89,9.0,0.12635247
35,89,10.0,0.11822127
35,89,11.0,0.116139285
35,89,12.0,0.11630496
35,89,13.0,0.11220785
35,89,14.0,0.10528313
35,90,0.0,0.058171436
35,90,1.0,0.05718189
35,90,2.0,0.062143885
35,90,3.0,0.062768064
35,90,4.0,0.06449897
35,90,5.0,0.070651
35,90,6.0,0.07046485
35,90,7.0,0.06325114
35,90,8.0,0.059178345
35,90,9.0,0.058399424
35,90,10.0,0.058617916
35,90,11.0,0.05625277
35,90,12.0,0.054862574
35,90,13.0,0.051168606
35,90,14.0,0.044657983
35,91,0.0,0.01701448
35,91,1.0,0.018368958
35,91,2.0,0.01906061
35,91,3.0,0.020272704
35,91,4.0,0.021117734
35,91,5.0,0.020879462
35,91,6.0,0.020607244
35,91,7.0,0.019151166
35,91,8.0,0.018504554
35,91,9.0,0.01876299
35,91,10.0,0.018704223
35,91,11.0,0.017988523
35,91,12.0,0.01774342
35,91,13.0,0.015743678
35,91,14.0,0.013106683
35,92,0.0,0.0035054134
35,92,1.0,0.0031710041
35,92,2.0,0.0036880744
35,92,3.0,0.0045233495
35,92,4.0,0.0048459712
35,92,5.0,0.0043908306
35,92,6.0,0.0038906345
35,92,7.0,0.0038898548
35,92,8.0,0.0038982546
35,92,9.0,0.0038277335
35,92,10.0,0.003822431
35,92,11.0,0.004029546
35,92,12.0,0.0039956155
35,92,13.0,0.0034812433
35,92,14.0,0.0032558425
35,93,0.0,0.0005837985
35,93,1.0,0.00038935282
35,93,2.0,0.0005883627
35,93,3.0,0.0006528051
35,93,4.0,0.000682143
35,93,5.0,0.00071600993
35,93,6.0,0.00059055915
35,93,7.0,0.00044231562
35,93,8.0,0.000423649
35,93,9.0,0.0004986071
35,93,10.0,0.00073214044
35,93,11.0,0.0008293006
35,93,12.0,0.00078353786
35,93,13.0,0.0007506065
35,93,14.0,0.000708516
35,94,0.0,2.6393174e-05
35,94,1.0,1.3150044e-05
35,94,2.0,1.8823623e-05
35,94,3.0,2.2326381e-05
35,94,4.0,6.636205e-06
35,94,5.0,8.151302e-06
35,94,6.0,2.7274324e-05
35,94,7.0,3.7293063e-05
35,94,8.0,4.601568e-05
35,94,9.0,6.6416455e-05
35,94,10.0,0.00010524016
35,94,11.0,6.534603e-05
35,94,12.0,5.7698293e-05
35,94,13.0,5.5358018e-05
35,94,14.0,5.2179075e-05
35,95,0.0,0.0
35,95,1.0,2.1926083e-07
35,95,2.0,2.0073317e-08
35,95,3.0,0.0
35,95,4.0,0.0
35,95,5.0,0.0
35,95,6.0,1.9002536e-08
35,95,7.0,5.59602e-07
35,95,8.0,1.4851791e-07
35,95,9.0,3.039334e-10
35,95,10.0,1.7219094e-10
35,95,11.0,3.3577334e-07
35,95,12.0,2.1280187e-09
35,95,13.0,9.389392e-08
35,95,14.0,5.8561817e-08
35,96,0.0,1.1855614e-07
35,96,1.0,3.2941973e-08
35,96,2.0,2.5232085e-08
35,96,3.0,0.0
35,96,4.0,0.0
35,96,5.0,0.0
35,96,6.0,1.8468864e-08
35,96,7.0,6.3764666e-08
35,96,8.0,2.3215212e-07
35,96,9.0,3.89071e-07
35,96,10.0,7.5656345e-07
35,96,11.0,1.40403795e-08
35,96,12.0,0.0
35,96,13.0,0.0
35,96,14.0,2.9020808e-07
35,97,0.0,1.2779267e-07
35,97,1.0,1.7285446e-07
35,97,2.0,2.0865639e-07
35,97,3.0,7.187521e-08
35,97,4.0,1.3473209e-09
35,97,5.0,3.658836e-08
35,97,6.0,1.6542052e-07
35,97,7.0,6.857616e-07
35,97,8.0,1.3668763e-06
35,97,9.0,1.3890976e-06
35,97,10.0,8.135022e-07
35,97,11.0,4.4568952e-07
35,97,12.0,2.0381124e-07
35,97,13.0,6.508238e-08
35,97,14.0,4.8999667e-09
35,98,0.0,4.918703e-08
35,98,1.0,3.701424e-07
35,98,2.0,1.915256e-07
35,98,3.0,5.1213195e-08
35,98,4.0,8.9237304e-08
35,98,5.0,2.3560081e-07
35,98,6.0,9.851837e-08
35,98,7.0,3.44068e-08
35,98,8.0,8.120686e-08
35,98,9.0,3.8182736e-07
35,98,10.0,4.4270067e-07
35,98,11.0,4.2951103e-07
35,98,12.0,5.0749065e-07
35,98,13.0,3.0288157e-07
35,98,14.0,2.6893989e-07
35,99,0.0,5.5263473e-07
35,99,1.0,2.8352537e-07
35,99,2.0,3.7625696e-07
35,99,3.0,1.7389e-07
35,99,4.0,1.0438707e-07
35,99,5.0,4.684774e-11
35,99,6.0,7.5395654e-08
35,99,7.0,1.0392873e-07
35,99,8.0,1.1421012e-07
35,99,9.0,1.3070095e-07
35,99,10.0,5.1415398e-08
35,99,11.0,9.369898e-09
35,99,12.0,6.66414e-08
35,99,13.0,2.6896615e-07
35,99,14.0,1.3514166e-07
35,100,0.0,2.6495783e-07
35,100,1.0,4.370895e-08
35,100,2.0,4.154626e-07
35,100,3.0,3.641199e-08
35,100,4.0,6.2944586e-08
35,100,5.0,2.6196382e-08
35,100,6.0,1.0258655e-07
35,100,7.0,2.2988368e-07
35,100,8.0,3.0465054e-07
35,100,9.0,4.8252565e-07
35,100,10.0,1.4448472e-07
35,100,11.0,1.8283792e-07
35,100,12.0,2.4229155e-07
35,100,13.0,6.496555e-07
35,100,14.0,1.0029454e-07
36,79,0.0,1.1300943e-07
36,79,1.0,5.06269e-07
36,79,2.0,5.5125856e-08
36,79,3.0,2.4251452e-07
36,79,4.0,2.5904131e-07
36,79,5.0,1.1033699e-07
36,79,6.0,1.3436892e-07
36,79,7.0,1.256294e-08
36,79,8.0,7.4252426e-09
36,79,9.0,1.2627379e-07
36,79,10.0,9.994749e-08
36,79,11.0,3.515192e-09
36,79,12.0,1.4653536e-09
36,79,13.0,1.3989392e-09
36,79,14.0,9.535652e-08
36,80,0.0,1.0178825e-07
36,80,1.0,1.12658995e-07
36,80,2.0,5.982803e-07
36,80,3.0,3.9966622e-08
36,80,4.0,5.504013e-07
36,80,5.0,3.3845535e-07
36,80,6.0,2.73265e-07
36,80,7.0,8.499234e-07
36,80,8.0,1.056815e-06
36,80,9.0,5.4296993e-07
36,80,10.0,1.2810885e-07
36,80,11.0,2.771953e-08
36,80,12.0,4.8458617e-07
36,80,13.0,2.8933474e-07
36,80,14.0,1.3232614e-07
36,81,0.0,6.115624e-08
36,81,1.0,4.707172e-09
36,81,2.0,1.3421776e-07
36,81,3.0,1.4035022e-08
36,81,4.0,5.680611e-07
36,81,5.0,1.6085282e-07
36,81,6.0,6.8133744e-08
36,81,7.0,1.106259e-06
36,81,8.0,6.437165e-07
36,81,9.0,8.521706e-08
36,81,10.0,2.3730759e-07
36,81,11.0,2.111687e-07
36,81,12.0,1.9352959e-07
36,81,13.0,4.4121114e-07
36,81,14.0,5.6379815e-07
36,82,0.0,2.1676545e-08
36,82,1.0,1.2053094e-07
36,82,2.0,1.3478643e-08
36,82,3.0,1.3757689e-07
36,82,4.0,9.809345e-06
36,82,5.0,2.384919e-05
36,82,6.0,1.0621894e-05
36,82,7.0,8.161116e-06
36,82,8.0,3.9250745e-06
36,82,9.0,9.821454e-07
36,82,10.0,1.2099893e-07
36,82,11.0,4.6553998e-07
36,82,12.0,1.3352566e-06
36,82,13.0,7.536859e-06
36,82,14.0,2.2252554e-05
36,83,0.0,4.5843357e-05
36,83,1.0,3.6950303e-05
36,83,2.0,2.0875492e-05
36,83,3.0,2.4301327e-05
36,83,4.0,2.169709e-05
36,83,5.0,1.7994695e-05
36,83,6.0,4.005696e-05
36,83,7.0,5.169643e-05
36,83,8.0,8.840735e-05
36,83,9.0,0.0001093784
36,83,10.0,9.11481e-05
36,83,11.0,8.0863014e-05
36,83,12.0,0.00010071972
36,83,13.0,0.0001600945
36,83,14.0,0.00019960033
36,84,0.0,0.0006825792
36,84,1.0,0.0007515072
36,84,2.0,0.0004369787
36,84,3.0,0.0003108358
36,84,4.0,0.00040015124
36,84,5.0,0.000469202
36,84,6.0,0.0005706846
36,84,7.0,0.0006284515
36,84,8.0,0.0006414666
36,84,9.0,0.0007249938
36,84,10.0,0.0010750412
36,84,11.0,0.001565253
36,84,12.0,0.0013175172
36,84,13.0,0.0011810721
36,84,14.0,0.0019970427
36,85,0.0,0.0060637863
36,85,1.0,0.0042820126
36,85,2.0,0.0042362865
36,85,3.0,0.003893454
36,85,4.0,0.0039350726
36,85,5.0,0.0034903728
36,85,6.0,0.0044207033
36,85,7.0,0.005623095
36,85,8.0,0.0072507695
36,85,9.0,0.0071992525
36,85,10.0,0.0069018956
36,85,11.0,0.0070914975
36,85,12.0,0.00742232
36,85,13.0,0.00952226
36,85,14.0,0.012397863
36,86,0.0,0.04741667
36,86,1.0,0.045551978
36,86,2.0,0.03648175
36,86,3.0,0.033519235
36,86,4.0,0.031488113
36,86,5.0,0.032326397
36,86,6.0,0.034740563
36,86,7.0,0.042093232
36,86,8.0,0.049535103
36,86,9.0,0.048889592
36,86,10.0,0.04631068
36,86,11.0,0.04907202
36,86,12.0,0.051106635
36,86,13.0,0.061757512
36,86,14.0,0.0764787
36,87,0.0,0.12997684
36,87,1.0,0.121906
36,87,2.0,0.0990113
36,87,3.0,0.090574086
36,87,4.0,0.091440715
36,87,5.0,0.09947115
36,87,6.0,0.10179623
36,87,7.0,0.11424115
36,87,8.0,0.122239456
36,87,9.0,0.12498625
36,87,10.0,0.12279151
36,87,11.0,0.11854985
36,87,12.0,0.12247599
36,87,13.0,0.14151792
36,87,14.0,0.17409587
36,88,0.0,0.3212769
36,88,1.0,0.29588255
36,88,2.0,0.25794327
36,88,3.0,0.24341881
36,88,4.0,0.23455654
36,88,5.0,0.23746483
36,88,6.0,0.25207952
36,88,7.0,0.27516425
36,88,8.0,0.29936847
36,88,9.0,0.29845926
36,88,10.0,0.29086334
36,88,11.0,0.29092503
36,88,12.0,0.26872218
36,88,13.0,0.29264212
36,88,14.0,0.32781926
36,89,0.0,0.474614
36,89,1.0,0.43859604
36,89,2.0,0.37528032
36,89,3.0,0.33597928
36,89,4.0,0.3370171
36,89,5.0,0.34830123
36,89,6.0,0.36429712
36,89,7.0,0.38634518
36,89,8.0,0.3982902
36,89,9.0,0.39151892
36,89,10.0,0.368401
36,89,11.0,0.35358873
36,89,12.0,0.35652125
36,89,13.0,0.3671688
36,89,14.0,0.3886183
36,90,0.0,0.5175502
36,90,1.0,0.4654135
36,90,2.0,0.42512226
36,90,3.0,0.40461358
36,90,4.0,0.39062732
36,90,5.0,0.39487505
36,90,6.0,0.4089128
36,90,7.0,0.42088756
36,90,8.0,0.42811573
36,90,9.0,0.42428073
36,90,10.0,0.38563815
36,90,11.0,0.3660154
36,90,12.0,0.3596865
36,90,13.0,0.3684033
36,90,14.0,0.3727005
36,91,0.0,0.3629201
36,91,1.0,0.33690894
36,91,2.0,0.30157834
36,91,3.0,0.27447426
36,91,4.0,0.27234063
36,91,5.0,0.27462223
36,91,6.0,0.28404698
36,91,7.0,0.28630888
36,91,8.0,0.27952215
36,91,9.0,0.26970923
36,91,10.0,0.24936216
36,91,11.0,0.22420411
36,91,12.0,0.22520289
36,91,13.0,0.22065736
36,91,14.0,0.21425313
36,92,0.0,0.18513066
36,92,1.0,0.16239941
36,92,2.0,0.15656005
36,92,3.0,0.15614937
36,92,4.0,0.15162715
36,92,5.0,0.14938657
36,92,6.0,0.15152693
36,92,7.0,0.14931284
36,92,8.0,0.14095667
36,92,9.0,0.13450316
36,92,10.0,0.13012204
36,92,11.0,0.12108453
36,92,12.0,0.119409405
36,92,13.0,0.116740815
36,92,14.0,0.10549114
36,93,0.0,0.056055415
36,93,1.0,0.05175975
36,93,2.0,0.05078817
36,93,3.0,0.047602694
36,93,4.0,0.0488366
36,93,5.0,0.04883367
36,93,6.0,0.049756054
36,93,7.0,0.048647642
36,93,8.0,0.046069495
36,93,9.0,0.042847257
36,93,10.0,0.041684393
36,93,11.0,0.042248867
36,93,12.0,0.039111476
36,93,13.0,0.03302143
36,93,14.0,0.031151125
36,94,0.0,0.015552317
36,94,1.0,0.013770724
36,94,2.0,0.01322996
36,94,3.0,0.012998416
36,94,4.0,0.0131576555
36,94,5.0,0.013484232
36,94,6.0,0.013651841
36,94,7.0,0.011175929
36,94,8.0,0.010804171
36,94,9.0,0.011366323
36,94,10.0,0.01161618
36,94,11.0,0.011410141
36,94,12.0,0.011385901
36,94,13.0,0.011047375
36,94,14.0,0.008904796
36,95,0.0,0.002018198
36,95,1.0,0.0022619974
36,95,2.0,0.0024755273
36,95,3.0,0.0021798953
36,95,4.0,0.0022299525
36,95,5.0,0.0022301693
36,95,6.0,0.0020315414
36,95,7.0,0.0019007495
36,95,8.0,0.0016672536
36,95,9.0,0.0015622433
36,95,10.0,0.0016973108
36,95,11.0,0.0020020055
36,95,12.0,0.002336633
36,95,13.0,0.0020721173
36,95,14.0,0.001556654
36,96,0.0,0.00030623647
36,96,1.0,0.00024261791
36,96,2.0,0.00020653904
36,96,3.0,0.00018909319
36,96,4.0,0.00018902023
36,96,5.0,0.00027397348
36,96,6.0,0.00030574715
36,96,7.0,0.00021222676
36,96,8.0,0.00022403018
36,96,9.0,0.00029803894
36,96,10.0,0.0002754965
36,96,11.0,0.00035055008
36,96,12.0,0.00037834523
36,96,13.0,0.0002729346
36,96,14.0,0.00027224375
36,97,0.0,1.4254464e-05
36,97,1.0,2.2651158e-05
36,97,2.0,2.9594123e-05
36,97,3.0,4.7530004e-05
36,97,4.0,1.9608102e-05
36,97,5.0,1.6292735e-05
36,97,6.0,8.899086e-06
36,97,7.0,3.0198655e-06
36,97,8.0,1.7990609e-06
36,97,9.0,3.2158118e-06
36,97,10.0,8.9911755e-06
36,97,11.0,1.3505255e-05
36,97,12.0,1.5815205e-05
36,97,13.0,2.848856e-05
36,97,14.0,2.4740402e-05
36,98,0.0,1.3600008e-07
36,98,1.0,3.834952e-07
36,98,2.0,6.4219805e-08
36,98,3.0,0.0
36,98,4.0,2.17987e-07
36,98,5.0,4.0925173e-07
36,98,6.0,1.2504121e-07
36,98,7.0,1.0854794e-08
36,98,8.0,3.3544286e-08
36,98,9.0,2.4049456e-08
36,98,10.0,5.084966e-07
36,98,11.0,9.892526e-07
36,98,12.0,2.2359183e-07
36,98,13.0,6.098246e-07
36,98,14.0,5.845186e-07
36,99,0.0,1.08438584e-07
36,99,1.0,2.3280647e-08
36,99,2.0,2.600171e-07
36,99,3.0,7.6956997e-07
36,99,4.0,1.4710021e-07
36,99,5.0,1.5506544e-08
36,99,6.0,0.0
36,99,7.0,5.0152207e-09
36,99,8.0,3.6797357e-07
36,99,9.0,1.03439184e-07
36,99,10.0,2.641676e-08
36,99,11.0,4.706761e-07
36,99,12.0,7.667411e-07
36,99,13.0,4.7022633e-07
36,99,14.0,2.6922416e-07
36,100,0.0,1.917133e-07
36,100,1.0,1.8048089e-11
36,100,2.0,5.30311e-09
36,100,3.0,1.313495e-06
36,100,4.0,9.4966715e-08
36,100,5.0,1.071541e-07
36,100,6.0,4.57889e-07
36,100,7.0,1.5722385e-07
36,100,8.0,2.2548681e-07
36,100,9.0,1.91114e-07
36,100,10.0,1.8409384e-07
36,100,11.0,8.695165e-08
36,100,12.0,1.3663575e-08
36,100,13.0,2.706478e-09
36,100,14.0,1.0800847e-07
36,101,0.0,1.0794982e-07
36,101,1.0,1.2528626e-07
36,101,2.0,5.2685164e-07
36,101,3.0,4.0445704e-07
36,101,4.0,1.918672e-07
36,101,5.0,1.1612315e-07
36,101,6.0,2.29553e-07
36,101,7.0,5.200267e-07
36,101,8.0,3.2583088e-07
36,101,9.0,1.3951387e-07
36,101,10.0,4.7055298e-07
36,101,11.0,1.4898858e-07
36,101,12.0,6.006437e-08
36,101,13.0,1.15447385e-07
36,101,14.0,1.7024205e-07
36,102,0.0,2.973175e-07
36,102,1.0,3.049204e-07
36,102,2.0,8.52203e-08
36,102,3.0,3.323673e-07
36,102,4.0,1.1291461e-07
36,102,5.0,1.5324831e-07
36,102,6.0,1.8098349e-07
36,102,7.0,2.1311335e-07
36,102,8.0,3.6958502e-07
36,102,9.0,6.5676716e-07
36,102,10.0,4.1040582e-07
36,102,11.0,2.3070647e-06
36,102,12.0,8.2801887e-07
36,102,13.0,1.7374649e-07
36,102,14.0,3.0107756e-07
37,81,0.0,6.674118e-07
37,81,1.0,7.809902e-08
37,81,2.0,3.8147494e-08
37,81,3.0,3.5159317e-07
37,81,4.0,2.1568209e-07
37,81,5.0,1.5616342e-07
37,81,6.0,6.1611466e-08
37,81,7.0,2.6400096e-08
37,81,8.0,1.1804686e-07
37,81,9.0,3.379255e-07
37,81,10.0,3.1532434e-07
37,81,11.0,6.475436e-08
37,81,12.0,1.4026085e-07
37,81,13.0,6.758071e-09
37,81,14.0,1.735009e-09
37,82,0.0,3.458276e-07
37,82,1.0,1.6305718e-08
37,82,2.0,3.3493288e-07
37,82,3.0,4.4369867e-07
37,82,4.0,7.4605754e-07
37,82,5.0,9.215324e-08
37,82,6.0,1.017984e-08
37,82,7.0,7.9939455e-10
37,82,8.0,1.5797143e-08
37,82,9.0,3.2164652e-07
37,82,10.0,1.1884453e-07
37,82,11.0,2.8328685e-07
37,82,12.0,8.443176e-07
37,82,13.0,5.4837676e-07
37,82,14.0,6.696169e-07
37,83,0.0,2.5668925e-07
37,83,1.0,5.979254e-08
37,83,2.0,8.557822e-09
37,83,3.0,5.7817065e-08
37,83,4.0,7.628688e-08
37,83,5.0,1.9523922e-08
37,83,6.0,1.2762105e-07
37,83,7.0,6.825444e-08
37,83,8.0,5.151513e-08
37,83,9.0,2.3010121e-07
37,83,10.0,2.5333978e-07
37,83,11.0,1.9526205e-08
37,83,12.0,8.3035324e-08
37,83,13.0,1.0389736e-07
37,83,14.0,1.8888594e-08
37,84,0.0,5.132832e-09
37,84,1.0,0.0
37,84,2.0,1.339332e-07
37,84,3.0,7.259164e-07
37,84,4.0,7.2362286e-07
37,84,5.0,1.8026276e-07
37,84,6.0,6.567681e-08
37,84,7.0,4.2815818e-09
37,84,8.0,0.0
37,84,9.0,1.7397243e-08
37,84,10.0,2.0745672e-07
37,84,11.0,5.321805e-07
37,84,12.0,1.9902693e-06
37,84,13.0,8.610106e-07
37,84,14.0,6.7528623e-07
37,85,0.0,1.1323368e-07
37,85,1.0,8.27577e-09
37,85,2.0,6.9150836e-08
37,85,3.0,5.979906e-11
37,85,4.0,0.0
37,85,5.0,0.0
37,85,6.0,9.341413e-10
37,85,7.0,1.7277998e-07
37,85,8.0,2.1252033e-06
37,85,9.0,9.491261e-06
37,85,10.0,1.942723e-05
37,85,11.0,2.9766794e-05
37,85,12.0,2.8747547e-05
37,85,13.0,3.4418277e-05
37,85,14.0,4.4318997e-05
37,86,0.0,0.00018476245
37,86,1.0,0.00019530192
37,86,2.0,0.00022730164
37,86,3.0,0.0002243134
37,86,4.0,0.00013112013
37,86,5.0,0.00015014544
37,86,6.0,0.00014786373
37,86,7.0,0.00016380403
37,86,8.0,0.0002269719
37,86,9.0,0.00024613432
37,86,10.0,0.00024049457
37,86,11.0,0.0003657169
37,86,12.0,0.0004023986
37,86,13.0,0.00036640707
37,86,14.0,0.0005049826
37,87,0.0,0.002902276
37,87,1.0,0.002968361
37,87,2.0,0.0026209706
37,87,3.0,0.002298053
37,87,4.0,0.0023859653
37,87,5.0,0.0022969905
37,87,6.0,0.002903088
37,87,7.0,0.0034908229
37,87,8.0,0.003982496
37,87,9.0,0.0043128747
37,87,10.0,0.0049303174
37,87,11.0,0.0051084743
37,87,12.0,0.0048277113
37,87,13.0,0.0054499772
37,87,14.0,0.00663684
37,88,0.0,0.016599275
37,88,1.0,0.01764853
37,88,2.0,0.015531729
37,88,3.0,0.013089503
37,88,4.0,0.012750107
37,88,5.0,0.0131588625
37,88,6.0,0.014267261
37,88,7.0,0.017243648
37,88,8.0,0.019830862
37,88,9.0,0.020602731
37,88,10.0,0.020881522
37,88,11.0,0.020390177
37,88,12.0,0.0213988
37,88,13.0,0.024613533
37,88,14.0,0.028753396
37,89,0.0,0.07039577
37,89,1.0,0.069586016
37,89,2.0,0.06504553
37,89,3.0,0.062662035
37,89,4.0,0.05720626
37,89,5.0,0.059306785
37,89,6.0,0.06477726
37,89,7.0,0.074132055
37,89,8.0,0.08113706
37,89,9.0,0.08510844
37,89,10.0,0.0860678
37,89,11.0,0.08527288
37,89,12.0,0.08550271
37,89,13.0,0.09150001
37,89,14.0,0.10791779
37,90,0.0,0.1810865
37,90,1.0,0.17692079
37,90,2.0,0.16935441
37,90,3.0,0.16372024
37,90,4.0,0.16646941
37,90,5.0,0.16807555
37,90,6.0,0.17438576
37,90,7.0,0.18573757
37,90,8.0,0.19605872
37,90,9.0,0.19861597
37,90,10.0,0.1904572
37,90,11.0,0.18320121
37,90,12.0,0.19036245
37,90,13.0,0.20130545
37,90,14.0,0.23024835
37,91,0.0,0.3478423
37,91,1.0,0.3356468
37,91,2.0,0.32820988
37,91,3.0,0.33191556
37,91,4.0,0.3264438
37,91,5.0,0.3269209
37,91,6.0,0.33320507
37,91,7.0,0.34619778
37,91,8.0,0.35538894
37,91,9.0,0.3541156
37,91,10.0,0.34570011
37,91,11.0,0.33665845
37,91,12.0,0.33362606
37,91,13.0,0.34526196
37,91,14.0,0.35985342
37,92,0.0,0.4326785
37,92,1.0,0.43046373
37,92,2.0,0.4260217
37,92,3.0,0.41585404
37,92,4.0,0.42290986
37,92,5.0,0.42374837
37,92,6.0,0.4234875
37,92,7.0,0.42751437
37,92,8.0,0.4317722
37,92,9.0,0.42273098
37,92,10.0,0.40397382
37,92,11.0,0.39179486
37,92,12.0,0.38415065
37,92,13.0,0.3843834
37,92,14.0,0.38318676
37,93,0.0,0.35802978
37,93,1.0,0.35568467
37,93,2.0,0.3761389
37,93,3.0,0.3951302
37,93,4.0,0.3834415
37,93,5.0,0.38232878
37,93,6.0,0.38337445
37,93,7.0,0.37090728
37,93,8.0,0.3642882
37,93,9.0,0.36108997
37,93,10.0,0.33899856
37,93,11.0,0.3226078
37,93,12.0,0.31648588
37,93,13.0,0.30167624
37,93,14.0,0.29246256
37,94,0.0,0.20812728
37,94,1.0,0.21042207
37,94,2.0,0.23379149
37,94,3.0,0.24651283
37,94,4.0,0.24283917
37,94,5.0,0.2329682
37,94,6.0,0.22465894
37,94,7.0,0.2163397
37,94,8.0,0.20505232
37,94,9.0,0.19338198
37,94,10.0,0.18850692
37,94,11.0,0.19090348
37,94,12.0,0.18680158
37,94,13.0,0.17558743
37,94,14.0,0.16010882
37,95,0.0,0.089677446
37,95,1.0,0.08928723
37,95,2.0,0.102751516
37,95,3.0,0.10856248
37,95,4.0,0.10722616
37,95,5.0,0.102891564
37,95,6.0,0.10224197
37,95,7.0,0.097344026
37,95,8.0,0.09018577
37,95,9.0,0.08573745
37,95,10.0,0.08326962
37,95,11.0,0.08584745
37,95,12.0,0.081783846
37,95,13.0,0.07320181
37,95,14.0,0.06587179
37,96,0.0,0.023796566
37,96,1.0,0.025858896
37,96,2.0,0.02989533
37,96,3.0,0.03271455
37,96,4.0,0.033683453
37,96,5.0,0.033398673
37,96,6.0,0.031852566
37,96,7.0,0.028921345
37,96,8.0,0.024867091
37,96,9.0,0.023492428
37,96,10.0,0.025576979
37,96,11.0,0.028271
37,96,12.0,0.02580565
37,96,13.0,0.024013055
37,96,14.0,0.019796358
37,97,0.0,0.0047066095
37,97,1.0,0.0055121393
37,97,2.0,0.0056226375
37,97,3.0,0.006178239
37,97,4.0,0.0066282484
37,97,5.0,0.0067295306
37,97,6.0,0.0067779296
37,97,7.0,0.006261101
37,97,8.0,0.005205046
37,97,9.0,0.0049230563
37,97,10.0,0.0057045766
37,97,11.0,0.0062937797
37,97,12.0,0.00644429
37,97,13.0,0.0062692966
37,97,14.0,0.00521219
37,98,0.0,0.0006924821
37,98,1.0,0.0007528376
37,98,2.0,0.0010578124
37,98,3.0,0.001192021
37,98,4.0,0.0011995573
37,98,5.0,0.0012669145
37,98,6.0,0.0011009673
37,98,7.0,0.00091261824
37,98,8.0,0.00088702876
37,98,9.0,0.0009536514
37,98,10.0,0.001162327
37,98,11.0,0.0012626023
37,98,12.0,0.0014850332
37,98,13.0,0.0012466296
37,98,14.0,0.0009424876
37,99,0.0,5.1656218e-05
37,99,1.0,7.440721e-05
37,99,2.0,0.00012253739
37,99,3.0,6.97009e-05
37,99,4.0,5.8209942e-05
37,99,5.0,9.558133e-05
37,99,6.0,0.0001200016
37,99,7.0,9.301725e-05
37,99,8.0,6.8367495e-05
37,99,9.0,0.00010123534
37,99,10.0,0.00018958736
37,99,11.0,0.00016732057
37,99,12.0,0.00013037758
37,99,13.0,0.00011341666
37,99,14.0,0.00013462314
37,100,0.0,1.5075006e-08
37,100,1.0,8.409034e-07
37,100,2.0,3.831604e-07
37,100,3.0,4.5000596e-07
37,100,4.0,2.5604535e-07
37,100,5.0,1.8340957e-07
37,100,6.0,3.723528e-08
37,100,7.0,6.9460954e-10
37,100,8.0,1.7745587e-10
37,100,9.0,0.0
37,100,10.0,0.0
37,100,11.0,1.09408326e-07
37,100,12.0,9.2291066e-07
37,100,13.0,0.0
37,100,14.0,1.2942362e-08
37,101,0.0,8.525221e-08
37,101,1.0,1.9906894e-07
37,101,2.0,1.3240243e-07
37,101,3.0,3.300323e-08
37,101,4.0,2.738154e-07
37,101,5.0,6.541788e-07
37,101,6.0,2.7482236e-07
37,101,7.0,1.7219679e-07
37,101,8.0,1.2837545e-07
37,101,9.0,1.6175332e-07
37,101,10.0,1.8598416e-07
37,101,11.0,1.1162169e-08
37,101,12.0,1.965294e-07
37,101,13.0,1.7956495e-07
37,101,14.0,6.514956e-07
37,102,0.0,8.259747e-09
37,102,1.0,3.325245e-07
37,102,2.0,8.966028e-08
37,102,3.0,1.3089822e-08
37,102,4.0,5.9452166e-08
37,102,5.0,1.9232667e-07
37,102,6.0,3.7032504e-07
37,102,7.0,5.8839646e-07
37,102,8.0,5.22979e-07
37,102,9.0,2.6497705e-07
37,102,10.0,1.5862558e-07
37,102,11.0,1.3121828e-09
37,102,12.0,1.540065e-07
37,102,13.0,2.2007333e-07
37,102,14.0,4.5766008e-08
37,103,0.0,3.213338e-07
37,103,1.0,3.7251553e-07
37,103,2.0,5.4667197e-07
37,103,3.0,8.643112e-08
37,103,4.0,3.5095447e-09
37,103,5.0,9.777348e-10
37,103,6.0,1.3230526e-07
37,103,7.0,3.3806586e-07
37,103,8.0,5.196098e-07
37,103,9.0,7.281012e-07
37,103,10.0,3.4619057e-07
37,103,11.0,5.6918514e-09
37,103,12.0,2.9889168e-07
37,103,13.0,2.8726905e-07
37,103,14.0,1.7665404e-07
37,104,0.0,6.069237e-08
37,104,1.0,6.728681e-07
37,104,2.0,2.1011706e-08
37,104,3.0,3.9547007e-07
37,104,4.0,5.452723e-07
37,104,5.0,4.3326284e-07
37,104,6.0,2.1567318e-07
37,104,7.0,5.0656347e-08
37,104,8.0,6.491461e-08
37,104,9.0,2.1697694e-07
37,104,10.0,1.97854e-07
37,104,11.0,3.0486842e-07
37,104,12.0,3.5715084e-09
37,104,13.0,3.5547604e-08
37,104,14.0,2.9493206e-08
37,105,0.0,2.5779573e-10
37,105,1.0,2.975868e-07
37,105,2.0,3.602111e-07
37,105,3.0,9.050226e-08
37,105,4.0,3.3687144e-07
37,105,5.0,4.0339557e-07
37,105,6.0,6.520362e-08
37,105,7.0,6.2156055e-08
37,105,8.0,3.0059915e-08
37,105,9.0,8.019831e-09
37,105,10.0,6.555181e-08
37,105,11.0,4.0060925e-07
37,105,12.0,2.8757412e-07
37,105,13.0,0.0
37,105,14.0,2.9211396e-08
38,83,0.0,1.0776203e-07
38,83,1.0,2.2951387e-07
38,83,2.0,2.189232e-07
38,83,3.0,3.0209685e-07
38,83,4.0,6.197125e-08
38,83,5.0,4.215288e-08
38,83,6.0,3.141058e-07
38,83,7.0,3.3237123e-07
38,83,8.0,4.7316647e-07
38,83,9.0,4.6425149e-07
38,83,10.0,1.2646868e-07
38,83,11.0,8.8410204e-08
38,83,12.0,3.2397384e-07
38,83,13.0,4.743637e-07
38,83,14.0,1.3142268e-07
38,84,0.0,1.4800953e-07
38,84,1.0,3.5312632e-07
38,84,2.0,2.4263085e-07
38,84,3.0,4.0858764e-10
38,84,4.0,4.604849e-08
38,84,5.0,8.9233964e-08
38,84,6.0,3.6681476e-07
38,84,7.0,1.6074989e-07
38,84,8.0,7.632412e-08
38,84,9.0,1.6678389e-07
38,84,10.0,5.331343e-07
38,84,11.0,5.033818e-07
38,84,12.0,4.4824432e-07
38,84,13.0,3.0864643e-07
38,84,14.0,2.524932e-07
38,85,0.0,3.2000525e-08
38,85,1.0,7.2477883e-07
38,85,2.0,2.9697168e-07
38,85,3.0,9.661545e-08
38,85,4.0,1.4371107e-08
38,85,5.0,1.4369355e-07
38,85,6.0,7.856126e-08
38,85,7.0,1.0446638e-08
38,85,8.0,3.2355797e-07
38,85,9.0,1.944261e-06
38,85,10.0,3.3824466e-07
38,85,11.0,2.7258626e-11
38,85,12.0,3.220942e-07
38,85,13.0,6.832794e-07
38,85,14.0,1.8323519e-07
38,86,0.0,1.01655524e-10
38,86,1.0,1.4398666e-08
38,86,2.0,1.9286682e-07
38,86,3.0,6.411086e-09
38,86,4.0,0.0
38,86,5.0,4.82229e-10
38,86,6.0,0.0
38,86,7.0,0.0
38,86,8.0,3.0180462e-15
38,86,9.0,0.0
38,86,10.0,0.0
38,86,11.0,1.7927194e-07
38,86,12.0,3.2055027e-07
38,86,13.0,2.7236463e-06
38,86,14.0,8.497207e-06
38,87,0.0,3.4467994e-05
38,87,1.0,6.4146225e-05
38,87,2.0,2.185167e-05
38,87,3.0,3.995941e-06
38,87,4.0,3.3717446e-10
38,87,5.0,3.7393654e-08
38,87,6.0,2.6938636e-07
38,87,7.0,8.605997e-06
38,87,8.0,2.0011526e-05
38,87,9.0,2.094177e-05
38,87,10.0,3.9499304e-05
38,87,11.0,6.1329585e-05
38,87,12.0,6.181445e-05
38,87,13.0,7.498465e-05
38,87,14.0,8.496983e-05
38,88,0.0,0.00057979167
38,88,1.0,0.00047792628
38,88,2.0,0.00032416047
38,88,3.0,0.00027631805
38,88,4.0,0.00034486753
38,88,5.0,0.00040375924
38,88,6.0,0.00047789584
38,88,7.0,0.0005988469
38,88,8.0,0.00067717937
38,88,9.0,0.0007055402
38,88,10.0,0.00067879236
38,88,11.0,0.0006460312
38,88,12.0,0.0006908142
38,88,13.0,0.00084597274
38,88,14.0,0.0011600768
38,89,0.0,0.0045683743
38,89,1.0,0.0043299864
38,89,2.0,0.0029748979
38,89,3.0,0.0024992214
38,89,4.0,0.0024581782
38,89,5.0,0.00237167
38,89,6.0,0.0027735715
38,89,7.0,0.0035891656
38,89,8.0,0.004390487
38,89,9.0,0.0046980227
38,89,10.0,0.0048314007
38,89,11.0,0.004715346
38,89,12.0,0.005105938
38,89,13.0,0.00628848
38,89,14.0,0.007484367
38,90,0.0,0.02869134
38,90,1.0,0.028016279
38,90,2.0,0.021816505
38,90,3.0,0.01741755
38,90,4.0,0.016758816
38,90,5.0,0.016809667
38,90,6.0,0.018111566
38,90,7.0,0.022198366
38,90,8.0,0.027992358
38,90,9.0,0.029371515
38,90,10.0,0.026886264
38,90,11.0,0.025274606
38,90,12.0,0.027778497
38,90,13.0,0.034377825
38,90,14.0,0.042810667
38,91,0.0,0.09725289
38,91,1.0,0.09277702
38,91,2.0,0.07562367
38,91,3.0,0.062362738
38,91,4.0,0.06387083
38,91,5.0,0.06639826
38,91,6.0,0.06972411
38,91,7.0,0.079958394
38,91,8.0,0.092203304
38,91,9.0,0.09693636
38,91,10.0,0.090734676
38,91,11.0,0.08680459
38,91,12.0,0.088491485
38,91,13.0,0.097964905
38,91,14.0,0.11747252
38,92,0.0,0.2996944
38,92,1.0,0.27821156
38,92,2.0,0.2267712
38,92,3.0,0.21842876
38,92,4.0,0.20801844
38,92,5.0,0.20782438
38,92,6.0,0.2215433
38,92,7.0,0.2388642
38,92,8.0,0.2536919
38,92,9.0,0.25959772
38,92,10.0,0.24779116
38,92,11.0,0.24094158
38,92,12.0,0.2441506
38,92,13.0,0.25827393
38,92,14.0,0.29166278
38,93,0.0,0.509343
38,93,1.0,0.4712043
38,93,2.0,0.41275194
38,93,3.0,0.38741767
38,93,4.0,0.37710896
38,93,5.0,0.37406585
38,93,6.0,0.38520756
38,93,7.0,0.39718664
38,93,8.0,0.42211568
38,93,9.0,0.42942604
38,93,10.0,0.4167142
38,93,11.0,0.39188778
38,93,12.0,0.38440502
38,93,13.0,0.39431036
38,93,14.0,0.41331297
38,94,0.0,0.7334252
38,94,1.0,0.67109823
38,94,2.0,0.61312413
38,94,3.0,0.57940006
38,94,4.0,0.57600063
38,94,5.0,0.55489486
38,94,6.0,0.5791429
38,94,7.0,0.59902394
38,94,8.0,0.59530336
38,94,9.0,0.5849726
38,94,10.0,0.5544207
38,94,11.0,0.5428407
38,94,12.0,0.5244928
38,94,13.0,0.52888346
38,94,14.0,0.53042406
38,95,0.0,0.5832302
38,95,1.0,0.5605138
38,95,2.0,0.5344971
38,95,3.0,0.52148646
38,95,4.0,0.4903626
38,95,5.0,0.4809559
38,95,6.0,0.4802799
38,95,7.0,0.4785616
38,95,8.0,0.4768083
38,95,9.0,0.46050495
38,95,10.0,0.4513418
38,95,11.0,0.44257066
38,95,12.0,0.41306973
38,95,13.0,0.39670035
38,95,14.0,0.38709143
38,96,0.0,0.40003473
38,96,1.0,0.37306303
38,96,2.0,0.36803856
38,96,3.0,0.37228286
38,96,4.0,0.3539999
38,96,5.0,0.34029472
38,96,6.0,0.34473124
38,96,7.0,0.33434683
38,96,8.0,0.323986
38,96,9.0,0.31654087
38,96,10.0,0.3075766
38,96,11.0,0.31459194
38,96,12.0,0.29145703
38,96,13.0,0.2532285
38,96,14.0,0.24610466
38,97,0.0,0.17891549
38,97,1.0,0.1750215
38,97,2.0,0.17155978
38,97,3.0,0.16664173
38,97,4.0,0.16639918
38,97,5.0,0.16280232
38,97,6.0,0.15814435
38,97,7.0,0.14919744
38,97,8.0,0.13787794
38,97,9.0,0.13058256
38,97,10.0,0.12975948
38,97,11.0,0.12946178
38,97,12.0,0.124839656
38,97,13.0,0.111515254
38,97,14.0,0.106309384
38,98,0.0,0.06767737
38,98,1.0,0.06479319
38,98,2.0,0.06360862
38,98,3.0,0.05959021
38,98,4.0,0.06371745
38,98,5.0,0.06585354
38,98,6.0,0.062344313
38,98,7.0,0.056680027
38,98,8.0,0.05263967
38,98,9.0,0.052551627
38,98,10.0,0.052487258
38,98,11.0,0.052155904
38,98,12.0,0.05053406
38,98,13.0,0.04945555
38,98,14.0,0.040280376
38,99,0.0,0.016265653
38,99,1.0,0.016156347
38,99,2.0,0.015386063
38,99,3.0,0.014868988
38,99,4.0,0.014890069
38,99,5.0,0.01564648
38,99,6.0,0.015036603
38,99,7.0,0.013548139
38,99,8.0,0.012031786
38,99,9.0,0.011905041
38,99,10.0,0.012663903
38,99,11.0,0.013485014
38,99,12.0,0.013236992
38,99,13.0,0.011512255
38,99,14.0,0.011000578
38,100,0.0,0.0026952522
38,100,1.0,0.0027313118
38,100,2.0,0.0024650355
38,100,3.0,0.002388409
38,100,4.0,0.0024960341
38,100,5.0,0.002847918
38,100,6.0,0.0024762054
38,100,7.0,0.0020433224
38,100,8.0,0.0022192993
38,100,9.0,0.0025021094
38,100,10.0,0.0026849555
38,100,11.0,0.0024664092
38,100,12.0,0.0023586643
38,100,13.0,0.0022344962
38,100,14.0,0.0021121395
38,101,0.0,0.00020753172
38,101,1.0,0.00041706293
38,101,2.0,0.00033366246
38,101,3.0,0.00029964358
38,101,4.0,0.00032237143
38,101,5.0,0.0003492382
38,101,6.0,0.00039069462
38,101,7.0,0.00036732625
38,101,8.0,0.00035205463
38,101,9.0,0.0003813343
38,101,10.0,0.00044141835
38,101,11.0,0.0004540617
38,101,12.0,0.00045778192
38,101,13.0,0.00046221208
38,101,14.0,0.0003167286
38,102,0.0,3.2010823e-05
38,102,1.0,3.321656e-05
38,102,2.0,2.6573423e-05
38,102,3.0,3.5731544e-05
38,102,4.0,1.5503401e-05
38,102,5.0,1.8344224e-05
38,102,6.0,2.0711506e-05
38,102,7.0,1.9797677e-05
38,102,8.0,2.7353199e-05
38,102,9.0,4.5160803e-05
38,102,10.0,4.278306e-05
38,102,11.0,4.057331e-05
38,102,12.0,3.3762335e-05
38,102,13.0,3.1104457e-05
38,102,14.0,4.79472e-05
38,103,0.0,5.0100383e-08
38,103,1.0,4.4717933e-07
38,103,2.0,3.8362603e-07
38,103,3.0,3.485304e-07
38,103,4.0,4.5185086e-08
38,103,5.0,2.7597496e-08
38,103,6.0,3.8346934e-07
38,103,7.0,8.918615e-07
38,103,8.0,4.773753e-07
38,103,9.0,3.6621464e-07
38,103,10.0,2.0835556e-07
38,103,11.0,1.620742e-07
38,103,12.0,1.98085e-07
38,103,13.0,1.2273115e-07
38,103,14.0,3.6780008e-07
38,104,0.0,2.853849e-07
38,104,1.0,1.548122e-09
38,104,2.0,3.4135107e-07
38,104,3.0,4.864578e-07
38,104,4.0,5.4247646e-08
38,104,5.0,0.0
38,104,6.0,5.3354643e-08
38,104,7.0,2.5545992e-07
38,104,8.0,1.0389257e-08
38,104,9.0,0.0
38,104,10.0,7.5606565e-08
38,104,11.0,6.414347e-07
38,104,12.0,1.0538402e-09
38,104,13.0,0.0
38,104,14.0,4.0578124e-07
38,105,0.0,5.5062735e-08
38,105,1.0,2.31165e-07
38,105,2.0,2.430773e-07
38,105,3.0,8.905468e-08
38,105,4.0,3.1937789e-10
38,105,5.0,1.418006e-10
38,105,6.0,2.8629351e-08
38,105,7.0,5.8544025e-08
38,105,8.0,1.07546136e-07
38,105,9.0,3.3946085e-07
38,105,10.0,3.0780095e-07
38,105,11.0,3.131523e-07
38,105,12.0,1.5603281e-07
38,105,13.0,1.8609732e-07
38,105,14.0,6.5304044e-07
38,106,0.0,2.930423e-07
38,106,1.0,9.550322e-10
38,106,2.0,9.835981e-08
38,106,3.0,1.2991707e-07
38,106,4.0,8.3692555e-08
38,106,5.0,6.76959e-07
38,106,6.0,3.7409745e-07
38,106,7.0,8.642021e-08
38,106,8.0,5.7409984e-08
38,106,9.0,1.4413139e-07
38,106,10.0,1.657111e-07
38,106,11.0,6.7883077e-09
38,106,12.0,3.074223e-08
38,106,13.0,0.0
38,106,14.0,2.7202253e-07
38,107,0.0,6.1542735e-08
38,107,1.0,2.6029696e-08
38,107,2.0,1.0966509e-06
38,107,3.0,3.399141e-06
38,107,4.0,5.7591177e-07
38,107,5.0,1.5153158e-07
38,107,6.0,2.2376395e-07
38,107,7.0,1.2493857e-07
38,107,8.0,1.443019e-07
38,107,9.0,3.466467e-07
38,107,10.0,5.786795e-07
38,107,11.0,1.6590779e-07
38,107,12.0,8.184519e-08
38,107,13.0,6.09873e-08
38,107,14.0,1.2018174e-07
39,86,0.0,3.8363896e-07
39,86,1.0,1.7899764e-06
39,86,2.0,3.754852e-07
39,86,3.0,1.5222275e-07
39,86,4.0,1.5344899e-08
39,86,5.0,1.493704e-08
39,86,6.0,3.382301e-07
39,86,7.0,2.4118623e-07
39,86,8.0,8.120243e-07
39,86,9.0,9.0397543e-07
39,86,10.0,6.0984405e-07
39,86,11.0,4.5483766e-06
39,86,12.0,1.026356e-06
39,86,13.0,5.2051035e-07
39,86,14.0,7.079418e-07
39,87,0.0,1.6622148e-07
39,87,1.0,2.968037e-07
39,87,2.0,2.2443805e-07
39,87,3.0,2.422073e-07
39,87,4.0,4.891132e-07
39,87,5.0,4.5950378e-07
39,87,6.0,1.5273419e-07
39,87,7.0,4.0575827e-08
39,87,8.0,5.754142e-08
39,87,9.0,8.719731e-08
39,87,10.0,8.972233e-08
39,87,11.0,1.2799964e-07
39,87,12.0,0.0
39,87,13.0,0.0
39,87,14.0,0.0
39,88,0.0,4.184258e-08
39,88,1.0,2.778413e-07
39,88,2.0,1.7241043e-09
39,88,3.0,0.0
39,88,4.0,3.529366e-08
39,88,5.0,9.927161e-07
39,88,6.0,1.5079324e-06
39,88,7.0,2.626844e-07
39,88,8.0,1.0700364e-09
39,88,9.0,0.0
39,88,10.0,0.0
39,88,11.0,2.5000094e-11
39,88,12.0,2.3899242e-12
39,88,13.0,6.601328e-09
39,88,14.0,1.184744e-07
39,89,0.0,0.0
39,89,1.0,2.6759648e-07
39,89,2.0,7.333794e-07
39,89,3.0,2.1582039e-06
39,89,4.0,3.7977984e-06
39,89,5.0,2.822287e-06
39,89,6.0,1.032569e-06
39,89,7.0,8.871791e-08
39,89,8.0,0.0
39,89,9.0,0.0
39,89,10.0,1.2857885e-08
39,89,11.0,1.2257563e-07
39,89,12.0,3.0427816e-07
39,89,13.0,8.713457e-07
39,89,14.0,3.8319413e-06
39,90,0.0,4.5813762e-05
39,90,1.0,5.870675e-05
39,90,2.0,8.262463e-05
39,90,3.0,8.92338e-05
39,90,4.0,8.708947e-05
39,90,5.0,5.161154e-05
39,90,6.0,4.228693e-05
39,90,7.0,5.697702e-05
39,90,8.0,9.000267e-05
39,90,9.0,0.000102947684
39,90,10.0,0.00013350075
39,90,11.0,0.00016304663
39,90,12.0,0.00023912321
39,90,13.0,0.00026161986
39,90,14.0,0.00026109407
39,91,0.0,0.00073053455
39,91,1.0,0.0009068271
39,91,2.0,0.0008124654
39,91,3.0,0.00071256026
39,91,4.0,0.00072368246
39,91,5.0,0.00085231016
39,91,6.0,0.0008831459
39,91,7.0,0.0009489437
39,91,8.0,0.0011135853
39,91,9.0,0.0012313897
39,91,10.0,0.0013872606
39,91,11.0,0.0014716462
39,91,12.0,0.0014603515
39,91,13.0,0.0017013608
39,91,14.0,0.0021725208
39,92,0.0,0.006177151
39,92,1.0,0.005370087
39,92,2.0,0.005667069
39,92,3.0,0.0057091066
39,92,4.0,0.0056743016
39,92,5.0,0.005747417
39,92,6.0,0.005845597
39,92,7.0,0.0065839393
39,92,8.0,0.007469244
39,92,9.0,0.0084074205
39,92,10.0,0.007937975
39,92,11.0,0.008309183
39,92,12.0,0.00831207
39,92,13.0,0.009402978
39,92,14.0,0.010671166
39,93,0.0,0.035062313
39,93,1.0,0.035293333
39,93,2.0,0.0320563
39,93,3.0,0.030223334
39,93,4.0,0.028382063
39,93,5.0,0.029959377
39,93,6.0,0.032187276
39,93,7.0,0.034714185
39,93,8.0,0.037444163
39,93,9.0,0.03834116
39,93,10.0,0.038705185
39,93,11.0,0.041296635
39,93,12.0,0.043413673
39,93,13.0,0.046719793
39,93,14.0,0.051107474
39,94,0.0,0.10793151
39,94,1.0,0.107840955
39,94,2.0,0.10591892
39,94,3.0,0.103762895
39,94,4.0,0.10205177
39,94,5.0,0.10398893
39,94,6.0,0.10438855
39,94,7.0,0.10796643
39,94,8.0,0.11399632
39,94,9.0,0.11762087
39,94,10.0,0.12466855
39,94,11.0,0.12135403
39,94,12.0,0.12158557
39,94,13.0,0.12993023
39,94,14.0,0.14023541
39,95,0.0,0.26424822
39,95,1.0,0.26062378
39,95,2.0,0.263631
39,95,3.0,0.27015555
39,95,4.0,0.27121618
39,95,5.0,0.27279863
39,95,6.0,0.2689307
39,95,7.0,0.26743883
39,95,8.0,0.27708575
39,95,9.0,0.28305152
39,95,10.0,0.28388643
39,95,11.0,0.27704027
39,95,12.0,0.28266758
39,95,13.0,0.28405058
39,95,14.0,0.289092
39,96,0.0,0.37978306
39,96,1.0,0.39497367
39,96,2.0,0.41919693
39,96,3.0,0.41098794
39,96,4.0,0.40585786
39,96,5.0,0.40447903
39,96,6.0,0.4032025
39,96,7.0,0.39896843
39,96,8.0,0.40098327
39,96,9.0,0.40583912
39,96,10.0,0.41255134
39,96,11.0,0.42157325
39,96,12.0,0.3981146
39,96,13.0,0.37210557
39,96,14.0,0.38490954
39,97,0.0,0.44362232
39,97,1.0,0.45265678
39,97,2.0,0.492807
39,97,3.0,0.5045778
39,97,4.0,0.49801737
39,97,5.0,0.49344912
39,97,6.0,0.47853842
39,97,7.0,0.46265408
39,97,8.0,0.4549026
39,97,9.0,0.45227295
39,97,10.0,0.45314997
39,97,11.0,0.4528093
39,97,12.0,0.4323726
39,97,13.0,0.40575078
39,97,14.0,0.39340013
39,98,0.0,0.34959283
39,98,1.0,0.3623196
39,98,2.0,0.40906358
39,98,3.0,0.4119447
39,98,4.0,0.41325024
39,98,5.0,0.40724954
39,98,6.0,0.3853744
39,98,7.0,0.35692865
39,98,8.0,0.3384523
39,98,9.0,0.33142152
39,98,10.0,0.34411687
39,98,11.0,0.35976422
39,98,12.0,0.33822438
39,98,13.0,0.31211144
39,98,14.0,0.29200113
39,99,0.0,0.23024218
39,99,1.0,0.24972124
39,99,2.0,0.27658623
39,99,3.0,0.28409266
39,99,4.0,0.27045736
39,99,5.0,0.26431075
39,99,6.0,0.2544709
39,99,7.0,0.23536332
39,99,8.0,0.22734942
39,99,9.0,0.22271249
39,99,10.0,0.22084415
39,99,11.0,0.2247343
39,99,12.0,0.21451135
39,99,13.0,0.19649912
39,99,14.0,0.18318696
39,100,0.0,0.09762081
39,100,1.0,0.10439057
39,100,2.0,0.11532969
39,100,3.0,0.116930656
39,100,4.0,0.11744695
39,100,5.0,0.11155133
39,100,6.0,0.10358535
39,100,7.0,0.097889386
39,100,8.0,0.09001287
39,100,9.0,0.08619791
39,100,10.0,0.08676625
39,100,11.0,0.088990316
39,100,12.0,0.09040627
39,100,13.0,0.08067358
39,100,14.0,0.06880383
39,101,0.0,0.02782037
39,101,1.0,0.030183835
39,101,2.0,0.034612153
39,101,3.0,0.036582228
39,101,4.0,0.035098717
39,101,5.0,0.032337792
39,101,6.0,0.03135829
39,101,7.0,0.030331094
39,101,8.0,0.027513258
39,101,9.0,0.027226597
39,101,10.0,0.027400073
39,101,11.0,0.028420182
39,101,12.0,0.027695017
39,101,13.0,0.026667064
39,101,14.0,0.023083698
39,102,0.0,0.0054112324
39,102,1.0,0.006016761
39,102,2.0,0.006095644
39,102,3.0,0.0068215625
39,102,4.0,0.006837682
39,102,5.0,0.0068512587
39,102,6.0,0.0059941467
39,102,7.0,0.0056596887
39,102,8.0,0.0059143896
39,102,9.0,0.006145065
39,102,10.0,0.0062020947
39,102,11.0,0.0054566185
39,102,12.0,0.0057198345
39,102,13.0,0.005620913
39,102,14.0,0.0053611263
39,103,0.0,0.00059906475
39,103,1.0,0.00056947424
39,103,2.0,0.0007139694
39,103,3.0,0.0006946482
39,103,4.0,0.0006927771
39,103,5.0,0.0007620675
39,103,6.0,0.00096199894
39,103,7.0,0.00095419114
39,103,8.0,0.0008620114
39,103,9.0,0.00083711755
39,103,10.0,0.0008282844
39,103,11.0,0.0010576674
39,103,12.0,0.0013074266
39,103,13.0,0.0012953378
39,103,14.0,0.0010719036
39,104,0.0,3.5947807e-05
39,104,1.0,3.47321e-05
39,104,2.0,4.50764e-05
39,104,3.0,4.158693e-05
39,104,4.0,8.12873e-05
39,104,5.0,0.00011580066
39,104,6.0,0.00013636232
39,104,7.0,0.00013609657
39,104,8.0,0.00010656259
39,104,9.0,9.270624e-05
39,104,10.0,0.00012154168
39,104,11.0,0.00012775892
39,104,12.0,0.00013694314
39,104,13.0,0.00020198475
39,104,14.0,0.00017642346
39,105,0.0,6.8760664e-07
39,105,1.0,1.1957554e-06
39,105,2.0,9.313376e-07
39,105,3.0,2.8572872e-06
39,105,4.0,5.5763144e-06
39,105,5.0,3.711284e-06
39,105,6.0,6.545689e-06
39,105,7.0,1.4172502e-05
39,105,8.0,1.684646e-05
39,105,9.0,1.3828112e-05
39,105,10.0,1.5105981e-05
39,105,11.0,2.0768264e-05
39,105,12.0,3.073329e-05
39,105,13.0,4.3050542e-05
39,105,14.0,4.7061654e-05
39,106,0.0,9.453841e-06
39,106,1.0,1.12408e-06
39,106,2.0,3.0958975e-07
39,106,3.0,3.2647645e-07
39,106,4.0,1.3632639e-07
39,106,5.0,3.1404267e-07
39,106,6.0,5.7615598e-08
39,106,7.0,0.0
39,106,8.0,0.0
39,106,9.0,3.297378e-10
39,106,10.0,6.805505e-07
39,106,11.0,3.3861042e-07
39,106,12.0,1.8983621e-07
39,106,13.0,2.4385398e-07
39,106,14.0,3.619029e-08
39,107,0.0,9.9326805e-08
39,107,1.0,1.5988453e-08
39,107,2.0,0.0
39,107,3.0,1.376831e-08
39,107,4.0,1.6983714e-08
39,107,5.0,1.162886e-08
39,107,6.0,5.3140358e-08
39,107,7.0,2.720294e-07
39,107,8.0,8.246595e-07
39,107,9.0,9.760523e-07
39,107,10.0,3.3962553e-07
39,107,11.0,1.2032311e-07
39,107,12.0,8.291097e-08
39,107,13.0,3.2164525e-07
39,107,14.0,4.1253043e-07
39,108,0.0,1.2548572e-06
39,108,1.0,2.2108468e-07
39,108,2.0,5.7757586e-07
39,108,3.0,9.7406634e-08
39,108,4.0,4.2941355e-07
39,108,5.0,3.6098305e-07
39,108,6.0,1.0477374e-07
39,108,7.0,1.1305231e-07
39,108,8.0,6.728743e-07
39,108,9.0,6.002688e-07
39,108,10.0,1.4370191e-07
39,108,11.0,1.6548876e-07
39,108,12.0,1.5475439e-07
39,108,13.0,1.2707346e-07
39,108,14.0,6.7326646e-08
39,109,0.0,2.4201354e-08
39,109,1.0,3.0698732e-06
39,109,2.0,4.1116786e-07
39,109,3.0,3.1108743e-06
39,109,4.0,3.372521e-07
39,109,5.0,4.1631107e-08
39,109,6.0,1.9582698e-08
39,109,7.0,2.4988463e-08
39,109,8.0,1.6181073e-07
39,109,9.0,6.3512766e-07
39,109,10.0,5.3796674e-07
39,109,11.0,1.7351203e-07
39,109,12.0,3.6412612e-07
39,109,13.0,7.6361533e-07
39,109,14.0,9.1431093e-07
40,88,0.0,3.784075e-07
40,88,1.0,6.5643793e-09
40,88,2.0,1.743423e-08
40,88,3.0,2.4714424e-07
40,88,4.0,1.4321567e-07
40,88,5.0,4.716988e-08
40,88,6.0,8.183886e-08
40,88,7.0,5.279337e-07
40,88,8.0,2.1231081e-07
40,88,9.0,3.4795704e-09
40,88,10.0,5.984624e-08
40,88,11.0,2.273042e-07
40,88,12.0,4.4874692e-08
40,88,13.0,1.3631464e-07
40,88,14.0,2.5508922e-07
40,89,0.0,1.0794919e-07
40,89,1.0,0.0
40,89,2.0,5.0503096e-10
40,89,3.0,4.5141785e-08
40,89,4.0,2.274096e-07
40,89,5.0,1.1263601e-06
40,89,6.0,3.4343407e-07
40,89,7.0,5.9039795e-09
40,89,8.0,0.0
40,89,9.0,1.33186075e-11
40,89,10.0,1.0086229e-08
40,89,11.0,3.5535143e-07
40,89,12.0,6.9137593e-07
40,89,13.0,3.7004688e-07
40,89,14.0,5.230258e-08
40,90,0.0,2.6861474e-07
40,90,1.0,2.5111214e-07
40,90,2.0,2.8152672e-07
40,90,3.0,1.2706926e-07
40,90,4.0,1.2285388e-07
40,90,5.0,1.5472251e-07
40,90,6.0,6.815011e-08
40,90,7.0,1.4011961e-07
40,90,8.0,6.351806e-09
40,90,9.0,8.4664206e-11
40,90,10.0,0.0
40,90,11.0,0.0
40,90,12.0,3.3196482e-10
40,90,13.0,3.150782e-08
40,90,14.0,8.414975e-08
40,91,0.0,7.9515345e-08
40,91,1.0,0.0
40,91,2.0,5.3992516e-10
40,91,3.0,3.5112866e-08
40,91,4.0,4.1931107e-09
40,91,5.0,3.9809816e-08
40,91,6.0,6.145076e-07
40,91,7.0,2.6904352e-06
40,91,8.0,6.062186e-06
40,91,9.0,3.8981366e-06
40,91,10.0,1.9076413e-07
40,91,11.0,1.476801e-06
40,91,12.0,3.028702e-06
40,91,13.0,1.5304303e-06
40,91,14.0,5.8223605e-07
40,92,0.0,7.2136565e-05
40,92,1.0,7.027583e-05
40,92,2.0,7.80535e-05
40,92,3.0,5.5140652e-05
40,92,4.0,2.9973044e-05
40,92,5.0,6.696937e-05
40,92,6.0,3.697304e-05
40,92,7.0,2.9841776e-05
40,92,8.0,6.201261e-05
40,92,9.0,8.6313514e-05
40,92,10.0,8.47573e-05
40,92,11.0,5.245907e-05
40,92,12.0,8.218843e-05
40,92,13.0,0.00014515758
40,92,14.0,0.00028684994
40,93,0.0,0.0012211124
40,93,1.0,0.0007232147
40,93,2.0,0.00048587946
40,93,3.0,0.0005089969
40,93,4.0,0.00063618395
40,93,5.0,0.00077830866
40,93,6.0,0.00084792054
40,93,7.0,0.00084146345
40,93,8.0,0.0008763423
40,93,9.0,0.0010148893
40,93,10.0,0.001029383
40,93,11.0,0.0010798075
40,93,12.0,0.001119529
40,93,13.0,0.0011697698
40,93,14.0,0.0015325061
40,94,0.0,0.007073457
40,94,1.0,0.00643893
40,94,2.0,0.0054884916
40,94,3.0,0.004303861
40,94,4.0,0.0041823215
40,94,5.0,0.004370267
40,94,6.0,0.0048876447
40,94,7.0,0.006297901
40,94,8.0,0.0077011953
40,94,9.0,0.008487668
40,94,10.0,0.007997798
40,94,11.0,0.0072881924
40,94,12.0,0.00748126
40,94,13.0,0.008674045
40,94,14.0,0.010502389
40,95,0.0,0.03659487
40,95,1.0,0.034020733
40,95,2.0,0.02684493
40,95,3.0,0.027008982
40,95,4.0,0.024839003
40,95,5.0,0.023431452
40,95,6.0,0.025349647
40,95,7.0,0.02837216
40,95,8.0,0.032444097
40,95,9.0,0.035066027
40,95,10.0,0.033555865
40,95,11.0,0.034549568
40,95,12.0,0.03291869
40,95,13.0,0.03374461
40,95,14.0,0.044378735
40,96,0.0,0.13091704
40,96,1.0,0.12428745
40,96,2.0,0.10818981
40,96,3.0,0.10377762
40,96,4.0,0.100583896
40,96,5.0,0.10027189
40,96,6.0,0.101004206
40,96,7.0,0.10963358
40,96,8.0,0.122841075
40,96,9.0,0.13256928
40,96,10.0,0.12873775
40,96,11.0,0.12283014
40,96,12.0,0.12765458
40,96,13.0,0.13593291
40,96,14.0,0.14906289
40,97,0.0,0.2775831
40,97,1.0,0.28236833
40,97,2.0,0.25394666
40,97,3.0,0.23672493
40,97,4.0,0.22908421
40,97,5.0,0.22056134
40,97,6.0,0.22620922
40,97,7.0,0.24316725
40,97,8.0,0.2625791
40,97,9.0,0.26880488
40,97,10.0,0.26329494
40,97,11.0,0.25281766
40,97,12.0,0.24985105
40,97,13.0,0.26271072
40,97,14.0,0.29017627
40,98,0.0,0.50739217
40,98,1.0,0.49656388
40,98,2.0,0.47561282
40,98,3.0,0.44313574
40,98,4.0,0.4319884
40,98,5.0,0.40908292
40,98,6.0,0.40785503
40,98,7.0,0.4295391
40,98,8.0,0.4558935
40,98,9.0,0.47543374
40,98,10.0,0.45067066
40,98,11.0,0.43696752
40,98,12.0,0.4219107
40,98,13.0,0.43557748
40,98,14.0,0.45134383
40,99,0.0,0.57151526
40,99,1.0,0.589566
40,99,2.0,0.54165983
40,99,3.0,0.50973725
40,99,4.0,0.48687395
40,99,5.0,0.46494886
40,99,6.0,0.46629453
40,99,7.0,0.47837472
40,99,8.0,0.4861983
40,99,9.0,0.48639795
40,99,10.0,0.47536042
40,99,11.0,0.4593101
40,99,12.0,0.4395635
40,99,13.0,0.43440703
40,99,14.0,0.44039333
40,100,0.0,0.6234424
40,100,1.0,0.6087109
40,100,2.0,0.5845575
40,100,3.0,0.539899
40,100,4.0,0.5206692
40,100,5.0,0.49225643
40,100,6.0,0.4764381
40,100,7.0,0.49105287
40,100,8.0,0.47968012
40,100,9.0,0.47261068
40,100,10.0,0.4567241
40,100,11.0,0.43676522
40,100,12.0,0.41703454
40,100,13.0,0.39740217
40,100,14.0,0.38546768
40,101,0.0,0.37462983
40,101,1.0,0.38249317
40,101,2.0,0.3464433
40,101,3.0,0.33024442
40,101,4.0,0.31440496
40,101,5.0,0.29504958
40,101,6.0,0.28788352
40,101,7.0,0.26909485
40,101,8.0,0.2628998
40,101,9.0,0.26500264
40,101,10.0,0.25737095
40,101,11.0,0.24089992
40,101,12.0,0.23632222
40,101,13.0,0.22629032
40,101,14.0,0.2139679
40,102,0.0,0.17154132
40,102,1.0,0.16241968
40,102,2.0,0.16481726
40,102,3.0,0.146478
40,102,4.0,0.14934608
40,102,5.0,0.145628
40,102,6.0,0.1344179
40,102,7.0,0.12612227
40,102,8.0,0.119784154
40,102,9.0,0.11876364
40,102,10.0,0.11664861
40,102,11.0,0.11978508
40,102,12.0,0.11341822
40,102,13.0,0.09954724
40,102,14.0,0.09265528
40,103,0.0,0.044762377
40,103,1.0,0.04587582
40,103,2.0,0.0453109
40,103,3.0,0.045888804
40,103,4.0,0.042163625
40,103,5.0,0.04263353
40,103,6.0,0.041139595
40,103,7.0,0.037286334
40,103,8.0,0.034011114
40,103,9.0,0.034299128
40,103,10.0,0.03695821
40,103,11.0,0.038087185
40,103,12.0,0.034413412
40,103,13.0,0.02845392
40,103,14.0,0.02902385
40,104,0.0,0.009559309
40,104,1.0,0.008600424
40,104,2.0,0.0088117095
40,104,3.0,0.009067938
40,104,4.0,0.009392988
40,104,5.0,0.009928991
40,104,6.0,0.009467915
40,104,7.0,0.008474515
40,104,8.0,0.007940905
40,104,9.0,0.008358239
40,104,10.0,0.0098573435
40,104,11.0,0.010590913
40,104,12.0,0.010659385
40,104,13.0,0.010375551
40,104,14.0,0.009150442
40,105,0.0,0.0010333857
40,105,1.0,0.0013706009
40,105,2.0,0.0011162603
40,105,3.0,0.0015010937
40,105,4.0,0.0015128527
40,105,5.0,0.0014561432
40,105,6.0,0.0013732031
40,105,7.0,0.0012641405
40,105,8.0,0.0012944066
40,105,9.0,0.0013797175
40,105,10.0,0.0016036312
40,105,11.0,0.0020966947
40,105,12.0,0.0023726888
40,105,13.0,0.0022158357
40,105,14.0,0.0021192934
40,106,0.0,0.00025111545
40,106,1.0,0.00029563103
40,106,2.0,0.00014513652
40,106,3.0,0.0003518968
40,106,4.0,0.00022749518
40,106,5.0,0.0001993184
40,106,6.0,0.00027748884
40,106,7.0,0.00037969867
40,106,8.0,0.00040059388
40,106,9.0,0.00026848086
40,106,10.0,0.0002941133
40,106,11.0,0.0005092581
40,106,12.0,0.0006439723
40,106,13.0,0.0006612811
40,106,14.0,0.00049061165
40,107,0.0,5.5132663e-05
40,107,1.0,8.395351e-05
40,107,2.0,6.2561936e-05
40,107,3.0,4.097475e-05
40,107,4.0,1.6386375e-05
40,107,5.0,1.2061116e-05
40,107,6.0,2.0663503e-05
40,107,7.0,1.6822427e-05
40,107,8.0,1.3999634e-05
40,107,9.0,1.4108597e-05
40,107,10.0,1.5637363e-05
40,107,11.0,2.7715228e-05
40,107,12.0,5.576021e-05
40,107,13.0,6.623744e-05
40,107,14.0,4.395559e-05
40,108,0.0,1.4665422e-07
40,108,1.0,1.1945249e-05
40,108,2.0,2.9272629e-05
40,108,3.0,6.271475e-06
40,108,4.0,3.7288802e-07
40,108,5.0,2.1230298e-06
40,108,6.0,1.0995779e-05
40,108,7.0,9.773945e-06
40,108,8.0,1.2954333e-05
40,108,9.0,1.1803569e-05
40,108,10.0,9.202045e-06
40,108,11.0,1.2780004e-05
40,108,12.0,6.6427915e-06
40,108,13.0,3.9910497e-06
40,108,14.0,9.736563e-07
40,109,0.0,9.527278e-08
40,109,1.0,5.573869e-07
40,109,2.0,2.5052643e-07
40,109,3.0,1.4526418e-07
40,109,4.0,0.0
40,109,5.0,4.4895007e-08
40,109,6.0,9.8556995e-08
40,109,7.0,1.6786067e-06
40,109,8.0,5.617178e-07
40,109,9.0,1.5499221e-08
40,109,10.0,0.0
40,109,11.0,0.0
40,109,12.0,1.1867144e-07
40,109,13.0,1.3476151e-06
40,109,14.0,3.2310513e-07
40,110,0.0,2.735395e-07
40,110,1.0,6.776458e-08
40,110,2.0,4.5842814e-09
40,110,3.0,4.6102826e-07
40,110,4.0,1.1001202e-06
40,110,5.0,5.2890385e-07
40,110,6.0,3.361129e-08
40,110,7.0,2.0790824e-07
40,110,8.0,2.0871059e-07
40,110,9.0,8.175831e-08
40,110,10.0,1.8228873e-07
40,110,11.0,4.912493e-07
40,110,12.0,4.5293066e-07
40,110,13.0,2.3872124e-07
40,110,14.0,1.544279e-07
40,111,0.0,1.676791e-06
40,111,1.0,2.450968e-13
40,111,2.0,6.505334e-08
40,111,3.0,2.0127747e-11
40,111,4.0,0.0
40,111,5.0,0.0
40,111,6.0,2.7032888e-07
40,111,7.0,1.2284221e-07
40,111,8.0,7.765026e-08
40,111,9.0,1.6301291e-07
40,111,10.0,4.35025e-07
40,111,11.0,2.2601135e-07
40,111,12.0,1.4929431e-07
40,111,13.0,1.2571185e-07
40,111,14.0,7.919631e-08
40,112,0.0,1.9373516e-07
40,112,1.0,7.3971876e-08
40,112,2.0,4.9156395e-08
40,112,3.0,9.0035236e-08
40,112,4.0,1.2282301e-07
40,112,5.0,1.7944384e-07
40,112,6.0,2.8846551e-07
40,112,7.0,4.653382e-09
40,112,8.0,7.463936e-09
40,112,9.0,1.4640734e-07
40,112,10.0,1.5486188e-08
40,112,11.0,6.898292e-08
40,112,12.0,8.708155e-08
40,112,13.0,6.5564116e-08
40,112,14.0,4.3005278e-07
41,90,0.0,1.9162539e-07
41,90,1.0,2.89652e-07
41,90,2.0,3.216991e-07
41,90,3.0,5.0802197e-07
41,90,4.0,6.5633905e-08
41,90,5.0,4.299949e-11
41,90,6.0,1.5302924e-09
41,90,7.0,6.7384185e-08
41,90,8.0,3.6683153e-07
41,90,9.0,8.5742414e-07
41,90,10.0,7.3084544e-07
41,90,11.0,9.745468e-07
41,90,12.0,6.7112745e-07
41,90,13.0,1.6774528e-07
41,90,14.0,0.0
41,91,0.0,8.0107384e-07
41,91,1.0,7.609398e-07
41,91,2.0,4.2743764e-08
41,91,3.0,1.6617557e-07
41,91,4.0,1.1612861e-06
41,91,5.0,8.198926e-07
41,91,6.0,2.548445e-07
41,91,7.0,1.6627492e-07
41,91,8.0,3.7670293e-07
41,91,9.0,5.220264e-07
41,91,10.0,2.0392945e-07
41,91,11.0,6.799451e-08
41,91,12.0,4.7954396e-09
41,91,13.0,0.0
41,91,14.0,0.0
41,92,0.0,2.7458398e-07
41,92,1.0,1.6689687e-07
41,92,2.0,1.3291518e-09
41,92,3.0,0.0
41,92,4.0,4.5702744e-10
41,92,5.0,5.3661115e-08
41,92,6.0,1.2338212e-08
41,92,7.0,8.8542365e-09
41,92,8.0,5.3464464e-09
41,92,9.0,3.2780418e-09
41,92,10.0,1.1520001e-08
41,92,11.0,1.6905776e-07
41,92,12.0,1.3265101e-07
41,92,13.0,1.539239e-07
41,92,14.0,1.360118e-07
41,93,0.0,9.293309e-08
41,93,1.0,9.998729e-07
41,93,2.0,9.4353624e-08
41,93,3.0,8.8010856e-11
41,93,4.0,4.1081904e-07
41,93,5.0,1.1459589e-06
41,93,6.0,1.6478992e-06
41,93,7.0,1.5624934e-06
41,93,8.0,5.29689e-07
41,93,9.0,3.0366516e-07
41,93,10.0,1.3560846e-07
41,93,11.0,2.1770148e-09
41,93,12.0,9.267777e-09
41,93,13.0,1.3427879e-07
41,93,14.0,5.8243216e-07
41,94,0.0,7.4148097e-06
41,94,1.0,8.2152127e-07
41,94,2.0,9.355024e-06
41,94,3.0,1.3951957e-05
41,94,4.0,1.6230699e-05
41,94,5.0,1.571694e-05
41,94,6.0,1.571829e-05
41,94,7.0,1.056005e-05
41,94,8.0,1.5350266e-05
41,94,9.0,1.5192007e-05
41,94,10.0,1.5060026e-05
41,94,11.0,6.2012045e-06
41,94,12.0,5.5944233e-06
41,94,13.0,2.9131537e-05
41,94,14.0,3.075572e-05
41,95,0.0,7.99987e-05
41,95,1.0,0.00011289747
41,95,2.0,0.0001431408
41,95,3.0,0.00016923604
41,95,4.0,0.00014374503
41,95,5.0,0.00016507616
41,95,6.0,0.00013264033
41,95,7.0,0.00015499914
41,95,8.0,0.0002114714
41,95,9.0,0.00024404933
41,95,10.0,0.00024154506
41,95,11.0,0.00022283956
41,95,12.0,0.00025507557
41,95,13.0,0.00023061052
41,95,14.0,0.00037185915
41,96,0.0,0.000990837
41,96,1.0,0.0015054771
41,96,2.0,0.0013255087
41,96,3.0,0.0012614762
41,96,4.0,0.0013855316
41,96,5.0,0.0011716927
41,96,6.0,0.0011891635
41,96,7.0,0.001530754
41,96,8.0,0.0017916044
41,96,9.0,0.0021675488
41,96,10.0,0.0025958016
41,96,11.0,0.0027838123
41,96,12.0,0.0023164817
41,96,13.0,0.0023439082
41,96,14.0,0.0027311917
41,97,0.0,0.007969742
41,97,1.0,0.009504168
41,97,2.0,0.0097370725
41,97,3.0,0.009481581
41,97,4.0,0.008893319
41,97,5.0,0.008614091
41,97,6.0,0.009252826
41,97,7.0,0.010298242
41,97,8.0,0.011057452
41,97,9.0,0.012016277
41,97,10.0,0.0133937765
41,97,11.0,0.0153206065
41,97,12.0,0.014018354
41,97,13.0,0.013853435
41,97,14.0,0.017142957
41,98,0.0,0.037439197
41,98,1.0,0.038275577
41,98,2.0,0.042383302
41,98,3.0,0.039399557
41,98,4.0,0.039338715
41,98,5.0,0.03936348
41,98,6.0,0.03775965
41,98,7.0,0.041286413
41,98,8.0,0.046552263
41,98,9.0,0.050002553
41,98,10.0,0.051479764
41,98,11.0,0.050792627
41,98,12.0,0.051222343
41,98,13.0,0.055125065
41,98,14.0,0.059635684
41,99,0.0,0.106163934
41,99,1.0,0.12048784
41,99,2.0,0.12746479
41,99,3.0,0.13025644
41,99,4.0,0.124579586
41,99,5.0,0.1208833
41,99,6.0,0.12162027
41,99,7.0,0.12728932
41,99,8.0,0.13328259
41,99,9.0,0.13957734
41,99,10.0,0.1417428
41,99,11.0,0.1383658
41,99,12.0,0.13840707
41,99,13.0,0.14602838
41,99,14.0,0.15466243
41,100,0.0,0.21653551
41,100,1.0,0.233802
41,100,2.0,0.26711002
41,100,3.0,0.26740134
41,100,4.0,0.25199845
41,100,5.0,0.2443346
41,100,6.0,0.23753881
41,100,7.0,0.236069
41,100,8.0,0.24162278
41,100,9.0,0.25157854
41,100,10.0,0.25869858
41,100,11.0,0.2538105
41,100,12.0,0.24996535
41,100,13.0,0.24964514
41,100,14.0,0.25068676
41,101,0.0,0.36010027
41,101,1.0,0.37780368
41,101,2.0,0.42490157
41,101,3.0,0.42162114
41,101,4.0,0.40545988
41,101,5.0,0.39504117
41,101,6.0,0.3695571
41,101,7.0,0.3538612
41,101,8.0,0.35279626
41,101,9.0,0.36036134
41,101,10.0,0.37568468
41,101,11.0,0.38250583
41,101,12.0,0.36061832
41,101,13.0,0.33638576
41,101,14.0,0.3315758
41,102,0.0,0.33515546
41,102,1.0,0.3790146
41,102,2.0,0.3918068
41,102,3.0,0.39223728
41,102,4.0,0.3823999
41,102,5.0,0.3687208
41,102,6.0,0.3506521
41,102,7.0,0.3338516
41,102,8.0,0.3249308
41,102,9.0,0.32381713
41,102,10.0,0.3244242
41,102,11.0,0.31625924
41,102,12.0,0.30163226
41,102,13.0,0.2865373
41,102,14.0,0.28108057
41,103,0.0,0.22809753
41,103,1.0,0.24342664
41,103,2.0,0.28467295
41,103,3.0,0.29234877
41,103,4.0,0.29053813
41,103,5.0,0.27807227
41,103,6.0,0.25316358
41,103,7.0,0.2329964
41,103,8.0,0.22437155
41,103,9.0,0.22656192
41,103,10.0,0.23280637
41,103,11.0,0.23167333
41,103,12.0,0.21788836
41,103,13.0,0.20081535
41,103,14.0,0.19238286
41,104,0.0,0.09536346
41,104,1.0,0.11082413
41,104,2.0,0.12281251
41,104,3.0,0.1289941
41,104,4.0,0.12943101
41,104,5.0,0.13086739
41,104,6.0,0.12341705
41,104,7.0,0.115439065
41,104,8.0,0.1097574
41,104,9.0,0.110300615
41,104,10.0,0.11336365
41,104,11.0,0.114233404
41,104,12.0,0.110455684
41,104,13.0,0.10171986
41,104,14.0,0.09769863
41,105,0.0,0.03141606
41,105,1.0,0.036541283
41,105,2.0,0.04412738
41,105,3.0,0.04685921
41,105,4.0,0.046387255
41,105,5.0,0.050444607
41,105,6.0,0.05148874
41,105,7.0,0.046309177
41,105,8.0,0.04359914
41,105,9.0,0.044712514
41,105,10.0,0.049139243
41,105,11.0,0.054019425
41,105,12.0,0.052845903
41,105,13.0,0.04949417
41,105,14.0,0.045859136
41,106,0.0,0.007813013
41,106,1.0,0.010491882
41,106,2.0,0.012718702
41,106,3.0,0.015650807
41,106,4.0,0.015462244
41,106,5.0,0.017009756
41,106,6.0,0.018089242
41,106,7.0,0.016492564
41,106,8.0,0.015273463
41,106,9.0,0.014541629
41,106,10.0,0.01552511
41,106,11.0,0.017949795
41,106,12.0,0.019178405
41,106,13.0,0.019142887
41,106,14.0,0.018432252
41,107,0.0,0.0023332473
41,107,1.0,0.0033170322
41,107,2.0,0.0042894455
41,107,3.0,0.0042781383
41,107,4.0,0.0051144296
41,107,5.0,0.00565133
41,107,6.0,0.0054748566
41,107,7.0,0.004712872
41,107,8.0,0.004166248
41,107,9.0,0.0044901143
41,107,10.0,0.0052506356
41,107,11.0,0.005893948
41,107,12.0,0.006352057
41,107,13.0,0.0060887253
41,107,14.0,0.0059345365
41,108,0.0,0.00068515126
41,108,1.0,0.0011066279
41,108,2.0,0.001054305
41,108,3.0,0.0010105952
41,108,4.0,0.0012090657
41,108,5.0,0.0013846074
41,108,6.0,0.0015554773
41,108,7.0,0.0014662516
41,108,8.0,0.0012842193
41,108,9.0,0.0013987295
41,108,10.0,0.0014144577
41,108,11.0,0.0016900247
41,108,12.0,0.0017508211
41,108,13.0,0.0018512722
41,108,14.0,0.00193565
41,109,0.0,7.8900724e-05
41,109,1.0,0.00014900375
41,109,2.0,0.0002521376
41,109,3.0,0.0005153135
41,109,4.0,0.00045938577
41,109,5.0,0.00037136502
41,109,6.0,0.00034106846
41,109,7.0,0.0003625194
41,109,8.0,0.0003673898
41,109,9.0,0.0002677385
41,109,10.0,0.00033093742
41,109,11.0,0.00035024915
41,109,12.0,0.0004084397
41,109,13.0,0.0003701515
41,109,14.0,0.00034233456
41,110,0.0,1.7412734e-05
41,110,1.0,5.407437e-05
41,110,2.0,8.184274e-05
41,110,3.0,0.00015162308
41,110,4.0,0.00012576388
41,110,5.0,0.00010933374
41,110,6.0,0.00010010567
41,110,7.0,9.206697e-05
41,110,8.0,9.741128e-05
41,110,9.0,0.0001015184
41,110,10.0,6.6850436e-05
41,110,11.0,9.2305694e-05
41,110,12.0,9.899864e-05
41,110,13.0,0.00012103594
41,110,14.0,0.00014448311
41,111,0.0,4.9856897e-08
41,111,1.0,2.1447403e-07
41,111,2.0,8.067992e-07
41,111,3.0,2.1751242e-05
41,111,4.0,3.933572e-05
41,111,5.0,4.9044073e-05
41,111,6.0,4.3146054e-05
41,111,7.0,2.732245e-05
41,111,8.0,1.4864997e-05
41,111,9.0,5.9720037e-06
41,111,10.0,1.0383256e-06
41,111,11.0,7.4024655e-08
41,111,12.0,2.465574e-06
41,111,13.0,1.151675e-05
41,111,14.0,1.026107e-05
41,112,0.0,4.918016e-07
41,112,1.0,6.989026e-08
41,112,2.0,5.340637e-09
41,112,3.0,0.0
41,112,4.0,6.1910455e-09
41,112,5.0,8.790167e-08
41,112,6.0,3.1181983e-07
41,112,7.0,8.6797814e-07
41,112,8.0,1.2979187e-06
41,112,9.0,6.7340477e-07
41,112,10.0,8.817781e-08
41,112,11.0,4.0383497e-09
41,112,12.0,1.2386466e-08
41,112,13.0,7.360307e-08
41,112,14.0,2.7369978e-08
41,113,0.0,2.132935e-09
41,113,1.0,0.0
41,113,2.0,9.132335e-08
41,113,3.0,1.503985e-07
41,113,4.0,1.8788072e-07
41,113,5.0,1.0528041e-07
41,113,6.0,1.376773e-07
41,113,7.0,8.2375635e-08
41,113,8.0,5.3035407e-08
41,113,9.0,6.252232e-08
41,113,10.0,4.7321097e-07
41,113,11.0,1.4524894e-06
41,113,12.0,6.0185874e-07
41,113,13.0,1.606127e-07
41,113,14.0,4.5319976e-07
41,114,0.0,5.8967885e-07
41,114,1.0,4.828366e-12
41,114,2.0,4.296379e-09
41,114,3.0,5.7697633e-09
41,114,4.0,7.6172e-10
41,114,5.0,9.7591354e-08
41,114,6.0,9.605739e-08
41,114,7.0,4.0213703e-08
41,114,8.0,3.019167e-08
41,114,9.0,1.6149266e-07
41,114,10.0,3.612111e-07
41,114,11.0,2.274843e-07
41,114,12.0,2.7483625e-07
41,114,13.0,7.425782e-07
41,114,14.0,9.619189e-07
41,115,0.0,5.8454697e-07
41,115,1.0,1.9153018e-07
41,115,2.0,2.116747e-08
41,115,3.0,3.7304144e-08
41,115,4.0,1.2261945e-07
41,115,5.0,4.076706e-08
41,115,6.0,1.3855653e-07
41,115,7.0,2.071994e-07
41,115,8.0,3.388345e-07
41,115,9.0,1.2803724e-06
41,115,10.0,2.1396212e-07
41,115,11.0,6.6554056e-09
41,115,12.0,9.983804e-10
41,115,13.0,2.2283957e-07
41,115,14.0,2.0821083e-06
42,92,0.0,3.618405e-07
42,92,1.0,1.05110516e-07
42,92,2.0,4.0468177e-07
42,92,3.0,2.0812458e-07
42,92,4.0,4.3924743e-07
42,92,5.0,5.312597e-07
42,92,6.0,7.9011365e-08
42,92,7.0,1.2504746e-07
42,92,8.0,9.939492e-08
42,92,9.0,1.0678177e-07
42,92,10.0,1.0363556e-07
42,92,11.0,2.5547612e-08
42,92,12.0,4.5120473e-07
42,92,13.0,7.592828e-07
42,92,14.0,1.5620351e-07
42,93,0.0,5.8705143e-07
42,93,1.0,1.04383986e-07
42,93,2.0,2.5495692e-07
42,93,3.0,7.1866936e-07
42,93,4.0,3.2268483e-07
42,93,5.0,1.4737331e-07
42,93,6.0,1.9393718e-07
42,93,7.0,3.0841684e-07
42,93,8.0,5.9051575e-07
42,93,9.0,7.201795e-07
42,93,10.0,5.223128e-07
42,93,11.0,2.7125174e-07
42,93,12.0,2.4189427e-08
42,93,13.0,6.859342e-09
42,93,14.0,3.3598884e-08
42,94,0.0,5.731049e-08
42,94,1.0,1.9177558e-07
42,94,2.0,2.996612e-07
42,94,3.0,2.4141383e-07
42,94,4.0,2.0331414e-07
42,94,5.0,7.972487e-08
42,94,6.0,1.6923507e-07
42,94,7.0,3.9476075e-07
42,94,8.0,4.8967184e-08
42,94,9.0,9.658543e-07
42,94,10.0,7.015952e-07
42,94,11.0,2.915111e-07
42,94,12.0,7.946263e-08
42,94,13.0,6.5622083e-07
42,94,14.0,3.262448e-07
42,95,0.0,0.0
42,95,1.0,6.22474e-09
42,95,2.0,1.0462944e-10
42,95,3.0,1.08762684e-07
42,95,4.0,1.0750714e-07
42,95,5.0,6.8087935e-09
42,95,6.0,0.0
42,95,7.0,0.0
42,95,8.0,0.0
42,95,9.0,4.9285204e-11
42,95,10.0,6.259352e-08
42,95,11.0,1.3708728e-07
42,95,12.0,3.899013e-08
42,95,13.0,8.379146e-08
42,95,14.0,3.271307e-08
42,96,0.0,4.6502563e-10
42,96,1.0,6.1417663e-06
42,96,2.0,0.0
42,96,3.0,0.0
42,96,4.0,2.6516267e-11
42,96,5.0,0.0
42,96,6.0,5.425139e-09
42,96,7.0,3.28541e-06
42,96,8.0,6.273508e-06
42,96,9.0,1.9803674e-06
42,96,10.0,1.441641e-07
42,96,11.0,0.0
42,96,12.0,5.46542e-08
42,96,13.0,2.1357719e-06
42,96,14.0,1.10823785e-05
42,97,0.0,8.282487e-05
42,97,1.0,0.00011093014
42,97,2.0,3.9697017e-05
42,97,3.0,6.399789e-05
42,97,4.0,7.470924e-05
42,97,5.0,7.5382944e-05
42,97,6.0,8.463937e-05
42,97,7.0,0.00014043773
42,97,8.0,0.0002501518
42,97,9.0,0.00018907539
42,97,10.0,0.0001659393
42,97,11.0,0.00019742227
42,97,12.0,0.00021531877
42,97,13.0,0.00022988944
42,97,14.0,0.0002610419
42,98,0.0,0.00096925034
42,98,1.0,0.0011631047
42,98,2.0,0.0010867481
42,98,3.0,0.00096265686
42,98,4.0,0.00090841803
42,98,5.0,0.00084087224
42,98,6.0,0.0008829038
42,98,7.0,0.0010416684
42,98,8.0,0.0012261865
42,98,9.0,0.0014697729
42,98,10.0,0.0016702891
42,98,11.0,0.0015898745
42,98,12.0,0.0016191019
42,98,13.0,0.0018446944
42,98,14.0,0.0020886846
42,99,0.0,0.006377024
42,99,1.0,0.006819095
42,99,2.0,0.0064866175
42,99,3.0,0.005096305
42,99,4.0,0.0049037877
42,99,5.0,0.0049293903
42,99,6.0,0.004965881
42,99,7.0,0.0056326464
42,99,8.0,0.006752229
42,99,9.0,0.007595035
42,99,10.0,0.008359994
42,99,11.0,0.009207543
42,99,12.0,0.008685943
42,99,13.0,0.008736156
42,99,14.0,0.010577474
42,100,0.0,0.030589405
42,100,1.0,0.03177833
42,100,2.0,0.029388497
42,100,3.0,0.02564048
42,100,4.0,0.025959352
42,100,5.0,0.024539076
42,100,6.0,0.02514948
42,100,7.0,0.028970787
42,100,8.0,0.032548316
42,100,9.0,0.032676306
42,100,10.0,0.032798406
42,100,11.0,0.033615846
42,100,12.0,0.03474903
42,100,13.0,0.035767477
42,100,14.0,0.040394936
42,101,0.0,0.07664244
42,101,1.0,0.08426798
42,101,2.0,0.08001637
42,101,3.0,0.07803732
42,101,4.0,0.07022187
42,101,5.0,0.06895516
42,101,6.0,0.067224324
42,101,7.0,0.073722534
42,101,8.0,0.078824505
42,101,9.0,0.07919038
42,101,10.0,0.08012707
42,101,11.0,0.080797106
42,101,12.0,0.07945662
42,101,13.0,0.077786006
42,101,14.0,0.082410656
42,102,0.0,0.17142737
42,102,1.0,0.18881766
42,102,2.0,0.17286427
42,102,3.0,0.16328233
42,102,4.0,0.15945175
42,102,5.0,0.14594668
42,102,6.0,0.14957659
42,102,7.0,0.15383847
42,102,8.0,0.15961356
42,102,9.0,0.15981396
42,102,10.0,0.15646502
42,102,11.0,0.15160042
42,102,12.0,0.14890459
42,102,13.0,0.15533976
42,102,14.0,0.15781523
42,103,0.0,0.19636177
42,103,1.0,0.20167893
42,103,2.0,0.21020882
42,103,3.0,0.21223724
42,103,4.0,0.20426385
42,103,5.0,0.19738305
42,103,6.0,0.19142674
42,103,7.0,0.18642686
42,103,8.0,0.18202147
42,103,9.0,0.17872763
42,103,10.0,0.17999266
42,103,11.0,0.18259062
42,103,12.0,0.1797761
42,103,13.0,0.17441893
42,103,14.0,0.17470735
42,104,0.0,0.18187301
42,104,1.0,0.20680463
42,104,2.0,0.20857534
42,104,3.0,0.20240381
42,104,4.0,0.20857225
42,104,5.0,0.21203895
42,104,6.0,0.21352576
42,104,7.0,0.19268727
42,104,8.0,0.17952587
42,104,9.0,0.18445356
42,104,10.0,0.187202
42,104,11.0,0.19647405
42,104,12.0,0.1903927
42,104,13.0,0.18941046
42,104,14.0,0.169561
42,105,0.0,0.09964247
42,105,1.0,0.11010278
42,105,2.0,0.12245126
42,105,3.0,0.1264995
42,105,4.0,0.12712286
42,105,5.0,0.12850207
42,105,6.0,0.13021758
42,105,7.0,0.12586047
42,105,8.0,0.11991629
42,105,9.0,0.11829812
42,105,10.0,0.123482585
42,105,11.0,0.12440467
42,105,12.0,0.1286354
42,105,13.0,0.1280916
42,105,14.0,0.12484327
42,106,0.0,0.04425073
42,106,1.0,0.05895604
42,106,2.0,0.06416456
42,106,3.0,0.07128499
42,106,4.0,0.07852499
42,106,5.0,0.08698991
42,106,6.0,0.0870962
42,106,7.0,0.07887436
42,106,8.0,0.07040125
42,106,9.0,0.078464516
42,106,10.0,0.08691562
42,106,11.0,0.09843516
42,106,12.0,0.10225814
42,106,13.0,0.09142848
42,106,14.0,0.09092108
42,107,0.0,0.015116078
42,107,1.0,0.016554382
42,107,2.0,0.023113362
42,107,3.0,0.024998495
42,107,4.0,0.030585874
42,107,5.0,0.034594595
42,107,6.0,0.037310984
42,107,7.0,0.03492572
42,107,8.0,0.034657337
42,107,9.0,0.038606584
42,107,10.0,0.042383555
42,107,11.0,0.045030013
42,107,12.0,0.047347598
42,107,13.0,0.04574584
42,107,14.0,0.04688126
42,108,0.0,0.004280931
42,108,1.0,0.00623232
42,108,2.0,0.008361028
42,108,3.0,0.011833367
42,108,4.0,0.012856816
42,108,5.0,0.014663689
42,108,6.0,0.016975177
42,108,7.0,0.015603504
42,108,8.0,0.015193082
42,108,9.0,0.019420862
42,108,10.0,0.020827774
42,108,11.0,0.021384632
42,108,12.0,0.026506176
42,108,13.0,0.02476922
42,108,14.0,0.02498036
42,109,0.0,0.0010259683
42,109,1.0,0.0017057429
42,109,2.0,0.0021045522
42,109,3.0,0.0026304268
42,109,4.0,0.0040305946
42,109,5.0,0.004258014
42,109,6.0,0.0047700163
42,109,7.0,0.004898543
42,109,8.0,0.004408988
42,109,9.0,0.0048994357
42,109,10.0,0.0066043977
42,109,11.0,0.008052195
42,109,12.0,0.008861189
42,109,13.0,0.009486908
42,109,14.0,0.008971685
42,110,0.0,0.00026147792
42,110,1.0,0.0004436798
42,110,2.0,0.0005412372
42,110,3.0,0.0008316579
42,110,4.0,0.0010497574
42,110,5.0,0.001266132
42,110,6.0,0.001276844
42,110,7.0,0.0012844239
42,110,8.0,0.0013392136
42,110,9.0,0.0016297685
42,110,10.0,0.0020099557
42,110,11.0,0.0027841053
42,110,12.0,0.0028849565
42,110,13.0,0.0029953208
42,110,14.0,0.0026336643
42,111,0.0,2.3247074e-05
42,111,1.0,0.00017346094
42,111,2.0,0.00016232785
42,111,3.0,0.00018317346
42,111,4.0,0.00017985585
42,111,5.0,0.00017441761
42,111,6.0,0.00024125386
42,111,7.0,0.0002785922
42,111,8.0,0.00027441062
42,111,9.0,0.00026496363
42,111,10.0,0.0002890154
42,111,11.0,0.0003355994
42,111,12.0,0.0005397064
42,111,13.0,0.00052671623
42,111,14.0,0.0003911312
42,112,0.0,0.0
42,112,1.0,6.2738756e-08
42,112,2.0,1.0594938e-05
42,112,3.0,4.2662123e-05
42,112,4.0,7.186663e-05
42,112,5.0,9.5441e-05
42,112,6.0,0.000104195395
42,112,7.0,7.108347e-05
42,112,8.0,4.4142438e-05
42,112,9.0,4.1413008e-05
42,112,10.0,4.4468154e-05
42,112,11.0,3.8176637e-05
42,112,12.0,5.1368654e-05
42,112,13.0,6.570385e-05
42,112,14.0,6.000632e-05
42,113,0.0,2.3043538e-09
42,113,1.0,5.387026e-12
42,113,2.0,0.0
42,113,3.0,3.0760066e-08
42,113,4.0,2.651436e-08
42,113,5.0,8.0128035e-07
42,113,6.0,5.9725257e-06
42,113,7.0,4.997338e-06
42,113,8.0,1.8154474e-06
42,113,9.0,7.7426733e-07
42,113,10.0,1.3592231e-06
42,113,11.0,5.410561e-06
42,113,12.0,1.4844003e-05
42,113,13.0,2.017667e-05
42,113,14.0,1.5258129e-05
42,114,0.0,6.499302e-08
42,114,1.0,6.491879e-07
42,114,2.0,1.2442251e-09
42,114,3.0,2.862992e-07
42,114,4.0,2.3582498e-07
42,114,5.0,4.2851383e-07
42,114,6.0,4.1431895e-07
42,114,7.0,1.7868598e-07
42,114,8.0,1.5397315e-07
42,114,9.0,3.9015728e-07
42,114,10.0,5.991251e-07
42,114,11.0,5.968229e-07
42,114,12.0,1.9763159e-07
42,114,13.0,6.1928156e-09
42,114,14.0,4.035161e-10
42,115,0.0,1.8778312e-07
42,115,1.0,1.4204963e-11
42,115,2.0,8.719566e-08
42,115,3.0,6.637583e-08
42,115,4.0,7.6601786e-08
42,115,5.0,1.1011904e-07
42,115,6.0,7.970706e-09
42,115,7.0,1.4352352e-07
42,115,8.0,7.6178384e-07
42,115,9.0,1.0826664e-06
42,115,10.0,2.626181e-07
42,115,11.0,1.0505612e-08
42,115,12.0,3.802544e-08
42,115,13.0,3.9637957e-08
42,115,14.0,1.6495244e-07
42,116,0.0,3.6947167e-08
42,116,1.0,8.444736e-07
42,116,2.0,3.582783e-07
42,116,3.0,8.2893976e-08
42,116,4.0,7.8049474e-08
42,116,5.0,1.2676104e-07
42,116,6.0,1.4596503e-07
42,116,7.0,1.3807058e-07
42,116,8.0,1.4802114e-07
42,116,9.0,1.222841e-07
42,116,10.0,8.53967e-08
42,116,11.0,6.4497925e-07
42,116,12.0,1.4971495e-06
42,116,13.0,1.4369878e-06
42,116,14.0,7.169583e-07
42,117,0.0,3.0586375e-07
42,117,1.0,1.0638583e-06
42,117,2.0,5.838043e-07
42,117,3.0,5.3533515e-08
42,117,4.0,2.7788911e-07
42,117,5.0,7.937844e-08
42,117,6.0,3.0498853e-07
42,117,7.0,2.1256439e-07
42,117,8.0,4.7064162e-07
42,117,9.0,2.4419e-06
42,117,10.0,1.0049889e-06
42,117,11.0,2.1833266e-07
42,117,12.0,9.0902056e-08
42,117,13.0,1.1634045e-09
42,117,14.0,2.2806e-08
43,95,0.0,1.7110487e-07
43,95,1.0,1.2940069e-07
43,95,2.0,3.7059092e-08
43,95,3.0,5.497053e-07
43,95,4.0,4.7427127e-07
43,95,5.0,1.823806e-08
43,95,6.0,3.5042072e-07
43,95,7.0,4.3045395e-07
43,95,8.0,6.105108e-07
43,95,9.0,5.60124e-07
43,95,10.0,4.0411194e-07
43,95,11.0,2.2916194e-07
43,95,12.0,0.0
43,95,13.0,0.0
43,95,14.0,1.8437498e-07
43,96,0.0,2.0364355e-07
43,96,1.0,0.0
43,96,2.0,1.6024195e-08
43,96,3.0,3.5401254e-07
43,96,4.0,1.7242324e-07
43,96,5.0,0.0
43,96,6.0,1.2550937e-07
43,96,7.0,3.8585577e-07
43,96,8.0,3.955155e-07
43,96,9.0,1.5857538e-07
43,96,10.0,2.22239e-09
43,96,11.0,1.3132954e-07
43,96,12.0,1.722648e-09
43,96,13.0,0.0
43,96,14.0,7.492769e-12
43,97,0.0,3.9388698e-07
43,97,1.0,6.127443e-08
43,97,2.0,2.2823353e-06
43,97,3.0,1.3096527e-06
43,97,4.0,4.995542e-08
43,97,5.0,1.17224744e-07
43,97,6.0,3.654981e-07
43,97,7.0,8.035821e-07
43,97,8.0,1.3904187e-06
43,97,9.0,7.44634e-07
43,97,10.0,2.5407008e-08
43,97,11.0,5.6488766e-08
43,97,12.0,1.6237576e-07
43,97,13.0,7.932579e-08
43,97,14.0,3.0647563e-08
43,98,0.0,0.0
43,98,1.0,3.0749453e-07
43,98,2.0,2.0026985e-07
43,98,3.0,1.36737786e-08
43,98,4.0,0.0
43,98,5.0,4.1548245e-09
43,98,6.0,3.0119057e-07
43,98,7.0,8.051221e-07
43,98,8.0,4.442346e-07
43,98,9.0,9.568322e-08
43,98,10.0,4.824384e-08
43,98,11.0,0.0
43,98,12.0,1.9767168e-09
43,98,13.0,2.463101e-07
43,98,14.0,1.6871785e-07
43,99,0.0,6.986554e-07
43,99,1.0,8.802179e-06
43,99,2.0,1.0011275e-06
43,99,3.0,4.340251e-10
43,99,4.0,1.5461021e-10
43,99,5.0,0.0
43,99,6.0,1.18978825e-07
43,99,7.0,9.4869324e-07
43,99,8.0,1.8313268e-06
43,99,9.0,1.068348e-06
43,99,10.0,6.887312e-07
43,99,11.0,6.0438824e-06
43,99,12.0,2.3758552e-05
43,99,13.0,2.8049246e-05
43,99,14.0,3.4136763e-05
43,100,0.0,5.9966467e-05
43,100,1.0,0.0001758155
43,100,2.0,0.00018658768
43,100,3.0,0.00015433639
43,100,4.0,0.00018087648
43,100,5.0,0.00019810528
43,100,6.0,0.00016434072
43,100,7.0,0.00013387148
43,100,8.0,0.0001513229
43,100,9.0,0.00022223943
43,100,10.0,0.00026388827
43,100,11.0,0.0002619206
43,100,12.0,0.00028064428
43,100,13.0,0.00034501878
43,100,14.0,0.0004360974
43,101,0.0,0.00080997765
43,101,1.0,0.0010369045
43,101,2.0,0.0011573998
43,101,3.0,0.0014934699
43,101,4.0,0.0011419195
43,101,5.0,0.000986615
43,101,6.0,0.0012014641
43,101,7.0,0.0012686164
43,101,8.0,0.001575792
43,101,9.0,0.001934376
43,101,10.0,0.0022358426
43,101,11.0,0.0023054467
43,101,12.0,0.001981712
43,101,13.0,0.001998192
43,101,14.0,0.0022168732
43,102,0.0,0.003445818
43,102,1.0,0.004152852
43,102,2.0,0.00529142
43,102,3.0,0.0059574707
43,102,4.0,0.0053862897
43,102,5.0,0.004566468
43,102,6.0,0.0052288887
43,102,7.0,0.0061568567
43,102,8.0,0.0064771906
43,102,9.0,0.0066139526
43,102,10.0,0.0067464034
43,102,11.0,0.0069995658
43,102,12.0,0.0069356244
43,102,13.0,0.0070687486
43,102,14.0,0.0067229397
43,103,0.0,0.010226943
43,103,1.0,0.013367425
43,103,2.0,0.015718466
43,103,3.0,0.019607414
43,103,4.0,0.01822204
43,103,5.0,0.016244283
43,103,6.0,0.015549678
43,103,7.0,0.01538713
43,103,8.0,0.016202267
43,103,9.0,0.018148018
43,103,10.0,0.020462086
43,103,11.0,0.021500431
43,103,12.0,0.02015942
43,103,13.0,0.018312829
43,103,14.0,0.0191236
43,104,0.0,0.017754437
43,104,1.0,0.02236523
43,104,2.0,0.025935559
43,104,3.0,0.02864929
43,104,4.0,0.03248524
43,104,5.0,0.032396898
43,104,6.0,0.030947387
43,104,7.0,0.029180333
43,104,8.0,0.028026635
43,104,9.0,0.02788456
43,104,10.0,0.032039054
43,104,11.0,0.034005318
43,104,12.0,0.0347989
43,104,13.0,0.032965373
43,104,14.0,0.032469068
43,105,0.0,0.020936059
43,105,1.0,0.029963749
43,105,2.0,0.03594268
43,105,3.0,0.04423492
43,105,4.0,0.047776703
43,105,5.0,0.05033755
43,105,6.0,0.04716557
43,105,7.0,0.043790694
43,105,8.0,0.042278163
43,105,9.0,0.04220102
43,105,10.0,0.048631366
43,105,11.0,0.057127386
43,105,12.0,0.06070487
43,105,13.0,0.057611823
43,105,14.0,0.051936485
43,106,0.0,0.01435428
43,106,1.0,0.019674497
43,106,2.0,0.030087547
43,106,3.0,0.033931985
43,106,4.0,0.04122893
43,106,5.0,0.047605883
43,106,6.0,0.048230987
43,106,7.0,0.045866977
43,106,8.0,0.044737
43,106,9.0,0.048343953
43,106,10.0,0.056184545
43,106,11.0,0.068605654
43,106,12.0,0.071946524
43,106,13.0,0.070962474
43,106,14.0,0.066127956
43,107,0.0,0.008757779
43,107,1.0,0.012915119
43,107,2.0,0.021355689
43,107,3.0,0.027915439
43,107,4.0,0.034466747
43,107,5.0,0.045694046
43,107,6.0,0.049863856
43,107,7.0,0.050081596
43,107,8.0,0.05007774
43,107,9.0,0.052383
43,107,10.0,0.064201966
43,107,11.0,0.0815581
43,107,12.0,0.08583277
43,107,13.0,0.08522683
43,107,14.0,0.082821384
43,108,0.0,0.0032150177
43,108,1.0,0.0044281897
43,108,2.0,0.010834595
43,108,3.0,0.017774004
43,108,4.0,0.02588632
43,108,5.0,0.034176867
43,108,6.0,0.040174272
43,108,7.0,0.040827036
43,108,8.0,0.041483194
43,108,9.0,0.045909718
43,108,10.0,0.057848386
43,108,11.0,0.07105014
43,108,12.0,0.078347564
43,108,13.0,0.0770887
43,108,14.0,0.07370585
43,109,0.0,0.0014888383
43,109,1.0,0.0036238942
43,109,2.0,0.0062561934
43,109,3.0,0.011549872
43,109,4.0,0.017159732
43,109,5.0,0.027652888
43,109,6.0,0.031646457
43,109,7.0,0.031710226
43,109,8.0,0.032428786
43,109,9.0,0.03563034
43,109,10.0,0.042647343
43,109,11.0,0.055591382
43,109,12.0,0.06431512
43,109,13.0,0.06615496
43,109,14.0,0.059789367
43,110,0.0,0.00050710223
43,110,1.0,0.0011130982
43,110,2.0,0.003174434
43,110,3.0,0.007018754
43,110,4.0,0.009952423
43,110,5.0,0.014473526
43,110,6.0,0.015613423
43,110,7.0,0.0149925705
43,110,8.0,0.015189672
43,110,9.0,0.017222183
43,110,10.0,0.023458531
43,110,11.0,0.032130647
43,110,12.0,0.037046634
43,110,13.0,0.03889089
43,110,14.0,0.03706799
43,111,0.0,0.00019639482
43,111,1.0,0.0004510743
43,111,2.0,0.0012329184
43,111,3.0,0.0029172148
43,111,4.0,0.004623864
43,111,5.0,0.005867141
43,111,6.0,0.0063189124
43,111,7.0,0.007131394
43,111,8.0,0.00844355
43,111,9.0,0.010318789
43,111,10.0,0.012649926
43,111,11.0,0.014801583
43,111,12.0,0.016439319
43,111,13.0,0.017093398
43,111,14.0,0.017253377
43,112,0.0,4.9788312e-05
43,112,1.0,9.666568e-05
43,112,2.0,0.0003813162
43,112,3.0,0.00095678866
43,112,4.0,0.0013311027
43,112,5.0,0.0017430172
43,112,6.0,0.0021602898
43,112,7.0,0.002196929
43,112,8.0,0.002125407
43,112,9.0,0.0024591065
43,112,10.0,0.003600957
43,112,11.0,0.004861875
43,112,12.0,0.005463448
43,112,13.0,0.00553257
43,112,14.0,0.0051881103
43,113,0.0,6.9446523e-06
43,113,1.0,5.6024426e-05
43,113,2.0,0.00016672433
43,113,3.0,0.0003081211
43,113,4.0,0.00045975612
43,113,5.0,0.0005648046
43,113,6.0,0.0005761562
43,113,7.0,0.0004952763
43,113,8.0,0.0004725592
43,113,9.0,0.0006731703
43,113,10.0,0.001116698
43,113,11.0,0.0015499314
43,113,12.0,0.00165977
43,113,13.0,0.001555215
43,113,14.0,0.0014185996
43,114,0.0,1.9816828e-07
43,114,1.0,1.3228992e-05
43,114,2.0,1.6261567e-05
43,114,3.0,3.1833602e-05
43,114,4.0,6.669897e-05
43,114,5.0,7.588741e-05
43,114,6.0,5.7093912e-05
43,114,7.0,5.9662547e-05
43,114,8.0,6.90428e-05
43,114,9.0,9.0216745e-05
43,114,10.0,0.00016733103
43,114,11.0,0.00025115398
43,114,12.0,0.0002778813
43,114,13.0,0.00025646688
43,114,14.0,0.00018503952
43,115,0.0,8.553706e-11
43,115,1.0,3.3735355e-06
43,115,2.0,8.166026e-06
43,115,3.0,4.4193016e-06
43,115,4.0,2.6297562e-07
43,115,5.0,4.3219455e-09
43,115,6.0,1.0334001e-08
43,115,7.0,2.5459443e-07
43,115,8.0,1.0918856e-06
43,115,9.0,4.4330022e-06
43,115,10.0,1.0676465e-05
43,115,11.0,2.1054339e-05
43,115,12.0,3.7340735e-05
43,115,13.0,4.9015307e-05
43,115,14.0,3.9428916e-05
43,116,0.0,0.0
43,116,1.0,3.559622e-09
43,116,2.0,1.633544e-07
43,116,3.0,5.3399223e-09
43,116,4.0,6.7479383e-10
43,116,5.0,0.0
43,116,6.0,0.0
43,116,7.0,0.0
43,116,8.0,0.0
43,116,9.0,0.0
43,116,10.0,2.3940314e-10
43,116,11.0,1.6146029e-08
43,116,12.0,1.4537495e-08
43,116,13.0,1.2402114e-10
43,116,14.0,8.92154e-09
43,117,0.0,7.846742e-09
43,117,1.0,2.1573733e-06
43,117,2.0,1.5503887e-06
43,117,3.0,1.0242342e-06
43,117,4.0,1.5127043e-06
43,117,5.0,2.3314196e-07
43,117,6.0,1.6811083e-07
43,117,7.0,3.6581582e-07
43,117,8.0,1.4600722e-07
43,117,9.0,1.5656706e-08
43,117,10.0,3.9963555e-07
43,117,11.0,8.1727784e-08
43,117,12.0,4.6880645e-11
43,117,13.0,6.443971e-10
43,117,14.0,6.8112e-09
43,118,0.0,1.308581e-07
43,118,1.0,1.5183051e-06
43,118,2.0,2.1214081e-08
43,118,3.0,1.9867498e-07
43,118,4.0,7.0471367e-07
43,118,5.0,2.8798919e-08
43,118,6.0,0.0
43,118,7.0,1.9159334e-07
43,118,8.0,2.0091315e-07
43,118,9.0,5.717439e-08
43,118,10.0,1.5127155e-07
43,118,11.0,1.1187892e-07
43,118,12.0,3.0114332e-08
43,118,13.0,4.6583985e-08
43,118,14.0,1.4664268e-07
43,119,0.0,5.4443404e-08
43,119,1.0,2.5206682e-06
43,119,2.0,4.40879e-07
43,119,3.0,2.873465e-07
43,119,4.0,1.0146495e-06
43,119,5.0,5.296429e-07
43,119,6.0,5.212996e-07
43,119,7.0,4.4401006e-07
43,119,8.0,8.6383665e-07
43,119,9.0,1.505753e-06
43,119,10.0,8.1435026e-08
43,119,11.0,0.0
43,119,12.0,0.0
43,119,13.0,2.8870298e-08
43,119,14.0,2.44599e-07
43,120,0.0,1.7158422e-07
43,120,1.0,9.546767e-08
43,120,2.0,1.6160902e-07
43,120,3.0,3.151122e-08
43,120,4.0,2.6004724e-07
43,120,5.0,4.1729584e-07
43,120,6.0,2.572233e-07
43,120,7.0,3.628116e-07
43,120,8.0,6.1434747e-07
43,120,9.0,6.874218e-07
43,120,10.0,9.74228e-07
43,120,11.0,4.5331834e-07
43,120,12.0,2.422457e-07
43,120,13.0,0.0
43,120,14.0,3.4923588e-08
44,98,0.0,6.1764706e-07
44,98,1.0,3.4208185e-07
44,98,2.0,5.995503e-08
44,98,3.0,8.287492e-07
44,98,4.0,9.0853047e-07
44,98,5.0,1.1792919e-06
44,98,6.0,3.0713235e-07
44,98,7.0,4.1787093e-08
44,98,8.0,3.3271843e-07
44,98,9.0,1.0189759e-06
44,98,10.0,1.1449343e-06
44,98,11.0,3.189908e-07
44,98,12.0,8.5146805e-09
44,98,13.0,5.260511e-08
44,98,14.0,3.6189977e-08
44,99,0.0,3.773976e-09
44,99,1.0,1.4763211e-06
44,99,2.0,1.9769979e-07
44,99,3.0,5.9909866e-08
44,99,4.0,4.1945268e-07
44,99,5.0,1.5730506e-06
44,99,6.0,4.2287758e-07
44,99,7.0,2.7499135e-08
44,99,8.0,7.47816e-09
44,99,9.0,4.541817e-08
44,99,10.0,3.7911897e-07
44,99,11.0,1.951735e-07
44,99,12.0,1.0943775e-09
44,99,13.0,5.576499e-08
44,99,14.0,1.3008482e-06
44,100,0.0,8.5482336e-11
44,100,1.0,0.0
44,100,2.0,0.0
44,100,3.0,0.0
44,100,4.0,0.0
44,100,5.0,0.0
44,100,6.0,4.1439816e-09
44,100,7.0,1.1198544e-07
44,100,8.0,3.4887755e-09
44,100,9.0,0.0
44,100,10.0,0.0
44,100,11.0,0.0
44,100,12.0,7.6485804e-08
44,100,13.0,5.3083586e-09
44,100,14.0,2.9730387e-09
44,101,0.0,2.3094142e-06
44,101,1.0,5.407422e-07
44,101,2.0,0.0
44,101,3.0,1.379245e-10
44,101,4.0,4.2928676e-13
44,101,5.0,6.1688445e-09
44,101,6.0,5.5703464e-09
44,101,7.0,8.433025e-07
44,101,8.0,4.2912293e-06
44,101,9.0,9.120153e-06
44,101,10.0,1.5002098e-05
44,101,11.0,3.850915e-06
44,101,12.0,9.077753e-07
44,101,13.0,2.89789e-06
44,101,14.0,1.01629585e-05
44,102,0.0,4.8566264e-05
44,102,1.0,1.1196891e-05
44,102,2.0,1.7871747e-07
44,102,3.0,1.07728265e-05
44,102,4.0,5.0693463e-05
44,102,5.0,4.7641934e-05
44,102,6.0,4.7318e-05
44,102,7.0,6.441986e-05
44,102,8.0,6.550589e-05
44,102,9.0,7.177654e-05
44,102,10.0,0.000103971695
44,102,11.0,5.224458e-05
44,102,12.0,1.7901675e-05
44,102,13.0,4.857362e-05
44,102,14.0,6.982818e-05
44,103,0.0,0.00017109746
44,103,1.0,0.00020798274
44,103,2.0,0.0002766009
44,103,3.0,0.00023286896
44,103,4.0,0.00023346831
44,103,5.0,0.00023927262
44,103,6.0,0.00025570366
44,103,7.0,0.00022254346
44,103,8.0,0.000170139
44,103,9.0,0.00017392288
44,103,10.0,0.00017906705
44,103,11.0,0.00020871015
44,103,12.0,0.00027654137
44,103,13.0,0.0002994264
44,103,14.0,0.00037055314
44,104,0.0,0.00065891404
44,104,1.0,0.00063246116
44,104,2.0,0.0007231578
44,104,3.0,0.0010054762
44,104,4.0,0.0008945851
44,104,5.0,0.0010337506
44,104,6.0,0.0010629828
44,104,7.0,0.0009465956
44,104,8.0,0.0008737213
44,104,9.0,0.0010263629
44,104,10.0,0.0012223535
44,104,11.0,0.0011983088
44,104,12.0,0.0013258886
44,104,13.0,0.001377663
44,104,14.0,0.0012397687
44,105,0.0,0.0010506463
44,105,1.0,0.0015738972
44,105,2.0,0.002255
44,105,3.0,0.0021057702
44,105,4.0,0.002299827
44,105,5.0,0.0024395112
44,105,6.0,0.002592139
44,105,7.0,0.0024608653
44,105,8.0,0.0023729196
44,105,9.0,0.002726945
44,105,10.0,0.0031980786
44,105,11.0,0.0035859842
44,105,12.0,0.003964128
44,105,13.0,0.0041249106
44,105,14.0,0.0040892363
44,106,0.0,0.0021416051
44,106,1.0,0.0027461243
44,106,2.0,0.003472083
44,106,3.0,0.004190815
44,106,4.0,0.0050462326
44,106,5.0,0.005313368
44,106,6.0,0.0061961683
44,106,7.0,0.0060340404
44,106,8.0,0.0059971875
44,106,9.0,0.0070995404
44,106,10.0,0.008062877
44,106,11.0,0.009756597
44,106,12.0,0.010510493
44,106,13.0,0.011715787
44,106,14.0,0.012188941
44,107,0.0,0.0019173551
44,107,1.0,0.0033028217
44,107,2.0,0.004675776
44,107,3.0,0.006694189
44,107,4.0,0.008741366
44,107,5.0,0.009862848
44,107,6.0,0.010957506
44,107,7.0,0.011037841
44,107,8.0,0.011031727
44,107,9.0,0.012907843
44,107,10.0,0.017540967
44,107,11.0,0.021645218
44,107,12.0,0.022605576
44,107,13.0,0.024740644
44,107,14.0,0.02432869
44,108,0.0,0.0017975883
44,108,1.0,0.0038851302
44,108,2.0,0.005650267
44,108,3.0,0.009018589
44,108,4.0,0.0130637605
44,108,5.0,0.020458667
44,108,6.0,0.023029417
44,108,7.0,0.021517582
44,108,8.0,0.02043713
44,108,9.0,0.025205368
44,108,10.0,0.033801638
44,108,11.0,0.040325064
44,108,12.0,0.049324393
44,108,13.0,0.054628387
44,108,14.0,0.05392527
44,109,0.0,0.0015356281
44,109,1.0,0.0029905846
44,109,2.0,0.006333555
44,109,3.0,0.010744139
44,109,4.0,0.016281474
44,109,5.0,0.023831107
44,109,6.0,0.028986298
44,109,7.0,0.027985444
44,109,8.0,0.031093862
44,109,9.0,0.04165382
44,109,10.0,0.04730997
44,109,11.0,0.057406887
44,109,12.0,0.0673438
44,109,13.0,0.07190686
44,109,14.0,0.06821552
44,110,0.0,0.0012397596
44,110,1.0,0.0036436536
44,110,2.0,0.0077772723
44,110,3.0,0.014157
44,110,4.0,0.021007048
44,110,5.0,0.029907819
44,110,6.0,0.038160507
44,110,7.0,0.038319524
44,110,8.0,0.038489226
44,110,9.0,0.0413372
44,110,10.0,0.061109606
44,110,11.0,0.07736275
44,110,12.0,0.08526348
44,110,13.0,0.086673
44,110,14.0,0.089391716
44,111,0.0,0.0013162225
44,111,1.0,0.0034570617
44,111,2.0,0.007155867
44,111,3.0,0.010713495
44,111,4.0,0.019215442
44,111,5.0,0.024919465
44,111,6.0,0.029810673
44,111,7.0,0.03153712
44,111,8.0,0.03339174
44,111,9.0,0.037776314
44,111,10.0,0.049727105
44,111,11.0,0.06567097
44,111,12.0,0.072497405
44,111,13.0,0.07551608
44,111,14.0,0.07099584
44,112,0.0,0.0009851753
44,112,1.0,0.002420158
44,112,2.0,0.0057917004
44,112,3.0,0.009797222
44,112,4.0,0.016611042
44,112,5.0,0.02183886
44,112,6.0,0.024992032
44,112,7.0,0.022253906
44,112,8.0,0.023570841
44,112,9.0,0.032722637
44,112,10.0,0.036793545
44,112,11.0,0.04346467
44,112,12.0,0.050920237
44,112,13.0,0.055409655
44,112,14.0,0.049751416
44,113,0.0,0.00045511848
44,113,1.0,0.0009404475
44,113,2.0,0.0023938504
44,113,3.0,0.0048887488
44,113,4.0,0.0069686566
44,113,5.0,0.008909979
44,113,6.0,0.009911343
44,113,7.0,0.010020969
44,113,8.0,0.010521419
44,113,9.0,0.012313099
44,113,10.0,0.015292478
44,113,11.0,0.018450052
44,113,12.0,0.022798358
44,113,13.0,0.023097616
44,113,14.0,0.02078584
44,114,0.0,0.00014568174
44,114,1.0,0.0006566764
44,114,2.0,0.0012083903
44,114,3.0,0.0019970865
44,114,4.0,0.0030015549
44,114,5.0,0.004207348
44,114,6.0,0.0047527007
44,114,7.0,0.004038691
44,114,8.0,0.0037021348
44,114,9.0,0.004905924
44,114,10.0,0.0062771016
44,114,11.0,0.0067075863
44,114,12.0,0.008480698
44,114,13.0,0.010012455
44,114,14.0,0.008532347
44,115,0.0,4.6772268e-05
44,115,1.0,0.00017771144
44,115,2.0,0.0003549616
44,115,3.0,0.0005589389
44,115,4.0,0.00079850946
44,115,5.0,0.0010251339
44,115,6.0,0.0010660978
44,115,7.0,0.000953868
44,115,8.0,0.0008015519
44,115,9.0,0.0009795926
44,115,10.0,0.001378511
44,115,11.0,0.0014592999
44,115,12.0,0.0020837937
44,115,13.0,0.0025288076
44,115,14.0,0.0019431337
44,116,0.0,5.7550375e-07
44,116,1.0,4.3023432e-05
44,116,2.0,9.6356875e-05
44,116,3.0,9.892157e-05
44,116,4.0,0.00010850729
44,116,5.0,0.00014990747
44,116,6.0,0.00020502802
44,116,7.0,0.00019824266
44,116,8.0,0.00019408
44,116,9.0,0.0002395965
44,116,10.0,0.00029689554
44,116,11.0,0.00042077148
44,116,12.0,0.0005271704
44,116,13.0,0.0004889925
44,116,14.0,0.00038808785
44,117,0.0,2.0504693e-07
44,117,1.0,9.196455e-06
44,117,2.0,1.1291336e-09
44,117,3.0,5.017597e-06
44,117,4.0,1.0451066e-05
44,117,5.0,7.1596473e-06
44,117,6.0,6.5132585e-06
44,117,7.0,9.066091e-06
44,117,8.0,1.3377381e-05
44,117,9.0,2.8575596e-05
44,117,10.0,3.07802e-05
44,117,11.0,3.315106e-05
44,117,12.0,6.807624e-05
44,117,13.0,9.178797e-05
44,117,14.0,7.061866e-05
44,118,0.0,4.5044978e-11
44,118,1.0,3.5167578e-09
44,118,2.0,1.99424e-08
44,118,3.0,2.536776e-09
44,118,4.0,1.3770558e-13
44,118,5.0,0.0
44,118,6.0,7.0175155e-10
44,118,7.0,4.3734536e-09
44,118,8.0,2.8166887e-09
44,118,9.0,0.0
44,118,10.0,1.2321759e-10
44,118,11.0,4.206791e-09
44,118,12.0,3.2601324e-07
44,118,13.0,6.69937e-07
44,118,14.0,2.4058302e-06
44,119,0.0,2.3214278e-11
44,119,1.0,7.1352486e-07
44,119,2.0,1.6665592e-07
44,119,3.0,2.1644234e-07
44,119,4.0,1.15792204e-07
44,119,5.0,3.4546073e-09
44,119,6.0,0.0
44,119,7.0,1.7697556e-07
44,119,8.0,6.3322415e-07
44,119,9.0,1.1942605e-07
44,119,10.0,7.07325e-08
44,119,11.0,8.138883e-08
44,119,12.0,3.0200331e-07
44,119,13.0,5.4620335e-07
44,119,14.0,1.4566757e-07
44,120,0.0,1.5052761e-07
44,120,1.0,5.607991e-07
44,120,2.0,2.4735388e-07
44,120,3.0,4.6108985e-07
44,120,4.0,3.139682e-07
44,120,5.0,9.7092006e-08
44,120,6.0,2.5505624e-08
44,120,7.0,9.4230046e-08
44,120,8.0,3.2653085e-07
44,120,9.0,4.3741937e-07
44,120,10.0,6.2025066e-07
44,120,11.0,4.3786417e-07
44,120,12.0,1.889049e-07
44,120,13.0,2.121513e-07
44,120,14.0,2.5144737e-07
44,121,0.0,1.00727945e-07
44,121,1.0,1.8781366e-08
44,121,2.0,6.242068e-08
44,121,3.0,2.3137193e-07
44,121,4.0,3.0542842e-07
44,121,5.0,7.6575833e-07
44,121,6.0,3.6359134e-07
44,121,7.0,2.1725897e-07
44,121,8.0,5.4092574e-08
44,121,9.0,3.233147e-08
44,121,10.0,1.656428e-07
44,121,11.0,3.5853688e-07
44,121,12.0,8.814056e-07
44,121,13.0,5.1268984e-07
44,121,14.0,1.5765522e-08
44,122,0.0,3.7536914e-08
44,122,1.0,2.8901882e-08
44,122,2.0,1.8458758e-07
44,122,3.0,5.31512e-07
44,122,4.0,1.6676383e-07
44,122,5.0,4.742249e-08
44,122,6.0,3.5709263e-08
44,122,7.0,1.838673e-08
44,122,8.0,4.877192e-09
44,122,9.0,3.6583e-09
44,122,10.0,1.897849e-08
44,122,11.0,1.729521e-07
44,122,12.0,3.7966137e-07
44,122,13.0,2.249163e-07
44,122,14.0,4.6749423e-07
44,123,0.0,1.576048e-09
44,123,1.0,8.915599e-08
44,123,2.0,3.4894794e-07
44,123,3.0,2.1625212e-07
44,123,4.0,4.1372977e-07
44,123,5.0,8.197395e-07
44,123,6.0,1.7993043e-06
44,123,7.0,2.0680854e-07
44,123,8.0,5.447897e-08
44,123,9.0,3.699744e-08
44,123,10.0,3.4819146e-07
44,123,11.0,8.756876e-07
44,123,12.0,1.0999862e-06
44,123,13.0,1.2538884e-06
44,123,14.0,8.7865317e-07
44,124,0.0,3.6581304e-07
44,124,1.0,3.7229555e-07
44,124,2.0,2.3660753e-07
44,124,3.0,8.3196525e-08
44,124,4.0,2.6426667e-07
44,124,5.0,3.969632e-07
44,124,6.0,2.40187e-07
44,124,7.0,4.2311846e-08
44,124,8.0,1.3789898e-07
44,124,9.0,3.1613757e-07
44,124,10.0,2.5743844e-07
44,124,11.0,1.2582815e-07
44,124,12.0,3.4058806e-07
44,124,13.0,2.5766926e-07
44,124,14.0,1.6103839e-07
45,100,0.0,1.6412567e-07
45,100,1.0,1.5921742e-07
45,100,2.0,9.683034e-07
45,100,3.0,2.5880527e-07
45,100,4.0,0.0
45,100,5.0,0.0
45,100,6.0,0.0
45,100,7.0,0.0
45,100,8.0,2.2589805e-10
45,100,9.0,4.749123e-08
45,100,10.0,2.7793806e-07
45,100,11.0,2.1642339e-12
45,100,12.0,2.527803e-07
45,100,13.0,1.102994e-06
45,100,14.0,2.875336e-07
45,101,0.0,1.5567621e-06
45,101,1.0,1.221743e-06
45,101,2.0,4.9867964e-08
45,101,3.0,1.0033777e-08
45,101,4.0,0.0
45,101,5.0,0.0
45,101,6.0,3.6910116e-08
45,101,7.0,8.7837236e-07
45,101,8.0,1.0837532e-06
45,101,9.0,5.7313963e-07
45,101,10.0,1.0002186e-06
45,101,11.0,2.4586518e-07
45,101,12.0,5.6380185e-07
45,101,13.0,3.114217e-07
45,101,14.0,3.5512242e-12
45,102,0.0,2.406953e-07
45,102,1.0,0.0
45,102,2.0,2.685566e-07
45,102,3.0,4.4693117e-11
45,102,4.0,2.7480215e-08
45,102,5.0,3.885083e-07
45,102,6.0,9.108262e-07
45,102,7.0,4.484607e-07
45,102,8.0,7.199629e-08
45,102,9.0,1.9144101e-11
45,102,10.0,5.6824675e-08
45,102,11.0,2.5465635e-10
45,102,12.0,2.4235963e-08
45,102,13.0,5.492653e-09
45,102,14.0,0.0
45,103,0.0,2.8176907e-09
45,103,1.0,1.0412263e-07
45,103,2.0,2.9607564e-08
45,103,3.0,2.8234228e-07
45,103,4.0,5.192124e-07
45,103,5.0,2.684939e-07
45,103,6.0,3.0405665e-09
45,103,7.0,0.0
45,103,8.0,0.0
45,103,9.0,3.5581809e-09
45,103,10.0,9.643955e-08
45,103,11.0,4.2390613e-07
45,103,12.0,1.881448e-07
45,103,13.0,2.4508861e-07
45,103,14.0,9.374484e-08
45,104,0.0,4.2060897e-08
45,104,1.0,6.4505015e-09
45,104,2.0,0.0
45,104,3.0,0.0
45,104,4.0,1.5639817e-08
45,104,5.0,1.2394664e-06
45,104,6.0,4.651318e-08
45,104,7.0,0.0
45,104,8.0,0.0
45,104,9.0,0.0
45,104,10.0,0.0
45,104,11.0,0.0
45,104,12.0,0.0
45,104,13.0,0.0
45,104,14.0,0.0
45,105,0.0,9.3910614e-08
45,105,1.0,1.1731213e-06
45,105,2.0,4.906333e-07
45,105,3.0,4.062299e-06
45,105,4.0,1.0207855e-05
45,105,5.0,2.3681885e-05
45,105,6.0,1.00997095e-05
45,105,7.0,3.0370695e-06
45,105,8.0,5.180808e-07
45,105,9.0,1.4556345e-08
45,105,10.0,2.5093425e-07
45,105,11.0,2.7182617e-05
45,105,12.0,7.785952e-05
45,105,13.0,7.266848e-05
45,105,14.0,4.7648835e-05
45,106,0.0,6.4285623e-06
45,106,1.0,1.1742341e-05
45,106,2.0,3.2764656e-05
45,106,3.0,2.0570717e-05
45,106,4.0,2.1516442e-05
45,106,5.0,4.4125944e-05
45,106,6.0,4.4987893e-05
45,106,7.0,4.5730463e-05
45,106,8.0,4.6625064e-05
45,106,9.0,5.8176545e-05
45,106,10.0,0.0001070232
45,106,11.0,0.00012128449
45,106,12.0,0.00021430964
45,106,13.0,0.00026112262
45,106,14.0,0.00017343393
45,107,0.0,3.0431267e-05
45,107,1.0,7.418923e-05
45,107,2.0,8.60894e-05
45,107,3.0,9.878311e-05
45,107,4.0,0.00018299338
45,107,5.0,0.0003277306
45,107,6.0,0.0003811629
45,107,7.0,0.00035564406
45,107,8.0,0.00035743398
45,107,9.0,0.00044688376
45,107,10.0,0.0006159897
45,107,11.0,0.0009767709
45,107,12.0,0.0012393306
45,107,13.0,0.0012653286
45,107,14.0,0.00082497695
45,108,0.0,0.00010546706
45,108,1.0,0.00012345122
45,108,2.0,0.0002488815
45,108,3.0,0.00030929002
45,108,4.0,0.0006115907
45,108,5.0,0.00083746505
45,108,6.0,0.0011557811
45,108,7.0,0.0013789315
45,108,8.0,0.0013112482
45,108,9.0,0.0013533002
45,108,10.0,0.0020573854
45,108,11.0,0.0036380305
45,108,12.0,0.004398856
45,108,13.0,0.0044004302
45,108,14.0,0.0036882518
45,109,0.0,3.9805902e-05
45,109,1.0,0.00025142534
45,109,2.0,0.00054218085
45,109,3.0,0.0010699645
45,109,4.0,0.0016761034
45,109,5.0,0.0028394244
45,109,6.0,0.004192999
45,109,7.0,0.0043393653
45,109,8.0,0.004600329
45,109,9.0,0.0052062045
45,109,10.0,0.007245528
45,109,11.0,0.010366661
45,109,12.0,0.012992152
45,109,13.0,0.013894176
45,109,14.0,0.013228588
45,110,0.0,0.00016184253
45,110,1.0,0.00028564772
45,110,2.0,0.0013756385
45,110,3.0,0.002870301
45,110,4.0,0.0047983
45,110,5.0,0.006575971
45,110,6.0,0.009186224
45,110,7.0,0.010742193
45,110,8.0,0.010973552
45,110,9.0,0.012461772
45,110,10.0,0.017643644
45,110,11.0,0.024173658
45,110,12.0,0.02829062
45,110,13.0,0.030667657
45,110,14.0,0.02971529
45,111,0.0,0.00044438732
45,111,1.0,0.0011404345
45,111,2.0,0.003423939
45,111,3.0,0.006804553
45,111,4.0,0.011807771
45,111,5.0,0.017486015
45,111,6.0,0.022699079
45,111,7.0,0.02439617
45,111,8.0,0.024458406
45,111,9.0,0.027612038
45,111,10.0,0.038526554
45,111,11.0,0.05172621
45,111,12.0,0.061229207
45,111,13.0,0.06495739
45,111,14.0,0.064209715
45,112,0.0,0.000524513
45,112,1.0,0.0018047373
45,112,2.0,0.0052082124
45,112,3.0,0.011248033
45,112,4.0,0.017223887
45,112,5.0,0.028141739
45,112,6.0,0.03410746
45,112,7.0,0.03414908
45,112,8.0,0.03349847
45,112,9.0,0.037174348
45,112,10.0,0.05226007
45,112,11.0,0.06923955
45,112,12.0,0.07984992
45,112,13.0,0.08134031
45,112,14.0,0.07743116
45,113,0.0,0.00089628436
45,113,1.0,0.002186192
45,113,2.0,0.006386727
45,113,3.0,0.013111981
45,113,4.0,0.0211399
45,113,5.0,0.030667746
45,113,6.0,0.038986035
45,113,7.0,0.040103257
45,113,8.0,0.03890507
45,113,9.0,0.043650817
45,113,10.0,0.061428644
45,113,11.0,0.07760511
45,113,12.0,0.08773221
45,113,13.0,0.0927591
45,113,14.0,0.087216556
45,114,0.0,0.0007788915
45,114,1.0,0.0018552168
45,114,2.0,0.005059146
45,114,3.0,0.010538658
45,114,4.0,0.017750168
45,114,5.0,0.024278523
45,114,6.0,0.02826156
45,114,7.0,0.029216798
45,114,8.0,0.028808186
45,114,9.0,0.032697108
45,114,10.0,0.044462066
45,114,11.0,0.05718433
45,114,12.0,0.06067293
45,114,13.0,0.06481116
45,114,14.0,0.06359063
45,115,0.0,0.0006250011
45,115,1.0,0.001234752
45,115,2.0,0.003990572
45,115,3.0,0.0072890646
45,115,4.0,0.011507641
45,115,5.0,0.014949087
45,115,6.0,0.017204659
45,115,7.0,0.017650435
45,115,8.0,0.01836394
45,115,9.0,0.021926885
45,115,10.0,0.027375806
45,115,11.0,0.031164791
45,115,12.0,0.035295457
45,115,13.0,0.0376707
45,115,14.0,0.03769501
45,116,0.0,0.00018615978
45,116,1.0,0.0005735869
45,116,2.0,0.0013661681
45,116,3.0,0.002822453
45,116,4.0,0.004981709
45,116,5.0,0.006492986
45,116,6.0,0.007684624
45,116,7.0,0.0076281307
45,116,8.0,0.00709648
45,116,9.0,0.007932063
45,116,10.0,0.0108607495
45,116,11.0,0.013683231
45,116,12.0,0.015135001
45,116,13.0,0.015126008
45,116,14.0,0.013403939
45,117,0.0,6.1049504e-05
45,117,1.0,0.00017235627
45,117,2.0,0.0006747103
45,117,3.0,0.0011169226
45,117,4.0,0.0016196334
45,117,5.0,0.002118317
45,117,6.0,0.002480679
45,117,7.0,0.0025059818
45,117,8.0,0.0023908378
45,117,9.0,0.0026486209
45,117,10.0,0.0034728136
45,117,11.0,0.004650644
45,117,12.0,0.005278138
45,117,13.0,0.0049050674
45,117,14.0,0.0043319245
45,118,0.0,5.4793804e-07
45,118,1.0,2.412407e-05
45,118,2.0,8.81506e-05
45,118,3.0,0.00022749125
45,118,4.0,0.0002974356
45,118,5.0,0.00043939584
45,118,6.0,0.00057382527
45,118,7.0,0.0005635635
45,118,8.0,0.0005270501
45,118,9.0,0.0006538579
45,118,10.0,0.00089796167
45,118,11.0,0.0009957512
45,118,12.0,0.0009807312
45,118,13.0,0.00086945837
45,118,14.0,0.0008388751
45,119,0.0,6.441937e-10
45,119,1.0,1.7933747e-06
45,119,2.0,1.8101404e-05
45,119,3.0,3.7597012e-05
45,119,4.0,5.5269524e-05
45,119,5.0,6.777167e-05
45,119,6.0,4.73522e-05
45,119,7.0,2.9401734e-05
45,119,8.0,3.021845e-05
45,119,9.0,5.1934385e-05
45,119,10.0,9.331353e-05
45,119,11.0,0.00018636833
45,119,12.0,0.00027418186
45,119,13.0,0.0003762568
45,119,14.0,0.00024207929
45,120,0.0,0.0
45,120,1.0,2.1044778e-07
45,120,2.0,2.1006933e-06
45,120,3.0,6.9495553e-07
45,120,4.0,1.714709e-06
45,120,5.0,3.7583447e-06
45,120,6.0,4.8295083e-06
45,120,7.0,3.4983477e-06
45,120,8.0,4.1097014e-06
45,120,9.0,7.3054275e-06
45,120,10.0,7.768127e-06
45,120,11.0,1.2887901e-05
45,120,12.0,1.0033202e-05
45,120,13.0,1.17302925e-05
45,120,14.0,3.755275e-05
45,121,0.0,0.0
45,121,1.0,0.0
45,121,2.0,3.52289e-09
45,121,3.0,1.1933719e-07
45,121,4.0,0.0
45,121,5.0,0.0
45,121,6.0,0.0
45,121,7.0,9.880951e-09
45,121,8.0,0.0
45,121,9.0,0.0
45,121,10.0,0.0
45,121,11.0,5.889769e-14
45,121,12.0,0.0
45,121,13.0,0.0
45,121,14.0,2.458604e-14
45,122,0.0,7.794185e-07
45,122,1.0,1.9591384e-07
45,122,2.0,8.828953e-08
45,122,3.0,3.0196897e-12
45,122,4.0,5.784312e-08
45,122,5.0,4.492924e-08
45,122,6.0,2.564906e-08
45,122,7.0,4.031431e-07
45,122,8.0,3.6491468e-07
45,122,9.0,3.4131642e-07
45,122,10.0,3.2620338e-07
45,122,11.0,3.9543926e-07
45,122,12.0,2.9172762e-07
45,122,13.0,1.6728182e-08
45,122,14.0,6.5949726e-09
45,123,0.0,6.018247e-08
45,123,1.0,4.3296584e-09
45,123,2.0,4.1055154e-07
45,123,3.0,9.32619e-09
45,123,4.0,9.421619e-08
45,123,5.0,1.3665246e-07
45,123,6.0,6.994304e-08
45,123,7.0,2.5096279e-08
45,123,8.0,7.3526064e-07
45,123,9.0,1.020371e-06
45,123,10.0,2.8894357e-07
45,123,11.0,1.2208865e-07
45,123,12.0,1.0955787e-07
45,123,13.0,2.8537906e-08
45,123,14.0,1.9974922e-07
45,124,0.0,5.395306e-08
45,124,1.0,2.6189392e-07
45,124,2.0,1.4471159e-06
45,124,3.0,2.1341567e-07
45,124,4.0,2.9989982e-09
45,124,5.0,0.0
45,124,6.0,4.289033e-08
45,124,7.0,2.7811532e-07
45,124,8.0,3.8683498e-07
45,124,9.0,4.717541e-07
45,124,10.0,3.4277758e-07
45,124,11.0,1.021218e-07
45,124,12.0,8.4207144e-08
45,124,13.0,5.6282374e-07
45,124,14.0,2.760522e-07
45,125,0.0,1.6251144e-07
45,125,1.0,4.003376e-08
45,125,2.0,2.0627499e-07
45,125,3.0,3.3268211e-06
45,125,4.0,1.4294002e-07
45,125,5.0,2.0497136e-07
45,125,6.0,1.9521983e-07
45,125,7.0,3.1557406e-08
45,125,8.0,1.382586e-07
45,125,9.0,2.0475046e-07
45,125,10.0,1.9004834e-07
45,125,11.0,1.6346998e-07
45,125,12.0,9.72899e-08
45,125,13.0,6.720035e-09
45,125,14.0,1.5988395e-07
45,126,0.0,1.5865635e-07
45,126,1.0,2.798064e-08
45,126,2.0,1.3210888e-07
45,126,3.0,4.4842267e-08
45,126,4.0,8.836757e-08
45,126,5.0,4.330413e-08
45,126,6.0,2.6645026e-07
45,126,7.0,1.975167e-07
45,126,8.0,7.8326586e-08
45,126,9.0,1.3042126e-07
45,126,10.0,2.2941917e-07
45,126,11.0,6.818388e-07
45,126,12.0,3.5827142e-07
45,126,13.0,0.0
45,126,14.0,1.8150065e-08
45,127,0.0,9.2576585e-08
45,127,1.0,7.4076475e-08
45,127,2.0,5.1008804e-08
45,127,3.0,4.4476125e-09
45,127,4.0,7.1730085e-08
45,127,5.0,5.978748e-10
45,127,6.0,2.4765015e-08
45,127,7.0,6.27011e-08
45,127,8.0,5.517002e-07
45,127,9.0,8.1321633e-07
45,127,10.0,2.6528687e-07
45,127,11.0,1.1817656e-07
45,127,12.0,7.31855e-08
45,127,13.0,1.4934959e-07
45,127,14.0,4.9374546e-07
45,128,0.0,2.1337246e-07
45,128,1.0,1.2888116e-08
45,128,2.0,7.2339425e-08
45,128,3.0,8.4563146e-07
45,128,4.0,9.56129e-07
45,128,5.0,5.3807605e-07
45,128,6.0,7.1158716e-08
45,128,7.0,0.0
45,128,8.0,1.2713096e-07
45,128,9.0,7.06767e-07
45,128,10.0,3.008357e-07
45,128,11.0,3.457174e-07
45,128,12.0,4.975783e-07
45,128,13.0,1.1380738e-06
45,128,14.0,1.3021045e-06
46,102,0.0,5.9766776e-08
46,102,1.0,5.573544e-08
46,102,2.0,1.0451564e-06
46,102,3.0,3.2914404e-06
46,102,4.0,3.537438e-07
46,102,5.0,1.9364111e-07
46,102,6.0,5.3282986e-07
46,102,7.0,1.9639539e-07
46,102,8.0,4.2859195e-08
46,102,9.0,7.697876e-08
46,102,10.0,7.972798e-08
46,102,11.0,2.4945023e-13
46,102,12.0,2.271927e-07
46,102,13.0,2.0212226e-06
46,102,14.0,1.3521318e-07
46,103,0.0,5.6196836e-07
46,103,1.0,4.6466012e-10
46,103,2.0,3.428488e-09
46,103,3.0,2.306926e-07
46,103,4.0,4.8896504e-07
46,103,5.0,1.0914827e-06
46,103,6.0,1.0407001e-06
46,103,7.0,4.8905423e-07
46,103,8.0,3.003057e-07
46,103,9.0,2.2812671e-07
46,103,10.0,2.9644855e-07
46,103,11.0,4.2139206e-07
46,103,12.0,1.637666e-07
46,103,13.0,6.975915e-08
46,103,14.0,6.1118e-07
46,104,0.0,9.67299e-08
46,104,1.0,2.8403002e-07
46,104,2.0,2.1209263e-07
46,104,3.0,2.2214843e-07
46,104,4.0,3.3884614e-08
46,104,5.0,9.834888e-07
46,104,6.0,4.2020577e-07
46,104,7.0,6.680279e-09
46,104,8.0,5.658619e-10
46,104,9.0,6.02351e-08
46,104,10.0,6.1484747e-07
46,104,11.0,0.0
46,104,12.0,6.956607e-09
46,104,13.0,3.1725705e-07
46,104,14.0,1.8933612e-07
46,105,0.0,3.7923765e-08
46,105,1.0,1.2761473e-07
46,105,2.0,2.5902798e-09
46,105,3.0,3.370842e-07
46,105,4.0,4.3174745e-07
46,105,5.0,8.942687e-08
46,105,6.0,1.924258e-07
46,105,7.0,2.7352337e-07
46,105,8.0,9.165064e-08
46,105,9.0,3.0473097e-07
46,105,10.0,1.0707444e-06
46,105,11.0,6.971264e-08
46,105,12.0,4.407007e-08
46,105,13.0,9.982279e-08
46,105,14.0,1.0653152e-07
46,106,0.0,3.7899343e-07
46,106,1.0,6.99371e-07
46,106,2.0,1.2102677e-07
46,106,3.0,2.0609277e-06
46,106,4.0,3.366033e-07
46,106,5.0,6.1932576e-07
46,106,6.0,1.4762694e-06
46,106,7.0,3.3859982e-07
46,106,8.0,7.294496e-07
46,106,9.0,8.4349676e-07
46,106,10.0,1.580182e-07
46,106,11.0,1.778053e-08
46,106,12.0,1.292915e-06
46,106,13.0,1.9280421e-06
46,106,14.0,3.4597412e-07
46,107,0.0,0.0
46,107,1.0,1.2502088e-11
46,107,2.0,0.0
46,107,3.0,0.0
46,107,4.0,0.0
46,107,5.0,0.0
46,107,6.0,6.1158127e-09
46,107,7.0,4.2058875e-07
46,107,8.0,3.565743e-07
46,107,9.0,8.6141677e-07
46,107,10.0,2.706611e-06
46,107,11.0,1.32995e-06
46,107,12.0,1.4133806e-06
46,107,13.0,5.113163e-06
46,107,14.0,1.0038697e-05
46,108,0.0,1.0700106e-07
46,108,1.0,0.0
46,108,2.0,0.0
46,108,3.0,2.9286494e-07
46,108,4.0,4.2450165e-07
46,108,5.0,5.5406176e-06
46,108,6.0,7.937269e-06
46,108,7.0,1.425968e-05
46,108,8.0,3.8892427e-05
46,108,9.0,3.7428235e-05
46,108,10.0,4.5103257e-05
46,108,11.0,3.168447e-05
46,108,12.0,1.2864749e-05
46,108,13.0,2.7766137e-05
46,108,14.0,3.662875e-05
46,109,0.0,1.8425847e-13
46,109,1.0,9.009162e-06
46,109,2.0,1.7412065e-05
46,109,3.0,3.0900825e-05
46,109,4.0,3.4891502e-05
46,109,5.0,5.6877103e-05
46,109,6.0,6.782076e-05
46,109,7.0,7.594754e-05
46,109,8.0,8.898634e-05
46,109,9.0,0.00011229303
46,109,10.0,0.00020043357
46,109,11.0,0.00030992308
46,109,12.0,0.0003795004
46,109,13.0,0.0004208006
46,109,14.0,0.00038641473
46,110,0.0,1.164759e-07
46,110,1.0,1.6550573e-05
46,110,2.0,9.343576e-05
46,110,3.0,0.00013267406
46,110,4.0,0.0002681727
46,110,5.0,0.0004152954
46,110,6.0,0.00043255434
46,110,7.0,0.00049152516
46,110,8.0,0.0005706153
46,110,9.0,0.0008286302
46,110,10.0,0.0013356649
46,110,11.0,0.0015004445
46,110,12.0,0.0022918445
46,110,13.0,0.002695009
46,110,14.0,0.0025240907
46,111,0.0,3.750617e-05
46,111,1.0,8.5067266e-05
46,111,2.0,0.00044992144
46,111,3.0,0.00093425595
46,111,4.0,0.0012255693
46,111,5.0,0.0019184394
46,111,6.0,0.0019574484
46,111,7.0,0.00221169
46,111,8.0,0.0024891088
46,111,9.0,0.0031277249
46,111,10.0,0.004580178
46,111,11.0,0.0064551765
46,111,12.0,0.0077175344
46,111,13.0,0.008890631
46,111,14.0,0.009038362
46,112,0.0,0.00016149056
46,112,1.0,0.00066292135
46,112,2.0,0.0015469402
46,112,3.0,0.0026799198
46,112,4.0,0.004140408
46,112,5.0,0.0060283905
46,112,6.0,0.0077316067
46,112,7.0,0.008201867
46,112,8.0,0.008693428
46,112,9.0,0.011778904
46,112,10.0,0.016528994
46,112,11.0,0.020874629
46,112,12.0,0.02734228
46,112,13.0,0.03143087
46,112,14.0,0.029471459
46,113,0.0,0.0006129572
46,113,1.0,0.001217234
46,113,2.0,0.0034259912
46,113,3.0,0.0066022812
46,113,4.0,0.010189265
46,113,5.0,0.015514946
46,113,6.0,0.017406419
46,113,7.0,0.017784066
46,113,8.0,0.0191454
46,113,9.0,0.024799166
46,113,10.0,0.035257272
46,113,11.0,0.04241886
46,113,12.0,0.051664997
46,113,13.0,0.056044593
46,113,14.0,0.055074044
46,114,0.0,0.0009910424
46,114,1.0,0.0024900644
46,114,2.0,0.0068085045
46,114,3.0,0.011967266
46,114,4.0,0.021378925
46,114,5.0,0.0317844
46,114,6.0,0.036167756
46,114,7.0,0.03478991
46,114,8.0,0.036242243
46,114,9.0,0.044591844
46,114,10.0,0.059738714
46,114,11.0,0.080934495
46,114,12.0,0.09075935
46,114,13.0,0.09143213
46,114,14.0,0.086712725
46,115,0.0,0.0011339686
46,115,1.0,0.003040762
46,115,2.0,0.007935388
46,115,3.0,0.014669715
46,115,4.0,0.022529852
46,115,5.0,0.030773627
46,115,6.0,0.0376984
46,115,7.0,0.03976053
46,115,8.0,0.038002685
46,115,9.0,0.04483781
46,115,10.0,0.059520263
46,115,11.0,0.078264296
46,115,12.0,0.090377815
46,115,13.0,0.08919007
46,115,14.0,0.09063698
46,116,0.0,0.0012991679
46,116,1.0,0.003392274
46,116,2.0,0.008213756
46,116,3.0,0.015357238
46,116,4.0,0.02353924
46,116,5.0,0.031235408
46,116,6.0,0.03680079
46,116,7.0,0.03602071
46,116,8.0,0.036636196
46,116,9.0,0.04682729
46,116,10.0,0.056493074
46,116,11.0,0.069806464
46,116,12.0,0.07585986
46,116,13.0,0.07975759
46,116,14.0,0.07552431
46,117,0.0,0.0005422399
46,117,1.0,0.002161181
46,117,2.0,0.005177045
46,117,3.0,0.009825849
46,117,4.0,0.014622489
46,117,5.0,0.01965121
46,117,6.0,0.021927454
46,117,7.0,0.021268375
46,117,8.0,0.02032325
46,117,9.0,0.022310436
46,117,10.0,0.03051954
46,117,11.0,0.036866136
46,117,12.0,0.042813785
46,117,13.0,0.046204705
46,117,14.0,0.0414952
46,118,0.0,0.0005666684
46,118,1.0,0.0011937777
46,118,2.0,0.0030394127
46,118,3.0,0.005476102
46,118,4.0,0.007401999
46,118,5.0,0.009267725
46,118,6.0,0.010283509
46,118,7.0,0.010066823
46,118,8.0,0.010162495
46,118,9.0,0.012042332
46,118,10.0,0.015559431
46,118,11.0,0.01873747
46,118,12.0,0.020993188
46,118,13.0,0.02147051
46,118,14.0,0.021041725
46,119,0.0,0.000105490086
46,119,1.0,0.00054611464
46,119,2.0,0.0012863557
46,119,3.0,0.002141027
46,119,4.0,0.0026416907
46,119,5.0,0.0032093949
46,119,6.0,0.0029882095
46,119,7.0,0.0026648168
46,119,8.0,0.002644833
46,119,9.0,0.0030814202
46,119,10.0,0.0042696777
46,119,11.0,0.0059025367
46,119,12.0,0.0075162896
46,119,13.0,0.007876818
46,119,14.0,0.0065845475
46,120,0.0,5.7171765e-05
46,120,1.0,0.00017252794
46,120,2.0,0.00030222756
46,120,3.0,0.00066280103
46,120,4.0,0.0008135306
46,120,5.0,0.001131711
46,120,6.0,0.0012752927
46,120,7.0,0.0012727673
46,120,8.0,0.0011489181
46,120,9.0,0.0010711846
46,120,10.0,0.0015490763
46,120,11.0,0.0020363685
46,120,12.0,0.002054004
46,120,13.0,0.0023938143
46,120,14.0,0.0020369883
46,121,0.0,1.4617791e-06
46,121,1.0,1.24607095e-05
46,121,2.0,0.00010253991
46,121,3.0,0.0001499122
46,121,4.0,0.00017948491
46,121,5.0,0.00021304551
46,121,6.0,0.00026560857
46,121,7.0,0.00024753975
46,121,8.0,0.00023387269
46,121,9.0,0.00022770015
46,121,10.0,0.00030092805
46,121,11.0,0.0003991433
46,121,12.0,0.00054627133
46,121,13.0,0.00060691347
46,121,14.0,0.00040458186
46,122,0.0,0.0
46,122,1.0,1.3587227e-06
46,122,2.0,2.2702685e-05
46,122,3.0,6.387918e-05
46,122,4.0,9.08127e-05
46,122,5.0,9.7336546e-05
46,122,6.0,8.693276e-05
46,122,7.0,8.59865e-05
46,122,8.0,9.29743e-05
46,122,9.0,9.8701385e-05
46,122,10.0,9.6367214e-05
46,122,11.0,9.626384e-05
46,122,12.0,0.00012217995
46,122,13.0,0.00017786588
46,122,14.0,0.00016913662
46,123,0.0,3.3259394e-07
46,123,1.0,1.5866769e-07
46,123,2.0,1.6049273e-07
46,123,3.0,3.3693354e-07
46,123,4.0,1.8834104e-06
46,123,5.0,2.8920233e-06
46,123,6.0,8.6172295e-06
46,123,7.0,1.870051e-05
46,123,8.0,2.0484726e-05
46,123,9.0,1.7155859e-05
46,123,10.0,1.0572979e-05
46,123,11.0,3.3587062e-06
46,123,12.0,4.699687e-07
46,123,13.0,5.7169384e-08
46,123,14.0,0.0
46,124,0.0,3.568166e-12
46,124,1.0,4.955448e-08
46,124,2.0,6.279833e-07
46,124,3.0,1.7583977e-07
46,124,4.0,1.3562546e-06
46,124,5.0,4.4835886e-07
46,124,6.0,1.8180695e-07
46,124,7.0,1.1101886e-07
46,124,8.0,1.2436875e-07
46,124,9.0,2.5645127e-07
46,124,10.0,4.9493686e-08
46,124,11.0,3.2848317e-07
46,124,12.0,2.0004311e-08
46,124,13.0,4.295915e-07
46,124,14.0,4.3162018e-07
46,125,0.0,2.331758e-10
46,125,1.0,2.6481206e-07
46,125,2.0,1.5474642e-07
46,125,3.0,2.7366187e-07
46,125,4.0,3.8684078e-07
46,125,5.0,3.1564593e-07
46,125,6.0,5.0281294e-08
46,125,7.0,2.338872e-09
46,125,8.0,1.995929e-09
46,125,9.0,4.1476518e-08
46,125,10.0,3.2632633e-07
46,125,11.0,1.5477431e-07
46,125,12.0,4.792691e-09
46,125,13.0,1.0113266e-08
46,125,14.0,4.57559e-08
46,126,0.0,3.9499373e-08
46,126,1.0,2.288507e-09
46,126,2.0,1.8501864e-07
46,126,3.0,4.014142e-07
46,126,4.0,2.546627e-07
46,126,5.0,4.3284908e-07
46,126,6.0,7.4760925e-07
46,126,7.0,7.6786233e-07
46,126,8.0,1.6990653e-07
46,126,9.0,5.061895e-08
46,126,10.0,2.3365926e-07
46,126,11.0,2.923164e-07
46,126,12.0,1.7442693e-07
46,126,13.0,2.7018692e-07
46,126,14.0,8.460748e-08
46,127,0.0,0.0
46,127,1.0,0.0
46,127,2.0,7.086047e-08
46,127,3.0,1.8030764e-07
46,127,4.0,1.6487189e-07
46,127,5.0,9.0388005e-07
46,127,6.0,4.1914345e-07
46,127,7.0,8.0489436e-08
46,127,8.0,8.998929e-08
46,127,9.0,3.732452e-07
46,127,10.0,5.2499665e-08
46,127,11.0,0.0
46,127,12.0,2.208396e-07
46,127,13.0,9.20577e-08
46,127,14.0,1.848588e-08
46,128,0.0,4.6820997e-08
46,128,1.0,1.15608835e-07
46,128,2.0,6.596546e-07
46,128,3.0,3.433859e-07
46,128,4.0,4.825023e-07
46,128,5.0,2.895275e-07
46,128,6.0,7.64203e-08
46,128,7.0,1.745062e-08
46,128,8.0,2.6449605e-08
46,128,9.0,7.70932e-08
46,128,10.0,1.7247625e-07
46,128,11.0,3.7182903e-07
46,128,12.0,1.4942702e-06
46,128,13.0,2.2457423e-06
46,128,14.0,4.813484e-07
46,129,0.0,9.513781e-09
46,129,1.0,6.0872935e-07
46,129,2.0,3.4839397e-07
46,129,3.0,6.4522715e-07
46,129,4.0,4.583318e-08
46,129,5.0,1.135957e-07
46,129,6.0,2.0757629e-07
46,129,7.0,1.0922365e-08
46,129,8.0,1.6528173e-08
46,129,9.0,2.0749432e-07
46,129,10.0,4.309872e-07
46,129,11.0,1.1274265e-07
46,129,12.0,1.8000944e-07
46,129,13.0,5.4533194e-07
46,129,14.0,1.3966738e-07
46,130,0.0,1.7841663e-07
46,130,1.0,4.806989e-07
46,130,2.0,1.3356862e-07
46,130,3.0,4.8337747e-09
46,130,4.0,7.1031253e-10
46,130,5.0,5.994735e-09
46,130,6.0,5.5197193e-09
46,130,7.0,1.884395e-08
46,130,8.0,7.3192844e-08
46,130,9.0,1.6171478e-07
46,130,10.0,2.7514773e-07
46,130,11.0,2.8003495e-07
46,130,12.0,4.3441126e-08
46,130,13.0,2.855593e-07
46,130,14.0,2.9588965e-09
46,131,0.0,2.4879415e-07
46,131,1.0,4.333548e-08
46,131,2.0,5.0074294e-07
46,131,3.0,4.1414364e-07
46,131,4.0,4.876453e-08
46,131,5.0,1.5801658e-07
46,131,6.0,9.467345e-08
46,131,7.0,1.3300529e-07
46,131,8.0,2.3800162e-07
46,131,9.0,2.4131703e-07
46,131,10.0,2.3562805e-07
46,131,11.0,2.19017e-06
46,131,12.0,4.542284e-08
46,131,13.0,0.0
46,131,14.0,4.268053e-09
47,105,0.0,1.6442554e-07
47,105,1.0,2.6907801e-07
47,105,2.0,6.2536066e-07
47,105,3.0,1.3976656e-06
47,105,4.0,7.1275906e-07
47,105,5.0,1.7865472e-06
47,105,6.0,4.1722143e-07
47,105,7.0,1.6208586e-06
47,105,8.0,1.1412772e-07
47,105,9.0,7.0395716e-09
47,105,10.0,6.6705703e-09
47,105,11.0,1.847707e-08
47,105,12.0,1.00187085e-08
47,105,13.0,1.8865373e-07
47,105,14.0,3.169801e-07
47,106,0.0,0.0
47,106,1.0,2.5206193e-09
47,106,2.0,1.4931767e-07
47,106,3.0,3.1379028e-07
47,106,4.0,2.551521e-07
47,106,5.0,1.743279e-07
47,106,6.0,0.0
47,106,7.0,0.0
47,106,8.0,6.090576e-09
47,106,9.0,3.4111352e-08
47,106,10.0,1.3262073e-07
47,106,11.0,1.2961431e-08
47,106,12.0,2.1964283e-07
47,106,13.0,1.519381e-06
47,106,14.0,1.8715729e-06
47,107,0.0,1.0615873e-07
47,107,1.0,1.6849883e-08
47,107,2.0,2.1269761e-07
47,107,3.0,1.3630479e-06
47,107,4.0,4.0044515e-07
47,107,5.0,1.2419738e-07
47,107,6.0,1.2771407e-08
47,107,7.0,0.0
47,107,8.0,1.000334e-09
47,107,9.0,1.6479882e-07
47,107,10.0,7.233068e-08
47,107,11.0,4.89785e-08
47,107,12.0,2.6270354e-07
47,107,13.0,1.1485052e-06
47,107,14.0,1.1953913e-06
47,108,0.0,5.5945867e-07
47,108,1.0,3.4003213e-07
47,108,2.0,4.3583518e-07
47,108,3.0,6.21623e-07
47,108,4.0,1.16750385e-07
47,108,5.0,5.4127827e-09
47,108,6.0,4.138144e-08
47,108,7.0,1.273899e-07
47,108,8.0,2.976697e-07
47,108,9.0,3.4859252e-07
47,108,10.0,5.154234e-07
47,108,11.0,5.4410537e-10
47,108,12.0,6.610965e-11
47,108,13.0,0.0
47,108,14.0,2.7024843e-08
47,109,0.0,4.083188e-10
47,109,1.0,1.526765e-07
47,109,2.0,2.162218e-08
47,109,3.0,3.8984788e-12
47,109,4.0,2.622317e-07
47,109,5.0,5.4186614e-07
47,109,6.0,2.6977386e-07
47,109,7.0,8.877925e-07
47,109,8.0,1.0118222e-06
47,109,9.0,8.950122e-07
47,109,10.0,1.4879818e-07
47,109,11.0,1.9007567e-07
47,109,12.0,0.0
47,109,13.0,0.0
47,109,14.0,0.0
47,110,0.0,0.0
47,110,1.0,1.44071794e-08
47,110,2.0,2.3350608e-09
47,110,3.0,0.0
47,110,4.0,7.21165e-07
47,110,5.0,3.9796655e-07
47,110,6.0,1.8230319e-08
47,110,7.0,6.053935e-11
47,110,8.0,6.436567e-08
47,110,9.0,3.0743604e-07
47,110,10.0,6.5153216e-07
47,110,11.0,1.1209656e-06
47,110,12.0,1.508132e-06
47,110,13.0,7.43207e-06
47,110,14.0,1.2540772e-05
47,111,0.0,0.0
47,111,1.0,1.3806162e-09
47,111,2.0,3.0980285e-08
47,111,3.0,0.0
47,111,4.0,9.0858083e-07
47,111,5.0,4.370022e-06
47,111,6.0,3.7483983e-06
47,111,7.0,4.300671e-06
47,111,8.0,1.0499256e-05
47,111,9.0,1.925549e-05
47,111,10.0,3.4134344e-05
47,111,11.0,6.809148e-05
47,111,12.0,9.6720505e-05
47,111,13.0,0.00015993562
47,111,14.0,0.0001657336
47,112,0.0,0.0
47,112,1.0,6.672807e-08
47,112,2.0,1.6643693e-07
47,112,3.0,7.6218357e-06
47,112,4.0,3.7332644e-05
47,112,5.0,9.508335e-05
47,112,6.0,0.0001102704
47,112,7.0,0.00013757932
47,112,8.0,0.00019019197
47,112,9.0,0.00029111627
47,112,10.0,0.0004237104
47,112,11.0,0.0006323538
47,112,12.0,0.0007213294
47,112,13.0,0.0009844904
47,112,14.0,0.0009032455
47,113,0.0,9.3481596e-08
47,113,1.0,1.9081079e-05
47,113,2.0,9.4164316e-05
47,113,3.0,0.00020006676
47,113,4.0,0.00042921558
47,113,5.0,0.00072793115
47,113,6.0,0.001117274
47,113,7.0,0.0011481434
47,113,8.0,0.001216314
47,113,9.0,0.001462937
47,113,10.0,0.0018527817
47,113,11.0,0.0025472576
47,113,12.0,0.004073031
47,113,13.0,0.0049515627
47,113,14.0,0.004389802
47,114,0.0,2.7967926e-05
47,114,1.0,0.00021134874
47,114,2.0,0.000617283
47,114,3.0,0.0012020307
47,114,4.0,0.0014326636
47,114,5.0,0.002703441
47,114,6.0,0.0036839254
47,114,7.0,0.0044203214
47,114,8.0,0.0051199417
47,114,9.0,0.005885792
47,114,10.0,0.008190349
47,114,11.0,0.012011199
47,114,12.0,0.015312302
47,114,13.0,0.017418282
47,114,14.0,0.016943526
47,115,0.0,0.0002577617
47,115,1.0,0.00056401343
47,115,2.0,0.0015848384
47,115,3.0,0.0030826384
47,115,4.0,0.0058383676
47,115,5.0,0.009933949
47,115,6.0,0.012702168
47,115,7.0,0.013532377
47,115,8.0,0.013859505
47,115,9.0,0.015878506
47,115,10.0,0.023118056
47,115,11.0,0.033225253
47,115,12.0,0.03809204
47,115,13.0,0.042682465
47,115,14.0,0.04239988
47,116,0.0,0.0005067
47,116,1.0,0.0014245254
47,116,2.0,0.003303556
47,116,3.0,0.007686526
47,116,4.0,0.012475906
47,116,5.0,0.01940385
47,116,6.0,0.02452619
47,116,7.0,0.023793627
47,116,8.0,0.024781274
47,116,9.0,0.02862693
47,116,10.0,0.041022982
47,116,11.0,0.055159386
47,116,12.0,0.06431151
47,116,13.0,0.07008348
47,116,14.0,0.067807175
47,117,0.0,0.0008301213
47,117,1.0,0.00228144
47,117,2.0,0.0058118477
47,117,3.0,0.013210046
47,117,4.0,0.01999345
47,117,5.0,0.029447848
47,117,6.0,0.036834422
47,117,7.0,0.03928133
47,117,8.0,0.03718626
47,117,9.0,0.039807264
47,117,10.0,0.059999704
47,117,11.0,0.07923399
47,117,12.0,0.086860955
47,117,13.0,0.09128486
47,117,14.0,0.09026026
47,118,0.0,0.00083638093
47,118,1.0,0.0024574364
47,118,2.0,0.0058123805
47,118,3.0,0.012054931
47,118,4.0,0.01871241
47,118,5.0,0.024930067
47,118,6.0,0.03197836
47,118,7.0,0.034046333
47,118,8.0,0.03442751
47,118,9.0,0.040517554
47,118,10.0,0.05308626
47,118,11.0,0.06533944
47,118,12.0,0.07566701
47,118,13.0,0.0828326
47,118,14.0,0.079250194
47,119,0.0,0.0007462777
47,119,1.0,0.0018016413
47,119,2.0,0.0054644793
47,119,3.0,0.010174804
47,119,4.0,0.015578224
47,119,5.0,0.0216062
47,119,6.0,0.025950318
47,119,7.0,0.026242975
47,119,8.0,0.028114006
47,119,9.0,0.034004845
47,119,10.0,0.04024155
47,119,11.0,0.05093183
47,119,12.0,0.05962867
47,119,13.0,0.059656244
47,119,14.0,0.057050627
47,120,0.0,0.00047538627
47,120,1.0,0.0006783442
47,120,2.0,0.0024352616
47,120,3.0,0.005276748
47,120,4.0,0.008455439
47,120,5.0,0.011842483
47,120,6.0,0.012758467
47,120,7.0,0.012832009
47,120,8.0,0.013830329
47,120,9.0,0.015918816
47,120,10.0,0.01907134
47,120,11.0,0.025485648
47,120,12.0,0.03028005
47,120,13.0,0.031213375
47,120,14.0,0.028878948
47,121,0.0,0.00022728906
47,121,1.0,0.00055991416
47,121,2.0,0.0012616945
47,121,3.0,0.0031458165
47,121,4.0,0.005150069
47,121,5.0,0.0063907793
47,121,6.0,0.0069887107
47,121,7.0,0.006893604
47,121,8.0,0.006873651
47,121,9.0,0.0077995583
47,121,10.0,0.010159477
47,121,11.0,0.012142347
47,121,12.0,0.012829844
47,121,13.0,0.012671915
47,121,14.0,0.01226848
47,122,0.0,6.88462e-05
47,122,1.0,0.00022437333
47,122,2.0,0.0006958987
47,122,3.0,0.0013497667
47,122,4.0,0.002069095
47,122,5.0,0.002324139
47,122,6.0,0.0024824655
47,122,7.0,0.0028821763
47,122,8.0,0.0031656174
47,122,9.0,0.0032746464
47,122,10.0,0.003634631
47,122,11.0,0.0044116653
47,122,12.0,0.004913962
47,122,13.0,0.0047553917
47,122,14.0,0.004234425
47,123,0.0,4.6038283e-05
47,123,1.0,0.00020595183
47,123,2.0,0.0005484713
47,123,3.0,0.0010456775
47,123,4.0,0.0012629542
47,123,5.0,0.0018454331
47,123,6.0,0.0017875481
47,123,7.0,0.0017877177
47,123,8.0,0.0016090578
47,123,9.0,0.0015808394
47,123,10.0,0.0019843837
47,123,11.0,0.0022863988
47,123,12.0,0.002325487
47,123,13.0,0.0022349227
47,123,14.0,0.0022348482
47,124,0.0,6.708625e-05
47,124,1.0,0.00014113383
47,124,2.0,0.00031910508
47,124,3.0,0.00066541944
47,124,4.0,0.00086153956
47,124,5.0,0.00091083616
47,124,6.0,0.00068568176
47,124,7.0,0.00045750258
47,124,8.0,0.00043827127
47,124,9.0,0.0006492397
47,124,10.0,0.00076499296
47,124,11.0,0.00081991235
47,124,12.0,0.00087563443
47,124,13.0,0.0007987146
47,124,14.0,0.0005568148
47,125,0.0,7.7789286e-05
47,125,1.0,4.4504537e-05
47,125,2.0,8.55584e-05
47,125,3.0,0.00019563167
47,125,4.0,0.00028506952
47,125,5.0,0.00032843836
47,125,6.0,0.00032714175
47,125,7.0,0.00019632964
47,125,8.0,0.00013968803
47,125,9.0,0.0001538146
47,125,10.0,0.00017703704
47,125,11.0,0.00021558489
47,125,12.0,0.00023676647
47,125,13.0,0.00023172266
47,125,14.0,0.00014725151
47,126,0.0,2.9111608e-05
47,126,1.0,1.1160097e-05
47,126,2.0,3.6854086e-05
47,126,3.0,7.930835e-05
47,126,4.0,6.249707e-05
47,126,5.0,8.763349e-05
47,126,6.0,4.296653e-05
47,126,7.0,3.7087757e-05
47,126,8.0,2.6334797e-05
47,126,9.0,1.4351278e-05
47,126,10.0,1.6523647e-05
47,126,11.0,2.7153093e-05
47,126,12.0,5.7875073e-05
47,126,13.0,3.4590255e-05
47,126,14.0,3.064134e-05
47,127,0.0,4.551878e-06
47,127,1.0,1.0161386e-05
47,127,2.0,1.544113e-05
47,127,3.0,2.736416e-05
47,127,4.0,7.2677162e-06
47,127,5.0,2.2159954e-07
47,127,6.0,3.0084672e-07
47,127,7.0,7.389187e-10
47,127,8.0,4.2587786e-10
47,127,9.0,6.532802e-07
47,127,10.0,7.443328e-06
47,127,11.0,3.0541541e-06
47,127,12.0,3.1094612e-07
47,127,13.0,1.2039348e-07
47,127,14.0,2.9882543e-08
47,128,0.0,1.0090271e-06
47,128,1.0,1.4452153e-06
47,128,2.0,1.145874e-06
47,128,3.0,2.3774028e-07
47,128,4.0,1.0075424e-06
47,128,5.0,8.268886e-10
47,128,6.0,1.3979843e-08
47,128,7.0,2.369807e-08
47,128,8.0,1.8426518e-07
47,128,9.0,8.276681e-07
47,128,10.0,8.1095277e-07
47,128,11.0,4.273168e-08
47,128,12.0,0.0
47,128,13.0,0.0
47,128,14.0,2.0345734e-09
47,129,0.0,4.5001553e-07
47,129,1.0,7.0801246e-07
47,129,2.0,2.0979732e-08
47,129,3.0,6.615727e-08
47,129,4.0,3.910373e-07
47,129,5.0,3.2271438e-07
47,129,6.0,6.316153e-08
47,129,7.0,4.0505847e-07
47,129,8.0,1.4034384e-07
47,129,9.0,2.3738334e-08
47,129,10.0,5.418355e-07
47,129,11.0,2.575993e-07
47,129,12.0,1.9934218e-07
47,129,13.0,0.0
47,129,14.0,8.4935337e-10
47,130,0.0,0.0
47,130,1.0,3.1365406e-07
47,130,2.0,2.9409463e-07
47,130,3.0,0.0
47,130,4.0,5.5795777e-08
47,130,5.0,9.367327e-10
47,130,6.0,4.5748223e-09
47,130,7.0,1.3963607e-07
47,130,8.0,1.4137079e-07
47,130,9.0,4.3143703e-07
47,130,10.0,9.633516e-07
47,130,11.0,1.1265057e-07
47,130,12.0,2.8313318e-09
47,130,13.0,1.0373568e-07
47,130,14.0,2.1299842e-09
47,131,0.0,2.7353959e-08
47,131,1.0,3.7896348e-07
47,131,2.0,9.2508975e-07
47,131,3.0,3.3423967e-07
47,131,4.0,1.2382145e-08
47,131,5.0,5.637543e-08
47,131,6.0,1.8198398e-07
47,131,7.0,3.367552e-07
47,131,8.0,2.1124418e-08
47,131,9.0,5.316311e-07
47,131,10.0,2.3420444e-07
47,131,11.0,1.2203265e-07
47,131,12.0,1.642358e-07
47,131,13.0,8.8801085e-07
47,131,14.0,6.73096e-07
47,132,0.0,1.14418235e-07
47,132,1.0,7.272898e-08
47,132,2.0,7.0976535e-07
47,132,3.0,4.6291822e-07
47,132,4.0,9.616733e-07
47,132,5.0,4.061407e-07
47,132,6.0,1.5785265e-07
47,132,7.0,9.666767e-08
47,132,8.0,7.708915e-08
47,132,9.0,3.6739934e-08
47,132,10.0,1.3264864e-10
47,132,11.0,3.4922991e-09
47,132,12.0,2.2011111e-08
47,132,13.0,2.8574037e-08
47,132,14.0,6.0314085e-07
47,133,0.0,3.5406277e-08
47,133,1.0,1.3725233e-07
47,133,2.0,1.119396e-07
47,133,3.0,2.0207198e-09
47,133,4.0,5.3838242e-08
47,133,5.0,5.0843694e-11
47,133,6.0,2.5547695e-09
47,133,7.0,2.873752e-08
47,133,8.0,1.0250544e-07
47,133,9.0,8.556357e-08
47,133,10.0,6.055933e-08
47,133,11.0,2.1834562e-07
47,133,12.0,1.6520426e-07
47,133,13.0,2.6113966e-07
47,133,14.0,3.5377107e-07
48,108,0.0,9.7857914e-08
48,108,1.0,1.1143043e-10
48,108,2.0,5.136324e-08
48,108,3.0,7.745351e-07
48,108,4.0,1.0996157e-06
48,108,5.0,7.55587e-07
48,108,6.0,3.7565536e-07
48,108,7.0,1.241594e-07
48,108,8.0,1.4069636e-07
48,108,9.0,6.5369284e-07
48,108,10.0,1.3457039e-07
48,108,11.0,3.464979e-10
48,108,12.0,6.40198e-08
48,108,13.0,3.1535095e-07
48,108,14.0,4.1176523e-07
48,109,0.0,5.546466e-08
48,109,1.0,2.6475556e-07
48,109,2.0,1.3724657e-06
48,109,3.0,1.2780765e-06
48,109,4.0,4.2803353e-07
48,109,5.0,1.8214074e-07
48,109,6.0,1.299498e-07
48,109,7.0,7.370832e-08
48,109,8.0,3.5051215e-08
48,109,9.0,3.8412654e-08
48,109,10.0,7.3241836e-08
48,109,11.0,5.7977307e-08
48,109,12.0,2.9142699e-08
48,109,13.0,3.9304183e-08
48,109,14.0,1.5770095e-07
48,110,0.0,3.6331372e-07
48,110,1.0,6.36857e-07
48,110,2.0,5.752676e-08
48,110,3.0,1.2199988e-07
48,110,4.0,1.4028403e-07
48,110,5.0,1.4439253e-07
48,110,6.0,1.2474382e-07
48,110,7.0,8.756388e-08
48,110,8.0,6.991404e-08
48,110,9.0,1.9688703e-07
48,110,10.0,6.143733e-08
48,110,11.0,2.8632012e-08
48,110,12.0,6.9274115e-08
48,110,13.0,6.046889e-09
48,110,14.0,3.382884e-07
48,111,0.0,1.7330953e-07
48,111,1.0,5.812139e-08
48,111,2.0,9.188033e-07
48,111,3.0,9.0827615e-07
48,111,4.0,3.7975704e-07
48,111,5.0,3.112259e-07
48,111,6.0,2.948561e-07
48,111,7.0,4.2515146e-07
48,111,8.0,5.717522e-07
48,111,9.0,6.352055e-07
48,111,10.0,4.4425514e-07
48,111,11.0,1.826648e-07
48,111,12.0,1.2600168e-07
48,111,13.0,4.6524167e-07
48,111,14.0,6.056639e-07
48,112,0.0,1.3056605e-07
48,112,1.0,0.0
48,112,2.0,5.8774773e-08
48,112,3.0,0.0
48,112,4.0,0.0
48,112,5.0,0.0
48,112,6.0,0.0
48,112,7.0,0.0
48,112,8.0,0.0
48,112,9.0,0.0
48,112,10.0,5.4206275e-09
48,112,11.0,4.2857117e-08
48,112,12.0,1.3048258e-07
48,112,13.0,9.4155797e-07
48,112,14.0,5.1588167e-06
48,113,0.0,3.599042e-10
48,113,1.0,1.29782896e-08
48,113,2.0,9.7089064e-08
48,113,3.0,5.321796e-08
48,113,4.0,7.318256e-08
48,113,5.0,4.7605578e-08
48,113,6.0,3.6178553e-09
48,113,7.0,1.5289608e-08
48,113,8.0,3.2608438e-07
48,113,9.0,2.806278e-06
48,113,10.0,1.5343847e-05
48,113,11.0,3.8621532e-05
48,113,12.0,4.7024612e-05
48,113,13.0,4.527214e-05
48,113,14.0,3.7769772e-05
48,114,0.0,2.37325e-09
48,114,1.0,1.8269857e-06
48,114,2.0,0.0
48,114,3.0,1.219439e-07
48,114,4.0,1.01443875e-05
48,114,5.0,5.553474e-05
48,114,6.0,6.0068418e-05
48,114,7.0,6.2840176e-05
48,114,8.0,6.0996757e-05
48,114,9.0,0.00015989992
48,114,10.0,0.00029445125
48,114,11.0,0.000441237
48,114,12.0,0.00072749
48,114,13.0,0.00080636377
48,114,14.0,0.00072702434
48,115,0.0,2.354474e-05
48,115,1.0,1.2465572e-05
48,115,2.0,7.0730806e-05
48,115,3.0,0.00016835157
48,115,4.0,0.0003020162
48,115,5.0,0.00042482145
48,115,6.0,0.00046367612
48,115,7.0,0.0006114172
48,115,8.0,0.00080315117
48,115,9.0,0.0010526932
48,115,10.0,0.0014936519
48,115,11.0,0.0026589306
48,115,12.0,0.0030086446
48,115,13.0,0.0031049498
48,115,14.0,0.0028870173
48,116,0.0,2.9044504e-05
48,116,1.0,0.00026072367
48,116,2.0,0.0003699212
48,116,3.0,0.0011148481
48,116,4.0,0.0017810318
48,116,5.0,0.0024335918
48,116,6.0,0.0029659555
48,116,7.0,0.0033226674
48,116,8.0,0.003515711
48,116,9.0,0.0048176306
48,116,10.0,0.0067622648
48,116,11.0,0.00961039
48,116,12.0,0.01120325
48,116,13.0,0.013336791
48,116,14.0,0.012658972
48,117,0.0,0.00012281982
48,117,1.0,0.00050343777
48,117,2.0,0.0012675991
48,117,3.0,0.00256595
48,117,4.0,0.0043311515
48,117,5.0,0.0059789577
48,117,6.0,0.0072668362
48,117,7.0,0.0075322622
48,117,8.0,0.008925811
48,117,9.0,0.012269908
48,117,10.0,0.01763978
48,117,11.0,0.023398591
48,117,12.0,0.028813135
48,117,13.0,0.031012205
48,117,14.0,0.028980007
48,118,0.0,0.0007000558
48,118,1.0,0.0019632438
48,118,2.0,0.004070288
48,118,3.0,0.007058889
48,118,4.0,0.01104537
48,118,5.0,0.016133705
48,118,6.0,0.020836307
48,118,7.0,0.020343395
48,118,8.0,0.022321338
48,118,9.0,0.02758132
48,118,10.0,0.036756624
48,118,11.0,0.050319187
48,118,12.0,0.061127864
48,118,13.0,0.06602186
48,118,14.0,0.059876725
48,119,0.0,0.0010806818
48,119,1.0,0.0023558019
48,119,2.0,0.005071797
48,119,3.0,0.009206907
48,119,4.0,0.016563866
48,119,5.0,0.02207763
48,119,6.0,0.027913535
48,119,7.0,0.030182155
48,119,8.0,0.030456977
48,119,9.0,0.03428355
48,119,10.0,0.04829968
48,119,11.0,0.06317762
48,119,12.0,0.0731829
48,119,13.0,0.0755764
48,119,14.0,0.07370584
48,120,0.0,0.0011441286
48,120,1.0,0.002859215
48,120,2.0,0.0065872674
48,120,3.0,0.012168022
48,120,4.0,0.019713618
48,120,5.0,0.027355649
48,120,6.0,0.036078345
48,120,7.0,0.03467347
48,120,8.0,0.035990763
48,120,9.0,0.043923017
48,120,10.0,0.057026196
48,120,11.0,0.07128583
48,120,12.0,0.079700306
48,120,13.0,0.08176704
48,120,14.0,0.080226295
48,121,0.0,0.0010255461
48,121,1.0,0.002550043
48,121,2.0,0.0049361205
48,121,3.0,0.009618211
48,121,4.0,0.016060717
48,121,5.0,0.021967638
48,121,6.0,0.025389507
48,121,7.0,0.025605638
48,121,8.0,0.026074102
48,121,9.0,0.032021727
48,121,10.0,0.0393322
48,121,11.0,0.048618365
48,121,12.0,0.059131052
48,121,13.0,0.059177995
48,121,14.0,0.055995204
48,122,0.0,0.00079644355
48,122,1.0,0.0019197069
48,122,2.0,0.0038148507
48,122,3.0,0.0070089935
48,122,4.0,0.011167318
48,122,5.0,0.015270737
48,122,6.0,0.018733846
48,122,7.0,0.018562991
48,122,8.0,0.01981953
48,122,9.0,0.02356582
48,122,10.0,0.030295994
48,122,11.0,0.036209974
48,122,12.0,0.03807245
48,122,13.0,0.039112866
48,122,14.0,0.038179822
48,123,0.0,0.00037870443
48,123,1.0,0.001457514
48,123,2.0,0.0027146055
48,123,3.0,0.0043717884
48,123,4.0,0.0070492304
48,123,5.0,0.010653025
48,123,6.0,0.012226881
48,123,7.0,0.011835755
48,123,8.0,0.011658927
48,123,9.0,0.013114541
48,123,10.0,0.01720145
48,123,11.0,0.019149689
48,123,12.0,0.022660092
48,123,13.0,0.022629114
48,123,14.0,0.019738002
48,124,0.0,0.00081712945
48,124,1.0,0.0012572256
48,124,2.0,0.0036235289
48,124,3.0,0.005395845
48,124,4.0,0.0090272445
48,124,5.0,0.011243233
48,124,6.0,0.011865733
48,124,7.0,0.012054107
48,124,8.0,0.011511802
48,124,9.0,0.012954783
48,124,10.0,0.014150458
48,124,11.0,0.01583888
48,124,12.0,0.01387125
48,124,13.0,0.014469776
48,124,14.0,0.013780427
48,125,0.0,0.0015598694
48,125,1.0,0.002795658
48,125,2.0,0.0049983375
48,125,3.0,0.0064763236
48,125,4.0,0.0069113607
48,125,5.0,0.0076742535
48,125,6.0,0.007695935
48,125,7.0,0.0067456057
48,125,8.0,0.0062895482
48,125,9.0,0.006677808
48,125,10.0,0.008279883
48,125,11.0,0.007433464
48,125,12.0,0.008053321
48,125,13.0,0.00834073
48,125,14.0,0.005942607
48,126,0.0,0.0020639505
48,126,1.0,0.0027391608
48,126,2.0,0.004207472
48,126,3.0,0.005410044
48,126,4.0,0.006461684
48,126,5.0,0.0072517493
48,126,6.0,0.0060479813
48,126,7.0,0.0049013845
48,126,8.0,0.0043988284
48,126,9.0,0.0048256633
48,126,10.0,0.004860685
48,126,11.0,0.0047738682
48,126,12.0,0.004094796
48,126,13.0,0.0038704108
48,126,14.0,0.0029429724
48,127,0.0,0.0015721502
48,127,1.0,0.0024286334
48,127,2.0,0.0024322674
48,127,3.0,0.002825449
48,127,4.0,0.002920718
48,127,5.0,0.0022773251
48,127,6.0,0.0021286523
48,127,7.0,0.0017465717
48,127,8.0,0.0021850874
48,127,9.0,0.0023560224
48,127,10.0,0.0019010864
48,127,11.0,0.001385596
48,127,12.0,0.0013900409
48,127,13.0,0.0012304422
48,127,14.0,0.0010362923
48,128,0.0,0.0010928888
48,128,1.0,0.0013511578
48,128,2.0,0.0015824698
48,128,3.0,0.0015044655
48,128,4.0,0.0013834179
48,128,5.0,0.0015210746
48,128,6.0,0.0011422836
48,128,7.0,0.0007762475
48,128,8.0,0.00068192213
48,128,9.0,0.0006188308
48,128,10.0,0.0006578321
48,128,11.0,0.0007984104
48,128,12.0,0.00071516295
48,128,13.0,0.0006259386
48,128,14.0,0.00057599164
48,129,0.0,0.00076741277
48,129,1.0,0.00079240394
48,129,2.0,0.00061085686
48,129,3.0,0.00049962534
48,129,4.0,0.00043523702
48,129,5.0,0.0003444301
48,129,6.0,0.0002949645
48,129,7.0,0.00033590043
48,129,8.0,0.00033039742
48,129,9.0,0.00026377215
48,129,10.0,0.00019702615
48,129,11.0,0.00017149533
48,129,12.0,0.00016510164
48,129,13.0,0.00019017005
48,129,14.0,0.00011275074
48,130,0.0,0.00046544906
48,130,1.0,0.00031051668
48,130,2.0,0.00021823043
48,130,3.0,4.838465e-05
48,130,4.0,7.1086986e-05
48,130,5.0,5.180749e-05
48,130,6.0,3.404378e-05
48,130,7.0,4.4205695e-05
48,130,8.0,4.5208184e-05
48,130,9.0,3.3337907e-05
48,130,10.0,3.110696e-05
48,130,11.0,5.532726e-05
48,130,12.0,5.874326e-05
48,130,13.0,3.3926193e-05
48,130,14.0,2.4540743e-05
48,131,0.0,3.097665e-05
48,131,1.0,2.4743044e-06
48,131,2.0,3.5058736e-09
48,131,3.0,1.3488778e-06
48,131,4.0,1.05510104e-07
48,131,5.0,0.0
48,131,6.0,0.0
48,131,7.0,0.0
48,131,8.0,0.0
48,131,9.0,0.0
48,131,10.0,0.0
48,131,11.0,0.0
48,131,12.0,0.0
48,131,13.0,0.0
48,131,14.0,1.5398717e-08
48,132,0.0,1.18087634e-07
48,132,1.0,3.000777e-07
48,132,2.0,1.0709449e-07
48,132,3.0,6.373148e-07
48,132,4.0,3.7424738e-07
48,132,5.0,1.03042535e-08
48,132,6.0,7.290363e-11
48,132,7.0,4.7880143e-08
48,132,8.0,1.6222698e-07
48,132,9.0,2.493229e-07
48,132,10.0,3.2608438e-07
48,132,11.0,1.846135e-07
48,132,12.0,1.8115655e-08
48,132,13.0,3.09201e-08
48,132,14.0,2.6238666e-07
48,133,0.0,1.0864297e-07
48,133,1.0,7.410956e-08
48,133,2.0,2.4108098e-07
48,133,3.0,1.4922892e-07
48,133,4.0,1.0112026e-07
48,133,5.0,6.4369436e-07
48,133,6.0,5.216569e-08
48,133,7.0,8.3048086e-08
48,133,8.0,2.0024629e-07
48,133,9.0,6.452634e-07
48,133,10.0,1.6437664e-07
48,133,11.0,5.2370716e-08
48,133,12.0,6.691689e-08
48,133,13.0,1.1268364e-07
48,133,14.0,2.1758997e-07
48,134,0.0,1.1353329e-06
48,134,1.0,4.8930424e-09
48,134,2.0,7.555055e-08
48,134,3.0,0.0
48,134,4.0,4.857255e-08
48,134,5.0,2.5473432e-07
48,134,6.0,1.9938193e-08
48,134,7.0,0.0
48,134,8.0,3.403209e-08
48,134,9.0,8.9330385e-08
48,134,10.0,2.454552e-08
48,134,11.0,3.883354e-09
48,134,12.0,4.7380277e-07
48,134,13.0,6.633483e-07
48,134,14.0,9.8609306e-08
48,135,0.0,2.0609011e-08
48,135,1.0,4.6618428e-07
48,135,2.0,8.434824e-07
48,135,3.0,3.0648084e-07
48,135,4.0,4.7001794e-07
48,135,5.0,6.1404097e-07
48,135,6.0,3.4462747e-07
48,135,7.0,1.2516421e-06
48,135,8.0,1.0378643e-06
48,135,9.0,6.656927e-07
48,135,10.0,1.554327e-07
48,135,11.0,4.320496e-08
48,135,12.0,3.6436884e-08
48,135,13.0,4.5585033e-08
48,135,14.0,1.4698918e-08
48,136,0.0,2.5799017e-07
48,136,1.0,4.8715265e-07
48,136,2.0,8.715369e-07
48,136,3.0,1.0572066e-06
48,136,4.0,7.703697e-08
48,136,5.0,1.9778753e-08
48,136,6.0,4.6256464e-08
48,136,7.0,1.0787778e-08
48,136,8.0,1.07701574e-07
48,136,9.0,5.9070607e-07
48,136,10.0,6.762979e-07
48,136,11.0,5.7075397e-07
48,136,12.0,2.2795037e-07
48,136,13.0,2.8046634e-07
48,136,14.0,1.7993648e-07
49,110,0.0,2.0985765e-07
49,110,1.0,2.9940045e-07
49,110,2.0,2.110956e-06
49,110,3.0,2.7700848e-06
49,110,4.0,1.1918914e-06
49,110,5.0,6.1865273e-07
49,110,6.0,4.3519975e-07
49,110,7.0,2.514998e-07
49,110,8.0,8.459941e-08
49,110,9.0,3.5493724e-08
49,110,10.0,6.549802e-08
49,110,11.0,2.0124853e-07
49,110,12.0,7.268852e-07
49,110,13.0,1.1259953e-06
49,110,14.0,7.017889e-07
49,111,0.0,1.42047805e-08
49,111,1.0,9.0911976e-07
49,111,2.0,1.7976049e-06
49,111,3.0,9.946564e-07
49,111,4.0,3.332364e-07
49,111,5.0,2.2442023e-08
49,111,6.0,2.0829846e-08
49,111,7.0,1.3406381e-07
49,111,8.0,7.413516e-09
49,111,9.0,6.1936025e-09
49,111,10.0,2.2402068e-08
49,111,11.0,1.8767611e-08
49,111,12.0,6.302055e-08
49,111,13.0,4.7758686e-08
49,111,14.0,2.9037299e-08
49,112,0.0,2.8684158e-07
49,112,1.0,8.220001e-07
49,112,2.0,3.7426295e-07
49,112,3.0,1.3871974e-07
49,112,4.0,4.7630718e-07
49,112,5.0,2.8651323e-07
49,112,6.0,1.804344e-07
49,112,7.0,1.3769281e-07
49,112,8.0,1.6304178e-07
49,112,9.0,3.4617446e-07
49,112,10.0,4.4794055e-07
49,112,11.0,5.420911e-07
49,112,12.0,1.2841002e-07
49,112,13.0,0.0
49,112,14.0,1.4629319e-11
49,113,0.0,1.6650048e-08
49,113,1.0,3.3476047e-07
49,113,2.0,2.1097564e-07
49,113,3.0,1.00249466e-07
49,113,4.0,6.8012486e-07
49,113,5.0,7.980961e-07
49,113,6.0,2.12441e-07
49,113,7.0,2.7409033e-07
49,113,8.0,4.136754e-07
49,113,9.0,6.3368225e-07
49,113,10.0,5.6357845e-07
49,113,11.0,1.4916129e-08
49,113,12.0,2.6067234e-08
49,113,13.0,0.0
49,113,14.0,0.0
49,114,0.0,0.0
49,114,1.0,0.0
49,114,2.0,1.8991358e-07
49,114,3.0,0.0
49,114,4.0,9.170697e-09
49,114,5.0,0.0
49,114,6.0,0.0
49,114,7.0,0.0
49,114,8.0,2.5979345e-09
49,114,9.0,6.336165e-07
49,114,10.0,4.0118476e-07
49,114,11.0,2.041558e-06
49,114,12.0,1.7824041e-06
49,114,13.0,1.0122382e-06
49,114,14.0,1.3755595e-06
49,115,0.0,1.4509591e-08
49,115,1.0,6.2956675e-09
49,115,2.0,5.9030265e-07
49,115,3.0,2.3157332e-08
49,115,4.0,0.0
49,115,5.0,1.0199413e-07
49,115,6.0,0.0
49,115,7.0,0.0
49,115,8.0,2.5267155e-10
49,115,9.0,1.7925789e-08
49,115,10.0,2.5991542e-06
49,115,11.0,2.3729088e-05
49,115,12.0,3.5261783e-05
49,115,13.0,5.896576e-05
49,115,14.0,4.3913955e-05
49,116,0.0,0.0
49,116,1.0,0.0
49,116,2.0,0.0
49,116,3.0,0.0
49,116,4.0,1.8640114e-07
49,116,5.0,5.7550747e-06
49,116,6.0,7.705745e-06
49,116,7.0,1.3561535e-05
49,116,8.0,1.3831985e-05
49,116,9.0,2.5953655e-05
49,116,10.0,5.4345386e-05
49,116,11.0,8.4058505e-05
49,116,12.0,0.00014740381
49,116,13.0,0.00019146352
49,116,14.0,0.00023403649
49,117,0.0,3.612678e-07
49,117,1.0,4.2305223e-07
49,117,2.0,0.0
49,117,3.0,7.1344066e-06
49,117,4.0,3.10466e-05
49,117,5.0,7.8658115e-05
49,117,6.0,0.00020837269
49,117,7.0,0.0002032642
49,117,8.0,0.00023442003
49,117,9.0,0.00031296696
49,117,10.0,0.00042949404
49,117,11.0,0.0007321931
49,117,12.0,0.0009555844
49,117,13.0,0.0011375129
49,117,14.0,0.0010237461
49,118,0.0,1.8279335e-06
49,118,1.0,1.3204583e-05
49,118,2.0,0.00011976132
49,118,3.0,0.00019004535
49,118,4.0,0.00031112524
49,118,5.0,0.00074731425
49,118,6.0,0.0009874825
49,118,7.0,0.0012059687
49,118,8.0,0.0014304839
49,118,9.0,0.0015891563
49,118,10.0,0.002335838
49,118,11.0,0.0032116736
49,118,12.0,0.004526228
49,118,13.0,0.0052607264
49,118,14.0,0.004932511
49,119,0.0,4.506353e-05
49,119,1.0,0.00016231583
49,119,2.0,0.00028210157
49,119,3.0,0.0008923013
49,119,4.0,0.0015746995
49,119,5.0,0.0028880374
49,119,6.0,0.0035797649
49,119,7.0,0.004088568
49,119,8.0,0.0047975234
49,119,9.0,0.006424285
49,119,10.0,0.009333051
49,119,11.0,0.015437356
49,119,12.0,0.016966885
49,119,13.0,0.019230407
49,119,14.0,0.017873215
49,120,0.0,0.00016778731
49,120,1.0,0.0005070325
49,120,2.0,0.0012561295
49,120,3.0,0.0027779404
49,120,4.0,0.0044061993
49,120,5.0,0.0063894093
49,120,6.0,0.007684678
49,120,7.0,0.009357219
49,120,8.0,0.011599902
49,120,9.0,0.014703544
49,120,10.0,0.019276066
49,120,11.0,0.02969023
49,120,12.0,0.033506215
49,120,13.0,0.03717676
49,120,14.0,0.037359804
49,121,0.0,0.0002590825
49,121,1.0,0.00098083
49,121,2.0,0.0025890965
49,121,3.0,0.0060632625
49,121,4.0,0.010372701
49,121,5.0,0.01637134
49,121,6.0,0.020162571
49,121,7.0,0.020872515
49,121,8.0,0.021047367
49,121,9.0,0.024185892
49,121,10.0,0.036137853
49,121,11.0,0.047103897
49,121,12.0,0.05403325
49,121,13.0,0.058075137
49,121,14.0,0.05934981
49,122,0.0,0.0004164067
49,122,1.0,0.0011399859
49,122,2.0,0.0035378323
49,122,3.0,0.0072784354
49,122,4.0,0.012801325
49,122,5.0,0.019348824
49,122,6.0,0.023051655
49,122,7.0,0.02471062
49,122,8.0,0.02641464
49,122,9.0,0.029830555
49,122,10.0,0.041169826
49,122,11.0,0.051775668
49,122,12.0,0.06311284
49,122,13.0,0.06774905
49,122,14.0,0.06693045
49,123,0.0,0.0006469249
49,123,1.0,0.0012415971
49,123,2.0,0.003752382
49,123,3.0,0.009414293
49,123,4.0,0.014610268
49,123,5.0,0.020728996
49,123,6.0,0.026637897
49,123,7.0,0.027679786
49,123,8.0,0.027811773
49,123,9.0,0.032989707
49,123,10.0,0.043673262
49,123,11.0,0.059254542
49,123,12.0,0.06667748
49,123,13.0,0.06829425
49,123,14.0,0.06534723
49,124,0.0,0.00044778356
49,124,1.0,0.0011194926
49,124,2.0,0.003134533
49,124,3.0,0.008544234
49,124,4.0,0.011361347
49,124,5.0,0.016922347
49,124,6.0,0.021344928
49,124,7.0,0.02366812
49,124,8.0,0.02570257
49,124,9.0,0.028694
49,124,10.0,0.033297963
49,124,11.0,0.04200907
49,124,12.0,0.047718637
49,124,13.0,0.051048446
49,124,14.0,0.04685823
49,125,0.0,0.0010435105
49,125,1.0,0.0026591308
49,125,2.0,0.0067133503
49,125,3.0,0.011738963
49,125,4.0,0.016631529
49,125,5.0,0.023069272
49,125,6.0,0.026298454
49,125,7.0,0.028677762
49,125,8.0,0.029382003
49,125,9.0,0.02950028
49,125,10.0,0.034382556
49,125,11.0,0.0420816
49,125,12.0,0.047458615
49,125,13.0,0.047096148
49,125,14.0,0.039527174
49,126,0.0,0.0033684294
49,126,1.0,0.0077304733
49,126,2.0,0.012946288
49,126,3.0,0.017508466
49,126,4.0,0.026378904
49,126,5.0,0.03229649
49,126,6.0,0.03369753
49,126,7.0,0.030182032
49,126,8.0,0.027784351
49,126,9.0,0.029331883
49,126,10.0,0.0364316
49,126,11.0,0.04323774
49,126,12.0,0.04506881
49,126,13.0,0.041102666
49,126,14.0,0.035541408
49,127,0.0,0.009436876
49,127,1.0,0.014485506
49,127,2.0,0.024402456
49,127,3.0,0.03038368
49,127,4.0,0.03932749
49,127,5.0,0.043231823
49,127,6.0,0.043735873
49,127,7.0,0.039438214
49,127,8.0,0.03610963
49,127,9.0,0.036124595
49,127,10.0,0.039016176
49,127,11.0,0.040859994
49,127,12.0,0.04157047
49,127,13.0,0.03862199
49,127,14.0,0.033305556
49,128,0.0,0.015181653
49,128,1.0,0.021685913
49,128,2.0,0.03128708
49,128,3.0,0.040696427
49,128,4.0,0.045154486
49,128,5.0,0.04197826
49,128,6.0,0.03777972
49,128,7.0,0.033298418
49,128,8.0,0.029985264
49,128,9.0,0.029502366
49,128,10.0,0.03173922
49,128,11.0,0.033623803
49,128,12.0,0.032690294
49,128,13.0,0.030384786
49,128,14.0,0.02634636
49,129,0.0,0.022579698
49,129,1.0,0.026442429
49,129,2.0,0.029657846
49,129,3.0,0.036103867
49,129,4.0,0.036246095
49,129,5.0,0.03345632
49,129,6.0,0.031837407
49,129,7.0,0.02783863
49,129,8.0,0.024717081
49,129,9.0,0.024189409
49,129,10.0,0.025382057
49,129,11.0,0.02440187
49,129,12.0,0.021165825
49,129,13.0,0.018453058
49,129,14.0,0.015885077
49,130,0.0,0.018407235
49,130,1.0,0.021614032
49,130,2.0,0.024740797
49,130,3.0,0.024194684
49,130,4.0,0.021828914
49,130,5.0,0.017731348
49,130,6.0,0.015178855
49,130,7.0,0.014599227
49,130,8.0,0.012701827
49,130,9.0,0.0115971295
49,130,10.0,0.01090114
49,130,11.0,0.009817881
49,130,12.0,0.008062526
49,130,13.0,0.0068814885
49,130,14.0,0.006178643
49,131,0.0,0.008253898
49,131,1.0,0.0075709503
49,131,2.0,0.00817873
49,131,3.0,0.0074011884
49,131,4.0,0.0059434087
49,131,5.0,0.004547285
49,131,6.0,0.0037595641
49,131,7.0,0.0028090975
49,131,8.0,0.0024839668
49,131,9.0,0.002498425
49,131,10.0,0.0024416104
49,131,11.0,0.0022762374
49,131,12.0,0.0019452672
49,131,13.0,0.0015704357
49,131,14.0,0.0013320826
49,132,0.0,0.0014509279
49,132,1.0,0.0010083468
49,132,2.0,0.0011227832
49,132,3.0,0.00097427773
49,132,4.0,0.0006270341
49,132,5.0,0.0005690821
49,132,6.0,0.0004731105
49,132,7.0,0.0004226739
49,132,8.0,0.00038773278
49,132,9.0,0.00038956632
49,132,10.0,0.00035045514
49,132,11.0,0.00027758826
49,132,12.0,0.00017952433
49,132,13.0,9.916271e-05
49,132,14.0,0.000103196304
49,133,0.0,0.00010116205
49,133,1.0,0.00013936155
49,133,2.0,0.00014495268
49,133,3.0,6.5236636e-05
49,133,4.0,3.2396758e-05
49,133,5.0,1.4690638e-05
49,133,6.0,7.843138e-06
49,133,7.0,2.2740705e-05
49,133,8.0,2.674671e-05
49,133,9.0,2.7714741e-05
49,133,10.0,2.3186061e-05
49,133,11.0,6.1086366e-06
49,133,12.0,1.9413847e-06
49,133,13.0,1.0259336e-06
49,133,14.0,7.357654e-07
49,134,0.0,7.854574e-07
49,134,1.0,6.8013655e-08
49,134,2.0,4.4573203e-10
49,134,3.0,0.0
49,134,4.0,0.0
49,134,5.0,0.0
49,134,6.0,1.9759298e-08
49,134,7.0,0.0
49,134,8.0,7.0891852e-09
49,134,9.0,8.481485e-08
49,134,10.0,8.128134e-07
49,134,11.0,2.728892e-07
49,134,12.0,7.14175e-07
49,134,13.0,4.4622385e-07
49,134,14.0,3.776784e-07
49,135,0.0,2.0410111e-07
49,135,1.0,1.631168e-07
49,135,2.0,2.6718828e-07
49,135,3.0,1.1017795e-08
49,135,4.0,6.2405394e-07
49,135,5.0,3.5302197e-08
49,135,6.0,2.3393122e-07
49,135,7.0,6.369572e-08
49,135,8.0,2.9191898e-07
49,135,9.0,1.1744199e-08
49,135,10.0,2.1589307e-10
49,135,11.0,0.0
49,135,12.0,0.0
49,135,13.0,0.0
49,135,14.0,0.0
49,136,0.0,1.1392401e-06
49,136,1.0,3.864954e-07
49,136,2.0,7.852594e-09
49,136,3.0,4.015934e-07
49,136,4.0,3.8323492e-08
49,136,5.0,6.753527e-07
49,136,6.0,7.84759e-07
49,136,7.0,2.791711e-07
49,136,8.0,2.41566e-07
49,136,9.0,3.324485e-07
49,136,10.0,1.486087e-07
49,136,11.0,6.553449e-07
49,136,12.0,3.8264204e-07
49,136,13.0,6.945101e-08
49,136,14.0,2.5014724e-09
49,137,0.0,1.0910583e-07
49,137,1.0,1.6484826e-08
49,137,2.0,3.690227e-08
49,137,3.0,2.3827052e-07
49,137,4.0,2.6810758e-07
49,137,5.0,1.4301531e-06
49,137,6.0,6.576668e-07
49,137,7.0,2.5037932e-07
49,137,8.0,3.7025478e-07
49,137,9.0,7.9348735e-07
49,137,10.0,3.6035047e-07
49,137,11.0,1.14601036e-07
49,137,12.0,3.3967237e-10
49,137,13.0,0.0
49,137,14.0,1.10387525e-07
49,138,0.0,4.075283e-07
49,138,1.0,1.5087812e-08
49,138,2.0,5.3662315e-08
49,138,3.0,4.9482696e-07
49,138,4.0,3.2987764e-08
49,138,5.0,1.9448803e-06
49,138,6.0,8.518465e-07
49,138,7.0,1.7381326e-06
49,138,8.0,3.3297013e-07
49,138,9.0,0.0
49,138,10.0,2.41835e-09
49,138,11.0,0.0
49,138,12.0,7.4107085e-08
49,138,13.0,1.4148428e-07
49,138,14.0,2.480517e-07
50,113,0.0,5.8333085e-09
50,113,1.0,1.2941917e-06
50,113,2.0,4.9044604e-07
50,113,3.0,1.1874841e-06
50,113,4.0,1.5781633e-07
50,113,5.0,8.6670845e-13
50,113,6.0,3.0046184e-08
50,113,7.0,5.6248444e-07
50,113,8.0,6.590045e-07
50,113,9.0,1.6412152e-07
50,113,10.0,1.5603521e-07
50,113,11.0,5.4787097e-07
50,113,12.0,1.4671964e-07
50,113,13.0,6.3063666e-08
50,113,14.0,4.9096293e-08
50,114,0.0,3.520498e-07
50,114,1.0,1.4337639e-08
50,114,2.0,8.43999e-08
50,114,3.0,0.0
50,114,4.0,4.314553e-09
50,114,5.0,3.6799736e-07
50,114,6.0,5.087764e-07
50,114,7.0,9.067891e-07
50,114,8.0,2.8701658e-07
50,114,9.0,9.407543e-08
50,114,10.0,1.6065842e-07
50,114,11.0,4.3941387e-07
50,114,12.0,5.993172e-07
50,114,13.0,6.2352746e-07
50,114,14.0,2.4758307e-07
50,115,0.0,3.1695947e-08
50,115,1.0,1.2312017e-07
50,115,2.0,6.084848e-07
50,115,3.0,1.3298362e-07
50,115,4.0,9.629312e-08
50,115,5.0,1.03929956e-07
50,115,6.0,1.1982847e-07
50,115,7.0,2.4468072e-08
50,115,8.0,2.3102312e-10
50,115,9.0,9.1182315e-09
50,115,10.0,1.8323698e-07
50,115,11.0,3.6939844e-07
50,115,12.0,9.268904e-08
50,115,13.0,4.5911992e-08
50,115,14.0,5.6675223e-08
50,116,0.0,2.1050617e-07
50,116,1.0,3.0097286e-08
50,116,2.0,1.0041182e-08
50,116,3.0,6.493817e-08
50,116,4.0,1.3023738e-07
50,116,5.0,6.20438e-08
50,116,6.0,3.097272e-08
50,116,7.0,2.1406936e-07
50,116,8.0,2.1299957e-07
50,116,9.0,2.8568513e-07
50,116,10.0,2.2421794e-07
50,116,11.0,6.1449205e-14
50,116,12.0,7.093244e-08
50,116,13.0,5.3375786e-08
50,116,14.0,9.088345e-08
50,117,0.0,0.0
50,117,1.0,6.0865624e-10
50,117,2.0,1.2598565e-07
50,117,3.0,0.0
50,117,4.0,0.0
50,117,5.0,0.0
50,117,6.0,0.0
50,117,7.0,5.4410396e-09
50,117,8.0,6.9548034e-09
50,117,9.0,5.5065854e-09
50,117,10.0,2.3778826e-11
50,117,11.0,3.78963e-08
50,117,12.0,6.1034726e-08
50,117,13.0,1.04444275e-08
50,117,14.0,2.7884271e-08
50,118,0.0,3.9416765e-08
50,118,1.0,0.0
50,118,2.0,0.0
50,118,3.0,0.0
50,118,4.0,5.164938e-09
50,118,5.0,0.0
50,118,6.0,6.1955734e-07
50,118,7.0,5.8198584e-06
50,118,8.0,9.967361e-06
50,118,9.0,2.4127407e-06
50,118,10.0,1.8054631e-06
50,118,11.0,8.056252e-06
50,118,12.0,5.8033245e-05
50,118,13.0,7.6040895e-05
50,118,14.0,0.00011203257
50,119,0.0,4.9184057e-09
50,119,1.0,0.0
50,119,2.0,3.5400877e-10
50,119,3.0,2.4953266e-07
50,119,4.0,2.9676808e-05
50,119,5.0,5.7028374e-05
50,119,6.0,7.565538e-05
50,119,7.0,7.7874334e-05
50,119,8.0,6.879168e-05
50,119,9.0,0.00013900967
50,119,10.0,0.00019383851
50,119,11.0,0.00029204992
50,119,12.0,0.0006830865
50,119,13.0,0.00069098023
50,119,14.0,0.0006015804
50,120,0.0,5.1190386e-07
50,120,1.0,2.1668364e-05
50,120,2.0,9.717738e-05
50,120,3.0,0.00013808212
50,120,4.0,0.00015702384
50,120,5.0,0.0003115953
50,120,6.0,0.00039946524
50,120,7.0,0.00040338302
50,120,8.0,0.00050458376
50,120,9.0,0.0007834256
50,120,10.0,0.00119897
50,120,11.0,0.0019375948
50,120,12.0,0.002732417
50,120,13.0,0.0033710578
50,120,14.0,0.0032428405
50,121,0.0,2.438196e-05
50,121,1.0,6.5943954e-05
50,121,2.0,0.0003846
50,121,3.0,0.0005737142
50,121,4.0,0.0007469121
50,121,5.0,0.0013285666
50,121,6.0,0.0017178889
50,121,7.0,0.0024138987
50,121,8.0,0.0023753894
50,121,9.0,0.0032697204
50,121,10.0,0.0054652556
50,121,11.0,0.006654123
50,121,12.0,0.008810954
50,121,13.0,0.011364064
50,121,14.0,0.010566772
50,122,0.0,0.00018265082
50,122,1.0,0.00046916798
50,122,2.0,0.0010988652
50,122,3.0,0.0019322621
50,122,4.0,0.0030268766
50,122,5.0,0.005269631
50,122,6.0,0.007087061
50,122,7.0,0.007561157
50,122,8.0,0.007998027
50,122,9.0,0.010212363
50,122,10.0,0.015075638
50,122,11.0,0.021611137
50,122,12.0,0.024163706
50,122,13.0,0.027080078
50,122,14.0,0.026303912
50,123,0.0,0.0003794859
50,123,1.0,0.0009312025
50,123,2.0,0.0018600719
50,123,3.0,0.0031499858
50,123,4.0,0.0056441384
50,123,5.0,0.007943116
50,123,6.0,0.010960671
50,123,7.0,0.01130887
50,123,8.0,0.014880234
50,123,9.0,0.019475533
50,123,10.0,0.027433867
50,123,11.0,0.03684774
50,123,12.0,0.042632304
50,123,13.0,0.043687016
50,123,14.0,0.042268742
50,124,0.0,0.00044040114
50,124,1.0,0.00147331
50,124,2.0,0.0035006786
50,124,3.0,0.006339205
50,124,4.0,0.011705684
50,124,5.0,0.017088944
50,124,6.0,0.021031704
50,124,7.0,0.022023844
50,124,8.0,0.022401493
50,124,9.0,0.026453398
50,124,10.0,0.038843326
50,124,11.0,0.049175575
50,124,12.0,0.06245741
50,124,13.0,0.065327585
50,124,14.0,0.061064843
50,125,0.0,0.0012861273
50,125,1.0,0.0026751845
50,125,2.0,0.0051631853
50,125,3.0,0.009217996
50,125,4.0,0.013288874
50,125,5.0,0.020948388
50,125,6.0,0.024477271
50,125,7.0,0.024932802
50,125,8.0,0.026785918
50,125,9.0,0.032606654
50,125,10.0,0.03918401
50,125,11.0,0.049285136
50,125,12.0,0.059159927
50,125,13.0,0.065719284
50,125,14.0,0.05991278
50,126,0.0,0.0039584907
50,126,1.0,0.0058212923
50,126,2.0,0.011951832
50,126,3.0,0.018631157
50,126,4.0,0.026218189
50,126,5.0,0.033712666
50,126,6.0,0.041680906
50,126,7.0,0.041802507
50,126,8.0,0.042184114
50,126,9.0,0.045577664
50,126,10.0,0.05593534
50,126,11.0,0.07401568
50,126,12.0,0.07545657
50,126,13.0,0.075891055
50,126,14.0,0.07201026
50,127,0.0,0.013613841
50,127,1.0,0.019635668
50,127,2.0,0.032421358
50,127,3.0,0.04241554
50,127,4.0,0.053742252
50,127,5.0,0.06321609
50,127,6.0,0.06847331
50,127,7.0,0.06727309
50,127,8.0,0.06340636
50,127,9.0,0.06907002
50,127,10.0,0.08072348
50,127,11.0,0.09363272
50,127,12.0,0.09810124
50,127,13.0,0.09473729
50,127,14.0,0.08715795
50,128,0.0,0.04548426
50,128,1.0,0.06659335
50,128,2.0,0.0867606
50,128,3.0,0.10715995
50,128,4.0,0.12082063
50,128,5.0,0.14149193
50,128,6.0,0.14591949
50,128,7.0,0.13587096
50,128,8.0,0.12596782
50,128,9.0,0.12803742
50,128,10.0,0.14476314
50,128,11.0,0.1509466
50,128,12.0,0.14872426
50,128,13.0,0.14388345
50,128,14.0,0.13714203
50,129,0.0,0.106699266
50,129,1.0,0.13984154
50,129,2.0,0.16379641
50,129,3.0,0.1950914
50,129,4.0,0.1909843
50,129,5.0,0.18558367
50,129,6.0,0.18133865
50,129,7.0,0.16962011
50,129,8.0,0.16484585
50,129,9.0,0.17447284
50,129,10.0,0.17696697
50,129,11.0,0.17464238
50,129,12.0,0.16530778
50,129,13.0,0.1582156
50,129,14.0,0.15046881
50,130,0.0,0.20780198
50,130,1.0,0.23255627
50,130,2.0,0.23807536
50,130,3.0,0.2363383
50,130,4.0,0.23673408
50,130,5.0,0.22551529
50,130,6.0,0.21221298
50,130,7.0,0.19252592
50,130,8.0,0.1912251
50,130,9.0,0.18753664
50,130,10.0,0.17851268
50,130,11.0,0.16146472
50,130,12.0,0.16011824
50,130,13.0,0.15094565
50,130,14.0,0.14950666
50,131,0.0,0.22094695
50,131,1.0,0.22380303
50,131,2.0,0.2139854
50,131,3.0,0.19596772
50,131,4.0,0.17415819
50,131,5.0,0.15547945
50,131,6.0,0.14159171
50,131,7.0,0.13350621
50,131,8.0,0.13150124
50,131,9.0,0.12474458
50,131,10.0,0.11510628
50,131,11.0,0.10101536
50,131,12.0,0.09224937
50,131,13.0,0.08206108
50,131,14.0,0.08015698
50,132,0.0,0.17946091
50,132,1.0,0.16438994
50,132,2.0,0.13196823
50,132,3.0,0.111353554
50,132,4.0,0.08814004
50,132,5.0,0.069328904
50,132,6.0,0.059725773
50,132,7.0,0.05767416
50,132,8.0,0.057252
50,132,9.0,0.052690748
50,132,10.0,0.04737489
50,132,11.0,0.04482999
50,132,12.0,0.037200704
50,132,13.0,0.0336835
50,132,14.0,0.030786078
50,133,0.0,0.041616224
50,133,1.0,0.036966015
50,133,2.0,0.02603237
50,133,3.0,0.019224068
50,133,4.0,0.0148740215
50,133,5.0,0.011222715
50,133,6.0,0.009314486
50,133,7.0,0.010465893
50,133,8.0,0.010064151
50,133,9.0,0.00875273
50,133,10.0,0.0071544936
50,133,11.0,0.00650567
50,133,12.0,0.005271484
50,133,13.0,0.0037249422
50,133,14.0,0.003518277
50,134,0.0,0.0079914145
50,134,1.0,0.0065260413
50,134,2.0,0.0043821945
50,134,3.0,0.0038277805
50,134,4.0,0.002298136
50,134,5.0,0.0013454261
50,134,6.0,0.0011351423
50,134,7.0,0.0011618709
50,134,8.0,0.0012880353
50,134,9.0,0.0010543744
50,134,10.0,0.00076211593
50,134,11.0,0.0006475915
50,134,12.0,0.00044817769
50,134,13.0,0.0005809746
50,134,14.0,0.00039860472
50,135,0.0,0.0010694906
50,135,1.0,0.00077444466
50,135,2.0,0.00040007327
50,135,3.0,0.00026089078
50,135,4.0,0.00016872153
50,135,5.0,0.00016461249
50,135,6.0,0.00014550345
50,135,7.0,0.00018723983
50,135,8.0,0.0001683533
50,135,9.0,0.00013603811
50,135,10.0,5.0898863e-05
50,135,11.0,3.7577593e-05
50,135,12.0,2.826213e-06
50,135,13.0,2.935141e-06
50,135,14.0,2.875675e-05
50,136,0.0,9.5447016e-05
50,136,1.0,2.5673258e-05
50,136,2.0,2.0821817e-06
50,136,3.0,1.4847427e-06
50,136,4.0,3.884797e-06
50,136,5.0,2.1002865e-07
50,136,6.0,1.2956756e-09
50,136,7.0,0.0
50,136,8.0,0.0
50,136,9.0,0.0
50,136,10.0,9.549001e-12
50,136,11.0,0.0
50,136,12.0,0.0
50,136,13.0,0.0
50,136,14.0,1.6637891e-08
50,137,0.0,5.778779e-07
50,137,1.0,1.0567567e-06
50,137,2.0,1.7202624e-06
50,137,3.0,5.337934e-07
50,137,4.0,3.4770434e-07
50,137,5.0,4.4409752e-08
50,137,6.0,8.834271e-09
50,137,7.0,4.9705813e-09
50,137,8.0,1.8800097e-07
50,137,9.0,1.736434e-07
50,137,10.0,2.0127405e-07
50,137,11.0,5.5583405e-07
50,137,12.0,6.4858163e-09
50,137,13.0,2.651512e-08
50,137,14.0,4.4412548e-07
50,138,0.0,2.2115704e-07
50,138,1.0,4.39114e-07
50,138,2.0,7.3713564e-09
50,138,3.0,3.2106865e-07
50,138,4.0,2.8490834e-07
50,138,5.0,7.0741953e-07
50,138,6.0,9.763769e-07
50,138,7.0,2.9325594e-07
50,138,8.0,6.2139314e-08
50,138,9.0,3.0568632e-08
50,138,10.0,8.335366e-08
50,138,11.0,4.8506916e-08
50,138,12.0,1.10732445e-08
50,138,13.0,0.0
50,138,14.0,9.510428e-08
50,139,0.0,2.0275168e-06
50,139,1.0,1.3768617e-07
50,139,2.0,6.207856e-08
50,139,3.0,2.1086932e-10
50,139,4.0,2.3402355e-11
50,139,5.0,2.532454e-07
50,139,6.0,5.5581715e-08
50,139,7.0,2.05549e-08
50,139,8.0,5.063895e-07
50,139,9.0,3.2095213e-07
50,139,10.0,3.3418684e-10
50,139,11.0,0.0
50,139,12.0,6.1174546e-08
50,139,13.0,1.4942446e-08
50,139,14.0,8.525491e-08
50,140,0.0,1.7934033e-07
50,140,1.0,1.35546125e-08
50,140,2.0,2.2858297e-09
50,140,3.0,3.954794e-08
50,140,4.0,1.5914276e-07
50,140,5.0,7.331144e-08
50,140,6.0,4.2137483e-08
50,140,7.0,1.3157178e-07
50,140,8.0,5.4774046e-07
50,140,9.0,8.7662454e-07
50,140,10.0,5.2589627e-07
50,140,11.0,1.518785e-07
50,140,12.0,1.3171589e-08
50,140,13.0,0.0
50,140,14.0,4.37039e-07
51,116,0.0,4.3242778e-07
51,116,1.0,4.4223107e-08
51,116,2.0,4.1817383e-08
51,116,3.0,1.744502e-07
51,116,4.0,7.5609637e-07
51,116,5.0,5.8555707e-09
51,116,6.0,1.6059029e-10
51,116,7.0,2.2204361e-07
51,116,8.0,2.3397709e-07
51,116,9.0,3.3466574e-07
51,116,10.0,9.935804e-07
51,116,11.0,8.800681e-07
51,116,12.0,2.7687232e-08
51,116,13.0,1.7968865e-13
51,116,14.0,0.0
51,117,0.0,5.50664e-08
51,117,1.0,2.0881055e-06
51,117,2.0,9.243129e-07
51,117,3.0,2.4494534e-06
51,117,4.0,1.3427007e-07
51,117,5.0,6.237653e-08
51,117,6.0,3.6611297e-11
51,117,7.0,1.5004783e-08
51,117,8.0,1.2364355e-07
51,117,9.0,6.720841e-08
51,117,10.0,2.734599e-07
51,117,11.0,1.744143e-06
51,117,12.0,5.7218085e-07
51,117,13.0,6.1745703e-07
51,117,14.0,7.571225e-07
51,118,0.0,7.024533e-07
51,118,1.0,5.7386035e-07
51,118,2.0,6.718846e-07
51,118,3.0,7.069561e-08
51,118,4.0,6.477155e-08
51,118,5.0,1.5027418e-07
51,118,6.0,1.38928495e-08
51,118,7.0,1.3239126e-09
51,118,8.0,0.0
51,118,9.0,0.0
51,118,10.0,1.6759165e-08
51,118,11.0,3.9648477e-08
51,118,12.0,8.607689e-08
51,118,13.0,1.8522549e-08
51,118,14.0,5.154716e-09
51,119,0.0,2.7161423e-08
51,119,1.0,0.0
51,119,2.0,0.0
51,119,3.0,1.15133474e-07
51,119,4.0,3.2962822e-07
51,119,5.0,0.0
51,119,6.0,0.0
51,119,7.0,0.0
51,119,8.0,0.0
51,119,9.0,2.0337248e-08
51,119,10.0,7.431763e-08
51,119,11.0,1.957332e-06
51,119,12.0,2.9533844e-06
51,119,13.0,2.4992747e-07
51,119,14.0,1.8912361e-07
51,120,0.0,0.0
51,120,1.0,0.0
51,120,2.0,0.0
51,120,3.0,2.8909914e-08
51,120,4.0,7.585189e-07
51,120,5.0,3.2271438e-07
51,120,6.0,0.0
51,120,7.0,0.0
51,120,8.0,0.0
51,120,9.0,6.3811223e-10
51,120,10.0,1.060202e-06
51,120,11.0,1.137136e-05
51,120,12.0,1.0823235e-05
51,120,13.0,4.5725496e-06
51,120,14.0,2.971712e-06
51,121,0.0,1.2397469e-10
51,121,1.0,2.8355134e-07
51,121,2.0,3.1336404e-07
51,121,3.0,5.6205494e-07
51,121,4.0,4.6591846e-09
51,121,5.0,0.0
51,121,6.0,7.84353e-09
51,121,7.0,4.0504955e-07
51,121,8.0,6.0174705e-07
51,121,9.0,3.4166762e-06
51,121,10.0,6.277445e-05
51,121,11.0,7.970614e-05
51,121,12.0,8.2152335e-05
51,121,13.0,0.00011874628
51,121,14.0,0.00014423704
51,122,0.0,7.006342e-08
51,122,1.0,0.0
51,122,2.0,5.149097e-07
51,122,3.0,8.14049e-06
51,122,4.0,3.0458445e-05
51,122,5.0,8.72034e-05
51,122,6.0,0.00010535185
51,122,7.0,0.00014133802
51,122,8.0,0.00016659577
51,122,9.0,0.00020895152
51,122,10.0,0.00031389057
51,122,11.0,0.00037136767
51,122,12.0,0.0006499925
51,122,13.0,0.00091847
51,122,14.0,0.0009451793
51,123,0.0,7.5815396e-06
51,123,1.0,1.3896037e-05
51,123,2.0,2.8695404e-05
51,123,3.0,0.00020138618
51,123,4.0,0.00029392986
51,123,5.0,0.0005573873
51,123,6.0,0.000644844
51,123,7.0,0.0008065777
51,123,8.0,0.0009530096
51,123,9.0,0.0010081211
51,123,10.0,0.0015206238
51,123,11.0,0.0027197495
51,123,12.0,0.0036668268
51,123,13.0,0.004322519
51,123,14.0,0.004313816
51,124,0.0,6.5936365e-05
51,124,1.0,5.5716584e-05
51,124,2.0,0.0002264412
51,124,3.0,0.0005675623
51,124,4.0,0.0011690654
51,124,5.0,0.0014955372
51,124,6.0,0.0018749071
51,124,7.0,0.0027787124
51,124,8.0,0.0032822378
51,124,9.0,0.004141398
51,124,10.0,0.0062843408
51,124,11.0,0.008399586
51,124,12.0,0.011544779
51,124,13.0,0.012910594
51,124,14.0,0.01252518
51,125,0.0,0.00011874795
51,125,1.0,0.00031654854
51,125,2.0,0.0008029722
51,125,3.0,0.0015789308
51,125,4.0,0.0032554371
51,125,5.0,0.0045101065
51,125,6.0,0.0060596853
51,125,7.0,0.008332406
51,125,8.0,0.008288783
51,125,9.0,0.009097206
51,125,10.0,0.015556343
51,125,11.0,0.021503836
51,125,12.0,0.025091102
51,125,13.0,0.026411327
51,125,14.0,0.027942203
51,126,0.0,0.00024242038
51,126,1.0,0.0010259487
51,126,2.0,0.0020314567
51,126,3.0,0.004191015
51,126,4.0,0.0054567247
51,126,5.0,0.0070648305
51,126,6.0,0.010127508
51,126,7.0,0.010881295
51,126,8.0,0.013606554
51,126,9.0,0.018841557
51,126,10.0,0.024932548
51,126,11.0,0.03277568
51,126,12.0,0.038258303
51,126,13.0,0.04079809
51,126,14.0,0.03826991
51,127,0.0,0.0014989782
51,127,1.0,0.0036204688
51,127,2.0,0.0057775937
51,127,3.0,0.009200985
51,127,4.0,0.012364673
51,127,5.0,0.016089989
51,127,6.0,0.01944877
51,127,7.0,0.023476334
51,127,8.0,0.025513683
51,127,9.0,0.027959127
51,127,10.0,0.038751908
51,127,11.0,0.04880959
51,127,12.0,0.05344096
51,127,13.0,0.054615892
51,127,14.0,0.0554265
51,128,0.0,0.005741506
51,128,1.0,0.007055077
51,128,2.0,0.014557356
51,128,3.0,0.018610956
51,128,4.0,0.024236413
51,128,5.0,0.028070435
51,128,6.0,0.030532772
51,128,7.0,0.032002553
51,128,8.0,0.033874627
51,128,9.0,0.039705917
51,128,10.0,0.050788946
51,128,11.0,0.06211529
51,128,12.0,0.066498645
51,128,13.0,0.06834327
51,128,14.0,0.06555981
51,129,0.0,0.016429394
51,129,1.0,0.023507515
51,129,2.0,0.033938773
51,129,3.0,0.048589453
51,129,4.0,0.059749503
51,129,5.0,0.06849027
51,129,6.0,0.07800194
51,129,7.0,0.081994414
51,129,8.0,0.0845198
51,129,9.0,0.091792315
51,129,10.0,0.10290133
51,129,11.0,0.11625637
51,129,12.0,0.11883176
51,129,13.0,0.11706883
51,129,14.0,0.12063624
51,130,0.0,0.06313246
51,130,1.0,0.095963344
51,130,2.0,0.13281152
51,130,3.0,0.15964787
51,130,4.0,0.17830645
51,130,5.0,0.18944505
51,130,6.0,0.19589943
51,130,7.0,0.19601944
51,130,8.0,0.19756858
51,130,9.0,0.21127686
51,130,10.0,0.22462371
51,130,11.0,0.23344204
51,130,12.0,0.23821609
51,130,13.0,0.23736806
51,130,14.0,0.22811355
51,131,0.0,0.21364683
51,131,1.0,0.25151822
51,131,2.0,0.30450734
51,131,3.0,0.34353626
51,131,4.0,0.36539274
51,131,5.0,0.37702015
51,131,6.0,0.36479515
51,131,7.0,0.35105866
51,131,8.0,0.3492854
51,131,9.0,0.3494076
51,131,10.0,0.36349186
51,131,11.0,0.36567622
51,131,12.0,0.3513768
51,131,13.0,0.3430449
51,131,14.0,0.3522437
51,132,0.0,0.35784334
51,132,1.0,0.40875065
51,132,2.0,0.4688644
51,132,3.0,0.48549432
51,132,4.0,0.48174396
51,132,5.0,0.4504388
51,132,6.0,0.42127076
51,132,7.0,0.39963466
51,132,8.0,0.38536716
51,132,9.0,0.3781221
51,132,10.0,0.37022018
51,132,11.0,0.34989792
51,132,12.0,0.3304191
51,132,13.0,0.316097
51,132,14.0,0.31009293
51,133,0.0,0.47294024
51,133,1.0,0.50239635
51,133,2.0,0.49977496
51,133,3.0,0.46774116
51,133,4.0,0.41268632
51,133,5.0,0.35791188
51,133,6.0,0.32736248
51,133,7.0,0.30905092
51,133,8.0,0.2995689
51,133,9.0,0.28425285
51,133,10.0,0.26076153
51,133,11.0,0.2359682
51,133,12.0,0.21411745
51,133,13.0,0.20010118
51,133,14.0,0.1937369
51,134,0.0,0.21238357
51,134,1.0,0.21679017
51,134,2.0,0.1979558
51,134,3.0,0.16737539
51,134,4.0,0.13678814
51,134,5.0,0.109469704
51,134,6.0,0.0953769
51,134,7.0,0.0911522
51,134,8.0,0.09053913
51,134,9.0,0.08844418
51,134,10.0,0.07931773
51,134,11.0,0.065720625
51,134,12.0,0.056079168
51,134,13.0,0.05178188
51,134,14.0,0.04876667
51,135,0.0,0.066755086
51,135,1.0,0.061541393
51,135,2.0,0.055662837
51,135,3.0,0.046141062
51,135,4.0,0.035043813
51,135,5.0,0.026545051
51,135,6.0,0.021453157
51,135,7.0,0.020304635
51,135,8.0,0.019739762
51,135,9.0,0.018337736
51,135,10.0,0.017032528
51,135,11.0,0.01402166
51,135,12.0,0.011317103
51,135,13.0,0.0085451715
51,135,14.0,0.008997135
51,136,0.0,0.013829439
51,136,1.0,0.01233645
51,136,2.0,0.01060806
51,136,3.0,0.008314087
51,136,4.0,0.0056523033
51,136,5.0,0.003999016
51,136,6.0,0.0032927287
51,136,7.0,0.0032055697
51,136,8.0,0.0033797424
51,136,9.0,0.0030274398
51,136,10.0,0.002445266
51,136,11.0,0.0016965049
51,136,12.0,0.0013688373
51,136,13.0,0.0013526165
51,136,14.0,0.0011249598
51,137,0.0,0.0020823388
51,137,1.0,0.0012148536
51,137,2.0,0.0012118808
51,137,3.0,0.0009825578
51,137,4.0,0.0006961501
51,137,5.0,0.00043618822
51,137,6.0,0.00031216373
51,137,7.0,0.00023213064
51,137,8.0,0.00027466484
51,137,9.0,0.00032076685
51,137,10.0,0.00026301702
51,137,11.0,0.00017633762
51,137,12.0,0.00013682648
51,137,13.0,0.00011953102
51,137,14.0,0.00012772951
51,138,0.0,0.00012870389
51,138,1.0,8.8598244e-05
51,138,2.0,4.3880074e-05
51,138,3.0,5.630719e-05
51,138,4.0,2.6702146e-05
51,138,5.0,1.973588e-05
51,138,6.0,1.7787708e-05
51,138,7.0,8.027504e-06
51,138,8.0,1.5894899e-05
51,138,9.0,1.2244418e-05
51,138,10.0,1.5109566e-05
51,138,11.0,9.55932e-06
51,138,12.0,9.470101e-06
51,138,13.0,4.863873e-07
51,138,14.0,6.572613e-08
51,139,0.0,6.308701e-09
51,139,1.0,7.3845836e-09
51,139,2.0,1.9600303e-07
51,139,3.0,1.200584e-06
51,139,4.0,6.240302e-08
51,139,5.0,5.684836e-08
51,139,6.0,2.73363e-07
51,139,7.0,8.518674e-09
51,139,8.0,1.6599536e-07
51,139,9.0,0.0
51,139,10.0,4.8726227e-12
51,139,11.0,1.7152713e-07
51,139,12.0,8.6796156e-08
51,139,13.0,2.8746235e-12
51,139,14.0,4.4320106e-07
51,140,0.0,3.4414094e-07
51,140,1.0,5.665817e-09
51,140,2.0,2.426821e-07
51,140,3.0,2.3075359e-08
51,140,4.0,0.0
51,140,5.0,1.5805381e-09
51,140,6.0,2.5700714e-07
51,140,7.0,7.500808e-07
51,140,8.0,7.939094e-07
51,140,9.0,4.7232004e-07
51,140,10.0,8.3669363e-07
51,140,11.0,1.8253248e-06
51,140,12.0,2.366947e-07
51,140,13.0,3.208556e-08
51,140,14.0,2.8335532e-07
51,141,0.0,7.615814e-08
51,141,1.0,5.950885e-07
51,141,2.0,7.898409e-08
51,141,3.0,5.9968364e-08
51,141,4.0,3.2093013e-08
51,141,5.0,1.4225038e-08
51,141,6.0,1.5941668e-08
51,141,7.0,0.0
51,141,8.0,7.2699413e-07
51,141,9.0,6.290038e-07
51,141,10.0,4.3000634e-07
51,141,11.0,0.0
51,141,12.0,3.9454108e-07
51,141,13.0,3.0911426e-08
51,141,14.0,4.276345e-08
51,142,0.0,7.201781e-09
51,142,1.0,0.0
51,142,2.0,2.9885868e-07
51,142,3.0,2.4720796e-07
51,142,4.0,1.4236788e-07
51,142,5.0,3.6610444e-07
51,142,6.0,9.663155e-07
51,142,7.0,1.3956311e-06
51,142,8.0,2.2153396e-08
51,142,9.0,3.6205787e-08
51,142,10.0,1.0764023e-06
51,142,11.0,1.0006449e-07
51,142,12.0,2.2636164e-09
51,142,13.0,9.8907456e-08
51,142,14.0,3.5274093e-07
51,143,0.0,4.3323328e-07
51,143,1.0,9.714911e-08
51,143,2.0,1.7748991e-07
51,143,3.0,3.516698e-08
51,143,4.0,1.2602888e-07
51,143,5.0,1.4217775e-07
51,143,6.0,2.1775964e-08
51,143,7.0,3.4065746e-08
51,143,8.0,1.2669526e-07
51,143,9.0,2.2028279e-07
51,143,10.0,3.1902778e-07
51,143,11.0,7.7599886e-08
51,143,12.0,2.0489865e-07
51,143,13.0,2.3991353e-07
51,143,14.0,1.0132465e-07
52,119,0.0,5.272793e-07
52,119,1.0,9.176979e-07
52,119,2.0,3.743167e-07
52,119,3.0,1.03582146e-07
52,119,4.0,1.4812025e-07
52,119,5.0,8.907138e-08
52,119,6.0,6.2960126e-08
52,119,7.0,1.3882885e-12
52,119,8.0,8.3472305e-09
52,119,9.0,3.594725e-08
52,119,10.0,4.9619014e-10
52,119,11.0,1.53559e-08
52,119,12.0,5.72097e-07
52,119,13.0,7.623206e-07
52,119,14.0,2.0944218e-07
52,120,0.0,9.1177505e-08
52,120,1.0,0.0
52,120,2.0,2.8718556e-09
52,120,3.0,0.0
52,120,4.0,2.1147214e-07
52,120,5.0,9.4081594e-07
52,120,6.0,1.7099858e-07
52,120,7.0,4.0977093e-09
52,120,8.0,4.2575587e-12
52,120,9.0,0.0
52,120,10.0,2.9849723e-08
52,120,11.0,2.4560686e-07
52,120,12.0,3.001071e-07
52,120,13.0,5.174606e-07
52,120,14.0,3.461664e-07
52,121,0.0,2.144622e-07
52,121,1.0,0.0
52,121,2.0,1.7722608e-07
52,121,3.0,5.0924496e-09
52,121,4.0,8.45257e-08
52,121,5.0,0.0
52,121,6.0,2.8991678e-07
52,121,7.0,6.5320506e-07
52,121,8.0,4.3449944e-07
52,121,9.0,3.2201206e-07
52,121,10.0,6.5429674e-07
52,121,11.0,8.5725196e-07
52,121,12.0,5.032926e-07
52,121,13.0,3.2637967e-08
52,121,14.0,2.9956692e-07
52,122,0.0,1.8273627e-12
52,122,1.0,0.0
52,122,2.0,3.9015988e-10
52,122,3.0,7.805509e-08
52,122,4.0,0.0
52,122,5.0,0.0
52,122,6.0,0.0
52,122,7.0,0.0
52,122,8.0,0.0
52,122,9.0,0.0
52,122,10.0,1.903537e-09
52,122,11.0,5.2714677e-07
52,122,12.0,0.0
52,122,13.0,0.0
52,122,14.0,3.3229974e-09
52,123,0.0,1.6802037e-08
52,123,1.0,0.0
52,123,2.0,0.0
52,123,3.0,0.0
52,123,4.0,0.0
52,123,5.0,2.814586e-08
52,123,6.0,3.5452281e-09
52,123,7.0,5.1629044e-08
52,123,8.0,4.3473176e-07
52,123,9.0,1.6247352e-06
52,123,10.0,4.5433353e-06
52,123,11.0,3.4209247e-06
52,123,12.0,5.8249543e-06
52,123,13.0,2.7158363e-05
52,123,14.0,5.2132284e-05
52,124,0.0,0.0
52,124,1.0,3.8975043e-07
52,124,2.0,2.1107851e-05
52,124,3.0,5.927305e-06
52,124,4.0,6.8340074e-07
52,124,5.0,1.4096923e-06
52,124,6.0,2.8659197e-05
52,124,7.0,7.6501616e-05
52,124,8.0,8.2048005e-05
52,124,9.0,0.0001321418
52,124,10.0,0.00024671303
52,124,11.0,0.00026398574
52,124,12.0,0.0003156102
52,124,13.0,0.00038360793
52,124,14.0,0.00045801006
52,125,0.0,4.118949e-06
52,125,1.0,7.997786e-06
52,125,2.0,2.2865855e-05
52,125,3.0,4.4529028e-05
52,125,4.0,7.110922e-05
52,125,5.0,9.1218644e-05
52,125,6.0,0.0001372047
52,125,7.0,0.00022600216
52,125,8.0,0.00029096147
52,125,9.0,0.00030724524
52,125,10.0,0.0005434787
52,125,11.0,0.0011313887
52,125,12.0,0.0016731204
52,125,13.0,0.0021669196
52,125,14.0,0.0018053537
52,126,0.0,5.6617777e-05
52,126,1.0,7.085165e-05
52,126,2.0,0.00013517762
52,126,3.0,0.00014482741
52,126,4.0,0.0002619199
52,126,5.0,0.00056282757
52,126,6.0,0.00088959455
52,126,7.0,0.0010331199
52,126,8.0,0.0012769573
52,126,9.0,0.001690823
52,126,10.0,0.0028889047
52,126,11.0,0.0044965525
52,126,12.0,0.0064568804
52,126,13.0,0.00750005
52,126,14.0,0.006852562
52,127,0.0,6.648996e-05
52,127,1.0,0.00018789557
52,127,2.0,0.0002820432
52,127,3.0,0.0007400509
52,127,4.0,0.0011303734
52,127,5.0,0.0019666294
52,127,6.0,0.0027390872
52,127,7.0,0.0027813914
52,127,8.0,0.0033054021
52,127,9.0,0.004829147
52,127,10.0,0.00861266
52,127,11.0,0.012917299
52,127,12.0,0.013373385
52,127,13.0,0.013959349
52,127,14.0,0.015574243
52,128,0.0,0.00022791447
52,128,1.0,0.0003513363
52,128,2.0,0.0012096
52,128,3.0,0.0025034305
52,128,4.0,0.0031798976
52,128,5.0,0.003828982
52,128,6.0,0.0063305427
52,128,7.0,0.007878393
52,128,8.0,0.00915168
52,128,9.0,0.012442534
52,128,10.0,0.016466778
52,128,11.0,0.02376488
52,128,12.0,0.027094498
52,128,13.0,0.028139697
52,128,14.0,0.027505482
52,129,0.0,0.0006676646
52,129,1.0,0.0013075952
52,129,2.0,0.002555175
52,129,3.0,0.004301535
52,129,4.0,0.0057222135
52,129,5.0,0.008866751
52,129,6.0,0.010866656
52,129,7.0,0.0121975485
52,129,8.0,0.013796924
52,129,9.0,0.019098323
52,129,10.0,0.025617184
52,129,11.0,0.032031022
52,129,12.0,0.035838023
52,129,13.0,0.036488924
52,129,14.0,0.04036376
52,130,0.0,0.004445326
52,130,1.0,0.006586122
52,130,2.0,0.0108480025
52,130,3.0,0.016760804
52,130,4.0,0.020968221
52,130,5.0,0.029016215
52,130,6.0,0.03423542
52,130,7.0,0.034128927
52,130,8.0,0.037432466
52,130,9.0,0.044954095
52,130,10.0,0.054966226
52,130,11.0,0.07113271
52,130,12.0,0.074006006
52,130,13.0,0.074115045
52,130,14.0,0.075010136
52,131,0.0,0.032833997
52,131,1.0,0.042142693
52,131,2.0,0.049823523
52,131,3.0,0.061872147
52,131,4.0,0.07431648
52,131,5.0,0.08184751
52,131,6.0,0.09071259
52,131,7.0,0.09645741
52,131,8.0,0.101333305
52,131,9.0,0.11546203
52,131,10.0,0.13410302
52,131,11.0,0.15651633
52,131,12.0,0.15607823
52,131,13.0,0.1516308
52,131,14.0,0.15159588
52,132,0.0,0.14640462
52,132,1.0,0.16403869
52,132,2.0,0.20388652
52,132,3.0,0.20901121
52,132,4.0,0.25791836
52,132,5.0,0.28296486
52,132,6.0,0.2992813
52,132,7.0,0.3121345
52,132,8.0,0.31039074
52,132,9.0,0.31363094
52,132,10.0,0.34688696
52,132,11.0,0.36094964
52,132,12.0,0.36703146
52,132,13.0,0.36246487
52,132,14.0,0.37108213
52,133,0.0,0.42500263
52,133,1.0,0.46426305
52,133,2.0,0.490655
52,133,3.0,0.5063002
52,133,4.0,0.52227676
52,133,5.0,0.5277369
52,133,6.0,0.519985
52,133,7.0,0.52624416
52,133,8.0,0.55626154
52,133,9.0,0.5554619
52,133,10.0,0.5507276
52,133,11.0,0.5444186
52,133,12.0,0.5197031
52,133,13.0,0.50971437
52,133,14.0,0.5223595
52,134,0.0,0.85871625
52,134,1.0,0.8904128
52,134,2.0,0.8562323
52,134,3.0,0.83916265
52,134,4.0,0.785565
52,134,5.0,0.7261921
52,134,6.0,0.69841975
52,134,7.0,0.72229695
52,134,8.0,0.7067255
52,134,9.0,0.6692028
52,134,10.0,0.6379951
52,134,11.0,0.5942215
52,134,12.0,0.5599567
52,134,13.0,0.5514672
52,134,14.0,0.5571215
52,135,0.0,0.6865783
52,135,1.0,0.64195526
52,135,2.0,0.5454052
52,135,3.0,0.46257648
52,135,4.0,0.40633804
52,135,5.0,0.36390883
52,135,6.0,0.33805025
52,135,7.0,0.33701307
52,135,8.0,0.3460895
52,135,9.0,0.33871648
52,135,10.0,0.29710335
52,135,11.0,0.2543452
52,135,12.0,0.23253812
52,135,13.0,0.22998752
52,135,14.0,0.22954172
52,136,0.0,0.39686415
52,136,1.0,0.35961923
52,136,2.0,0.28803918
52,136,3.0,0.23734559
52,136,4.0,0.19622566
52,136,5.0,0.17076193
52,136,6.0,0.14752708
52,136,7.0,0.14963812
52,136,8.0,0.14734578
52,136,9.0,0.13544475
52,136,10.0,0.12218805
52,136,11.0,0.09564532
52,136,12.0,0.08945815
52,136,13.0,0.08218357
52,136,14.0,0.07851236
52,137,0.0,0.15056232
52,137,1.0,0.1256847
52,137,2.0,0.08981254
52,137,3.0,0.07008475
52,137,4.0,0.049514063
52,137,5.0,0.0374729
52,137,6.0,0.031397782
52,137,7.0,0.034669336
52,137,8.0,0.03917354
52,137,9.0,0.035924364
52,137,10.0,0.02907682
52,137,11.0,0.021998728
52,137,12.0,0.018015897
52,137,13.0,0.015487918
52,137,14.0,0.015842872
52,138,0.0,0.042437114
52,138,1.0,0.029951427
52,138,2.0,0.019868586
52,138,3.0,0.015086649
52,138,4.0,0.009947625
52,138,5.0,0.009210015
52,138,6.0,0.007164943
52,138,7.0,0.007492442
52,138,8.0,0.00773799
52,138,9.0,0.0077378037
52,138,10.0,0.0052239075
52,138,11.0,0.0034889143
52,138,12.0,0.0032648311
52,138,13.0,0.0031019987
52,138,14.0,0.0030177655
52,139,0.0,0.007503408
52,139,1.0,0.0046854657
52,139,2.0,0.0029097751
52,139,3.0,0.0019355172
52,139,4.0,0.00088739226
52,139,5.0,0.0006805879
52,139,6.0,0.0008061918
52,139,7.0,0.00091464934
52,139,8.0,0.0007643534
52,139,9.0,0.0005335143
52,139,10.0,0.00046461791
52,139,11.0,0.00026518985
52,139,12.0,0.00021796067
52,139,13.0,0.00022803963
52,139,14.0,0.00014235853
52,140,0.0,0.0012917224
52,140,1.0,0.00064069196
52,140,2.0,0.00019377998
52,140,3.0,0.00012333186
52,140,4.0,8.4954154e-05
52,140,5.0,7.360075e-05
52,140,6.0,7.8239216e-05
52,140,7.0,9.643503e-05
52,140,8.0,8.9846115e-05
52,140,9.0,8.075393e-05
52,140,10.0,4.063647e-05
52,140,11.0,1.32415025e-05
52,140,12.0,2.4580113e-05
52,140,13.0,2.4045052e-05
52,140,14.0,2.6198451e-05
52,141,0.0,6.9275644e-05
52,141,1.0,2.8437124e-05
52,141,2.0,1.4135443e-05
52,141,3.0,4.4248027e-06
52,141,4.0,4.848456e-07
52,141,5.0,0.0
52,141,6.0,9.662813e-10
52,141,7.0,0.0
52,141,8.0,0.0
52,141,9.0,0.0
52,141,10.0,0.0
52,141,11.0,3.0897482e-07
52,141,12.0,2.233656e-08
52,141,13.0,0.0
52,141,14.0,0.0
52,142,0.0,3.290875e-08
52,142,1.0,0.0
52,142,2.0,7.2335102e-09
52,142,3.0,1.6921101e-06
52,142,4.0,7.818391e-07
52,142,5.0,1.9017769e-07
52,142,6.0,2.8158905e-07
52,142,7.0,5.592511e-07
52,142,8.0,8.286496e-07
52,142,9.0,4.943657e-07
52,142,10.0,2.682181e-07
52,142,11.0,1.780969e-07
52,142,12.0,0.0
52,142,13.0,6.906307e-10
52,142,14.0,9.470241e-08
52,143,0.0,2.2702404e-08
52,143,1.0,0.0
52,143,2.0,0.0
52,143,3.0,1.8437498e-07
52,143,4.0,2.498968e-08
52,143,5.0,3.1213156e-07
52,143,6.0,5.5979314e-07
52,143,7.0,7.527191e-09
52,143,8.0,1.1033929e-09
52,143,9.0,1.6681259e-10
52,143,10.0,4.2400794e-09
52,143,11.0,6.9675303e-07
52,143,12.0,8.2008575e-07
52,143,13.0,1.305652e-06
52,143,14.0,1.07420384e-07
52,144,0.0,3.5190163e-07
52,144,1.0,3.6835152e-06
52,144,2.0,1.7907943e-06
52,144,3.0,2.3294544e-07
52,144,4.0,1.49043e-07
52,144,5.0,5.189359e-07
52,144,6.0,2.797398e-07
52,144,7.0,1.8131896e-06
52,144,8.0,4.9307835e-07
52,144,9.0,6.268669e-07
52,144,10.0,3.7115452e-08
52,144,11.0,2.4309822e-08
52,144,12.0,1.833971e-07
52,144,13.0,7.484894e-13
52,144,14.0,1.29222e-07
52,145,0.0,2.3117948e-07
52,145,1.0,1.1025e-06
52,145,2.0,9.108148e-08
52,145,3.0,9.062715e-08
52,145,4.0,1.2219797e-07
52,145,5.0,2.6184233e-07
52,145,6.0,1.2461433e-07
52,145,7.0,4.600666e-07
52,145,8.0,1.921294e-07
52,145,9.0,9.085526e-08
52,145,10.0,2.7325115e-07
52,145,11.0,1.3952051e-06
52,145,12.0,1.4972053e-07
52,145,13.0,1.1926127e-08
52,145,14.0,2.0658732e-07
53,122,0.0,2.3160177e-07
53,122,1.0,0.0
53,122,2.0,1.0536986e-08
53,122,3.0,9.823721e-11
53,122,4.0,0.0
53,122,5.0,1.1822705e-11
53,122,6.0,0.0
53,122,7.0,1.1745839e-08
53,122,8.0,2.883365e-07
53,122,9.0,9.834808e-07
53,122,10.0,2.7602327e-06
53,122,11.0,4.9822606e-06
53,122,12.0,5.896104e-07
53,122,13.0,3.5800556e-06
53,122,14.0,8.343568e-07
53,123,0.0,6.0644385e-07
53,123,1.0,1.5992873e-07
53,123,2.0,1.2425347e-06
53,123,3.0,5.1148083e-07
53,123,4.0,8.94291e-08
53,123,5.0,1.0007551e-09
53,123,6.0,2.5229497e-07
53,123,7.0,4.048564e-09
53,123,8.0,6.4799384e-09
53,123,9.0,2.1388738e-07
53,123,10.0,6.695859e-07
53,123,11.0,2.3261223e-06
53,123,12.0,1.5989547e-08
53,123,13.0,2.3733179e-07
53,123,14.0,0.0
53,124,0.0,7.522793e-07
53,124,1.0,0.0
53,124,2.0,5.140216e-08
53,124,3.0,2.7476087e-11
53,124,4.0,0.0
53,124,5.0,0.0
53,124,6.0,9.45849e-08
53,124,7.0,2.2047587e-10
53,124,8.0,1.2949284e-09
53,124,9.0,3.580212e-07
53,124,10.0,9.429141e-07
53,124,11.0,1.3913817e-06
53,124,12.0,6.6100307e-07
53,124,13.0,1.500702e-07
53,124,14.0,8.088913e-09
53,125,0.0,0.0
53,125,1.0,2.5730684e-09
53,125,2.0,2.3226947e-08
53,125,3.0,8.48628e-09
53,125,4.0,0.0
53,125,5.0,0.0
53,125,6.0,0.0
53,125,7.0,3.8465005e-09
53,125,8.0,8.947005e-09
53,125,9.0,4.5580175e-11
53,125,10.0,1.36935405e-08
53,125,11.0,1.4686324e-09
53,125,12.0,3.6499304e-11
53,125,13.0,1.2914052e-07
53,125,14.0,5.6510646e-07
53,126,0.0,3.2589037e-07
53,126,1.0,0.0
53,126,2.0,1.8953243e-08
53,126,3.0,0.0
53,126,4.0,0.0
53,126,5.0,0.0
53,126,6.0,0.0
53,126,7.0,0.0
53,126,8.0,5.1163116e-08
53,126,9.0,1.9077508e-07
53,126,10.0,1.4295987e-06
53,126,11.0,2.1256278e-06
53,126,12.0,2.4047637e-05
53,126,13.0,3.1552063e-05
53,126,14.0,3.862983e-05
53,127,0.0,0.0
53,127,1.0,2.6673144e-08
53,127,2.0,0.0
53,127,3.0,0.0
53,127,4.0,4.5838238e-08
53,127,5.0,1.0714469e-05
53,127,6.0,1.9727335e-05
53,127,7.0,3.183861e-05
53,127,8.0,6.441656e-05
53,127,9.0,4.0036073e-05
53,127,10.0,7.3436706e-05
53,127,11.0,0.00018333143
53,127,12.0,0.00032576552
53,127,13.0,0.00044253268
53,127,14.0,0.0004938454
53,128,0.0,0.0
53,128,1.0,9.161047e-07
53,128,2.0,4.2644692e-07
53,128,3.0,1.589236e-05
53,128,4.0,2.4503472e-05
53,128,5.0,4.4236152e-05
53,128,6.0,0.00011609366
53,128,7.0,0.0001558077
53,128,8.0,0.00022576812
53,128,9.0,0.00038628266
53,128,10.0,0.0006816058
53,128,11.0,0.0015742847
53,128,12.0,0.002014724
53,128,13.0,0.0021673292
53,128,14.0,0.0021394733
53,129,0.0,3.0448718e-06
53,129,1.0,1.7949433e-05
53,129,2.0,6.565234e-05
53,129,3.0,0.00012465563
53,129,4.0,0.00025515794
53,129,5.0,0.00041402457
53,129,6.0,0.000758485
53,129,7.0,0.0008410754
53,129,8.0,0.0011494994
53,129,9.0,0.0015804995
53,129,10.0,0.0031469273
53,129,11.0,0.0050203525
53,129,12.0,0.0062631266
53,129,13.0,0.0069058705
53,129,14.0,0.007385775
53,130,0.0,5.5189583e-05
53,130,1.0,0.00011166497
53,130,2.0,0.0002902085
53,130,3.0,0.00037951695
53,130,4.0,0.0007761906
53,130,5.0,0.0011817348
53,130,6.0,0.0018643286
53,130,7.0,0.0028068684
53,130,8.0,0.003145914
53,130,9.0,0.0050244913
53,130,10.0,0.0071996492
53,130,11.0,0.012720333
53,130,12.0,0.013703794
53,130,13.0,0.013170067
53,130,14.0,0.013949785
53,131,0.0,0.00019369139
53,131,1.0,0.00047402957
53,131,2.0,0.0008666066
53,131,3.0,0.0016800422
53,131,4.0,0.0022529303
53,131,5.0,0.0038593605
53,131,6.0,0.0047583696
53,131,7.0,0.0050847293
53,131,8.0,0.007052301
53,131,9.0,0.009820651
53,131,10.0,0.013709331
53,131,11.0,0.020012625
53,131,12.0,0.023242785
53,131,13.0,0.024595963
53,131,14.0,0.025410464
53,132,0.0,0.0019002049
53,132,1.0,0.0025843245
53,132,2.0,0.0043746363
53,132,3.0,0.0050016674
53,132,4.0,0.0077364077
53,132,5.0,0.010695775
53,132,6.0,0.01387163
53,132,7.0,0.015603414
53,132,8.0,0.01831997
53,132,9.0,0.021922408
53,132,10.0,0.028952226
53,132,11.0,0.036680635
53,132,12.0,0.041502852
53,132,13.0,0.044021133
53,132,14.0,0.04587672
53,133,0.0,0.013463267
53,133,1.0,0.017770879
53,133,2.0,0.027250016
53,133,3.0,0.037500188
53,133,4.0,0.044247713
53,133,5.0,0.054495107
53,133,6.0,0.06446199
53,133,7.0,0.067969784
53,133,8.0,0.073708355
53,133,9.0,0.08248269
53,133,10.0,0.09678812
53,133,11.0,0.11221447
53,133,12.0,0.120188385
53,133,13.0,0.12353907
53,133,14.0,0.122036844
53,134,0.0,0.0723548
53,134,1.0,0.09856985
53,134,2.0,0.124880396
53,134,3.0,0.15292308
53,134,4.0,0.17527889
53,134,5.0,0.18420115
53,134,6.0,0.19681771
53,134,7.0,0.19933946
53,134,8.0,0.21613026
53,134,9.0,0.23651084
53,134,10.0,0.25966004
53,134,11.0,0.27992362
53,134,12.0,0.2877206
53,134,13.0,0.28554732
53,134,14.0,0.28371286
53,135,0.0,0.27897337
53,135,1.0,0.33154964
53,135,2.0,0.4258533
53,135,3.0,0.49243274
53,135,4.0,0.52967525
53,135,5.0,0.5335575
53,135,6.0,0.556275
53,135,7.0,0.5483254
53,135,8.0,0.5415015
53,135,9.0,0.54392916
53,135,10.0,0.54542565
53,135,11.0,0.5554628
53,135,12.0,0.5562586
53,135,13.0,0.546651
53,135,14.0,0.53653574
53,136,0.0,0.47315955
53,136,1.0,0.5069276
53,136,2.0,0.5468127
53,136,3.0,0.5956529
53,136,4.0,0.5729971
53,136,5.0,0.5581223
53,136,6.0,0.551366
53,136,7.0,0.5441534
53,136,8.0,0.5328047
53,136,9.0,0.5282071
53,136,10.0,0.50139433
53,136,11.0,0.4663521
53,136,12.0,0.4486838
53,136,13.0,0.4436905
53,136,14.0,0.4371881
53,137,0.0,0.5329424
53,137,1.0,0.5521138
53,137,2.0,0.5825181
53,137,3.0,0.58120316
53,137,4.0,0.513495
53,137,5.0,0.4484594
53,137,6.0,0.41505623
53,137,7.0,0.39510226
53,137,8.0,0.38711625
53,137,9.0,0.3797098
53,137,10.0,0.350555
53,137,11.0,0.3200586
53,137,12.0,0.29580128
53,137,13.0,0.27472097
53,137,14.0,0.2631437
53,138,0.0,0.3305093
53,138,1.0,0.2933638
53,138,2.0,0.2513917
53,138,3.0,0.22036453
53,138,4.0,0.17561871
53,138,5.0,0.15564077
53,138,6.0,0.1503773
53,138,7.0,0.15391319
53,138,8.0,0.1552815
53,138,9.0,0.15022312
53,138,10.0,0.12748252
53,138,11.0,0.10576502
53,138,12.0,0.090204164
53,138,13.0,0.0828603
53,138,14.0,0.08914141
53,139,0.0,0.1326782
53,139,1.0,0.123872645
53,139,2.0,0.12559715
53,139,3.0,0.11230304
53,139,4.0,0.0984232
53,139,5.0,0.08349784
53,139,6.0,0.07203904
53,139,7.0,0.06636809
53,139,8.0,0.06528803
53,139,9.0,0.063284166
53,139,10.0,0.05235194
53,139,11.0,0.04146004
53,139,12.0,0.039274625
53,139,13.0,0.035990223
53,139,14.0,0.029993491
53,140,0.0,0.079654574
53,140,1.0,0.06606581
53,140,2.0,0.04779789
53,140,3.0,0.034584526
53,140,4.0,0.027769113
53,140,5.0,0.023086991
53,140,6.0,0.019674316
53,140,7.0,0.019510379
53,140,8.0,0.021794595
53,140,9.0,0.020768583
53,140,10.0,0.015810167
53,140,11.0,0.012651423
53,140,12.0,0.009675004
53,140,13.0,0.008394059
53,140,14.0,0.008070116
53,141,0.0,0.014214092
53,141,1.0,0.010971249
53,141,2.0,0.008235535
53,141,3.0,0.0051788185
53,141,4.0,0.0039083576
53,141,5.0,0.0029540462
53,141,6.0,0.0023844228
53,141,7.0,0.002312413
53,141,8.0,0.0021585897
53,141,9.0,0.002144418
53,141,10.0,0.0017656073
53,141,11.0,0.0016791605
53,141,12.0,0.0013104215
53,141,13.0,0.0008258513
53,141,14.0,0.0009160761
53,142,0.0,0.0024069399
53,142,1.0,0.0014215373
53,142,2.0,0.0009975169
53,142,3.0,0.00066895364
53,142,4.0,0.00044757006
53,142,5.0,0.00025746188
53,142,6.0,0.00021381075
53,142,7.0,0.00026425073
53,142,8.0,0.00036843013
53,142,9.0,0.00028061646
53,142,10.0,0.00017966749
53,142,11.0,7.8862955e-05
53,142,12.0,9.4041316e-05
53,142,13.0,2.966069e-05
53,142,14.0,2.3616367e-05
53,143,0.0,0.00015322627
53,143,1.0,0.00014001114
53,143,2.0,0.000100683304
53,143,3.0,1.5454883e-05
53,143,4.0,5.812824e-05
53,143,5.0,3.613986e-05
53,143,6.0,1.3386828e-05
53,143,7.0,8.609874e-06
53,143,8.0,1.8097091e-05
53,143,9.0,1.7731492e-05
53,143,10.0,1.2542714e-05
53,143,11.0,1.4290517e-05
53,143,12.0,1.1232964e-05
53,143,13.0,7.739382e-06
53,143,14.0,2.4578633e-06
53,144,0.0,5.248081e-07
53,144,1.0,1.3327337e-07
53,144,2.0,3.977457e-07
53,144,3.0,1.2812822e-06
53,144,4.0,1.153409e-06
53,144,5.0,3.505114e-06
53,144,6.0,1.8819911e-06
53,144,7.0,1.0500454e-06
53,144,8.0,3.7976133e-07
53,144,9.0,1.124938e-08
53,144,10.0,0.0
53,144,11.0,5.455784e-08
53,144,12.0,9.0051486e-08
53,144,13.0,4.2229917e-08
53,144,14.0,1.7961385e-09
53,145,0.0,1.5752706e-08
53,145,1.0,3.5273544e-08
53,145,2.0,4.4822207e-07
53,145,3.0,9.5298554e-07
53,145,4.0,1.6051205e-06
53,145,5.0,1.769558e-06
53,145,6.0,2.5803348e-07
53,145,7.0,7.257056e-08
53,145,8.0,7.169336e-08
53,145,9.0,9.103294e-08
53,145,10.0,5.7688027e-07
53,145,11.0,7.5207436e-07
53,145,12.0,1.4369776e-06
53,145,13.0,9.734404e-07
53,145,14.0,1.3099462e-07
53,146,0.0,5.2335184e-07
53,146,1.0,8.109876e-09
53,146,2.0,5.1078053e-10
53,146,3.0,0.0
53,146,4.0,7.549876e-10
53,146,5.0,1.2083399e-07
53,146,6.0,2.6194104e-07
53,146,7.0,2.1274857e-07
53,146,8.0,1.5583501e-07
53,146,9.0,1.4050765e-08
53,146,10.0,0.0
53,146,11.0,4.1615063e-09
53,146,12.0,4.3771064e-07
53,146,13.0,2.2282888e-06
53,146,14.0,7.758001e-07
53,147,0.0,1.5357715e-07
53,147,1.0,6.3189486e-07
53,147,2.0,4.924879e-07
53,147,3.0,9.27513e-08
53,147,4.0,6.843176e-07
53,147,5.0,1.2718658e-06
53,147,6.0,1.2601728e-06
53,147,7.0,7.456677e-07
53,147,8.0,4.1947095e-07
53,147,9.0,3.1539145e-07
53,147,10.0,1.1689708e-07
53,147,11.0,8.931999e-10
53,147,12.0,1.4480868e-08
53,147,13.0,1.7474926e-07
53,147,14.0,2.980539e-07
53,148,0.0,4.3691853e-07
53,148,1.0,7.983003e-08
53,148,2.0,1.8683405e-08
53,148,3.0,1.5289608e-08
53,148,4.0,1.83682e-07
53,148,5.0,6.73633e-08
53,148,6.0,4.07905e-08
53,148,7.0,2.6570094e-08
53,148,8.0,2.2287228e-08
53,148,9.0,9.310138e-08
53,148,10.0,4.1634163e-08
53,148,11.0,1.021891e-11
53,148,12.0,1.5114595e-07
53,148,13.0,4.0487382e-07
53,148,14.0,2.187625e-07
54,125,0.0,2.2352907e-07
54,125,1.0,0.0
54,125,2.0,9.38636e-10
54,125,3.0,2.70989e-07
54,125,4.0,9.388597e-07
54,125,5.0,6.179587e-07
54,125,6.0,1.0042799e-08
54,125,7.0,0.0
54,125,8.0,6.209079e-10
54,125,9.0,2.7847666e-08
54,125,10.0,1.923285e-07
54,125,11.0,9.215402e-07
54,125,12.0,2.492436e-07
54,125,13.0,8.968376e-08
54,125,14.0,1.296938e-06
54,126,0.0,8.75848e-08
54,126,1.0,4.7902446e-08
54,126,2.0,5.704432e-07
54,126,3.0,2.7347144e-07
54,126,4.0,1.2566869e-07
54,126,5.0,5.3517926e-08
54,126,6.0,6.996967e-08
54,126,7.0,2.839437e-07
54,126,8.0,1.4637968e-07
54,126,9.0,3.1598248e-08
54,126,10.0,2.8823143e-07
54,126,11.0,3.7709233e-07
54,126,12.0,9.2978865e-08
54,126,13.0,1.1243354e-07
54,126,14.0,2.5107283e-07
54,127,0.0,1.1658061e-07
54,127,1.0,1.2148553e-08
54,127,2.0,5.151047e-07
54,127,3.0,8.1621414e-07
54,127,4.0,4.0983826e-07
54,127,5.0,3.1926202e-08
54,127,6.0,2.9219485e-08
54,127,7.0,7.884932e-08
54,127,8.0,1.2015064e-07
54,127,9.0,9.780587e-08
54,127,10.0,4.3150738e-08
54,127,11.0,7.282001e-10
54,127,12.0,1.13104946e-07
54,127,13.0,3.925502e-07
54,127,14.0,2.8068573e-07
54,128,0.0,9.351485e-10
54,128,1.0,2.3790026e-09
54,128,2.0,0.0
54,128,3.0,2.1430502e-08
54,128,4.0,0.0
54,128,5.0,0.0
54,128,6.0,0.0
54,128,7.0,0.0
54,128,8.0,2.9830622e-09
54,128,9.0,0.0
54,128,10.0,0.0
54,128,11.0,8.515406e-09
54,128,12.0,2.6645026e-07
54,128,13.0,9.250826e-06
54,128,14.0,6.407705e-05
54,129,0.0,0.0
54,129,1.0,0.0
54,129,2.0,0.0
54,129,3.0,9.025693e-09
54,129,4.0,6.252011e-08
54,129,5.0,1.154612e-06
54,129,6.0,3.8200815e-06
54,129,7.0,7.3483207e-06
54,129,8.0,1.2455407e-05
54,129,9.0,1.8848283e-05
54,129,10.0,4.515015e-05
54,129,11.0,5.94505e-05
54,129,12.0,9.644632e-05
54,129,13.0,7.7599725e-05
54,129,14.0,9.841091e-05
54,130,0.0,0.0
54,130,1.0,1.7745595e-07
54,130,2.0,1.6013792e-05
54,130,3.0,5.1025654e-05
54,130,4.0,3.646198e-05
54,130,5.0,3.661408e-05
54,130,6.0,5.318275e-05
54,130,7.0,5.2806103e-05
54,130,8.0,0.00011298445
54,130,9.0,0.00016870131
54,130,10.0,0.00026922772
54,130,11.0,0.00025010484
54,130,12.0,0.00063868106
54,130,13.0,0.00077393476
54,130,14.0,0.00079209474
54,131,0.0,1.4739261e-07
54,131,1.0,2.2825243e-05
54,131,2.0,2.1969907e-05
54,131,3.0,3.307843e-05
54,131,4.0,0.00014331403
54,131,5.0,0.00017823254
54,131,6.0,0.00022326398
54,131,7.0,0.0002801448
54,131,8.0,0.00044883153
54,131,9.0,0.00092304166
54,131,10.0,0.0012350775
54,131,11.0,0.0020720505
54,131,12.0,0.0023962723
54,131,13.0,0.0032399956
54,131,14.0,0.0030849904
54,132,0.0,2.5400361e-08
54,132,1.0,3.9888786e-05
54,132,2.0,9.8708486e-05
54,132,3.0,0.0002833091
54,132,4.0,0.00043599046
54,132,5.0,0.00062151736
54,132,6.0,0.0010030392
54,132,7.0,0.001226141
54,132,8.0,0.0016843912
54,132,9.0,0.0026305933
54,132,10.0,0.0037614636
54,132,11.0,0.0063023716
54,132,12.0,0.0077511678
54,132,13.0,0.008931159
54,132,14.0,0.009143618
54,133,0.0,0.00022114634
54,133,1.0,0.00021366646
54,133,2.0,0.00040428416
54,133,3.0,0.0009069867
54,133,4.0,0.0010511086
54,133,5.0,0.0017303798
54,133,6.0,0.0025202332
54,133,7.0,0.0033024375
54,133,8.0,0.004087663
54,133,9.0,0.005750873
54,133,10.0,0.008564476
54,133,11.0,0.010974749
54,133,12.0,0.014907182
54,133,13.0,0.016628515
54,133,14.0,0.016948586
54,134,0.0,0.0017634591
54,134,1.0,0.0023945023
54,134,2.0,0.003677253
54,134,3.0,0.0043589585
54,134,4.0,0.00715793
54,134,5.0,0.009564087
54,134,6.0,0.011942336
54,134,7.0,0.01312318
54,134,8.0,0.015618326
54,134,9.0,0.01982246
54,134,10.0,0.025188195
54,134,11.0,0.03076752
54,134,12.0,0.035977617
54,134,13.0,0.04068729
54,134,14.0,0.03957997
54,135,0.0,0.017391337
54,135,1.0,0.017957075
54,135,2.0,0.022881856
54,135,3.0,0.027924307
54,135,4.0,0.0380913
54,135,5.0,0.04815605
54,135,6.0,0.053841706
54,135,7.0,0.059566032
54,135,8.0,0.06608391
54,135,9.0,0.07383411
54,135,10.0,0.088499054
54,135,11.0,0.09852721
54,135,12.0,0.1142872
54,135,13.0,0.120033644
54,135,14.0,0.1212709
54,136,0.0,0.11774776
54,136,1.0,0.13723299
54,136,2.0,0.16190028
54,136,3.0,0.1887511
54,136,4.0,0.21712244
54,136,5.0,0.24093969
54,136,6.0,0.2606615
54,136,7.0,0.267514
54,136,8.0,0.2743044
54,136,9.0,0.30114532
54,136,10.0,0.31507236
54,136,11.0,0.32173872
54,136,12.0,0.34637344
54,136,13.0,0.34929457
54,136,14.0,0.3548353
54,137,0.0,0.2984086
54,137,1.0,0.30446216
54,137,2.0,0.33449298
54,137,3.0,0.36638814
54,137,4.0,0.3927676
54,137,5.0,0.42322695
54,137,6.0,0.44766858
54,137,7.0,0.45482635
54,137,8.0,0.4579658
54,137,9.0,0.4704561
54,137,10.0,0.4708676
54,137,11.0,0.46895966
54,137,12.0,0.46847773
54,137,13.0,0.46439016
54,137,14.0,0.48294517
54,138,0.0,0.588849
54,138,1.0,0.61010087
54,138,2.0,0.62352824
54,138,3.0,0.6135806
54,138,4.0,0.63464284
54,138,5.0,0.63333327
54,138,6.0,0.6102697
54,138,7.0,0.6088298
54,138,8.0,0.60975695
54,138,9.0,0.60483605
54,138,10.0,0.5845738
54,138,11.0,0.5530648
54,138,12.0,0.51942825
54,138,13.0,0.53993833
54,138,14.0,0.54147595
54,139,0.0,0.7014895
54,139,1.0,0.63300127
54,139,2.0,0.5505129
54,139,3.0,0.50946033
54,139,4.0,0.48461398
54,139,5.0,0.47674918
54,139,6.0,0.46575326
54,139,7.0,0.46227095
54,139,8.0,0.46513966
54,139,9.0,0.44155815
54,139,10.0,0.40506983
54,139,11.0,0.37023732
54,139,12.0,0.34714025
54,139,13.0,0.34414104
54,139,14.0,0.35907513
54,140,0.0,0.63333315
54,140,1.0,0.57787216
54,140,2.0,0.48107687
54,140,3.0,0.41389886
54,140,4.0,0.37887576
54,140,5.0,0.34982985
54,140,6.0,0.32079884
54,140,7.0,0.3263636
54,140,8.0,0.33149755
54,140,9.0,0.31543615
54,140,10.0,0.2662886
54,140,11.0,0.223739
54,140,12.0,0.20942266
54,140,13.0,0.21251169
54,140,14.0,0.2044407
54,141,0.0,0.3856806
54,141,1.0,0.3005979
54,141,2.0,0.21405454
54,141,3.0,0.1609986
54,141,4.0,0.12839232
54,141,5.0,0.11678066
54,141,6.0,0.11283412
54,141,7.0,0.12057535
54,141,8.0,0.120369874
54,141,9.0,0.10671257
54,141,10.0,0.088630855
54,141,11.0,0.07662161
54,141,12.0,0.06499577
54,141,13.0,0.06610557
54,141,14.0,0.06941925
54,142,0.0,0.15713212
54,142,1.0,0.12153404
54,142,2.0,0.08239183
54,142,3.0,0.057282016
54,142,4.0,0.051763542
54,142,5.0,0.044332422
54,142,6.0,0.037910912
54,142,7.0,0.037698884
54,142,8.0,0.03890385
54,142,9.0,0.03419015
54,142,10.0,0.028439758
54,142,11.0,0.024872731
54,142,12.0,0.019828659
54,142,13.0,0.017344171
54,142,14.0,0.017646294
54,143,0.0,0.042365618
54,143,1.0,0.029906949
54,143,2.0,0.017858123
54,143,3.0,0.010883135
54,143,4.0,0.0076889507
54,143,5.0,0.005649428
54,143,6.0,0.0059592784
54,143,7.0,0.006631965
54,143,8.0,0.007630443
54,143,9.0,0.00685466
54,143,10.0,0.004396848
54,143,11.0,0.0037623597
54,143,12.0,0.0026842249
54,143,13.0,0.0025189195
54,143,14.0,0.0028312856
54,144,0.0,0.00865904
54,144,1.0,0.0060412497
54,144,2.0,0.003161704
54,144,3.0,0.0020853558
54,144,4.0,0.0013195106
54,144,5.0,0.0008656407
54,144,6.0,0.0008725975
54,144,7.0,0.0008655033
54,144,8.0,0.00091557106
54,144,9.0,0.00089375867
54,144,10.0,0.0007300051
54,144,11.0,0.0004754113
54,144,12.0,0.00029300476
54,144,13.0,0.00029947126
54,144,14.0,0.00035797613
54,145,0.0,0.0011212515
54,145,1.0,0.0007635113
54,145,2.0,0.0002245193
54,145,3.0,0.00027332714
54,145,4.0,8.371482e-05
54,145,5.0,5.5405326e-05
54,145,6.0,4.3280506e-05
54,145,7.0,7.1224444e-05
54,145,8.0,8.142219e-05
54,145,9.0,6.488948e-05
54,145,10.0,4.487625e-05
54,145,11.0,4.2953223e-05
54,145,12.0,4.5844932e-05
54,145,13.0,2.988814e-05
54,145,14.0,2.6059131e-05
54,146,0.0,0.00012015192
54,146,1.0,7.5746226e-05
54,146,2.0,1.4504667e-05
54,146,3.0,1.0918504e-05
54,146,4.0,4.2807676e-07
54,146,5.0,2.0699814e-07
54,146,6.0,5.0966304e-07
54,146,7.0,3.0382998e-06
54,146,8.0,6.570358e-06
54,146,9.0,2.2253307e-06
54,146,10.0,0.0
54,146,11.0,6.021913e-16
54,146,12.0,8.2134204e-07
54,146,13.0,3.343291e-06
54,146,14.0,6.0430884e-06
54,147,0.0,7.080553e-07
54,147,1.0,5.9028173e-07
54,147,2.0,2.3086413e-07
54,147,3.0,0.0
54,147,4.0,2.6653288e-09
54,147,5.0,1.3597663e-07
54,147,6.0,1.03472914e-07
54,147,7.0,2.693738e-07
54,147,8.0,1.2730074e-07
54,147,9.0,2.2200279e-08
54,147,10.0,7.0685124e-10
54,147,11.0,0.0
54,147,12.0,6.948865e-09
54,147,13.0,5.885848e-08
54,147,14.0,6.96192e-08
54,148,0.0,2.741527e-07
54,148,1.0,3.25048e-07
54,148,2.0,3.351488e-07
54,148,3.0,1.9329902e-06
54,148,4.0,3.5461326e-07
54,148,5.0,2.5518298e-07
54,148,6.0,1.11639e-08
54,148,7.0,9.894261e-08
54,148,8.0,1.4954512e-07
54,148,9.0,1.2776945e-07
54,148,10.0,5.4400985e-08
54,148,11.0,0.0
54,148,12.0,0.0
54,148,13.0,9.280502e-08
54,148,14.0,2.016723e-07
54,149,0.0,6.50409e-07
54,149,1.0,6.3858656e-09
54,149,2.0,0.0
54,149,3.0,2.248269e-07
54,149,4.0,2.6598994e-07
54,149,5.0,1.7719302e-07
54,149,6.0,3.10079e-07
54,149,7.0,5.489101e-07
54,149,8.0,3.8721961e-07
54,149,9.0,2.0846297e-08
54,149,10.0,1.3173032e-07
54,149,11.0,3.392697e-07
54,149,12.0,6.284726e-07
54,149,13.0,3.320941e-08
54,149,14.0,1.9634794e-07
54,150,0.0,4.1273005e-08
54,150,1.0,2.1249578e-08
54,150,2.0,3.9784433e-07
54,150,3.0,7.5161574e-07
54,150,4.0,1.7582505e-07
54,150,5.0,1.638435e-07
54,150,6.0,4.4372243e-08
54,150,7.0,3.3424362e-07
54,150,8.0,7.075232e-09
54,150,9.0,0.0
54,150,10.0,4.7221803e-08
54,150,11.0,4.2722047e-07
54,150,12.0,2.8684516e-07
54,150,13.0,3.4457517e-07
54,150,14.0,3.2340355e-07
55,128,0.0,1.2992987e-07
55,128,1.0,4.9113453e-07
55,128,2.0,7.887099e-07
55,128,3.0,1.9656325e-06
55,128,4.0,4.882281e-07
55,128,5.0,4.7868735e-07
55,128,6.0,5.8195326e-07
55,128,7.0,5.26327e-07
55,128,8.0,3.1121584e-07
55,128,9.0,2.91267e-07
55,128,10.0,9.26662e-08
55,128,11.0,3.2911652e-07
55,128,12.0,1.2787632e-08
55,128,13.0,1.4397014e-07
55,128,14.0,4.461324e-08
55,129,0.0,1.02097474e-07
55,129,1.0,2.417651e-07
55,129,2.0,1.5902898e-06
55,129,3.0,1.7069326e-08
55,129,4.0,8.679535e-10
55,129,5.0,0.0
55,129,6.0,5.0480245e-11
55,129,7.0,2.2533074e-11
55,129,8.0,0.0
55,129,9.0,0.0
55,129,10.0,3.8240245e-08
55,129,11.0,2.5555442e-09
55,129,12.0,5.52704e-07
55,129,13.0,9.666693e-07
55,129,14.0,4.011981e-07
55,130,0.0,0.0
55,130,1.0,1.705792e-08
55,130,2.0,3.6340393e-07
55,130,3.0,0.0
55,130,4.0,2.6676041e-09
55,130,5.0,2.0914545e-07
55,130,6.0,6.617241e-08
55,130,7.0,5.3383147e-09
55,130,8.0,0.0
55,130,9.0,1.6947913e-09
55,130,10.0,0.0
55,130,11.0,0.0
55,130,12.0,1.4378467e-09
55,130,13.0,1.2896369e-11
55,130,14.0,9.315834e-10
55,131,0.0,1.1252716e-08
55,131,1.0,3.360082e-09
55,131,2.0,4.2842938e-08
55,131,3.0,6.063601e-08
55,131,4.0,0.0
55,131,5.0,4.8726227e-12
55,131,6.0,6.0195845e-08
55,131,7.0,4.7915742e-14
55,131,8.0,6.374183e-08
55,131,9.0,1.5882028e-09
55,131,10.0,3.7535962e-08
55,131,11.0,1.658311e-07
55,131,12.0,2.5220452e-09
55,131,13.0,9.98043e-09
55,131,14.0,2.106377e-09
55,132,0.0,0.0
55,132,1.0,1.9736069e-11
55,132,2.0,0.0
55,132,3.0,0.0
55,132,4.0,2.0226226e-08
55,132,5.0,2.1826609e-10
55,132,6.0,2.0175737e-08
55,132,7.0,2.047801e-07
55,132,8.0,9.517943e-09
55,132,9.0,1.2490585e-10
55,132,10.0,1.0459388e-07
55,132,11.0,1.9357308e-06
55,132,12.0,8.52066e-06
55,132,13.0,1.8199655e-05
55,132,14.0,1.443926e-05
55,133,0.0,0.0
55,133,1.0,0.0
55,133,2.0,0.0
55,133,3.0,0.0
55,133,4.0,0.0
55,133,5.0,5.9130105e-08
55,133,6.0,1.1318231e-07
55,133,7.0,1.1856828e-08
55,133,8.0,1.3706561e-08
55,133,9.0,3.347468e-06
55,133,10.0,5.2323794e-05
55,133,11.0,0.00015328689
55,133,12.0,0.00017915132
55,133,13.0,0.00017176963
55,133,14.0,0.00018906464
55,134,0.0,0.0
55,134,1.0,0.0
55,134,2.0,1.209195e-07
55,134,3.0,1.6294717e-06
55,134,4.0,1.2865666e-05
55,134,5.0,3.888334e-05
55,134,6.0,4.3557917e-05
55,134,7.0,4.4590935e-05
55,134,8.0,6.6987166e-05
55,134,9.0,0.00014234663
55,134,10.0,0.00017853026
55,134,11.0,0.00027681998
55,134,12.0,0.00042587766
55,134,13.0,0.0006994929
55,134,14.0,0.0007672109
55,135,0.0,1.2342343e-05
55,135,1.0,6.012387e-06
55,135,2.0,4.22865e-05
55,135,3.0,3.9443607e-05
55,135,4.0,0.00016732214
55,135,5.0,0.00030385944
55,135,6.0,0.00047051898
55,135,7.0,0.0004162171
55,135,8.0,0.00042610083
55,135,9.0,0.0009939361
55,135,10.0,0.0018716938
55,135,11.0,0.0025457176
55,135,12.0,0.0027132956
55,135,13.0,0.0030388304
55,135,14.0,0.0032580306
55,136,0.0,0.00019287814
55,136,1.0,0.00034338856
55,136,2.0,0.0006811691
55,136,3.0,0.0013601766
55,136,4.0,0.0020384074
55,136,5.0,0.0031315938
55,136,6.0,0.0037926408
55,136,7.0,0.00443868
55,136,8.0,0.0051803864
55,136,9.0,0.006524085
55,136,10.0,0.009191956
55,136,11.0,0.012099636
55,136,12.0,0.014022308
55,136,13.0,0.015201244
55,136,14.0,0.015693761
55,137,0.0,0.006054964
55,137,1.0,0.00821312
55,137,2.0,0.012010519
55,137,3.0,0.017695403
55,137,4.0,0.020470325
55,137,5.0,0.027048385
55,137,6.0,0.031293772
55,137,7.0,0.032332994
55,137,8.0,0.034721997
55,137,9.0,0.042409427
55,137,10.0,0.048864108
55,137,11.0,0.058560733
55,137,12.0,0.06817019
55,137,13.0,0.07320313
55,137,14.0,0.07367781
55,138,0.0,0.0273791
55,138,1.0,0.031909037
55,138,2.0,0.04787695
55,138,3.0,0.06569992
55,138,4.0,0.07722192
55,138,5.0,0.089404635
55,138,6.0,0.10285345
55,138,7.0,0.107112125
55,138,8.0,0.11235109
55,138,9.0,0.12936106
55,138,10.0,0.14416608
55,138,11.0,0.15395623
55,138,12.0,0.15779497
55,138,13.0,0.16240986
55,138,14.0,0.16927935
55,139,0.0,0.11439828
55,139,1.0,0.13505976
55,139,2.0,0.17257543
55,139,3.0,0.20540553
55,139,4.0,0.23604454
55,139,5.0,0.2603094
55,139,6.0,0.26066366
55,139,7.0,0.26036492
55,139,8.0,0.27036384
55,139,9.0,0.2764907
55,139,10.0,0.2788403
55,139,11.0,0.29512292
55,139,12.0,0.30304262
55,139,13.0,0.30435997
55,139,14.0,0.3066282
55,140,0.0,0.23830558
55,140,1.0,0.25508636
55,140,2.0,0.29316342
55,140,3.0,0.31364062
55,140,4.0,0.331305
55,140,5.0,0.35338187
55,140,6.0,0.3622594
55,140,7.0,0.3727015
55,140,8.0,0.36854383
55,140,9.0,0.3707213
55,140,10.0,0.37293413
55,140,11.0,0.368867
55,140,12.0,0.37284857
55,140,13.0,0.37162775
55,140,14.0,0.37640423
55,141,0.0,0.38913122
55,141,1.0,0.4049573
55,141,2.0,0.48350585
55,141,3.0,0.49898204
55,141,4.0,0.4807138
55,141,5.0,0.47676232
55,141,6.0,0.47137642
55,141,7.0,0.45926443
55,141,8.0,0.4551678
55,141,9.0,0.4365942
55,141,10.0,0.41338652
55,141,11.0,0.3744217
55,141,12.0,0.36375868
55,141,13.0,0.3607433
55,141,14.0,0.3638646
55,142,0.0,0.45736188
55,142,1.0,0.42690387
55,142,2.0,0.3831745
55,142,3.0,0.3385778
55,142,4.0,0.3194182
55,142,5.0,0.31103286
55,142,6.0,0.31326088
55,142,7.0,0.32292235
55,142,8.0,0.31209776
55,142,9.0,0.28874978
55,142,10.0,0.25768876
55,142,11.0,0.23957023
55,142,12.0,0.22645171
55,142,13.0,0.21777686
55,142,14.0,0.2199876
55,143,0.0,0.2989235
55,143,1.0,0.26627505
55,143,2.0,0.2666605
55,143,3.0,0.23381975
55,143,4.0,0.20067257
55,143,5.0,0.17285535
55,143,6.0,0.16168074
55,143,7.0,0.16260757
55,143,8.0,0.16180061
55,143,9.0,0.15158813
55,143,10.0,0.13449177
55,143,11.0,0.112565786
55,143,12.0,0.09930652
55,143,13.0,0.09446153
55,143,14.0,0.090951696
55,144,0.0,0.15452722
55,144,1.0,0.11997336
55,144,2.0,0.09616231
55,144,3.0,0.0725288
55,144,4.0,0.05781331
55,144,5.0,0.051328827
55,144,6.0,0.04966473
55,144,7.0,0.048868287
55,144,8.0,0.04910187
55,144,9.0,0.043020718
55,144,10.0,0.038149174
55,144,11.0,0.032465223
55,144,12.0,0.02643892
55,144,13.0,0.025095308
55,144,14.0,0.025434554
55,145,0.0,0.043685958
55,145,1.0,0.03247496
55,145,2.0,0.0279945
55,145,3.0,0.022958977
55,145,4.0,0.016594974
55,145,5.0,0.012302036
55,145,6.0,0.011233436
55,145,7.0,0.0121972915
55,145,8.0,0.011624164
55,145,9.0,0.010246981
55,145,10.0,0.008416599
55,145,11.0,0.0055479407
55,145,12.0,0.0053782673
55,145,13.0,0.0054059788
55,145,14.0,0.0051420582
55,146,0.0,0.009116761
55,146,1.0,0.008088407
55,146,2.0,0.005696148
55,146,3.0,0.0035644195
55,146,4.0,0.0027102998
55,146,5.0,0.0018371978
55,146,6.0,0.0016720886
55,146,7.0,0.0017532704
55,146,8.0,0.0016355362
55,146,9.0,0.0011687585
55,146,10.0,0.001027148
55,146,11.0,0.0009907098
55,146,12.0,0.0008422515
55,146,13.0,0.0008368178
55,146,14.0,0.0006555408
55,147,0.0,0.0012552344
55,147,1.0,0.0011074656
55,147,2.0,0.000579963
55,147,3.0,0.00027606465
55,147,4.0,0.00026867274
55,147,5.0,0.00016556865
55,147,6.0,0.000154002
55,147,7.0,0.00012872317
55,147,8.0,0.00016703246
55,147,9.0,0.00016618794
55,147,10.0,9.63515e-05
55,147,11.0,5.4064836e-05
55,147,12.0,7.10594e-05
55,147,13.0,9.930855e-05
55,147,14.0,9.709474e-05
55,148,0.0,8.419795e-05
55,148,1.0,6.905495e-05
55,148,2.0,5.2903044e-05
55,148,3.0,2.9403955e-05
55,148,4.0,3.4119314e-06
55,148,5.0,2.1962828e-06
55,148,6.0,8.721105e-07
55,148,7.0,1.0848661e-06
55,148,8.0,1.8742847e-06
55,148,9.0,2.8046325e-06
55,148,10.0,1.3892635e-06
55,148,11.0,1.1643723e-06
55,148,12.0,5.9761265e-07
55,148,13.0,3.2580505e-07
55,148,14.0,1.3620534e-07
55,149,0.0,5.453619e-09
55,149,1.0,4.0980976e-07
55,149,2.0,1.6078703e-06
55,149,3.0,1.370372e-07
55,149,4.0,4.8603322e-08
55,149,5.0,1.4418923e-07
55,149,6.0,6.609226e-09
55,149,7.0,0.0
55,149,8.0,1.9333415e-09
55,149,9.0,1.6391215e-07
55,149,10.0,4.1123255e-07
55,149,11.0,1.0609928e-06
55,149,12.0,1.5302888e-06
55,149,13.0,1.5556296e-06
55,149,14.0,5.5752267e-08
55,150,0.0,5.4758786e-08
55,150,1.0,1.15726884e-07
55,150,2.0,2.4331248e-07
55,150,3.0,2.1809837e-08
55,150,4.0,1.4000126e-12
55,150,5.0,3.4597252e-09
55,150,6.0,9.570012e-08
55,150,7.0,3.7162092e-08
55,150,8.0,8.406726e-09
55,150,9.0,3.9124618e-08
55,150,10.0,1.9290913e-07
55,150,11.0,7.372017e-09
55,150,12.0,3.669364e-08
55,150,13.0,0.0
55,150,14.0,0.0
55,151,0.0,2.711519e-07
55,151,1.0,1.3916403e-07
55,151,2.0,7.490286e-08
55,151,3.0,7.447208e-08
55,151,4.0,0.0
55,151,5.0,2.459925e-08
55,151,6.0,6.221089e-09
55,151,7.0,1.806321e-09
55,151,8.0,6.828346e-08
55,151,9.0,7.183698e-08
55,151,10.0,2.6951783e-09
55,151,11.0,3.399816e-08
55,151,12.0,7.883447e-07
55,151,13.0,1.923906e-06
55,151,14.0,2.660059e-06
55,152,0.0,5.820196e-08
55,152,1.0,0.0
55,152,2.0,4.3205946e-11
55,152,3.0,0.0
55,152,4.0,1.5286616e-07
55,152,5.0,4.2652698e-07
55,152,6.0,3.5431945e-08
55,152,7.0,5.262511e-07
55,152,8.0,5.1103723e-07
55,152,9.0,5.796246e-07
55,152,10.0,1.1048928e-07
55,152,11.0,5.9167633e-08
55,152,12.0,1.030201e-06
55,152,13.0,2.3745395e-06
55,152,14.0,2.1099968e-08
56,131,0.0,5.0553844e-08
56,131,1.0,9.5418194e-08
56,131,2.0,5.305547e-07
56,131,3.0,6.335886e-07
56,131,4.0,4.1642178e-07
56,131,5.0,9.86275e-07
56,131,6.0,2.436559e-07
56,131,7.0,2.3715191e-07
56,131,8.0,2.2879907e-07
56,131,9.0,2.0046402e-07
56,131,10.0,3.6482004e-07
56,131,11.0,1.675044e-07
56,131,12.0,4.4964917e-08
56,131,13.0,1.7456134e-07
56,131,14.0,5.6164413e-07
56,132,0.0,1.3425408e-07
56,132,1.0,1.2974574e-07
56,132,2.0,1.9636656e-07
56,132,3.0,3.9305297e-09
56,132,4.0,5.968223e-08
56,132,5.0,2.9866314e-07
56,132,6.0,3.1880464e-07
56,132,7.0,3.0544453e-07
56,132,8.0,1.8227898e-07
56,132,9.0,9.9101776e-08
56,132,10.0,1.245908e-07
56,132,11.0,0.0
56,132,12.0,6.541375e-08
56,132,13.0,4.6831985e-08
56,132,14.0,2.6808823e-07
56,133,0.0,1.6393724e-08
56,133,1.0,1.6093858e-10
56,133,2.0,3.6314383e-08
56,133,3.0,0.0
56,133,4.0,0.0
56,133,5.0,1.7904206e-08
56,133,6.0,0.0
56,133,7.0,0.0
56,133,8.0,1.3545835e-10
56,133,9.0,3.3592888e-09
56,133,10.0,1.4104949e-08
56,133,11.0,2.2472534e-07
56,133,12.0,2.9187686e-07
56,133,13.0,6.574257e-08
56,133,14.0,0.0
56,134,0.0,1.8596431e-08
56,134,1.0,0.0
56,134,2.0,0.0
56,134,3.0,0.0
56,134,4.0,1.3558872e-07
56,134,5.0,4.744983e-08
56,134,6.0,0.0
56,134,7.0,0.0
56,134,8.0,7.391679e-11
56,134,9.0,4.2483896e-09
56,134,10.0,0.0
56,134,11.0,0.0
56,134,12.0,0.0
56,134,13.0,0.0
56,134,14.0,0.0
56,135,0.0,1.1453567e-08
56,135,1.0,0.0
56,135,2.0,0.0
56,135,3.0,2.7142966e-09
56,135,4.0,1.03960716e-07
56,135,5.0,1.1648253e-07
56,135,6.0,1.12696604e-07
56,135,7.0,8.1533614e-07
56,135,8.0,4.951429e-06
56,135,9.0,7.033584e-06
56,135,10.0,2.2101653e-06
56,135,11.0,3.3886918e-06
56,135,12.0,1.9990599e-05
56,135,13.0,2.6082631e-05
56,135,14.0,2.452459e-05
56,136,0.0,3.3312192e-06
56,136,1.0,1.1346087e-09
56,136,2.0,3.4127245e-07
56,136,3.0,6.5757185e-08
56,136,4.0,5.172039e-07
56,136,5.0,4.4579224e-06
56,136,6.0,3.3393997e-05
56,136,7.0,4.3767755e-05
56,136,8.0,1.9368636e-05
56,136,9.0,1.6360595e-05
56,136,10.0,7.6663775e-05
56,136,11.0,0.00015335911
56,136,12.0,0.00023967285
56,136,13.0,0.00024314893
56,136,14.0,0.00032443722
56,137,0.0,2.7470628e-06
56,137,1.0,8.128064e-07
56,137,2.0,2.0680181e-05
56,137,3.0,3.8618047e-05
56,137,4.0,6.0653245e-05
56,137,5.0,0.00010941094
56,137,6.0,0.00022277999
56,137,7.0,0.00036208393
56,137,8.0,0.00047847547
56,137,9.0,0.00077184266
56,137,10.0,0.0009272638
56,137,11.0,0.0014987695
56,137,12.0,0.0017944713
56,137,13.0,0.002151443
56,137,14.0,0.002416466
56,138,0.0,0.0008914233
56,138,1.0,0.0011041422
56,138,2.0,0.0011973913
56,138,3.0,0.0020490026
56,138,4.0,0.0023814947
56,138,5.0,0.0026813226
56,138,6.0,0.0034525353
56,138,7.0,0.00408754
56,138,8.0,0.004247923
56,138,9.0,0.0050828434
56,138,10.0,0.0076959874
56,138,11.0,0.009927832
56,138,12.0,0.011727338
56,138,13.0,0.013219466
56,138,14.0,0.013940343
56,139,0.0,0.0044476585
56,139,1.0,0.005381306
56,139,2.0,0.0075218934
56,139,3.0,0.009876324
56,139,4.0,0.013173845
56,139,5.0,0.01659049
56,139,6.0,0.019123016
56,139,7.0,0.020873383
56,139,8.0,0.02313153
56,139,9.0,0.026582226
56,139,10.0,0.032375637
56,139,11.0,0.039185733
56,139,12.0,0.04072586
56,139,13.0,0.04279772
56,139,14.0,0.04553788
56,140,0.0,0.033270016
56,140,1.0,0.040702518
56,140,2.0,0.042223185
56,140,3.0,0.047756087
56,140,4.0,0.05532122
56,140,5.0,0.064419456
56,140,6.0,0.07188224
56,140,7.0,0.077230595
56,140,8.0,0.08729953
56,140,9.0,0.0958787
56,140,10.0,0.10378111
56,140,11.0,0.10829112
56,140,12.0,0.1180206
56,140,13.0,0.1315544
56,140,14.0,0.14115526
56,141,0.0,0.09247459
56,141,1.0,0.09577622
56,141,2.0,0.10870917
56,141,3.0,0.124003984
56,141,4.0,0.13654551
56,141,5.0,0.15768237
56,141,6.0,0.17607386
56,141,7.0,0.19070703
56,141,8.0,0.19815761
56,141,9.0,0.20728043
56,141,10.0,0.21310852
56,141,11.0,0.21938731
56,141,12.0,0.23042062
56,141,13.0,0.24636982
56,141,14.0,0.25488812
56,142,0.0,0.29025042
56,142,1.0,0.2903691
56,142,2.0,0.30174994
56,142,3.0,0.30356562
56,142,4.0,0.3212479
56,142,5.0,0.32874185
56,142,6.0,0.35019565
56,142,7.0,0.36477658
56,142,8.0,0.3774646
56,142,9.0,0.37406236
56,142,10.0,0.37291503
56,142,11.0,0.36470708
56,142,12.0,0.36122966
56,142,13.0,0.37674633
56,142,14.0,0.4194822
56,143,0.0,0.43568477
56,143,1.0,0.41866177
56,143,2.0,0.37940353
56,143,3.0,0.3645851
56,143,4.0,0.374525
56,143,5.0,0.37934774
56,143,6.0,0.39807034
56,143,7.0,0.40146035
56,143,8.0,0.4105548
56,143,9.0,0.4067082
56,143,10.0,0.39268932
56,143,11.0,0.36987212
56,143,12.0,0.355531
56,143,13.0,0.3648375
56,143,14.0,0.40323374
56,144,0.0,0.5487546
56,144,1.0,0.5236314
56,144,2.0,0.44994187
56,144,3.0,0.41450018
56,144,4.0,0.38124964
56,144,5.0,0.36044705
56,144,6.0,0.35731643
56,144,7.0,0.37371698
56,144,8.0,0.37815142
56,144,9.0,0.35584578
56,144,10.0,0.32090107
56,144,11.0,0.28854248
56,144,12.0,0.26495552
56,144,13.0,0.27646625
56,144,14.0,0.2830677
56,145,0.0,0.40247303
56,145,1.0,0.3201054
56,145,2.0,0.2511429
56,145,3.0,0.21227616
56,145,4.0,0.18780206
56,145,5.0,0.17972822
56,145,6.0,0.17498398
56,145,7.0,0.18409206
56,145,8.0,0.1844472
56,145,9.0,0.16456927
56,145,10.0,0.1398643
56,145,11.0,0.12282475
56,145,12.0,0.11392354
56,145,13.0,0.12005043
56,145,14.0,0.12799208
56,146,0.0,0.20709212
56,146,1.0,0.17459494
56,146,2.0,0.13423039
56,146,3.0,0.11275212
56,146,4.0,0.09183509
56,146,5.0,0.0845316
56,146,6.0,0.0783542
56,146,7.0,0.08259348
56,146,8.0,0.084318936
56,146,9.0,0.07808968
56,146,10.0,0.06255221
56,146,11.0,0.049378477
56,146,12.0,0.042747583
56,146,13.0,0.04148666
56,146,14.0,0.040876146
56,147,0.0,0.080657154
56,147,1.0,0.06234759
56,147,2.0,0.03849375
56,147,3.0,0.030580878
56,147,4.0,0.021754002
56,147,5.0,0.02007146
56,147,6.0,0.01714318
56,147,7.0,0.01795532
56,147,8.0,0.018797774
56,147,9.0,0.016698593
56,147,10.0,0.013426327
56,147,11.0,0.009991464
56,147,12.0,0.008610131
56,147,13.0,0.008261815
56,147,14.0,0.009494093
56,148,0.0,0.021190561
56,148,1.0,0.015576015
56,148,2.0,0.009354336
56,148,3.0,0.0057019223
56,148,4.0,0.005177604
56,148,5.0,0.0046850187
56,148,6.0,0.004202998
56,148,7.0,0.0038581747
56,148,8.0,0.0036775714
56,148,9.0,0.0032321697
56,148,10.0,0.002643219
56,148,11.0,0.0023837814
56,148,12.0,0.0022361653
56,148,13.0,0.0016645876
56,148,14.0,0.001671171
56,149,0.0,0.00312316
56,149,1.0,0.0020906196
56,149,2.0,0.0015690047
56,149,3.0,0.0007922943
56,149,4.0,0.0004955868
56,149,5.0,0.00054293446
56,149,6.0,0.00047723338
56,149,7.0,0.00038017807
56,149,8.0,0.00041417647
56,149,9.0,0.00028230526
56,149,10.0,0.00015870211
56,149,11.0,0.00017255965
56,149,12.0,0.00019738825
56,149,13.0,0.0001753845
56,149,14.0,0.00015511128
56,150,0.0,0.0003665312
56,150,1.0,0.00017000918
56,150,2.0,0.00013852444
56,150,3.0,9.394692e-05
56,150,4.0,0.00010736187
56,150,5.0,8.368172e-05
56,150,6.0,6.110155e-05
56,150,7.0,5.8136546e-05
56,150,8.0,5.4240445e-05
56,150,9.0,5.223743e-05
56,150,10.0,5.3473523e-05
56,150,11.0,1.9835938e-05
56,150,12.0,2.8897824e-07
56,150,13.0,1.0428408e-07
56,150,14.0,4.0992083e-07
56,151,0.0,4.7841513e-07
56,151,1.0,5.250443e-07
56,151,2.0,1.7585703e-06
56,151,3.0,3.6196093e-07
56,151,4.0,6.5175936e-07
56,151,5.0,3.1667266e-06
56,151,6.0,7.107309e-07
56,151,7.0,4.0923825e-07
56,151,8.0,1.8076567e-07
56,151,9.0,2.0752898e-08
56,151,10.0,6.5343877e-09
56,151,11.0,4.5538536e-07
56,151,12.0,7.207057e-07
56,151,13.0,6.075888e-07
56,151,14.0,3.3844475e-07
56,152,0.0,0.0
56,152,1.0,0.0
56,152,2.0,3.6916842e-07
56,152,3.0,6.716901e-07
56,152,4.0,5.756433e-09
56,152,5.0,0.0
56,152,6.0,2.3818558e-09
56,152,7.0,1.8390836e-07
56,152,8.0,2.46639e-07
56,152,9.0,9.429702e-08
56,152,10.0,4.6405283e-08
56,152,11.0,4.9972236e-08
56,152,12.0,4.896643e-08
56,152,13.0,1.6429378e-07
56,152,14.0,4.4102222e-07
56,153,0.0,1.9958077e-06
56,153,1.0,4.1104005e-07
56,153,2.0,3.8057172e-07
56,153,3.0,2.614466e-07
56,153,4.0,1.3081666e-07
56,153,5.0,3.3170895e-07
56,153,6.0,6.002518e-08
56,153,7.0,6.365904e-08
56,153,8.0,3.1679175e-08
56,153,9.0,4.1336826e-08
56,153,10.0,8.70048e-08
56,153,11.0,8.350459e-08
56,153,12.0,1.8714134e-07
56,153,13.0,2.7226176e-07
56,153,14.0,2.4175597e-08
56,154,0.0,2.5512044e-08
56,154,1.0,7.952456e-07
56,154,2.0,1.7351786e-06
56,154,3.0,5.3019625e-07
56,154,4.0,1.9703523e-07
56,154,5.0,1.1871839e-07
56,154,6.0,3.668801e-08
56,154,7.0,2.1891545e-08
56,154,8.0,1.4637968e-07
56,154,9.0,2.5721e-07
56,154,10.0,2.5075765e-08
56,154,11.0,6.513685e-08
56,154,12.0,5.595156e-07
56,154,13.0,2.8582164e-07
56,154,14.0,3.6798198e-07
57,133,0.0,1.2974489e-06
57,133,1.0,6.0549317e-09
57,133,2.0,0.0
57,133,3.0,2.064815e-08
57,133,4.0,8.424578e-08
57,133,5.0,2.4138146e-06
57,133,6.0,8.5452467e-07
57,133,7.0,1.461093e-07
57,133,8.0,2.5959219e-08
57,133,9.0,3.5373596e-08
57,133,10.0,2.2173643e-07
57,133,11.0,8.873789e-08
57,133,12.0,3.9428887e-08
57,133,13.0,0.0
57,133,14.0,1.0905314e-07
57,134,0.0,2.7203288e-07
57,134,1.0,2.0680012e-08
57,134,2.0,7.060179e-08
57,134,3.0,1.3653269e-07
57,134,4.0,2.8466797e-08
57,134,5.0,2.0302346e-09
57,134,6.0,3.3779182e-07
57,134,7.0,1.9313912e-07
57,134,8.0,1.0525621e-07
57,134,9.0,4.006189e-08
57,134,10.0,1.6287942e-07
57,134,11.0,9.885894e-10
57,134,12.0,8.153586e-08
57,134,13.0,1.1011501e-08
57,134,14.0,5.3445227e-08
57,135,0.0,5.0110717e-08
57,135,1.0,9.991495e-07
57,135,2.0,2.8963046e-07
57,135,3.0,0.0
57,135,4.0,1.095749e-09
57,135,5.0,4.961309e-07
57,135,6.0,2.95648e-07
57,135,7.0,3.990674e-07
57,135,8.0,5.4441267e-07
57,135,9.0,2.5935776e-07
57,135,10.0,2.1536188e-07
57,135,11.0,3.242586e-07
57,135,12.0,5.200039e-08
57,135,13.0,3.623764e-07
57,135,14.0,1.0559735e-06
57,136,0.0,9.060374e-07
57,136,1.0,3.425518e-07
57,136,2.0,3.2725045e-11
57,136,3.0,2.199676e-08
57,136,4.0,1.6853753e-07
57,136,5.0,7.764059e-08
57,136,6.0,3.0949623e-09
57,136,7.0,2.8133492e-08
57,136,8.0,1.64645e-06
57,136,9.0,2.1855874e-06
57,136,10.0,6.6125705e-07
57,136,11.0,0.0
57,136,12.0,0.0
57,136,13.0,0.0
57,136,14.0,1.9006513e-11
57,137,0.0,0.0
57,137,1.0,6.2178515e-08
57,137,2.0,0.0
57,137,3.0,3.7913544e-08
57,137,4.0,3.1056685e-11
57,137,5.0,1.6523335e-07
57,137,6.0,2.586962e-07
57,137,7.0,3.3502715e-08
57,137,8.0,6.7421185e-10
57,137,9.0,1.9968243e-06
57,137,10.0,5.7369043e-06
57,137,11.0,8.434353e-06
57,137,12.0,2.0625632e-05
57,137,13.0,2.0459553e-05
57,137,14.0,1.8031706e-05
57,138,0.0,4.0555315e-10
57,138,1.0,0.0
57,138,2.0,0.0
57,138,3.0,0.0
57,138,4.0,4.1190674e-07
57,138,5.0,1.3869668e-09
57,138,6.0,0.0
57,138,7.0,8.9626315e-09
57,138,8.0,2.8719163e-07
57,138,9.0,1.7668579e-05
57,138,10.0,1.8480134e-05
57,138,11.0,2.5514784e-05
57,138,12.0,3.3679535e-05
57,138,13.0,6.266891e-05
57,138,14.0,8.172404e-05
57,139,0.0,3.635372e-07
57,139,1.0,3.451246e-08
57,139,2.0,2.3896524e-08
57,139,3.0,2.1469864e-06
57,139,4.0,2.0841053e-05
57,139,5.0,9.896278e-05
57,139,6.0,8.907678e-05
57,139,7.0,5.0360424e-05
57,139,8.0,8.598481e-05
57,139,9.0,0.000108783526
57,139,10.0,0.00023652038
57,139,11.0,0.00032435977
57,139,12.0,0.0006288836
57,139,13.0,0.0006951589
57,139,14.0,0.00053616846
57,140,0.0,2.2457114e-05
57,140,1.0,1.879083e-05
57,140,2.0,5.3139203e-05
57,140,3.0,0.00011477105
57,140,4.0,0.00031131794
57,140,5.0,0.00034055958
57,140,6.0,0.0004968682
57,140,7.0,0.0005174967
57,140,8.0,0.0006424036
57,140,9.0,0.0012907932
57,140,10.0,0.0016142518
57,140,11.0,0.0022407658
57,140,12.0,0.0028070179
57,140,13.0,0.0030680548
57,140,14.0,0.0030373903
57,141,0.0,0.0006815786
57,141,1.0,0.00088963815
57,141,2.0,0.001186471
57,141,3.0,0.001992951
57,141,4.0,0.0025900912
57,141,5.0,0.0040914468
57,141,6.0,0.0040657893
57,141,7.0,0.0040628263
57,141,8.0,0.0050625615
57,141,9.0,0.007092015
57,141,10.0,0.008630975
57,141,11.0,0.009366641
57,141,12.0,0.010735989
57,141,13.0,0.01187911
57,141,14.0,0.013213933
57,142,0.0,0.0041601188
57,142,1.0,0.0043064323
57,142,2.0,0.006994384
57,142,3.0,0.009250224
57,142,4.0,0.011826624
57,142,5.0,0.013759708
57,142,6.0,0.017663563
57,142,7.0,0.019897832
57,142,8.0,0.021867527
57,142,9.0,0.024666466
57,142,10.0,0.029055765
57,142,11.0,0.033427805
57,142,12.0,0.037106227
57,142,13.0,0.04086968
57,142,14.0,0.04052482
57,143,0.0,0.02477995
57,143,1.0,0.026584683
57,143,2.0,0.034654878
57,143,3.0,0.04347481
57,143,4.0,0.050121542
57,143,5.0,0.053144306
57,143,6.0,0.060763594
57,143,7.0,0.06537968
57,143,8.0,0.06823516
57,143,9.0,0.07176697
57,143,10.0,0.08015315
57,143,11.0,0.08664816
57,143,12.0,0.09617051
57,143,13.0,0.1022729
57,143,14.0,0.10682486
57,144,0.0,0.06725893
57,144,1.0,0.07110592
57,144,2.0,0.086180866
57,144,3.0,0.10119343
57,144,4.0,0.11476455
57,144,5.0,0.123405114
57,144,6.0,0.138349
57,144,7.0,0.14295733
57,144,8.0,0.1443216
57,144,9.0,0.14761375
57,144,10.0,0.15641075
57,144,11.0,0.16363762
57,144,12.0,0.16459663
57,144,13.0,0.17078309
57,144,14.0,0.17578848
57,145,0.0,0.15259409
57,145,1.0,0.15789387
57,145,2.0,0.17619774
57,145,3.0,0.19347507
57,145,4.0,0.19960159
57,145,5.0,0.20184247
57,145,6.0,0.21245226
57,145,7.0,0.21935873
57,145,8.0,0.21763816
57,145,9.0,0.2202856
57,145,10.0,0.21704811
57,145,11.0,0.21603356
57,145,12.0,0.20789744
57,145,13.0,0.20697545
57,145,14.0,0.2170688
57,146,0.0,0.19086026
57,146,1.0,0.18281293
57,146,2.0,0.18902439
57,146,3.0,0.19137901
57,146,4.0,0.19346945
57,146,5.0,0.19152158
57,146,6.0,0.19440192
57,146,7.0,0.19510181
57,146,8.0,0.19639918
57,146,9.0,0.19641024
57,146,10.0,0.18657917
57,146,11.0,0.17571339
57,146,12.0,0.16473213
57,146,13.0,0.16340028
57,146,14.0,0.1690969
57,147,0.0,0.17296664
57,147,1.0,0.16949351
57,147,2.0,0.17495908
57,147,3.0,0.17532897
57,147,4.0,0.16575868
57,147,5.0,0.15432929
57,147,6.0,0.14724618
57,147,7.0,0.1495068
57,147,8.0,0.14701647
57,147,9.0,0.13743441
57,147,10.0,0.12386392
57,147,11.0,0.10248442
57,147,12.0,0.094607696
57,147,13.0,0.09203863
57,147,14.0,0.09633102
57,148,0.0,0.112140134
57,148,1.0,0.10043223
57,148,2.0,0.08797109
57,148,3.0,0.079172544
57,148,4.0,0.07475242
57,148,5.0,0.068449885
57,148,6.0,0.0631205
57,148,7.0,0.058861516
57,148,8.0,0.056010716
57,148,9.0,0.05092481
57,148,10.0,0.046920285
57,148,11.0,0.043627143
57,148,12.0,0.03880376
57,148,13.0,0.035813596
57,148,14.0,0.035786826
57,149,0.0,0.04686765
57,149,1.0,0.04365294
57,149,2.0,0.037615485
57,149,3.0,0.031789433
57,149,4.0,0.029504055
57,149,5.0,0.027165333
57,149,6.0,0.024793245
57,149,7.0,0.021897856
57,149,8.0,0.020533117
57,149,9.0,0.019521259
57,149,10.0,0.015933082
57,149,11.0,0.012780381
57,149,12.0,0.013133955
57,149,13.0,0.011977827
57,149,14.0,0.009249686
57,150,0.0,0.012236931
57,150,1.0,0.011377111
57,150,2.0,0.008697387
57,150,3.0,0.008230468
57,150,4.0,0.0066748885
57,150,5.0,0.006962989
57,150,6.0,0.005134867
57,150,7.0,0.003853685
57,150,8.0,0.0036455558
57,150,9.0,0.0034716935
57,150,10.0,0.0031318937
57,150,11.0,0.0027935293
57,150,12.0,0.0021050293
57,150,13.0,0.0016066551
57,150,14.0,0.0011894557
57,151,0.0,0.0021785237
57,151,1.0,0.001539934
57,151,2.0,0.001713739
57,151,3.0,0.0020333696
57,151,4.0,0.0016601515
57,151,5.0,0.0009243408
57,151,6.0,0.00063745934
57,151,7.0,0.00051690964
57,151,8.0,0.00048402138
57,151,9.0,0.00043201997
57,151,10.0,0.00045394475
57,151,11.0,0.00039462242
57,151,12.0,0.00033753083
57,151,13.0,0.00013736758
57,151,14.0,0.00012385445
57,152,0.0,0.0002899717
57,152,1.0,0.0002446564
57,152,2.0,0.000305068
57,152,3.0,0.00032408233
57,152,4.0,0.00019373116
57,152,5.0,0.00010737817
57,152,6.0,7.0808324e-05
57,152,7.0,1.9889289e-05
57,152,8.0,9.557192e-06
57,152,9.0,1.3467583e-05
57,152,10.0,1.3269064e-05
57,152,11.0,9.422839e-06
57,152,12.0,1.4028598e-05
57,152,13.0,9.886371e-06
57,152,14.0,2.416682e-07
57,153,0.0,4.6705954e-06
57,153,1.0,1.4951994e-05
57,153,2.0,5.903223e-06
57,153,3.0,2.193278e-07
57,153,4.0,4.427889e-09
57,153,5.0,1.2049708e-07
57,153,6.0,1.246988e-07
57,153,7.0,9.140878e-08
57,153,8.0,4.8818605e-10
57,153,9.0,0.0
57,153,10.0,0.0
57,153,11.0,0.0
57,153,12.0,3.1443481e-09
57,153,13.0,3.7545826e-07
57,153,14.0,0.0
57,154,0.0,9.000105e-08
57,154,1.0,1.1742643e-07
57,154,2.0,9.767173e-07
57,154,3.0,2.6408392e-07
57,154,4.0,7.561107e-08
57,154,5.0,1.9358856e-07
57,154,6.0,2.2270016e-10
57,154,7.0,0.0
57,154,8.0,2.8158231e-08
57,154,9.0,5.6315025e-07
57,154,10.0,9.955695e-08
57,154,11.0,0.0
57,154,12.0,1.2166905e-07
57,154,13.0,3.5147363e-07
57,154,14.0,8.3676525e-08
57,155,0.0,1.8803352e-07
57,155,1.0,1.5298319e-07
57,155,2.0,4.2624518e-07
57,155,3.0,1.2180683e-06
57,155,4.0,1.5009359e-06
57,155,5.0,3.4371377e-07
57,155,6.0,2.2470502e-07
57,155,7.0,0.0
57,155,8.0,0.0
57,155,9.0,3.057248e-07
57,155,10.0,9.414729e-07
57,155,11.0,5.7265083e-07
57,155,12.0,5.197464e-07
57,155,13.0,3.056293e-07
57,155,14.0,4.8412133e-08
57,156,0.0,1.14033604e-07
57,156,1.0,3.4613517e-08
57,156,2.0,1.268954e-06
57,156,3.0,3.2295047e-06
57,156,4.0,1.4053317e-06
57,156,5.0,6.9583166e-07
57,156,6.0,4.5980454e-07
57,156,7.0,9.812424e-07
57,156,8.0,7.0017e-07
57,156,9.0,1.9121546e-07
57,156,10.0,2.5628255e-08
57,156,11.0,1.2569097e-07
57,156,12.0,3.176918e-07
57,156,13.0,6.785345e-07
57,156,14.0,3.9234592e-07
57,157,0.0,3.3355267e-08
57,157,1.0,1.9949722e-07
57,157,2.0,6.75658e-07
57,157,3.0,1.7566139e-06
57,157,4.0,1.1091059e-06
57,157,5.0,5.3177683e-07
57,157,6.0,1.1464684e-06
57,157,7.0,8.4595115e-07
57,157,8.0,1.845027e-07
57,157,9.0,8.4177765e-07
57,157,10.0,1.6854428e-07
57,157,11.0,1.2151367e-10
57,157,12.0,1.3567136e-07
57,157,13.0,3.1804677e-07
57,157,14.0,5.1090114e-09
58,135,0.0,1.4815666e-07
58,135,1.0,2.5163206e-07
58,135,2.0,8.650433e-07
58,135,3.0,8.855793e-07
58,135,4.0,4.2144706e-07
58,135,5.0,1.6128793e-07
58,135,6.0,2.815808e-07
58,135,7.0,5.895534e-07
58,135,8.0,1.8493452e-07
58,135,9.0,1.6577943e-07
58,135,10.0,5.365709e-07
58,135,11.0,2.1708219e-07
58,135,12.0,1.2557406e-07
58,135,13.0,1.3106829e-07
58,135,14.0,8.7456704e-07
58,136,0.0,2.9640233e-07
58,136,1.0,3.8487525e-07
58,136,2.0,8.18092e-07
58,136,3.0,3.2195433e-07
58,136,4.0,7.123329e-08
58,136,5.0,3.743324e-08
58,136,6.0,1.5725203e-07
58,136,7.0,5.2645595e-07
58,136,8.0,3.116201e-07
58,136,9.0,1.1339963e-07
58,136,10.0,1.04501865e-07
58,136,11.0,5.0208033e-08
58,136,12.0,6.601335e-08
58,136,13.0,4.2335105e-07
58,136,14.0,1.9571605e-07
58,137,0.0,6.896454e-08
58,137,1.0,7.5459343e-07
58,137,2.0,2.44125e-07
58,137,3.0,2.982333e-07
58,137,4.0,2.6723376e-07
58,137,5.0,3.8787087e-07
58,137,6.0,1.6265462e-07
58,137,7.0,7.320001e-07
58,137,8.0,3.2719747e-08
58,137,9.0,1.3942226e-07
58,137,10.0,2.9722756e-08
58,137,11.0,0.0
58,137,12.0,6.6067636e-09
58,137,13.0,5.0206502e-08
58,137,14.0,4.518151e-08
58,138,0.0,6.177276e-08
58,138,1.0,1.771559e-08
58,138,2.0,1.01677834e-07
58,138,3.0,2.2669701e-07
58,138,4.0,6.56489e-09
58,138,5.0,8.1568444e-08
58,138,6.0,2.6876415e-07
58,138,7.0,5.644225e-07
58,138,8.0,6.174649e-07
58,138,9.0,1.1028264e-07
58,138,10.0,3.0943323e-08
58,138,11.0,4.4648402e-07
58,138,12.0,1.4230566e-06
58,138,13.0,1.8472244e-06
58,138,14.0,5.5697643e-07
58,139,0.0,1.8898383e-07
58,139,1.0,3.774992e-08
58,139,2.0,9.491491e-07
58,139,3.0,2.2131687e-07
58,139,4.0,1.7652495e-09
58,139,5.0,0.0
58,139,6.0,0.0
58,139,7.0,0.0
58,139,8.0,0.0
58,139,9.0,0.0
58,139,10.0,0.0
58,139,11.0,0.0
58,139,12.0,4.67351e-10
58,139,13.0,1.8131385e-10
58,139,14.0,4.298955e-10
58,140,0.0,0.0
58,140,1.0,0.0
58,140,2.0,0.0
58,140,3.0,1.0342507e-07
58,140,4.0,1.17615e-07
58,140,5.0,1.5334965e-08
58,140,6.0,5.9232068e-08
58,140,7.0,1.8178808e-06
58,140,8.0,7.0103342e-06
58,140,9.0,1.1186832e-05
58,140,10.0,1.4635186e-05
58,140,11.0,3.512433e-05
58,140,12.0,2.9703619e-05
58,140,13.0,2.0226567e-05
58,140,14.0,2.1237967e-05
58,141,0.0,2.3749386e-07
58,141,1.0,0.0
58,141,2.0,5.264072e-06
58,141,3.0,8.844566e-06
58,141,4.0,7.808401e-06
58,141,5.0,1.023774e-05
58,141,6.0,1.133122e-05
58,141,7.0,2.3646178e-05
58,141,8.0,4.3919248e-05
58,141,9.0,4.011115e-05
58,141,10.0,8.2458006e-05
58,141,11.0,0.00023248207
58,141,12.0,0.00029415434
58,141,13.0,0.00028858392
58,141,14.0,0.00017185826
58,142,0.0,4.539396e-05
58,142,1.0,7.2481365e-05
58,142,2.0,8.489241e-05
58,142,3.0,0.00013016231
58,142,4.0,0.00013569144
58,142,5.0,0.00016857192
58,142,6.0,0.00024019627
58,142,7.0,0.00019821813
58,142,8.0,0.0002752863
58,142,9.0,0.00054978003
58,142,10.0,0.0007217189
58,142,11.0,0.0010239935
58,142,12.0,0.0013625959
58,142,13.0,0.0014413936
58,142,14.0,0.0016934545
58,143,0.0,0.00077363837
58,143,1.0,0.00075544196
58,143,2.0,0.0008742995
58,143,3.0,0.0010361905
58,143,4.0,0.0010878613
58,143,5.0,0.0013341263
58,143,6.0,0.00198023
58,143,7.0,0.001947331
58,143,8.0,0.0027711515
58,143,9.0,0.0035083385
58,143,10.0,0.0040010847
58,143,11.0,0.004146848
58,143,12.0,0.0053548794
58,143,13.0,0.0064705075
58,143,14.0,0.0066987285
58,144,0.0,0.0045906245
58,144,1.0,0.004378278
58,144,2.0,0.0055356496
58,144,3.0,0.005336289
58,144,4.0,0.007284786
58,144,5.0,0.010427788
58,144,6.0,0.010406292
58,144,7.0,0.011838565
58,144,8.0,0.013422033
58,144,9.0,0.014639464
58,144,10.0,0.01674169
58,144,11.0,0.021240655
58,144,12.0,0.02274361
58,144,13.0,0.024362452
58,144,14.0,0.02856458
58,145,0.0,0.015137604
58,145,1.0,0.015633384
58,145,2.0,0.019853907
58,145,3.0,0.025681205
58,145,4.0,0.027755067
58,145,5.0,0.030830825
58,145,6.0,0.036589112
58,145,7.0,0.043138873
58,145,8.0,0.045689337
58,145,9.0,0.047185887
58,145,10.0,0.053571973
58,145,11.0,0.05892154
58,145,12.0,0.060832594
58,145,13.0,0.06292682
58,145,14.0,0.06830937
58,146,0.0,0.056849103
58,146,1.0,0.0587599
58,146,2.0,0.06558188
58,146,3.0,0.070442684
58,146,4.0,0.07526349
58,146,5.0,0.080986954
58,146,6.0,0.08980543
58,146,7.0,0.098684356
58,146,8.0,0.10290323
58,146,9.0,0.10661701
58,146,10.0,0.10760919
58,146,11.0,0.112322696
58,146,12.0,0.11690694
58,146,13.0,0.12570083
58,146,14.0,0.13474166
58,147,0.0,0.093540035
58,147,1.0,0.0945791
58,147,2.0,0.1024949
58,147,3.0,0.109193236
58,147,4.0,0.11383704
58,147,5.0,0.12005696
58,147,6.0,0.12676859
58,147,7.0,0.13680503
58,147,8.0,0.14371341
58,147,9.0,0.14080833
58,147,10.0,0.13481347
58,147,11.0,0.13152787
58,147,12.0,0.13750958
58,147,13.0,0.14293222
58,147,14.0,0.15469949
58,148,0.0,0.1392209
58,148,1.0,0.13344052
58,148,2.0,0.13240114
58,148,3.0,0.13586514
58,148,4.0,0.14544842
58,148,5.0,0.15481398
58,148,6.0,0.15218054
58,148,7.0,0.14947893
58,148,8.0,0.15248467
58,148,9.0,0.1488921
58,148,10.0,0.13972096
58,148,11.0,0.13298756
58,148,12.0,0.12823898
58,148,13.0,0.13101217
58,148,14.0,0.13403334
58,149,0.0,0.13331932
58,149,1.0,0.12896204
58,149,2.0,0.12181114
58,149,3.0,0.119144484
58,149,4.0,0.122021265
58,149,5.0,0.12733518
58,149,6.0,0.1275571
58,149,7.0,0.11987824
58,149,8.0,0.114994794
58,149,9.0,0.11034631
58,149,10.0,0.10345365
58,149,11.0,0.09778542
58,149,12.0,0.093351535
58,149,13.0,0.093792476
58,149,14.0,0.08926962
58,150,0.0,0.09779198
58,150,1.0,0.09616797
58,150,2.0,0.095385864
58,150,3.0,0.10390008
58,150,4.0,0.0927855
58,150,5.0,0.085392386
58,150,6.0,0.0817185
58,150,7.0,0.07363682
58,150,8.0,0.06765192
58,150,9.0,0.06071228
58,150,10.0,0.055734795
58,150,11.0,0.04946281
58,150,12.0,0.045600418
58,150,13.0,0.043014955
58,150,14.0,0.040313307
58,151,0.0,0.04155443
58,151,1.0,0.04117231
58,151,2.0,0.03883546
58,151,3.0,0.037187293
58,151,4.0,0.03208826
58,151,5.0,0.028628588
58,151,6.0,0.026416479
58,151,7.0,0.02125756
58,151,8.0,0.019043889
58,151,9.0,0.017481716
58,151,10.0,0.014887538
58,151,11.0,0.013347706
58,151,12.0,0.011756314
58,151,13.0,0.010828693
58,151,14.0,0.00906941
58,152,0.0,0.011893224
58,152,1.0,0.013239369
58,152,2.0,0.013043928
58,152,3.0,0.012186488
58,152,4.0,0.01135196
58,152,5.0,0.009258747
58,152,6.0,0.007293854
58,152,7.0,0.005314319
58,152,8.0,0.004767643
58,152,9.0,0.004435482
58,152,10.0,0.003307284
58,152,11.0,0.002888163
58,152,12.0,0.0025542388
58,152,13.0,0.0024619056
58,152,14.0,0.0017400552
58,153,0.0,0.0022776218
58,153,1.0,0.002365206
58,153,2.0,0.0024563242
58,153,3.0,0.0019650238
58,153,4.0,0.0016542042
58,153,5.0,0.0012119022
58,153,6.0,0.0009198956
58,153,7.0,0.0006645334
58,153,8.0,0.00033919822
58,153,9.0,0.00030657483
58,153,10.0,0.00028577447
58,153,11.0,0.00018989101
58,153,12.0,0.00019410098
58,153,13.0,0.00014930087
58,153,14.0,7.541027e-05
58,154,0.0,0.0002838569
58,154,1.0,0.00033896047
58,154,2.0,0.00030351002
58,154,3.0,0.00027966505
58,154,4.0,0.00015819071
58,154,5.0,0.00016087428
58,154,6.0,4.365647e-05
58,154,7.0,8.564975e-06
58,154,8.0,1.979941e-06
58,154,9.0,4.521878e-06
58,154,10.0,5.099652e-06
58,154,11.0,2.0141554e-06
58,154,12.0,7.8425313e-07
58,154,13.0,6.4215754e-08
58,154,14.0,1.5231585e-11
58,155,0.0,2.9022968e-07
58,155,1.0,2.5057858e-09
58,155,2.0,5.341124e-07
58,155,3.0,7.956475e-07
58,155,4.0,6.790164e-08
58,155,5.0,6.57211e-08
58,155,6.0,4.5983202e-07
58,155,7.0,5.635304e-07
58,155,8.0,5.84288e-07
58,155,9.0,2.317986e-07
58,155,10.0,4.293499e-08
58,155,11.0,1.0956253e-08
58,155,12.0,4.0337625e-07
58,155,13.0,2.451488e-07
58,155,14.0,0.0
58,156,0.0,2.1909689e-06
58,156,1.0,0.0
58,156,2.0,3.2156063e-07
58,156,3.0,1.1705812e-06
58,156,4.0,4.5308344e-08
58,156,5.0,5.77104e-08
58,156,6.0,7.2171997e-09
58,156,7.0,0.0
58,156,8.0,0.0
58,156,9.0,3.294747e-10
58,156,10.0,6.6207435e-11
58,156,11.0,1.9592543e-09
58,156,12.0,1.7249079e-07
58,156,13.0,6.257281e-07
58,156,14.0,5.0843795e-07
58,157,0.0,8.229796e-07
58,157,1.0,1.369923e-07
58,157,2.0,2.1290444e-07
58,157,3.0,6.4077927e-12
58,157,4.0,9.849995e-08
58,157,5.0,1.2008711e-07
58,157,6.0,0.0
58,157,7.0,0.0
58,157,8.0,2.274935e-08
58,157,9.0,1.4568673e-07
58,157,10.0,1.4713028e-07
58,157,11.0,4.6708976e-08
58,157,12.0,3.6554965e-07
58,157,13.0,6.523479e-07
58,157,14.0,6.128959e-07
58,158,0.0,6.8621574e-08
58,158,1.0,0.0
58,158,2.0,8.020905e-07
58,158,3.0,7.31099e-07
58,158,4.0,1.5243492e-07
58,158,5.0,0.0
58,158,6.0,2.4259668e-07
58,158,7.0,1.4867879e-06
58,158,8.0,4.1082205e-07
58,158,9.0,3.6239442e-07
58,158,10.0,5.198935e-07
58,158,11.0,1.0737084e-06
58,158,12.0,1.0158446e-07
58,158,13.0,1.731106e-07
58,158,14.0,1.9534218e-07
58,159,0.0,8.029848e-07
58,159,1.0,1.48851e-07
58,159,2.0,7.5777575e-07
58,159,3.0,1.1800618e-06
58,159,4.0,7.724668e-07
58,159,5.0,3.5525295e-07
58,159,6.0,1.5536479e-07
58,159,7.0,8.851879e-08
58,159,8.0,4.176022e-08
58,159,9.0,1.1113385e-07
58,159,10.0,1.4448929e-07
58,159,11.0,3.593028e-08
58,159,12.0,1.0992065e-08
58,159,13.0,5.5201255e-08
58,159,14.0,6.2862125e-07
58,160,0.0,8.4683386e-08
58,160,1.0,6.70094e-07
58,160,2.0,2.184453e-07
58,160,3.0,4.040807e-07
58,160,4.0,1.3018325e-07
58,160,5.0,1.3284213e-07
58,160,6.0,2.6924815e-07
58,160,7.0,2.9612767e-07
58,160,8.0,2.4505962e-07
58,160,9.0,1.0566549e-07
58,160,10.0,5.367793e-08
58,160,11.0,2.2797622e-09
58,160,12.0,2.9491306e-07
58,160,13.0,6.2145773e-07
58,160,14.0,8.989409e-08
59,138,0.0,2.1991364e-10
59,138,1.0,9.0567504e-08
59,138,2.0,3.0017205e-07
59,138,3.0,4.7171463e-07
59,138,4.0,2.757273e-07
59,138,5.0,1.9878468e-07
59,138,6.0,7.867936e-07
59,138,7.0,4.282744e-07
59,138,8.0,2.1776205e-07
59,138,9.0,2.7491728e-07
59,138,10.0,4.1569584e-07
59,138,11.0,2.4102357e-07
59,138,12.0,4.2046818e-07
59,138,13.0,1.3029866e-07
59,138,14.0,1.0459079e-08
59,139,0.0,9.792537e-08
59,139,1.0,2.942475e-06
59,139,2.0,4.0383853e-08
59,139,3.0,2.440637e-08
59,139,4.0,1.3103252e-07
59,139,5.0,4.6289546e-08
59,139,6.0,1.5898056e-08
59,139,7.0,1.023135e-07
59,139,8.0,3.9715925e-08
59,139,9.0,2.300119e-08
59,139,10.0,3.57587e-07
59,139,11.0,1.1735376e-06
59,139,12.0,1.1304242e-06
59,139,13.0,3.2768963e-07
59,139,14.0,6.9050765e-07
59,140,0.0,5.8668945e-07
59,140,1.0,9.650842e-07
59,140,2.0,7.707091e-08
59,140,3.0,1.9669931e-08
59,140,4.0,0.0
59,140,5.0,0.0
59,140,6.0,0.0
59,140,7.0,1.7764415e-07
59,140,8.0,3.620537e-07
59,140,9.0,2.2598792e-07
59,140,10.0,1.5582225e-08
59,140,11.0,0.0
59,140,12.0,3.1374054e-08
59,140,13.0,5.140906e-10
59,140,14.0,5.952798e-07
59,141,0.0,2.085461e-09
59,141,1.0,2.5787174e-11
59,141,2.0,2.032713e-09
59,141,3.0,1.2451408e-08
59,141,4.0,0.0
59,141,5.0,0.0
59,141,6.0,0.0
59,141,7.0,2.1661086e-07
59,141,8.0,2.9241603e-08
59,141,9.0,9.156212e-10
59,141,10.0,0.0
59,141,11.0,0.0
59,141,12.0,9.264222e-08
59,141,13.0,1.9580146e-07
59,141,14.0,2.247165e-12
59,142,0.0,2.7093908e-10
59,142,1.0,4.709923e-08
59,142,2.0,1.01900655e-10
59,142,3.0,0.0
59,142,4.0,4.0078826e-10
59,142,5.0,6.861359e-08
59,142,6.0,5.6854e-07
59,142,7.0,5.971612e-08
59,142,8.0,0.0
59,142,9.0,0.0
59,142,10.0,4.522962e-11
59,142,11.0,0.0
59,142,12.0,1.5441357e-07
59,142,13.0,8.37097e-07
59,142,14.0,1.6739268e-05
59,143,0.0,2.6249415e-08
59,143,1.0,0.0
59,143,2.0,6.744441e-09
59,143,3.0,0.0
59,143,4.0,0.0
59,143,5.0,0.0
59,143,6.0,5.4596697e-08
59,143,7.0,1.1887407e-07
59,143,8.0,3.8214555e-08
59,143,9.0,0.0
59,143,10.0,8.878564e-08
59,143,11.0,3.4122825e-06
59,143,12.0,1.1048204e-05
59,143,13.0,3.1425458e-05
59,143,14.0,6.204997e-05
59,144,0.0,5.8113557e-07
59,144,1.0,3.595373e-08
59,144,2.0,4.159943e-07
59,144,3.0,1.2491708e-07
59,144,4.0,9.415445e-08
59,144,5.0,1.6217222e-05
59,144,6.0,2.2504215e-05
59,144,7.0,2.0017407e-05
59,144,8.0,2.9821484e-05
59,144,9.0,2.8180946e-05
59,144,10.0,2.3822937e-05
59,144,11.0,3.939476e-05
59,144,12.0,0.00017092422
59,144,13.0,0.00026212382
59,144,14.0,0.00019771811
59,145,0.0,5.1428393e-05
59,145,1.0,3.563633e-05
59,145,2.0,5.2741587e-05
59,145,3.0,4.383833e-05
59,145,4.0,0.00012550983
59,145,5.0,0.00014082988
59,145,6.0,0.00020414866
59,145,7.0,0.00023004728
59,145,8.0,0.0002732377
59,145,9.0,0.00027887616
59,145,10.0,0.00045905943
59,145,11.0,0.00065109046
59,145,12.0,0.00071581313
59,145,13.0,0.0009966018
59,145,14.0,0.0011474614
59,146,0.0,0.00032098865
59,146,1.0,0.00019926198
59,146,2.0,0.00042662
59,146,3.0,0.0007763288
59,146,4.0,0.00085775665
59,146,5.0,0.0011094497
59,146,6.0,0.0014995348
59,146,7.0,0.0021167335
59,146,8.0,0.002548246
59,146,9.0,0.002763268
59,146,10.0,0.0037308715
59,146,11.0,0.00446986
59,146,12.0,0.0044212653
59,146,13.0,0.005228701
59,146,14.0,0.005673414
59,147,0.0,0.0015378172
59,147,1.0,0.001985708
59,147,2.0,0.0030932068
59,147,3.0,0.0042197565
59,147,4.0,0.00495246
59,147,5.0,0.005858007
59,147,6.0,0.006843468
59,147,7.0,0.008769127
59,147,8.0,0.008772881
59,147,9.0,0.008640633
59,147,10.0,0.010176669
59,147,11.0,0.012214853
59,147,12.0,0.014047768
59,147,13.0,0.014892596
59,147,14.0,0.015450625
59,148,0.0,0.0061499765
59,148,1.0,0.005225865
59,148,2.0,0.008982223
59,148,3.0,0.011892073
59,148,4.0,0.016840931
59,148,5.0,0.019875996
59,148,6.0,0.021258606
59,148,7.0,0.02193878
59,148,8.0,0.023669172
59,148,9.0,0.02534339
59,148,10.0,0.026886296
59,148,11.0,0.027874155
59,148,12.0,0.029736552
59,148,13.0,0.031791605
59,148,14.0,0.03110322
59,149,0.0,0.015154149
59,149,1.0,0.018271806
59,149,2.0,0.024208827
59,149,3.0,0.033555564
59,149,4.0,0.039729536
59,149,5.0,0.044691402
59,149,6.0,0.04389026
59,149,7.0,0.042428456
59,149,8.0,0.04346585
59,149,9.0,0.044796444
59,149,10.0,0.045021705
59,149,11.0,0.046637494
59,149,12.0,0.052309345
59,149,13.0,0.054096274
59,149,14.0,0.05139051
59,150,0.0,0.024191963
59,150,1.0,0.028465535
59,150,2.0,0.03825612
59,150,3.0,0.050122105
59,150,4.0,0.058725707
59,150,5.0,0.06470553
59,150,6.0,0.06345221
59,150,7.0,0.059568428
59,150,8.0,0.057847198
59,150,9.0,0.057138424
59,150,10.0,0.06002293
59,150,11.0,0.061257094
59,150,12.0,0.059872463
59,150,13.0,0.05977631
59,150,14.0,0.056834184
59,151,0.0,0.031617057
59,151,1.0,0.03834248
59,151,2.0,0.051673125
59,151,3.0,0.06502341
59,151,4.0,0.07342882
59,151,5.0,0.07519733
59,151,6.0,0.06995122
59,151,7.0,0.058879875
59,151,8.0,0.053502694
59,151,9.0,0.050656404
59,151,10.0,0.04798752
59,151,11.0,0.045680687
59,151,12.0,0.04521056
59,151,13.0,0.044344883
59,151,14.0,0.039244052
59,152,0.0,0.023622544
59,152,1.0,0.028006626
59,152,2.0,0.036695953
59,152,3.0,0.04510824
59,152,4.0,0.049665358
59,152,5.0,0.043566853
59,152,6.0,0.041773457
59,152,7.0,0.035690825
59,152,8.0,0.028647259
59,152,9.0,0.0248182
59,152,10.0,0.023318317
59,152,11.0,0.02177573
59,152,12.0,0.021055937
59,152,13.0,0.019519638
59,152,14.0,0.016437335
59,153,0.0,0.011092476
59,153,1.0,0.01348511
59,153,2.0,0.017597783
59,153,3.0,0.023582168
59,153,4.0,0.025168043
59,153,5.0,0.022659786
59,153,6.0,0.018129095
59,153,7.0,0.01419552
59,153,8.0,0.009127395
59,153,9.0,0.0067683556
59,153,10.0,0.006294631
59,153,11.0,0.0056019775
59,153,12.0,0.005287733
59,153,13.0,0.004931386
59,153,14.0,0.0042327675
59,154,0.0,0.0032360135
59,154,1.0,0.004470574
59,154,2.0,0.0056145987
59,154,3.0,0.006464446
59,154,4.0,0.005571174
59,154,5.0,0.004249262
59,154,6.0,0.0031085238
59,154,7.0,0.0017329964
59,154,8.0,0.0014347158
59,154,9.0,0.0011370608
59,154,10.0,0.0009898534
59,154,11.0,0.0008841613
59,154,12.0,0.0008516343
59,154,13.0,0.0007677889
59,154,14.0,0.0004918404
59,155,0.0,0.0004590715
59,155,1.0,0.00050150306
59,155,2.0,0.00068032456
59,155,3.0,0.0010075564
59,155,4.0,0.0006639571
59,155,5.0,0.00063195213
59,155,6.0,0.00047879355
59,155,7.0,0.00018704392
59,155,8.0,0.000106076644
59,155,9.0,7.4389565e-05
59,155,10.0,6.833071e-05
59,155,11.0,4.486669e-05
59,155,12.0,6.647196e-05
59,155,13.0,6.7902925e-05
59,155,14.0,2.925853e-05
59,156,0.0,8.649925e-06
59,156,1.0,3.6576414e-05
59,156,2.0,4.1631414e-05
59,156,3.0,5.6720135e-05
59,156,4.0,4.9790728e-05
59,156,5.0,6.0518276e-05
59,156,6.0,3.708293e-05
59,156,7.0,2.98573e-06
59,156,8.0,8.5627767e-07
59,156,9.0,3.6593992e-06
59,156,10.0,8.325302e-06
59,156,11.0,1.0850865e-06
59,156,12.0,9.6040445e-08
59,156,13.0,1.2512865e-07
59,156,14.0,1.521744e-09
59,157,0.0,8.326628e-08
59,157,1.0,5.7053063e-07
59,157,2.0,7.467423e-07
59,157,3.0,9.216519e-08
59,157,4.0,4.7981693e-08
59,157,5.0,3.6814853e-11
59,157,6.0,1.2566383e-07
59,157,7.0,1.8437498e-07
59,157,8.0,2.123051e-08
59,157,9.0,1.8732647e-08
59,157,10.0,1.1248469e-07
59,157,11.0,2.456725e-07
59,157,12.0,2.73122e-07
59,157,13.0,1.223183e-07
59,157,14.0,1.5369559e-14
59,158,0.0,4.034998e-09
59,158,1.0,8.360613e-07
59,158,2.0,9.286737e-07
59,158,3.0,8.303322e-07
59,158,4.0,2.2406789e-07
59,158,5.0,5.257816e-07
59,158,6.0,1.4768463e-07
59,158,7.0,3.982136e-08
59,158,8.0,6.1449335e-09
59,158,9.0,7.792711e-09
59,158,10.0,4.7753492e-08
59,158,11.0,0.0
59,158,12.0,0.0
59,158,13.0,3.2716306e-07
59,158,14.0,2.649715e-08
59,159,0.0,1.1603099e-08
59,159,1.0,0.0
59,159,2.0,0.0
59,159,3.0,3.77719e-08
59,159,4.0,2.3409075e-07
59,159,5.0,6.7426434e-08
59,159,6.0,6.652901e-08
59,159,7.0,4.527337e-07
59,159,8.0,5.74662e-07
59,159,9.0,2.4332317e-07
59,159,10.0,1.9583323e-08
59,159,11.0,1.9437952e-07
59,159,12.0,1.5504064e-07
59,159,13.0,1.7796859e-07
59,159,14.0,5.1521266e-07
59,160,0.0,8.007333e-08
59,160,1.0,5.0724753e-07
59,160,2.0,1.7900639e-07
59,160,3.0,0.0
59,160,4.0,0.0
59,160,5.0,1.07564375e-07
59,160,6.0,2.4904108e-09
59,160,7.0,7.829316e-09
59,160,8.0,5.350685e-07
59,160,9.0,1.1491182e-06
59,160,10.0,9.684767e-07
59,160,11.0,4.6805357e-07
59,160,12.0,8.6572534e-08
59,160,13.0,4.3372046e-07
59,160,14.0,7.199933e-07
59,161,0.0,2.090941e-07
59,161,1.0,2.2310924e-09
59,161,2.0,4.167828e-07
59,161,3.0,9.3920406e-08
59,161,4.0,5.035078e-08
59,161,5.0,4.8954427e-11
59,161,6.0,6.0247163e-07
59,161,7.0,8.1867546e-07
59,161,8.0,2.9472406e-07
59,161,9.0,1.520352e-07
59,161,10.0,9.958312e-09
59,161,11.0,3.8214555e-08
59,161,12.0,7.252398e-07
59,161,13.0,1.1505766e-06
59,161,14.0,4.0861482e-07
59,162,0.0,1.3449326e-07
59,162,1.0,3.1880806e-08
59,162,2.0,1.8354422e-08
59,162,3.0,6.354e-11
59,162,4.0,0.0
59,162,5.0,0.0
59,162,6.0,3.572451e-07
59,162,7.0,3.1969265e-07
59,162,8.0,5.0123543e-07
59,162,9.0,5.037112e-07
59,162,10.0,3.0752443e-07
59,162,11.0,5.7932695e-08
59,162,12.0,2.1070284e-07
59,162,13.0,3.2747167e-07
59,162,14.0,2.0359117e-07
60,141,0.0,1.9010116e-07
60,141,1.0,5.996765e-06
60,141,2.0,3.423525e-08
60,141,3.0,1.5909488e-07
60,141,4.0,3.3872047e-07
60,141,5.0,1.2108451e-07
60,141,6.0,9.687222e-09
60,141,7.0,1.3402398e-06
60,141,8.0,1.2980331e-07
60,141,9.0,6.0678076e-07
60,141,10.0,1.097222e-07
60,141,11.0,3.362548e-07
60,141,12.0,1.0728028e-07
60,141,13.0,1.3370318e-08
60,141,14.0,1.8317472e-07
60,142,0.0,1.5455366e-07
60,142,1.0,8.4377874e-08
60,142,2.0,5.2757397e-08
60,142,3.0,0.0
60,142,4.0,5.3693547e-08
60,142,5.0,4.2835626e-07
60,142,6.0,2.2248626e-07
60,142,7.0,7.733922e-09
60,142,8.0,1.53261e-08
60,142,9.0,2.5037278e-07
60,142,10.0,5.218122e-07
60,142,11.0,1.0475908e-06
60,142,12.0,5.0209803e-07
60,142,13.0,8.464224e-07
60,142,14.0,1.6931615e-07
60,143,0.0,5.307753e-08
60,143,1.0,3.7748566e-06
60,143,2.0,4.2911816e-07
60,143,3.0,3.0268558e-07
60,143,4.0,1.00487014e-07
60,143,5.0,1.7183082e-08
60,143,6.0,1.2106074e-07
60,143,7.0,6.90613e-07
60,143,8.0,4.5708944e-07
60,143,9.0,5.6944646e-07
60,143,10.0,2.829871e-07
60,143,11.0,1.3093662e-08
60,143,12.0,4.6316853e-09
60,143,13.0,4.8660143e-12
60,143,14.0,3.7065387e-08
60,144,0.0,0.0
60,144,1.0,0.0
60,144,2.0,7.3713564e-09
60,144,3.0,5.581387e-07
60,144,4.0,3.2361973e-07
60,144,5.0,3.429686e-08
60,144,6.0,8.64453e-09
60,144,7.0,3.4568584e-11
60,144,8.0,0.0
60,144,9.0,0.0
60,144,10.0,0.0
60,144,11.0,4.4122058e-07
60,144,12.0,6.6808614e-10
60,144,13.0,0.0
60,144,14.0,1.3411983e-09
60,145,0.0,0.0
60,145,1.0,0.0
60,145,2.0,0.0
60,145,3.0,0.0
60,145,4.0,0.0
60,145,5.0,0.0
60,145,6.0,1.7006447e-09
60,145,7.0,2.2404559e-07
60,145,8.0,2.8804166e-07
60,145,9.0,5.718804e-09
60,145,10.0,0.0
60,145,11.0,1.5703488e-08
60,145,12.0,3.401212e-07
60,145,13.0,1.6041365e-06
60,145,14.0,7.782548e-08
60,146,0.0,0.0
60,146,1.0,0.0
60,146,2.0,0.0
60,146,3.0,0.0
60,146,4.0,5.1195766e-11
60,146,5.0,4.4490704e-07
60,146,6.0,5.3779177e-06
60,146,7.0,5.236738e-06
60,146,8.0,1.9773145e-06
60,146,9.0,8.044815e-06
60,146,10.0,2.4182511e-05
60,146,11.0,3.32925e-05
60,146,12.0,5.973283e-05
60,146,13.0,7.328369e-05
60,146,14.0,0.0001201686
60,147,0.0,3.0836392e-05
60,147,1.0,2.5653864e-05
60,147,2.0,1.7914646e-05
60,147,3.0,5.8143047e-05
60,147,4.0,8.885169e-05
60,147,5.0,0.00010790943
60,147,6.0,0.00014032166
60,147,7.0,0.00016091105
60,147,8.0,0.00016496515
60,147,9.0,0.00022190514
60,147,10.0,0.0002818862
60,147,11.0,0.00030667652
60,147,12.0,0.0003802959
60,147,13.0,0.00039955732
60,147,14.0,0.0004362761
60,148,0.0,0.00016467771
60,148,1.0,0.00017689468
60,148,2.0,0.0003219778
60,148,3.0,0.0003148685
60,148,4.0,0.000470029
60,148,5.0,0.0005147233
60,148,6.0,0.00067577616
60,148,7.0,0.0008087954
60,148,8.0,0.00079207914
60,148,9.0,0.0011069409
60,148,10.0,0.001486438
60,148,11.0,0.0016951568
60,148,12.0,0.0020798673
60,148,13.0,0.0026683945
60,148,14.0,0.0036078396
60,149,0.0,0.0008711064
60,149,1.0,0.00087286794
60,149,2.0,0.0013144462
60,149,3.0,0.0020723569
60,149,4.0,0.002536456
60,149,5.0,0.0029403274
60,149,6.0,0.003463447
60,149,7.0,0.003944179
60,149,8.0,0.0049359356
60,149,9.0,0.004612951
60,149,10.0,0.0050651296
60,149,11.0,0.0065992502
60,149,12.0,0.00757401
60,149,13.0,0.009038081
60,149,14.0,0.008505063
60,150,0.0,0.0035214648
60,150,1.0,0.004461936
60,150,2.0,0.00518138
60,150,3.0,0.0057138097
60,150,4.0,0.009939727
60,150,5.0,0.012130668
60,150,6.0,0.012216136
60,150,7.0,0.012137054
60,150,8.0,0.013062471
60,150,9.0,0.015354393
60,150,10.0,0.017017765
60,150,11.0,0.017920088
60,150,12.0,0.01976404
60,150,13.0,0.021568114
60,150,14.0,0.022729577
60,151,0.0,0.0072114887
60,151,1.0,0.010853783
60,151,2.0,0.016187388
60,151,3.0,0.019447409
60,151,4.0,0.024400787
60,151,5.0,0.02746707
60,151,6.0,0.030867232
60,151,7.0,0.030377423
60,151,8.0,0.027115306
60,151,9.0,0.026601389
60,151,10.0,0.029723113
60,151,11.0,0.031711265
60,151,12.0,0.035053603
60,151,13.0,0.03856846
60,151,14.0,0.03631222
60,152,0.0,0.014718114
60,152,1.0,0.02173282
60,152,2.0,0.028821524
60,152,3.0,0.035817645
60,152,4.0,0.048756473
60,152,5.0,0.052668393
60,152,6.0,0.050606128
60,152,7.0,0.044797394
60,152,8.0,0.040110163
60,152,9.0,0.039315756
60,152,10.0,0.040808566
60,152,11.0,0.041393444
60,152,12.0,0.04306266
60,152,13.0,0.04155724
60,152,14.0,0.03991326
60,153,0.0,0.016478242
60,153,1.0,0.024138173
60,153,2.0,0.03552665
60,153,3.0,0.04825057
60,153,4.0,0.053073693
60,153,5.0,0.053525142
60,153,6.0,0.050574314
60,153,7.0,0.039319456
60,153,8.0,0.03557531
60,153,9.0,0.0321138
60,153,10.0,0.030570978
60,153,11.0,0.034036256
60,153,12.0,0.031674556
60,153,13.0,0.031053403
60,153,14.0,0.026150094
60,154,0.0,0.012501944
60,154,1.0,0.020340625
60,154,2.0,0.030345773
60,154,3.0,0.037257276
60,154,4.0,0.041241463
60,154,5.0,0.041157845
60,154,6.0,0.034579135
60,154,7.0,0.02279846
60,154,8.0,0.017698932
60,154,9.0,0.015191394
60,154,10.0,0.015824351
60,154,11.0,0.016239239
60,154,12.0,0.014748471
60,154,13.0,0.013127881
60,154,14.0,0.010448017
60,155,0.0,0.00618523
60,155,1.0,0.009021834
60,155,2.0,0.012963442
60,155,3.0,0.015725628
60,155,4.0,0.015814157
60,155,5.0,0.015848823
60,155,6.0,0.010568577
60,155,7.0,0.0065981555
60,155,8.0,0.0057595195
60,155,9.0,0.0049012047
60,155,10.0,0.004805319
60,155,11.0,0.004579988
60,155,12.0,0.005182956
60,155,13.0,0.005466126
60,155,14.0,0.003695136
60,156,0.0,0.0012860867
60,156,1.0,0.002680746
60,156,2.0,0.004157612
60,156,3.0,0.005443426
60,156,4.0,0.0049189464
60,156,5.0,0.0042056073
60,156,6.0,0.0034360206
60,156,7.0,0.0022580398
60,156,8.0,0.0016817504
60,156,9.0,0.0017125197
60,156,10.0,0.0018430228
60,156,11.0,0.0016656067
60,156,12.0,0.0015751491
60,156,13.0,0.0012769817
60,156,14.0,0.0010232922
60,157,0.0,0.00026939827
60,157,1.0,0.00071300834
60,157,2.0,0.0011728065
60,157,3.0,0.0013394568
60,157,4.0,0.0011474015
60,157,5.0,0.0010496931
60,157,6.0,0.0011211018
60,157,7.0,0.0007548824
60,157,8.0,0.0005007329
60,157,9.0,0.00048543556
60,157,10.0,0.00049293274
60,157,11.0,0.0004572509
60,157,12.0,0.0003714403
60,157,13.0,0.0002435735
60,157,14.0,0.00022123521
60,158,0.0,0.00010197801
60,158,1.0,0.00012374068
60,158,2.0,0.00028180837
60,158,3.0,0.00031436677
60,158,4.0,0.0002538735
60,158,5.0,0.00020074444
60,158,6.0,0.00016638455
60,158,7.0,0.0001136218
60,158,8.0,7.114663e-05
60,158,9.0,7.421834e-05
60,158,10.0,0.0001090023
60,158,11.0,0.00015059317
60,158,12.0,0.00015475079
60,158,13.0,0.00012641508
60,158,14.0,7.61191e-05
60,159,0.0,3.677167e-05
60,159,1.0,4.311956e-05
60,159,2.0,9.984899e-05
60,159,3.0,0.0001072667
60,159,4.0,8.430204e-05
60,159,5.0,8.360745e-05
60,159,6.0,5.290368e-05
60,159,7.0,4.6759218e-05
60,159,8.0,2.1847354e-05
60,159,9.0,6.6356365e-06
60,159,10.0,3.1214774e-06
60,159,11.0,8.054796e-06
60,159,12.0,1.6081889e-05
60,159,13.0,1.3066972e-05
60,159,14.0,1.134261e-05
60,160,0.0,2.757354e-07
60,160,1.0,9.4770755e-08
60,160,2.0,3.596391e-08
60,160,3.0,0.0
60,160,4.0,4.7957872e-08
60,160,5.0,3.3792357e-08
60,160,6.0,2.068195e-08
60,160,7.0,1.5063083e-08
60,160,8.0,1.1593781e-08
60,160,9.0,2.371949e-08
60,160,10.0,5.58274e-08
60,160,11.0,4.3738336e-07
60,160,12.0,5.4560843e-07
60,160,13.0,1.18342484e-07
60,160,14.0,4.6111943e-08
60,161,0.0,1.4785012e-07
60,161,1.0,1.25127e-06
60,161,2.0,3.741724e-07
60,161,3.0,2.662824e-07
60,161,4.0,5.0833535e-08
60,161,5.0,4.819652e-07
60,161,6.0,2.3918943e-07
60,161,7.0,8.835749e-07
60,161,8.0,5.0201754e-07
60,161,9.0,1.4113013e-08
60,161,10.0,2.8987606e-07
60,161,11.0,7.062004e-07
60,161,12.0,2.3030442e-07
60,161,13.0,6.236773e-07
60,161,14.0,3.4290588e-07
60,162,0.0,3.041837e-08
60,162,1.0,6.050083e-07
60,162,2.0,1.1188169e-09
60,162,3.0,6.811514e-09
60,162,4.0,1.0207111e-10
60,162,5.0,1.5548545e-07
60,162,6.0,2.7768397e-07
60,162,7.0,1.660721e-07
60,162,8.0,1.1809365e-07
60,162,9.0,1.5161885e-07
60,162,10.0,3.159183e-07
60,162,11.0,1.0011838e-06
60,162,12.0,1.3496225e-07
60,162,13.0,2.2815338e-07
60,162,14.0,2.8832577e-07
60,163,0.0,2.9674652e-07
60,163,1.0,1.5553749e-08
60,163,2.0,3.4022756e-07
60,163,3.0,2.2781613e-07
60,163,4.0,4.7982047e-07
60,163,5.0,2.2023573e-06
60,163,6.0,7.503921e-07
60,163,7.0,3.5346748e-06
60,163,8.0,5.774352e-07
60,163,9.0,2.6716785e-07
60,163,10.0,4.6798976e-07
60,163,11.0,4.905911e-07
60,163,12.0,5.2472835e-08
60,163,13.0,5.4736482e-08
60,163,14.0,8.5772456e-08
60,164,0.0,3.839309e-07
60,164,1.0,4.632383e-07
60,164,2.0,6.392985e-07
60,164,3.0,1.3580195e-06
60,164,4.0,5.5207175e-07
60,164,5.0,1.2793556e-07
60,164,6.0,1.890078e-08
60,164,7.0,6.9713836e-13
60,164,8.0,8.0964035e-09
60,164,9.0,5.2351805e-08
60,164,10.0,5.4561482e-08
60,164,11.0,1.2295335e-07
60,164,12.0,2.5122895e-07
60,164,13.0,1.9170506e-07
60,164,14.0,1.14452945e-07
61,144,0.0,6.8195476e-08
61,144,1.0,2.112966e-08
61,144,2.0,2.9694976e-07
61,144,3.0,3.6900718e-07
61,144,4.0,3.4246634e-07
61,144,5.0,5.9837623e-07
61,144,6.0,3.0639762e-07
61,144,7.0,1.3997922e-07
61,144,8.0,1.9105876e-08
61,144,9.0,6.0674154e-08
61,144,10.0,4.0105897e-07
61,144,11.0,2.5731754e-07
61,144,12.0,6.5907807e-07
61,144,13.0,4.2809683e-07
61,144,14.0,3.5037864e-08
61,145,0.0,8.0839534e-08
61,145,1.0,0.0
61,145,2.0,5.4376752e-08
61,145,3.0,2.1027364e-07
61,145,4.0,0.0
61,145,5.0,0.0
61,145,6.0,8.532362e-08
61,145,7.0,7.759819e-07
61,145,8.0,8.210001e-07
61,145,9.0,7.104089e-07
61,145,10.0,1.6626238e-07
61,145,11.0,1.7085831e-07
61,145,12.0,2.963768e-07
61,145,13.0,6.33415e-08
61,145,14.0,4.837283e-08
61,146,0.0,2.3173332e-08
61,146,1.0,7.831378e-09
61,146,2.0,1.224346e-07
61,146,3.0,4.2737895e-08
61,146,4.0,2.566992e-07
61,146,5.0,6.68849e-07
61,146,6.0,1.2335074e-06
61,146,7.0,6.587103e-07
61,146,8.0,3.582068e-07
61,146,9.0,2.3750229e-07
61,146,10.0,0.0
61,146,11.0,0.0
61,146,12.0,5.708683e-08
61,146,13.0,6.5305875e-07
61,146,14.0,3.514098e-07
61,147,0.0,3.5221401e-09
61,147,1.0,8.563334e-07
61,147,2.0,5.9058425e-07
61,147,3.0,1.3035192e-09
61,147,4.0,5.0155535e-07
61,147,5.0,6.65559e-07
61,147,6.0,4.2013077e-08
61,147,7.0,1.1026346e-07
61,147,8.0,1.7133209e-07
61,147,9.0,1.3625669e-07
61,147,10.0,5.9518513e-08
61,147,11.0,8.230197e-07
61,147,12.0,1.3422344e-06
61,147,13.0,4.397123e-07
61,147,14.0,1.8191493e-07
61,148,0.0,1.1871235e-07
61,148,1.0,0.0
61,148,2.0,5.3234223e-11
61,148,3.0,4.6495e-07
61,148,4.0,2.0125515e-07
61,148,5.0,0.0
61,148,6.0,0.0
61,148,7.0,0.0
61,148,8.0,0.0
61,148,9.0,1.8666658e-10
61,148,10.0,0.0
61,148,11.0,0.0
61,148,12.0,1.69678e-08
61,148,13.0,3.414457e-07
61,148,14.0,5.205165e-09
61,149,0.0,5.4360605e-08
61,149,1.0,0.0
61,149,2.0,8.540697e-06
61,149,3.0,4.397469e-06
61,149,4.0,2.4274668e-08
61,149,5.0,0.0
61,149,6.0,1.5720906e-09
61,149,7.0,3.1267135e-08
61,149,8.0,9.754076e-09
61,149,9.0,5.641156e-09
61,149,10.0,5.7918392e-08
61,149,11.0,3.5848466e-06
61,149,12.0,3.4535064e-05
61,149,13.0,6.0572685e-05
61,149,14.0,4.628066e-05
61,150,0.0,9.1661866e-07
61,150,1.0,1.2110166e-06
61,150,2.0,1.8796028e-07
61,150,3.0,6.38766e-06
61,150,4.0,2.8752802e-05
61,150,5.0,5.2353877e-05
61,150,6.0,7.3551695e-05
61,150,7.0,8.040017e-05
61,150,8.0,0.00010434693
61,150,9.0,0.00015903515
61,150,10.0,0.0002611789
61,150,11.0,0.00042903255
61,150,12.0,0.0005606297
61,150,13.0,0.00077198155
61,150,14.0,0.00064593914
61,151,0.0,5.9948867e-05
61,151,1.0,4.0331084e-05
61,151,2.0,0.00012306297
61,151,3.0,0.0001649186
61,151,4.0,0.00049850217
61,151,5.0,0.0006501611
61,151,6.0,0.0007746014
61,151,7.0,0.0008120364
61,151,8.0,0.00087130663
61,151,9.0,0.0010701395
61,151,10.0,0.0015372656
61,151,11.0,0.0020011712
61,151,12.0,0.0022063742
61,151,13.0,0.002464299
61,151,14.0,0.0025404189
61,152,0.0,0.00020159157
61,152,1.0,0.0006201833
61,152,2.0,0.0011993101
61,152,3.0,0.0021316886
61,152,4.0,0.0032159854
61,152,5.0,0.0034069105
61,152,6.0,0.0037697444
61,152,7.0,0.003948971
61,152,8.0,0.0043898807
61,152,9.0,0.0050940393
61,152,10.0,0.005805017
61,152,11.0,0.006923498
61,152,12.0,0.0088216895
61,152,13.0,0.009357405
61,152,14.0,0.00835279
61,153,0.0,0.0013985243
61,153,1.0,0.0032383497
61,153,2.0,0.005160717
61,153,3.0,0.009186257
61,153,4.0,0.010329797
61,153,5.0,0.011527784
61,153,6.0,0.012110246
61,153,7.0,0.012109739
61,153,8.0,0.0123405885
61,153,9.0,0.012804662
61,153,10.0,0.01376646
61,153,11.0,0.015177036
61,153,12.0,0.016387125
61,153,13.0,0.016583176
61,153,14.0,0.014219416
61,154,0.0,0.0025835405
61,154,1.0,0.0061634337
61,154,2.0,0.0104223415
61,154,3.0,0.01569829
61,154,4.0,0.021018201
61,154,5.0,0.023968924
61,154,6.0,0.022689518
61,154,7.0,0.019289734
61,154,8.0,0.016576258
61,154,9.0,0.015725033
61,154,10.0,0.017706038
61,154,11.0,0.01900217
61,154,12.0,0.02080582
61,154,13.0,0.020753214
61,154,14.0,0.016996313
61,155,0.0,0.0041402285
61,155,1.0,0.0073410026
61,155,2.0,0.013438386
61,155,3.0,0.022490043
61,155,4.0,0.026554665
61,155,5.0,0.02802907
61,155,6.0,0.026969714
61,155,7.0,0.019865299
61,155,8.0,0.015369892
61,155,9.0,0.014519635
61,155,10.0,0.016299484
61,155,11.0,0.017079491
61,155,12.0,0.01746384
61,155,13.0,0.016501525
61,155,14.0,0.011231401
61,156,0.0,0.003014791
61,156,1.0,0.006565983
61,156,2.0,0.01067343
61,156,3.0,0.01550567
61,156,4.0,0.018748693
61,156,5.0,0.020849418
61,156,6.0,0.018679878
61,156,7.0,0.015223026
61,156,8.0,0.009490327
61,156,9.0,0.008461021
61,156,10.0,0.008380436
61,156,11.0,0.009380322
61,156,12.0,0.009582378
61,156,13.0,0.0090032015
61,156,14.0,0.006818433
61,157,0.0,0.001420032
61,157,1.0,0.0028360481
61,157,2.0,0.005166359
61,157,3.0,0.007981146
61,157,4.0,0.010820511
61,157,5.0,0.010969116
61,157,6.0,0.010174238
61,157,7.0,0.0072071366
61,157,8.0,0.0057224794
61,157,9.0,0.0049305125
61,157,10.0,0.004256234
61,157,11.0,0.0044603436
61,157,12.0,0.0050216066
61,157,13.0,0.004977486
61,157,14.0,0.003187376
61,158,0.0,0.0005798244
61,158,1.0,0.0013085983
61,158,2.0,0.002707476
61,158,3.0,0.0044439454
61,158,4.0,0.0049735713
61,158,5.0,0.005036747
61,158,6.0,0.004364467
61,158,7.0,0.0036806471
61,158,8.0,0.002469797
61,158,9.0,0.0019718723
61,158,10.0,0.0016921716
61,158,11.0,0.001850082
61,158,12.0,0.00194753
61,158,13.0,0.0015953255
61,158,14.0,0.0011376422
61,159,0.0,0.00013991173
61,159,1.0,0.00041413715
61,159,2.0,0.00084224984
61,159,3.0,0.0013526664
61,159,4.0,0.0014404302
61,159,5.0,0.0013822092
61,159,6.0,0.0011849898
61,159,7.0,0.0011288739
61,159,8.0,0.0006709697
61,159,9.0,0.00052442413
61,159,10.0,0.00049785525
61,159,11.0,0.00046870194
61,159,12.0,0.00044379573
61,159,13.0,0.00039135912
61,159,14.0,0.00029376947
61,160,0.0,2.2443728e-05
61,160,1.0,8.736747e-05
61,160,2.0,0.00014594241
61,160,3.0,0.00024846612
61,160,4.0,0.0003309894
61,160,5.0,0.00033948774
61,160,6.0,0.00032668092
61,160,7.0,0.00019776833
61,160,8.0,9.4225055e-05
61,160,9.0,7.524588e-05
61,160,10.0,0.00010716666
61,160,11.0,0.000121059675
61,160,12.0,0.00011192851
61,160,13.0,8.633762e-05
61,160,14.0,7.070204e-05
61,161,0.0,9.673109e-10
61,161,1.0,3.31111e-06
61,161,2.0,6.1571325e-07
61,161,3.0,3.083969e-07
61,161,4.0,3.1250136e-07
61,161,5.0,2.6557284e-06
61,161,6.0,5.299745e-07
61,161,7.0,6.323633e-08
61,161,8.0,1.2734847e-07
61,161,9.0,1.7303176e-07
61,161,10.0,9.5972084e-08
61,161,11.0,2.2138424e-07
61,161,12.0,1.1000832e-06
61,161,13.0,1.6658829e-06
61,161,14.0,3.2074383e-09
61,162,0.0,2.3244992e-07
61,162,1.0,7.6793685e-07
61,162,2.0,2.8428468e-10
61,162,3.0,2.2309912e-09
61,162,4.0,5.715994e-07
61,162,5.0,7.994694e-07
61,162,6.0,1.9439523e-07
61,162,7.0,1.1567675e-07
61,162,8.0,1.8702053e-07
61,162,9.0,1.5323947e-09
61,162,10.0,4.5608458e-11
61,162,11.0,0.0
61,162,12.0,2.4104043e-09
61,162,13.0,2.0293565e-07
61,162,14.0,1.2052078e-07
61,163,0.0,5.9654354e-08
61,163,1.0,5.3023093e-08
61,163,2.0,6.635043e-07
61,163,3.0,3.2018454e-07
61,163,4.0,4.8848463e-08
61,163,5.0,9.706082e-08
61,163,6.0,3.3908654e-07
61,163,7.0,6.881103e-08
61,163,8.0,9.424592e-09
61,163,9.0,3.2605079e-09
61,163,10.0,9.132097e-10
61,163,11.0,3.825402e-12
61,163,12.0,5.019167e-09
61,163,13.0,3.2122915e-11
61,163,14.0,4.9321375e-07
61,164,0.0,5.120131e-07
61,164,1.0,0.0
61,164,2.0,1.8587386e-08
61,164,3.0,2.4211374e-08
61,164,4.0,6.679635e-08
61,164,5.0,2.8260756e-08
61,164,6.0,1.8355911e-07
61,164,7.0,4.4770368e-07
61,164,8.0,2.1403788e-07
61,164,9.0,1.4813264e-07
61,164,10.0,4.773952e-07
61,164,11.0,6.463021e-07
61,164,12.0,3.2090733e-07
61,164,13.0,6.022e-08
61,164,14.0,1.7049978e-06
61,165,0.0,3.4388916e-07
61,165,1.0,2.1115017e-07
61,165,2.0,4.107956e-08
61,165,3.0,1.1665541e-06
61,165,4.0,4.1587006e-07
61,165,5.0,4.872241e-08
61,165,6.0,7.527338e-08
61,165,7.0,9.235023e-08
61,165,8.0,2.3734758e-07
61,165,9.0,1.0822497e-07
61,165,10.0,6.3987184e-11
61,165,11.0,4.489048e-07
61,165,12.0,6.550456e-07
61,165,13.0,2.4619027e-08
61,165,14.0,0.0
61,166,0.0,2.0453928e-07
61,166,1.0,9.048541e-07
61,166,2.0,1.3923618e-07
61,166,3.0,5.289375e-07
61,166,4.0,9.944751e-08
61,166,5.0,2.9721939e-08
61,166,6.0,1.0338663e-09
61,166,7.0,2.669372e-07
61,166,8.0,5.8405936e-07
61,166,9.0,4.4348377e-07
61,166,10.0,8.88373e-08
61,166,11.0,9.0058893e-07
61,166,12.0,4.734631e-09
61,166,13.0,0.0
61,166,14.0,2.855783e-07
62,146,0.0,7.4491504e-07
62,146,1.0,3.7944535e-08
62,146,2.0,4.4425686e-08
62,146,3.0,5.1440102e-11
62,146,4.0,2.9036762e-08
62,146,5.0,5.6012848e-08
62,146,6.0,9.437211e-08
62,146,7.0,1.7756398e-07
62,146,8.0,1.2535367e-07
62,146,9.0,1.2793556e-07
62,146,10.0,1.9508919e-07
62,146,11.0,5.050726e-08
62,146,12.0,1.15044735e-07
62,146,13.0,6.4995925e-07
62,146,14.0,9.898089e-07
62,147,0.0,1.04118925e-07
62,147,1.0,0.0
62,147,2.0,1.7251388e-07
62,147,3.0,4.6649114e-07
62,147,4.0,1.05025016e-07
62,147,5.0,0.0
62,147,6.0,1.8474068e-08
62,147,7.0,3.0175357e-07
62,147,8.0,1.317662e-07
62,147,9.0,0.0
62,147,10.0,2.4078217e-08
62,147,11.0,1.0598485e-06
62,147,12.0,4.9027744e-07
62,147,13.0,4.6030372e-08
62,147,14.0,3.7000055e-07
62,148,0.0,1.87117e-07
62,148,1.0,1.3006606e-06
62,148,2.0,7.651614e-07
62,148,3.0,0.0
62,148,4.0,3.9857312e-08
62,148,5.0,7.8236445e-07
62,148,6.0,4.738209e-07
62,148,7.0,3.1524843e-07
62,148,8.0,1.764483e-07
62,148,9.0,2.9090236e-08
62,148,10.0,1.8718552e-07
62,148,11.0,4.154808e-07
62,148,12.0,2.5758933e-07
62,148,13.0,1.2413109e-07
62,148,14.0,1.4040816e-07
62,149,0.0,5.5894787e-08
62,149,1.0,0.0
62,149,2.0,5.9838583e-09
62,149,3.0,2.4868893e-07
62,149,4.0,1.0875774e-08
62,149,5.0,4.5210868e-08
62,149,6.0,0.0
62,149,7.0,0.0
62,149,8.0,0.0
62,149,9.0,0.0
62,149,10.0,1.2351411e-07
62,149,11.0,5.1379635e-07
62,149,12.0,1.2677434e-07
62,149,13.0,8.890895e-09
62,149,14.0,0.0
62,150,0.0,0.0
62,150,1.0,5.03824e-09
62,150,2.0,6.464754e-09
62,150,3.0,1.2611074e-06
62,150,4.0,2.6931386e-06
62,150,5.0,1.0554155e-06
62,150,6.0,2.9793314e-09
62,150,7.0,0.0
62,150,8.0,1.4808638e-09
62,150,9.0,5.896354e-09
62,150,10.0,0.0
62,150,11.0,1.116113e-07
62,150,12.0,4.441397e-07
62,150,13.0,3.0335893e-06
62,150,14.0,8.822357e-06
62,151,0.0,5.4200467e-07
62,151,1.0,0.0
62,151,2.0,0.0
62,151,3.0,3.2040017e-08
62,151,4.0,3.1299692e-11
62,151,5.0,9.473912e-07
62,151,6.0,6.668489e-06
62,151,7.0,3.5493936e-06
62,151,8.0,1.1597629e-06
62,151,9.0,2.3108123e-07
62,151,10.0,0.0
62,151,11.0,1.0937831e-05
62,151,12.0,9.3584466e-05
62,151,13.0,0.00032067116
62,151,14.0,0.00010717875
62,152,0.0,8.9592675e-08
62,152,1.0,4.662104e-07
62,152,2.0,1.1070748e-06
62,152,3.0,1.3077302e-05
62,152,4.0,6.037795e-05
62,152,5.0,0.00015283475
62,152,6.0,0.00016361926
62,152,7.0,0.0001427655
62,152,8.0,0.00015408541
62,152,9.0,0.00026182624
62,152,10.0,0.0004826816
62,152,11.0,0.00064935366
62,152,12.0,0.00072872883
62,152,13.0,0.0008048014
62,152,14.0,0.00080631516
62,153,0.0,7.9389414e-05
62,153,1.0,0.00015103807
62,153,2.0,0.0004082131
62,153,3.0,0.0006567786
62,153,4.0,0.0010090607
62,153,5.0,0.0010653263
62,153,6.0,0.0013066273
62,153,7.0,0.0015558157
62,153,8.0,0.0015729166
62,153,9.0,0.0016922617
62,153,10.0,0.0016799291
62,153,11.0,0.0025428478
62,153,12.0,0.0027101173
62,153,13.0,0.0026472732
62,153,14.0,0.002613907
62,154,0.0,0.00047623875
62,154,1.0,0.0009288395
62,154,2.0,0.0018793928
62,154,3.0,0.0032570034
62,154,4.0,0.0045581334
62,154,5.0,0.00546388
62,154,6.0,0.0055263233
62,154,7.0,0.0050219777
62,154,8.0,0.004330749
62,154,9.0,0.0044204546
62,154,10.0,0.0050013317
62,154,11.0,0.0054489216
62,154,12.0,0.0060076555
62,154,13.0,0.0059207953
62,154,14.0,0.005049021
62,155,0.0,0.0012375279
62,155,1.0,0.002383842
62,155,2.0,0.0048692906
62,155,3.0,0.007746643
62,155,4.0,0.009483283
62,155,5.0,0.010432713
62,155,6.0,0.010144682
62,155,7.0,0.009690228
62,155,8.0,0.007526668
62,155,9.0,0.006945811
62,155,10.0,0.00731724
62,155,11.0,0.0078031374
62,155,12.0,0.008672882
62,155,13.0,0.008156146
62,155,14.0,0.008046891
62,156,0.0,0.0015792509
62,156,1.0,0.0035041396
62,156,2.0,0.007389082
62,156,3.0,0.010527715
62,156,4.0,0.014309055
62,156,5.0,0.01540919
62,156,6.0,0.014042624
62,156,7.0,0.011835679
62,156,8.0,0.010070921
62,156,9.0,0.009424547
62,156,10.0,0.009194255
62,156,11.0,0.009410576
62,156,12.0,0.010452646
62,156,13.0,0.010220813
62,156,14.0,0.008056588
62,157,0.0,0.001696222
62,157,1.0,0.002823782
62,157,2.0,0.006919802
62,157,3.0,0.010506985
62,157,4.0,0.012440038
62,157,5.0,0.015584473
62,157,6.0,0.01377678
62,157,7.0,0.010019437
62,157,8.0,0.009004868
62,157,9.0,0.008134626
62,157,10.0,0.0078620305
62,157,11.0,0.008564642
62,157,12.0,0.008558849
62,157,13.0,0.007106514
62,157,14.0,0.0064656897
62,158,0.0,0.0011519919
62,158,1.0,0.0025868884
62,158,2.0,0.0052913353
62,158,3.0,0.008269865
62,158,4.0,0.010473482
62,158,5.0,0.011000787
62,158,6.0,0.010154795
62,158,7.0,0.00801544
62,158,8.0,0.0068468386
62,158,9.0,0.006439321
62,158,10.0,0.0061656055
62,158,11.0,0.006151053
62,158,12.0,0.00601451
62,158,13.0,0.0059114704
62,158,14.0,0.0040511442
62,159,0.0,0.0004558537
62,159,1.0,0.0013636117
62,159,2.0,0.002748779
62,159,3.0,0.004625615
62,159,4.0,0.005877701
62,159,5.0,0.0067312163
62,159,6.0,0.0062208404
62,159,7.0,0.004770197
62,159,8.0,0.0038645524
62,159,9.0,0.003685704
62,159,10.0,0.0035498557
62,159,11.0,0.0033832204
62,159,12.0,0.0034854468
62,159,13.0,0.0032972633
62,159,14.0,0.0023434046
62,160,0.0,0.00012125709
62,160,1.0,0.00063606875
62,160,2.0,0.001312232
62,160,3.0,0.0026188898
62,160,4.0,0.0030399824
62,160,5.0,0.0024405196
62,160,6.0,0.0025594214
62,160,7.0,0.0022023486
62,160,8.0,0.0017474351
62,160,9.0,0.0015889317
62,160,10.0,0.0015619762
62,160,11.0,0.001384045
62,160,12.0,0.001181794
62,160,13.0,0.0009155724
62,160,14.0,0.00084820425
62,161,0.0,4.9733077e-05
62,161,1.0,0.00013040776
62,161,2.0,0.0005428664
62,161,3.0,0.0008360528
62,161,4.0,0.00087162264
62,161,5.0,0.00095631735
62,161,6.0,0.00074097165
62,161,7.0,0.00047140356
62,161,8.0,0.0004808012
62,161,9.0,0.00032159075
62,161,10.0,0.00028287646
62,161,11.0,0.0002923772
62,161,12.0,0.00026310023
62,161,13.0,0.00029525752
62,161,14.0,0.00023216872
62,162,0.0,5.192974e-05
62,162,1.0,3.3967473e-05
62,162,2.0,5.183061e-05
62,162,3.0,0.00014919751
62,162,4.0,0.00019507135
62,162,5.0,0.00020516866
62,162,6.0,0.00010830634
62,162,7.0,7.5928845e-05
62,162,8.0,6.072977e-05
62,162,9.0,5.60815e-05
62,162,10.0,5.624574e-05
62,162,11.0,5.4148593e-05
62,162,12.0,5.122455e-05
62,162,13.0,1.22717065e-05
62,162,14.0,2.5253593e-07
62,163,0.0,3.0555306e-08
62,163,1.0,1.7759795e-07
62,163,2.0,1.4687363e-07
62,163,3.0,7.2422677e-07
62,163,4.0,1.2571104e-06
62,163,5.0,1.9507747e-06
62,163,6.0,1.3991502e-07
62,163,7.0,0.0
62,163,8.0,7.484932e-10
62,163,9.0,0.0
62,163,10.0,4.8361603e-08
62,163,11.0,1.5953674e-08
62,163,12.0,2.9546138e-08
62,163,13.0,7.8146235e-07
62,163,14.0,6.3563355e-08
62,164,0.0,4.7139076e-07
62,164,1.0,4.726971e-08
62,164,2.0,7.157717e-07
62,164,3.0,1.0704363e-06
62,164,4.0,2.1309765e-07
62,164,5.0,1.5157246e-07
62,164,6.0,1.5740184e-07
62,164,7.0,1.6853669e-07
62,164,8.0,1.8486116e-07
62,164,9.0,2.3516229e-07
62,164,10.0,3.4061466e-07
62,164,11.0,2.3914888e-09
62,164,12.0,3.262642e-07
62,164,13.0,7.568944e-07
62,164,14.0,3.1113302e-07
62,165,0.0,3.3797606e-10
62,165,1.0,9.60686e-07
62,165,2.0,1.9762224e-07
62,165,3.0,1.0624137e-06
62,165,4.0,1.1060263e-07
62,165,5.0,7.926954e-08
62,165,6.0,3.1196738e-08
62,165,7.0,8.35932e-08
62,165,8.0,2.0146034e-07
62,165,9.0,3.8386762e-07
62,165,10.0,1.2810675e-07
62,165,11.0,4.6287275e-07
62,165,12.0,2.2810107e-07
62,165,13.0,6.780559e-08
62,165,14.0,2.4257213e-07
62,166,0.0,3.8585864e-07
62,166,1.0,1.4076603e-07
62,166,2.0,1.7673742e-07
62,166,3.0,3.7215084e-08
62,166,4.0,4.054646e-08
62,166,5.0,9.464798e-08
62,166,6.0,3.384156e-07
62,166,7.0,1.6913795e-07
62,166,8.0,1.4485464e-07
62,166,9.0,4.2677965e-07
62,166,10.0,4.7474668e-07
62,166,11.0,2.3630523e-07
62,166,12.0,1.2595916e-07
62,166,13.0,1.1851459e-07
62,166,14.0,5.879751e-07
62,167,0.0,2.6460981e-08
62,167,1.0,1.1829201e-06
62,167,2.0,3.5625153e-08
62,167,3.0,9.3167534e-07
62,167,4.0,1.9473276e-07
62,167,5.0,3.33632e-08
62,167,6.0,6.3170995e-07
62,167,7.0,6.1251586e-07
62,167,8.0,2.3954283e-07
62,167,9.0,2.8505053e-07
62,167,10.0,3.9758973e-07
62,167,11.0,2.0940823e-07
62,167,12.0,1.220643e-11
62,167,13.0,0.0
62,167,14.0,2.0530729e-07
62,168,0.0,4.6207563e-07
62,168,1.0,8.928969e-08
62,168,2.0,1.7505261e-08
62,168,3.0,1.3015405e-07
62,168,4.0,1.10197625e-07
62,168,5.0,1.95588e-08
62,168,6.0,1.0493275e-07
62,168,7.0,2.9086742e-08
62,168,8.0,3.1013017e-10
62,168,9.0,2.0681148e-11
62,168,10.0,1.7991425e-08
62,168,11.0,8.277136e-08
62,168,12.0,2.2964568e-07
62,168,13.0,1.5678038e-06
62,168,14.0,6.7893865e-07
63,149,0.0,3.3642603e-08
63,149,1.0,0.0
63,149,2.0,2.9748077e-07
63,149,3.0,3.5578928e-06
63,149,4.0,4.6338945e-07
63,149,5.0,4.3156118e-07
63,149,6.0,3.1237553e-07
63,149,7.0,1.2169295e-08
63,149,8.0,1.5896703e-06
63,149,9.0,2.9143334e-06
63,149,10.0,3.820123e-07
63,149,11.0,5.8045225e-07
63,149,12.0,4.819018e-07
63,149,13.0,2.3358115e-07
63,149,14.0,1.2279948e-08
63,150,0.0,3.9603782e-07
63,150,1.0,1.7348628e-07
63,150,2.0,7.757851e-08
63,150,3.0,2.2924115e-07
63,150,4.0,3.7793892e-08
63,150,5.0,7.3537706e-08
63,150,6.0,3.5354365e-08
63,150,7.0,0.0
63,150,8.0,2.5479162e-07
63,150,9.0,6.205788e-07
63,150,10.0,4.734417e-07
63,150,11.0,1.16658846e-07
63,150,12.0,1.3894474e-07
63,150,13.0,5.602544e-09
63,150,14.0,0.0
63,151,0.0,6.0678076e-07
63,151,1.0,0.0
63,151,2.0,8.2770123e-07
63,151,3.0,1.4185412e-06
63,151,4.0,1.0568422e-08
63,151,5.0,9.54398e-09
63,151,6.0,4.3875126e-09
63,151,7.0,0.0
63,151,8.0,3.121504e-07
63,151,9.0,1.1009645e-06
63,151,10.0,6.855396e-08
63,151,11.0,2.7025026e-11
63,151,12.0,6.994875e-08
63,151,13.0,7.428152e-08
63,151,14.0,4.762595e-08
63,152,0.0,8.435675e-09
63,152,1.0,2.7069978e-08
63,152,2.0,1.063572e-07
63,152,3.0,3.399459e-08
63,152,4.0,1.117442e-06
63,152,5.0,1.8840858e-06
63,152,6.0,4.5063462e-07
63,152,7.0,3.8381096e-08
63,152,8.0,4.7243173e-08
63,152,9.0,6.220407e-08
63,152,10.0,6.989549e-08
63,152,11.0,4.613371e-08
63,152,12.0,1.737439e-07
63,152,13.0,8.031814e-08
63,152,14.0,2.1550811e-07
63,153,0.0,9.371271e-07
63,153,1.0,1.8819999e-07
63,153,2.0,1.7741066e-07
63,153,3.0,5.7411844e-06
63,153,4.0,1.9689075e-07
63,153,5.0,1.01600826e-07
63,153,6.0,5.4896404e-08
63,153,7.0,7.219855e-08
63,153,8.0,6.612471e-08
63,153,9.0,1.7805674e-07
63,153,10.0,4.1328144e-07
63,153,11.0,1.494399e-06
63,153,12.0,2.046066e-06
63,153,13.0,3.6456402e-06
63,153,14.0,1.2082779e-06
63,154,0.0,1.02256985e-08
63,154,1.0,1.7163228e-06
63,154,2.0,9.561447e-06
63,154,3.0,1.5566282e-05
63,154,4.0,3.2041997e-05
63,154,5.0,4.403753e-05
63,154,6.0,2.94279e-05
63,154,7.0,1.9108584e-05
63,154,8.0,1.6971342e-05
63,154,9.0,1.27295525e-05
63,154,10.0,1.1530822e-05
63,154,11.0,2.0519507e-05
63,154,12.0,3.1978292e-05
63,154,13.0,3.8768536e-05
63,154,14.0,3.4295663e-05
63,155,0.0,5.153816e-07
63,155,1.0,7.923638e-06
63,155,2.0,2.0524149e-05
63,155,3.0,3.3580654e-05
63,155,4.0,5.0396895e-05
63,155,5.0,0.00013251952
63,155,6.0,0.00016937134
63,155,7.0,0.00013189603
63,155,8.0,0.000104764425
63,155,9.0,0.000101927326
63,155,10.0,0.0001441943
63,155,11.0,0.00015385386
63,155,12.0,0.00018055417
63,155,13.0,0.0001966319
63,155,14.0,0.00019809727
63,156,0.0,9.296636e-06
63,156,1.0,2.6113046e-05
63,156,2.0,6.234348e-05
63,156,3.0,0.00017074784
63,156,4.0,0.00031055947
63,156,5.0,0.0005014079
63,156,6.0,0.00050410285
63,156,7.0,0.00042209527
63,156,8.0,0.000357052
63,156,9.0,0.000339177
63,156,10.0,0.00036506332
63,156,11.0,0.00043218263
63,156,12.0,0.00042345864
63,156,13.0,0.00041118133
63,156,14.0,0.0003734917
63,157,0.0,8.645851e-06
63,157,1.0,6.209782e-05
63,157,2.0,0.00014773959
63,157,3.0,0.00029885108
63,157,4.0,0.0004448372
63,157,5.0,0.0005256922
63,157,6.0,0.00059852086
63,157,7.0,0.0005372035
63,157,8.0,0.0004967883
63,157,9.0,0.0005048
63,157,10.0,0.0006233471
63,157,11.0,0.0008098537
63,157,12.0,0.00089887134
63,157,13.0,0.0008308666
63,157,14.0,0.00065687014
63,158,0.0,2.8706663e-05
63,158,1.0,7.703638e-05
63,158,2.0,0.000210967
63,158,3.0,0.0004949799
63,158,4.0,0.0009307465
63,158,5.0,0.0013604286
63,158,6.0,0.0013032277
63,158,7.0,0.001046237
63,158,8.0,0.00092993566
63,158,9.0,0.0009647669
63,158,10.0,0.0010402617
63,158,11.0,0.0012425395
63,158,12.0,0.0014008151
63,158,13.0,0.0012722204
63,158,14.0,0.000978474
63,159,0.0,4.4260418e-05
63,159,1.0,8.742322e-05
63,159,2.0,0.00031336208
63,159,3.0,0.0007653723
63,159,4.0,0.0011487934
63,159,5.0,0.0014663425
63,159,6.0,0.0013295476
63,159,7.0,0.0012687449
63,159,8.0,0.0013420064
63,159,9.0,0.0013608875
63,159,10.0,0.001330444
63,159,11.0,0.0012714737
63,159,12.0,0.0013624529
63,159,13.0,0.0013792105
63,159,14.0,0.0011097922
63,160,0.0,1.464132e-05
63,160,1.0,0.000100917816
63,160,2.0,0.00041267497
63,160,3.0,0.00089888537
63,160,4.0,0.0013294758
63,160,5.0,0.0016276452
63,160,6.0,0.0018463428
63,160,7.0,0.001652404
63,160,8.0,0.0013452957
63,160,9.0,0.0012002182
63,160,10.0,0.0011588203
63,160,11.0,0.0014256861
63,160,12.0,0.0015802517
63,160,13.0,0.0014691975
63,160,14.0,0.0012067683
63,161,0.0,2.3460669e-05
63,161,1.0,4.9058748e-05
63,161,2.0,0.00027272908
63,161,3.0,0.00077345484
63,161,4.0,0.0011251086
63,161,5.0,0.0014187421
63,161,6.0,0.0015325773
63,161,7.0,0.0013072478
63,161,8.0,0.00096648996
63,161,9.0,0.00080367527
63,161,10.0,0.0008001411
63,161,11.0,0.00089907035
63,161,12.0,0.0010067214
63,161,13.0,0.0009950099
63,161,14.0,0.0007622823
63,162,0.0,3.311687e-05
63,162,1.0,4.9938426e-05
63,162,2.0,0.00011606968
63,162,3.0,0.0005089972
63,162,4.0,0.00069735805
63,162,5.0,0.0007892102
63,162,6.0,0.0007750543
63,162,7.0,0.00058613817
63,162,8.0,0.00042816074
63,162,9.0,0.00040465497
63,162,10.0,0.00042234332
63,162,11.0,0.0004247344
63,162,12.0,0.0005402042
63,162,13.0,0.0005642762
63,162,14.0,0.00037907608
63,163,0.0,5.8844773e-07
63,163,1.0,2.4612978e-06
63,163,2.0,1.0186347e-05
63,163,3.0,0.00012931172
63,163,4.0,0.00021509982
63,163,5.0,0.00022554542
63,163,6.0,0.00016942376
63,163,7.0,0.00012746413
63,163,8.0,0.00010964489
63,163,9.0,0.00010833591
63,163,10.0,0.0001353429
63,163,11.0,0.00013193981
63,163,12.0,0.00011738453
63,163,13.0,0.00011436362
63,163,14.0,0.0001165658
63,164,0.0,0.0
63,164,1.0,6.134339e-08
63,164,2.0,3.6524182e-07
63,164,3.0,3.402995e-06
63,164,4.0,3.046163e-05
63,164,5.0,3.486489e-05
63,164,6.0,3.4099045e-05
63,164,7.0,1.5837242e-05
63,164,8.0,6.943264e-06
63,164,9.0,9.345445e-06
63,164,10.0,1.2475521e-05
63,164,11.0,1.0950068e-05
63,164,12.0,1.19427095e-05
63,164,13.0,1.4080168e-05
63,164,14.0,1.9642799e-05
63,165,0.0,1.3648777e-09
63,165,1.0,3.7730564e-07
63,165,2.0,1.1171453e-06
63,165,3.0,1.3039283e-06
63,165,4.0,1.0496743e-07
63,165,5.0,1.2375201e-06
63,165,6.0,5.3963055e-07
63,165,7.0,3.2872508e-06
63,165,8.0,6.4983976e-07
63,165,9.0,8.9570335e-08
63,165,10.0,1.1294253e-07
63,165,11.0,8.897882e-07
63,165,12.0,1.6844976e-06
63,165,13.0,5.9667724e-07
63,165,14.0,4.4472344e-07
63,166,0.0,8.09901e-08
63,166,1.0,4.149571e-07
63,166,2.0,1.0965662e-08
63,166,3.0,0.0
63,166,4.0,1.9081617e-07
63,166,5.0,8.164204e-08
63,166,6.0,5.066961e-07
63,166,7.0,6.61692e-08
63,166,8.0,0.0
63,166,9.0,5.4651366e-08
63,166,10.0,6.9113986e-07
63,166,11.0,6.22952e-07
63,166,12.0,6.4131626e-07
63,166,13.0,1.1685576e-06
63,166,14.0,4.288514e-08
63,167,0.0,1.7876386e-07
63,167,1.0,3.2269845e-06
63,167,2.0,2.4718528e-07
63,167,3.0,5.7295868e-08
63,167,4.0,1.53616e-07
63,167,5.0,1.0671667e-07
63,167,6.0,1.0942595e-06
63,167,7.0,3.4401236e-07
63,167,8.0,2.3966248e-07
63,167,9.0,1.8903991e-06
63,167,10.0,9.37972e-08
63,167,11.0,1.0131195e-07
63,167,12.0,4.5131053e-08
63,167,13.0,4.620502e-11
63,167,14.0,4.329766e-07
63,168,0.0,2.814609e-07
63,168,1.0,2.2514148e-06
63,168,2.0,1.4396558e-07
63,168,3.0,0.0
63,168,4.0,1.8333749e-07
63,168,5.0,1.15405236e-07
63,168,6.0,5.6590756e-07
63,168,7.0,3.7135305e-07
63,168,8.0,1.4835799e-08
63,168,9.0,6.582985e-08
63,168,10.0,4.792703e-07
63,168,11.0,1.6878557e-08
63,168,12.0,3.867092e-08
63,168,13.0,8.3534063e-10
63,168,14.0,6.070538e-08
63,169,0.0,1.7764991e-06
63,169,1.0,0.0
63,169,2.0,4.1360146e-08
63,169,3.0,0.0
63,169,4.0,5.2296843e-07
63,169,5.0,7.6352313e-07
63,169,6.0,7.871376e-07
63,169,7.0,2.5112413e-06
63,169,8.0,5.710928e-07
63,169,9.0,7.597265e-07
63,169,10.0,2.8373213e-07
63,169,11.0,1.4262205e-06
63,169,12.0,1.1913674e-07
63,169,13.0,4.0155945e-09
63,169,14.0,1.7702348e-08
63,170,0.0,5.6763145e-09
63,170,1.0,5.58335e-07
63,170,2.0,1.4118979e-07
63,170,3.0,5.132658e-09
63,170,4.0,1.0687697e-07
63,170,5.0,4.041514e-08
63,170,6.0,2.7463835e-07
63,170,7.0,3.4113125e-07
63,170,8.0,1.7225744e-07
63,170,9.0,8.828373e-11
63,170,10.0,1.8990903e-07
63,170,11.0,2.188583e-07
63,170,12.0,2.990127e-07
63,170,13.0,9.1700616e-07
63,170,14.0,7.116881e-08
64,151,0.0,1.619847e-07
64,151,1.0,6.267344e-07
64,151,2.0,7.4265773e-07
64,151,3.0,2.2174635e-11
64,151,4.0,2.4371906e-07
64,151,5.0,1.15245946e-07
64,151,6.0,1.737671e-07
64,151,7.0,7.5350937e-07
64,151,8.0,1.6650714e-07
64,151,9.0,1.9252865e-07
64,151,10.0,1.1117649e-08
64,151,11.0,2.2781305e-07
64,151,12.0,4.3482066e-07
64,151,13.0,1.3903829e-08
64,151,14.0,5.197674e-07
64,152,0.0,3.5867862e-07
64,152,1.0,1.4801632e-06
64,152,2.0,3.3937587e-07
64,152,3.0,6.729e-08
64,152,4.0,4.6232205e-09
64,152,5.0,6.6648935e-09
64,152,6.0,2.8264748e-07
64,152,7.0,5.208594e-08
64,152,8.0,8.7483556e-08
64,152,9.0,1.5708622e-07
64,152,10.0,1.4028254e-07
64,152,11.0,5.6526027e-08
64,152,12.0,2.6391008e-08
64,152,13.0,1.7941693e-08
64,152,14.0,3.7197557e-07
64,153,0.0,1.669373e-06
64,153,1.0,1.32082505e-08
64,153,2.0,0.0
64,153,3.0,3.1289662e-07
64,153,4.0,1.8914722e-07
64,153,5.0,2.8732862e-07
64,153,6.0,2.5756492e-07
64,153,7.0,6.4641037e-10
64,153,8.0,4.2701385e-09
64,153,9.0,7.602703e-08
64,153,10.0,5.987237e-07
64,153,11.0,1.7014032e-07
64,153,12.0,1.9037273e-07
64,153,13.0,3.9563724e-07
64,153,14.0,7.409252e-07
64,154,0.0,3.1310444e-07
64,154,1.0,2.9133915e-07
64,154,2.0,1.8988992e-07
64,154,3.0,7.5480995e-07
64,154,4.0,1.20088455e-08
64,154,5.0,3.4053754e-10
64,154,6.0,3.2302603e-09
64,154,7.0,2.788898e-08
64,154,8.0,1.5248307e-07
64,154,9.0,1.9802513e-07
64,154,10.0,7.633117e-08
64,154,11.0,0.0
64,154,12.0,8.658467e-09
64,154,13.0,0.0
64,154,14.0,0.0
64,155,0.0,5.422981e-07
64,155,1.0,3.1569786e-07
64,155,2.0,3.904568e-07
64,155,3.0,3.9808728e-07
64,155,4.0,1.6615053e-07
64,155,5.0,2.216891e-07
64,155,6.0,9.172229e-12
64,155,7.0,2.9878713e-08
64,155,8.0,1.9081891e-07
64,155,9.0,5.559457e-07
64,155,10.0,9.672698e-07
64,155,11.0,1.9148166e-07
64,155,12.0,7.401118e-07
64,155,13.0,3.5125072e-06
64,155,14.0,2.3522189e-06
64,156,0.0,2.4586194e-07
64,156,1.0,3.1040085e-07
64,156,2.0,7.060993e-08
64,156,3.0,0.0
64,156,4.0,1.0594431e-07
64,156,5.0,1.5465002e-07
64,156,6.0,6.92434e-08
64,156,7.0,1.7266762e-09
64,156,8.0,4.344407e-09
64,156,9.0,1.9151369e-07
64,156,10.0,2.8694396e-07
64,156,11.0,8.602522e-07
64,156,12.0,7.3428015e-07
64,156,13.0,7.7847073e-07
64,156,14.0,1.673231e-06
64,157,0.0,1.2123948e-07
64,157,1.0,0.0
64,157,2.0,7.607323e-08
64,157,3.0,8.45151e-06
64,157,4.0,1.5468868e-05
64,157,5.0,1.2539857e-05
64,157,6.0,1.022276e-05
64,157,7.0,1.0410526e-05
64,157,8.0,7.5052367e-06
64,157,9.0,3.5186415e-06
64,157,10.0,7.077984e-07
64,157,11.0,2.2288552e-05
64,157,12.0,3.636307e-05
64,157,13.0,5.3127467e-05
64,157,14.0,5.672121e-05
64,158,0.0,3.8848222e-07
64,158,1.0,2.3873076e-07
64,158,2.0,2.6112625e-07
64,158,3.0,7.574552e-06
64,158,4.0,2.3774963e-05
64,158,5.0,3.4362834e-05
64,158,6.0,3.663841e-05
64,158,7.0,3.5486668e-05
64,158,8.0,3.856512e-05
64,158,9.0,4.9283375e-05
64,158,10.0,5.3059473e-05
64,158,11.0,5.4997803e-05
64,158,12.0,4.180144e-05
64,158,13.0,5.153133e-05
64,158,14.0,8.061445e-05
64,159,0.0,3.1341193e-07
64,159,1.0,2.9784514e-06
64,159,2.0,2.2183967e-05
64,159,3.0,5.6700348e-05
64,159,4.0,4.6463374e-05
64,159,5.0,6.6487955e-05
64,159,6.0,9.84253e-05
64,159,7.0,0.00012948185
64,159,8.0,0.00011506264
64,159,9.0,0.00026561957
64,159,10.0,0.00019918958
64,159,11.0,0.00025066987
64,159,12.0,0.00028388048
64,159,13.0,0.00027071446
64,159,14.0,0.00019447481
64,160,0.0,2.83523e-07
64,160,1.0,7.8818863e-07
64,160,2.0,2.0031037e-05
64,160,3.0,9.530863e-05
64,160,4.0,0.00019477107
64,160,5.0,0.00020255342
64,160,6.0,0.00019703853
64,160,7.0,0.00017123981
64,160,8.0,0.00019130917
64,160,9.0,0.00022801469
64,160,10.0,0.00025263568
64,160,11.0,0.00026788597
64,160,12.0,0.0003205734
64,160,13.0,0.00041363153
64,160,14.0,0.0004356942
64,161,0.0,1.0341335e-05
64,161,1.0,9.870897e-06
64,161,2.0,6.433259e-05
64,161,3.0,0.0002884798
64,161,4.0,0.00030798794
64,161,5.0,0.00029462008
64,161,6.0,0.00053857075
64,161,7.0,0.00043195035
64,161,8.0,0.0004939973
64,161,9.0,0.0004994081
64,161,10.0,0.00050369435
64,161,11.0,0.0004423724
64,161,12.0,0.0005080363
64,161,13.0,0.0006209093
64,161,14.0,0.00041635847
64,162,0.0,1.981571e-06
64,162,1.0,1.8973587e-05
64,162,2.0,0.00013842613
64,162,3.0,0.00027036003
64,162,4.0,0.00033680192
64,162,5.0,0.0004979167
64,162,6.0,0.00057560526
64,162,7.0,0.0004763892
64,162,8.0,0.00052302756
64,162,9.0,0.0006138647
64,162,10.0,0.00055895525
64,162,11.0,0.0005944358
64,162,12.0,0.00055024464
64,162,13.0,0.00053048617
64,162,14.0,0.00045086024
64,163,0.0,8.227132e-06
64,163,1.0,7.42981e-06
64,163,2.0,3.7856076e-05
64,163,3.0,0.00012467854
64,163,4.0,0.00021090341
64,163,5.0,0.00031743498
64,163,6.0,0.0004953798
64,163,7.0,0.0003983368
64,163,8.0,0.00042026525
64,163,9.0,0.0004346303
64,163,10.0,0.00053611526
64,163,11.0,0.00047020052
64,163,12.0,0.00036854786
64,163,13.0,0.0003942005
64,163,14.0,0.00021938994
64,164,0.0,0.0
64,164,1.0,0.0
64,164,2.0,1.8368557e-07
64,164,3.0,1.0861149e-05
64,164,4.0,4.725901e-05
64,164,5.0,0.00013196107
64,164,6.0,0.00018219692
64,164,7.0,0.00025967782
64,164,8.0,0.00025479056
64,164,9.0,0.0002799952
64,164,10.0,0.00027334178
64,164,11.0,0.00023596146
64,164,12.0,0.0001508871
64,164,13.0,0.00013076175
64,164,14.0,0.00013370537
64,165,0.0,0.0
64,165,1.0,2.6067735e-08
64,165,2.0,5.2364804e-08
64,165,3.0,7.426776e-07
64,165,4.0,3.327656e-07
64,165,5.0,3.862989e-05
64,165,6.0,5.5960823e-05
64,165,7.0,5.6933517e-05
64,165,8.0,9.159567e-05
64,165,9.0,0.00012002628
64,165,10.0,0.00011326271
64,165,11.0,7.53007e-05
64,165,12.0,4.8959388e-05
64,165,13.0,3.7921694e-05
64,165,14.0,3.7426456e-05
64,166,0.0,9.0085433e-07
64,166,1.0,0.0
64,166,2.0,1.1054626e-07
64,166,3.0,3.1354938e-07
64,166,4.0,5.8205757e-08
64,166,5.0,2.5331735e-08
64,166,6.0,6.249093e-08
64,166,7.0,2.481459e-07
64,166,8.0,4.833654e-08
64,166,9.0,4.243051e-07
64,166,10.0,1.9773063e-07
64,166,11.0,9.069526e-08
64,166,12.0,2.8512156e-08
64,166,13.0,3.104534e-10
64,166,14.0,7.7782187e-07
64,167,0.0,4.6037258e-08
64,167,1.0,0.0
64,167,2.0,4.427338e-07
64,167,3.0,0.0
64,167,4.0,8.517814e-08
64,167,5.0,2.2501183e-07
64,167,6.0,2.55514e-07
64,167,7.0,3.29038e-08
64,167,8.0,2.4326224e-07
64,167,9.0,2.3663492e-08
64,167,10.0,7.8411215e-09
64,167,11.0,7.237684e-07
64,167,12.0,4.8704015e-07
64,167,13.0,8.9548854e-07
64,167,14.0,5.1853357e-07
64,168,0.0,3.4764906e-07
64,168,1.0,3.9099195e-08
64,168,2.0,1.5839895e-07
64,168,3.0,1.0484048e-09
64,168,4.0,8.663865e-08
64,168,5.0,3.148816e-07
64,168,6.0,1.6272953e-07
64,168,7.0,1.2173516e-07
64,168,8.0,1.8181049e-07
64,168,9.0,3.1194173e-07
64,168,10.0,1.934531e-07
64,168,11.0,7.6053645e-08
64,168,12.0,7.638835e-09
64,168,13.0,5.095219e-11
64,168,14.0,6.3310736e-08
64,169,0.0,1.6449187e-07
64,169,1.0,3.2383474e-07
64,169,2.0,9.907911e-08
64,169,3.0,3.656527e-08
64,169,4.0,6.985652e-08
64,169,5.0,9.8279116e-08
64,169,6.0,4.8222176e-08
64,169,7.0,1.5345823e-07
64,169,8.0,6.0439014e-08
64,169,9.0,3.6480788e-08
64,169,10.0,2.0497241e-08
64,169,11.0,9.1424056e-08
64,169,12.0,1.6733833e-07
64,169,13.0,1.0420518e-07
64,169,14.0,2.3633461e-07
64,170,0.0,1.893371e-08
64,170,1.0,8.8276164e-07
64,170,2.0,1.3339128e-07
64,170,3.0,9.91431e-07
64,170,4.0,5.925999e-07
64,170,5.0,1.2273732e-07
64,170,6.0,9.607049e-09
64,170,7.0,3.558284e-08
64,170,8.0,2.8208086e-07
64,170,9.0,8.6759934e-07
64,170,10.0,9.864078e-07
64,170,11.0,2.9630689e-08
64,170,12.0,2.2505351e-07
64,170,13.0,1.1843421e-07
64,170,14.0,5.1939617e-07
64,171,0.0,5.300809e-07
64,171,1.0,3.4685132e-07
64,171,2.0,2.515457e-07
64,171,3.0,2.4059656e-07
64,171,4.0,7.11116e-08
64,171,5.0,4.287515e-11
64,171,6.0,2.2205873e-07
64,171,7.0,5.2344336e-07
64,171,8.0,1.9411071e-07
64,171,9.0,2.2647749e-08
64,171,10.0,6.1767494e-08
64,171,11.0,0.0
64,171,12.0,1.1972526e-07
64,171,13.0,2.568458e-09
64,171,14.0,6.160227e-08
64,172,0.0,7.82731e-11
64,172,1.0,6.4182836e-07
64,172,2.0,1.5884756e-07
64,172,3.0,0.0
64,172,4.0,3.667738e-08
64,172,5.0,3.6425057e-08
64,172,6.0,1.5971065e-07
64,172,7.0,5.852694e-07
64,172,8.0,5.7564034e-07
64,172,9.0,6.340662e-08
64,172,10.0,6.5750335e-08
64,172,11.0,9.4915094e-08
64,172,12.0,3.2865945e-08
64,172,13.0,1.507904e-08
64,172,14.0,7.6037075e-08
65,154,0.0,5.2256134e-08
65,154,1.0,2.7651055e-08
65,154,2.0,9.891747e-11
65,154,3.0,2.609278e-08
65,154,4.0,5.869963e-08
65,154,5.0,9.860395e-13
65,154,6.0,1.00262085e-07
65,154,7.0,4.378011e-08
65,154,8.0,1.2152461e-07
65,154,9.0,1.6488895e-06
65,154,10.0,1.2350315e-06
65,154,11.0,1.7730594e-08
65,154,12.0,4.1891963e-07
65,154,13.0,8.657488e-09
65,154,14.0,2.32542e-09
65,155,0.0,3.7351077e-07
65,155,1.0,1.5551103e-07
65,155,2.0,5.601715e-09
65,155,3.0,1.2682194e-07
65,155,4.0,8.374695e-07
65,155,5.0,1.9095648e-08
65,155,6.0,1.00249466e-07
65,155,7.0,1.5397632e-07
65,155,8.0,1.5931121e-08
65,155,9.0,2.6635096e-09
65,155,10.0,9.77899e-08
65,155,11.0,9.4905585e-07
65,155,12.0,2.034988e-07
65,155,13.0,6.338456e-07
65,155,14.0,4.867749e-07
65,156,0.0,7.386736e-07
65,156,1.0,0.0
65,156,2.0,1.8014399e-07
65,156,3.0,6.61255e-07
65,156,4.0,1.6534398e-07
65,156,5.0,4.6194696e-08
65,156,6.0,1.5146673e-08
65,156,7.0,5.2149574e-08
65,156,8.0,9.7519326e-08
65,156,9.0,4.3118313e-09
65,156,10.0,1.0021533e-08
65,156,11.0,5.5988075e-10
65,156,12.0,0.0
65,156,13.0,2.204901e-09
65,156,14.0,1.861162e-07
65,157,0.0,1.2003004e-06
65,157,1.0,1.1523214e-06
65,157,2.0,3.5166923e-07
65,157,3.0,1.439405e-07
65,157,4.0,3.9875793e-08
65,157,5.0,1.6487986e-08
65,157,6.0,9.6465335e-08
65,157,7.0,2.9156521e-07
65,157,8.0,7.4325646e-07
65,157,9.0,2.0545579e-06
65,157,10.0,1.7756398e-07
65,157,11.0,6.8614272e-15
65,157,12.0,2.7756288e-08
65,157,13.0,2.1901506e-07
65,157,14.0,2.661554e-07
65,158,0.0,9.690253e-07
65,158,1.0,1.725421e-07
65,158,2.0,1.661522e-07
65,158,3.0,1.070624e-06
65,158,4.0,5.302424e-07
65,158,5.0,1.973832e-07
65,158,6.0,4.0101014e-07
65,158,7.0,4.1968278e-07
65,158,8.0,8.200171e-08
65,158,9.0,2.6801533e-07
65,158,10.0,3.0392707e-07
65,158,11.0,1.043373e-06
65,158,12.0,1.14642994e-07
65,158,13.0,5.6164872e-08
65,158,14.0,6.3009685e-07
65,159,0.0,1.5290948e-06
65,159,1.0,4.505947e-07
65,159,2.0,6.7039775e-07
65,159,3.0,3.197348e-07
65,159,4.0,5.0984113e-07
65,159,5.0,1.7087446e-07
65,159,6.0,1.2170479e-10
65,159,7.0,1.9806629e-07
65,159,8.0,6.2679766e-07
65,159,9.0,3.0339973e-07
65,159,10.0,1.3047045e-07
65,159,11.0,4.007613e-08
65,159,12.0,2.291383e-07
65,159,13.0,5.3038434e-07
65,159,14.0,1.9596493e-07
65,160,0.0,4.9692653e-07
65,160,1.0,1.3080384e-08
65,160,2.0,1.8723331e-07
65,160,3.0,5.1562704e-08
65,160,4.0,1.3233534e-08
65,160,5.0,1.0250111e-08
65,160,6.0,3.0347255e-07
65,160,7.0,0.0
65,160,8.0,3.4549439e-09
65,160,9.0,3.210328e-07
65,160,10.0,6.0055754e-08
65,160,11.0,5.037205e-10
65,160,12.0,0.0
65,160,13.0,3.737164e-09
65,160,14.0,7.342182e-08
65,161,0.0,8.882809e-09
65,161,1.0,0.0
65,161,2.0,7.695307e-10
65,161,3.0,0.0
65,161,4.0,1.669555e-08
65,161,5.0,3.237691e-07
65,161,6.0,0.0
65,161,7.0,6.719488e-07
65,161,8.0,3.45632e-06
65,161,9.0,6.4753584e-07
65,161,10.0,4.0690807e-07
65,161,11.0,3.113966e-07
65,161,12.0,7.8585366e-08
65,161,13.0,6.1471046e-06
65,161,14.0,2.7802676e-05
65,162,0.0,1.0037816e-08
65,162,1.0,3.2633611e-09
65,162,2.0,0.0
65,162,3.0,1.5046031e-07
65,162,4.0,3.6162666e-13
65,162,5.0,1.15180164e-07
65,162,6.0,5.351667e-07
65,162,7.0,7.225876e-06
65,162,8.0,1.6372418e-05
65,162,9.0,2.7336418e-05
65,162,10.0,3.7877213e-05
65,162,11.0,3.4012282e-05
65,162,12.0,2.509154e-05
65,162,13.0,3.4213503e-05
65,162,14.0,3.9164028e-05
65,163,0.0,3.356111e-13
65,163,1.0,3.2021124e-08
65,163,2.0,0.0
65,163,3.0,0.0
65,163,4.0,6.111469e-07
65,163,5.0,2.121592e-06
65,163,6.0,2.2098598e-05
65,163,7.0,3.3927994e-05
65,163,8.0,4.8809787e-05
65,163,9.0,4.6522757e-05
65,163,10.0,3.8143677e-05
65,163,11.0,5.078253e-05
65,163,12.0,5.8375717e-05
65,163,13.0,6.603827e-05
65,163,14.0,7.480599e-05
65,164,0.0,0.0
65,164,1.0,0.0
65,164,2.0,0.0
65,164,3.0,0.0
65,164,4.0,2.5223351e-05
65,164,5.0,3.13029e-05
65,164,6.0,2.6262687e-05
65,164,7.0,3.4830424e-05
65,164,8.0,4.7804057e-05
65,164,9.0,7.8841884e-05
65,164,10.0,5.8366408e-05
65,164,11.0,6.0832717e-05
65,164,12.0,8.204711e-05
65,164,13.0,0.00012799336
65,164,14.0,0.00012492537
65,165,0.0,2.2686046e-07
65,165,1.0,3.0455772e-07
65,165,2.0,4.8245696e-09
65,165,3.0,0.0
65,165,4.0,4.939234e-08
65,165,5.0,1.8159579e-05
65,165,6.0,4.0264713e-05
65,165,7.0,3.8855826e-05
65,165,8.0,6.401209e-05
65,165,9.0,6.687678e-05
65,165,10.0,7.4184296e-05
65,165,11.0,8.5292355e-05
65,165,12.0,0.00016257825
65,165,13.0,0.00012794121
65,165,14.0,7.69526e-05
65,166,0.0,7.6241605e-08
65,166,1.0,2.0375026e-07
65,166,2.0,1.317009e-07
65,166,3.0,1.11625535e-10
65,166,4.0,5.814833e-06
65,166,5.0,2.5066645e-05
65,166,6.0,4.032104e-05
65,166,7.0,6.1003386e-05
65,166,8.0,8.105076e-05
65,166,9.0,8.689284e-05
65,166,10.0,8.957804e-05
65,166,11.0,6.607841e-05
65,166,12.0,5.3097487e-05
65,166,13.0,4.155855e-05
65,166,14.0,1.5109253e-05
65,167,0.0,1.4779548e-09
65,167,1.0,0.0
65,167,2.0,0.0
65,167,3.0,5.6617415e-07
65,167,4.0,6.7804723e-07
65,167,5.0,4.0115497e-06
65,167,6.0,1.5771495e-05
65,167,7.0,6.2361914e-06
65,167,8.0,2.3090124e-06
65,167,9.0,3.6743784e-06
65,167,10.0,4.185034e-06
65,167,11.0,5.5652225e-07
65,167,12.0,2.904336e-07
65,167,13.0,7.1140505e-07
65,167,14.0,6.528626e-06
65,168,0.0,2.506649e-08
65,168,1.0,0.0
65,168,2.0,0.0
65,168,3.0,2.3275024e-09
65,168,4.0,2.6840452e-08
65,168,5.0,8.5614926e-07
65,168,6.0,1.5680318e-05
65,168,7.0,1.3751891e-05
65,168,8.0,1.1375447e-05
65,168,9.0,9.481602e-06
65,168,10.0,8.6624805e-06
65,168,11.0,4.6719456e-06
65,168,12.0,1.6680397e-07
65,168,13.0,3.3613652e-08
65,168,14.0,7.5473086e-09
65,169,0.0,3.623245e-08
65,169,1.0,0.0
65,169,2.0,0.0
65,169,3.0,2.626968e-10
65,169,4.0,7.479454e-10
65,169,5.0,2.6009295e-06
65,169,6.0,9.54159e-06
65,169,7.0,3.837212e-06
65,169,8.0,3.759816e-07
65,169,9.0,4.8238984e-08
65,169,10.0,1.0673179e-08
65,169,11.0,3.434989e-09
65,169,12.0,4.65684e-10
65,169,13.0,0.0
65,169,14.0,0.0
65,170,0.0,1.43998e-09
65,170,1.0,1.1810568e-07
65,170,2.0,6.2764904e-08
65,170,3.0,2.9595599e-08
65,170,4.0,1.3344516e-06
65,170,5.0,1.7913932e-06
65,170,6.0,1.2104647e-07
65,170,7.0,7.662499e-08
65,170,8.0,2.4013187e-07
65,170,9.0,3.4583567e-07
65,170,10.0,2.0683163e-07
65,170,11.0,8.4849894e-08
65,170,12.0,2.9746263e-09
65,170,13.0,7.4066115e-08
65,170,14.0,8.174039e-09
65,171,0.0,2.124361e-07
65,171,1.0,1.5232859e-08
65,171,2.0,1.210152e-09
65,171,3.0,1.5859417e-08
65,171,4.0,4.5939547e-07
65,171,5.0,1.1245369e-06
65,171,6.0,3.4226286e-08
65,171,7.0,4.9450016e-08
65,171,8.0,2.3786671e-07
65,171,9.0,1.8779848e-07
65,171,10.0,2.4270878e-07
65,171,11.0,1.8083267e-07
65,171,12.0,3.5709572e-08
65,171,13.0,5.5885334e-08
65,171,14.0,1.954516e-07
65,172,0.0,1.0852714e-07
65,172,1.0,4.7146655e-09
65,172,2.0,3.621631e-07
65,172,3.0,3.4066343e-08
65,172,4.0,5.4678236e-07
65,172,5.0,2.9735526e-07
65,172,6.0,3.852096e-07
65,172,7.0,3.255198e-08
65,172,8.0,1.6769123e-08
65,172,9.0,9.31772e-09
65,172,10.0,2.4117233e-08
65,172,11.0,1.0620864e-07
65,172,12.0,6.5999615e-08
65,172,13.0,4.6083294e-08
65,172,14.0,1.4865839e-07
66,157,0.0,4.712067e-07
66,157,1.0,1.5226297e-07
66,157,2.0,1.3994255e-09
66,157,3.0,8.1693585e-10
66,157,4.0,3.0781965e-07
66,157,5.0,1.229609e-07
66,157,6.0,2.0734201e-07
66,157,7.0,4.0156316e-08
66,157,8.0,1.1978057e-07
66,157,9.0,2.1740604e-07
66,157,10.0,5.8426757e-08
66,157,11.0,2.234539e-09
66,157,12.0,1.4271193e-08
66,157,13.0,9.306129e-08
66,157,14.0,1.2962853e-07
66,158,0.0,5.7893153e-08
66,158,1.0,4.6443378e-07
66,158,2.0,8.2929034e-08
66,158,3.0,0.0
66,158,4.0,0.0
66,158,5.0,1.468798e-07
66,158,6.0,2.7533196e-07
66,158,7.0,1.3871083e-07
66,158,8.0,4.190936e-08
66,158,9.0,2.3823718e-08
66,158,10.0,2.4416927e-08
66,158,11.0,2.1664777e-08
66,158,12.0,2.7035096e-08
66,158,13.0,1.18452785e-08
66,158,14.0,3.1148448e-07
66,159,0.0,4.1556257e-07
66,159,1.0,0.0
66,159,2.0,4.6398362e-08
66,159,3.0,5.3025875e-08
66,159,4.0,5.157987e-08
66,159,5.0,4.2929136e-07
66,159,6.0,1.4410247e-07
66,159,7.0,4.471699e-08
66,159,8.0,5.000646e-07
66,159,9.0,2.5172824e-07
66,159,10.0,5.208123e-08
66,159,11.0,0.0
66,159,12.0,4.0616757e-07
66,159,13.0,4.703215e-07
66,159,14.0,4.6153673e-08
66,160,0.0,1.7720781e-07
66,160,1.0,3.0397957e-06
66,160,2.0,3.588369e-07
66,160,3.0,2.155694e-09
66,160,4.0,1.6596367e-07
66,160,5.0,1.3140763e-07
66,160,6.0,2.2152004e-07
66,160,7.0,2.4975773e-07
66,160,8.0,2.572976e-07
66,160,9.0,2.578147e-07
66,160,10.0,1.9641865e-07
66,160,11.0,1.3552511e-07
66,160,12.0,2.1571077e-07
66,160,13.0,2.7026363e-07
66,160,14.0,1.7826545e-07
66,161,0.0,1.9013943e-07
66,161,1.0,4.700845e-08
66,161,2.0,4.841228e-07
66,161,3.0,0.0
66,161,4.0,6.2186444e-08
66,161,5.0,0.0
66,161,6.0,9.372643e-08
66,161,7.0,1.847587e-08
66,161,8.0,0.0
66,161,9.0,3.501329e-08
66,161,10.0,3.602073e-08
66,161,11.0,6.014979e-10
66,161,12.0,1.3852538e-07
66,161,13.0,5.4965312e-06
66,161,14.0,4.6529234e-08
66,162,0.0,4.0849482e-08
66,162,1.0,0.0
66,162,2.0,2.799387e-10
66,162,3.0,2.925249e-07
66,162,4.0,3.4032598e-07
66,162,5.0,4.105215e-07
66,162,6.0,4.580987e-07
66,162,7.0,4.5556376e-07
66,162,8.0,3.455871e-07
66,162,9.0,2.3442252e-07
66,162,10.0,5.4431283e-08
66,162,11.0,2.662717e-08
66,162,12.0,4.0123953e-07
66,162,13.0,4.376292e-07
66,162,14.0,4.2223616e-07
66,163,0.0,1.5744456e-07
66,163,1.0,2.4343285e-06
66,163,2.0,6.9873397e-07
66,163,3.0,1.941822e-06
66,163,4.0,5.382068e-07
66,163,5.0,8.001051e-08
66,163,6.0,6.475988e-09
66,163,7.0,3.8069473e-07
66,163,8.0,5.474542e-07
66,163,9.0,7.8973005e-07
66,163,10.0,1.6989053e-06
66,163,11.0,2.8183067e-06
66,163,12.0,4.4005486e-07
66,163,13.0,2.796309e-07
66,163,14.0,9.119897e-08
66,164,0.0,1.3146863e-08
66,164,1.0,1.3907872e-11
66,164,2.0,0.0
66,164,3.0,0.0
66,164,4.0,0.0
66,164,5.0,0.0
66,164,6.0,0.0
66,164,7.0,0.0
66,164,8.0,0.0
66,164,9.0,0.0
66,164,10.0,1.257946e-08
66,164,11.0,3.437432e-07
66,164,12.0,1.0175659e-06
66,164,13.0,4.3587647e-06
66,164,14.0,7.2180865e-06
66,165,0.0,0.0
66,165,1.0,0.0
66,165,2.0,1.2920849e-09
66,165,3.0,0.0
66,165,4.0,0.0
66,165,5.0,1.2748291e-06
66,165,6.0,1.4357942e-06
66,165,7.0,8.000437e-06
66,165,8.0,1.8447035e-05
66,165,9.0,2.1753682e-05
66,165,10.0,2.2512693e-05
66,165,11.0,3.5946818e-05
66,165,12.0,3.4786906e-05
66,165,13.0,7.846532e-06
66,165,14.0,4.991172e-07
66,166,0.0,5.728793e-08
66,166,1.0,0.0
66,166,2.0,0.0
66,166,3.0,2.9151832e-07
66,166,4.0,2.7293293e-08
66,166,5.0,9.623635e-08
66,166,6.0,1.0655215e-07
66,166,7.0,1.3104969e-07
66,166,8.0,8.9235914e-07
66,166,9.0,6.235425e-06
66,166,10.0,2.1212196e-05
66,166,11.0,2.5280378e-05
66,166,12.0,3.027454e-05
66,166,13.0,1.0345691e-05
66,166,14.0,9.640763e-07
66,167,0.0,0.0
66,167,1.0,1.4279965e-10
66,167,2.0,0.0
66,167,3.0,3.6920715e-06
66,167,4.0,1.2588067e-05
66,167,5.0,2.9099216e-05
66,167,6.0,5.3285006e-05
66,167,7.0,3.857583e-05
66,167,8.0,2.5568626e-05
66,167,9.0,1.5579006e-05
66,167,10.0,7.0727765e-06
66,167,11.0,8.923755e-06
66,167,12.0,4.4894325e-05
66,167,13.0,5.111766e-05
66,167,14.0,2.0576897e-05
66,168,0.0,6.6564367e-09
66,168,1.0,0.0
66,168,2.0,0.0
66,168,3.0,4.0416284e-09
66,168,4.0,1.1818795e-09
66,168,5.0,8.8678853e-10
66,168,6.0,9.034744e-09
66,168,7.0,1.063764e-09
66,168,8.0,1.9548208e-08
66,168,9.0,1.2929927e-07
66,168,10.0,1.683763e-08
66,168,11.0,1.2501573e-06
66,168,12.0,6.265943e-06
66,168,13.0,7.682555e-06
66,168,14.0,1.8441955e-05
66,169,0.0,1.5010849e-07
66,169,1.0,2.604215e-07
66,169,2.0,2.8648173e-09
66,169,3.0,4.495994e-07
66,169,4.0,4.4181917e-07
66,169,5.0,4.2849683e-07
66,169,6.0,8.694672e-08
66,169,7.0,6.683106e-07
66,169,8.0,9.74336e-07
66,169,9.0,4.23279e-07
66,169,10.0,1.06484016e-07
66,169,11.0,1.6973469e-07
66,169,12.0,4.9158655e-09
66,169,13.0,0.0
66,169,14.0,1.5729069e-07
66,170,0.0,1.5241835e-07
66,170,1.0,0.0
66,170,2.0,0.0
66,170,3.0,1.9715647e-07
66,170,4.0,2.433189e-07
66,170,5.0,3.8391795e-07
66,170,6.0,4.9070417e-07
66,170,7.0,1.7620455e-07
66,170,8.0,1.8958788e-07
66,170,9.0,2.0445522e-07
66,170,10.0,1.1546846e-07
66,170,11.0,3.2308586e-07
66,170,12.0,6.1463845e-07
66,170,13.0,1.8334085e-06
66,170,14.0,9.188541e-07
66,171,0.0,2.2429197e-07
66,171,1.0,9.15122e-11
66,171,2.0,7.2288884e-08
66,171,3.0,1.7406799e-07
66,171,4.0,9.0896975e-08
66,171,5.0,3.828057e-07
66,171,6.0,8.193686e-08
66,171,7.0,2.1762875e-07
66,171,8.0,1.5474323e-07
66,171,9.0,1.5152372e-07
66,171,10.0,1.6472329e-07
66,171,11.0,4.3656817e-07
66,171,12.0,2.6634024e-07
66,171,13.0,3.731078e-08
66,171,14.0,3.767703e-08
66,172,0.0,6.02433e-08
66,172,1.0,4.3849937e-08
66,172,2.0,3.5933684e-07
66,172,3.0,3.979621e-07
66,172,4.0,1.3502203e-07
66,172,5.0,3.8325524e-07
66,172,6.0,3.0019044e-07
66,172,7.0,9.3389744e-08
66,172,8.0,1.2638273e-07
66,172,9.0,1.927179e-07
66,172,10.0,1.11814394e-07
66,172,11.0,2.743386e-08
66,172,12.0,6.313394e-08
66,172,13.0,8.12701e-07
66,172,14.0,2.0449629e-07
67,160,0.0,3.1051488e-07
67,160,1.0,1.2450084e-07
67,160,2.0,2.7592338e-07
67,160,3.0,4.3603933e-08
67,160,4.0,4.27478e-07
67,160,5.0,2.0075834e-07
67,160,6.0,4.6454286e-07
67,160,7.0,2.8548575e-07
67,160,8.0,2.7736212e-08
67,160,9.0,0.0
67,160,10.0,0.0
67,160,11.0,8.986872e-10
67,160,12.0,4.485794e-08
67,160,13.0,7.7777406e-07
67,160,14.0,1.029753e-06
67,161,0.0,5.6774827e-08
67,161,1.0,3.186597e-08
67,161,2.0,4.8031588e-08
67,161,3.0,2.3434482e-10
67,161,4.0,3.2380452e-08
67,161,5.0,2.6234066e-09
67,161,6.0,3.217132e-07
67,161,7.0,1.5557332e-06
67,161,8.0,4.7078615e-07
67,161,9.0,1.4840312e-07
67,161,10.0,8.103876e-08
67,161,11.0,0.0
67,161,12.0,4.1432177e-08
67,161,13.0,1.5898944e-07
67,161,14.0,1.0314936e-07
67,162,0.0,4.6350326e-07
67,162,1.0,3.4211343e-08
67,162,2.0,2.550451e-07
67,162,3.0,1.377556e-07
67,162,4.0,2.0775767e-07
67,162,5.0,1.6831139e-06
67,162,6.0,4.912341e-07
67,162,7.0,1.8375366e-06
67,162,8.0,4.862246e-07
67,162,9.0,7.2227195e-08
67,162,10.0,1.0547967e-06
67,162,11.0,1.9223956e-08
67,162,12.0,0.0
67,162,13.0,0.0
67,162,14.0,2.3183797e-07
67,163,0.0,1.3260559e-07
67,163,1.0,1.0705811e-07
67,163,2.0,7.2413336e-08
67,163,3.0,4.330108e-07
67,163,4.0,9.012773e-08
67,163,5.0,1.9155607e-06
67,163,6.0,2.3331828e-09
67,163,7.0,1.018189e-10
67,163,8.0,2.892474e-07
67,163,9.0,9.72998e-07
67,163,10.0,2.6180059e-08
67,163,11.0,1.48099515e-08
67,163,12.0,1.12156656e-07
67,163,13.0,3.906108e-08
67,163,14.0,4.847569e-07
67,164,0.0,1.1145154e-08
67,164,1.0,1.9735053e-08
67,164,2.0,9.37389e-09
67,164,3.0,0.0
67,164,4.0,9.112517e-12
67,164,5.0,7.134547e-08
67,164,6.0,5.392695e-08
67,164,7.0,7.508448e-08
67,164,8.0,6.0454974e-10
67,164,9.0,1.7362148e-11
67,164,10.0,4.007954e-09
67,164,11.0,1.5564297e-07
67,164,12.0,3.554677e-07
67,164,13.0,1.3479463e-07
67,164,14.0,4.4306116e-08
67,165,0.0,2.7212715e-07
67,165,1.0,2.1752632e-07
67,165,2.0,2.9378322e-08
67,165,3.0,4.6580944e-11
67,165,4.0,1.3749002e-06
67,165,5.0,2.1215833e-08
67,165,6.0,4.178097e-08
67,165,7.0,7.951121e-08
67,165,8.0,1.4078928e-10
67,165,9.0,1.3928514e-09
67,165,10.0,9.866402e-08
67,165,11.0,1.6663834e-06
67,165,12.0,1.104297e-06
67,165,13.0,5.248733e-07
67,165,14.0,1.7670702e-07
67,166,0.0,3.122724e-07
67,166,1.0,4.2234028e-08
67,166,2.0,1.526714e-08
67,166,3.0,1.4163021e-06
67,166,4.0,1.422086e-06
67,166,5.0,3.0739494e-07
67,166,6.0,2.2501285e-07
67,166,7.0,1.6906789e-07
67,166,8.0,1.2826538e-07
67,166,9.0,7.039327e-07
67,166,10.0,3.3700857e-08
67,166,11.0,7.4265114e-07
67,166,12.0,5.141824e-07
67,166,13.0,1.0793793e-06
67,166,14.0,3.7502883e-07
67,167,0.0,1.4670655e-07
67,167,1.0,1.346337e-07
67,167,2.0,1.1646729e-07
67,167,3.0,1.6479633e-07
67,167,4.0,3.220621e-07
67,167,5.0,3.9216653e-07
67,167,6.0,3.5665657e-08
67,167,7.0,4.7268607e-08
67,167,8.0,1.8215137e-07
67,167,9.0,5.6197866e-08
67,167,10.0,7.398815e-08
67,167,11.0,7.1631995e-08
67,167,12.0,1.334318e-07
67,167,13.0,1.0362341e-09
67,167,14.0,3.2972007e-08
67,168,0.0,5.7830397e-07
67,168,1.0,1.9015583e-07
67,168,2.0,6.1730643e-09
67,168,3.0,1.1790925e-07
67,168,4.0,5.5260557e-07
67,168,5.0,3.223242e-09
67,168,6.0,3.0305915e-07
67,168,7.0,2.6669764e-07
67,168,8.0,1.0028913e-07
67,168,9.0,7.437156e-08
67,168,10.0,2.464195e-08
67,168,11.0,3.2654775e-08
67,168,12.0,4.7966804e-08
67,168,13.0,1.6809486e-07
67,168,14.0,2.6416402e-07
67,169,0.0,2.9349188e-09
67,169,1.0,0.0
67,169,2.0,1.8057972e-07
67,169,3.0,3.9769694e-09
67,169,4.0,0.0
67,169,5.0,4.796939e-09
67,169,6.0,2.8717253e-08
67,169,7.0,6.1619346e-08
67,169,8.0,0.0
67,169,9.0,8.6466656e-10
67,169,10.0,0.0
67,169,11.0,0.0
67,169,12.0,0.0
67,169,13.0,0.0
67,169,14.0,6.1284644e-10
67,170,0.0,4.3525624e-08
67,170,1.0,3.4632787e-08
67,170,2.0,1.0018578e-07
67,170,3.0,0.0
67,170,4.0,1.2579641e-09
67,170,5.0,4.2576854e-08
67,170,6.0,5.3660315e-08
67,170,7.0,1.4215061e-07
67,170,8.0,9.286561e-08
67,170,9.0,3.383031e-08
67,170,10.0,1.1142003e-07
67,170,11.0,7.854484e-08
67,170,12.0,4.4245702e-08
67,170,13.0,7.843874e-08
67,170,14.0,5.4993155e-08
67,171,0.0,2.777737e-07
67,171,1.0,2.570658e-08
67,171,2.0,0.0
67,171,3.0,2.4601148e-09
67,171,4.0,2.4351957e-08
67,171,5.0,3.276359e-08
67,171,6.0,0.0
67,171,7.0,2.1109134e-08
67,171,8.0,2.822251e-08
67,171,9.0,1.0753796e-07
67,171,10.0,2.9373552e-07
67,171,11.0,2.4352107e-07
67,171,12.0,2.829635e-07
67,171,13.0,4.6588897e-07
67,171,14.0,8.9367745e-08
67,172,0.0,4.6734385e-07
67,172,1.0,1.2535297e-07
67,172,2.0,4.554223e-07
67,172,3.0,1.8444285e-07
67,172,4.0,2.8212207e-07
67,172,5.0,6.8702695e-07
67,172,6.0,1.0825704e-06
67,172,7.0,1.3333204e-06
67,172,8.0,7.1715044e-07
67,172,9.0,4.054831e-07
67,172,10.0,2.069962e-07
67,172,11.0,1.368981e-07
67,172,12.0,2.8579672e-07
67,172,13.0,4.3749765e-07
67,172,14.0,9.221014e-08
68,163,0.0,0.0
68,163,1.0,0.0
68,163,2.0,1.1884453e-07
68,163,3.0,6.652211e-09
68,163,4.0,1.237517e-07
68,163,5.0,0.0
68,163,6.0,4.0341934e-08
68,163,7.0,3.158993e-07
68,163,8.0,1.6699397e-07
68,163,9.0,2.7450687e-08
68,163,10.0,1.1309658e-08
68,163,11.0,8.086104e-09
68,163,12.0,1.6239364e-08
68,163,13.0,4.7507502e-08
68,163,14.0,1.3095101e-07
68,164,0.0,2.3793626e-07
68,164,1.0,5.399177e-07
68,164,2.0,3.365333e-07
68,164,3.0,2.290818e-06
68,164,4.0,2.6700422e-07
68,164,5.0,1.644044e-08
68,164,6.0,1.14591856e-07
68,164,7.0,3.8315772e-08
68,164,8.0,1.3196225e-07
68,164,9.0,5.655948e-07
68,164,10.0,3.2085867e-07
68,164,11.0,3.007805e-08
68,164,12.0,8.060627e-09
68,164,13.0,5.2018045e-08
68,164,14.0,2.785413e-07
68,165,0.0,1.3564599e-08
68,165,1.0,8.893758e-09
68,165,2.0,3.360302e-08
68,165,3.0,6.8517664e-07
68,165,4.0,1.4713491e-07
68,165,5.0,7.0429933e-09
68,165,6.0,1.2194799e-07
68,165,7.0,2.827524e-07
68,165,8.0,6.802688e-07
68,165,9.0,5.806762e-07
68,165,10.0,2.5545992e-07
68,165,11.0,1.6814867e-07
68,165,12.0,1.253085e-07
68,165,13.0,6.881197e-08
68,165,14.0,1.4781376e-07
68,166,0.0,4.10795e-07
68,166,1.0,0.0
68,166,2.0,1.6807308e-08
68,166,3.0,0.0
68,166,4.0,8.607056e-10
68,166,5.0,4.8171405e-08
68,166,6.0,1.4640119e-07
68,166,7.0,2.715353e-07
68,166,8.0,1.109996e-07
68,166,9.0,2.6465275e-07
68,166,10.0,8.3343e-08
68,166,11.0,3.950462e-08
68,166,12.0,8.6802174e-08
68,166,13.0,9.557482e-08
68,166,14.0,8.871014e-08
68,167,0.0,1.5678225e-07
68,167,1.0,5.605709e-07
68,167,2.0,1.5247359e-07
68,167,3.0,8.02728e-09
68,167,4.0,2.4657645e-08
68,167,5.0,1.6053535e-10
68,167,6.0,4.286096e-07
68,167,7.0,2.6159114e-07
68,167,8.0,6.297967e-08
68,167,9.0,2.221454e-07
68,167,10.0,2.0924918e-07
68,167,11.0,3.1516618e-07
68,167,12.0,1.4710483e-07
68,167,13.0,8.969605e-08
68,167,14.0,3.037541e-07
68,168,0.0,1.818158e-07
68,168,1.0,5.8257683e-08
68,168,2.0,2.4174427e-09
68,168,3.0,1.6493564e-08
68,168,4.0,1.1682006e-07
68,168,5.0,2.6959435e-07
68,168,6.0,3.9046986e-07
68,168,7.0,2.6239005e-07
68,168,8.0,1.6201098e-07
68,168,9.0,1.8856582e-07
68,168,10.0,3.0136013e-07
68,168,11.0,4.8167675e-07
68,168,12.0,3.8197072e-07
68,168,13.0,4.4803596e-07
68,168,14.0,1.0566612e-08
68,169,0.0,8.7508845e-09
68,169,1.0,5.4874287e-12
68,169,2.0,8.4163155e-08
68,169,3.0,7.603375e-09
68,169,4.0,2.796344e-07
68,169,5.0,2.748189e-07
68,169,6.0,3.2776492e-07
68,169,7.0,1.7680432e-07
68,169,8.0,4.2069559e-07
68,169,9.0,1.4449844e-07
68,169,10.0,1.0378107e-08
68,169,11.0,1.37067255e-08
68,169,12.0,2.0375883e-07
68,169,13.0,3.326647e-07
68,169,14.0,1.3291142e-07
68,170,0.0,1.5324197e-07
68,170,1.0,1.5024524e-07
68,170,2.0,3.4129545e-08
68,170,3.0,6.493409e-08
68,170,4.0,2.3917252e-07
68,170,5.0,8.108639e-07
68,170,6.0,4.2140886e-07
68,170,7.0,3.0878752e-07
68,170,8.0,1.456331e-07
68,170,9.0,5.2776006e-08
68,170,10.0,1.4273276e-07
68,170,11.0,2.7534702e-07
68,170,12.0,1.0897255e-07
68,170,13.0,1.3548782e-07
68,170,14.0,1.12117874e-07
68,171,0.0,3.9385e-08
68,171,1.0,1.1730738e-06
68,171,2.0,1.073223e-06
68,171,3.0,8.822526e-07
68,171,4.0,7.7232636e-07
68,171,5.0,1.5806364e-08
68,171,6.0,7.96907e-08
68,171,7.0,1.3471306e-07
68,171,8.0,1.2463788e-07
68,171,9.0,7.810925e-07
68,171,10.0,3.5200222e-07
68,171,11.0,1.0616435e-07
68,171,12.0,6.376556e-08
68,171,13.0,6.145438e-08
68,171,14.0,7.419007e-08
68,172,0.0,2.5605752e-07
68,172,1.0,1.4499842e-08
68,172,2.0,1.971462e-07
68,172,3.0,6.909733e-07
68,172,4.0,1.876765e-07
68,172,5.0,1.2576186e-08
68,172,6.0,3.5423692e-08
68,172,7.0,1.1286333e-07
68,172,8.0,3.3052657e-07
68,172,9.0,4.4778633e-07
68,172,10.0,9.9500724e-08
68,172,11.0,1.942284e-08
68,172,12.0,4.9811877e-08
68,172,13.0,2.2053348e-07
68,172,14.0,2.1914292e-07
69,166,0.0,2.418748e-07
69,166,1.0,8.47747e-09
69,166,2.0,3.3293867e-07
69,166,3.0,6.5409336e-07
69,166,4.0,2.5464288e-07
69,166,5.0,6.831311e-09
69,166,6.0,1.3250255e-07
69,166,7.0,1.217079e-07
69,166,8.0,2.3335524e-07
69,166,9.0,5.7341964e-07
69,166,10.0,3.6963834e-07
69,166,11.0,7.006818e-08
69,166,12.0,3.014349e-08
69,166,13.0,1.6129e-09
69,166,14.0,7.661137e-08
69,167,0.0,7.246049e-07
69,167,1.0,2.0790916e-08
69,167,2.0,2.5830584e-08
69,167,3.0,3.781753e-07
69,167,4.0,8.879786e-08
69,167,5.0,0.0
69,167,6.0,5.135704e-07
69,167,7.0,4.7977886e-07
69,167,8.0,3.7264016e-08
69,167,9.0,1.1465742e-07
69,167,10.0,1.6151478e-07
69,167,11.0,8.6942336e-08
69,167,12.0,1.6714891e-07
69,167,13.0,2.766853e-07
69,167,14.0,2.826852e-07
69,168,0.0,1.8451878e-07
69,168,1.0,4.774482e-07
69,168,2.0,1.1825048e-08
69,168,3.0,2.0174518e-07
69,168,4.0,7.648278e-08
69,168,5.0,1.9272893e-07
69,168,6.0,6.692556e-07
69,168,7.0,2.497719e-07
69,168,8.0,3.0153124e-08
69,168,9.0,1.130864e-08
69,168,10.0,2.2699123e-09
69,168,11.0,5.658733e-08
69,168,12.0,2.54098e-07
69,168,13.0,2.585104e-07
69,168,14.0,3.9841282e-07
69,169,0.0,3.8336037e-08
69,169,1.0,5.937813e-07
69,169,2.0,2.9549022e-07
69,169,3.0,1.9969937e-07
69,169,4.0,2.5039405e-08
69,169,5.0,8.461314e-07
69,169,6.0,7.115125e-07
69,169,7.0,1.13966315e-07
69,169,8.0,7.964775e-08
69,169,9.0,7.8942406e-08
69,169,10.0,6.898292e-08
69,169,11.0,3.2431642e-09
69,169,12.0,7.206895e-10
69,169,13.0,3.093185e-08
69,169,14.0,4.39346e-08
69,170,0.0,1.4713876e-07
69,170,1.0,9.1528804e-08
69,170,2.0,1.3706077e-07
69,170,3.0,6.4391173e-07
69,170,4.0,4.3732072e-07
69,170,5.0,2.4851542e-07
69,170,6.0,4.867229e-07
69,170,7.0,1.4598574e-07
69,170,8.0,1.8465371e-07
69,170,9.0,2.04545e-07
69,170,10.0,3.3854946e-07
69,170,11.0,3.7307436e-07
69,170,12.0,4.9404857e-08
69,170,13.0,5.3121664e-08
69,170,14.0,2.6260125e-07
69,171,0.0,2.770703e-07
69,171,1.0,4.2381103e-07
69,171,2.0,2.2379129e-07
69,171,3.0,4.1767254e-07
69,171,4.0,4.5688003e-07
69,171,5.0,4.4747324e-07
69,171,6.0,1.3325602e-07
69,171,7.0,1.2797852e-07
69,171,8.0,1.4360624e-07
69,171,9.0,9.2572016e-08
69,171,10.0,1.1435473e-07
69,171,11.0,1.4685746e-07
69,171,12.0,2.4814915e-07
69,171,13.0,3.1334136e-07
69,171,14.0,1.6767979e-07
69,172,0.0,1.3327049e-07
69,172,1.0,9.954977e-08
69,172,2.0,3.07502e-07
69,172,3.0,1.2040853e-06
69,172,4.0,1.2587692e-07
69,172,5.0,2.275529e-07
69,172,6.0,1.8599494e-07
69,172,7.0,1.4129341e-07
69,172,8.0,1.2950287e-07
69,172,9.0,7.57362e-08
69,172,10.0,6.992069e-08
69,172,11.0,2.1425834e-07
69,172,12.0,2.9441165e-07
69,172,13.0,5.299905e-07
69,172,14.0,1.0339748e-07
70,168,0.0,1.0900237e-07
70,168,1.0,1.8750401e-07
70,168,2.0,2.655709e-07
70,168,3.0,1.8148878e-08
70,168,4.0,4.3534148e-12
70,168,5.0,5.957505e-08
70,168,6.0,4.6598686e-07
70,168,7.0,8.405538e-07
70,168,8.0,7.093537e-07
70,168,9.0,6.648209e-07
70,168,10.0,3.657308e-07
70,168,11.0,3.1033696e-07
70,168,12.0,4.654014e-07
70,168,13.0,1.8305649e-07
70,168,14.0,1.2421258e-07
70,169,0.0,6.416416e-07
70,169,1.0,1.1233543e-06
70,169,2.0,1.561963e-07
70,169,3.0,2.599981e-07
70,169,4.0,2.513447e-07
70,169,5.0,1.8637067e-08
70,169,6.0,1.08601824e-07
70,169,7.0,1.1018691e-06
70,169,8.0,3.863813e-07
70,169,9.0,1.5104789e-07
70,169,10.0,2.2308306e-07
70,169,11.0,3.9086848e-07
70,169,12.0,4.099028e-07
70,169,13.0,3.641595e-07
70,169,14.0,2.754861e-07
70,170,0.0,3.8847207e-07
70,170,1.0,6.825704e-07
70,170,2.0,3.1009026e-07
70,170,3.0,5.292777e-07
70,170,4.0,4.9161747e-07
70,170,5.0,1.2964683e-06
70,170,6.0,2.795759e-07
70,170,7.0,1.247168e-07
70,170,8.0,1.12405054e-07
70,170,9.0,1.00696e-07
70,170,10.0,7.224225e-08
70,170,11.0,1.6120552e-08
70,170,12.0,2.4872364e-07
70,170,13.0,1.7081992e-06
70,170,14.0,5.0747167e-07
70,171,0.0,7.835321e-08
70,171,1.0,8.048579e-08
70,171,2.0,7.0731055e-08
70,171,3.0,1.351351e-07
70,171,4.0,1.2623818e-07
70,171,5.0,1.5606998e-11
70,171,6.0,2.8459375e-08
70,171,7.0,3.3011176e-07
70,171,8.0,4.968857e-07
70,171,9.0,9.889793e-08
70,171,10.0,2.6134006e-09
70,171,11.0,1.1284795e-08
70,171,12.0,2.0208431e-07
70,171,13.0,6.209562e-07
70,171,14.0,2.15433e-07
70,172,0.0,3.091926e-08
70,172,1.0,1.1901107e-07
70,172,2.0,1.9503595e-08
70,172,3.0,4.4651656e-09
70,172,4.0,6.273042e-07
70,172,5.0,1.1204605e-06
70,172,6.0,2.0150574e-07
70,172,7.0,1.4300588e-07
70,172,8.0,2.2471315e-07
70,172,9.0,2.2007434e-07
70,172,10.0,8.3587324e-08
70,172,11.0,7.2842257e-09
70,172,12.0,7.676435e-08
70,172,13.0,7.490534e-08
70,172,14.0,1.8431962e-07
71,172,0.0,2.0946933e-07
71,172,1.0,4.5214952e-07
71,172,2.0,2.7115933e-08
71,172,3.0,1.6531901e-07
71,172,4.0,1.0262925e-07
71,172,5.0,6.661701e-07
71,172,6.0,1.4136403e-07
71,172,7.0,2.2728271e-07
71,172,8.0,3.7976182e-08
71,172,9.0,3.2915037e-07
71,172,10.0,3.5401936e-07
71,172,11.0,1.1956413e-07
71,172,12.0,1.665439e-07
71,172,13.0,5.87829e-07
71,172,14.0,4.059438e-07
