Z_physical,A_physical,E_physical,Yield_pred
23,66,0.0,8.2208237e-07
23,66,1.0,8.9196635e-07
23,66,2.0,2.6629908e-07
23,66,3.0,1.9481564e-07
23,66,4.0,3.1244554e-07
23,66,5.0,5.8382705e-07
23,66,6.0,3.3965927e-07
23,66,7.0,1.9400554e-07
23,66,8.0,6.3645587e-07
23,66,9.0,8.221084e-07
23,66,10.0,5.480411e-07
23,66,11.0,3.8581788e-07
23,66,12.0,4.2166988e-07
23,66,13.0,6.38236e-07
23,66,14.0,8.8991635e-07
24,66,0.0,1.15348975e-07
24,66,1.0,2.8552162e-07
24,66,2.0,2.223249e-07
24,66,3.0,2.306599e-07
24,66,4.0,3.1980053e-07
24,66,5.0,3.4255837e-07
24,66,6.0,1.16297244e-07
24,66,7.0,1.3980558e-08
24,66,8.0,9.7100866e-08
24,66,9.0,3.1546386e-07
24,66,10.0,2.3632485e-07
24,66,11.0,1.9227026e-07
24,66,12.0,1.7685888e-07
24,66,13.0,2.284882e-07
24,66,14.0,3.5139632e-07
24,67,0.0,2.147097e-07
24,67,1.0,2.774152e-07
24,67,2.0,2.3700919e-07
24,67,3.0,2.7768334e-07
24,67,4.0,5.709035e-07
24,67,5.0,6.7183e-07
24,67,6.0,2.7063646e-07
24,67,7.0,1.6556268e-07
24,67,8.0,2.3278892e-07
24,67,9.0,2.19375e-07
24,67,10.0,1.384957e-07
24,67,11.0,1.512224e-07
24,67,12.0,1.4514913e-07
24,67,13.0,1.4998024e-07
24,67,14.0,2.0891326e-07
24,68,0.0,1.3138046e-07
24,68,1.0,2.3392931e-07
24,68,2.0,2.5282017e-07
24,68,3.0,3.3801018e-07
24,68,4.0,4.0966478e-07
24,68,5.0,2.6927407e-07
24,68,6.0,2.006108e-07
24,68,7.0,4.6002958e-07
24,68,8.0,3.887642e-07
24,68,9.0,2.80413e-07
24,68,10.0,2.9481362e-07
24,68,11.0,2.1195142e-07
24,68,12.0,2.5682758e-07
24,68,13.0,4.1654687e-07
24,68,14.0,4.3877404e-07
24,69,0.0,4.1286106e-07
24,69,1.0,3.3951335e-07
24,69,2.0,1.9165914e-07
24,69,3.0,5.191307e-07
24,69,4.0,8.614005e-07
24,69,5.0,3.169963e-07
24,69,6.0,2.612349e-07
24,69,7.0,3.4589064e-07
24,69,8.0,3.7712107e-07
24,69,9.0,2.4104918e-07
24,69,10.0,9.413546e-08
24,69,11.0,9.3551265e-08
24,69,12.0,1.18743436e-07
24,69,13.0,5.63829e-08
24,69,14.0,3.8165055e-08
24,70,0.0,2.8694961e-07
24,70,1.0,1.3296041e-07
24,70,2.0,2.4010646e-07
24,70,3.0,5.5121996e-07
24,70,4.0,5.767816e-07
24,70,5.0,4.28327e-07
24,70,6.0,6.392244e-07
24,70,7.0,8.1443164e-07
24,70,8.0,7.624104e-07
24,70,9.0,7.6392485e-07
24,70,10.0,7.414745e-07
24,70,11.0,5.039748e-07
24,70,12.0,3.1129082e-07
24,70,13.0,2.3931608e-07
24,70,14.0,1.3505694e-07
25,66,0.0,1.3298366e-07
25,66,1.0,1.2429814e-07
25,66,2.0,2.0304337e-07
25,66,3.0,4.4677657e-07
25,66,4.0,2.3879025e-07
25,66,5.0,8.2124296e-07
25,66,6.0,9.372792e-07
25,66,7.0,7.18063e-07
25,66,8.0,6.6344097e-07
25,66,9.0,5.034834e-07
25,66,10.0,2.2612042e-07
25,66,11.0,2.9163212e-07
25,66,12.0,4.580702e-07
25,66,13.0,2.9365398e-07
25,66,14.0,2.9130462e-07
25,67,0.0,7.043099e-07
25,67,1.0,6.452635e-07
25,67,2.0,3.3984546e-07
25,67,3.0,1.280892e-07
25,67,4.0,1.3373321e-07
25,67,5.0,2.0597358e-07
25,67,6.0,8.989795e-08
25,67,7.0,9.482219e-08
25,67,8.0,7.659771e-08
25,67,9.0,2.8533087e-08
25,67,10.0,1.8120648e-08
25,67,11.0,3.579255e-08
25,67,12.0,1.486636e-07
25,67,13.0,1.0380269e-07
25,67,14.0,6.019435e-08
25,68,0.0,7.7172345e-08
25,68,1.0,1.80128e-07
25,68,2.0,2.846524e-07
25,68,3.0,3.38378e-07
25,68,4.0,4.4722583e-07
25,68,5.0,6.1520024e-07
25,68,6.0,4.3560613e-07
25,68,7.0,1.9718534e-07
25,68,8.0,2.1621062e-07
25,68,9.0,3.7184083e-07
25,68,10.0,3.1447803e-07
25,68,11.0,5.3713575e-07
25,68,12.0,4.3226046e-07
25,68,13.0,2.608907e-07
25,68,14.0,2.4644203e-07
25,69,0.0,1.2384796e-06
25,69,1.0,9.253606e-07
25,69,2.0,4.941731e-07
25,69,3.0,4.2134252e-07
25,69,4.0,4.283749e-07
25,69,5.0,3.048267e-07
25,69,6.0,1.8468909e-07
25,69,7.0,1.6506132e-07
25,69,8.0,9.439584e-08
25,69,9.0,3.8798817e-08
25,69,10.0,7.306855e-08
25,69,11.0,9.7639024e-08
25,69,12.0,7.92676e-08
25,69,13.0,1.8783025e-07
25,69,14.0,7.565007e-07
25,70,0.0,2.5101326e-07
25,70,1.0,1.648291e-07
25,70,2.0,3.4717954e-07
25,70,3.0,4.3629984e-07
25,70,4.0,1.9893803e-07
25,70,5.0,8.958273e-08
25,70,6.0,1.6913016e-07
25,70,7.0,1.8340737e-07
25,70,8.0,1.5708036e-07
25,70,9.0,1.7727562e-07
25,70,10.0,2.4929182e-07
25,70,11.0,2.53334e-07
25,70,12.0,3.3423103e-07
25,70,13.0,6.7142724e-07
25,70,14.0,1.2065999e-06
25,71,0.0,2.9934614e-07
25,71,1.0,3.6807128e-07
25,71,2.0,2.4137094e-07
25,71,3.0,4.1776394e-07
25,71,4.0,6.3526403e-07
25,71,5.0,5.002915e-07
25,71,6.0,3.8759254e-07
25,71,7.0,3.78258e-07
25,71,8.0,2.6213968e-07
25,71,9.0,3.7661334e-07
25,71,10.0,6.9380513e-07
25,71,11.0,5.301524e-07
25,71,12.0,3.1417576e-07
25,71,13.0,3.538614e-07
25,71,14.0,4.4549247e-07
25,72,0.0,1.236468e-07
25,72,1.0,2.6320748e-07
25,72,2.0,7.692554e-07
25,72,3.0,1.5952638e-06
25,72,4.0,1.0184804e-06
25,72,5.0,7.092236e-07
25,72,6.0,5.000762e-07
25,72,7.0,4.14547e-07
25,72,8.0,3.5993102e-07
25,72,9.0,1.9667495e-07
25,72,10.0,1.7663177e-07
25,72,11.0,2.0363923e-07
25,72,12.0,1.0435738e-07
25,72,13.0,5.6864234e-08
25,72,14.0,8.214196e-08
25,73,0.0,5.136424e-07
25,73,1.0,7.327687e-07
25,73,2.0,7.957242e-07
25,73,3.0,7.9820757e-07
25,73,4.0,4.4683836e-07
25,73,5.0,3.424031e-07
25,73,6.0,2.8432785e-07
25,73,7.0,3.4104508e-07
25,73,8.0,4.4414963e-07
25,73,9.0,3.4699715e-07
25,73,10.0,2.7028582e-07
25,73,11.0,1.6728062e-07
25,73,12.0,9.93603e-08
25,73,13.0,6.910524e-08
25,73,14.0,1.601654e-07
26,66,0.0,9.822397e-10
26,66,1.0,6.533218e-08
26,66,2.0,7.79975e-08
26,66,3.0,9.999461e-07
26,66,4.0,4.0397763e-06
26,66,5.0,1.36804265e-05
26,66,6.0,1.9139192e-05
26,66,7.0,1.806229e-05
26,66,8.0,2.5348458e-05
26,66,9.0,2.6736716e-05
26,66,10.0,3.770096e-05
26,66,11.0,5.294237e-05
26,66,12.0,4.873227e-05
26,66,13.0,2.4234763e-05
26,66,14.0,1.0551175e-05
26,67,0.0,1.06837014e-07
26,67,1.0,1.8555724e-07
26,67,2.0,3.1926703e-07
26,67,3.0,8.281723e-07
26,67,4.0,1.1770982e-06
26,67,5.0,8.454945e-07
26,67,6.0,2.3932768e-07
26,67,7.0,1.9508994e-07
26,67,8.0,4.047837e-07
26,67,9.0,9.055684e-07
26,67,10.0,2.0892703e-06
26,67,11.0,4.0738655e-06
26,67,12.0,4.0000605e-06
26,67,13.0,2.920243e-06
26,67,14.0,9.379509e-07
26,68,0.0,3.2414616e-07
26,68,1.0,1.606154e-07
26,68,2.0,4.5950316e-08
26,68,3.0,3.5308548e-07
26,68,4.0,3.132703e-07
26,68,5.0,1.0845723e-07
26,68,6.0,6.736693e-08
26,68,7.0,1.0348594e-07
26,68,8.0,2.1601348e-07
26,68,9.0,5.6666676e-07
26,68,10.0,5.5890695e-07
26,68,11.0,3.3328584e-07
26,68,12.0,1.8552633e-07
26,68,13.0,1.5886849e-07
26,68,14.0,2.901792e-07
26,69,0.0,4.2280922e-07
26,69,1.0,1.1630175e-07
26,69,2.0,2.5746465e-07
26,69,3.0,3.0074295e-07
26,69,4.0,1.6898008e-07
26,69,5.0,8.505103e-08
26,69,6.0,8.435734e-08
26,69,7.0,6.374082e-08
26,69,8.0,1.2786417e-07
26,69,9.0,1.9110611e-07
26,69,10.0,1.0326258e-07
26,69,11.0,3.6478017e-08
26,69,12.0,2.5988276e-08
26,69,13.0,2.0774923e-08
26,69,14.0,8.7799926e-08
26,70,0.0,3.223107e-08
26,70,1.0,4.3331664e-08
26,70,2.0,2.1638758e-07
26,70,3.0,2.3075025e-07
26,70,4.0,3.2760937e-07
26,70,5.0,3.1089195e-07
26,70,6.0,2.9366902e-07
26,70,7.0,1.966204e-07
26,70,8.0,3.4270354e-07
26,70,9.0,5.577455e-07
26,70,10.0,4.6761662e-07
26,70,11.0,3.5933755e-07
26,70,12.0,2.48666e-07
26,70,13.0,4.4335235e-07
26,70,14.0,5.040943e-07
26,71,0.0,6.4798456e-08
26,71,1.0,6.564744e-08
26,71,2.0,4.429553e-08
26,71,3.0,1.5919126e-07
26,71,4.0,1.7323832e-07
26,71,5.0,1.1153517e-07
26,71,6.0,6.634888e-08
26,71,7.0,6.823294e-08
26,71,8.0,1.03618746e-07
26,71,9.0,6.482024e-08
26,71,10.0,1.2002818e-07
26,71,11.0,1.1517001e-07
26,71,12.0,8.3209656e-08
26,71,13.0,1.6756576e-07
26,71,14.0,6.8395116e-07
26,72,0.0,3.2806994e-07
26,72,1.0,1.6142222e-07
26,72,2.0,3.336377e-08
26,72,3.0,2.2517924e-08
26,72,4.0,1.4456436e-08
26,72,5.0,2.6354984e-08
26,72,6.0,8.161572e-08
26,72,7.0,1.9268106e-07
26,72,8.0,2.0297723e-07
26,72,9.0,1.9711285e-07
26,72,10.0,1.96636e-07
26,72,11.0,1.5187432e-07
26,72,12.0,1.4425497e-07
26,72,13.0,2.1986116e-07
26,72,14.0,2.923044e-07
26,73,0.0,7.793242e-08
26,73,1.0,8.8071424e-08
26,73,2.0,9.8520374e-08
26,73,3.0,1.7466087e-07
26,73,4.0,1.9507223e-07
26,73,5.0,2.475687e-07
26,73,6.0,3.4252798e-07
26,73,7.0,3.073071e-07
26,73,8.0,4.140039e-07
26,73,9.0,3.9734965e-07
26,73,10.0,3.9977766e-07
26,73,11.0,4.8516125e-07
26,73,12.0,4.0027635e-07
26,73,13.0,2.0616037e-07
26,73,14.0,2.2896697e-07
26,74,0.0,1.1133741e-07
26,74,1.0,3.909626e-07
26,74,2.0,3.5430958e-07
26,74,3.0,2.6987908e-07
26,74,4.0,1.830769e-07
26,74,5.0,2.93663e-07
26,74,6.0,3.6301876e-07
26,74,7.0,4.309697e-07
26,74,8.0,3.00287e-07
26,74,9.0,1.315953e-07
26,74,10.0,9.5027204e-08
26,74,11.0,8.747629e-08
26,74,12.0,9.733714e-08
26,74,13.0,2.9197784e-07
26,74,14.0,3.8183435e-07
26,75,0.0,3.891114e-07
26,75,1.0,4.6065108e-07
26,75,2.0,4.679322e-07
26,75,3.0,4.5340528e-07
26,75,4.0,2.5785593e-07
26,75,5.0,2.0842793e-07
26,75,6.0,2.0370437e-07
26,75,7.0,2.3576698e-07
26,75,8.0,2.8654782e-07
26,75,9.0,2.7895305e-07
26,75,10.0,3.6093232e-07
26,75,11.0,2.7278293e-07
26,75,12.0,1.2543445e-07
26,75,13.0,1.1185273e-07
26,75,14.0,2.0601738e-07
26,76,0.0,3.963488e-07
26,76,1.0,8.8049694e-07
26,76,2.0,7.075819e-07
26,76,3.0,3.9999188e-07
26,76,4.0,2.3438233e-07
26,76,5.0,1.4386711e-07
26,76,6.0,1.4406095e-07
26,76,7.0,2.5829272e-07
26,76,8.0,2.2583747e-07
26,76,9.0,2.6205132e-07
26,76,10.0,1.6879436e-07
26,76,11.0,4.0869722e-08
26,76,12.0,1.44698e-08
26,76,13.0,2.0480279e-08
26,76,14.0,1.2005201e-07
27,66,0.0,1.8687594e-08
27,66,1.0,3.2797384e-08
27,66,2.0,1.1337112e-07
27,66,3.0,2.0850352e-07
27,66,4.0,6.0686496e-08
27,66,5.0,9.0864836e-07
27,66,6.0,2.0422565e-06
27,66,7.0,3.4244717e-06
27,66,8.0,3.0135961e-06
27,66,9.0,5.4733755e-06
27,66,10.0,1.0659463e-05
27,66,11.0,1.673723e-05
27,66,12.0,1.7364566e-05
27,66,13.0,1.2020966e-05
27,66,14.0,4.3903783e-06
27,67,0.0,2.8642114e-08
27,67,1.0,2.511214e-08
27,67,2.0,1.7130483e-09
27,67,3.0,4.2483825e-09
27,67,4.0,4.8390245e-07
27,67,5.0,2.0018138e-06
27,67,6.0,3.6851711e-06
27,67,7.0,3.821118e-06
27,67,8.0,9.745663e-06
27,67,9.0,2.0075024e-05
27,67,10.0,3.5146306e-05
27,67,11.0,5.6937595e-05
27,67,12.0,7.673738e-05
27,67,13.0,9.069965e-05
27,67,14.0,7.974169e-05
27,68,0.0,0.0
27,68,1.0,0.0
27,68,2.0,1.0097564e-09
27,68,3.0,1.5562938e-07
27,68,4.0,6.324575e-07
27,68,5.0,3.6197862e-06
27,68,6.0,1.0860959e-05
27,68,7.0,2.251909e-05
27,68,8.0,4.2858872e-05
27,68,9.0,6.963094e-05
27,68,10.0,0.00010208926
27,68,11.0,0.00011000912
27,68,12.0,0.00011669863
27,68,13.0,0.000120756
27,68,14.0,8.0172955e-05
27,69,0.0,1.6654788e-08
27,69,1.0,1.40372e-08
27,69,2.0,4.7825054e-08
27,69,3.0,1.1005063e-06
27,69,4.0,7.1988065e-06
27,69,5.0,2.3579756e-05
27,69,6.0,4.2938776e-05
27,69,7.0,6.26674e-05
27,69,8.0,9.477543e-05
27,69,9.0,0.00010483496
27,69,10.0,8.551103e-05
27,69,11.0,7.7567245e-05
27,69,12.0,8.109802e-05
27,69,13.0,8.896256e-05
27,69,14.0,5.7798152e-05
27,70,0.0,0.0
27,70,1.0,0.0
27,70,2.0,1.8910557e-08
27,70,3.0,1.4549258e-06
27,70,4.0,7.897939e-06
27,70,5.0,1.5715505e-05
27,70,6.0,1.5850293e-05
27,70,7.0,1.873291e-05
27,70,8.0,2.3037215e-05
27,70,9.0,2.2092978e-05
27,70,10.0,1.6893906e-05
27,70,11.0,1.864351e-05
27,70,12.0,2.2891903e-05
27,70,13.0,2.0302528e-05
27,70,14.0,1.4260904e-05
27,71,0.0,3.9482932e-09
27,71,1.0,7.3198436e-08
27,71,2.0,9.8154956e-08
27,71,3.0,6.974115e-07
27,71,4.0,4.7521297e-07
27,71,5.0,6.8567225e-08
27,71,6.0,4.5005518e-08
27,71,7.0,1.7666054e-07
27,71,8.0,2.4382987e-07
27,71,9.0,1.8215755e-07
27,71,10.0,2.1798145e-07
27,71,11.0,2.5935284e-07
27,71,12.0,2.0803981e-07
27,71,13.0,3.335902e-07
27,71,14.0,2.871965e-07
27,72,0.0,3.915928e-08
27,72,1.0,5.7437497e-08
27,72,2.0,1.0397308e-07
27,72,3.0,2.3209887e-08
27,72,4.0,9.70607e-09
27,72,5.0,3.1835743e-08
27,72,6.0,2.4101624e-08
27,72,7.0,4.3359954e-08
27,72,8.0,1.044564e-07
27,72,9.0,6.451135e-08
27,72,10.0,1.1882505e-07
27,72,11.0,2.2423997e-07
27,72,12.0,2.6371347e-07
27,72,13.0,5.733462e-07
27,72,14.0,1.7504719e-07
27,73,0.0,4.121415e-08
27,73,1.0,3.359479e-08
27,73,2.0,1.9754205e-08
27,73,3.0,1.2209313e-08
27,73,4.0,3.8401268e-08
27,73,5.0,2.9074002e-07
27,73,6.0,3.5097327e-07
27,73,7.0,1.6374737e-07
27,73,8.0,2.236362e-07
27,73,9.0,5.060728e-07
27,73,10.0,3.420219e-07
27,73,11.0,2.7509677e-07
27,73,12.0,6.9713826e-07
27,73,13.0,1.3430737e-06
27,73,14.0,5.483101e-07
27,74,0.0,4.4191626e-07
27,74,1.0,3.779944e-07
27,74,2.0,2.9392024e-07
27,74,3.0,8.396445e-08
27,74,4.0,4.0371052e-08
27,74,5.0,1.538437e-07
27,74,6.0,1.8131603e-07
27,74,7.0,5.011578e-08
27,74,8.0,7.8583895e-08
27,74,9.0,1.7214666e-07
27,74,10.0,1.359958e-07
27,74,11.0,1.5651864e-07
27,74,12.0,3.8750736e-07
27,74,13.0,8.6623066e-07
27,74,14.0,1.2360341e-06
27,75,0.0,1.4897528e-08
27,75,1.0,3.6136436e-07
27,75,2.0,1.221959e-07
27,75,3.0,6.752359e-08
27,75,4.0,9.1885425e-08
27,75,5.0,9.953187e-08
27,75,6.0,9.983415e-08
27,75,7.0,7.284312e-08
27,75,8.0,3.0989494e-07
27,75,9.0,5.1216875e-07
27,75,10.0,4.2151999e-07
27,75,11.0,4.8064743e-07
27,75,12.0,9.3383665e-07
27,75,13.0,1.4087137e-06
27,75,14.0,1.1806508e-06
27,76,0.0,1.003843e-07
27,76,1.0,6.914896e-07
27,76,2.0,5.0635333e-07
27,76,3.0,9.761993e-08
27,76,4.0,1.3656943e-08
27,76,5.0,2.6442628e-08
27,76,6.0,6.720855e-08
27,76,7.0,1.6328596e-07
27,76,8.0,3.897953e-07
27,76,9.0,6.5701045e-07
27,76,10.0,7.3777943e-07
27,76,11.0,6.4991156e-07
27,76,12.0,4.675186e-07
27,76,13.0,3.3419292e-07
27,76,14.0,3.3126153e-07
27,77,0.0,3.7543266e-08
27,77,1.0,2.2387658e-07
27,77,2.0,6.7032346e-07
27,77,3.0,4.3568093e-07
27,77,4.0,2.0522313e-07
27,77,5.0,2.892191e-07
27,77,6.0,6.771749e-07
27,77,7.0,3.2826773e-07
27,77,8.0,2.024727e-07
27,77,9.0,2.733668e-07
27,77,10.0,1.2878799e-07
27,77,11.0,1.2340409e-07
27,77,12.0,5.194213e-07
27,77,13.0,8.9847845e-07
27,77,14.0,5.9670253e-07
27,78,0.0,8.297978e-08
27,78,1.0,4.211522e-08
27,78,2.0,1.7867423e-07
27,78,3.0,1.4811022e-07
27,78,4.0,2.5334208e-07
27,78,5.0,5.273171e-07
27,78,6.0,2.618981e-07
27,78,7.0,2.6420213e-07
27,78,8.0,2.3457667e-07
27,78,9.0,2.521864e-07
27,78,10.0,2.616346e-07
27,78,11.0,2.3810978e-07
27,78,12.0,3.5014205e-07
27,78,13.0,4.049597e-07
27,78,14.0,3.40376e-07
28,66,0.0,8.958388e-09
28,66,1.0,7.5281886e-10
28,66,2.0,0.0
28,66,3.0,0.0
28,66,4.0,2.2268374e-14
28,66,5.0,0.0
28,66,6.0,7.0498585e-10
28,66,7.0,2.830972e-08
28,66,8.0,6.4484325e-08
28,66,9.0,6.189989e-08
28,66,10.0,2.6652874e-08
28,66,11.0,3.373374e-08
28,66,12.0,1.220674e-07
28,66,13.0,2.1375766e-07
28,66,14.0,1.9126742e-07
28,67,0.0,0.0
28,67,1.0,0.0
28,67,2.0,1.7443272e-10
28,67,3.0,4.8163065e-09
28,67,4.0,1.3555481e-07
28,67,5.0,7.023874e-07
28,67,6.0,2.8927986e-06
28,67,7.0,2.6784821e-06
28,67,8.0,6.891742e-07
28,67,9.0,6.9682477e-07
28,67,10.0,1.7975955e-06
28,67,11.0,3.3641352e-06
28,67,12.0,3.987313e-06
28,67,13.0,4.233283e-06
28,67,14.0,3.8370863e-06
28,68,0.0,7.1181114e-09
28,68,1.0,1.1319821e-09
28,68,2.0,1.7634623e-09
28,68,3.0,3.3704968e-08
28,68,4.0,6.5421443e-07
28,68,5.0,6.593072e-06
28,68,6.0,3.2887852e-05
28,68,7.0,6.290022e-05
28,68,8.0,0.00012269162
28,68,9.0,0.00017771445
28,68,10.0,0.00016252091
28,68,11.0,8.881834e-05
28,68,12.0,6.948181e-05
28,68,13.0,8.291588e-05
28,68,14.0,7.355303e-05
28,69,0.0,0.0
28,69,1.0,0.0
28,69,2.0,1.1085327e-08
28,69,3.0,2.1047474e-06
28,69,4.0,1.3009149e-05
28,69,5.0,5.2139287e-05
28,69,6.0,0.00011040013
28,69,7.0,0.00014513516
28,69,8.0,0.0001556295
28,69,9.0,0.00018356813
28,69,10.0,0.00015932936
28,69,11.0,0.00015896831
28,69,12.0,0.00015116132
28,69,13.0,0.00015722043
28,69,14.0,0.00017386297
28,70,0.0,2.2157765e-11
28,70,1.0,3.6055397e-08
28,70,2.0,1.1244702e-05
28,70,3.0,0.00010846052
28,70,4.0,0.00023199354
28,70,5.0,0.0004113283
28,70,6.0,0.0004946361
28,70,7.0,0.00048466065
28,70,8.0,0.0004932809
28,70,9.0,0.00054871856
28,70,10.0,0.00048881926
28,70,11.0,0.00056471844
28,70,12.0,0.0006478422
28,70,13.0,0.0006917813
28,70,14.0,0.0006452416
28,71,0.0,4.4866243e-11
28,71,1.0,1.6876062e-07
28,71,2.0,2.015833e-05
28,71,3.0,0.00011086409
28,71,4.0,0.00027228895
28,71,5.0,0.00035028753
28,71,6.0,0.00043299593
28,71,7.0,0.00061236793
28,71,8.0,0.0005462818
28,71,9.0,0.00040339777
28,71,10.0,0.00036983695
28,71,11.0,0.00046247308
28,71,12.0,0.00054676604
28,71,13.0,0.0004428359
28,71,14.0,0.00032746876
28,72,0.0,8.389495e-06
28,72,1.0,3.325569e-05
28,72,2.0,0.00015763905
28,72,3.0,0.0002546072
28,72,4.0,0.00036244385
28,72,5.0,0.00046793628
28,72,6.0,0.00066570577
28,72,7.0,0.0005297474
28,72,8.0,0.00044965566
28,72,9.0,0.00043200256
28,72,10.0,0.0004397278
28,72,11.0,0.0004808322
28,72,12.0,0.0006714764
28,72,13.0,0.0007493923
28,72,14.0,0.0005595652
28,73,0.0,8.2756915e-06
28,73,1.0,2.1815174e-05
28,73,2.0,6.985402e-05
28,73,3.0,0.000121234654
28,73,4.0,0.00018295583
28,73,5.0,0.00021540197
28,73,6.0,0.0002330111
28,73,7.0,0.00017763933
28,73,8.0,0.00020304741
28,73,9.0,0.00022070875
28,73,10.0,0.000242726
28,73,11.0,0.00026968468
28,73,12.0,0.00027632207
28,73,13.0,0.00026814625
28,73,14.0,0.0002079399
28,74,0.0,2.662795e-07
28,74,1.0,2.4583114e-06
28,74,2.0,2.262238e-05
28,74,3.0,5.811334e-05
28,74,4.0,5.9589802e-05
28,74,5.0,8.0897815e-05
28,74,6.0,0.00012484791
28,74,7.0,0.00011192633
28,74,8.0,0.00012010435
28,74,9.0,0.00013498953
28,74,10.0,0.00016323806
28,74,11.0,0.0001518872
28,74,12.0,0.00011590874
28,74,13.0,0.000112796566
28,74,14.0,7.997013e-05
28,75,0.0,7.016044e-08
28,75,1.0,1.0676151e-06
28,75,2.0,1.6522837e-06
28,75,3.0,3.9168444e-07
28,75,4.0,2.495339e-09
28,75,5.0,4.399596e-09
28,75,6.0,2.9249776e-07
28,75,7.0,6.151086e-07
28,75,8.0,4.4644293e-07
28,75,9.0,6.513453e-07
28,75,10.0,1.966497e-08
28,75,11.0,0.0
28,75,12.0,0.0
28,75,13.0,1.4998024e-07
28,75,14.0,3.847597e-07
28,76,0.0,2.2553135e-07
28,76,1.0,4.72811e-08
28,76,2.0,5.751167e-07
28,76,3.0,1.6291445e-07
28,76,4.0,1.2971763e-07
28,76,5.0,4.604867e-07
28,76,6.0,3.728525e-07
28,76,7.0,1.3018597e-07
28,76,8.0,3.4268666e-07
28,76,9.0,2.2524034e-07
28,76,10.0,6.1831145e-08
28,76,11.0,2.8488099e-08
28,76,12.0,1.1088109e-07
28,76,13.0,2.0919065e-07
28,76,14.0,4.1312128e-07
28,77,0.0,4.196892e-08
28,77,1.0,9.035143e-09
28,77,2.0,1.7861001e-07
28,77,3.0,2.932342e-08
28,77,4.0,1.4703177e-08
28,77,5.0,6.3971886e-09
28,77,6.0,1.7659838e-08
28,77,7.0,2.7575226e-08
28,77,8.0,1.406012e-08
28,77,9.0,2.3129965e-08
28,77,10.0,2.4915343e-08
28,77,11.0,1.0658646e-08
28,77,12.0,1.0715533e-08
28,77,13.0,3.624385e-08
28,77,14.0,2.436116e-08
28,78,0.0,1.4477806e-07
28,78,1.0,1.3452527e-07
28,78,2.0,8.047054e-08
28,78,3.0,7.742083e-09
28,78,4.0,5.0134947e-08
28,78,5.0,3.7586543e-07
28,78,6.0,7.2437064e-07
28,78,7.0,7.0308477e-07
28,78,8.0,4.289121e-07
28,78,9.0,2.7919188e-07
28,78,10.0,2.7476185e-07
28,78,11.0,3.0360988e-07
28,78,12.0,2.7569294e-07
28,78,13.0,3.069556e-07
28,78,14.0,4.060171e-07
28,79,0.0,3.6931448e-07
28,79,1.0,8.692882e-08
28,79,2.0,1.915569e-08
28,79,3.0,9.518344e-08
28,79,4.0,1.4203721e-07
28,79,5.0,2.2742239e-07
28,79,6.0,3.0084556e-07
28,79,7.0,2.1308178e-07
28,79,8.0,1.12227966e-07
28,79,9.0,2.5047045e-08
28,79,10.0,2.7715794e-08
28,79,11.0,1.3376822e-07
28,79,12.0,8.914957e-08
28,79,13.0,4.7916878e-08
28,79,14.0,2.7289616e-08
28,80,0.0,1.5967157e-07
28,80,1.0,7.5477075e-08
28,80,2.0,5.6228647e-08
28,80,3.0,4.6315398e-07
28,80,4.0,4.3653466e-07
28,80,5.0,4.152525e-07
28,80,6.0,4.0391396e-07
28,80,7.0,8.997942e-07
28,80,8.0,7.98596e-07
28,80,9.0,4.98925e-07
28,80,10.0,4.3154546e-07
28,80,11.0,6.441271e-07
28,80,12.0,6.06669e-07
28,80,13.0,2.5989993e-07
28,80,14.0,1.3925036e-07
28,81,0.0,5.4530176e-07
28,81,1.0,1.8544536e-07
28,81,2.0,9.3105723e-07
28,81,3.0,5.473739e-07
28,81,4.0,5.2823685e-07
28,81,5.0,1.1599603e-06
28,81,6.0,1.5404937e-06
28,81,7.0,7.7774354e-07
28,81,8.0,1.9582797e-07
28,81,9.0,2.2042454e-07
28,81,10.0,4.9450426e-07
28,81,11.0,7.1456134e-07
28,81,12.0,2.5492074e-07
28,81,13.0,2.3762155e-08
28,81,14.0,4.5632755e-09
28,82,0.0,6.077192e-07
28,82,1.0,6.290743e-07
28,82,2.0,2.059828e-07
28,82,3.0,6.9828076e-07
28,82,4.0,8.835162e-07
28,82,5.0,9.3661146e-07
28,82,6.0,4.3843067e-07
28,82,7.0,9.3660354e-08
28,82,8.0,1.6672223e-07
28,82,9.0,3.1969475e-07
28,82,10.0,6.180884e-07
28,82,11.0,5.238453e-07
28,82,12.0,3.7068796e-07
28,82,13.0,5.167818e-08
28,82,14.0,6.333769e-08
29,66,0.0,1.2055153e-06
29,66,1.0,1.0855359e-06
29,66,2.0,9.985746e-07
29,66,3.0,4.4205316e-07
29,66,4.0,2.3111193e-07
29,66,5.0,1.5430909e-07
29,66,6.0,2.0413107e-07
29,66,7.0,4.1514133e-07
29,66,8.0,4.1406034e-07
29,66,9.0,1.5335904e-07
29,66,10.0,1.2887149e-07
29,66,11.0,2.2134763e-07
29,66,12.0,2.2053855e-07
29,66,13.0,2.1606722e-07
29,66,14.0,3.9451223e-07
29,67,0.0,2.8031567e-07
29,67,1.0,5.00296e-07
29,67,2.0,3.592291e-07
29,67,3.0,7.6425755e-07
29,67,4.0,1.065285e-06
29,67,5.0,8.7701386e-07
29,67,6.0,7.098123e-07
29,67,7.0,3.4547426e-07
29,67,8.0,1.1542734e-07
29,67,9.0,1.0321864e-07
29,67,10.0,8.698677e-08
29,67,11.0,7.674613e-09
29,67,12.0,1.2359791e-09
29,67,13.0,7.642992e-09
29,67,14.0,7.616035e-09
29,68,0.0,2.2981142e-10
29,68,1.0,0.0
29,68,2.0,5.988915e-13
29,68,3.0,0.0
29,68,4.0,0.0
29,68,5.0,0.0
29,68,6.0,1.1655233e-09
29,68,7.0,1.2040143e-09
29,68,8.0,1.5614347e-08
29,68,9.0,1.7504759e-08
29,68,10.0,7.349278e-08
29,68,11.0,5.5926284e-07
29,68,12.0,5.4756345e-07
29,68,13.0,6.5556736e-07
29,68,14.0,1.3115341e-06
29,69,0.0,8.9968283e-10
29,69,1.0,5.407233e-11
29,69,2.0,6.6527456e-12
29,69,3.0,4.266673e-08
29,69,4.0,2.83496e-06
29,69,5.0,5.794258e-06
29,69,6.0,7.4453446e-06
29,69,7.0,4.832453e-06
29,69,8.0,4.3995324e-06
29,69,9.0,1.5624653e-05
29,69,10.0,2.784468e-05
29,69,11.0,3.8597773e-05
29,69,12.0,3.455112e-05
29,69,13.0,4.008021e-05
29,69,14.0,6.717885e-05
29,70,0.0,0.0
29,70,1.0,0.0
29,70,2.0,0.0
29,70,3.0,5.4961555e-07
29,70,4.0,6.325289e-06
29,70,5.0,4.393925e-05
29,70,6.0,8.679401e-05
29,70,7.0,8.2863946e-05
29,70,8.0,7.056922e-05
29,70,9.0,0.00011098102
29,70,10.0,0.00012345886
29,70,11.0,0.00013844791
29,70,12.0,0.00012626001
29,70,13.0,0.00015113378
29,70,14.0,0.0001696706
29,71,0.0,5.040667e-09
29,71,1.0,2.9035363e-07
29,71,2.0,1.414478e-05
29,71,3.0,0.00011892704
29,71,4.0,0.0002816064
29,71,5.0,0.00049071014
29,71,6.0,0.00045239617
29,71,7.0,0.00030547936
29,71,8.0,0.00033093325
29,71,9.0,0.00027373582
29,71,10.0,0.0003928588
29,71,11.0,0.0006613491
29,71,12.0,0.00080115924
29,71,13.0,0.00063873123
29,71,14.0,0.0004491234
29,72,0.0,7.756744e-06
29,72,1.0,1.43435645e-05
29,72,2.0,9.580737e-05
29,72,3.0,0.00035299113
29,72,4.0,0.0005630578
29,72,5.0,0.0008383349
29,72,6.0,0.0007920646
29,72,7.0,0.00084877084
29,72,8.0,0.0007906079
29,72,9.0,0.0006733815
29,72,10.0,0.0008606692
29,72,11.0,0.001182025
29,72,12.0,0.001235817
29,72,13.0,0.0010787087
29,72,14.0,0.0009992473
29,73,0.0,5.7869187e-05
29,73,1.0,0.00012811775
29,73,2.0,0.00033233035
29,73,3.0,0.00066984515
29,73,4.0,0.0013694719
29,73,5.0,0.0019068348
29,73,6.0,0.0022621772
29,73,7.0,0.0018858202
29,73,8.0,0.0016235103
29,73,9.0,0.0016000458
29,73,10.0,0.0017928485
29,73,11.0,0.0019159417
29,73,12.0,0.0020628127
29,73,13.0,0.0018025399
29,73,14.0,0.0014298212
29,74,0.0,2.205409e-05
29,74,1.0,7.205889e-05
29,74,2.0,0.00027605187
29,74,3.0,0.0006944015
29,74,4.0,0.0010958452
29,74,5.0,0.0014992455
29,74,6.0,0.0017130836
29,74,7.0,0.0013005562
29,74,8.0,0.0012557904
29,74,9.0,0.0013235742
29,74,10.0,0.0014752113
29,74,11.0,0.0015327315
29,74,12.0,0.0014794064
29,74,13.0,0.0012789508
29,74,14.0,0.0010735379
29,75,0.0,5.7335335e-05
29,75,1.0,0.00015333938
29,75,2.0,0.00036934044
29,75,3.0,0.0006816125
29,75,4.0,0.001009904
29,75,5.0,0.0016979821
29,75,6.0,0.0019396311
29,75,7.0,0.0012328452
29,75,8.0,0.0009823974
29,75,9.0,0.0007416708
29,75,10.0,0.0007708997
29,75,11.0,0.0008937027
29,75,12.0,0.0011628981
29,75,13.0,0.001168264
29,75,14.0,0.00077059417
29,76,0.0,1.961395e-05
29,76,1.0,7.7842116e-05
29,76,2.0,0.00016677343
29,76,3.0,0.00025567223
29,76,4.0,0.00038730842
29,76,5.0,0.0004511845
29,76,6.0,0.00057263655
29,76,7.0,0.00042494875
29,76,8.0,0.00035483995
29,76,9.0,0.0003011617
29,76,10.0,0.0003151562
29,76,11.0,0.00030125398
29,76,12.0,0.0003841659
29,76,13.0,0.00049782585
29,76,14.0,0.00036445414
29,77,0.0,3.8596372e-05
29,77,1.0,9.1015325e-05
29,77,2.0,0.00020288878
29,77,3.0,0.00057493977
29,77,4.0,0.00088322355
29,77,5.0,0.000830361
29,77,6.0,0.00079716207
29,77,7.0,0.0006555919
29,77,8.0,0.00053186616
29,77,9.0,0.0004702509
29,77,10.0,0.0004792763
29,77,11.0,0.0005161563
29,77,12.0,0.0006236238
29,77,13.0,0.0006562657
29,77,14.0,0.000469776
29,78,0.0,3.710244e-05
29,78,1.0,6.4863416e-05
29,78,2.0,0.00013173166
29,78,3.0,0.00017097061
29,78,4.0,0.00019181373
29,78,5.0,0.00020022315
29,78,6.0,0.00021646936
29,78,7.0,0.00020135834
29,78,8.0,0.00016228143
29,78,9.0,0.00014519073
29,78,10.0,0.00013794097
29,78,11.0,0.0001560951
29,78,12.0,0.000207676
29,78,13.0,0.00023612057
29,78,14.0,0.00014481661
29,79,0.0,6.5654564e-07
29,79,1.0,5.3269073e-06
29,79,2.0,2.7880636e-05
29,79,3.0,4.4935085e-05
29,79,4.0,6.1987645e-05
29,79,5.0,5.8169735e-05
29,79,6.0,3.9242917e-05
29,79,7.0,4.0817755e-05
29,79,8.0,4.6602036e-05
29,79,9.0,4.8291833e-05
29,79,10.0,4.8284895e-05
29,79,11.0,4.990833e-05
29,79,12.0,4.8352256e-05
29,79,13.0,3.7996633e-05
29,79,14.0,4.3113312e-05
29,80,0.0,9.4506305e-08
29,80,1.0,3.3211336e-07
29,80,2.0,6.958334e-07
29,80,3.0,7.347741e-07
29,80,4.0,9.869334e-07
29,80,5.0,6.1638997e-07
29,80,6.0,2.2276706e-07
29,80,7.0,5.9198687e-08
29,80,8.0,2.7452476e-08
29,80,9.0,7.965577e-08
29,80,10.0,5.260408e-08
29,80,11.0,2.013775e-08
29,80,12.0,3.6876735e-08
29,80,13.0,1.2913115e-07
29,80,14.0,2.7637915e-07
29,81,0.0,1.9659035e-07
29,81,1.0,9.6971746e-08
29,81,2.0,4.4080807e-08
29,81,3.0,4.474836e-07
29,81,4.0,7.831588e-07
29,81,5.0,5.409444e-07
29,81,6.0,5.491705e-07
29,81,7.0,4.5545627e-07
29,81,8.0,6.989375e-07
29,81,9.0,8.7771787e-07
29,81,10.0,1.2449893e-06
29,81,11.0,1.2615147e-06
29,81,12.0,8.140148e-07
29,81,13.0,6.27627e-07
29,81,14.0,9.591795e-07
29,82,0.0,1.7566317e-07
29,82,1.0,2.1511426e-07
29,82,2.0,7.324284e-07
29,82,3.0,1.5160474e-06
29,82,4.0,1.4732243e-06
29,82,5.0,1.380385e-06
29,82,6.0,1.2026901e-06
29,82,7.0,2.1087247e-07
29,82,8.0,1.8962423e-07
29,82,9.0,1.5605107e-07
29,82,10.0,4.161717e-07
29,82,11.0,1.0629902e-06
29,82,12.0,4.5593927e-07
29,82,13.0,2.2370241e-07
29,82,14.0,4.2033798e-07
29,83,0.0,4.2508094e-07
29,83,1.0,5.6408106e-07
29,83,2.0,6.0702666e-07
29,83,3.0,3.0453452e-07
29,83,4.0,2.2481615e-06
29,83,5.0,5.7407487e-06
29,83,6.0,3.2235585e-06
29,83,7.0,1.5086341e-06
29,83,8.0,6.737903e-07
29,83,9.0,6.8605726e-07
29,83,10.0,4.902919e-07
29,83,11.0,4.954497e-07
29,83,12.0,6.4082406e-07
29,83,13.0,5.181907e-07
29,83,14.0,5.9135374e-08
29,84,0.0,2.410297e-07
29,84,1.0,2.4271733e-07
29,84,2.0,4.5527867e-07
29,84,3.0,4.4739903e-07
29,84,4.0,8.6012034e-07
29,84,5.0,2.1971016e-06
29,84,6.0,2.2457261e-06
29,84,7.0,1.9488343e-06
29,84,8.0,1.2635846e-06
29,84,9.0,7.6379547e-07
29,84,10.0,7.7769363e-07
29,84,11.0,6.7867603e-07
29,84,12.0,1.1538041e-06
29,84,13.0,1.0549073e-06
29,84,14.0,1.6374456e-06
30,66,0.0,1.2261606e-06
30,66,1.0,1.804253e-06
30,66,2.0,7.467781e-07
30,66,3.0,4.324092e-07
30,66,4.0,3.3896205e-07
30,66,5.0,3.5305095e-07
30,66,6.0,5.5896055e-07
30,66,7.0,7.125887e-07
30,66,8.0,6.5591075e-07
30,66,9.0,4.3924163e-07
30,66,10.0,2.8542593e-07
30,66,11.0,3.88204e-07
30,66,12.0,4.602781e-07
30,66,13.0,4.977087e-07
30,66,14.0,7.192753e-07
30,67,0.0,7.940549e-07
30,67,1.0,1.0960657e-06
30,67,2.0,1.0365661e-06
30,67,3.0,6.8969905e-07
30,67,4.0,4.2836893e-07
30,67,5.0,3.8346667e-07
30,67,6.0,3.4672624e-07
30,67,7.0,4.4737635e-07
30,67,8.0,6.431573e-07
30,67,9.0,3.058657e-07
30,67,10.0,2.495952e-07
30,67,11.0,4.046039e-07
30,67,12.0,5.7539063e-07
30,67,13.0,7.341909e-07
30,67,14.0,1.096514e-06
30,68,0.0,5.142694e-07
30,68,1.0,9.319786e-08
30,68,2.0,5.618252e-08
30,68,3.0,6.831199e-08
30,68,4.0,1.3947393e-07
30,68,5.0,4.597433e-07
30,68,6.0,6.869813e-07
30,68,7.0,3.720976e-07
30,68,8.0,1.874294e-07
30,68,9.0,3.892544e-07
30,68,10.0,3.971667e-07
30,68,11.0,1.3402021e-07
30,68,12.0,5.269731e-08
30,68,13.0,6.883584e-08
30,68,14.0,2.5477607e-07
30,69,0.0,1.8229639e-06
30,69,1.0,7.5389573e-07
30,69,2.0,8.059939e-07
30,69,3.0,4.709724e-07
30,69,4.0,5.8539973e-07
30,69,5.0,5.95797e-07
30,69,6.0,1.052226e-06
30,69,7.0,1.3585333e-06
30,69,8.0,6.3194165e-07
30,69,9.0,7.264389e-07
30,69,10.0,3.2422716e-07
30,69,11.0,3.4816438e-07
30,69,12.0,1.8573849e-07
30,69,13.0,6.504864e-08
30,69,14.0,5.1957816e-08
30,70,0.0,3.6851504e-11
30,70,1.0,0.0
30,70,2.0,1.3172022e-09
30,70,3.0,2.3835934e-08
30,70,4.0,1.596316e-07
30,70,5.0,6.276848e-08
30,70,6.0,6.068143e-08
30,70,7.0,5.835897e-08
30,70,8.0,7.613059e-08
30,70,9.0,1.2930826e-07
30,70,10.0,7.575868e-07
30,70,11.0,1.1930559e-06
30,70,12.0,1.6675763e-06
30,70,13.0,1.5742852e-06
30,70,14.0,1.0815884e-06
30,71,0.0,4.227104e-11
30,71,1.0,2.5448149e-11
30,71,2.0,1.5001643e-08
30,71,3.0,7.295644e-07
30,71,4.0,7.4799564e-06
30,71,5.0,1.0149511e-05
30,71,6.0,8.712395e-06
30,71,7.0,8.822317e-06
30,71,8.0,6.2945746e-06
30,71,9.0,7.662491e-06
30,71,10.0,1.2053599e-05
30,71,11.0,2.3302115e-05
30,71,12.0,3.0422703e-05
30,71,13.0,2.3703333e-05
30,71,14.0,1.4625422e-05
30,72,0.0,6.7650108e-06
30,72,1.0,1.0275147e-05
30,72,2.0,4.4648e-05
30,72,3.0,0.00012757991
30,72,4.0,0.00029832008
30,72,5.0,0.00036975413
30,72,6.0,0.00038854097
30,72,7.0,0.00040025
30,72,8.0,0.0003419255
30,72,9.0,0.00033056166
30,72,10.0,0.00036858988
30,72,11.0,0.00046947063
30,72,12.0,0.00042978855
30,72,13.0,0.00033023942
30,72,14.0,0.00027330098
30,73,0.0,2.1291899e-05
30,73,1.0,0.00010005405
30,73,2.0,0.0002191259
30,73,3.0,0.00053840945
30,73,4.0,0.0007289128
30,73,5.0,0.0010419586
30,73,6.0,0.0010591472
30,73,7.0,0.0010474945
30,73,8.0,0.0006991312
30,73,9.0,0.0008275129
30,73,10.0,0.0011876327
30,73,11.0,0.001513061
30,73,12.0,0.0013993323
30,73,13.0,0.0010691601
30,73,14.0,0.0010130053
30,74,0.0,0.00014395764
30,74,1.0,0.00049402367
30,74,2.0,0.0016521572
30,74,3.0,0.0026202078
30,74,4.0,0.0036927857
30,74,5.0,0.004745197
30,74,6.0,0.004763089
30,74,7.0,0.004023304
30,74,8.0,0.003650395
30,74,9.0,0.0037915946
30,74,10.0,0.0046291277
30,74,11.0,0.0049407026
30,74,12.0,0.0052881497
30,74,13.0,0.0045403466
30,74,14.0,0.003814077
30,75,0.0,0.0002711729
30,75,1.0,0.0008207858
30,75,2.0,0.0022834989
30,75,3.0,0.0047252877
30,75,4.0,0.0074574444
30,75,5.0,0.009501739
30,75,6.0,0.007879872
30,75,7.0,0.005951814
30,75,8.0,0.004442522
30,75,9.0,0.004411081
30,75,10.0,0.00537053
30,75,11.0,0.0065663913
30,75,12.0,0.006203006
30,75,13.0,0.005711997
30,75,14.0,0.005015325
30,76,0.0,0.0010515794
30,76,1.0,0.0024049538
30,76,2.0,0.00566377
30,76,3.0,0.009191305
30,76,4.0,0.012275735
30,76,5.0,0.014547765
30,76,6.0,0.014369226
30,76,7.0,0.011514814
30,76,8.0,0.008780054
30,76,9.0,0.008563721
30,76,10.0,0.00971359
30,76,11.0,0.0108574275
30,76,12.0,0.010327993
30,76,13.0,0.009680028
30,76,14.0,0.008545402
30,77,0.0,0.0017836627
30,77,1.0,0.0035618558
30,77,2.0,0.006761388
30,77,3.0,0.011553699
30,77,4.0,0.013784825
30,77,5.0,0.015306204
30,77,6.0,0.013827788
30,77,7.0,0.010161316
30,77,8.0,0.008455114
30,77,9.0,0.00824029
30,77,10.0,0.009138406
30,77,11.0,0.010059732
30,77,12.0,0.0101433955
30,77,13.0,0.008975889
30,77,14.0,0.00783516
30,78,0.0,0.00256123
30,78,1.0,0.0042929784
30,78,2.0,0.009460061
30,78,3.0,0.016012916
30,78,4.0,0.019473692
30,78,5.0,0.019775618
30,78,6.0,0.016948147
30,78,7.0,0.013901482
30,78,8.0,0.011302475
30,78,9.0,0.010092029
30,78,10.0,0.010722543
30,78,11.0,0.011463175
30,78,12.0,0.011445411
30,78,13.0,0.010078671
30,78,14.0,0.008543215
30,79,0.0,0.001092644
30,79,1.0,0.00248809
30,79,2.0,0.004817953
30,79,3.0,0.006754858
30,79,4.0,0.007974874
30,79,5.0,0.00782525
30,79,6.0,0.007192273
30,79,7.0,0.0050218794
30,79,8.0,0.0040962636
30,79,9.0,0.0037356988
30,79,10.0,0.003929441
30,79,11.0,0.0043228436
30,79,12.0,0.004457423
30,79,13.0,0.004157265
30,79,14.0,0.0035018118
30,80,0.0,0.00043363197
30,80,1.0,0.000941584
30,80,2.0,0.0016969198
30,80,3.0,0.0024377084
30,80,4.0,0.0026085456
30,80,5.0,0.002420009
30,80,6.0,0.0019925178
30,80,7.0,0.0014931005
30,80,8.0,0.0011970141
30,80,9.0,0.0012043254
30,80,10.0,0.0013478546
30,80,11.0,0.0013967742
30,80,12.0,0.0013307931
30,80,13.0,0.0011412358
30,80,14.0,0.00080173643
30,81,0.0,2.5047973e-06
30,81,1.0,3.5341327e-06
30,81,2.0,1.6156939e-05
30,81,3.0,4.148635e-05
30,81,4.0,5.9938346e-05
30,81,5.0,7.901577e-05
30,81,6.0,8.5061394e-05
30,81,7.0,6.977426e-05
30,81,8.0,6.683012e-05
30,81,9.0,7.9621546e-05
30,81,10.0,8.443248e-05
30,81,11.0,9.417193e-05
30,81,12.0,0.00012129871
30,81,13.0,0.00014141583
30,81,14.0,8.336115e-05
30,82,0.0,2.841151e-07
30,82,1.0,3.841229e-07
30,82,2.0,4.1231766e-07
30,82,3.0,4.2827313e-07
30,82,4.0,2.0959088e-07
30,82,5.0,2.165072e-07
30,82,6.0,9.589018e-08
30,82,7.0,4.5894968e-08
30,82,8.0,1.4131831e-08
30,82,9.0,4.4936677e-08
30,82,10.0,3.617845e-08
30,82,11.0,2.4034591e-08
30,82,12.0,2.5449129e-08
30,82,13.0,1.6142222e-07
30,82,14.0,5.235529e-07
30,83,0.0,6.989667e-08
30,83,1.0,1.2219903e-07
30,83,2.0,3.694949e-07
30,83,3.0,2.60158e-07
30,83,4.0,3.5485506e-08
30,83,5.0,9.569675e-08
30,83,6.0,1.10883256e-07
30,83,7.0,1.5364424e-08
30,83,8.0,7.3855276e-08
30,83,9.0,2.0734161e-07
30,83,10.0,2.6470536e-07
30,83,11.0,1.7619465e-07
30,83,12.0,4.8075364e-08
30,83,13.0,4.2816627e-08
30,83,14.0,2.6530245e-08
30,84,0.0,4.354586e-07
30,84,1.0,3.075966e-07
30,84,2.0,4.901505e-07
30,84,3.0,1.9849708e-07
30,84,4.0,1.8503456e-06
30,84,5.0,2.6348168e-06
30,84,6.0,2.235488e-06
30,84,7.0,6.748282e-07
30,84,8.0,1.4893907e-07
30,84,9.0,6.820828e-08
30,84,10.0,3.4905028e-07
30,84,11.0,1.3057639e-06
30,84,12.0,9.525761e-07
30,84,13.0,4.6008225e-07
30,84,14.0,1.0217252e-06
30,85,0.0,2.7464884e-07
30,85,1.0,8.758939e-07
30,85,2.0,4.0836142e-07
30,85,3.0,2.5317385e-07
30,85,4.0,4.359721e-07
30,85,5.0,7.02885e-07
30,85,6.0,8.1007414e-07
30,85,7.0,1.12103756e-07
30,85,8.0,1.8203565e-07
30,85,9.0,2.3026367e-07
30,85,10.0,2.5608583e-07
30,85,11.0,9.815432e-07
30,85,12.0,4.869937e-07
30,85,13.0,4.1846715e-08
30,85,14.0,7.476469e-08
30,86,0.0,7.370835e-07
30,86,1.0,9.931931e-07
30,86,2.0,1.341809e-06
30,86,3.0,3.6653103e-07
30,86,4.0,4.8712997e-07
30,86,5.0,4.8335806e-07
30,86,6.0,5.3448923e-07
30,86,7.0,3.2781347e-07
30,86,8.0,2.9323314e-07
30,86,9.0,1.9175852e-07
30,86,10.0,1.1686057e-07
30,86,11.0,3.298105e-07
30,86,12.0,1.4237068e-07
30,86,13.0,1.221624e-07
30,86,14.0,5.681109e-07
31,67,0.0,3.5368674e-07
31,67,1.0,3.5052142e-07
31,67,2.0,3.687041e-07
31,67,3.0,3.7934282e-07
31,67,4.0,3.956074e-07
31,67,5.0,3.542715e-07
31,67,6.0,1.7159121e-07
31,67,7.0,2.0601622e-07
31,67,8.0,2.584512e-07
31,67,9.0,1.6829756e-07
31,67,10.0,6.3075376e-08
31,67,11.0,7.062926e-08
31,67,12.0,6.807555e-08
31,67,13.0,4.155589e-08
31,67,14.0,4.0215102e-08
31,68,0.0,4.6541209e-07
31,68,1.0,1.3523088e-07
31,68,2.0,3.8523062e-08
31,68,3.0,3.2258033e-08
31,68,4.0,5.950557e-08
31,68,5.0,9.0470564e-08
31,68,6.0,1.0587868e-07
31,68,7.0,1.5231777e-07
31,68,8.0,2.0293506e-07
31,68,9.0,2.5226421e-07
31,68,10.0,4.4037768e-07
31,68,11.0,7.46551e-07
31,68,12.0,8.5761144e-07
31,68,13.0,6.662971e-07
31,68,14.0,2.2816445e-07
31,69,0.0,3.3145744e-07
31,69,1.0,3.5026045e-07
31,69,2.0,3.23858e-07
31,69,3.0,5.2442584e-07
31,69,4.0,8.103317e-07
31,69,5.0,7.035682e-07
31,69,6.0,8.6803954e-07
31,69,7.0,6.6099744e-07
31,69,8.0,3.138184e-07
31,69,9.0,3.4943906e-07
31,69,10.0,4.6799406e-07
31,69,11.0,4.6902727e-07
31,69,12.0,3.8878275e-07
31,69,13.0,2.4018533e-07
31,69,14.0,9.9399e-08
31,70,0.0,2.1559333e-07
31,70,1.0,8.6246466e-08
31,70,2.0,7.0264825e-08
31,70,3.0,6.44067e-08
31,70,4.0,3.8113324e-08
31,70,5.0,6.711158e-08
31,70,6.0,1.8313493e-07
31,70,7.0,2.783747e-07
31,70,8.0,1.2591426e-07
31,70,9.0,9.3358835e-08
31,70,10.0,1.1392452e-07
31,70,11.0,1.05504135e-07
31,70,12.0,1.0346943e-07
31,70,13.0,1.8173432e-07
31,70,14.0,4.3097972e-07
31,71,0.0,7.001688e-07
31,71,1.0,4.307993e-07
31,71,2.0,1.5928343e-07
31,71,3.0,5.7984337e-08
31,71,4.0,3.8166226e-07
31,71,5.0,3.5822958e-07
31,71,6.0,6.0031164e-07
31,71,7.0,4.2881422e-07
31,71,8.0,1.1125097e-07
31,71,9.0,5.4083875e-09
31,71,10.0,6.360523e-10
31,71,11.0,9.453285e-09
31,71,12.0,3.0699745e-08
31,71,13.0,4.1239976e-09
31,71,14.0,2.153349e-08
31,72,0.0,0.0
31,72,1.0,8.865734e-16
31,72,2.0,1.5583684e-11
31,72,3.0,4.619589e-10
31,72,4.0,1.4186607e-08
31,72,5.0,2.6062288e-08
31,72,6.0,1.4334392e-08
31,72,7.0,1.7566273e-13
31,72,8.0,7.1610906e-10
31,72,9.0,2.0887948e-07
31,72,10.0,1.0631994e-06
31,72,11.0,5.6991627e-07
31,72,12.0,3.9382962e-07
31,72,13.0,5.259422e-07
31,72,14.0,2.079237e-07
31,73,0.0,2.8377949e-08
31,73,1.0,1.2755814e-07
31,73,2.0,1.101795e-06
31,73,3.0,1.052507e-05
31,73,4.0,1.8810813e-05
31,73,5.0,3.274623e-05
31,73,6.0,3.3248303e-05
31,73,7.0,4.483804e-05
31,73,8.0,4.8829716e-05
31,73,9.0,5.8320347e-05
31,73,10.0,8.300541e-05
31,73,11.0,9.50801e-05
31,73,12.0,8.547642e-05
31,73,13.0,4.268401e-05
31,73,14.0,2.8403527e-05
31,74,0.0,6.446992e-07
31,74,1.0,3.3539866e-06
31,74,2.0,1.7942679e-05
31,74,3.0,7.256653e-05
31,74,4.0,0.0001676917
31,74,5.0,0.0002990911
31,74,6.0,0.00031047166
31,74,7.0,0.00028450385
31,74,8.0,0.00026464165
31,74,9.0,0.00023837261
31,74,10.0,0.0002882653
31,74,11.0,0.00026119957
31,74,12.0,0.0002644615
31,74,13.0,0.00026315308
31,74,14.0,0.00025866527
31,75,0.0,9.5636635e-05
31,75,1.0,0.00029890297
31,75,2.0,0.00056664436
31,75,3.0,0.0011002305
31,75,4.0,0.0016318364
31,75,5.0,0.0019142452
31,75,6.0,0.002331316
31,75,7.0,0.0018862151
31,75,8.0,0.001701025
31,75,9.0,0.0016384516
31,75,10.0,0.0016323136
31,75,11.0,0.0019086259
31,75,12.0,0.002009938
31,75,13.0,0.0019749172
31,75,14.0,0.001805397
31,76,0.0,0.00032637987
31,76,1.0,0.00083483115
31,76,2.0,0.0017404113
31,76,3.0,0.002690993
31,76,4.0,0.0036984787
31,76,5.0,0.0049160677
31,76,6.0,0.0047333776
31,76,7.0,0.0037758478
31,76,8.0,0.0035908243
31,76,9.0,0.003482346
31,76,10.0,0.004251778
31,76,11.0,0.0047890004
31,76,12.0,0.004507218
31,76,13.0,0.0038629957
31,76,14.0,0.0032395292
31,77,0.0,0.001301738
31,77,1.0,0.0029572784
31,77,2.0,0.005900166
31,77,3.0,0.009854031
31,77,4.0,0.012503599
31,77,5.0,0.014139718
31,77,6.0,0.014936609
31,77,7.0,0.010723826
31,77,8.0,0.007673624
31,77,9.0,0.0070556826
31,77,10.0,0.009281151
31,77,11.0,0.011248834
31,77,12.0,0.01157203
31,77,13.0,0.012167892
31,77,14.0,0.010757139
31,78,0.0,0.00218302
31,78,1.0,0.0044988375
31,78,2.0,0.008467031
31,78,3.0,0.0126448525
31,78,4.0,0.017348683
31,78,5.0,0.019376272
31,78,6.0,0.018860618
31,78,7.0,0.016165515
31,78,8.0,0.01254389
31,78,9.0,0.0122152995
31,78,10.0,0.014070513
31,78,11.0,0.015277349
31,78,12.0,0.015209178
31,78,13.0,0.014161278
31,78,14.0,0.012794087
31,79,0.0,0.0063434523
31,79,1.0,0.011502113
31,79,2.0,0.020093702
31,79,3.0,0.030439667
31,79,4.0,0.038539562
31,79,5.0,0.038919963
31,79,6.0,0.036206983
31,79,7.0,0.02830169
31,79,8.0,0.021711053
31,79,9.0,0.021391544
31,79,10.0,0.024604948
31,79,11.0,0.027248396
31,79,12.0,0.02662264
31,79,13.0,0.025194595
31,79,14.0,0.023041932
31,80,0.0,0.0042763622
31,80,1.0,0.007406766
31,80,2.0,0.010365665
31,80,3.0,0.015083694
31,80,4.0,0.019854624
31,80,5.0,0.022723636
31,80,6.0,0.02194381
31,80,7.0,0.018427607
31,80,8.0,0.014397754
31,80,9.0,0.013585551
31,80,10.0,0.014633323
31,80,11.0,0.01599245
31,80,12.0,0.015171118
31,80,13.0,0.014652933
31,80,14.0,0.0121907275
31,81,0.0,0.0016561705
31,81,1.0,0.0031402977
31,81,2.0,0.0054173735
31,81,3.0,0.0063787373
31,81,4.0,0.008035635
31,81,5.0,0.008731798
31,81,6.0,0.008432621
31,81,7.0,0.0059415903
31,81,8.0,0.005223641
31,81,9.0,0.0054470156
31,81,10.0,0.0055151517
31,81,11.0,0.006002456
31,81,12.0,0.00646934
31,81,13.0,0.0056593264
31,81,14.0,0.004514256
31,82,0.0,0.00014705326
31,82,1.0,0.00015063223
31,82,2.0,0.00039737608
31,82,3.0,0.0005064682
31,82,4.0,0.00053701695
31,82,5.0,0.0006106224
31,82,6.0,0.0006824233
31,82,7.0,0.0006203473
31,82,8.0,0.0005481388
31,82,9.0,0.0005723826
31,82,10.0,0.0006576787
31,82,11.0,0.0007278621
31,82,12.0,0.0007837613
31,82,13.0,0.00083189394
31,82,14.0,0.0007180932
31,83,0.0,2.0874124e-05
31,83,1.0,3.6108486e-05
31,83,2.0,3.087394e-05
31,83,3.0,2.880404e-05
31,83,4.0,4.785714e-05
31,83,5.0,0.00010021598
31,83,6.0,0.00013296262
31,83,7.0,0.00014338696
31,83,8.0,0.00013457156
31,83,9.0,0.00015054601
31,83,10.0,0.00016460894
31,83,11.0,0.00019166076
31,83,12.0,0.00021590634
31,83,13.0,0.00018242383
31,83,14.0,0.00010153051
31,84,0.0,3.4718807e-15
31,84,1.0,1.742335e-11
31,84,2.0,0.0
31,84,3.0,0.0
31,84,4.0,3.2423314e-10
31,84,5.0,3.0344802e-07
31,84,6.0,1.0830764e-06
31,84,7.0,5.2497666e-07
31,84,8.0,3.693502e-07
31,84,9.0,8.90915e-07
31,84,10.0,1.1865926e-06
31,84,11.0,1.2531044e-06
31,84,12.0,2.9599903e-06
31,84,13.0,2.7299263e-06
31,84,14.0,1.6120084e-06
31,85,0.0,4.6708607e-07
31,85,1.0,1.0646171e-06
31,85,2.0,1.180258e-06
31,85,3.0,5.938514e-07
31,85,4.0,3.6513902e-07
31,85,5.0,2.9990795e-07
31,85,6.0,4.5541657e-07
31,85,7.0,3.3109532e-07
31,85,8.0,3.0754833e-07
31,85,9.0,4.1550018e-07
31,85,10.0,1.9711396e-07
31,85,11.0,1.5330639e-07
31,85,12.0,4.6641338e-07
31,85,13.0,7.604715e-07
31,85,14.0,5.1165546e-07
31,86,0.0,2.3478385e-07
31,86,1.0,4.3890003e-07
31,86,2.0,1.1550636e-06
31,86,3.0,6.0430915e-07
31,86,4.0,7.5494853e-07
31,86,5.0,8.0984563e-07
31,86,6.0,6.912667e-07
31,86,7.0,4.853958e-07
31,86,8.0,4.011003e-07
31,86,9.0,7.7524584e-07
31,86,10.0,9.023358e-07
31,86,11.0,8.6403264e-07
31,86,12.0,7.190722e-07
31,86,13.0,3.9377716e-07
31,86,14.0,1.0796647e-07
31,87,0.0,3.4028193e-07
31,87,1.0,2.8582357e-07
31,87,2.0,4.5125907e-09
31,87,3.0,2.1621778e-08
31,87,4.0,2.4151932e-08
31,87,5.0,3.2801744e-08
31,87,6.0,5.1453416e-08
31,87,7.0,1.4211572e-07
31,87,8.0,1.9496824e-07
31,87,9.0,3.7246411e-07
31,87,10.0,8.9344815e-07
31,87,11.0,1.8016252e-06
31,87,12.0,1.2263275e-06
31,87,13.0,4.7954296e-07
31,87,14.0,2.757876e-07
31,88,0.0,2.2451896e-07
31,88,1.0,8.487766e-07
31,88,2.0,3.5192483e-07
31,88,3.0,9.630868e-09
31,88,4.0,1.5802522e-08
31,88,5.0,1.4874393e-08
31,88,6.0,7.702011e-08
31,88,7.0,6.496808e-08
31,88,8.0,3.553145e-08
31,88,9.0,2.1656943e-07
31,88,10.0,4.721823e-07
31,88,11.0,4.0515303e-07
31,88,12.0,3.8803532e-07
31,88,13.0,9.1545263e-07
31,88,14.0,2.0155971e-06
31,89,0.0,6.4463137e-07
31,89,1.0,6.682523e-08
31,89,2.0,1.0046904e-07
31,89,3.0,2.010677e-07
31,89,4.0,7.818697e-07
31,89,5.0,5.0453195e-07
31,89,6.0,3.6728275e-07
31,89,7.0,8.006748e-08
31,89,8.0,6.640902e-08
31,89,9.0,1.5887133e-07
31,89,10.0,2.8320517e-07
31,89,11.0,3.5060557e-07
31,89,12.0,4.610939e-07
31,89,13.0,2.8493162e-07
31,89,14.0,1.3428176e-07
32,69,0.0,9.747188e-08
32,69,1.0,1.5969253e-07
32,69,2.0,2.8229306e-07
32,69,3.0,4.7504471e-07
32,69,4.0,6.495651e-07
32,69,5.0,7.791432e-07
32,69,6.0,7.0100305e-07
32,69,7.0,4.2745546e-07
32,69,8.0,2.4141897e-07
32,69,9.0,2.3276998e-07
32,69,10.0,3.4867554e-07
32,69,11.0,3.8383786e-07
32,69,12.0,3.397364e-07
32,69,13.0,3.1980053e-07
32,69,14.0,3.3628223e-07
32,70,0.0,2.7128064e-07
32,70,1.0,1.2125822e-07
32,70,2.0,8.42836e-08
32,70,3.0,6.264991e-08
32,70,4.0,2.6326392e-08
32,70,5.0,2.6735028e-08
32,70,6.0,5.267451e-08
32,70,7.0,1.5642017e-07
32,70,8.0,2.0253643e-07
32,70,9.0,2.9498256e-07
32,70,10.0,3.1911014e-07
32,70,11.0,1.6285259e-07
32,70,12.0,1.0103869e-07
32,70,13.0,1.2255704e-07
32,70,14.0,1.4171303e-07
32,71,0.0,2.5646193e-07
32,71,1.0,2.2960026e-07
32,71,2.0,1.5361232e-07
32,71,3.0,8.7802356e-08
32,71,4.0,7.5969e-08
32,71,5.0,8.950991e-08
32,71,6.0,1.5098028e-07
32,71,7.0,2.5257162e-07
32,71,8.0,3.1247075e-07
32,71,9.0,3.5716252e-07
32,71,10.0,2.5161137e-07
32,71,11.0,1.5843636e-07
32,71,12.0,1.7353713e-07
32,71,13.0,3.3472014e-07
32,71,14.0,4.1650776e-07
32,72,0.0,5.2943614e-07
32,72,1.0,3.2143728e-07
32,72,2.0,3.150737e-07
32,72,3.0,2.9516065e-07
32,72,4.0,2.2199553e-07
32,72,5.0,4.654503e-07
32,72,6.0,1.060191e-06
32,72,7.0,5.983088e-07
32,72,8.0,5.242911e-07
32,72,9.0,6.540389e-07
32,72,10.0,6.780758e-07
32,72,11.0,4.2924387e-07
32,72,12.0,3.1111645e-07
32,72,13.0,3.9701018e-07
32,72,14.0,6.6042e-07
32,73,0.0,3.2117666e-07
32,73,1.0,1.7479432e-07
32,73,2.0,1.7805654e-07
32,73,3.0,6.037873e-08
32,73,4.0,4.5261845e-07
32,73,5.0,1.4949132e-06
32,73,6.0,1.8643741e-06
32,73,7.0,1.0902261e-06
32,73,8.0,1.0280302e-06
32,73,9.0,4.346791e-07
32,73,10.0,3.4963614e-07
32,73,11.0,2.6385223e-07
32,73,12.0,3.819003e-07
32,73,13.0,3.1768488e-07
32,73,14.0,2.0913934e-07
32,74,0.0,6.303885e-08
32,74,1.0,3.1217514e-08
32,74,2.0,6.6022117e-09
32,74,3.0,7.862391e-14
32,74,4.0,2.6144544e-08
32,74,5.0,2.9845907e-08
32,74,6.0,2.918609e-08
32,74,7.0,2.9284746e-09
32,74,8.0,4.3959805e-08
32,74,9.0,1.2107628e-07
32,74,10.0,6.1480385e-08
32,74,11.0,2.0006333e-07
32,74,12.0,2.2831384e-07
32,74,13.0,2.8096687e-07
32,74,14.0,3.0779594e-07
32,75,0.0,2.137678e-06
32,75,1.0,8.4167605e-06
32,75,2.0,1.2905539e-05
32,75,3.0,3.4347962e-05
32,75,4.0,3.71214e-05
32,75,5.0,5.161899e-05
32,75,6.0,5.3108077e-05
32,75,7.0,6.8385496e-05
32,75,8.0,6.251297e-05
32,75,9.0,7.429627e-05
32,75,10.0,0.00010360926
32,75,11.0,0.00012618378
32,75,12.0,0.00012463867
32,75,13.0,8.824323e-05
32,75,14.0,9.084554e-05
32,76,0.0,6.4531e-05
32,76,1.0,0.00014493067
32,76,2.0,0.00025623647
32,76,3.0,0.0003496752
32,76,4.0,0.00046235352
32,76,5.0,0.0006492115
32,76,6.0,0.0005964754
32,76,7.0,0.00059766584
32,76,8.0,0.0004371422
32,76,9.0,0.0004686294
32,76,10.0,0.00064780033
32,76,11.0,0.00071332057
32,76,12.0,0.0007177491
32,76,13.0,0.0006044669
32,76,14.0,0.00060701824
32,77,0.0,0.00020929321
32,77,1.0,0.00051811326
32,77,2.0,0.0006608163
32,77,3.0,0.00079293706
32,77,4.0,0.0013364961
32,77,5.0,0.0014702751
32,77,6.0,0.0013323313
32,77,7.0,0.0011847586
32,77,8.0,0.0012803941
32,77,9.0,0.0013589866
32,77,10.0,0.0015781116
32,77,11.0,0.0018033717
32,77,12.0,0.0019273019
32,77,13.0,0.0018674694
32,77,14.0,0.001892749
32,78,0.0,0.001395685
32,78,1.0,0.002034061
32,78,2.0,0.0036963122
32,78,3.0,0.00539058
32,78,4.0,0.006392886
32,78,5.0,0.00666212
32,78,6.0,0.005728543
32,78,7.0,0.0055788276
32,78,8.0,0.005000034
32,78,9.0,0.004947504
32,78,10.0,0.006045296
32,78,11.0,0.0072758156
32,78,12.0,0.00732292
32,78,13.0,0.007141413
32,78,14.0,0.0073796944
32,79,0.0,0.0047026854
32,79,1.0,0.0064222296
32,79,2.0,0.010126767
32,79,3.0,0.015865905
32,79,4.0,0.01839533
32,79,5.0,0.018886764
32,79,6.0,0.017537786
32,79,7.0,0.014803394
32,79,8.0,0.013778692
32,79,9.0,0.013587757
32,79,10.0,0.014930941
32,79,11.0,0.017216686
32,79,12.0,0.017018149
32,79,13.0,0.018333869
32,79,14.0,0.018931441
32,80,0.0,0.016113257
32,80,1.0,0.023847505
32,80,2.0,0.03903733
32,80,3.0,0.04935988
32,80,4.0,0.06115355
32,80,5.0,0.067488395
32,80,6.0,0.06267697
32,80,7.0,0.052228566
32,80,8.0,0.044919886
32,80,9.0,0.044166982
32,80,10.0,0.047463264
32,80,11.0,0.04968706
32,80,12.0,0.04896983
32,80,13.0,0.044426426
32,80,14.0,0.041302342
32,81,0.0,0.01836802
32,81,1.0,0.028221853
32,81,2.0,0.041822623
32,81,3.0,0.053061668
32,81,4.0,0.06529427
32,81,5.0,0.07060917
32,81,6.0,0.06518806
32,81,7.0,0.055329815
32,81,8.0,0.048050057
32,81,9.0,0.044592563
32,81,10.0,0.044566553
32,81,11.0,0.047357466
32,81,12.0,0.04852021
32,81,13.0,0.04907624
32,81,14.0,0.047926888
32,82,0.0,0.016741058
32,82,1.0,0.02076142
32,82,2.0,0.031295825
32,82,3.0,0.038774386
32,82,4.0,0.044694286
32,82,5.0,0.04556399
32,82,6.0,0.040516764
32,82,7.0,0.036808897
32,82,8.0,0.030443585
32,82,9.0,0.028906604
32,82,10.0,0.031500675
32,82,11.0,0.033410672
32,82,12.0,0.030866737
32,82,13.0,0.029619219
32,82,14.0,0.025169455
32,83,0.0,0.0053581223
32,83,1.0,0.006921439
32,83,2.0,0.009567889
32,83,3.0,0.011673694
32,83,4.0,0.012926093
32,83,5.0,0.014944455
32,83,6.0,0.014823221
32,83,7.0,0.012671962
32,83,8.0,0.01138227
32,83,9.0,0.009979004
32,83,10.0,0.010332876
32,83,11.0,0.010398715
32,83,12.0,0.010164235
32,83,13.0,0.009683693
32,83,14.0,0.008396689
32,84,0.0,0.0017194686
32,84,1.0,0.0016947426
32,84,2.0,0.0020937196
32,84,3.0,0.0026546172
32,84,4.0,0.0033474783
32,84,5.0,0.0033446706
32,84,6.0,0.0033147861
32,84,7.0,0.0027911174
32,84,8.0,0.0026096418
32,84,9.0,0.0026607744
32,84,10.0,0.0025402366
32,84,11.0,0.0024410102
32,84,12.0,0.0026439778
32,84,13.0,0.0028716857
32,84,14.0,0.0021781602
32,85,0.0,0.00020976478
32,85,1.0,0.000277598
32,85,2.0,0.00033333735
32,85,3.0,0.0003950412
32,85,4.0,0.00041427664
32,85,5.0,0.00046141943
32,85,6.0,0.00048808524
32,85,7.0,0.00045385637
32,85,8.0,0.00052182464
32,85,9.0,0.0005474473
32,85,10.0,0.00051895116
32,85,11.0,0.0005018106
32,85,12.0,0.0004846289
32,85,13.0,0.0004199266
32,85,14.0,0.00035109758
32,86,0.0,3.6652633e-05
32,86,1.0,1.770156e-05
32,86,2.0,1.5753416e-05
32,86,3.0,3.327722e-06
32,86,4.0,1.6066759e-06
32,86,5.0,6.2397007e-06
32,86,6.0,2.8736136e-05
32,86,7.0,3.4461867e-05
32,86,8.0,3.751653e-05
32,86,9.0,4.173085e-05
32,86,10.0,4.270359e-05
32,86,11.0,4.026521e-05
32,86,12.0,4.2636402e-05
32,86,13.0,4.3276166e-05
32,86,14.0,3.2283748e-05
32,87,0.0,9.634896e-08
32,87,1.0,2.5366532e-07
32,87,2.0,2.4365858e-07
32,87,3.0,7.2506054e-07
32,87,4.0,9.765084e-07
32,87,5.0,8.233426e-07
32,87,6.0,3.4175054e-07
32,87,7.0,8.033223e-08
32,87,8.0,1.1376493e-07
32,87,9.0,3.4117633e-07
32,87,10.0,3.5924833e-07
32,87,11.0,1.8631617e-07
32,87,12.0,1.1142971e-07
32,87,13.0,1.1919398e-07
32,87,14.0,1.0463244e-07
32,88,0.0,9.554571e-08
32,88,1.0,8.6822055e-08
32,88,2.0,2.1561476e-08
32,88,3.0,2.2072483e-08
32,88,4.0,5.098019e-08
32,88,5.0,3.6658648e-08
32,88,6.0,1.672235e-08
32,88,7.0,5.292572e-08
32,88,8.0,2.590735e-07
32,88,9.0,3.749452e-07
32,88,10.0,1.9662485e-07
32,88,11.0,1.0924448e-07
32,88,12.0,2.0927695e-07
32,88,13.0,8.7254017e-07
32,88,14.0,1.998441e-06
32,89,0.0,4.279798e-07
32,89,1.0,3.543615e-07
32,89,2.0,6.312616e-08
32,89,3.0,4.8552412e-08
32,89,4.0,1.11489555e-08
32,89,5.0,3.0442052e-08
32,89,6.0,6.614951e-08
32,89,7.0,6.1639724e-08
32,89,8.0,9.717695e-08
32,89,9.0,2.40926e-07
32,89,10.0,3.2402795e-07
32,89,11.0,2.06614e-07
32,89,12.0,1.0844868e-07
32,89,13.0,8.289414e-08
32,89,14.0,7.842176e-08
32,90,0.0,1.1493245e-07
32,90,1.0,5.568694e-08
32,90,2.0,4.8980382e-08
32,90,3.0,1.15848955e-07
32,90,4.0,1.4413854e-07
32,90,5.0,3.8799638e-07
32,90,6.0,3.5415206e-07
32,90,7.0,1.5243086e-07
32,90,8.0,2.1828828e-07
32,90,9.0,4.081997e-07
32,90,10.0,2.08514e-07
32,90,11.0,1.00843586e-07
32,90,12.0,1.1500018e-07
32,90,13.0,1.1756589e-07
32,90,14.0,9.223636e-08
32,91,0.0,6.656107e-07
32,91,1.0,4.2399049e-07
32,91,2.0,2.860801e-08
32,91,3.0,7.866058e-08
32,91,4.0,7.172796e-08
32,91,5.0,3.231045e-07
32,91,6.0,2.6061832e-07
32,91,7.0,2.4717824e-08
32,91,8.0,6.340577e-08
32,91,9.0,1.7950654e-07
32,91,10.0,2.2061013e-07
32,91,11.0,2.5113627e-07
32,91,12.0,3.349126e-07
32,91,13.0,3.8102564e-07
32,91,14.0,2.3509934e-07
33,72,0.0,1.9769898e-07
33,72,1.0,1.645124e-07
33,72,2.0,1.9470623e-07
33,72,3.0,2.7238758e-07
33,72,4.0,2.5496539e-07
33,72,5.0,3.431546e-07
33,72,6.0,4.5877377e-07
33,72,7.0,3.4239972e-07
33,72,8.0,3.3535264e-07
33,72,9.0,4.1289601e-07
33,72,10.0,3.4031552e-07
33,72,11.0,1.7188385e-07
33,72,12.0,1.2789721e-07
33,72,13.0,1.0367177e-07
33,72,14.0,6.3154644e-08
33,73,0.0,3.4592125e-07
33,73,1.0,3.5833958e-07
33,73,2.0,4.4360434e-07
33,73,3.0,2.79844e-07
33,73,4.0,1.7534221e-07
33,73,5.0,1.7651472e-07
33,73,6.0,2.0580305e-07
33,73,7.0,1.6753714e-07
33,73,8.0,2.3790554e-07
33,73,9.0,3.7442345e-07
33,73,10.0,3.6751223e-07
33,73,11.0,3.2615407e-07
33,73,12.0,4.840884e-07
33,73,13.0,3.670374e-07
33,73,14.0,1.32758e-07
33,74,0.0,1.7713559e-07
33,74,1.0,1.6527034e-07
33,74,2.0,7.965859e-08
33,74,3.0,4.1874273e-08
33,74,4.0,9.936697e-08
33,74,5.0,2.130936e-07
33,74,6.0,3.13643e-07
33,74,7.0,3.4442735e-07
33,74,8.0,3.7949957e-07
33,74,9.0,2.488293e-07
33,74,10.0,1.5570131e-07
33,74,11.0,1.0728575e-07
33,74,12.0,9.5778496e-08
33,74,13.0,3.1446694e-07
33,74,14.0,2.6408824e-07
33,75,0.0,3.4564079e-07
33,75,1.0,3.815616e-07
33,75,2.0,4.120714e-07
33,75,3.0,7.03771e-07
33,75,4.0,1.1857314e-06
33,75,5.0,9.997501e-07
33,75,6.0,5.4176047e-07
33,75,7.0,6.618075e-07
33,75,8.0,6.4975876e-07
33,75,9.0,5.2180104e-07
33,75,10.0,5.8531396e-07
33,75,11.0,5.1631224e-07
33,75,12.0,3.6771334e-07
33,75,13.0,3.7777275e-07
33,75,14.0,2.8822723e-07
33,76,0.0,8.401591e-07
33,76,1.0,4.236875e-07
33,76,2.0,1.9183938e-07
33,76,3.0,2.8566078e-08
33,76,4.0,1.24728e-07
33,76,5.0,4.9972436e-07
33,76,6.0,6.627069e-07
33,76,7.0,1.9657477e-07
33,76,8.0,2.3979626e-07
33,76,9.0,1.6471503e-07
33,76,10.0,5.101215e-08
33,76,11.0,9.261867e-08
33,76,12.0,1.4052999e-07
33,76,13.0,3.6268037e-07
33,76,14.0,3.2888778e-07
33,77,0.0,0.0
33,77,1.0,4.17311e-13
33,77,2.0,1.0207067e-08
33,77,3.0,1.320043e-07
33,77,4.0,9.622758e-09
33,77,5.0,0.0
33,77,6.0,0.0
33,77,7.0,7.8131235e-10
33,77,8.0,1.8583769e-07
33,77,9.0,1.250762e-06
33,77,10.0,2.81366e-06
33,77,11.0,5.1320235e-06
33,77,12.0,7.738905e-06
33,77,13.0,6.883052e-06
33,77,14.0,6.8110166e-06
33,78,0.0,1.6313808e-06
33,78,1.0,2.4590147e-06
33,78,2.0,1.1740669e-05
33,78,3.0,1.8859553e-05
33,78,4.0,3.1450407e-05
33,78,5.0,3.9173337e-05
33,78,6.0,4.1210693e-05
33,78,7.0,4.7391124e-05
33,78,8.0,2.0487527e-05
33,78,9.0,2.1273316e-05
33,78,10.0,2.4422678e-05
33,78,11.0,2.0245277e-05
33,78,12.0,1.0484047e-05
33,78,13.0,1.7948283e-05
33,78,14.0,3.229756e-05
33,79,0.0,0.00012885108
33,79,1.0,0.0001441673
33,79,2.0,0.00019834196
33,79,3.0,0.0002527945
33,79,4.0,0.00040808335
33,79,5.0,0.000565895
33,79,6.0,0.0004900229
33,79,7.0,0.0003420859
33,79,8.0,0.0002556738
33,79,9.0,0.00032656532
33,79,10.0,0.00045496033
33,79,11.0,0.00047475882
33,79,12.0,0.000450274
33,79,13.0,0.0005190561
33,79,14.0,0.00062786636
33,80,0.0,0.0020399268
33,80,1.0,0.0027337235
33,80,2.0,0.0033174853
33,80,3.0,0.0031972826
33,80,4.0,0.0034281195
33,80,5.0,0.0044674277
33,80,6.0,0.004941869
33,80,7.0,0.004411773
33,80,8.0,0.003984299
33,80,9.0,0.00429017
33,80,10.0,0.0051273503
33,80,11.0,0.006199313
33,80,12.0,0.0064427457
33,80,13.0,0.006450573
33,80,14.0,0.006840396
33,81,0.0,0.009991268
33,81,1.0,0.011137123
33,81,2.0,0.017089188
33,81,3.0,0.023391912
33,81,4.0,0.02702865
33,81,5.0,0.028665505
33,81,6.0,0.026661286
33,81,7.0,0.022293948
33,81,8.0,0.021752825
33,81,9.0,0.022934668
33,81,10.0,0.025309974
33,81,11.0,0.028835725
33,81,12.0,0.029026078
33,81,13.0,0.030354317
33,81,14.0,0.030419474
33,82,0.0,0.022588348
33,82,1.0,0.030514274
33,82,2.0,0.035848826
33,82,3.0,0.05000151
33,82,4.0,0.057694085
33,82,5.0,0.061339796
33,82,6.0,0.06141141
33,82,7.0,0.05747629
33,82,8.0,0.051484533
33,82,9.0,0.05357014
33,82,10.0,0.05585747
33,82,11.0,0.057227053
33,82,12.0,0.05359976
33,82,13.0,0.056196578
33,82,14.0,0.054531045
33,83,0.0,0.032794002
33,83,1.0,0.046025883
33,83,2.0,0.0623325
33,83,3.0,0.07096128
33,83,4.0,0.08700973
33,83,5.0,0.08546261
33,83,6.0,0.08428426
33,83,7.0,0.08008471
33,83,8.0,0.070083804
33,83,9.0,0.0653967
33,83,10.0,0.07028641
33,83,11.0,0.0718994
33,83,12.0,0.06511839
33,83,13.0,0.06503253
33,83,14.0,0.06479858
33,84,0.0,0.028284535
33,84,1.0,0.033384576
33,84,2.0,0.043683153
33,84,3.0,0.047494326
33,84,4.0,0.054814577
33,84,5.0,0.057263814
33,84,6.0,0.05631758
33,84,7.0,0.053736445
33,84,8.0,0.04661869
33,84,9.0,0.04512745
33,84,10.0,0.045157384
33,84,11.0,0.046053916
33,84,12.0,0.044133503
33,84,13.0,0.04593909
33,84,14.0,0.042754818
33,85,0.0,0.014438695
33,85,1.0,0.018467903
33,85,2.0,0.024503822
33,85,3.0,0.026348824
33,85,4.0,0.026440071
33,85,5.0,0.028846255
33,85,6.0,0.029743593
33,85,7.0,0.027908439
33,85,8.0,0.024895223
33,85,9.0,0.024977285
33,85,10.0,0.02451444
33,85,11.0,0.02397379
33,85,12.0,0.024330126
33,85,13.0,0.02372188
33,85,14.0,0.02051343
33,86,0.0,0.0040809554
33,86,1.0,0.003651839
33,86,2.0,0.0057446696
33,86,3.0,0.0067199813
33,86,4.0,0.0076111513
33,86,5.0,0.00852102
33,86,6.0,0.0087921405
33,86,7.0,0.0077665644
33,86,8.0,0.0068144943
33,86,9.0,0.0068218852
33,86,10.0,0.00685797
33,86,11.0,0.0067813387
33,86,12.0,0.006834531
33,86,13.0,0.0070011253
33,86,14.0,0.0062081427
33,87,0.0,0.0011713782
33,87,1.0,0.0009317319
33,87,2.0,0.0010430528
33,87,3.0,0.0013792336
33,87,4.0,0.0018425499
33,87,5.0,0.0020378
33,87,6.0,0.0018607441
33,87,7.0,0.0017402193
33,87,8.0,0.0018173584
33,87,9.0,0.0018367575
33,87,10.0,0.0019236815
33,87,11.0,0.0020178722
33,87,12.0,0.0020639799
33,87,13.0,0.0019396085
33,87,14.0,0.0016745008
33,88,0.0,0.00012123328
33,88,1.0,9.167807e-05
33,88,2.0,0.00015231375
33,88,3.0,0.00023496679
33,88,4.0,0.00028179574
33,88,5.0,0.0002736223
33,88,6.0,0.00023358528
33,88,7.0,0.00021938064
33,88,8.0,0.00021764822
33,88,9.0,0.00021352754
33,88,10.0,0.00022722044
33,88,11.0,0.00026854628
33,88,12.0,0.0003055237
33,88,13.0,0.00026439774
33,88,14.0,0.0001799545
33,89,0.0,9.814608e-06
33,89,1.0,2.8348695e-06
33,89,2.0,7.665608e-06
33,89,3.0,1.2416957e-05
33,89,4.0,2.1092103e-05
33,89,5.0,2.4669987e-05
33,89,6.0,1.8928835e-05
33,89,7.0,1.3940303e-05
33,89,8.0,1.0322404e-05
33,89,9.0,3.7378502e-06
33,89,10.0,3.024116e-06
33,89,11.0,6.348099e-06
33,89,12.0,1.14407185e-05
33,89,13.0,1.21971525e-05
33,89,14.0,1.0216395e-05
33,90,0.0,1.1387205e-07
33,90,1.0,1.1656399e-07
33,90,2.0,3.1669543e-07
33,90,3.0,4.3197917e-07
33,90,4.0,8.79894e-07
33,90,5.0,4.4053056e-07
33,90,6.0,2.4487144e-07
33,90,7.0,2.6007837e-07
33,90,8.0,3.9737984e-07
33,90,9.0,5.441401e-07
33,90,10.0,3.149865e-07
33,90,11.0,2.929133e-07
33,90,12.0,3.803935e-07
33,90,13.0,1.7044734e-07
33,90,14.0,1.5659839e-07
33,91,0.0,4.8980777e-08
33,91,1.0,2.837873e-08
33,91,2.0,1.2541071e-08
33,91,3.0,8.018446e-09
33,91,4.0,9.8516635e-09
33,91,5.0,2.0958293e-08
33,91,6.0,2.0390677e-07
33,91,7.0,1.6605931e-07
33,91,8.0,1.3101723e-07
33,91,9.0,6.1712974e-08
33,91,10.0,1.03762716e-07
33,91,11.0,1.5055433e-07
33,91,12.0,1.548816e-07
33,91,13.0,1.1824628e-07
33,91,14.0,1.9175634e-07
33,92,0.0,3.5185766e-07
33,92,1.0,3.536591e-07
33,92,2.0,2.9177426e-07
33,92,3.0,9.368333e-08
33,92,4.0,3.8966886e-07
33,92,5.0,4.5080722e-07
33,92,6.0,1.4059923e-07
33,92,7.0,1.1674053e-08
33,92,8.0,1.5351432e-08
33,92,9.0,5.615773e-08
33,92,10.0,1.797052e-07
33,92,11.0,1.1418495e-07
33,92,12.0,1.0776426e-07
33,92,13.0,1.664362e-07
33,92,14.0,8.49626e-08
33,93,0.0,8.590065e-07
33,93,1.0,8.067478e-07
33,93,2.0,3.812158e-07
33,93,3.0,6.2513124e-08
33,93,4.0,1.8399282e-08
33,93,5.0,2.3386132e-08
33,93,6.0,3.278216e-09
33,93,7.0,1.581687e-09
33,93,8.0,6.500932e-08
33,93,9.0,4.674635e-08
33,93,10.0,1.0485385e-07
33,93,11.0,1.3298947e-07
33,93,12.0,1.0546087e-07
33,93,13.0,2.3751667e-07
33,93,14.0,1.109742e-06
33,94,0.0,3.655748e-07
33,94,1.0,3.3895034e-07
33,94,2.0,1.583701e-07
33,94,3.0,4.10506e-08
33,94,4.0,1.5110526e-08
33,94,5.0,1.1745996e-07
33,94,6.0,1.00541705e-07
33,94,7.0,8.49172e-09
33,94,8.0,2.336675e-08
33,94,9.0,5.5921095e-08
33,94,10.0,1.7614543e-07
33,94,11.0,1.5020477e-07
33,94,12.0,1.4716208e-07
33,94,13.0,1.7651678e-07
33,94,14.0,2.9385254e-07
33,95,0.0,1.0082308e-06
33,95,1.0,4.0627793e-07
33,95,2.0,3.557034e-08
33,95,3.0,1.31328886e-08
33,95,4.0,3.4081128e-07
33,95,5.0,4.6736514e-07
33,95,6.0,2.5806196e-07
33,95,7.0,8.097693e-08
33,95,8.0,4.3607283e-08
33,95,9.0,2.0109488e-07
33,95,10.0,5.4142487e-07
33,95,11.0,4.0648516e-07
33,95,12.0,2.0002611e-07
33,95,13.0,8.449077e-08
33,95,14.0,6.6665336e-08
34,74,0.0,2.8012258e-07
34,74,1.0,2.102526e-07
34,74,2.0,1.17441814e-07
34,74,3.0,9.382513e-08
34,74,4.0,1.34604e-07
34,74,5.0,1.0525243e-07
34,74,6.0,1.5170106e-07
34,74,7.0,2.2865518e-07
34,74,8.0,2.7748584e-07
34,74,9.0,2.0422381e-07
34,74,10.0,8.135183e-08
34,74,11.0,4.750664e-08
34,74,12.0,8.398856e-08
34,74,13.0,3.1672408e-07
34,74,14.0,4.2086955e-07
34,75,0.0,5.563552e-07
34,75,1.0,5.315826e-07
34,75,2.0,4.1338942e-07
34,75,3.0,2.3825758e-07
34,75,4.0,2.805176e-07
34,75,5.0,7.2356886e-07
34,75,6.0,1.2333054e-06
34,75,7.0,1.5963129e-06
34,75,8.0,1.4309943e-06
34,75,9.0,1.23226e-06
34,75,10.0,9.2133746e-07
34,75,11.0,6.712399e-07
34,75,12.0,6.340926e-07
34,75,13.0,8.1957916e-07
34,75,14.0,9.1420077e-07
34,76,0.0,7.0925273e-07
34,76,1.0,3.246647e-07
34,76,2.0,8.588885e-08
34,76,3.0,8.117855e-08
34,76,4.0,2.209404e-07
34,76,5.0,3.847726e-07
34,76,6.0,7.2179597e-07
34,76,7.0,8.779606e-07
34,76,8.0,5.066951e-07
34,76,9.0,2.835346e-07
34,76,10.0,1.376444e-07
34,76,11.0,1.0837105e-07
34,76,12.0,1.6239788e-07
34,76,13.0,4.5407637e-07
34,76,14.0,8.393158e-07
34,77,0.0,3.9406768e-07
34,77,1.0,3.0151375e-07
34,77,2.0,4.310479e-07
34,77,3.0,6.775183e-07
34,77,4.0,7.2907056e-07
34,77,5.0,5.1428543e-07
34,77,6.0,4.049559e-07
34,77,7.0,3.6202545e-07
34,77,8.0,2.2162027e-07
34,77,9.0,1.141968e-07
34,77,10.0,9.3247465e-08
34,77,11.0,8.563733e-08
34,77,12.0,1.3212157e-07
34,77,13.0,3.0269197e-07
34,77,14.0,4.2934184e-07
34,78,0.0,2.4013262e-09
34,78,1.0,0.0
34,78,2.0,1.4835737e-12
34,78,3.0,9.836348e-09
34,78,4.0,8.086442e-09
34,78,5.0,2.1554204e-10
34,78,6.0,0.0
34,78,7.0,0.0
34,78,8.0,2.0314457e-10
34,78,9.0,1.4492775e-08
34,78,10.0,1.688633e-08
34,78,11.0,1.1016459e-08
34,78,12.0,5.6529337e-09
34,78,13.0,8.031283e-09
34,78,14.0,7.886964e-08
34,79,0.0,0.0
34,79,1.0,1.4698508e-09
34,79,2.0,1.9337688e-10
34,79,3.0,6.892981e-10
34,79,4.0,1.2627492e-10
34,79,5.0,2.882365e-10
34,79,6.0,5.1973817e-08
34,79,7.0,1.3049261e-06
34,79,8.0,6.33488e-06
34,79,9.0,1.3785671e-05
34,79,10.0,1.5508269e-05
34,79,11.0,1.42289655e-05
34,79,12.0,1.3137637e-05
34,79,13.0,7.882863e-06
34,79,14.0,2.877448e-06
34,80,0.0,0.00017656742
34,80,1.0,0.00020314455
34,80,2.0,0.00015273537
34,80,3.0,0.00018673364
34,80,4.0,0.0001850135
34,80,5.0,0.00017357589
34,80,6.0,0.00018609007
34,80,7.0,0.00018603605
34,80,8.0,0.00021409812
34,80,9.0,0.00029754976
34,80,10.0,0.00034692735
34,80,11.0,0.00038201018
34,80,12.0,0.00038119341
34,80,13.0,0.00038587677
34,80,14.0,0.00044071703
34,81,0.0,0.002364421
34,81,1.0,0.0029694636
34,81,2.0,0.0032468294
34,81,3.0,0.0032965448
34,81,4.0,0.0034835048
34,81,5.0,0.0035334853
34,81,6.0,0.0036792913
34,81,7.0,0.0035276425
34,81,8.0,0.0039409054
34,81,9.0,0.00387492
34,81,10.0,0.003915064
34,81,11.0,0.0042780093
34,81,12.0,0.0049047633
34,81,13.0,0.006045438
34,81,14.0,0.006287801
34,82,0.0,0.013099446
34,82,1.0,0.015363881
34,82,2.0,0.016148822
34,82,3.0,0.01858458
34,82,4.0,0.019355685
34,82,5.0,0.02089805
34,82,6.0,0.021586975
34,82,7.0,0.02513376
34,82,8.0,0.024820698
34,82,9.0,0.023578137
34,82,10.0,0.02300906
34,82,11.0,0.023873437
34,82,12.0,0.02646654
34,82,13.0,0.028955089
34,82,14.0,0.03041666
34,83,0.0,0.053269297
34,83,1.0,0.05325999
34,83,2.0,0.060779896
34,83,3.0,0.058922563
34,83,4.0,0.05599529
34,83,5.0,0.05963729
34,83,6.0,0.06145963
34,83,7.0,0.06991295
34,83,8.0,0.070449896
34,83,9.0,0.06887719
34,83,10.0,0.06647279
34,83,11.0,0.06928004
34,83,12.0,0.07443294
34,83,13.0,0.086746596
34,83,14.0,0.09199342
34,84,0.0,0.11848856
34,84,1.0,0.1385649
34,84,2.0,0.13914916
34,84,3.0,0.13576142
34,84,4.0,0.14459285
34,84,5.0,0.14086026
34,84,6.0,0.14617178
34,84,7.0,0.15184164
34,84,8.0,0.16268405
34,84,9.0,0.16217074
34,84,10.0,0.15202917
34,84,11.0,0.1454956
34,84,12.0,0.15255961
34,84,13.0,0.16935332
34,84,14.0,0.1761356
34,85,0.0,0.1529821
34,85,1.0,0.15571031
34,85,2.0,0.13908686
34,85,3.0,0.15903479
34,85,4.0,0.15847078
34,85,5.0,0.16282004
34,85,6.0,0.15403505
34,85,7.0,0.16493063
34,85,8.0,0.17731084
34,85,9.0,0.1717849
34,85,10.0,0.16333717
34,85,11.0,0.15805858
34,85,12.0,0.16836575
34,85,13.0,0.17737332
34,85,14.0,0.18064034
34,86,0.0,0.11804846
34,86,1.0,0.117129155
34,86,2.0,0.13157661
34,86,3.0,0.135951
34,86,4.0,0.13172147
34,86,5.0,0.13695726
34,86,6.0,0.14722571
34,86,7.0,0.14290792
34,86,8.0,0.1299485
34,86,9.0,0.13209105
34,86,10.0,0.12243846
34,86,11.0,0.1126307
34,86,12.0,0.1169532
34,86,13.0,0.124468595
34,86,14.0,0.119539544
34,87,0.0,0.070996165
34,87,1.0,0.06641494
34,87,2.0,0.068991736
34,87,3.0,0.07074682
34,87,4.0,0.07561798
34,87,5.0,0.07920932
34,87,6.0,0.077316806
34,87,7.0,0.072898455
34,87,8.0,0.07459653
34,87,9.0,0.06895127
34,87,10.0,0.06439533
34,87,11.0,0.06316866
34,87,12.0,0.06388526
34,87,13.0,0.065911755
34,87,14.0,0.06008446
34,88,0.0,0.025882235
34,88,1.0,0.024943816
34,88,2.0,0.025672803
34,88,3.0,0.027477829
34,88,4.0,0.029648073
34,88,5.0,0.029625654
34,88,6.0,0.028334862
34,88,7.0,0.025831364
34,88,8.0,0.027284311
34,88,9.0,0.025598193
34,88,10.0,0.023503657
34,88,11.0,0.023381844
34,88,12.0,0.023500452
34,88,13.0,0.021421332
34,88,14.0,0.017321073
34,89,0.0,0.007373552
34,89,1.0,0.0060252314
34,89,2.0,0.0067438846
34,89,3.0,0.0071563073
34,89,4.0,0.0071087433
34,89,5.0,0.007635423
34,89,6.0,0.0072199674
34,89,7.0,0.0071355198
34,89,8.0,0.008045592
34,89,9.0,0.007895629
34,89,10.0,0.0074262554
34,89,11.0,0.0074645197
34,89,12.0,0.0070482795
34,89,13.0,0.0054607172
34,89,14.0,0.0045343153
34,90,0.0,0.0011190629
34,90,1.0,0.0009219942
34,90,2.0,0.0014114402
34,90,3.0,0.0017328864
34,90,4.0,0.0011823
34,90,5.0,0.0011429347
34,90,6.0,0.0011213195
34,90,7.0,0.0011263804
34,90,8.0,0.0010289445
34,90,9.0,0.0010864758
34,90,10.0,0.00098003
34,90,11.0,0.00094121817
34,90,12.0,0.0009184391
34,90,13.0,0.0009260807
34,90,14.0,0.00089942216
34,91,0.0,8.275255e-05
34,91,1.0,8.013211e-05
34,91,2.0,0.000107045395
34,91,3.0,0.00015782713
34,91,4.0,0.00015701291
34,91,5.0,0.00014112859
34,91,6.0,0.00015685838
34,91,7.0,0.00015360945
34,91,8.0,0.0001258384
34,91,9.0,0.0001746718
34,91,10.0,0.0001741822
34,91,11.0,0.00018006602
34,91,12.0,0.00020672548
34,91,13.0,0.00019306768
34,91,14.0,0.00012093173
34,92,0.0,8.176553e-07
34,92,1.0,1.832141e-07
34,92,2.0,1.0605062e-06
34,92,3.0,2.2998668e-06
34,92,4.0,2.7342e-06
34,92,5.0,3.944841e-07
34,92,6.0,4.6064056e-07
34,92,7.0,1.7005966e-07
34,92,8.0,4.3387182e-08
34,92,9.0,1.12398375e-07
34,92,10.0,5.5179413e-07
34,92,11.0,8.6519873e-07
34,92,12.0,7.967442e-07
34,92,13.0,1.9785438e-07
34,92,14.0,9.274451e-09
34,93,0.0,6.082166e-08
34,93,1.0,1.4302272e-07
34,93,2.0,1.4623724e-07
34,93,3.0,9.62417e-10
34,93,4.0,3.8820573e-08
34,93,5.0,1.5234811e-07
34,93,6.0,1.9606112e-07
34,93,7.0,3.357971e-08
34,93,8.0,2.6473542e-08
34,93,9.0,1.5087987e-07
34,93,10.0,2.0064245e-07
34,93,11.0,1.4271086e-07
34,93,12.0,1.4935614e-07
34,93,13.0,8.2718984e-08
34,93,14.0,2.90389e-08
34,94,0.0,2.2248727e-07
34,94,1.0,1.0323374e-07
34,94,2.0,2.0178284e-08
34,94,3.0,6.9937165e-08
34,94,4.0,1.07715344e-07
34,94,5.0,3.3385834e-07
34,94,6.0,1.9370927e-07
34,94,7.0,4.09582e-08
34,94,8.0,4.362779e-08
34,94,9.0,1.4897161e-07
34,94,10.0,3.4028696e-07
34,94,11.0,2.6163735e-07
34,94,12.0,9.839316e-08
34,94,13.0,4.4531493e-08
34,94,14.0,2.1336922e-07
34,95,0.0,7.416659e-08
34,95,1.0,1.3603886e-07
34,95,2.0,2.5835283e-07
34,95,3.0,4.5343874e-08
34,95,4.0,2.6139375e-09
34,95,5.0,1.607239e-08
34,95,6.0,2.6588776e-08
34,95,7.0,3.222562e-08
34,95,8.0,6.6651e-08
34,95,9.0,1.0943156e-07
34,95,10.0,7.228123e-09
34,95,11.0,1.1915827e-08
34,95,12.0,1.9050509e-08
34,95,13.0,3.2923072e-08
34,95,14.0,7.34449e-08
34,96,0.0,4.1327866e-07
34,96,1.0,6.349502e-07
34,96,2.0,7.901428e-07
34,96,3.0,7.727448e-07
34,96,4.0,9.843827e-07
34,96,5.0,3.2749023e-07
34,96,6.0,2.8961327e-07
34,96,7.0,8.6153506e-08
34,96,8.0,2.4725395e-07
34,96,9.0,9.783761e-07
34,96,10.0,4.243947e-07
34,96,11.0,2.9870588e-07
34,96,12.0,1.2759435e-07
34,96,13.0,1.1712752e-07
34,96,14.0,2.0230208e-07
35,77,0.0,5.6576124e-07
35,77,1.0,8.6921654e-07
35,77,2.0,4.966574e-07
35,77,3.0,1.5851211e-07
35,77,4.0,2.4445184e-08
35,77,5.0,6.203475e-09
35,77,6.0,8.532181e-09
35,77,7.0,1.2629174e-08
35,77,8.0,4.578517e-08
35,77,9.0,8.5382794e-08
35,77,10.0,1.0449588e-07
35,77,11.0,1.12173154e-07
35,77,12.0,8.1962796e-08
35,77,13.0,1.0433385e-07
35,77,14.0,1.5800984e-07
35,78,0.0,1.0934875e-06
35,78,1.0,7.397621e-07
35,78,2.0,7.1319994e-07
35,78,3.0,8.9445666e-07
35,78,4.0,9.050996e-07
35,78,5.0,5.4835334e-07
35,78,6.0,3.7458767e-07
35,78,7.0,2.2420926e-07
35,78,8.0,1.6650202e-07
35,78,9.0,9.386412e-08
35,78,10.0,3.574728e-08
35,78,11.0,3.9004867e-08
35,78,12.0,3.2516274e-07
35,78,13.0,1.1967526e-06
35,78,14.0,9.652848e-07
35,79,0.0,1.6525078e-07
35,79,1.0,4.6310912e-08
35,79,2.0,4.298898e-08
35,79,3.0,1.630208e-07
35,79,4.0,6.210316e-07
35,79,5.0,1.3919333e-06
35,79,6.0,1.2918719e-06
35,79,7.0,7.497928e-07
35,79,8.0,4.921565e-07
35,79,9.0,4.6259126e-07
35,79,10.0,5.348216e-07
35,79,11.0,4.1465998e-07
35,79,12.0,1.1588264e-07
35,79,13.0,1.17512165e-07
35,79,14.0,2.3174336e-07
35,80,0.0,7.6789075e-07
35,80,1.0,1.3963399e-08
35,80,2.0,9.241373e-09
35,80,3.0,6.2388324e-08
35,80,4.0,9.0359926e-08
35,80,5.0,1.0719815e-07
35,80,6.0,6.0291995e-08
35,80,7.0,7.6201644e-08
35,80,8.0,1.6623197e-07
35,80,9.0,2.3293677e-07
35,80,10.0,3.0388134e-07
35,80,11.0,4.7560363e-07
35,80,12.0,5.173164e-07
35,80,13.0,3.6596842e-07
35,80,14.0,4.1544556e-07
35,81,0.0,4.0596918e-11
35,81,1.0,2.3603621e-07
35,81,2.0,1.7371859e-06
35,81,3.0,7.727541e-07
35,81,4.0,1.5852441e-07
35,81,5.0,2.1970386e-07
35,81,6.0,6.713266e-07
35,81,7.0,3.666637e-06
35,81,8.0,1.4838646e-05
35,81,9.0,2.172001e-05
35,81,10.0,1.5392434e-05
35,81,11.0,1.34442125e-05
35,81,12.0,2.8409488e-05
35,81,13.0,5.8120244e-05
35,81,14.0,7.8553574e-05
35,82,0.0,0.00010849898
35,82,1.0,0.00020028366
35,82,2.0,0.0002600541
35,82,3.0,0.00017072166
35,82,4.0,0.0001526575
35,82,5.0,0.00024670974
35,82,6.0,0.00030737984
35,82,7.0,0.00027720764
35,82,8.0,0.00028506573
35,82,9.0,0.00032408652
35,82,10.0,0.00044405955
35,82,11.0,0.0006318478
35,82,12.0,0.0007992312
35,82,13.0,0.00087747216
35,82,14.0,0.001205776
35,83,0.0,0.0023149063
35,83,1.0,0.0022155757
35,83,2.0,0.00239663
35,83,3.0,0.0026767326
35,83,4.0,0.0028260176
35,83,5.0,0.0027596075
35,83,6.0,0.0028308716
35,83,7.0,0.0033267278
35,83,8.0,0.004002166
35,83,9.0,0.004490852
35,83,10.0,0.00465856
35,83,11.0,0.0049445713
35,83,12.0,0.0056107054
35,83,13.0,0.0058361934
35,83,14.0,0.0062717176
35,84,0.0,0.011859957
35,84,1.0,0.012443239
35,84,2.0,0.012065426
35,84,3.0,0.013562066
35,84,4.0,0.014666519
35,84,5.0,0.01581042
35,84,6.0,0.017248254
35,84,7.0,0.020361112
35,84,8.0,0.021055985
35,84,9.0,0.020145567
35,84,10.0,0.019475538
35,84,11.0,0.0207053
35,84,12.0,0.023091195
35,84,13.0,0.027564839
35,84,14.0,0.03008333
35,85,0.0,0.057754833
35,85,1.0,0.06181442
35,85,2.0,0.063567795
35,85,3.0,0.06433287
35,85,4.0,0.06091565
35,85,5.0,0.061684724
35,85,6.0,0.067884825
35,85,7.0,0.072497964
35,85,8.0,0.07978826
35,85,9.0,0.0839336
35,85,10.0,0.08260268
35,85,11.0,0.08154446
35,85,12.0,0.084214464
35,85,13.0,0.0943177
35,85,14.0,0.103416055
35,86,0.0,0.1330804
35,86,1.0,0.1259023
35,86,2.0,0.118334316
35,86,3.0,0.12737879
35,86,4.0,0.12024517
35,86,5.0,0.13121961
35,86,6.0,0.14210398
35,86,7.0,0.14384374
35,86,8.0,0.15219839
35,86,9.0,0.14778644
35,86,10.0,0.14338864
35,86,11.0,0.14207453
35,86,12.0,0.15205784
35,86,13.0,0.16733146
35,86,14.0,0.18316428
35,87,0.0,0.18837415
35,87,1.0,0.17434539
35,87,2.0,0.17606002
35,87,3.0,0.18169203
35,87,4.0,0.1961004
35,87,5.0,0.20056857
35,87,6.0,0.20571108
35,87,7.0,0.22893715
35,87,8.0,0.22201096
35,87,9.0,0.21408798
35,87,10.0,0.20178379
35,87,11.0,0.19182661
35,87,12.0,0.19682802
35,87,13.0,0.21496435
35,87,14.0,0.22334103
35,88,0.0,0.19939385
35,88,1.0,0.19562714
35,88,2.0,0.20544599
35,88,3.0,0.19278796
35,88,4.0,0.20282978
35,88,5.0,0.20617756
35,88,6.0,0.20374851
35,88,7.0,0.19392008
35,88,8.0,0.21854886
35,88,9.0,0.21092796
35,88,10.0,0.2004327
35,88,11.0,0.19930466
35,88,12.0,0.2047911
35,88,13.0,0.19961178
35,88,14.0,0.18882428
35,89,0.0,0.12809187
35,89,1.0,0.13502657
35,89,2.0,0.1379303
35,89,3.0,0.1248201
35,89,4.0,0.1375955
35,89,5.0,0.14124522
35,89,6.0,0.13672858
35,89,7.0,0.13899338
35,89,8.0,0.12881163
35,89,9.0,0.13408099
35,89,10.0,0.13512416
35,89,11.0,0.13181528
35,89,12.0,0.12898324
35,89,13.0,0.12378275
35,89,14.0,0.111013174
35,90,0.0,0.05796008
35,90,1.0,0.05268929
35,90,2.0,0.056525122
35,90,3.0,0.069879495
35,90,4.0,0.074119605
35,90,5.0,0.06822862
35,90,6.0,0.06925259
35,90,7.0,0.07258698
35,90,8.0,0.06324707
35,90,9.0,0.061446212
35,90,10.0,0.057263885
35,90,11.0,0.05696247
35,90,12.0,0.055734284
35,90,13.0,0.052421313
35,90,14.0,0.044614732
35,91,0.0,0.01703197
35,91,1.0,0.0152026955
35,91,2.0,0.016835464
35,91,3.0,0.017416183
35,91,4.0,0.019685503
35,91,5.0,0.020734126
35,91,6.0,0.02058004
35,91,7.0,0.019419193
35,91,8.0,0.017742086
35,91,9.0,0.017047701
35,91,10.0,0.016230304
35,91,11.0,0.016699884
35,91,12.0,0.016977625
35,91,13.0,0.015588058
35,91,14.0,0.012723864
35,92,0.0,0.0031919803
35,92,1.0,0.0032017552
35,92,2.0,0.003780462
35,92,3.0,0.0046627447
35,92,4.0,0.0042846934
35,92,5.0,0.004312625
35,92,6.0,0.004252701
35,92,7.0,0.0038550582
35,92,8.0,0.0035357776
35,92,9.0,0.003481178
35,92,10.0,0.0035075957
35,92,11.0,0.0036038486
35,92,12.0,0.003624896
35,92,13.0,0.0033598002
35,92,14.0,0.0028384181
35,93,0.0,0.00048340549
35,93,1.0,0.00039375707
35,93,2.0,0.000469664
35,93,3.0,0.0005505627
35,93,4.0,0.0006977517
35,93,5.0,0.00051208417
35,93,6.0,0.00056431966
35,93,7.0,0.00053242565
35,93,8.0,0.0005301342
35,93,9.0,0.0007093681
35,93,10.0,0.00075095665
35,93,11.0,0.0007926439
35,93,12.0,0.00078159303
35,93,13.0,0.0007320597
35,93,14.0,0.0006204937
35,94,0.0,1.7025246e-05
35,94,1.0,1.0618226e-05
35,94,2.0,1.8485942e-05
35,94,3.0,1.7574685e-05
35,94,4.0,3.0270925e-05
35,94,5.0,4.059768e-05
35,94,6.0,3.248638e-05
35,94,7.0,4.2208954e-05
35,94,8.0,7.5299264e-05
35,94,9.0,8.5248175e-05
35,94,10.0,9.4665724e-05
35,94,11.0,9.580356e-05
35,94,12.0,9.408615e-05
35,94,13.0,7.706013e-05
35,94,14.0,3.5747384e-05
35,95,0.0,0.0
35,95,1.0,3.771364e-12
35,95,2.0,4.6639947e-08
35,95,3.0,6.25004e-08
35,95,4.0,6.3895904e-08
35,95,5.0,9.913459e-09
35,95,6.0,1.515558e-08
35,95,7.0,9.3252535e-09
35,95,8.0,0.0
35,95,9.0,0.0
35,95,10.0,0.0
35,95,11.0,9.170201e-10
35,95,12.0,8.760812e-09
35,95,13.0,1.7511109e-08
35,95,14.0,6.8474106e-09
35,96,0.0,1.4447452e-06
35,96,1.0,6.13594e-07
35,96,2.0,3.7281472e-07
35,96,3.0,4.0076483e-08
35,96,4.0,1.8036681e-07
35,96,5.0,1.0969e-07
35,96,6.0,1.6877848e-07
35,96,7.0,2.0317795e-07
35,96,8.0,9.16108e-08
35,96,9.0,1.0634826e-07
35,96,10.0,3.5305095e-07
35,96,11.0,6.066301e-07
35,96,12.0,3.7332399e-07
35,96,13.0,1.858185e-07
35,96,14.0,6.190363e-08
35,97,0.0,6.63272e-07
35,97,1.0,7.0710385e-08
35,97,2.0,1.3280776e-07
35,97,3.0,2.9429964e-07
35,97,4.0,9.649116e-08
35,97,5.0,6.302367e-08
35,97,6.0,2.0900647e-07
35,97,7.0,2.4265347e-07
35,97,8.0,5.1411075e-08
35,97,9.0,1.770261e-08
35,97,10.0,7.91916e-08
35,97,11.0,8.471075e-08
35,97,12.0,1.2239704e-07
35,97,13.0,1.7501863e-07
35,97,14.0,1.1445102e-07
35,98,0.0,1.5255505e-07
35,98,1.0,4.169798e-08
35,98,2.0,2.2015665e-07
35,98,3.0,1.7261158e-07
35,98,4.0,9.8607906e-08
35,98,5.0,3.8623465e-08
35,98,6.0,5.452547e-08
35,98,7.0,1.9936283e-07
35,98,8.0,2.686208e-07
35,98,9.0,2.5857252e-08
35,98,10.0,1.555808e-07
35,98,11.0,6.768102e-08
35,98,12.0,3.125813e-08
35,98,13.0,4.9845607e-08
35,98,14.0,7.307014e-08
35,99,0.0,4.782864e-07
35,99,1.0,8.633335e-07
35,99,2.0,3.1538295e-07
35,99,3.0,1.9531356e-07
35,99,4.0,1.5563124e-07
35,99,5.0,3.9284533e-08
35,99,6.0,2.7898633e-07
35,99,7.0,3.4116454e-07
35,99,8.0,3.9855774e-08
35,99,9.0,9.5747346e-08
35,99,10.0,1.5627863e-07
35,99,11.0,3.6883608e-07
35,99,12.0,5.2580947e-07
35,99,13.0,3.0917377e-07
35,99,14.0,1.3017045e-07
35,100,0.0,1.9688991e-07
35,100,1.0,2.7386167e-07
35,100,2.0,1.6004613e-07
35,100,3.0,2.7123452e-08
35,100,4.0,1.0777998e-09
35,100,5.0,0.0
35,100,6.0,1.4696652e-08
35,100,7.0,1.0202389e-07
35,100,8.0,3.0581765e-07
35,100,9.0,7.499673e-08
35,100,10.0,2.1763904e-08
35,100,11.0,5.3297324e-08
35,100,12.0,3.0381037e-07
35,100,13.0,3.9855283e-07
35,100,14.0,1.6996584e-07
36,79,0.0,1.12149046e-07
36,79,1.0,1.9057168e-07
36,79,2.0,8.1994564e-08
36,79,3.0,2.297816e-07
36,79,4.0,4.0822857e-07
36,79,5.0,3.829856e-07
36,79,6.0,2.9952312e-07
36,79,7.0,4.7060817e-07
36,79,8.0,6.471981e-07
36,79,9.0,4.863347e-07
36,79,10.0,3.178141e-07
36,79,11.0,2.6301637e-07
36,79,12.0,4.029808e-07
36,79,13.0,8.6316805e-07
36,79,14.0,8.886149e-07
36,80,0.0,1.7543722e-07
36,80,1.0,1.9468082e-07
36,80,2.0,3.269781e-07
36,80,3.0,6.865149e-07
36,80,4.0,8.8654315e-07
36,80,5.0,6.102295e-07
36,80,6.0,3.5101453e-07
36,80,7.0,4.4163642e-07
36,80,8.0,3.871483e-07
36,80,9.0,2.9276623e-07
36,80,10.0,3.4822588e-07
36,80,11.0,2.1500354e-07
36,80,12.0,4.0784126e-08
36,80,13.0,1.0109606e-08
36,80,14.0,1.1626463e-08
36,81,0.0,1.4147895e-07
36,81,1.0,1.640008e-07
36,81,2.0,2.2126007e-07
36,81,3.0,3.1427703e-07
36,81,4.0,3.3473506e-07
36,81,5.0,2.2405209e-07
36,81,6.0,2.0215089e-07
36,81,7.0,3.2193967e-07
36,81,8.0,3.1522274e-07
36,81,9.0,2.214462e-07
36,81,10.0,3.4985385e-07
36,81,11.0,4.30667e-07
36,81,12.0,2.8216752e-07
36,81,13.0,2.572685e-07
36,81,14.0,2.9253525e-07
36,82,0.0,2.2088938e-07
36,82,1.0,3.6478144e-07
36,82,2.0,3.684776e-07
36,82,3.0,8.5871386e-07
36,82,4.0,3.2855382e-06
36,82,5.0,3.5733367e-06
36,82,6.0,3.2541477e-06
36,82,7.0,3.2919459e-06
36,82,8.0,2.1443902e-06
36,82,9.0,1.1148948e-06
36,82,10.0,7.062944e-07
36,82,11.0,5.828256e-07
36,82,12.0,1.5143124e-06
36,82,13.0,5.8527e-06
36,82,14.0,1.862716e-05
36,83,0.0,3.4546127e-05
36,83,1.0,3.124694e-05
36,83,2.0,2.7500038e-05
36,83,3.0,2.394133e-05
36,83,4.0,1.8293518e-05
36,83,5.0,2.3028952e-05
36,83,6.0,3.3061577e-05
36,83,7.0,2.9392359e-05
36,83,8.0,6.140558e-05
36,83,9.0,8.812352e-05
36,83,10.0,7.94123e-05
36,83,11.0,7.665971e-05
36,83,12.0,0.00012444501
36,83,13.0,0.0002298816
36,83,14.0,0.00028219743
36,84,0.0,0.00065369724
36,84,1.0,0.0006797214
36,84,2.0,0.0004935751
36,84,3.0,0.00044233285
36,84,4.0,0.00048921147
36,84,5.0,0.0004744378
36,84,6.0,0.00052075245
36,84,7.0,0.0006560018
36,84,8.0,0.00083729904
36,84,9.0,0.000934173
36,84,10.0,0.0010688958
36,84,11.0,0.001278665
36,84,12.0,0.0014292946
36,84,13.0,0.0017203807
36,84,14.0,0.0019947886
36,85,0.0,0.005363519
36,85,1.0,0.005088679
36,85,2.0,0.0043985294
36,85,3.0,0.0037058375
36,85,4.0,0.003065794
36,85,5.0,0.0032583466
36,85,6.0,0.0041746646
36,85,7.0,0.005700063
36,85,8.0,0.0064802296
36,85,9.0,0.0060948315
36,85,10.0,0.0056738774
36,85,11.0,0.0058297724
36,85,12.0,0.007088417
36,85,13.0,0.009918327
36,85,14.0,0.012293884
36,86,0.0,0.052078288
36,86,1.0,0.045890328
36,86,2.0,0.037719216
36,86,3.0,0.028516792
36,86,4.0,0.030514117
36,86,5.0,0.031721774
36,86,6.0,0.036864266
36,86,7.0,0.04494938
36,86,8.0,0.04963161
36,86,9.0,0.050636213
36,86,10.0,0.046813823
36,86,11.0,0.046116617
36,86,12.0,0.053669926
36,86,13.0,0.0685199
36,86,14.0,0.08403503
36,87,0.0,0.13018128
36,87,1.0,0.1155003
36,87,2.0,0.09907818
36,87,3.0,0.0946451
36,87,4.0,0.09595521
36,87,5.0,0.10092381
36,87,6.0,0.10363715
36,87,7.0,0.108238705
36,87,8.0,0.120921075
36,87,9.0,0.13116872
36,87,10.0,0.12649049
36,87,11.0,0.12033254
36,87,12.0,0.12790892
36,87,13.0,0.14882457
36,87,14.0,0.1675299
36,88,0.0,0.3434141
36,88,1.0,0.3033053
36,88,2.0,0.2589956
36,88,3.0,0.24457638
36,88,4.0,0.24216692
36,88,5.0,0.23969315
36,88,6.0,0.2670433
36,88,7.0,0.27245235
36,88,8.0,0.293376
36,88,9.0,0.28523904
36,88,10.0,0.25965807
36,88,11.0,0.24731807
36,88,12.0,0.25758585
36,88,13.0,0.29142034
36,88,14.0,0.3237498
36,89,0.0,0.4759483
36,89,1.0,0.38150766
36,89,2.0,0.36335588
36,89,3.0,0.3839294
36,89,4.0,0.36728933
36,89,5.0,0.36964977
36,89,6.0,0.39764705
36,89,7.0,0.41939875
36,89,8.0,0.43380657
36,89,9.0,0.39981288
36,89,10.0,0.36579308
36,89,11.0,0.33997202
36,89,12.0,0.34320697
36,89,13.0,0.36633256
36,89,14.0,0.40756392
36,90,0.0,0.514205
36,90,1.0,0.46087718
36,90,2.0,0.44707367
36,90,3.0,0.42078888
36,90,4.0,0.4310137
36,90,5.0,0.43533304
36,90,6.0,0.4414023
36,90,7.0,0.447707
36,90,8.0,0.43303633
36,90,9.0,0.41273656
36,90,10.0,0.38477898
36,90,11.0,0.3728727
36,90,12.0,0.37289843
36,90,13.0,0.38090286
36,90,14.0,0.39860013
36,91,0.0,0.34469497
36,91,1.0,0.3186178
36,91,2.0,0.2957665
36,91,3.0,0.27004868
36,91,4.0,0.28748494
36,91,5.0,0.27025157
36,91,6.0,0.26959
36,91,7.0,0.2842285
36,91,8.0,0.27636036
36,91,9.0,0.26462275
36,91,10.0,0.2462443
36,91,11.0,0.22376433
36,91,12.0,0.21699806
36,91,13.0,0.22282034
36,91,14.0,0.20838241
36,92,0.0,0.17985345
36,92,1.0,0.16909906
36,92,2.0,0.1615405
36,92,3.0,0.15556374
36,92,4.0,0.15520976
36,92,5.0,0.15102656
36,92,6.0,0.14591494
36,92,7.0,0.14234307
36,92,8.0,0.14740095
36,92,9.0,0.13868651
36,92,10.0,0.13413785
36,92,11.0,0.1257523
36,92,12.0,0.11736997
36,92,13.0,0.11103257
36,92,14.0,0.10625475
36,93,0.0,0.052508425
36,93,1.0,0.046517994
36,93,2.0,0.047428314
36,93,3.0,0.052711282
36,93,4.0,0.0492838
36,93,5.0,0.043033864
36,93,6.0,0.04152151
36,93,7.0,0.041074444
36,93,8.0,0.04200837
36,93,9.0,0.042692322
36,93,10.0,0.040630534
36,93,11.0,0.03670798
36,93,12.0,0.035432346
36,93,13.0,0.034393176
36,93,14.0,0.031482887
36,94,0.0,0.0130725335
36,94,1.0,0.012277467
36,94,2.0,0.013237875
36,94,3.0,0.01200734
36,94,4.0,0.012416621
36,94,5.0,0.012866745
36,94,6.0,0.011959039
36,94,7.0,0.011455726
36,94,8.0,0.011267684
36,94,9.0,0.012178163
36,94,10.0,0.012544693
36,94,11.0,0.012170421
36,94,12.0,0.011580322
36,94,13.0,0.010609482
36,94,14.0,0.008946092
36,95,0.0,0.0014569834
36,95,1.0,0.0015961931
36,95,2.0,0.0019250368
36,95,3.0,0.0020009088
36,95,4.0,0.0018783004
36,95,5.0,0.0016206428
36,95,6.0,0.0017868143
36,95,7.0,0.0016567474
36,95,8.0,0.0016790881
36,95,9.0,0.0016436657
36,95,10.0,0.0016822898
36,95,11.0,0.001842499
36,95,12.0,0.0019666832
36,95,13.0,0.0019326931
36,95,14.0,0.0017179381
36,96,0.0,0.00018244507
36,96,1.0,0.00023183168
36,96,2.0,0.00024026631
36,96,3.0,0.00027746716
36,96,4.0,0.00020446065
36,96,5.0,0.00023727666
36,96,6.0,0.00022398667
36,96,7.0,0.0002109141
36,96,8.0,0.00021504801
36,96,9.0,0.00025403427
36,96,10.0,0.00022602791
36,96,11.0,0.00027974803
36,96,12.0,0.00031676976
36,96,13.0,0.00029359417
36,96,14.0,0.00026459503
36,97,0.0,1.2586445e-05
36,97,1.0,1.0213143e-05
36,97,2.0,1.34641405e-05
36,97,3.0,8.494597e-06
36,97,4.0,1.2987434e-05
36,97,5.0,1.63633e-05
36,97,6.0,7.819106e-06
36,97,7.0,9.028104e-06
36,97,8.0,9.3067765e-06
36,97,9.0,1.0146264e-05
36,97,10.0,1.2059904e-05
36,97,11.0,6.539608e-06
36,97,12.0,4.4137782e-06
36,97,13.0,5.5193373e-06
36,97,14.0,8.334652e-06
36,98,0.0,6.9807345e-07
36,98,1.0,2.2945774e-07
36,98,2.0,1.9427897e-07
36,98,3.0,2.0529325e-07
36,98,4.0,3.6584427e-07
36,98,5.0,5.803101e-07
36,98,6.0,5.9145026e-07
36,98,7.0,4.782929e-07
36,98,8.0,4.3292403e-07
36,98,9.0,1.7045133e-07
36,98,10.0,1.1345585e-07
36,98,11.0,1.982864e-07
36,98,12.0,9.56157e-08
36,98,13.0,9.628509e-08
36,98,14.0,1.18873125e-07
36,99,0.0,8.9967294e-08
36,99,1.0,2.54256e-07
36,99,2.0,1.0787988e-07
36,99,3.0,6.2090976e-08
36,99,4.0,3.4668197e-08
36,99,5.0,2.0273918e-08
36,99,6.0,6.825861e-08
36,99,7.0,2.4683652e-07
36,99,8.0,1.6753022e-07
36,99,9.0,2.3864533e-08
36,99,10.0,3.192989e-08
36,99,11.0,1.4971603e-07
36,99,12.0,2.062838e-07
36,99,13.0,1.2675781e-07
36,99,14.0,8.3670834e-08
36,100,0.0,2.2320988e-07
36,100,1.0,3.7038152e-08
36,100,2.0,1.18073814e-07
36,100,3.0,3.0139412e-07
36,100,4.0,1.2568492e-07
36,100,5.0,7.405094e-08
36,100,6.0,1.9625223e-07
36,100,7.0,4.307552e-07
36,100,8.0,2.2971031e-07
36,100,9.0,6.630798e-08
36,100,10.0,4.1246572e-08
36,100,11.0,3.4147858e-09
36,100,12.0,7.088043e-09
36,100,13.0,2.7637777e-08
36,100,14.0,2.0325615e-08
36,101,0.0,1.0492819e-07
36,101,1.0,2.2852558e-07
36,101,2.0,2.6193536e-07
36,101,3.0,3.6165434e-07
36,101,4.0,6.053071e-07
36,101,5.0,6.5386075e-07
36,101,6.0,4.929256e-07
36,101,7.0,2.0340164e-07
36,101,8.0,4.7719675e-07
36,101,9.0,7.858675e-07
36,101,10.0,8.013734e-07
36,101,11.0,4.4472213e-07
36,101,12.0,1.959634e-07
36,101,13.0,6.6717284e-08
36,101,14.0,1.3401855e-07
36,102,0.0,1.9204052e-07
36,102,1.0,4.9678897e-07
36,102,2.0,4.059174e-07
36,102,3.0,3.2559637e-07
36,102,4.0,2.1144199e-07
36,102,5.0,6.894787e-08
36,102,6.0,7.4438424e-09
36,102,7.0,1.2940421e-07
36,102,8.0,1.0312325e-07
36,102,9.0,5.33877e-08
36,102,10.0,2.5257432e-07
36,102,11.0,3.0351276e-07
36,102,12.0,1.5331932e-07
36,102,13.0,1.6324627e-07
36,102,14.0,9.68408e-08
37,81,0.0,2.2538951e-07
37,81,1.0,2.741529e-07
37,81,2.0,4.9873256e-07
37,81,3.0,3.3900895e-07
37,81,4.0,5.0024215e-07
37,81,5.0,1.0272375e-06
37,81,6.0,8.962505e-07
37,81,7.0,8.55849e-07
37,81,8.0,1.0870641e-06
37,81,9.0,1.2536805e-06
37,81,10.0,1.1516317e-06
37,81,11.0,9.837086e-07
37,81,12.0,9.667541e-07
37,81,13.0,9.850833e-07
37,81,14.0,9.879976e-07
37,82,0.0,9.364679e-07
37,82,1.0,1.3046316e-06
37,82,2.0,1.585281e-06
37,82,3.0,1.0768504e-06
37,82,4.0,7.444037e-07
37,82,5.0,6.188324e-07
37,82,6.0,7.4039974e-07
37,82,7.0,8.6804295e-07
37,82,8.0,9.3592615e-07
37,82,9.0,6.0635034e-07
37,82,10.0,1.915074e-07
37,82,11.0,6.545649e-08
37,82,12.0,3.3681548e-08
37,82,13.0,3.9347107e-08
37,82,14.0,2.473306e-07
37,83,0.0,8.9589986e-07
37,83,1.0,5.8251635e-07
37,83,2.0,4.5950338e-07
37,83,3.0,1.529419e-07
37,83,4.0,3.7691706e-08
37,83,5.0,1.0553903e-07
37,83,6.0,1.4428056e-07
37,83,7.0,2.1668794e-07
37,83,8.0,4.4947515e-07
37,83,9.0,6.019098e-07
37,83,10.0,6.416344e-07
37,83,11.0,6.165552e-07
37,83,12.0,5.023645e-07
37,83,13.0,5.0218904e-07
37,83,14.0,6.709576e-07
37,84,0.0,2.0619612e-07
37,84,1.0,3.8615386e-07
37,84,2.0,2.4604012e-07
37,84,3.0,5.645646e-07
37,84,4.0,3.0398473e-07
37,84,5.0,3.2619474e-07
37,84,6.0,3.629641e-07
37,84,7.0,3.1295156e-07
37,84,8.0,2.769069e-07
37,84,9.0,3.6132218e-07
37,84,10.0,2.993629e-07
37,84,11.0,1.6301887e-07
37,84,12.0,1.0222819e-07
37,84,13.0,2.6743982e-07
37,84,14.0,6.8918564e-07
37,85,0.0,0.0
37,85,1.0,1.333805e-09
37,85,2.0,9.556968e-12
37,85,3.0,4.882185e-09
37,85,4.0,6.3804067e-13
37,85,5.0,1.6678259e-09
37,85,6.0,4.9423427e-08
37,85,7.0,2.1255144e-07
37,85,8.0,9.863885e-07
37,85,9.0,1.0537543e-05
37,85,10.0,2.0695763e-05
37,85,11.0,2.7464723e-05
37,85,12.0,4.187159e-05
37,85,13.0,6.8021225e-05
37,85,14.0,8.678586e-05
37,86,0.0,0.00020759084
37,86,1.0,0.00024119327
37,86,2.0,0.00024126953
37,86,3.0,0.00012027198
37,86,4.0,0.0001012847
37,86,5.0,0.0001249801
37,86,6.0,0.00020539477
37,86,7.0,0.00026508703
37,86,8.0,0.00027185332
37,86,9.0,0.00030218417
37,86,10.0,0.00033473613
37,86,11.0,0.00038201766
37,86,12.0,0.0004327718
37,86,13.0,0.0005433736
37,86,14.0,0.0007245198
37,87,0.0,0.0028333925
37,87,1.0,0.0030140993
37,87,2.0,0.0030288093
37,87,3.0,0.002437463
37,87,4.0,0.0022852807
37,87,5.0,0.0028473283
37,87,6.0,0.0031033421
37,87,7.0,0.0032970565
37,87,8.0,0.0038553255
37,87,9.0,0.004199579
37,87,10.0,0.0040977094
37,87,11.0,0.0043840343
37,87,12.0,0.0052547483
37,87,13.0,0.0068047536
37,87,14.0,0.008623325
37,88,0.0,0.01669829
37,88,1.0,0.01610529
37,88,2.0,0.01369562
37,88,3.0,0.01265434
37,88,4.0,0.014326803
37,88,5.0,0.016123876
37,88,6.0,0.016634831
37,88,7.0,0.017868064
37,88,8.0,0.019118248
37,88,9.0,0.020936303
37,88,10.0,0.021235643
37,88,11.0,0.02142204
37,88,12.0,0.023601258
37,88,13.0,0.027242856
37,88,14.0,0.031036848
37,89,0.0,0.07549281
37,89,1.0,0.056709588
37,89,2.0,0.057925757
37,89,3.0,0.057240583
37,89,4.0,0.057259448
37,89,5.0,0.06321869
37,89,6.0,0.064224154
37,89,7.0,0.06533962
37,89,8.0,0.07664651
37,89,9.0,0.08450347
37,89,10.0,0.08468395
37,89,11.0,0.08335727
37,89,12.0,0.08668365
37,89,13.0,0.09720626
37,89,14.0,0.11425277
37,90,0.0,0.17801318
37,90,1.0,0.16995263
37,90,2.0,0.16225666
37,90,3.0,0.17291127
37,90,4.0,0.18006161
37,90,5.0,0.1864769
37,90,6.0,0.19007641
37,90,7.0,0.18902037
37,90,8.0,0.21176998
37,90,9.0,0.20779
37,90,10.0,0.19656345
37,90,11.0,0.19003771
37,90,12.0,0.19604132
37,90,13.0,0.19944857
37,90,14.0,0.2217455
37,91,0.0,0.3462403
37,91,1.0,0.3444656
37,91,2.0,0.35153115
37,91,3.0,0.34685177
37,91,4.0,0.34323788
37,91,5.0,0.34657037
37,91,6.0,0.34536323
37,91,7.0,0.35550597
37,91,8.0,0.37470087
37,91,9.0,0.37122437
37,91,10.0,0.36921063
37,91,11.0,0.35653296
37,91,12.0,0.35037488
37,91,13.0,0.350675
37,91,14.0,0.3790449
37,92,0.0,0.43236828
37,92,1.0,0.40929994
37,92,2.0,0.4115504
37,92,3.0,0.4345222
37,92,4.0,0.42640567
37,92,5.0,0.44803697
37,92,6.0,0.46076757
37,92,7.0,0.44176158
37,92,8.0,0.43565923
37,92,9.0,0.44018835
37,92,10.0,0.42789316
37,92,11.0,0.40694696
37,92,12.0,0.38299367
37,92,13.0,0.37676752
37,92,14.0,0.38273838
37,93,0.0,0.36963597
37,93,1.0,0.37494344
37,93,2.0,0.38787675
37,93,3.0,0.40425155
37,93,4.0,0.40629283
37,93,5.0,0.38612655
37,93,6.0,0.38905895
37,93,7.0,0.37032998
37,93,8.0,0.35785806
37,93,9.0,0.37394735
37,93,10.0,0.37148273
37,93,11.0,0.35505623
37,93,12.0,0.33633482
37,93,13.0,0.32371756
37,93,14.0,0.30098727
37,94,0.0,0.21151644
37,94,1.0,0.21683203
37,94,2.0,0.22949523
37,94,3.0,0.21876332
37,94,4.0,0.22624175
37,94,5.0,0.2198684
37,94,6.0,0.22511917
37,94,7.0,0.2138634
37,94,8.0,0.19991954
37,94,9.0,0.18931258
37,94,10.0,0.18964522
37,94,11.0,0.18324573
37,94,12.0,0.18549094
37,94,13.0,0.17724517
37,94,14.0,0.17200683
37,95,0.0,0.07725481
37,95,1.0,0.08721437
37,95,2.0,0.10013269
37,95,3.0,0.10650633
37,95,4.0,0.10840229
37,95,5.0,0.10392902
37,95,6.0,0.096521564
37,95,7.0,0.093234956
37,95,8.0,0.09237251
37,95,9.0,0.09163592
37,95,10.0,0.09695932
37,95,11.0,0.089892715
37,95,12.0,0.082637034
37,95,13.0,0.07739535
37,95,14.0,0.06960492
37,96,0.0,0.020006422
37,96,1.0,0.023915088
37,96,2.0,0.027583826
37,96,3.0,0.029066598
37,96,4.0,0.026630491
37,96,5.0,0.030532738
37,96,6.0,0.028844735
37,96,7.0,0.026574958
37,96,8.0,0.024880746
37,96,9.0,0.025178308
37,96,10.0,0.026083382
37,96,11.0,0.02563293
37,96,12.0,0.024274765
37,96,13.0,0.022475103
37,96,14.0,0.019922044
37,97,0.0,0.0037694485
37,97,1.0,0.0041808197
37,97,2.0,0.0050193453
37,97,3.0,0.0049681575
37,97,4.0,0.005417864
37,97,5.0,0.00677558
37,97,6.0,0.006388615
37,97,7.0,0.0068548257
37,97,8.0,0.006635934
37,97,9.0,0.0060757515
37,97,10.0,0.0058960738
37,97,11.0,0.0061287927
37,97,12.0,0.0062606544
37,97,13.0,0.0060145194
37,97,14.0,0.00514217
37,98,0.0,0.0006291618
37,98,1.0,0.00069246424
37,98,2.0,0.00077152747
37,98,3.0,0.0010280496
37,98,4.0,0.00085799024
37,98,5.0,0.0008055926
37,98,6.0,0.0009867416
37,98,7.0,0.0008510584
37,98,8.0,0.0008700701
37,98,9.0,0.0010487649
37,98,10.0,0.0010430292
37,98,11.0,0.0010603421
37,98,12.0,0.0011562709
37,98,13.0,0.0011293238
37,98,14.0,0.000999881
37,99,0.0,8.290366e-05
37,99,1.0,0.00010552881
37,99,2.0,0.000103273866
37,99,3.0,9.733966e-05
37,99,4.0,0.00011248967
37,99,5.0,0.00012308078
37,99,6.0,0.00015673728
37,99,7.0,9.2361886e-05
37,99,8.0,0.00010615283
37,99,9.0,0.000118867996
37,99,10.0,0.00016239406
37,99,11.0,0.00015471844
37,99,12.0,0.0001802018
37,99,13.0,0.00018797172
37,99,14.0,0.00017207058
37,100,0.0,2.548566e-08
37,100,1.0,1.4677732e-07
37,100,2.0,5.024567e-07
37,100,3.0,7.1113965e-07
37,100,4.0,6.346982e-07
37,100,5.0,6.38026e-07
37,100,6.0,3.9316848e-07
37,100,7.0,7.828219e-08
37,100,8.0,2.1130337e-08
37,100,9.0,1.6702726e-08
37,100,10.0,6.7934997e-07
37,100,11.0,8.9246123e-07
37,100,12.0,5.3946457e-07
37,100,13.0,1.8924105e-07
37,100,14.0,3.41823e-07
37,101,0.0,6.258187e-07
37,101,1.0,6.743259e-07
37,101,2.0,6.458092e-07
37,101,3.0,4.8337995e-07
37,101,4.0,3.8891642e-07
37,101,5.0,3.3654868e-07
37,101,6.0,1.899017e-07
37,101,7.0,6.723672e-07
37,101,8.0,5.414677e-07
37,101,9.0,4.0482388e-07
37,101,10.0,1.3043697e-07
37,101,11.0,5.822436e-08
37,101,12.0,1.463059e-07
37,101,13.0,2.060243e-07
37,101,14.0,4.2305436e-07
37,102,0.0,2.6374815e-07
37,102,1.0,3.166811e-07
37,102,2.0,3.1404923e-07
37,102,3.0,2.3710396e-07
37,102,4.0,1.3532168e-07
37,102,5.0,7.3636016e-08
37,102,6.0,9.931294e-08
37,102,7.0,1.7776223e-07
37,102,8.0,1.4670225e-07
37,102,9.0,1.2216864e-07
37,102,10.0,5.309397e-08
37,102,11.0,1.080609e-08
37,102,12.0,5.0286094e-08
37,102,13.0,1.9833234e-07
37,102,14.0,3.3855028e-07
37,103,0.0,1.4582226e-07
37,103,1.0,1.0473662e-08
37,103,2.0,2.9690563e-08
37,103,3.0,9.980737e-08
37,103,4.0,5.677484e-07
37,103,5.0,5.1441134e-07
37,103,6.0,2.9048485e-07
37,103,7.0,2.6109166e-07
37,103,8.0,2.516609e-07
37,103,9.0,1.4601717e-07
37,103,10.0,5.3363422e-08
37,103,11.0,2.8193863e-08
37,103,12.0,5.722498e-09
37,103,13.0,2.6207102e-08
37,103,14.0,1.7527888e-07
37,104,0.0,6.0680634e-07
37,104,1.0,2.1734718e-07
37,104,2.0,9.366163e-08
37,104,3.0,4.056165e-07
37,104,4.0,1.9374434e-06
37,104,5.0,1.0546053e-06
37,104,6.0,7.5954785e-07
37,104,7.0,7.6838256e-07
37,104,8.0,2.7286546e-07
37,104,9.0,1.4708507e-07
37,104,10.0,2.8831175e-07
37,104,11.0,3.9032744e-07
37,104,12.0,1.5908867e-07
37,104,13.0,1.9348153e-07
37,104,14.0,4.283749e-07
37,105,0.0,3.4279304e-07
37,105,1.0,3.565307e-07
37,105,2.0,2.5776183e-07
37,105,3.0,8.24725e-07
37,105,4.0,4.4319466e-07
37,105,5.0,1.6067757e-07
37,105,6.0,5.471293e-07
37,105,7.0,5.1175806e-07
37,105,8.0,1.2519864e-07
37,105,9.0,3.0321536e-07
37,105,10.0,5.37751e-07
37,105,11.0,5.746762e-07
37,105,12.0,1.3034781e-07
37,105,13.0,1.2468212e-07
37,105,14.0,3.3937422e-07
38,83,0.0,2.3329595e-07
38,83,1.0,8.195875e-08
38,83,2.0,4.3103188e-07
38,83,3.0,8.1497797e-07
38,83,4.0,6.3018274e-07
38,83,5.0,4.7015854e-07
38,83,6.0,3.184097e-07
38,83,7.0,2.735892e-07
38,83,8.0,3.8612984e-07
38,83,9.0,5.9128246e-07
38,83,10.0,6.5583106e-07
38,83,11.0,6.5203983e-07
38,83,12.0,6.297296e-07
38,83,13.0,4.83428e-07
38,83,14.0,7.4521364e-07
38,84,0.0,2.1103322e-07
38,84,1.0,2.6603786e-07
38,84,2.0,2.2554123e-07
38,84,3.0,8.967289e-08
38,84,4.0,2.2083107e-07
38,84,5.0,3.6488055e-07
38,84,6.0,3.3595938e-07
38,84,7.0,2.5498701e-07
38,84,8.0,3.171827e-07
38,84,9.0,4.91986e-07
38,84,10.0,9.066538e-07
38,84,11.0,1.3832197e-06
38,84,12.0,1.6039717e-06
38,84,13.0,2.1001333e-06
38,84,14.0,3.0252054e-06
38,85,0.0,9.006164e-07
38,85,1.0,9.241839e-07
38,85,2.0,6.128573e-07
38,85,3.0,4.850627e-07
38,85,4.0,5.8678603e-07
38,85,5.0,1.5379648e-07
38,85,6.0,7.067214e-08
38,85,7.0,2.0808393e-07
38,85,8.0,4.0088375e-07
38,85,9.0,2.4914291e-07
38,85,10.0,2.548991e-07
38,85,11.0,1.8033342e-07
38,85,12.0,7.5013475e-08
38,85,13.0,8.899591e-08
38,85,14.0,2.304078e-07
38,86,0.0,3.5111797e-10
38,86,1.0,0.0
38,86,2.0,4.8488496e-12
38,86,3.0,4.2772205e-10
38,86,4.0,5.2277045e-09
38,86,5.0,1.0779708e-08
38,86,6.0,1.5908977e-08
38,86,7.0,3.7112365e-08
38,86,8.0,4.8297522e-08
38,86,9.0,2.982615e-08
38,86,10.0,2.947598e-08
38,86,11.0,3.1645243e-08
38,86,12.0,8.1962796e-08
38,86,13.0,7.9359205e-07
38,86,14.0,3.0630576e-06
38,87,0.0,4.3165917e-05
38,87,1.0,3.8321235e-05
38,87,2.0,8.144696e-06
38,87,3.0,1.2597701e-06
38,87,4.0,1.5823366e-08
38,87,5.0,1.2836937e-08
38,87,6.0,3.5518985e-07
38,87,7.0,3.908561e-06
38,87,8.0,1.69288e-05
38,87,9.0,2.5753412e-05
38,87,10.0,4.6951813e-05
38,87,11.0,5.7833957e-05
38,87,12.0,6.2075844e-05
38,87,13.0,7.780473e-05
38,87,14.0,0.00010373897
38,88,0.0,0.00044950072
38,88,1.0,0.0005529207
38,88,2.0,0.00038038232
38,88,3.0,0.00034864404
38,88,4.0,0.0003784974
38,88,5.0,0.00030202244
38,88,6.0,0.00048551318
38,88,7.0,0.000678698
38,88,8.0,0.0006388977
38,88,9.0,0.0005434415
38,88,10.0,0.0006112385
38,88,11.0,0.0008323162
38,88,12.0,0.0010208045
38,88,13.0,0.0011969551
38,88,14.0,0.0014987433
38,89,0.0,0.004446743
38,89,1.0,0.0041859555
38,89,2.0,0.002998489
38,89,3.0,0.0035109275
38,89,4.0,0.0026174355
38,89,5.0,0.0024604131
38,89,6.0,0.003083827
38,89,7.0,0.0042276615
38,89,8.0,0.0048615737
38,89,9.0,0.004580975
38,89,10.0,0.00436447
38,89,11.0,0.004383001
38,89,12.0,0.004837791
38,89,13.0,0.0058905385
38,89,14.0,0.007552496
38,90,0.0,0.0290182
38,90,1.0,0.02644785
38,90,2.0,0.020771174
38,90,3.0,0.020172397
38,90,4.0,0.019885594
38,90,5.0,0.018827654
38,90,6.0,0.020310987
38,90,7.0,0.02545472
38,90,8.0,0.028354552
38,90,9.0,0.028709855
38,90,10.0,0.029852336
38,90,11.0,0.030453388
38,90,12.0,0.031366445
38,90,13.0,0.035475872
38,90,14.0,0.042910684
38,91,0.0,0.095863864
38,91,1.0,0.099401385
38,91,2.0,0.08725192
38,91,3.0,0.08372445
38,91,4.0,0.081908196
38,91,5.0,0.07190185
38,91,6.0,0.07268219
38,91,7.0,0.080870725
38,91,8.0,0.08911369
38,91,9.0,0.09050173
38,91,10.0,0.08584273
38,91,11.0,0.083506085
38,91,12.0,0.084689565
38,91,13.0,0.0946855
38,91,14.0,0.120375216
38,92,0.0,0.30146793
38,92,1.0,0.27238852
38,92,2.0,0.23319207
38,92,3.0,0.20059802
38,92,4.0,0.21094948
38,92,5.0,0.21515913
38,92,6.0,0.21934342
38,92,7.0,0.24236593
38,92,8.0,0.26177344
38,92,9.0,0.25304747
38,92,10.0,0.2492137
38,92,11.0,0.23710947
38,92,12.0,0.24887916
38,92,13.0,0.27206218
38,92,14.0,0.2910741
38,93,0.0,0.52063745
38,93,1.0,0.4894325
38,93,2.0,0.42834365
38,93,3.0,0.3754164
38,93,4.0,0.3895245
38,93,5.0,0.36735165
38,93,6.0,0.39023265
38,93,7.0,0.3925308
38,93,8.0,0.4012896
38,93,9.0,0.42455077
38,93,10.0,0.41895312
38,93,11.0,0.4015022
38,93,12.0,0.38729456
38,93,13.0,0.388876
38,93,14.0,0.42353922
38,94,0.0,0.711438
38,94,1.0,0.6536055
38,94,2.0,0.61901003
38,94,3.0,0.58391595
38,94,4.0,0.53784585
38,94,5.0,0.59429127
38,94,6.0,0.5763241
38,94,7.0,0.5815907
38,94,8.0,0.60597974
38,94,9.0,0.5980599
38,94,10.0,0.56172997
38,94,11.0,0.53991914
38,94,12.0,0.52045774
38,94,13.0,0.5109867
38,94,14.0,0.52154994
38,95,0.0,0.56469053
38,95,1.0,0.50888073
38,95,2.0,0.51875263
38,95,3.0,0.50532585
38,95,4.0,0.46282145
38,95,5.0,0.5055374
38,95,6.0,0.49991795
38,95,7.0,0.49881494
38,95,8.0,0.49423054
38,95,9.0,0.49353582
38,95,10.0,0.4733856
38,95,11.0,0.4535596
38,95,12.0,0.42527354
38,95,13.0,0.40943536
38,95,14.0,0.41507044
38,96,0.0,0.40365764
38,96,1.0,0.3851143
38,96,2.0,0.38724706
38,96,3.0,0.37687495
38,96,4.0,0.35179865
38,96,5.0,0.3635822
38,96,6.0,0.34786332
38,96,7.0,0.33092844
38,96,8.0,0.3258112
38,96,9.0,0.32486323
38,96,10.0,0.3318612
38,96,11.0,0.32286525
38,96,12.0,0.3047655
38,96,13.0,0.2842956
38,96,14.0,0.2670471
38,97,0.0,0.17051923
38,97,1.0,0.15575187
38,97,2.0,0.16381341
38,97,3.0,0.1741352
38,97,4.0,0.16270372
38,97,5.0,0.15773974
38,97,6.0,0.1419792
38,97,7.0,0.13988511
38,97,8.0,0.1385636
38,97,9.0,0.1332816
38,97,10.0,0.12292923
38,97,11.0,0.1266243
38,97,12.0,0.11905471
38,97,13.0,0.113744885
38,97,14.0,0.10335772
38,98,0.0,0.06114786
38,98,1.0,0.05857994
38,98,2.0,0.05345817
38,98,3.0,0.055047765
38,98,4.0,0.054109097
38,98,5.0,0.05965165
38,98,6.0,0.056739517
38,98,7.0,0.051526435
38,98,8.0,0.051060658
38,98,9.0,0.046844326
38,98,10.0,0.049953703
38,98,11.0,0.051197965
38,98,12.0,0.050365943
38,98,13.0,0.044462543
38,98,14.0,0.038560107
38,99,0.0,0.014756601
38,99,1.0,0.01559366
38,99,2.0,0.016094865
38,99,3.0,0.01629707
38,99,4.0,0.015475062
38,99,5.0,0.012612209
38,99,6.0,0.014728378
38,99,7.0,0.013364073
38,99,8.0,0.013525467
38,99,9.0,0.013219675
38,99,10.0,0.012953205
38,99,11.0,0.013085129
38,99,12.0,0.013049979
38,99,13.0,0.011888769
38,99,14.0,0.009854564
38,100,0.0,0.0019483477
38,100,1.0,0.002392813
38,100,2.0,0.00253611
38,100,3.0,0.0028097923
38,100,4.0,0.002708632
38,100,5.0,0.0027153492
38,100,6.0,0.0024248546
38,100,7.0,0.0021892162
38,100,8.0,0.002297095
38,100,9.0,0.002616601
38,100,10.0,0.0028093078
38,100,11.0,0.002486149
38,100,12.0,0.0022988934
38,100,13.0,0.0022872225
38,100,14.0,0.0019656275
38,101,0.0,0.00026180432
38,101,1.0,0.00027373745
38,101,2.0,0.00031636152
38,101,3.0,0.00029472748
38,101,4.0,0.0003103246
38,101,5.0,0.00028994362
38,101,6.0,0.0003114568
38,101,7.0,0.0003707907
38,101,8.0,0.00030443
38,101,9.0,0.00032043553
38,101,10.0,0.0003052655
38,101,11.0,0.00046665283
38,101,12.0,0.0004807763
38,101,13.0,0.00045636419
38,101,14.0,0.0003333694
38,102,0.0,2.3848663e-05
38,102,1.0,2.5473233e-05
38,102,2.0,2.8077537e-05
38,102,3.0,2.727974e-05
38,102,4.0,3.3059056e-05
38,102,5.0,3.7672147e-05
38,102,6.0,3.4572106e-05
38,102,7.0,3.6111927e-05
38,102,8.0,2.6002435e-05
38,102,9.0,4.816386e-05
38,102,10.0,4.7104913e-05
38,102,11.0,8.921021e-05
38,102,12.0,9.544799e-05
38,102,13.0,8.465046e-05
38,102,14.0,7.015088e-05
38,103,0.0,7.45176e-08
38,103,1.0,9.44941e-08
38,103,2.0,1.2375767e-07
38,103,3.0,2.5618897e-07
38,103,4.0,4.921366e-07
38,103,5.0,5.9780376e-07
38,103,6.0,5.888308e-07
38,103,7.0,6.4565444e-07
38,103,8.0,2.0450498e-08
38,103,9.0,1.2513121e-07
38,103,10.0,1.2615986e-07
38,103,11.0,5.33471e-08
38,103,12.0,6.758223e-07
38,103,13.0,6.7934997e-07
38,103,14.0,3.1326715e-07
38,104,0.0,1.9960812e-07
38,104,1.0,1.4942499e-07
38,104,2.0,1.571684e-08
38,104,3.0,1.1546719e-08
38,104,4.0,1.8112459e-08
38,104,5.0,1.0920795e-07
38,104,6.0,4.987751e-07
38,104,7.0,1.099494e-06
38,104,8.0,7.2247224e-07
38,104,9.0,5.953421e-07
38,104,10.0,3.8314346e-07
38,104,11.0,4.4665092e-07
38,104,12.0,8.7785463e-07
38,104,13.0,1.770733e-06
38,104,14.0,2.394687e-06
38,105,0.0,9.350845e-09
38,105,1.0,2.9379234e-07
38,105,2.0,1.4635544e-06
38,105,3.0,5.5808624e-07
38,105,4.0,2.4792212e-07
38,105,5.0,1.0903332e-07
38,105,6.0,1.7405158e-07
38,105,7.0,7.2675334e-07
38,105,8.0,9.902747e-07
38,105,9.0,3.493928e-07
38,105,10.0,1.6162488e-07
38,105,11.0,1.3132453e-07
38,105,12.0,1.4368491e-07
38,105,13.0,1.6532408e-07
38,105,14.0,6.632886e-07
38,106,0.0,8.151008e-07
38,106,1.0,1.1240602e-06
38,106,2.0,3.1558446e-07
38,106,3.0,1.2782628e-07
38,106,4.0,3.581999e-07
38,106,5.0,4.4321513e-07
38,106,6.0,2.8153613e-07
38,106,7.0,2.6505472e-07
38,106,8.0,2.3609111e-07
38,106,9.0,5.602955e-08
38,106,10.0,9.3292e-08
38,106,11.0,3.2007637e-07
38,106,12.0,9.82778e-07
38,106,13.0,9.854598e-07
38,106,14.0,6.3902775e-07
38,107,0.0,2.9611434e-07
38,107,1.0,3.8634593e-07
38,107,2.0,2.0733583e-07
38,107,3.0,2.512767e-07
38,107,4.0,7.378995e-07
38,107,5.0,7.954066e-07
38,107,6.0,4.236222e-07
38,107,7.0,3.0858806e-07
38,107,8.0,3.0252278e-07
38,107,9.0,6.459583e-08
38,107,10.0,3.528645e-07
38,107,11.0,5.660613e-07
38,107,12.0,3.4516862e-07
38,107,13.0,6.616328e-08
38,107,14.0,2.0514842e-07
39,86,0.0,1.4929185e-07
39,86,1.0,5.108948e-08
39,86,2.0,6.414107e-08
39,86,3.0,7.737788e-08
39,86,4.0,9.457058e-08
39,86,5.0,9.686567e-08
39,86,6.0,1.0600538e-07
39,86,7.0,2.992897e-07
39,86,8.0,5.5331134e-07
39,86,9.0,3.8644015e-07
39,86,10.0,2.0194071e-07
39,86,11.0,1.08245786e-07
39,86,12.0,9.0173685e-08
39,86,13.0,1.45776e-07
39,86,14.0,1.1544526e-07
39,87,0.0,9.9611384e-08
39,87,1.0,2.796091e-07
39,87,2.0,1.0543973e-06
39,87,3.0,1.9267436e-06
39,87,4.0,8.6348206e-07
39,87,5.0,6.422319e-07
39,87,6.0,8.709757e-07
39,87,7.0,1.0876904e-06
39,87,8.0,7.447632e-07
39,87,9.0,4.603013e-07
39,87,10.0,2.3614986e-07
39,87,11.0,1.5912761e-07
39,87,12.0,1.350813e-07
39,87,13.0,1.6671142e-07
39,87,14.0,3.5781434e-07
39,88,0.0,3.0387827e-07
39,88,1.0,1.453558e-07
39,88,2.0,1.1816268e-07
39,88,3.0,2.6502548e-07
39,88,4.0,8.546202e-08
39,88,5.0,1.801661e-08
39,88,6.0,1.2400012e-07
39,88,7.0,2.4862618e-07
39,88,8.0,2.7658038e-07
39,88,9.0,3.1107876e-07
39,88,10.0,2.484895e-07
39,88,11.0,1.477209e-07
39,88,12.0,7.853803e-08
39,88,13.0,4.8482264e-08
39,88,14.0,1.8221537e-07
39,89,0.0,2.0806963e-09
39,89,1.0,1.3889718e-09
39,89,2.0,0.0
39,89,3.0,1.1045962e-09
39,89,4.0,2.0234188e-07
39,89,5.0,1.2343392e-07
39,89,6.0,5.7293004e-08
39,89,7.0,1.780694e-08
39,89,8.0,3.2128533e-08
39,89,9.0,6.033099e-08
39,89,10.0,3.6134065e-08
39,89,11.0,1.7442435e-08
39,89,12.0,4.235158e-08
39,89,13.0,5.5700383e-07
39,89,14.0,3.4320128e-06
39,90,0.0,6.3490996e-05
39,90,1.0,7.97267e-05
39,90,2.0,0.00011179434
39,90,3.0,8.4668456e-05
39,90,4.0,8.81246e-05
39,90,5.0,5.242297e-05
39,90,6.0,5.63684e-05
39,90,7.0,0.0001151595
39,90,8.0,0.0001703374
39,90,9.0,0.0001823344
39,90,10.0,0.00013381161
39,90,11.0,0.00014936371
39,90,12.0,0.00020815858
39,90,13.0,0.0002844618
39,90,14.0,0.00038351535
39,91,0.0,0.00073024986
39,91,1.0,0.00080689334
39,91,2.0,0.0006309981
39,91,3.0,0.00050954876
39,91,4.0,0.00079541455
39,91,5.0,0.0007205457
39,91,6.0,0.0007370945
39,91,7.0,0.00095501635
39,91,8.0,0.001217793
39,91,9.0,0.0011910377
39,91,10.0,0.0013757052
39,91,11.0,0.001337543
39,91,12.0,0.0014090276
39,91,13.0,0.0016750915
39,91,14.0,0.0021074375
39,92,0.0,0.0066816756
39,92,1.0,0.0058131805
39,92,2.0,0.0054694125
39,92,3.0,0.004029718
39,92,4.0,0.0045293784
39,92,5.0,0.0054728636
39,92,6.0,0.0057071364
39,92,7.0,0.0066418312
39,92,8.0,0.0078002266
39,92,9.0,0.007632908
39,92,10.0,0.008014858
39,92,11.0,0.008388775
39,92,12.0,0.008749966
39,92,13.0,0.009452102
39,92,14.0,0.0112218065
39,93,0.0,0.032757685
39,93,1.0,0.030865313
39,93,2.0,0.032047603
39,93,3.0,0.02720033
39,93,4.0,0.026433678
39,93,5.0,0.027811881
39,93,6.0,0.029013464
39,93,7.0,0.03397222
39,93,8.0,0.04112748
39,93,9.0,0.04030142
39,93,10.0,0.038631793
39,93,11.0,0.041503504
39,93,12.0,0.0452359
39,93,13.0,0.0482902
39,93,14.0,0.05214845
39,94,0.0,0.10662484
39,94,1.0,0.103299364
39,94,2.0,0.10277545
39,94,3.0,0.1026025
39,94,4.0,0.094479546
39,94,5.0,0.089034274
39,94,6.0,0.10279267
39,94,7.0,0.11558474
39,94,8.0,0.1285291
39,94,9.0,0.12182689
39,94,10.0,0.124597594
39,94,11.0,0.124454156
39,94,12.0,0.12063054
39,94,13.0,0.12718055
39,94,14.0,0.1366902
39,95,0.0,0.27846968
39,95,1.0,0.27622172
39,95,2.0,0.27926156
39,95,3.0,0.27811223
39,95,4.0,0.25536793
39,95,5.0,0.26939166
39,95,6.0,0.27930242
39,95,7.0,0.2821114
39,95,8.0,0.29513487
39,95,9.0,0.3100704
39,95,10.0,0.310381
39,95,11.0,0.30958742
39,95,12.0,0.28960526
39,95,13.0,0.27568096
39,95,14.0,0.285058
39,96,0.0,0.36620504
39,96,1.0,0.37859038
39,96,2.0,0.3789135
39,96,3.0,0.39585996
39,96,4.0,0.40991932
39,96,5.0,0.39069313
39,96,6.0,0.4323431
39,96,7.0,0.41524506
39,96,8.0,0.40835354
39,96,9.0,0.4329078
39,96,10.0,0.43305236
39,96,11.0,0.4251033
39,96,12.0,0.40423197
39,96,13.0,0.3853679
39,96,14.0,0.3866029
39,97,0.0,0.43095434
39,97,1.0,0.45252374
39,97,2.0,0.48551705
39,97,3.0,0.5132958
39,97,4.0,0.5173919
39,97,5.0,0.4749774
39,97,6.0,0.5117318
39,97,7.0,0.48882452
39,97,8.0,0.4847911
39,97,9.0,0.5074979
39,97,10.0,0.49916598
39,97,11.0,0.48142478
39,97,12.0,0.45508215
39,97,13.0,0.43435434
39,97,14.0,0.40865493
39,98,0.0,0.33537856
39,98,1.0,0.34816578
39,98,2.0,0.39947182
39,98,3.0,0.4012283
39,98,4.0,0.39508638
39,98,5.0,0.34859684
39,98,6.0,0.37435022
39,98,7.0,0.3440879
39,98,8.0,0.33964074
39,98,9.0,0.34930673
39,98,10.0,0.3553159
39,98,11.0,0.34803754
39,98,12.0,0.31543705
39,98,13.0,0.28466272
39,98,14.0,0.26738498
39,99,0.0,0.22527957
39,99,1.0,0.24594232
39,99,2.0,0.28855523
39,99,3.0,0.2959931
39,99,4.0,0.28458226
39,99,5.0,0.2531247
39,99,6.0,0.25162914
39,99,7.0,0.22909327
39,99,8.0,0.21698548
39,99,9.0,0.21299174
39,99,10.0,0.21715683
39,99,11.0,0.21045789
39,99,12.0,0.21109171
39,99,13.0,0.19972971
39,99,14.0,0.18470255
39,100,0.0,0.09016353
39,100,1.0,0.09629732
39,100,2.0,0.100296184
39,100,3.0,0.10598133
39,100,4.0,0.10245765
39,100,5.0,0.10497821
39,100,6.0,0.11039905
39,100,7.0,0.09374827
39,100,8.0,0.08961768
39,100,9.0,0.0937932
39,100,10.0,0.09396213
39,100,11.0,0.09702815
39,100,12.0,0.09107493
39,100,13.0,0.08830517
39,100,14.0,0.073543034
39,101,0.0,0.029091168
39,101,1.0,0.028766084
39,101,2.0,0.03246649
39,101,3.0,0.03322482
39,101,4.0,0.031156728
39,101,5.0,0.028829737
39,101,6.0,0.032510936
39,101,7.0,0.02990102
39,101,8.0,0.028495595
39,101,9.0,0.028217873
39,101,10.0,0.02607967
39,101,11.0,0.027196314
39,101,12.0,0.026545156
39,101,13.0,0.025080504
39,101,14.0,0.020999413
39,102,0.0,0.0057830727
39,102,1.0,0.0060757697
39,102,2.0,0.006275799
39,102,3.0,0.0062434897
39,102,4.0,0.0071702176
39,102,5.0,0.006748717
39,102,6.0,0.006486475
39,102,7.0,0.00569562
39,102,8.0,0.00564974
39,102,9.0,0.006128294
39,102,10.0,0.006144187
39,102,11.0,0.006488388
39,102,12.0,0.006388079
39,102,13.0,0.0066739423
39,102,14.0,0.006006902
39,103,0.0,0.00071819645
39,103,1.0,0.0005847947
39,103,2.0,0.00057183934
39,103,3.0,0.00070210744
39,103,4.0,0.000740083
39,103,5.0,0.0008853013
39,103,6.0,0.00076749915
39,103,7.0,0.00079614937
39,103,8.0,0.0006776159
39,103,9.0,0.0006863026
39,103,10.0,0.00091545976
39,103,11.0,0.0010043762
39,103,12.0,0.0012103745
39,103,13.0,0.0011972658
39,103,14.0,0.0010706057
39,104,0.0,3.3586144e-05
39,104,1.0,2.042996e-05
39,104,2.0,2.5872347e-05
39,104,3.0,4.309172e-05
39,104,4.0,8.060881e-05
39,104,5.0,0.00012271879
39,104,6.0,0.00015087955
39,104,7.0,0.0001522795
39,104,8.0,0.0001517429
39,104,9.0,0.0001718708
39,104,10.0,0.000191866
39,104,11.0,0.000187548
39,104,12.0,0.00018362887
39,104,13.0,0.00024231293
39,104,14.0,0.00021347163
39,105,0.0,1.3286186e-06
39,105,1.0,1.7889089e-06
39,105,2.0,1.4197918e-06
39,105,3.0,1.0796306e-06
39,105,4.0,2.5120482e-06
39,105,5.0,9.114853e-06
39,105,6.0,1.40969305e-05
39,105,7.0,1.0524321e-05
39,105,8.0,7.7531795e-06
39,105,9.0,2.1710719e-05
39,105,10.0,2.4388837e-05
39,105,11.0,1.7382707e-05
39,105,12.0,1.7547794e-05
39,105,13.0,2.5514506e-05
39,105,14.0,1.6561618e-05
39,106,0.0,2.2501733e-07
39,106,1.0,5.5018363e-09
39,106,2.0,1.5864948e-08
39,106,3.0,2.099819e-08
39,106,4.0,2.4032117e-11
39,106,5.0,7.4210005e-10
39,106,6.0,1.8988919e-08
39,106,7.0,4.0066016e-08
39,106,8.0,2.5419527e-07
39,106,9.0,6.0178616e-07
39,106,10.0,8.1527224e-07
39,106,11.0,2.7387878e-07
39,106,12.0,8.23498e-08
39,106,13.0,1.0162298e-07
39,106,14.0,1.05502735e-07
39,107,0.0,2.2167019e-07
39,107,1.0,3.603534e-07
39,107,2.0,2.872261e-07
39,107,3.0,8.561764e-08
39,107,4.0,4.9011003e-08
39,107,5.0,8.2430965e-08
39,107,6.0,1.8442796e-07
39,107,7.0,2.1363088e-07
39,107,8.0,6.115198e-08
39,107,9.0,1.1952774e-07
39,107,10.0,1.3834342e-07
39,107,11.0,7.398407e-08
39,107,12.0,3.1292e-07
39,107,13.0,6.9541704e-07
39,107,14.0,4.9479775e-07
39,108,0.0,3.407373e-07
39,108,1.0,5.641007e-07
39,108,2.0,5.198689e-07
39,108,3.0,3.9537238e-07
39,108,4.0,2.49747e-07
39,108,5.0,8.631728e-08
39,108,6.0,7.362802e-08
39,108,7.0,1.9890658e-07
39,108,8.0,1.6560476e-07
39,108,9.0,6.033466e-08
39,108,10.0,5.753885e-08
39,108,11.0,9.723667e-08
39,108,12.0,9.41675e-08
39,108,13.0,3.2598328e-07
39,108,14.0,4.0316195e-07
39,109,0.0,3.155178e-07
39,109,1.0,4.4436297e-07
39,109,2.0,5.389119e-07
39,109,3.0,5.4235585e-07
39,109,4.0,7.405803e-07
39,109,5.0,1.3313826e-06
39,109,6.0,2.210206e-06
39,109,7.0,1.9049755e-06
39,109,8.0,5.606464e-07
39,109,9.0,1.7000076e-07
39,109,10.0,5.3763415e-08
39,109,11.0,3.78569e-07
39,109,12.0,2.9519688e-07
39,109,13.0,2.7084727e-07
39,109,14.0,5.159128e-07
40,88,0.0,1.8719327e-07
40,88,1.0,1.2910678e-07
40,88,2.0,1.9175415e-07
40,88,3.0,7.9562574e-07
40,88,4.0,5.888181e-07
40,88,5.0,2.320961e-07
40,88,6.0,3.1799922e-07
40,88,7.0,2.1026665e-07
40,88,8.0,5.0144735e-07
40,88,9.0,5.832381e-07
40,88,10.0,4.5459998e-07
40,88,11.0,2.86957e-07
40,88,12.0,1.2928957e-07
40,88,13.0,6.1134834e-08
40,88,14.0,5.2599525e-08
40,89,0.0,2.9097143e-07
40,89,1.0,2.408197e-07
40,89,2.0,1.5714056e-07
40,89,3.0,2.1380863e-07
40,89,4.0,3.598452e-07
40,89,5.0,5.074585e-07
40,89,6.0,1.14796336e-07
40,89,7.0,1.01366744e-07
40,89,8.0,3.8336563e-07
40,89,9.0,6.1041436e-07
40,89,10.0,6.180884e-07
40,89,11.0,4.3809564e-07
40,89,12.0,3.46304e-07
40,89,13.0,4.302523e-07
40,89,14.0,2.8090287e-07
40,90,0.0,1.3086542e-07
40,90,1.0,3.3647706e-07
40,90,2.0,3.0549998e-07
40,90,3.0,2.3806737e-07
40,90,4.0,6.0787744e-07
40,90,5.0,4.1511208e-07
40,90,6.0,1.1073122e-07
40,90,7.0,2.901398e-08
40,90,8.0,1.517138e-08
40,90,9.0,2.3185688e-08
40,90,10.0,2.0188782e-08
40,90,11.0,4.500985e-09
40,90,12.0,3.908661e-09
40,90,13.0,3.95433e-08
40,90,14.0,5.055121e-07
40,91,0.0,9.039074e-11
40,91,1.0,0.0
40,91,2.0,0.0
40,91,3.0,4.905831e-09
40,91,4.0,1.805321e-09
40,91,5.0,2.9991795e-10
40,91,6.0,4.3969212e-08
40,91,7.0,2.2537841e-07
40,91,8.0,4.7682028e-07
40,91,9.0,4.1707682e-07
40,91,10.0,3.2395187e-07
40,91,11.0,4.4778065e-07
40,91,12.0,7.645472e-07
40,91,13.0,1.2927035e-06
40,91,14.0,2.031125e-06
40,92,0.0,0.00014138353
40,92,1.0,7.013681e-05
40,92,2.0,6.084561e-05
40,92,3.0,4.4889992e-05
40,92,4.0,2.130343e-05
40,92,5.0,3.101076e-05
40,92,6.0,3.0999046e-05
40,92,7.0,7.55406e-05
40,92,8.0,0.00011078349
40,92,9.0,8.889291e-05
40,92,10.0,9.917908e-05
40,92,11.0,0.0001358314
40,92,12.0,0.00017051744
40,92,13.0,0.00022022023
40,92,14.0,0.00028030193
40,93,0.0,0.0009874705
40,93,1.0,0.00066908385
40,93,2.0,0.0005038378
40,93,3.0,0.0003213344
40,93,4.0,0.0006252446
40,93,5.0,0.00053811795
40,93,6.0,0.0006460972
40,93,7.0,0.00079270644
40,93,8.0,0.0007979335
40,93,9.0,0.0008964478
40,93,10.0,0.001002617
40,93,11.0,0.0009800819
40,93,12.0,0.0011331317
40,93,13.0,0.00126236
40,93,14.0,0.0014759877
40,94,0.0,0.007215082
40,94,1.0,0.0063875373
40,94,2.0,0.0057653063
40,94,3.0,0.0050775525
40,94,4.0,0.0043397984
40,94,5.0,0.004055489
40,94,6.0,0.005347195
40,94,7.0,0.0068611666
40,94,8.0,0.008360972
40,94,9.0,0.0074342317
40,94,10.0,0.006605181
40,94,11.0,0.0070895534
40,94,12.0,0.007827336
40,94,13.0,0.009359892
40,94,14.0,0.0098422365
40,95,0.0,0.031381037
40,95,1.0,0.027889276
40,95,2.0,0.025231637
40,95,3.0,0.02373114
40,95,4.0,0.02180099
40,95,5.0,0.024151083
40,95,6.0,0.025919355
40,95,7.0,0.029990043
40,95,8.0,0.035423312
40,95,9.0,0.035938703
40,95,10.0,0.032235455
40,95,11.0,0.03258535
40,95,12.0,0.0339071
40,95,13.0,0.036070116
40,95,14.0,0.040249195
40,96,0.0,0.12185777
40,96,1.0,0.12358847
40,96,2.0,0.116846055
40,96,3.0,0.111043625
40,96,4.0,0.10722923
40,96,5.0,0.08784132
40,96,6.0,0.10745735
40,96,7.0,0.11860479
40,96,8.0,0.1265817
40,96,9.0,0.13816534
40,96,10.0,0.12791146
40,96,11.0,0.124619
40,96,12.0,0.123321615
40,96,13.0,0.12930015
40,96,14.0,0.13946545
40,97,0.0,0.29130858
40,97,1.0,0.26898742
40,97,2.0,0.2481796
40,97,3.0,0.23838782
40,97,4.0,0.23494771
40,97,5.0,0.21624443
40,97,6.0,0.23330761
40,97,7.0,0.25845227
40,97,8.0,0.2598266
40,97,9.0,0.27419737
40,97,10.0,0.2580482
40,97,11.0,0.25523528
40,97,12.0,0.260929
40,97,13.0,0.25089276
40,97,14.0,0.259866
40,98,0.0,0.4801737
40,98,1.0,0.45369482
40,98,2.0,0.43507984
40,98,3.0,0.41833094
40,98,4.0,0.40014288
40,98,5.0,0.4002177
40,98,6.0,0.39981693
40,98,7.0,0.45543787
40,98,8.0,0.45928106
40,98,9.0,0.45659634
40,98,10.0,0.47258034
40,98,11.0,0.4527211
40,98,12.0,0.4630433
40,98,13.0,0.45821282
40,98,14.0,0.4620735
40,99,0.0,0.5837602
40,99,1.0,0.5533174
40,99,2.0,0.5007897
40,99,3.0,0.46595317
40,99,4.0,0.43962812
40,99,5.0,0.46462828
40,99,6.0,0.44433758
40,99,7.0,0.50046873
40,99,8.0,0.49504814
40,99,9.0,0.48851126
40,99,10.0,0.46857694
40,99,11.0,0.43785933
40,99,12.0,0.43442908
40,99,13.0,0.44091058
40,99,14.0,0.43557408
40,100,0.0,0.63537604
40,100,1.0,0.61616045
40,100,2.0,0.5725256
40,100,3.0,0.54628336
40,100,4.0,0.51614976
40,100,5.0,0.51703686
40,100,6.0,0.45264792
40,100,7.0,0.47665063
40,100,8.0,0.4674836
40,100,9.0,0.48224849
40,100,10.0,0.48888472
40,100,11.0,0.4527053
40,100,12.0,0.413943
40,100,13.0,0.41747588
40,100,14.0,0.39702946
40,101,0.0,0.34410694
40,101,1.0,0.3509982
40,101,2.0,0.3609948
40,101,3.0,0.34890845
40,101,4.0,0.33188486
40,101,5.0,0.30855426
40,101,6.0,0.27402884
40,101,7.0,0.2645307
40,101,8.0,0.2388386
40,101,9.0,0.23186743
40,101,10.0,0.23804694
40,101,11.0,0.24385321
40,101,12.0,0.24317187
40,101,13.0,0.22716434
40,101,14.0,0.2024323
40,102,0.0,0.14802697
40,102,1.0,0.14878401
40,102,2.0,0.14798902
40,102,3.0,0.15252131
40,102,4.0,0.14371982
40,102,5.0,0.14489509
40,102,6.0,0.14231661
40,102,7.0,0.11629839
40,102,8.0,0.10837631
40,102,9.0,0.11246818
40,102,10.0,0.11597827
40,102,11.0,0.11502593
40,102,12.0,0.11495258
40,102,13.0,0.10906168
40,102,14.0,0.09706372
40,103,0.0,0.042322364
40,103,1.0,0.047577094
40,103,2.0,0.049197692
40,103,3.0,0.04705149
40,103,4.0,0.044432275
40,103,5.0,0.041491415
40,103,6.0,0.040697288
40,103,7.0,0.038444784
40,103,8.0,0.03650401
40,103,9.0,0.034653235
40,103,10.0,0.034080092
40,103,11.0,0.037156194
40,103,12.0,0.034760613
40,103,13.0,0.036315404
40,103,14.0,0.034083664
40,104,0.0,0.0072830347
40,104,1.0,0.0076516173
40,104,2.0,0.008434376
40,104,3.0,0.008964753
40,104,4.0,0.010815428
40,104,5.0,0.011756673
40,104,6.0,0.010954706
40,104,7.0,0.008646081
40,104,8.0,0.00848958
40,104,9.0,0.010307833
40,104,10.0,0.009940361
40,104,11.0,0.010006429
40,104,12.0,0.0104266815
40,104,13.0,0.009610853
40,104,14.0,0.00866206
40,105,0.0,0.0010605841
40,105,1.0,0.0012316954
40,105,2.0,0.0010822206
40,105,3.0,0.001027996
40,105,4.0,0.0011896271
40,105,5.0,0.0014780347
40,105,6.0,0.0016036314
40,105,7.0,0.0015193394
40,105,8.0,0.0016788834
40,105,9.0,0.0014771129
40,105,10.0,0.0019761946
40,105,11.0,0.0023582794
40,105,12.0,0.002395513
40,105,13.0,0.0026590473
40,105,14.0,0.0024006015
40,106,0.0,0.00018210369
40,106,1.0,0.00018341055
40,106,2.0,0.00017108096
40,106,3.0,0.00014451903
40,106,4.0,0.00017743406
40,106,5.0,0.00023250858
40,106,6.0,0.00025943262
40,106,7.0,0.0002612221
40,106,8.0,0.00025121903
40,106,9.0,0.0002891219
40,106,10.0,0.00032993057
40,106,11.0,0.00038376093
40,106,12.0,0.00064131484
40,106,13.0,0.00067811296
40,106,14.0,0.00047034703
40,107,0.0,3.5351164e-05
40,107,1.0,4.8452563e-05
40,107,2.0,4.32085e-05
40,107,3.0,3.9480914e-05
40,107,4.0,3.4156885e-05
40,107,5.0,2.303898e-05
40,107,6.0,2.0662532e-05
40,107,7.0,1.46716575e-05
40,107,8.0,1.4647186e-05
40,107,9.0,2.3018332e-05
40,107,10.0,3.732119e-05
40,107,11.0,3.7019516e-05
40,107,12.0,5.2813528e-05
40,107,13.0,6.915791e-05
40,107,14.0,6.456792e-05
40,108,0.0,3.4529344e-06
40,108,1.0,7.0254423e-06
40,108,2.0,6.1243495e-06
40,108,3.0,4.8158386e-06
40,108,4.0,5.282962e-06
40,108,5.0,7.2718467e-06
40,108,6.0,7.2086855e-06
40,108,7.0,4.5989964e-06
40,108,8.0,3.7394263e-06
40,108,9.0,3.9611677e-06
40,108,10.0,1.1303626e-05
40,108,11.0,1.1123722e-05
40,108,12.0,1.0259504e-05
40,108,13.0,5.940304e-06
40,108,14.0,2.4608657e-06
40,109,0.0,2.5737612e-07
40,109,1.0,5.314019e-07
40,109,2.0,5.436697e-07
40,109,3.0,7.9378543e-07
40,109,4.0,1.2571006e-06
40,109,5.0,1.7936659e-06
40,109,6.0,1.2485565e-06
40,109,7.0,7.422037e-07
40,109,8.0,4.0877754e-07
40,109,9.0,3.7986788e-07
40,109,10.0,8.701939e-08
40,109,11.0,1.6646665e-07
40,109,12.0,2.2076065e-07
40,109,13.0,6.659711e-08
40,109,14.0,3.443256e-08
40,110,0.0,4.5660897e-07
40,110,1.0,3.9945556e-07
40,110,2.0,3.7467794e-07
40,110,3.0,6.186641e-07
40,110,4.0,1.0517248e-06
40,110,5.0,1.1786709e-06
40,110,6.0,8.36902e-07
40,110,7.0,6.6888913e-07
40,110,8.0,6.3395066e-07
40,110,9.0,3.149976e-07
40,110,10.0,4.6062368e-07
40,110,11.0,3.3925187e-07
40,110,12.0,3.7662787e-07
40,110,13.0,3.4464605e-07
40,110,14.0,6.115945e-07
40,111,0.0,5.851551e-07
40,111,1.0,1.2475411e-07
40,111,2.0,9.143015e-08
40,111,3.0,6.9166234e-08
40,111,4.0,1.8099782e-07
40,111,5.0,1.7490542e-07
40,111,6.0,1.2567696e-07
40,111,7.0,1.8935897e-07
40,111,8.0,2.246407e-07
40,111,9.0,4.666815e-07
40,111,10.0,3.103226e-07
40,111,11.0,5.1895785e-07
40,111,12.0,3.6024994e-07
40,111,13.0,2.9052066e-07
40,111,14.0,2.7317586e-07
40,112,0.0,1.0364538e-06
40,112,1.0,1.3511531e-06
40,112,2.0,5.554208e-07
40,112,3.0,5.620864e-07
40,112,4.0,8.9014435e-07
40,112,5.0,1.1105003e-06
40,112,6.0,1.706019e-06
40,112,7.0,2.5140196e-06
40,112,8.0,2.1111707e-06
40,112,9.0,9.557351e-07
40,112,10.0,1.1882521e-06
40,112,11.0,9.72829e-07
40,112,12.0,1.4317096e-06
40,112,13.0,4.3769788e-07
40,112,14.0,5.6760535e-07
41,90,0.0,8.6240203e-07
41,90,1.0,5.9915556e-07
41,90,2.0,2.5669024e-07
41,90,3.0,1.339384e-07
41,90,4.0,1.1494138e-07
41,90,5.0,4.6566594e-08
41,90,6.0,1.6987034e-08
41,90,7.0,1.6174903e-08
41,90,8.0,4.5611543e-08
41,90,9.0,1.8898375e-07
41,90,10.0,3.133208e-07
41,90,11.0,4.0862145e-07
41,90,12.0,4.158534e-07
41,90,13.0,4.677424e-07
41,90,14.0,4.2974187e-07
41,91,0.0,2.572726e-07
41,91,1.0,2.8769819e-07
41,91,2.0,2.515779e-07
41,91,3.0,2.0483375e-07
41,91,4.0,1.5125164e-07
41,91,5.0,1.7979781e-07
41,91,6.0,1.1510518e-07
41,91,7.0,1.6968959e-07
41,91,8.0,4.337475e-07
41,91,9.0,5.267738e-07
41,91,10.0,2.9695508e-07
41,91,11.0,1.7254193e-07
41,91,12.0,1.1993595e-07
41,91,13.0,1.0264388e-07
41,91,14.0,1.9097321e-07
41,92,0.0,3.2251685e-07
41,92,1.0,3.8673588e-07
41,92,2.0,3.1868782e-07
41,92,3.0,3.9613604e-07
41,92,4.0,9.615419e-08
41,92,5.0,1.6379847e-08
41,92,6.0,9.176712e-09
41,92,7.0,2.0143593e-08
41,92,8.0,1.1533313e-08
41,92,9.0,1.7613862e-08
41,92,10.0,4.31972e-08
41,92,11.0,4.7103235e-08
41,92,12.0,3.5092636e-08
41,92,13.0,3.4465415e-08
41,92,14.0,4.4115268e-08
41,93,0.0,1.0376685e-07
41,93,1.0,9.917278e-10
41,93,2.0,9.7117825e-09
41,93,3.0,6.081612e-08
41,93,4.0,2.2230293e-07
41,93,5.0,9.555996e-08
41,93,6.0,3.3642443e-08
41,93,7.0,2.6111783e-07
41,93,8.0,2.5766502e-07
41,93,9.0,3.6774716e-07
41,93,10.0,3.8221538e-07
41,93,11.0,3.1689282e-07
41,93,12.0,2.0491984e-07
41,93,13.0,1.0062048e-07
41,93,14.0,6.004286e-08
41,94,0.0,1.3508764e-05
41,94,1.0,9.932033e-06
41,94,2.0,1.8307728e-05
41,94,3.0,2.8791901e-05
41,94,4.0,3.736333e-05
41,94,5.0,5.8902002e-05
41,94,6.0,3.466992e-05
41,94,7.0,2.6107926e-05
41,94,8.0,1.9289148e-05
41,94,9.0,1.3136467e-05
41,94,10.0,9.327131e-06
41,94,11.0,5.37995e-06
41,94,12.0,5.640815e-06
41,94,13.0,1.38598125e-05
41,94,14.0,2.4403425e-05
41,95,0.0,9.5552154e-05
41,95,1.0,9.405279e-05
41,95,2.0,0.00012781032
41,95,3.0,0.000115331604
41,95,4.0,8.662016e-05
41,95,5.0,9.017011e-05
41,95,6.0,0.00012504331
41,95,7.0,0.00013226052
41,95,8.0,0.00024066801
41,95,9.0,0.00027772595
41,95,10.0,0.00028163035
41,95,11.0,0.00029929422
41,95,12.0,0.00033814553
41,95,13.0,0.00040244494
41,95,14.0,0.00043188006
41,96,0.0,0.0011350261
41,96,1.0,0.0014053977
41,96,2.0,0.0015794183
41,96,3.0,0.0015617437
41,96,4.0,0.0014957617
41,96,5.0,0.0009422384
41,96,6.0,0.0012309726
41,96,7.0,0.0015498503
41,96,8.0,0.0018425881
41,96,9.0,0.0024096482
41,96,10.0,0.002154655
41,96,11.0,0.0020789492
41,96,12.0,0.0022297353
41,96,13.0,0.0023922464
41,96,14.0,0.002662624
41,97,0.0,0.009075887
41,97,1.0,0.0094191255
41,97,2.0,0.010106632
41,97,3.0,0.009627099
41,97,4.0,0.008716138
41,97,5.0,0.0070708147
41,97,6.0,0.00816865
41,97,7.0,0.010174989
41,97,8.0,0.012807883
41,97,9.0,0.014945422
41,97,10.0,0.012110858
41,97,11.0,0.012374121
41,97,12.0,0.013832317
41,97,13.0,0.015389815
41,97,14.0,0.017463123
41,98,0.0,0.036401946
41,98,1.0,0.038272064
41,98,2.0,0.041061785
41,98,3.0,0.04198741
41,98,4.0,0.03962778
41,98,5.0,0.03998586
41,98,6.0,0.032210127
41,98,7.0,0.041040648
41,98,8.0,0.049223863
41,98,9.0,0.05232575
41,98,10.0,0.048702035
41,98,11.0,0.05171876
41,98,12.0,0.057568353
41,98,13.0,0.06032486
41,98,14.0,0.06590841
41,99,0.0,0.10907299
41,99,1.0,0.123700924
41,99,2.0,0.12441235
41,99,3.0,0.12698817
41,99,4.0,0.12617221
41,99,5.0,0.122091316
41,99,6.0,0.11511439
41,99,7.0,0.1249853
41,99,8.0,0.12919623
41,99,9.0,0.13718203
41,99,10.0,0.13784555
41,99,11.0,0.1380117
41,99,12.0,0.1399965
41,99,13.0,0.14796518
41,99,14.0,0.15669213
41,100,0.0,0.20418651
41,100,1.0,0.22706904
41,100,2.0,0.23762147
41,100,3.0,0.24244261
41,100,4.0,0.24090742
41,100,5.0,0.2431358
41,100,6.0,0.22664419
41,100,7.0,0.23207918
41,100,8.0,0.24917199
41,100,9.0,0.25254664
41,100,10.0,0.26148877
41,100,11.0,0.25388637
41,100,12.0,0.23323864
41,100,13.0,0.24256314
41,100,14.0,0.24141069
41,101,0.0,0.34452426
41,101,1.0,0.39631134
41,101,2.0,0.4251407
41,101,3.0,0.4049216
41,101,4.0,0.38609597
41,101,5.0,0.38035312
41,101,6.0,0.37240002
41,101,7.0,0.38851753
41,101,8.0,0.40342852
41,101,9.0,0.38072947
41,101,10.0,0.3601022
41,101,11.0,0.35819882
41,101,12.0,0.36139858
41,101,13.0,0.34423122
41,101,14.0,0.3430291
41,102,0.0,0.3262902
41,102,1.0,0.37072924
41,102,2.0,0.3969982
41,102,3.0,0.40124875
41,102,4.0,0.3983005
41,102,5.0,0.36911836
41,102,6.0,0.33554578
41,102,7.0,0.32039985
41,102,8.0,0.32765397
41,102,9.0,0.31938997
41,102,10.0,0.31170768
41,102,11.0,0.31345007
41,102,12.0,0.2989116
41,102,13.0,0.27772784
41,102,14.0,0.27008897
41,103,0.0,0.21107344
41,103,1.0,0.24678555
41,103,2.0,0.27953294
41,103,3.0,0.2889103
41,103,4.0,0.28457603
41,103,5.0,0.26962033
41,103,6.0,0.23902585
41,103,7.0,0.2291333
41,103,8.0,0.21773063
41,103,9.0,0.21269962
41,103,10.0,0.21433136
41,103,11.0,0.2117295
41,103,12.0,0.21192051
41,103,13.0,0.21222958
41,103,14.0,0.19165604
41,104,0.0,0.096831836
41,104,1.0,0.1072312
41,104,2.0,0.10862786
41,104,3.0,0.11812857
41,104,4.0,0.12679398
41,104,5.0,0.12702002
41,104,6.0,0.123070456
41,104,7.0,0.121933706
41,104,8.0,0.09837674
41,104,9.0,0.10015535
41,104,10.0,0.108811766
41,104,11.0,0.11719857
41,104,12.0,0.12540707
41,104,13.0,0.11360234
41,104,14.0,0.10569399
41,105,0.0,0.02653284
41,105,1.0,0.038477737
41,105,2.0,0.04156781
41,105,3.0,0.043222856
41,105,4.0,0.04684021
41,105,5.0,0.05146078
41,105,6.0,0.05120439
41,105,7.0,0.048980244
41,105,8.0,0.045663882
41,105,9.0,0.04494036
41,105,10.0,0.048380584
41,105,11.0,0.053517118
41,105,12.0,0.05944752
41,105,13.0,0.05519439
41,105,14.0,0.047488894
41,106,0.0,0.006135843
41,106,1.0,0.0103006
41,106,2.0,0.0116989175
41,106,3.0,0.014757115
41,106,4.0,0.01572293
41,106,5.0,0.015314811
41,106,6.0,0.015599884
41,106,7.0,0.014212158
41,106,8.0,0.015498753
41,106,9.0,0.015340091
41,106,10.0,0.017608915
41,106,11.0,0.01949924
41,106,12.0,0.01962796
41,106,13.0,0.019602718
41,106,14.0,0.01719761
41,107,0.0,0.0025397104
41,107,1.0,0.0036632188
41,107,2.0,0.004703527
41,107,3.0,0.004930698
41,107,4.0,0.005182464
41,107,5.0,0.0058416952
41,107,6.0,0.005295957
41,107,7.0,0.004896565
41,107,8.0,0.004583066
41,107,9.0,0.004908536
41,107,10.0,0.0060458304
41,107,11.0,0.007029383
41,107,12.0,0.0068249363
41,107,13.0,0.00658
41,107,14.0,0.005956365
41,108,0.0,0.0006325042
41,108,1.0,0.0008617458
41,108,2.0,0.00091751496
41,108,3.0,0.0009608517
41,108,4.0,0.0010634145
41,108,5.0,0.0011431777
41,108,6.0,0.001399899
41,108,7.0,0.0013273391
41,108,8.0,0.0010424921
41,108,9.0,0.001252499
41,108,10.0,0.0015622523
41,108,11.0,0.0017190384
41,108,12.0,0.0021059425
41,108,13.0,0.001933829
41,108,14.0,0.0015833244
41,109,0.0,0.00015230631
41,109,1.0,0.00021509056
41,109,2.0,0.00026765585
41,109,3.0,0.00026121587
41,109,4.0,0.00035985783
41,109,5.0,0.00034217976
41,109,6.0,0.00030833305
41,109,7.0,0.00027982937
41,109,8.0,0.00030674273
41,109,9.0,0.0003186847
41,109,10.0,0.00039034354
41,109,11.0,0.00039793787
41,109,12.0,0.0004219436
41,109,13.0,0.00038183463
41,109,14.0,0.00034754595
41,110,0.0,1.02292615e-05
41,110,1.0,1.6671385e-05
41,110,2.0,4.5540957e-05
41,110,3.0,6.895206e-05
41,110,4.0,8.105096e-05
41,110,5.0,9.116432e-05
41,110,6.0,0.000105559964
41,110,7.0,0.00010678669
41,110,8.0,9.554513e-05
41,110,9.0,7.175487e-05
41,110,10.0,9.5874515e-05
41,110,11.0,8.3561994e-05
41,110,12.0,0.00010582415
41,110,13.0,0.00011084252
41,110,14.0,7.790709e-05
41,111,0.0,1.568048e-10
41,111,1.0,1.6639238e-08
41,111,2.0,2.9473367e-07
41,111,3.0,1.8150047e-06
41,111,4.0,4.839276e-06
41,111,5.0,8.5994525e-06
41,111,6.0,8.73713e-06
41,111,7.0,5.253696e-06
41,111,8.0,2.5733716e-06
41,111,9.0,1.7350877e-06
41,111,10.0,7.5766644e-07
41,111,11.0,2.1440094e-06
41,111,12.0,4.9651117e-06
41,111,13.0,5.9520457e-06
41,111,14.0,2.9686173e-06
41,112,0.0,3.8036976e-07
41,112,1.0,3.8333073e-07
41,112,2.0,3.895406e-07
41,112,3.0,5.547129e-07
41,112,4.0,1.1322596e-06
41,112,5.0,2.4141145e-06
41,112,6.0,1.90401e-06
41,112,7.0,1.600037e-06
41,112,8.0,1.6896633e-06
41,112,9.0,1.1307584e-06
41,112,10.0,1.7458856e-07
41,112,11.0,1.8820376e-07
41,112,12.0,3.6525412e-07
41,112,13.0,5.80957e-07
41,112,14.0,3.7123806e-07
41,113,0.0,3.5352772e-07
41,113,1.0,3.8216223e-07
41,113,2.0,3.3430726e-07
41,113,3.0,4.367574e-07
41,113,4.0,4.1548654e-07
41,113,5.0,3.6939664e-07
41,113,6.0,3.509475e-07
41,113,7.0,1.8086395e-07
41,113,8.0,1.7820952e-07
41,113,9.0,4.393393e-07
41,113,10.0,2.929328e-07
41,113,11.0,2.2966778e-07
41,113,12.0,1.0095832e-07
41,113,13.0,2.2326375e-07
41,113,14.0,1.9422271e-07
41,114,0.0,1.5033402e-06
41,114,1.0,1.1059481e-06
41,114,2.0,6.1480495e-07
41,114,3.0,2.7632888e-07
41,114,4.0,3.1196532e-07
41,114,5.0,3.7324835e-07
41,114,6.0,4.3091558e-07
41,114,7.0,5.241657e-07
41,114,8.0,7.269166e-07
41,114,9.0,8.1194594e-07
41,114,10.0,5.03711e-07
41,114,11.0,2.6247957e-07
41,114,12.0,3.4650145e-07
41,114,13.0,3.868006e-07
41,114,14.0,4.7624948e-07
41,115,0.0,5.278002e-07
41,115,1.0,4.027368e-07
41,115,2.0,4.6775094e-07
41,115,3.0,6.115554e-07
41,115,4.0,7.799657e-07
41,115,5.0,6.689393e-07
41,115,6.0,6.1054453e-07
41,115,7.0,4.7834925e-07
41,115,8.0,2.5026145e-07
41,115,9.0,8.840099e-08
41,115,10.0,1.5687448e-07
41,115,11.0,8.809763e-08
41,115,12.0,1.2677063e-07
41,115,13.0,2.9723203e-08
41,115,14.0,6.683663e-08
42,92,0.0,1.1353993e-06
42,92,1.0,7.2694627e-07
42,92,2.0,4.920746e-07
42,92,3.0,5.7714095e-07
42,92,4.0,8.097491e-07
42,92,5.0,4.9734916e-07
42,92,6.0,6.308229e-07
42,92,7.0,1.2945828e-06
42,92,8.0,6.930947e-07
42,92,9.0,5.05119e-07
42,92,10.0,2.5439235e-07
42,92,11.0,2.1992776e-07
42,92,12.0,2.0546692e-07
42,92,13.0,1.7450509e-07
42,92,14.0,1.90008e-07
42,93,0.0,2.929238e-07
42,93,1.0,2.0483031e-07
42,93,2.0,1.2855394e-07
42,93,3.0,9.3866674e-08
42,93,4.0,8.629867e-08
42,93,5.0,1.8476982e-07
42,93,6.0,1.6451531e-07
42,93,7.0,1.7728901e-07
42,93,8.0,1.3461573e-07
42,93,9.0,3.6005892e-07
42,93,10.0,5.4052845e-07
42,93,11.0,5.595286e-07
42,93,12.0,4.5776594e-07
42,93,13.0,2.534094e-07
42,93,14.0,1.6519999e-07
42,94,0.0,1.5605856e-07
42,94,1.0,1.864648e-07
42,94,2.0,2.1551223e-07
42,94,3.0,2.4085728e-07
42,94,4.0,3.45549e-07
42,94,5.0,1.8382292e-07
42,94,6.0,7.8614676e-08
42,94,7.0,7.2788694e-08
42,94,8.0,3.2794577e-07
42,94,9.0,2.9858253e-07
42,94,10.0,4.3728826e-07
42,94,11.0,6.5644394e-07
42,94,12.0,6.01091e-07
42,94,13.0,5.161607e-07
42,94,14.0,4.605457e-07
42,95,0.0,6.018592e-09
42,95,1.0,5.6801797e-10
42,95,2.0,4.285262e-09
42,95,3.0,3.7596344e-08
42,95,4.0,1.3968311e-07
42,95,5.0,2.4246068e-08
42,95,6.0,1.3825819e-09
42,95,7.0,0.0
42,95,8.0,0.0
42,95,9.0,0.0
42,95,10.0,1.4410924e-10
42,95,11.0,3.4295183e-10
42,95,12.0,2.491221e-10
42,95,13.0,1.7559713e-10
42,95,14.0,2.6212665e-09
42,96,0.0,1.7334058e-07
42,96,1.0,4.734229e-08
42,96,2.0,2.1787125e-09
42,96,3.0,4.428991e-10
42,96,4.0,9.192481e-09
42,96,5.0,6.0194814e-08
42,96,6.0,3.74774e-08
42,96,7.0,2.7340386e-07
42,96,8.0,1.3183202e-06
42,96,9.0,5.949385e-07
42,96,10.0,1.4891376e-07
42,96,11.0,1.221328e-07
42,96,12.0,1.8553806e-07
42,96,13.0,6.124031e-07
42,96,14.0,2.0878688e-06
42,97,0.0,0.00011618611
42,97,1.0,0.00010044609
42,97,2.0,7.12062e-05
42,97,3.0,7.937871e-05
42,97,4.0,0.00012773597
42,97,5.0,0.00015752378
42,97,6.0,0.00010702563
42,97,7.0,0.00021271169
42,97,8.0,0.00020627042
42,97,9.0,0.0001578309
42,97,10.0,0.000117769596
42,97,11.0,0.00016464654
42,97,12.0,0.00021775602
42,97,13.0,0.0002791756
42,97,14.0,0.0003894741
42,98,0.0,0.0011376482
42,98,1.0,0.001242609
42,98,2.0,0.0010859245
42,98,3.0,0.0008557728
42,98,4.0,0.0007803517
42,98,5.0,0.0006924581
42,98,6.0,0.0009625466
42,98,7.0,0.0011998382
42,98,8.0,0.0014427359
42,98,9.0,0.0017177656
42,98,10.0,0.0019517206
42,98,11.0,0.0020979322
42,98,12.0,0.0019269378
42,98,13.0,0.0019005979
42,98,14.0,0.001990476
42,99,0.0,0.006951725
42,99,1.0,0.0070707016
42,99,2.0,0.0071585425
42,99,3.0,0.0064988863
42,99,4.0,0.006016762
42,99,5.0,0.006005253
42,99,6.0,0.0044951695
42,99,7.0,0.005114069
42,99,8.0,0.0063353935
42,99,9.0,0.0076000066
42,99,10.0,0.008444656
42,99,11.0,0.007557769
42,99,12.0,0.008750897
42,99,13.0,0.009696214
42,99,14.0,0.010317465
42,100,0.0,0.028396452
42,100,1.0,0.026487714
42,100,2.0,0.025116466
42,100,3.0,0.026152637
42,100,4.0,0.027463317
42,100,5.0,0.027141238
42,100,6.0,0.026486961
42,100,7.0,0.027229892
42,100,8.0,0.029757256
42,100,9.0,0.032348216
42,100,10.0,0.0334465
42,100,11.0,0.031618606
42,100,12.0,0.033138905
42,100,13.0,0.035213716
42,100,14.0,0.038297962
42,101,0.0,0.07068173
42,101,1.0,0.068801254
42,101,2.0,0.06635953
42,101,3.0,0.06672534
42,101,4.0,0.06607942
42,101,5.0,0.064817995
42,101,6.0,0.062419187
42,101,7.0,0.06178373
42,101,8.0,0.073418766
42,101,9.0,0.07923609
42,101,10.0,0.08492434
42,101,11.0,0.08548187
42,101,12.0,0.07970189
42,101,13.0,0.08070175
42,101,14.0,0.08346995
42,102,0.0,0.16677947
42,102,1.0,0.17233291
42,102,2.0,0.1667633
42,102,3.0,0.17060503
42,102,4.0,0.16678315
42,102,5.0,0.16202803
42,102,6.0,0.15419632
42,102,7.0,0.1473097
42,102,8.0,0.15976508
42,102,9.0,0.16030571
42,102,10.0,0.1676473
42,102,11.0,0.17846432
42,102,12.0,0.16976042
42,102,13.0,0.15860777
42,102,14.0,0.15037884
42,103,0.0,0.19851643
42,103,1.0,0.21215175
42,103,2.0,0.20430009
42,103,3.0,0.20275925
42,103,4.0,0.19755343
42,103,5.0,0.18801193
42,103,6.0,0.17418289
42,103,7.0,0.19096327
42,103,8.0,0.1865822
42,103,9.0,0.1869529
42,103,10.0,0.18957567
42,103,11.0,0.18875429
42,103,12.0,0.17594406
42,103,13.0,0.1792659
42,103,14.0,0.18443495
42,104,0.0,0.18487592
42,104,1.0,0.19544697
42,104,2.0,0.21146001
42,104,3.0,0.22131091
42,104,4.0,0.22658968
42,104,5.0,0.21396711
42,104,6.0,0.20182392
42,104,7.0,0.19731551
42,104,8.0,0.17033406
42,104,9.0,0.17299835
42,104,10.0,0.17845817
42,104,11.0,0.17910601
42,104,12.0,0.1740115
42,104,13.0,0.17240416
42,104,14.0,0.17488115
42,105,0.0,0.08668419
42,105,1.0,0.122176036
42,105,2.0,0.12888603
42,105,3.0,0.131299
42,105,4.0,0.13716656
42,105,5.0,0.14322205
42,105,6.0,0.13115324
42,105,7.0,0.13085063
42,105,8.0,0.11348981
42,105,9.0,0.122282885
42,105,10.0,0.122965865
42,105,11.0,0.14029369
42,105,12.0,0.13911341
42,105,13.0,0.13155802
42,105,14.0,0.117802806
42,106,0.0,0.04319075
42,106,1.0,0.052856065
42,106,2.0,0.067217655
42,106,3.0,0.06919322
42,106,4.0,0.07535737
42,106,5.0,0.08742034
42,106,6.0,0.08710641
42,106,7.0,0.07909799
42,106,8.0,0.06992056
42,106,9.0,0.08300888
42,106,10.0,0.08786301
42,106,11.0,0.10119106
42,106,12.0,0.11012328
42,106,13.0,0.10448025
42,106,14.0,0.09359205
42,107,0.0,0.015413764
42,107,1.0,0.016740901
42,107,2.0,0.02095397
42,107,3.0,0.025784573
42,107,4.0,0.032368515
42,107,5.0,0.034499895
42,107,6.0,0.034860354
42,107,7.0,0.030901866
42,107,8.0,0.031933337
42,107,9.0,0.03861748
42,107,10.0,0.041451395
42,107,11.0,0.052667335
42,107,12.0,0.052151024
42,107,13.0,0.052230336
42,107,14.0,0.047145665
42,108,0.0,0.005356338
42,108,1.0,0.006304766
42,108,2.0,0.008845909
42,108,3.0,0.010257367
42,108,4.0,0.011850792
42,108,5.0,0.014907751
42,108,6.0,0.016209032
42,108,7.0,0.01432901
42,108,8.0,0.014266343
42,108,9.0,0.0183545
42,108,10.0,0.018812086
42,108,11.0,0.025226226
42,108,12.0,0.02802515
42,108,13.0,0.028045177
42,108,14.0,0.024874168
42,109,0.0,0.0008933192
42,109,1.0,0.0013467388
42,109,2.0,0.0022775528
42,109,3.0,0.002978762
42,109,4.0,0.0038957368
42,109,5.0,0.004924789
42,109,6.0,0.005281733
42,109,7.0,0.0049100923
42,109,8.0,0.004107559
42,109,9.0,0.00521786
42,109,10.0,0.007401732
42,109,11.0,0.009109995
42,109,12.0,0.011181323
42,109,13.0,0.010789197
42,109,14.0,0.008837185
42,110,0.0,0.00023784237
42,110,1.0,0.0004205937
42,110,2.0,0.0005623592
42,110,3.0,0.00085843017
42,110,4.0,0.0009937515
42,110,5.0,0.0011115588
42,110,6.0,0.0013896049
42,110,7.0,0.0015573392
42,110,8.0,0.0011468322
42,110,9.0,0.0015263668
42,110,10.0,0.002076558
42,110,11.0,0.0020848888
42,110,12.0,0.0032066503
42,110,13.0,0.0038085694
42,110,14.0,0.0029126336
42,111,0.0,2.6256757e-05
42,111,1.0,8.010424e-05
42,111,2.0,0.00014072792
42,111,3.0,0.00013764214
42,111,4.0,0.00020387874
42,111,5.0,0.000279223
42,111,6.0,0.00035518603
42,111,7.0,0.00031583983
42,111,8.0,0.00029424165
42,111,9.0,0.00034795713
42,111,10.0,0.0003492264
42,111,11.0,0.00050611794
42,111,12.0,0.00060909154
42,111,13.0,0.0005144413
42,111,14.0,0.00051843165
42,112,0.0,4.499161e-07
42,112,1.0,4.606068e-06
42,112,2.0,1.76919e-05
42,112,3.0,2.0085072e-05
42,112,4.0,3.897106e-05
42,112,5.0,7.3789204e-05
42,112,6.0,9.0528265e-05
42,112,7.0,0.00010423318
42,112,8.0,7.664076e-05
42,112,9.0,4.69651e-05
42,112,10.0,4.0984538e-05
42,112,11.0,9.66545e-05
42,112,12.0,0.00012502224
42,112,13.0,0.00010268198
42,112,14.0,6.970662e-05
42,113,0.0,6.169713e-09
42,113,1.0,1.3478962e-10
42,113,2.0,4.19184e-11
42,113,3.0,2.0761929e-08
42,113,4.0,2.3373536e-07
42,113,5.0,1.07332e-06
42,113,6.0,1.9471995e-06
42,113,7.0,1.5388159e-06
42,113,8.0,7.8216755e-07
42,113,9.0,1.1073107e-06
42,113,10.0,8.827675e-07
42,113,11.0,1.437162e-05
42,113,12.0,2.0607458e-05
42,113,13.0,2.2797738e-05
42,113,14.0,1.5202232e-05
42,114,0.0,5.5996536e-09
42,114,1.0,1.01918225e-08
42,114,2.0,2.6422859e-08
42,114,3.0,1.0161505e-08
42,114,4.0,1.879586e-08
42,114,5.0,7.647538e-08
42,114,6.0,2.74646e-07
42,114,7.0,2.4086896e-07
42,114,8.0,1.4446157e-07
42,114,9.0,1.1812698e-07
42,114,10.0,1.1796365e-08
42,114,11.0,9.9722385e-08
42,114,12.0,8.444347e-07
42,114,13.0,1.065708e-06
42,114,14.0,2.1613414e-07
42,115,0.0,5.322776e-07
42,115,1.0,2.9462512e-07
42,115,2.0,9.361569e-08
42,115,3.0,7.1463425e-08
42,115,4.0,3.0675665e-07
42,115,5.0,5.2380125e-07
42,115,6.0,8.092794e-07
42,115,7.0,7.639371e-07
42,115,8.0,3.0988397e-07
42,115,9.0,7.9497056e-08
42,115,10.0,4.9670064e-08
42,115,11.0,5.3061456e-08
42,115,12.0,4.166876e-07
42,115,13.0,8.7205024e-07
42,115,14.0,5.9964094e-07
42,116,0.0,1.0049615e-06
42,116,1.0,1.2259014e-06
42,116,2.0,8.702554e-07
42,116,3.0,4.9991934e-07
42,116,4.0,3.3342477e-07
42,116,5.0,1.9599337e-07
42,116,6.0,1.4618197e-07
42,116,7.0,1.04139524e-07
42,116,8.0,9.481639e-08
42,116,9.0,3.793301e-07
42,116,10.0,2.857499e-07
42,116,11.0,2.0028783e-07
42,116,12.0,2.0975207e-07
42,116,13.0,5.816321e-07
42,116,14.0,3.7968368e-07
42,117,0.0,7.805705e-08
42,117,1.0,5.2228256e-07
42,117,2.0,5.9137903e-07
42,117,3.0,7.042983e-07
42,117,4.0,6.9295436e-07
42,117,5.0,8.2162353e-07
42,117,6.0,7.886905e-07
42,117,7.0,7.148837e-07
42,117,8.0,8.98802e-07
42,117,9.0,6.6939396e-07
42,117,10.0,4.5850484e-07
42,117,11.0,1.7054936e-07
42,117,12.0,2.1300022e-07
42,117,13.0,6.0549854e-07
42,117,14.0,1.5554559e-06
43,95,0.0,7.075528e-07
43,95,1.0,4.0779364e-07
43,95,2.0,2.5616183e-07
43,95,3.0,2.8582357e-07
43,95,4.0,5.3858713e-07
43,95,5.0,9.4390407e-07
43,95,6.0,4.2576403e-07
43,95,7.0,2.9309646e-07
43,95,8.0,3.2575727e-07
43,95,9.0,1.6943459e-07
43,95,10.0,2.247219e-07
43,95,11.0,4.5493817e-07
43,95,12.0,5.286527e-07
43,95,13.0,4.770172e-07
43,95,14.0,3.3080252e-07
43,96,0.0,1.2168172e-07
43,96,1.0,3.271727e-08
43,96,2.0,1.8788782e-08
43,96,3.0,2.0590093e-08
43,96,4.0,4.0972274e-08
43,96,5.0,2.6690049e-07
43,96,6.0,1.17734004e-07
43,96,7.0,1.1707168e-07
43,96,8.0,5.598832e-08
43,96,9.0,9.968359e-08
43,96,10.0,1.692843e-07
43,96,11.0,2.8250483e-07
43,96,12.0,2.8388337e-07
43,96,13.0,2.0899948e-07
43,96,14.0,2.306461e-07
43,97,0.0,2.2896947e-07
43,97,1.0,3.175525e-07
43,97,2.0,2.7712568e-07
43,97,3.0,2.857396e-07
43,97,4.0,3.522367e-07
43,97,5.0,3.657361e-07
43,97,6.0,3.5697096e-07
43,97,7.0,6.5217114e-07
43,97,8.0,1.8696271e-07
43,97,9.0,1.11573016e-07
43,97,10.0,2.2809601e-07
43,97,11.0,1.5569478e-07
43,97,12.0,1.115068e-07
43,97,13.0,6.448529e-08
43,97,14.0,3.0878738e-08
43,98,0.0,2.166161e-07
43,98,1.0,1.6538e-08
43,98,2.0,7.463255e-09
43,98,3.0,8.76459e-09
43,98,4.0,4.7014108e-08
43,98,5.0,2.2495577e-07
43,98,6.0,3.127844e-07
43,98,7.0,2.1994107e-07
43,98,8.0,2.571841e-07
43,98,9.0,5.771035e-07
43,98,10.0,5.236434e-07
43,98,11.0,3.3312878e-07
43,98,12.0,1.5704556e-07
43,98,13.0,1.3171724e-07
43,98,14.0,3.4786547e-07
43,99,0.0,1.8537293e-07
43,99,1.0,6.8228914e-08
43,99,2.0,5.480772e-09
43,99,3.0,4.39551e-12
43,99,4.0,2.1716722e-11
43,99,5.0,7.175095e-12
43,99,6.0,2.8334276e-07
43,99,7.0,5.8302207e-06
43,99,8.0,8.147032e-06
43,99,9.0,5.846709e-06
43,99,10.0,4.3753e-06
43,99,11.0,7.639764e-06
43,99,12.0,1.2888516e-05
43,99,13.0,2.5918564e-05
43,99,14.0,5.4201817e-05
43,100,0.0,8.902373e-05
43,100,1.0,0.00014812418
43,100,2.0,0.00017802061
43,100,3.0,0.00018946416
43,100,4.0,0.00019709946
43,100,5.0,0.00021762858
43,100,6.0,0.0001607433
43,100,7.0,0.00012035579
43,100,8.0,0.00019003858
43,100,9.0,0.00025057586
43,100,10.0,0.00024585304
43,100,11.0,0.00033204348
43,100,12.0,0.00035349888
43,100,13.0,0.0004359383
43,100,14.0,0.00050021056
43,101,0.0,0.0008427623
43,101,1.0,0.0010009797
43,101,2.0,0.001011669
43,101,3.0,0.0010585114
43,101,4.0,0.0012229434
43,101,5.0,0.0012194616
43,101,6.0,0.00084010616
43,101,7.0,0.0012990433
43,101,8.0,0.0012014125
43,101,9.0,0.0017951372
43,101,10.0,0.0018989963
43,101,11.0,0.0019980904
43,101,12.0,0.0023421252
43,101,13.0,0.0021757921
43,101,14.0,0.0020579891
43,102,0.0,0.0037768132
43,102,1.0,0.004133595
43,102,2.0,0.0043941946
43,102,3.0,0.005170122
43,102,4.0,0.0059616985
43,102,5.0,0.006211041
43,102,6.0,0.0053677303
43,102,7.0,0.0052941297
43,102,8.0,0.006130328
43,102,9.0,0.0059513263
43,102,10.0,0.0065995757
43,102,11.0,0.0077297413
43,102,12.0,0.008880961
43,102,13.0,0.008944511
43,102,14.0,0.008744783
43,103,0.0,0.01174314
43,103,1.0,0.014603894
43,103,2.0,0.016849643
43,103,3.0,0.017308254
43,103,4.0,0.016823482
43,103,5.0,0.015824134
43,103,6.0,0.015458686
43,103,7.0,0.016191352
43,103,8.0,0.0152557185
43,103,9.0,0.016468624
43,103,10.0,0.020175358
43,103,11.0,0.019964103
43,103,12.0,0.018683976
43,103,13.0,0.019399488
43,103,14.0,0.020363303
43,104,0.0,0.020681884
43,104,1.0,0.023512833
43,104,2.0,0.025473854
43,104,3.0,0.027980374
43,104,4.0,0.032276623
43,104,5.0,0.034172565
43,104,6.0,0.033788063
43,104,7.0,0.0322484
43,104,8.0,0.029073194
43,104,9.0,0.028425664
43,104,10.0,0.033702634
43,104,11.0,0.03707236
43,104,12.0,0.035229813
43,104,13.0,0.03510178
43,104,14.0,0.037312616
43,105,0.0,0.020869734
43,105,1.0,0.029573148
43,105,2.0,0.03571885
43,105,3.0,0.041124888
43,105,4.0,0.048876565
43,105,5.0,0.055061005
43,105,6.0,0.05286014
43,105,7.0,0.0467942
43,105,8.0,0.039680034
43,105,9.0,0.045744944
43,105,10.0,0.0432707
43,105,11.0,0.048927628
43,105,12.0,0.05627943
43,105,13.0,0.05613895
43,105,14.0,0.05265026
43,106,0.0,0.016687715
43,106,1.0,0.020390691
43,106,2.0,0.026286565
43,106,3.0,0.036960106
43,106,4.0,0.045039333
43,106,5.0,0.051366728
43,106,6.0,0.05468243
43,106,7.0,0.049400326
43,106,8.0,0.0478327
43,106,9.0,0.051802497
43,106,10.0,0.058199137
43,106,11.0,0.05985039
43,106,12.0,0.07001904
43,106,13.0,0.07227042
43,106,14.0,0.06704003
43,107,0.0,0.009117689
43,107,1.0,0.012576807
43,107,2.0,0.021333253
43,107,3.0,0.028684214
43,107,4.0,0.03814003
43,107,5.0,0.048072964
43,107,6.0,0.052983016
43,107,7.0,0.05047018
43,107,8.0,0.041870426
43,107,9.0,0.055948254
43,107,10.0,0.07037713
43,107,11.0,0.084414646
43,107,12.0,0.087794855
43,107,13.0,0.091339655
43,107,14.0,0.08214715
43,108,0.0,0.004054115
43,108,1.0,0.0067876005
43,108,2.0,0.012871008
43,108,3.0,0.017330837
43,108,4.0,0.026877588
43,108,5.0,0.03523971
43,108,6.0,0.038328644
43,108,7.0,0.036259633
43,108,8.0,0.03510729
43,108,9.0,0.041664567
43,108,10.0,0.05860954
43,108,11.0,0.07946376
43,108,12.0,0.08113571
43,108,13.0,0.08013408
43,108,14.0,0.07766849
43,109,0.0,0.0013793146
43,109,1.0,0.0030928038
43,109,2.0,0.0059551992
43,109,3.0,0.011783302
43,109,4.0,0.01869628
43,109,5.0,0.028400963
43,109,6.0,0.03187347
43,109,7.0,0.03121793
43,109,8.0,0.029969636
43,109,9.0,0.032690305
43,109,10.0,0.042565975
43,109,11.0,0.056597266
43,109,12.0,0.061381474
43,109,13.0,0.062025562
43,109,14.0,0.059664685
43,110,0.0,0.00043983822
43,110,1.0,0.0012812702
43,110,2.0,0.0025874756
43,110,3.0,0.0054424517
43,110,4.0,0.008640981
43,110,5.0,0.013759286
43,110,6.0,0.017536912
43,110,7.0,0.017343378
43,110,8.0,0.01719971
43,110,9.0,0.01911305
43,110,10.0,0.02232954
43,110,11.0,0.029867535
43,110,12.0,0.03534879
43,110,13.0,0.0375105
43,110,14.0,0.03610721
43,111,0.0,0.00020800771
43,111,1.0,0.0005614329
43,111,2.0,0.0013095698
43,111,3.0,0.0026453235
43,111,4.0,0.0041259085
43,111,5.0,0.006338706
43,111,6.0,0.00819726
43,111,7.0,0.008878513
43,111,8.0,0.007951672
43,111,9.0,0.008029077
43,111,10.0,0.010495095
43,111,11.0,0.014491744
43,111,12.0,0.016338607
43,111,13.0,0.017166004
43,111,14.0,0.018844219
43,112,0.0,5.1636744e-05
43,112,1.0,0.0001753018
43,112,2.0,0.00044221195
43,112,3.0,0.0008174646
43,112,4.0,0.0014235617
43,112,5.0,0.001809841
43,112,6.0,0.0022823764
43,112,7.0,0.0021456562
43,112,8.0,0.0022204316
43,112,9.0,0.0030286354
43,112,10.0,0.0030826065
43,112,11.0,0.004273542
43,112,12.0,0.005311821
43,112,13.0,0.0059468905
43,112,14.0,0.006246294
43,113,0.0,2.0020165e-05
43,113,1.0,6.210953e-05
43,113,2.0,0.00014132587
43,113,3.0,0.00028279878
43,113,4.0,0.00037767706
43,113,5.0,0.0004949916
43,113,6.0,0.0005393461
43,113,7.0,0.00060742267
43,113,8.0,0.00052076625
43,113,9.0,0.0008835329
43,113,10.0,0.0009892611
43,113,11.0,0.0015707951
43,113,12.0,0.0017887208
43,113,13.0,0.0016631772
43,113,14.0,0.0016296336
43,114,0.0,2.1871118e-08
43,114,1.0,7.686061e-06
43,114,2.0,2.798587e-05
43,114,3.0,5.296864e-05
43,114,4.0,5.2970936e-05
43,114,5.0,7.7466255e-05
43,114,6.0,8.617965e-05
43,114,7.0,9.150814e-05
43,114,8.0,0.00014289859
43,114,9.0,0.00019008365
43,114,10.0,0.00014629286
43,114,11.0,0.00023805066
43,114,12.0,0.00018451994
43,114,13.0,0.00021391187
43,114,14.0,0.00020733563
43,115,0.0,2.157654e-08
43,115,1.0,2.2490775e-07
43,115,2.0,8.552639e-08
43,115,3.0,1.6454884e-08
43,115,4.0,2.7465313e-07
43,115,5.0,2.4074066e-07
43,115,6.0,2.2824909e-07
43,115,7.0,7.6231817e-07
43,115,8.0,8.924197e-07
43,115,9.0,2.6316998e-06
43,115,10.0,2.8146349e-06
43,115,11.0,9.8369e-06
43,115,12.0,3.1953008e-05
43,115,13.0,3.8865594e-05
43,115,14.0,2.8958906e-05
43,116,0.0,1.0606125e-10
43,116,1.0,6.72415e-09
43,116,2.0,1.1684231e-08
43,116,3.0,2.1840476e-08
43,116,4.0,4.4674735e-09
43,116,5.0,1.3073774e-09
43,116,6.0,1.946638e-08
43,116,7.0,9.645527e-08
43,116,8.0,8.661663e-08
43,116,9.0,4.0627426e-10
43,116,10.0,7.298277e-09
43,116,11.0,1.1331925e-08
43,116,12.0,2.1464787e-07
43,116,13.0,7.397861e-07
43,116,14.0,1.9542213e-07
43,117,0.0,4.0660223e-07
43,117,1.0,1.5702864e-07
43,117,2.0,4.9235606e-08
43,117,3.0,3.6887533e-07
43,117,4.0,2.1396987e-07
43,117,5.0,5.4566314e-08
43,117,6.0,1.5341448e-07
43,117,7.0,4.877633e-07
43,117,8.0,6.1408025e-07
43,117,9.0,1.1372876e-07
43,117,10.0,9.333569e-07
43,117,11.0,5.892567e-07
43,117,12.0,1.0765197e-06
43,117,13.0,2.028644e-06
43,117,14.0,6.1876665e-07
43,118,0.0,7.1177334e-07
43,118,1.0,4.2079668e-07
43,118,2.0,2.6827917e-07
43,118,3.0,6.0038366e-07
43,118,4.0,5.427419e-07
43,118,5.0,2.6486123e-07
43,118,6.0,1.892324e-07
43,118,7.0,1.6640378e-07
43,118,8.0,1.688172e-07
43,118,9.0,4.522545e-07
43,118,10.0,5.6909023e-08
43,118,11.0,4.3293207e-07
43,118,12.0,5.4149865e-07
43,118,13.0,1.629477e-06
43,118,14.0,6.921302e-07
43,119,0.0,1.4744892e-07
43,119,1.0,1.9758947e-07
43,119,2.0,1.8283963e-07
43,119,3.0,3.7705757e-07
43,119,4.0,4.3858708e-07
43,119,5.0,3.9340625e-07
43,119,6.0,3.6403003e-07
43,119,7.0,2.7462454e-07
43,119,8.0,2.5597456e-07
43,119,9.0,4.1535972e-07
43,119,10.0,7.296924e-07
43,119,11.0,2.651606e-07
43,119,12.0,3.874574e-07
43,119,13.0,3.4413256e-07
43,119,14.0,6.157765e-07
43,120,0.0,1.0679081e-06
43,120,1.0,1.2891378e-06
43,120,2.0,4.8420435e-07
43,120,3.0,5.1412064e-07
43,120,4.0,6.7428664e-07
43,120,5.0,6.849014e-07
43,120,6.0,5.9838834e-07
43,120,7.0,5.845878e-07
43,120,8.0,5.082046e-07
43,120,9.0,8.658654e-08
43,120,10.0,2.2444384e-08
43,120,11.0,2.628601e-08
43,120,12.0,1.3451438e-07
43,120,13.0,5.1190864e-07
43,120,14.0,5.017799e-07
44,98,0.0,6.064306e-07
44,98,1.0,3.0364998e-07
44,98,2.0,2.1054655e-07
44,98,3.0,1.8005193e-07
44,98,4.0,1.793278e-07
44,98,5.0,2.338114e-07
44,98,6.0,2.847993e-07
44,98,7.0,4.9266396e-07
44,98,8.0,3.395385e-07
44,98,9.0,1.9568152e-07
44,98,10.0,3.1038846e-07
44,98,11.0,2.614209e-07
44,98,12.0,2.0373982e-07
44,98,13.0,1.5908108e-07
44,98,14.0,9.630725e-08
44,99,0.0,2.3881344e-07
44,99,1.0,1.3057613e-07
44,99,2.0,8.567732e-08
44,99,3.0,8.986206e-08
44,99,4.0,1.4054123e-07
44,99,5.0,2.5449634e-07
44,99,6.0,2.7777853e-07
44,99,7.0,2.563723e-07
44,99,8.0,2.3640537e-07
44,99,9.0,1.7588933e-07
44,99,10.0,8.935579e-08
44,99,11.0,8.239965e-08
44,99,12.0,4.7603763e-08
44,99,13.0,2.3125493e-08
44,99,14.0,1.4733922e-08
44,100,0.0,0.0
44,100,1.0,1.35932e-12
44,100,2.0,4.998227e-09
44,100,3.0,1.0233362e-08
44,100,4.0,4.0847942e-10
44,100,5.0,5.96829e-12
44,100,6.0,1.0884213e-10
44,100,7.0,2.460589e-09
44,100,8.0,4.022738e-09
44,100,9.0,2.4033902e-08
44,100,10.0,1.5406236e-09
44,100,11.0,0.0
44,100,12.0,0.0
44,100,13.0,0.0
44,100,14.0,2.2169941e-11
44,101,0.0,2.0708512e-06
44,101,1.0,8.462909e-08
44,101,2.0,0.0
44,101,3.0,0.0
44,101,4.0,0.0
44,101,5.0,6.9259154e-10
44,101,6.0,3.4584076e-08
44,101,7.0,6.483059e-07
44,101,8.0,2.2035647e-06
44,101,9.0,3.3685526e-06
44,101,10.0,1.8662213e-06
44,101,11.0,3.334413e-07
44,101,12.0,1.8670832e-08
44,101,13.0,3.448733e-07
44,101,14.0,2.3403093e-06
44,102,0.0,1.2646747e-05
44,102,1.0,1.2091662e-05
44,102,2.0,1.49905645e-05
44,102,3.0,1.8072134e-05
44,102,4.0,1.9034629e-05
44,102,5.0,1.9446301e-05
44,102,6.0,2.689949e-05
44,102,7.0,2.8656541e-05
44,102,8.0,8.549238e-05
44,102,9.0,0.00014086506
44,102,10.0,0.00013531132
44,102,11.0,7.79242e-05
44,102,12.0,6.0166047e-05
44,102,13.0,5.9879534e-05
44,102,14.0,0.00010291011
44,103,0.0,0.0002137107
44,103,1.0,0.00025454068
44,103,2.0,0.00024967155
44,103,3.0,0.00019845516
44,103,4.0,0.00016607047
44,103,5.0,0.00016381944
44,103,6.0,0.0001701053
44,103,7.0,0.00017018647
44,103,8.0,0.0002921289
44,103,9.0,0.00021768924
44,103,10.0,0.0002679773
44,103,11.0,0.00029425556
44,103,12.0,0.00031692136
44,103,13.0,0.00034261183
44,103,14.0,0.00035807877
44,104,0.0,0.0007820487
44,104,1.0,0.00095717405
44,104,2.0,0.0009176457
44,104,3.0,0.00087899074
44,104,4.0,0.0009950014
44,104,5.0,0.0010895369
44,104,6.0,0.0011774253
44,104,7.0,0.0012138237
44,104,8.0,0.00092787703
44,104,9.0,0.0011607931
44,104,10.0,0.0012006876
44,104,11.0,0.0014426733
44,104,12.0,0.0015710049
44,104,13.0,0.0015558418
44,104,14.0,0.0015390714
44,105,0.0,0.0012480888
44,105,1.0,0.001646019
44,105,2.0,0.0019047188
44,105,3.0,0.0020749364
44,105,4.0,0.002314342
44,105,5.0,0.0026628266
44,105,6.0,0.002815354
44,105,7.0,0.002696091
44,105,8.0,0.002450656
44,105,9.0,0.0028026972
44,105,10.0,0.00345308
44,105,11.0,0.0043546706
44,105,12.0,0.0044555683
44,105,13.0,0.004013179
44,105,14.0,0.0039212042
44,106,0.0,0.0019552973
44,106,1.0,0.0030956932
44,106,2.0,0.0043157255
44,106,3.0,0.0049672187
44,106,4.0,0.005688854
44,106,5.0,0.006358989
44,106,6.0,0.006704709
44,106,7.0,0.0063243797
44,106,8.0,0.006226323
44,106,9.0,0.007048514
44,106,10.0,0.009978646
44,106,11.0,0.0108850645
44,106,12.0,0.010646677
44,106,13.0,0.0109033985
44,106,14.0,0.011353504
44,107,0.0,0.0021158308
44,107,1.0,0.0027337435
44,107,2.0,0.0040489025
44,107,3.0,0.006311413
44,107,4.0,0.009067795
44,107,5.0,0.011379325
44,107,6.0,0.012712221
44,107,7.0,0.011332974
44,107,8.0,0.010634343
44,107,9.0,0.015232399
44,107,10.0,0.02042599
44,107,11.0,0.02643035
44,107,12.0,0.026823461
44,107,13.0,0.02599337
44,107,14.0,0.02566921
44,108,0.0,0.0017011347
44,108,1.0,0.0027220193
44,108,2.0,0.005777682
44,108,3.0,0.009072735
44,108,4.0,0.013940002
44,108,5.0,0.02066394
44,108,6.0,0.023482354
44,108,7.0,0.022255842
44,108,8.0,0.022296328
44,108,9.0,0.02664931
44,108,10.0,0.034852024
44,108,11.0,0.042922217
44,108,12.0,0.048188034
44,108,13.0,0.048552718
44,108,14.0,0.0478628
44,109,0.0,0.0012125636
44,109,1.0,0.0025903133
44,109,2.0,0.006164904
44,109,3.0,0.012837019
44,109,4.0,0.020091355
44,109,5.0,0.027537284
44,109,6.0,0.031200953
44,109,7.0,0.03083776
44,109,8.0,0.03181045
44,109,9.0,0.036554344
44,109,10.0,0.046647735
44,109,11.0,0.062022865
44,109,12.0,0.071308106
44,109,13.0,0.07419841
44,109,14.0,0.07058428
44,110,0.0,0.0011381523
44,110,1.0,0.003115909
44,110,2.0,0.0071135364
44,110,3.0,0.014391963
44,110,4.0,0.022629892
44,110,5.0,0.031156003
44,110,6.0,0.03789298
44,110,7.0,0.039626624
44,110,8.0,0.03496075
44,110,9.0,0.042989593
44,110,10.0,0.056428436
44,110,11.0,0.0705427
44,110,12.0,0.0764728
44,110,13.0,0.082530335
44,110,14.0,0.088650994
44,111,0.0,0.0010293172
44,111,1.0,0.0026391426
44,111,2.0,0.0064604497
44,111,3.0,0.011714683
44,111,4.0,0.01839895
44,111,5.0,0.026406415
44,111,6.0,0.028728683
44,111,7.0,0.031578027
44,111,8.0,0.029525282
44,111,9.0,0.037316885
44,111,10.0,0.047912177
44,111,11.0,0.05857294
44,111,12.0,0.078051776
44,111,13.0,0.075571984
44,111,14.0,0.07035028
44,112,0.0,0.0010451522
44,112,1.0,0.0022628147
44,112,2.0,0.0047975783
44,112,3.0,0.0085489545
44,112,4.0,0.015468707
44,112,5.0,0.022640556
44,112,6.0,0.025383445
44,112,7.0,0.025257487
44,112,8.0,0.022887556
44,112,9.0,0.028613288
44,112,10.0,0.0395945
44,112,11.0,0.047714274
44,112,12.0,0.05810574
44,112,13.0,0.056645114
44,112,14.0,0.05095486
44,113,0.0,0.00054363115
44,113,1.0,0.0012917606
44,113,2.0,0.0031927992
44,113,3.0,0.004855164
44,113,4.0,0.008058762
44,113,5.0,0.010725077
44,113,6.0,0.012309723
44,113,7.0,0.010945312
44,113,8.0,0.009919061
44,113,9.0,0.012574059
44,113,10.0,0.016830923
44,113,11.0,0.019538758
44,113,12.0,0.024804907
44,113,13.0,0.025109682
44,113,14.0,0.022448909
44,114,0.0,0.00024774624
44,114,1.0,0.00045231482
44,114,2.0,0.001305347
44,114,3.0,0.0021813964
44,114,4.0,0.0029903038
44,114,5.0,0.0039972514
44,114,6.0,0.00464741
44,114,7.0,0.004744154
44,114,8.0,0.0041002394
44,114,9.0,0.0052302433
44,114,10.0,0.0064480957
44,114,11.0,0.0090830885
44,114,12.0,0.010199572
44,114,13.0,0.010112755
44,114,14.0,0.009982102
44,115,0.0,3.592523e-05
44,115,1.0,0.000120917844
44,115,2.0,0.00035510556
44,115,3.0,0.00062951015
44,115,4.0,0.00083544315
44,115,5.0,0.0011458772
44,115,6.0,0.0012379598
44,115,7.0,0.0009670233
44,115,8.0,0.00081731164
44,115,9.0,0.0011476823
44,115,10.0,0.0015374204
44,115,11.0,0.0018622184
44,115,12.0,0.0025637683
44,115,13.0,0.00270846
44,115,14.0,0.0022664524
44,116,0.0,1.1064224e-07
44,116,1.0,2.1020549e-05
44,116,2.0,9.9437246e-05
44,116,3.0,0.0001414585
44,116,4.0,0.00017077534
44,116,5.0,0.0002427282
44,116,6.0,0.00027249483
44,116,7.0,0.00020460837
44,116,8.0,0.00018296305
44,116,9.0,0.0002639188
44,116,10.0,0.00032778314
44,116,11.0,0.00038356485
44,116,12.0,0.0005256418
44,116,13.0,0.0005119805
44,116,14.0,0.00042454735
44,117,0.0,5.088977e-09
44,117,1.0,6.036583e-07
44,117,2.0,3.2953744e-06
44,117,3.0,1.151433e-05
44,117,4.0,9.380481e-06
44,117,5.0,1.0595405e-05
44,117,6.0,9.394361e-06
44,117,7.0,1.6226284e-05
44,117,8.0,1.733694e-05
44,117,9.0,2.329276e-05
44,117,10.0,2.2249222e-05
44,117,11.0,5.975025e-05
44,117,12.0,0.000101315934
44,117,13.0,0.000113264854
44,117,14.0,7.771875e-05
44,118,0.0,1.6928864e-09
44,118,1.0,5.0615153e-08
44,118,2.0,8.3943284e-08
44,118,3.0,6.1735315e-09
44,118,4.0,4.259741e-08
44,118,5.0,8.021398e-08
44,118,6.0,8.2531336e-08
44,118,7.0,1.8312805e-08
44,118,8.0,1.9313644e-07
44,118,9.0,1.0917144e-07
44,118,10.0,3.6118342e-07
44,118,11.0,7.2306463e-09
44,118,12.0,9.797659e-08
44,118,13.0,1.4189242e-06
44,118,14.0,7.1371014e-06
44,119,0.0,8.015263e-08
44,119,1.0,2.5652703e-08
44,119,2.0,3.7844532e-07
44,119,3.0,2.2595235e-07
44,119,4.0,1.7634333e-07
44,119,5.0,1.00581424e-07
44,119,6.0,9.195025e-08
44,119,7.0,9.580576e-08
44,119,8.0,2.572467e-07
44,119,9.0,3.6643868e-07
44,119,10.0,5.3601315e-07
44,119,11.0,3.7684538e-07
44,119,12.0,6.254395e-07
44,119,13.0,3.972497e-07
44,119,14.0,2.0449756e-06
44,120,0.0,1.3765053e-06
44,120,1.0,7.5630805e-07
44,120,2.0,4.535657e-07
44,120,3.0,3.8625913e-07
44,120,4.0,3.184976e-07
44,120,5.0,1.4886317e-07
44,120,6.0,1.3523928e-07
44,120,7.0,1.3969516e-07
44,120,8.0,3.4235416e-07
44,120,9.0,2.924363e-07
44,120,10.0,4.7392618e-07
44,120,11.0,2.1522501e-07
44,120,12.0,1.3997963e-07
44,120,13.0,1.9422713e-07
44,120,14.0,2.134426e-07
44,121,0.0,2.0643961e-07
44,121,1.0,2.2283797e-07
44,121,2.0,2.6398826e-07
44,121,3.0,7.5064366e-07
44,121,4.0,1.160386e-06
44,121,5.0,8.5497385e-07
44,121,6.0,4.3345744e-07
44,121,7.0,2.1819079e-07
44,121,8.0,3.1196848e-07
44,121,9.0,1.3969207e-06
44,121,10.0,4.165879e-07
44,121,11.0,6.612738e-07
44,121,12.0,6.746458e-07
44,121,13.0,2.2886967e-07
44,121,14.0,3.096132e-07
44,122,0.0,6.191034e-07
44,122,1.0,1.8430778e-06
44,122,2.0,6.915525e-07
44,122,3.0,6.757128e-07
44,122,4.0,5.217617e-07
44,122,5.0,2.970294e-07
44,122,6.0,1.3044107e-07
44,122,7.0,4.1230702e-08
44,122,8.0,4.9776048e-08
44,122,9.0,1.6008619e-07
44,122,10.0,3.827813e-08
44,122,11.0,7.5630815e-08
44,122,12.0,2.629887e-07
44,122,13.0,5.642332e-07
44,122,14.0,4.3317758e-07
44,123,0.0,1.5554507e-06
44,123,1.0,1.6508557e-06
44,123,2.0,5.7479065e-07
44,123,3.0,2.7132597e-07
44,123,4.0,3.3637548e-07
44,123,5.0,4.3797385e-07
44,123,6.0,7.1648816e-07
44,123,7.0,7.4569454e-07
44,123,8.0,3.6458863e-07
44,123,9.0,1.1341974e-07
44,123,10.0,2.1358355e-08
44,123,11.0,7.489143e-08
44,123,12.0,1.7363952e-07
44,123,13.0,2.581193e-07
44,123,14.0,4.1894052e-07
44,124,0.0,2.8962666e-07
44,124,1.0,1.9438599e-07
44,124,2.0,8.5545466e-08
44,124,3.0,3.7526863e-07
44,124,4.0,1.6560336e-06
44,124,5.0,2.2785669e-06
44,124,6.0,1.3995284e-06
44,124,7.0,6.7295804e-07
44,124,8.0,2.852596e-07
44,124,9.0,3.264991e-07
44,124,10.0,9.27903e-08
44,124,11.0,1.4284834e-07
44,124,12.0,3.8162747e-07
44,124,13.0,7.298531e-07
44,124,14.0,9.149306e-07
45,100,0.0,1.1024574e-07
45,100,1.0,1.4922577e-07
45,100,2.0,1.7662047e-07
45,100,3.0,1.3860357e-07
45,100,4.0,6.759053e-08
45,100,5.0,3.9531603e-08
45,100,6.0,3.2951345e-08
45,100,7.0,9.204659e-08
45,100,8.0,1.8805191e-07
45,100,9.0,1.894055e-07
45,100,10.0,5.5928467e-08
45,100,11.0,6.6620345e-08
45,100,12.0,9.9323614e-08
45,100,13.0,5.4756807e-08
45,100,14.0,2.9772888e-08
45,101,0.0,7.8653164e-07
45,101,1.0,1.4674458e-06
45,101,2.0,1.7151874e-06
45,101,3.0,9.565078e-07
45,101,4.0,3.6088494e-07
45,101,5.0,2.25919e-07
45,101,6.0,4.6118672e-07
45,101,7.0,2.0389161e-06
45,101,8.0,1.707004e-06
45,101,9.0,1.3527552e-06
45,101,10.0,1.2220017e-06
45,101,11.0,3.0893312e-07
45,101,12.0,3.4857273e-08
45,101,13.0,1.404981e-08
45,101,14.0,1.7918376e-08
45,102,0.0,2.1448862e-07
45,102,1.0,6.505749e-07
45,102,2.0,1.0999961e-06
45,102,3.0,1.4534232e-06
45,102,4.0,1.4975652e-06
45,102,5.0,1.2298458e-06
45,102,6.0,1.1615455e-06
45,102,7.0,2.3032126e-06
45,102,8.0,2.9688347e-06
45,102,9.0,2.1172118e-06
45,102,10.0,2.1469766e-06
45,102,11.0,1.2588783e-06
45,102,12.0,4.72425e-07
45,102,13.0,2.4309037e-07
45,102,14.0,1.5159296e-07
45,103,0.0,2.796729e-07
45,103,1.0,2.8891293e-07
45,103,2.0,1.1496467e-06
45,103,3.0,9.3901843e-07
45,103,4.0,6.138083e-07
45,103,5.0,5.0271325e-07
45,103,6.0,1.0399589e-06
45,103,7.0,1.8027687e-06
45,103,8.0,9.610407e-07
45,103,9.0,5.619347e-07
45,103,10.0,8.7651523e-07
45,103,11.0,8.722237e-07
45,103,12.0,6.3507895e-07
45,103,13.0,4.792389e-07
45,103,14.0,1.394877e-07
45,104,0.0,3.7811376e-09
45,104,1.0,7.138735e-09
45,104,2.0,7.587502e-09
45,104,3.0,1.824114e-09
45,104,4.0,1.7851163e-11
45,104,5.0,9.710808e-12
45,104,6.0,2.8762932e-13
45,104,7.0,6.63216e-14
45,104,8.0,1.091906e-09
45,104,9.0,2.6076549e-11
45,104,10.0,1.0066407e-12
45,104,11.0,1.4956638e-11
45,104,12.0,6.890602e-11
45,104,13.0,1.4487433e-10
45,104,14.0,1.325543e-08
45,105,0.0,2.073654e-13
45,105,1.0,2.0648964e-12
45,105,2.0,7.848695e-09
45,105,3.0,2.5018542e-07
45,105,4.0,8.7339816e-07
45,105,5.0,1.3447205e-06
45,105,6.0,1.6359237e-06
45,105,7.0,1.9702557e-06
45,105,8.0,8.4297784e-07
45,105,9.0,7.452318e-07
45,105,10.0,6.5361323e-06
45,105,11.0,1.1315018e-05
45,105,12.0,1.859573e-05
45,105,13.0,1.0365531e-05
45,105,14.0,1.4784114e-05
45,106,0.0,6.509675e-06
45,106,1.0,6.4164956e-06
45,106,2.0,1.7699365e-05
45,106,3.0,3.157834e-05
45,106,4.0,3.4863093e-05
45,106,5.0,3.3873643e-05
45,106,6.0,4.2531836e-05
45,106,7.0,5.986144e-05
45,106,8.0,8.4519874e-05
45,106,9.0,7.451187e-05
45,106,10.0,0.00017121599
45,106,11.0,0.00026070638
45,106,12.0,0.00023400372
45,106,13.0,0.00021272596
45,106,14.0,0.0002257673
45,107,0.0,3.0331417e-05
45,107,1.0,3.155432e-05
45,107,2.0,9.189594e-05
45,107,3.0,0.00013463695
45,107,4.0,0.00022762004
45,107,5.0,0.0003520634
45,107,6.0,0.00042082358
45,107,7.0,0.00047477818
45,107,8.0,0.0005491364
45,107,9.0,0.00063972326
45,107,10.0,0.000856112
45,107,11.0,0.0011090003
45,107,12.0,0.0012208547
45,107,13.0,0.0010680391
45,107,14.0,0.0013564372
45,108,0.0,0.000101446676
45,108,1.0,0.0001501316
45,108,2.0,0.00028954624
45,108,3.0,0.00046550971
45,108,4.0,0.000767983
45,108,5.0,0.0010077723
45,108,6.0,0.0013201408
45,108,7.0,0.0014124239
45,108,8.0,0.001547666
45,108,9.0,0.0024308718
45,108,10.0,0.0029491943
45,108,11.0,0.0036884786
45,108,12.0,0.0043533333
45,108,13.0,0.005018496
45,108,14.0,0.0045642117
45,109,0.0,9.22402e-05
45,109,1.0,0.00024091986
45,109,2.0,0.00070095586
45,109,3.0,0.0014075746
45,109,4.0,0.0018273961
45,109,5.0,0.0028171807
45,109,6.0,0.0033357365
45,109,7.0,0.0035381783
45,109,8.0,0.003777674
45,109,9.0,0.005739704
45,109,10.0,0.008062537
45,109,11.0,0.011399573
45,109,12.0,0.01324567
45,109,13.0,0.013253086
45,109,14.0,0.0144336065
45,110,0.0,0.0001289542
45,110,1.0,0.0005166233
45,110,2.0,0.0019181276
45,110,3.0,0.0031563137
45,110,4.0,0.005145204
45,110,5.0,0.0072922464
45,110,6.0,0.008941148
45,110,7.0,0.00988963
45,110,8.0,0.009093288
45,110,9.0,0.01269627
45,110,10.0,0.019909816
45,110,11.0,0.029437609
45,110,12.0,0.0335327
45,110,13.0,0.034247667
45,110,14.0,0.032204688
45,111,0.0,0.00042613142
45,111,1.0,0.0013560485
45,111,2.0,0.0033413128
45,111,3.0,0.007094876
45,111,4.0,0.011976577
45,111,5.0,0.016913535
45,111,6.0,0.020769048
45,111,7.0,0.022656716
45,111,8.0,0.022403307
45,111,9.0,0.028561223
45,111,10.0,0.03805145
45,111,11.0,0.053464346
45,111,12.0,0.065541975
45,111,13.0,0.068277456
45,111,14.0,0.060592994
45,112,0.0,0.0006457163
45,112,1.0,0.0017876381
45,112,2.0,0.005061599
45,112,3.0,0.010837858
45,112,4.0,0.018114422
45,112,5.0,0.025687905
45,112,6.0,0.029909652
45,112,7.0,0.030815702
45,112,8.0,0.03051685
45,112,9.0,0.03918
45,112,10.0,0.051904805
45,112,11.0,0.07014949
45,112,12.0,0.07556535
45,112,13.0,0.076990396
45,112,14.0,0.07580966
45,113,0.0,0.0007712439
45,113,1.0,0.0023394509
45,113,2.0,0.005854025
45,113,3.0,0.012992916
45,113,4.0,0.020926574
45,113,5.0,0.02919609
45,113,6.0,0.03718732
45,113,7.0,0.0378982
45,113,8.0,0.03587454
45,113,9.0,0.044346448
45,113,10.0,0.059540357
45,113,11.0,0.06979506
45,113,12.0,0.087275036
45,113,13.0,0.09080108
45,113,14.0,0.08465259
45,114,0.0,0.00074000994
45,114,1.0,0.0019730323
45,114,2.0,0.0054468294
45,114,3.0,0.011132694
45,114,4.0,0.01683245
45,114,5.0,0.024010701
45,114,6.0,0.027599879
45,114,7.0,0.030944008
45,114,8.0,0.031368002
45,114,9.0,0.03543838
45,114,10.0,0.048351225
45,114,11.0,0.05107235
45,114,12.0,0.06709207
45,114,13.0,0.07281734
45,114,14.0,0.06507835
45,115,0.0,0.0007379644
45,115,1.0,0.0015806615
45,115,2.0,0.004133762
45,115,3.0,0.007839568
45,115,4.0,0.011777053
45,115,5.0,0.0149139725
45,115,6.0,0.019175854
45,115,7.0,0.018252993
45,115,8.0,0.017883882
45,115,9.0,0.022930067
45,115,10.0,0.028124932
45,115,11.0,0.033380277
45,115,12.0,0.037769757
45,115,13.0,0.038119476
45,115,14.0,0.036813606
45,116,0.0,0.00022589741
45,116,1.0,0.0007038127
45,116,2.0,0.0016043241
45,116,3.0,0.003134037
45,116,4.0,0.0045703566
45,116,5.0,0.0066845096
45,116,6.0,0.0077326847
45,116,7.0,0.007699452
45,116,8.0,0.0070145745
45,116,9.0,0.0089958105
45,116,10.0,0.010868844
45,116,11.0,0.011517436
45,116,12.0,0.016010325
45,116,13.0,0.016918242
45,116,14.0,0.0133772865
45,117,0.0,4.7181416e-05
45,117,1.0,0.0002850057
45,117,2.0,0.0007708853
45,117,3.0,0.001078958
45,117,4.0,0.001601672
45,117,5.0,0.0022237983
45,117,6.0,0.0027005184
45,117,7.0,0.0026043605
45,117,8.0,0.0021938153
45,117,9.0,0.0023360418
45,117,10.0,0.0035597167
45,117,11.0,0.0043463893
45,117,12.0,0.0053359577
45,117,13.0,0.0053425767
45,117,14.0,0.004402886
45,118,0.0,2.6816801e-06
45,118,1.0,6.971276e-05
45,118,2.0,0.00015496102
45,118,3.0,0.00025328778
45,118,4.0,0.0003663533
45,118,5.0,0.00040318404
45,118,6.0,0.00056336634
45,118,7.0,0.0005316322
45,118,8.0,0.00051957095
45,118,9.0,0.0005509272
45,118,10.0,0.0009304535
45,118,11.0,0.00096377847
45,118,12.0,0.0013625766
45,118,13.0,0.0012617669
45,118,14.0,0.0011263551
45,119,0.0,2.5659421e-09
45,119,1.0,1.3661438e-06
45,119,2.0,2.8745004e-05
45,119,3.0,5.8874353e-05
45,119,4.0,8.639625e-05
45,119,5.0,0.00010669837
45,119,6.0,0.00010721492
45,119,7.0,7.438484e-05
45,119,8.0,6.55733e-05
45,119,9.0,0.00012938636
45,119,10.0,0.00012727981
45,119,11.0,0.00019612603
45,119,12.0,0.00025062394
45,119,13.0,0.0002779856
45,119,14.0,0.0002552047
45,120,0.0,0.0
45,120,1.0,2.2701374e-09
45,120,2.0,1.6778209e-07
45,120,3.0,3.1241876e-07
45,120,4.0,3.094286e-07
45,120,5.0,9.595559e-07
45,120,6.0,3.3929705e-06
45,120,7.0,8.978552e-06
45,120,8.0,7.2771486e-06
45,120,9.0,4.104788e-06
45,120,10.0,1.9839074e-06
45,120,11.0,1.8853084e-06
45,120,12.0,6.018097e-06
45,120,13.0,7.485286e-06
45,120,14.0,8.358819e-06
45,121,0.0,0.0
45,121,1.0,2.2424366e-11
45,121,2.0,8.094272e-09
45,121,3.0,9.490025e-09
45,121,4.0,3.2679008e-08
45,121,5.0,4.0335415e-08
45,121,6.0,2.8793845e-09
45,121,7.0,4.9110904e-10
45,121,8.0,6.08e-09
45,121,9.0,2.9314592e-10
45,121,10.0,7.2219573e-09
45,121,11.0,0.0
45,121,12.0,0.0
45,121,13.0,8.5571706e-08
45,121,14.0,8.40215e-08
45,122,0.0,1.7358275e-07
45,122,1.0,1.09211534e-07
45,122,2.0,4.954762e-08
45,122,3.0,1.123296e-07
45,122,4.0,1.4903941e-07
45,122,5.0,8.4227594e-08
45,122,6.0,6.8671845e-08
45,122,7.0,1.0205179e-07
45,122,8.0,1.1287845e-07
45,122,9.0,5.421724e-07
45,122,10.0,9.983638e-07
45,122,11.0,1.1141669e-06
45,122,12.0,2.6661644e-07
45,122,13.0,1.2722856e-07
45,122,14.0,6.932999e-10
45,123,0.0,6.3458293e-07
45,123,1.0,3.6417137e-07
45,123,2.0,3.8787408e-07
45,123,3.0,5.621525e-07
45,123,4.0,3.965409e-07
45,123,5.0,3.737941e-07
45,123,6.0,3.469e-07
45,123,7.0,3.2493392e-07
45,123,8.0,2.1589763e-07
45,123,9.0,4.8008843e-07
45,123,10.0,9.700516e-08
45,123,11.0,2.3705145e-07
45,123,12.0,1.3963057e-07
45,123,13.0,3.9731503e-08
45,123,14.0,8.369781e-08
45,124,0.0,4.2201913e-07
45,124,1.0,6.0098296e-07
45,124,2.0,8.4459407e-07
45,124,3.0,7.4644805e-07
45,124,4.0,4.857971e-07
45,124,5.0,2.915932e-07
45,124,6.0,3.094818e-07
45,124,7.0,3.4131267e-07
45,124,8.0,7.643777e-07
45,124,9.0,6.9808493e-07
45,124,10.0,4.1450807e-07
45,124,11.0,1.9429773e-07
45,124,12.0,4.2020022e-07
45,124,13.0,3.9604572e-07
45,124,14.0,4.0321916e-07
45,125,0.0,1.3875605e-07
45,125,1.0,6.6180195e-07
45,125,2.0,1.1081125e-06
45,125,3.0,1.3790893e-06
45,125,4.0,8.028911e-07
45,125,5.0,2.583132e-07
45,125,6.0,1.4958813e-07
45,125,7.0,1.9914697e-07
45,125,8.0,1.6165755e-07
45,125,9.0,1.994022e-07
45,125,10.0,9.08112e-08
45,125,11.0,4.4039805e-07
45,125,12.0,9.9769e-07
45,125,13.0,1.5446993e-06
45,125,14.0,1.3683459e-06
45,126,0.0,9.206747e-07
45,126,1.0,3.0836335e-07
45,126,2.0,2.227964e-07
45,126,3.0,1.9958111e-07
45,126,4.0,3.8241149e-07
45,126,5.0,2.7945114e-07
45,126,6.0,9.127919e-08
45,126,7.0,2.1491775e-08
45,126,8.0,2.2434769e-08
45,126,9.0,1.46796335e-08
45,126,10.0,1.1948484e-07
45,126,11.0,4.3465488e-07
45,126,12.0,4.949312e-07
45,126,13.0,2.8329885e-07
45,126,14.0,1.9290371e-07
45,127,0.0,8.246761e-07
45,127,1.0,4.079514e-07
45,127,2.0,5.8093696e-07
45,127,3.0,7.572165e-07
45,127,4.0,4.8275956e-07
45,127,5.0,1.5080231e-07
45,127,6.0,6.637549e-08
45,127,7.0,1.447117e-07
45,127,8.0,5.886585e-07
45,127,9.0,7.7294675e-07
45,127,10.0,1.2646902e-06
45,127,11.0,3.203235e-07
45,127,12.0,2.0048202e-07
45,127,13.0,3.0358675e-07
45,127,14.0,3.8751847e-07
45,128,0.0,3.0045985e-07
45,128,1.0,2.2906556e-07
45,128,2.0,1.6421754e-07
45,128,3.0,1.991908e-07
45,128,4.0,2.0497497e-07
45,128,5.0,2.6390495e-07
45,128,6.0,5.282859e-07
45,128,7.0,5.945581e-07
45,128,8.0,7.203064e-07
45,128,9.0,1.0073284e-06
45,128,10.0,6.914239e-07
45,128,11.0,2.0781229e-07
45,128,12.0,9.700909e-08
45,128,13.0,1.1222285e-07
45,128,14.0,1.3052536e-07
46,102,0.0,9.3115226e-08
46,102,1.0,1.4097611e-07
46,102,2.0,3.760392e-07
46,102,3.0,8.5090204e-07
46,102,4.0,1.3756624e-06
46,102,5.0,1.2506372e-06
46,102,6.0,9.643417e-07
46,102,7.0,1.1403166e-06
46,102,8.0,1.1253036e-06
46,102,9.0,8.305606e-07
46,102,10.0,8.493601e-07
46,102,11.0,6.4523636e-07
46,102,12.0,3.5750747e-07
46,102,13.0,3.8212008e-07
46,102,14.0,4.370349e-07
46,103,0.0,1.0035808e-07
46,103,1.0,2.9979643e-07
46,103,2.0,5.3566373e-07
46,103,3.0,6.1723745e-07
46,103,4.0,5.0321535e-07
46,103,5.0,3.4329997e-07
46,103,6.0,2.4993483e-07
46,103,7.0,2.8269477e-07
46,103,8.0,2.3022984e-07
46,103,9.0,7.134782e-08
46,103,10.0,6.655808e-08
46,103,11.0,1.476688e-07
46,103,12.0,3.942027e-07
46,103,13.0,5.54633e-07
46,103,14.0,4.6810712e-07
46,104,0.0,2.2178347e-07
46,104,1.0,3.0990904e-07
46,104,2.0,3.8557988e-07
46,104,3.0,5.520186e-07
46,104,4.0,9.080591e-07
46,104,5.0,1.0535425e-06
46,104,6.0,8.396861e-07
46,104,7.0,5.140748e-07
46,104,8.0,2.1101562e-07
46,104,9.0,3.1719065e-07
46,104,10.0,1.8376578e-07
46,104,11.0,1.564558e-07
46,104,12.0,3.216916e-07
46,104,13.0,4.5351362e-07
46,104,14.0,3.7249828e-07
46,105,0.0,6.63671e-07
46,105,1.0,1.5427753e-07
46,105,2.0,1.3776712e-07
46,105,3.0,4.474485e-07
46,105,4.0,4.8712116e-07
46,105,5.0,2.1622019e-07
46,105,6.0,8.803608e-08
46,105,7.0,3.1230112e-08
46,105,8.0,3.300619e-08
46,105,9.0,2.2872749e-07
46,105,10.0,1.0242176e-06
46,105,11.0,8.468548e-07
46,105,12.0,8.020633e-07
46,105,13.0,6.2836364e-07
46,105,14.0,1.7473522e-07
46,106,0.0,1.5584058e-07
46,106,1.0,8.214311e-08
46,106,2.0,1.5651582e-07
46,106,3.0,9.627909e-07
46,106,4.0,1.0766471e-06
46,106,5.0,8.8222515e-07
46,106,6.0,7.450262e-07
46,106,7.0,7.190751e-07
46,106,8.0,5.466881e-07
46,106,9.0,2.2859786e-07
46,106,10.0,1.6149711e-07
46,106,11.0,5.543423e-07
46,106,12.0,5.584636e-07
46,106,13.0,5.286808e-07
46,106,14.0,4.1093833e-07
46,107,0.0,2.8598047e-08
46,107,1.0,3.642766e-09
46,107,2.0,1.38321745e-08
46,107,3.0,9.000394e-09
46,107,4.0,1.2240451e-09
46,107,5.0,2.4791333e-10
46,107,6.0,2.0342666e-12
46,107,7.0,0.0
46,107,8.0,1.925309e-11
46,107,9.0,9.256326e-09
46,107,10.0,3.4309545e-07
46,107,11.0,4.0044333e-07
46,107,12.0,7.7980616e-07
46,107,13.0,1.7012745e-06
46,107,14.0,2.9647656e-06
46,108,0.0,0.0
46,108,1.0,0.0
46,108,2.0,7.314458e-18
46,108,3.0,5.614333e-11
46,108,4.0,5.9463797e-08
46,108,5.0,9.2055427e-07
46,108,6.0,4.324822e-06
46,108,7.0,7.195626e-06
46,108,8.0,8.328163e-06
46,108,9.0,1.251458e-05
46,108,10.0,2.070072e-05
46,108,11.0,2.2420581e-05
46,108,12.0,3.536439e-05
46,108,13.0,4.0348157e-05
46,108,14.0,4.1494546e-05
46,109,0.0,1.9836501e-09
46,109,1.0,4.6125175e-09
46,109,2.0,9.9921216e-08
46,109,3.0,5.637718e-06
46,109,4.0,2.6487052e-05
46,109,5.0,3.9030805e-05
46,109,6.0,4.2136617e-05
46,109,7.0,5.0981154e-05
46,109,8.0,0.00010520777
46,109,9.0,0.00024269806
46,109,10.0,0.0002557208
46,109,11.0,0.00040713916
46,109,12.0,0.0004997665
46,109,13.0,0.00053131446
46,109,14.0,0.0006347363
46,110,0.0,1.0039668e-06
46,110,1.0,1.9133777e-05
46,110,2.0,7.61416e-05
46,110,3.0,0.0002297829
46,110,4.0,0.0003166318
46,110,5.0,0.0003930664
46,110,6.0,0.00037775346
46,110,7.0,0.00040165344
46,110,8.0,0.00053568155
46,110,9.0,0.001025726
46,110,10.0,0.0017129983
46,110,11.0,0.0020100314
46,110,12.0,0.0022528495
46,110,13.0,0.0023897085
46,110,14.0,0.0026645353
46,111,0.0,5.49092e-05
46,111,1.0,0.00016339857
46,111,2.0,0.0005128524
46,111,3.0,0.0009429079
46,111,4.0,0.0015047262
46,111,5.0,0.0019049373
46,111,6.0,0.001923896
46,111,7.0,0.002221292
46,111,8.0,0.0025176501
46,111,9.0,0.0039529344
46,111,10.0,0.005256177
46,111,11.0,0.007145637
46,111,12.0,0.008717546
46,111,13.0,0.008946432
46,111,14.0,0.010118276
46,112,0.0,0.0001447392
46,112,1.0,0.0005756629
46,112,2.0,0.0014555459
46,112,3.0,0.0031104046
46,112,4.0,0.004640507
46,112,5.0,0.006068618
46,112,6.0,0.008334045
46,112,7.0,0.009560412
46,112,8.0,0.009900899
46,112,9.0,0.011522488
46,112,10.0,0.019564057
46,112,11.0,0.025873797
46,112,12.0,0.030638808
46,112,13.0,0.028951382
46,112,14.0,0.029376768
46,113,0.0,0.0005899094
46,113,1.0,0.0015111519
46,113,2.0,0.0039175777
46,113,3.0,0.0071834773
46,113,4.0,0.011875204
46,113,5.0,0.017212408
46,113,6.0,0.01961606
46,113,7.0,0.019684095
46,113,8.0,0.019741403
46,113,9.0,0.02472509
46,113,10.0,0.033842813
46,113,11.0,0.04513394
46,113,12.0,0.05482106
46,113,13.0,0.05244045
46,113,14.0,0.049827095
46,114,0.0,0.0011023207
46,114,1.0,0.0026131906
46,114,2.0,0.005823163
46,114,3.0,0.011256376
46,114,4.0,0.018669726
46,114,5.0,0.028351989
46,114,6.0,0.036955766
46,114,7.0,0.037657678
46,114,8.0,0.037373405
46,114,9.0,0.042090118
46,114,10.0,0.056364574
46,114,11.0,0.07083359
46,114,12.0,0.08824976
46,114,13.0,0.089782
46,114,14.0,0.079774804
46,115,0.0,0.00114601
46,115,1.0,0.0026356534
46,115,2.0,0.0075217
46,115,3.0,0.014897632
46,115,4.0,0.024387797
46,115,5.0,0.03551872
46,115,6.0,0.040429268
46,115,7.0,0.04038043
46,115,8.0,0.03752385
46,115,9.0,0.044271406
46,115,10.0,0.05331579
46,115,11.0,0.075727746
46,115,12.0,0.08903719
46,115,13.0,0.093180016
46,115,14.0,0.08644501
46,116,0.0,0.0010457142
46,116,1.0,0.002385069
46,116,2.0,0.007487988
46,116,3.0,0.014678892
46,116,4.0,0.024363969
46,116,5.0,0.03246596
46,116,6.0,0.0363679
46,116,7.0,0.03506409
46,116,8.0,0.03419099
46,116,9.0,0.041880414
46,116,10.0,0.05404715
46,116,11.0,0.0655492
46,116,12.0,0.07591922
46,116,13.0,0.083094895
46,116,14.0,0.07665398
46,117,0.0,0.00091139914
46,117,1.0,0.0017535753
46,117,2.0,0.005605905
46,117,3.0,0.010156346
46,117,4.0,0.013431448
46,117,5.0,0.018904466
46,117,6.0,0.023646418
46,117,7.0,0.022529589
46,117,8.0,0.019387389
46,117,9.0,0.022043817
46,117,10.0,0.034730863
46,117,11.0,0.033328213
46,117,12.0,0.042695746
46,117,13.0,0.04479072
46,117,14.0,0.03871438
46,118,0.0,0.0005442959
46,118,1.0,0.0010454858
46,118,2.0,0.0026238954
46,118,3.0,0.004478436
46,118,4.0,0.007485803
46,118,5.0,0.009879345
46,118,6.0,0.011348298
46,118,7.0,0.0106920805
46,118,8.0,0.010113663
46,118,9.0,0.011861705
46,118,10.0,0.015228941
46,118,11.0,0.017248731
46,118,12.0,0.020659367
46,118,13.0,0.021930702
46,118,14.0,0.019997444
46,119,0.0,0.0001399507
46,119,1.0,0.00040070168
46,119,2.0,0.0012342293
46,119,3.0,0.0019166333
46,119,4.0,0.0027452381
46,119,5.0,0.003728827
46,119,6.0,0.0041666846
46,119,7.0,0.0045092194
46,119,8.0,0.0037126953
46,119,9.0,0.0043946095
46,119,10.0,0.005924083
46,119,11.0,0.0066481875
46,119,12.0,0.0072385753
46,119,13.0,0.007685651
46,119,14.0,0.0077941897
46,120,0.0,4.7818397e-05
46,120,1.0,0.00013217541
46,120,2.0,0.0003918321
46,120,3.0,0.00062622107
46,120,4.0,0.001001923
46,120,5.0,0.0012303048
46,120,6.0,0.0012375854
46,120,7.0,0.0012638376
46,120,8.0,0.0011589477
46,120,9.0,0.0014940116
46,120,10.0,0.0019042238
46,120,11.0,0.0024552331
46,120,12.0,0.0028678307
46,120,13.0,0.0027663258
46,120,14.0,0.0022247017
46,121,0.0,6.3793993e-07
46,121,1.0,1.4531401e-05
46,121,2.0,7.004107e-05
46,121,3.0,9.7443146e-05
46,121,4.0,0.00012251016
46,121,5.0,0.00022086184
46,121,6.0,0.0003330882
46,121,7.0,0.00032774452
46,121,8.0,0.00033709744
46,121,9.0,0.00030415232
46,121,10.0,0.00037272478
46,121,11.0,0.00035835954
46,121,12.0,0.00038544275
46,121,13.0,0.000561882
46,121,14.0,0.000502631
46,122,0.0,1.7925208e-08
46,122,1.0,9.889244e-07
46,122,2.0,1.7477732e-05
46,122,3.0,5.37079e-05
46,122,4.0,7.2801085e-05
46,122,5.0,8.690292e-05
46,122,6.0,0.00013886085
46,122,7.0,0.00011676651
46,122,8.0,9.539442e-05
46,122,9.0,0.00016045086
46,122,10.0,0.00010143131
46,122,11.0,0.0001560664
46,122,12.0,0.00017417218
46,122,13.0,0.00013472399
46,122,14.0,0.00014948519
46,123,0.0,9.01748e-09
46,123,1.0,2.9368857e-07
46,123,2.0,1.2853293e-06
46,123,3.0,1.8829198e-06
46,123,4.0,3.4817133e-06
46,123,5.0,6.5376425e-06
46,123,6.0,1.1308752e-05
46,123,7.0,1.2522282e-05
46,123,8.0,7.927881e-06
46,123,9.0,2.7442131e-06
46,123,10.0,5.980374e-06
46,123,11.0,3.5547384e-06
46,123,12.0,2.0392636e-06
46,123,13.0,1.0540051e-06
46,123,14.0,5.0192885e-08
46,124,0.0,1.0168202e-07
46,124,1.0,2.487324e-07
46,124,2.0,2.0706366e-06
46,124,3.0,2.162645e-06
46,124,4.0,1.9658896e-06
46,124,5.0,6.74166e-07
46,124,6.0,2.5155512e-07
46,124,7.0,2.6673254e-07
46,124,8.0,3.4336082e-07
46,124,9.0,2.0225442e-10
46,124,10.0,6.2880595e-08
46,124,11.0,2.0662108e-08
46,124,12.0,1.201101e-08
46,124,13.0,7.280409e-09
46,124,14.0,8.9216016e-08
46,125,0.0,1.7993837e-07
46,125,1.0,1.2729522e-07
46,125,2.0,3.1283327e-07
46,125,3.0,2.4625484e-07
46,125,4.0,1.9249366e-07
46,125,5.0,2.543073e-07
46,125,6.0,3.521626e-07
46,125,7.0,4.2200926e-07
46,125,8.0,4.0336607e-07
46,125,9.0,1.10787674e-07
46,125,10.0,4.2515833e-07
46,125,11.0,3.8135116e-07
46,125,12.0,3.671494e-07
46,125,13.0,9.1738926e-08
46,125,14.0,2.164438e-07
46,126,0.0,2.9297937e-07
46,126,1.0,3.1463796e-07
46,126,2.0,4.6569255e-07
46,126,3.0,9.624758e-07
46,126,4.0,1.2533588e-06
46,126,5.0,1.0165746e-06
46,126,6.0,9.606748e-07
46,126,7.0,8.684973e-07
46,126,8.0,2.083518e-06
46,126,9.0,8.95945e-07
46,126,10.0,7.10982e-07
46,126,11.0,4.8115686e-07
46,126,12.0,1.5727326e-07
46,126,13.0,3.0434603e-07
46,126,14.0,1.7298844e-07
46,127,0.0,2.885417e-07
46,127,1.0,4.8792396e-07
46,127,2.0,5.1615837e-07
46,127,3.0,4.622784e-07
46,127,4.0,4.638083e-07
46,127,5.0,3.820065e-07
46,127,6.0,2.8934843e-07
46,127,7.0,2.723151e-07
46,127,8.0,3.8185266e-07
46,127,9.0,1.9134484e-07
46,127,10.0,1.4513584e-07
46,127,11.0,4.1673637e-08
46,127,12.0,3.1230392e-08
46,127,13.0,8.769903e-08
46,127,14.0,4.007869e-07
46,128,0.0,1.9449638e-07
46,128,1.0,2.0214634e-07
46,128,2.0,8.7783505e-08
46,128,3.0,2.525797e-07
46,128,4.0,3.8592677e-07
46,128,5.0,1.7139831e-07
46,128,6.0,1.7728901e-07
46,128,7.0,4.073129e-07
46,128,8.0,2.2158252e-07
46,128,9.0,3.8783332e-07
46,128,10.0,2.4544278e-07
46,128,11.0,3.9157618e-07
46,128,12.0,3.625923e-07
46,128,13.0,1.8300517e-07
46,128,14.0,3.1997854e-07
46,129,0.0,3.6046035e-07
46,129,1.0,2.8542445e-07
46,129,2.0,1.8585797e-07
46,129,3.0,5.5673546e-08
46,129,4.0,4.4872692e-08
46,129,5.0,4.4673452e-08
46,129,6.0,4.53461e-08
46,129,7.0,6.993255e-08
46,129,8.0,1.3491926e-07
46,129,9.0,4.2696144e-07
46,129,10.0,3.1984064e-07
46,129,11.0,3.3238555e-07
46,129,12.0,1.2601787e-07
46,129,13.0,4.5333135e-08
46,129,14.0,5.5657992e-08
46,130,0.0,2.3921032e-07
46,130,1.0,1.4753954e-07
46,130,2.0,1.8305474e-07
46,130,3.0,1.3008469e-07
46,130,4.0,3.3379663e-08
46,130,5.0,2.6145525e-08
46,130,6.0,2.0930611e-07
46,130,7.0,5.741762e-07
46,130,8.0,1.1364737e-06
46,130,9.0,1.1879732e-06
46,130,10.0,4.1266304e-07
46,130,11.0,1.1592982e-07
46,130,12.0,1.893817e-07
46,130,13.0,4.3521212e-07
46,130,14.0,5.053607e-07
46,131,0.0,7.7460754e-07
46,131,1.0,8.432631e-07
46,131,2.0,3.2108176e-07
46,131,3.0,1.382545e-07
46,131,4.0,2.1158543e-07
46,131,5.0,4.8254344e-07
46,131,6.0,5.912876e-07
46,131,7.0,1.3465385e-06
46,131,8.0,5.7734815e-07
46,131,9.0,1.06941314e-07
46,131,10.0,1.5761564e-08
46,131,11.0,2.9623482e-08
46,131,12.0,9.998555e-08
46,131,13.0,2.1366525e-07
46,131,14.0,1.5482763e-07
47,105,0.0,3.86128e-07
47,105,1.0,3.7316377e-07
47,105,2.0,3.8743147e-07
47,105,3.0,4.4863557e-07
47,105,4.0,5.578599e-07
47,105,5.0,5.624364e-07
47,105,6.0,4.498581e-07
47,105,7.0,3.0766043e-07
47,105,8.0,1.3096059e-07
47,105,9.0,5.6983964e-07
47,105,10.0,6.3852406e-07
47,105,11.0,4.0139298e-07
47,105,12.0,2.94604e-07
47,105,13.0,3.9816155e-07
47,105,14.0,3.5116585e-07
47,106,0.0,2.3950446e-07
47,106,1.0,1.3551187e-07
47,106,2.0,1.7848161e-07
47,106,3.0,2.8240112e-07
47,106,4.0,3.2109784e-07
47,106,5.0,2.821471e-07
47,106,6.0,2.7699036e-07
47,106,7.0,3.0088077e-07
47,106,8.0,2.8825986e-07
47,106,9.0,2.0633688e-07
47,106,10.0,3.3457914e-07
47,106,11.0,5.289543e-07
47,106,12.0,4.0177142e-07
47,106,13.0,1.7617721e-07
47,106,14.0,2.2850813e-07
47,107,0.0,9.2197575e-07
47,107,1.0,3.0397547e-07
47,107,2.0,1.2048775e-07
47,107,3.0,1.9732705e-07
47,107,4.0,2.873755e-07
47,107,5.0,3.1813815e-07
47,107,6.0,2.3746794e-07
47,107,7.0,2.0747022e-07
47,107,8.0,2.6412295e-07
47,107,9.0,2.1658857e-07
47,107,10.0,7.443215e-08
47,107,11.0,3.357598e-07
47,107,12.0,4.670243e-07
47,107,13.0,5.0017263e-07
47,107,14.0,1.62422e-07
47,108,0.0,1.8435252e-06
47,108,1.0,1.0655893e-06
47,108,2.0,6.4070525e-07
47,108,3.0,7.6182926e-07
47,108,4.0,1.3572245e-06
47,108,5.0,1.4476882e-06
47,108,6.0,1.1164457e-06
47,108,7.0,9.989174e-07
47,108,8.0,1.2526981e-06
47,108,9.0,6.108518e-07
47,108,10.0,4.1018427e-07
47,108,11.0,3.8937705e-07
47,108,12.0,2.502001e-07
47,108,13.0,5.3984195e-07
47,108,14.0,6.491888e-07
47,109,0.0,3.921774e-07
47,109,1.0,3.237415e-07
47,109,2.0,2.1608993e-07
47,109,3.0,6.1014106e-07
47,109,4.0,1.8114174e-06
47,109,5.0,1.0641115e-06
47,109,6.0,3.827801e-07
47,109,7.0,3.455881e-07
47,109,8.0,2.7906015e-07
47,109,9.0,4.40502e-07
47,109,10.0,5.2877664e-07
47,109,11.0,1.0233236e-06
47,109,12.0,2.3555608e-06
47,109,13.0,2.024367e-06
47,109,14.0,3.486875e-07
47,110,0.0,6.988563e-09
47,110,1.0,0.0
47,110,2.0,5.4869975e-08
47,110,3.0,8.4214044e-08
47,110,4.0,1.0602186e-06
47,110,5.0,5.938285e-07
47,110,6.0,2.093949e-09
47,110,7.0,0.0
47,110,8.0,0.0
47,110,9.0,3.3658465e-09
47,110,10.0,1.01834836e-07
47,110,11.0,7.2416645e-07
47,110,12.0,1.2453937e-06
47,110,13.0,1.01998285e-05
47,110,14.0,1.7994464e-05
47,111,0.0,1.907294e-11
47,111,1.0,0.0
47,111,2.0,6.375132e-09
47,111,3.0,1.0039591e-06
47,111,4.0,5.2507926e-06
47,111,5.0,1.2235395e-05
47,111,6.0,1.16941255e-05
47,111,7.0,1.410741e-05
47,111,8.0,1.4567839e-05
47,111,9.0,1.8177754e-05
47,111,10.0,2.4994915e-05
47,111,11.0,6.309929e-05
47,111,12.0,0.00012590292
47,111,13.0,0.00017698813
47,111,14.0,0.000176463
47,112,0.0,6.156188e-12
47,112,1.0,9.489143e-10
47,112,2.0,1.7445115e-07
47,112,3.0,1.5056743e-05
47,112,4.0,4.7013644e-05
47,112,5.0,0.0001129591
47,112,6.0,0.00011336881
47,112,7.0,0.00011291998
47,112,8.0,0.00013518543
47,112,9.0,0.0003128166
47,112,10.0,0.00059689867
47,112,11.0,0.0007894448
47,112,12.0,0.0010728159
47,112,13.0,0.0010449762
47,112,14.0,0.0010705183
47,113,0.0,5.3369004e-06
47,113,1.0,4.5504257e-05
47,113,2.0,0.0001240536
47,113,3.0,0.0003596794
47,113,4.0,0.00060892955
47,113,5.0,0.0008093619
47,113,6.0,0.00094735133
47,113,7.0,0.0009502959
47,113,8.0,0.0011054396
47,113,9.0,0.0015869671
47,113,10.0,0.0025190706
47,113,11.0,0.0036155432
47,113,12.0,0.00433945
47,113,13.0,0.004429318
47,113,14.0,0.004690055
47,114,0.0,4.1685715e-05
47,114,1.0,0.00016452234
47,114,2.0,0.00059842854
47,114,3.0,0.0013987537
47,114,4.0,0.0025276274
47,114,5.0,0.0036673849
47,114,6.0,0.0040447577
47,114,7.0,0.0041482206
47,114,8.0,0.0045794575
47,114,9.0,0.006687107
47,114,10.0,0.010255731
47,114,11.0,0.014063068
47,114,12.0,0.0174727
47,114,13.0,0.018623276
47,114,14.0,0.017474385
47,115,0.0,0.00023628162
47,115,1.0,0.00072898954
47,115,2.0,0.0016520428
47,115,3.0,0.0038633854
47,115,4.0,0.006965129
47,115,5.0,0.01005366
47,115,6.0,0.012746586
47,115,7.0,0.013405983
47,115,8.0,0.013837482
47,115,9.0,0.01640937
47,115,10.0,0.025310367
47,115,11.0,0.033618268
47,115,12.0,0.042679075
47,115,13.0,0.042581137
47,115,14.0,0.04365507
47,116,0.0,0.0005577861
47,116,1.0,0.0014929031
47,116,2.0,0.0039467253
47,116,3.0,0.008355432
47,116,4.0,0.013733696
47,116,5.0,0.020192223
47,116,6.0,0.02453282
47,116,7.0,0.025454903
47,116,8.0,0.026009966
47,116,9.0,0.03082746
47,116,10.0,0.04688676
47,116,11.0,0.05853718
47,116,12.0,0.07660182
47,116,13.0,0.08188695
47,116,14.0,0.07390636
47,117,0.0,0.00077206513
47,117,1.0,0.001937619
47,117,2.0,0.0056607113
47,117,3.0,0.011860283
47,117,4.0,0.01887647
47,117,5.0,0.029078012
47,117,6.0,0.03938893
47,117,7.0,0.041698076
47,117,8.0,0.03977504
47,117,9.0,0.043744843
47,117,10.0,0.060856808
47,117,11.0,0.076146476
47,117,12.0,0.09686279
47,117,13.0,0.1032327
47,117,14.0,0.09260258
47,118,0.0,0.0008404745
47,118,1.0,0.001963027
47,118,2.0,0.005567878
47,118,3.0,0.011376193
47,118,4.0,0.018045628
47,118,5.0,0.027331285
47,118,6.0,0.03457605
47,118,7.0,0.035283472
47,118,8.0,0.034059558
47,118,9.0,0.03894046
47,118,10.0,0.05252684
47,118,11.0,0.06405851
47,118,12.0,0.07829792
47,118,13.0,0.084229596
47,118,14.0,0.078909405
47,119,0.0,0.000654046
47,119,1.0,0.0016960694
47,119,2.0,0.00533332
47,119,3.0,0.0105861295
47,119,4.0,0.016261278
47,119,5.0,0.023931896
47,119,6.0,0.029239232
47,119,7.0,0.026767226
47,119,8.0,0.024484498
47,119,9.0,0.027767256
47,119,10.0,0.041146252
47,119,11.0,0.0450562
47,119,12.0,0.052171323
47,119,13.0,0.05611826
47,119,14.0,0.05547339
47,120,0.0,0.000506369
47,120,1.0,0.0009927644
47,120,2.0,0.0025757845
47,120,3.0,0.005240306
47,120,4.0,0.0082966825
47,120,5.0,0.012262954
47,120,6.0,0.014048518
47,120,7.0,0.011977924
47,120,8.0,0.010954016
47,120,9.0,0.014026363
47,120,10.0,0.019618522
47,120,11.0,0.02436516
47,120,12.0,0.030164631
47,120,13.0,0.032091167
47,120,14.0,0.027483968
47,121,0.0,0.00029066554
47,121,1.0,0.00057748746
47,121,2.0,0.0016786413
47,121,3.0,0.0032095548
47,121,4.0,0.0052581695
47,121,5.0,0.00663961
47,121,6.0,0.0076276422
47,121,7.0,0.0069845496
47,121,8.0,0.0062416894
47,121,9.0,0.008356444
47,121,10.0,0.011703069
47,121,11.0,0.012628579
47,121,12.0,0.0144711565
47,121,13.0,0.015496015
47,121,14.0,0.013699544
47,122,0.0,0.00016504074
47,122,1.0,0.00031930202
47,122,2.0,0.0008217695
47,122,3.0,0.0016547308
47,122,4.0,0.0021933834
47,122,5.0,0.002785023
47,122,6.0,0.0028186818
47,122,7.0,0.00336267
47,122,8.0,0.0032384845
47,122,9.0,0.0032904497
47,122,10.0,0.003954816
47,122,11.0,0.0044796886
47,122,12.0,0.0045761466
47,122,13.0,0.0039260653
47,122,14.0,0.0035243684
47,123,0.0,6.218483e-05
47,123,1.0,0.00022517167
47,123,2.0,0.0005080311
47,123,3.0,0.0008189641
47,123,4.0,0.0012078539
47,123,5.0,0.0016368547
47,123,6.0,0.0017178043
47,123,7.0,0.0018730137
47,123,8.0,0.0015721791
47,123,9.0,0.0015435907
47,123,10.0,0.0018132671
47,123,11.0,0.0017597607
47,123,12.0,0.0018794537
47,123,13.0,0.0018920633
47,123,14.0,0.0016704784
47,124,0.0,4.216471e-05
47,124,1.0,0.00013041461
47,124,2.0,0.0003862133
47,124,3.0,0.0006910697
47,124,4.0,0.00083188544
47,124,5.0,0.0007357124
47,124,6.0,0.0007542351
47,124,7.0,0.00057794614
47,124,8.0,0.00048644008
47,124,9.0,0.0007938971
47,124,10.0,0.0008394411
47,124,11.0,0.0010380531
47,124,12.0,0.0008878321
47,124,13.0,0.0006752848
47,124,14.0,0.0006489444
47,125,0.0,5.718354e-05
47,125,1.0,9.909434e-05
47,125,2.0,0.00017606655
47,125,3.0,0.00024417555
47,125,4.0,0.0002542076
47,125,5.0,0.00028858046
47,125,6.0,0.00035356556
47,125,7.0,0.0002876837
47,125,8.0,0.00023207937
47,125,9.0,0.0002208289
47,125,10.0,0.00021160209
47,125,11.0,0.00020898524
47,125,12.0,0.00022362338
47,125,13.0,0.00023565735
47,125,14.0,0.00017656533
47,126,0.0,1.3434316e-05
47,126,1.0,1.7481454e-05
47,126,2.0,5.755314e-05
47,126,3.0,8.268581e-05
47,126,4.0,5.9325936e-05
47,126,5.0,5.94112e-05
47,126,6.0,5.773954e-05
47,126,7.0,3.7633527e-05
47,126,8.0,3.1222633e-05
47,126,9.0,3.556405e-05
47,126,10.0,3.0242767e-05
47,126,11.0,3.6578313e-05
47,126,12.0,5.073548e-05
47,126,13.0,3.964311e-05
47,126,14.0,1.599288e-05
47,127,0.0,5.06306e-06
47,127,1.0,8.2564775e-06
47,127,2.0,9.820003e-06
47,127,3.0,4.518143e-06
47,127,4.0,1.3694337e-06
47,127,5.0,5.546766e-07
47,127,6.0,2.5335555e-07
47,127,7.0,8.7103366e-08
47,127,8.0,1.2125959e-06
47,127,9.0,1.1947955e-06
47,127,10.0,2.9011026e-06
47,127,11.0,1.6333678e-06
47,127,12.0,5.0917185e-07
47,127,13.0,6.943841e-09
47,127,14.0,4.3054502e-08
47,128,0.0,2.8853282e-07
47,128,1.0,8.514487e-08
47,128,2.0,6.321926e-08
47,128,3.0,5.772286e-08
47,128,4.0,5.1828298e-08
47,128,5.0,5.1190018e-08
47,128,6.0,2.0925505e-08
47,128,7.0,1.0859195e-07
47,128,8.0,4.0231387e-07
47,128,9.0,1.3532376e-06
47,128,10.0,1.8743181e-06
47,128,11.0,1.2739e-06
47,128,12.0,2.7800937e-07
47,128,13.0,2.6422296e-07
47,128,14.0,2.4062408e-07
47,129,0.0,9.401661e-07
47,129,1.0,6.1094556e-07
47,129,2.0,5.513646e-07
47,129,3.0,3.4592125e-07
47,129,4.0,1.0171325e-07
47,129,5.0,4.803242e-08
47,129,6.0,7.06241e-08
47,129,7.0,9.609822e-08
47,129,8.0,4.8238417e-07
47,129,9.0,5.1584624e-07
47,129,10.0,2.4607962e-07
47,129,11.0,1.0978487e-07
47,129,12.0,6.738239e-08
47,129,13.0,1.151022e-07
47,129,14.0,4.0300938e-07
47,130,0.0,5.7992803e-08
47,130,1.0,6.14627e-08
47,130,2.0,1.6819952e-07
47,130,3.0,2.1230491e-07
47,130,4.0,2.1787204e-07
47,130,5.0,2.3052317e-07
47,130,6.0,1.3213149e-07
47,130,7.0,2.0368495e-07
47,130,8.0,8.8919776e-08
47,130,9.0,2.2309727e-07
47,130,10.0,2.8372213e-07
47,130,11.0,3.2671898e-07
47,130,12.0,1.1418865e-07
47,130,13.0,9.462266e-08
47,130,14.0,2.6149394e-07
47,131,0.0,4.490697e-07
47,131,1.0,7.349746e-07
47,131,2.0,3.521488e-07
47,131,3.0,1.8246573e-07
47,131,4.0,4.1002835e-08
47,131,5.0,5.8102025e-08
47,131,6.0,1.3734139e-07
47,131,7.0,4.101211e-08
47,131,8.0,5.181815e-07
47,131,9.0,4.3130063e-07
47,131,10.0,2.4835418e-07
47,131,11.0,1.3348911e-07
47,131,12.0,6.5296625e-08
47,131,13.0,7.409269e-08
47,131,14.0,9.6138564e-08
47,132,0.0,1.8833843e-07
47,132,1.0,7.983476e-07
47,132,2.0,3.2252493e-07
47,132,3.0,1.3400519e-07
47,132,4.0,4.3670067e-07
47,132,5.0,5.954187e-07
47,132,6.0,4.690636e-07
47,132,7.0,3.0478338e-07
47,132,8.0,6.4194796e-07
47,132,9.0,6.102113e-07
47,132,10.0,3.8987156e-07
47,132,11.0,1.5396782e-07
47,132,12.0,1.1962587e-07
47,132,13.0,4.1509416e-08
47,132,14.0,3.0836276e-08
47,133,0.0,1.0752374e-06
47,133,1.0,9.622414e-07
47,133,2.0,5.8283564e-07
47,133,3.0,5.677508e-07
47,133,4.0,5.069487e-07
47,133,5.0,3.6615293e-07
47,133,6.0,1.3413381e-07
47,133,7.0,2.6548834e-08
47,133,8.0,1.8330068e-07
47,133,9.0,2.0203157e-07
47,133,10.0,4.5124085e-07
47,133,11.0,1.4075509e-07
47,133,12.0,1.0376203e-07
47,133,13.0,2.210388e-07
47,133,14.0,1.422807e-07
48,108,0.0,8.3364785e-07
48,108,1.0,4.717573e-07
48,108,2.0,3.2313358e-07
48,108,3.0,5.468104e-07
48,108,4.0,9.619704e-07
48,108,5.0,1.1607823e-06
48,108,6.0,1.0321158e-06
48,108,7.0,8.6315123e-07
48,108,8.0,9.699519e-07
48,108,9.0,1.4456792e-06
48,108,10.0,1.0108544e-06
48,108,11.0,6.008929e-07
48,108,12.0,7.474536e-07
48,108,13.0,4.1128865e-07
48,108,14.0,1.7467003e-07
48,109,0.0,7.768947e-07
48,109,1.0,2.1357167e-07
48,109,2.0,1.9780853e-07
48,109,3.0,1.2719885e-07
48,109,4.0,1.2244152e-07
48,109,5.0,2.2852932e-07
48,109,6.0,4.2040097e-07
48,109,7.0,4.7265274e-07
48,109,8.0,4.847078e-07
48,109,9.0,6.5724157e-07
48,109,10.0,5.701982e-07
48,109,11.0,3.799372e-07
48,109,12.0,2.3006324e-07
48,109,13.0,3.2546154e-07
48,109,14.0,5.0376514e-07
48,110,0.0,8.0115313e-07
48,110,1.0,1.1982152e-07
48,110,2.0,2.0632747e-08
48,110,3.0,2.0647322e-08
48,110,4.0,6.4066626e-08
48,110,5.0,1.5647831e-07
48,110,6.0,1.5871296e-07
48,110,7.0,1.4830923e-07
48,110,8.0,1.9414993e-07
48,110,9.0,3.3878962e-07
48,110,10.0,1.12522095e-07
48,110,11.0,2.9224447e-07
48,110,12.0,1.5319281e-07
48,110,13.0,8.411155e-08
48,110,14.0,7.480674e-08
48,111,0.0,2.3652169e-07
48,111,1.0,2.3540113e-07
48,111,2.0,1.5294559e-07
48,111,3.0,2.0844885e-07
48,111,4.0,1.6343901e-07
48,111,5.0,1.7707178e-07
48,111,6.0,1.2996632e-07
48,111,7.0,1.3010184e-07
48,111,8.0,9.384494e-08
48,111,9.0,4.9093124e-08
48,111,10.0,3.6521516e-07
48,111,11.0,1.5949739e-07
48,111,12.0,4.0000702e-07
48,111,13.0,1.0858366e-06
48,111,14.0,1.850515e-07
48,112,0.0,0.0
48,112,1.0,0.0
48,112,2.0,0.0
48,112,3.0,0.0
48,112,4.0,2.044177e-09
48,112,5.0,2.3096446e-08
48,112,6.0,4.1692734e-09
48,112,7.0,1.8067411e-09
48,112,8.0,6.2196563e-09
48,112,9.0,3.8171564e-08
48,112,10.0,4.027437e-09
48,112,11.0,1.826468e-07
48,112,12.0,2.5566268e-07
48,112,13.0,2.5748311e-06
48,112,14.0,3.781816e-06
48,113,0.0,5.806326e-10
48,113,1.0,3.7383243e-09
48,113,2.0,0.0
48,113,3.0,1.54809e-08
48,113,4.0,1.1990507e-08
48,113,5.0,6.977427e-08
48,113,6.0,9.8497836e-08
48,113,7.0,4.0836335e-07
48,113,8.0,1.0986605e-06
48,113,9.0,2.4555854e-06
48,113,10.0,1.6384196e-05
48,113,11.0,4.0263883e-05
48,113,12.0,5.073566e-05
48,113,13.0,0.00011883279
48,113,14.0,0.00011296569
48,114,0.0,9.526874e-08
48,114,1.0,1.3014225e-06
48,114,2.0,6.7384354e-07
48,114,3.0,4.6893333e-06
48,114,4.0,1.260173e-05
48,114,5.0,3.1862164e-05
48,114,6.0,5.0531227e-05
48,114,7.0,7.662153e-05
48,114,8.0,0.0001078341
48,114,9.0,0.00019427
48,114,10.0,0.00038127406
48,114,11.0,0.00063573965
48,114,12.0,0.0009101367
48,114,13.0,0.00094159937
48,114,14.0,0.0009010953
48,115,0.0,3.9091587e-06
48,115,1.0,9.828527e-06
48,115,2.0,5.4305587e-05
48,115,3.0,0.00012374659
48,115,4.0,0.0003431025
48,115,5.0,0.0005361877
48,115,6.0,0.0006382194
48,115,7.0,0.0005938837
48,115,8.0,0.00067133375
48,115,9.0,0.0010647089
48,115,10.0,0.001854175
48,115,11.0,0.0025275038
48,115,12.0,0.0032846231
48,115,13.0,0.003352783
48,115,14.0,0.0036528634
48,116,0.0,3.2079017e-05
48,116,1.0,0.00015741779
48,116,2.0,0.00043569773
48,116,3.0,0.0011530377
48,116,4.0,0.0018661472
48,116,5.0,0.0026155887
48,116,6.0,0.002922044
48,116,7.0,0.003048751
48,116,8.0,0.0032025874
48,116,9.0,0.0044673784
48,116,10.0,0.0074474085
48,116,11.0,0.009969816
48,116,12.0,0.012097055
48,116,13.0,0.0122885415
48,116,14.0,0.011570979
48,117,0.0,0.00017661399
48,117,1.0,0.0004648521
48,117,2.0,0.0014737336
48,117,3.0,0.002626974
48,117,4.0,0.0048040682
48,117,5.0,0.006961373
48,117,6.0,0.008672706
48,117,7.0,0.009289321
48,117,8.0,0.009834275
48,117,9.0,0.012090134
48,117,10.0,0.01807517
48,117,11.0,0.023337098
48,117,12.0,0.02937303
48,117,13.0,0.031118572
48,117,14.0,0.028781576
48,118,0.0,0.0005920534
48,118,1.0,0.0013517834
48,118,2.0,0.003698172
48,118,3.0,0.0067414837
48,118,4.0,0.012338966
48,118,5.0,0.017515626
48,118,6.0,0.02079932
48,118,7.0,0.02068206
48,118,8.0,0.021360941
48,118,9.0,0.025711734
48,118,10.0,0.041567963
48,118,11.0,0.054103933
48,118,12.0,0.06474167
48,118,13.0,0.06428732
48,118,14.0,0.063541904
48,119,0.0,0.0010025494
48,119,1.0,0.0022848882
48,119,2.0,0.0061746584
48,119,3.0,0.0103324
48,119,4.0,0.016792392
48,119,5.0,0.024362434
48,119,6.0,0.029597113
48,119,7.0,0.029387478
48,119,8.0,0.030018678
48,119,9.0,0.037265737
48,119,10.0,0.05246543
48,119,11.0,0.07276659
48,119,12.0,0.077023715
48,119,13.0,0.075565495
48,119,14.0,0.07520776
48,120,0.0,0.001134575
48,120,1.0,0.0023447294
48,120,2.0,0.006267205
48,120,3.0,0.011598222
48,120,4.0,0.018693792
48,120,5.0,0.028539663
48,120,6.0,0.036453355
48,120,7.0,0.037798733
48,120,8.0,0.035464853
48,120,9.0,0.04353132
48,120,10.0,0.051990777
48,120,11.0,0.069478676
48,120,12.0,0.070251495
48,120,13.0,0.07083903
48,120,14.0,0.07232278
48,121,0.0,0.0008382876
48,121,1.0,0.0020108758
48,121,2.0,0.004879585
48,121,3.0,0.009180718
48,121,4.0,0.015239565
48,121,5.0,0.02231712
48,121,6.0,0.027450968
48,121,7.0,0.026666272
48,121,8.0,0.025347576
48,121,9.0,0.031465463
48,121,10.0,0.04168824
48,121,11.0,0.056963667
48,121,12.0,0.05844814
48,121,13.0,0.062345292
48,121,14.0,0.056363553
48,122,0.0,0.000679539
48,122,1.0,0.0015243748
48,122,2.0,0.0035129252
48,122,3.0,0.006341317
48,122,4.0,0.010528026
48,122,5.0,0.01496097
48,122,6.0,0.017944157
48,122,7.0,0.017062256
48,122,8.0,0.016885156
48,122,9.0,0.020166023
48,122,10.0,0.028374761
48,122,11.0,0.03565248
48,122,12.0,0.038555946
48,122,13.0,0.037070516
48,122,14.0,0.036623497
48,123,0.0,0.0004699337
48,123,1.0,0.001093286
48,123,2.0,0.003023045
48,123,3.0,0.00536874
48,123,4.0,0.008341686
48,123,5.0,0.0116830785
48,123,6.0,0.014412823
48,123,7.0,0.0137751065
48,123,8.0,0.012834409
48,123,9.0,0.016538577
48,123,10.0,0.019945905
48,123,11.0,0.023029167
48,123,12.0,0.023994133
48,123,13.0,0.025044536
48,123,14.0,0.022705063
48,124,0.0,0.0007066276
48,124,1.0,0.0014380557
48,124,2.0,0.003319412
48,124,3.0,0.0052566496
48,124,4.0,0.008268964
48,124,5.0,0.011081463
48,124,6.0,0.012796763
48,124,7.0,0.012312507
48,124,8.0,0.011802572
48,124,9.0,0.011999965
48,124,10.0,0.0147682885
48,124,11.0,0.016608767
48,124,12.0,0.015899606
48,124,13.0,0.0140879275
48,124,14.0,0.012737924
48,125,0.0,0.0015160313
48,125,1.0,0.00264535
48,125,2.0,0.0041593015
48,125,3.0,0.005416017
48,125,4.0,0.0067287707
48,125,5.0,0.0075358073
48,125,6.0,0.00871553
48,125,7.0,0.00759839
48,125,8.0,0.0067137466
48,125,9.0,0.008044632
48,125,10.0,0.008588457
48,125,11.0,0.008300012
48,125,12.0,0.008057073
48,125,13.0,0.0076520736
48,125,14.0,0.006097349
48,126,0.0,0.0018834437
48,126,1.0,0.0031104768
48,126,2.0,0.0040649646
48,126,3.0,0.0054527856
48,126,4.0,0.006350835
48,126,5.0,0.006729746
48,126,6.0,0.0059529943
48,126,7.0,0.0046164175
48,126,8.0,0.0043206112
48,126,9.0,0.0048154574
48,126,10.0,0.0051809377
48,126,11.0,0.005370932
48,126,12.0,0.0055152504
48,126,13.0,0.0038732854
48,126,14.0,0.0029164564
48,127,0.0,0.0018238917
48,127,1.0,0.0025433504
48,127,2.0,0.0029735388
48,127,3.0,0.0029894433
48,127,4.0,0.0026200367
48,127,5.0,0.0029632186
48,127,6.0,0.002836219
48,127,7.0,0.0025776115
48,127,8.0,0.0019783217
48,127,9.0,0.0025041874
48,127,10.0,0.0021373616
48,127,11.0,0.00174474
48,127,12.0,0.0015445838
48,127,13.0,0.0011124106
48,127,14.0,0.0013255995
48,128,0.0,0.0012984553
48,128,1.0,0.0015969534
48,128,2.0,0.0016113105
48,128,3.0,0.0014872259
48,128,4.0,0.0012605448
48,128,5.0,0.0012503107
48,128,6.0,0.0010941507
48,128,7.0,0.00087540486
48,128,8.0,0.0007404005
48,128,9.0,0.00078302895
48,128,10.0,0.000736402
48,128,11.0,0.0006020558
48,128,12.0,0.0005739465
48,128,13.0,0.00041888494
48,128,14.0,0.0005754126
48,129,0.0,0.00080851966
48,129,1.0,0.000668483
48,129,2.0,0.00060090725
48,129,3.0,0.00057921733
48,129,4.0,0.00050581206
48,129,5.0,0.00035546356
48,129,6.0,0.00031089303
48,129,7.0,0.00029811802
48,129,8.0,0.00020489168
48,129,9.0,0.00026039834
48,129,10.0,0.00022447555
48,129,11.0,0.00021836525
48,129,12.0,0.00019377634
48,129,13.0,0.00013029572
48,129,14.0,0.00014114665
48,130,0.0,0.0003636266
48,130,1.0,0.00025948623
48,130,2.0,0.00017226803
48,130,3.0,0.00012196337
48,130,4.0,8.587383e-05
48,130,5.0,6.259774e-05
48,130,6.0,3.9791972e-05
48,130,7.0,5.0477058e-05
48,130,8.0,4.341678e-05
48,130,9.0,3.8820344e-05
48,130,10.0,3.4856683e-05
48,130,11.0,2.2710296e-05
48,130,12.0,1.9667039e-05
48,130,13.0,1.5734213e-05
48,130,14.0,1.821151e-05
48,131,0.0,2.5374127e-05
48,131,1.0,7.4354434e-06
48,131,2.0,1.5381337e-06
48,131,3.0,6.1112536e-07
48,131,4.0,7.956424e-08
48,131,5.0,2.1340414e-10
48,131,6.0,2.6431884e-11
48,131,7.0,4.8849817e-08
48,131,8.0,2.3026397e-08
48,131,9.0,2.5511637e-08
48,131,10.0,5.0097814e-08
48,131,11.0,1.9511605e-08
48,131,12.0,7.6342827e-10
48,131,13.0,1.0219832e-09
48,131,14.0,1.18335155e-08
48,132,0.0,6.523079e-07
48,132,1.0,2.878753e-08
48,132,2.0,2.1536033e-08
48,132,3.0,1.2645617e-07
48,132,4.0,1.9365754e-07
48,132,5.0,2.506191e-07
48,132,6.0,1.7688046e-07
48,132,7.0,8.377351e-08
48,132,8.0,3.3339003e-07
48,132,9.0,3.9138962e-07
48,132,10.0,5.9155195e-07
48,132,11.0,5.419033e-07
48,132,12.0,2.3589328e-07
48,132,13.0,7.107136e-08
48,132,14.0,5.109191e-08
48,133,0.0,1.7459773e-07
48,133,1.0,1.15983006e-07
48,133,2.0,4.0314478e-07
48,133,3.0,6.7561444e-07
48,133,4.0,1.6120728e-07
48,133,5.0,8.867633e-08
48,133,6.0,1.2242825e-07
48,133,7.0,3.331916e-07
48,133,8.0,6.7693855e-07
48,133,9.0,1.3432713e-06
48,133,10.0,1.3002516e-06
48,133,11.0,1.061728e-06
48,133,12.0,6.6339385e-07
48,133,13.0,4.47824e-07
48,133,14.0,5.7860257e-07
48,134,0.0,4.473619e-07
48,134,1.0,8.08871e-07
48,134,2.0,1.8911885e-07
48,134,3.0,3.132608e-07
48,134,4.0,2.8689198e-07
48,134,5.0,1.5566488e-07
48,134,6.0,1.5602393e-07
48,134,7.0,3.063125e-07
48,134,8.0,5.941626e-07
48,134,9.0,1.4261767e-06
48,134,10.0,1.1472168e-06
48,134,11.0,3.7680007e-07
48,134,12.0,4.95659e-07
48,134,13.0,7.1960807e-07
48,134,14.0,1.5337337e-06
48,135,0.0,5.351352e-07
48,135,1.0,4.968805e-07
48,135,2.0,3.870632e-07
48,135,3.0,3.3903407e-07
48,135,4.0,1.4631732e-06
48,135,5.0,1.4298898e-06
48,135,6.0,6.0495273e-07
48,135,7.0,6.297029e-07
48,135,8.0,1.28065e-07
48,135,9.0,9.380915e-08
48,135,10.0,4.6656975e-08
48,135,11.0,5.646451e-08
48,135,12.0,8.34441e-08
48,135,13.0,1.2923105e-07
48,135,14.0,3.1145422e-07
48,136,0.0,7.902502e-07
48,136,1.0,5.4268946e-07
48,136,2.0,1.029401e-06
48,136,3.0,1.1376775e-06
48,136,4.0,6.136332e-07
48,136,5.0,5.5126816e-07
48,136,6.0,1.0744653e-06
48,136,7.0,2.962445e-07
48,136,8.0,2.38883e-07
48,136,9.0,2.0024606e-07
48,136,10.0,2.0488311e-07
48,136,11.0,2.5266564e-07
48,136,12.0,2.1617117e-07
48,136,13.0,2.4105435e-07
48,136,14.0,2.434129e-07
49,110,0.0,2.946583e-07
49,110,1.0,2.9162406e-08
49,110,2.0,1.1472944e-07
49,110,3.0,1.3055976e-07
49,110,4.0,1.3545042e-07
49,110,5.0,1.4595217e-07
49,110,6.0,2.2870879e-07
49,110,7.0,3.4399707e-07
49,110,8.0,4.9453763e-07
49,110,9.0,5.2559074e-07
49,110,10.0,5.0353975e-07
49,110,11.0,2.2890084e-07
49,110,12.0,1.7500435e-07
49,110,13.0,8.799222e-08
49,110,14.0,1.3973566e-07
49,111,0.0,8.6517844e-07
49,111,1.0,7.975997e-07
49,111,2.0,2.3293677e-07
49,111,3.0,1.9980746e-07
49,111,4.0,2.475065e-07
49,111,5.0,3.0631404e-07
49,111,6.0,3.2097887e-07
49,111,7.0,3.0189895e-07
49,111,8.0,2.9815945e-07
49,111,9.0,4.1430556e-07
49,111,10.0,6.6351305e-07
49,111,11.0,6.4192096e-07
49,111,12.0,5.307546e-07
49,111,13.0,4.6019596e-07
49,111,14.0,3.9078557e-07
49,112,0.0,6.885728e-07
49,112,1.0,1.41452e-07
49,112,2.0,1.223136e-07
49,112,3.0,8.743991e-08
49,112,4.0,1.4377731e-07
49,112,5.0,1.6613582e-07
49,112,6.0,1.6266809e-07
49,112,7.0,1.163836e-07
49,112,8.0,7.740553e-08
49,112,9.0,8.2755044e-08
49,112,10.0,2.617877e-07
49,112,11.0,5.7678037e-08
49,112,12.0,2.9150647e-07
49,112,13.0,5.83145e-07
49,112,14.0,4.0694593e-07
49,113,0.0,7.440563e-07
49,113,1.0,6.405892e-07
49,113,2.0,1.3789759e-07
49,113,3.0,1.6694955e-07
49,113,4.0,1.5793994e-07
49,113,5.0,1.5908392e-07
49,113,6.0,7.752288e-08
49,113,7.0,4.3985505e-08
49,113,8.0,2.8212023e-08
49,113,9.0,3.7874557e-08
49,113,10.0,1.9360913e-07
49,113,11.0,2.9443822e-07
49,113,12.0,1.1724147e-06
49,113,13.0,1.0230551e-06
49,113,14.0,5.343149e-07
49,114,0.0,1.07616145e-07
49,114,1.0,2.0776473e-07
49,114,2.0,1.02540014e-07
49,114,3.0,2.70575e-08
49,114,4.0,1.3923476e-08
49,114,5.0,5.0366746e-09
49,114,6.0,9.026198e-09
49,114,7.0,1.7975491e-08
49,114,8.0,1.0642025e-08
49,114,9.0,3.8462775e-10
49,114,10.0,6.1901533e-09
49,114,11.0,2.9072208e-07
49,114,12.0,1.1249412e-06
49,114,13.0,3.2462726e-06
49,114,14.0,1.1243566e-06
49,115,0.0,0.0
49,115,1.0,3.5908568e-11
49,115,2.0,1.9708764e-10
49,115,3.0,3.7240968e-09
49,115,4.0,1.748445e-08
49,115,5.0,1.8345292e-08
49,115,6.0,1.0020061e-09
49,115,7.0,1.1618167e-11
49,115,8.0,1.2649061e-10
49,115,9.0,3.4494978e-08
49,115,10.0,7.197583e-07
49,115,11.0,7.223117e-06
49,115,12.0,7.678519e-06
49,115,13.0,1.1307972e-05
49,115,14.0,2.1658954e-05
49,116,0.0,0.0
49,116,1.0,1.1094608e-10
49,116,2.0,3.937809e-11
49,116,3.0,2.6580585e-08
49,116,4.0,2.1021631e-07
49,116,5.0,1.8587928e-06
49,116,6.0,4.4237627e-06
49,116,7.0,8.277807e-06
49,116,8.0,1.6435662e-05
49,116,9.0,3.6241076e-05
49,116,10.0,6.239497e-05
49,116,11.0,0.00014442924
49,116,12.0,0.00021151383
49,116,13.0,0.00025760726
49,116,14.0,0.00027189965
49,117,0.0,2.765469e-09
49,117,1.0,1.9839074e-06
49,117,2.0,8.883813e-06
49,117,3.0,2.1726137e-05
49,117,4.0,7.303842e-05
49,117,5.0,0.00016540861
49,117,6.0,0.0002442566
49,117,7.0,0.0002459667
49,117,8.0,0.00022880232
49,117,9.0,0.00040515457
49,117,10.0,0.0006693832
49,117,11.0,0.0008047846
49,117,12.0,0.0009999259
49,117,13.0,0.0012578426
49,117,14.0,0.0014058048
49,118,0.0,3.4581653e-06
49,118,1.0,3.9417988e-05
49,118,2.0,0.00012873176
49,118,3.0,0.00036418994
49,118,4.0,0.0006327555
49,118,5.0,0.00089240266
49,118,6.0,0.0010274957
49,118,7.0,0.0009855896
49,118,8.0,0.0012170922
49,118,9.0,0.0016823526
49,118,10.0,0.0029697304
49,118,11.0,0.0038960434
49,118,12.0,0.0051510255
49,118,13.0,0.0056048715
49,118,14.0,0.0060333745
49,119,0.0,7.715008e-05
49,119,1.0,0.00019875063
49,119,2.0,0.000688783
49,119,3.0,0.0012519356
49,119,4.0,0.0017056776
49,119,5.0,0.0024677382
49,119,6.0,0.003798646
49,119,7.0,0.0047338507
49,119,8.0,0.005175859
49,119,9.0,0.0060393848
49,119,10.0,0.008938767
49,119,11.0,0.010702961
49,119,12.0,0.014348329
49,119,13.0,0.016703123
49,119,14.0,0.017941445
49,120,0.0,0.00018785865
49,120,1.0,0.0004964017
49,120,2.0,0.0014020291
49,120,3.0,0.0021967748
49,120,4.0,0.0045611896
49,120,5.0,0.0074353428
49,120,6.0,0.009903589
49,120,7.0,0.009990383
49,120,8.0,0.010343535
49,120,9.0,0.014384554
49,120,10.0,0.020965567
49,120,11.0,0.030292623
49,120,12.0,0.037759792
49,120,13.0,0.040126923
49,120,14.0,0.038942635
49,121,0.0,0.00031236318
49,121,1.0,0.0010592875
49,121,2.0,0.0024805102
49,121,3.0,0.004856578
49,121,4.0,0.008028495
49,121,5.0,0.0125124175
49,121,6.0,0.017410943
49,121,7.0,0.018549688
49,121,8.0,0.018714743
49,121,9.0,0.023921525
49,121,10.0,0.03702072
49,121,11.0,0.04742378
49,121,12.0,0.052524224
49,121,13.0,0.05706139
49,121,14.0,0.059824765
49,122,0.0,0.0004707256
49,122,1.0,0.001573326
49,122,2.0,0.0036590314
49,122,3.0,0.007404867
49,122,4.0,0.012188196
49,122,5.0,0.018548375
49,122,6.0,0.02494537
49,122,7.0,0.026102103
49,122,8.0,0.025146382
49,122,9.0,0.030899309
49,122,10.0,0.045445997
49,122,11.0,0.05858228
49,122,12.0,0.06761236
49,122,13.0,0.070255786
49,122,14.0,0.072592385
49,123,0.0,0.0007963531
49,123,1.0,0.0018333854
49,123,2.0,0.004378273
49,123,3.0,0.007919448
49,123,4.0,0.014194275
49,123,5.0,0.020821711
49,123,6.0,0.027153404
49,123,7.0,0.028723301
49,123,8.0,0.028062256
49,123,9.0,0.034089245
49,123,10.0,0.04904053
49,123,11.0,0.05849828
49,123,12.0,0.06596397
49,123,13.0,0.06332974
49,123,14.0,0.05976474
49,124,0.0,0.00052196416
49,124,1.0,0.0013733986
49,124,2.0,0.0037269054
49,124,3.0,0.006714988
49,124,4.0,0.012276473
49,124,5.0,0.017530078
49,124,6.0,0.02380851
49,124,7.0,0.025163814
49,124,8.0,0.024273241
49,124,9.0,0.02675089
49,124,10.0,0.0375056
49,124,11.0,0.043615967
49,124,12.0,0.05056629
49,124,13.0,0.05345822
49,124,14.0,0.04933876
49,125,0.0,0.0010856467
49,125,1.0,0.0029279024
49,125,2.0,0.006410206
49,125,3.0,0.012653
49,125,4.0,0.019173004
49,125,5.0,0.025889806
49,125,6.0,0.030298863
49,125,7.0,0.029095469
49,125,8.0,0.029893855
49,125,9.0,0.03209499
49,125,10.0,0.040645704
49,125,11.0,0.043214835
49,125,12.0,0.047109175
49,125,13.0,0.04878228
49,125,14.0,0.040355146
49,126,0.0,0.0034876792
49,126,1.0,0.006860598
49,126,2.0,0.01152497
49,126,3.0,0.019305626
49,126,4.0,0.025568446
49,126,5.0,0.03238737
49,126,6.0,0.035768848
49,126,7.0,0.034194686
49,126,8.0,0.03229214
49,126,9.0,0.03666558
49,126,10.0,0.04137538
49,126,11.0,0.042401005
49,126,12.0,0.04293762
49,126,13.0,0.03981541
49,126,14.0,0.034028437
49,127,0.0,0.00918268
49,127,1.0,0.015445332
49,127,2.0,0.023951944
49,127,3.0,0.036026724
49,127,4.0,0.04609095
49,127,5.0,0.050173376
49,127,6.0,0.0473628
49,127,7.0,0.040979803
49,127,8.0,0.036661875
49,127,9.0,0.04261341
49,127,10.0,0.04844071
49,127,11.0,0.047346406
49,127,12.0,0.045345478
49,127,13.0,0.040433973
49,127,14.0,0.036437146
49,128,0.0,0.016047088
49,128,1.0,0.024079263
49,128,2.0,0.034003887
49,128,3.0,0.04141795
49,128,4.0,0.042322863
49,128,5.0,0.040450208
49,128,6.0,0.037070263
49,128,7.0,0.036212247
49,128,8.0,0.03376576
49,128,9.0,0.034189966
49,128,10.0,0.037521146
49,128,11.0,0.035503037
49,128,12.0,0.030051688
49,128,13.0,0.025264286
49,128,14.0,0.02588769
49,129,0.0,0.021347018
49,129,1.0,0.027508108
49,129,2.0,0.032208685
49,129,3.0,0.03393504
49,129,4.0,0.033431564
49,129,5.0,0.032184076
49,129,6.0,0.029759698
49,129,7.0,0.0266485
49,129,8.0,0.023852954
49,129,9.0,0.02545972
49,129,10.0,0.026638476
49,129,11.0,0.02486494
49,129,12.0,0.02009322
49,129,13.0,0.017458348
49,129,14.0,0.016566457
49,130,0.0,0.019297687
49,130,1.0,0.022062808
49,130,2.0,0.021227095
49,130,3.0,0.02059187
49,130,4.0,0.021028172
49,130,5.0,0.017564809
49,130,6.0,0.014302304
49,130,7.0,0.012116113
49,130,8.0,0.010824606
49,130,9.0,0.0127256755
49,130,10.0,0.011992671
49,130,11.0,0.010983976
49,130,12.0,0.008347489
49,130,13.0,0.0075723454
49,130,14.0,0.0066432734
49,131,0.0,0.008965635
49,131,1.0,0.009082327
49,131,2.0,0.007783819
49,131,3.0,0.0068088695
49,131,4.0,0.0058740573
49,131,5.0,0.0048587783
49,131,6.0,0.0041627074
49,131,7.0,0.003078275
49,131,8.0,0.002972412
49,131,9.0,0.0028931869
49,131,10.0,0.0029964242
49,131,11.0,0.0023342462
49,131,12.0,0.0020921035
49,131,13.0,0.0015559874
49,131,14.0,0.0013856144
49,132,0.0,0.0011897061
49,132,1.0,0.0014254961
49,132,2.0,0.0011592563
49,132,3.0,0.0009483366
49,132,4.0,0.0007552203
49,132,5.0,0.00069071614
49,132,6.0,0.000466657
49,132,7.0,0.0003917921
49,132,8.0,0.0003735617
49,132,9.0,0.0002966136
49,132,10.0,0.00021855022
49,132,11.0,0.00020013006
49,132,12.0,0.00017835155
49,132,13.0,0.00016119688
49,132,14.0,0.00015894788
49,133,0.0,0.00016018175
49,133,1.0,0.00014640111
49,133,2.0,0.00014983134
49,133,3.0,0.00012403504
49,133,4.0,7.6584925e-05
49,133,5.0,2.245622e-05
49,133,6.0,6.3637244e-06
49,133,7.0,6.115622e-06
49,133,8.0,5.6311624e-06
49,133,9.0,4.083148e-06
49,133,10.0,3.4144757e-06
49,133,11.0,1.3649914e-06
49,133,12.0,5.7114423e-08
49,133,13.0,6.684109e-08
49,133,14.0,1.4840474e-07
49,134,0.0,2.905132e-07
49,134,1.0,3.6078137e-07
49,134,2.0,8.2175694e-07
49,134,3.0,4.753295e-07
49,134,4.0,1.0618688e-07
49,134,5.0,9.84365e-09
49,134,6.0,1.8136107e-07
49,134,7.0,1.3649372e-07
49,134,8.0,5.392724e-07
49,134,9.0,7.410047e-07
49,134,10.0,1.6646075e-07
49,134,11.0,7.274591e-08
49,134,12.0,5.4282566e-08
49,134,13.0,5.0920764e-08
49,134,14.0,1.5445485e-07
49,135,0.0,5.9447913e-08
49,135,1.0,4.3035246e-07
49,135,2.0,1.0155865e-06
49,135,3.0,3.235393e-07
49,135,4.0,9.0210285e-08
49,135,5.0,3.8364654e-08
49,135,6.0,5.690595e-08
49,135,7.0,1.15435554e-07
49,135,8.0,4.51079e-07
49,135,9.0,6.715195e-07
49,135,10.0,2.4080805e-07
49,135,11.0,4.7848964e-08
49,135,12.0,1.870978e-07
49,135,13.0,5.745767e-07
49,135,14.0,1.1520509e-06
49,136,0.0,5.5766526e-07
49,136,1.0,5.8226146e-08
49,136,2.0,1.3708302e-07
49,136,3.0,3.1776943e-07
49,136,4.0,5.497359e-07
49,136,5.0,7.0948e-07
49,136,6.0,2.1964459e-07
49,136,7.0,9.381701e-07
49,136,8.0,1.1197043e-06
49,136,9.0,1.2380327e-06
49,136,10.0,3.747664e-07
49,136,11.0,6.267824e-08
49,136,12.0,1.2310298e-07
49,136,13.0,1.6549616e-07
49,136,14.0,1.6016348e-07
49,137,0.0,3.889943e-08
49,137,1.0,2.0060854e-07
49,137,2.0,1.9809605e-07
49,137,3.0,4.3284354e-07
49,137,4.0,6.355511e-07
49,137,5.0,1.3162992e-06
49,137,6.0,5.8594236e-07
49,137,7.0,8.9555977e-07
49,137,8.0,2.480847e-06
49,137,9.0,2.000152e-06
49,137,10.0,2.2065387e-06
49,137,11.0,9.871462e-07
49,137,12.0,4.018399e-07
49,137,13.0,2.6945025e-07
49,137,14.0,3.0954124e-07
49,138,0.0,5.880381e-08
49,138,1.0,1.6233618e-07
49,138,2.0,1.65876e-07
49,138,3.0,1.8181093e-07
49,138,4.0,2.4377758e-07
49,138,5.0,2.6652694e-07
49,138,6.0,4.4578445e-07
49,138,7.0,1.4074556e-07
49,138,8.0,1.7166157e-07
49,138,9.0,2.1704852e-07
49,138,10.0,1.6011481e-07
49,138,11.0,1.6180368e-07
49,138,12.0,2.3320105e-07
49,138,13.0,2.7113327e-07
49,138,14.0,1.8873212e-07
50,113,0.0,7.852164e-07
50,113,1.0,1.4162355e-06
50,113,2.0,1.2822921e-06
50,113,3.0,1.1565428e-06
50,113,4.0,9.502157e-07
50,113,5.0,7.343733e-07
50,113,6.0,5.9921973e-07
50,113,7.0,4.2801773e-07
50,113,8.0,2.955518e-07
50,113,9.0,3.7162368e-07
50,113,10.0,7.540574e-07
50,113,11.0,7.638016e-07
50,113,12.0,6.1527356e-07
50,113,13.0,5.6027034e-07
50,113,14.0,5.013081e-07
50,114,0.0,2.618705e-07
50,114,1.0,1.5573683e-07
50,114,2.0,2.2799152e-07
50,114,3.0,2.5333534e-07
50,114,4.0,4.5180772e-07
50,114,5.0,6.1507717e-07
50,114,6.0,7.0020343e-07
50,114,7.0,5.4546683e-07
50,114,8.0,3.5910142e-07
50,114,9.0,2.9044608e-07
50,114,10.0,4.16201e-07
50,114,11.0,2.536222e-07
50,114,12.0,9.591686e-07
50,114,13.0,1.4926161e-06
50,114,14.0,6.514109e-07
50,115,0.0,2.00342e-07
50,115,1.0,1.5608383e-07
50,115,2.0,2.1428315e-07
50,115,3.0,1.9476039e-07
50,115,4.0,2.3664317e-07
50,115,5.0,2.5650542e-07
50,115,6.0,1.8741973e-07
50,115,7.0,9.201888e-08
50,115,8.0,5.8433308e-08
50,115,9.0,6.2072225e-08
50,115,10.0,1.7014253e-07
50,115,11.0,4.092441e-07
50,115,12.0,4.926285e-07
50,115,13.0,6.675212e-07
50,115,14.0,2.2706134e-07
50,116,0.0,1.9505896e-07
50,116,1.0,1.7597227e-07
50,116,2.0,9.6737445e-08
50,116,3.0,1.4442888e-07
50,116,4.0,2.9935072e-07
50,116,5.0,1.9680525e-07
50,116,6.0,1.3608278e-07
50,116,7.0,5.3832895e-08
50,116,8.0,1.1055865e-08
50,116,9.0,1.6275672e-08
50,116,10.0,1.4163996e-08
50,116,11.0,2.6971256e-07
50,116,12.0,7.535603e-07
50,116,13.0,9.923795e-07
50,116,14.0,1.5026845e-07
50,117,0.0,1.4913616e-09
50,117,1.0,3.6956813e-11
50,117,2.0,3.7301813e-13
50,117,3.0,1.4633266e-12
50,117,4.0,5.368118e-11
50,117,5.0,1.938491e-11
50,117,6.0,3.4302953e-11
50,117,7.0,0.0
50,117,8.0,0.0
50,117,9.0,0.0
50,117,10.0,0.0
50,117,11.0,1.0171053e-07
50,117,12.0,3.1949824e-08
50,117,13.0,3.8496843e-08
50,117,14.0,1.9342434e-07
50,118,0.0,3.1247335e-10
50,118,1.0,0.0
50,118,2.0,2.715262e-09
50,118,3.0,2.0787874e-09
50,118,4.0,2.9920548e-09
50,118,5.0,1.0422793e-09
50,118,6.0,4.419152e-08
50,118,7.0,9.96915e-07
50,118,8.0,5.3986373e-06
50,118,9.0,1.224583e-05
50,118,10.0,9.152236e-06
50,118,11.0,4.3953147e-05
50,118,12.0,7.564009e-05
50,118,13.0,0.00010183899
50,118,14.0,0.00011221401
50,119,0.0,3.9187412e-10
50,119,1.0,3.5616367e-08
50,119,2.0,1.2263123e-07
50,119,3.0,2.098608e-06
50,119,4.0,1.3144623e-05
50,119,5.0,3.236677e-05
50,119,6.0,6.4926375e-05
50,119,7.0,0.00011746841
50,119,8.0,0.00015729293
50,119,9.0,0.00021671272
50,119,10.0,0.00027468178
50,119,11.0,0.00032216607
50,119,12.0,0.00042102713
50,119,13.0,0.0004670661
50,119,14.0,0.00060000736
50,120,0.0,2.1479175e-07
50,120,1.0,1.9351592e-05
50,120,2.0,8.5050626e-05
50,120,3.0,0.00015493536
50,120,4.0,0.00024859526
50,120,5.0,0.0003830267
50,120,6.0,0.00048428672
50,120,7.0,0.00043259654
50,120,8.0,0.0005423006
50,120,9.0,0.00091010734
50,120,10.0,0.0015817136
50,120,11.0,0.0022210858
50,120,12.0,0.002684411
50,120,13.0,0.003345468
50,120,14.0,0.0037557941
50,121,0.0,3.9240553e-05
50,121,1.0,0.00012863417
50,121,2.0,0.00035780438
50,121,3.0,0.00048733642
50,121,4.0,0.00074071705
50,121,5.0,0.0011741043
50,121,6.0,0.0018671658
50,121,7.0,0.0023440174
50,121,8.0,0.0026327912
50,121,9.0,0.0040016593
50,121,10.0,0.0065022735
50,121,11.0,0.007314932
50,121,12.0,0.009454009
50,121,13.0,0.010672121
50,121,14.0,0.010917737
50,122,0.0,0.00017587222
50,122,1.0,0.000570148
50,122,2.0,0.001073118
50,122,3.0,0.0016681815
50,122,4.0,0.002744627
50,122,5.0,0.0046600755
50,122,6.0,0.007016866
50,122,7.0,0.007805766
50,122,8.0,0.009061712
50,122,9.0,0.012259331
50,122,10.0,0.0154411495
50,122,11.0,0.02162493
50,122,12.0,0.026062723
50,122,13.0,0.028226737
50,122,14.0,0.029141795
50,123,0.0,0.00024956503
50,123,1.0,0.0005779277
50,123,2.0,0.0017988683
50,123,3.0,0.0031489728
50,123,4.0,0.005818189
50,123,5.0,0.010148057
50,123,6.0,0.013520906
50,123,7.0,0.014317475
50,123,8.0,0.014632199
50,123,9.0,0.019080808
50,123,10.0,0.02607413
50,123,11.0,0.03434539
50,123,12.0,0.0393827
50,123,13.0,0.042267673
50,123,14.0,0.04053764
50,124,0.0,0.0004400685
50,124,1.0,0.0017629554
50,124,2.0,0.004148741
50,124,3.0,0.007464959
50,124,4.0,0.011952065
50,124,5.0,0.017800039
50,124,6.0,0.021494081
50,124,7.0,0.022297071
50,124,8.0,0.02320598
50,124,9.0,0.027217612
50,124,10.0,0.037804596
50,124,11.0,0.051327277
50,124,12.0,0.060409643
50,124,13.0,0.06014901
50,124,14.0,0.05676473
50,125,0.0,0.0011571846
50,125,1.0,0.002422523
50,125,2.0,0.0048021977
50,125,3.0,0.008108953
50,125,4.0,0.013198486
50,125,5.0,0.020551665
50,125,6.0,0.026227864
50,125,7.0,0.026139135
50,125,8.0,0.026675101
50,125,9.0,0.032940652
50,125,10.0,0.04803419
50,125,11.0,0.05861525
50,125,12.0,0.06714419
50,125,13.0,0.06476129
50,125,14.0,0.052177884
50,126,0.0,0.0033409118
50,126,1.0,0.0058565205
50,126,2.0,0.011040386
50,126,3.0,0.015464849
50,126,4.0,0.022325734
50,126,5.0,0.029299852
50,126,6.0,0.034973938
50,126,7.0,0.033963334
50,126,8.0,0.035807632
50,126,9.0,0.04152902
50,126,10.0,0.051873222
50,126,11.0,0.06198936
50,126,12.0,0.07598324
50,126,13.0,0.081186034
50,126,14.0,0.07311645
50,127,0.0,0.013505899
50,127,1.0,0.023786884
50,127,2.0,0.033707324
50,127,3.0,0.039386578
50,127,4.0,0.048027255
50,127,5.0,0.057826433
50,127,6.0,0.063407555
50,127,7.0,0.06368934
50,127,8.0,0.060992718
50,127,9.0,0.06156497
50,127,10.0,0.07458918
50,127,11.0,0.08957711
50,127,12.0,0.09645173
50,127,13.0,0.09828506
50,127,14.0,0.086951494
50,128,0.0,0.041357163
50,128,1.0,0.06050374
50,128,2.0,0.08594396
50,128,3.0,0.10961175
50,128,4.0,0.12845245
50,128,5.0,0.13618387
50,128,6.0,0.13524243
50,128,7.0,0.12740289
50,128,8.0,0.115541495
50,128,9.0,0.12709892
50,128,10.0,0.131256
50,128,11.0,0.13970633
50,128,12.0,0.14273909
50,128,13.0,0.14177726
50,128,14.0,0.12939353
50,129,0.0,0.10312861
50,129,1.0,0.13673523
50,129,2.0,0.16306451
50,129,3.0,0.18015258
50,129,4.0,0.19398189
50,129,5.0,0.1935396
50,129,6.0,0.17924081
50,129,7.0,0.16794395
50,129,8.0,0.16880979
50,129,9.0,0.16314185
50,129,10.0,0.17100011
50,129,11.0,0.17425051
50,129,12.0,0.17117713
50,129,13.0,0.15878846
50,129,14.0,0.14448555
50,130,0.0,0.20326804
50,130,1.0,0.24823058
50,130,2.0,0.25070804
50,130,3.0,0.2466682
50,130,4.0,0.231866
50,130,5.0,0.21088478
50,130,6.0,0.19744182
50,130,7.0,0.19172733
50,130,8.0,0.18930313
50,130,9.0,0.19028844
50,130,10.0,0.19344695
50,130,11.0,0.18269399
50,130,12.0,0.16025811
50,130,13.0,0.14870407
50,130,14.0,0.13685256
50,131,0.0,0.2268938
50,131,1.0,0.23191993
50,131,2.0,0.21938346
50,131,3.0,0.20598781
50,131,4.0,0.17842537
50,131,5.0,0.15274203
50,131,6.0,0.13666576
50,131,7.0,0.12493554
50,131,8.0,0.12637159
50,131,9.0,0.12436071
50,131,10.0,0.11889532
50,131,11.0,0.10628368
50,131,12.0,0.0959377
50,131,13.0,0.085239574
50,131,14.0,0.08021231
50,132,0.0,0.14725864
50,132,1.0,0.14925659
50,132,2.0,0.13044076
50,132,3.0,0.107425675
50,132,4.0,0.090495676
50,132,5.0,0.07531308
50,132,6.0,0.061470494
50,132,7.0,0.06379511
50,132,8.0,0.06138277
50,132,9.0,0.05775136
50,132,10.0,0.053097207
50,132,11.0,0.050069876
50,132,12.0,0.03960627
50,132,13.0,0.033847477
50,132,14.0,0.029387072
50,133,0.0,0.03671264
50,133,1.0,0.03290332
50,133,2.0,0.025147399
50,133,3.0,0.020529384
50,133,4.0,0.0153403655
50,133,5.0,0.011663189
50,133,6.0,0.010129134
50,133,7.0,0.01003479
50,133,8.0,0.009240776
50,133,9.0,0.008477263
50,133,10.0,0.007849623
50,133,11.0,0.006125884
50,133,12.0,0.005080864
50,133,13.0,0.00422354
50,133,14.0,0.003937989
50,134,0.0,0.006810319
50,134,1.0,0.006334473
50,134,2.0,0.0046225153
50,134,3.0,0.0032391206
50,134,4.0,0.0021359122
50,134,5.0,0.0014047424
50,134,6.0,0.00097501645
50,134,7.0,0.0010849755
50,134,8.0,0.0012492896
50,134,9.0,0.0013386188
50,134,10.0,0.0010926443
50,134,11.0,0.00067495555
50,134,12.0,0.000507844
50,134,13.0,0.0005687431
50,134,14.0,0.00057617563
50,135,0.0,0.0012353354
50,135,1.0,0.00095348177
50,135,2.0,0.00055720046
50,135,3.0,0.00043040304
50,135,4.0,0.00030481495
50,135,5.0,0.0002002105
50,135,6.0,0.00016127713
50,135,7.0,0.0002130633
50,135,8.0,0.00015524135
50,135,9.0,0.00013179463
50,135,10.0,0.00010907318
50,135,11.0,3.303983e-05
50,135,12.0,1.746021e-05
50,135,13.0,1.0622762e-05
50,135,14.0,7.3003594e-06
50,136,0.0,6.0316113e-05
50,136,1.0,1.1355422e-05
50,136,2.0,2.2883214e-06
50,136,3.0,1.1034175e-06
50,136,4.0,8.019323e-07
50,136,5.0,2.853332e-07
50,136,6.0,7.335057e-09
50,136,7.0,7.62186e-08
50,136,8.0,4.1797366e-09
50,136,9.0,3.1811032e-12
50,136,10.0,1.6488527e-10
50,136,11.0,0.0
50,136,12.0,0.0
50,136,13.0,0.0
50,136,14.0,3.3946481e-09
50,137,0.0,3.7971833e-07
50,137,1.0,1.7129291e-07
50,137,2.0,4.2053873e-07
50,137,3.0,1.9428348e-06
50,137,4.0,1.6312828e-06
50,137,5.0,2.8475964e-07
50,137,6.0,3.0125156e-07
50,137,7.0,1.2437679e-06
50,137,8.0,1.408241e-06
50,137,9.0,1.0485259e-06
50,137,10.0,5.0981976e-07
50,137,11.0,3.7089217e-07
50,137,12.0,1.8464979e-07
50,137,13.0,6.949475e-08
50,137,14.0,7.904426e-08
50,138,0.0,5.7316987e-07
50,138,1.0,4.3014018e-07
50,138,2.0,3.7879413e-08
50,138,3.0,4.764873e-08
50,138,4.0,2.6055197e-08
50,138,5.0,2.8567255e-09
50,138,6.0,1.2088064e-07
50,138,7.0,5.190408e-07
50,138,8.0,3.528231e-07
50,138,9.0,1.8184663e-07
50,138,10.0,1.4783501e-07
50,138,11.0,1.2432892e-07
50,138,12.0,3.453435e-07
50,138,13.0,9.2428337e-07
50,138,14.0,1.74672e-06
50,139,0.0,5.7015832e-08
50,139,1.0,2.4513795e-07
50,139,2.0,2.8331496e-07
50,139,3.0,6.871491e-07
50,139,4.0,1.3649866e-06
50,139,5.0,1.0795347e-06
50,139,6.0,6.484911e-07
50,139,7.0,1.9032606e-07
50,139,8.0,1.7222425e-07
50,139,9.0,1.1357012e-07
50,139,10.0,4.2316117e-07
50,139,11.0,4.3914605e-07
50,139,12.0,5.012587e-07
50,139,13.0,4.123099e-07
50,139,14.0,3.2734826e-07
50,140,0.0,6.648155e-08
50,140,1.0,1.4432646e-07
50,140,2.0,4.2898006e-07
50,140,3.0,7.8707643e-07
50,140,4.0,1.0448279e-06
50,140,5.0,3.3446474e-07
50,140,6.0,3.181637e-07
50,140,7.0,5.372966e-07
50,140,8.0,5.205293e-07
50,140,9.0,3.910204e-07
50,140,10.0,4.7639645e-07
50,140,11.0,5.265897e-07
50,140,12.0,5.0434693e-07
50,140,13.0,3.1932308e-07
50,140,14.0,2.3695156e-07
51,116,0.0,4.0622615e-07
51,116,1.0,3.8565366e-07
51,116,2.0,6.45712e-08
51,116,3.0,1.07219336e-07
51,116,4.0,7.9574974e-08
51,116,5.0,1.0915425e-07
51,116,6.0,1.7073852e-07
51,116,7.0,1.9431317e-07
51,116,8.0,1.6636646e-07
51,116,9.0,1.3558682e-07
51,116,10.0,8.3416595e-08
51,116,11.0,9.544016e-08
51,116,12.0,1.4775144e-07
51,116,13.0,2.9798153e-07
51,116,14.0,3.992374e-08
51,117,0.0,2.7953374e-07
51,117,1.0,5.2772083e-07
51,117,2.0,3.3879127e-07
51,117,3.0,4.5747018e-07
51,117,4.0,6.3283454e-07
51,117,5.0,5.685995e-07
51,117,6.0,4.4288964e-07
51,117,7.0,2.946432e-07
51,117,8.0,1.875873e-07
51,117,9.0,1.5355776e-07
51,117,10.0,2.357606e-07
51,117,11.0,3.1394327e-07
51,117,12.0,1.2890311e-07
51,117,13.0,5.5175327e-08
51,117,14.0,2.936966e-08
51,118,0.0,1.657541e-08
51,118,1.0,9.309362e-08
51,118,2.0,2.1541805e-07
51,118,3.0,1.3649034e-07
51,118,4.0,8.57024e-08
51,118,5.0,7.2764394e-08
51,118,6.0,5.0192885e-08
51,118,7.0,2.6499281e-08
51,118,8.0,1.27952955e-08
51,118,9.0,1.0163074e-08
51,118,10.0,4.7405834e-08
51,118,11.0,1.2047432e-08
51,118,12.0,3.5577295e-07
51,118,13.0,6.746907e-07
51,118,14.0,2.0467884e-07
51,119,0.0,1.419158e-09
51,119,1.0,6.5165415e-09
51,119,2.0,1.0297797e-08
51,119,3.0,3.5711963e-08
51,119,4.0,7.757495e-08
51,119,5.0,1.0853989e-07
51,119,6.0,1.073013e-07
51,119,7.0,5.290243e-08
51,119,8.0,1.3527289e-08
51,119,9.0,5.228804e-09
51,119,10.0,1.7217367e-08
51,119,11.0,3.1185203e-07
51,119,12.0,1.5677364e-06
51,119,13.0,1.2681555e-06
51,119,14.0,1.6862369e-07
51,120,0.0,0.0
51,120,1.0,0.0
51,120,2.0,0.0
51,120,3.0,0.0
51,120,4.0,3.6517176e-13
51,120,5.0,4.089237e-14
51,120,6.0,0.0
51,120,7.0,4.6820275e-10
51,120,8.0,5.607428e-08
51,120,9.0,3.8209078e-07
51,120,10.0,5.709506e-07
51,120,11.0,4.8068443e-07
51,120,12.0,1.744596e-06
51,120,13.0,2.5183574e-06
51,120,14.0,1.3154424e-06
51,121,0.0,0.0
51,121,1.0,3.2656207e-14
51,121,2.0,7.169015e-10
51,121,3.0,4.784975e-10
51,121,4.0,8.110962e-10
51,121,5.0,1.6609609e-13
51,121,6.0,1.01855226e-11
51,121,7.0,8.58452e-08
51,121,8.0,2.4907351e-06
51,121,9.0,8.159646e-06
51,121,10.0,4.3180044e-05
51,121,11.0,6.200659e-05
51,121,12.0,0.00010868171
51,121,13.0,0.0001391826
51,121,14.0,0.00013363596
51,122,0.0,0.0
51,122,1.0,1.5028808e-08
51,122,2.0,2.3902635e-06
51,122,3.0,2.0797233e-05
51,122,4.0,5.903328e-05
51,122,5.0,0.00010025646
51,122,6.0,0.00016934927
51,122,7.0,0.0002326489
51,122,8.0,0.0002857323
51,122,9.0,0.0003974811
51,122,10.0,0.00043663138
51,122,11.0,0.0005098476
51,122,12.0,0.00076351204
51,122,13.0,0.0010047529
51,122,14.0,0.0012685203
51,123,0.0,1.1151117e-05
51,123,1.0,5.440437e-05
51,123,2.0,9.03321e-05
51,123,3.0,0.00017677303
51,123,4.0,0.0003106231
51,123,5.0,0.00050827605
51,123,6.0,0.0007211334
51,123,7.0,0.0008973746
51,123,8.0,0.0011674992
51,123,9.0,0.0017071404
51,123,10.0,0.0021428624
51,123,11.0,0.0035105923
51,123,12.0,0.004103321
51,123,13.0,0.0042721196
51,123,14.0,0.0044287755
51,124,0.0,4.9888444e-05
51,124,1.0,0.00012969431
51,124,2.0,0.00026707098
51,124,3.0,0.0004652536
51,124,4.0,0.0009262411
51,124,5.0,0.0017770795
51,124,6.0,0.0026439417
51,124,7.0,0.0030067256
51,124,8.0,0.003515605
51,124,9.0,0.0049641235
51,124,10.0,0.0069845873
51,124,11.0,0.010435907
51,124,12.0,0.012268715
51,124,13.0,0.011818117
51,124,14.0,0.012667888
51,125,0.0,0.00012947062
51,125,1.0,0.00032348186
51,125,2.0,0.00096090994
51,125,3.0,0.0018324694
51,125,4.0,0.0031993098
51,125,5.0,0.005255135
51,125,6.0,0.0071222624
51,125,7.0,0.007843102
51,125,8.0,0.007539018
51,125,9.0,0.010524312
51,125,10.0,0.016060714
51,125,11.0,0.021734094
51,125,12.0,0.02591238
51,125,13.0,0.02590683
51,125,14.0,0.025733203
51,126,0.0,0.00044006002
51,126,1.0,0.0010530828
51,126,2.0,0.0021919464
51,126,3.0,0.004125066
51,126,4.0,0.0060525537
51,126,5.0,0.008893051
51,126,6.0,0.011118581
51,126,7.0,0.01311711
51,126,8.0,0.01432784
51,126,9.0,0.018513512
51,126,10.0,0.025102923
51,126,11.0,0.032599814
51,126,12.0,0.0377109
51,126,13.0,0.040575046
51,126,14.0,0.038571842
51,127,0.0,0.0020087643
51,127,1.0,0.003121838
51,127,2.0,0.0057806806
51,127,3.0,0.009257241
51,127,4.0,0.013645306
51,127,5.0,0.018155906
51,127,6.0,0.021740356
51,127,7.0,0.023946233
51,127,8.0,0.023353046
51,127,9.0,0.028361132
51,127,10.0,0.037396565
51,127,11.0,0.046234556
51,127,12.0,0.051433414
51,127,13.0,0.052170128
51,127,14.0,0.04625762
51,128,0.0,0.005682355
51,128,1.0,0.008090233
51,128,2.0,0.0146058975
51,128,3.0,0.019680604
51,128,4.0,0.024124911
51,128,5.0,0.029638868
51,128,6.0,0.03585451
51,128,7.0,0.036888823
51,128,8.0,0.035106543
51,128,9.0,0.040690634
51,128,10.0,0.047723744
51,128,11.0,0.05728006
51,128,12.0,0.06692599
51,128,13.0,0.068872
51,128,14.0,0.0681321
51,129,0.0,0.015198128
51,129,1.0,0.024506295
51,129,2.0,0.034610905
51,129,3.0,0.04568473
51,129,4.0,0.058375735
51,129,5.0,0.07570875
51,129,6.0,0.08467486
51,129,7.0,0.08050162
51,129,8.0,0.081071034
51,129,9.0,0.08345447
51,129,10.0,0.093560666
51,129,11.0,0.11072522
51,129,12.0,0.1305156
51,129,13.0,0.1306556
51,129,14.0,0.12893112
51,130,0.0,0.07050596
51,130,1.0,0.0905835
51,130,2.0,0.13207014
51,130,3.0,0.17575888
51,130,4.0,0.20194454
51,130,5.0,0.20895952
51,130,6.0,0.2087792
51,130,7.0,0.2118183
51,130,8.0,0.19961983
51,130,9.0,0.21111175
51,130,10.0,0.23298301
51,130,11.0,0.2531126
51,130,12.0,0.25238335
51,130,13.0,0.23581544
51,130,14.0,0.22534966
51,131,0.0,0.20360994
51,131,1.0,0.2604358
51,131,2.0,0.30166352
51,131,3.0,0.33573648
51,131,4.0,0.3736581
51,131,5.0,0.38428304
51,131,6.0,0.3637957
51,131,7.0,0.35415214
51,131,8.0,0.33879983
51,131,9.0,0.37898916
51,131,10.0,0.38946477
51,131,11.0,0.38207173
51,131,12.0,0.36608922
51,131,13.0,0.3616817
51,131,14.0,0.3516795
51,132,0.0,0.38541
51,132,1.0,0.43462226
51,132,2.0,0.4728065
51,132,3.0,0.48563135
51,132,4.0,0.4675998
51,132,5.0,0.42205814
51,132,6.0,0.41202593
51,132,7.0,0.3883629
51,132,8.0,0.40498284
51,132,9.0,0.3816864
51,132,10.0,0.36840263
51,132,11.0,0.36849937
51,132,12.0,0.33404908
51,132,13.0,0.3276706
51,132,14.0,0.313359
51,133,0.0,0.47934687
51,133,1.0,0.4977143
51,133,2.0,0.49850425
51,133,3.0,0.45283112
51,133,4.0,0.39333683
51,133,5.0,0.34834695
51,133,6.0,0.3213706
51,133,7.0,0.30694675
51,133,8.0,0.3022787
51,133,9.0,0.2870018
51,133,10.0,0.26904476
51,133,11.0,0.2528336
51,133,12.0,0.22514738
51,133,13.0,0.2009344
51,133,14.0,0.1797064
51,134,0.0,0.22332677
51,134,1.0,0.21461847
51,134,2.0,0.18633953
51,134,3.0,0.1685535
51,134,4.0,0.13967995
51,134,5.0,0.11579392
51,134,6.0,0.100532815
51,134,7.0,0.10164649
51,134,8.0,0.09373462
51,134,9.0,0.089702174
51,134,10.0,0.08613307
51,134,11.0,0.074659236
51,134,12.0,0.059153963
51,134,13.0,0.056339975
51,134,14.0,0.053311184
51,135,0.0,0.07126334
51,135,1.0,0.06399254
51,135,2.0,0.05747856
51,135,3.0,0.044585254
51,135,4.0,0.036033545
51,135,5.0,0.02842303
51,135,6.0,0.024306063
51,135,7.0,0.025136484
51,135,8.0,0.021460326
51,135,9.0,0.020995857
51,135,10.0,0.018846693
51,135,11.0,0.015455456
51,135,12.0,0.011118969
51,135,13.0,0.009291821
51,135,14.0,0.008862869
51,136,0.0,0.014067158
51,136,1.0,0.011881543
51,136,2.0,0.0088040205
51,136,3.0,0.0073704
51,136,4.0,0.005883556
51,136,5.0,0.00460429
51,136,6.0,0.003570906
51,136,7.0,0.0039902558
51,136,8.0,0.0037831592
51,136,9.0,0.003092115
51,136,10.0,0.002683486
51,136,11.0,0.0020158929
51,136,12.0,0.0017959753
51,136,13.0,0.0013827486
51,136,14.0,0.0010261046
51,137,0.0,0.0018098536
51,137,1.0,0.0012317123
51,137,2.0,0.0011919321
51,137,3.0,0.00088055397
51,137,4.0,0.00055986847
51,137,5.0,0.00044395143
51,137,6.0,0.000450176
51,137,7.0,0.00040824802
51,137,8.0,0.00035790907
51,137,9.0,0.00028999607
51,137,10.0,0.00026932635
51,137,11.0,0.00015663152
51,137,12.0,0.00013150806
51,137,13.0,0.0001396193
51,137,14.0,0.00015742624
51,138,0.0,0.00011078587
51,138,1.0,8.092675e-05
51,138,2.0,7.674842e-05
51,138,3.0,7.3363706e-05
51,138,4.0,3.2633157e-05
51,138,5.0,7.786925e-06
51,138,6.0,1.8648921e-05
51,138,7.0,2.03809e-05
51,138,8.0,1.7103042e-05
51,138,9.0,1.4481776e-05
51,138,10.0,9.614246e-06
51,138,11.0,3.5926328e-06
51,138,12.0,9.4033527e-07
51,138,13.0,3.5704582e-07
51,138,14.0,1.1828124e-07
51,139,0.0,7.985578e-07
51,139,1.0,1.7089478e-07
51,139,2.0,2.2063077e-07
51,139,3.0,1.0381044e-06
51,139,4.0,1.1721736e-07
51,139,5.0,6.872031e-09
51,139,6.0,7.451545e-08
51,139,7.0,3.3070717e-07
51,139,8.0,2.4839133e-07
51,139,9.0,1.8989302e-07
51,139,10.0,1.2615507e-07
51,139,11.0,5.922337e-07
51,139,12.0,2.7345945e-07
51,139,13.0,2.912651e-08
51,139,14.0,9.2435265e-08
51,140,0.0,1.2923024e-07
51,140,1.0,9.2275985e-07
51,140,2.0,5.2919984e-07
51,140,3.0,2.3542407e-07
51,140,4.0,1.6654428e-07
51,140,5.0,3.2146847e-08
51,140,6.0,2.0546116e-07
51,140,7.0,5.5526317e-07
51,140,8.0,1.820409e-07
51,140,9.0,2.798411e-07
51,140,10.0,5.8323303e-07
51,140,11.0,4.1098284e-07
51,140,12.0,1.859188e-07
51,140,13.0,2.989764e-08
51,140,14.0,2.0307301e-07
51,141,0.0,3.0090987e-07
51,141,1.0,3.1570355e-07
51,141,2.0,4.6437847e-07
51,141,3.0,2.5426004e-07
51,141,4.0,1.678404e-07
51,141,5.0,2.0719224e-07
51,141,6.0,5.0027193e-08
51,141,7.0,1.5419126e-07
51,141,8.0,4.2197965e-07
51,141,9.0,3.083306e-07
51,141,10.0,9.75324e-08
51,141,11.0,3.5199125e-08
51,141,12.0,1.1722869e-07
51,141,13.0,1.6003659e-07
51,141,14.0,9.919495e-08
51,142,0.0,7.1862485e-07
51,142,1.0,4.5907854e-07
51,142,2.0,3.4823273e-07
51,142,3.0,5.465395e-07
51,142,4.0,7.623889e-07
51,142,5.0,2.1084783e-07
51,142,6.0,1.0165555e-07
51,142,7.0,2.5228567e-07
51,142,8.0,5.9969744e-07
51,142,9.0,6.907324e-07
51,142,10.0,6.3068416e-07
51,142,11.0,5.415867e-07
51,142,12.0,4.055169e-07
51,142,13.0,2.3559994e-07
51,142,14.0,6.119464e-08
51,143,0.0,5.6278907e-07
51,143,1.0,4.4485353e-07
51,143,2.0,6.853982e-07
51,143,3.0,5.5766526e-07
51,143,4.0,6.492978e-07
51,143,5.0,9.242159e-07
51,143,6.0,5.555348e-07
51,143,7.0,9.837086e-07
51,143,8.0,1.8371696e-06
51,143,9.0,1.399092e-06
51,143,10.0,8.84867e-07
51,143,11.0,2.2994931e-07
51,143,12.0,7.414945e-08
51,143,13.0,2.315923e-07
51,143,14.0,6.1830394e-07
52,119,0.0,7.5371275e-07
52,119,1.0,8.678565e-07
52,119,2.0,8.284079e-07
52,119,3.0,5.2451645e-07
52,119,4.0,2.1571739e-07
52,119,5.0,1.1962433e-07
52,119,6.0,1.2828302e-07
52,119,7.0,1.8378589e-07
52,119,8.0,2.5492344e-07
52,119,9.0,4.258137e-07
52,119,10.0,9.364392e-07
52,119,11.0,1.1125244e-06
52,119,12.0,7.2608003e-07
52,119,13.0,5.5803997e-07
52,119,14.0,4.0559928e-07
52,120,0.0,2.6599736e-07
52,120,1.0,2.5900778e-07
52,120,2.0,2.4768116e-07
52,120,3.0,2.2627374e-07
52,120,4.0,3.5963856e-07
52,120,5.0,6.0014713e-07
52,120,6.0,6.7913277e-07
52,120,7.0,5.238314e-07
52,120,8.0,3.5047162e-07
52,120,9.0,3.5850897e-07
52,120,10.0,5.004507e-07
52,120,11.0,3.1057817e-07
52,120,12.0,1.7728901e-07
52,120,13.0,1.6690525e-07
52,120,14.0,9.882234e-08
52,121,0.0,8.569766e-07
52,121,1.0,5.813861e-07
52,121,2.0,5.4477806e-07
52,121,3.0,5.2230575e-07
52,121,4.0,5.1302743e-07
52,121,5.0,6.782815e-07
52,121,6.0,7.2036534e-07
52,121,7.0,5.546233e-07
52,121,8.0,4.5526613e-07
52,121,9.0,3.9087877e-07
52,121,10.0,1.7527991e-07
52,121,11.0,8.1888777e-07
52,121,12.0,9.739631e-07
52,121,13.0,8.2511656e-07
52,121,14.0,4.1959066e-07
52,122,0.0,1.3532753e-09
52,122,1.0,8.398779e-11
52,122,2.0,8.0986484e-10
52,122,3.0,8.6263325e-09
52,122,4.0,1.45143595e-08
52,122,5.0,1.1489065e-08
52,122,6.0,2.2673552e-09
52,122,7.0,7.007062e-10
52,122,8.0,1.0130895e-08
52,122,9.0,6.041923e-10
52,122,10.0,2.616379e-09
52,122,11.0,5.2104294e-09
52,122,12.0,5.191739e-09
52,122,13.0,9.486357e-13
52,122,14.0,2.5095023e-08
52,123,0.0,6.362939e-10
52,123,1.0,2.2634017e-09
52,123,2.0,1.5567214e-09
52,123,3.0,4.1468664e-09
52,123,4.0,3.8837347e-09
52,123,5.0,2.3489328e-08
52,123,6.0,1.05371205e-08
52,123,7.0,3.448864e-08
52,123,8.0,2.5318866e-07
52,123,9.0,4.2666284e-07
52,123,10.0,5.12429e-07
52,123,11.0,1.2684367e-08
52,123,12.0,6.956295e-07
52,123,13.0,1.2038937e-05
52,123,14.0,2.2670967e-05
52,124,0.0,2.6716287e-09
52,124,1.0,3.4516353e-07
52,124,2.0,7.1945493e-07
52,124,3.0,1.4431115e-06
52,124,4.0,2.1478593e-06
52,124,5.0,4.807749e-06
52,124,6.0,1.4863886e-05
52,124,7.0,4.405465e-05
52,124,8.0,8.567625e-05
52,124,9.0,0.00018994628
52,124,10.0,0.0002564264
52,124,11.0,0.00026255913
52,124,12.0,0.000348587
52,124,13.0,0.00032489048
52,124,14.0,0.00047455775
52,125,0.0,4.907386e-08
52,125,1.0,7.2999323e-06
52,125,2.0,3.3685603e-05
52,125,3.0,6.5939865e-05
52,125,4.0,8.8967965e-05
52,125,5.0,0.0001176464
52,125,6.0,0.00020024492
52,125,7.0,0.00031382559
52,125,8.0,0.00036134705
52,125,9.0,0.00039810632
52,125,10.0,0.00054878823
52,125,11.0,0.0011969187
52,125,12.0,0.0017190288
52,125,13.0,0.0017897293
52,125,14.0,0.0021067553
52,126,0.0,3.262469e-05
52,126,1.0,9.701111e-05
52,126,2.0,0.000117124044
52,126,3.0,0.00023070058
52,126,4.0,0.00038974817
52,126,5.0,0.00064272986
52,126,6.0,0.0010197201
52,126,7.0,0.0012482158
52,126,8.0,0.0014672682
52,126,9.0,0.0023019381
52,126,10.0,0.0035377208
52,126,11.0,0.0056738774
52,126,12.0,0.006844193
52,126,13.0,0.006591721
52,126,14.0,0.007218302
52,127,0.0,9.217172e-05
52,127,1.0,0.00022985255
52,127,2.0,0.0004621972
52,127,3.0,0.0009943481
52,127,4.0,0.0015289991
52,127,5.0,0.0022136953
52,127,6.0,0.0031849025
52,127,7.0,0.0034130078
52,127,8.0,0.003390453
52,127,9.0,0.0052244356
52,127,10.0,0.008541872
52,127,11.0,0.012241882
52,127,12.0,0.015305731
52,127,13.0,0.015968474
52,127,14.0,0.01680315
52,128,0.0,0.0002243832
52,128,1.0,0.00060899055
52,128,2.0,0.0011825004
52,128,3.0,0.0020850888
52,128,4.0,0.002838512
52,128,5.0,0.00379873
52,128,6.0,0.005672852
52,128,7.0,0.0067976755
52,128,8.0,0.0088512255
52,128,9.0,0.013344671
52,128,10.0,0.018490218
52,128,11.0,0.02529246
52,128,12.0,0.028552802
52,128,13.0,0.027315272
52,128,14.0,0.028799405
52,129,0.0,0.0008153033
52,129,1.0,0.0017199055
52,129,2.0,0.0024883503
52,129,3.0,0.003941305
52,129,4.0,0.005288629
52,129,5.0,0.007948166
52,129,6.0,0.011554304
52,129,7.0,0.012559195
52,129,8.0,0.01467297
52,129,9.0,0.01853069
52,129,10.0,0.024906844
52,129,11.0,0.03327421
52,129,12.0,0.03667788
52,129,13.0,0.03597815
52,129,14.0,0.0368876
52,130,0.0,0.004549081
52,130,1.0,0.0073915063
52,130,2.0,0.011793546
52,130,3.0,0.015854957
52,130,4.0,0.020673797
52,130,5.0,0.027963627
52,130,6.0,0.03390597
52,130,7.0,0.038514525
52,130,8.0,0.03828954
52,130,9.0,0.04624019
52,130,10.0,0.055492945
52,130,11.0,0.06659457
52,130,12.0,0.07214124
52,130,13.0,0.07217655
52,130,14.0,0.07207024
52,131,0.0,0.029196577
52,131,1.0,0.037675392
52,131,2.0,0.052966274
52,131,3.0,0.0665731
52,131,4.0,0.0763314
52,131,5.0,0.0839375
52,131,6.0,0.090128034
52,131,7.0,0.09878609
52,131,8.0,0.09755729
52,131,9.0,0.108414635
52,131,10.0,0.13606142
52,131,11.0,0.15192598
52,131,12.0,0.1527013
52,131,13.0,0.15229322
52,131,14.0,0.15383554
52,132,0.0,0.13246971
52,132,1.0,0.17045496
52,132,2.0,0.20678781
52,132,3.0,0.23304057
52,132,4.0,0.25283384
52,132,5.0,0.26680425
52,132,6.0,0.29163286
52,132,7.0,0.30829298
52,132,8.0,0.31437618
52,132,9.0,0.3144274
52,132,10.0,0.3395592
52,132,11.0,0.3472763
52,132,12.0,0.36123434
52,132,13.0,0.3567737
52,132,14.0,0.36988232
52,133,0.0,0.41245157
52,133,1.0,0.46203664
52,133,2.0,0.4908515
52,133,3.0,0.49616152
52,133,4.0,0.49910766
52,133,5.0,0.51156074
52,133,6.0,0.53508073
52,133,7.0,0.5031918
52,133,8.0,0.53713256
52,133,9.0,0.55106205
52,133,10.0,0.55381966
52,133,11.0,0.5565255
52,133,12.0,0.5496824
52,133,13.0,0.56984353
52,133,14.0,0.56653535
52,134,0.0,0.8091204
52,134,1.0,0.8632993
52,134,2.0,0.84346634
52,134,3.0,0.78859025
52,134,4.0,0.75678176
52,134,5.0,0.7348211
52,134,6.0,0.7129681
52,134,7.0,0.6752244
52,134,8.0,0.71879673
52,134,9.0,0.71341735
52,134,10.0,0.68723977
52,134,11.0,0.6193578
52,134,12.0,0.59703714
52,134,13.0,0.5723656
52,134,14.0,0.55352676
52,135,0.0,0.6987765
52,135,1.0,0.65945214
52,135,2.0,0.5717969
52,135,3.0,0.48216516
52,135,4.0,0.41923228
52,135,5.0,0.3789006
52,135,6.0,0.34594598
52,135,7.0,0.35530776
52,135,8.0,0.36289883
52,135,9.0,0.3432442
52,135,10.0,0.3205216
52,135,11.0,0.28001648
52,135,12.0,0.2516659
52,135,13.0,0.23535396
52,135,14.0,0.215743
52,136,0.0,0.388451
52,136,1.0,0.3438749
52,136,2.0,0.27916312
52,136,3.0,0.24230325
52,136,4.0,0.21018244
52,136,5.0,0.18115559
52,136,6.0,0.1460155
52,136,7.0,0.15027069
52,136,8.0,0.14278576
52,136,9.0,0.13150308
52,136,10.0,0.117042676
52,136,11.0,0.102503635
52,136,12.0,0.09102273
52,136,13.0,0.08346187
52,136,14.0,0.07847031
52,137,0.0,0.14503916
52,137,1.0,0.12168187
52,137,2.0,0.08529853
52,137,3.0,0.06439036
52,137,4.0,0.05078452
52,137,5.0,0.038853195
52,137,6.0,0.030973835
52,137,7.0,0.03328308
52,137,8.0,0.032184456
52,137,9.0,0.031792693
52,137,10.0,0.029364217
52,137,11.0,0.022482349
52,137,12.0,0.019616198
52,137,13.0,0.016665824
52,137,14.0,0.016745917
52,138,0.0,0.039819025
52,138,1.0,0.032814503
52,138,2.0,0.022033002
52,138,3.0,0.014731134
52,138,4.0,0.011065296
52,138,5.0,0.010205174
52,138,6.0,0.0068181534
52,138,7.0,0.008125671
52,138,8.0,0.008180272
52,138,9.0,0.0068410058
52,138,10.0,0.005272285
52,138,11.0,0.004428137
52,138,12.0,0.0035321345
52,138,13.0,0.0028838362
52,138,14.0,0.0031072397
52,139,0.0,0.007880077
52,139,1.0,0.0054788436
52,139,2.0,0.0028829826
52,139,3.0,0.0014276111
52,139,4.0,0.0011607957
52,139,5.0,0.0009543582
52,139,6.0,0.000977257
52,139,7.0,0.00096678996
52,139,8.0,0.00080960477
52,139,9.0,0.0007068069
52,139,10.0,0.00050393684
52,139,11.0,0.00039712418
52,139,12.0,0.00030426876
52,139,13.0,0.00018689308
52,139,14.0,0.00021312636
52,140,0.0,0.0012348645
52,140,1.0,0.0006341101
52,140,2.0,0.000217221
52,140,3.0,8.685529e-05
52,140,4.0,0.00017853118
52,140,5.0,9.411041e-05
52,140,6.0,0.000100257654
52,140,7.0,0.0001817947
52,140,8.0,0.00019194763
52,140,9.0,0.00010593439
52,140,10.0,8.143963e-05
52,140,11.0,6.612796e-05
52,140,12.0,4.971738e-05
52,140,13.0,3.9244867e-05
52,140,14.0,3.5377514e-05
52,141,0.0,9.424067e-05
52,141,1.0,5.4403197e-05
52,141,2.0,1.5005476e-05
52,141,3.0,2.7222086e-06
52,141,4.0,5.141115e-07
52,141,5.0,6.878418e-08
52,141,6.0,5.1490383e-07
52,141,7.0,6.3724593e-07
52,141,8.0,7.448373e-08
52,141,9.0,3.05691e-13
52,141,10.0,0.0
52,141,11.0,0.0
52,141,12.0,0.0
52,141,13.0,1.2284815e-14
52,141,14.0,0.0
52,142,0.0,7.730269e-08
52,142,1.0,2.764467e-07
52,142,2.0,2.802576e-07
52,142,3.0,1.0932227e-08
52,142,4.0,2.212542e-08
52,142,5.0,3.563337e-08
52,142,6.0,3.3310565e-07
52,142,7.0,1.3247276e-06
52,142,8.0,5.5975545e-07
52,142,9.0,5.7223923e-07
52,142,10.0,4.1346328e-07
52,142,11.0,3.0390294e-07
52,142,12.0,4.3042456e-07
52,142,13.0,5.6204726e-07
52,142,14.0,8.4361807e-07
52,143,0.0,1.6093125e-07
52,143,1.0,3.6689696e-07
52,143,2.0,2.5636007e-07
52,143,3.0,1.828839e-07
52,143,4.0,4.7735915e-07
52,143,5.0,7.156079e-07
52,143,6.0,3.07332e-07
52,143,7.0,3.430701e-07
52,143,8.0,3.348147e-07
52,143,9.0,2.7460882e-07
52,143,10.0,1.5600054e-07
52,143,11.0,2.6604912e-08
52,143,12.0,7.1536523e-09
52,143,13.0,6.701321e-08
52,143,14.0,2.8488898e-07
52,144,0.0,4.6972846e-07
52,144,1.0,1.2330601e-07
52,144,2.0,1.0180562e-07
52,144,3.0,1.6335085e-07
52,144,4.0,4.0490015e-08
52,144,5.0,1.9655667e-08
52,144,6.0,1.5385988e-08
52,144,7.0,3.4916916e-08
52,144,8.0,1.0671731e-07
52,144,9.0,1.9607889e-07
52,144,10.0,1.9551854e-07
52,144,11.0,9.479514e-08
52,144,12.0,3.7261447e-08
52,144,13.0,4.511391e-08
52,144,14.0,1.03042325e-07
52,145,0.0,1.08070175e-07
52,145,1.0,1.2982686e-07
52,145,2.0,1.2572471e-07
52,145,3.0,2.694275e-08
52,145,4.0,2.4726285e-08
52,145,5.0,7.591883e-08
52,145,6.0,3.1146183e-08
52,145,7.0,1.6229684e-08
52,145,8.0,4.592226e-08
52,145,9.0,1.02232285e-07
52,145,10.0,1.1764311e-07
52,145,11.0,1.205965e-07
52,145,12.0,1.0768416e-07
52,145,13.0,1.0862618e-07
52,145,14.0,8.8631005e-08
53,122,0.0,2.6161803e-07
53,122,1.0,4.088257e-07
53,122,2.0,8.2197494e-07
53,122,3.0,7.1736343e-07
53,122,4.0,3.8036976e-07
53,122,5.0,2.564701e-07
53,122,6.0,2.497696e-07
53,122,7.0,2.5398614e-07
53,122,8.0,2.8929787e-07
53,122,9.0,4.8234926e-07
53,122,10.0,8.464289e-07
53,122,11.0,5.600043e-07
53,122,12.0,4.995967e-07
53,122,13.0,5.826873e-07
53,122,14.0,5.6819476e-07
53,123,0.0,1.3794963e-07
53,123,1.0,5.9501485e-08
53,123,2.0,4.6816883e-08
53,123,3.0,9.497108e-08
53,123,4.0,1.8436431e-07
53,123,5.0,3.7585096e-07
53,123,6.0,4.5650216e-07
53,123,7.0,3.29571e-07
53,123,8.0,2.115525e-07
53,123,9.0,1.291482e-07
53,123,10.0,3.802529e-07
53,123,11.0,4.4073238e-07
53,123,12.0,6.891343e-07
53,123,13.0,6.35857e-07
53,123,14.0,2.6881918e-07
53,124,0.0,6.236056e-08
53,124,1.0,5.506126e-08
53,124,2.0,1.2642819e-07
53,124,3.0,1.4458615e-07
53,124,4.0,1.129798e-07
53,124,5.0,1.4685779e-07
53,124,6.0,1.7247432e-07
53,124,7.0,1.3443402e-07
53,124,8.0,1.0981867e-07
53,124,9.0,9.171191e-08
53,124,10.0,1.9633005e-07
53,124,11.0,1.2084629e-06
53,124,12.0,1.3622323e-06
53,124,13.0,1.1874757e-06
53,124,14.0,5.0466286e-07
53,125,0.0,6.764631e-10
53,125,1.0,8.9618263e-10
53,125,2.0,1.7882208e-10
53,125,3.0,1.6280427e-11
53,125,4.0,2.2753317e-10
53,125,5.0,4.378454e-10
53,125,6.0,0.0
53,125,7.0,1.0078574e-09
53,125,8.0,3.114204e-10
53,125,9.0,2.1597558e-08
53,125,10.0,2.5325177e-08
53,125,11.0,3.3320532e-08
53,125,12.0,1.2384501e-07
53,125,13.0,7.694959e-08
53,125,14.0,2.9796936e-07
53,126,0.0,0.0
53,126,1.0,6.66033e-11
53,126,2.0,1.13498475e-10
53,126,3.0,0.0
53,126,4.0,1.4201229e-09
53,126,5.0,2.806887e-09
53,126,6.0,2.6733569e-09
53,126,7.0,1.7694013e-08
53,126,8.0,1.945306e-07
53,126,9.0,1.9048533e-06
53,126,10.0,1.3477642e-06
53,126,11.0,9.97808e-06
53,126,12.0,3.641651e-05
53,126,13.0,6.881492e-05
53,126,14.0,0.0001040139
53,127,0.0,0.0
53,127,1.0,0.0
53,127,2.0,0.0
53,127,3.0,1.6848779e-09
53,127,4.0,1.6198588e-06
53,127,5.0,1.2887619e-05
53,127,6.0,2.7200114e-05
53,127,7.0,4.3647255e-05
53,127,8.0,7.7988436e-05
53,127,9.0,5.638558e-05
53,127,10.0,0.00011535695
53,127,11.0,0.00021051923
53,127,12.0,0.0003754894
53,127,13.0,0.00039768787
53,127,14.0,0.00050325535
53,128,0.0,2.9598187e-08
53,128,1.0,1.3741546e-06
53,128,2.0,7.4257305e-06
53,128,3.0,4.23194e-05
53,128,4.0,7.205656e-05
53,128,5.0,0.000105907755
53,128,6.0,0.00016495613
53,128,7.0,0.00019725498
53,128,8.0,0.00027823448
53,128,9.0,0.0003940764
53,128,10.0,0.0006905244
53,128,11.0,0.0012778792
53,128,12.0,0.0020060996
53,128,13.0,0.0021073513
53,128,14.0,0.0025348614
53,129,0.0,2.0263774e-07
53,129,1.0,5.0787494e-05
53,129,2.0,0.00013073088
53,129,3.0,0.00022161654
53,129,4.0,0.0003379249
53,129,5.0,0.0005654184
53,129,6.0,0.0007658404
53,129,7.0,0.0009875492
53,129,8.0,0.0013040126
53,129,9.0,0.0023793348
53,129,10.0,0.0030298152
53,129,11.0,0.004924288
53,129,12.0,0.006084507
53,129,13.0,0.0076766317
53,129,14.0,0.008177685
53,130,0.0,1.9254889e-05
53,130,1.0,5.400588e-05
53,130,2.0,0.00016753707
53,130,3.0,0.00044099306
53,130,4.0,0.00080832874
53,130,5.0,0.0014819169
53,130,6.0,0.0021580327
53,130,7.0,0.00256987
53,130,8.0,0.003384694
53,130,9.0,0.0050263717
53,130,10.0,0.008029353
53,130,11.0,0.011705233
53,130,12.0,0.012893691
53,130,13.0,0.013551064
53,130,14.0,0.013809276
53,131,0.0,0.0001457165
53,131,1.0,0.00034122058
53,131,2.0,0.0007670985
53,131,3.0,0.0014399705
53,131,4.0,0.0023627349
53,131,5.0,0.0037647355
53,131,6.0,0.0050710547
53,131,7.0,0.0055390242
53,131,8.0,0.0074529466
53,131,9.0,0.009410857
53,131,10.0,0.015192278
53,131,11.0,0.021178834
53,131,12.0,0.022958627
53,131,13.0,0.024600489
53,131,14.0,0.025342857
53,132,0.0,0.0018594944
53,132,1.0,0.0026146169
53,132,2.0,0.0046920506
53,132,3.0,0.006608173
53,132,4.0,0.008493381
53,132,5.0,0.01086579
53,132,6.0,0.013514899
53,132,7.0,0.018653553
53,132,8.0,0.018810252
53,132,9.0,0.023795534
53,132,10.0,0.031400446
53,132,11.0,0.038599562
53,132,12.0,0.04266445
53,132,13.0,0.04581036
53,132,14.0,0.04494511
53,133,0.0,0.014412094
53,133,1.0,0.01706606
53,133,2.0,0.022637328
53,133,3.0,0.030302456
53,133,4.0,0.042336047
53,133,5.0,0.053287487
53,133,6.0,0.06369922
53,133,7.0,0.06971739
53,133,8.0,0.06874135
53,133,9.0,0.08871217
53,133,10.0,0.10538584
53,133,11.0,0.11376338
53,133,12.0,0.11858127
53,133,13.0,0.1232483
53,133,14.0,0.12504369
53,134,0.0,0.074271485
53,134,1.0,0.08513525
53,134,2.0,0.108528286
53,134,3.0,0.13726094
53,134,4.0,0.1634783
53,134,5.0,0.1837761
53,134,6.0,0.19225176
53,134,7.0,0.20832933
53,134,8.0,0.20507358
53,134,9.0,0.22953048
53,134,10.0,0.25501335
53,134,11.0,0.28928244
53,134,12.0,0.29459393
53,134,13.0,0.28263932
53,134,14.0,0.27503806
53,135,0.0,0.27476758
53,135,1.0,0.33626133
53,135,2.0,0.4064984
53,135,3.0,0.45399725
53,135,4.0,0.48199633
53,135,5.0,0.51649743
53,135,6.0,0.52569026
53,135,7.0,0.49894062
53,135,8.0,0.516126
53,135,9.0,0.5610168
53,135,10.0,0.5650208
53,135,11.0,0.55347776
53,135,12.0,0.54690784
53,135,13.0,0.51085705
53,135,14.0,0.5054553
53,136,0.0,0.49500534
53,136,1.0,0.5093408
53,136,2.0,0.5190383
53,136,3.0,0.5323153
53,136,4.0,0.5265127
53,136,5.0,0.53187174
53,136,6.0,0.5221141
53,136,7.0,0.4898492
53,136,8.0,0.49548164
53,136,9.0,0.49223152
53,136,10.0,0.48186532
53,136,11.0,0.4759931
53,136,12.0,0.44404387
53,136,13.0,0.42607817
53,136,14.0,0.425322
53,137,0.0,0.49654302
53,137,1.0,0.528669
53,137,2.0,0.58174664
53,137,3.0,0.5549323
53,137,4.0,0.5165015
53,137,5.0,0.4649697
53,137,6.0,0.39695504
53,137,7.0,0.39896244
53,137,8.0,0.3832614
53,137,9.0,0.36601517
53,137,10.0,0.34274015
53,137,11.0,0.3200503
53,137,12.0,0.30006465
53,137,13.0,0.27477926
53,137,14.0,0.25406763
53,138,0.0,0.32323876
53,138,1.0,0.29589975
53,138,2.0,0.24323355
53,138,3.0,0.20623404
53,138,4.0,0.18552814
53,138,5.0,0.16974472
53,138,6.0,0.14356005
53,138,7.0,0.14599027
53,138,8.0,0.13815822
53,138,9.0,0.12843546
53,138,10.0,0.11751571
53,138,11.0,0.10981136
53,138,12.0,0.09396335
53,138,13.0,0.086082965
53,138,14.0,0.086197756
53,139,0.0,0.14394847
53,139,1.0,0.1281939
53,139,2.0,0.11351671
53,139,3.0,0.099857286
53,139,4.0,0.08750715
53,139,5.0,0.072055586
53,139,6.0,0.06873635
53,139,7.0,0.06818146
53,139,8.0,0.06540095
53,139,9.0,0.06329402
53,139,10.0,0.052522026
53,139,11.0,0.044957515
53,139,12.0,0.03842301
53,139,13.0,0.035051208
53,139,14.0,0.032083917
53,140,0.0,0.07212202
53,140,1.0,0.061269138
53,140,2.0,0.04666741
53,140,3.0,0.035300184
53,140,4.0,0.030267822
53,140,5.0,0.022249468
53,140,6.0,0.01880228
53,140,7.0,0.020888722
53,140,8.0,0.022236492
53,140,9.0,0.018663995
53,140,10.0,0.016059745
53,140,11.0,0.012534371
53,140,12.0,0.010108232
53,140,13.0,0.008993582
53,140,14.0,0.008244223
53,141,0.0,0.015258498
53,141,1.0,0.010889653
53,141,2.0,0.0072481474
53,141,3.0,0.0049939374
53,141,4.0,0.0041983146
53,141,5.0,0.002115083
53,141,6.0,0.0025713781
53,141,7.0,0.0029085153
53,141,8.0,0.0028123783
53,141,9.0,0.0020691666
53,141,10.0,0.00183847
53,141,11.0,0.0014797912
53,141,12.0,0.0011614698
53,141,13.0,0.0010691858
53,141,14.0,0.0011054702
53,142,0.0,0.0022955462
53,142,1.0,0.0019467883
53,142,2.0,0.001060023
53,142,3.0,0.00067224307
53,142,4.0,0.00053076085
53,142,5.0,0.00031617747
53,142,6.0,0.0002869597
53,142,7.0,0.0003153106
53,142,8.0,0.00034358026
53,142,9.0,0.0002932883
53,142,10.0,0.00021356429
53,142,11.0,0.00017512297
53,142,12.0,0.00016875543
53,142,13.0,0.00016069828
53,142,14.0,0.00012794163
53,143,0.0,0.00017533913
53,143,1.0,0.00013352842
53,143,2.0,9.6817115e-05
53,143,3.0,5.6782028e-05
53,143,4.0,2.2617787e-05
53,143,5.0,1.7394279e-05
53,143,6.0,1.0989152e-05
53,143,7.0,1.2953488e-05
53,143,8.0,2.0995303e-05
53,143,9.0,1.1068306e-05
53,143,10.0,3.4191082e-06
53,143,11.0,2.2256281e-06
53,143,12.0,2.676135e-06
53,143,13.0,5.6281846e-07
53,143,14.0,8.061671e-11
53,144,0.0,2.5086238e-06
53,144,1.0,3.3290732e-07
53,144,2.0,1.8776143e-07
53,144,3.0,1.05612824e-10
53,144,4.0,4.0074707e-10
53,144,5.0,3.703061e-10
53,144,6.0,1.7559975e-08
53,144,7.0,3.135127e-08
53,144,8.0,7.822754e-08
53,144,9.0,3.9377756e-08
53,144,10.0,1.980809e-08
53,144,11.0,2.5213838e-08
53,144,12.0,9.945507e-08
53,144,13.0,4.4845993e-07
53,144,14.0,6.877468e-07
53,145,0.0,3.4913074e-07
53,145,1.0,6.928313e-07
53,145,2.0,1.1255359e-07
53,145,3.0,3.2731236e-07
53,145,4.0,1.701755e-07
53,145,5.0,1.3491675e-07
53,145,6.0,2.325414e-07
53,145,7.0,4.031219e-07
53,145,8.0,2.966231e-07
53,145,9.0,2.876138e-07
53,145,10.0,3.3105746e-07
53,145,11.0,3.249015e-07
53,145,12.0,3.2097887e-07
53,145,13.0,2.3169929e-07
53,145,14.0,7.7880166e-08
53,146,0.0,1.1315106e-07
53,146,1.0,2.5885998e-07
53,146,2.0,2.2465792e-07
53,146,3.0,5.7924673e-08
53,146,4.0,2.1681357e-08
53,146,5.0,4.589721e-08
53,146,6.0,1.6155282e-07
53,146,7.0,5.3315205e-07
53,146,8.0,1.27212e-06
53,146,9.0,1.6154465e-06
53,146,10.0,1.4281604e-06
53,146,11.0,1.3202878e-06
53,146,12.0,1.5654823e-06
53,146,13.0,1.4920714e-06
53,146,14.0,5.430399e-07
53,147,0.0,5.6998056e-07
53,147,1.0,6.6881944e-07
53,147,2.0,8.667351e-07
53,147,3.0,6.565704e-07
53,147,4.0,2.2522185e-07
53,147,5.0,2.5612383e-07
53,147,6.0,5.6390195e-07
53,147,7.0,6.2575504e-07
53,147,8.0,6.193218e-07
53,147,9.0,5.033437e-07
53,147,10.0,2.742229e-07
53,147,11.0,2.2884346e-07
53,147,12.0,5.8058583e-07
53,147,13.0,1.2217389e-06
53,147,14.0,1.3591548e-06
53,148,0.0,8.712001e-07
53,148,1.0,9.4766773e-07
53,148,2.0,1.2146402e-06
53,148,3.0,5.4523235e-07
53,148,4.0,3.5455201e-07
53,148,5.0,2.2818188e-07
53,148,6.0,1.8247835e-07
53,148,7.0,2.9082062e-07
53,148,8.0,2.5067655e-07
53,148,9.0,2.4536916e-07
53,148,10.0,1.7010458e-07
53,148,11.0,1.4772718e-07
53,148,12.0,2.4432734e-07
53,148,13.0,3.5641244e-07
53,148,14.0,3.3184295e-07
54,125,0.0,3.9958627e-07
54,125,1.0,5.086676e-07
54,125,2.0,5.152545e-07
54,125,3.0,3.7895668e-07
54,125,4.0,2.3092977e-07
54,125,5.0,9.173201e-08
54,125,6.0,7.083556e-08
54,125,7.0,9.047678e-08
54,125,8.0,1.03659374e-07
54,125,9.0,1.887386e-07
54,125,10.0,1.5143641e-07
54,125,11.0,1.3684962e-07
54,125,12.0,1.0127941e-07
54,125,13.0,1.6507205e-07
54,125,14.0,1.599069e-07
54,126,0.0,1.2283917e-07
54,126,1.0,2.1740118e-07
54,126,2.0,1.4211834e-07
54,126,3.0,1.02615175e-07
54,126,4.0,8.647768e-08
54,126,5.0,1.343378e-07
54,126,6.0,3.066479e-07
54,126,7.0,4.2498766e-07
54,126,8.0,5.835174e-07
54,126,9.0,3.5160284e-07
54,126,10.0,1.5650176e-07
54,126,11.0,2.5131285e-07
54,126,12.0,3.4573765e-07
54,126,13.0,3.7809073e-07
54,126,14.0,8.4621405e-08
54,127,0.0,1.8918826e-08
54,127,1.0,3.5619458e-08
54,127,2.0,4.877935e-08
54,127,3.0,3.174634e-08
54,127,4.0,4.3186485e-08
54,127,5.0,1.091965e-07
54,127,6.0,1.2176484e-07
54,127,7.0,9.6074146e-08
54,127,8.0,8.105307e-08
54,127,9.0,1.5799756e-07
54,127,10.0,5.698241e-08
54,127,11.0,1.6678125e-07
54,127,12.0,2.2940026e-07
54,127,13.0,6.2920364e-08
54,127,14.0,1.8520865e-08
54,128,0.0,2.9891403e-10
54,128,1.0,8.865734e-20
54,128,2.0,0.0
54,128,3.0,0.0
54,128,4.0,0.0
54,128,5.0,0.0
54,128,6.0,0.0
54,128,7.0,6.3923297e-13
54,128,8.0,4.534647e-12
54,128,9.0,1.1358789e-08
54,128,10.0,8.908985e-09
54,128,11.0,4.4198777e-07
54,128,12.0,1.3166791e-06
54,128,13.0,5.5687233e-06
54,128,14.0,1.7112348e-05
54,129,0.0,6.4452976e-08
54,129,1.0,6.848745e-08
54,129,2.0,8.369664e-08
54,129,3.0,1.6242545e-08
54,129,4.0,2.753009e-10
54,129,5.0,2.2384694e-09
54,129,6.0,1.2057028e-07
54,129,7.0,8.456308e-07
54,129,8.0,5.1800384e-06
54,129,9.0,1.34197335e-05
54,129,10.0,4.2679287e-05
54,129,11.0,7.860013e-05
54,129,12.0,8.9746834e-05
54,129,13.0,7.2432646e-05
54,129,14.0,0.000101684935
54,130,0.0,1.0092654e-09
54,130,1.0,4.9434647e-07
54,130,2.0,2.3608623e-06
54,130,3.0,1.1329153e-05
54,130,4.0,3.4119697e-05
54,130,5.0,6.057292e-05
54,130,6.0,9.103943e-05
54,130,7.0,0.00014501216
54,130,8.0,0.00017351857
54,130,9.0,0.00020656153
54,130,10.0,0.00035927776
54,130,11.0,0.00044169326
54,130,12.0,0.0005113748
54,130,13.0,0.00057360996
54,130,14.0,0.000744908
54,131,0.0,9.268261e-08
54,131,1.0,1.09835555e-05
54,131,2.0,4.8412938e-05
54,131,3.0,8.5709115e-05
54,131,4.0,0.00014771956
54,131,5.0,0.00015301161
54,131,6.0,0.00018847908
54,131,7.0,0.00030691532
54,131,8.0,0.00048512887
54,131,9.0,0.0007518848
54,131,10.0,0.0012678192
54,131,11.0,0.00236344
54,131,12.0,0.002524213
54,131,13.0,0.002523654
54,131,14.0,0.0033387092
54,132,0.0,4.2423613e-07
54,132,1.0,2.0736174e-05
54,132,2.0,0.00010992495
54,132,3.0,0.00022346385
54,132,4.0,0.00039856447
54,132,5.0,0.0006155431
54,132,6.0,0.0009937778
54,132,7.0,0.0011877897
54,132,8.0,0.0018071427
54,132,9.0,0.002793164
54,132,10.0,0.004480467
54,132,11.0,0.0063709565
54,132,12.0,0.0077937925
54,132,13.0,0.008556716
54,132,14.0,0.008823096
54,133,0.0,0.00015079795
54,133,1.0,0.00029113487
54,133,2.0,0.00044263742
54,133,3.0,0.00074012735
54,133,4.0,0.0009188621
54,133,5.0,0.0012782656
54,133,6.0,0.0021384852
54,133,7.0,0.0026113854
54,133,8.0,0.0043327725
54,133,9.0,0.005824359
54,133,10.0,0.008855213
54,133,11.0,0.011799716
54,133,12.0,0.014233396
54,133,13.0,0.015233717
54,133,14.0,0.016014619
54,134,0.0,0.0012947002
54,134,1.0,0.0018994388
54,134,2.0,0.0028361003
54,134,3.0,0.0040845154
54,134,4.0,0.0059490455
54,134,5.0,0.007978224
54,134,6.0,0.01131482
54,134,7.0,0.01395574
54,134,8.0,0.015289864
54,134,9.0,0.019634256
54,134,10.0,0.025319599
54,134,11.0,0.031725988
54,134,12.0,0.03369832
54,134,13.0,0.036908634
54,134,14.0,0.035309255
54,135,0.0,0.014521463
54,135,1.0,0.016658537
54,135,2.0,0.020789025
54,135,3.0,0.027053079
54,135,4.0,0.033694364
54,135,5.0,0.0390463
54,135,6.0,0.052698784
54,135,7.0,0.05650499
54,135,8.0,0.06388325
54,135,9.0,0.071628466
54,135,10.0,0.08468032
54,135,11.0,0.10557718
54,135,12.0,0.109349735
54,135,13.0,0.107709765
54,135,14.0,0.104016766
54,136,0.0,0.10771273
54,136,1.0,0.12415623
54,136,2.0,0.15353982
54,136,3.0,0.18478331
54,136,4.0,0.21016912
54,136,5.0,0.21525367
54,136,6.0,0.24088897
54,136,7.0,0.25583398
54,136,8.0,0.26451352
54,136,9.0,0.27902523
54,136,10.0,0.30847314
54,136,11.0,0.3231247
54,136,12.0,0.3201117
54,136,13.0,0.30170816
54,136,14.0,0.30166778
54,137,0.0,0.27377445
54,137,1.0,0.29856843
54,137,2.0,0.32495105
54,137,3.0,0.35254645
54,137,4.0,0.37887517
54,137,5.0,0.43668267
54,137,6.0,0.4445852
54,137,7.0,0.4616613
54,137,8.0,0.48361614
54,137,9.0,0.47877383
54,137,10.0,0.4648199
54,137,11.0,0.46723887
54,137,12.0,0.44525072
54,137,13.0,0.45235196
54,137,14.0,0.47485846
54,138,0.0,0.564771
54,138,1.0,0.5720823
54,138,2.0,0.593498
54,138,3.0,0.6246986
54,138,4.0,0.65986186
54,138,5.0,0.6272311
54,138,6.0,0.61351377
54,138,7.0,0.61140823
54,138,8.0,0.6103552
54,138,9.0,0.5855516
54,138,10.0,0.5533083
54,138,11.0,0.533346
54,138,12.0,0.5209739
54,138,13.0,0.4994308
54,138,14.0,0.50205636
54,139,0.0,0.68222374
54,139,1.0,0.6385409
54,139,2.0,0.5875027
54,139,3.0,0.54728544
54,139,4.0,0.49818948
54,139,5.0,0.46645734
54,139,6.0,0.45274004
54,139,7.0,0.4571947
54,139,8.0,0.46197572
54,139,9.0,0.44564512
54,139,10.0,0.411054
54,139,11.0,0.39248586
54,139,12.0,0.37379143
54,139,13.0,0.37690488
54,139,14.0,0.37720236
54,140,0.0,0.56596047
54,140,1.0,0.5405973
54,140,2.0,0.47457567
54,140,3.0,0.41775656
54,140,4.0,0.3585606
54,140,5.0,0.30072734
54,140,6.0,0.30551028
54,140,7.0,0.29382914
54,140,8.0,0.3043877
54,140,9.0,0.28088844
54,140,10.0,0.2532984
54,140,11.0,0.22902317
54,140,12.0,0.2105176
54,140,13.0,0.19831377
54,140,14.0,0.19048174
54,141,0.0,0.3481001
54,141,1.0,0.29848504
54,141,2.0,0.22974609
54,141,3.0,0.1840458
54,141,4.0,0.1444341
54,141,5.0,0.1323135
54,141,6.0,0.12384361
54,141,7.0,0.12291943
54,141,8.0,0.13061751
54,141,9.0,0.12283472
54,141,10.0,0.1020242
54,141,11.0,0.08645026
54,141,12.0,0.07289652
54,141,13.0,0.06712268
54,141,14.0,0.066857494
54,142,0.0,0.1600786
54,142,1.0,0.12362759
54,142,2.0,0.08819388
54,142,3.0,0.062114034
54,142,4.0,0.04518441
54,142,5.0,0.043881666
54,142,6.0,0.038624816
54,142,7.0,0.038827006
54,142,8.0,0.0412774
54,142,9.0,0.038391985
54,142,10.0,0.030014088
54,142,11.0,0.023366993
54,142,12.0,0.0186311
54,142,13.0,0.01634466
54,142,14.0,0.017449772
54,143,0.0,0.04562268
54,143,1.0,0.029832298
54,143,2.0,0.018008856
54,143,3.0,0.012992613
54,143,4.0,0.008657789
54,143,5.0,0.008213107
54,143,6.0,0.0065078516
54,143,7.0,0.006918487
54,143,8.0,0.0074915662
54,143,9.0,0.0062580756
54,143,10.0,0.0049581444
54,143,11.0,0.0038439464
54,143,12.0,0.0033334496
54,143,13.0,0.003207587
54,143,14.0,0.002818455
54,144,0.0,0.0074907043
54,144,1.0,0.005067904
54,144,2.0,0.0028210478
54,144,3.0,0.0014351581
54,144,4.0,0.0012642524
54,144,5.0,0.0008763945
54,144,6.0,0.0008595469
54,144,7.0,0.0011561535
54,144,8.0,0.0010352429
54,144,9.0,0.0008878174
54,144,10.0,0.0007067341
54,144,11.0,0.0005139211
54,144,12.0,0.00042824965
54,144,13.0,0.00041237482
54,144,14.0,0.00040768526
54,145,0.0,0.0012106677
54,145,1.0,0.0006241379
54,145,2.0,0.00023296558
54,145,3.0,0.00015055476
54,145,4.0,8.958015e-05
54,145,5.0,4.9884904e-05
54,145,6.0,7.276905e-05
54,145,7.0,0.00010745849
54,145,8.0,0.000124856
54,145,9.0,0.00010280418
54,145,10.0,7.577356e-05
54,145,11.0,6.0762457e-05
54,145,12.0,6.462632e-05
54,145,13.0,5.3640808e-05
54,145,14.0,2.8189275e-05
54,146,0.0,8.268172e-05
54,146,1.0,2.8491775e-05
54,146,2.0,1.047521e-05
54,146,3.0,1.4185076e-06
54,146,4.0,5.8285576e-07
54,146,5.0,3.8281127e-07
54,146,6.0,5.030059e-07
54,146,7.0,3.3297343e-07
54,146,8.0,1.7395713e-07
54,146,9.0,9.390504e-08
54,146,10.0,9.399651e-08
54,146,11.0,1.5254952e-07
54,146,12.0,2.8551426e-07
54,146,13.0,6.8673097e-07
54,146,14.0,1.8167678e-06
54,147,0.0,1.3428176e-07
54,147,1.0,4.2699529e-07
54,147,2.0,5.1167825e-07
54,147,3.0,7.405261e-07
54,147,4.0,6.5993964e-07
54,147,5.0,2.9294782e-07
54,147,6.0,2.172176e-07
54,147,7.0,2.2921539e-07
54,147,8.0,3.0203563e-07
54,147,9.0,6.1510076e-07
54,147,10.0,9.4939963e-07
54,147,11.0,6.974777e-07
54,147,12.0,2.103767e-07
54,147,13.0,5.338854e-08
54,147,14.0,4.1959133e-08
54,148,0.0,1.2828545e-07
54,148,1.0,1.04156115e-07
54,148,2.0,7.044867e-08
54,148,3.0,3.823476e-08
54,148,4.0,2.3543206e-08
54,148,5.0,1.274978e-07
54,148,6.0,4.1896016e-07
54,148,7.0,6.813917e-07
54,148,8.0,4.4183045e-07
54,148,9.0,4.5354903e-07
54,148,10.0,3.562108e-07
54,148,11.0,3.7735694e-07
54,148,12.0,8.318634e-07
54,148,13.0,1.9800284e-06
54,148,14.0,2.8570228e-06
54,149,0.0,5.061542e-07
54,149,1.0,4.469311e-07
54,149,2.0,4.3021732e-08
54,149,3.0,1.2293298e-08
54,149,4.0,1.06682116e-07
54,149,5.0,1.9645016e-07
54,149,6.0,1.5744092e-07
54,149,7.0,2.0885969e-07
54,149,8.0,4.3406592e-07
54,149,9.0,4.489704e-07
54,149,10.0,3.0669605e-07
54,149,11.0,3.1124526e-07
54,149,12.0,4.8504296e-07
54,149,13.0,6.3402564e-07
54,149,14.0,9.4824713e-07
54,150,0.0,3.9791408e-07
54,150,1.0,2.642827e-07
54,150,2.0,2.514922e-07
54,150,3.0,2.0278237e-07
54,150,4.0,9.789146e-08
54,150,5.0,1.2552029e-07
54,150,6.0,3.2953002e-07
54,150,7.0,4.816536e-07
54,150,8.0,6.4770416e-07
54,150,9.0,8.9598666e-07
54,150,10.0,9.852212e-07
54,150,11.0,1.0461764e-06
54,150,12.0,6.265431e-07
54,150,13.0,2.7518126e-07
54,150,14.0,1.992695e-07
55,128,0.0,3.2014856e-07
55,128,1.0,8.034873e-08
55,128,2.0,4.3517776e-08
55,128,3.0,5.970065e-08
55,128,4.0,2.5125797e-07
55,128,5.0,7.2076335e-07
55,128,6.0,6.063529e-07
55,128,7.0,3.5153226e-07
55,128,8.0,1.8422435e-07
55,128,9.0,5.2487824e-08
55,128,10.0,4.9596334e-08
55,128,11.0,2.4542305e-07
55,128,12.0,3.9303936e-07
55,128,13.0,1.8764318e-07
55,128,14.0,9.918429e-08
55,129,0.0,2.1590479e-07
55,129,1.0,1.0001773e-07
55,129,2.0,9.199684e-08
55,129,3.0,1.158265e-07
55,129,4.0,2.21164e-07
55,129,5.0,4.0507263e-07
55,129,6.0,3.6768665e-07
55,129,7.0,2.1658379e-07
55,129,8.0,7.951569e-08
55,129,9.0,3.550616e-08
55,129,10.0,7.471619e-08
55,129,11.0,3.417101e-07
55,129,12.0,5.3463066e-07
55,129,13.0,4.5105202e-07
55,129,14.0,2.7437437e-07
55,130,0.0,0.0
55,130,1.0,0.0
55,130,2.0,0.0
55,130,3.0,0.0
55,130,4.0,0.0
55,130,5.0,0.0
55,130,6.0,0.0
55,130,7.0,0.0
55,130,8.0,0.0
55,130,9.0,5.2282858e-14
55,130,10.0,0.0
55,130,11.0,5.783837e-12
55,130,12.0,1.1850376e-10
55,130,13.0,2.0829886e-10
55,130,14.0,0.0
55,131,0.0,5.4515822e-11
55,131,1.0,0.0
55,131,2.0,0.0
55,131,3.0,2.123391e-11
55,131,4.0,0.0
55,131,5.0,0.0
55,131,6.0,0.0
55,131,7.0,0.0
55,131,8.0,0.0
55,131,9.0,0.0
55,131,10.0,0.0
55,131,11.0,4.118234e-09
55,131,12.0,2.1272457e-09
55,131,13.0,0.0
55,131,14.0,1.045701e-08
55,132,0.0,0.0
55,132,1.0,3.5638315e-08
55,132,2.0,1.4276164e-07
55,132,3.0,3.2910947e-09
55,132,4.0,0.0
55,132,5.0,0.0
55,132,6.0,0.0
55,132,7.0,0.0
55,132,8.0,9.885716e-10
55,132,9.0,9.459218e-10
55,132,10.0,6.857987e-07
55,132,11.0,7.901083e-06
55,132,12.0,1.2467654e-05
55,132,13.0,2.536554e-05
55,132,14.0,1.981371e-05
55,133,0.0,1.1975703e-09
55,133,1.0,0.0
55,133,2.0,9.67568e-13
55,133,3.0,0.0
55,133,4.0,7.042084e-11
55,133,5.0,6.9985e-09
55,133,6.0,1.1295115e-07
55,133,7.0,1.9110098e-06
55,133,8.0,2.7349856e-06
55,133,9.0,5.237037e-06
55,133,10.0,2.5450587e-05
55,133,11.0,0.00010577832
55,133,12.0,0.00010171228
55,133,13.0,0.00012031107
55,133,14.0,0.00017540243
55,134,0.0,2.6708111e-11
55,134,1.0,1.150307e-11
55,134,2.0,4.9442793e-08
55,134,3.0,1.6503452e-06
55,134,4.0,1.0020008e-05
55,134,5.0,2.928992e-05
55,134,6.0,5.458485e-05
55,134,7.0,4.295781e-05
55,134,8.0,6.6597764e-05
55,134,9.0,9.855607e-05
55,134,10.0,0.00023382649
55,134,11.0,0.00037842317
55,134,12.0,0.0005111819
55,134,13.0,0.00072005275
55,134,14.0,0.0009299623
55,135,0.0,7.99923e-06
55,135,1.0,3.3750377e-05
55,135,2.0,6.679938e-05
55,135,3.0,0.000101650054
55,135,4.0,0.00011945405
55,135,5.0,0.00016936351
55,135,6.0,0.00035239273
55,135,7.0,0.00035099988
55,135,8.0,0.00057613885
55,135,9.0,0.0009698053
55,135,10.0,0.0014389332
55,135,11.0,0.001998021
55,135,12.0,0.0026817617
55,135,13.0,0.0034539783
55,135,14.0,0.0034176148
55,136,0.0,0.00026182015
55,136,1.0,0.000383027
55,136,2.0,0.0006096982
55,136,3.0,0.0011047253
55,136,4.0,0.0017461835
55,136,5.0,0.0023205192
55,136,6.0,0.003730045
55,136,7.0,0.0038942192
55,136,8.0,0.005401875
55,136,9.0,0.0071069193
55,136,10.0,0.009686494
55,136,11.0,0.0122171305
55,136,12.0,0.015521523
55,136,13.0,0.017608147
55,136,14.0,0.016655376
55,137,0.0,0.0052553415
55,137,1.0,0.0071797865
55,137,2.0,0.010257929
55,137,3.0,0.0145934345
55,137,4.0,0.018893512
55,137,5.0,0.024415787
55,137,6.0,0.02772918
55,137,7.0,0.032852367
55,137,8.0,0.036712818
55,137,9.0,0.043993518
55,137,10.0,0.05559517
55,137,11.0,0.062509835
55,137,12.0,0.06647126
55,137,13.0,0.065279335
55,137,14.0,0.067395024
55,138,0.0,0.029196039
55,138,1.0,0.034436326
55,138,2.0,0.045052283
55,138,3.0,0.05941628
55,138,4.0,0.07013208
55,138,5.0,0.08969354
55,138,6.0,0.09652561
55,138,7.0,0.10152607
55,138,8.0,0.113549165
55,138,9.0,0.12549044
55,138,10.0,0.1363337
55,138,11.0,0.15179501
55,138,12.0,0.16105753
55,138,13.0,0.15846713
55,138,14.0,0.15533078
55,139,0.0,0.12603438
55,139,1.0,0.13498361
55,139,2.0,0.16440947
55,139,3.0,0.1984999
55,139,4.0,0.22508949
55,139,5.0,0.23346621
55,139,6.0,0.24572307
55,139,7.0,0.25658208
55,139,8.0,0.27499676
55,139,9.0,0.2835136
55,139,10.0,0.29023346
55,139,11.0,0.30156183
55,139,12.0,0.30714226
55,139,13.0,0.32552814
55,139,14.0,0.32745546
55,140,0.0,0.25278422
55,140,1.0,0.2566487
55,140,2.0,0.28713933
55,140,3.0,0.32214186
55,140,4.0,0.3394065
55,140,5.0,0.3446272
55,140,6.0,0.35183915
55,140,7.0,0.35978657
55,140,8.0,0.38975072
55,140,9.0,0.41534495
55,140,10.0,0.39180273
55,140,11.0,0.3768097
55,140,12.0,0.3661669
55,140,13.0,0.35962853
55,140,14.0,0.36450985
55,141,0.0,0.39447156
55,141,1.0,0.40448317
55,141,2.0,0.43114892
55,141,3.0,0.43541637
55,141,4.0,0.44984436
55,141,5.0,0.41462407
55,141,6.0,0.4506212
55,141,7.0,0.45766333
55,141,8.0,0.4564136
55,141,9.0,0.4492964
55,141,10.0,0.42565107
55,141,11.0,0.39486828
55,141,12.0,0.3751281
55,141,13.0,0.3595225
55,141,14.0,0.36749724
55,142,0.0,0.44321212
55,142,1.0,0.4151935
55,142,2.0,0.3845894
55,142,3.0,0.33634007
55,142,4.0,0.32871473
55,142,5.0,0.30995053
55,142,6.0,0.30577627
55,142,7.0,0.30851123
55,142,8.0,0.29731843
55,142,9.0,0.29387727
55,142,10.0,0.26013952
55,142,11.0,0.23688385
55,142,12.0,0.21522368
55,142,13.0,0.20945151
55,142,14.0,0.21239588
55,143,0.0,0.30948868
55,143,1.0,0.27782053
55,143,2.0,0.25344732
55,143,3.0,0.23027395
55,143,4.0,0.22047679
55,143,5.0,0.18222122
55,143,6.0,0.17196022
55,143,7.0,0.1599661
55,143,8.0,0.17759225
55,143,9.0,0.16565053
55,143,10.0,0.14242558
55,143,11.0,0.12332102
55,143,12.0,0.10683613
55,143,13.0,0.10165237
55,143,14.0,0.09894276
55,144,0.0,0.14962655
55,144,1.0,0.123209424
55,144,2.0,0.09222419
55,144,3.0,0.07221341
55,144,4.0,0.059267722
55,144,5.0,0.053625476
55,144,6.0,0.052729707
55,144,7.0,0.05376958
55,144,8.0,0.05706465
55,144,9.0,0.046551533
55,144,10.0,0.037143465
55,144,11.0,0.029574526
55,144,12.0,0.025394
55,144,13.0,0.023845365
55,144,14.0,0.025127426
55,145,0.0,0.043468192
55,145,1.0,0.03134549
55,145,2.0,0.023015682
55,145,3.0,0.016986003
55,145,4.0,0.014091842
55,145,5.0,0.012977417
55,145,6.0,0.012329476
55,145,7.0,0.012188016
55,145,8.0,0.01272437
55,145,9.0,0.010533399
55,145,10.0,0.008776301
55,145,11.0,0.0070763626
55,145,12.0,0.006116628
55,145,13.0,0.0059005595
55,145,14.0,0.0061573647
55,146,0.0,0.010643658
55,146,1.0,0.0073654503
55,146,2.0,0.0050644046
55,146,3.0,0.0035118768
55,146,4.0,0.0027009102
55,146,5.0,0.0020742004
55,146,6.0,0.0017190052
55,146,7.0,0.0019759617
55,146,8.0,0.0015944422
55,146,9.0,0.0012270613
55,146,10.0,0.0010144458
55,146,11.0,0.0009631536
55,146,12.0,0.00086940173
55,146,13.0,0.00080859254
55,146,14.0,0.0007890718
55,147,0.0,0.001563193
55,147,1.0,0.0012473591
55,147,2.0,0.0007438875
55,147,3.0,0.0005393883
55,147,4.0,0.0003249485
55,147,5.0,0.00023248782
55,147,6.0,0.00024066017
55,147,7.0,0.000310017
55,147,8.0,0.00021439588
55,147,9.0,0.00017189163
55,147,10.0,0.00013736513
55,147,11.0,0.00010478483
55,147,12.0,9.454491e-05
55,147,13.0,8.49882e-05
55,147,14.0,5.8910817e-05
55,148,0.0,9.143349e-05
55,148,1.0,5.0665396e-05
55,148,2.0,5.0829065e-05
55,148,3.0,1.2884465e-05
55,148,4.0,1.4095929e-05
55,148,5.0,9.593381e-06
55,148,6.0,4.790356e-06
55,148,7.0,1.7608643e-06
55,148,8.0,8.678294e-07
55,148,9.0,5.74828e-07
55,148,10.0,4.7432465e-07
55,148,11.0,2.543991e-07
55,148,12.0,2.5756522e-08
55,148,13.0,5.0462862e-08
55,148,14.0,1.1694724e-07
55,149,0.0,7.988763e-07
55,149,1.0,3.1622623e-08
55,149,2.0,2.215046e-07
55,149,3.0,2.480957e-07
55,149,4.0,6.773747e-07
55,149,5.0,7.706776e-07
55,149,6.0,3.2335174e-07
55,149,7.0,1.6184217e-07
55,149,8.0,2.172176e-07
55,149,9.0,4.2382808e-07
55,149,10.0,4.917668e-07
55,149,11.0,3.432932e-07
55,149,12.0,3.966351e-07
55,149,13.0,3.1686892e-07
55,149,14.0,9.678715e-08
55,150,0.0,3.9156686e-07
55,150,1.0,6.951645e-07
55,150,2.0,1.602513e-07
55,150,3.0,7.077347e-08
55,150,4.0,2.3244203e-08
55,150,5.0,1.6168927e-07
55,150,6.0,6.648776e-07
55,150,7.0,1.2246854e-06
55,150,8.0,1.6274989e-06
55,150,9.0,1.2074855e-06
55,150,10.0,7.535054e-07
55,150,11.0,1.0848145e-06
55,150,12.0,1.908756e-06
55,150,13.0,1.0199678e-06
55,150,14.0,7.9279675e-07
55,151,0.0,6.697009e-07
55,151,1.0,1.4318427e-06
55,151,2.0,8.5892236e-07
55,151,3.0,5.2508597e-07
55,151,4.0,4.3041456e-07
55,151,5.0,5.0251975e-07
55,151,6.0,6.564247e-07
55,151,7.0,8.811173e-07
55,151,8.0,6.678609e-07
55,151,9.0,4.0442606e-07
55,151,10.0,5.311087e-07
55,151,11.0,6.9150394e-07
55,151,12.0,5.422081e-07
55,151,13.0,3.3096205e-07
55,151,14.0,2.2082014e-07
55,152,0.0,4.602676e-07
55,152,1.0,9.1915564e-07
55,152,2.0,5.858767e-07
55,152,3.0,3.3599267e-07
55,152,4.0,2.0723739e-07
55,152,5.0,9.0384155e-08
55,152,6.0,6.4507965e-08
55,152,7.0,1.0810926e-07
55,152,8.0,2.159884e-07
55,152,9.0,4.115927e-07
55,152,10.0,5.315544e-07
55,152,11.0,5.813635e-07
55,152,12.0,3.7464363e-07
55,152,13.0,2.9614915e-07
55,152,14.0,3.5490896e-07
56,131,0.0,3.3278178e-07
56,131,1.0,2.7785353e-07
56,131,2.0,3.911509e-07
56,131,3.0,6.1207436e-07
56,131,4.0,5.003902e-07
56,131,5.0,1.9976802e-07
56,131,6.0,7.541846e-08
56,131,7.0,1.0706756e-07
56,131,8.0,8.881056e-08
56,131,9.0,3.1239075e-08
56,131,10.0,7.822642e-08
56,131,11.0,2.7681338e-07
56,131,12.0,4.655077e-07
56,131,13.0,3.177391e-07
56,131,14.0,1.7729725e-07
56,132,0.0,2.4964845e-07
56,132,1.0,1.6146734e-07
56,132,2.0,9.8334226e-08
56,132,3.0,9.4846676e-08
56,132,4.0,1.02087874e-07
56,132,5.0,1.02244556e-07
56,132,6.0,8.6435605e-08
56,132,7.0,7.289546e-08
56,132,8.0,1.5129919e-07
56,132,9.0,1.8642416e-07
56,132,10.0,1.9487203e-07
56,132,11.0,1.9854417e-07
56,132,12.0,1.9107233e-07
56,132,13.0,7.9113974e-08
56,132,14.0,2.802513e-08
56,133,0.0,2.0884844e-10
56,133,1.0,4.223471e-17
56,133,2.0,9.566822e-13
56,133,3.0,1.8817148e-09
56,133,4.0,1.0835685e-08
56,133,5.0,4.438297e-09
56,133,6.0,2.390943e-11
56,133,7.0,0.0
56,133,8.0,0.0
56,133,9.0,0.0
56,133,10.0,0.0
56,133,11.0,9.8376744e-14
56,133,12.0,0.0
56,133,13.0,0.0
56,133,14.0,0.0
56,134,0.0,3.2218241e-09
56,134,1.0,4.7006132e-09
56,134,2.0,2.790008e-09
56,134,3.0,2.867174e-09
56,134,4.0,1.4345586e-10
56,134,5.0,1.6700172e-10
56,134,6.0,0.0
56,134,7.0,0.0
56,134,8.0,0.0
56,134,9.0,0.0
56,134,10.0,0.0
56,134,11.0,2.132594e-08
56,134,12.0,3.7036236e-09
56,134,13.0,2.4380634e-07
56,134,14.0,2.9014194e-07
56,135,0.0,0.0
56,135,1.0,0.0
56,135,2.0,6.614094e-09
56,135,3.0,2.2611419e-08
56,135,4.0,2.910419e-08
56,135,5.0,3.5925193e-08
56,135,6.0,1.3678347e-07
56,135,7.0,4.2451364e-07
56,135,8.0,1.2643245e-09
56,135,9.0,1.956542e-09
56,135,10.0,4.75839e-07
56,135,11.0,1.1098154e-05
56,135,12.0,2.1671258e-05
56,135,13.0,2.9457773e-05
56,135,14.0,3.199503e-05
56,136,0.0,1.2715195e-06
56,136,1.0,1.439966e-07
56,136,2.0,1.3845561e-09
56,136,3.0,0.0
56,136,4.0,1.9801124e-08
56,136,5.0,1.4428633e-06
56,136,6.0,7.4879476e-06
56,136,7.0,1.7511253e-05
56,136,8.0,1.1296807e-05
56,136,9.0,3.7640373e-05
56,136,10.0,0.00013210099
56,136,11.0,0.00016355576
56,136,12.0,0.0002354511
56,136,13.0,0.00033462583
56,136,14.0,0.00038319497
56,137,0.0,6.376565e-06
56,137,1.0,3.7391221e-06
56,137,2.0,3.0067065e-05
56,137,3.0,0.00010290859
56,137,4.0,0.00019182179
56,137,5.0,0.000261762
56,137,6.0,0.00028346814
56,137,7.0,0.00035114787
56,137,8.0,0.00055230584
56,137,9.0,0.00077141105
56,137,10.0,0.000952688
56,137,11.0,0.0014925329
56,137,12.0,0.001983496
56,137,13.0,0.0021354088
56,137,14.0,0.002093938
56,138,0.0,0.0008323454
56,138,1.0,0.001302086
56,138,2.0,0.0013391996
56,138,3.0,0.0013200248
56,138,4.0,0.0022439787
56,138,5.0,0.0029371053
56,138,6.0,0.0028375247
56,138,7.0,0.0036831049
56,138,8.0,0.0043929494
56,138,9.0,0.006084073
56,138,10.0,0.008129511
56,138,11.0,0.010432906
56,138,12.0,0.012076367
56,138,13.0,0.012468035
56,138,14.0,0.011997557
56,139,0.0,0.0045657484
56,139,1.0,0.004833797
56,139,2.0,0.0065074014
56,139,3.0,0.010017121
56,139,4.0,0.014471375
56,139,5.0,0.016870849
56,139,6.0,0.018218085
56,139,7.0,0.01841348
56,139,8.0,0.022969183
56,139,9.0,0.028242052
56,139,10.0,0.034915514
56,139,11.0,0.04122409
56,139,12.0,0.042313766
56,139,13.0,0.042467196
56,139,14.0,0.042474702
56,140,0.0,0.031013362
56,140,1.0,0.037546296
56,140,2.0,0.03526157
56,140,3.0,0.047783695
56,140,4.0,0.054204825
56,140,5.0,0.060639508
56,140,6.0,0.066306956
56,140,7.0,0.074619435
56,140,8.0,0.08499574
56,140,9.0,0.09230401
56,140,10.0,0.10666284
56,140,11.0,0.115836896
56,140,12.0,0.12206984
56,140,13.0,0.13029774
56,140,14.0,0.13430952
56,141,0.0,0.09627194
56,141,1.0,0.10007346
56,141,2.0,0.10606492
56,141,3.0,0.119174495
56,141,4.0,0.13538808
56,141,5.0,0.13803042
56,141,6.0,0.16317539
56,141,7.0,0.18064536
56,141,8.0,0.18822789
56,141,9.0,0.19248195
56,141,10.0,0.19307238
56,141,11.0,0.2108649
56,141,12.0,0.21315931
56,141,13.0,0.22819866
56,141,14.0,0.25412267
56,142,0.0,0.27834678
56,142,1.0,0.29324365
56,142,2.0,0.29243046
56,142,3.0,0.284973
56,142,4.0,0.3001331
56,142,5.0,0.3157404
56,142,6.0,0.3531031
56,142,7.0,0.3672603
56,142,8.0,0.38627467
56,142,9.0,0.37097397
56,142,10.0,0.3635476
56,142,11.0,0.3539381
56,142,12.0,0.34828705
56,142,13.0,0.35885853
56,142,14.0,0.37740815
56,143,0.0,0.4144366
56,143,1.0,0.39159685
56,143,2.0,0.36732262
56,143,3.0,0.36739486
56,143,4.0,0.3612529
56,143,5.0,0.37000796
56,143,6.0,0.3853967
56,143,7.0,0.39883724
56,143,8.0,0.4323492
56,143,9.0,0.40696347
56,143,10.0,0.3938323
56,143,11.0,0.36701763
56,143,12.0,0.3412604
56,143,13.0,0.339645
56,143,14.0,0.3732048
56,144,0.0,0.5529556
56,144,1.0,0.50583935
56,144,2.0,0.44314867
56,144,3.0,0.39126745
56,144,4.0,0.39158788
56,144,5.0,0.36893585
56,144,6.0,0.36971635
56,144,7.0,0.36984557
56,144,8.0,0.40048194
56,144,9.0,0.3660632
56,144,10.0,0.33729595
56,144,11.0,0.29576555
56,144,12.0,0.261289
56,144,13.0,0.2592837
56,144,14.0,0.2837369
56,145,0.0,0.38975635
56,145,1.0,0.32616153
56,145,2.0,0.2658327
56,145,3.0,0.22792548
56,145,4.0,0.2158551
56,145,5.0,0.1928581
56,145,6.0,0.18669079
56,145,7.0,0.19151685
56,145,8.0,0.18805149
56,145,9.0,0.16706377
56,145,10.0,0.15004846
56,145,11.0,0.12775478
56,145,12.0,0.11225839
56,145,13.0,0.11210163
56,145,14.0,0.1270009
56,146,0.0,0.19923511
56,146,1.0,0.16656554
56,146,2.0,0.13055341
56,146,3.0,0.10850439
56,146,4.0,0.09177283
56,146,5.0,0.08560775
56,146,6.0,0.07868513
56,146,7.0,0.086424105
56,146,8.0,0.07718056
56,146,9.0,0.065172434
56,146,10.0,0.055405412
56,146,11.0,0.050640848
56,146,12.0,0.047392096
56,146,13.0,0.046013802
56,146,14.0,0.04430722
56,147,0.0,0.07817074
56,147,1.0,0.0570681
56,147,2.0,0.037794437
56,147,3.0,0.029609058
56,147,4.0,0.022094838
56,147,5.0,0.022868209
56,147,6.0,0.01984
56,147,7.0,0.019717017
56,147,8.0,0.018831508
56,147,9.0,0.014702444
56,147,10.0,0.011599916
56,147,11.0,0.010045594
56,147,12.0,0.0094909035
56,147,13.0,0.009480834
56,147,14.0,0.010462228
56,148,0.0,0.018604208
56,148,1.0,0.013974942
56,148,2.0,0.009509062
56,148,3.0,0.005255472
56,148,4.0,0.004887253
56,148,5.0,0.0046578054
56,148,6.0,0.004046743
56,148,7.0,0.004433634
56,148,8.0,0.003699099
56,148,9.0,0.0030601344
56,148,10.0,0.0026427007
56,148,11.0,0.0023160614
56,148,12.0,0.0021224997
56,148,13.0,0.0021007878
56,148,14.0,0.0020218946
56,149,0.0,0.002897228
56,149,1.0,0.0025007518
56,149,2.0,0.0015406996
56,149,3.0,0.000915392
56,149,4.0,0.00068882306
56,149,5.0,0.00061671814
56,149,6.0,0.0006093758
56,149,7.0,0.0006850176
56,149,8.0,0.00053004443
56,149,9.0,0.0004110977
56,149,10.0,0.00030610373
56,149,11.0,0.00023121425
56,149,12.0,0.00019311318
56,149,13.0,0.00019394468
56,149,14.0,0.00013856542
56,150,0.0,0.0002793461
56,150,1.0,0.0003154603
56,150,2.0,0.00018521119
56,150,3.0,0.000112557915
56,150,4.0,8.034667e-05
56,150,5.0,5.6937828e-05
56,150,6.0,5.635169e-05
56,150,7.0,6.227065e-05
56,150,8.0,3.5211975e-05
56,150,9.0,2.3924382e-05
56,150,10.0,1.806769e-05
56,150,11.0,1.0322968e-05
56,150,12.0,3.1046088e-06
56,150,13.0,4.0839802e-07
56,150,14.0,1.2824147e-08
56,151,0.0,7.105735e-07
56,151,1.0,5.2580067e-08
56,151,2.0,2.8334424e-07
56,151,3.0,2.4643882e-08
56,151,4.0,4.0330328e-08
56,151,5.0,1.0732242e-08
56,151,6.0,1.7799406e-08
56,151,7.0,2.3875522e-08
56,151,8.0,3.5856436e-09
56,151,9.0,3.7149555e-09
56,151,10.0,3.2044223e-08
56,151,11.0,5.2124168e-08
56,151,12.0,4.743648e-08
56,151,13.0,6.711605e-08
56,151,14.0,5.549704e-08
56,152,0.0,1.6895922e-07
56,152,1.0,3.8365405e-07
56,152,2.0,1.2397503e-06
56,152,3.0,1.4691806e-06
56,152,4.0,4.7307623e-07
56,152,5.0,4.281095e-07
56,152,6.0,4.03576e-07
56,152,7.0,3.96816e-07
56,152,8.0,2.9709614e-07
56,152,9.0,1.4942952e-07
56,152,10.0,9.353851e-08
56,152,11.0,1.0748376e-07
56,152,12.0,2.332871e-07
56,152,13.0,3.4241995e-07
56,152,14.0,3.568352e-07
56,153,0.0,5.067766e-07
56,153,1.0,3.3269757e-07
56,153,2.0,1.3898416e-07
56,153,3.0,1.02833376e-07
56,153,4.0,1.4861216e-07
56,153,5.0,3.6186887e-07
56,153,6.0,4.1041233e-07
56,153,7.0,4.9062106e-07
56,153,8.0,3.3362494e-07
56,153,9.0,1.235313e-07
56,153,10.0,5.921407e-08
56,153,11.0,7.647703e-08
56,153,12.0,1.3280194e-07
56,153,13.0,2.3146647e-07
56,153,14.0,3.6056383e-07
56,154,0.0,1.8573635e-07
56,154,1.0,3.2367032e-07
56,154,2.0,3.5905944e-07
56,154,3.0,1.2685875e-07
56,154,4.0,1.5035605e-08
56,154,5.0,3.4715164e-08
56,154,6.0,4.991643e-08
56,154,7.0,6.347153e-08
56,154,8.0,9.971369e-08
56,154,9.0,2.044243e-07
56,154,10.0,2.3696437e-07
56,154,11.0,1.3110756e-07
56,154,12.0,5.2998967e-08
56,154,13.0,2.4373946e-08
56,154,14.0,5.5650093e-09
57,133,0.0,6.144456e-08
57,133,1.0,1.0215801e-07
57,133,2.0,8.399209e-08
57,133,3.0,6.349585e-08
57,133,4.0,5.493753e-08
57,133,5.0,2.9578016e-08
57,133,6.0,1.8497406e-08
57,133,7.0,1.282903e-07
57,133,8.0,5.892274e-08
57,133,9.0,3.6160316e-08
57,133,10.0,4.9166296e-08
57,133,11.0,1.4078714e-07
57,133,12.0,1.9927623e-07
57,133,13.0,2.2599312e-07
57,133,14.0,2.9635805e-07
57,134,0.0,4.884391e-07
57,134,1.0,2.6068983e-07
57,134,2.0,1.7641722e-07
57,134,3.0,9.4221335e-08
57,134,4.0,6.678957e-08
57,134,5.0,7.159064e-08
57,134,6.0,9.832761e-08
57,134,7.0,1.9877861e-07
57,134,8.0,2.9330826e-07
57,134,9.0,3.6596663e-07
57,134,10.0,2.9315953e-07
57,134,11.0,1.8253624e-07
57,134,12.0,1.6294635e-07
57,134,13.0,1.416138e-07
57,134,14.0,2.5154708e-07
57,135,0.0,7.46295e-08
57,135,1.0,6.8054455e-08
57,135,2.0,5.9113226e-08
57,135,3.0,7.516759e-08
57,135,4.0,1.0476358e-07
57,135,5.0,1.5432857e-07
57,135,6.0,3.6109736e-07
57,135,7.0,5.117672e-07
57,135,8.0,2.458308e-07
57,135,9.0,1.9220789e-07
57,135,10.0,2.3336682e-07
57,135,11.0,3.1787954e-07
57,135,12.0,2.3191213e-07
57,135,13.0,1.915325e-07
57,135,14.0,1.3698454e-07
57,136,0.0,7.701736e-08
57,136,1.0,4.94175e-08
57,136,2.0,6.5061265e-08
57,136,3.0,7.596136e-08
57,136,4.0,5.5536276e-08
57,136,5.0,3.145842e-08
57,136,6.0,8.023557e-08
57,136,7.0,1.240663e-07
57,136,8.0,4.0645745e-08
57,136,9.0,6.196353e-08
57,136,10.0,4.0613793e-07
57,136,11.0,8.1490356e-07
57,136,12.0,7.659753e-07
57,136,13.0,3.988649e-07
57,136,14.0,5.7202095e-07
57,137,0.0,3.3725416e-09
57,137,1.0,9.842707e-09
57,137,2.0,1.3642642e-08
57,137,3.0,5.0235673e-08
57,137,4.0,2.196797e-08
57,137,5.0,1.638658e-08
57,137,6.0,4.0483553e-08
57,137,7.0,2.6599457e-07
57,137,8.0,2.552897e-08
57,137,9.0,4.1180712e-08
57,137,10.0,3.851816e-07
57,137,11.0,2.6692753e-06
57,137,12.0,1.1731418e-05
57,137,13.0,1.5378055e-05
57,137,14.0,1.1038974e-05
57,138,0.0,1.8798763e-09
57,138,1.0,1.018626e-09
57,138,2.0,0.0
57,138,3.0,0.0
57,138,4.0,3.4944454e-09
57,138,5.0,9.084862e-08
57,138,6.0,1.6664751e-08
57,138,7.0,3.869971e-09
57,138,8.0,1.203637e-07
57,138,9.0,2.1862982e-06
57,138,10.0,1.3188998e-05
57,138,11.0,3.910954e-05
57,138,12.0,6.712278e-05
57,138,13.0,9.04974e-05
57,138,14.0,0.000105015395
57,139,0.0,7.809714e-12
57,139,1.0,1.3846242e-10
57,139,2.0,3.3495805e-08
57,139,3.0,5.83305e-06
57,139,4.0,2.2821168e-05
57,139,5.0,3.340069e-05
57,139,6.0,7.611925e-05
57,139,7.0,0.000110574845
57,139,8.0,0.00012932824
57,139,9.0,0.00020652414
57,139,10.0,0.00024654283
57,139,11.0,0.00035269558
57,139,12.0,0.00046498893
57,139,13.0,0.00053874473
57,139,14.0,0.00061832456
57,140,0.0,8.1260936e-05
57,140,1.0,2.9774474e-05
57,140,2.0,0.00010433473
57,140,3.0,0.00024841088
57,140,4.0,0.00039378938
57,140,5.0,0.00054997805
57,140,6.0,0.0006311709
57,140,7.0,0.00085393456
57,140,8.0,0.0010355776
57,140,9.0,0.0011336501
57,140,10.0,0.0013769169
57,140,11.0,0.0019583274
57,140,12.0,0.002350562
57,140,13.0,0.0026042464
57,140,14.0,0.0029512488
57,141,0.0,0.0005816944
57,141,1.0,0.00079559325
57,141,2.0,0.0011520053
57,141,3.0,0.0015961493
57,141,4.0,0.0027403517
57,141,5.0,0.0034463655
57,141,6.0,0.0040296307
57,141,7.0,0.0045534153
57,141,8.0,0.0052301413
57,141,9.0,0.006175706
57,141,10.0,0.007964575
57,141,11.0,0.010177395
57,141,12.0,0.011565937
57,141,13.0,0.0126894815
57,141,14.0,0.0146507695
57,142,0.0,0.0041942894
57,142,1.0,0.005002056
57,142,2.0,0.006439141
57,142,3.0,0.008662713
57,142,4.0,0.0122383945
57,142,5.0,0.013067819
57,142,6.0,0.017259805
57,142,7.0,0.019239493
57,142,8.0,0.021850403
57,142,9.0,0.025115157
57,142,10.0,0.028955808
57,142,11.0,0.03442353
57,142,12.0,0.03567647
57,142,13.0,0.038763396
57,142,14.0,0.04473386
57,143,0.0,0.023180928
57,143,1.0,0.026733328
57,143,2.0,0.029564258
57,143,3.0,0.03815865
57,143,4.0,0.049852367
57,143,5.0,0.050243422
57,143,6.0,0.0565703
57,143,7.0,0.064102754
57,143,8.0,0.06387335
57,143,9.0,0.07273914
57,143,10.0,0.08296482
57,143,11.0,0.08582167
57,143,12.0,0.08698353
57,143,13.0,0.08884661
57,143,14.0,0.10713133
57,144,0.0,0.066195905
57,144,1.0,0.07126696
57,144,2.0,0.08015943
57,144,3.0,0.10834672
57,144,4.0,0.10903525
57,144,5.0,0.11786255
57,144,6.0,0.12985936
57,144,7.0,0.13696654
57,144,8.0,0.14663313
57,144,9.0,0.15350626
57,144,10.0,0.16244496
57,144,11.0,0.15371072
57,144,12.0,0.15716852
57,144,13.0,0.17280337
57,144,14.0,0.1885576
57,145,0.0,0.15825388
57,145,1.0,0.15937905
57,145,2.0,0.17337126
57,145,3.0,0.17758767
57,145,4.0,0.18494369
57,145,5.0,0.20139058
57,145,6.0,0.2084339
57,145,7.0,0.22451365
57,145,8.0,0.22809146
57,145,9.0,0.21958378
57,145,10.0,0.20933816
57,145,11.0,0.19279115
57,145,12.0,0.19396473
57,145,13.0,0.20302592
57,145,14.0,0.22011156
57,146,0.0,0.19350676
57,146,1.0,0.17795876
57,146,2.0,0.16941036
57,146,3.0,0.19208139
57,146,4.0,0.19305335
57,146,5.0,0.20108297
57,146,6.0,0.19929036
57,146,7.0,0.19316532
57,146,8.0,0.20640089
57,146,9.0,0.1831544
57,146,10.0,0.1659767
57,146,11.0,0.1620866
57,146,12.0,0.1617145
57,146,13.0,0.16550331
57,146,14.0,0.16761045
57,147,0.0,0.18580638
57,147,1.0,0.18016148
57,147,2.0,0.16772065
57,147,3.0,0.16209148
57,147,4.0,0.16848315
57,147,5.0,0.15919024
57,147,6.0,0.1521644
57,147,7.0,0.14251117
57,147,8.0,0.14141448
57,147,9.0,0.13579422
57,147,10.0,0.11748954
57,147,11.0,0.10451066
57,147,12.0,0.09680924
57,147,13.0,0.09487252
57,147,14.0,0.10112486
57,148,0.0,0.110099584
57,148,1.0,0.09920021
57,148,2.0,0.0976593
57,148,3.0,0.08010212
57,148,4.0,0.07473715
57,148,5.0,0.06748618
57,148,6.0,0.062950335
57,148,7.0,0.058213957
57,148,8.0,0.057841633
57,148,9.0,0.054883268
57,148,10.0,0.049081165
57,148,11.0,0.0428634
57,148,12.0,0.040171534
57,148,13.0,0.038412437
57,148,14.0,0.03615878
57,149,0.0,0.04466677
57,149,1.0,0.041087724
57,149,2.0,0.03789091
57,149,3.0,0.033873092
57,149,4.0,0.029097391
57,149,5.0,0.024000704
57,149,6.0,0.023044871
57,149,7.0,0.021700853
57,149,8.0,0.02022353
57,149,9.0,0.018965902
57,149,10.0,0.017160626
57,149,11.0,0.015715955
57,149,12.0,0.014169041
57,149,13.0,0.011934167
57,149,14.0,0.010529997
57,150,0.0,0.013718538
57,150,1.0,0.012456781
57,150,2.0,0.009424912
57,150,3.0,0.007951901
57,150,4.0,0.007616839
57,150,5.0,0.0073997406
57,150,6.0,0.0054764384
57,150,7.0,0.0045095677
57,150,8.0,0.0039249137
57,150,9.0,0.0033207939
57,150,10.0,0.0029551382
57,150,11.0,0.0025514741
57,150,12.0,0.0022462225
57,150,13.0,0.0016811112
57,150,14.0,0.0013526437
57,151,0.0,0.0022805633
57,151,1.0,0.0016723379
57,151,2.0,0.0016408096
57,151,3.0,0.0018444865
57,151,4.0,0.0014879631
57,151,5.0,0.0010961716
57,151,6.0,0.00076937117
57,151,7.0,0.0006973475
57,151,8.0,0.0007337193
57,151,9.0,0.00062031427
57,151,10.0,0.0004910018
57,151,11.0,0.00037841866
57,151,12.0,0.00026515962
57,151,13.0,0.00023397202
57,151,14.0,0.0001439415
57,152,0.0,0.00043557587
57,152,1.0,0.00030139016
57,152,2.0,0.00034233258
57,152,3.0,0.00029418085
57,152,4.0,0.00020748375
57,152,5.0,0.0001300778
57,152,6.0,7.778859e-05
57,152,7.0,4.3734988e-05
57,152,8.0,3.0531133e-05
57,152,9.0,2.4976169e-05
57,152,10.0,3.2932243e-05
57,152,11.0,2.6934682e-05
57,152,12.0,8.536568e-06
57,152,13.0,3.5547725e-06
57,152,14.0,1.3153266e-06
57,153,0.0,1.9396111e-06
57,153,1.0,1.5618399e-06
57,153,2.0,2.2255938e-06
57,153,3.0,2.2512706e-06
57,153,4.0,1.6081128e-06
57,153,5.0,6.884446e-07
57,153,6.0,1.0362081e-07
57,153,7.0,4.1702015e-09
57,153,8.0,2.7427633e-09
57,153,9.0,6.1292327e-09
57,153,10.0,9.089508e-09
57,153,11.0,7.956002e-09
57,153,12.0,1.4452978e-08
57,153,13.0,1.0504675e-08
57,153,14.0,7.183185e-09
57,154,0.0,4.9363393e-08
57,154,1.0,1.7057205e-08
57,154,2.0,2.1432707e-07
57,154,3.0,1.0120787e-06
57,154,4.0,5.1435643e-07
57,154,5.0,1.0343161e-07
57,154,6.0,2.3740382e-07
57,154,7.0,1.8588145e-07
57,154,8.0,8.911452e-08
57,154,9.0,6.970061e-08
57,154,10.0,7.145665e-08
57,154,11.0,5.5654105e-08
57,154,12.0,1.8303365e-07
57,154,13.0,2.535158e-07
57,154,14.0,3.439361e-07
57,155,0.0,3.1456986e-07
57,155,1.0,7.789517e-08
57,155,2.0,3.4869265e-07
57,155,3.0,5.037854e-07
57,155,4.0,7.1243375e-07
57,155,5.0,1.2751707e-06
57,155,6.0,8.017151e-07
57,155,7.0,5.1952276e-07
57,155,8.0,1.5645674e-07
57,155,9.0,5.985606e-08
57,155,10.0,1.11198695e-07
57,155,11.0,2.6364827e-07
57,155,12.0,4.4302269e-07
57,155,13.0,5.751466e-07
57,155,14.0,6.3561816e-07
57,156,0.0,2.6242705e-07
57,156,1.0,2.7774678e-07
57,156,2.0,7.103955e-07
57,156,3.0,5.823429e-07
57,156,4.0,3.2635586e-07
57,156,5.0,1.8449586e-07
57,156,6.0,1.9751239e-07
57,156,7.0,3.633962e-07
57,156,8.0,4.3522826e-07
57,156,9.0,3.3981192e-07
57,156,10.0,3.0970398e-07
57,156,11.0,2.729637e-07
57,156,12.0,2.2562637e-07
57,156,13.0,3.144701e-07
57,156,14.0,3.8331973e-07
57,157,0.0,2.4323788e-07
57,157,1.0,1.9591899e-07
57,157,2.0,6.7172647e-07
57,157,3.0,3.61208e-07
57,157,4.0,3.47577e-07
57,157,5.0,3.7867818e-07
57,157,6.0,1.8844624e-07
57,157,7.0,2.0416542e-07
57,157,8.0,2.5339594e-07
57,157,9.0,2.532169e-07
57,157,10.0,2.8897682e-07
57,157,11.0,2.6274927e-07
57,157,12.0,2.595735e-07
57,157,13.0,2.3029249e-07
57,157,14.0,2.1993985e-07
58,135,0.0,2.1117177e-07
58,135,1.0,6.632775e-07
58,135,2.0,1.8303382e-06
58,135,3.0,2.21396e-06
58,135,4.0,5.005135e-07
58,135,5.0,1.229996e-07
58,135,6.0,1.2044383e-07
58,135,7.0,4.950825e-07
58,135,8.0,4.7779224e-07
58,135,9.0,6.2427904e-07
58,135,10.0,8.2354467e-07
58,135,11.0,5.575582e-07
58,135,12.0,2.3793379e-07
58,135,13.0,1.205695e-07
58,135,14.0,1.0056998e-07
58,136,0.0,3.6291297e-07
58,136,1.0,1.306015e-07
58,136,2.0,9.584472e-08
58,136,3.0,1.4127731e-07
58,136,4.0,2.00087e-07
58,136,5.0,2.663466e-07
58,136,6.0,2.3046422e-07
58,136,7.0,1.1289387e-07
58,136,8.0,5.372891e-08
58,136,9.0,1.5067829e-07
58,136,10.0,2.7626135e-07
58,136,11.0,2.0470982e-07
58,136,12.0,9.0403425e-08
58,136,13.0,4.3758565e-08
58,136,14.0,2.6918691e-08
58,137,0.0,6.2221653e-07
58,137,1.0,4.1978527e-07
58,137,2.0,1.8261416e-07
58,137,3.0,1.4623278e-07
58,137,4.0,9.92476e-08
58,137,5.0,5.6705492e-08
58,137,6.0,4.154375e-08
58,137,7.0,4.0533248e-08
58,137,8.0,5.2310295e-08
58,137,9.0,1.4888666e-07
58,137,10.0,2.2886343e-07
58,137,11.0,2.3161243e-07
58,137,12.0,2.547355e-07
58,137,13.0,3.07374e-07
58,137,14.0,3.0563476e-07
58,138,0.0,2.4943682e-07
58,138,1.0,1.2005277e-07
58,138,2.0,3.1399047e-08
58,138,3.0,7.04126e-08
58,138,4.0,7.0128586e-08
58,138,5.0,4.1736257e-08
58,138,6.0,9.366045e-09
58,138,7.0,7.235141e-10
58,138,8.0,1.865826e-09
58,138,9.0,2.5775673e-08
58,138,10.0,6.366004e-08
58,138,11.0,5.808775e-08
58,138,12.0,4.630489e-08
58,138,13.0,4.1881602e-08
58,138,14.0,1.156891e-08
58,139,0.0,4.9090765e-08
58,139,1.0,1.4195442e-08
58,139,2.0,1.50713e-09
58,139,3.0,7.15004e-10
58,139,4.0,2.1705886e-09
58,139,5.0,6.7560045e-08
58,139,6.0,4.1507338e-08
58,139,7.0,1.2252987e-08
58,139,8.0,5.9193446e-09
58,139,9.0,2.627912e-08
58,139,10.0,5.2458066e-08
58,139,11.0,3.64755e-08
58,139,12.0,6.918098e-08
58,139,13.0,4.1974397e-07
58,139,14.0,3.6540467e-07
58,140,0.0,1.686098e-11
58,140,1.0,1.3427203e-09
58,140,2.0,8.6263325e-09
58,140,3.0,8.357059e-08
58,140,4.0,3.8649745e-07
58,140,5.0,5.4800772e-08
58,140,6.0,6.793749e-08
58,140,7.0,6.203379e-08
58,140,8.0,5.1250663e-07
58,140,9.0,3.1668915e-06
58,140,10.0,5.560781e-06
58,140,11.0,2.360728e-05
58,140,12.0,2.7942184e-05
58,140,13.0,2.8108518e-05
58,140,14.0,2.8336264e-05
58,141,0.0,0.0
58,141,1.0,1.8813698e-07
58,141,2.0,2.4504427e-06
58,141,3.0,5.3052363e-06
58,141,4.0,1.0632314e-05
58,141,5.0,2.2647202e-05
58,141,6.0,2.012851e-05
58,141,7.0,3.5072986e-05
58,141,8.0,4.426181e-05
58,141,9.0,0.00011086834
58,141,10.0,0.00016823086
58,141,11.0,0.00025418735
58,141,12.0,0.0003000447
58,141,13.0,0.00036103989
58,141,14.0,0.00041317433
58,142,0.0,4.4761207e-05
58,142,1.0,9.750396e-05
58,142,2.0,0.00013910637
58,142,3.0,0.00014839607
58,142,4.0,0.00014235785
58,142,5.0,0.00024409743
58,142,6.0,0.00030413282
58,142,7.0,0.00031854186
58,142,8.0,0.00043873154
58,142,9.0,0.0005242033
58,142,10.0,0.0007397618
58,142,11.0,0.0011573215
58,142,12.0,0.0013901326
58,142,13.0,0.0015645518
58,142,14.0,0.0018461974
58,143,0.0,0.0005823298
58,143,1.0,0.0007258789
58,143,2.0,0.0008132375
58,143,3.0,0.0010134111
58,143,4.0,0.0011672903
58,143,5.0,0.0016055047
58,143,6.0,0.0020910962
58,143,7.0,0.0026611716
58,143,8.0,0.0029026223
58,143,9.0,0.0032738023
58,143,10.0,0.0043961215
58,143,11.0,0.0055919676
58,143,12.0,0.006203873
58,143,13.0,0.006525624
58,143,14.0,0.006870521
58,144,0.0,0.0031808338
58,144,1.0,0.003944728
58,144,2.0,0.0051005296
58,144,3.0,0.0061194785
58,144,4.0,0.0067300983
58,144,5.0,0.009037616
58,144,6.0,0.011128332
58,144,7.0,0.012866376
58,144,8.0,0.012598831
58,144,9.0,0.014874689
58,144,10.0,0.018397266
58,144,11.0,0.02176103
58,144,12.0,0.023752756
58,144,13.0,0.025820613
58,144,14.0,0.03125905
58,145,0.0,0.016360978
58,145,1.0,0.019288467
58,145,2.0,0.020968465
58,145,3.0,0.022809455
58,145,4.0,0.025966091
58,145,5.0,0.037246067
58,145,6.0,0.039946403
58,145,7.0,0.044124413
58,145,8.0,0.043891393
58,145,9.0,0.045820467
58,145,10.0,0.052065723
58,145,11.0,0.055206146
58,145,12.0,0.05919866
58,145,13.0,0.06431582
58,145,14.0,0.06931962
58,146,0.0,0.051959738
58,146,1.0,0.05586036
58,146,2.0,0.058148585
58,146,3.0,0.060583387
58,146,4.0,0.0829513
58,146,5.0,0.09032252
58,146,6.0,0.09195313
58,146,7.0,0.10083956
58,146,8.0,0.11039581
58,146,9.0,0.11245522
58,146,10.0,0.11211253
58,146,11.0,0.1162794
58,146,12.0,0.117101945
58,146,13.0,0.12595567
58,146,14.0,0.13996017
58,147,0.0,0.09778456
58,147,1.0,0.08998391
58,147,2.0,0.089268714
58,147,3.0,0.10874285
58,147,4.0,0.11419337
58,147,5.0,0.1266621
58,147,6.0,0.12942861
58,147,7.0,0.1296978
58,147,8.0,0.14520656
58,147,9.0,0.14424734
58,147,10.0,0.13613695
58,147,11.0,0.12684363
58,147,12.0,0.12922099
58,147,13.0,0.14036553
58,147,14.0,0.16068864
58,148,0.0,0.12535843
58,148,1.0,0.12307472
58,148,2.0,0.13563675
58,148,3.0,0.13001911
58,148,4.0,0.14655237
58,148,5.0,0.15807796
58,148,6.0,0.15822636
58,148,7.0,0.14956932
58,148,8.0,0.14033382
58,148,9.0,0.13839187
58,148,10.0,0.13205473
58,148,11.0,0.12256104
58,148,12.0,0.12379792
58,148,13.0,0.12661879
58,148,14.0,0.12724002
58,149,0.0,0.122454055
58,149,1.0,0.122417286
58,149,2.0,0.11605406
58,149,3.0,0.12559241
58,149,4.0,0.13326709
58,149,5.0,0.12998535
58,149,6.0,0.12922613
58,149,7.0,0.12044603
58,149,8.0,0.11198971
58,149,9.0,0.10628701
58,149,10.0,0.09663524
58,149,11.0,0.09103201
58,149,12.0,0.08794866
58,149,13.0,0.088372506
58,149,14.0,0.08453318
58,150,0.0,0.08924154
58,150,1.0,0.085857965
58,150,2.0,0.08710851
58,150,3.0,0.09112791
58,150,4.0,0.0898636
58,150,5.0,0.08701195
58,150,6.0,0.08095294
58,150,7.0,0.07402861
58,150,8.0,0.06724699
58,150,9.0,0.060314078
58,150,10.0,0.05453235
58,150,11.0,0.049778007
58,150,12.0,0.048072092
58,150,13.0,0.043325275
58,150,14.0,0.03814511
58,151,0.0,0.039888788
58,151,1.0,0.041582562
58,151,2.0,0.03867831
58,151,3.0,0.03891412
58,151,4.0,0.036122378
58,151,5.0,0.031856738
58,151,6.0,0.02660861
58,151,7.0,0.025248863
58,151,8.0,0.01982015
58,151,9.0,0.016730474
58,151,10.0,0.016130425
58,151,11.0,0.014882673
58,151,12.0,0.01268798
58,151,13.0,0.012026913
58,151,14.0,0.010265042
58,152,0.0,0.012532767
58,152,1.0,0.014271235
58,152,2.0,0.013277232
58,152,3.0,0.013198649
58,152,4.0,0.012301205
58,152,5.0,0.0090904245
58,152,6.0,0.00770225
58,152,7.0,0.006533661
58,152,8.0,0.0047456
58,152,9.0,0.0037910237
58,152,10.0,0.0036986358
58,152,11.0,0.0032728382
58,152,12.0,0.0024529046
58,152,13.0,0.0021171
58,152,14.0,0.0015625886
58,153,0.0,0.0024469567
58,153,1.0,0.0024609577
58,153,2.0,0.0022234381
58,153,3.0,0.0019163522
58,153,4.0,0.0018262827
58,153,5.0,0.0013484643
58,153,6.0,0.0008741385
58,153,7.0,0.00054222986
58,153,8.0,0.00032117966
58,153,9.0,0.00027435902
58,153,10.0,0.00033003913
58,153,11.0,0.00027069033
58,153,12.0,0.00019106406
58,153,13.0,0.00015848811
58,153,14.0,7.7959645e-05
58,154,0.0,0.0002206277
58,154,1.0,0.00038616714
58,154,2.0,0.00031916721
58,154,3.0,0.0002965457
58,154,4.0,0.00022800454
58,154,5.0,0.0001080201
58,154,6.0,6.0713206e-05
58,154,7.0,1.6315233e-05
58,154,8.0,3.9073457e-06
58,154,9.0,5.4837024e-06
58,154,10.0,7.6224037e-06
58,154,11.0,4.026596e-06
58,154,12.0,1.3735902e-06
58,154,13.0,8.0375474e-07
58,154,14.0,1.8633861e-07
58,155,0.0,9.0143914e-07
58,155,1.0,2.1921464e-06
58,155,2.0,2.306781e-06
58,155,3.0,1.8490242e-06
58,155,4.0,1.3334864e-06
58,155,5.0,7.2547533e-07
58,155,6.0,5.1672333e-07
58,155,7.0,4.376686e-08
58,155,8.0,2.6827117e-08
58,155,9.0,2.9424257e-08
58,155,10.0,5.8272633e-08
58,155,11.0,2.3141146e-08
58,155,12.0,1.489481e-07
58,155,13.0,1.09459535e-07
58,155,14.0,7.110406e-08
58,156,0.0,1.9096015e-07
58,156,1.0,2.8610134e-09
58,156,2.0,3.3874315e-08
58,156,3.0,4.54043e-07
58,156,4.0,5.7528604e-07
58,156,5.0,1.7213759e-07
58,156,6.0,5.5375157e-08
58,156,7.0,4.5989985e-08
58,156,8.0,2.3627605e-08
58,156,9.0,3.2427085e-08
58,156,10.0,6.871737e-08
58,156,11.0,7.386115e-08
58,156,12.0,9.710349e-08
58,156,13.0,2.3602601e-07
58,156,14.0,2.8990954e-07
58,157,0.0,5.5990053e-08
58,157,1.0,2.9375624e-07
58,157,2.0,4.5077613e-07
58,157,3.0,3.098464e-07
58,157,4.0,4.4729387e-07
58,157,5.0,5.663615e-07
58,157,6.0,5.770636e-07
58,157,7.0,5.792831e-07
58,157,8.0,7.4301795e-07
58,157,9.0,5.5999453e-07
58,157,10.0,4.6389306e-07
58,157,11.0,5.195112e-07
58,157,12.0,4.2719046e-07
58,157,13.0,2.7396445e-07
58,157,14.0,2.996254e-07
58,158,0.0,8.689805e-08
58,158,1.0,1.9185357e-07
58,158,2.0,1.9841637e-07
58,158,3.0,9.5113684e-08
58,158,4.0,2.2729827e-07
58,158,5.0,5.5496497e-07
58,158,6.0,4.3001205e-07
58,158,7.0,3.234633e-07
58,158,8.0,1.8772165e-07
58,158,9.0,1.5639391e-07
58,158,10.0,1.8578649e-07
58,158,11.0,1.4698571e-07
58,158,12.0,1.4772449e-07
58,158,13.0,2.985871e-07
58,158,14.0,5.5956275e-07
58,159,0.0,7.823873e-09
58,159,1.0,1.9390308e-07
58,159,2.0,4.83463e-07
58,159,3.0,1.901545e-07
58,159,4.0,2.159251e-07
58,159,5.0,2.815536e-07
58,159,6.0,2.0253529e-07
58,159,7.0,2.2011304e-07
58,159,8.0,2.0784594e-07
58,159,9.0,9.950114e-08
58,159,10.0,4.9287635e-08
58,159,11.0,3.2569623e-08
58,159,12.0,4.6920167e-08
58,159,13.0,5.8007952e-08
58,159,14.0,2.3339727e-08
58,160,0.0,9.3642484e-08
58,160,1.0,3.116083e-07
58,160,2.0,3.6804812e-07
58,160,3.0,3.4933626e-07
58,160,4.0,2.731944e-07
58,160,5.0,7.420571e-08
58,160,6.0,1.11207406e-07
58,160,7.0,3.7172597e-07
58,160,8.0,6.185405e-07
58,160,9.0,6.663666e-07
58,160,10.0,4.6540785e-07
58,160,11.0,2.7351646e-07
58,160,12.0,2.8737253e-07
58,160,13.0,3.6487347e-07
58,160,14.0,1.9676514e-07
59,138,0.0,1.2119731e-06
59,138,1.0,8.604234e-07
59,138,2.0,7.222241e-07
59,138,3.0,5.5729555e-07
59,138,4.0,8.9800193e-07
59,138,5.0,3.9271384e-07
59,138,6.0,6.675094e-08
59,138,7.0,6.111027e-08
59,138,8.0,8.104104e-08
59,138,9.0,2.3137717e-07
59,138,10.0,2.3491866e-07
59,138,11.0,1.1924293e-07
59,138,12.0,8.656728e-08
59,138,13.0,9.529136e-08
59,138,14.0,7.1850295e-08
59,139,0.0,6.6678695e-08
59,139,1.0,1.7843536e-08
59,139,2.0,1.9115212e-09
59,139,3.0,1.0064933e-09
59,139,4.0,2.309836e-09
59,139,5.0,2.2515732e-08
59,139,6.0,4.5731465e-08
59,139,7.0,7.639264e-08
59,139,8.0,1.345529e-07
59,139,9.0,2.9287727e-07
59,139,10.0,2.857735e-07
59,139,11.0,1.3756434e-07
59,139,12.0,7.315866e-08
59,139,13.0,3.722022e-08
59,139,14.0,1.2831188e-08
59,140,0.0,9.98971e-08
59,140,1.0,1.8274162e-07
59,140,2.0,2.3579759e-07
59,140,3.0,2.6174493e-07
59,140,4.0,2.6102006e-07
59,140,5.0,2.055958e-07
59,140,6.0,9.8154295e-08
59,140,7.0,5.8056088e-08
59,140,8.0,9.160641e-08
59,140,9.0,1.7996129e-07
59,140,10.0,1.2540109e-07
59,140,11.0,7.488118e-08
59,140,12.0,5.9165668e-08
59,140,13.0,4.2413905e-08
59,140,14.0,1.937832e-08
59,141,0.0,9.833287e-09
59,141,1.0,1.4903637e-08
59,141,2.0,4.750961e-09
59,141,3.0,7.8674886e-11
59,141,4.0,0.0
59,141,5.0,2.0794613e-10
59,141,6.0,3.330858e-11
59,141,7.0,3.3730387e-11
59,141,8.0,6.206335e-11
59,141,9.0,4.335843e-11
59,141,10.0,4.0957448e-14
59,141,11.0,5.8044265e-13
59,141,12.0,2.1385044e-10
59,141,13.0,1.084295e-09
59,141,14.0,4.5126727e-10
59,142,0.0,2.5092148e-09
59,142,1.0,2.7799363e-10
59,142,2.0,0.0
59,142,3.0,0.0
59,142,4.0,0.0
59,142,5.0,4.583348e-10
59,142,6.0,5.874621e-12
59,142,7.0,6.3625537e-13
59,142,8.0,3.731824e-10
59,142,9.0,7.4741946e-10
59,142,10.0,7.153745e-09
59,142,11.0,8.013559e-08
59,142,12.0,3.2311257e-07
59,142,13.0,1.2272152e-06
59,142,14.0,1.8330863e-06
59,143,0.0,5.901851e-11
59,143,1.0,7.3480494e-10
59,143,2.0,2.1914538e-10
59,143,3.0,0.0
59,143,4.0,0.0
59,143,5.0,5.2581863e-09
59,143,6.0,3.790143e-08
59,143,7.0,9.756595e-08
59,143,8.0,5.2027183e-08
59,143,9.0,6.343579e-08
59,143,10.0,1.4404331e-07
59,143,11.0,3.5422436e-06
59,143,12.0,1.4240043e-05
59,143,13.0,2.6798334e-05
59,143,14.0,3.531142e-05
59,144,0.0,1.03110104e-10
59,144,1.0,2.3536636e-08
59,144,2.0,9.749556e-08
59,144,3.0,8.0659055e-07
59,144,4.0,1.4375356e-06
59,144,5.0,1.0006586e-05
59,144,6.0,1.874943e-05
59,144,7.0,2.4127372e-05
59,144,8.0,2.5585407e-05
59,144,9.0,2.7981376e-05
59,144,10.0,7.900883e-05
59,144,11.0,0.00010914973
59,144,12.0,0.00013850718
59,144,13.0,0.00016599463
59,144,14.0,0.00018317984
59,145,0.0,3.1472515e-05
59,145,1.0,3.495448e-05
59,145,2.0,4.085399e-05
59,145,3.0,6.722831e-05
59,145,4.0,0.00010480823
59,145,5.0,0.00012274117
59,145,6.0,0.0002091357
59,145,7.0,0.00020326051
59,145,8.0,0.00023531947
59,145,9.0,0.00032928566
59,145,10.0,0.00044551725
59,145,11.0,0.00057798857
59,145,12.0,0.0006835708
59,145,13.0,0.00075883936
59,145,14.0,0.00090829784
59,146,0.0,0.00027490605
59,146,1.0,0.00035361736
59,146,2.0,0.0003999077
59,146,3.0,0.00051677204
59,146,4.0,0.00078320195
59,146,5.0,0.0010601736
59,146,6.0,0.0016275356
59,146,7.0,0.0016243049
59,146,8.0,0.0023779287
59,146,9.0,0.0027077666
59,146,10.0,0.003166714
59,146,11.0,0.0037677304
59,146,12.0,0.004286808
59,146,13.0,0.0047355634
59,146,14.0,0.005510615
59,147,0.0,0.001754082
59,147,1.0,0.0021270015
59,147,2.0,0.0024863135
59,147,3.0,0.0035051994
59,147,4.0,0.0045328075
59,147,5.0,0.0054549123
59,147,6.0,0.006461762
59,147,7.0,0.007605114
59,147,8.0,0.008030469
59,147,9.0,0.0095678605
59,147,10.0,0.011113141
59,147,11.0,0.01272905
59,147,12.0,0.015057523
59,147,13.0,0.016418822
59,147,14.0,0.01634948
59,148,0.0,0.006004266
59,148,1.0,0.006550984
59,148,2.0,0.007710439
59,148,3.0,0.011674079
59,148,4.0,0.015824815
59,148,5.0,0.016924707
59,148,6.0,0.019653503
59,148,7.0,0.02318321
59,148,8.0,0.024251014
59,148,9.0,0.025754593
59,148,10.0,0.0284784
59,148,11.0,0.033798344
59,148,12.0,0.03501661
59,148,13.0,0.03472067
59,148,14.0,0.035010356
59,149,0.0,0.016780939
59,149,1.0,0.017896455
59,149,2.0,0.024590407
59,149,3.0,0.030108524
59,149,4.0,0.03673172
59,149,5.0,0.0408227
59,149,6.0,0.047843557
59,149,7.0,0.046590302
59,149,8.0,0.045076374
59,149,9.0,0.044257853
59,149,10.0,0.042801656
59,149,11.0,0.047624875
59,149,12.0,0.050354134
59,149,13.0,0.049100038
59,149,14.0,0.05039401
59,150,0.0,0.025265336
59,150,1.0,0.029755376
59,150,2.0,0.040070705
59,150,3.0,0.050114915
59,150,4.0,0.062212635
59,150,5.0,0.067871
59,150,6.0,0.06428126
59,150,7.0,0.07157061
59,150,8.0,0.06295348
59,150,9.0,0.055734273
59,150,10.0,0.058599602
59,150,11.0,0.06223704
59,150,12.0,0.06227506
59,150,13.0,0.05780628
59,150,14.0,0.056948323
59,151,0.0,0.031480126
59,151,1.0,0.039515454
59,151,2.0,0.050138958
59,151,3.0,0.06758514
59,151,4.0,0.07806597
59,151,5.0,0.08016525
59,151,6.0,0.07283222
59,151,7.0,0.061693843
59,151,8.0,0.05286855
59,151,9.0,0.046919946
59,151,10.0,0.04916158
59,151,11.0,0.04947573
59,151,12.0,0.04548858
59,151,13.0,0.038185563
59,151,14.0,0.03433336
59,152,0.0,0.02556539
59,152,1.0,0.030167539
59,152,2.0,0.040491622
59,152,3.0,0.048527125
59,152,4.0,0.053431455
59,152,5.0,0.05053735
59,152,6.0,0.043143626
59,152,7.0,0.033606194
59,152,8.0,0.02535306
59,152,9.0,0.022395292
59,152,10.0,0.022555249
59,152,11.0,0.021867169
59,152,12.0,0.01952695
59,152,13.0,0.019675445
59,152,14.0,0.017502602
59,153,0.0,0.010496775
59,153,1.0,0.014095885
59,153,2.0,0.019012619
59,153,3.0,0.0237885
59,153,4.0,0.02456478
59,153,5.0,0.022687886
59,153,6.0,0.018117582
59,153,7.0,0.015033628
59,153,8.0,0.009745979
59,153,9.0,0.008393941
59,153,10.0,0.009012491
59,153,11.0,0.0074478653
59,153,12.0,0.005267477
59,153,13.0,0.004832307
59,153,14.0,0.0037500868
59,154,0.0,0.0030243814
59,154,1.0,0.0044405675
59,154,2.0,0.0054821833
59,154,3.0,0.0062896274
59,154,4.0,0.0060230508
59,154,5.0,0.0045948885
59,154,6.0,0.003858606
59,154,7.0,0.0024609135
59,154,8.0,0.0014083585
59,154,9.0,0.0009995506
59,154,10.0,0.0009536852
59,154,11.0,0.0008072572
59,154,12.0,0.00078503584
59,154,13.0,0.0007785297
59,154,14.0,0.0005385877
59,155,0.0,0.00044823904
59,155,1.0,0.0006393318
59,155,2.0,0.00065740553
59,155,3.0,0.00068163965
59,155,4.0,0.0006794926
59,155,5.0,0.0005109122
59,155,6.0,0.00044309944
59,155,7.0,0.0002590937
59,155,8.0,0.00017458643
59,155,9.0,0.00014015674
59,155,10.0,0.00013448192
59,155,11.0,9.177673e-05
59,155,12.0,6.977335e-05
59,155,13.0,6.709693e-05
59,155,14.0,7.7007295e-05
59,156,0.0,4.240434e-05
59,156,1.0,6.130847e-05
59,156,2.0,4.922746e-05
59,156,3.0,6.0073588e-05
59,156,4.0,7.8606354e-05
59,156,5.0,5.6901623e-05
59,156,6.0,2.9133702e-05
59,156,7.0,6.568994e-06
59,156,8.0,1.8315012e-06
59,156,9.0,2.406159e-06
59,156,10.0,4.6333416e-06
59,156,11.0,2.2054676e-06
59,156,12.0,2.1957324e-07
59,156,13.0,7.068764e-08
59,156,14.0,1.7338718e-07
59,157,0.0,1.07478094e-07
59,157,1.0,2.0114017e-07
59,157,2.0,4.9835234e-07
59,157,3.0,4.0225865e-07
59,157,4.0,7.846191e-07
59,157,5.0,3.3308416e-07
59,157,6.0,4.5336364e-07
59,157,7.0,1.4634782e-07
59,157,8.0,2.7135573e-07
59,157,9.0,9.443121e-07
59,157,10.0,1.9879371e-06
59,157,11.0,6.5304704e-07
59,157,12.0,9.0233226e-07
59,157,13.0,6.9540556e-07
59,157,14.0,1.1568586e-07
59,158,0.0,7.447836e-08
59,158,1.0,2.8034408e-09
59,158,2.0,3.1424305e-09
59,158,3.0,1.1917716e-07
59,158,4.0,4.162049e-07
59,158,5.0,4.929101e-07
59,158,6.0,1.4056374e-07
59,158,7.0,1.5277878e-07
59,158,8.0,6.387961e-08
59,158,9.0,8.669189e-08
59,158,10.0,9.970098e-08
59,158,11.0,7.5017795e-08
59,158,12.0,5.9070754e-08
59,158,13.0,4.3818105e-08
59,158,14.0,7.513296e-08
59,159,0.0,1.9152377e-07
59,159,1.0,2.7474468e-07
59,159,2.0,7.714696e-08
59,159,3.0,3.2254306e-08
59,159,4.0,1.142605e-07
59,159,5.0,1.18432624e-07
59,159,6.0,1.11727374e-07
59,159,7.0,3.212539e-08
59,159,8.0,9.010485e-08
59,159,9.0,1.1524082e-07
59,159,10.0,1.6702045e-07
59,159,11.0,1.17278546e-07
59,159,12.0,1.2208064e-07
59,159,13.0,8.3055575e-08
59,159,14.0,7.459398e-08
59,160,0.0,1.8512916e-08
59,160,1.0,4.584714e-08
59,160,2.0,4.762951e-08
59,160,3.0,2.4113618e-08
59,160,4.0,8.40468e-08
59,160,5.0,1.6191046e-07
59,160,6.0,1.9866641e-07
59,160,7.0,6.595207e-08
59,160,8.0,6.6726685e-08
59,160,9.0,1.1902888e-07
59,160,10.0,3.1173408e-07
59,160,11.0,2.5194902e-07
59,160,12.0,1.0365387e-07
59,160,13.0,1.03132166e-07
59,160,14.0,2.5723446e-07
59,161,0.0,1.6341907e-08
59,161,1.0,1.8131288e-07
59,161,2.0,1.1819611e-07
59,161,3.0,4.441394e-08
59,161,4.0,8.56063e-08
59,161,5.0,3.5955105e-07
59,161,6.0,4.2865642e-07
59,161,7.0,4.2780232e-07
59,161,8.0,1.6385512e-07
59,161,9.0,8.943961e-08
59,161,10.0,6.174378e-08
59,161,11.0,5.1730094e-08
59,161,12.0,1.2951975e-07
59,161,13.0,3.1475517e-07
59,161,14.0,3.8805013e-07
59,162,0.0,8.902172e-08
59,162,1.0,7.7608206e-08
59,162,2.0,9.335311e-08
59,162,3.0,9.870612e-08
59,162,4.0,1.08756765e-07
59,162,5.0,1.6261498e-07
59,162,6.0,2.546612e-07
59,162,7.0,2.6169113e-07
59,162,8.0,2.814866e-07
59,162,9.0,2.864563e-07
59,162,10.0,2.1751762e-07
59,162,11.0,1.4898517e-07
59,162,12.0,2.1949344e-07
59,162,13.0,5.1508033e-07
59,162,14.0,5.2384763e-07
60,141,0.0,7.276017e-08
60,141,1.0,1.10883256e-07
60,141,2.0,3.7786926e-08
60,141,3.0,1.05933955e-08
60,141,4.0,6.174611e-09
60,141,5.0,3.4523953e-08
60,141,6.0,2.6847314e-07
60,141,7.0,3.163868e-07
60,141,8.0,4.192331e-07
60,141,9.0,4.1638467e-07
60,141,10.0,3.3467867e-07
60,141,11.0,2.6299975e-07
60,141,12.0,3.4909652e-07
60,141,13.0,5.1001996e-07
60,141,14.0,5.364431e-07
60,142,0.0,8.053093e-08
60,142,1.0,4.0188027e-08
60,142,2.0,6.713743e-08
60,142,3.0,1.0041859e-07
60,142,4.0,2.4866864e-07
60,142,5.0,9.145145e-07
60,142,6.0,9.414805e-07
60,142,7.0,1.0871805e-06
60,142,8.0,1.1467823e-06
60,142,9.0,9.142149e-07
60,142,10.0,8.67294e-07
60,142,11.0,9.051521e-07
60,142,12.0,1.1786794e-06
60,142,13.0,9.299358e-07
60,142,14.0,5.0198446e-07
60,143,0.0,6.273445e-08
60,143,1.0,2.1117529e-07
60,143,2.0,8.751813e-08
60,143,3.0,5.0925614e-08
60,143,4.0,3.6413557e-08
60,143,5.0,1.290524e-07
60,143,6.0,6.9312904e-07
60,143,7.0,5.8071873e-07
60,143,8.0,3.3612577e-07
60,143,9.0,2.295715e-07
60,143,10.0,1.3369653e-07
60,143,11.0,8.349796e-08
60,143,12.0,6.534192e-08
60,143,13.0,6.8195206e-08
60,143,14.0,4.088103e-08
60,144,0.0,0.0
60,144,1.0,1.5812684e-09
60,144,2.0,3.6486947e-09
60,144,3.0,9.836209e-10
60,144,4.0,1.2236258e-09
60,144,5.0,9.943638e-10
60,144,6.0,2.2211184e-08
60,144,7.0,3.7310066e-08
60,144,8.0,4.512066e-09
60,144,9.0,6.0071326e-10
60,144,10.0,3.1438255e-10
60,144,11.0,2.7601058e-10
60,144,12.0,1.2865095e-09
60,144,13.0,1.2056233e-09
60,144,14.0,1.3226843e-09
60,145,0.0,1.6243587e-13
60,145,1.0,6.291654e-10
60,145,2.0,5.298894e-10
60,145,3.0,5.064454e-10
60,145,4.0,3.942952e-09
60,145,5.0,1.9356859e-10
60,145,6.0,8.222232e-10
60,145,7.0,9.814451e-10
60,145,8.0,1.2927401e-10
60,145,9.0,9.637153e-10
60,145,10.0,1.5163236e-08
60,145,11.0,9.5512675e-08
60,145,12.0,6.993665e-08
60,145,13.0,9.088481e-08
60,145,14.0,2.2375269e-07
60,146,0.0,0.0
60,146,1.0,2.6786834e-10
60,146,2.0,1.2664237e-09
60,146,3.0,1.8841638e-08
60,146,4.0,1.9685368e-08
60,146,5.0,7.5690747e-07
60,146,6.0,3.400724e-06
60,146,7.0,7.083582e-06
60,146,8.0,9.672761e-06
60,146,9.0,1.1752748e-05
60,146,10.0,2.0652999e-05
60,146,11.0,6.70543e-05
60,146,12.0,0.00011658985
60,146,13.0,0.00017070447
60,146,14.0,0.00022336909
60,147,0.0,1.2612778e-05
60,147,1.0,1.902084e-05
60,147,2.0,2.6716354e-05
60,147,3.0,2.6748929e-05
60,147,4.0,4.899255e-05
60,147,5.0,7.836386e-05
60,147,6.0,9.8402634e-05
60,147,7.0,0.0001036763
60,147,8.0,0.00010383537
60,147,9.0,0.0001911307
60,147,10.0,0.0002754158
60,147,11.0,0.00036634243
60,147,12.0,0.00046227837
60,147,13.0,0.0005899082
60,147,14.0,0.0007646749
60,148,0.0,0.00019764477
60,148,1.0,0.0002428904
60,148,2.0,0.00027417674
60,148,3.0,0.00045738716
60,148,4.0,0.0005301896
60,148,5.0,0.00067211885
60,148,6.0,0.0007290136
60,148,7.0,0.00089129497
60,148,8.0,0.0010338259
60,148,9.0,0.0012748291
60,148,10.0,0.0016448796
60,148,11.0,0.0020293181
60,148,12.0,0.0022396517
60,148,13.0,0.0025839524
60,148,14.0,0.0028872
60,149,0.0,0.00084810413
60,149,1.0,0.0009479501
60,149,2.0,0.0011742476
60,149,3.0,0.0015338962
60,149,4.0,0.0027268713
60,149,5.0,0.0032337713
60,149,6.0,0.0037850097
60,149,7.0,0.0037106536
60,149,8.0,0.0036124305
60,149,9.0,0.00452314
60,149,10.0,0.005270128
60,149,11.0,0.0065847104
60,149,12.0,0.007981089
60,149,13.0,0.008408504
60,149,14.0,0.008571852
60,150,0.0,0.0032051478
60,150,1.0,0.0036659343
60,150,2.0,0.005118363
60,150,3.0,0.008545222
60,150,4.0,0.009211138
60,150,5.0,0.011672203
60,150,6.0,0.012594326
60,150,7.0,0.012623963
60,150,8.0,0.013147137
60,150,9.0,0.013990987
60,150,10.0,0.016647369
60,150,11.0,0.01830359
60,150,12.0,0.01973151
60,150,13.0,0.021333173
60,150,14.0,0.02154412
60,151,0.0,0.0066107316
60,151,1.0,0.009304914
60,151,2.0,0.014231353
60,151,3.0,0.017736848
60,151,4.0,0.024390696
60,151,5.0,0.028909152
60,151,6.0,0.02757796
60,151,7.0,0.030724619
60,151,8.0,0.02924633
60,151,9.0,0.027678885
60,151,10.0,0.031611823
60,151,11.0,0.034780983
60,151,12.0,0.037870143
60,151,13.0,0.038781323
60,151,14.0,0.038458176
60,152,0.0,0.014934439
60,152,1.0,0.019150833
60,152,2.0,0.026009794
60,152,3.0,0.03922407
60,152,4.0,0.04824203
60,152,5.0,0.05309975
60,152,6.0,0.052113023
60,152,7.0,0.046336263
60,152,8.0,0.04252516
60,152,9.0,0.038563833
60,152,10.0,0.038798224
60,152,11.0,0.04105617
60,152,12.0,0.04271137
60,152,13.0,0.042360406
60,152,14.0,0.041901827
60,153,0.0,0.01542369
60,153,1.0,0.024273152
60,153,2.0,0.036139686
60,153,3.0,0.047520068
60,153,4.0,0.053664822
60,153,5.0,0.055290494
60,153,6.0,0.049945123
60,153,7.0,0.044429716
60,153,8.0,0.034216855
60,153,9.0,0.031557545
60,153,10.0,0.03345271
60,153,11.0,0.034734115
60,153,12.0,0.032278802
60,153,13.0,0.028061986
60,153,14.0,0.02604811
60,154,0.0,0.013089539
60,154,1.0,0.01960935
60,154,2.0,0.030648474
60,154,3.0,0.034859065
60,154,4.0,0.038192835
60,154,5.0,0.035798565
60,154,6.0,0.031228025
60,154,7.0,0.022845315
60,154,8.0,0.019606652
60,154,9.0,0.016565768
60,154,10.0,0.01560482
60,154,11.0,0.01485961
60,154,12.0,0.013880616
60,154,13.0,0.012752521
60,154,14.0,0.011153415
60,155,0.0,0.005597574
60,155,1.0,0.008652052
60,155,2.0,0.011630519
60,155,3.0,0.014283407
60,155,4.0,0.014397184
60,155,5.0,0.012511869
60,155,6.0,0.010243999
60,155,7.0,0.007905984
60,155,8.0,0.005656437
60,155,9.0,0.005662421
60,155,10.0,0.006533987
60,155,11.0,0.0064584045
60,155,12.0,0.0053385166
60,155,13.0,0.0048034047
60,155,14.0,0.0041168784
60,156,0.0,0.0015736592
60,156,1.0,0.0026122697
60,156,2.0,0.00431279
60,156,3.0,0.0050048325
60,156,4.0,0.005277668
60,156,5.0,0.004433151
60,156,6.0,0.00383526
60,156,7.0,0.002414439
60,156,8.0,0.002082292
60,156,9.0,0.002023805
60,156,10.0,0.002157634
60,156,11.0,0.001954138
60,156,12.0,0.001716096
60,156,13.0,0.0015489236
60,156,14.0,0.0010748503
60,157,0.0,0.00039855723
60,157,1.0,0.0008370702
60,157,2.0,0.0011381841
60,157,3.0,0.0013607015
60,157,4.0,0.0015320925
60,157,5.0,0.001209661
60,157,6.0,0.0010620091
60,157,7.0,0.0006056944
60,157,8.0,0.00045449278
60,157,9.0,0.00053530827
60,157,10.0,0.0006449882
60,157,11.0,0.00054718263
60,157,12.0,0.00039888115
60,157,13.0,0.00034720532
60,157,14.0,0.00029753288
60,158,0.0,0.0001233615
60,158,1.0,0.00022596694
60,158,2.0,0.000219895
60,158,3.0,0.0001973275
60,158,4.0,0.00024822776
60,158,5.0,0.0002460215
60,158,6.0,0.00025618638
60,158,7.0,0.00015101374
60,158,8.0,0.00010680347
60,158,9.0,0.00012003762
60,158,10.0,0.00015691655
60,158,11.0,0.000128657
60,158,12.0,0.00010873
60,158,13.0,9.965894e-05
60,158,14.0,8.5604195e-05
60,159,0.0,3.0737694e-05
60,159,1.0,4.282611e-05
60,159,2.0,8.564399e-05
60,159,3.0,7.736172e-05
60,159,4.0,8.990869e-05
60,159,5.0,0.000105493
60,159,6.0,6.259887e-05
60,159,7.0,2.1528882e-05
60,159,8.0,1.6643613e-05
60,159,9.0,1.2681417e-05
60,159,10.0,1.3052521e-05
60,159,11.0,1.3506214e-05
60,159,12.0,1.810596e-05
60,159,13.0,1.2833754e-05
60,159,14.0,7.53375e-06
60,160,0.0,4.324474e-07
60,160,1.0,1.3098071e-06
60,160,2.0,3.2291715e-07
60,160,3.0,1.1261074e-07
60,160,4.0,2.5923916e-07
60,160,5.0,1.232574e-07
60,160,6.0,1.3088346e-07
60,160,7.0,8.257894e-08
60,160,8.0,3.1028185e-07
60,160,9.0,4.3067502e-07
60,160,10.0,4.546793e-07
60,160,11.0,4.418141e-07
60,160,12.0,5.9447643e-07
60,160,13.0,6.2962033e-07
60,160,14.0,3.9672744e-07
60,161,0.0,3.0631404e-07
60,161,1.0,1.2419402e-07
60,161,2.0,3.6494783e-09
60,161,3.0,1.4102547e-10
60,161,4.0,1.9814188e-09
60,161,5.0,8.4811425e-08
60,161,6.0,1.6218776e-07
60,161,7.0,2.5144266e-07
60,161,8.0,4.2737975e-07
60,161,9.0,2.4495938e-07
60,161,10.0,9.571815e-08
60,161,11.0,9.433743e-08
60,161,12.0,2.8944513e-07
60,161,13.0,4.59878e-07
60,161,14.0,2.5300707e-07
60,162,0.0,4.0854246e-07
60,162,1.0,8.431604e-08
60,162,2.0,6.814843e-08
60,162,3.0,9.076257e-08
60,162,4.0,8.902295e-08
60,162,5.0,1.8977268e-07
60,162,6.0,1.0727656e-07
60,162,7.0,6.648006e-08
60,162,8.0,1.4638884e-07
60,162,9.0,2.9128668e-07
60,162,10.0,2.4022543e-07
60,162,11.0,2.2604873e-07
60,162,12.0,4.4648e-07
60,162,13.0,8.6193654e-07
60,162,14.0,6.5578433e-07
60,163,0.0,1.2695814e-07
60,163,1.0,3.4991388e-07
60,163,2.0,7.539659e-07
60,163,3.0,1.1202419e-06
60,163,4.0,7.1985255e-07
60,163,5.0,3.8066014e-07
60,163,6.0,1.8290393e-07
60,163,7.0,2.5106138e-07
60,163,8.0,2.0197932e-07
60,163,9.0,1.3180133e-07
60,163,10.0,1.4578757e-07
60,163,11.0,2.0107677e-07
60,163,12.0,2.0546807e-07
60,163,13.0,2.7018976e-07
60,163,14.0,2.820858e-07
60,164,0.0,1.6255804e-07
60,164,1.0,1.3451522e-07
60,164,2.0,2.1189608e-07
60,164,3.0,4.5282442e-07
60,164,4.0,4.5457077e-07
60,164,5.0,5.5194374e-07
60,164,6.0,5.1015195e-07
60,164,7.0,3.221298e-07
60,164,8.0,2.6118667e-07
60,164,9.0,3.9576724e-07
60,164,10.0,3.69402e-07
60,164,11.0,2.6264138e-07
60,164,12.0,2.7406296e-07
60,164,13.0,4.03534e-07
60,164,14.0,4.2254047e-07
61,144,0.0,5.327617e-07
61,144,1.0,3.489818e-07
61,144,2.0,1.3584476e-07
61,144,3.0,6.826818e-08
61,144,4.0,1.9755198e-08
61,144,5.0,9.85968e-10
61,144,6.0,3.1981745e-08
61,144,7.0,6.373077e-08
61,144,8.0,5.5011142e-08
61,144,9.0,1.03277685e-07
61,144,10.0,1.7495131e-07
61,144,11.0,2.0870134e-07
61,144,12.0,2.2405085e-07
61,144,13.0,2.9412192e-07
61,144,14.0,5.3630606e-07
61,145,0.0,3.635956e-07
61,145,1.0,3.0819803e-07
61,145,2.0,2.2536115e-07
61,145,3.0,1.0305261e-07
61,145,4.0,7.75107e-08
61,145,5.0,7.8639864e-08
61,145,6.0,7.065767e-08
61,145,7.0,9.162587e-08
61,145,8.0,2.2977035e-07
61,145,9.0,6.500016e-07
61,145,10.0,6.043944e-07
61,145,11.0,3.235862e-07
61,145,12.0,1.4563909e-07
61,145,13.0,1.2737317e-07
61,145,14.0,3.3477653e-07
61,146,0.0,1.313196e-07
61,146,1.0,1.2523593e-07
61,146,2.0,7.730324e-08
61,146,3.0,8.317228e-08
61,146,4.0,2.29609e-07
61,146,5.0,3.7319077e-07
61,146,6.0,3.3671193e-07
61,146,7.0,3.3304448e-07
61,146,8.0,2.9486338e-07
61,146,9.0,3.5943378e-07
61,146,10.0,3.6620082e-07
61,146,11.0,3.1113373e-07
61,146,12.0,2.3881213e-07
61,146,13.0,1.6393183e-07
61,146,14.0,9.385964e-08
61,147,0.0,1.1016715e-07
61,147,1.0,1.9161328e-07
61,147,2.0,2.4559793e-07
61,147,3.0,2.7290818e-07
61,147,4.0,2.705332e-07
61,147,5.0,2.3812905e-07
61,147,6.0,2.0616959e-07
61,147,7.0,2.2487943e-07
61,147,8.0,2.2207114e-07
61,147,9.0,2.5999324e-07
61,147,10.0,2.839347e-07
61,147,11.0,2.9645952e-07
61,147,12.0,1.5106065e-07
61,147,13.0,1.8720005e-08
61,147,14.0,1.9268545e-10
61,148,0.0,1.0822017e-09
61,148,1.0,8.445206e-09
61,148,2.0,1.6019193e-08
61,148,3.0,1.6422174e-08
61,148,4.0,5.824983e-08
61,148,5.0,1.3040124e-08
61,148,6.0,8.062782e-09
61,148,7.0,1.817153e-08
61,148,8.0,2.4787978e-09
61,148,9.0,6.121969e-09
61,148,10.0,1.0736516e-08
61,148,11.0,6.0105316e-09
61,148,12.0,2.4579663e-09
61,148,13.0,1.228368e-09
61,148,14.0,7.3417676e-09
61,149,0.0,0.0
61,149,1.0,6.627799e-10
61,149,2.0,4.97898e-09
61,149,3.0,1.8573914e-08
61,149,4.0,9.922335e-10
61,149,5.0,2.8741869e-09
61,149,6.0,2.3203388e-08
61,149,7.0,1.1034801e-08
61,149,8.0,4.2596224e-09
61,149,9.0,1.1934328e-08
61,149,10.0,1.6787698e-07
61,149,11.0,2.201302e-06
61,149,12.0,7.7432705e-06
61,149,13.0,1.960192e-05
61,149,14.0,3.1039603e-05
61,150,0.0,1.7565294e-07
61,150,1.0,1.9201536e-07
61,150,2.0,4.060727e-07
61,150,3.0,5.5097325e-06
61,150,4.0,2.6196838e-05
61,150,5.0,9.292598e-05
61,150,6.0,0.000118953314
61,150,7.0,9.243553e-05
61,150,8.0,9.786901e-05
61,150,9.0,0.00019700242
61,150,10.0,0.0003426749
61,150,11.0,0.0004485698
61,150,12.0,0.00057366164
61,150,13.0,0.0005871174
61,150,14.0,0.0006106328
61,151,0.0,9.953195e-05
61,151,1.0,0.0001158889
61,151,2.0,0.00011573226
61,151,3.0,0.00029615866
61,151,4.0,0.00043242262
61,151,5.0,0.00063164666
61,151,6.0,0.00070564233
61,151,7.0,0.00086743874
61,151,8.0,0.00087387156
61,151,9.0,0.0011065837
61,151,10.0,0.0016350143
61,151,11.0,0.002028806
61,151,12.0,0.002357833
61,151,13.0,0.0024741166
61,151,14.0,0.0027833122
61,152,0.0,0.00027070355
61,152,1.0,0.00055481633
61,152,2.0,0.0010924262
61,152,3.0,0.0021672212
61,152,4.0,0.002721993
61,152,5.0,0.003271753
61,152,6.0,0.003959488
61,152,7.0,0.004363644
61,152,8.0,0.0044014193
61,152,9.0,0.0043972554
61,152,10.0,0.0051182103
61,152,11.0,0.0064858426
61,152,12.0,0.0069420813
61,152,13.0,0.006766606
61,152,14.0,0.007133758
61,153,0.0,0.0012452226
61,153,1.0,0.0025703192
61,153,2.0,0.0049557975
61,153,3.0,0.008043856
61,153,4.0,0.011985104
61,153,5.0,0.01401458
61,153,6.0,0.014381064
61,153,7.0,0.013605366
61,153,8.0,0.011602975
61,153,9.0,0.011433135
61,153,10.0,0.012670252
61,153,11.0,0.013835544
61,153,12.0,0.014556756
61,153,13.0,0.013041342
61,153,14.0,0.013221571
61,154,0.0,0.0027286035
61,154,1.0,0.0050744987
61,154,2.0,0.009941682
61,154,3.0,0.017364137
61,154,4.0,0.021803573
61,154,5.0,0.023839816
61,154,6.0,0.024238802
61,154,7.0,0.022177557
61,154,8.0,0.018200016
61,154,9.0,0.017901331
61,154,10.0,0.02033747
61,154,11.0,0.022443032
61,154,12.0,0.02218826
61,154,13.0,0.018455718
61,154,14.0,0.017993337
61,155,0.0,0.004301824
61,155,1.0,0.008001279
61,155,2.0,0.015058455
61,155,3.0,0.020982347
61,155,4.0,0.026126869
61,155,5.0,0.026565991
61,155,6.0,0.025996564
61,155,7.0,0.019164713
61,155,8.0,0.016834773
61,155,9.0,0.01611349
61,155,10.0,0.017543849
61,155,11.0,0.017382631
61,155,12.0,0.015381889
61,155,13.0,0.013598031
61,155,14.0,0.011898378
61,156,0.0,0.0029003965
61,156,1.0,0.0062833223
61,156,2.0,0.010777361
61,156,3.0,0.016884005
61,156,4.0,0.020567931
61,156,5.0,0.019887703
61,156,6.0,0.018304028
61,156,7.0,0.01337264
61,156,8.0,0.009485942
61,156,9.0,0.00868423
61,156,10.0,0.010189242
61,156,11.0,0.010216489
61,156,12.0,0.009344886
61,156,13.0,0.008700279
61,156,14.0,0.007200703
61,157,0.0,0.0016237271
61,157,1.0,0.0027552755
61,157,2.0,0.006530818
61,157,3.0,0.009951842
61,157,4.0,0.011240972
61,157,5.0,0.011668762
61,157,6.0,0.009702795
61,157,7.0,0.006898026
61,157,8.0,0.0053312923
61,157,9.0,0.0048671644
61,157,10.0,0.0050821365
61,157,11.0,0.005179025
61,157,12.0,0.005214757
61,157,13.0,0.004837874
61,157,14.0,0.0038190112
61,158,0.0,0.0006078397
61,158,1.0,0.0011766962
61,158,2.0,0.0026074115
61,158,3.0,0.0046468605
61,158,4.0,0.0052679596
61,158,5.0,0.005029057
61,158,6.0,0.004196903
61,158,7.0,0.0033475754
61,158,8.0,0.0022950436
61,158,9.0,0.0021471486
61,158,10.0,0.0020424316
61,158,11.0,0.0020757338
61,158,12.0,0.002041792
61,158,13.0,0.0016399845
61,158,14.0,0.0010913041
61,159,0.0,0.00017754681
61,159,1.0,0.00039237202
61,159,2.0,0.00089749636
61,159,3.0,0.0016499719
61,159,4.0,0.0017429114
61,159,5.0,0.0016054827
61,159,6.0,0.0012320501
61,159,7.0,0.0009005216
61,159,8.0,0.00070437096
61,159,9.0,0.0006675634
61,159,10.0,0.0006933636
61,159,11.0,0.00063809636
61,159,12.0,0.0006603576
61,159,13.0,0.0006400729
61,159,14.0,0.00046636298
61,160,0.0,4.2674692e-05
61,160,1.0,8.617895e-05
61,160,2.0,0.00016298247
61,160,3.0,0.000326575
61,160,4.0,0.00040262213
61,160,5.0,0.00043100162
61,160,6.0,0.00034457078
61,160,7.0,0.00024040115
61,160,8.0,0.00017767253
61,160,9.0,0.00014440538
61,160,10.0,0.00013484963
61,160,11.0,0.000121881974
61,160,12.0,0.0001328209
61,160,13.0,0.00011644627
61,160,14.0,7.538226e-05
61,161,0.0,4.5639123e-07
61,161,1.0,3.4456806e-07
61,161,2.0,1.1896127e-06
61,161,3.0,2.1176022e-06
61,161,4.0,2.2825966e-06
61,161,5.0,1.4512788e-06
61,161,6.0,5.249278e-07
61,161,7.0,5.283022e-07
61,161,8.0,2.4815134e-07
61,161,9.0,3.9056204e-07
61,161,10.0,4.6152013e-07
61,161,11.0,3.9928133e-07
61,161,12.0,3.1400336e-07
61,161,13.0,2.2156912e-07
61,161,14.0,1.2029129e-07
61,162,0.0,1.06245096e-07
61,162,1.0,7.393756e-08
61,162,2.0,2.1052897e-07
61,162,3.0,3.8962423e-07
61,162,4.0,3.1134107e-07
61,162,5.0,2.2965277e-07
61,162,6.0,1.6730625e-07
61,162,7.0,4.6078025e-08
61,162,8.0,3.0695045e-08
61,162,9.0,6.828781e-08
61,162,10.0,9.9497804e-08
61,162,11.0,1.1300845e-07
61,162,12.0,1.4412001e-07
61,162,13.0,3.153845e-07
61,162,14.0,2.1312907e-07
61,163,0.0,2.3620989e-07
61,163,1.0,4.2781627e-07
61,163,2.0,5.4127736e-07
61,163,3.0,4.7474927e-07
61,163,4.0,2.7867534e-07
61,163,5.0,1.8399548e-07
61,163,6.0,8.371307e-08
61,163,7.0,3.0631785e-08
61,163,8.0,2.3318798e-08
61,163,9.0,8.5891244e-08
61,163,10.0,9.378359e-08
61,163,11.0,7.886683e-08
61,163,12.0,1.2461015e-07
61,163,13.0,2.333972e-07
61,163,14.0,1.8696915e-07
61,164,0.0,4.3209369e-07
61,164,1.0,5.556804e-07
61,164,2.0,4.1488988e-07
61,164,3.0,2.6793364e-07
61,164,4.0,2.3591625e-07
61,164,5.0,4.669817e-07
61,164,6.0,3.4779546e-07
61,164,7.0,2.5088895e-07
61,164,8.0,2.2088572e-07
61,164,9.0,1.7933507e-07
61,164,10.0,2.2532294e-07
61,164,11.0,1.9607444e-07
61,164,12.0,1.7982904e-07
61,164,13.0,2.980469e-07
61,164,14.0,3.37077e-07
61,165,0.0,1.8000296e-07
61,165,1.0,1.6539838e-07
61,165,2.0,2.0291796e-07
61,165,3.0,2.4180093e-07
61,165,4.0,1.8246678e-07
61,165,5.0,1.42971e-07
61,165,6.0,2.1878832e-07
61,165,7.0,1.5133395e-07
61,165,8.0,7.608744e-08
61,165,9.0,9.274468e-08
61,165,10.0,8.0868254e-08
61,165,11.0,6.442212e-08
61,165,12.0,6.479603e-08
61,165,13.0,1.05709454e-07
61,165,14.0,7.4191775e-08
61,166,0.0,1.7945976e-07
61,166,1.0,2.88377e-07
61,166,2.0,5.1469993e-07
61,166,3.0,4.3662172e-07
61,166,4.0,2.3519226e-07
61,166,5.0,8.543342e-08
61,166,6.0,8.171189e-08
61,166,7.0,1.4900685e-07
61,166,8.0,1.6878047e-07
61,166,9.0,1.653319e-07
61,166,10.0,3.4186345e-07
61,166,11.0,6.310684e-07
61,166,12.0,7.614359e-07
61,166,13.0,8.5454155e-07
61,166,14.0,8.55735e-07
62,146,0.0,1.4240476e-07
62,146,1.0,1.0708379e-08
62,146,2.0,5.1307e-10
62,146,3.0,7.1390824e-11
62,146,4.0,1.2991738e-11
62,146,5.0,6.5359396e-10
62,146,6.0,6.718735e-10
62,146,7.0,4.528333e-10
62,146,8.0,6.078687e-09
62,146,9.0,4.5708727e-08
62,146,10.0,3.8734594e-08
62,146,11.0,2.6670781e-08
62,146,12.0,3.081492e-08
62,146,13.0,3.0214935e-08
62,146,14.0,3.3111114e-08
62,147,0.0,2.8567035e-07
62,147,1.0,3.0900188e-07
62,147,2.0,1.7516454e-07
62,147,3.0,1.2835092e-07
62,147,4.0,2.0610847e-07
62,147,5.0,2.7003438e-07
62,147,6.0,3.5271782e-07
62,147,7.0,5.180825e-07
62,147,8.0,5.6856e-07
62,147,9.0,7.1181717e-07
62,147,10.0,6.663527e-07
62,147,11.0,4.8876296e-07
62,147,12.0,2.9224145e-07
62,147,13.0,1.7520843e-07
62,147,14.0,1.556957e-07
62,148,0.0,1.0562561e-07
62,148,1.0,4.7258172e-08
62,148,2.0,2.9022727e-08
62,148,3.0,2.9176775e-08
62,148,4.0,8.656187e-08
62,148,5.0,1.769216e-07
62,148,6.0,1.3915243e-07
62,148,7.0,7.028437e-08
62,148,8.0,2.9886802e-08
62,148,9.0,3.963933e-08
62,148,10.0,8.360399e-08
62,148,11.0,1.0188581e-07
62,148,12.0,7.562592e-08
62,148,13.0,5.2904923e-08
62,148,14.0,1.8071546e-08
62,149,0.0,5.091128e-15
62,149,1.0,1.00718175e-11
62,149,2.0,3.1002642e-10
62,149,3.0,8.772385e-10
62,149,4.0,3.8428443e-09
62,149,5.0,2.785613e-08
62,149,6.0,2.2555417e-08
62,149,7.0,2.4342492e-09
62,149,8.0,1.4013537e-09
62,149,9.0,7.372545e-09
62,149,10.0,2.0232832e-08
62,149,11.0,4.33041e-08
62,149,12.0,7.425718e-08
62,149,13.0,1.5032692e-08
62,149,14.0,4.472296e-09
62,150,0.0,0.0
62,150,1.0,0.0
62,150,2.0,4.3648912e-10
62,150,3.0,2.4845676e-08
62,150,4.0,1.1373023e-07
62,150,5.0,4.3509496e-07
62,150,6.0,2.4851204e-07
62,150,7.0,5.176363e-08
62,150,8.0,3.9568377e-08
62,150,9.0,4.85079e-09
62,150,10.0,3.811579e-09
62,150,11.0,1.2457989e-09
62,150,12.0,6.211175e-10
62,150,13.0,2.8412108e-08
62,150,14.0,2.7518126e-07
62,151,0.0,2.4050473e-12
62,151,1.0,5.9153776e-10
62,151,2.0,4.77098e-13
62,151,3.0,1.5017648e-08
62,151,4.0,7.601428e-08
62,151,5.0,7.812276e-08
62,151,6.0,1.3402021e-07
62,151,7.0,2.622675e-08
62,151,8.0,2.718498e-08
62,151,9.0,2.6453012e-07
62,151,10.0,1.1503708e-06
62,151,11.0,1.1665557e-05
62,151,12.0,4.5407447e-05
62,151,13.0,8.3913765e-05
62,151,14.0,0.00011579479
62,152,0.0,1.5368163e-13
62,152,1.0,4.8689e-13
62,152,2.0,2.6125187e-08
62,152,3.0,9.514911e-06
62,152,4.0,5.063165e-05
62,152,5.0,0.00011136499
62,152,6.0,0.00018816326
62,152,7.0,0.0002520709
62,152,8.0,0.00026810504
62,152,9.0,0.00034510397
62,152,10.0,0.00048158478
62,152,11.0,0.00073886843
62,152,12.0,0.00084961054
62,152,13.0,0.0007515812
62,152,14.0,0.00070424215
62,153,0.0,5.5250006e-05
62,153,1.0,0.00016788694
62,153,2.0,0.00040901804
62,153,3.0,0.00054154417
62,153,4.0,0.0010828492
62,153,5.0,0.0014494199
62,153,6.0,0.0014020628
62,153,7.0,0.0015305219
62,153,8.0,0.0014644908
62,153,9.0,0.0014561372
62,153,10.0,0.0018069908
62,153,11.0,0.002106043
62,153,12.0,0.0026787806
62,153,13.0,0.0028724184
62,153,14.0,0.002878149
62,154,0.0,0.0003996096
62,154,1.0,0.0009849565
62,154,2.0,0.001943711
62,154,3.0,0.0030299313
62,154,4.0,0.004549008
62,154,5.0,0.005547057
62,154,6.0,0.005382201
62,154,7.0,0.005334583
62,154,8.0,0.0043686638
62,154,9.0,0.004428972
62,154,10.0,0.006070451
62,154,11.0,0.007403095
62,154,12.0,0.006959805
62,154,13.0,0.0052847583
62,154,14.0,0.0051007913
62,155,0.0,0.0014414673
62,155,1.0,0.002192972
62,155,2.0,0.004156192
62,155,3.0,0.0072490033
62,155,4.0,0.010277985
62,155,5.0,0.011514725
62,155,6.0,0.010600067
62,155,7.0,0.009214629
62,155,8.0,0.0070568407
62,155,9.0,0.007223724
62,155,10.0,0.009058229
62,155,11.0,0.0105445385
62,155,12.0,0.010033683
62,155,13.0,0.00897267
62,155,14.0,0.00880316
62,156,0.0,0.0020765455
62,156,1.0,0.0033132194
62,156,2.0,0.0072109103
62,156,3.0,0.0113726845
62,156,4.0,0.014803298
62,156,5.0,0.016307654
62,156,6.0,0.016666913
62,156,7.0,0.012773457
62,156,8.0,0.010403281
62,156,9.0,0.009629645
62,156,10.0,0.010787058
62,156,11.0,0.01115447
62,156,12.0,0.009719918
62,156,13.0,0.008208557
62,156,14.0,0.007483386
62,157,0.0,0.0017081774
62,157,1.0,0.00292775
62,157,2.0,0.00588898
62,157,3.0,0.009418618
62,157,4.0,0.013531165
62,157,5.0,0.014564996
62,157,6.0,0.014519284
62,157,7.0,0.010723091
62,157,8.0,0.0077508204
62,157,9.0,0.007436372
62,157,10.0,0.009278
62,157,11.0,0.010007538
62,157,12.0,0.008575382
62,157,13.0,0.0075493143
62,157,14.0,0.0069459868
62,158,0.0,0.0012129355
62,158,1.0,0.002746796
62,158,2.0,0.0049939216
62,158,3.0,0.008146352
62,158,4.0,0.0108007705
62,158,5.0,0.011479775
62,158,6.0,0.010729846
62,158,7.0,0.008680467
62,158,8.0,0.006573486
62,158,9.0,0.0059204106
62,158,10.0,0.006647108
62,158,11.0,0.0069522993
62,158,12.0,0.005949574
62,158,13.0,0.005026115
62,158,14.0,0.004091907
62,159,0.0,0.00047243809
62,159,1.0,0.0013052741
62,159,2.0,0.0028232343
62,159,3.0,0.004253892
62,159,4.0,0.0057897805
62,159,5.0,0.006881449
62,159,6.0,0.006342678
62,159,7.0,0.0048796777
62,159,8.0,0.0038191017
62,159,9.0,0.0033943623
62,159,10.0,0.00380512
62,159,11.0,0.003902794
62,159,12.0,0.0036962219
62,159,13.0,0.0031863241
62,159,14.0,0.0024181146
62,160,0.0,0.00014654276
62,160,1.0,0.00065952365
62,160,2.0,0.0016039114
62,160,3.0,0.0022911094
62,160,4.0,0.0030975468
62,160,5.0,0.0034762179
62,160,6.0,0.0029428818
62,160,7.0,0.0021341408
62,160,8.0,0.0014728958
62,160,9.0,0.0013327337
62,160,10.0,0.0015139478
62,160,11.0,0.0014058615
62,160,12.0,0.0010777056
62,160,13.0,0.0009259636
62,160,14.0,0.0007586721
62,161,0.0,7.399375e-05
62,161,1.0,0.00023376867
62,161,2.0,0.0006283497
62,161,3.0,0.00070773886
62,161,4.0,0.00072292227
62,161,5.0,0.0007999261
62,161,6.0,0.0007859363
62,161,7.0,0.00060677744
62,161,8.0,0.00044704214
62,161,9.0,0.00031809695
62,161,10.0,0.0003401825
62,161,11.0,0.00030966525
62,161,12.0,0.000275458
62,161,13.0,0.00024183508
62,161,14.0,0.00023627911
62,162,0.0,9.884276e-06
62,162,1.0,4.305084e-05
62,162,2.0,0.00013053133
62,162,3.0,0.00016574486
62,162,4.0,0.00018118117
62,162,5.0,0.00016330539
62,162,6.0,0.00012903262
62,162,7.0,0.00011874564
62,162,8.0,7.778928e-05
62,162,9.0,6.586641e-05
62,162,10.0,7.7259065e-05
62,162,11.0,6.8824695e-05
62,162,12.0,4.8733484e-05
62,162,13.0,2.2475593e-05
62,162,14.0,1.3137195e-05
62,163,0.0,4.97807e-07
62,163,1.0,1.8199436e-06
62,163,2.0,1.1081003e-06
62,163,3.0,6.8516255e-07
62,163,4.0,1.5003484e-06
62,163,5.0,1.7551607e-06
62,163,6.0,5.2088745e-07
62,163,7.0,5.5868037e-07
62,163,8.0,1.5891023e-07
62,163,9.0,1.3852052e-07
62,163,10.0,3.1036024e-07
62,163,11.0,2.3459192e-07
62,163,12.0,4.0942073e-08
62,163,13.0,1.5061498e-09
62,163,14.0,1.0993484e-10
62,164,0.0,4.123933e-08
62,164,1.0,2.2119798e-08
62,164,2.0,6.543844e-08
62,164,3.0,5.320789e-08
62,164,4.0,9.338558e-08
62,164,5.0,1.4710835e-07
62,164,6.0,3.447529e-07
62,164,7.0,2.1518214e-07
62,164,8.0,8.524831e-08
62,164,9.0,6.8501585e-08
62,164,10.0,1.419195e-07
62,164,11.0,1.5140621e-07
62,164,12.0,1.630682e-07
62,164,13.0,2.3174461e-07
62,164,14.0,3.0367465e-07
62,165,0.0,2.7717897e-07
62,165,1.0,1.204315e-07
62,165,2.0,1.03128734e-07
62,165,3.0,8.37248e-08
62,165,4.0,1.0834613e-07
62,165,5.0,4.0749745e-07
62,165,6.0,7.1837775e-07
62,165,7.0,6.3840827e-07
62,165,8.0,1.8282591e-07
62,165,9.0,8.243966e-08
62,165,10.0,1.3039852e-07
62,165,11.0,1.4554757e-07
62,165,12.0,1.990537e-07
62,165,13.0,2.1186311e-07
62,165,14.0,3.09632e-07
62,166,0.0,2.4931578e-07
62,166,1.0,5.2644526e-07
62,166,2.0,6.2061497e-07
62,166,3.0,5.0108804e-07
62,166,4.0,3.2515626e-07
62,166,5.0,1.8688984e-07
62,166,6.0,2.3302779e-07
62,166,7.0,3.4648613e-07
62,166,8.0,3.362556e-07
62,166,9.0,3.2103353e-07
62,166,10.0,1.7887218e-07
62,166,11.0,1.4352311e-07
62,166,12.0,1.1090282e-07
62,166,13.0,7.733419e-08
62,166,14.0,4.8124537e-08
62,167,0.0,2.5042823e-07
62,167,1.0,2.5164752e-07
62,167,2.0,2.5732163e-07
62,167,3.0,2.2017967e-07
62,167,4.0,2.3692853e-07
62,167,5.0,1.4410679e-07
62,167,6.0,1.0074716e-07
62,167,7.0,1.8003524e-07
62,167,8.0,2.6183736e-07
62,167,9.0,9.989911e-08
62,167,10.0,7.7598784e-08
62,167,11.0,1.1144353e-07
62,167,12.0,1.4555202e-07
62,167,13.0,1.1364019e-07
62,167,14.0,9.677603e-08
62,168,0.0,2.0741524e-08
62,168,1.0,1.6545411e-07
62,168,2.0,3.753156e-07
62,168,3.0,4.454e-07
62,168,4.0,3.6786824e-07
62,168,5.0,1.9759058e-07
62,168,6.0,9.65362e-08
62,168,7.0,4.0664172e-08
62,168,8.0,2.8269156e-08
62,168,9.0,7.433067e-08
62,168,10.0,1.1588414e-07
62,168,11.0,1.1425013e-07
62,168,12.0,1.8272371e-07
62,168,13.0,2.0496577e-07
62,168,14.0,1.919771e-07
63,149,0.0,3.1264724e-07
63,149,1.0,4.721909e-07
63,149,2.0,6.779688e-07
63,149,3.0,1.2080762e-06
63,149,4.0,1.2557139e-06
63,149,5.0,8.6328964e-07
63,149,6.0,8.966013e-07
63,149,7.0,7.8000636e-07
63,149,8.0,7.8792414e-07
63,149,9.0,6.401682e-07
63,149,10.0,4.265196e-07
63,149,11.0,2.9657463e-07
63,149,12.0,2.0317908e-07
63,149,13.0,1.4623011e-07
63,149,14.0,1.1809508e-07
63,150,0.0,1.8043255e-07
63,150,1.0,1.4519524e-07
63,150,2.0,3.1253694e-07
63,150,3.0,2.7478475e-07
63,150,4.0,2.6033446e-08
63,150,5.0,2.7851603e-09
63,150,6.0,3.7691383e-09
63,150,7.0,1.2543049e-08
63,150,8.0,9.522156e-08
63,150,9.0,1.9538335e-07
63,150,10.0,2.8093922e-07
63,150,11.0,3.242142e-07
63,150,12.0,2.661021e-07
63,150,13.0,9.718417e-08
63,150,14.0,6.227452e-08
63,151,0.0,6.725235e-08
63,151,1.0,1.1013111e-07
63,151,2.0,1.8104384e-07
63,151,3.0,2.66137e-07
63,151,4.0,1.5894439e-07
63,151,5.0,4.433121e-08
63,151,6.0,2.9619983e-08
63,151,7.0,1.17376786e-07
63,151,8.0,1.5324082e-07
63,151,9.0,1.4017989e-07
63,151,10.0,2.8385844e-07
63,151,11.0,2.8032585e-07
63,151,12.0,1.18856335e-07
63,151,13.0,6.481976e-08
63,151,14.0,5.73089e-08
63,152,0.0,8.145358e-09
63,152,1.0,4.7230667e-08
63,152,2.0,8.640256e-08
63,152,3.0,1.5085341e-07
63,152,4.0,3.3294864e-07
63,152,5.0,3.0754833e-07
63,152,6.0,1.6299373e-07
63,152,7.0,2.3673074e-08
63,152,8.0,2.8479475e-08
63,152,9.0,1.6355006e-08
63,152,10.0,9.503672e-09
63,152,11.0,6.2982906e-08
63,152,12.0,2.1099216e-07
63,152,13.0,6.16112e-07
63,152,14.0,1.0938463e-06
63,153,0.0,1.526388e-07
63,153,1.0,5.7250194e-08
63,153,2.0,1.7689794e-07
63,153,3.0,6.726276e-07
63,153,4.0,3.471233e-07
63,153,5.0,1.5778322e-07
63,153,6.0,1.8269104e-07
63,153,7.0,3.870893e-08
63,153,8.0,6.614312e-08
63,153,9.0,1.4225363e-07
63,153,10.0,1.778954e-07
63,153,11.0,4.7231975e-07
63,153,12.0,3.484327e-07
63,153,13.0,4.3376764e-07
63,153,14.0,7.068144e-07
63,154,0.0,6.44138e-10
63,154,1.0,6.637057e-08
63,154,2.0,3.2173505e-06
63,154,3.0,8.633664e-06
63,154,4.0,6.5860954e-06
63,154,5.0,5.6831136e-06
63,154,6.0,8.263264e-06
63,154,7.0,9.537948e-06
63,154,8.0,8.842065e-06
63,154,9.0,1.1767471e-05
63,154,10.0,2.6877433e-05
63,154,11.0,5.7823956e-05
63,154,12.0,5.6471847e-05
63,154,13.0,4.5536894e-05
63,154,14.0,5.000545e-05
63,155,0.0,7.933408e-08
63,155,1.0,1.4730731e-06
63,155,2.0,1.8497707e-05
63,155,3.0,2.259596e-05
63,155,4.0,2.6729624e-05
63,155,5.0,5.2841708e-05
63,155,6.0,0.00012255569
63,155,7.0,0.00013652636
63,155,8.0,0.00011478155
63,155,9.0,9.847562e-05
63,155,10.0,0.0001689328
63,155,11.0,0.00021994978
63,155,12.0,0.00019820732
63,155,13.0,0.00017029732
63,155,14.0,0.00017387126
63,156,0.0,3.4985683e-06
63,156,1.0,1.858395e-05
63,156,2.0,4.629595e-05
63,156,3.0,0.00012942954
63,156,4.0,0.0002009001
63,156,5.0,0.0002892857
63,156,6.0,0.00033879373
63,156,7.0,0.00032072328
63,156,8.0,0.0002575177
63,156,9.0,0.0002608538
63,156,10.0,0.0003247943
63,156,11.0,0.00033422888
63,156,12.0,0.0003459165
63,156,13.0,0.00034483633
63,156,14.0,0.0003128414
63,157,0.0,3.349176e-07
63,157,1.0,4.047852e-05
63,157,2.0,0.00015637599
63,157,3.0,0.0003069644
63,157,4.0,0.00038979313
63,157,5.0,0.00052620855
63,157,6.0,0.00059548207
63,157,7.0,0.00051496597
63,157,8.0,0.00042337045
63,157,9.0,0.00052698614
63,157,10.0,0.0007160165
63,157,11.0,0.0007169896
63,157,12.0,0.00067182357
63,157,13.0,0.00064298516
63,157,14.0,0.0006801827
63,158,0.0,3.638838e-05
63,158,1.0,0.00011695188
63,158,2.0,0.00033816264
63,158,3.0,0.00050290977
63,158,4.0,0.0009235263
63,158,5.0,0.0012583928
63,158,6.0,0.0012406402
63,158,7.0,0.001147727
63,158,8.0,0.0007582833
63,158,9.0,0.00095933257
63,158,10.0,0.0014865394
63,158,11.0,0.0014440045
63,158,12.0,0.0011129716
63,158,13.0,0.0009313429
63,158,14.0,0.00088755006
63,159,0.0,3.110921e-05
63,159,1.0,0.0001517478
63,159,2.0,0.00034394788
63,159,3.0,0.00054302666
63,159,4.0,0.00094531366
63,159,5.0,0.0015388839
63,159,6.0,0.0016855256
63,159,7.0,0.0016779953
63,159,8.0,0.0011511047
63,159,9.0,0.0012065005
63,159,10.0,0.0014669715
63,159,11.0,0.0013920345
63,159,12.0,0.001345112
63,159,13.0,0.001149933
63,159,14.0,0.00103439
63,160,0.0,1.3151912e-05
63,160,1.0,0.00013599722
63,160,2.0,0.00044555217
63,160,3.0,0.00081043557
63,160,4.0,0.0014078714
63,160,5.0,0.002262693
63,160,6.0,0.0024387725
63,160,7.0,0.0019012914
63,160,8.0,0.0013138457
63,160,9.0,0.0013573593
63,160,10.0,0.0015462177
63,160,11.0,0.0015841454
63,160,12.0,0.0016488977
63,160,13.0,0.0014109801
63,160,14.0,0.0012150691
63,161,0.0,3.465985e-05
63,161,1.0,7.5652904e-05
63,161,2.0,0.00029624585
63,161,3.0,0.00054169464
63,161,4.0,0.0008432203
63,161,5.0,0.0013401387
63,161,6.0,0.001658424
63,161,7.0,0.0012532511
63,161,8.0,0.0011657286
63,161,9.0,0.0009719355
63,161,10.0,0.00093841617
63,161,11.0,0.0009477653
63,161,12.0,0.000986737
63,161,13.0,0.0009570207
63,161,14.0,0.0007970761
63,162,0.0,1.7193372e-05
63,162,1.0,5.607104e-05
63,162,2.0,0.00015298586
63,162,3.0,0.00048701334
63,162,4.0,0.00063137955
63,162,5.0,0.00072217867
63,162,6.0,0.0007439074
63,162,7.0,0.0006227283
63,162,8.0,0.0006202444
63,162,9.0,0.00047582024
63,162,10.0,0.00045454252
63,162,11.0,0.0004803466
63,162,12.0,0.00046606665
63,162,13.0,0.0004273031
63,162,14.0,0.00035011527
63,163,0.0,1.0605771e-06
63,163,1.0,7.904139e-06
63,163,2.0,5.0327202e-05
63,163,3.0,0.00020134897
63,163,4.0,0.00030461108
63,163,5.0,0.0002983235
63,163,6.0,0.0002712461
63,163,7.0,0.0002066477
63,163,8.0,0.00015830321
63,163,9.0,0.00018498031
63,163,10.0,0.00019887128
63,163,11.0,0.00021752244
63,163,12.0,0.00021624786
63,163,13.0,0.00016012965
63,163,14.0,9.845258e-05
63,164,0.0,6.1905847e-10
63,164,1.0,6.0165557e-09
63,164,2.0,2.3829872e-07
63,164,3.0,3.445578e-06
63,164,4.0,7.65757e-06
63,164,5.0,1.8530158e-05
63,164,6.0,2.5100688e-05
63,164,7.0,2.575378e-05
63,164,8.0,1.896992e-05
63,164,9.0,2.1607264e-05
63,164,10.0,2.7359902e-05
63,164,11.0,4.6446978e-05
63,164,12.0,5.4845732e-05
63,164,13.0,3.8780287e-05
63,164,14.0,1.9816736e-05
63,165,0.0,2.1705333e-07
63,165,1.0,2.043143e-07
63,165,2.0,3.3032921e-07
63,165,3.0,3.7947586e-07
63,165,4.0,2.0541745e-07
63,165,5.0,2.5951456e-07
63,165,6.0,1.5791633e-07
63,165,7.0,3.2680457e-08
63,165,8.0,2.2235701e-08
63,165,9.0,6.151391e-08
63,165,10.0,8.833928e-08
63,165,11.0,3.9771203e-07
63,165,12.0,4.1952973e-07
63,165,13.0,2.2752049e-07
63,165,14.0,8.873331e-08
63,166,0.0,9.987299e-08
63,166,1.0,1.440962e-07
63,166,2.0,6.744972e-08
63,166,3.0,3.344035e-08
63,166,4.0,7.3030414e-08
63,166,5.0,2.8371335e-07
63,166,6.0,2.9589802e-07
63,166,7.0,1.624114e-07
63,166,8.0,1.4016176e-07
63,166,9.0,1.3709491e-07
63,166,10.0,2.0264343e-07
63,166,11.0,2.8065713e-07
63,166,12.0,5.789553e-07
63,166,13.0,7.348519e-07
63,166,14.0,2.5046427e-07
63,167,0.0,1.09900675e-07
63,167,1.0,2.7119702e-07
63,167,2.0,3.169613e-07
63,167,3.0,1.0914566e-07
63,167,4.0,1.284536e-07
63,167,5.0,2.3434423e-07
63,167,6.0,5.192852e-07
63,167,7.0,6.990701e-07
63,167,8.0,3.1549243e-07
63,167,9.0,1.08933214e-07
63,167,10.0,4.9258464e-08
63,167,11.0,4.8836892e-08
63,167,12.0,1.1971868e-07
63,167,13.0,4.1952777e-07
63,167,14.0,3.2407652e-07
63,168,0.0,1.0544413e-07
63,168,1.0,1.9223634e-07
63,168,2.0,2.461771e-07
63,168,3.0,2.5945698e-07
63,168,4.0,4.028645e-07
63,168,5.0,4.9971317e-07
63,168,6.0,4.5868762e-07
63,168,7.0,3.4523993e-07
63,168,8.0,6.4125885e-07
63,168,9.0,5.3230576e-07
63,168,10.0,2.5092504e-07
63,168,11.0,2.6939387e-07
63,168,12.0,2.8324467e-07
63,168,13.0,3.9948398e-07
63,168,14.0,4.889988e-07
63,169,0.0,9.2868916e-08
63,169,1.0,1.0093334e-07
63,169,2.0,1.8329857e-07
63,169,3.0,1.06938494e-07
63,169,4.0,2.9518642e-08
63,169,5.0,2.9271364e-08
63,169,6.0,6.134645e-08
63,169,7.0,4.6814986e-08
63,169,8.0,7.150042e-08
63,169,9.0,1.487295e-07
63,169,10.0,2.5523195e-07
63,169,11.0,2.4213386e-07
63,169,12.0,1.3513339e-07
63,169,13.0,1.926405e-07
63,169,14.0,1.650457e-07
63,170,0.0,1.311511e-07
63,170,1.0,6.178956e-08
63,170,2.0,9.946642e-08
63,170,3.0,3.6010448e-07
63,170,4.0,5.8007953e-07
63,170,5.0,4.82574e-07
63,170,6.0,3.183266e-07
63,170,7.0,2.7322287e-07
63,170,8.0,1.910244e-07
63,170,9.0,2.0473162e-07
63,170,10.0,2.3689397e-07
63,170,11.0,3.8398312e-07
63,170,12.0,4.8923914e-07
63,170,13.0,8.137693e-07
63,170,14.0,8.580953e-07
64,151,0.0,2.7452444e-07
64,151,1.0,1.833387e-07
64,151,2.0,1.5232881e-07
64,151,3.0,1.1864967e-07
64,151,4.0,1.16929144e-07
64,151,5.0,5.586173e-08
64,151,6.0,5.364272e-08
64,151,7.0,2.9640983e-08
64,151,8.0,6.528445e-08
64,151,9.0,1.2640902e-07
64,151,10.0,1.05345116e-07
64,151,11.0,5.7389745e-08
64,151,12.0,3.765979e-08
64,151,13.0,1.5230132e-08
64,151,14.0,1.0113212e-08
64,152,0.0,5.613164e-08
64,152,1.0,7.8038674e-08
64,152,2.0,1.0787491e-07
64,152,3.0,1.4522007e-07
64,152,4.0,1.6288254e-07
64,152,5.0,3.7100506e-07
64,152,6.0,4.943287e-07
64,152,7.0,2.203724e-07
64,152,8.0,1.7903918e-07
64,152,9.0,1.806612e-07
64,152,10.0,2.1370079e-07
64,152,11.0,2.2024875e-07
64,152,12.0,2.3949283e-07
64,152,13.0,1.9590566e-07
64,152,14.0,2.0308556e-07
64,153,0.0,1.0754604e-07
64,153,1.0,6.5420394e-08
64,153,2.0,1.9486981e-07
64,153,3.0,3.885842e-07
64,153,4.0,2.3255907e-07
64,153,5.0,1.8395737e-07
64,153,6.0,1.560492e-07
64,153,7.0,1.034825e-07
64,153,8.0,4.2099455e-08
64,153,9.0,4.6547324e-08
64,153,10.0,5.9151198e-08
64,153,11.0,1.00853036e-07
64,153,12.0,9.0590646e-08
64,153,13.0,7.5011314e-08
64,153,14.0,9.206045e-08
64,154,0.0,2.1905871e-08
64,154,1.0,9.1669826e-08
64,154,2.0,2.2723746e-07
64,154,3.0,1.9141137e-07
64,154,4.0,1.414181e-07
64,154,5.0,1.8298618e-07
64,154,6.0,8.493353e-08
64,154,7.0,1.0393374e-07
64,154,8.0,5.4868693e-08
64,154,9.0,6.662133e-08
64,154,10.0,1.9867652e-07
64,154,11.0,1.6289704e-07
64,154,12.0,2.3116972e-07
64,154,13.0,8.4821005e-07
64,154,14.0,1.280939e-06
64,155,0.0,5.709481e-07
64,155,1.0,5.317727e-07
64,155,2.0,5.9661807e-07
64,155,3.0,1.3003847e-06
64,155,4.0,1.2997284e-06
64,155,5.0,9.2445396e-07
64,155,6.0,2.808476e-07
64,155,7.0,3.6541354e-07
64,155,8.0,1.9578358e-07
64,155,9.0,1.133667e-07
64,155,10.0,1.1160868e-07
64,155,11.0,6.0868977e-09
64,155,12.0,3.9916337e-08
64,155,13.0,3.8262235e-07
64,155,14.0,8.023637e-07
64,156,0.0,1.1060103e-07
64,156,1.0,2.7757952e-07
64,156,2.0,2.5296404e-07
64,156,3.0,2.337265e-07
64,156,4.0,4.7528893e-08
64,156,5.0,2.2954399e-07
64,156,6.0,7.367656e-07
64,156,7.0,7.2549904e-07
64,156,8.0,5.705842e-07
64,156,9.0,4.399906e-07
64,156,10.0,2.638804e-08
64,156,11.0,0.0
64,156,12.0,2.9959487e-08
64,156,13.0,1.1109448e-06
64,156,14.0,1.6627907e-06
64,157,0.0,0.0
64,157,1.0,1.2565671e-08
64,157,2.0,1.2229411e-07
64,157,3.0,6.298081e-06
64,157,4.0,1.2955883e-05
64,157,5.0,1.3691234e-06
64,157,6.0,5.934468e-06
64,157,7.0,8.939773e-06
64,157,8.0,1.0692036e-05
64,157,9.0,8.488868e-06
64,157,10.0,1.5739832e-06
64,157,11.0,1.5411871e-06
64,157,12.0,1.0817373e-05
64,157,13.0,4.655915e-05
64,157,14.0,5.540406e-05
64,158,0.0,0.0
64,158,1.0,3.8803497e-10
64,158,2.0,5.530115e-07
64,158,3.0,1.5044097e-05
64,158,4.0,3.2543743e-05
64,158,5.0,6.9091843e-06
64,158,6.0,3.4106553e-05
64,158,7.0,4.8359616e-05
64,158,8.0,3.6884878e-05
64,158,9.0,3.669901e-05
64,158,10.0,5.136978e-05
64,158,11.0,5.9303777e-05
64,158,12.0,0.000102458784
64,158,13.0,0.0001215748
64,158,14.0,0.00016339694
64,159,0.0,7.0985266e-08
64,159,1.0,4.316101e-06
64,159,2.0,1.8462562e-05
64,159,3.0,1.5823793e-05
64,159,4.0,2.0619365e-05
64,159,5.0,6.1436884e-05
64,159,6.0,0.00013251763
64,159,7.0,0.00011173881
64,159,8.0,0.00010055055
64,159,9.0,0.00014299373
64,159,10.0,0.00017071755
64,159,11.0,0.00017175924
64,159,12.0,0.00022392644
64,159,13.0,0.00023941176
64,159,14.0,0.00024795593
64,160,0.0,6.992025e-08
64,160,1.0,3.3270903e-06
64,160,2.0,1.568956e-05
64,160,3.0,5.0544306e-05
64,160,4.0,0.00012301533
64,160,5.0,0.00024231873
64,160,6.0,0.00029968529
64,160,7.0,0.00021628177
64,160,8.0,0.00030533696
64,160,9.0,0.00028629624
64,160,10.0,0.00025160547
64,160,11.0,0.00027374318
64,160,12.0,0.0003425269
64,160,13.0,0.00041933035
64,160,14.0,0.00038733013
64,161,0.0,1.9424256e-07
64,161,1.0,3.3349352e-06
64,161,2.0,5.7571262e-05
64,161,3.0,0.00019982175
64,161,4.0,0.00027258345
64,161,5.0,0.000389005
64,161,6.0,0.0005407917
64,161,7.0,0.00051010895
64,161,8.0,0.00058850256
64,161,9.0,0.0005050245
64,161,10.0,0.00049889286
64,161,11.0,0.0005037015
64,161,12.0,0.00055818685
64,161,13.0,0.0006268563
64,161,14.0,0.0005284029
64,162,0.0,3.8508023e-07
64,162,1.0,9.595334e-06
64,162,2.0,5.6492157e-05
64,162,3.0,0.00020728764
64,162,4.0,0.0003090863
64,162,5.0,0.00045325578
64,162,6.0,0.0005885546
64,162,7.0,0.00064816297
64,162,8.0,0.0005838722
64,162,9.0,0.00064805354
64,162,10.0,0.0006481625
64,162,11.0,0.000656396
64,162,12.0,0.0006311118
64,162,13.0,0.0005592654
64,162,14.0,0.00046232797
64,163,0.0,2.7945114e-07
64,163,1.0,1.3438828e-06
64,163,2.0,2.3752047e-05
64,163,3.0,0.00014110575
64,163,4.0,0.00025122854
64,163,5.0,0.00033771517
64,163,6.0,0.00042704612
64,163,7.0,0.0004659965
64,163,8.0,0.00037625225
64,163,9.0,0.00045261031
64,163,10.0,0.0004198663
64,163,11.0,0.00040801233
64,163,12.0,0.00036450793
64,163,13.0,0.0003040852
64,163,14.0,0.00024752787
64,164,0.0,0.0
64,164,1.0,0.0
64,164,2.0,1.5125622e-07
64,164,3.0,1.3792199e-05
64,164,4.0,9.688829e-05
64,164,5.0,0.00020172694
64,164,6.0,0.00024416612
64,164,7.0,0.00021704679
64,164,8.0,0.0002563792
64,164,9.0,0.0002641651
64,164,10.0,0.00023294355
64,164,11.0,0.000231844
64,164,12.0,0.00021989759
64,164,13.0,0.00019612425
64,164,14.0,0.00014868053
64,165,0.0,0.0
64,165,1.0,8.2636724e-11
64,165,2.0,8.966184e-09
64,165,3.0,3.276159e-07
64,165,4.0,3.7028597e-06
64,165,5.0,1.9470592e-05
64,165,6.0,4.5860234e-05
64,165,7.0,5.211033e-05
64,165,8.0,8.956533e-05
64,165,9.0,7.211069e-05
64,165,10.0,7.661274e-05
64,165,11.0,9.074137e-05
64,165,12.0,0.000117401105
64,165,13.0,0.00012667364
64,165,14.0,0.00011126525
64,166,0.0,2.8752498e-07
64,166,1.0,3.1550988e-07
64,166,2.0,4.6310743e-07
64,166,3.0,6.2091556e-07
64,166,4.0,1.8574369e-06
64,166,5.0,1.0644354e-06
64,166,6.0,1.0227561e-06
64,166,7.0,1.665956e-06
64,166,8.0,8.853383e-07
64,166,9.0,4.1392607e-07
64,166,10.0,7.7740646e-07
64,166,11.0,2.3404734e-06
64,166,12.0,4.427127e-06
64,166,13.0,3.9215874e-06
64,166,14.0,1.5353137e-06
64,167,0.0,2.224113e-08
64,167,1.0,4.5523798e-08
64,167,2.0,1.3661736e-07
64,167,3.0,3.3122038e-07
64,167,4.0,4.1255825e-07
64,167,5.0,5.2614246e-07
64,167,6.0,2.8257347e-07
64,167,7.0,5.988373e-07
64,167,8.0,4.956501e-07
64,167,9.0,1.513376e-07
64,167,10.0,1.4280104e-07
64,167,11.0,9.240241e-08
64,167,12.0,8.726668e-08
64,167,13.0,4.1133866e-08
64,167,14.0,3.1375432e-08
64,168,0.0,5.404999e-07
64,168,1.0,4.015546e-07
64,168,2.0,2.7243166e-07
64,168,3.0,4.1258735e-07
64,168,4.0,5.4244634e-07
64,168,5.0,3.4893048e-07
64,168,6.0,3.0014021e-07
64,168,7.0,5.804354e-07
64,168,8.0,3.1213847e-07
64,168,9.0,2.5515885e-07
64,168,10.0,2.932827e-07
64,168,11.0,1.1002089e-07
64,168,12.0,3.814227e-08
64,168,13.0,6.66159e-08
64,168,14.0,1.8361982e-07
64,169,0.0,1.2372229e-07
64,169,1.0,4.2280723e-07
64,169,2.0,1.0009944e-06
64,169,3.0,7.8336905e-07
64,169,4.0,6.2445645e-07
64,169,5.0,4.3121838e-07
64,169,6.0,3.1843368e-07
64,169,7.0,3.7119685e-07
64,169,8.0,6.791779e-07
64,169,9.0,6.5549045e-07
64,169,10.0,3.77949e-07
64,169,11.0,2.5229642e-07
64,169,12.0,7.223244e-08
64,169,13.0,5.859297e-08
64,169,14.0,9.499688e-08
64,170,0.0,4.6059208e-07
64,170,1.0,1.4763289e-07
64,170,2.0,1.9904023e-07
64,170,3.0,3.3300648e-07
64,170,4.0,4.731601e-07
64,170,5.0,4.145431e-07
64,170,6.0,2.3631847e-07
64,170,7.0,1.5229571e-07
64,170,8.0,1.3642179e-07
64,170,9.0,1.1686283e-07
64,170,10.0,2.526307e-07
64,170,11.0,2.3688372e-07
64,170,12.0,2.9738447e-07
64,170,13.0,1.4048068e-07
64,170,14.0,1.8254572e-07
64,171,0.0,2.8553487e-07
64,171,1.0,2.7713145e-07
64,171,2.0,2.3236977e-07
64,171,3.0,2.0776241e-07
64,171,4.0,2.2277928e-07
64,171,5.0,1.4410503e-07
64,171,6.0,7.4710805e-08
64,171,7.0,5.6084705e-08
64,171,8.0,7.624977e-08
64,171,9.0,1.046803e-07
64,171,10.0,1.00768055e-07
64,171,11.0,8.630528e-08
64,171,12.0,1.5466858e-07
64,171,13.0,3.1111645e-07
64,171,14.0,3.4769303e-07
64,172,0.0,8.6746105e-08
64,172,1.0,2.5782455e-07
64,172,2.0,3.821549e-07
64,172,3.0,1.5891023e-07
64,172,4.0,1.2392057e-07
64,172,5.0,2.747175e-07
64,172,6.0,5.204045e-07
64,172,7.0,6.562158e-07
64,172,8.0,5.4604607e-07
64,172,9.0,3.5814756e-07
64,172,10.0,2.4435747e-07
64,172,11.0,1.1511189e-07
64,172,12.0,1.6104238e-07
64,172,13.0,2.6865035e-07
64,172,14.0,3.4361793e-07
65,154,0.0,1.3170818e-07
65,154,1.0,1.4374915e-07
65,154,2.0,4.1095961e-07
65,154,3.0,1.0007191e-06
65,154,4.0,4.1344774e-07
65,154,5.0,1.6203559e-07
65,154,6.0,1.2290958e-07
65,154,7.0,6.183442e-08
65,154,8.0,6.507875e-08
65,154,9.0,8.764923e-08
65,154,10.0,8.2693404e-08
65,154,11.0,7.3539084e-08
65,154,12.0,6.043063e-08
65,154,13.0,7.455094e-08
65,154,14.0,7.3207985e-08
65,155,0.0,7.341789e-07
65,155,1.0,6.3094564e-07
65,155,2.0,6.5303334e-07
65,155,3.0,6.3332686e-07
65,155,4.0,3.1461101e-07
65,155,5.0,1.6755095e-07
65,155,6.0,6.629173e-08
65,155,7.0,3.5731478e-08
65,155,8.0,7.577989e-08
65,155,9.0,1.8681699e-07
65,155,10.0,2.2449068e-07
65,155,11.0,1.8356589e-07
65,155,12.0,1.4485947e-07
65,155,13.0,1.0491846e-07
65,155,14.0,1.423567e-07
65,156,0.0,1.10613314e-07
65,156,1.0,1.0145481e-07
65,156,2.0,1.8192327e-07
65,156,3.0,2.1231551e-07
65,156,4.0,2.3988284e-07
65,156,5.0,4.1713943e-07
65,156,6.0,3.4406818e-07
65,156,7.0,2.467626e-07
65,156,8.0,1.9418302e-07
65,156,9.0,1.2999244e-07
65,156,10.0,7.53729e-08
65,156,11.0,5.9550548e-08
65,156,12.0,5.810827e-08
65,156,13.0,7.414463e-08
65,156,14.0,5.1932386e-08
65,157,0.0,3.485524e-07
65,157,1.0,2.703579e-07
65,157,2.0,2.7620965e-07
65,157,3.0,1.7537184e-07
65,157,4.0,1.1972405e-07
65,157,5.0,2.1613772e-07
65,157,6.0,3.1999937e-07
65,157,7.0,4.0305514e-07
65,157,8.0,3.1820522e-07
65,157,9.0,3.6897706e-07
65,157,10.0,4.6346304e-07
65,157,11.0,3.730162e-07
65,157,12.0,2.900004e-07
65,157,13.0,3.497887e-07
65,157,14.0,3.9580112e-07
65,158,0.0,4.1607208e-07
65,158,1.0,2.8180867e-07
65,158,2.0,6.516433e-07
65,158,3.0,8.27325e-07
65,158,4.0,3.1596082e-07
65,158,5.0,1.9578691e-07
65,158,6.0,2.3575677e-07
65,158,7.0,2.2678248e-07
65,158,8.0,2.0265936e-07
65,158,9.0,1.4633443e-07
65,158,10.0,1.397236e-07
65,158,11.0,1.4749287e-07
65,158,12.0,8.562421e-08
65,158,13.0,1.1359519e-07
65,158,14.0,1.4172957e-07
65,159,0.0,2.9088034e-07
65,159,1.0,9.369674e-08
65,159,2.0,1.9004379e-07
65,159,3.0,1.8957441e-07
65,159,4.0,2.7577184e-07
65,159,5.0,2.0167965e-07
65,159,6.0,2.593186e-07
65,159,7.0,7.3776744e-07
65,159,8.0,1.5291332e-07
65,159,9.0,2.7638032e-08
65,159,10.0,9.480057e-09
65,159,11.0,1.9314522e-11
65,159,12.0,3.8847907e-09
65,159,13.0,2.531335e-07
65,159,14.0,6.73538e-07
65,160,0.0,3.8887927e-07
65,160,1.0,1.4980678e-07
65,160,2.0,3.950075e-09
65,160,3.0,2.299811e-08
65,160,4.0,1.1864247e-08
65,160,5.0,5.7189773e-08
65,160,6.0,4.2523973e-07
65,160,7.0,1.2705759e-07
65,160,8.0,1.1299229e-07
65,160,9.0,1.6542869e-07
65,160,10.0,3.482201e-08
65,160,11.0,5.09545e-10
65,160,12.0,1.0572624e-08
65,160,13.0,5.725146e-07
65,160,14.0,1.34627e-06
65,161,0.0,1.8186632e-09
65,161,1.0,2.759927e-09
65,161,2.0,9.832033e-12
65,161,3.0,0.0
65,161,4.0,0.0
65,161,5.0,2.3848072e-09
65,161,6.0,5.738307e-07
65,161,7.0,4.9546753e-07
65,161,8.0,9.714561e-07
65,161,9.0,1.0617398e-06
65,161,10.0,6.455285e-08
65,161,11.0,2.392877e-11
65,161,12.0,5.860913e-08
65,161,13.0,5.944314e-06
65,161,14.0,1.4680717e-05
65,162,0.0,0.0
65,162,1.0,1.2356186e-12
65,162,2.0,1.6909935e-10
65,162,3.0,0.0
65,162,4.0,0.0
65,162,5.0,0.0
65,162,6.0,1.3566265e-07
65,162,7.0,1.841087e-06
65,162,8.0,1.0240285e-05
65,162,9.0,1.9270401e-05
65,162,10.0,2.0478417e-05
65,162,11.0,1.478194e-05
65,162,12.0,2.082184e-05
65,162,13.0,4.0836876e-05
65,162,14.0,4.4490575e-05
65,163,0.0,8.438803e-12
65,163,1.0,5.776967e-09
65,163,2.0,5.488194e-08
65,163,3.0,7.811217e-08
65,163,4.0,1.7213784e-08
65,163,5.0,6.646181e-08
65,163,6.0,3.4479144e-06
65,163,7.0,1.6593052e-05
65,163,8.0,3.6733873e-05
65,163,9.0,4.4176093e-05
65,163,10.0,4.2608703e-05
65,163,11.0,5.676881e-05
65,163,12.0,6.04419e-05
65,163,13.0,6.307009e-05
65,163,14.0,5.4713317e-05
65,164,0.0,9.027896e-11
65,164,1.0,9.072066e-10
65,164,2.0,2.4018489e-08
65,164,3.0,2.3193807e-06
65,164,4.0,8.443122e-06
65,164,5.0,1.3423197e-05
65,164,6.0,2.784356e-05
65,164,7.0,4.618649e-05
65,164,8.0,7.168844e-05
65,164,9.0,7.692144e-05
65,164,10.0,6.29107e-05
65,164,11.0,0.000116064686
65,164,12.0,0.00013936407
65,164,13.0,0.00013176868
65,164,14.0,0.000102112564
65,165,0.0,0.0
65,165,1.0,2.3963612e-15
65,165,2.0,1.3433814e-09
65,165,3.0,1.06787006e-07
65,165,4.0,1.29205e-06
65,165,5.0,6.7443275e-06
65,165,6.0,1.42053395e-05
65,165,7.0,2.3597268e-05
65,165,8.0,3.3023625e-05
65,165,9.0,5.5462035e-05
65,165,10.0,8.0698184e-05
65,165,11.0,0.00010394167
65,165,12.0,0.0001257666
65,165,13.0,0.000116935924
65,165,14.0,9.267665e-05
65,166,0.0,0.0
65,166,1.0,0.0
65,166,2.0,5.839403e-11
65,166,3.0,8.117083e-09
65,166,4.0,2.7823748e-07
65,166,5.0,2.658224e-06
65,166,6.0,1.161683e-05
65,166,7.0,1.4869879e-05
65,166,8.0,3.391373e-05
65,166,9.0,3.948311e-05
65,166,10.0,4.6324058e-05
65,166,11.0,4.64043e-05
65,166,12.0,5.191061e-05
65,166,13.0,6.1018916e-05
65,166,14.0,4.7988833e-05
65,167,0.0,2.8989742e-09
65,167,1.0,1.0287875e-09
65,167,2.0,4.656798e-11
65,167,3.0,7.068908e-09
65,167,4.0,1.2175552e-07
65,167,5.0,7.873978e-07
65,167,6.0,2.5794968e-06
65,167,7.0,1.5557657e-06
65,167,8.0,6.6735976e-07
65,167,9.0,9.77899e-08
65,167,10.0,2.8769648e-06
65,167,11.0,2.1665737e-06
65,167,12.0,3.113868e-06
65,167,13.0,7.1080512e-06
65,167,14.0,9.571054e-06
65,168,0.0,1.00031805e-08
65,168,1.0,1.17663035e-08
65,168,2.0,3.0270269e-09
65,168,3.0,5.0112185e-08
65,168,4.0,4.0202448e-07
65,168,5.0,1.3399348e-06
65,168,6.0,2.3563782e-06
65,168,7.0,6.3341495e-06
65,168,8.0,7.912913e-06
65,168,9.0,3.4580219e-06
65,168,10.0,1.7198929e-06
65,168,11.0,5.211949e-07
65,168,12.0,2.961431e-07
65,168,13.0,3.0850703e-08
65,168,14.0,2.1947328e-08
65,169,0.0,2.3800508e-12
65,169,1.0,1.8731807e-09
65,169,2.0,2.3396955e-08
65,169,3.0,4.2593523e-08
65,169,4.0,9.436823e-08
65,169,5.0,2.8904813e-07
65,169,6.0,6.096805e-07
65,169,7.0,5.103932e-07
65,169,8.0,3.6905558e-07
65,169,9.0,1.0196045e-06
65,169,10.0,4.3935555e-07
65,169,11.0,1.5619995e-07
65,169,12.0,4.9999684e-08
65,169,13.0,1.368369e-07
65,169,14.0,7.592428e-08
65,170,0.0,1.3132042e-07
65,170,1.0,1.7391145e-07
65,170,2.0,1.2424607e-07
65,170,3.0,1.0471222e-07
65,170,4.0,1.5096659e-07
65,170,5.0,2.1233203e-07
65,170,6.0,3.2961037e-07
65,170,7.0,5.6779766e-07
65,170,8.0,7.920781e-07
65,170,9.0,1.4899401e-06
65,170,10.0,5.564863e-07
65,170,11.0,1.7429754e-07
65,170,12.0,3.0691172e-08
65,170,13.0,1.15388524e-07
65,170,14.0,2.7105256e-07
65,171,0.0,5.1262765e-07
65,171,1.0,2.877767e-07
65,171,2.0,1.9251338e-07
65,171,3.0,2.0845351e-07
65,171,4.0,3.892637e-07
65,171,5.0,6.4816425e-07
65,171,6.0,7.29136e-07
65,171,7.0,6.9521616e-07
65,171,8.0,6.5047385e-07
65,171,9.0,5.483293e-07
65,171,10.0,5.343974e-07
65,171,11.0,6.725324e-07
65,171,12.0,6.1724006e-07
65,171,13.0,1.9082732e-07
65,171,14.0,1.15082834e-07
65,172,0.0,6.5810605e-07
65,172,1.0,1.5450337e-06
65,172,2.0,4.2900402e-07
65,172,3.0,1.6000416e-07
65,172,4.0,1.4952558e-07
65,172,5.0,1.6202019e-07
65,172,6.0,2.0187599e-07
65,172,7.0,2.2467515e-07
65,172,8.0,2.0856866e-07
65,172,9.0,1.7584941e-07
65,172,10.0,1.5297601e-07
65,172,11.0,1.2922618e-07
65,172,12.0,2.7668537e-07
65,172,13.0,4.4645734e-07
65,172,14.0,5.533017e-07
66,157,0.0,7.571131e-08
66,157,1.0,1.4767588e-08
66,157,2.0,1.5399825e-08
66,157,3.0,6.9495776e-08
66,157,4.0,1.0557254e-07
66,157,5.0,5.3346263e-08
66,157,6.0,3.1792293e-08
66,157,7.0,6.634691e-08
66,157,8.0,7.990136e-08
66,157,9.0,9.177098e-08
66,157,10.0,8.544057e-08
66,157,11.0,6.396827e-08
66,157,12.0,4.6237194e-08
66,157,13.0,4.2744997e-08
66,157,14.0,3.096853e-08
66,158,0.0,2.765847e-07
66,158,1.0,3.1578264e-08
66,158,2.0,2.5470994e-08
66,158,3.0,4.5842658e-08
66,158,4.0,2.385721e-08
66,158,5.0,1.6308334e-08
66,158,6.0,1.7963835e-08
66,158,7.0,1.4986943e-08
66,158,8.0,1.7917452e-08
66,158,9.0,9.001374e-08
66,158,10.0,1.6995585e-07
66,158,11.0,1.5128639e-07
66,158,12.0,1.1889144e-07
66,158,13.0,1.8754862e-07
66,158,14.0,2.393767e-07
66,159,0.0,1.17065646e-07
66,159,1.0,6.6651495e-08
66,159,2.0,1.2453506e-07
66,159,3.0,1.2250864e-07
66,159,4.0,7.792797e-08
66,159,5.0,1.6049874e-07
66,159,6.0,3.2137774e-07
66,159,7.0,2.0060516e-07
66,159,8.0,4.335823e-07
66,159,9.0,5.019485e-07
66,159,10.0,3.7943394e-07
66,159,11.0,1.7996442e-07
66,159,12.0,1.0003919e-07
66,159,13.0,6.403495e-08
66,159,14.0,4.8396632e-08
66,160,0.0,8.448073e-08
66,160,1.0,1.9348703e-07
66,160,2.0,5.795059e-07
66,160,3.0,4.7348277e-07
66,160,4.0,2.3745896e-07
66,160,5.0,2.2158373e-07
66,160,6.0,1.0591507e-07
66,160,7.0,1.2032903e-07
66,160,8.0,1.1954691e-07
66,160,9.0,1.166046e-07
66,160,10.0,1.4573243e-07
66,160,11.0,1.4516243e-07
66,160,12.0,9.8734006e-08
66,160,13.0,4.359757e-08
66,160,14.0,3.2536978e-08
66,161,0.0,5.5241225e-07
66,161,1.0,2.1804159e-07
66,161,2.0,2.4669794e-07
66,161,3.0,3.1530362e-07
66,161,4.0,2.985932e-07
66,161,5.0,1.4419498e-07
66,161,6.0,9.778133e-08
66,161,7.0,1.1954691e-07
66,161,8.0,1.7157312e-07
66,161,9.0,1.08711085e-07
66,161,10.0,9.248963e-08
66,161,11.0,1.324755e-07
66,161,12.0,8.834477e-08
66,161,13.0,9.5499075e-08
66,161,14.0,1.673605e-07
66,162,0.0,4.0091794e-07
66,162,1.0,2.3842733e-07
66,162,2.0,2.3296205e-07
66,162,3.0,1.8057452e-07
66,162,4.0,2.3508788e-07
66,162,5.0,9.2176293e-07
66,162,6.0,8.896884e-07
66,162,7.0,1.9992352e-07
66,162,8.0,8.286677e-08
66,162,9.0,1.9914697e-07
66,162,10.0,1.3537888e-07
66,162,11.0,2.391639e-07
66,162,12.0,1.6602989e-07
66,162,13.0,3.4204422e-08
66,162,14.0,5.8079276e-08
66,163,0.0,4.9572805e-07
66,163,1.0,5.3927477e-07
66,163,2.0,5.9797037e-07
66,163,3.0,1.9480902e-07
66,163,4.0,9.15286e-08
66,163,5.0,2.3418048e-07
66,163,6.0,3.0047207e-07
66,163,7.0,1.3600003e-07
66,163,8.0,1.1192608e-08
66,163,9.0,2.1298815e-08
66,163,10.0,2.0706521e-08
66,163,11.0,4.5770246e-08
66,163,12.0,3.362468e-08
66,163,13.0,5.7993248e-08
66,163,14.0,1.2994512e-07
66,164,0.0,1.6284193e-09
66,164,1.0,4.4948956e-09
66,164,2.0,6.987287e-09
66,164,3.0,4.5220494e-09
66,164,4.0,0.0
66,164,5.0,0.0
66,164,6.0,9.128968e-09
66,164,7.0,2.111518e-07
66,164,8.0,1.566885e-07
66,164,9.0,5.749674e-07
66,164,10.0,1.3448147e-06
66,164,11.0,8.7199237e-07
66,164,12.0,2.1097102e-07
66,164,13.0,5.5339115e-07
66,164,14.0,2.7376886e-06
66,165,0.0,1.0973734e-09
66,165,1.0,4.5954057e-08
66,165,2.0,7.869082e-08
66,165,3.0,5.5333e-08
66,165,4.0,5.659309e-09
66,165,5.0,0.0
66,165,6.0,0.0
66,165,7.0,1.6758551e-07
66,165,8.0,2.7169037e-06
66,165,9.0,7.5209614e-06
66,165,10.0,1.5976668e-05
66,165,11.0,1.8739276e-05
66,165,12.0,8.211629e-06
66,165,13.0,1.5573943e-06
66,165,14.0,5.575801e-07
66,166,0.0,2.4968124e-13
66,166,1.0,4.8043963e-10
66,166,2.0,3.0557327e-08
66,166,3.0,9.387882e-08
66,166,4.0,9.5151144e-08
66,166,5.0,3.68203e-08
66,166,6.0,4.5612286e-08
66,166,7.0,2.2183343e-07
66,166,8.0,1.024018e-06
66,166,9.0,2.914874e-06
66,166,10.0,8.539911e-06
66,166,11.0,1.4013237e-05
66,166,12.0,1.3686528e-05
66,166,13.0,7.713356e-06
66,166,14.0,4.262015e-06
66,167,0.0,0.0
66,167,1.0,0.0
66,167,2.0,6.4833174e-09
66,167,3.0,1.6829063e-07
66,167,4.0,3.2645352e-07
66,167,5.0,8.281657e-07
66,167,6.0,1.7215807e-06
66,167,7.0,1.8109054e-06
66,167,8.0,1.1809668e-06
66,167,9.0,7.9996624e-07
66,167,10.0,8.4793686e-07
66,167,11.0,5.1424236e-06
66,167,12.0,9.292804e-06
66,167,13.0,9.83266e-06
66,167,14.0,9.9564895e-06
66,168,0.0,4.800956e-09
66,168,1.0,3.9628276e-08
66,168,2.0,4.0562544e-08
66,168,3.0,1.0661899e-08
66,168,4.0,2.860827e-09
66,168,5.0,1.4569244e-10
66,168,6.0,1.0329518e-08
66,168,7.0,3.0507266e-07
66,168,8.0,1.0744908e-07
66,168,9.0,1.7622249e-08
66,168,10.0,7.063732e-10
66,168,11.0,8.778136e-07
66,168,12.0,2.0505381e-06
66,168,13.0,4.837222e-06
66,168,14.0,7.1012437e-06
66,169,0.0,7.7736324e-08
66,169,1.0,4.965236e-07
66,169,2.0,4.6525705e-07
66,169,3.0,2.8222155e-07
66,169,4.0,6.596777e-08
66,169,5.0,3.0360262e-08
66,169,6.0,1.2691085e-07
66,169,7.0,5.976782e-07
66,169,8.0,7.869158e-07
66,169,9.0,1.1104636e-06
66,169,10.0,3.945329e-07
66,169,11.0,5.048976e-08
66,169,12.0,2.5366363e-08
66,169,13.0,6.426463e-08
66,169,14.0,9.937698e-08
66,170,0.0,3.1765936e-07
66,170,1.0,3.1306988e-07
66,170,2.0,1.2359337e-07
66,170,3.0,7.233281e-08
66,170,4.0,4.637304e-08
66,170,5.0,2.6071335e-08
66,170,6.0,6.1631326e-08
66,170,7.0,3.5987148e-07
66,170,8.0,4.857708e-07
66,170,9.0,1.7992816e-06
66,170,10.0,1.9107035e-06
66,170,11.0,6.2203696e-07
66,170,12.0,7.579359e-07
66,170,13.0,1.1056107e-06
66,170,14.0,4.1153265e-07
66,171,0.0,2.7834582e-07
66,171,1.0,3.528645e-07
66,171,2.0,3.4556942e-07
66,171,3.0,3.581493e-07
66,171,4.0,4.3903626e-07
66,171,5.0,2.3746409e-07
66,171,6.0,8.4833346e-08
66,171,7.0,5.744192e-08
66,171,8.0,1.6123509e-07
66,171,9.0,2.9082508e-07
66,171,10.0,3.113458e-07
66,171,11.0,6.4764157e-07
66,171,12.0,1.0551948e-07
66,171,13.0,3.874019e-08
66,171,14.0,1.256881e-07
66,172,0.0,2.1897772e-07
66,172,1.0,4.835001e-07
66,172,2.0,2.944729e-07
66,172,3.0,3.1554478e-07
66,172,4.0,2.7640934e-07
66,172,5.0,1.4182625e-07
66,172,6.0,1.5608383e-07
66,172,7.0,1.0266781e-07
66,172,8.0,5.533601e-08
66,172,9.0,8.821656e-08
66,172,10.0,1.6038598e-07
66,172,11.0,3.4111912e-07
66,172,12.0,3.8059437e-07
66,172,13.0,4.6651977e-07
66,172,14.0,3.633715e-07
67,160,0.0,4.4508562e-07
67,160,1.0,2.5522112e-07
67,160,2.0,6.8443555e-08
67,160,3.0,2.7727114e-07
67,160,4.0,2.3280788e-07
67,160,5.0,1.0443008e-07
67,160,6.0,3.0040464e-08
67,160,7.0,4.5825107e-08
67,160,8.0,9.257248e-08
67,160,9.0,1.601568e-07
67,160,10.0,2.0726982e-07
67,160,11.0,1.7631359e-07
67,160,12.0,1.3945328e-07
67,160,13.0,6.009088e-08
67,160,14.0,4.2023828e-08
67,161,0.0,4.3435225e-08
67,161,1.0,5.318785e-08
67,161,2.0,1.0005796e-07
67,161,3.0,4.145879e-07
67,161,4.0,4.3382005e-07
67,161,5.0,2.136842e-07
67,161,6.0,9.629356e-08
67,161,7.0,1.3399934e-07
67,161,8.0,1.3738222e-07
67,161,9.0,8.3759424e-08
67,161,10.0,1.2529466e-07
67,161,11.0,1.3424999e-07
67,161,12.0,5.634278e-08
67,161,13.0,3.25624e-08
67,161,14.0,3.7614374e-08
67,162,0.0,4.562717e-08
67,162,1.0,9.757385e-08
67,162,2.0,1.707245e-07
67,162,3.0,3.854139e-07
67,162,4.0,2.792266e-07
67,162,5.0,2.3575167e-07
67,162,6.0,1.216693e-07
67,162,7.0,9.990313e-08
67,162,8.0,1.8887141e-07
67,162,9.0,1.3086296e-07
67,162,10.0,1.7175105e-07
67,162,11.0,2.677947e-07
67,162,12.0,2.2449068e-07
67,162,13.0,8.801841e-08
67,162,14.0,3.852339e-08
67,163,0.0,1.6053411e-07
67,163,1.0,3.2609876e-07
67,163,2.0,4.1273486e-07
67,163,3.0,4.5324077e-07
67,163,4.0,3.2221686e-07
67,163,5.0,1.2804885e-07
67,163,6.0,7.323558e-08
67,163,7.0,5.0135345e-08
67,163,8.0,2.4538071e-08
67,163,9.0,2.4904706e-08
67,163,10.0,4.992121e-08
67,163,11.0,8.990352e-08
67,163,12.0,1.0615113e-07
67,163,13.0,2.7299743e-08
67,163,14.0,1.4855617e-08
67,164,0.0,6.701196e-07
67,164,1.0,6.880116e-07
67,164,2.0,6.094881e-07
67,164,3.0,6.6370706e-07
67,164,4.0,7.2224185e-07
67,164,5.0,7.061724e-07
67,164,6.0,9.2442554e-07
67,164,7.0,5.309375e-07
67,164,8.0,2.2857168e-07
67,164,9.0,3.418213e-07
67,164,10.0,4.792237e-07
67,164,11.0,5.906879e-07
67,164,12.0,3.944841e-07
67,164,13.0,3.76003e-07
67,164,14.0,4.867762e-07
67,165,0.0,4.6877096e-07
67,165,1.0,3.6450194e-07
67,165,2.0,3.332941e-07
67,165,3.0,4.1467945e-07
67,165,4.0,4.6618152e-07
67,165,5.0,2.407873e-07
67,165,6.0,5.7476575e-07
67,165,7.0,5.5845385e-07
67,165,8.0,1.2346847e-07
67,165,9.0,1.3520565e-07
67,165,10.0,1.625754e-07
67,165,11.0,2.8070218e-07
67,165,12.0,1.9488198e-07
67,165,13.0,1.9712847e-07
67,165,14.0,2.5313753e-07
67,166,0.0,9.1877706e-07
67,166,1.0,6.9999567e-07
67,166,2.0,1.9582686e-07
67,166,3.0,7.684225e-08
67,166,4.0,1.4060701e-07
67,166,5.0,7.581801e-08
67,166,6.0,9.361632e-08
67,166,7.0,5.653777e-07
67,166,8.0,4.919395e-07
67,166,9.0,1.5137603e-07
67,166,10.0,2.2968905e-07
67,166,11.0,2.1905979e-07
67,166,12.0,3.849789e-07
67,166,13.0,2.9255474e-07
67,166,14.0,2.4415445e-07
67,167,0.0,4.8655653e-07
67,167,1.0,5.7351014e-07
67,167,2.0,4.44833e-07
67,167,3.0,3.0247818e-07
67,167,4.0,2.901792e-07
67,167,5.0,2.7689106e-07
67,167,6.0,4.4620415e-07
67,167,7.0,1.661888e-07
67,167,8.0,2.5770183e-07
67,167,9.0,4.363707e-07
67,167,10.0,6.171377e-07
67,167,11.0,5.856344e-07
67,167,12.0,1.1604703e-06
67,167,13.0,8.77923e-07
67,167,14.0,9.3642484e-08
67,168,0.0,1.3673684e-07
67,168,1.0,3.4849768e-07
67,168,2.0,2.1848699e-07
67,168,3.0,1.7581358e-07
67,168,4.0,1.9267448e-07
67,168,5.0,2.0565565e-07
67,168,6.0,1.5570973e-07
67,168,7.0,1.6577413e-07
67,168,8.0,5.0212876e-08
67,168,9.0,6.297627e-08
67,168,10.0,2.2827773e-07
67,168,11.0,1.4900596e-07
67,168,12.0,3.6214334e-07
67,168,13.0,6.3883107e-07
67,168,14.0,2.476428e-07
67,169,0.0,5.377629e-09
67,169,1.0,3.792301e-09
67,169,2.0,1.7253948e-08
67,169,3.0,4.326296e-08
67,169,4.0,8.2357914e-08
67,169,5.0,1.9079903e-07
67,169,6.0,2.9765175e-07
67,169,7.0,3.2919894e-07
67,169,8.0,2.4501057e-07
67,169,9.0,1.2866323e-07
67,169,10.0,7.7243016e-08
67,169,11.0,5.2354014e-08
67,169,12.0,1.3176231e-08
67,169,13.0,9.6685795e-08
67,169,14.0,2.29414e-07
67,170,0.0,2.4716144e-07
67,170,1.0,9.9390995e-08
67,170,2.0,2.2684318e-07
67,170,3.0,3.7462198e-07
67,170,4.0,1.9926274e-07
67,170,5.0,8.935702e-08
67,170,6.0,8.4143934e-08
67,170,7.0,8.2335895e-08
67,170,8.0,6.113947e-08
67,170,9.0,1.4133727e-07
67,170,10.0,5.995968e-08
67,170,11.0,1.7576165e-08
67,170,12.0,9.390015e-09
67,170,13.0,9.97632e-08
67,170,14.0,2.860373e-07
67,171,0.0,5.7751794e-07
67,171,1.0,5.143518e-07
67,171,2.0,3.5874305e-07
67,171,3.0,3.218849e-07
67,171,4.0,3.3846163e-07
67,171,5.0,4.029846e-07
67,171,6.0,2.867782e-07
67,171,7.0,1.7067545e-07
67,171,8.0,1.5583964e-07
67,171,9.0,3.0602544e-07
67,171,10.0,5.1476405e-07
67,171,11.0,4.380124e-07
67,171,12.0,2.0284732e-07
67,171,13.0,5.907437e-08
67,171,14.0,5.698549e-08
67,172,0.0,3.3985384e-07
67,172,1.0,7.217783e-07
67,172,2.0,3.7913878e-07
67,172,3.0,1.5692146e-07
67,172,4.0,9.5252574e-08
67,172,5.0,1.5923591e-07
67,172,6.0,1.4436442e-07
67,172,7.0,1.3951781e-07
67,172,8.0,5.3911304e-08
67,172,9.0,4.033779e-08
67,172,10.0,7.1829895e-08
67,172,11.0,2.542728e-08
67,172,12.0,3.7687983e-07
67,172,13.0,1.8831687e-07
67,172,14.0,3.3578476e-07
68,163,0.0,2.3772324e-07
68,163,1.0,1.2154199e-07
68,163,2.0,4.3388617e-08
68,163,3.0,7.167154e-08
68,163,4.0,1.600881e-07
68,163,5.0,1.7443791e-07
68,163,6.0,1.9477476e-07
68,163,7.0,2.964171e-07
68,163,8.0,3.819076e-07
68,163,9.0,1.9583906e-07
68,163,10.0,2.9744976e-07
68,163,11.0,4.68677e-07
68,163,12.0,2.7438864e-07
68,163,13.0,2.7282782e-08
68,163,14.0,5.095085e-09
68,164,0.0,6.5253296e-08
68,164,1.0,2.0089459e-07
68,164,2.0,7.536423e-08
68,164,3.0,1.0991075e-07
68,164,4.0,1.0752976e-07
68,164,5.0,8.244198e-08
68,164,6.0,2.4154705e-08
68,164,7.0,9.996745e-08
68,164,8.0,4.858607e-07
68,164,9.0,3.8247015e-07
68,164,10.0,1.8718039e-07
68,164,11.0,6.288344e-08
68,164,12.0,7.84469e-08
68,164,13.0,4.5503366e-08
68,164,14.0,2.6532227e-08
68,165,0.0,9.952786e-08
68,165,1.0,1.4986307e-07
68,165,2.0,8.7150525e-08
68,165,3.0,3.625763e-08
68,165,4.0,1.8525407e-08
68,165,5.0,8.3147995e-09
68,165,6.0,1.4907819e-08
68,165,7.0,2.9992894e-08
68,165,8.0,1.3739071e-07
68,165,9.0,4.4090572e-07
68,165,10.0,2.7890962e-07
68,165,11.0,2.3480928e-07
68,165,12.0,3.089472e-07
68,165,13.0,3.0283508e-07
68,165,14.0,1.9828529e-07
68,166,0.0,6.167564e-08
68,166,1.0,2.3888575e-08
68,166,2.0,1.9693294e-08
68,166,3.0,4.1728253e-08
68,166,4.0,5.5689533e-08
68,166,5.0,3.9132736e-08
68,166,6.0,2.9925002e-07
68,166,7.0,8.664981e-07
68,166,8.0,5.396117e-07
68,166,9.0,1.5226907e-07
68,166,10.0,1.8452134e-07
68,166,11.0,1.3157965e-07
68,166,12.0,1.9048579e-07
68,166,13.0,2.477063e-07
68,166,14.0,2.5221323e-07
68,167,0.0,4.2415292e-07
68,167,1.0,1.6725596e-07
68,167,2.0,4.185613e-08
68,167,3.0,2.526325e-08
68,167,4.0,6.711605e-08
68,167,5.0,3.0329545e-07
68,167,6.0,7.460334e-07
68,167,7.0,6.8483615e-07
68,167,8.0,6.216753e-07
68,167,9.0,3.3210677e-07
68,167,10.0,3.2324832e-07
68,167,11.0,1.567655e-07
68,167,12.0,1.7127384e-07
68,167,13.0,1.3714504e-07
68,167,14.0,2.1858217e-07
68,168,0.0,8.9146823e-07
68,168,1.0,1.0123144e-06
68,168,2.0,7.8991536e-07
68,168,3.0,5.1704046e-07
68,168,4.0,4.0774168e-07
68,168,5.0,4.234223e-07
68,168,6.0,3.982239e-07
68,168,7.0,3.6266803e-07
68,168,8.0,2.9520896e-07
68,168,9.0,3.2047117e-07
68,168,10.0,5.503065e-07
68,168,11.0,2.8818124e-07
68,168,12.0,1.8290181e-07
68,168,13.0,2.0984557e-07
68,168,14.0,2.1114123e-07
68,169,0.0,1.233319e-07
68,169,1.0,1.3530487e-07
68,169,2.0,4.482286e-07
68,169,3.0,5.9989526e-07
68,169,4.0,3.8470262e-07
68,169,5.0,2.4534947e-07
68,169,6.0,3.0570297e-07
68,169,7.0,4.389224e-07
68,169,8.0,4.1142033e-07
68,169,9.0,6.244803e-07
68,169,10.0,6.1857736e-07
68,169,11.0,5.7772525e-07
68,169,12.0,2.3083435e-07
68,169,13.0,2.5141054e-07
68,169,14.0,5.128218e-07
68,170,0.0,2.2219189e-07
68,170,1.0,9.024008e-08
68,170,2.0,1.5850738e-07
68,170,3.0,3.2153224e-07
68,170,4.0,3.7483682e-07
68,170,5.0,3.0858024e-07
68,170,6.0,3.6158755e-07
68,170,7.0,5.18193e-07
68,170,8.0,5.099244e-07
68,170,9.0,5.0706876e-07
68,170,10.0,4.723928e-07
68,170,11.0,6.879518e-07
68,170,12.0,4.398501e-07
68,170,13.0,3.094802e-07
68,170,14.0,5.934562e-07
68,171,0.0,1.161208e-06
68,171,1.0,1.4064095e-06
68,171,2.0,9.410338e-07
68,171,3.0,6.677161e-07
68,171,4.0,6.2880804e-07
68,171,5.0,5.507908e-07
68,171,6.0,4.1527588e-07
68,171,7.0,3.597156e-07
68,171,8.0,3.8334176e-07
68,171,9.0,3.4599947e-07
68,171,10.0,3.6914128e-07
68,171,11.0,2.939428e-07
68,171,12.0,2.172332e-07
68,171,13.0,1.4378084e-07
68,171,14.0,1.4035011e-07
68,172,0.0,4.5304296e-07
68,172,1.0,9.2195444e-07
68,172,2.0,7.374704e-07
68,172,3.0,5.089538e-07
68,172,4.0,4.2664294e-07
68,172,5.0,4.388472e-07
68,172,6.0,3.5626988e-07
68,172,7.0,2.5507495e-07
68,172,8.0,1.8383246e-07
68,172,9.0,1.3888551e-07
68,172,10.0,1.3208935e-07
68,172,11.0,1.3443821e-07
68,172,12.0,2.4813278e-07
68,172,13.0,1.9891668e-07
68,172,14.0,1.7816713e-07
69,166,0.0,2.2509617e-07
69,166,1.0,1.1004466e-07
69,166,2.0,7.009366e-08
69,166,3.0,2.0608655e-07
69,166,4.0,9.1085276e-08
69,166,5.0,4.2996454e-08
69,166,6.0,2.9669808e-08
69,166,7.0,5.5994995e-09
69,166,8.0,3.7126394e-08
69,166,9.0,1.9749118e-07
69,166,10.0,1.8785177e-07
69,166,11.0,9.862117e-08
69,166,12.0,1.8876342e-07
69,166,13.0,3.4562038e-07
69,166,14.0,2.2786344e-07
69,167,0.0,1.5586022e-07
69,167,1.0,2.2803007e-07
69,167,2.0,1.0115359e-07
69,167,3.0,9.336075e-08
69,167,4.0,1.8483993e-07
69,167,5.0,4.2140954e-07
69,167,6.0,1.00441454e-07
69,167,7.0,9.8336216e-08
69,167,8.0,4.4523148e-07
69,167,9.0,6.6306416e-07
69,167,10.0,4.52188e-07
69,167,11.0,6.4924876e-07
69,167,12.0,3.8375882e-07
69,167,13.0,3.4153155e-07
69,167,14.0,2.9939494e-07
69,168,0.0,4.6960466e-08
69,168,1.0,1.2661692e-07
69,168,2.0,7.893193e-08
69,168,3.0,3.8741508e-08
69,168,4.0,8.396445e-08
69,168,5.0,1.6696235e-07
69,168,6.0,1.9178037e-07
69,168,7.0,1.1325332e-07
69,168,8.0,4.7484843e-07
69,168,9.0,1.1231715e-06
69,168,10.0,4.4746295e-07
69,168,11.0,1.3975719e-07
69,168,12.0,1.335449e-07
69,168,13.0,1.8839556e-07
69,168,14.0,4.2620132e-07
69,169,0.0,1.2807386e-07
69,169,1.0,6.873103e-08
69,169,2.0,1.5667254e-07
69,169,3.0,1.5096384e-07
69,169,4.0,7.93352e-08
69,169,5.0,7.2543884e-08
69,169,6.0,7.528726e-08
69,169,7.0,4.5781064e-08
69,169,8.0,1.7113638e-07
69,169,9.0,1.6927834e-07
69,169,10.0,1.6429536e-07
69,169,11.0,2.0873276e-07
69,169,12.0,3.4105182e-07
69,169,13.0,3.460335e-07
69,169,14.0,1.0610893e-06
69,170,0.0,2.183121e-06
69,170,1.0,1.1589706e-06
69,170,2.0,7.0343503e-07
69,170,3.0,3.172544e-07
69,170,4.0,2.9181615e-07
69,170,5.0,2.5433565e-07
69,170,6.0,2.1306286e-07
69,170,7.0,3.0384123e-07
69,170,8.0,5.0572453e-07
69,170,9.0,6.1015925e-07
69,170,10.0,4.415588e-07
69,170,11.0,3.0552786e-07
69,170,12.0,4.1628306e-07
69,170,13.0,5.468463e-07
69,170,14.0,6.5269654e-07
69,171,0.0,1.7441212e-06
69,171,1.0,5.3328375e-07
69,171,2.0,1.3231747e-07
69,171,3.0,1.1754848e-07
69,171,4.0,3.1107876e-07
69,171,5.0,7.775844e-07
69,171,6.0,9.534342e-07
69,171,7.0,5.3045466e-07
69,171,8.0,3.2829388e-07
69,171,9.0,3.7788357e-07
69,171,10.0,6.259726e-07
69,171,11.0,9.0948015e-07
69,171,12.0,7.863238e-07
69,171,13.0,6.919614e-07
69,171,14.0,6.680447e-07
69,172,0.0,5.1365157e-07
69,172,1.0,7.9852913e-07
69,172,2.0,3.4811654e-07
69,172,3.0,1.16121676e-07
69,172,4.0,8.166466e-08
69,172,5.0,1.9705041e-07
69,172,6.0,4.4654794e-07
69,172,7.0,4.4461947e-07
69,172,8.0,2.3452458e-07
69,172,9.0,1.5661247e-07
69,172,10.0,2.0426963e-07
69,172,11.0,2.7984254e-07
69,172,12.0,4.3991935e-07
69,172,13.0,5.502607e-07
69,172,14.0,4.848611e-07
70,168,0.0,4.7219734e-07
70,168,1.0,6.0360924e-07
70,168,2.0,3.3173583e-07
70,168,3.0,1.6244708e-07
70,168,4.0,1.2191956e-07
70,168,5.0,2.105524e-07
70,168,6.0,3.7539695e-07
70,168,7.0,3.3960558e-07
70,168,8.0,1.2442841e-07
70,168,9.0,1.1871675e-07
70,168,10.0,2.3193606e-07
70,168,11.0,6.444719e-08
70,168,12.0,2.7284983e-07
70,168,13.0,8.048209e-07
70,168,14.0,5.661277e-07
70,169,0.0,2.2865768e-07
70,169,1.0,3.3583132e-07
70,169,2.0,3.4819513e-07
70,169,3.0,2.8862337e-07
70,169,4.0,2.1101562e-07
70,169,5.0,1.0749649e-07
70,169,6.0,1.350939e-07
70,169,7.0,3.641643e-07
70,169,8.0,5.7036647e-07
70,169,9.0,1.7725502e-07
70,169,10.0,1.4592369e-07
70,169,11.0,1.929531e-07
70,169,12.0,1.7018249e-07
70,169,13.0,1.1218119e-07
70,169,14.0,2.43894e-07
70,170,0.0,5.699956e-08
70,170,1.0,4.6662652e-08
70,170,2.0,1.04391994e-07
70,170,3.0,1.9292786e-07
70,170,4.0,1.19711e-07
70,170,5.0,4.723487e-08
70,170,6.0,5.002161e-08
70,170,7.0,6.922472e-08
70,170,8.0,6.35092e-08
70,170,9.0,4.1541668e-08
70,170,10.0,2.1400902e-07
70,170,11.0,2.2801018e-07
70,170,12.0,1.0748022e-07
70,170,13.0,1.08390985e-07
70,170,14.0,8.704777e-08
70,171,0.0,4.10654e-07
70,171,1.0,1.8255835e-07
70,171,2.0,5.3534812e-08
70,171,3.0,4.4698e-08
70,171,4.0,1.441156e-07
70,171,5.0,2.37391e-07
70,171,6.0,1.9608889e-07
70,171,7.0,2.1348167e-07
70,171,8.0,2.6096225e-07
70,171,9.0,2.4414396e-07
70,171,10.0,1.1368594e-07
70,171,11.0,9.737197e-08
70,171,12.0,1.7136016e-07
70,171,13.0,1.7453257e-07
70,171,14.0,1.9166131e-07
70,172,0.0,2.1984664e-07
70,172,1.0,5.515311e-07
70,172,2.0,1.1542826e-06
70,172,3.0,9.83783e-07
70,172,4.0,5.600409e-07
70,172,5.0,3.652293e-07
70,172,6.0,2.9567727e-07
70,172,7.0,2.0497727e-07
70,172,8.0,1.07257485e-07
70,172,9.0,1.136365e-07
70,172,10.0,2.0928627e-07
70,172,11.0,3.2960708e-07
70,172,12.0,6.4206694e-07
70,172,13.0,6.235725e-07
70,172,14.0,4.2894408e-07
71,172,0.0,1.7212953e-07
71,172,1.0,1.7802658e-07
71,172,2.0,1.2795365e-07
71,172,3.0,1.0255299e-07
71,172,4.0,1.373737e-07
71,172,5.0,2.6014288e-07
71,172,6.0,4.0708423e-07
71,172,7.0,3.1843845e-07
71,172,8.0,2.297766e-07
71,172,9.0,2.441636e-07
71,172,10.0,2.9478343e-07
71,172,11.0,4.110583e-07
71,172,12.0,3.1268667e-07
71,172,13.0,1.6279267e-07
71,172,14.0,1.9163402e-07
