Z_physical,A_physical,E_physical,Yield_pred
23,66,0.0,1.0564186e-07
23,66,1.0,1.05187375e-07
23,66,2.0,1.1097585e-07
23,66,3.0,9.008866e-09
23,66,4.0,9.896823e-08
23,66,5.0,4.1041034e-07
23,66,6.0,1.7056358e-07
23,66,7.0,3.046406e-08
23,66,8.0,2.8488344e-07
23,66,9.0,1.9805128e-08
23,66,10.0,1.2156138e-07
23,66,11.0,5.796472e-07
23,66,12.0,2.375465e-07
23,66,13.0,1.4779829e-07
23,66,14.0,2.2230772e-07
24,66,0.0,1.871242e-07
24,66,1.0,1.3633756e-06
24,66,2.0,3.0139333e-07
24,66,3.0,3.6344002e-07
24,66,4.0,1.8421964e-07
24,66,5.0,1.296825e-07
24,66,6.0,1.7141639e-07
24,66,7.0,6.1628435e-07
24,66,8.0,3.3758275e-07
24,66,9.0,1.1392386e-07
24,66,10.0,3.7751332e-07
24,66,11.0,4.6350976e-07
24,66,12.0,3.2891745e-07
24,66,13.0,1.4224564e-07
24,66,14.0,8.345283e-08
24,67,0.0,4.840492e-07
24,67,1.0,1.584915e-09
24,67,2.0,4.661503e-08
24,67,3.0,1.5842927e-08
24,67,4.0,2.2844272e-07
24,67,5.0,7.2138386e-07
24,67,6.0,7.9085237e-07
24,67,7.0,3.751592e-07
24,67,8.0,6.4296e-07
24,67,9.0,8.278303e-08
24,67,10.0,4.2476734e-07
24,67,11.0,6.5584794e-07
24,67,12.0,2.3883956e-07
24,67,13.0,1.6558367e-07
24,67,14.0,1.6312009e-07
24,68,0.0,2.6897402e-09
24,68,1.0,2.0505937e-07
24,68,2.0,4.755794e-07
24,68,3.0,7.322221e-09
24,68,4.0,5.6129828e-08
24,68,5.0,4.855229e-08
24,68,6.0,1.4358869e-08
24,68,7.0,5.367913e-08
24,68,8.0,3.759064e-07
24,68,9.0,3.5931203e-07
24,68,10.0,5.5289373e-08
24,68,11.0,2.2302157e-08
24,68,12.0,2.1730567e-07
24,68,13.0,2.0441183e-08
24,68,14.0,9.8990874e-08
24,69,0.0,2.5725876e-07
24,69,1.0,1.8190607e-07
24,69,2.0,3.6702392e-08
24,69,3.0,9.483255e-09
24,69,4.0,6.0072125e-08
24,69,5.0,5.5559603e-08
24,69,6.0,9.077918e-08
24,69,7.0,7.43023e-08
24,69,8.0,3.0175148e-08
24,69,9.0,9.619094e-09
24,69,10.0,5.641512e-08
24,69,11.0,1.5270653e-07
24,69,12.0,3.1852277e-08
24,69,13.0,1.0793091e-07
24,69,14.0,6.437063e-08
24,70,0.0,3.768021e-08
24,70,1.0,2.2298909e-07
24,70,2.0,2.4427936e-07
24,70,3.0,1.1850119e-07
24,70,4.0,7.322077e-08
24,70,5.0,2.0245797e-07
24,70,6.0,5.024098e-07
24,70,7.0,6.0582835e-07
24,70,8.0,1.6754886e-07
24,70,9.0,9.243628e-08
24,70,10.0,1.5530887e-07
24,70,11.0,1.7775051e-07
24,70,12.0,1.2682685e-07
24,70,13.0,1.6629578e-07
24,70,14.0,1.5022336e-07
25,66,0.0,7.416487e-08
25,66,1.0,1.0626293e-07
25,66,2.0,1.4655311e-08
25,66,3.0,6.434152e-09
25,66,4.0,4.736366e-09
25,66,5.0,4.746609e-08
25,66,6.0,8.03287e-09
25,66,7.0,1.0670478e-07
25,66,8.0,1.717206e-07
25,66,9.0,1.828406e-07
25,66,10.0,4.2613436e-07
25,66,11.0,4.266456e-07
25,66,12.0,5.8298684e-07
25,66,13.0,2.5045122e-07
25,66,14.0,3.7820377e-07
25,67,0.0,4.3952177e-08
25,67,1.0,2.574673e-07
25,67,2.0,7.796373e-07
25,67,3.0,2.58999e-07
25,67,4.0,4.3074e-08
25,67,5.0,3.779963e-08
25,67,6.0,2.380733e-07
25,67,7.0,6.9050765e-07
25,67,8.0,1.3429478e-07
25,67,9.0,7.36606e-08
25,67,10.0,4.4352433e-08
25,67,11.0,2.3480371e-07
25,67,12.0,2.7000837e-07
25,67,13.0,1.5063257e-08
25,67,14.0,1.8798568e-08
25,68,0.0,6.3885754e-09
25,68,1.0,3.8569704e-07
25,68,2.0,1.7995582e-07
25,68,3.0,2.483626e-07
25,68,4.0,8.881349e-07
25,68,5.0,2.4573708e-07
25,68,6.0,1.3838158e-07
25,68,7.0,1.3480413e-06
25,68,8.0,1.2459233e-06
25,68,9.0,6.5892687e-07
25,68,10.0,5.838591e-07
25,68,11.0,6.4507395e-07
25,68,12.0,1.852989e-07
25,68,13.0,2.1673483e-07
25,68,14.0,2.398383e-07
25,69,0.0,3.0162442e-07
25,69,1.0,1.3275484e-06
25,69,2.0,3.2433337e-07
25,69,3.0,1.7151592e-08
25,69,4.0,5.9327732e-08
25,69,5.0,2.042259e-08
25,69,6.0,6.363213e-09
25,69,7.0,2.8167182e-08
25,69,8.0,1.2670645e-07
25,69,9.0,2.4838644e-07
25,69,10.0,4.59208e-07
25,69,11.0,7.198591e-07
25,69,12.0,2.456316e-07
25,69,13.0,2.186719e-08
25,69,14.0,7.67093e-08
25,70,0.0,4.935192e-09
25,70,1.0,6.914234e-08
25,70,2.0,5.941629e-09
25,70,3.0,2.2107665e-07
25,70,4.0,4.2310586e-07
25,70,5.0,8.373959e-08
25,70,6.0,2.103021e-08
25,70,7.0,9.3800075e-08
25,70,8.0,1.2670889e-08
25,70,9.0,1.2595527e-08
25,70,10.0,2.9627955e-07
25,70,11.0,5.070734e-07
25,70,12.0,6.9232534e-08
25,70,13.0,1.1852328e-08
25,70,14.0,2.8918276e-07
25,71,0.0,2.9532282e-07
25,71,1.0,6.7648705e-07
25,71,2.0,1.4486609e-07
25,71,3.0,4.7860443e-08
25,71,4.0,7.253257e-08
25,71,5.0,1.6399157e-07
25,71,6.0,3.6800716e-07
25,71,7.0,1.1324918e-06
25,71,8.0,3.6509422e-07
25,71,9.0,1.6322154e-07
25,71,10.0,5.0068996e-07
25,71,11.0,3.8266214e-07
25,71,12.0,3.1200113e-08
25,71,13.0,0.0
25,71,14.0,3.998275e-07
25,72,0.0,1.6668771e-07
25,72,1.0,2.605903e-07
25,72,2.0,1.1631367e-07
25,72,3.0,3.3756212e-08
25,72,4.0,8.069645e-08
25,72,5.0,1.1224006e-07
25,72,6.0,1.250433e-07
25,72,7.0,1.617238e-07
25,72,8.0,1.9992046e-07
25,72,9.0,8.5660105e-08
25,72,10.0,5.58878e-08
25,72,11.0,3.5544847e-08
25,72,12.0,1.2855672e-08
25,72,13.0,1.215901e-10
25,72,14.0,1.6725163e-09
25,73,0.0,9.206395e-08
25,73,1.0,4.047815e-07
25,73,2.0,5.127714e-07
25,73,3.0,1.6576443e-07
25,73,4.0,3.072232e-07
25,73,5.0,3.4754657e-07
25,73,6.0,2.841897e-07
25,73,7.0,2.1121942e-07
25,73,8.0,3.5743733e-07
25,73,9.0,6.0871216e-08
25,73,10.0,7.8034155e-08
25,73,11.0,1.892907e-07
25,73,12.0,1.7061367e-07
25,73,13.0,3.105437e-07
25,73,14.0,1.6580694e-07
26,66,0.0,0.0
26,66,1.0,0.0
26,66,2.0,1.8247226e-07
26,66,3.0,8.3925465e-07
26,66,4.0,2.3911834e-06
26,66,5.0,5.757315e-06
26,66,6.0,1.0092939e-05
26,66,7.0,2.137788e-05
26,66,8.0,3.5203648e-05
26,66,9.0,3.4611527e-05
26,66,10.0,2.2725211e-05
26,66,11.0,2.1018699e-05
26,66,12.0,2.8156892e-05
26,66,13.0,2.4279758e-05
26,66,14.0,1.9585097e-05
26,67,0.0,3.9955435e-07
26,67,1.0,7.828411e-08
26,67,2.0,3.0909726e-07
26,67,3.0,4.9310034e-07
26,67,4.0,6.2761524e-10
26,67,5.0,1.0280695e-09
26,67,6.0,2.8477139e-08
26,67,7.0,2.5887985e-07
26,67,8.0,1.5345224e-06
26,67,9.0,2.3784391e-06
26,67,10.0,6.4153915e-07
26,67,11.0,3.9204986e-07
26,67,12.0,4.091303e-07
26,67,13.0,2.7727398e-07
26,67,14.0,3.9917066e-07
26,68,0.0,2.7163753e-07
26,68,1.0,0.0
26,68,2.0,1.805251e-07
26,68,3.0,5.1349236e-08
26,68,4.0,6.469829e-08
26,68,5.0,5.700727e-08
26,68,6.0,1.9480176e-08
26,68,7.0,7.9775624e-08
26,68,8.0,3.1675285e-07
26,68,9.0,2.883616e-07
26,68,10.0,9.196278e-08
26,68,11.0,4.106173e-08
26,68,12.0,9.2457945e-08
26,68,13.0,1.6662416e-07
26,68,14.0,1.913563e-07
26,69,0.0,1.7378193e-08
26,69,1.0,1.1540629e-08
26,69,2.0,1.0325162e-07
26,69,3.0,5.6265545e-08
26,69,4.0,3.5515723e-07
26,69,5.0,6.985082e-08
26,69,6.0,4.5012037e-08
26,69,7.0,2.514076e-08
26,69,8.0,1.2802712e-07
26,69,9.0,1.4901967e-07
26,69,10.0,6.103864e-08
26,69,11.0,4.4799535e-08
26,69,12.0,1.435258e-07
26,69,13.0,3.09591e-07
26,69,14.0,6.5820575e-07
26,70,0.0,9.386388e-09
26,70,1.0,5.2891806e-07
26,70,2.0,1.6396841e-07
26,70,3.0,3.7030816e-07
26,70,4.0,6.499349e-07
26,70,5.0,3.9750734e-07
26,70,6.0,4.4988954e-07
26,70,7.0,4.380804e-07
26,70,8.0,9.9325014e-08
26,70,9.0,2.1714276e-07
26,70,10.0,5.0813053e-08
26,70,11.0,8.971618e-08
26,70,12.0,1.9536814e-07
26,70,13.0,4.9465393e-07
26,70,14.0,7.034422e-07
26,71,0.0,7.242209e-08
26,71,1.0,4.7182976e-07
26,71,2.0,6.932989e-08
26,71,3.0,5.654176e-08
26,71,4.0,2.445921e-10
26,71,5.0,6.917425e-09
26,71,6.0,2.1909297e-07
26,71,7.0,7.99773e-08
26,71,8.0,1.3614302e-07
26,71,9.0,4.0885752e-07
26,71,10.0,6.4838474e-07
26,71,11.0,3.88091e-07
26,71,12.0,4.8278105e-07
26,71,13.0,6.339094e-07
26,71,14.0,5.561689e-07
26,72,0.0,5.445824e-07
26,72,1.0,7.111581e-07
26,72,2.0,8.976054e-07
26,72,3.0,6.4673605e-07
26,72,4.0,2.6658415e-07
26,72,5.0,3.9273993e-07
26,72,6.0,3.7902197e-07
26,72,7.0,2.4790444e-07
26,72,8.0,8.708868e-08
26,72,9.0,8.8015806e-10
26,72,10.0,6.568366e-08
26,72,11.0,1.15021734e-07
26,72,12.0,1.008395e-07
26,72,13.0,1.9429544e-07
26,72,14.0,2.8818607e-07
26,73,0.0,2.2457304e-07
26,73,1.0,3.7648132e-07
26,73,2.0,4.0137425e-07
26,73,3.0,1.29723e-07
26,73,4.0,4.8052757e-09
26,73,5.0,2.439067e-09
26,73,6.0,4.0163525e-10
26,73,7.0,3.3734597e-08
26,73,8.0,4.4974286e-07
26,73,9.0,1.3130878e-07
26,73,10.0,3.923654e-08
26,73,11.0,0.0
26,73,12.0,1.1772366e-11
26,73,13.0,9.7250414e-08
26,73,14.0,1.955017e-07
26,74,0.0,2.5964434e-07
26,74,1.0,3.6360245e-07
26,74,2.0,3.4786217e-07
26,74,3.0,2.7369995e-07
26,74,4.0,1.6819578e-07
26,74,5.0,2.465387e-07
26,74,6.0,5.299905e-07
26,74,7.0,1.1477606e-06
26,74,8.0,1.8329656e-07
26,74,9.0,5.8071652e-08
26,74,10.0,2.8122585e-07
26,74,11.0,3.4668437e-07
26,74,12.0,3.2444035e-07
26,74,13.0,1.8292675e-07
26,74,14.0,1.4096918e-07
26,75,0.0,5.70006e-07
26,75,1.0,1.571592e-08
26,75,2.0,6.604712e-09
26,75,3.0,2.6079753e-08
26,75,4.0,2.9814192e-08
26,75,5.0,3.3422314e-08
26,75,6.0,2.6241871e-08
26,75,7.0,3.2776374e-08
26,75,8.0,6.770543e-08
26,75,9.0,4.7456112e-08
26,75,10.0,1.581895e-07
26,75,11.0,1.525407e-07
26,75,12.0,8.3065636e-08
26,75,13.0,7.802996e-09
26,75,14.0,0.0
26,76,0.0,7.194285e-07
26,76,1.0,2.250098e-07
26,76,2.0,5.8177045e-07
26,76,3.0,6.9365115e-07
26,76,4.0,4.009983e-07
26,76,5.0,3.9544219e-07
26,76,6.0,2.3601575e-07
26,76,7.0,5.369393e-07
26,76,8.0,4.4698147e-08
26,76,9.0,3.108331e-10
26,76,10.0,9.061364e-08
26,76,11.0,1.2637994e-07
26,76,12.0,3.1916807e-07
26,76,13.0,6.127283e-07
26,76,14.0,1.1007497e-07
27,66,0.0,4.0328277e-10
27,66,1.0,9.054625e-09
27,66,2.0,9.2701605e-08
27,66,3.0,4.6514066e-07
27,66,4.0,1.3073237e-07
27,66,5.0,1.2131018e-05
27,66,6.0,1.4189657e-05
27,66,7.0,3.2035446e-06
27,66,8.0,1.16053185e-08
27,66,9.0,1.9315962e-06
27,66,10.0,2.3469212e-05
27,66,11.0,3.439222e-05
27,66,12.0,2.0839414e-05
27,66,13.0,6.9761973e-06
27,66,14.0,3.9273955e-06
27,67,0.0,9.319003e-09
27,67,1.0,1.029172e-09
27,67,2.0,0.0
27,67,3.0,4.477035e-08
27,67,4.0,2.3631257e-07
27,67,5.0,4.1131143e-06
27,67,6.0,2.2718068e-05
27,67,7.0,3.87666e-05
27,67,8.0,2.7458826e-05
27,67,9.0,5.8859197e-05
27,67,10.0,9.474314e-05
27,67,11.0,0.00011074593
27,67,12.0,9.540728e-05
27,67,13.0,8.552937e-05
27,67,14.0,8.428716e-05
27,68,0.0,2.0283176e-08
27,68,1.0,0.0
27,68,2.0,0.0
27,68,3.0,2.7337537e-06
27,68,4.0,6.6931807e-06
27,68,5.0,1.1354489e-05
27,68,6.0,1.0851679e-05
27,68,7.0,1.7886736e-05
27,68,8.0,4.536008e-05
27,68,9.0,5.884931e-05
27,68,10.0,8.815798e-05
27,68,11.0,8.104026e-05
27,68,12.0,6.6516746e-05
27,68,13.0,6.8386165e-05
27,68,14.0,7.441432e-05
27,69,0.0,4.3849973e-09
27,69,1.0,0.0
27,69,2.0,0.0
27,69,3.0,1.8414198e-06
27,69,4.0,1.6728864e-05
27,69,5.0,4.7059984e-05
27,69,6.0,6.144359e-05
27,69,7.0,6.769998e-05
27,69,8.0,5.7016165e-05
27,69,9.0,3.9782666e-05
27,69,10.0,7.505683e-05
27,69,11.0,0.00012688461
27,69,12.0,0.00011834338
27,69,13.0,0.000102416096
27,69,14.0,8.931546e-05
27,70,0.0,6.0608573e-07
27,70,1.0,6.708631e-09
27,70,2.0,1.02325075e-07
27,70,3.0,1.5716264e-06
27,70,4.0,8.588941e-06
27,70,5.0,1.8057128e-05
27,70,6.0,2.3944258e-05
27,70,7.0,3.2630127e-05
27,70,8.0,2.8898618e-05
27,70,9.0,1.0132986e-05
27,70,10.0,1.8888995e-05
27,70,11.0,4.6744015e-05
27,70,12.0,4.118015e-05
27,70,13.0,3.1342075e-05
27,70,14.0,3.3271757e-05
27,71,0.0,2.4875604e-08
27,71,1.0,2.0497241e-08
27,71,2.0,5.9032516e-08
27,71,3.0,1.0175821e-06
27,71,4.0,4.3197105e-07
27,71,5.0,9.666012e-07
27,71,6.0,1.6170649e-06
27,71,7.0,1.5053404e-06
27,71,8.0,5.800383e-07
27,71,9.0,2.3716768e-07
27,71,10.0,2.083981e-07
27,71,11.0,4.2000903e-07
27,71,12.0,1.0247214e-06
27,71,13.0,1.6283235e-06
27,71,14.0,1.8894668e-06
27,72,0.0,1.717027e-07
27,72,1.0,8.779093e-07
27,72,2.0,1.3700177e-06
27,72,3.0,1.2651782e-06
27,72,4.0,1.1463513e-06
27,72,5.0,5.9409456e-07
27,72,6.0,4.8091204e-07
27,72,7.0,4.6787852e-07
27,72,8.0,1.9289046e-06
27,72,9.0,1.2442421e-06
27,72,10.0,4.2711562e-07
27,72,11.0,1.0318119e-07
27,72,12.0,1.8197793e-08
27,72,13.0,1.7490703e-09
27,72,14.0,0.0
27,73,0.0,7.741045e-10
27,73,1.0,0.0
27,73,2.0,0.0
27,73,3.0,3.4138495e-08
27,73,4.0,3.8417166e-08
27,73,5.0,4.3665205e-10
27,73,6.0,0.0
27,73,7.0,0.0
27,73,8.0,1.027921e-08
27,73,9.0,3.8237676e-08
27,73,10.0,7.7322916e-08
27,73,11.0,5.4777853e-08
27,73,12.0,1.9285642e-08
27,73,13.0,1.2462873e-08
27,73,14.0,1.382386e-07
27,74,0.0,3.990379e-07
27,74,1.0,2.5062776e-09
27,74,2.0,2.8548757e-09
27,74,3.0,3.806361e-09
27,74,4.0,2.8666074e-07
27,74,5.0,1.2720162e-06
27,74,6.0,1.3169599e-06
27,74,7.0,1.7851629e-07
27,74,8.0,1.0488695e-07
27,74,9.0,1.4012858e-07
27,74,10.0,6.7989376e-08
27,74,11.0,3.8027776e-09
27,74,12.0,8.034618e-09
27,74,13.0,7.010676e-08
27,74,14.0,2.5395724e-07
27,75,0.0,3.982228e-07
27,75,1.0,3.7041787e-08
27,75,2.0,2.3835493e-07
27,75,3.0,7.2591995e-08
27,75,4.0,3.178788e-07
27,75,5.0,2.5279675e-07
27,75,6.0,1.9132796e-07
27,75,7.0,9.886815e-08
27,75,8.0,3.6770498e-07
27,75,9.0,2.7628792e-07
27,75,10.0,2.9936865e-07
27,75,11.0,6.720841e-08
27,75,12.0,2.3756756e-07
27,75,13.0,4.0064918e-07
27,75,14.0,6.7535063e-07
27,76,0.0,2.2568024e-07
27,76,1.0,4.722828e-10
27,76,2.0,4.2341606e-09
27,76,3.0,4.1309133e-07
27,76,4.0,4.5089212e-08
27,76,5.0,6.704073e-09
27,76,6.0,6.536323e-09
27,76,7.0,9.716854e-09
27,76,8.0,3.247886e-07
27,76,9.0,8.840003e-07
27,76,10.0,4.1348972e-07
27,76,11.0,2.2303965e-08
27,76,12.0,5.5285295e-08
27,76,13.0,7.109622e-08
27,76,14.0,1.6913122e-08
27,77,0.0,4.330796e-08
27,77,1.0,1.2433765e-07
27,77,2.0,2.7597326e-07
27,77,3.0,1.2687815e-08
27,77,4.0,1.4018788e-08
27,77,5.0,6.616369e-08
27,77,6.0,5.529999e-08
27,77,7.0,3.209867e-07
27,77,8.0,1.5101651e-07
27,77,9.0,6.9587287e-09
27,77,10.0,7.228999e-07
27,77,11.0,6.4032895e-07
27,77,12.0,2.1711693e-07
27,77,13.0,2.0839424e-07
27,77,14.0,3.5538562e-07
27,78,0.0,1.6892444e-07
27,78,1.0,3.610936e-07
27,78,2.0,1.5608191e-09
27,78,3.0,2.7132978e-07
27,78,4.0,3.42823e-07
27,78,5.0,2.5471778e-07
27,78,6.0,1.7784645e-07
27,78,7.0,1.0837662e-07
27,78,8.0,1.9413933e-07
27,78,9.0,1.5572697e-07
27,78,10.0,3.190215e-09
27,78,11.0,2.150002e-09
27,78,12.0,1.4326947e-08
27,78,13.0,3.4273495e-09
27,78,14.0,2.3805116e-07
28,66,0.0,2.1792592e-09
28,66,1.0,3.2698222e-10
28,66,2.0,0.0
28,66,3.0,0.0
28,66,4.0,0.0
28,66,5.0,1.820888e-09
28,66,6.0,1.3863101e-11
28,66,7.0,8.388022e-09
28,66,8.0,4.356214e-09
28,66,9.0,1.9694502e-10
28,66,10.0,0.0
28,66,11.0,4.303829e-09
28,66,12.0,1.8549336e-07
28,66,13.0,5.7913593e-07
28,66,14.0,1.5540694e-06
28,67,0.0,8.897119e-09
28,67,1.0,0.0
28,67,2.0,0.0
28,67,3.0,1.1397154e-07
28,67,4.0,6.3926905e-08
28,67,5.0,1.81713e-06
28,67,6.0,8.822522e-06
28,67,7.0,3.5687883e-06
28,67,8.0,1.244849e-09
28,67,9.0,2.2492037e-07
28,67,10.0,8.530437e-06
28,67,11.0,2.9512943e-05
28,67,12.0,2.0553849e-05
28,67,13.0,8.027867e-06
28,67,14.0,3.0784981e-06
28,68,0.0,0.0
28,68,1.0,0.0
28,68,2.0,1.2078872e-08
28,68,3.0,3.4562063e-08
28,68,4.0,1.293943e-07
28,68,5.0,3.7176305e-05
28,68,6.0,5.4498807e-05
28,68,7.0,7.920478e-05
28,68,8.0,9.209302e-05
28,68,9.0,5.9389087e-05
28,68,10.0,0.000114091235
28,68,11.0,0.000116227806
28,68,12.0,0.000106509215
28,68,13.0,8.412018e-05
28,68,14.0,6.642338e-05
28,69,0.0,0.0
28,69,1.0,1.2396556e-09
28,69,2.0,0.0
28,69,3.0,0.0
28,69,4.0,2.819153e-06
28,69,5.0,4.3473203e-05
28,69,6.0,0.00014705026
28,69,7.0,0.00018345485
28,69,8.0,0.00010781002
28,69,9.0,0.00010604159
28,69,10.0,0.00012809817
28,69,11.0,0.00013644122
28,69,12.0,0.0001448106
28,69,13.0,0.00013852688
28,69,14.0,0.000125042
28,70,0.0,0.0
28,70,1.0,2.2519687e-07
28,70,2.0,8.956699e-06
28,70,3.0,5.7922793e-05
28,70,4.0,0.00017432966
28,70,5.0,0.00032258636
28,70,6.0,0.00047809805
28,70,7.0,0.0005171511
28,70,8.0,0.00055640563
28,70,9.0,0.00046403793
28,70,10.0,0.000505557
28,70,11.0,0.0005522873
28,70,12.0,0.0005543104
28,70,13.0,0.0005247321
28,70,14.0,0.0004805997
28,71,0.0,0.0
28,71,1.0,1.2143339e-06
28,71,2.0,2.0694928e-05
28,71,3.0,0.00011275566
28,71,4.0,0.0001716735
28,71,5.0,0.00036304697
28,71,6.0,0.000538008
28,71,7.0,0.0006047655
28,71,8.0,0.0005359643
28,71,9.0,0.0003912963
28,71,10.0,0.00046931842
28,71,11.0,0.00067219365
28,71,12.0,0.0006557203
28,71,13.0,0.0005171774
28,71,14.0,0.00039413935
28,72,0.0,1.3239635e-05
28,72,1.0,5.801459e-05
28,72,2.0,0.00011781112
28,72,3.0,0.00021821276
28,72,4.0,0.00030278802
28,72,5.0,0.0005222792
28,72,6.0,0.00074778456
28,72,7.0,0.00076788786
28,72,8.0,0.0004764007
28,72,9.0,0.00041613038
28,72,10.0,0.0004615222
28,72,11.0,0.00058198126
28,72,12.0,0.0006337324
28,72,13.0,0.00060861785
28,72,14.0,0.0005351484
28,73,0.0,3.1935645e-06
28,73,1.0,1.826161e-05
28,73,2.0,6.392138e-05
28,73,3.0,0.000110098576
28,73,4.0,0.0001585046
28,73,5.0,0.00021695245
28,73,6.0,0.00026363606
28,73,7.0,0.000284763
28,73,8.0,0.000236139
28,73,9.0,0.000222878
28,73,10.0,0.0002483221
28,73,11.0,0.00027356352
28,73,12.0,0.00025407088
28,73,13.0,0.00022236093
28,73,14.0,0.00018986863
28,74,0.0,4.0825543e-07
28,74,1.0,3.2273117e-06
28,74,2.0,2.0508374e-05
28,74,3.0,4.2039803e-05
28,74,4.0,7.703566e-05
28,74,5.0,0.00013828164
28,74,6.0,0.00014329815
28,74,7.0,0.00012827506
28,74,8.0,0.00012658784
28,74,9.0,0.00012656709
28,74,10.0,0.00014418915
28,74,11.0,0.00013911747
28,74,12.0,0.0001271781
28,74,13.0,0.00011675606
28,74,14.0,0.000114816554
28,75,0.0,5.6831322e-08
28,75,1.0,9.3548886e-07
28,75,2.0,9.806231e-07
28,75,3.0,1.589943e-07
28,75,4.0,1.833971e-07
28,75,5.0,3.6995982e-07
28,75,6.0,1.722959e-07
28,75,7.0,1.9263888e-07
28,75,8.0,1.1157408e-08
28,75,9.0,3.8948187e-08
28,75,10.0,3.222819e-08
28,75,11.0,1.8161943e-07
28,75,12.0,3.774934e-07
28,75,13.0,3.9923705e-07
28,75,14.0,3.1466286e-07
28,76,0.0,7.0399993e-09
28,76,1.0,0.0
28,76,2.0,2.2012142e-07
28,76,3.0,6.035306e-07
28,76,4.0,2.551223e-07
28,76,5.0,7.14544e-08
28,76,6.0,2.4479606e-08
28,76,7.0,3.2364312e-08
28,76,8.0,2.5475964e-07
28,76,9.0,3.0170682e-07
28,76,10.0,2.1902721e-08
28,76,11.0,3.1324499e-10
28,76,12.0,5.713477e-08
28,76,13.0,1.8417325e-07
28,76,14.0,2.751037e-07
28,77,0.0,4.183747e-08
28,77,1.0,0.0
28,77,2.0,3.027245e-08
28,77,3.0,1.4256366e-06
28,77,4.0,7.720522e-07
28,77,5.0,9.9472025e-08
28,77,6.0,8.765918e-09
28,77,7.0,1.8881689e-08
28,77,8.0,1.0764807e-07
28,77,9.0,0.0
28,77,10.0,4.0323368e-07
28,77,11.0,1.2215995e-06
28,77,12.0,9.206307e-07
28,77,13.0,1.138826e-06
28,77,14.0,3.8386762e-07
28,78,0.0,2.74525e-08
28,78,1.0,1.4733472e-07
28,78,2.0,1.6961793e-07
28,78,3.0,6.8984335e-08
28,78,4.0,3.9246265e-07
28,78,5.0,3.155054e-07
28,78,6.0,8.3081055e-08
28,78,7.0,6.107815e-09
28,78,8.0,1.1807383e-08
28,78,9.0,1.3947886e-07
28,78,10.0,7.9457465e-08
28,78,11.0,4.144966e-09
28,78,12.0,7.3025944e-08
28,78,13.0,7.046647e-08
28,78,14.0,3.952309e-09
28,79,0.0,3.3501055e-07
28,79,1.0,6.897868e-08
28,79,2.0,6.054677e-08
28,79,3.0,1.3216713e-07
28,79,4.0,2.0043291e-07
28,79,5.0,4.100229e-07
28,79,6.0,3.9824047e-07
28,79,7.0,7.0574947e-07
28,79,8.0,1.9641307e-07
28,79,9.0,3.7490136e-07
28,79,10.0,9.2162914e-08
28,79,11.0,5.7726453e-07
28,79,12.0,9.597072e-07
28,79,13.0,9.635216e-07
28,79,14.0,2.7664348e-07
28,80,0.0,1.03153035e-07
28,80,1.0,2.477421e-07
28,80,2.0,3.0703407e-07
28,80,3.0,1.1550338e-07
28,80,4.0,5.080582e-07
28,80,5.0,1.9622224e-08
28,80,6.0,1.6705673e-08
28,80,7.0,2.1352118e-08
28,80,8.0,7.4355235e-08
28,80,9.0,0.0
28,80,10.0,1.4449482e-10
28,80,11.0,7.038772e-07
28,80,12.0,1.7940086e-07
28,80,13.0,5.5921923e-08
28,80,14.0,1.8780752e-07
28,81,0.0,7.460383e-09
28,81,1.0,2.9174206e-08
28,81,2.0,3.2985102e-07
28,81,3.0,6.239242e-08
28,81,4.0,5.2834605e-07
28,81,5.0,4.548465e-08
28,81,6.0,8.690345e-08
28,81,7.0,4.9987143e-08
28,81,8.0,9.611936e-08
28,81,9.0,2.6701105e-07
28,81,10.0,1.14131645e-07
28,81,11.0,4.571107e-09
28,81,12.0,5.9364062e-08
28,81,13.0,3.4224334e-07
28,81,14.0,1.4324674e-07
28,82,0.0,2.0064887e-07
28,82,1.0,1.1877569e-06
28,82,2.0,3.7214048e-07
28,82,3.0,3.5942503e-07
28,82,4.0,4.0703503e-07
28,82,5.0,1.2574059e-06
28,82,6.0,3.4734572e-07
28,82,7.0,5.4882486e-07
28,82,8.0,1.9400179e-07
28,82,9.0,3.7828354e-07
28,82,10.0,4.2154795e-07
28,82,11.0,1.8871539e-08
28,82,12.0,5.2141715e-08
28,82,13.0,0.0
28,82,14.0,4.8696847e-08
29,66,0.0,1.01417264e-07
29,66,1.0,3.638552e-07
29,66,2.0,1.552897e-07
29,66,3.0,2.2375533e-08
29,66,4.0,8.392095e-08
29,66,5.0,1.4676044e-07
29,66,6.0,8.1734626e-08
29,66,7.0,3.5032098e-08
29,66,8.0,2.9640233e-07
29,66,9.0,6.3428007e-07
29,66,10.0,4.0179043e-07
29,66,11.0,4.4462162e-08
29,66,12.0,1.1937727e-08
29,66,13.0,5.6911067e-09
29,66,14.0,2.6602393e-07
29,67,0.0,1.4125361e-07
29,67,1.0,1.1747172e-07
29,67,2.0,1.9506417e-07
29,67,3.0,1.0827108e-07
29,67,4.0,9.995326e-07
29,67,5.0,2.5406393e-07
29,67,6.0,9.0261814e-08
29,67,7.0,5.812139e-08
29,67,8.0,2.6385504e-07
29,67,9.0,4.5340627e-08
29,67,10.0,0.0
29,67,11.0,0.0
29,67,12.0,3.813247e-09
29,67,13.0,2.4749761e-08
29,67,14.0,3.3848703e-08
29,68,0.0,2.88567e-10
29,68,1.0,9.6436615e-08
29,68,2.0,6.492141e-08
29,68,3.0,1.0419655e-07
29,68,4.0,4.2496348e-10
29,68,5.0,1.5232859e-08
29,68,6.0,2.0551325e-07
29,68,7.0,3.7345878e-08
29,68,8.0,5.906078e-09
29,68,9.0,4.8566693e-09
29,68,10.0,4.898446e-09
29,68,11.0,2.3364676e-07
29,68,12.0,7.5607625e-07
29,68,13.0,1.6978768e-06
29,68,14.0,2.9894363e-06
29,69,0.0,8.239465e-11
29,69,1.0,3.02868e-08
29,69,2.0,9.632458e-09
29,69,3.0,1.9909146e-07
29,69,4.0,3.8194794e-06
29,69,5.0,8.2278075e-06
29,69,6.0,1.5636322e-05
29,69,7.0,7.933737e-06
29,69,8.0,3.194163e-06
29,69,9.0,2.6506195e-06
29,69,10.0,8.602372e-06
29,69,11.0,2.353265e-05
29,69,12.0,2.9983625e-05
29,69,13.0,3.5588255e-05
29,69,14.0,4.9503833e-05
29,70,0.0,0.0
29,70,1.0,3.0219223e-08
29,70,2.0,1.8584859e-07
29,70,3.0,6.6695557e-06
29,70,4.0,2.2574744e-05
29,70,5.0,5.893379e-05
29,70,6.0,0.00010374941
29,70,7.0,6.4722335e-05
29,70,8.0,3.542061e-05
29,70,9.0,4.6039997e-05
29,70,10.0,7.868149e-05
29,70,11.0,0.00013474975
29,70,12.0,0.00014217154
29,70,13.0,0.00013926199
29,70,14.0,0.00015325061
29,71,0.0,0.0
29,71,1.0,3.936179e-07
29,71,2.0,1.4315503e-05
29,71,3.0,8.441229e-05
29,71,4.0,0.00025321566
29,71,5.0,0.0003494261
29,71,6.0,0.0004143637
29,71,7.0,0.00041280533
29,71,8.0,0.00036126692
29,71,9.0,0.0003294518
29,71,10.0,0.00045663904
29,71,11.0,0.00052846706
29,71,12.0,0.00057635916
29,71,13.0,0.0005706014
29,71,14.0,0.0005231606
29,72,0.0,8.726247e-06
29,72,1.0,7.535362e-05
29,72,2.0,0.000104793806
29,72,3.0,0.00020057568
29,72,4.0,0.0005588677
29,72,5.0,0.0007708754
29,72,6.0,0.0009835418
29,72,7.0,0.0010061685
29,72,8.0,0.00066571933
29,72,9.0,0.00064413255
29,72,10.0,0.0008237445
29,72,11.0,0.0010358059
29,72,12.0,0.0010240969
29,72,13.0,0.0009080835
29,72,14.0,0.0007839609
29,73,0.0,4.468951e-05
29,73,1.0,0.00012131043
29,73,2.0,0.0002999081
29,73,3.0,0.00045385098
29,73,4.0,0.0012854255
29,73,5.0,0.0018149454
29,73,6.0,0.001966392
29,73,7.0,0.0015720665
29,73,8.0,0.0014673122
29,73,9.0,0.0012633309
29,73,10.0,0.0015745603
29,73,11.0,0.0018937095
29,73,12.0,0.0018189313
29,73,13.0,0.0016991767
29,73,14.0,0.0013899186
29,74,0.0,2.6271524e-05
29,74,1.0,0.00015106714
29,74,2.0,0.0002865188
29,74,3.0,0.00057879154
29,74,4.0,0.0010301826
29,74,5.0,0.0015869954
29,74,6.0,0.0016581446
29,74,7.0,0.001428233
29,74,8.0,0.0012382587
29,74,9.0,0.0012134132
29,74,10.0,0.0013572084
29,74,11.0,0.001530744
29,74,12.0,0.001556889
29,74,13.0,0.0013683272
29,74,14.0,0.0010584358
29,75,0.0,5.5406963e-05
29,75,1.0,0.0001662616
29,75,2.0,0.0003942502
29,75,3.0,0.0007263384
29,75,4.0,0.0012029901
29,75,5.0,0.0018836915
29,75,6.0,0.0020000238
29,75,7.0,0.0013751704
29,75,8.0,0.0011140244
29,75,9.0,0.0009956174
29,75,10.0,0.0010868686
29,75,11.0,0.0012495437
29,75,12.0,0.0012576259
29,75,13.0,0.0011961651
29,75,14.0,0.000991273
29,76,0.0,2.1682794e-05
29,76,1.0,9.610331e-05
29,76,2.0,0.0002476129
29,76,3.0,0.00027905183
29,76,4.0,0.00046934004
29,76,5.0,0.0006576733
29,76,6.0,0.00060925767
29,76,7.0,0.000516774
29,76,8.0,0.0003837094
29,76,9.0,0.00042556316
29,76,10.0,0.00051251537
29,76,11.0,0.0004911155
29,76,12.0,0.0004788261
29,76,13.0,0.00045295514
29,76,14.0,0.00044340637
29,77,0.0,1.4697341e-05
29,77,1.0,6.221036e-05
29,77,2.0,0.00018110246
29,77,3.0,0.0003754243
29,77,4.0,0.00057558756
29,77,5.0,0.00077855954
29,77,6.0,0.0008048578
29,77,7.0,0.000619169
29,77,8.0,0.00042352697
29,77,9.0,0.00036945753
29,77,10.0,0.0004208406
29,77,11.0,0.0004687425
29,77,12.0,0.00049563113
29,77,13.0,0.0004991002
29,77,14.0,0.0004197272
29,78,0.0,1.1374354e-05
29,78,1.0,3.8682614e-05
29,78,2.0,0.00012763304
29,78,3.0,0.00012692263
29,78,4.0,0.00020502137
29,78,5.0,0.00027941074
29,78,6.0,0.00028181126
29,78,7.0,0.00017645168
29,78,8.0,0.00011773583
29,78,9.0,0.000121289275
29,78,10.0,0.00012501159
29,78,11.0,0.00013586777
29,78,12.0,0.00015009893
29,78,13.0,0.00017485845
29,78,14.0,0.00016180356
29,79,0.0,2.009111e-06
29,79,1.0,1.860852e-05
29,79,2.0,5.680525e-05
29,79,3.0,8.720203e-05
29,79,4.0,4.1182582e-05
29,79,5.0,6.111048e-05
29,79,6.0,6.5124696e-05
29,79,7.0,7.3393625e-05
29,79,8.0,4.2645344e-05
29,79,9.0,3.383076e-05
29,79,10.0,3.886459e-05
29,79,11.0,3.1835607e-05
29,79,12.0,3.6481742e-05
29,79,13.0,3.585406e-05
29,79,14.0,3.371795e-05
29,80,0.0,9.075439e-08
29,80,1.0,0.0
29,80,2.0,1.6003865e-07
29,80,3.0,2.0159937e-06
29,80,4.0,6.942598e-07
29,80,5.0,8.012293e-07
29,80,6.0,5.320133e-07
29,80,7.0,6.238804e-07
29,80,8.0,3.8635673e-07
29,80,9.0,1.7740717e-07
29,80,10.0,3.356613e-07
29,80,11.0,8.568669e-08
29,80,12.0,1.0127262e-07
29,80,13.0,3.173587e-07
29,80,14.0,7.731513e-07
29,81,0.0,1.7210883e-07
29,81,1.0,4.6527103e-07
29,81,2.0,1.2463406e-06
29,81,3.0,7.369823e-07
29,81,4.0,3.7681517e-07
29,81,5.0,5.757494e-08
29,81,6.0,5.866706e-15
29,81,7.0,6.427488e-10
29,81,8.0,5.7437177e-08
29,81,9.0,3.9689704e-07
29,81,10.0,1.898071e-07
29,81,11.0,3.9488378e-07
29,81,12.0,4.225698e-07
29,81,13.0,1.8551758e-07
29,81,14.0,2.7101652e-07
29,82,0.0,2.6232604e-07
29,82,1.0,0.0
29,82,2.0,1.0056667e-09
29,82,3.0,1.400718e-07
29,82,4.0,4.2643612e-07
29,82,5.0,8.9015344e-07
29,82,6.0,6.2262694e-07
29,82,7.0,3.288277e-07
29,82,8.0,2.2896787e-08
29,82,9.0,1.0669351e-07
29,82,10.0,9.181343e-08
29,82,11.0,1.4979464e-07
29,82,12.0,6.668453e-07
29,82,13.0,3.7207423e-07
29,82,14.0,3.1658434e-08
29,83,0.0,4.5204423e-08
29,83,1.0,8.2929034e-08
29,83,2.0,8.043891e-08
29,83,3.0,2.99791e-07
29,83,4.0,6.592513e-09
29,83,5.0,9.966083e-09
29,83,6.0,6.1100485e-07
29,83,7.0,1.763997e-07
29,83,8.0,6.7316904e-08
29,83,9.0,7.1309363e-09
29,83,10.0,1.8496674e-07
29,83,11.0,9.133579e-08
29,83,12.0,2.3777714e-07
29,83,13.0,1.0333066e-07
29,83,14.0,1.6859122e-08
29,84,0.0,8.269312e-07
29,84,1.0,7.067927e-07
29,84,2.0,9.3731717e-07
29,84,3.0,8.0475206e-07
29,84,4.0,6.25431e-08
29,84,5.0,5.579901e-07
29,84,6.0,4.6686665e-08
29,84,7.0,2.3866528e-07
29,84,8.0,2.8898132e-08
29,84,9.0,4.1277137e-09
29,84,10.0,2.4559728e-08
29,84,11.0,4.9782898e-08
29,84,12.0,5.3147465e-07
29,84,13.0,6.07804e-07
29,84,14.0,5.2904415e-08
30,66,0.0,9.429067e-08
30,66,1.0,1.5421736e-10
30,66,2.0,7.625871e-08
30,66,3.0,2.4742016e-08
30,66,4.0,1.7062386e-07
30,66,5.0,2.588008e-07
30,66,6.0,2.3471387e-07
30,66,7.0,7.690843e-08
30,66,8.0,1.107263e-07
30,66,9.0,6.2667306e-07
30,66,10.0,6.6627297e-07
30,66,11.0,9.868276e-07
30,66,12.0,2.954623e-07
30,66,13.0,3.367867e-08
30,66,14.0,1.9435734e-07
30,67,0.0,3.6940824e-07
30,67,1.0,6.016953e-08
30,67,2.0,4.8703612e-08
30,67,3.0,1.7045969e-09
30,67,4.0,7.989032e-09
30,67,5.0,8.848778e-09
30,67,6.0,3.120321e-08
30,67,7.0,1.9801297e-07
30,67,8.0,1.8929161e-07
30,67,9.0,3.8117415e-07
30,67,10.0,1.7826196e-07
30,67,11.0,1.913801e-07
30,67,12.0,2.4258708e-07
30,67,13.0,1.5281479e-07
30,67,14.0,4.4338267e-07
30,68,0.0,2.2061842e-08
30,68,1.0,2.8616315e-08
30,68,2.0,2.4581888e-07
30,68,3.0,1.00360076e-07
30,68,4.0,2.3487269e-07
30,68,5.0,1.6420432e-07
30,68,6.0,1.4549602e-07
30,68,7.0,2.6832177e-07
30,68,8.0,1.693263e-07
30,68,9.0,2.009122e-07
30,68,10.0,1.9500861e-07
30,68,11.0,2.0551037e-07
30,68,12.0,2.544997e-07
30,68,13.0,2.3541446e-07
30,68,14.0,2.6122478e-07
30,69,0.0,2.9152915e-07
30,69,1.0,2.0024724e-07
30,69,2.0,2.1811445e-07
30,69,3.0,3.1447078e-07
30,69,4.0,4.5780513e-10
30,69,5.0,2.8167708e-08
30,69,6.0,8.807999e-08
30,69,7.0,1.7229716e-08
30,69,8.0,1.5459825e-07
30,69,9.0,1.9296614e-07
30,69,10.0,1.8465104e-07
30,69,11.0,2.533848e-07
30,69,12.0,2.5580334e-07
30,69,13.0,1.9820104e-07
30,69,14.0,3.343593e-07
30,70,0.0,5.385766e-10
30,70,1.0,2.4276579e-08
30,70,2.0,1.9102756e-11
30,70,3.0,1.5675573e-07
30,70,4.0,1.9671188e-07
30,70,5.0,1.062231e-09
30,70,6.0,3.8574095e-09
30,70,7.0,1.2545375e-07
30,70,8.0,1.406927e-06
30,70,9.0,1.0438993e-06
30,70,10.0,8.874205e-07
30,70,11.0,1.4068099e-06
30,70,12.0,2.6239268e-06
30,70,13.0,1.2629498e-06
30,70,14.0,6.3444156e-07
30,71,0.0,1.0465719e-08
30,71,1.0,2.1172719e-08
30,71,2.0,1.145794e-07
30,71,3.0,1.1706672e-06
30,71,4.0,7.872572e-06
30,71,5.0,8.629634e-06
30,71,6.0,7.845059e-06
30,71,7.0,9.414653e-06
30,71,8.0,4.993e-06
30,71,9.0,1.1676208e-05
30,71,10.0,3.7147813e-05
30,71,11.0,5.2029758e-05
30,71,12.0,5.8281777e-05
30,71,13.0,4.185776e-05
30,71,14.0,2.5251711e-05
30,72,0.0,8.181009e-06
30,72,1.0,8.660441e-06
30,72,2.0,3.6357418e-05
30,72,3.0,0.000101275014
30,72,4.0,0.0002271093
30,72,5.0,0.00033129472
30,72,6.0,0.0003340071
30,72,7.0,0.00025721735
30,72,8.0,0.0002429894
30,72,9.0,0.00029831822
30,72,10.0,0.00044116518
30,72,11.0,0.0005416073
30,72,12.0,0.00044000265
30,72,13.0,0.00029982414
30,72,14.0,0.00023440552
30,73,0.0,2.3561515e-05
30,73,1.0,3.8002723e-05
30,73,2.0,0.00021636045
30,73,3.0,0.00040079304
30,73,4.0,0.00072342524
30,73,5.0,0.0010392147
30,73,6.0,0.0011465239
30,73,7.0,0.0010170836
30,73,8.0,0.0009067908
30,73,9.0,0.0009734879
30,73,10.0,0.0011763684
30,73,11.0,0.001295081
30,73,12.0,0.0012353562
30,73,13.0,0.0012076609
30,73,14.0,0.0010402567
30,74,0.0,0.00011807666
30,74,1.0,0.0005620103
30,74,2.0,0.0014666611
30,74,3.0,0.0028058363
30,74,4.0,0.0038704902
30,74,5.0,0.0047487807
30,74,6.0,0.004828236
30,74,7.0,0.0044071516
30,74,8.0,0.00395491
30,74,9.0,0.0038693931
30,74,10.0,0.0041284743
30,74,11.0,0.00458771
30,74,12.0,0.0046220934
30,74,13.0,0.0043204003
30,74,14.0,0.0039153784
30,75,0.0,0.00024663273
30,75,1.0,0.00085605885
30,75,2.0,0.0022750765
30,75,3.0,0.0042317463
30,75,4.0,0.0064213565
30,75,5.0,0.0074243066
30,75,6.0,0.0072407024
30,75,7.0,0.006289771
30,75,8.0,0.0051241517
30,75,9.0,0.0050804922
30,75,10.0,0.00560208
30,75,11.0,0.005870927
30,75,12.0,0.0058145984
30,75,13.0,0.005429415
30,75,14.0,0.0046449057
30,76,0.0,0.0010895444
30,76,1.0,0.0023609893
30,76,2.0,0.0053150393
30,76,3.0,0.009442881
30,76,4.0,0.013412974
30,76,5.0,0.01532118
30,76,6.0,0.014672711
30,76,7.0,0.0116351945
30,76,8.0,0.008627262
30,76,9.0,0.008342531
30,76,10.0,0.009479258
30,76,11.0,0.010647295
30,76,12.0,0.010309048
30,76,13.0,0.00923855
30,76,14.0,0.007895656
30,77,0.0,0.0013364722
30,77,1.0,0.003645208
30,77,2.0,0.006663836
30,77,3.0,0.008901024
30,77,4.0,0.011024623
30,77,5.0,0.012315046
30,77,6.0,0.012749082
30,77,7.0,0.010467511
30,77,8.0,0.008303842
30,77,9.0,0.008005431
30,77,10.0,0.009229201
30,77,11.0,0.009864129
30,77,12.0,0.008934667
30,77,13.0,0.007670291
30,77,14.0,0.0067824298
30,78,0.0,0.002451764
30,78,1.0,0.00556468
30,78,2.0,0.01079215
30,78,3.0,0.015335382
30,78,4.0,0.01718558
30,78,5.0,0.018119378
30,78,6.0,0.016555062
30,78,7.0,0.012353845
30,78,8.0,0.009789821
30,78,9.0,0.009191255
30,78,10.0,0.009749039
30,78,11.0,0.010551221
30,78,12.0,0.010932053
30,78,13.0,0.010491435
30,78,14.0,0.008039574
30,79,0.0,0.0010257029
30,79,1.0,0.0017667101
30,79,2.0,0.0036566583
30,79,3.0,0.0054541645
30,79,4.0,0.0069266404
30,79,5.0,0.0077620293
30,79,6.0,0.006708388
30,79,7.0,0.004771943
30,79,8.0,0.003709627
30,79,9.0,0.0036288658
30,79,10.0,0.004056367
30,79,11.0,0.0046464745
30,79,12.0,0.0047220327
30,79,13.0,0.004032855
30,79,14.0,0.0029473817
30,80,0.0,0.00043522115
30,80,1.0,0.0010176208
30,80,2.0,0.0017071844
30,80,3.0,0.0019128234
30,80,4.0,0.0022451938
30,80,5.0,0.0024849097
30,80,6.0,0.0022982124
30,80,7.0,0.0018357777
30,80,8.0,0.0013550265
30,80,9.0,0.0012967202
30,80,10.0,0.00136481
30,80,11.0,0.0016189839
30,80,12.0,0.0017407564
30,80,13.0,0.0015073946
30,80,14.0,0.0009557493
30,81,0.0,1.561376e-06
30,81,1.0,3.9871175e-06
30,81,2.0,1.2496472e-05
30,81,3.0,1.8303073e-05
30,81,4.0,3.300182e-05
30,81,5.0,6.132655e-05
30,81,6.0,6.2673724e-05
30,81,7.0,3.1164338e-05
30,81,8.0,2.9209246e-05
30,81,9.0,4.2890242e-05
30,81,10.0,4.181873e-05
30,81,11.0,7.2834846e-05
30,81,12.0,9.15115e-05
30,81,13.0,8.8498986e-05
30,81,14.0,6.222179e-05
30,82,0.0,7.95355e-08
30,82,1.0,7.37472e-08
30,82,2.0,1.2220026e-08
30,82,3.0,0.0
30,82,4.0,0.0
30,82,5.0,8.198573e-07
30,82,6.0,1.7479043e-06
30,82,7.0,1.6824862e-06
30,82,8.0,1.0984842e-07
30,82,9.0,2.0262503e-07
30,82,10.0,2.8914928e-07
30,82,11.0,1.8822216e-06
30,82,12.0,3.827985e-07
30,82,13.0,8.9332264e-07
30,82,14.0,2.7560868e-06
30,83,0.0,7.250482e-08
30,83,1.0,5.0021487e-07
30,83,2.0,5.094608e-08
30,83,3.0,0.0
30,83,4.0,3.3617351e-09
30,83,5.0,0.0
30,83,6.0,6.2354163e-11
30,83,7.0,1.8523441e-07
30,83,8.0,1.5447883e-07
30,83,9.0,3.7764256e-08
30,83,10.0,1.2513774e-08
30,83,11.0,9.426201e-07
30,83,12.0,1.1658459e-07
30,83,13.0,0.0
30,83,14.0,6.835925e-09
30,84,0.0,1.2971235e-07
30,84,1.0,5.8800737e-07
30,84,2.0,1.5690678e-06
30,84,3.0,1.6413227e-06
30,84,4.0,2.4106396e-07
30,84,5.0,0.0
30,84,6.0,8.4164105e-07
30,84,7.0,1.2286759e-07
30,84,8.0,0.0
30,84,9.0,0.0
30,84,10.0,4.360708e-08
30,84,11.0,0.0
30,84,12.0,3.2350778e-07
30,84,13.0,1.4130047e-06
30,84,14.0,2.713975e-07
30,85,0.0,7.14875e-07
30,85,1.0,1.0147534e-08
30,85,2.0,1.0859328e-08
30,85,3.0,4.6471058e-07
30,85,4.0,6.9272597e-09
30,85,5.0,2.8034906e-06
30,85,6.0,1.2382614e-07
30,85,7.0,2.2440515e-06
30,85,8.0,2.5560837e-06
30,85,9.0,5.8605472e-08
30,85,10.0,7.5334746e-08
30,85,11.0,8.13603e-07
30,85,12.0,4.9660343e-07
30,85,13.0,9.1219886e-07
30,85,14.0,7.2393345e-07
30,86,0.0,4.1050498e-07
30,86,1.0,2.8221743e-07
30,86,2.0,0.0
30,86,3.0,0.0
30,86,4.0,2.9798817e-09
30,86,5.0,0.0
30,86,6.0,1.076973e-06
30,86,7.0,6.57018e-07
30,86,8.0,2.621318e-07
30,86,9.0,9.522756e-09
30,86,10.0,0.0
30,86,11.0,0.0
30,86,12.0,8.45058e-08
30,86,13.0,1.3574014e-07
30,86,14.0,7.648278e-08
31,67,0.0,8.405968e-08
31,67,1.0,2.4069317e-07
31,67,2.0,5.418247e-07
31,67,3.0,4.3748827e-07
31,67,4.0,2.61021e-07
31,67,5.0,1.2831052e-07
31,67,6.0,1.7343051e-07
31,67,7.0,1.658536e-07
31,67,8.0,3.9544219e-07
31,67,9.0,3.0195253e-08
31,67,10.0,2.9431602e-09
31,67,11.0,7.451615e-09
31,67,12.0,3.6523794e-08
31,67,13.0,1.3285008e-07
31,67,14.0,1.7362794e-07
31,68,0.0,3.35295e-07
31,68,1.0,8.5721425e-08
31,68,2.0,2.3559956e-08
31,68,3.0,2.7939953e-09
31,68,4.0,1.134126e-08
31,68,5.0,1.6194448e-07
31,68,6.0,5.0981345e-07
31,68,7.0,5.2821957e-08
31,68,8.0,6.514003e-08
31,68,9.0,5.5401696e-08
31,68,10.0,2.7261834e-08
31,68,11.0,1.4830766e-08
31,68,12.0,2.4221583e-07
31,68,13.0,4.3171175e-07
31,68,14.0,5.215752e-07
31,69,0.0,4.780783e-07
31,69,1.0,2.4310188e-07
31,69,2.0,1.3075308e-07
31,69,3.0,1.9811411e-08
31,69,4.0,1.7366654e-08
31,69,5.0,2.1806716e-08
31,69,6.0,5.371518e-09
31,69,7.0,1.2479308e-08
31,69,8.0,8.2267256e-08
31,69,9.0,1.4754939e-07
31,69,10.0,9.102165e-08
31,69,11.0,2.8370022e-07
31,69,12.0,3.5135275e-07
31,69,13.0,1.0868983e-07
31,69,14.0,9.050564e-08
31,70,0.0,1.8062025e-07
31,70,1.0,2.7082962e-07
31,70,2.0,1.5379698e-08
31,70,3.0,4.1708205e-08
31,70,4.0,5.959305e-08
31,70,5.0,1.1251967e-07
31,70,6.0,3.4171922e-08
31,70,7.0,8.106702e-08
31,70,8.0,2.5970348e-07
31,70,9.0,3.7095626e-07
31,70,10.0,3.591853e-07
31,70,11.0,3.7175437e-07
31,70,12.0,7.941769e-08
31,70,13.0,7.925702e-09
31,70,14.0,4.6132623e-08
31,71,0.0,1.5132265e-09
31,71,1.0,1.6592197e-07
31,71,2.0,3.5463685e-10
31,71,3.0,6.5971246e-09
31,71,4.0,2.071665e-08
31,71,5.0,1.2506064e-07
31,71,6.0,1.652267e-07
31,71,7.0,2.1918389e-07
31,71,8.0,7.64979e-07
31,71,9.0,7.679278e-07
31,71,10.0,3.1569152e-07
31,71,11.0,4.1276107e-07
31,71,12.0,2.804511e-07
31,71,13.0,4.9136354e-08
31,71,14.0,5.1536965e-08
31,72,0.0,1.3051988e-09
31,72,1.0,8.801705e-11
31,72,2.0,2.2006303e-09
31,72,3.0,2.519413e-09
31,72,4.0,0.0
31,72,5.0,1.5824689e-07
31,72,6.0,8.13946e-08
31,72,7.0,1.4901734e-07
31,72,8.0,9.015801e-08
31,72,9.0,2.3463126e-06
31,72,10.0,9.1162965e-06
31,72,11.0,7.228173e-06
31,72,12.0,5.231496e-07
31,72,13.0,1.7596061e-08
31,72,14.0,1.8586059e-09
31,73,0.0,0.0
31,73,1.0,1.3625969e-09
31,73,2.0,2.7101652e-07
31,73,3.0,2.7836131e-06
31,73,4.0,9.972236e-06
31,73,5.0,4.1345484e-05
31,73,6.0,5.014084e-05
31,73,7.0,1.5557633e-05
31,73,8.0,1.8554925e-05
31,73,9.0,3.6576163e-05
31,73,10.0,7.794262e-05
31,73,11.0,0.00011624461
31,73,12.0,7.0934475e-05
31,73,13.0,4.47398e-05
31,73,14.0,3.0979245e-05
31,74,0.0,1.498052e-06
31,74,1.0,2.1543202e-07
31,74,2.0,9.7155125e-06
31,74,3.0,4.34448e-05
31,74,4.0,0.00015850704
31,74,5.0,0.00032441402
31,74,6.0,0.00033840025
31,74,7.0,0.00027926214
31,74,8.0,0.000235001
31,74,9.0,0.00022412279
31,74,10.0,0.0002913154
31,74,11.0,0.00028378473
31,74,12.0,0.00026639644
31,74,13.0,0.00030548338
31,74,14.0,0.00029149494
31,75,0.0,0.00012140267
31,75,1.0,0.0002841498
31,75,2.0,0.0006038138
31,75,3.0,0.0012466536
31,75,4.0,0.0017348494
31,75,5.0,0.0022059856
31,75,6.0,0.0023436313
31,75,7.0,0.0019093681
31,75,8.0,0.001490668
31,75,9.0,0.0016027453
31,75,10.0,0.0017595105
31,75,11.0,0.0021950896
31,75,12.0,0.0022612172
31,75,13.0,0.0021064202
31,75,14.0,0.0021764284
31,76,0.0,0.00033927063
31,76,1.0,0.00074767345
31,76,2.0,0.0016747192
31,76,3.0,0.002872717
31,76,4.0,0.0041045044
31,76,5.0,0.0049185697
31,76,6.0,0.004500493
31,76,7.0,0.0035862199
31,76,8.0,0.0031396977
31,76,9.0,0.0033475575
31,76,10.0,0.0038481401
31,76,11.0,0.0042690653
31,76,12.0,0.0041483147
31,76,13.0,0.004199241
31,76,14.0,0.0040751365
31,77,0.0,0.0013440376
31,77,1.0,0.0023361808
31,77,2.0,0.0046952493
31,77,3.0,0.0089957975
31,77,4.0,0.013211532
31,77,5.0,0.014885998
31,77,6.0,0.01327789
31,77,7.0,0.010211978
31,77,8.0,0.008669852
31,77,9.0,0.008565162
31,77,10.0,0.00929698
31,77,11.0,0.010382012
31,77,12.0,0.011155513
31,77,13.0,0.010632853
31,77,14.0,0.0095758755
31,78,0.0,0.0016992199
31,78,1.0,0.0041731275
31,78,2.0,0.007240716
31,78,3.0,0.012514591
31,78,4.0,0.016689554
31,78,5.0,0.018160367
31,78,6.0,0.017464045
31,78,7.0,0.014187184
31,78,8.0,0.011454789
31,78,9.0,0.011864691
31,78,10.0,0.013513364
31,78,11.0,0.014731213
31,78,12.0,0.014907633
31,78,13.0,0.014256242
31,78,14.0,0.013786857
31,79,0.0,0.004729868
31,79,1.0,0.010399735
31,79,2.0,0.017705105
31,79,3.0,0.024993502
31,79,4.0,0.033693388
31,79,5.0,0.03779362
31,79,6.0,0.035020918
31,79,7.0,0.025309263
31,79,8.0,0.020226447
31,79,9.0,0.020499796
31,79,10.0,0.023430858
31,79,11.0,0.024215993
31,79,12.0,0.023766782
31,79,13.0,0.02197139
31,79,14.0,0.021396965
31,80,0.0,0.0030034808
31,80,1.0,0.0061858
31,80,2.0,0.010782314
31,80,3.0,0.016425129
31,80,4.0,0.020760136
31,80,5.0,0.023725469
31,80,6.0,0.021546965
31,80,7.0,0.016495494
31,80,8.0,0.012627503
31,80,9.0,0.013034587
31,80,10.0,0.0145378355
31,80,11.0,0.015737819
31,80,12.0,0.015764726
31,80,13.0,0.015307652
31,80,14.0,0.011924925
31,81,0.0,0.0014105305
31,81,1.0,0.0035298008
31,81,2.0,0.0049299924
31,81,3.0,0.0066907275
31,81,4.0,0.009087959
31,81,5.0,0.009986462
31,81,6.0,0.008703219
31,81,7.0,0.0060070427
31,81,8.0,0.0043888264
31,81,9.0,0.00431021
31,81,10.0,0.0053741746
31,81,11.0,0.005799894
31,81,12.0,0.0060588596
31,81,13.0,0.0057561095
31,81,14.0,0.0050743227
31,82,0.0,7.862015e-05
31,82,1.0,0.00035630687
31,82,2.0,0.00042861185
31,82,3.0,0.0005040431
31,82,4.0,0.0005774373
31,82,5.0,0.0006570414
31,82,6.0,0.00059293915
31,82,7.0,0.00050123164
31,82,8.0,0.00048125422
31,82,9.0,0.00056409446
31,82,10.0,0.0007642503
31,82,11.0,0.0008543282
31,82,12.0,0.00093137013
31,82,13.0,0.0009393
31,82,14.0,0.0008343741
31,83,0.0,2.4908972e-05
31,83,1.0,1.4495523e-05
31,83,2.0,1.8039433e-05
31,83,3.0,2.9843091e-05
31,83,4.0,5.476245e-05
31,83,5.0,9.435064e-05
31,83,6.0,0.00012698221
31,83,7.0,0.00010623368
31,83,8.0,5.133211e-05
31,83,9.0,3.8662114e-05
31,83,10.0,0.00010009246
31,83,11.0,0.00012793706
31,83,12.0,0.00014823485
31,83,13.0,0.00016076985
31,83,14.0,0.00016856284
31,84,0.0,0.0
31,84,1.0,1.1664691e-07
31,84,2.0,9.7936024e-08
31,84,3.0,5.2968296e-08
31,84,4.0,0.0
31,84,5.0,4.775045e-06
31,84,6.0,7.2687963e-06
31,84,7.0,8.4347175e-06
31,84,8.0,4.217989e-10
31,84,9.0,0.0
31,84,10.0,2.470694e-06
31,84,11.0,2.0952405e-06
31,84,12.0,7.4733443e-06
31,84,13.0,2.843168e-06
31,84,14.0,7.000446e-07
31,85,0.0,3.1964157e-07
31,85,1.0,5.682114e-07
31,85,2.0,1.7793428e-06
31,85,3.0,3.9196092e-07
31,85,4.0,7.666284e-07
31,85,5.0,2.004787e-06
31,85,6.0,3.7003144e-07
31,85,7.0,6.0523824e-08
31,85,8.0,0.0
31,85,9.0,0.0
31,85,10.0,2.6367246e-07
31,85,11.0,1.2209767e-05
31,85,12.0,1.247544e-06
31,85,13.0,6.626671e-07
31,85,14.0,1.5507617e-08
31,86,0.0,2.0425759e-07
31,86,1.0,8.170576e-07
31,86,2.0,4.387803e-08
31,86,3.0,5.2756755e-09
31,86,4.0,7.986061e-08
31,86,5.0,2.9435185e-08
31,86,6.0,2.128759e-12
31,86,7.0,9.885894e-10
31,86,8.0,2.6188596e-08
31,86,9.0,4.796643e-08
31,86,10.0,6.750309e-08
31,86,11.0,8.766393e-07
31,86,12.0,1.368752e-06
31,86,13.0,3.4577923e-07
31,86,14.0,2.821939e-07
31,87,0.0,2.6386857e-07
31,87,1.0,7.037258e-07
31,87,2.0,1.8066883e-08
31,87,3.0,1.2648813e-08
31,87,4.0,1.6629578e-07
31,87,5.0,3.1400607e-08
31,87,6.0,0.0
31,87,7.0,8.420652e-07
31,87,8.0,3.626286e-07
31,87,9.0,2.913199e-07
31,87,10.0,1.08860924e-07
31,87,11.0,8.116499e-07
31,87,12.0,3.1094478e-11
31,87,13.0,4.5495185e-10
31,87,14.0,9.158149e-08
31,88,0.0,2.9231882e-07
31,88,1.0,1.6059556e-07
31,88,2.0,3.1639502e-07
31,88,3.0,3.8573617e-08
31,88,4.0,1.0418361e-07
31,88,5.0,1.3749275e-07
31,88,6.0,1.7544526e-08
31,88,7.0,2.4198307e-06
31,88,8.0,1.2136013e-06
31,88,9.0,7.357505e-08
31,88,10.0,6.941978e-08
31,88,11.0,3.41623e-07
31,88,12.0,2.1425153e-06
31,88,13.0,1.1221986e-06
31,88,14.0,1.8321417e-09
31,89,0.0,3.8043044e-08
31,89,1.0,1.495763e-07
31,89,2.0,7.848435e-08
31,89,3.0,5.8776033e-09
31,89,4.0,3.9505604e-08
31,89,5.0,4.9785182e-08
31,89,6.0,1.3239175e-08
31,89,7.0,3.949518e-09
31,89,8.0,3.70657e-08
31,89,9.0,6.875037e-07
31,89,10.0,2.859297e-07
31,89,11.0,3.558126e-07
31,89,12.0,5.4820056e-08
31,89,13.0,3.957224e-08
31,89,14.0,1.2054856e-07
32,69,0.0,1.663392e-07
32,69,1.0,1.0833557e-08
32,69,2.0,1.3071094e-07
32,69,3.0,3.3094955e-07
32,69,4.0,1.5349073e-07
32,69,5.0,6.1697335e-08
32,69,6.0,2.5254906e-07
32,69,7.0,2.7330188e-07
32,69,8.0,2.1804375e-07
32,69,9.0,1.8400465e-07
32,69,10.0,1.05059705e-07
32,69,11.0,5.9100262e-08
32,69,12.0,2.1507849e-07
32,69,13.0,2.7580734e-07
32,69,14.0,3.2844548e-07
32,70,0.0,4.4749865e-07
32,70,1.0,8.676715e-08
32,70,2.0,1.4397645e-08
32,70,3.0,9.843814e-09
32,70,4.0,4.3640447e-09
32,70,5.0,1.5922272e-09
32,70,6.0,7.0680294e-08
32,70,7.0,8.346514e-09
32,70,8.0,9.060745e-08
32,70,9.0,3.131337e-08
32,70,10.0,7.2624154e-08
32,70,11.0,1.9835176e-07
32,70,12.0,1.2143134e-07
32,70,13.0,1.29353745e-08
32,70,14.0,5.9494536e-08
32,71,0.0,2.288751e-07
32,71,1.0,1.53939e-07
32,71,2.0,2.4470234e-08
32,71,3.0,1.0505599e-07
32,71,4.0,2.8596415e-07
32,71,5.0,4.378156e-07
32,71,6.0,1.5209822e-07
32,71,7.0,3.6972928e-08
32,71,8.0,2.3524104e-08
32,71,9.0,2.644687e-07
32,71,10.0,5.3650655e-07
32,71,11.0,4.250147e-07
32,71,12.0,1.258609e-07
32,71,13.0,8.988549e-09
32,71,14.0,2.8663958e-08
32,72,0.0,1.3936417e-06
32,72,1.0,3.3471574e-07
32,72,2.0,2.8471996e-07
32,72,3.0,3.3300816e-07
32,72,4.0,6.332998e-07
32,72,5.0,5.4506455e-07
32,72,6.0,1.402113e-08
32,72,7.0,4.654444e-09
32,72,8.0,4.6794256e-08
32,72,9.0,4.01703e-07
32,72,10.0,2.0705012e-07
32,72,11.0,3.1916205e-08
32,72,12.0,1.5024025e-08
32,72,13.0,1.9142929e-08
32,72,14.0,7.919786e-08
32,73,0.0,8.516894e-08
32,73,1.0,1.2650503e-07
32,73,2.0,2.0308586e-07
32,73,3.0,1.9063087e-07
32,73,4.0,2.0889841e-07
32,73,5.0,7.330507e-08
32,73,6.0,5.348277e-08
32,73,7.0,2.8914784e-09
32,73,8.0,4.576061e-10
32,73,9.0,0.0
32,73,10.0,1.0287691e-08
32,73,11.0,2.2787873e-08
32,73,12.0,1.0444569e-07
32,73,13.0,2.2309823e-07
32,73,14.0,5.301679e-07
32,74,0.0,1.5711277e-07
32,74,1.0,5.0379015e-07
32,74,2.0,4.950543e-07
32,74,3.0,8.459387e-09
32,74,4.0,3.9709978e-09
32,74,5.0,0.0
32,74,6.0,4.8004184e-11
32,74,7.0,4.0546864e-09
32,74,8.0,4.9247202e-08
32,74,9.0,1.9082896e-07
32,74,10.0,7.873618e-09
32,74,11.0,9.1603124e-07
32,74,12.0,1.7873053e-06
32,74,13.0,3.018889e-07
32,74,14.0,1.1719623e-06
32,75,0.0,1.36052695e-05
32,75,1.0,6.352586e-06
32,75,2.0,2.6153972e-05
32,75,3.0,1.8783616e-05
32,75,4.0,3.5568974e-05
32,75,5.0,5.1694966e-05
32,75,6.0,5.245049e-05
32,75,7.0,6.484738e-05
32,75,8.0,6.1967665e-05
32,75,9.0,5.574269e-05
32,75,10.0,7.143179e-05
32,75,11.0,7.755294e-05
32,75,12.0,7.534993e-05
32,75,13.0,8.17027e-05
32,75,14.0,7.575551e-05
32,76,0.0,7.302905e-05
32,76,1.0,0.00011766628
32,76,2.0,0.00022483368
32,76,3.0,0.00024972437
32,76,4.0,0.00037233336
32,76,5.0,0.0004664088
32,76,6.0,0.00048166828
32,76,7.0,0.00055761146
32,76,8.0,0.00048609494
32,76,9.0,0.0005137182
32,76,10.0,0.0005460589
32,76,11.0,0.0005790278
32,76,12.0,0.0005299615
32,76,13.0,0.00053683727
32,76,14.0,0.00057287124
32,77,0.0,0.00017541385
32,77,1.0,0.00029797739
32,77,2.0,0.00059588696
32,77,3.0,0.000829454
32,77,4.0,0.0012742236
32,77,5.0,0.0015910435
32,77,6.0,0.0014525448
32,77,7.0,0.001191603
32,77,8.0,0.0009832307
32,77,9.0,0.0010215486
32,77,10.0,0.0013408242
32,77,11.0,0.0016850657
32,77,12.0,0.0016186559
32,77,13.0,0.0017120172
32,77,14.0,0.0019063985
32,78,0.0,0.0009900755
32,78,1.0,0.002013065
32,78,2.0,0.0031921552
32,78,3.0,0.00440587
32,78,4.0,0.005549487
32,78,5.0,0.0064331423
32,78,6.0,0.006514956
32,78,7.0,0.0057770875
32,78,8.0,0.0048930934
32,78,9.0,0.005019924
32,78,10.0,0.005320592
32,78,11.0,0.0056075547
32,78,12.0,0.0062950924
32,78,13.0,0.006571973
32,78,14.0,0.006684424
32,79,0.0,0.004632959
32,79,1.0,0.008179299
32,79,2.0,0.009854264
32,79,3.0,0.013389251
32,79,4.0,0.016718142
32,79,5.0,0.01883162
32,79,6.0,0.016711976
32,79,7.0,0.014080927
32,79,8.0,0.012621546
32,79,9.0,0.013366693
32,79,10.0,0.014114141
32,79,11.0,0.014979215
32,79,12.0,0.016505275
32,79,13.0,0.016931934
32,79,14.0,0.017598514
32,80,0.0,0.014893171
32,80,1.0,0.024243241
32,80,2.0,0.035691977
32,80,3.0,0.04842207
32,80,4.0,0.05677934
32,80,5.0,0.06062803
32,80,6.0,0.05493149
32,80,7.0,0.043691322
32,80,8.0,0.03811838
32,80,9.0,0.03965708
32,80,10.0,0.04199378
32,80,11.0,0.04267194
32,80,12.0,0.043572508
32,80,13.0,0.045048185
32,80,14.0,0.044464543
32,81,0.0,0.017036876
32,81,1.0,0.030438058
32,81,2.0,0.041129783
32,81,3.0,0.049416985
32,81,4.0,0.056820203
32,81,5.0,0.061255693
32,81,6.0,0.06023039
32,81,7.0,0.053091098
32,81,8.0,0.041709825
32,81,9.0,0.04026884
32,81,10.0,0.04490474
32,81,11.0,0.046350658
32,81,12.0,0.045402084
32,81,13.0,0.043519873
32,81,14.0,0.042776465
32,82,0.0,0.015905663
32,82,1.0,0.02305347
32,82,2.0,0.033147298
32,82,3.0,0.04199538
32,82,4.0,0.046714388
32,82,5.0,0.047100287
32,82,6.0,0.042806305
32,82,7.0,0.03720374
32,82,8.0,0.030758167
32,82,9.0,0.029056534
32,82,10.0,0.031556986
32,82,11.0,0.03229519
32,82,12.0,0.031137148
32,82,13.0,0.029500185
32,82,14.0,0.027601263
32,83,0.0,0.005721121
32,83,1.0,0.0066325124
32,83,2.0,0.009097359
32,83,3.0,0.010975391
32,83,4.0,0.012600289
32,83,5.0,0.013784315
32,83,6.0,0.013761281
32,83,7.0,0.01130139
32,83,8.0,0.010099655
32,83,9.0,0.010216292
32,83,10.0,0.010507998
32,83,11.0,0.010774581
32,83,12.0,0.010533444
32,83,13.0,0.009662136
32,83,14.0,0.008552741
32,84,0.0,0.0017188878
32,84,1.0,0.0019939984
32,84,2.0,0.0021247552
32,84,3.0,0.0024090118
32,84,4.0,0.0033042997
32,84,5.0,0.003490022
32,84,6.0,0.003137625
32,84,7.0,0.0028013352
32,84,8.0,0.0022287422
32,84,9.0,0.0025011287
32,84,10.0,0.0025812269
32,84,11.0,0.00249643
32,84,12.0,0.002660485
32,84,13.0,0.0025332829
32,84,14.0,0.0022456322
32,85,0.0,0.00029353952
32,85,1.0,0.00035720028
32,85,2.0,0.00036732713
32,85,3.0,0.0003985104
32,85,4.0,0.0004446788
32,85,5.0,0.00048975385
32,85,6.0,0.00042317342
32,85,7.0,0.00037306384
32,85,8.0,0.0004456281
32,85,9.0,0.0004901896
32,85,10.0,0.0006001977
32,85,11.0,0.0006459478
32,85,12.0,0.0005791107
32,85,13.0,0.00051116484
32,85,14.0,0.00043925084
32,86,0.0,4.075012e-05
32,86,1.0,2.8058443e-05
32,86,2.0,3.424219e-05
32,86,3.0,1.9345574e-05
32,86,4.0,1.2140711e-05
32,86,5.0,1.7144877e-05
32,86,6.0,1.3121701e-05
32,86,7.0,9.454869e-06
32,86,8.0,1.2870179e-05
32,86,9.0,2.2786415e-05
32,86,10.0,3.637809e-05
32,86,11.0,4.3046708e-05
32,86,12.0,4.7333455e-05
32,86,13.0,4.700942e-05
32,86,14.0,4.4252767e-05
32,87,0.0,9.080284e-08
32,87,1.0,8.9960537e-07
32,87,2.0,2.1452132e-07
32,87,3.0,2.048499e-07
32,87,4.0,8.4873767e-07
32,87,5.0,5.7284853e-07
32,87,6.0,1.59683e-07
32,87,7.0,1.0576999e-07
32,87,8.0,2.7842699e-08
32,87,9.0,1.7506808e-08
32,87,10.0,8.911924e-08
32,87,11.0,1.7526285e-07
32,87,12.0,3.167008e-07
32,87,13.0,4.3269358e-07
32,87,14.0,5.030062e-07
32,88,0.0,0.0
32,88,1.0,2.766233e-09
32,88,2.0,8.862679e-07
32,88,3.0,1.0915707e-06
32,88,4.0,4.99694e-07
32,88,5.0,6.170321e-07
32,88,6.0,1.84685e-07
32,88,7.0,1.919616e-07
32,88,8.0,4.7157818e-07
32,88,9.0,1.883412e-07
32,88,10.0,1.9589619e-07
32,88,11.0,6.8384446e-07
32,88,12.0,4.2517914e-07
32,88,13.0,4.0970022e-07
32,88,14.0,1.0500205e-06
32,89,0.0,7.381389e-07
32,89,1.0,2.726312e-07
32,89,2.0,4.95522e-08
32,89,3.0,6.5047445e-08
32,89,4.0,4.680115e-10
32,89,5.0,0.0
32,89,6.0,6.4360265e-08
32,89,7.0,4.4178993e-08
32,89,8.0,2.9599312e-09
32,89,9.0,2.4001967e-08
32,89,10.0,4.7615825e-07
32,89,11.0,5.3375777e-07
32,89,12.0,4.92378e-07
32,89,13.0,5.5883606e-07
32,89,14.0,3.2256023e-07
32,90,0.0,3.523177e-07
32,90,1.0,7.6972145e-07
32,90,2.0,2.5464178e-07
32,90,3.0,5.210049e-07
32,90,4.0,1.5526527e-06
32,90,5.0,1.7075351e-06
32,90,6.0,9.41509e-07
32,90,7.0,3.8291194e-07
32,90,8.0,2.1642153e-07
32,90,9.0,2.517893e-08
32,90,10.0,0.0
32,90,11.0,0.0
32,90,12.0,1.2623793e-08
32,90,13.0,1.6948518e-07
32,90,14.0,6.713754e-08
32,91,0.0,7.9084776e-07
32,91,1.0,1.2147355e-07
32,91,2.0,3.4722305e-08
32,91,3.0,1.1031205e-07
32,91,4.0,2.4353605e-07
32,91,5.0,2.0444854e-07
32,91,6.0,3.9046986e-07
32,91,7.0,2.5733084e-07
32,91,8.0,2.4067756e-08
32,91,9.0,2.6907801e-07
32,91,10.0,5.03272e-07
32,91,11.0,2.5409912e-07
32,91,12.0,1.8550412e-07
32,91,13.0,4.7076433e-08
32,91,14.0,4.4048325e-09
33,72,0.0,2.0983141e-07
33,72,1.0,3.7328483e-08
33,72,2.0,7.815472e-08
33,72,3.0,3.9147417e-07
33,72,4.0,5.9990145e-07
33,72,5.0,5.877019e-07
33,72,6.0,6.27322e-07
33,72,7.0,5.503522e-07
33,72,8.0,5.153363e-07
33,72,9.0,2.7640525e-07
33,72,10.0,2.101764e-07
33,72,11.0,5.7425044e-08
33,72,12.0,0.0
33,72,13.0,0.0
33,72,14.0,0.0
33,73,0.0,4.0422133e-08
33,73,1.0,2.3322442e-09
33,73,2.0,3.448783e-08
33,73,3.0,3.866801e-08
33,73,4.0,5.4121955e-08
33,73,5.0,6.695386e-08
33,73,6.0,2.316591e-08
33,73,7.0,2.3924692e-08
33,73,8.0,3.287835e-07
33,73,9.0,6.33415e-08
33,73,10.0,1.9580828e-08
33,73,11.0,5.2978644e-09
33,73,12.0,5.810884e-11
33,73,13.0,7.423804e-11
33,73,14.0,0.0
33,74,0.0,1.9985556e-08
33,74,1.0,1.4958783e-06
33,74,2.0,6.1324494e-07
33,74,3.0,2.7903081e-07
33,74,4.0,3.0919972e-07
33,74,5.0,2.9556546e-07
33,74,6.0,1.5156067e-07
33,74,7.0,3.4510506e-07
33,74,8.0,2.2964878e-07
33,74,9.0,5.213505e-07
33,74,10.0,5.4471695e-08
33,74,11.0,5.0981686e-09
33,74,12.0,1.37669875e-08
33,74,13.0,8.40511e-08
33,74,14.0,1.4123408e-07
33,75,0.0,5.950481e-08
33,75,1.0,1.2065876e-06
33,75,2.0,3.3004417e-06
33,75,3.0,3.4977186e-06
33,75,4.0,3.9040444e-07
33,75,5.0,6.004499e-08
33,75,6.0,7.181811e-08
33,75,7.0,1.9486602e-07
33,75,8.0,8.7970236e-09
33,75,9.0,3.9055546e-08
33,75,10.0,9.115955e-09
33,75,11.0,5.6360552e-08
33,75,12.0,7.3228605e-08
33,75,13.0,2.010037e-08
33,75,14.0,3.5664898e-09
33,76,0.0,0.0
33,76,1.0,1.4443367e-07
33,76,2.0,2.668577e-07
33,76,3.0,5.516256e-07
33,76,4.0,4.413938e-07
33,76,5.0,4.9265196e-07
33,76,6.0,6.053003e-07
33,76,7.0,5.6007936e-09
33,76,8.0,5.1813917e-08
33,76,9.0,1.7095347e-09
33,76,10.0,4.993868e-07
33,76,11.0,1.6995332e-06
33,76,12.0,2.2489498e-07
33,76,13.0,5.0497256e-08
33,76,14.0,1.5015927e-07
33,77,0.0,7.668412e-09
33,77,1.0,0.0
33,77,2.0,2.0814762e-10
33,77,3.0,5.747054e-06
33,77,4.0,3.0342036e-08
33,77,5.0,0.0
33,77,6.0,0.0
33,77,7.0,1.0462255e-11
33,77,8.0,1.0471376e-07
33,77,9.0,6.513719e-07
33,77,10.0,5.869525e-09
33,77,11.0,8.146604e-07
33,77,12.0,5.8297996e-06
33,77,13.0,1.328193e-05
33,77,14.0,1.653475e-05
33,78,0.0,4.6963673e-06
33,78,1.0,1.6307604e-06
33,78,2.0,9.779017e-06
33,78,3.0,1.3045446e-05
33,78,4.0,1.1627935e-05
33,78,5.0,2.424051e-05
33,78,6.0,2.455862e-05
33,78,7.0,1.5150209e-05
33,78,8.0,1.9384037e-05
33,78,9.0,1.34519e-05
33,78,10.0,1.4030045e-05
33,78,11.0,1.0247467e-05
33,78,12.0,1.0693611e-05
33,78,13.0,3.374109e-05
33,78,14.0,6.238778e-05
33,79,0.0,4.8985745e-05
33,79,1.0,0.00013369381
33,79,2.0,0.0001883008
33,79,3.0,0.00024664213
33,79,4.0,0.000392557
33,79,5.0,0.00042203392
33,79,6.0,0.00041204153
33,79,7.0,0.0003527101
33,79,8.0,0.00026781304
33,79,9.0,0.0003069288
33,79,10.0,0.00041055298
33,79,11.0,0.0004577572
33,79,12.0,0.00046440636
33,79,13.0,0.0005600013
33,79,14.0,0.00073166116
33,80,0.0,0.0016558109
33,80,1.0,0.0020458654
33,80,2.0,0.002866775
33,80,3.0,0.0038788675
33,80,4.0,0.0045243064
33,80,5.0,0.0050008204
33,80,6.0,0.0044182343
33,80,7.0,0.0036118017
33,80,8.0,0.003841269
33,80,9.0,0.0040594195
33,80,10.0,0.004757859
33,80,11.0,0.0051590945
33,80,12.0,0.0052880095
33,80,13.0,0.006049091
33,80,14.0,0.006837508
33,81,0.0,0.009632006
33,81,1.0,0.013511237
33,81,2.0,0.017850982
33,81,3.0,0.021909274
33,81,4.0,0.025973953
33,81,5.0,0.028644029
33,81,6.0,0.027003251
33,81,7.0,0.022436293
33,81,8.0,0.022537153
33,81,9.0,0.023213675
33,81,10.0,0.025001856
33,81,11.0,0.025490085
33,81,12.0,0.026422096
33,81,13.0,0.027318802
33,81,14.0,0.027590662
33,82,0.0,0.022415314
33,82,1.0,0.031190136
33,82,2.0,0.04007069
33,82,3.0,0.04791128
33,82,4.0,0.05732462
33,82,5.0,0.061014872
33,82,6.0,0.06202818
33,82,7.0,0.05861227
33,82,8.0,0.050656613
33,82,9.0,0.04844458
33,82,10.0,0.05162665
33,82,11.0,0.054655544
33,82,12.0,0.05400268
33,82,13.0,0.05335771
33,82,14.0,0.053826414
33,83,0.0,0.033696055
33,83,1.0,0.045839064
33,83,2.0,0.0641944
33,83,3.0,0.07299958
33,83,4.0,0.08365905
33,83,5.0,0.088860184
33,83,6.0,0.08868425
33,83,7.0,0.077690795
33,83,8.0,0.071645014
33,83,9.0,0.0658831
33,83,10.0,0.069031656
33,83,11.0,0.07211881
33,83,12.0,0.07078724
33,83,13.0,0.068203464
33,83,14.0,0.06630937
33,84,0.0,0.028044917
33,84,1.0,0.03280476
33,84,2.0,0.043013874
33,84,3.0,0.049948525
33,84,4.0,0.053911936
33,84,5.0,0.056391247
33,84,6.0,0.057496104
33,84,7.0,0.05435089
33,84,8.0,0.04706228
33,84,9.0,0.04515769
33,84,10.0,0.045816805
33,84,11.0,0.04614127
33,84,12.0,0.044550754
33,84,13.0,0.042491924
33,84,14.0,0.040788416
33,85,0.0,0.013636985
33,85,1.0,0.016094122
33,85,2.0,0.020323798
33,85,3.0,0.024671078
33,85,4.0,0.026532859
33,85,5.0,0.028388612
33,85,6.0,0.028205195
33,85,7.0,0.026194712
33,85,8.0,0.023660073
33,85,9.0,0.022708
33,85,10.0,0.023581073
33,85,11.0,0.024200473
33,85,12.0,0.022558024
33,85,13.0,0.020523813
33,85,14.0,0.018307257
33,86,0.0,0.0043815593
33,86,1.0,0.0051961555
33,86,2.0,0.0063967034
33,86,3.0,0.0069254404
33,86,4.0,0.007615876
33,86,5.0,0.008162756
33,86,6.0,0.008379453
33,86,7.0,0.007708292
33,86,8.0,0.007197071
33,86,9.0,0.0072699576
33,86,10.0,0.007759787
33,86,11.0,0.008203486
33,86,12.0,0.0074280086
33,86,13.0,0.0064982036
33,86,14.0,0.005949951
33,87,0.0,0.001336106
33,87,1.0,0.0011225406
33,87,2.0,0.0015332965
33,87,3.0,0.0015948227
33,87,4.0,0.0016762294
33,87,5.0,0.0018150348
33,87,6.0,0.0019817827
33,87,7.0,0.0018963563
33,87,8.0,0.0017851496
33,87,9.0,0.0017305657
33,87,10.0,0.00183042
33,87,11.0,0.0020237614
33,87,12.0,0.001930414
33,87,13.0,0.0016890033
33,87,14.0,0.0014518471
33,88,0.0,0.00016493222
33,88,1.0,0.00012173548
33,88,2.0,0.0002648166
33,88,3.0,0.000242722
33,88,4.0,0.00024730907
33,88,5.0,0.00033812728
33,88,6.0,0.00035960303
33,88,7.0,0.000312848
33,88,8.0,0.00026892847
33,88,9.0,0.00022661233
33,88,10.0,0.00018916205
33,88,11.0,0.0002430013
33,88,12.0,0.0002530021
33,88,13.0,0.00021873813
33,88,14.0,0.00020255156
33,89,0.0,3.1388636e-06
33,89,1.0,1.4082624e-06
33,89,2.0,1.3445674e-05
33,89,3.0,2.8278004e-05
33,89,4.0,2.0251497e-05
33,89,5.0,2.5462974e-05
33,89,6.0,4.175114e-05
33,89,7.0,3.6454763e-05
33,89,8.0,1.7287113e-05
33,89,9.0,5.021604e-06
33,89,10.0,7.692998e-06
33,89,11.0,1.5426322e-05
33,89,12.0,2.852342e-05
33,89,13.0,2.7603981e-05
33,89,14.0,2.3763047e-05
33,90,0.0,2.6134389e-08
33,90,1.0,2.7717379e-06
33,90,2.0,5.8614575e-07
33,90,3.0,1.9552717e-06
33,90,4.0,1.1273535e-06
33,90,5.0,3.611406e-07
33,90,6.0,3.8421998e-08
33,90,7.0,1.4055399e-10
33,90,8.0,2.7687388e-09
33,90,9.0,8.1881005e-08
33,90,10.0,7.864336e-07
33,90,11.0,3.1025372e-06
33,90,12.0,2.3828143e-06
33,90,13.0,1.2329638e-06
33,90,14.0,1.7779149e-07
33,91,0.0,2.6735879e-07
33,91,1.0,0.0
33,91,2.0,0.0
33,91,3.0,2.9431968e-07
33,91,4.0,2.904672e-07
33,91,5.0,4.0860732e-07
33,91,6.0,1.8324765e-07
33,91,7.0,5.2183555e-09
33,91,8.0,8.229315e-08
33,91,9.0,2.4117452e-07
33,91,10.0,3.0361085e-07
33,91,11.0,4.1776218e-07
33,91,12.0,2.9379134e-08
33,91,13.0,9.851362e-08
33,91,14.0,8.4755305e-07
33,92,0.0,5.937417e-09
33,92,1.0,4.659477e-07
33,92,2.0,1.6683326e-07
33,92,3.0,2.3116189e-07
33,92,4.0,1.6659908e-07
33,92,5.0,6.82741e-08
33,92,6.0,1.7686015e-09
33,92,7.0,0.0
33,92,8.0,0.0
33,92,9.0,1.7994967e-08
33,92,10.0,3.9728764e-08
33,92,11.0,0.0
33,92,12.0,3.7147277e-08
33,92,13.0,8.113876e-08
33,92,14.0,4.4497597e-08
33,93,0.0,6.2459115e-08
33,93,1.0,2.0158573e-08
33,93,2.0,4.7012952e-07
33,93,3.0,1.804749e-07
33,93,4.0,2.2552447e-07
33,93,5.0,5.5953217e-07
33,93,6.0,8.650994e-07
33,93,7.0,2.4904054e-07
33,93,8.0,3.733449e-08
33,93,9.0,4.9693876e-09
33,93,10.0,1.3150715e-08
33,93,11.0,1.232443e-09
33,93,12.0,3.2563843e-08
33,93,13.0,6.322564e-08
33,93,14.0,1.08869806e-07
33,94,0.0,1.658186e-07
33,94,1.0,1.4943666e-08
33,94,2.0,3.4079754e-08
33,94,3.0,9.3456904e-08
33,94,4.0,4.4106946e-07
33,94,5.0,7.2108264e-07
33,94,6.0,3.45293e-07
33,94,7.0,3.971823e-08
33,94,8.0,2.0256996e-07
33,94,9.0,5.2664495e-07
33,94,10.0,5.3851323e-07
33,94,11.0,8.925124e-08
33,94,12.0,1.1453156e-07
33,94,13.0,7.921178e-08
33,94,14.0,1.0938988e-07
33,95,0.0,2.492447e-07
33,95,1.0,0.0
33,95,2.0,1.4242073e-07
33,95,3.0,5.5398095e-07
33,95,4.0,7.004017e-07
33,95,5.0,1.698261e-07
33,95,6.0,2.0676428e-07
33,95,7.0,1.2755076e-07
33,95,8.0,8.763329e-09
33,95,9.0,3.3056377e-08
33,95,10.0,2.4012001e-09
33,95,11.0,3.356789e-08
33,95,12.0,2.9423266e-08
33,95,13.0,7.8718294e-08
33,95,14.0,1.5774775e-07
34,74,0.0,1.5769369e-07
34,74,1.0,2.779101e-07
34,74,2.0,2.6698834e-07
34,74,3.0,3.34388e-08
34,74,4.0,5.802573e-08
34,74,5.0,5.197061e-07
34,74,6.0,2.7042967e-07
34,74,7.0,3.3373254e-07
34,74,8.0,2.3580299e-07
34,74,9.0,2.687676e-07
34,74,10.0,2.3331258e-07
34,74,11.0,8.3352925e-09
34,74,12.0,1.159038e-08
34,74,13.0,4.3543793e-08
34,74,14.0,7.673152e-08
34,75,0.0,1.812376e-08
34,75,1.0,3.13145e-08
34,75,2.0,2.718202e-07
34,75,3.0,5.103671e-07
34,75,4.0,6.335408e-07
34,75,5.0,1.2894534e-06
34,75,6.0,1.742689e-06
34,75,7.0,1.690949e-07
34,75,8.0,2.2078694e-08
34,75,9.0,2.8722052e-08
34,75,10.0,1.946609e-08
34,75,11.0,1.2354027e-07
34,75,12.0,7.1851916e-09
34,75,13.0,0.0
34,75,14.0,0.0
34,76,0.0,1.01985016e-07
34,76,1.0,1.1060415e-06
34,76,2.0,1.2062486e-06
34,76,3.0,1.1739979e-07
34,76,4.0,0.0
34,76,5.0,0.0
34,76,6.0,0.0
34,76,7.0,4.792848e-08
34,76,8.0,4.717278e-07
34,76,9.0,1.0754411e-06
34,76,10.0,8.812599e-07
34,76,11.0,3.4748862e-07
34,76,12.0,2.6746227e-07
34,76,13.0,1.9658711e-07
34,76,14.0,9.32131e-08
34,77,0.0,2.5213215e-08
34,77,1.0,1.3798625e-07
34,77,2.0,1.4164823e-07
34,77,3.0,6.7956196e-09
34,77,4.0,1.447883e-09
34,77,5.0,1.7458529e-08
34,77,6.0,7.975594e-08
34,77,7.0,9.803016e-08
34,77,8.0,3.506275e-08
34,77,9.0,8.418729e-08
34,77,10.0,2.6334249e-07
34,77,11.0,3.7894637e-07
34,77,12.0,1.02284886e-07
34,77,13.0,2.4762109e-08
34,77,14.0,3.1031067e-07
34,78,0.0,6.4486834e-09
34,78,1.0,5.1006868e-08
34,78,2.0,1.3649873e-11
34,78,3.0,0.0
34,78,4.0,0.0
34,78,5.0,0.0
34,78,6.0,0.0
34,78,7.0,0.0
34,78,8.0,1.03353955e-07
34,78,9.0,1.8056826e-07
34,78,10.0,0.0
34,78,11.0,0.0
34,78,12.0,0.0
34,78,13.0,0.0
34,78,14.0,0.0
34,79,0.0,8.02763e-09
34,79,1.0,0.0
34,79,2.0,0.0
34,79,3.0,3.0127751e-12
34,79,4.0,3.5905788e-12
34,79,5.0,1.6434598e-07
34,79,6.0,1.4883456e-06
34,79,7.0,2.7158355e-06
34,79,8.0,1.652436e-05
34,79,9.0,2.0476447e-05
34,79,10.0,1.12353655e-05
34,79,11.0,6.3803636e-06
34,79,12.0,5.777882e-06
34,79,13.0,6.177262e-06
34,79,14.0,6.907354e-06
34,80,0.0,0.00017606014
34,80,1.0,0.00017690477
34,80,2.0,0.00019552409
34,80,3.0,0.00022483368
34,80,4.0,0.00021408935
34,80,5.0,0.00021373041
34,80,6.0,0.00023742746
34,80,7.0,0.00024040624
34,80,8.0,0.00022045235
34,80,9.0,0.0002580958
34,80,10.0,0.00036532752
34,80,11.0,0.0003712027
34,80,12.0,0.0004076085
34,80,13.0,0.00044305873
34,80,14.0,0.0004839351
34,81,0.0,0.00254637
34,81,1.0,0.0029509293
34,81,2.0,0.0030612873
34,81,3.0,0.003135541
34,81,4.0,0.0035129613
34,81,5.0,0.003774537
34,81,6.0,0.0038321358
34,81,7.0,0.0039446917
34,81,8.0,0.003689946
34,81,9.0,0.003652724
34,81,10.0,0.0042700507
34,81,11.0,0.0046879146
34,81,12.0,0.005119258
34,81,13.0,0.00574035
34,81,14.0,0.0064953323
34,82,0.0,0.014705296
34,82,1.0,0.0167362
34,82,2.0,0.018013744
34,82,3.0,0.019167492
34,82,4.0,0.02088336
34,82,5.0,0.02195014
34,82,6.0,0.022296377
34,82,7.0,0.0232276
34,82,8.0,0.02365616
34,82,9.0,0.021338705
34,82,10.0,0.022950606
34,82,11.0,0.02450983
34,82,12.0,0.026302246
34,82,13.0,0.028811479
34,82,14.0,0.031732984
34,83,0.0,0.05071943
34,83,1.0,0.054049898
34,83,2.0,0.057082266
34,83,3.0,0.060209498
34,83,4.0,0.06217078
34,83,5.0,0.065223694
34,83,6.0,0.067061305
34,83,7.0,0.06825079
34,83,8.0,0.06525218
34,83,9.0,0.06250275
34,83,10.0,0.06594793
34,83,11.0,0.07338538
34,83,12.0,0.07795644
34,83,13.0,0.08118926
34,83,14.0,0.08702702
34,84,0.0,0.118905865
34,84,1.0,0.12743968
34,84,2.0,0.13446304
34,84,3.0,0.14026377
34,84,4.0,0.1454598
34,84,5.0,0.15168418
34,84,6.0,0.15741388
34,84,7.0,0.15772636
34,84,8.0,0.15545572
34,84,9.0,0.14883083
34,84,10.0,0.14745317
34,84,11.0,0.15596241
34,84,12.0,0.16046308
34,84,13.0,0.16274261
34,84,14.0,0.1675146
34,85,0.0,0.15488414
34,85,1.0,0.15458074
34,85,2.0,0.1557516
34,85,3.0,0.15661965
34,85,4.0,0.15787534
34,85,5.0,0.16079994
34,85,6.0,0.165012
34,85,7.0,0.17096326
34,85,8.0,0.17043018
34,85,9.0,0.15858123
34,85,10.0,0.15505885
34,85,11.0,0.15698795
34,85,12.0,0.16110872
34,85,13.0,0.16174468
34,85,14.0,0.1638737
34,86,0.0,0.13264161
34,86,1.0,0.127232
34,86,2.0,0.12699857
34,86,3.0,0.12917952
34,86,4.0,0.13184832
34,86,5.0,0.13455896
34,86,6.0,0.13686146
34,86,7.0,0.13682093
34,86,8.0,0.1371227
34,86,9.0,0.13056828
34,86,10.0,0.12459876
34,86,11.0,0.121778935
34,86,12.0,0.12066458
34,86,13.0,0.12001847
34,86,14.0,0.11964772
34,87,0.0,0.082319826
34,87,1.0,0.07374801
34,87,2.0,0.07035799
34,87,3.0,0.07263559
34,87,4.0,0.07412832
34,87,5.0,0.07489343
34,87,6.0,0.07507087
34,87,7.0,0.07469981
34,87,8.0,0.073602736
34,87,9.0,0.07152215
34,87,10.0,0.067204446
34,87,11.0,0.06526824
34,87,12.0,0.0627373
34,87,13.0,0.059598748
34,87,14.0,0.058710832
34,88,0.0,0.031639006
34,88,1.0,0.0284055
34,88,2.0,0.02854861
34,88,3.0,0.027581947
34,88,4.0,0.027578134
34,88,5.0,0.02907519
34,88,6.0,0.029110903
34,88,7.0,0.02881659
34,88,8.0,0.02814663
34,88,9.0,0.028034357
34,88,10.0,0.026053581
34,88,11.0,0.025286857
34,88,12.0,0.024270086
34,88,13.0,0.022357928
34,88,14.0,0.020905938
34,89,0.0,0.008028707
34,89,1.0,0.0060643307
34,89,2.0,0.0064375247
34,89,3.0,0.0068449457
34,89,4.0,0.00738098
34,89,5.0,0.007309716
34,89,6.0,0.0074297306
34,89,7.0,0.0072743692
34,89,8.0,0.0065293047
34,89,9.0,0.0057731853
34,89,10.0,0.005950217
34,89,11.0,0.0059578945
34,89,12.0,0.0060167564
34,89,13.0,0.0055971546
34,89,14.0,0.0047616833
34,90,0.0,0.0014650018
34,90,1.0,0.0012350607
34,90,2.0,0.001148314
34,90,3.0,0.0011638589
34,90,4.0,0.0012891698
34,90,5.0,0.0013798482
34,90,6.0,0.0013442539
34,90,7.0,0.0013002005
34,90,8.0,0.0011560828
34,90,9.0,0.000982921
34,90,10.0,0.0010907673
34,90,11.0,0.0012954328
34,90,12.0,0.0012408406
34,90,13.0,0.0010552855
34,90,14.0,0.00085303065
34,91,0.0,0.00010040513
34,91,1.0,0.00018821261
34,91,2.0,0.00016286301
34,91,3.0,0.00011473672
34,91,4.0,0.00011630914
34,91,5.0,0.00016553556
34,91,6.0,0.00017284468
34,91,7.0,0.00012268982
34,91,8.0,9.815183e-05
34,91,9.0,0.0001513052
34,91,10.0,0.00015537361
34,91,11.0,0.00020192521
34,91,12.0,0.00021440997
34,91,13.0,0.00019342337
34,91,14.0,0.00017365743
34,92,0.0,8.418042e-06
34,92,1.0,7.844362e-07
34,92,2.0,3.7747104e-06
34,92,3.0,1.0931573e-06
34,92,4.0,1.3279769e-06
34,92,5.0,2.7429815e-06
34,92,6.0,1.1843255e-06
34,92,7.0,7.4350174e-07
34,92,8.0,1.4058553e-07
34,92,9.0,2.5145394e-07
34,92,10.0,3.740092e-06
34,92,11.0,2.4442086e-06
34,92,12.0,6.7711085e-07
34,92,13.0,1.08129626e-07
34,92,14.0,5.084052e-09
34,93,0.0,3.180837e-07
34,93,1.0,1.7046173e-07
34,93,2.0,6.8287676e-08
34,93,3.0,2.4093006e-07
34,93,4.0,8.0114347e-07
34,93,5.0,1.2876964e-06
34,93,6.0,8.6691773e-07
34,93,7.0,8.7267455e-07
34,93,8.0,3.8796787e-07
34,93,9.0,1.4516093e-08
34,93,10.0,9.0087395e-09
34,93,11.0,5.700982e-09
34,93,12.0,2.823596e-08
34,93,13.0,6.045805e-08
34,93,14.0,9.8837184e-08
34,94,0.0,3.6216449e-07
34,94,1.0,4.096837e-07
34,94,2.0,1.0600475e-07
34,94,3.0,4.7339785e-08
34,94,4.0,9.573718e-09
34,94,5.0,2.0261397e-09
34,94,6.0,1.0807219e-07
34,94,7.0,1.4221547e-07
34,94,8.0,1.4381737e-07
34,94,9.0,6.919616e-08
34,94,10.0,5.8177488e-08
34,94,11.0,3.401584e-07
34,94,12.0,6.141737e-07
34,94,13.0,9.878243e-07
34,94,14.0,3.021251e-06
34,95,0.0,6.6467294e-07
34,95,1.0,1.2933401e-07
34,95,2.0,4.359289e-07
34,95,3.0,3.1357965e-07
34,95,4.0,7.384175e-08
34,95,5.0,3.4906332e-08
34,95,6.0,5.3276756e-07
34,95,7.0,7.71511e-07
34,95,8.0,1.8844534e-07
34,95,9.0,1.35849145e-08
34,95,10.0,1.1813432e-09
34,95,11.0,0.0
34,95,12.0,0.0
34,95,13.0,0.0
34,95,14.0,0.0
34,96,0.0,1.8880876e-07
34,96,1.0,8.351846e-08
34,96,2.0,5.807232e-07
34,96,3.0,6.8727473e-07
34,96,4.0,2.0441989e-07
34,96,5.0,8.342563e-08
34,96,6.0,3.4566874e-08
34,96,7.0,1.9416223e-08
34,96,8.0,1.2180608e-07
34,96,9.0,3.4471464e-07
34,96,10.0,3.9486474e-07
34,96,11.0,2.066931e-07
34,96,12.0,7.502424e-08
34,96,13.0,7.609081e-08
34,96,14.0,1.0275744e-07
35,77,0.0,2.5784354e-07
35,77,1.0,1.9080979e-07
35,77,2.0,4.7998674e-07
35,77,3.0,2.530106e-07
35,77,4.0,1.6840835e-08
35,77,5.0,7.601015e-09
35,77,6.0,4.166584e-07
35,77,7.0,1.9869888e-06
35,77,8.0,1.775997e-07
35,77,9.0,3.6918885e-10
35,77,10.0,9.1948815e-10
35,77,11.0,2.0230998e-07
35,77,12.0,6.62255e-07
35,77,13.0,8.166816e-07
35,77,14.0,5.168426e-07
35,78,0.0,7.7054233e-07
35,78,1.0,3.7556273e-08
35,78,2.0,2.3363134e-09
35,78,3.0,6.2066956e-09
35,78,4.0,4.833004e-07
35,78,5.0,2.0451826e-06
35,78,6.0,1.0297695e-06
35,78,7.0,5.6351873e-08
35,78,8.0,8.646496e-08
35,78,9.0,7.2819716e-07
35,78,10.0,3.4590286e-07
35,78,11.0,2.1973449e-08
35,78,12.0,3.9909263e-09
35,78,13.0,8.218484e-08
35,78,14.0,1.9145055e-07
35,79,0.0,1.2072749e-07
35,79,1.0,1.5722144e-07
35,79,2.0,6.4554365e-07
35,79,3.0,3.1732947e-07
35,79,4.0,1.356816e-07
35,79,5.0,5.7359387e-08
35,79,6.0,9.516122e-09
35,79,7.0,2.2903615e-09
35,79,8.0,6.9899713e-09
35,79,9.0,2.5611058e-07
35,79,10.0,2.5519451e-08
35,79,11.0,8.424095e-08
35,79,12.0,7.382007e-08
35,79,13.0,6.634296e-09
35,79,14.0,3.6475182e-08
35,80,0.0,5.7345324e-07
35,80,1.0,0.0
35,80,2.0,8.2198355e-09
35,80,3.0,1.0172757e-07
35,80,4.0,1.13859876e-07
35,80,5.0,8.0679754e-08
35,80,6.0,9.822751e-08
35,80,7.0,5.890015e-08
35,80,8.0,7.341903e-07
35,80,9.0,1.5303145e-07
35,80,10.0,1.2400364e-08
35,80,11.0,2.1479035e-08
35,80,12.0,7.628397e-07
35,80,13.0,2.417466e-06
35,80,14.0,3.6578924e-06
35,81,0.0,1.4310934e-06
35,81,1.0,7.2578797e-07
35,81,2.0,1.7455284e-06
35,81,3.0,6.914413e-07
35,81,4.0,5.360025e-07
35,81,5.0,4.2198064e-07
35,81,6.0,1.424819e-07
35,81,7.0,3.977634e-07
35,81,8.0,9.417772e-06
35,81,9.0,1.4861806e-05
35,81,10.0,3.078557e-05
35,81,11.0,5.315771e-05
35,81,12.0,6.044562e-05
35,81,13.0,7.068825e-05
35,81,14.0,0.000113909104
35,82,0.0,0.000120374425
35,82,1.0,0.00016763817
35,82,2.0,0.00015053792
35,82,3.0,0.00017969387
35,82,4.0,0.00025706264
35,82,5.0,0.0003335161
35,82,6.0,0.00035920215
35,82,7.0,0.00035304547
35,82,8.0,0.00034424276
35,82,9.0,0.00044758493
35,82,10.0,0.00048765665
35,82,11.0,0.00043349786
35,82,12.0,0.00056714454
35,82,13.0,0.00082377397
35,82,14.0,0.0010024912
35,83,0.0,0.0019017436
35,83,1.0,0.0023594592
35,83,2.0,0.0026385016
35,83,3.0,0.002802037
35,83,4.0,0.0028875435
35,83,5.0,0.003002409
35,83,6.0,0.0029976722
35,83,7.0,0.0029505587
35,83,8.0,0.0031706968
35,83,9.0,0.0034254296
35,83,10.0,0.0036302682
35,83,11.0,0.0043661394
35,83,12.0,0.0048549385
35,83,13.0,0.0053459825
35,83,14.0,0.005962199
35,84,0.0,0.013276459
35,84,1.0,0.012821942
35,84,2.0,0.01276167
35,84,3.0,0.013039419
35,84,4.0,0.013328819
35,84,5.0,0.014010481
35,84,6.0,0.015787998
35,84,7.0,0.018051201
35,84,8.0,0.018317806
35,84,9.0,0.017683826
35,84,10.0,0.018839993
35,84,11.0,0.02009355
35,84,12.0,0.022676269
35,84,13.0,0.026426662
35,84,14.0,0.030691536
35,85,0.0,0.056497715
35,85,1.0,0.057035327
35,85,2.0,0.05958697
35,85,3.0,0.06122451
35,85,4.0,0.062166695
35,85,5.0,0.06395518
35,85,6.0,0.0680828
35,85,7.0,0.07349201
35,85,8.0,0.07770212
35,85,9.0,0.076399855
35,85,10.0,0.073964864
35,85,11.0,0.078199275
35,85,12.0,0.083977886
35,85,13.0,0.0904553
35,85,14.0,0.096898444
35,86,0.0,0.12230806
35,86,1.0,0.122656316
35,86,2.0,0.12760791
35,86,3.0,0.12889035
35,86,4.0,0.13059866
35,86,5.0,0.13441634
35,86,6.0,0.1374593
35,86,7.0,0.14092588
35,86,8.0,0.1475946
35,86,9.0,0.15061943
35,86,10.0,0.1459752
35,86,11.0,0.14782648
35,86,12.0,0.15464927
35,86,13.0,0.16377039
35,86,14.0,0.17108932
35,87,0.0,0.18073368
35,87,1.0,0.18244974
35,87,2.0,0.18810372
35,87,3.0,0.19027418
35,87,4.0,0.19747043
35,87,5.0,0.20049904
35,87,6.0,0.2031687
35,87,7.0,0.20668733
35,87,8.0,0.20672828
35,87,9.0,0.2073955
35,87,10.0,0.20600934
35,87,11.0,0.20569536
35,87,12.0,0.20753175
35,87,13.0,0.20824234
35,87,14.0,0.20780267
35,88,0.0,0.19960088
35,88,1.0,0.19242719
35,88,2.0,0.19913985
35,88,3.0,0.20368528
35,88,4.0,0.2041125
35,88,5.0,0.2052287
35,88,6.0,0.21170491
35,88,7.0,0.2167432
35,88,8.0,0.21590735
35,88,9.0,0.20531705
35,88,10.0,0.20140663
35,88,11.0,0.19856821
35,88,12.0,0.19654614
35,88,13.0,0.19180632
35,88,14.0,0.18388925
35,89,0.0,0.13227503
35,89,1.0,0.12675364
35,89,2.0,0.13033141
35,89,3.0,0.13108346
35,89,4.0,0.13487774
35,89,5.0,0.13779159
35,89,6.0,0.14085005
35,89,7.0,0.14260095
35,89,8.0,0.1388511
35,89,9.0,0.12943721
35,89,10.0,0.12154733
35,89,11.0,0.115563124
35,89,12.0,0.11304295
35,89,13.0,0.11098208
35,89,14.0,0.1052472
35,90,0.0,0.056392312
35,90,1.0,0.05553212
35,90,2.0,0.06043609
35,90,3.0,0.061783202
35,90,4.0,0.062495865
35,90,5.0,0.06386384
35,90,6.0,0.066469766
35,90,7.0,0.06656685
35,90,8.0,0.06293186
35,90,9.0,0.059548322
35,90,10.0,0.05823475
35,90,11.0,0.057343293
35,90,12.0,0.05396431
35,90,13.0,0.050772354
35,90,14.0,0.04622217
35,91,0.0,0.019546432
35,91,1.0,0.018599054
35,91,2.0,0.018821556
35,91,3.0,0.019372415
35,91,4.0,0.020152152
35,91,5.0,0.020956498
35,91,6.0,0.021107543
35,91,7.0,0.020559648
35,91,8.0,0.018879177
35,91,9.0,0.017752454
35,91,10.0,0.018161675
35,91,11.0,0.018001184
35,91,12.0,0.017000131
35,91,13.0,0.015423908
35,91,14.0,0.014096616
35,92,0.0,0.0032770317
35,92,1.0,0.0029887818
35,92,2.0,0.0034762418
35,92,3.0,0.0036843813
35,92,4.0,0.0040611504
35,92,5.0,0.004351967
35,92,6.0,0.004361113
35,92,7.0,0.0040482488
35,92,8.0,0.003392629
35,92,9.0,0.003162856
35,92,10.0,0.0038359268
35,92,11.0,0.00383581
35,92,12.0,0.003751995
35,92,13.0,0.0035326849
35,92,14.0,0.0032680533
35,93,0.0,0.00056126516
35,93,1.0,0.000510099
35,93,2.0,0.0006356294
35,93,3.0,0.000615378
35,93,4.0,0.00059427944
35,93,5.0,0.0006039711
35,93,6.0,0.0006360538
35,93,7.0,0.00057616574
35,93,8.0,0.000547938
35,93,9.0,0.00065075635
35,93,10.0,0.0008420751
35,93,11.0,0.00082611013
35,93,12.0,0.0007571255
35,93,13.0,0.0006985868
35,93,14.0,0.00064255245
35,94,0.0,3.606317e-05
35,94,1.0,1.50254355e-05
35,94,2.0,1.2180255e-05
35,94,3.0,1.1023623e-05
35,94,4.0,1.5846024e-05
35,94,5.0,2.1611266e-05
35,94,6.0,2.9531524e-05
35,94,7.0,2.2755248e-05
35,94,8.0,1.5091727e-05
35,94,9.0,2.7859374e-05
35,94,10.0,9.006325e-05
35,94,11.0,0.000109059656
35,94,12.0,9.496288e-05
35,94,13.0,7.499343e-05
35,94,14.0,5.7674806e-05
35,95,0.0,0.0
35,95,1.0,1.2647428e-07
35,95,2.0,8.354355e-08
35,95,3.0,0.0
35,95,4.0,0.0
35,95,5.0,7.499887e-10
35,95,6.0,3.0182857e-08
35,95,7.0,5.2758978e-08
35,95,8.0,6.894758e-08
35,95,9.0,0.0
35,95,10.0,6.278596e-10
35,95,11.0,1.905137e-09
35,95,12.0,4.0582342e-12
35,95,13.0,7.796923e-11
35,95,14.0,4.112635e-08
35,96,0.0,4.2925424e-07
35,96,1.0,1.3325322e-06
35,96,2.0,3.8262914e-07
35,96,3.0,2.338541e-07
35,96,4.0,5.6659875e-08
35,96,5.0,6.3673187e-09
35,96,6.0,8.849265e-10
35,96,7.0,1.1632268e-08
35,96,8.0,5.054946e-09
35,96,9.0,6.633677e-08
35,96,10.0,1.8774607e-07
35,96,11.0,2.4463333e-07
35,96,12.0,2.3758336e-07
35,96,13.0,1.5592948e-07
35,96,14.0,9.6897324e-08
35,97,0.0,1.3101965e-07
35,97,1.0,8.5995275e-08
35,97,2.0,8.870065e-07
35,97,3.0,6.418947e-07
35,97,4.0,2.6757942e-07
35,97,5.0,1.2091475e-07
35,97,6.0,2.1524764e-08
35,97,7.0,5.5084314e-08
35,97,8.0,1.1774793e-08
35,97,9.0,1.3581473e-08
35,97,10.0,4.448803e-08
35,97,11.0,2.2822005e-07
35,97,12.0,3.1210766e-07
35,97,13.0,5.349061e-07
35,97,14.0,7.918007e-07
35,98,0.0,1.7719436e-06
35,98,1.0,1.4286015e-06
35,98,2.0,6.506786e-08
35,98,3.0,7.462547e-07
35,98,4.0,1.02047615e-07
35,98,5.0,1.3664143e-07
35,98,6.0,2.7080094e-07
35,98,7.0,2.2336314e-07
35,98,8.0,1.2796373e-07
35,98,9.0,8.786335e-07
35,98,10.0,1.8911452e-06
35,98,11.0,1.0442878e-06
35,98,12.0,1.0509626e-07
35,98,13.0,1.0576066e-07
35,98,14.0,3.884112e-07
35,99,0.0,1.5176437e-07
35,99,1.0,5.0794085e-07
35,99,2.0,4.8562447e-07
35,99,3.0,6.6389026e-07
35,99,4.0,1.3892914e-07
35,99,5.0,7.729085e-10
35,99,6.0,1.7689936e-09
35,99,7.0,3.2021983e-08
35,99,8.0,6.173849e-10
35,99,9.0,0.0
35,99,10.0,2.026829e-08
35,99,11.0,1.7253617e-10
35,99,12.0,0.0
35,99,13.0,1.7718256e-11
35,99,14.0,9.313517e-08
35,100,0.0,2.6179306e-08
35,100,1.0,4.1301138e-07
35,100,2.0,9.4830483e-07
35,100,3.0,7.628464e-07
35,100,4.0,1.14731534e-07
35,100,5.0,9.329394e-08
35,100,6.0,8.067433e-07
35,100,7.0,1.2793909e-06
35,100,8.0,9.151658e-07
35,100,9.0,2.819208e-07
35,100,10.0,1.9709957e-07
35,100,11.0,2.255377e-07
35,100,12.0,4.4240405e-08
35,100,13.0,2.0900037e-08
35,100,14.0,1.4031019e-07
36,79,0.0,2.2003226e-07
36,79,1.0,3.5568394e-07
36,79,2.0,4.7035104e-07
36,79,3.0,7.661572e-07
36,79,4.0,6.1299926e-07
36,79,5.0,1.4069187e-07
36,79,6.0,1.0947895e-07
36,79,7.0,1.5179033e-07
36,79,8.0,4.1484515e-07
36,79,9.0,8.3568204e-07
36,79,10.0,4.6693205e-07
36,79,11.0,1.845706e-08
36,79,12.0,0.0
36,79,13.0,2.603704e-10
36,79,14.0,8.1459e-07
36,80,0.0,2.2638973e-07
36,80,1.0,5.681701e-10
36,80,2.0,0.0
36,80,3.0,0.0
36,80,4.0,7.153399e-08
36,80,5.0,7.689327e-07
36,80,6.0,7.249266e-07
36,80,7.0,1.8289033e-07
36,80,8.0,1.5664486e-07
36,80,9.0,6.097207e-08
36,80,10.0,9.763683e-08
36,80,11.0,8.0419136e-07
36,80,12.0,6.4629603e-07
36,80,13.0,2.5703375e-07
36,80,14.0,1.4004941e-07
36,81,0.0,8.06156e-09
36,81,1.0,7.80602e-08
36,81,2.0,1.0965519e-08
36,81,3.0,4.374773e-07
36,81,4.0,1.3315408e-06
36,81,5.0,9.759046e-07
36,81,6.0,6.4996937e-07
36,81,7.0,2.2638666e-07
36,81,8.0,2.09711e-07
36,81,9.0,8.3138235e-07
36,81,10.0,7.813505e-07
36,81,11.0,2.08608e-07
36,81,12.0,2.5963963e-08
36,81,13.0,9.155203e-08
36,81,14.0,8.65602e-07
36,82,0.0,1.3838601e-07
36,82,1.0,0.0
36,82,2.0,4.436437e-09
36,82,3.0,1.1276779e-06
36,82,4.0,6.8671848e-06
36,82,5.0,1.100537e-05
36,82,6.0,6.310845e-06
36,82,7.0,4.2438924e-06
36,82,8.0,2.5008212e-06
36,82,9.0,2.2019992e-06
36,82,10.0,3.2877213e-06
36,82,11.0,6.5115105e-06
36,82,12.0,4.460585e-06
36,82,13.0,6.9966495e-06
36,82,14.0,1.6803717e-05
36,83,0.0,5.2008745e-05
36,83,1.0,3.9831088e-05
36,83,2.0,1.876546e-05
36,83,3.0,1.5780204e-05
36,83,4.0,1.8205521e-05
36,83,5.0,2.0902273e-05
36,83,6.0,3.5443572e-05
36,83,7.0,4.270877e-05
36,83,8.0,4.189092e-05
36,83,9.0,3.2945252e-05
36,83,10.0,7.025717e-05
36,83,11.0,0.000107570144
36,83,12.0,0.00012600538
36,83,13.0,0.00019082462
36,83,14.0,0.00030014876
36,84,0.0,0.00062981003
36,84,1.0,0.00047553505
36,84,2.0,0.00043677067
36,84,3.0,0.0004760518
36,84,4.0,0.00054782233
36,84,5.0,0.0005540324
36,84,6.0,0.000544449
36,84,7.0,0.0006611776
36,84,8.0,0.00072287093
36,84,9.0,0.0006358988
36,84,10.0,0.0007733469
36,84,11.0,0.00096509454
36,84,12.0,0.0011182014
36,84,13.0,0.0014958752
36,84,14.0,0.0018191146
36,85,0.0,0.0058198096
36,85,1.0,0.005777083
36,85,2.0,0.0046808138
36,85,3.0,0.0041508684
36,85,4.0,0.0038464682
36,85,5.0,0.0039231125
36,85,6.0,0.004546261
36,85,7.0,0.005363107
36,85,8.0,0.0062763104
36,85,9.0,0.0067230505
36,85,10.0,0.007003455
36,85,11.0,0.007911415
36,85,12.0,0.009099727
36,85,13.0,0.01088617
36,85,14.0,0.013134463
36,86,0.0,0.046050977
36,86,1.0,0.042145815
36,86,2.0,0.03597942
36,86,3.0,0.030261474
36,86,4.0,0.029957619
36,86,5.0,0.03224917
36,86,6.0,0.0372331
36,86,7.0,0.045821164
36,86,8.0,0.05102652
36,86,9.0,0.051812027
36,86,10.0,0.046801567
36,86,11.0,0.047741715
36,86,12.0,0.05255509
36,86,13.0,0.061676346
36,86,14.0,0.071621776
36,87,0.0,0.13205115
36,87,1.0,0.118099675
36,87,2.0,0.106669724
36,87,3.0,0.096792325
36,87,4.0,0.0915582
36,87,5.0,0.093664244
36,87,6.0,0.10337794
36,87,7.0,0.12312329
36,87,8.0,0.13581032
36,87,9.0,0.13365838
36,87,10.0,0.12014102
36,87,11.0,0.119695626
36,87,12.0,0.12753336
36,87,13.0,0.1433778
36,87,14.0,0.16640905
36,88,0.0,0.32192934
36,88,1.0,0.29235926
36,88,2.0,0.25854757
36,88,3.0,0.23831892
36,88,4.0,0.23167616
36,88,5.0,0.23898381
36,88,6.0,0.25592422
36,88,7.0,0.28738925
36,88,8.0,0.30349618
36,88,9.0,0.298438
36,88,10.0,0.27268985
36,88,11.0,0.25990027
36,88,12.0,0.2712743
36,88,13.0,0.29258388
36,88,14.0,0.31826836
36,89,0.0,0.4685847
36,89,1.0,0.44154024
36,89,2.0,0.38305923
36,89,3.0,0.35148036
36,89,4.0,0.3485126
36,89,5.0,0.3483927
36,89,6.0,0.36197174
36,89,7.0,0.3960095
36,89,8.0,0.41633755
36,89,9.0,0.3997405
36,89,10.0,0.36561167
36,89,11.0,0.3529631
36,89,12.0,0.3540059
36,89,13.0,0.36633885
36,89,14.0,0.38325658
36,90,0.0,0.5183834
36,90,1.0,0.46049073
36,90,2.0,0.4313625
36,90,3.0,0.40064123
36,90,4.0,0.39565054
36,90,5.0,0.39098445
36,90,6.0,0.3989315
36,90,7.0,0.42367128
36,90,8.0,0.42830482
36,90,9.0,0.4266314
36,90,10.0,0.38923144
36,90,11.0,0.3717944
36,90,12.0,0.36457705
36,90,13.0,0.36437717
36,90,14.0,0.3712861
36,91,0.0,0.3627355
36,91,1.0,0.32291415
36,91,2.0,0.2966071
36,91,3.0,0.29088777
36,91,4.0,0.28048027
36,91,5.0,0.27337027
36,91,6.0,0.27795038
36,91,7.0,0.27675414
36,91,8.0,0.27796587
36,91,9.0,0.26646793
36,91,10.0,0.2557372
36,91,11.0,0.24147081
36,91,12.0,0.22973165
36,91,13.0,0.22128163
36,91,14.0,0.21517314
36,92,0.0,0.17760167
36,92,1.0,0.16487424
36,92,2.0,0.16503185
36,92,3.0,0.15956976
36,92,4.0,0.15244772
36,92,5.0,0.14735912
36,92,6.0,0.1468639
36,92,7.0,0.14318089
36,92,8.0,0.13545468
36,92,9.0,0.13200302
36,92,10.0,0.12779796
36,92,11.0,0.11476928
36,92,12.0,0.11225879
36,92,13.0,0.109606646
36,92,14.0,0.10535125
36,93,0.0,0.057671357
36,93,1.0,0.053316116
36,93,2.0,0.052337933
36,93,3.0,0.052450106
36,93,4.0,0.050363336
36,93,5.0,0.049360897
36,93,6.0,0.049697757
36,93,7.0,0.045397807
36,93,8.0,0.04473901
36,93,9.0,0.0457174
36,93,10.0,0.042928997
36,93,11.0,0.040686555
36,93,12.0,0.038327526
36,93,13.0,0.035630733
36,93,14.0,0.032969534
36,94,0.0,0.014122157
36,94,1.0,0.014285576
36,94,2.0,0.013875004
36,94,3.0,0.013044886
36,94,4.0,0.012663517
36,94,5.0,0.01245855
36,94,6.0,0.012570847
36,94,7.0,0.012058112
36,94,8.0,0.011344263
36,94,9.0,0.012036787
36,94,10.0,0.011921751
36,94,11.0,0.011431394
36,94,12.0,0.010768297
36,94,13.0,0.009744601
36,94,14.0,0.008594049
36,95,0.0,0.0018758663
36,95,1.0,0.0019660085
36,95,2.0,0.0022251536
36,95,3.0,0.0023621481
36,95,4.0,0.00221916
36,95,5.0,0.002081852
36,95,6.0,0.0019755082
36,95,7.0,0.001968037
36,95,8.0,0.0019871036
36,95,9.0,0.0021716778
36,95,10.0,0.0021309862
36,95,11.0,0.0020581624
36,95,12.0,0.0020134465
36,95,13.0,0.0018294295
36,95,14.0,0.001632323
36,96,0.0,0.00022378657
36,96,1.0,0.00022229523
36,96,2.0,0.00022112108
36,96,3.0,0.00024186913
36,96,4.0,0.00023606303
36,96,5.0,0.00026047294
36,96,6.0,0.00026592068
36,96,7.0,0.0002447889
36,96,8.0,0.00025454265
36,96,9.0,0.00024281003
36,96,10.0,0.00025910305
36,96,11.0,0.00027905183
36,96,12.0,0.00025503754
36,96,13.0,0.00021873547
36,96,14.0,0.00021606636
36,97,0.0,1.3159243e-05
36,97,1.0,1.5819574e-05
36,97,2.0,2.2720333e-05
36,97,3.0,2.4793759e-05
36,97,4.0,1.8527244e-05
36,97,5.0,1.43899615e-05
36,97,6.0,1.1911285e-05
36,97,7.0,9.955552e-06
36,97,8.0,4.1234707e-06
36,97,9.0,6.838065e-06
36,97,10.0,2.95315e-05
36,97,11.0,3.302464e-05
36,97,12.0,1.8872639e-05
36,97,13.0,1.1503174e-05
36,97,14.0,1.07447195e-05
36,98,0.0,2.3389683e-07
36,98,1.0,3.560673e-07
36,98,2.0,3.6615745e-07
36,98,3.0,2.3366789e-09
36,98,4.0,0.0
36,98,5.0,0.0
36,98,6.0,1.2675365e-11
36,98,7.0,2.4589815e-09
36,98,8.0,4.040436e-09
36,98,9.0,8.137676e-08
36,98,10.0,2.2129777e-07
36,98,11.0,7.6648405e-07
36,98,12.0,8.857403e-07
36,98,13.0,6.998129e-07
36,98,14.0,7.7619103e-07
36,99,0.0,2.068884e-07
36,99,1.0,2.5103955e-10
36,99,2.0,1.5756497e-08
36,99,3.0,5.987547e-08
36,99,4.0,2.5000148e-07
36,99,5.0,5.516675e-07
36,99,6.0,8.22234e-08
36,99,7.0,0.0
36,99,8.0,0.0
36,99,9.0,3.8535514e-08
36,99,10.0,1.4927085e-06
36,99,11.0,2.052175e-06
36,99,12.0,4.351857e-07
36,99,13.0,1.3690692e-07
36,99,14.0,4.23184e-07
36,100,0.0,7.156944e-10
36,100,1.0,4.606088e-07
36,100,2.0,2.7918263e-09
36,100,3.0,0.0
36,100,4.0,1.6071313e-07
36,100,5.0,4.6461614e-07
36,100,6.0,1.0635158e-07
36,100,7.0,3.0828986e-08
36,100,8.0,4.6445724e-08
36,100,9.0,4.722917e-08
36,100,10.0,5.665835e-07
36,100,11.0,7.69118e-07
36,100,12.0,7.8725003e-07
36,100,13.0,3.3592366e-07
36,100,14.0,2.8654415e-07
36,101,0.0,5.5101695e-10
36,101,1.0,2.7340454e-07
36,101,2.0,1.4367979e-06
36,101,3.0,1.4602431e-06
36,101,4.0,3.7546818e-07
36,101,5.0,3.276598e-07
36,101,6.0,1.3185236e-07
36,101,7.0,1.5088399e-07
36,101,8.0,4.4567102e-08
36,101,9.0,2.4814208e-08
36,101,10.0,4.2255273e-08
36,101,11.0,3.6069844e-07
36,101,12.0,3.750076e-07
36,101,13.0,1.8852867e-07
36,101,14.0,1.4260804e-07
36,102,0.0,5.5959204e-10
36,102,1.0,1.7952897e-07
36,102,2.0,9.473653e-07
36,102,3.0,1.0126947e-06
36,102,4.0,3.5211642e-07
36,102,5.0,4.66088e-07
36,102,6.0,2.7534352e-07
36,102,7.0,1.03653974e-07
36,102,8.0,6.69927e-08
36,102,9.0,2.0292749e-08
36,102,10.0,1.846564e-07
36,102,11.0,3.7154877e-07
36,102,12.0,1.0805579e-07
36,102,13.0,7.389348e-08
36,102,14.0,9.666943e-08
37,81,0.0,2.004857e-07
37,81,1.0,6.9041846e-08
37,81,2.0,3.2238823e-08
37,81,3.0,2.2205269e-07
37,81,4.0,4.4258547e-07
37,81,5.0,1.6006447e-06
37,81,6.0,4.6255445e-07
37,81,7.0,5.2997626e-07
37,81,8.0,2.9808928e-07
37,81,9.0,7.1942516e-08
37,81,10.0,3.5554343e-08
37,81,11.0,7.8594314e-07
37,81,12.0,1.5487714e-07
37,81,13.0,4.390789e-08
37,81,14.0,6.6162315e-08
37,82,0.0,6.587511e-07
37,82,1.0,1.4663344e-07
37,82,2.0,2.650799e-07
37,82,3.0,4.6941938e-07
37,82,4.0,3.2010914e-07
37,82,5.0,1.7800349e-07
37,82,6.0,1.4129867e-07
37,82,7.0,6.90145e-08
37,82,8.0,1.08107535e-07
37,82,9.0,7.03681e-07
37,82,10.0,4.913979e-07
37,82,11.0,3.5679645e-07
37,82,12.0,1.1391733e-07
37,82,13.0,1.14731534e-07
37,82,14.0,2.7702376e-07
37,83,0.0,0.0
37,83,1.0,2.2997025e-07
37,83,2.0,1.3409939e-08
37,83,3.0,2.6285145e-08
37,83,4.0,1.0517622e-07
37,83,5.0,4.2350057e-09
37,83,6.0,1.2645527e-08
37,83,7.0,9.923658e-09
37,83,8.0,1.3900933e-09
37,83,9.0,5.762063e-08
37,83,10.0,4.7927756e-12
37,83,11.0,1.8760737e-08
37,83,12.0,4.3795976e-07
37,83,13.0,1.9029434e-07
37,83,14.0,1.7815888e-07
37,84,0.0,1.259947e-07
37,84,1.0,0.0
37,84,2.0,4.7111235e-09
37,84,3.0,1.508456e-07
37,84,4.0,2.218562e-08
37,84,5.0,0.0
37,84,6.0,3.764929e-09
37,84,7.0,2.1834942e-11
37,84,8.0,0.0
37,84,9.0,0.0
37,84,10.0,3.8183597e-07
37,84,11.0,9.881965e-07
37,84,12.0,7.2008424e-07
37,84,13.0,1.2432367e-08
37,84,14.0,1.7200184e-06
37,85,0.0,4.253898e-08
37,85,1.0,5.6010117e-11
37,85,2.0,1.9205879e-07
37,85,3.0,1.3736292e-07
37,85,4.0,7.097756e-08
37,85,5.0,2.4707424e-08
37,85,6.0,1.1111586e-07
37,85,7.0,8.223328e-07
37,85,8.0,1.4917143e-06
37,85,9.0,4.550077e-06
37,85,10.0,2.1287264e-05
37,85,11.0,3.357605e-05
37,85,12.0,3.578531e-05
37,85,13.0,3.8970535e-05
37,85,14.0,6.567333e-05
37,86,0.0,0.00024659868
37,86,1.0,0.00014760869
37,86,2.0,0.00023609649
37,86,3.0,0.00014167842
37,86,4.0,0.00015261886
37,86,5.0,0.00015381283
37,86,6.0,0.0001529451
37,86,7.0,0.00021050275
37,86,8.0,0.00023073562
37,86,9.0,0.00024900446
37,86,10.0,0.0003058872
37,86,11.0,0.00036969988
37,86,12.0,0.0004852576
37,86,13.0,0.00054715096
37,86,14.0,0.0006595451
37,87,0.0,0.0028751697
37,87,1.0,0.0035441522
37,87,2.0,0.0030801147
37,87,3.0,0.002990604
37,87,4.0,0.002423987
37,87,5.0,0.002460821
37,87,6.0,0.0028038516
37,87,7.0,0.0032583487
37,87,8.0,0.0039592166
37,87,9.0,0.0039909338
37,87,10.0,0.0039597456
37,87,11.0,0.003922378
37,87,12.0,0.0044933343
37,87,13.0,0.005741439
37,87,14.0,0.007176173
37,88,0.0,0.016742023
37,88,1.0,0.014954533
37,88,2.0,0.014242073
37,88,3.0,0.013891275
37,88,4.0,0.013177082
37,88,5.0,0.012995931
37,88,6.0,0.013685719
37,88,7.0,0.01609339
37,88,8.0,0.01994844
37,88,9.0,0.020704733
37,88,10.0,0.019228475
37,88,11.0,0.019038582
37,88,12.0,0.02121348
37,88,13.0,0.025270052
37,88,14.0,0.030281752
37,89,0.0,0.07347111
37,89,1.0,0.06580524
37,89,2.0,0.06457736
37,89,3.0,0.06300067
37,89,4.0,0.06138903
37,89,5.0,0.0614271
37,89,6.0,0.06582109
37,89,7.0,0.07690179
37,89,8.0,0.08754135
37,89,9.0,0.09036027
37,89,10.0,0.084036455
37,89,11.0,0.077965744
37,89,12.0,0.0815472
37,89,13.0,0.09262296
37,89,14.0,0.10704253
37,90,0.0,0.1820267
37,90,1.0,0.17448582
37,90,2.0,0.16907695
37,90,3.0,0.16078551
37,90,4.0,0.15756354
37,90,5.0,0.15752456
37,90,6.0,0.16884513
37,90,7.0,0.19319879
37,90,8.0,0.20863307
37,90,9.0,0.20449762
37,90,10.0,0.19614908
37,90,11.0,0.18976814
37,90,12.0,0.19441807
37,90,13.0,0.21052466
37,90,14.0,0.23745902
37,91,0.0,0.34639087
37,91,1.0,0.34029472
37,91,2.0,0.33266816
37,91,3.0,0.32663435
37,91,4.0,0.32098356
37,91,5.0,0.315863
37,91,6.0,0.3247499
37,91,7.0,0.3442442
37,91,8.0,0.35533026
37,91,9.0,0.34825325
37,91,10.0,0.32895362
37,91,11.0,0.31940255
37,91,12.0,0.3199857
37,91,13.0,0.33330294
37,91,14.0,0.3551674
37,92,0.0,0.43263197
37,92,1.0,0.42754135
37,92,2.0,0.4256535
37,92,3.0,0.4241125
37,92,4.0,0.4200409
37,92,5.0,0.41951686
37,92,6.0,0.42294413
37,92,7.0,0.4232406
37,92,8.0,0.42197582
37,92,9.0,0.42277926
37,92,10.0,0.4123735
37,92,11.0,0.39285007
37,92,12.0,0.38985974
37,92,13.0,0.3929837
37,92,14.0,0.39433584
37,93,0.0,0.36614746
37,93,1.0,0.34887853
37,93,2.0,0.37423503
37,93,3.0,0.3950882
37,93,4.0,0.393831
37,93,5.0,0.38935938
37,93,6.0,0.3865348
37,93,7.0,0.3716878
37,93,8.0,0.3632944
37,93,9.0,0.36239973
37,93,10.0,0.34816584
37,93,11.0,0.3290677
37,93,12.0,0.31818995
37,93,13.0,0.30796024
37,93,14.0,0.29658833
37,94,0.0,0.21094064
37,94,1.0,0.2177486
37,94,2.0,0.23276003
37,94,3.0,0.24073657
37,94,4.0,0.23920378
37,94,5.0,0.23510012
37,94,6.0,0.23266642
37,94,7.0,0.21292722
37,94,8.0,0.20681338
37,94,9.0,0.2109477
37,94,10.0,0.19799389
37,94,11.0,0.18833093
37,94,12.0,0.18129335
37,94,13.0,0.17014141
37,94,14.0,0.16031459
37,95,0.0,0.08760537
37,95,1.0,0.0890641
37,95,2.0,0.10141983
37,95,3.0,0.10332477
37,95,4.0,0.105801344
37,95,5.0,0.10518128
37,95,6.0,0.10214304
37,95,7.0,0.08680918
37,95,8.0,0.08476995
37,95,9.0,0.08956378
37,95,10.0,0.08560548
37,95,11.0,0.07799075
37,95,12.0,0.07698089
37,95,13.0,0.07291887
37,95,14.0,0.06852333
37,96,0.0,0.023825135
37,96,1.0,0.024387827
37,96,2.0,0.030456644
37,96,3.0,0.03152412
37,96,4.0,0.030433219
37,96,5.0,0.029671967
37,96,6.0,0.03127243
37,96,7.0,0.0301345
37,96,8.0,0.028353773
37,96,9.0,0.028093671
37,96,10.0,0.027661327
37,96,11.0,0.026810596
37,96,12.0,0.026942339
37,96,13.0,0.023869446
37,96,14.0,0.020040935
37,97,0.0,0.0049070967
37,97,1.0,0.004951767
37,97,2.0,0.0057809004
37,97,3.0,0.006306915
37,97,4.0,0.0062848236
37,97,5.0,0.0061412007
37,97,6.0,0.0061564413
37,97,7.0,0.0061871023
37,97,8.0,0.0057581197
37,97,9.0,0.0057274867
37,97,10.0,0.00610566
37,97,11.0,0.006173434
37,97,12.0,0.0059107156
37,97,13.0,0.0057733855
37,97,14.0,0.005137534
37,98,0.0,0.00073573244
37,98,1.0,0.0007553596
37,98,2.0,0.0010009723
37,98,3.0,0.0012029093
37,98,4.0,0.0011663127
37,98,5.0,0.001047936
37,98,6.0,0.00097127527
37,98,7.0,0.000955018
37,98,8.0,0.0010148268
37,98,9.0,0.0011131853
37,98,10.0,0.0011001247
37,98,11.0,0.001207346
37,98,12.0,0.001149421
37,98,13.0,0.0010825143
37,98,14.0,0.000893837
37,99,0.0,5.2096333e-05
37,99,1.0,6.2491716e-05
37,99,2.0,9.8435674e-05
37,99,3.0,0.00014728845
37,99,4.0,0.000112270725
37,99,5.0,9.260712e-05
37,99,6.0,7.7916295e-05
37,99,7.0,8.1179336e-05
37,99,8.0,7.534744e-05
37,99,9.0,0.00011165204
37,99,10.0,0.00017751081
37,99,11.0,0.00019665048
37,99,12.0,0.0001501412
37,99,13.0,0.0001372024
37,99,14.0,0.000115281444
37,100,0.0,0.0
37,100,1.0,2.1319806e-08
37,100,2.0,1.2483586e-10
37,100,3.0,3.0616908e-07
37,100,4.0,4.8748853e-07
37,100,5.0,7.309263e-07
37,100,6.0,5.4101e-07
37,100,7.0,2.2058364e-07
37,100,8.0,1.8013075e-08
37,100,9.0,1.9781426e-10
37,100,10.0,5.7888547e-09
37,100,11.0,1.8368468e-07
37,100,12.0,3.5907098e-07
37,100,13.0,8.6497016e-07
37,100,14.0,9.781088e-07
37,101,0.0,0.0
37,101,1.0,4.8748156e-15
37,101,2.0,2.0689322e-07
37,101,3.0,6.8733146e-07
37,101,4.0,7.659273e-07
37,101,5.0,1.3948058e-06
37,101,6.0,7.341837e-07
37,101,7.0,1.4341201e-07
37,101,8.0,3.241233e-07
37,101,9.0,3.1279083e-07
37,101,10.0,5.975432e-08
37,101,11.0,4.1169898e-07
37,101,12.0,7.736457e-07
37,101,13.0,6.0478607e-07
37,101,14.0,1.3599561e-06
37,102,0.0,9.804485e-07
37,102,1.0,2.2048232e-07
37,102,2.0,4.4470667e-08
37,102,3.0,5.866908e-08
37,102,4.0,6.448514e-08
37,102,5.0,4.8684072e-08
37,102,6.0,3.4566575e-08
37,102,7.0,1.2943156e-08
37,102,8.0,8.5045215e-09
37,102,9.0,4.6019774e-10
37,102,10.0,1.0321793e-08
37,102,11.0,2.9565156e-08
37,102,12.0,1.7154503e-07
37,102,13.0,1.020075e-07
37,102,14.0,2.2725305e-07
37,103,0.0,6.039967e-08
37,103,1.0,8.1193745e-09
37,103,2.0,2.0126552e-09
37,103,3.0,0.0
37,103,4.0,1.1625613e-12
37,103,5.0,4.947166e-08
37,103,6.0,1.3895144e-07
37,103,7.0,4.5435772e-08
37,103,8.0,5.437584e-12
37,103,9.0,7.8207424e-10
37,103,10.0,5.714135e-09
37,103,11.0,1.1223359e-07
37,103,12.0,4.8795573e-07
37,103,13.0,8.3643346e-07
37,103,14.0,7.4089877e-07
37,104,0.0,7.8485743e-07
37,104,1.0,4.3157516e-07
37,104,2.0,2.9135958e-07
37,104,3.0,1.7114996e-07
37,104,4.0,5.11604e-08
37,104,5.0,5.330082e-08
37,104,6.0,1.3616574e-07
37,104,7.0,9.390601e-08
37,104,8.0,5.2522953e-08
37,104,9.0,3.8702004e-07
37,104,10.0,5.8104706e-07
37,104,11.0,1.03258365e-07
37,104,12.0,7.1588055e-08
37,104,13.0,1.3551633e-07
37,104,14.0,2.5903128e-07
37,105,0.0,4.807295e-08
37,105,1.0,2.727072e-07
37,105,2.0,3.3913034e-07
37,105,3.0,1.9889252e-07
37,105,4.0,1.1802081e-07
37,105,5.0,2.457048e-07
37,105,6.0,3.5224562e-07
37,105,7.0,4.3688254e-07
37,105,8.0,3.298354e-07
37,105,9.0,1.2643514e-07
37,105,10.0,1.0995065e-08
37,105,11.0,9.581288e-10
37,105,12.0,7.907367e-08
37,105,13.0,2.0571166e-07
37,105,14.0,8.3386176e-08
38,83,0.0,1.8514754e-07
38,83,1.0,2.5356073e-08
38,83,2.0,2.0920265e-07
38,83,3.0,6.622693e-07
38,83,4.0,1.0187861e-06
38,83,5.0,1.3561729e-06
38,83,6.0,1.3862402e-07
38,83,7.0,5.961405e-08
38,83,8.0,2.4452495e-07
38,83,9.0,2.4261269e-07
38,83,10.0,1.669856e-07
38,83,11.0,7.5628407e-07
38,83,12.0,4.2112774e-07
38,83,13.0,2.7681904e-07
38,83,14.0,1.5980176e-07
38,84,0.0,1.4759266e-07
38,84,1.0,7.053329e-07
38,84,2.0,2.3127465e-07
38,84,3.0,3.606584e-07
38,84,4.0,6.0960315e-07
38,84,5.0,3.6220325e-07
38,84,6.0,2.2116909e-07
38,84,7.0,1.1967535e-07
38,84,8.0,2.0989951e-08
38,84,9.0,4.5086446e-09
38,84,10.0,9.465609e-08
38,84,11.0,3.2524167e-07
38,84,12.0,6.915603e-08
38,84,13.0,0.0
38,84,14.0,0.0
38,85,0.0,7.834251e-07
38,85,1.0,1.157282e-07
38,85,2.0,4.0000265e-09
38,85,3.0,1.7530456e-10
38,85,4.0,6.868594e-08
38,85,5.0,6.110282e-07
38,85,6.0,3.772786e-07
38,85,7.0,8.458766e-07
38,85,8.0,1.5732016e-06
38,85,9.0,2.1919998e-06
38,85,10.0,1.1861752e-06
38,85,11.0,2.9107954e-07
38,85,12.0,4.7122148e-07
38,85,13.0,9.889865e-07
38,85,14.0,9.3792374e-07
38,86,0.0,2.6962605e-08
38,86,1.0,1.4483038e-09
38,86,2.0,0.0
38,86,3.0,0.0
38,86,4.0,0.0
38,86,5.0,0.0
38,86,6.0,0.0
38,86,7.0,5.8395454e-08
38,86,8.0,3.3140165e-07
38,86,9.0,3.3673054e-08
38,86,10.0,8.486401e-09
38,86,11.0,1.488378e-10
38,86,12.0,3.334792e-08
38,86,13.0,3.1433183e-07
38,86,14.0,3.1132847e-06
38,87,0.0,5.3100994e-05
38,87,1.0,1.5218965e-05
38,87,2.0,6.0109164e-06
38,87,3.0,2.1399085e-06
38,87,4.0,1.479043e-06
38,87,5.0,1.8206844e-06
38,87,6.0,2.2637446e-06
38,87,7.0,1.0341714e-05
38,87,8.0,2.2411028e-05
38,87,9.0,1.9736719e-05
38,87,10.0,1.4376514e-05
38,87,11.0,2.0704052e-05
38,87,12.0,5.028562e-05
38,87,13.0,8.088314e-05
38,87,14.0,0.0001261659
38,88,0.0,0.00066789734
38,88,1.0,0.00063520233
38,88,2.0,0.000446357
38,88,3.0,0.00037930626
38,88,4.0,0.00031071843
38,88,5.0,0.00027613036
38,88,6.0,0.00028389672
38,88,7.0,0.0004523259
38,88,8.0,0.00066677737
38,88,9.0,0.00073764636
38,88,10.0,0.00071520347
38,88,11.0,0.0006275961
38,88,12.0,0.00075473735
38,88,13.0,0.0010442672
38,88,14.0,0.0014115582
38,89,0.0,0.0044945017
38,89,1.0,0.003959088
38,89,2.0,0.003108437
38,89,3.0,0.0026984976
38,89,4.0,0.0024178524
38,89,5.0,0.002278059
38,89,6.0,0.002461066
38,89,7.0,0.003248603
38,89,8.0,0.0045629353
38,89,9.0,0.0049570184
38,89,10.0,0.00474848
38,89,11.0,0.0044887424
38,89,12.0,0.0049168933
38,89,13.0,0.006394686
38,89,14.0,0.008615042
38,90,0.0,0.030019093
38,90,1.0,0.025661452
38,90,2.0,0.020965425
38,90,3.0,0.018809168
38,90,4.0,0.017781349
38,90,5.0,0.017396027
38,90,6.0,0.018515253
38,90,7.0,0.022346403
38,90,8.0,0.027184589
38,90,9.0,0.027624056
38,90,10.0,0.026779514
38,90,11.0,0.027009893
38,90,12.0,0.029027203
38,90,13.0,0.034985155
38,90,14.0,0.04025221
38,91,0.0,0.103366315
38,91,1.0,0.08987319
38,91,2.0,0.07555676
38,91,3.0,0.06953845
38,91,4.0,0.066221245
38,91,5.0,0.06357151
38,91,6.0,0.06670347
38,91,7.0,0.07876932
38,91,8.0,0.09109386
38,91,9.0,0.09606146
38,91,10.0,0.09043591
38,91,11.0,0.08607232
38,91,12.0,0.08930848
38,91,13.0,0.10165755
38,91,14.0,0.12338055
38,92,0.0,0.3003226
38,92,1.0,0.26110798
38,92,2.0,0.22326429
38,92,3.0,0.21518745
38,92,4.0,0.21131697
38,92,5.0,0.20535533
38,92,6.0,0.20988105
38,92,7.0,0.22909969
38,92,8.0,0.2562621
38,92,9.0,0.2608678
38,92,10.0,0.24723463
38,92,11.0,0.23123187
38,92,12.0,0.23482537
38,92,13.0,0.2560258
38,92,14.0,0.2853207
38,93,0.0,0.51019806
38,93,1.0,0.48168823
38,93,2.0,0.42427632
38,93,3.0,0.40350312
38,93,4.0,0.39093062
38,93,5.0,0.37704372
38,93,6.0,0.38142845
38,93,7.0,0.40355673
38,93,8.0,0.4278292
38,93,9.0,0.4252465
38,93,10.0,0.39897394
38,93,11.0,0.39195067
38,93,12.0,0.39645958
38,93,13.0,0.41419896
38,93,14.0,0.43997982
38,94,0.0,0.717832
38,94,1.0,0.6702159
38,94,2.0,0.6018058
38,94,3.0,0.5915204
38,94,4.0,0.5728862
38,94,5.0,0.5564581
38,94,6.0,0.57011443
38,94,7.0,0.5944454
38,94,8.0,0.59387803
38,94,9.0,0.5779888
38,94,10.0,0.55537426
38,94,11.0,0.53573143
38,94,12.0,0.53505605
38,94,13.0,0.53094864
38,94,14.0,0.5265897
38,95,0.0,0.59687144
38,95,1.0,0.5423454
38,95,2.0,0.5297056
38,95,3.0,0.51610786
38,95,4.0,0.49955332
38,95,5.0,0.48513058
38,95,6.0,0.48277882
38,95,7.0,0.47924608
38,95,8.0,0.46826315
38,95,9.0,0.45172238
38,95,10.0,0.4260803
38,95,11.0,0.41977853
38,95,12.0,0.40684906
38,95,13.0,0.3901679
38,95,14.0,0.3819567
38,96,0.0,0.396527
38,96,1.0,0.3736833
38,96,2.0,0.36809388
38,96,3.0,0.3624123
38,96,4.0,0.36135423
38,96,5.0,0.35749564
38,96,6.0,0.35160035
38,96,7.0,0.33244136
38,96,8.0,0.32150596
38,96,9.0,0.32283658
38,96,10.0,0.30931646
38,96,11.0,0.30376968
38,96,12.0,0.29104334
38,96,13.0,0.273768
38,96,14.0,0.24950808
38,97,0.0,0.17592533
38,97,1.0,0.17645787
38,97,2.0,0.17449458
38,97,3.0,0.16986242
38,97,4.0,0.16721228
38,97,5.0,0.16488385
38,97,6.0,0.16128983
38,97,7.0,0.14219156
38,97,8.0,0.13767909
38,97,9.0,0.13692322
38,97,10.0,0.13272282
38,97,11.0,0.12860627
38,97,12.0,0.12649362
38,97,13.0,0.11618926
38,97,14.0,0.10618325
38,98,0.0,0.067650564
38,98,1.0,0.062032793
38,98,2.0,0.061919894
38,98,3.0,0.06219539
38,98,4.0,0.061290607
38,98,5.0,0.059611127
38,98,6.0,0.05929743
38,98,7.0,0.05627625
38,98,8.0,0.05353274
38,98,9.0,0.053731672
38,98,10.0,0.053802595
38,98,11.0,0.052384716
38,98,12.0,0.049930546
38,98,13.0,0.04575357
38,98,14.0,0.040348157
38,99,0.0,0.016390266
38,99,1.0,0.015401343
38,99,2.0,0.015740514
38,99,3.0,0.01655589
38,99,4.0,0.015847614
38,99,5.0,0.014649999
38,99,6.0,0.014143729
38,99,7.0,0.014423507
38,99,8.0,0.014208654
38,99,9.0,0.013730601
38,99,10.0,0.0134272035
38,99,11.0,0.013100098
38,99,12.0,0.012516409
38,99,13.0,0.011345297
38,99,14.0,0.009688704
38,100,0.0,0.002907874
38,100,1.0,0.0020968316
38,100,2.0,0.002399778
38,100,3.0,0.0024730526
38,100,4.0,0.0025129106
38,100,5.0,0.0024818082
38,100,6.0,0.0024221572
38,100,7.0,0.0023939095
38,100,8.0,0.0024785693
38,100,9.0,0.0023980662
38,100,10.0,0.0025395043
38,100,11.0,0.0027793865
38,100,12.0,0.0027222282
38,100,13.0,0.0024809462
38,100,14.0,0.002280928
38,101,0.0,0.0003068717
38,101,1.0,0.00025716607
38,101,2.0,0.0002902731
38,101,3.0,0.00034833758
38,101,4.0,0.00033024984
38,101,5.0,0.00032229704
38,101,6.0,0.00030673924
38,101,7.0,0.00033044344
38,101,8.0,0.0003710986
38,101,9.0,0.0003189521
38,101,10.0,0.00037623956
38,101,11.0,0.0004222896
38,101,12.0,0.00045560807
38,101,13.0,0.00048649198
38,101,14.0,0.0004077858
38,102,0.0,3.4205514e-05
38,102,1.0,1.1183176e-05
38,102,2.0,1.225928e-05
38,102,3.0,1.7855396e-05
38,102,4.0,3.1718657e-05
38,102,5.0,3.2592212e-05
38,102,6.0,2.8560935e-05
38,102,7.0,2.9465507e-05
38,102,8.0,2.2061198e-05
38,102,9.0,2.1195317e-05
38,102,10.0,2.3033308e-05
38,102,11.0,3.0655665e-05
38,102,12.0,4.2663753e-05
38,102,13.0,4.267073e-05
38,102,14.0,3.656315e-05
38,103,0.0,5.588471e-07
38,103,1.0,1.1629202e-06
38,103,2.0,1.1423361e-10
38,103,3.0,5.7559017e-08
38,103,4.0,4.165158e-07
38,103,5.0,1.7391578e-07
38,103,6.0,2.6397572e-08
38,103,7.0,1.6159836e-07
38,103,8.0,6.8363555e-08
38,103,9.0,2.4229992e-08
38,103,10.0,6.2447185e-08
38,103,11.0,3.293326e-07
38,103,12.0,5.5809835e-07
38,103,13.0,3.0661258e-07
38,103,14.0,1.8096584e-07
38,104,0.0,4.3541696e-08
38,104,1.0,1.2094976e-08
38,104,2.0,0.0
38,104,3.0,1.1500859e-07
38,104,4.0,2.0645851e-07
38,104,5.0,8.99428e-08
38,104,6.0,4.0148688e-08
38,104,7.0,2.540142e-10
38,104,8.0,4.4402393e-09
38,104,9.0,1.0623929e-08
38,104,10.0,8.458219e-08
38,104,11.0,7.0385374e-07
38,104,12.0,1.4371303e-06
38,104,13.0,8.438519e-07
38,104,14.0,8.148018e-08
38,105,0.0,2.9219595e-07
38,105,1.0,0.0
38,105,2.0,3.516962e-09
38,105,3.0,3.697607e-08
38,105,4.0,8.3097837e-07
38,105,5.0,8.8550996e-07
38,105,6.0,5.95035e-07
38,105,7.0,1.0207376e-07
38,105,8.0,0.0
38,105,9.0,1.5930817e-09
38,105,10.0,7.857416e-09
38,105,11.0,3.5232586e-07
38,105,12.0,4.1020758e-07
38,105,13.0,6.642908e-07
38,105,14.0,1.0480852e-06
38,106,0.0,8.263136e-08
38,106,1.0,6.6905125e-07
38,106,2.0,5.6946874e-07
38,106,3.0,5.7846646e-06
38,106,4.0,2.2899271e-06
38,106,5.0,9.8725e-07
38,106,6.0,5.713256e-07
38,106,7.0,7.9109856e-07
38,106,8.0,3.933475e-07
38,106,9.0,1.1041248e-07
38,106,10.0,1.7933052e-08
38,106,11.0,1.4346128e-08
38,106,12.0,2.3036812e-09
38,106,13.0,1.1219573e-09
38,106,14.0,3.3281148e-07
38,107,0.0,1.5605684e-07
38,107,1.0,2.9533373e-07
38,107,2.0,1.9831805e-07
38,107,3.0,1.5779069e-08
38,107,4.0,4.318236e-08
38,107,5.0,1.4355615e-07
38,107,6.0,2.2721862e-08
38,107,7.0,7.302817e-10
38,107,8.0,4.8452954e-08
38,107,9.0,1.4769391e-06
38,107,10.0,6.3262496e-07
38,107,11.0,7.7643136e-08
38,107,12.0,2.5297098e-08
38,107,13.0,1.9884459e-09
38,107,14.0,1.6885528e-07
39,86,0.0,6.152086e-08
39,86,1.0,4.9910344e-08
39,86,2.0,1.063903e-07
39,86,3.0,3.4360042e-08
39,86,4.0,2.5424433e-07
39,86,5.0,6.075772e-07
39,86,6.0,2.3850583e-07
39,86,7.0,3.0183722e-07
39,86,8.0,3.498869e-07
39,86,9.0,4.620196e-08
39,86,10.0,5.2215224e-08
39,86,11.0,1.595586e-07
39,86,12.0,3.229491e-08
39,86,13.0,0.0
39,86,14.0,0.0
39,87,0.0,6.1549036e-07
39,87,1.0,3.0939127e-08
39,87,2.0,7.387231e-09
39,87,3.0,3.9221477e-13
39,87,4.0,9.602339e-09
39,87,5.0,3.9869138e-07
39,87,6.0,4.963229e-07
39,87,7.0,2.6042932e-07
39,87,8.0,1.9801297e-07
39,87,9.0,3.7317884e-07
39,87,10.0,2.8870565e-07
39,87,11.0,1.2337858e-07
39,87,12.0,8.8933994e-08
39,87,13.0,1.0427028e-08
39,87,14.0,2.6196382e-08
39,88,0.0,6.0407885e-08
39,88,1.0,1.8026666e-08
39,88,2.0,8.4389224e-09
39,88,3.0,8.159909e-09
39,88,4.0,3.466036e-10
39,88,5.0,0.0
39,88,6.0,4.5384056e-08
39,88,7.0,6.74176e-07
39,88,8.0,7.095016e-07
39,88,9.0,1.6178415e-06
39,88,10.0,8.633445e-07
39,88,11.0,1.05618234e-07
39,88,12.0,2.483919e-08
39,88,13.0,3.3836698e-09
39,88,14.0,6.9762e-08
39,89,0.0,2.3473162e-07
39,89,1.0,1.2821544e-08
39,89,2.0,8.444505e-08
39,89,3.0,5.2703365e-07
39,89,4.0,5.622061e-07
39,89,5.0,2.1732654e-07
39,89,6.0,2.0351527e-08
39,89,7.0,3.0240727e-08
39,89,8.0,5.6570957e-07
39,89,9.0,2.9114443e-07
39,89,10.0,4.9391526e-11
39,89,11.0,0.0
39,89,12.0,6.6206574e-10
39,89,13.0,1.69931e-06
39,89,14.0,6.7762176e-06
39,90,0.0,9.398897e-05
39,90,1.0,9.4639356e-05
39,90,2.0,0.00010734608
39,90,3.0,9.854697e-05
39,90,4.0,8.0595535e-05
39,90,5.0,6.37878e-05
39,90,6.0,5.6316727e-05
39,90,7.0,7.076522e-05
39,90,8.0,0.00010094627
39,90,9.0,0.00015069486
39,90,10.0,0.00016003467
39,90,11.0,0.0001471673
39,90,12.0,0.00015995876
39,90,13.0,0.00019225784
39,90,14.0,0.0002702393
39,91,0.0,0.00079828885
39,91,1.0,0.0006562662
39,91,2.0,0.00062865467
39,91,3.0,0.00067637063
39,91,4.0,0.0006834022
39,91,5.0,0.0006283415
39,91,6.0,0.0005995048
39,91,7.0,0.00072663825
39,91,8.0,0.0012271963
39,91,9.0,0.0013619121
39,91,10.0,0.001371636
39,91,11.0,0.001413468
39,91,12.0,0.001396028
39,91,13.0,0.001607809
39,91,14.0,0.002030469
39,92,0.0,0.0068144742
39,92,1.0,0.0062865526
39,92,2.0,0.005882379
39,92,3.0,0.005712632
39,92,4.0,0.0054855593
39,92,5.0,0.005108422
39,92,6.0,0.0050536324
39,92,7.0,0.00641407
39,92,8.0,0.008268322
39,92,9.0,0.00959974
39,92,10.0,0.00843672
39,92,11.0,0.0079018865
39,92,12.0,0.008680972
39,92,13.0,0.010131523
39,92,14.0,0.011353174
39,93,0.0,0.03541966
39,93,1.0,0.03285007
39,93,2.0,0.03081227
39,93,3.0,0.029964002
39,93,4.0,0.028987303
39,93,5.0,0.028100036
39,93,6.0,0.02945411
39,93,7.0,0.035015926
39,93,8.0,0.040728986
39,93,9.0,0.042331092
39,93,10.0,0.03937044
39,93,11.0,0.039191145
39,93,12.0,0.04147222
39,93,13.0,0.044395376
39,93,14.0,0.048073076
39,94,0.0,0.10720673
39,94,1.0,0.106105655
39,94,2.0,0.10459547
39,94,3.0,0.10333967
39,94,4.0,0.10094351
39,94,5.0,0.099391595
39,94,6.0,0.1043757
39,94,7.0,0.114360504
39,94,8.0,0.12523781
39,94,9.0,0.12738004
39,94,10.0,0.12275816
39,94,11.0,0.118924126
39,94,12.0,0.12059537
39,94,13.0,0.12836732
39,94,14.0,0.14135253
39,95,0.0,0.25559923
39,95,1.0,0.2717322
39,95,2.0,0.26545247
39,95,3.0,0.26255897
39,95,4.0,0.26237935
39,95,5.0,0.26346177
39,95,6.0,0.26975504
39,95,7.0,0.27968735
39,95,8.0,0.28771347
39,95,9.0,0.29065537
39,95,10.0,0.28243265
39,95,11.0,0.27618775
39,95,12.0,0.2805544
39,95,13.0,0.29290965
39,95,14.0,0.29619697
39,96,0.0,0.37953433
39,96,1.0,0.40548992
39,96,2.0,0.41615105
39,96,3.0,0.41456148
39,96,4.0,0.4088159
39,96,5.0,0.40000787
39,96,6.0,0.4001994
39,96,7.0,0.40782547
39,96,8.0,0.39634788
39,96,9.0,0.40411007
39,96,10.0,0.39821473
39,96,11.0,0.3940921
39,96,12.0,0.39783606
39,96,13.0,0.39457053
39,96,14.0,0.38832805
39,97,0.0,0.4471026
39,97,1.0,0.46133718
39,97,2.0,0.48764193
39,97,3.0,0.48975772
39,97,4.0,0.48893675
39,97,5.0,0.48738945
39,97,6.0,0.48750624
39,97,7.0,0.45701426
39,97,8.0,0.44598168
39,97,9.0,0.4612578
39,97,10.0,0.46234685
39,97,11.0,0.45716742
39,97,12.0,0.43932408
39,97,13.0,0.41293833
39,97,14.0,0.3945578
39,98,0.0,0.34219545
39,98,1.0,0.36182588
39,98,2.0,0.40223274
39,98,3.0,0.41087952
39,98,4.0,0.40610194
39,98,5.0,0.40289512
39,98,6.0,0.38900277
39,98,7.0,0.35279486
39,98,8.0,0.34342778
39,98,9.0,0.34150675
39,98,10.0,0.35081956
39,98,11.0,0.3400899
39,98,12.0,0.32447425
39,98,13.0,0.3088179
39,98,14.0,0.29422382
39,99,0.0,0.23699671
39,99,1.0,0.2473906
39,99,2.0,0.2658926
39,99,3.0,0.26896328
39,99,4.0,0.27208713
39,99,5.0,0.26097354
39,99,6.0,0.2565007
39,99,7.0,0.22598344
39,99,8.0,0.21990728
39,99,9.0,0.21909995
39,99,10.0,0.22308743
39,99,11.0,0.22345218
39,99,12.0,0.21438773
39,99,13.0,0.2028023
39,99,14.0,0.18230635
39,100,0.0,0.09751468
39,100,1.0,0.10235232
39,100,2.0,0.1148753
39,100,3.0,0.11523013
39,100,4.0,0.11638813
39,100,5.0,0.11234796
39,100,6.0,0.10519658
39,100,7.0,0.10088967
39,100,8.0,0.0899438
39,100,9.0,0.09494217
39,100,10.0,0.09768677
39,100,11.0,0.09651709
39,100,12.0,0.091263235
39,100,13.0,0.082977965
39,100,14.0,0.072417066
39,101,0.0,0.028041506
39,101,1.0,0.03214682
39,101,2.0,0.03490251
39,101,3.0,0.034566082
39,101,4.0,0.03308306
39,101,5.0,0.031268068
39,101,6.0,0.029977772
39,101,7.0,0.029225657
39,101,8.0,0.02928919
39,101,9.0,0.029201003
39,101,10.0,0.027910415
39,101,11.0,0.026641794
39,101,12.0,0.026059872
39,101,13.0,0.024949407
39,101,14.0,0.022738108
39,102,0.0,0.004959741
39,102,1.0,0.0060448423
39,102,2.0,0.0069801095
39,102,3.0,0.007099583
39,102,4.0,0.006970049
39,102,5.0,0.0065628504
39,102,6.0,0.006549823
39,102,7.0,0.0063298484
39,102,8.0,0.0059593194
39,102,9.0,0.005764809
39,102,10.0,0.0061110808
39,102,11.0,0.006147034
39,102,12.0,0.006249488
39,102,13.0,0.0065470473
39,102,14.0,0.006330858
39,103,0.0,0.0006918862
39,103,1.0,0.0007963892
39,103,2.0,0.00085791363
39,103,3.0,0.00075859355
39,103,4.0,0.00080322655
39,103,5.0,0.00088063424
39,103,6.0,0.0008463811
39,103,7.0,0.0008520559
39,103,8.0,0.0008264852
39,103,9.0,0.00084110996
39,103,10.0,0.00094435614
39,103,11.0,0.001000488
39,103,12.0,0.0010456408
39,103,13.0,0.0011409768
39,103,14.0,0.001223107
39,104,0.0,3.1298856e-05
39,104,1.0,6.505391e-05
39,104,2.0,5.5461114e-05
39,104,3.0,0.00010569549
39,104,4.0,0.00011591352
39,104,5.0,0.00012223404
39,104,6.0,0.000103092425
39,104,7.0,0.00010396605
39,104,8.0,0.00010186789
39,104,9.0,0.00012515661
39,104,10.0,0.00011727235
39,104,11.0,0.00011353694
39,104,12.0,0.0001047474
39,104,13.0,0.00010606998
39,104,14.0,0.00013531158
39,105,0.0,0.0
39,105,1.0,2.6242262e-07
39,105,2.0,2.8314048e-07
39,105,3.0,7.8657575e-07
39,105,4.0,9.241525e-07
39,105,5.0,4.33808e-06
39,105,6.0,1.5339689e-05
39,105,7.0,2.746949e-05
39,105,8.0,2.1355134e-05
39,105,9.0,2.3535156e-05
39,105,10.0,2.6618458e-05
39,105,11.0,3.376141e-05
39,105,12.0,4.3834825e-05
39,105,13.0,4.4425477e-05
39,105,14.0,3.0097508e-05
39,106,0.0,4.4396365e-06
39,106,1.0,8.35849e-07
39,106,2.0,0.0
39,106,3.0,2.3086924e-08
39,106,4.0,5.1351183e-08
39,106,5.0,3.4699086e-09
39,106,6.0,0.0
39,106,7.0,0.0
39,106,8.0,9.866032e-09
39,106,9.0,1.7954652e-07
39,106,10.0,1.0646202e-06
39,106,11.0,1.4711075e-06
39,106,12.0,5.14666e-07
39,106,13.0,3.6089045e-07
39,106,14.0,6.4996533e-07
39,107,0.0,1.34893e-07
39,107,1.0,4.9930145e-07
39,107,2.0,5.6244156e-09
39,107,3.0,3.055648e-07
39,107,4.0,7.109525e-08
39,107,5.0,0.0
39,107,6.0,2.872285e-10
39,107,7.0,2.20441e-08
39,107,8.0,8.126297e-09
39,107,9.0,1.4375584e-07
39,107,10.0,4.40772e-07
39,107,11.0,4.8831726e-07
39,107,12.0,2.3378011e-07
39,107,13.0,4.6609184e-08
39,107,14.0,2.452079e-07
39,108,0.0,3.692764e-07
39,108,1.0,4.1403084e-08
39,108,2.0,1.7001578e-07
39,108,3.0,1.351891e-07
39,108,4.0,6.1863257e-09
39,108,5.0,0.0
39,108,6.0,1.131316e-07
39,108,7.0,1.8812758e-06
39,108,8.0,1.8906139e-06
39,108,9.0,6.6842404e-07
39,108,10.0,2.9182752e-07
39,108,11.0,3.0166888e-08
39,108,12.0,1.1912061e-07
39,108,13.0,3.0104435e-08
39,108,14.0,1.9348627e-07
39,109,0.0,6.864833e-07
39,109,1.0,3.6866524e-07
39,109,2.0,3.1466791e-07
39,109,3.0,0.0
39,109,4.0,4.756327e-10
39,109,5.0,9.345328e-09
39,109,6.0,1.2119257e-07
39,109,7.0,2.2193682e-07
39,109,8.0,3.505129e-07
39,109,9.0,2.6437067e-06
39,109,10.0,8.168343e-07
39,109,11.0,4.7961965e-08
39,109,12.0,1.9029889e-09
39,109,13.0,0.0
39,109,14.0,6.0391676e-07
40,88,0.0,3.5444174e-08
40,88,1.0,6.457655e-07
40,88,2.0,4.224458e-07
40,88,3.0,3.3730234e-07
40,88,4.0,1.0418053e-07
40,88,5.0,2.1725997e-07
40,88,6.0,4.321512e-07
40,88,7.0,1.927804e-07
40,88,8.0,2.968678e-08
40,88,9.0,5.5767764e-09
40,88,10.0,5.8807483e-08
40,88,11.0,3.1776754e-08
40,88,12.0,9.6600196e-08
40,88,13.0,1.3739094e-07
40,88,14.0,1.9047421e-08
40,89,0.0,2.41566e-07
40,89,1.0,3.3915023e-07
40,89,2.0,8.701088e-07
40,89,3.0,3.8336012e-07
40,89,4.0,3.437526e-07
40,89,5.0,1.1533032e-06
40,89,6.0,1.6881523e-06
40,89,7.0,5.3898293e-07
40,89,8.0,3.9289798e-08
40,89,9.0,4.1063075e-08
40,89,10.0,1.6683371e-08
40,89,11.0,4.7430262e-07
40,89,12.0,9.620574e-07
40,89,13.0,4.604469e-07
40,89,14.0,2.552646e-07
40,90,0.0,7.559956e-08
40,90,1.0,9.4280274e-08
40,90,2.0,9.270503e-08
40,90,3.0,2.8450629e-08
40,90,4.0,1.1948883e-08
40,90,5.0,3.2911373e-08
40,90,6.0,3.7728003e-07
40,90,7.0,9.567591e-07
40,90,8.0,8.1120426e-08
40,90,9.0,5.6911556e-08
40,90,10.0,3.2702695e-07
40,90,11.0,2.1606299e-07
40,90,12.0,1.4400817e-07
40,90,13.0,1.800622e-07
40,90,14.0,3.1533955e-07
40,91,0.0,0.0
40,91,1.0,1.5056598e-08
40,91,2.0,1.2356491e-09
40,91,3.0,6.132183e-10
40,91,4.0,5.7304876e-09
40,91,5.0,2.2355813e-08
40,91,6.0,1.6898603e-07
40,91,7.0,4.7965585e-07
40,91,8.0,7.444371e-07
40,91,9.0,5.8082867e-07
40,91,10.0,5.217999e-07
40,91,11.0,1.2942772e-06
40,91,12.0,3.5343276e-06
40,91,13.0,2.6980554e-06
40,91,14.0,2.3043249e-06
40,92,0.0,8.132595e-05
40,92,1.0,4.1401614e-05
40,92,2.0,3.0984163e-05
40,92,3.0,2.972111e-05
40,92,4.0,3.4469813e-05
40,92,5.0,3.48322e-05
40,92,6.0,2.4647552e-05
40,92,7.0,3.2930442e-05
40,92,8.0,5.8283924e-05
40,92,9.0,8.812533e-05
40,92,10.0,8.972945e-05
40,92,11.0,8.4946165e-05
40,92,12.0,0.00010078173
40,92,13.0,0.00014287989
40,92,14.0,0.00019501777
40,93,0.0,0.0011566924
40,93,1.0,0.00083659764
40,93,2.0,0.0006558583
40,93,3.0,0.0005609879
40,93,4.0,0.0005681681
40,93,5.0,0.0006302072
40,93,6.0,0.0006106085
40,93,7.0,0.00063888595
40,93,8.0,0.0009028562
40,93,9.0,0.0009360912
40,93,10.0,0.00089903024
40,93,11.0,0.0009717363
40,93,12.0,0.0011249672
40,93,13.0,0.0014114537
40,93,14.0,0.0016333499
40,94,0.0,0.007940563
40,94,1.0,0.0065520518
40,94,2.0,0.00562117
40,94,3.0,0.005039076
40,94,4.0,0.0047404934
40,94,5.0,0.0046461504
40,94,6.0,0.0046906155
40,94,7.0,0.0055158604
40,94,8.0,0.006859177
40,94,9.0,0.008296396
40,94,10.0,0.0079451855
40,94,11.0,0.006750267
40,94,12.0,0.0070652477
40,94,13.0,0.009155768
40,94,14.0,0.011513659
40,95,0.0,0.035305396
40,95,1.0,0.0335583
40,95,2.0,0.029970447
40,95,3.0,0.026481286
40,95,4.0,0.02362497
40,95,5.0,0.022258515
40,95,6.0,0.023222862
40,95,7.0,0.025935741
40,95,8.0,0.032915954
40,95,9.0,0.035953425
40,95,10.0,0.035016254
40,95,11.0,0.03235544
40,95,12.0,0.033444926
40,95,13.0,0.03851418
40,95,14.0,0.044798266
40,96,0.0,0.12982659
40,96,1.0,0.118142225
40,96,2.0,0.110488504
40,96,3.0,0.106905386
40,96,4.0,0.10135799
40,96,5.0,0.097964115
40,96,6.0,0.1005811
40,96,7.0,0.110173315
40,96,8.0,0.12635955
40,96,9.0,0.13225971
40,96,10.0,0.12877901
40,96,11.0,0.12198595
40,96,12.0,0.12446498
40,96,13.0,0.13647322
40,96,14.0,0.14786743
40,97,0.0,0.29155973
40,97,1.0,0.28001094
40,97,2.0,0.25874978
40,97,3.0,0.24440055
40,97,4.0,0.23688243
40,97,5.0,0.22165763
40,97,6.0,0.22202753
40,97,7.0,0.24720311
40,97,8.0,0.26877365
40,97,9.0,0.27665153
40,97,10.0,0.26363543
40,97,11.0,0.2505616
40,97,12.0,0.25027904
40,97,13.0,0.2618495
40,97,14.0,0.27604344
40,98,0.0,0.50280166
40,98,1.0,0.509443
40,98,2.0,0.47012234
40,98,3.0,0.43533674
40,98,4.0,0.42011088
40,98,5.0,0.40089443
40,98,6.0,0.40672797
40,98,7.0,0.44011578
40,98,8.0,0.4657231
40,98,9.0,0.46142596
40,98,10.0,0.4409838
40,98,11.0,0.42558274
40,98,12.0,0.4248718
40,98,13.0,0.4319977
40,98,14.0,0.43051738
40,99,0.0,0.5980018
40,99,1.0,0.59504807
40,99,2.0,0.5719335
40,99,3.0,0.5315008
40,99,4.0,0.5154453
40,99,5.0,0.4904985
40,99,6.0,0.47484168
40,99,7.0,0.48656097
40,99,8.0,0.49699003
40,99,9.0,0.49519902
40,99,10.0,0.48234326
40,99,11.0,0.46936044
40,99,12.0,0.45764235
40,99,13.0,0.44810557
40,99,14.0,0.43911558
40,100,0.0,0.60707664
40,100,1.0,0.615917
40,100,2.0,0.5814601
40,100,3.0,0.53575915
40,100,4.0,0.50980836
40,100,5.0,0.48674032
40,100,6.0,0.46266896
40,100,7.0,0.4634785
40,100,8.0,0.48098162
40,100,9.0,0.47842884
40,100,10.0,0.46004277
40,100,11.0,0.43537423
40,100,12.0,0.41630006
40,100,13.0,0.40139627
40,100,14.0,0.38490003
40,101,0.0,0.3806556
40,101,1.0,0.36309725
40,101,2.0,0.35823485
40,101,3.0,0.34470293
40,101,4.0,0.32090303
40,101,5.0,0.2934098
40,101,6.0,0.27162313
40,101,7.0,0.26115865
40,101,8.0,0.2625781
40,101,9.0,0.2675049
40,101,10.0,0.2602507
40,101,11.0,0.24532652
40,101,12.0,0.23319817
40,101,13.0,0.22377934
40,101,14.0,0.21489859
40,102,0.0,0.16485547
40,102,1.0,0.16870208
40,102,2.0,0.15914963
40,102,3.0,0.15606534
40,102,4.0,0.15067625
40,102,5.0,0.14154516
40,102,6.0,0.13224179
40,102,7.0,0.124112055
40,102,8.0,0.12093946
40,102,9.0,0.12309739
40,102,10.0,0.12026408
40,102,11.0,0.11581295
40,102,12.0,0.10871543
40,102,13.0,0.10058171
40,102,14.0,0.09324595
40,103,0.0,0.046561334
40,103,1.0,0.047384262
40,103,2.0,0.044751342
40,103,3.0,0.045452055
40,103,4.0,0.04434851
40,103,5.0,0.04086009
40,103,6.0,0.03691042
40,103,7.0,0.034062233
40,103,8.0,0.03308046
40,103,9.0,0.03489973
40,103,10.0,0.03551696
40,103,11.0,0.03569396
40,103,12.0,0.03471915
40,103,13.0,0.03251518
40,103,14.0,0.02955288
40,104,0.0,0.008643302
40,104,1.0,0.009587022
40,104,2.0,0.009475656
40,104,3.0,0.009564143
40,104,4.0,0.009638018
40,104,5.0,0.009511573
40,104,6.0,0.008766977
40,104,7.0,0.008081005
40,104,8.0,0.00792503
40,104,9.0,0.007944285
40,104,10.0,0.009615823
40,104,11.0,0.010540279
40,104,12.0,0.009993188
40,104,13.0,0.009229591
40,104,14.0,0.008928622
40,105,0.0,0.0010518363
40,105,1.0,0.0012206603
40,105,2.0,0.0011985943
40,105,3.0,0.0013482489
40,105,4.0,0.0013977046
40,105,5.0,0.0014195956
40,105,6.0,0.0013488996
40,105,7.0,0.0011876927
40,105,8.0,0.0012410705
40,105,9.0,0.0014810332
40,105,10.0,0.0017867737
40,105,11.0,0.0022986925
40,105,12.0,0.0024232152
40,105,13.0,0.002357869
40,105,14.0,0.002334339
40,106,0.0,0.00020939701
40,106,1.0,0.00026764194
40,106,2.0,0.00019178227
40,106,3.0,0.00019130492
40,106,4.0,0.00017705037
40,106,5.0,0.0001916027
40,106,6.0,0.00024728943
40,106,7.0,0.00029753198
40,106,8.0,0.00029711015
40,106,9.0,0.00030441774
40,106,10.0,0.0004137804
40,106,11.0,0.00044021112
40,106,12.0,0.000423715
40,106,13.0,0.0004060546
40,106,14.0,0.00044283137
40,107,0.0,3.785764e-05
40,107,1.0,0.000109744215
40,107,2.0,8.418112e-05
40,107,3.0,5.094831e-05
40,107,4.0,2.3272645e-05
40,107,5.0,1.7389415e-05
40,107,6.0,1.4409883e-05
40,107,7.0,8.8272245e-06
40,107,8.0,1.41459395e-05
40,107,9.0,2.3259443e-05
40,107,10.0,2.5739046e-05
40,107,11.0,4.058143e-05
40,107,12.0,5.5942422e-05
40,107,13.0,6.806982e-05
40,107,14.0,7.1398485e-05
40,108,0.0,3.2307284e-08
40,108,1.0,6.535669e-06
40,108,2.0,3.214067e-05
40,108,3.0,1.9127208e-05
40,108,4.0,3.2328476e-06
40,108,5.0,4.4535477e-06
40,108,6.0,7.064522e-06
40,108,7.0,7.190345e-06
40,108,8.0,1.32799005e-05
40,108,9.0,2.0437541e-05
40,108,10.0,2.1123536e-05
40,108,11.0,1.32108225e-05
40,108,12.0,1.0481141e-05
40,108,13.0,7.85936e-06
40,108,14.0,4.529686e-06
40,109,0.0,2.1729953e-11
40,109,1.0,1.3967963e-06
40,109,2.0,6.988698e-07
40,109,3.0,2.3751743e-06
40,109,4.0,2.0801156e-07
40,109,5.0,1.5915494e-07
40,109,6.0,3.904088e-07
40,109,7.0,2.3063477e-07
40,109,8.0,3.8211553e-07
40,109,9.0,2.6883603e-07
40,109,10.0,3.6529195e-07
40,109,11.0,2.2896144e-07
40,109,12.0,1.05194815e-07
40,109,13.0,3.9158206e-08
40,109,14.0,1.1864632e-08
40,110,0.0,2.303583e-08
40,110,1.0,1.9043338e-08
40,110,2.0,1.2749877e-07
40,110,3.0,1.339629e-08
40,110,4.0,4.8576356e-07
40,110,5.0,7.693643e-07
40,110,6.0,2.1314769e-07
40,110,7.0,3.3838692e-09
40,110,8.0,7.894007e-10
40,110,9.0,7.197562e-11
40,110,10.0,1.1201515e-07
40,110,11.0,9.589208e-08
40,110,12.0,3.044966e-08
40,110,13.0,2.731884e-08
40,110,14.0,2.7107274e-07
40,111,0.0,6.0348816e-07
40,111,1.0,3.0288454e-08
40,111,2.0,6.661783e-07
40,111,3.0,3.7467142e-08
40,111,4.0,3.958177e-07
40,111,5.0,2.620251e-06
40,111,6.0,9.527804e-07
40,111,7.0,1.133098e-07
40,111,8.0,1.0719991e-07
40,111,9.0,1.6353935e-08
40,111,10.0,3.4143866e-08
40,111,11.0,5.7642224e-09
40,111,12.0,0.0
40,111,13.0,2.973222e-09
40,111,14.0,1.8404657e-07
40,112,0.0,2.681953e-07
40,112,1.0,5.3662315e-08
40,112,2.0,4.944926e-08
40,112,3.0,0.0
40,112,4.0,2.7266458e-07
40,112,5.0,2.9671069e-06
40,112,6.0,9.195721e-07
40,112,7.0,1.9297167e-07
40,112,8.0,4.0009635e-07
40,112,9.0,1.39689e-07
40,112,10.0,7.3420836e-08
40,112,11.0,1.1975358e-07
40,112,12.0,1.15115064e-07
40,112,13.0,4.358102e-07
40,112,14.0,5.495673e-07
41,90,0.0,0.0
41,90,1.0,2.4336869e-08
41,90,2.0,6.169342e-07
41,90,3.0,4.3466315e-07
41,90,4.0,4.7114426e-07
41,90,5.0,3.8543018e-07
41,90,6.0,2.60701e-07
41,90,7.0,1.6423331e-07
41,90,8.0,2.348431e-08
41,90,9.0,3.1818553e-07
41,90,10.0,1.5223773e-07
41,90,11.0,6.0716627e-07
41,90,12.0,5.084e-07
41,90,13.0,2.7704704e-07
41,90,14.0,2.0965372e-07
41,91,0.0,3.7507725e-08
41,91,1.0,1.4701926e-07
41,91,2.0,2.3079696e-07
41,91,3.0,1.6513192e-07
41,91,4.0,2.4546165e-07
41,91,5.0,1.7927633e-07
41,91,6.0,7.875476e-08
41,91,7.0,2.0484606e-07
41,91,8.0,2.7000244e-08
41,91,9.0,3.498451e-10
41,91,10.0,3.9612047e-09
41,91,11.0,9.361532e-09
41,91,12.0,3.940694e-08
41,91,13.0,6.775713e-08
41,91,14.0,2.1344203e-08
41,92,0.0,1.0978237e-06
41,92,1.0,1.9007476e-07
41,92,2.0,6.50488e-08
41,92,3.0,2.4486735e-07
41,92,4.0,5.686161e-07
41,92,5.0,8.998556e-07
41,92,6.0,8.2631084e-07
41,92,7.0,5.686124e-07
41,92,8.0,1.5326414e-07
41,92,9.0,2.6680095e-07
41,92,10.0,1.3211104e-07
41,92,11.0,2.3377281e-07
41,92,12.0,3.6782808e-07
41,92,13.0,4.79478e-07
41,92,14.0,4.933373e-07
41,93,0.0,1.1475974e-07
41,93,1.0,3.333899e-07
41,93,2.0,1.4773411e-07
41,93,3.0,1.5198006e-07
41,93,4.0,3.538802e-07
41,93,5.0,6.5874093e-07
41,93,6.0,5.9872946e-07
41,93,7.0,6.0769156e-07
41,93,8.0,1.0097046e-07
41,93,9.0,2.1606398e-07
41,93,10.0,1.4773875e-07
41,93,11.0,2.8251193e-07
41,93,12.0,1.6962893e-07
41,93,13.0,8.230795e-08
41,93,14.0,1.297628e-07
41,94,0.0,5.983939e-06
41,94,1.0,4.175466e-06
41,94,2.0,6.197248e-06
41,94,3.0,1.0324717e-05
41,94,4.0,1.5920588e-05
41,94,5.0,1.7648554e-05
41,94,6.0,1.837306e-05
41,94,7.0,1.981513e-05
41,94,8.0,1.5489635e-05
41,94,9.0,1.7368277e-05
41,94,10.0,1.4417444e-05
41,94,11.0,1.0216459e-05
41,94,12.0,7.2607627e-06
41,94,13.0,1.2313322e-05
41,94,14.0,2.0218715e-05
41,95,0.0,7.741631e-05
41,95,1.0,9.34507e-05
41,95,2.0,0.00010790263
41,95,3.0,0.000118483746
41,95,4.0,0.000122626
41,95,5.0,0.00013888718
41,95,6.0,0.00015964381
41,95,7.0,0.00017349176
41,95,8.0,0.00019789947
41,95,9.0,0.00022879988
41,95,10.0,0.00025889263
41,95,11.0,0.00029084945
41,95,12.0,0.00033912915
41,95,13.0,0.00038038
41,95,14.0,0.00042184076
41,96,0.0,0.0010562281
41,96,1.0,0.0012390034
41,96,2.0,0.0013714533
41,96,3.0,0.0014816698
41,96,4.0,0.0015252581
41,96,5.0,0.0014904111
41,96,6.0,0.0014928993
41,96,7.0,0.0016024701
41,96,8.0,0.0019148678
41,96,9.0,0.0022596333
41,96,10.0,0.0023222973
41,96,11.0,0.0021631008
41,96,12.0,0.0023077938
41,96,13.0,0.0026679172
41,96,14.0,0.0030672173
41,97,0.0,0.007835044
41,97,1.0,0.009166756
41,97,2.0,0.009599457
41,97,3.0,0.009470526
41,97,4.0,0.009016573
41,97,5.0,0.00864232
41,97,6.0,0.008654637
41,97,7.0,0.009471709
41,97,8.0,0.011246705
41,97,9.0,0.011884265
41,97,10.0,0.012514012
41,97,11.0,0.013296623
41,97,12.0,0.014594123
41,97,13.0,0.0164365
41,97,14.0,0.017401576
41,98,0.0,0.035374075
41,98,1.0,0.03895976
41,98,2.0,0.040151328
41,98,3.0,0.039678775
41,98,4.0,0.038246617
41,98,5.0,0.036591947
41,98,6.0,0.03766283
41,98,7.0,0.04036788
41,98,8.0,0.04518709
41,98,9.0,0.047859475
41,98,10.0,0.05006507
41,98,11.0,0.050745107
41,98,12.0,0.051140975
41,98,13.0,0.05443635
41,98,14.0,0.05760559
41,99,0.0,0.10967212
41,99,1.0,0.12089665
41,99,2.0,0.12458955
41,99,3.0,0.12525786
41,99,4.0,0.121928394
41,99,5.0,0.11557389
41,99,6.0,0.116768286
41,99,7.0,0.12074121
41,99,8.0,0.13214633
41,99,9.0,0.14156625
41,99,10.0,0.14490113
41,99,11.0,0.14350823
41,99,12.0,0.14340983
41,99,13.0,0.14688495
41,99,14.0,0.15094954
41,100,0.0,0.21660386
41,100,1.0,0.24033168
41,100,2.0,0.26005754
41,100,3.0,0.2614155
41,100,4.0,0.25845894
41,100,5.0,0.24597803
41,100,6.0,0.23258464
41,100,7.0,0.2352649
41,100,8.0,0.2532642
41,100,9.0,0.2666922
41,100,10.0,0.27136847
41,100,11.0,0.26272503
41,100,12.0,0.25517777
41,100,13.0,0.25181836
41,100,14.0,0.25074878
41,101,0.0,0.34979895
41,101,1.0,0.39157495
41,101,2.0,0.4119069
41,101,3.0,0.40959218
41,101,4.0,0.40194997
41,101,5.0,0.38146576
41,101,6.0,0.3595199
41,101,7.0,0.3508263
41,101,8.0,0.3637654
41,101,9.0,0.37444246
41,101,10.0,0.37175083
41,101,11.0,0.36184058
41,101,12.0,0.34842625
41,101,13.0,0.33409047
41,101,14.0,0.32285258
41,102,0.0,0.3330077
41,102,1.0,0.37152976
41,102,2.0,0.39950913
41,102,3.0,0.3956882
41,102,4.0,0.3848642
41,102,5.0,0.3785988
41,102,6.0,0.35691452
41,102,7.0,0.3261443
41,102,8.0,0.3176659
41,102,9.0,0.32677376
41,102,10.0,0.32715625
41,102,11.0,0.3207894
41,102,12.0,0.30923566
41,102,13.0,0.29553905
41,102,14.0,0.2799837
41,103,0.0,0.2275014
41,103,1.0,0.25894746
41,103,2.0,0.2844159
41,103,3.0,0.2925734
41,103,4.0,0.28371
41,103,5.0,0.28114852
41,103,6.0,0.26664314
41,103,7.0,0.22938786
41,103,8.0,0.21764903
41,103,9.0,0.22267932
41,103,10.0,0.22742765
41,103,11.0,0.22797465
41,103,12.0,0.22028661
41,103,13.0,0.20681228
41,103,14.0,0.1965413
41,104,0.0,0.095230944
41,104,1.0,0.10629021
41,104,2.0,0.12204227
41,104,3.0,0.13071306
41,104,4.0,0.1308276
41,104,5.0,0.12953316
41,104,6.0,0.12552677
41,104,7.0,0.114071295
41,104,8.0,0.10065819
41,104,9.0,0.10272054
41,104,10.0,0.10878523
41,104,11.0,0.11063648
41,104,12.0,0.10785947
41,104,13.0,0.10254411
41,104,14.0,0.0974222
41,105,0.0,0.031054856
41,105,1.0,0.036818042
41,105,2.0,0.043905932
41,105,3.0,0.045562565
41,105,4.0,0.050377045
41,105,5.0,0.053329315
41,105,6.0,0.052374396
41,105,7.0,0.04729674
41,105,8.0,0.04319441
41,105,9.0,0.04497677
41,105,10.0,0.051990196
41,105,11.0,0.0543822
41,105,12.0,0.052099198
41,105,13.0,0.047901697
41,105,14.0,0.045472577
41,106,0.0,0.00784284
41,106,1.0,0.0106764
41,106,2.0,0.012261141
41,106,3.0,0.013659547
41,106,4.0,0.014862446
41,106,5.0,0.016063202
41,106,6.0,0.016579319
41,106,7.0,0.015679294
41,106,8.0,0.014209223
41,106,9.0,0.015264927
41,106,10.0,0.01763016
41,106,11.0,0.020482536
41,106,12.0,0.020019928
41,106,13.0,0.019153237
41,106,14.0,0.018454932
41,107,0.0,0.0022915876
41,107,1.0,0.0031447962
41,107,2.0,0.0038766935
41,107,3.0,0.0046324674
41,107,4.0,0.005141965
41,107,5.0,0.0051229363
41,107,6.0,0.005277321
41,107,7.0,0.0050649084
41,107,8.0,0.0045883106
41,107,9.0,0.00459536
41,107,10.0,0.005989575
41,107,11.0,0.0064220447
41,107,12.0,0.0071287802
41,107,13.0,0.0069074323
41,107,14.0,0.006101819
41,108,0.0,0.0005179528
41,108,1.0,0.0007894517
41,108,2.0,0.0010009117
41,108,3.0,0.0010755353
41,108,4.0,0.0012069646
41,108,5.0,0.0011896634
41,108,6.0,0.0012429171
41,108,7.0,0.0011859502
41,108,8.0,0.0010868877
41,108,9.0,0.0012165838
41,108,10.0,0.0014432749
41,108,11.0,0.001650605
41,108,12.0,0.0018326978
41,108,13.0,0.0016730139
41,108,14.0,0.001427449
41,109,0.0,9.701219e-05
41,109,1.0,0.00029717167
41,109,2.0,0.00040088783
41,109,3.0,0.00036097196
41,109,4.0,0.000445333
41,109,5.0,0.0004648783
41,109,6.0,0.0004363498
41,109,7.0,0.00038752277
41,109,8.0,0.00036002704
41,109,9.0,0.00036039657
41,109,10.0,0.0003447938
41,109,11.0,0.00039464489
41,109,12.0,0.0003875887
41,109,13.0,0.00038899557
41,109,14.0,0.00036285378
41,110,0.0,1.9757024e-05
41,110,1.0,5.045062e-05
41,110,2.0,7.6866854e-05
41,110,3.0,0.00011034272
41,110,4.0,0.00012709452
41,110,5.0,0.0001660694
41,110,6.0,0.00016273471
41,110,7.0,0.00012777948
41,110,8.0,9.282928e-05
41,110,9.0,8.457922e-05
41,110,10.0,0.00011408174
41,110,11.0,8.998614e-05
41,110,12.0,7.934207e-05
41,110,13.0,8.614078e-05
41,110,14.0,9.3392024e-05
41,111,0.0,7.2812743e-09
41,111,1.0,1.6324292e-06
41,111,2.0,1.9856575e-06
41,111,3.0,5.626612e-06
41,111,4.0,1.6840931e-05
41,111,5.0,1.6780445e-05
41,111,6.0,1.5272533e-05
41,111,7.0,1.1634274e-05
41,111,8.0,3.229941e-06
41,111,9.0,1.0746883e-06
41,111,10.0,5.696435e-07
41,111,11.0,1.3191341e-07
41,111,12.0,2.7372046e-08
41,111,13.0,2.395259e-07
41,111,14.0,1.964934e-06
41,112,0.0,6.816538e-09
41,112,1.0,2.056503e-07
41,112,2.0,4.416616e-07
41,112,3.0,1.3659661e-07
41,112,4.0,5.660205e-07
41,112,5.0,6.505711e-07
41,112,6.0,1.1908104e-06
41,112,7.0,6.190569e-07
41,112,8.0,1.06367814e-07
41,112,9.0,3.2870287e-07
41,112,10.0,1.453282e-06
41,112,11.0,5.55183e-07
41,112,12.0,1.0018818e-07
41,112,13.0,1.15992286e-07
41,112,14.0,1.0808247e-06
41,113,0.0,9.1805026e-07
41,113,1.0,3.2088172e-07
41,113,2.0,7.1782598e-09
41,113,3.0,2.1014529e-07
41,113,4.0,2.4459578e-07
41,113,5.0,5.5457296e-08
41,113,6.0,1.6702747e-07
41,113,7.0,3.380023e-07
41,113,8.0,1.08572074e-07
41,113,9.0,2.9304712e-07
41,113,10.0,4.3776546e-07
41,113,11.0,3.828057e-07
41,113,12.0,1.15463195e-07
41,113,13.0,8.594035e-08
41,113,14.0,4.2244122e-07
41,114,0.0,1.1810635e-07
41,114,1.0,0.0
41,114,2.0,2.0756337e-09
41,114,3.0,0.0
41,114,4.0,0.0
41,114,5.0,0.0
41,114,6.0,1.1112807e-07
41,114,7.0,1.9257365e-07
41,114,8.0,1.7545993e-07
41,114,9.0,1.8000416e-07
41,114,10.0,1.391856e-07
41,114,11.0,1.250551e-07
41,114,12.0,1.036681e-07
41,114,13.0,1.9605878e-07
41,114,14.0,7.8060424e-07
41,115,0.0,8.4783046e-08
41,115,1.0,1.9887104e-06
41,115,2.0,2.6833686e-06
41,115,3.0,1.1698539e-06
41,115,4.0,5.5600054e-07
41,115,5.0,6.449146e-08
41,115,6.0,3.814611e-09
41,115,7.0,5.600045e-10
41,115,8.0,2.7560876e-08
41,115,9.0,9.305728e-08
41,115,10.0,6.5492145e-07
41,115,11.0,3.9068368e-07
41,115,12.0,2.1517326e-07
41,115,13.0,6.1217685e-07
41,115,14.0,1.1303748e-06
42,92,0.0,1.6307804e-07
42,92,1.0,5.405284e-07
42,92,2.0,2.2834932e-07
42,92,3.0,2.1366422e-07
42,92,4.0,1.1371111e-07
42,92,5.0,4.2393882e-08
42,92,6.0,3.3696392e-07
42,92,7.0,2.579024e-07
42,92,8.0,3.5208362e-08
42,92,9.0,4.4603656e-08
42,92,10.0,2.0264876e-07
42,92,11.0,5.079978e-07
42,92,12.0,2.9283598e-07
42,92,13.0,4.1043435e-07
42,92,14.0,8.0379834e-07
42,93,0.0,1.434613e-07
42,93,1.0,3.714488e-07
42,93,2.0,3.2570432e-10
42,93,3.0,8.3752113e-13
42,93,4.0,2.2986204e-07
42,93,5.0,3.0944219e-07
42,93,6.0,1.6682247e-08
42,93,7.0,5.870665e-09
42,93,8.0,1.8512695e-07
42,93,9.0,5.4286597e-09
42,93,10.0,2.2963818e-08
42,93,11.0,4.3050406e-08
42,93,12.0,9.441661e-08
42,93,13.0,2.191669e-07
42,93,14.0,8.2017056e-07
42,94,0.0,2.33286e-08
42,94,1.0,2.1904003e-07
42,94,2.0,0.0
42,94,3.0,2.705955e-11
42,94,4.0,6.012599e-08
42,94,5.0,9.184863e-08
42,94,6.0,2.1130332e-07
42,94,7.0,6.294947e-08
42,94,8.0,2.653061e-07
42,94,9.0,1.9557963e-07
42,94,10.0,2.9296388e-07
42,94,11.0,2.575394e-07
42,94,12.0,1.0796811e-07
42,94,13.0,3.5713256e-07
42,94,14.0,5.124295e-07
42,95,0.0,1.1656587e-08
42,95,1.0,2.0438777e-12
42,95,2.0,1.121277e-09
42,95,3.0,2.2174548e-07
42,95,4.0,1.6417813e-08
42,95,5.0,1.2598161e-11
42,95,6.0,5.854907e-09
42,95,7.0,0.0
42,95,8.0,6.298837e-10
42,95,9.0,0.0
42,95,10.0,0.0
42,95,11.0,0.0
42,95,12.0,0.0
42,95,13.0,0.0
42,95,14.0,0.0
42,96,0.0,2.5512975e-06
42,96,1.0,1.3079799e-06
42,96,2.0,3.3174256e-08
42,96,3.0,5.981359e-08
42,96,4.0,2.5433344e-09
42,96,5.0,0.0
42,96,6.0,2.7318066e-08
42,96,7.0,9.731375e-07
42,96,8.0,2.530059e-06
42,96,9.0,3.8954186e-06
42,96,10.0,2.0766524e-06
42,96,11.0,1.0860052e-06
42,96,12.0,7.3389657e-07
42,96,13.0,2.3465877e-06
42,96,14.0,1.0042033e-05
42,97,0.0,0.00010824035
42,97,1.0,9.644772e-05
42,97,2.0,9.920228e-05
42,97,3.0,0.00011530432
42,97,4.0,0.00011771371
42,97,5.0,9.218413e-05
42,97,6.0,8.656892e-05
42,97,7.0,0.00013153614
42,97,8.0,0.00016020393
42,97,9.0,0.00017852854
42,97,10.0,0.00013171801
42,97,11.0,0.00011090485
42,97,12.0,0.00014724788
42,97,13.0,0.00019790472
42,97,14.0,0.00027680624
42,98,0.0,0.000951012
42,98,1.0,0.0011143255
42,98,2.0,0.0010143426
42,98,3.0,0.0009661155
42,98,4.0,0.0009017757
42,98,5.0,0.00087048375
42,98,6.0,0.0008545128
42,98,7.0,0.0010427983
42,98,8.0,0.00123725
42,98,9.0,0.0015109088
42,98,10.0,0.0015993506
42,98,11.0,0.0016353641
42,98,12.0,0.0017999504
42,98,13.0,0.0019156516
42,98,14.0,0.002225296
42,99,0.0,0.006534265
42,99,1.0,0.0073220306
42,99,2.0,0.0061500734
42,99,3.0,0.005458824
42,99,4.0,0.0049486356
42,99,5.0,0.0047660423
42,99,6.0,0.004879274
42,99,7.0,0.0055955322
42,99,8.0,0.0068226126
42,99,9.0,0.0076475483
42,99,10.0,0.007770667
42,99,11.0,0.008346907
42,99,12.0,0.008777532
42,99,13.0,0.009291372
42,99,14.0,0.010645251
42,100,0.0,0.029870179
42,100,1.0,0.03335996
42,100,2.0,0.03045543
42,100,3.0,0.027710982
42,100,4.0,0.026233971
42,100,5.0,0.024207372
42,100,6.0,0.025521906
42,100,7.0,0.028058266
42,100,8.0,0.032500118
42,100,9.0,0.035856497
42,100,10.0,0.035273857
42,100,11.0,0.033854757
42,100,12.0,0.034866024
42,100,13.0,0.037403367
42,100,14.0,0.04005588
42,101,0.0,0.07901051
42,101,1.0,0.083734475
42,101,2.0,0.080638885
42,101,3.0,0.075987875
42,101,4.0,0.073879756
42,101,5.0,0.06982595
42,101,6.0,0.06508323
42,101,7.0,0.06575701
42,101,8.0,0.07325264
42,101,9.0,0.08077832
42,101,10.0,0.08259817
42,101,11.0,0.081422545
42,101,12.0,0.081296735
42,101,13.0,0.082581356
42,101,14.0,0.085784376
42,102,0.0,0.1703606
42,102,1.0,0.1748589
42,102,2.0,0.16800535
42,102,3.0,0.16322036
42,102,4.0,0.16267006
42,102,5.0,0.16024098
42,102,6.0,0.15185143
42,102,7.0,0.14703605
42,102,8.0,0.1523495
42,102,9.0,0.16186275
42,102,10.0,0.16496417
42,102,11.0,0.16234204
42,102,12.0,0.15729773
42,102,13.0,0.1533253
42,102,14.0,0.14966685
42,103,0.0,0.19670323
42,103,1.0,0.21379691
42,103,2.0,0.21603651
42,103,3.0,0.20929144
42,103,4.0,0.20431389
42,103,5.0,0.20168856
42,103,6.0,0.19400775
42,103,7.0,0.18258853
42,103,8.0,0.17747475
42,103,9.0,0.18505266
42,103,10.0,0.18785393
42,103,11.0,0.1834119
42,103,12.0,0.17572138
42,103,13.0,0.1679891
42,103,14.0,0.1625913
42,104,0.0,0.18664837
42,104,1.0,0.19915196
42,104,2.0,0.20590416
42,104,3.0,0.2079726
42,104,4.0,0.20906663
42,104,5.0,0.20867248
42,104,6.0,0.20498471
42,104,7.0,0.18991317
42,104,8.0,0.17738687
42,104,9.0,0.18181677
42,104,10.0,0.18726838
42,104,11.0,0.19540255
42,104,12.0,0.19006893
42,104,13.0,0.17880549
42,104,14.0,0.1700875
42,105,0.0,0.0984246
42,105,1.0,0.11327212
42,105,2.0,0.12315594
42,105,3.0,0.13329831
42,105,4.0,0.13493876
42,105,5.0,0.13587558
42,105,6.0,0.13430998
42,105,7.0,0.123497605
42,105,8.0,0.11393975
42,105,9.0,0.11719968
42,105,10.0,0.12835595
42,105,11.0,0.13644008
42,105,12.0,0.1376759
42,105,13.0,0.13396417
42,105,14.0,0.12463276
42,106,0.0,0.04263571
42,106,1.0,0.054968152
42,106,2.0,0.06410144
42,106,3.0,0.071693905
42,106,4.0,0.07530948
42,106,5.0,0.08280624
42,106,6.0,0.08449566
42,106,7.0,0.08108936
42,106,8.0,0.07258284
42,106,9.0,0.07778701
42,106,10.0,0.087822475
42,106,11.0,0.095427856
42,106,12.0,0.0974112
42,106,13.0,0.095768414
42,106,14.0,0.09116071
42,107,0.0,0.013785966
42,107,1.0,0.016034808
42,107,2.0,0.021821884
42,107,3.0,0.025616696
42,107,4.0,0.0320928
42,107,5.0,0.03566133
42,107,6.0,0.038797148
42,107,7.0,0.036682572
42,107,8.0,0.032762446
42,107,9.0,0.033511695
42,107,10.0,0.04144947
42,107,11.0,0.048145667
42,107,12.0,0.051093183
42,107,13.0,0.050820075
42,107,14.0,0.04714378
42,108,0.0,0.004513476
42,108,1.0,0.005623239
42,108,2.0,0.007826362
42,108,3.0,0.010826866
42,108,4.0,0.012651274
42,108,5.0,0.016525172
42,108,6.0,0.018363267
42,108,7.0,0.017356163
42,108,8.0,0.014408768
42,108,9.0,0.0149637535
42,108,10.0,0.019236786
42,108,11.0,0.024614077
42,108,12.0,0.026944004
42,108,13.0,0.027253577
42,108,14.0,0.025318949
42,109,0.0,0.0010918906
42,109,1.0,0.0013764711
42,109,2.0,0.0019557902
42,109,3.0,0.0026272058
42,109,4.0,0.0039765127
42,109,5.0,0.0054705464
42,109,6.0,0.0060337516
42,109,7.0,0.005453251
42,109,8.0,0.004475693
42,109,9.0,0.004316967
42,109,10.0,0.006620097
42,109,11.0,0.00871989
42,109,12.0,0.00906909
42,109,13.0,0.008593774
42,109,14.0,0.008100061
42,110,0.0,0.00032244087
42,110,1.0,0.00034874593
42,110,2.0,0.0005427416
42,110,3.0,0.0006242593
42,110,4.0,0.0011333432
42,110,5.0,0.0011820294
42,110,6.0,0.0016878414
42,110,7.0,0.001676603
42,110,8.0,0.0012331734
42,110,9.0,0.0013747946
42,110,10.0,0.0020133567
42,110,11.0,0.0028961466
42,110,12.0,0.0028439632
42,110,13.0,0.0024589251
42,110,14.0,0.0021357315
42,111,0.0,4.4131128e-05
42,111,1.0,8.801165e-05
42,111,2.0,0.00011743878
42,111,3.0,0.0001348944
42,111,4.0,0.0001466625
42,111,5.0,0.00029075265
42,111,6.0,0.00030164036
42,111,7.0,0.00030277227
42,111,8.0,0.00023875182
42,111,9.0,0.00021954074
42,111,10.0,0.00022951027
42,111,11.0,0.00053371966
42,111,12.0,0.00053796906
42,111,13.0,0.0004447245
42,111,14.0,0.0004202008
42,112,0.0,0.0
42,112,1.0,4.3830613e-07
42,112,2.0,8.380945e-06
42,112,3.0,1.7097014e-05
42,112,4.0,5.6776484e-05
42,112,5.0,8.5785105e-05
42,112,6.0,9.4494615e-05
42,112,7.0,6.105572e-05
42,112,8.0,3.134703e-05
42,112,9.0,2.380701e-05
42,112,10.0,4.9022707e-05
42,112,11.0,7.590757e-05
42,112,12.0,6.547669e-05
42,112,13.0,6.294737e-05
42,112,14.0,6.861158e-05
42,113,0.0,0.0
42,113,1.0,0.0
42,113,2.0,9.048161e-10
42,113,3.0,6.759561e-08
42,113,4.0,1.3403533e-06
42,113,5.0,7.3165115e-06
42,113,6.0,1.16832125e-05
42,113,7.0,4.6879786e-06
42,113,8.0,4.4421876e-07
42,113,9.0,4.568231e-08
42,113,10.0,4.848191e-09
42,113,11.0,2.2193782e-07
42,113,12.0,4.715443e-06
42,113,13.0,1.28401725e-05
42,113,14.0,2.4233635e-05
42,114,0.0,2.3356348e-09
42,114,1.0,4.0672496e-10
42,114,2.0,0.0
42,114,3.0,2.2253221e-09
42,114,4.0,1.04053036e-07
42,114,5.0,7.733053e-08
42,114,6.0,1.161205e-07
42,114,7.0,6.93178e-07
42,114,8.0,9.889626e-07
42,114,9.0,6.0653485e-07
42,114,10.0,2.6102995e-07
42,114,11.0,2.7104636e-07
42,114,12.0,1.9740094e-07
42,114,13.0,2.5120713e-08
42,114,14.0,1.2045796e-08
42,115,0.0,1.6092066e-07
42,115,1.0,9.201838e-07
42,115,2.0,4.697302e-09
42,115,3.0,0.0
42,115,4.0,1.5115347e-09
42,115,5.0,4.5774082e-09
42,115,6.0,1.1336297e-09
42,115,7.0,1.3180033e-09
42,115,8.0,5.316383e-08
42,115,9.0,1.6304672e-07
42,115,10.0,1.5326731e-07
42,115,11.0,1.04494454e-07
42,115,12.0,3.291777e-07
42,115,13.0,6.5277436e-07
42,115,14.0,7.100785e-07
42,116,0.0,3.393987e-08
42,116,1.0,4.1012498e-07
42,116,2.0,1.32365e-07
42,116,3.0,1.06070335e-08
42,116,4.0,7.680781e-08
42,116,5.0,4.887277e-07
42,116,6.0,3.1722018e-07
42,116,7.0,2.3513332e-08
42,116,8.0,1.6686757e-07
42,116,9.0,1.03008006e-07
42,116,10.0,4.395007e-08
42,116,11.0,3.3673054e-08
42,116,12.0,1.3155672e-07
42,116,13.0,4.7926864e-07
42,116,14.0,5.723375e-07
42,117,0.0,1.2663018e-07
42,117,1.0,7.619163e-07
42,117,2.0,1.8939079e-06
42,117,3.0,2.4566757e-06
42,117,4.0,4.821036e-07
42,117,5.0,1.8048107e-07
42,117,6.0,4.7325875e-07
42,117,7.0,3.9519736e-07
42,117,8.0,2.6914774e-08
42,117,9.0,1.4146476e-08
42,117,10.0,0.0
42,117,11.0,0.0
42,117,12.0,4.291664e-08
42,117,13.0,3.092297e-07
42,117,14.0,3.5307454e-07
43,95,0.0,3.7526444e-08
43,95,1.0,1.6112999e-07
43,95,2.0,3.2153523e-08
43,95,3.0,8.049048e-08
43,95,4.0,3.4416507e-07
43,95,5.0,1.21978525e-08
43,95,6.0,6.257317e-08
43,95,7.0,1.476885e-07
43,95,8.0,1.1484436e-06
43,95,9.0,1.550902e-06
43,95,10.0,7.300981e-07
43,95,11.0,4.7993232e-08
43,95,12.0,3.467436e-07
43,95,13.0,2.7266805e-07
43,95,14.0,4.7556287e-07
43,96,0.0,1.2304533e-07
43,96,1.0,3.4309568e-07
43,96,2.0,5.6056077e-08
43,96,3.0,1.7035314e-08
43,96,4.0,1.228253e-06
43,96,5.0,2.8722288e-06
43,96,6.0,1.0406836e-06
43,96,7.0,2.999135e-07
43,96,8.0,3.2966992e-07
43,96,9.0,5.8906875e-07
43,96,10.0,3.4609914e-07
43,96,11.0,3.912768e-09
43,96,12.0,1.1684207e-08
43,96,13.0,1.08281824e-07
43,96,14.0,1.5361936e-08
43,97,0.0,7.957119e-08
43,97,1.0,4.5832945e-07
43,97,2.0,1.1816363e-08
43,97,3.0,0.0
43,97,4.0,0.0
43,97,5.0,0.0
43,97,6.0,0.0
43,97,7.0,1.4461229e-08
43,97,8.0,2.3062857e-07
43,97,9.0,8.7757695e-07
43,97,10.0,1.3687969e-07
43,97,11.0,7.985666e-09
43,97,12.0,4.5308486e-09
43,97,13.0,2.3131145e-08
43,97,14.0,3.1192517e-08
43,98,0.0,9.0144044e-07
43,98,1.0,2.2073076e-08
43,98,2.0,0.0
43,98,3.0,0.0
43,98,4.0,1.5132574e-13
43,98,5.0,3.0242453e-10
43,98,6.0,1.182595e-07
43,98,7.0,5.3398765e-07
43,98,8.0,1.7367204e-06
43,98,9.0,2.0495975e-06
43,98,10.0,1.991553e-07
43,98,11.0,8.778751e-08
43,98,12.0,7.755934e-07
43,98,13.0,2.1542162e-06
43,98,14.0,2.6807936e-06
43,99,0.0,2.2272334e-06
43,99,1.0,3.7689686e-06
43,99,2.0,9.082107e-07
43,99,3.0,2.3912143e-08
43,99,4.0,4.663846e-09
43,99,5.0,2.7144116e-09
43,99,6.0,1.09408326e-07
43,99,7.0,1.2199215e-06
43,99,8.0,5.6525655e-06
43,99,9.0,5.502496e-06
43,99,10.0,2.962919e-06
43,99,11.0,8.172943e-06
43,99,12.0,1.9093526e-05
43,99,13.0,2.6089283e-05
43,99,14.0,3.1755782e-05
43,100,0.0,9.7553224e-05
43,100,1.0,0.00017511092
43,100,2.0,0.00015585644
43,100,3.0,0.0001243086
43,100,4.0,0.00010185604
43,100,5.0,0.00011286652
43,100,6.0,0.00013219775
43,100,7.0,0.00016239124
43,100,8.0,0.00020069188
43,100,9.0,0.0002673865
43,100,10.0,0.00028648032
43,100,11.0,0.0002513385
43,100,12.0,0.00029299717
43,100,13.0,0.00036030394
43,100,14.0,0.00043704064
43,101,0.0,0.00074840366
43,101,1.0,0.0013005852
43,101,2.0,0.001302288
43,101,3.0,0.001168409
43,101,4.0,0.001130016
43,101,5.0,0.0011023846
43,101,6.0,0.001177486
43,101,7.0,0.0012407684
43,101,8.0,0.0015249696
43,101,9.0,0.0018362318
43,101,10.0,0.0019187328
43,101,11.0,0.0018393851
43,101,12.0,0.001859374
43,101,13.0,0.0019675964
43,101,14.0,0.002216321
43,102,0.0,0.003151679
43,102,1.0,0.0049196756
43,102,2.0,0.005221356
43,102,3.0,0.0051700557
43,102,4.0,0.005002949
43,102,5.0,0.005185796
43,102,6.0,0.004923054
43,102,7.0,0.004967698
43,102,8.0,0.0054964717
43,102,9.0,0.0058994098
43,102,10.0,0.006265181
43,102,11.0,0.0066151093
43,102,12.0,0.0072057983
43,102,13.0,0.0074066077
43,102,14.0,0.007207663
43,103,0.0,0.009110417
43,103,1.0,0.013485051
43,103,2.0,0.015328165
43,103,3.0,0.015948845
43,103,4.0,0.017155176
43,103,5.0,0.017747736
43,103,6.0,0.017118953
43,103,7.0,0.016330086
43,103,8.0,0.015700426
43,103,9.0,0.017953984
43,103,10.0,0.019317107
43,103,11.0,0.020074314
43,103,12.0,0.019672137
43,103,13.0,0.020772377
43,103,14.0,0.019308766
43,104,0.0,0.017250836
43,104,1.0,0.023934433
43,104,2.0,0.027170407
43,104,3.0,0.03104212
43,104,4.0,0.031964183
43,104,5.0,0.03254771
43,104,6.0,0.030444691
43,104,7.0,0.028674833
43,104,8.0,0.026728962
43,104,9.0,0.029763294
43,104,10.0,0.032847058
43,104,11.0,0.034818668
43,104,12.0,0.035193525
43,104,13.0,0.03456115
43,104,14.0,0.03303286
43,105,0.0,0.022658333
43,105,1.0,0.026908435
43,105,2.0,0.035781775
43,105,3.0,0.042538706
43,105,4.0,0.046926916
43,105,5.0,0.049784478
43,105,6.0,0.04925024
43,105,7.0,0.044059288
43,105,8.0,0.040556334
43,105,9.0,0.044348545
43,105,10.0,0.052227758
43,105,11.0,0.058464274
43,105,12.0,0.05857658
43,105,13.0,0.05629761
43,105,14.0,0.051444992
43,106,0.0,0.0150640495
43,106,1.0,0.019778056
43,106,2.0,0.028429145
43,106,3.0,0.032695696
43,106,4.0,0.042216416
43,106,5.0,0.04910564
43,106,6.0,0.050771017
43,106,7.0,0.045152154
43,106,8.0,0.039352916
43,106,9.0,0.044312228
43,106,10.0,0.056473915
43,106,11.0,0.06722846
43,106,12.0,0.07207173
43,106,13.0,0.07160077
43,106,14.0,0.067502394
43,107,0.0,0.008225754
43,107,1.0,0.0125674475
43,107,2.0,0.019531373
43,107,3.0,0.02766171
43,107,4.0,0.036609422
43,107,5.0,0.044602208
43,107,6.0,0.052070394
43,107,7.0,0.049956463
43,107,8.0,0.04437263
43,107,9.0,0.049297534
43,107,10.0,0.06580537
43,107,11.0,0.07976808
43,107,12.0,0.08679544
43,107,13.0,0.08678098
43,107,14.0,0.08250795
43,108,0.0,0.003164382
43,108,1.0,0.007037181
43,108,2.0,0.011881231
43,108,3.0,0.01871338
43,108,4.0,0.02532404
43,108,5.0,0.03443911
43,108,6.0,0.04109612
43,108,7.0,0.041497406
43,108,8.0,0.037684165
43,108,9.0,0.041755646
43,108,10.0,0.058287524
43,108,11.0,0.07302652
43,108,12.0,0.08064441
43,108,13.0,0.08273311
43,108,14.0,0.080096655
43,109,0.0,0.001379342
43,109,1.0,0.002886824
43,109,2.0,0.0063580773
43,109,3.0,0.011084142
43,109,4.0,0.017161401
43,109,5.0,0.024857448
43,109,6.0,0.0305923
43,109,7.0,0.031931803
43,109,8.0,0.029063432
43,109,9.0,0.032031603
43,109,10.0,0.04488133
43,109,11.0,0.05449111
43,109,12.0,0.05951345
43,109,13.0,0.062292684
43,109,14.0,0.06089862
43,110,0.0,0.00055671454
43,110,1.0,0.0010731765
43,110,2.0,0.002818004
43,110,3.0,0.0060597146
43,110,4.0,0.0105633
43,110,5.0,0.014350075
43,110,6.0,0.017257337
43,110,7.0,0.017558713
43,110,8.0,0.015835885
43,110,9.0,0.017111838
43,110,10.0,0.024094172
43,110,11.0,0.03238674
43,110,12.0,0.036040723
43,110,13.0,0.036603402
43,110,14.0,0.036576796
43,111,0.0,0.00021203549
43,111,1.0,0.0004138159
43,111,2.0,0.0011475822
43,111,3.0,0.0024850143
43,111,4.0,0.0041359994
43,111,5.0,0.005756485
43,111,6.0,0.0074330345
43,111,7.0,0.0077890023
43,111,8.0,0.007207649
43,111,9.0,0.008147253
43,111,10.0,0.011871779
43,111,11.0,0.01523406
43,111,12.0,0.016226675
43,111,13.0,0.016523363
43,111,14.0,0.01719565
43,112,0.0,9.5133604e-05
43,112,1.0,0.00019290157
43,112,2.0,0.00044557953
43,112,3.0,0.00083580153
43,112,4.0,0.0013534046
43,112,5.0,0.0019716835
43,112,6.0,0.0024053706
43,112,7.0,0.0024146421
43,112,8.0,0.0019779895
43,112,9.0,0.0021433157
43,112,10.0,0.0035412586
43,112,11.0,0.004994181
43,112,12.0,0.0053939777
43,112,13.0,0.0052694296
43,112,14.0,0.005377031
43,113,0.0,1.5854148e-05
43,113,1.0,7.053851e-05
43,113,2.0,0.00020373083
43,113,3.0,0.00029857716
43,113,4.0,0.0003769503
43,113,5.0,0.0005054598
43,113,6.0,0.0005987919
43,113,7.0,0.00053736044
43,113,8.0,0.00043608656
43,113,9.0,0.0004967571
43,113,10.0,0.000924356
43,113,11.0,0.001347802
43,113,12.0,0.001565175
43,113,13.0,0.0014353722
43,113,14.0,0.0014389344
43,114,0.0,2.5090915e-07
43,114,1.0,2.2556093e-05
43,114,2.0,1.902002e-05
43,114,3.0,2.5928586e-05
43,114,4.0,7.291508e-05
43,114,5.0,9.493641e-05
43,114,6.0,9.287132e-05
43,114,7.0,7.868223e-05
43,114,8.0,5.2697498e-05
43,114,9.0,5.9543523e-05
43,114,10.0,0.00011572004
43,114,11.0,0.00022617543
43,114,12.0,0.00022345159
43,114,13.0,0.00020334925
43,114,14.0,0.00021193258
43,115,0.0,7.9515864e-08
43,115,1.0,1.17497706e-07
43,115,2.0,2.4397175e-06
43,115,3.0,9.699073e-06
43,115,4.0,7.027878e-07
43,115,5.0,2.8611833e-09
43,115,6.0,2.3319982e-08
43,115,7.0,1.2114112e-06
43,115,8.0,8.75315e-06
43,115,9.0,5.932513e-06
43,115,10.0,5.5791975e-06
43,115,11.0,3.0489762e-05
43,115,12.0,3.6091067e-05
43,115,13.0,2.8552293e-05
43,115,14.0,2.7972645e-05
43,116,0.0,2.8189568e-08
43,116,1.0,2.1067748e-11
43,116,2.0,2.6093603e-09
43,116,3.0,1.9365584e-11
43,116,4.0,5.0312074e-11
43,116,5.0,0.0
43,116,6.0,0.0
43,116,7.0,0.0
43,116,8.0,0.0
43,116,9.0,1.8058142e-10
43,116,10.0,0.0
43,116,11.0,0.0
43,116,12.0,0.0
43,116,13.0,1.1779216e-10
43,116,14.0,1.7297797e-10
43,117,0.0,1.883835e-12
43,117,1.0,1.4097057e-08
43,117,2.0,2.618734e-08
43,117,3.0,0.0
43,117,4.0,3.5742758e-08
43,117,5.0,2.808735e-07
43,117,6.0,4.7550046e-08
43,117,7.0,9.775866e-10
43,117,8.0,1.1061864e-07
43,117,9.0,2.4342586e-07
43,117,10.0,1.14944214e-07
43,117,11.0,7.042395e-08
43,117,12.0,1.3257605e-07
43,117,13.0,3.2012065e-07
43,117,14.0,3.2838048e-07
43,118,0.0,2.2972809e-07
43,118,1.0,2.0753082e-06
43,118,2.0,1.3301017e-06
43,118,3.0,4.841278e-07
43,118,4.0,6.812673e-08
43,118,5.0,0.0
43,118,6.0,0.0
43,118,7.0,5.742128e-08
43,118,8.0,5.9016333e-08
43,118,9.0,8.717304e-09
43,118,10.0,3.7112244e-09
43,118,11.0,1.4971056e-09
43,118,12.0,3.67415e-08
43,118,13.0,3.9201275e-08
43,118,14.0,4.485794e-08
43,119,0.0,2.8149796e-09
43,119,1.0,4.9582233e-08
43,119,2.0,9.841562e-08
43,119,3.0,1.4312249e-07
43,119,4.0,2.7546523e-07
43,119,5.0,1.8412328e-07
43,119,6.0,6.055456e-08
43,119,7.0,1.4877487e-07
43,119,8.0,3.1884417e-07
43,119,9.0,4.4262651e-07
43,119,10.0,4.2161366e-07
43,119,11.0,1.528962e-07
43,119,12.0,1.5870657e-07
43,119,13.0,2.2582996e-07
43,119,14.0,2.6638673e-07
43,120,0.0,3.700216e-07
43,120,1.0,8.7315294e-07
43,120,2.0,3.5120885e-07
43,120,3.0,1.3896629e-07
43,120,4.0,2.516889e-07
43,120,5.0,2.6544754e-07
43,120,6.0,1.9178184e-08
43,120,7.0,7.310227e-08
43,120,8.0,1.6088633e-07
43,120,9.0,1.3058326e-08
43,120,10.0,4.0097905e-07
43,120,11.0,9.463409e-08
43,120,12.0,1.6636426e-07
43,120,13.0,1.9232391e-07
43,120,14.0,2.768993e-07
44,98,0.0,1.4306244e-09
44,98,1.0,4.9589084e-09
44,98,2.0,1.1488905e-07
44,98,3.0,1.2581488e-08
44,98,4.0,1.3277574e-08
44,98,5.0,1.4239883e-07
44,98,6.0,4.0574247e-07
44,98,7.0,1.2810145e-06
44,98,8.0,1.4886128e-06
44,98,9.0,7.7418896e-08
44,98,10.0,6.121864e-09
44,98,11.0,7.200744e-08
44,98,12.0,1.544279e-07
44,98,13.0,5.282988e-08
44,98,14.0,1.1134237e-09
44,99,0.0,6.6866876e-09
44,99,1.0,9.19321e-08
44,99,2.0,1.9261408e-07
44,99,3.0,2.072928e-09
44,99,4.0,6.745843e-10
44,99,5.0,0.0
44,99,6.0,3.2643182e-08
44,99,7.0,2.5331235e-07
44,99,8.0,2.9528158e-07
44,99,9.0,5.5634157e-08
44,99,10.0,4.6562912e-10
44,99,11.0,2.8893638e-07
44,99,12.0,8.83931e-07
44,99,13.0,7.285941e-07
44,99,14.0,2.5582764e-07
44,100,0.0,5.551498e-08
44,100,1.0,1.2871967e-08
44,100,2.0,1.3063966e-12
44,100,3.0,0.0
44,100,4.0,0.0
44,100,5.0,1.0220521e-08
44,100,6.0,0.0
44,100,7.0,0.0
44,100,8.0,1.8549247e-07
44,100,9.0,1.3982547e-07
44,100,10.0,0.0
44,100,11.0,0.0
44,100,12.0,6.9442234e-12
44,100,13.0,1.0031893e-08
44,100,14.0,3.169354e-10
44,101,0.0,3.8476e-07
44,101,1.0,1.3348318e-07
44,101,2.0,4.6914406e-07
44,101,3.0,7.1429554e-07
44,101,4.0,1.04742824e-07
44,101,5.0,2.6688042e-07
44,101,6.0,8.31292e-07
44,101,7.0,2.923533e-06
44,101,8.0,1.1678511e-05
44,101,9.0,1.26651985e-05
44,101,10.0,7.95234e-06
44,101,11.0,1.3477355e-06
44,101,12.0,1.7008779e-07
44,101,13.0,7.7074594e-07
44,101,14.0,1.9568924e-06
44,102,0.0,2.0731017e-05
44,102,1.0,1.1361408e-05
44,102,2.0,7.8646435e-06
44,102,3.0,1.5838388e-05
44,102,4.0,4.003967e-05
44,102,5.0,5.449769e-05
44,102,6.0,4.342959e-05
44,102,7.0,4.298046e-05
44,102,8.0,4.5885077e-05
44,102,9.0,5.587013e-05
44,102,10.0,0.000113985356
44,102,11.0,6.908416e-05
44,102,12.0,2.2976606e-05
44,102,13.0,2.6756035e-05
44,102,14.0,5.0076207e-05
44,103,0.0,0.00017923256
44,103,1.0,0.00022452364
44,103,2.0,0.0002514299
44,103,3.0,0.00027479284
44,103,4.0,0.00029188485
44,103,5.0,0.00028566818
44,103,6.0,0.0002272928
44,103,7.0,0.0001928974
44,103,8.0,0.00019557991
44,103,9.0,0.00029029913
44,103,10.0,0.00028804352
44,103,11.0,0.0002071985
44,103,12.0,0.00025740534
44,103,13.0,0.00036548628
44,103,14.0,0.0003951853
44,104,0.0,0.00073233066
44,104,1.0,0.00084300694
44,104,2.0,0.00071732135
44,104,3.0,0.0009666918
44,104,4.0,0.0010005733
44,104,5.0,0.0010573004
44,104,6.0,0.0009344383
44,104,7.0,0.00071937795
44,104,8.0,0.00070553104
44,104,9.0,0.0008091205
44,104,10.0,0.0011615969
44,104,11.0,0.0013602055
44,104,12.0,0.0012166749
44,104,13.0,0.0011080924
44,104,14.0,0.0010604466
44,105,0.0,0.0011411613
44,105,1.0,0.0015012169
44,105,2.0,0.0019125573
44,105,3.0,0.0020081853
44,105,4.0,0.0024001817
44,105,5.0,0.0028469402
44,105,6.0,0.0028482943
44,105,7.0,0.0021771658
44,105,8.0,0.0019697978
44,105,9.0,0.002576864
44,105,10.0,0.0033119025
44,105,11.0,0.004000538
44,105,12.0,0.004228531
44,105,13.0,0.0040923264
44,105,14.0,0.0041333265
44,106,0.0,0.002143306
44,106,1.0,0.0024792005
44,106,2.0,0.003366652
44,106,3.0,0.0043371976
44,106,4.0,0.0050209155
44,106,5.0,0.005754296
44,106,6.0,0.0061220545
44,106,7.0,0.005867811
44,106,8.0,0.0055480395
44,106,9.0,0.0060207956
44,106,10.0,0.0086905155
44,106,11.0,0.010537283
44,106,12.0,0.0116365645
44,106,13.0,0.011784636
44,106,14.0,0.011244385
44,107,0.0,0.0018978121
44,107,1.0,0.003181805
44,107,2.0,0.00420193
44,107,3.0,0.0068904343
44,107,4.0,0.008380473
44,107,5.0,0.011188475
44,107,6.0,0.012487834
44,107,7.0,0.0122149745
44,107,8.0,0.010594747
44,107,9.0,0.011734699
44,107,10.0,0.01681892
44,107,11.0,0.022549279
44,107,12.0,0.024216775
44,107,13.0,0.02364212
44,107,14.0,0.02246462
44,108,0.0,0.0019042917
44,108,1.0,0.0033193228
44,108,2.0,0.0060358276
44,108,3.0,0.009745275
44,108,4.0,0.01385161
44,108,5.0,0.01784025
44,108,6.0,0.022874307
44,108,7.0,0.022625124
44,108,8.0,0.020206891
44,108,9.0,0.022319036
44,108,10.0,0.032240614
44,108,11.0,0.04464015
44,108,12.0,0.05109359
44,108,13.0,0.052116707
44,108,14.0,0.051166423
44,109,0.0,0.001368698
44,109,1.0,0.0032462068
44,109,2.0,0.006256769
44,109,3.0,0.010455145
44,109,4.0,0.01630346
44,109,5.0,0.023989208
44,109,6.0,0.031161532
44,109,7.0,0.032084364
44,109,8.0,0.029469986
44,109,9.0,0.032329306
44,109,10.0,0.04599525
44,109,11.0,0.059499845
44,109,12.0,0.0678954
44,109,13.0,0.07055717
44,109,14.0,0.07129237
44,110,0.0,0.0011297564
44,110,1.0,0.0036511973
44,110,2.0,0.008436892
44,110,3.0,0.01490198
44,110,4.0,0.02223129
44,110,5.0,0.030625317
44,110,6.0,0.038507063
44,110,7.0,0.040910143
44,110,8.0,0.03864934
44,110,9.0,0.04292717
44,110,10.0,0.06035631
44,110,11.0,0.07556984
44,110,12.0,0.08360009
44,110,13.0,0.08728028
44,110,14.0,0.08862661
44,111,0.0,0.0010328783
44,111,1.0,0.0031479138
44,111,2.0,0.006701182
44,111,3.0,0.012033656
44,111,4.0,0.01885922
44,111,5.0,0.02542221
44,111,6.0,0.030365307
44,111,7.0,0.032038778
44,111,8.0,0.032215647
44,111,9.0,0.037292056
44,111,10.0,0.050674174
44,111,11.0,0.06576178
44,111,12.0,0.06927395
44,111,13.0,0.069090255
44,111,14.0,0.07093169
44,112,0.0,0.0009016877
44,112,1.0,0.0022663076
44,112,2.0,0.0055381865
44,112,3.0,0.009947419
44,112,4.0,0.015423169
44,112,5.0,0.020297846
44,112,6.0,0.02452255
44,112,7.0,0.02619685
44,112,8.0,0.02506002
44,112,9.0,0.027015878
44,112,10.0,0.035302103
44,112,11.0,0.045317907
44,112,12.0,0.049658027
44,112,13.0,0.05015977
44,112,14.0,0.051169097
44,113,0.0,0.0004781485
44,113,1.0,0.0011777298
44,113,2.0,0.002281712
44,113,3.0,0.0047506457
44,113,4.0,0.0065567764
44,113,5.0,0.00873779
44,113,6.0,0.010736396
44,113,7.0,0.01117713
44,113,8.0,0.010541365
44,113,9.0,0.011867434
44,113,10.0,0.015888782
44,113,11.0,0.020101001
44,113,12.0,0.020955594
44,113,13.0,0.021013202
44,113,14.0,0.022189653
44,114,0.0,0.000118733595
44,114,1.0,0.0006792663
44,114,2.0,0.0010267241
44,114,3.0,0.0019731978
44,114,4.0,0.0030176057
44,114,5.0,0.003715518
44,114,6.0,0.00443788
44,114,7.0,0.004556281
44,114,8.0,0.003927929
44,114,9.0,0.0044088955
44,114,10.0,0.006483806
44,114,11.0,0.008337587
44,114,12.0,0.008937101
44,114,13.0,0.009315188
44,114,14.0,0.009285852
44,115,0.0,3.0688952e-05
44,115,1.0,0.00023481692
44,115,2.0,0.00033114542
44,115,3.0,0.0005086668
44,115,4.0,0.0006860371
44,115,5.0,0.0008227908
44,115,6.0,0.0010355373
44,115,7.0,0.0010335852
44,115,8.0,0.000838946
44,115,9.0,0.0008288733
44,115,10.0,0.0012392197
44,115,11.0,0.0018978342
44,115,12.0,0.0022309732
44,115,13.0,0.002073997
44,115,14.0,0.0018982718
44,116,0.0,5.38162e-07
44,116,1.0,7.1149756e-05
44,116,2.0,8.926349e-05
44,116,3.0,0.00012634092
44,116,4.0,0.00014474409
44,116,5.0,0.00013783253
44,116,6.0,0.00016100986
44,116,7.0,0.00019926474
44,116,8.0,0.00019409925
44,116,9.0,0.00020821762
44,116,10.0,0.00025191478
44,116,11.0,0.00039256387
44,116,12.0,0.00049444236
44,116,13.0,0.0004336605
44,116,14.0,0.00041129044
44,117,0.0,1.6344499e-09
44,117,1.0,1.8421844e-05
44,117,2.0,2.0344232e-06
44,117,3.0,9.246605e-06
44,117,4.0,1.4864268e-05
44,117,5.0,1.2972046e-06
44,117,6.0,2.31805e-06
44,117,7.0,1.25930865e-05
44,117,8.0,2.8251945e-05
44,117,9.0,1.7468945e-05
44,117,10.0,2.1309826e-05
44,117,11.0,4.7938316e-05
44,117,12.0,6.137438e-05
44,117,13.0,6.363877e-05
44,117,14.0,6.569233e-05
44,118,0.0,6.09071e-07
44,118,1.0,0.0
44,118,2.0,6.528583e-09
44,118,3.0,1.6761935e-07
44,118,4.0,6.5002405e-07
44,118,5.0,2.2982906e-07
44,118,6.0,2.0562537e-07
44,118,7.0,3.3893795e-07
44,118,8.0,4.419381e-08
44,118,9.0,1.2663841e-08
44,118,10.0,1.7139199e-08
44,118,11.0,0.0
44,118,12.0,2.6092923e-07
44,118,13.0,1.5332307e-06
44,118,14.0,3.3786832e-06
44,119,0.0,0.0
44,119,1.0,4.9025292e-08
44,119,2.0,1.5071498e-08
44,119,3.0,9.980832e-09
44,119,4.0,7.159873e-07
44,119,5.0,8.010085e-08
44,119,6.0,1.6896578e-07
44,119,7.0,1.5984845e-06
44,119,8.0,9.1583196e-08
44,119,9.0,0.0
44,119,10.0,7.607085e-09
44,119,11.0,3.9040245e-08
44,119,12.0,1.1340744e-07
44,119,13.0,3.793587e-07
44,119,14.0,1.1502626e-06
44,120,0.0,1.1686169e-06
44,120,1.0,2.089604e-07
44,120,2.0,2.0199698e-08
44,120,3.0,3.0443525e-07
44,120,4.0,3.7388958e-07
44,120,5.0,5.0669456e-08
44,120,6.0,4.7894268e-08
44,120,7.0,4.2738702e-07
44,120,8.0,3.7754748e-07
44,120,9.0,3.5223586e-08
44,120,10.0,3.520686e-11
44,120,11.0,0.0
44,120,12.0,4.5028184e-10
44,120,13.0,9.87349e-09
44,120,14.0,1.2518835e-07
44,121,0.0,4.4054925e-08
44,121,1.0,2.2921649e-08
44,121,2.0,4.944878e-07
44,121,3.0,2.268952e-07
44,121,4.0,9.190697e-07
44,121,5.0,9.483644e-07
44,121,6.0,5.6073833e-07
44,121,7.0,4.600229e-07
44,121,8.0,2.9909953e-07
44,121,9.0,3.2788046e-07
44,121,10.0,8.818721e-08
44,121,11.0,6.6347795e-08
44,121,12.0,4.39775e-08
44,121,13.0,1.6145006e-07
44,121,14.0,9.3053177e-07
44,122,0.0,1.5138778e-07
44,122,1.0,5.6270017e-07
44,122,2.0,5.1590014e-08
44,122,3.0,2.845968e-07
44,122,4.0,4.6268272e-07
44,122,5.0,3.9345713e-07
44,122,6.0,6.910682e-07
44,122,7.0,1.0887672e-06
44,122,8.0,6.086148e-07
44,122,9.0,5.543169e-07
44,122,10.0,1.7118656e-07
44,122,11.0,1.2846368e-07
44,122,12.0,1.1657332e-07
44,122,13.0,1.2282575e-07
44,122,14.0,3.0298517e-07
44,123,0.0,5.2417914e-07
44,123,1.0,0.0
44,123,2.0,7.668859e-08
44,123,3.0,7.812487e-09
44,123,4.0,4.2266166e-07
44,123,5.0,8.3584183e-07
44,123,6.0,2.229911e-07
44,123,7.0,1.3451322e-09
44,123,8.0,3.497339e-07
44,123,9.0,6.8222124e-07
44,123,10.0,1.5870819e-07
44,123,11.0,3.983026e-08
44,123,12.0,4.1354797e-10
44,123,13.0,3.2653357e-12
44,123,14.0,0.0
44,124,0.0,3.3362093e-07
44,124,1.0,7.1634327e-07
44,124,2.0,1.1576932e-08
44,124,3.0,1.9771256e-11
44,124,4.0,2.3093032e-10
44,124,5.0,1.679385e-07
44,124,6.0,2.8964362e-07
44,124,7.0,4.3171485e-07
44,124,8.0,4.3677616e-07
44,124,9.0,2.5661728e-07
44,124,10.0,3.388995e-07
44,124,11.0,3.3832947e-07
44,124,12.0,3.147866e-08
44,124,13.0,2.5724014e-09
44,124,14.0,1.3084524e-07
45,100,0.0,1.1699206e-07
45,100,1.0,2.6302513e-07
45,100,2.0,7.355933e-08
45,100,3.0,2.712345e-07
45,100,4.0,6.1780776e-07
45,100,5.0,1.5719355e-06
45,100,6.0,4.924659e-07
45,100,7.0,3.3443558e-07
45,100,8.0,8.289722e-07
45,100,9.0,3.1421817e-07
45,100,10.0,6.087526e-07
45,100,11.0,8.781851e-07
45,100,12.0,2.3552542e-07
45,100,13.0,2.5418274e-07
45,100,14.0,1.570677e-07
45,101,0.0,7.0800604e-07
45,101,1.0,1.0482152e-06
45,101,2.0,1.7606585e-07
45,101,3.0,3.3971187e-07
45,101,4.0,2.0287769e-07
45,101,5.0,1.0758736e-08
45,101,6.0,3.832446e-08
45,101,7.0,3.5679474e-08
45,101,8.0,3.609183e-08
45,101,9.0,5.524193e-09
45,101,10.0,2.2980709e-10
45,101,11.0,7.1659045e-08
45,101,12.0,2.608856e-07
45,101,13.0,1.1946106e-07
45,101,14.0,3.5348872e-08
45,102,0.0,4.4166947e-07
45,102,1.0,1.0439047e-06
45,102,2.0,1.7809776e-07
45,102,3.0,2.0756471e-07
45,102,4.0,1.3380556e-07
45,102,5.0,3.1871675e-08
45,102,6.0,0.0
45,102,7.0,0.0
45,102,8.0,8.260262e-14
45,102,9.0,2.77469e-08
45,102,10.0,5.3225206e-09
45,102,11.0,1.5673243e-07
45,102,12.0,1.6256539e-06
45,102,13.0,2.754005e-06
45,102,14.0,1.2375847e-06
45,103,0.0,1.5966836e-07
45,103,1.0,5.189339e-08
45,103,2.0,1.5037973e-07
45,103,3.0,1.3009212e-07
45,103,4.0,3.8001846e-07
45,103,5.0,1.4421205e-07
45,103,6.0,6.109002e-08
45,103,7.0,3.0472728e-07
45,103,8.0,2.1963682e-07
45,103,9.0,1.123041e-07
45,103,10.0,3.7329465e-07
45,103,11.0,2.6279346e-07
45,103,12.0,2.3919895e-07
45,103,13.0,6.395871e-07
45,103,14.0,6.3352286e-07
45,104,0.0,0.0
45,104,1.0,0.0
45,104,2.0,0.0
45,104,3.0,0.0
45,104,4.0,4.827597e-08
45,104,5.0,1.5872115e-07
45,104,6.0,1.17966025e-07
45,104,7.0,1.734142e-07
45,104,8.0,9.704611e-08
45,104,9.0,1.3531082e-10
45,104,10.0,9.453167e-08
45,104,11.0,2.1085577e-07
45,104,12.0,4.4752557e-08
45,104,13.0,1.9350551e-08
45,104,14.0,3.074964e-10
45,105,0.0,5.4668646e-07
45,105,1.0,1.9280291e-08
45,105,2.0,8.568886e-08
45,105,3.0,4.7638164e-07
45,105,4.0,2.1666008e-06
45,105,5.0,4.496263e-06
45,105,6.0,2.6864495e-06
45,105,7.0,3.7688196e-07
45,105,8.0,2.8137038e-07
45,105,9.0,8.662341e-07
45,105,10.0,1.3781262e-06
45,105,11.0,2.3850454e-05
45,105,12.0,2.9077337e-05
45,105,13.0,3.0290454e-05
45,105,14.0,2.6513433e-05
45,106,0.0,5.7589623e-06
45,106,1.0,2.3849072e-06
45,106,2.0,1.8582954e-05
45,106,3.0,2.5401356e-05
45,106,4.0,3.213796e-05
45,106,5.0,5.5541565e-05
45,106,6.0,6.783634e-05
45,106,7.0,3.3413293e-05
45,106,8.0,2.981978e-05
45,106,9.0,0.00010043666
45,106,10.0,0.00012666483
45,106,11.0,0.00018117901
45,106,12.0,0.00019755558
45,106,13.0,0.00021505346
45,106,14.0,0.00021711535
45,107,0.0,7.2257455e-05
45,107,1.0,5.2873955e-05
45,107,2.0,7.0602924e-05
45,107,3.0,0.000134542
45,107,4.0,0.00016755163
45,107,5.0,0.00023360639
45,107,6.0,0.00031691627
45,107,7.0,0.00038340618
45,107,8.0,0.00040025264
45,107,9.0,0.000371359
45,107,10.0,0.0006319929
45,107,11.0,0.0010434913
45,107,12.0,0.0011153552
45,107,13.0,0.0009841012
45,107,14.0,0.00095225277
45,108,0.0,0.00013772116
45,108,1.0,0.00021155267
45,108,2.0,0.00027772062
45,108,3.0,0.0005284532
45,108,4.0,0.0006600165
45,108,5.0,0.00071562093
45,108,6.0,0.0010019772
45,108,7.0,0.0010636075
45,108,8.0,0.0011456956
45,108,9.0,0.001257381
45,108,10.0,0.0021201803
45,108,11.0,0.003445848
45,108,12.0,0.004051052
45,108,13.0,0.003914749
45,108,14.0,0.003779361
45,109,0.0,3.437846e-05
45,109,1.0,0.00013559243
45,109,2.0,0.0005711359
45,109,3.0,0.0009735649
45,109,4.0,0.0019245559
45,109,5.0,0.002817531
45,109,6.0,0.00358365
45,109,7.0,0.0040029814
45,109,8.0,0.0042286823
45,109,9.0,0.005096012
45,109,10.0,0.0075980457
45,109,11.0,0.01118559
45,109,12.0,0.012923053
45,109,13.0,0.012654605
45,109,14.0,0.012373141
45,110,0.0,8.8690154e-05
45,110,1.0,0.00040199904
45,110,2.0,0.0014381127
45,110,3.0,0.0034219779
45,110,4.0,0.00492579
45,110,5.0,0.0071729124
45,110,6.0,0.009055429
45,110,7.0,0.009869561
45,110,8.0,0.010333009
45,110,9.0,0.012437235
45,110,10.0,0.018775348
45,110,11.0,0.025950016
45,110,12.0,0.03010671
45,110,13.0,0.030494014
45,110,14.0,0.030641714
45,111,0.0,0.00039129253
45,111,1.0,0.0010972592
45,111,2.0,0.0035636458
45,111,3.0,0.0077216085
45,111,4.0,0.011765049
45,111,5.0,0.017148064
45,111,6.0,0.022017142
45,111,7.0,0.022888502
45,111,8.0,0.022008177
45,111,9.0,0.026479213
45,111,10.0,0.039934
45,111,11.0,0.0538001
45,111,12.0,0.060761526
45,111,13.0,0.063791
45,111,14.0,0.06450817
45,112,0.0,0.0006210721
45,112,1.0,0.0015522036
45,112,2.0,0.0050603477
45,112,3.0,0.0107117165
45,112,4.0,0.016771067
45,112,5.0,0.025701733
45,112,6.0,0.032266725
45,112,7.0,0.033721857
45,112,8.0,0.032312393
45,112,9.0,0.038355935
45,112,10.0,0.054486163
45,112,11.0,0.07357192
45,112,12.0,0.07813515
45,112,13.0,0.07913884
45,112,14.0,0.079747014
45,113,0.0,0.0009145506
45,113,1.0,0.0023344292
45,113,2.0,0.0063156057
45,113,3.0,0.013070707
45,113,4.0,0.020778934
45,113,5.0,0.029522967
45,113,6.0,0.03787507
45,113,7.0,0.039289963
45,113,8.0,0.037529144
45,113,9.0,0.042734034
45,113,10.0,0.06401983
45,113,11.0,0.080496624
45,113,12.0,0.08518912
45,113,13.0,0.08693782
45,113,14.0,0.09036904
45,114,0.0,0.00094518944
45,114,1.0,0.0020993268
45,114,2.0,0.0049920795
45,114,3.0,0.011049276
45,114,4.0,0.017818093
45,114,5.0,0.02515785
45,114,6.0,0.030349804
45,114,7.0,0.030488333
45,114,8.0,0.028415376
45,114,9.0,0.032751933
45,114,10.0,0.04451954
45,114,11.0,0.05614199
45,114,12.0,0.059700456
45,114,13.0,0.060834706
45,114,14.0,0.06356645
45,115,0.0,0.00064655853
45,115,1.0,0.0011071633
45,115,2.0,0.0039567165
45,115,3.0,0.007576363
45,115,4.0,0.011757547
45,115,5.0,0.015484975
45,115,6.0,0.018367868
45,115,7.0,0.01828817
45,115,8.0,0.016836286
45,115,9.0,0.019003704
45,115,10.0,0.02748714
45,115,11.0,0.03526799
45,115,12.0,0.035609916
45,115,13.0,0.03516928
45,115,14.0,0.035537466
45,116,0.0,0.00016168033
45,116,1.0,0.0006803904
45,116,2.0,0.001224557
45,116,3.0,0.0023760735
45,116,4.0,0.004314519
45,116,5.0,0.0065197716
45,116,6.0,0.008062608
45,116,7.0,0.007779126
45,116,8.0,0.0065642362
45,116,9.0,0.0072405757
45,116,10.0,0.010564952
45,116,11.0,0.01355695
45,116,12.0,0.01460542
45,116,13.0,0.014878679
45,116,14.0,0.015140655
45,117,0.0,4.8621023e-05
45,117,1.0,0.00020913008
45,117,2.0,0.00041773048
45,117,3.0,0.0007897958
45,117,4.0,0.0014007663
45,117,5.0,0.0023194472
45,117,6.0,0.0025351518
45,117,7.0,0.002460046
45,117,8.0,0.002328248
45,117,9.0,0.0026553837
45,117,10.0,0.003431102
45,117,11.0,0.0046159625
45,117,12.0,0.005012909
45,117,13.0,0.004810066
45,117,14.0,0.0050190436
45,118,0.0,4.093642e-07
45,118,1.0,2.1046202e-05
45,118,2.0,0.00010432467
45,118,3.0,0.0001923596
45,118,4.0,0.000280125
45,118,5.0,0.00040093585
45,118,6.0,0.0005439074
45,118,7.0,0.0005174984
45,118,8.0,0.00044331542
45,118,9.0,0.000495822
45,118,10.0,0.0007887563
45,118,11.0,0.0009846606
45,118,12.0,0.0010258397
45,118,13.0,0.0010101254
45,118,14.0,0.001093114
45,119,0.0,0.0
45,119,1.0,6.085664e-06
45,119,2.0,3.060167e-05
45,119,3.0,1.51458025e-05
45,119,4.0,5.6006593e-05
45,119,5.0,4.312197e-05
45,119,6.0,5.7122816e-05
45,119,7.0,5.7291338e-05
45,119,8.0,2.4846411e-05
45,119,9.0,3.286285e-05
45,119,10.0,0.0001776343
45,119,11.0,0.00019965733
45,119,12.0,0.00019952594
45,119,13.0,0.00019539811
45,119,14.0,0.0002260762
45,120,0.0,1.4772097e-07
45,120,1.0,5.315049e-07
45,120,2.0,8.773716e-06
45,120,3.0,4.6036716e-06
45,120,4.0,6.630323e-08
45,120,5.0,2.0729312e-06
45,120,6.0,1.1646523e-05
45,120,7.0,4.003628e-06
45,120,8.0,2.7812364e-06
45,120,9.0,5.0367203e-06
45,120,10.0,2.2331245e-05
45,120,11.0,1.2639784e-05
45,120,12.0,5.5513487e-06
45,120,13.0,4.480674e-06
45,120,14.0,6.813726e-06
45,121,0.0,0.0
45,121,1.0,0.0
45,121,2.0,7.54366e-08
45,121,3.0,4.7283354e-08
45,121,4.0,2.0650405e-10
45,121,5.0,0.0
45,121,6.0,0.0
45,121,7.0,4.832532e-08
45,121,8.0,0.0
45,121,9.0,0.0
45,121,10.0,2.7698428e-08
45,121,11.0,1.0935168e-09
45,121,12.0,0.0
45,121,13.0,0.0
45,121,14.0,0.0
45,122,0.0,1.4194576e-09
45,122,1.0,1.2463579e-07
45,122,2.0,4.4786742e-07
45,122,3.0,2.2409222e-07
45,122,4.0,9.997628e-08
45,122,5.0,3.5143697e-07
45,122,6.0,1.746277e-07
45,122,7.0,2.7071672e-09
45,122,8.0,5.376486e-08
45,122,9.0,1.074273e-07
45,122,10.0,2.3919009e-08
45,122,11.0,1.252453e-07
45,122,12.0,2.5130757e-07
45,122,13.0,5.0145957e-07
45,122,14.0,9.747577e-07
45,123,0.0,1.4708633e-07
45,123,1.0,4.4199812e-08
45,123,2.0,7.350578e-08
45,123,3.0,2.0125257e-10
45,123,4.0,3.3151714e-08
45,123,5.0,3.006953e-08
45,123,6.0,4.8478807e-08
45,123,7.0,4.1114227e-08
45,123,8.0,2.0890496e-08
45,123,9.0,1.6289508e-07
45,123,10.0,3.6944752e-07
45,123,11.0,3.4775123e-08
45,123,12.0,1.2560448e-08
45,123,13.0,5.621829e-09
45,123,14.0,1.7636816e-08
45,124,0.0,5.0373006e-07
45,124,1.0,2.794846e-07
45,124,2.0,1.1994526e-07
45,124,3.0,1.4140351e-06
45,124,4.0,1.0731796e-07
45,124,5.0,8.44558e-08
45,124,6.0,2.0619431e-07
45,124,7.0,2.3905304e-07
45,124,8.0,5.1713023e-08
45,124,9.0,1.3879398e-07
45,124,10.0,2.220275e-07
45,124,11.0,5.8161214e-07
45,124,12.0,3.1481582e-07
45,124,13.0,2.5472107e-07
45,124,14.0,4.3838924e-07
45,125,0.0,5.6445947e-07
45,125,1.0,4.207901e-08
45,125,2.0,2.547938e-07
45,125,3.0,3.8201802e-07
45,125,4.0,8.2777944e-07
45,125,5.0,9.817666e-07
45,125,6.0,4.0167043e-07
45,125,7.0,3.5628576e-11
45,125,8.0,1.0462814e-08
45,125,9.0,3.07867e-07
45,125,10.0,4.2204337e-07
45,125,11.0,1.1847574e-07
45,125,12.0,7.5134295e-08
45,125,13.0,7.656395e-08
45,125,14.0,5.687912e-08
45,126,0.0,1.5804243e-07
45,126,1.0,8.556487e-09
45,126,2.0,6.215797e-07
45,126,3.0,5.0697877e-09
45,126,4.0,6.1586505e-08
45,126,5.0,1.682227e-07
45,126,6.0,1.7354822e-09
45,126,7.0,0.0
45,126,8.0,0.0
45,126,9.0,4.9007554e-08
45,126,10.0,1.9180032e-07
45,126,11.0,7.642684e-08
45,126,12.0,1.7135679e-07
45,126,13.0,2.8252725e-07
45,126,14.0,2.3263682e-07
45,127,0.0,1.0101212e-07
45,127,1.0,1.2181427e-07
45,127,2.0,2.859226e-07
45,127,3.0,3.0850669e-07
45,127,4.0,3.3506322e-07
45,127,5.0,2.5143208e-07
45,127,6.0,4.1118892e-07
45,127,7.0,7.0412966e-08
45,127,8.0,1.5138936e-07
45,127,9.0,3.363828e-07
45,127,10.0,1.1272319e-07
45,127,11.0,5.2597926e-07
45,127,12.0,4.1016403e-07
45,127,13.0,1.8106114e-07
45,127,14.0,1.8639665e-07
45,128,0.0,7.03922e-07
45,128,1.0,2.4881677e-08
45,128,2.0,2.2396047e-07
45,128,3.0,1.5659558e-06
45,128,4.0,1.0670478e-07
45,128,5.0,3.692043e-11
45,128,6.0,5.415497e-08
45,128,7.0,6.1622177e-07
45,128,8.0,2.76997e-07
45,128,9.0,7.777962e-08
45,128,10.0,1.690164e-07
45,128,11.0,2.243579e-07
45,128,12.0,1.4767072e-07
45,128,13.0,1.3178057e-07
45,128,14.0,2.7442437e-07
46,102,0.0,3.4630492e-07
46,102,1.0,9.6671194e-08
46,102,2.0,1.7346568e-07
46,102,3.0,2.648708e-07
46,102,4.0,3.2043644e-07
46,102,5.0,5.772327e-07
46,102,6.0,4.5873952e-07
46,102,7.0,6.278506e-07
46,102,8.0,1.9211473e-07
46,102,9.0,2.5808324e-06
46,102,10.0,1.2585041e-06
46,102,11.0,2.5484856e-06
46,102,12.0,7.830752e-07
46,102,13.0,4.1668116e-08
46,102,14.0,6.1725835e-08
46,103,0.0,0.0
46,103,1.0,1.9653218e-07
46,103,2.0,3.0450698e-07
46,103,3.0,3.1553324e-07
46,103,4.0,2.6923558e-07
46,103,5.0,3.9258668e-07
46,103,6.0,8.6894397e-07
46,103,7.0,3.683431e-07
46,103,8.0,9.018606e-08
46,103,9.0,3.3169865e-08
46,103,10.0,5.8121844e-07
46,103,11.0,2.204758e-06
46,103,12.0,1.6744231e-07
46,103,13.0,1.8830168e-08
46,103,14.0,1.4495909e-08
46,104,0.0,1.994156e-08
46,104,1.0,4.3821834e-07
46,104,2.0,1.1765982e-08
46,104,3.0,1.4100386e-09
46,104,4.0,1.3806392e-07
46,104,5.0,1.0686068e-07
46,104,6.0,6.646642e-08
46,104,7.0,1.7957636e-07
46,104,8.0,1.8180253e-07
46,104,9.0,3.5527087e-08
46,104,10.0,4.1813155e-07
46,104,11.0,1.1759836e-06
46,104,12.0,5.255275e-07
46,104,13.0,1.3291215e-07
46,104,14.0,1.4191998e-07
46,105,0.0,2.918421e-09
46,105,1.0,2.3375142e-09
46,105,2.0,0.0
46,105,3.0,2.913839e-09
46,105,4.0,6.657983e-09
46,105,5.0,3.1978267e-09
46,105,6.0,8.1705686e-08
46,105,7.0,9.2608883e-07
46,105,8.0,7.0576874e-07
46,105,9.0,5.44465e-07
46,105,10.0,4.1237217e-07
46,105,11.0,2.8157376e-07
46,105,12.0,6.820623e-08
46,105,13.0,4.3093436e-08
46,105,14.0,2.0810718e-07
46,106,0.0,4.267612e-08
46,106,1.0,1.2360775e-07
46,106,2.0,2.0596009e-07
46,106,3.0,8.422646e-08
46,106,4.0,9.849954e-07
46,106,5.0,1.3909167e-06
46,106,6.0,1.0561345e-06
46,106,7.0,1.5381752e-07
46,106,8.0,2.0159632e-08
46,106,9.0,7.0258954e-09
46,106,10.0,1.9349733e-07
46,106,11.0,2.1149461e-07
46,106,12.0,1.0664346e-07
46,106,13.0,1.6756732e-07
46,106,14.0,7.217768e-08
46,107,0.0,0.0
46,107,1.0,2.4870738e-07
46,107,2.0,9.2094314e-07
46,107,3.0,2.3168153e-07
46,107,4.0,2.3362626e-08
46,107,5.0,3.972679e-08
46,107,6.0,2.4569605e-08
46,107,7.0,7.1802624e-08
46,107,8.0,7.745215e-07
46,107,9.0,6.952052e-07
46,107,10.0,7.3437224e-07
46,107,11.0,2.7234688e-07
46,107,12.0,5.8721065e-07
46,107,13.0,2.1140324e-06
46,107,14.0,2.927927e-06
46,108,0.0,0.0
46,108,1.0,8.971906e-11
46,108,2.0,8.560371e-09
46,108,3.0,3.6240804e-06
46,108,4.0,6.763667e-06
46,108,5.0,7.2460434e-06
46,108,6.0,8.015389e-06
46,108,7.0,1.1406428e-05
46,108,8.0,6.931966e-06
46,108,9.0,4.2350043e-06
46,108,10.0,2.8783064e-05
46,108,11.0,3.4591863e-05
46,108,12.0,3.9802348e-05
46,108,13.0,5.4298707e-05
46,108,14.0,5.248477e-05
46,109,0.0,3.5929357e-08
46,109,1.0,2.689752e-06
46,109,2.0,9.492905e-06
46,109,3.0,2.4171079e-05
46,109,4.0,3.677519e-05
46,109,5.0,3.825501e-05
46,109,6.0,6.321843e-05
46,109,7.0,6.769239e-05
46,109,8.0,4.1987096e-05
46,109,9.0,4.5254827e-05
46,109,10.0,0.00023551703
46,109,11.0,0.00043610367
46,109,12.0,0.00051119464
46,109,13.0,0.0005606563
46,109,14.0,0.0005449164
46,110,0.0,1.8200612e-07
46,110,1.0,9.458655e-06
46,110,2.0,5.958197e-05
46,110,3.0,0.00018745278
46,110,4.0,0.00027812395
46,110,5.0,0.00034062215
46,110,6.0,0.00045021286
46,110,7.0,0.00048115445
46,110,8.0,0.0005025613
46,110,9.0,0.0006267885
46,110,10.0,0.0012489392
46,110,11.0,0.0018268784
46,110,12.0,0.0021333548
46,110,13.0,0.0023470612
46,110,14.0,0.0024964518
46,111,0.0,3.4264016e-05
46,111,1.0,0.00019375146
46,111,2.0,0.00038907368
46,111,3.0,0.00059945753
46,111,4.0,0.0013580878
46,111,5.0,0.0018430729
46,111,6.0,0.0022614258
46,111,7.0,0.0022890216
46,111,8.0,0.0023199043
46,111,9.0,0.0028721567
46,111,10.0,0.0046096267
46,111,11.0,0.0068060267
46,111,12.0,0.007951153
46,111,13.0,0.008428248
46,111,14.0,0.008595217
46,112,0.0,0.000192232
46,112,1.0,0.0005951818
46,112,2.0,0.0014460529
46,112,3.0,0.002257131
46,112,4.0,0.004291094
46,112,5.0,0.006707211
46,112,6.0,0.00892228
46,112,7.0,0.008649972
46,112,8.0,0.0077958754
46,112,9.0,0.009483374
46,112,10.0,0.016244994
46,112,11.0,0.024298057
46,112,12.0,0.027570058
46,112,13.0,0.028870132
46,112,14.0,0.02869212
46,113,0.0,0.0005503305
46,113,1.0,0.0015026189
46,113,2.0,0.003325069
46,113,3.0,0.0057800473
46,113,4.0,0.009791996
46,113,5.0,0.014902624
46,113,6.0,0.01912485
46,113,7.0,0.019490214
46,113,8.0,0.017747315
46,113,9.0,0.021086378
46,113,10.0,0.03254514
46,113,11.0,0.04829377
46,113,12.0,0.056792866
46,113,13.0,0.058045294
46,113,14.0,0.055838525
46,114,0.0,0.0010179407
46,114,1.0,0.0034008683
46,114,2.0,0.0068406155
46,114,3.0,0.012375751
46,114,4.0,0.020200163
46,114,5.0,0.030111961
46,114,6.0,0.036453575
46,114,7.0,0.03782088
46,114,8.0,0.03733841
46,114,9.0,0.042799167
46,114,10.0,0.06087138
46,114,11.0,0.07879761
46,114,12.0,0.08772927
46,114,13.0,0.09053421
46,114,14.0,0.08930611
46,115,0.0,0.0010937311
46,115,1.0,0.0025991013
46,115,2.0,0.007912823
46,115,3.0,0.014122584
46,115,4.0,0.02257004
46,115,5.0,0.03295448
46,115,6.0,0.03992155
46,115,7.0,0.04154609
46,115,8.0,0.039181035
46,115,9.0,0.043550048
46,115,10.0,0.061482113
46,115,11.0,0.07904678
46,115,12.0,0.085392475
46,115,13.0,0.08747182
46,115,14.0,0.08917222
46,116,0.0,0.0012713753
46,116,1.0,0.0031565675
46,116,2.0,0.008802063
46,116,3.0,0.013938084
46,116,4.0,0.02286603
46,116,5.0,0.031254407
46,116,6.0,0.03790513
46,116,7.0,0.039412115
46,116,8.0,0.03634508
46,116,9.0,0.04161109
46,116,10.0,0.056156583
46,116,11.0,0.06762441
46,116,12.0,0.072868794
46,116,13.0,0.074424334
46,116,14.0,0.07804848
46,117,0.0,0.00073958596
46,117,1.0,0.0017762054
46,117,2.0,0.005315696
46,117,3.0,0.010440833
46,117,4.0,0.014290257
46,117,5.0,0.018935949
46,117,6.0,0.02230866
46,117,7.0,0.021873388
46,117,8.0,0.019455953
46,117,9.0,0.021953499
46,117,10.0,0.031214949
46,117,11.0,0.039479155
46,117,12.0,0.041887164
46,117,13.0,0.041508276
46,117,14.0,0.04199178
46,118,0.0,0.00050571735
46,118,1.0,0.0010906566
46,118,2.0,0.0029570463
46,118,3.0,0.0043973485
46,118,4.0,0.006735383
46,118,5.0,0.009179855
46,118,6.0,0.011252582
46,118,7.0,0.011054355
46,118,8.0,0.009368248
46,118,9.0,0.010194825
46,118,10.0,0.015216618
46,118,11.0,0.02029195
46,118,12.0,0.021045739
46,118,13.0,0.020543527
46,118,14.0,0.021142432
46,119,0.0,0.0001425898
46,119,1.0,0.0005017666
46,119,2.0,0.0010928741
46,119,3.0,0.0016420562
46,119,4.0,0.002425814
46,119,5.0,0.003372025
46,119,6.0,0.0038899682
46,119,7.0,0.0035940043
46,119,8.0,0.0028611992
46,119,9.0,0.0030838032
46,119,10.0,0.004780021
46,119,11.0,0.0066388818
46,119,12.0,0.0068506096
46,119,13.0,0.0066307397
46,119,14.0,0.0070344047
46,120,0.0,6.898931e-05
46,120,1.0,0.00015682998
46,120,2.0,0.00020042079
46,120,3.0,0.00047322738
46,120,4.0,0.00071827904
46,120,5.0,0.0011720168
46,120,6.0,0.0013715867
46,120,7.0,0.0013107153
46,120,8.0,0.0010933732
46,120,9.0,0.0011740857
46,120,10.0,0.001614572
46,120,11.0,0.0022221757
46,120,12.0,0.002224001
46,120,13.0,0.0020269456
46,120,14.0,0.0019846596
46,121,0.0,1.2993893e-06
46,121,1.0,1.4836545e-05
46,121,2.0,7.246909e-05
46,121,3.0,0.00012750638
46,121,4.0,0.00012131425
46,121,5.0,0.00018369999
46,121,6.0,0.00023496765
46,121,7.0,0.0002139459
46,121,8.0,0.00020011552
46,121,9.0,0.00024117767
46,121,10.0,0.00035571164
46,121,11.0,0.000459361
46,121,12.0,0.00044523954
46,121,13.0,0.00040701326
46,121,14.0,0.0003848213
46,122,0.0,4.9274085e-08
46,122,1.0,3.2393446e-06
46,122,2.0,2.1499603e-05
46,122,3.0,3.118823e-05
46,122,4.0,6.43817e-05
46,122,5.0,0.00012576865
46,122,6.0,0.00013699137
46,122,7.0,0.00011091703
46,122,8.0,7.074844e-05
46,122,9.0,6.862975e-05
46,122,10.0,0.00014172336
46,122,11.0,0.0001543895
46,122,12.0,0.000120470424
46,122,13.0,8.8865054e-05
46,122,14.0,7.2759896e-05
46,123,0.0,0.0
46,123,1.0,0.0
46,123,2.0,6.256155e-07
46,123,3.0,5.7775555e-06
46,123,4.0,1.3028692e-05
46,123,5.0,1.4811235e-05
46,123,6.0,1.6756541e-05
46,123,7.0,9.759433e-06
46,123,8.0,4.4288695e-06
46,123,9.0,2.014392e-06
46,123,10.0,2.1614928e-06
46,123,11.0,7.883438e-06
46,123,12.0,2.5792297e-06
46,123,13.0,2.0442944e-07
46,123,14.0,3.241233e-07
46,124,0.0,5.50514e-07
46,124,1.0,9.476322e-08
46,124,2.0,3.6290447e-07
46,124,3.0,4.5999377e-07
46,124,4.0,6.455689e-08
46,124,5.0,7.34066e-08
46,124,6.0,4.927518e-07
46,124,7.0,3.1470836e-07
46,124,8.0,3.9238387e-07
46,124,9.0,4.824172e-07
46,124,10.0,2.9361104e-07
46,124,11.0,1.6036465e-07
46,124,12.0,1.2796092e-07
46,124,13.0,1.0531453e-07
46,124,14.0,2.1606992e-07
46,125,0.0,2.1974122e-08
46,125,1.0,6.694277e-08
46,125,2.0,3.8569756e-09
46,125,3.0,1.112836e-13
46,125,4.0,1.5358387e-08
46,125,5.0,2.642441e-07
46,125,6.0,5.0776745e-08
46,125,7.0,0.0
46,125,8.0,9.3150135e-07
46,125,9.0,1.377971e-06
46,125,10.0,5.195485e-07
46,125,11.0,9.590499e-07
46,125,12.0,1.997925e-07
46,125,13.0,6.1196186e-09
46,125,14.0,0.0
46,126,0.0,2.6130093e-07
46,126,1.0,6.2231186e-07
46,126,2.0,1.01212144e-07
46,126,3.0,4.5723063e-08
46,126,4.0,0.0
46,126,5.0,0.0
46,126,6.0,1.4965476e-08
46,126,7.0,0.0
46,126,8.0,6.181927e-08
46,126,9.0,7.0119506e-07
46,126,10.0,2.8404804e-08
46,126,11.0,3.8703284e-08
46,126,12.0,4.6944933e-08
46,126,13.0,2.4262442e-07
46,126,14.0,1.0005886e-06
46,127,0.0,6.01853e-07
46,127,1.0,7.879432e-08
46,127,2.0,7.322452e-07
46,127,3.0,1.1270927e-06
46,127,4.0,5.112746e-07
46,127,5.0,6.164311e-07
46,127,6.0,4.703412e-07
46,127,7.0,6.0537764e-07
46,127,8.0,4.982153e-07
46,127,9.0,7.743717e-07
46,127,10.0,1.2321497e-07
46,127,11.0,2.563354e-09
46,127,12.0,1.1931851e-08
46,127,13.0,9.545283e-09
46,127,14.0,3.9148237e-10
46,128,0.0,2.317934e-09
46,128,1.0,4.655405e-08
46,128,2.0,6.2372857e-07
46,128,3.0,2.0895027e-06
46,128,4.0,4.7213572e-07
46,128,5.0,5.714057e-07
46,128,6.0,6.577505e-07
46,128,7.0,4.444323e-07
46,128,8.0,4.669581e-08
46,128,9.0,2.1829578e-07
46,128,10.0,1.3341733e-07
46,128,11.0,7.410561e-08
46,128,12.0,9.147387e-08
46,128,13.0,1.458568e-08
46,128,14.0,3.388996e-08
46,129,0.0,1.2007811e-09
46,129,1.0,1.6028557e-07
46,129,2.0,3.5975035e-07
46,129,3.0,9.75968e-07
46,129,4.0,3.0666104e-07
46,129,5.0,1.3429259e-07
46,129,6.0,1.7151946e-07
46,129,7.0,4.1026013e-07
46,129,8.0,4.0489468e-07
46,129,9.0,3.0125202e-07
46,129,10.0,3.1739938e-07
46,129,11.0,1.6003865e-07
46,129,12.0,5.3860713e-08
46,129,13.0,3.6655504e-08
46,129,14.0,1.9159242e-07
46,130,0.0,3.880881e-07
46,130,1.0,2.9971875e-07
46,130,2.0,1.7987057e-07
46,130,3.0,6.6233895e-08
46,130,4.0,2.707975e-07
46,130,5.0,4.995523e-07
46,130,6.0,7.524218e-07
46,130,7.0,2.2833187e-07
46,130,8.0,9.876932e-08
46,130,9.0,2.0502301e-07
46,130,10.0,4.213064e-08
46,130,11.0,5.9452166e-08
46,130,12.0,4.9604672e-08
46,130,13.0,7.5679125e-08
46,130,14.0,2.7707024e-08
46,131,0.0,2.7673997e-07
46,131,1.0,5.574547e-07
46,131,2.0,4.7750626e-07
46,131,3.0,2.4009265e-07
46,131,4.0,1.594588e-09
46,131,5.0,4.0390507e-08
46,131,6.0,1.4035432e-07
46,131,7.0,1.7518079e-07
46,131,8.0,3.813417e-07
46,131,9.0,6.6479214e-07
46,131,10.0,2.8118708e-07
46,131,11.0,8.944696e-08
46,131,12.0,6.1752243e-09
46,131,13.0,0.0
46,131,14.0,3.7359793e-08
47,105,0.0,6.817443e-08
47,105,1.0,1.4046502e-07
47,105,2.0,8.477227e-08
47,105,3.0,7.310814e-08
47,105,4.0,2.783195e-07
47,105,5.0,2.4190678e-07
47,105,6.0,2.9929035e-07
47,105,7.0,9.934604e-07
47,105,8.0,1.5017099e-07
47,105,9.0,7.994617e-08
47,105,10.0,2.6259224e-08
47,105,11.0,2.7944364e-07
47,105,12.0,2.1026003e-07
47,105,13.0,2.2219456e-08
47,105,14.0,3.8834855e-08
47,106,0.0,9.90163e-07
47,106,1.0,6.5362775e-07
47,106,2.0,1.8421518e-07
47,106,3.0,0.0
47,106,4.0,6.647562e-08
47,106,5.0,6.651152e-08
47,106,6.0,4.328881e-08
47,106,7.0,1.2900949e-07
47,106,8.0,4.6132623e-08
47,106,9.0,0.0
47,106,10.0,0.0
47,106,11.0,1.5016152e-08
47,106,12.0,1.8143535e-08
47,106,13.0,5.1713023e-08
47,106,14.0,2.3213863e-07
47,107,0.0,2.6406363e-07
47,107,1.0,4.105231e-08
47,107,2.0,1.3660558e-09
47,107,3.0,4.6131672e-07
47,107,4.0,2.9588108e-07
47,107,5.0,7.6132136e-07
47,107,6.0,1.3428705e-06
47,107,7.0,8.314809e-08
47,107,8.0,9.316554e-08
47,107,9.0,1.4097218e-07
47,107,10.0,3.853826e-07
47,107,11.0,9.7703e-08
47,107,12.0,9.317871e-08
47,107,13.0,1.2469395e-07
47,107,14.0,1.7615079e-07
47,108,0.0,9.192018e-08
47,108,1.0,1.913288e-06
47,108,2.0,7.703749e-07
47,108,3.0,2.6702153e-06
47,108,4.0,3.7161493e-07
47,108,5.0,6.0999916e-08
47,108,6.0,2.6602055e-07
47,108,7.0,7.66802e-07
47,108,8.0,7.416537e-08
47,108,9.0,6.452623e-09
47,108,10.0,9.0376355e-09
47,108,11.0,2.6123598e-07
47,108,12.0,2.7722626e-07
47,108,13.0,1.1333453e-07
47,108,14.0,8.878231e-08
47,109,0.0,0.0
47,109,1.0,4.866491e-08
47,109,2.0,2.4863363e-07
47,109,3.0,1.8854413e-06
47,109,4.0,3.869333e-07
47,109,5.0,2.64005e-07
47,109,6.0,5.615723e-07
47,109,7.0,3.3694806e-07
47,109,8.0,1.7025476e-07
47,109,9.0,4.512497e-08
47,109,10.0,3.970539e-08
47,109,11.0,5.0804954e-07
47,109,12.0,2.662892e-07
47,109,13.0,1.0054721e-07
47,109,14.0,3.6340168e-08
47,110,0.0,0.0
47,110,1.0,0.0
47,110,2.0,9.495977e-09
47,110,3.0,7.734424e-08
47,110,4.0,9.2355947e-07
47,110,5.0,2.607122e-07
47,110,6.0,6.157556e-08
47,110,7.0,6.7235626e-09
47,110,8.0,1.370529e-11
47,110,9.0,0.0
47,110,10.0,3.1680236e-07
47,110,11.0,1.0213302e-08
47,110,12.0,8.761695e-07
47,110,13.0,2.705792e-06
47,110,14.0,5.017551e-06
47,111,0.0,0.0
47,111,1.0,4.790877e-08
47,111,2.0,1.8318593e-12
47,111,3.0,4.1757985e-06
47,111,4.0,4.659205e-06
47,111,5.0,5.2489095e-06
47,111,6.0,1.547327e-05
47,111,7.0,1.9024983e-05
47,111,8.0,1.5532438e-05
47,111,9.0,3.0761184e-05
47,111,10.0,4.7104484e-05
47,111,11.0,0.00013159149
47,111,12.0,0.00016419173
47,111,13.0,0.00017204552
47,111,14.0,0.00017204201
47,112,0.0,7.0301676e-09
47,112,1.0,0.0
47,112,2.0,2.1188045e-07
47,112,3.0,4.0379778e-06
47,112,4.0,3.3694876e-05
47,112,5.0,4.4591474e-05
47,112,6.0,8.601156e-05
47,112,7.0,0.000101321435
47,112,8.0,0.0001025129
47,112,9.0,0.0001640997
47,112,10.0,0.0003950756
47,112,11.0,0.0006951787
47,112,12.0,0.0008828285
47,112,13.0,0.00088810583
47,112,14.0,0.0008061897
47,113,0.0,1.362245e-06
47,113,1.0,8.757794e-06
47,113,2.0,0.00010336301
47,113,3.0,0.00020824345
47,113,4.0,0.00043285615
47,113,5.0,0.00070856296
47,113,6.0,0.0010181055
47,113,7.0,0.0011350409
47,113,8.0,0.0011379116
47,113,9.0,0.0015578297
47,113,10.0,0.0027834035
47,113,11.0,0.0043515945
47,113,12.0,0.00490754
47,113,13.0,0.004859828
47,113,14.0,0.0046885614
47,114,0.0,4.7566282e-05
47,114,1.0,0.0001510459
47,114,2.0,0.00054805254
47,114,3.0,0.0009278739
47,114,4.0,0.0017630903
47,114,5.0,0.0029469796
47,114,6.0,0.0037950682
47,114,7.0,0.003719346
47,114,8.0,0.0033506646
47,114,9.0,0.0046487437
47,114,10.0,0.008556346
47,114,11.0,0.013116724
47,114,12.0,0.015340663
47,114,13.0,0.016346464
47,114,14.0,0.015648061
47,115,0.0,0.00028275605
47,115,1.0,0.00072475785
47,115,2.0,0.0017264079
47,115,3.0,0.0031774451
47,115,4.0,0.005827969
47,115,5.0,0.00864872
47,115,6.0,0.011650307
47,115,7.0,0.0137487855
47,115,8.0,0.013579504
47,115,9.0,0.016230341
47,115,10.0,0.023724765
47,115,11.0,0.033852287
47,115,12.0,0.0397353
47,115,13.0,0.041543
47,115,14.0,0.04167719
47,116,0.0,0.00050454185
47,116,1.0,0.0014121183
47,116,2.0,0.0032084817
47,116,3.0,0.0073476457
47,116,4.0,0.012816132
47,116,5.0,0.018447923
47,116,6.0,0.024188431
47,116,7.0,0.025326358
47,116,8.0,0.024600875
47,116,9.0,0.028759101
47,116,10.0,0.04230413
47,116,11.0,0.05819676
47,116,12.0,0.06551995
47,116,13.0,0.067345984
47,116,14.0,0.067981824
47,117,0.0,0.000838803
47,117,1.0,0.0024262574
47,117,2.0,0.005522268
47,117,3.0,0.0109411655
47,117,4.0,0.018648883
47,117,5.0,0.032297447
47,117,6.0,0.040830232
47,117,7.0,0.041709978
47,117,8.0,0.03683778
47,117,9.0,0.040893137
47,117,10.0,0.059934247
47,117,11.0,0.07746631
47,117,12.0,0.08356418
47,117,13.0,0.084612064
47,117,14.0,0.08505856
47,118,0.0,0.00075815973
47,118,1.0,0.0024394577
47,118,2.0,0.005290052
47,118,3.0,0.010564426
47,118,4.0,0.018583586
47,118,5.0,0.02625051
47,118,6.0,0.03464903
47,118,7.0,0.03739235
47,118,8.0,0.035045918
47,118,9.0,0.039653286
47,118,10.0,0.055303942
47,118,11.0,0.071016625
47,118,12.0,0.077142715
47,118,13.0,0.07883345
47,118,14.0,0.07945631
47,119,0.0,0.00077480456
47,119,1.0,0.0023489452
47,119,2.0,0.0049234834
47,119,3.0,0.010303517
47,119,4.0,0.01590516
47,119,5.0,0.022455355
47,119,6.0,0.027011946
47,119,7.0,0.027369121
47,119,8.0,0.025072273
47,119,9.0,0.027784145
47,119,10.0,0.04022385
47,119,11.0,0.05250558
47,119,12.0,0.056292072
47,119,13.0,0.05572897
47,119,14.0,0.055614136
47,120,0.0,0.00037826522
47,120,1.0,0.0011742911
47,120,2.0,0.002903576
47,120,3.0,0.00543604
47,120,4.0,0.008087558
47,120,5.0,0.0119922105
47,120,6.0,0.014024507
47,120,7.0,0.013424784
47,120,8.0,0.012234421
47,120,9.0,0.013752475
47,120,10.0,0.020470481
47,120,11.0,0.027225763
47,120,12.0,0.02853754
47,120,13.0,0.028108047
47,120,14.0,0.028856872
47,121,0.0,0.00020108088
47,121,1.0,0.0005283598
47,121,2.0,0.0013088549
47,121,3.0,0.0025776194
47,121,4.0,0.00469194
47,121,5.0,0.0057334835
47,121,6.0,0.007071404
47,121,7.0,0.0076969056
47,121,8.0,0.0068247598
47,121,9.0,0.0073196455
47,121,10.0,0.010649771
47,121,11.0,0.013613077
47,121,12.0,0.014228954
47,121,13.0,0.013484613
47,121,14.0,0.013131072
47,122,0.0,7.328063e-05
47,122,1.0,0.00035040936
47,122,2.0,0.0006839978
47,122,3.0,0.0014111531
47,122,4.0,0.0022246547
47,122,5.0,0.0025473125
47,122,6.0,0.0029695227
47,122,7.0,0.0030511175
47,122,8.0,0.0024784121
47,122,9.0,0.0024111578
47,122,10.0,0.0036887338
47,122,11.0,0.005317806
47,122,12.0,0.005318651
47,122,13.0,0.004808537
47,122,14.0,0.004538675
47,123,0.0,5.1777297e-05
47,123,1.0,0.00017909946
47,123,2.0,0.00058187457
47,123,3.0,0.0007775349
47,123,4.0,0.0013799454
47,123,5.0,0.0016941008
47,123,6.0,0.0018296036
47,123,7.0,0.0016945917
47,123,8.0,0.0011924512
47,123,9.0,0.0012921896
47,123,10.0,0.0019113594
47,123,11.0,0.0025073655
47,123,12.0,0.0025145584
47,123,13.0,0.002328684
47,123,14.0,0.0021917135
47,124,0.0,7.6744924e-05
47,124,1.0,0.00012425927
47,124,2.0,0.00033725076
47,124,3.0,0.000659239
47,124,4.0,0.0006862091
47,124,5.0,0.00079495175
47,124,6.0,0.00088629365
47,124,7.0,0.00082930847
47,124,8.0,0.0005819552
47,124,9.0,0.000554174
47,124,10.0,0.00072581467
47,124,11.0,0.00088531885
47,124,12.0,0.0007991629
47,124,13.0,0.0006754506
47,124,14.0,0.0005466274
47,125,0.0,4.3382905e-05
47,125,1.0,8.24132e-05
47,125,2.0,0.00014048893
47,125,3.0,0.0003149235
47,125,4.0,0.00030593958
47,125,5.0,0.0003302713
47,125,6.0,0.00035899144
47,125,7.0,0.0002469695
47,125,8.0,0.00014017463
47,125,9.0,0.00014708676
47,125,10.0,0.00019556949
47,125,11.0,0.00021507096
47,125,12.0,0.00018913009
47,125,13.0,0.0001362476
47,125,14.0,0.000108805834
47,126,0.0,3.3366745e-05
47,126,1.0,2.1456712e-05
47,126,2.0,5.8426114e-05
47,126,3.0,0.00010608926
47,126,4.0,8.5540865e-05
47,126,5.0,5.8877118e-05
47,126,6.0,7.3032585e-05
47,126,7.0,0.00010215038
47,126,8.0,1.6605127e-05
47,126,9.0,1.18267835e-05
47,126,10.0,3.5885336e-05
47,126,11.0,6.517391e-05
47,126,12.0,7.260975e-05
47,126,13.0,3.503077e-05
47,126,14.0,7.3235487e-06
47,127,0.0,1.2981973e-05
47,127,1.0,3.176631e-05
47,127,2.0,3.0556164e-06
47,127,3.0,1.2415104e-06
47,127,4.0,2.1499362e-07
47,127,5.0,5.122391e-09
47,127,6.0,2.7873289e-11
47,127,7.0,5.8556645e-07
47,127,8.0,1.191414e-06
47,127,9.0,4.542901e-07
47,127,10.0,1.8295245e-06
47,127,11.0,1.0666786e-06
47,127,12.0,1.7212164e-07
47,127,13.0,1.2655542e-08
47,127,14.0,1.994219e-08
47,128,0.0,1.5727136e-07
47,128,1.0,1.9597144e-07
47,128,2.0,1.1757701e-07
47,128,3.0,6.542093e-07
47,128,4.0,3.7305238e-06
47,128,5.0,1.0303731e-06
47,128,6.0,3.6293265e-08
47,128,7.0,8.949216e-08
47,128,8.0,9.189936e-07
47,128,9.0,4.845996e-07
47,128,10.0,4.1759506e-07
47,128,11.0,1.0425164e-06
47,128,12.0,1.0902236e-06
47,128,13.0,7.671922e-07
47,128,14.0,1.0450102e-06
47,129,0.0,2.4716908e-07
47,129,1.0,0.0
47,129,2.0,1.1461364e-09
47,129,3.0,3.1411346e-08
47,129,4.0,2.4084872e-09
47,129,5.0,6.1260025e-08
47,129,6.0,7.8320245e-10
47,129,7.0,0.0
47,129,8.0,1.0367573e-09
47,129,9.0,0.0
47,129,10.0,0.0
47,129,11.0,1.1915357e-11
47,129,12.0,4.112317e-10
47,129,13.0,1.8569067e-07
47,129,14.0,1.0276566e-06
47,130,0.0,8.868073e-08
47,130,1.0,1.1482912e-06
47,130,2.0,1.4970764e-06
47,130,3.0,2.390187e-06
47,130,4.0,2.2447763e-07
47,130,5.0,0.0
47,130,6.0,1.298061e-09
47,130,7.0,6.959881e-08
47,130,8.0,6.839554e-07
47,130,9.0,6.5800157e-07
47,130,10.0,2.2686046e-07
47,130,11.0,2.9322612e-08
47,130,12.0,1.9190903e-08
47,130,13.0,1.3226136e-07
47,130,14.0,5.6145257e-07
47,131,0.0,2.8682072e-08
47,131,1.0,1.184811e-07
47,131,2.0,2.0512449e-08
47,131,3.0,6.107695e-08
47,131,4.0,4.6843713e-08
47,131,5.0,4.6955574e-08
47,131,6.0,3.277052e-07
47,131,7.0,2.5464618e-07
47,131,8.0,4.8558295e-09
47,131,9.0,2.1869122e-10
47,131,10.0,1.2181201e-08
47,131,11.0,1.02631695e-07
47,131,12.0,9.1528804e-08
47,131,13.0,2.5262028e-07
47,131,14.0,1.0353304e-07
47,132,0.0,8.404093e-08
47,132,1.0,3.092372e-07
47,132,2.0,3.2725045e-11
47,132,3.0,0.0
47,132,4.0,2.6249508e-10
47,132,5.0,9.912578e-07
47,132,6.0,1.1721821e-06
47,132,7.0,1.5115066e-07
47,132,8.0,2.9852754e-07
47,132,9.0,6.58422e-08
47,132,10.0,5.9344503e-09
47,132,11.0,3.6527524e-07
47,132,12.0,3.5578933e-07
47,132,13.0,2.9133915e-07
47,132,14.0,1.2235046e-07
47,133,0.0,3.0611137e-08
47,133,1.0,0.0
47,133,2.0,4.886378e-09
47,133,3.0,4.5203757e-07
47,133,4.0,5.3120283e-07
47,133,5.0,7.75658e-08
47,133,6.0,1.0563067e-07
47,133,7.0,7.388057e-07
47,133,8.0,1.01071e-06
47,133,9.0,1.2004521e-07
47,133,10.0,1.3510737e-07
47,133,11.0,2.8228047e-08
47,133,12.0,8.0035946e-08
47,133,13.0,3.667113e-08
47,133,14.0,2.8682135e-07
48,108,0.0,3.4931574e-07
48,108,1.0,1.48818415e-08
48,108,2.0,9.934621e-09
48,108,3.0,1.815372e-07
48,108,4.0,1.0867038e-06
48,108,5.0,4.569509e-07
48,108,6.0,7.487352e-08
48,108,7.0,1.41616265e-08
48,108,8.0,1.8451163e-07
48,108,9.0,9.2668815e-09
48,108,10.0,0.0
48,108,11.0,2.228358e-09
48,108,12.0,1.521195e-07
48,108,13.0,7.1084463e-07
48,108,14.0,1.677061e-06
48,109,0.0,3.0564044e-07
48,109,1.0,5.834255e-09
48,109,2.0,7.5175376e-07
48,109,3.0,1.4997805e-07
48,109,4.0,4.9487784e-07
48,109,5.0,3.7571633e-07
48,109,6.0,9.0081755e-08
48,109,7.0,4.634041e-07
48,109,8.0,0.0
48,109,9.0,5.0229434e-09
48,109,10.0,9.607844e-08
48,109,11.0,0.0
48,109,12.0,2.9070348e-09
48,109,13.0,1.3509324e-08
48,109,14.0,9.0780645e-09
48,110,0.0,2.7917463e-07
48,110,1.0,9.614743e-08
48,110,2.0,3.735347e-08
48,110,3.0,7.705217e-08
48,110,4.0,0.0
48,110,5.0,0.0
48,110,6.0,0.0
48,110,7.0,1.42214915e-08
48,110,8.0,1.9117616e-07
48,110,9.0,3.3686746e-07
48,110,10.0,1.8411258e-07
48,110,11.0,3.6290172e-07
48,110,12.0,5.564604e-08
48,110,13.0,2.731213e-08
48,110,14.0,1.466673e-07
48,111,0.0,3.4400028e-07
48,111,1.0,8.4005364e-07
48,111,2.0,1.0195349e-06
48,111,3.0,3.4425994e-08
48,111,4.0,1.12831975e-08
48,111,5.0,4.4443038e-08
48,111,6.0,5.7690085e-07
48,111,7.0,1.9982276e-06
48,111,8.0,1.2923894e-06
48,111,9.0,1.7306922e-06
48,111,10.0,3.4770635e-06
48,111,11.0,2.6836638e-06
48,111,12.0,1.2211509e-06
48,111,13.0,8.8419324e-07
48,111,14.0,6.809199e-07
48,112,0.0,0.0
48,112,1.0,1.5017902e-08
48,112,2.0,0.0
48,112,3.0,3.0235788e-07
48,112,4.0,2.221259e-11
48,112,5.0,0.0
48,112,6.0,0.0
48,112,7.0,3.1008804e-10
48,112,8.0,3.5303258e-09
48,112,9.0,0.0
48,112,10.0,0.0
48,112,11.0,0.0
48,112,12.0,4.2295417e-07
48,112,13.0,3.0830868e-06
48,112,14.0,6.468101e-06
48,113,0.0,2.2354658e-11
48,113,1.0,0.0
48,113,2.0,0.0
48,113,3.0,0.0
48,113,4.0,0.0
48,113,5.0,0.0
48,113,6.0,1.7099347e-07
48,113,7.0,8.908807e-08
48,113,8.0,3.2885744e-08
48,113,9.0,5.6867e-10
48,113,10.0,7.850776e-06
48,113,11.0,2.1753463e-05
48,113,12.0,4.413317e-05
48,113,13.0,4.308289e-05
48,113,14.0,4.503006e-05
48,114,0.0,3.6447393e-06
48,114,1.0,3.900895e-06
48,114,2.0,2.619855e-06
48,114,3.0,6.14338e-06
48,114,4.0,1.4567882e-05
48,114,5.0,1.3672467e-05
48,114,6.0,5.1546587e-05
48,114,7.0,7.994289e-05
48,114,8.0,8.2157225e-05
48,114,9.0,0.000115906754
48,114,10.0,0.00029543156
48,114,11.0,0.00057218276
48,114,12.0,0.00068586157
48,114,13.0,0.00071058766
48,114,14.0,0.0006884599
48,115,0.0,6.937788e-06
48,115,1.0,2.8312437e-05
48,115,2.0,9.166225e-05
48,115,3.0,0.00014945121
48,115,4.0,0.00021086738
48,115,5.0,0.00046643164
48,115,6.0,0.0005814485
48,115,7.0,0.00052408385
48,115,8.0,0.00052512455
48,115,9.0,0.0007981166
48,115,10.0,0.0015275797
48,115,11.0,0.0024244909
48,115,12.0,0.0030677083
48,115,13.0,0.0031886753
48,115,14.0,0.003110585
48,116,0.0,5.992866e-05
48,116,1.0,5.9829697e-05
48,116,2.0,0.0002769619
48,116,3.0,0.0009612955
48,116,4.0,0.001881654
48,116,5.0,0.0024912474
48,116,6.0,0.003281935
48,116,7.0,0.0032830592
48,116,8.0,0.003194374
48,116,9.0,0.0040378543
48,116,10.0,0.007071898
48,116,11.0,0.009908272
48,116,12.0,0.011462454
48,116,13.0,0.011988165
48,116,14.0,0.012151873
48,117,0.0,0.00013982494
48,117,1.0,0.00063906715
48,117,2.0,0.0015220498
48,117,3.0,0.0034594843
48,117,4.0,0.0046090772
48,117,5.0,0.006326883
48,117,6.0,0.007922721
48,117,7.0,0.0083931675
48,117,8.0,0.008886282
48,117,9.0,0.011612238
48,117,10.0,0.017680287
48,117,11.0,0.02432611
48,117,12.0,0.02836189
48,117,13.0,0.029528504
48,117,14.0,0.028859353
48,118,0.0,0.00070782163
48,118,1.0,0.0013630972
48,118,2.0,0.0036569845
48,118,3.0,0.0069995234
48,118,4.0,0.010709146
48,118,5.0,0.015650285
48,118,6.0,0.019663103
48,118,7.0,0.021206515
48,118,8.0,0.021628225
48,118,9.0,0.025215067
48,118,10.0,0.037395954
48,118,11.0,0.050865073
48,118,12.0,0.055907495
48,118,13.0,0.058859155
48,118,14.0,0.061602395
48,119,0.0,0.0009866105
48,119,1.0,0.0023527353
48,119,2.0,0.005358184
48,119,3.0,0.011306465
48,119,4.0,0.017172944
48,119,5.0,0.023170616
48,119,6.0,0.028832564
48,119,7.0,0.029765159
48,119,8.0,0.029497158
48,119,9.0,0.034449797
48,119,10.0,0.048415847
48,119,11.0,0.06213048
48,119,12.0,0.07182363
48,119,13.0,0.07459223
48,119,14.0,0.07463812
48,120,0.0,0.0011091479
48,120,1.0,0.0028760743
48,120,2.0,0.0069756834
48,120,3.0,0.013714267
48,120,4.0,0.019610476
48,120,5.0,0.02724038
48,120,6.0,0.03508515
48,120,7.0,0.037701502
48,120,8.0,0.037001263
48,120,9.0,0.04052442
48,120,10.0,0.053857885
48,120,11.0,0.07105385
48,120,12.0,0.08240778
48,120,13.0,0.08389121
48,120,14.0,0.0824636
48,121,0.0,0.00093050895
48,121,1.0,0.002287623
48,121,2.0,0.005694196
48,121,3.0,0.009975802
48,121,4.0,0.015096366
48,121,5.0,0.021562355
48,121,6.0,0.027043244
48,121,7.0,0.028260905
48,121,8.0,0.025507297
48,121,9.0,0.028831877
48,121,10.0,0.040314045
48,121,11.0,0.051087786
48,121,12.0,0.05626804
48,121,13.0,0.055871893
48,121,14.0,0.053660516
48,122,0.0,0.0005946794
48,122,1.0,0.0019634773
48,122,2.0,0.004082712
48,122,3.0,0.0068877796
48,122,4.0,0.010598174
48,122,5.0,0.015655361
48,122,6.0,0.020303769
48,122,7.0,0.020271022
48,122,8.0,0.018525802
48,122,9.0,0.020244539
48,122,10.0,0.028984414
48,122,11.0,0.035853345
48,122,12.0,0.03817957
48,122,13.0,0.03759863
48,122,14.0,0.037116606
48,123,0.0,0.0004146437
48,123,1.0,0.0014731654
48,123,2.0,0.0029722168
48,123,3.0,0.005928205
48,123,4.0,0.008271585
48,123,5.0,0.01061215
48,123,6.0,0.013207302
48,123,7.0,0.013239581
48,123,8.0,0.011976206
48,123,9.0,0.012470265
48,123,10.0,0.017568056
48,123,11.0,0.02263013
48,123,12.0,0.02265097
48,123,13.0,0.021534828
48,123,14.0,0.020656615
48,124,0.0,0.0006703956
48,124,1.0,0.0016237862
48,124,2.0,0.003545505
48,124,3.0,0.005788532
48,124,4.0,0.008163836
48,124,5.0,0.010338235
48,124,6.0,0.012016633
48,124,7.0,0.011202929
48,124,8.0,0.009689018
48,124,9.0,0.010005612
48,124,10.0,0.01376417
48,124,11.0,0.016177952
48,124,12.0,0.015175684
48,124,13.0,0.013523581
48,124,14.0,0.012288059
48,125,0.0,0.0015733882
48,125,1.0,0.0034340154
48,125,2.0,0.0045894245
48,125,3.0,0.0061419015
48,125,4.0,0.0072642425
48,125,5.0,0.008639347
48,125,6.0,0.008590898
48,125,7.0,0.0073922253
48,125,8.0,0.0059843496
48,125,9.0,0.0062193437
48,125,10.0,0.0077305995
48,125,11.0,0.008298847
48,125,12.0,0.007915938
48,125,13.0,0.007176556
48,125,14.0,0.0059944666
48,126,0.0,0.0020264005
48,126,1.0,0.0037262687
48,126,2.0,0.0044322093
48,126,3.0,0.005640573
48,126,4.0,0.0059487796
48,126,5.0,0.006319969
48,126,6.0,0.005917613
48,126,7.0,0.004484668
48,126,8.0,0.0035607768
48,126,9.0,0.003424195
48,126,10.0,0.0044692215
48,126,11.0,0.005457181
48,126,12.0,0.005104883
48,126,13.0,0.003873101
48,126,14.0,0.0026396685
48,127,0.0,0.0017020861
48,127,1.0,0.0025553256
48,127,2.0,0.0028595175
48,127,3.0,0.002774597
48,127,4.0,0.0028113462
48,127,5.0,0.0026046052
48,127,6.0,0.0023064117
48,127,7.0,0.0020537653
48,127,8.0,0.0015162851
48,127,9.0,0.0016293115
48,127,10.0,0.0018520933
48,127,11.0,0.0018251464
48,127,12.0,0.0015893481
48,127,13.0,0.0014912025
48,127,14.0,0.0009627545
48,128,0.0,0.0012958152
48,128,1.0,0.0013791866
48,128,2.0,0.0012732382
48,128,3.0,0.0011320143
48,128,4.0,0.0010773997
48,128,5.0,0.0011196051
48,128,6.0,0.0010374946
48,128,7.0,0.000816871
48,128,8.0,0.0006529059
48,128,9.0,0.00053656404
48,128,10.0,0.0006310979
48,128,11.0,0.00076273066
48,128,12.0,0.0006677862
48,128,13.0,0.0004704227
48,128,14.0,0.00040108248
48,129,0.0,0.0008190259
48,129,1.0,0.0007428078
48,129,2.0,0.0006062463
48,129,3.0,0.00049457414
48,129,4.0,0.0006111293
48,129,5.0,0.00060152804
48,129,6.0,0.00031401363
48,129,7.0,0.00016962564
48,129,8.0,0.0002641319
48,129,9.0,0.00028132647
48,129,10.0,0.00019460313
48,129,11.0,0.00025471867
48,129,12.0,0.0002317704
48,129,13.0,0.00026153613
48,129,14.0,0.00016001594
48,130,0.0,0.00043673193
48,130,1.0,0.00031300462
48,130,2.0,0.0002025678
48,130,3.0,0.00014657486
48,130,4.0,7.311247e-05
48,130,5.0,5.8416877e-05
48,130,6.0,5.338675e-05
48,130,7.0,4.336327e-05
48,130,8.0,3.2985514e-05
48,130,9.0,1.3985576e-05
48,130,10.0,1.8770868e-05
48,130,11.0,5.18446e-05
48,130,12.0,8.864086e-05
48,130,13.0,8.812882e-05
48,130,14.0,4.1242718e-05
48,131,0.0,1.6149717e-05
48,131,1.0,7.714792e-06
48,131,2.0,7.423325e-10
48,131,3.0,0.0
48,131,4.0,1.9908759e-08
48,131,5.0,1.4144288e-08
48,131,6.0,8.706499e-09
48,131,7.0,2.6625393e-08
48,131,8.0,7.736658e-08
48,131,9.0,0.0
48,131,10.0,0.0
48,131,11.0,8.354877e-09
48,131,12.0,9.652528e-09
48,131,13.0,0.0
48,131,14.0,0.0
48,132,0.0,4.7186265e-07
48,132,1.0,3.5475125e-07
48,132,2.0,1.1934729e-07
48,132,3.0,2.3915243e-07
48,132,4.0,1.5734948e-07
48,132,5.0,1.0302753e-09
48,132,6.0,2.0747716e-08
48,132,7.0,2.7978427e-07
48,132,8.0,6.6032136e-08
48,132,9.0,6.7850806e-08
48,132,10.0,3.0747803e-08
48,132,11.0,5.631221e-08
48,132,12.0,6.142557e-07
48,132,13.0,6.1992847e-07
48,132,14.0,2.608902e-08
48,133,0.0,4.237957e-07
48,133,1.0,6.498395e-08
48,133,2.0,1.2685905e-07
48,133,3.0,3.7868259e-07
48,133,4.0,7.722674e-07
48,133,5.0,9.873064e-08
48,133,6.0,0.0
48,133,7.0,6.1303666e-08
48,133,8.0,2.9590538e-07
48,133,9.0,2.3557568e-07
48,133,10.0,5.3207197e-07
48,133,11.0,9.776413e-07
48,133,12.0,8.600359e-07
48,133,13.0,1.2920443e-06
48,133,14.0,7.8513054e-08
48,134,0.0,4.2327972e-08
48,134,1.0,5.973187e-09
48,134,2.0,1.0597546e-07
48,134,3.0,3.2480537e-07
48,134,4.0,1.0706659e-06
48,134,5.0,1.7486519e-06
48,134,6.0,1.959709e-06
48,134,7.0,8.3386135e-07
48,134,8.0,2.0171647e-06
48,134,9.0,1.1826451e-06
48,134,10.0,1.8053744e-07
48,134,11.0,1.5461929e-08
48,134,12.0,7.960715e-10
48,134,13.0,3.7979078e-09
48,134,14.0,6.462463e-08
48,135,0.0,5.1900764e-07
48,135,1.0,9.4293554e-08
48,135,2.0,5.773684e-08
48,135,3.0,1.0081233e-08
48,135,4.0,2.680381e-07
48,135,5.0,1.1188656e-06
48,135,6.0,5.0383824e-07
48,135,7.0,0.0
48,135,8.0,0.0
48,135,9.0,4.6437194e-07
48,135,10.0,2.5430268e-07
48,135,11.0,8.002141e-08
48,135,12.0,1.1262659e-07
48,135,13.0,4.6811103e-08
48,135,14.0,2.625945e-07
48,136,0.0,2.0441824e-08
48,136,1.0,9.245908e-08
48,136,2.0,8.465377e-08
48,136,3.0,4.2689985e-07
48,136,4.0,8.3367087e-07
48,136,5.0,4.4395733e-06
48,136,6.0,1.3793078e-07
48,136,7.0,3.959204e-07
48,136,8.0,4.3248528e-07
48,136,9.0,1.4729382e-07
48,136,10.0,2.0480208e-07
48,136,11.0,5.0899234e-07
48,136,12.0,1.9614336e-07
48,136,13.0,8.9350727e-10
48,136,14.0,4.7240228e-08
49,110,0.0,7.7049486e-07
49,110,1.0,5.89293e-07
49,110,2.0,4.651099e-08
49,110,3.0,5.1548907e-09
49,110,4.0,5.263807e-09
49,110,5.0,0.0
49,110,6.0,8.246294e-08
49,110,7.0,1.5470658e-07
49,110,8.0,3.6211365e-08
49,110,9.0,2.414117e-07
49,110,10.0,4.2318246e-07
49,110,11.0,1.753068e-06
49,110,12.0,3.6477902e-06
49,110,13.0,1.7572903e-06
49,110,14.0,1.5447753e-06
49,111,0.0,3.8186462e-07
49,111,1.0,4.5154667e-07
49,111,2.0,8.068568e-09
49,111,3.0,6.9511e-07
49,111,4.0,2.1842957e-06
49,111,5.0,3.5042342e-07
49,111,6.0,2.0613102e-09
49,111,7.0,0.0
49,111,8.0,0.0
49,111,9.0,0.0
49,111,10.0,1.6053958e-08
49,111,11.0,0.0
49,111,12.0,0.0
49,111,13.0,0.0
49,111,14.0,0.0
49,112,0.0,8.2327244e-07
49,112,1.0,9.31637e-07
49,112,2.0,3.2865945e-08
49,112,3.0,4.9030634e-11
49,112,4.0,4.5487887e-08
49,112,5.0,1.1982087e-08
49,112,6.0,1.0298477e-07
49,112,7.0,1.7268754e-07
49,112,8.0,1.4958799e-07
49,112,9.0,2.1065999e-07
49,112,10.0,1.39777e-07
49,112,11.0,1.9995458e-08
49,112,12.0,1.6308302e-08
49,112,13.0,3.0169915e-08
49,112,14.0,1.13314975e-08
49,113,0.0,5.5124634e-08
49,113,1.0,5.268481e-07
49,113,2.0,1.76424e-07
49,113,3.0,6.5067445e-07
49,113,4.0,3.660746e-09
49,113,5.0,2.7530254e-08
49,113,6.0,5.374388e-09
49,113,7.0,7.333744e-09
49,113,8.0,4.4569234e-08
49,113,9.0,1.5269231e-07
49,113,10.0,6.7576184e-07
49,113,11.0,9.116281e-08
49,113,12.0,5.5171498e-08
49,113,13.0,1.5563256e-07
49,113,14.0,1.5961307e-07
49,114,0.0,5.187505e-07
49,114,1.0,0.0
49,114,2.0,3.023665e-07
49,114,3.0,4.1554438e-07
49,114,4.0,7.6556894e-08
49,114,5.0,1.4516093e-08
49,114,6.0,2.5850001e-08
49,114,7.0,3.325689e-09
49,114,8.0,1.4415802e-07
49,114,9.0,1.2437222e-07
49,114,10.0,2.1125317e-09
49,114,11.0,1.5879033e-06
49,114,12.0,4.1674184e-07
49,114,13.0,1.3134674e-07
49,114,14.0,4.8722654e-07
49,115,0.0,0.0
49,115,1.0,8.835484e-08
49,115,2.0,3.8592966e-11
49,115,3.0,4.0815085e-10
49,115,4.0,1.8000769e-07
49,115,5.0,2.6835252e-07
49,115,6.0,7.3475825e-08
49,115,7.0,0.0
49,115,8.0,0.0
49,115,9.0,0.0
49,115,10.0,5.782664e-07
49,115,11.0,9.660256e-06
49,115,12.0,1.7481128e-05
49,115,13.0,2.3847086e-05
49,115,14.0,3.8893064e-05
49,116,0.0,9.11148e-08
49,116,1.0,0.0
49,116,2.0,0.0
49,116,3.0,4.8573416e-09
49,116,4.0,0.0
49,116,5.0,9.683349e-07
49,116,6.0,1.9292387e-05
49,116,7.0,2.3594337e-05
49,116,8.0,1.6195203e-05
49,116,9.0,8.602936e-06
49,116,10.0,4.9533664e-05
49,116,11.0,9.8649434e-05
49,116,12.0,0.00013741484
49,116,13.0,0.00015841812
49,116,14.0,0.00024379205
49,117,0.0,4.748078e-07
49,117,1.0,1.1319688e-06
49,117,2.0,1.481446e-08
49,117,3.0,8.231931e-06
49,117,4.0,4.388474e-05
49,117,5.0,4.1165342e-05
49,117,6.0,0.00014891826
49,117,7.0,0.0002248441
49,117,8.0,0.00019357538
49,117,9.0,0.00026622452
49,117,10.0,0.000494669
49,117,11.0,0.00094040437
49,117,12.0,0.0010291203
49,117,13.0,0.0011240249
49,117,14.0,0.0012849763
49,118,0.0,1.1026856e-06
49,118,1.0,2.0040346e-05
49,118,2.0,7.4034135e-05
49,118,3.0,0.0002326918
49,118,4.0,0.00042737185
49,118,5.0,0.0006984328
49,118,6.0,0.0010655411
49,118,7.0,0.0011576216
49,118,8.0,0.0009813104
49,118,9.0,0.0013223608
49,118,10.0,0.0023834466
49,118,11.0,0.0040008803
49,118,12.0,0.0045461627
49,118,13.0,0.0046651196
49,118,14.0,0.0050405245
49,119,0.0,4.1422416e-05
49,119,1.0,0.00019882202
49,119,2.0,0.00034649842
49,119,3.0,0.000908186
49,119,4.0,0.0015507282
49,119,5.0,0.0031204238
49,119,6.0,0.004540768
49,119,7.0,0.004874952
49,119,8.0,0.0045285434
49,119,9.0,0.0054153316
49,119,10.0,0.009075252
49,119,11.0,0.013958572
49,119,12.0,0.016020713
49,119,13.0,0.016694937
49,119,14.0,0.01750925
49,120,0.0,0.00013569609
49,120,1.0,0.000587245
49,120,2.0,0.001247788
49,120,3.0,0.0027446516
49,120,4.0,0.004441233
49,120,5.0,0.0072143
49,120,6.0,0.009477726
49,120,7.0,0.010543582
49,120,8.0,0.010631756
49,120,9.0,0.014051273
49,120,10.0,0.020276839
49,120,11.0,0.028209314
49,120,12.0,0.033414714
49,120,13.0,0.034985732
49,120,14.0,0.035659075
49,121,0.0,0.00033582508
49,121,1.0,0.0010960741
49,121,2.0,0.0025846295
49,121,3.0,0.0052664923
49,121,4.0,0.009113766
49,121,5.0,0.013603131
49,121,6.0,0.018099759
49,121,7.0,0.019974222
49,121,8.0,0.021636147
49,121,9.0,0.024865448
49,121,10.0,0.03715375
49,121,11.0,0.047268447
49,121,12.0,0.053082433
49,121,13.0,0.057494495
49,121,14.0,0.06053922
49,122,0.0,0.0004269812
49,122,1.0,0.0012445168
49,122,2.0,0.0035028404
49,122,3.0,0.0068323095
49,122,4.0,0.011402867
49,122,5.0,0.016513882
49,122,6.0,0.021673908
49,122,7.0,0.026106888
49,122,8.0,0.026186964
49,122,9.0,0.03177986
49,122,10.0,0.04536598
49,122,11.0,0.0587326
49,122,12.0,0.066415764
49,122,13.0,0.069595985
49,122,14.0,0.07034295
49,123,0.0,0.00055610284
49,123,1.0,0.0018221588
49,123,2.0,0.004076465
49,123,3.0,0.008550844
49,123,4.0,0.01474915
49,123,5.0,0.021518826
49,123,6.0,0.026500402
49,123,7.0,0.028705906
49,123,8.0,0.027772844
49,123,9.0,0.030778473
49,123,10.0,0.0414843
49,123,11.0,0.056711834
49,123,12.0,0.064049885
49,123,13.0,0.06474095
49,123,14.0,0.062780775
49,124,0.0,0.00047304295
49,124,1.0,0.0013725642
49,124,2.0,0.0031902976
49,124,3.0,0.0066922754
49,124,4.0,0.011630204
49,124,5.0,0.017230663
49,124,6.0,0.022651246
49,124,7.0,0.02278705
49,124,8.0,0.02255725
49,124,9.0,0.02704823
49,124,10.0,0.03479579
49,124,11.0,0.047709506
49,124,12.0,0.049385503
49,124,13.0,0.047087748
49,124,14.0,0.046966914
49,125,0.0,0.0008645825
49,125,1.0,0.0023875951
49,125,2.0,0.0060352744
49,125,3.0,0.01116371
49,125,4.0,0.016435204
49,125,5.0,0.022717929
49,125,6.0,0.0274829
49,125,7.0,0.025295507
49,125,8.0,0.026598698
49,125,9.0,0.028524531
49,125,10.0,0.03767324
49,125,11.0,0.0429023
49,125,12.0,0.04626287
49,125,13.0,0.04604437
49,125,14.0,0.04296034
49,126,0.0,0.0032877373
49,126,1.0,0.007199051
49,126,2.0,0.012963786
49,126,3.0,0.019813418
49,126,4.0,0.027288057
49,126,5.0,0.031894013
49,126,6.0,0.03371263
49,126,7.0,0.032609753
49,126,8.0,0.02796807
49,126,9.0,0.030838083
49,126,10.0,0.03683523
49,126,11.0,0.04197082
49,126,12.0,0.043676935
49,126,13.0,0.038350046
49,126,14.0,0.035401672
49,127,0.0,0.007880421
49,127,1.0,0.012828707
49,127,2.0,0.024028903
49,127,3.0,0.03103737
49,127,4.0,0.038741007
49,127,5.0,0.045863267
49,127,6.0,0.04859773
49,127,7.0,0.042020883
49,127,8.0,0.034621555
49,127,9.0,0.035124976
49,127,10.0,0.041407254
49,127,11.0,0.04587511
49,127,12.0,0.043176685
49,127,13.0,0.037712637
49,127,14.0,0.03246917
49,128,0.0,0.015320843
49,128,1.0,0.02425263
49,128,2.0,0.032320734
49,128,3.0,0.035275213
49,128,4.0,0.039628077
49,128,5.0,0.04251901
49,128,6.0,0.041154496
49,128,7.0,0.036018778
49,128,8.0,0.030913958
49,128,9.0,0.03013366
49,128,10.0,0.034021582
49,128,11.0,0.036797553
49,128,12.0,0.034097828
49,128,13.0,0.029618906
49,128,14.0,0.02555076
49,129,0.0,0.021458436
49,129,1.0,0.028339013
49,129,2.0,0.033432655
49,129,3.0,0.03532006
49,129,4.0,0.03464484
49,129,5.0,0.03325021
49,129,6.0,0.030849371
49,129,7.0,0.027214913
49,129,8.0,0.022177605
49,129,9.0,0.021598702
49,129,10.0,0.023261262
49,129,11.0,0.022544254
49,129,12.0,0.021259923
49,129,13.0,0.019402405
49,129,14.0,0.017942594
49,130,0.0,0.017260568
49,130,1.0,0.023317348
49,130,2.0,0.024543397
49,130,3.0,0.021644443
49,130,4.0,0.019262098
49,130,5.0,0.016878402
49,130,6.0,0.01528429
49,130,7.0,0.013489272
49,130,8.0,0.011981713
49,130,9.0,0.011606821
49,130,10.0,0.010336931
49,130,11.0,0.010936949
49,130,12.0,0.009357456
49,130,13.0,0.007824914
49,130,14.0,0.00594338
49,131,0.0,0.007501859
49,131,1.0,0.009505994
49,131,2.0,0.008486696
49,131,3.0,0.0069500785
49,131,4.0,0.005890261
49,131,5.0,0.0051879934
49,131,6.0,0.004272151
49,131,7.0,0.0036456455
49,131,8.0,0.003087597
49,131,9.0,0.0024514103
49,131,10.0,0.002102207
49,131,11.0,0.0021240006
49,131,12.0,0.0019376173
49,131,13.0,0.0016284089
49,131,14.0,0.0011189533
49,132,0.0,0.0011665543
49,132,1.0,0.0017402432
49,132,2.0,0.0014034453
49,132,3.0,0.0010290701
49,132,4.0,0.0006243664
49,132,5.0,0.0006026912
49,132,6.0,0.00048764347
49,132,7.0,0.00036122123
49,132,8.0,0.00032098385
49,132,9.0,0.00035572227
49,132,10.0,0.00027352993
49,132,11.0,0.00021509101
49,132,12.0,0.00012483227
49,132,13.0,0.00010491959
49,132,14.0,8.285803e-05
49,133,0.0,0.00012426931
49,133,1.0,0.00010645986
49,133,2.0,0.00016507157
49,133,3.0,5.319676e-05
49,133,4.0,2.6895283e-05
49,133,5.0,4.6285577e-06
49,133,6.0,1.810161e-06
49,133,7.0,1.14810955e-05
49,133,8.0,1.0461528e-05
49,133,9.0,1.1904942e-05
49,133,10.0,2.2011944e-05
49,133,11.0,1.0279085e-05
49,133,12.0,2.416824e-06
49,133,13.0,4.321854e-07
49,133,14.0,1.9278225e-07
49,134,0.0,6.661974e-08
49,134,1.0,1.944137e-06
49,134,2.0,5.2408947e-08
49,134,3.0,7.9105484e-07
49,134,4.0,1.6722643e-09
49,134,5.0,4.739885e-08
49,134,6.0,6.7530626e-10
49,134,7.0,8.678786e-09
49,134,8.0,5.2832837e-07
49,134,9.0,1.0886567e-06
49,134,10.0,1.0732679e-06
49,134,11.0,1.15500086e-07
49,134,12.0,1.3851923e-11
49,134,13.0,0.0
49,134,14.0,8.48898e-08
49,135,0.0,5.831513e-08
49,135,1.0,5.9629417e-07
49,135,2.0,1.1984656e-08
49,135,3.0,2.853092e-09
49,135,4.0,4.0127144e-08
49,135,5.0,3.8523444e-06
49,135,6.0,1.2982522e-06
49,135,7.0,1.1037203e-10
49,135,8.0,9.357235e-08
49,135,9.0,1.6329746e-07
49,135,10.0,4.9129994e-07
49,135,11.0,2.5955512e-07
49,135,12.0,2.963513e-07
49,135,13.0,1.5269231e-07
49,135,14.0,4.5430383e-08
49,136,0.0,5.7991198e-08
49,136,1.0,9.41844e-07
49,136,2.0,1.5246255e-07
49,136,3.0,3.4286889e-09
49,136,4.0,2.0727833e-09
49,136,5.0,7.671384e-08
49,136,6.0,1.4490353e-06
49,136,7.0,4.6595258e-07
49,136,8.0,4.3657686e-09
49,136,9.0,0.0
49,136,10.0,2.0920616e-09
49,136,11.0,4.3444177e-07
49,136,12.0,2.7090758e-07
49,136,13.0,7.9244785e-08
49,136,14.0,2.8496996e-07
49,137,0.0,2.1503507e-07
49,137,1.0,6.176707e-10
49,137,2.0,1.5257946e-08
49,137,3.0,0.0
49,137,4.0,1.6226313e-07
49,137,5.0,1.3521717e-06
49,137,6.0,5.8871166e-07
49,137,7.0,1.1610617e-06
49,137,8.0,9.752454e-07
49,137,9.0,1.09028385e-07
49,137,10.0,2.686538e-09
49,137,11.0,1.1704655e-07
49,137,12.0,3.9466908e-08
49,137,13.0,7.114188e-08
49,137,14.0,2.7177654e-07
49,138,0.0,3.1290037e-07
49,138,1.0,5.898525e-08
49,138,2.0,6.405857e-07
49,138,3.0,4.1769988e-07
49,138,4.0,3.4420393e-07
49,138,5.0,6.1847817e-07
49,138,6.0,5.348776e-07
49,138,7.0,1.3392884e-07
49,138,8.0,8.5369743e-07
49,138,9.0,1.3563199e-06
49,138,10.0,8.062445e-08
49,138,11.0,7.494401e-10
49,138,12.0,1.5522501e-07
49,138,13.0,5.197849e-07
49,138,14.0,7.5792805e-08
50,113,0.0,1.5635669e-07
50,113,1.0,4.0817584e-12
50,113,2.0,7.767725e-09
50,113,3.0,8.756554e-08
50,113,4.0,1.6197814e-07
50,113,5.0,1.2120141e-07
50,113,6.0,3.96189e-07
50,113,7.0,4.0016286e-07
50,113,8.0,3.1228245e-07
50,113,9.0,1.3989786e-07
50,113,10.0,1.0085419e-08
50,113,11.0,0.0
50,113,12.0,0.0
50,113,13.0,0.0
50,113,14.0,0.0
50,114,0.0,1.3882882e-06
50,114,1.0,3.7585818e-07
50,114,2.0,2.742059e-07
50,114,3.0,1.2646286e-06
50,114,4.0,1.0214113e-06
50,114,5.0,1.6875309e-06
50,114,6.0,3.089973e-07
50,114,7.0,1.1152047e-07
50,114,8.0,4.571116e-08
50,114,9.0,1.03232026e-07
50,114,10.0,6.843742e-07
50,114,11.0,9.239896e-07
50,114,12.0,3.9007443e-07
50,114,13.0,1.502945e-07
50,114,14.0,7.251894e-08
50,115,0.0,4.31987e-08
50,115,1.0,1.4211517e-07
50,115,2.0,2.5118746e-07
50,115,3.0,2.0108882e-07
50,115,4.0,1.8392518e-08
50,115,5.0,2.478079e-09
50,115,6.0,8.843692e-09
50,115,7.0,3.3295703e-07
50,115,8.0,1.3099911e-06
50,115,9.0,1.579138e-06
50,115,10.0,2.893168e-07
50,115,11.0,1.3663556e-07
50,115,12.0,1.7744637e-07
50,115,13.0,3.6252882e-07
50,115,14.0,8.5697314e-07
50,116,0.0,5.4556324e-07
50,116,1.0,5.9534864e-07
50,116,2.0,1.6127402e-07
50,116,3.0,4.6584487e-09
50,116,4.0,9.796266e-08
50,116,5.0,1.1986222e-07
50,116,6.0,8.2777944e-07
50,116,7.0,3.2906968e-07
50,116,8.0,8.40487e-10
50,116,9.0,0.0
50,116,10.0,1.0257484e-08
50,116,11.0,4.079854e-08
50,116,12.0,3.598883e-09
50,116,13.0,1.0249838e-08
50,116,14.0,1.4881138e-07
50,117,0.0,0.0
50,117,1.0,0.0
50,117,2.0,0.0
50,117,3.0,0.0
50,117,4.0,0.0
50,117,5.0,0.0
50,117,6.0,2.501345e-10
50,117,7.0,6.116147e-08
50,117,8.0,2.1472413e-08
50,117,9.0,8.8712226e-10
50,117,10.0,1.558778e-08
50,117,11.0,1.1264344e-07
50,117,12.0,3.8949918e-07
50,117,13.0,6.1558814e-07
50,117,14.0,9.2017365e-07
50,118,0.0,8.949886e-08
50,118,1.0,0.0
50,118,2.0,0.0
50,118,3.0,0.0
50,118,4.0,6.0717664e-10
50,118,5.0,0.0
50,118,6.0,0.0
50,118,7.0,4.7269538e-07
50,118,8.0,2.132653e-06
50,118,9.0,7.031796e-08
50,118,10.0,6.2826894e-06
50,118,11.0,2.1255864e-05
50,118,12.0,4.2651798e-05
50,118,13.0,5.4149456e-05
50,118,14.0,6.1263294e-05
50,119,0.0,5.9446602e-08
50,119,1.0,8.739212e-07
50,119,2.0,1.131722e-06
50,119,3.0,3.5492653e-06
50,119,4.0,4.144431e-05
50,119,5.0,4.948379e-05
50,119,6.0,8.015272e-05
50,119,7.0,6.269886e-05
50,119,8.0,6.887217e-05
50,119,9.0,0.000101414604
50,119,10.0,0.00018506577
50,119,11.0,0.0004261347
50,119,12.0,0.00048600856
50,119,13.0,0.00054094545
50,119,14.0,0.00065034966
50,120,0.0,3.0153222e-07
50,120,1.0,7.871855e-06
50,120,2.0,8.921801e-05
50,120,3.0,9.2191935e-05
50,120,4.0,0.00023140205
50,120,5.0,0.0003631554
50,120,6.0,0.00044884288
50,120,7.0,0.0004182796
50,120,8.0,0.00040735598
50,120,9.0,0.00075017207
50,120,10.0,0.0013884328
50,120,11.0,0.0022586242
50,120,12.0,0.0027155427
50,120,13.0,0.0029965772
50,120,14.0,0.003360589
50,121,0.0,2.935808e-05
50,121,1.0,0.00014442072
50,121,2.0,0.00020401824
50,121,3.0,0.00049022
50,121,4.0,0.00077028724
50,121,5.0,0.001462296
50,121,6.0,0.0022173945
50,121,7.0,0.002009961
50,121,8.0,0.0020825388
50,121,9.0,0.0026657924
50,121,10.0,0.0050559225
50,121,11.0,0.0077751484
50,121,12.0,0.009090491
50,121,13.0,0.009550325
50,121,14.0,0.00982394
50,122,0.0,0.00012687757
50,122,1.0,0.00045023262
50,122,2.0,0.0008711987
50,122,3.0,0.0020299328
50,122,4.0,0.0034192037
50,122,5.0,0.0053472477
50,122,6.0,0.007423667
50,122,7.0,0.008476925
50,122,8.0,0.008280191
50,122,9.0,0.010024263
50,122,10.0,0.01505662
50,122,11.0,0.020972544
50,122,12.0,0.024231268
50,122,13.0,0.025429364
50,122,14.0,0.026270645
50,123,0.0,0.00029166535
50,123,1.0,0.0006311896
50,123,2.0,0.0020015165
50,123,3.0,0.004180674
50,123,4.0,0.007186667
50,123,5.0,0.009760012
50,123,6.0,0.012126663
50,123,7.0,0.013299868
50,123,8.0,0.014945515
50,123,9.0,0.019851115
50,123,10.0,0.02632441
50,123,11.0,0.03631677
50,123,12.0,0.040143944
50,123,13.0,0.04234024
50,123,14.0,0.044858932
50,124,0.0,0.0004254165
50,124,1.0,0.0018365247
50,124,2.0,0.0038096805
50,124,3.0,0.006440389
50,124,4.0,0.011350694
50,124,5.0,0.016545085
50,124,6.0,0.02123486
50,124,7.0,0.023365162
50,124,8.0,0.02156988
50,124,9.0,0.025944099
50,124,10.0,0.04067182
50,124,11.0,0.05067487
50,124,12.0,0.05848223
50,124,13.0,0.060133833
50,124,14.0,0.060705654
50,125,0.0,0.0011274986
50,125,1.0,0.0026283124
50,125,2.0,0.0055683106
50,125,3.0,0.009458707
50,125,4.0,0.013914239
50,125,5.0,0.020092698
50,125,6.0,0.024877485
50,125,7.0,0.02606085
50,125,8.0,0.027233636
50,125,9.0,0.033746436
50,125,10.0,0.044140574
50,125,11.0,0.05251038
50,125,12.0,0.058273874
50,125,13.0,0.05935637
50,125,14.0,0.06049786
50,126,0.0,0.0038751182
50,126,1.0,0.0070774425
50,126,2.0,0.011950903
50,126,3.0,0.01835186
50,126,4.0,0.025292287
50,126,5.0,0.034039814
50,126,6.0,0.04024359
50,126,7.0,0.038724802
50,126,8.0,0.04098804
50,126,9.0,0.045542944
50,126,10.0,0.05866335
50,126,11.0,0.06661188
50,126,12.0,0.07392731
50,126,13.0,0.0739029
50,126,14.0,0.07180155
50,127,0.0,0.013732062
50,127,1.0,0.021915484
50,127,2.0,0.030832272
50,127,3.0,0.04059665
50,127,4.0,0.05110506
50,127,5.0,0.06023903
50,127,6.0,0.06678275
50,127,7.0,0.06535723
50,127,8.0,0.06434892
50,127,9.0,0.06989218
50,127,10.0,0.08227829
50,127,11.0,0.09352204
50,127,12.0,0.09730046
50,127,13.0,0.09139487
50,127,14.0,0.08579117
50,128,0.0,0.04568346
50,128,1.0,0.061668742
50,128,2.0,0.09028836
50,128,3.0,0.10989669
50,128,4.0,0.12454594
50,128,5.0,0.13581924
50,128,6.0,0.14272515
50,128,7.0,0.13783158
50,128,8.0,0.12647575
50,128,9.0,0.12486974
50,128,10.0,0.14369513
50,128,11.0,0.15506281
50,128,12.0,0.15134679
50,128,13.0,0.13997234
50,128,14.0,0.1293333
50,129,0.0,0.10741445
50,129,1.0,0.14326246
50,129,2.0,0.16626868
50,129,3.0,0.17985572
50,129,4.0,0.18714172
50,129,5.0,0.19069798
50,129,6.0,0.19273376
50,129,7.0,0.18369965
50,129,8.0,0.17274746
50,129,9.0,0.16628975
50,129,10.0,0.17006683
50,129,11.0,0.17536028
50,129,12.0,0.16836616
50,129,13.0,0.1589049
50,129,14.0,0.14762338
50,130,0.0,0.20778917
50,130,1.0,0.23556906
50,130,2.0,0.24174504
50,130,3.0,0.23901081
50,130,4.0,0.23035194
50,130,5.0,0.22341341
50,130,6.0,0.2181786
50,130,7.0,0.20809577
50,130,8.0,0.1952929
50,130,9.0,0.1776782
50,130,10.0,0.17977108
50,130,11.0,0.17043228
50,130,12.0,0.16254482
50,130,13.0,0.15712225
50,130,14.0,0.14614238
50,131,0.0,0.21826883
50,131,1.0,0.23274352
50,131,2.0,0.20694107
50,131,3.0,0.18451957
50,131,4.0,0.17579827
50,131,5.0,0.16517869
50,131,6.0,0.14480358
50,131,7.0,0.14302568
50,131,8.0,0.13966018
50,131,9.0,0.12161319
50,131,10.0,0.11432506
50,131,11.0,0.1014694
50,131,12.0,0.0934548
50,131,13.0,0.086776614
50,131,14.0,0.08234106
50,132,0.0,0.17442286
50,132,1.0,0.1720539
50,132,2.0,0.13255328
50,132,3.0,0.0988003
50,132,4.0,0.08431739
50,132,5.0,0.07025302
50,132,6.0,0.05963597
50,132,7.0,0.056214012
50,132,8.0,0.05576703
50,132,9.0,0.04838743
50,132,10.0,0.045892067
50,132,11.0,0.043066233
50,132,12.0,0.038013887
50,132,13.0,0.03480701
50,132,14.0,0.030948702
50,133,0.0,0.041242663
50,133,1.0,0.036349375
50,133,2.0,0.028225295
50,133,3.0,0.02059355
50,133,4.0,0.015705489
50,133,5.0,0.013459726
50,133,6.0,0.009505011
50,133,7.0,0.008974428
50,133,8.0,0.008863913
50,133,9.0,0.0076297414
50,133,10.0,0.0077211196
50,133,11.0,0.006130841
50,133,12.0,0.004938594
50,133,13.0,0.0040436722
50,133,14.0,0.0037956433
50,134,0.0,0.008346376
50,134,1.0,0.006986564
50,134,2.0,0.0044183037
50,134,3.0,0.0028927953
50,134,4.0,0.0019141559
50,134,5.0,0.0010632868
50,134,6.0,0.001028222
50,134,7.0,0.0015122285
50,134,8.0,0.0015883931
50,134,9.0,0.0011655487
50,134,10.0,0.00084808725
50,134,11.0,0.0005014803
50,134,12.0,0.00042119602
50,134,13.0,0.0004045946
50,134,14.0,0.00034939143
50,135,0.0,0.000997742
50,135,1.0,0.00090373546
50,135,2.0,0.00060821336
50,135,3.0,0.00051829405
50,135,4.0,0.00037312083
50,135,5.0,0.00022382196
50,135,6.0,0.00010891721
50,135,7.0,7.604882e-05
50,135,8.0,0.00012694542
50,135,9.0,7.769658e-05
50,135,10.0,6.430742e-05
50,135,11.0,2.0082243e-05
50,135,12.0,2.0961422e-06
50,135,13.0,1.987701e-06
50,135,14.0,4.664045e-06
50,136,0.0,7.921521e-05
50,136,1.0,6.6691878e-06
50,136,2.0,9.880316e-07
50,136,3.0,5.0105195e-06
50,136,4.0,1.112532e-06
50,136,5.0,0.0
50,136,6.0,4.56888e-08
50,136,7.0,3.906284e-07
50,136,8.0,4.3611976e-08
50,136,9.0,3.4657938e-07
50,136,10.0,3.731426e-08
50,136,11.0,0.0
50,136,12.0,0.0
50,136,13.0,0.0
50,136,14.0,1.0874781e-08
50,137,0.0,4.486103e-07
50,137,1.0,2.588253e-07
50,137,2.0,0.0
50,137,3.0,1.4297612e-08
50,137,4.0,2.6013547e-07
50,137,5.0,2.5474532e-07
50,137,6.0,1.4820081e-07
50,137,7.0,2.8824576e-07
50,137,8.0,3.7909473e-07
50,137,9.0,2.2723668e-07
50,137,10.0,2.9088375e-07
50,137,11.0,3.340741e-07
50,137,12.0,1.0170634e-07
50,137,13.0,8.394772e-08
50,137,14.0,6.614256e-09
50,138,0.0,6.8474655e-08
50,138,1.0,1.0592002e-07
50,138,2.0,5.1939622e-08
50,138,3.0,5.039326e-07
50,138,4.0,2.7065536e-07
50,138,5.0,1.5599358e-09
50,138,6.0,2.4238527e-09
50,138,7.0,2.5747173e-07
50,138,8.0,4.220403e-07
50,138,9.0,1.2632306e-06
50,138,10.0,1.7529224e-07
50,138,11.0,9.577944e-08
50,138,12.0,2.5482797e-07
50,138,13.0,4.26296e-07
50,138,14.0,4.0868971e-07
50,139,0.0,6.532802e-07
50,139,1.0,0.0
50,139,2.0,5.285284e-07
50,139,3.0,6.5492753e-07
50,139,4.0,1.8769276e-07
50,139,5.0,6.4950406e-08
50,139,6.0,5.2351805e-08
50,139,7.0,4.4765122e-07
50,139,8.0,1.6143204e-07
50,139,9.0,3.186466e-07
50,139,10.0,2.7718318e-07
50,139,11.0,1.9179116e-07
50,139,12.0,1.0365336e-07
50,139,13.0,6.726682e-08
50,139,14.0,7.553505e-08
50,140,0.0,6.916311e-08
50,140,1.0,5.781988e-07
50,140,2.0,4.334994e-07
50,140,3.0,1.2069223e-07
50,140,4.0,5.5588765e-09
50,140,5.0,3.944527e-09
50,140,6.0,1.1981903e-07
50,140,7.0,7.635684e-08
50,140,8.0,2.8100033e-07
50,140,9.0,4.3618672e-07
50,140,10.0,2.3819668e-07
50,140,11.0,1.3119637e-07
50,140,12.0,1.3607557e-07
50,140,13.0,1.7701556e-07
50,140,14.0,1.9093581e-07
51,116,0.0,2.2731852e-07
51,116,1.0,7.215438e-08
51,116,2.0,2.7215822e-07
51,116,3.0,5.083378e-07
51,116,4.0,6.283399e-07
51,116,5.0,5.8924483e-09
51,116,6.0,1.11469596e-07
51,116,7.0,1.073833e-07
51,116,8.0,1.6742806e-07
51,116,9.0,1.1601805e-07
51,116,10.0,1.2425127e-07
51,116,11.0,1.8749138e-07
51,116,12.0,6.3958305e-07
51,116,13.0,5.4199927e-07
51,116,14.0,1.4560015e-07
51,117,0.0,1.7187583e-07
51,117,1.0,5.196816e-07
51,117,2.0,1.9346771e-06
51,117,3.0,8.81213e-07
51,117,4.0,6.001495e-07
51,117,5.0,4.142978e-07
51,117,6.0,4.7652996e-08
51,117,7.0,1.764771e-09
51,117,8.0,1.54408e-07
51,117,9.0,1.2047472e-07
51,117,10.0,0.0
51,117,11.0,2.5859828e-07
51,117,12.0,1.2108248e-07
51,117,13.0,9.401721e-08
51,117,14.0,1.3382275e-06
51,118,0.0,3.9108681e-07
51,118,1.0,1.4003558e-06
51,118,2.0,5.4657966e-07
51,118,3.0,8.95838e-09
51,118,4.0,1.3768475e-08
51,118,5.0,2.3311075e-07
51,118,6.0,9.876158e-08
51,118,7.0,1.6629103e-08
51,118,8.0,6.61364e-09
51,118,9.0,0.0
51,118,10.0,5.471626e-07
51,118,11.0,0.0
51,118,12.0,8.972853e-10
51,118,13.0,0.0
51,118,14.0,1.36448275e-08
51,119,0.0,6.101773e-09
51,119,1.0,0.0
51,119,2.0,0.0
51,119,3.0,2.4869844e-09
51,119,4.0,5.201922e-08
51,119,5.0,0.0
51,119,6.0,0.0
51,119,7.0,0.0
51,119,8.0,0.0
51,119,9.0,3.86169e-07
51,119,10.0,5.7286677e-08
51,119,11.0,2.5143925e-06
51,119,12.0,1.524099e-06
51,119,13.0,4.2489944e-07
51,119,14.0,1.2695011e-07
51,120,0.0,2.2088361e-08
51,120,1.0,0.0
51,120,2.0,0.0
51,120,3.0,2.45884e-08
51,120,4.0,0.0
51,120,5.0,8.320386e-09
51,120,6.0,3.4004808e-07
51,120,7.0,3.8322526e-08
51,120,8.0,6.9274115e-08
51,120,9.0,2.064062e-08
51,120,10.0,9.113546e-06
51,120,11.0,1.2151184e-05
51,120,12.0,7.3941114e-06
51,120,13.0,4.1147473e-06
51,120,14.0,4.9290543e-06
51,121,0.0,0.0
51,121,1.0,1.8194623e-08
51,121,2.0,1.7105096e-08
51,121,3.0,0.0
51,121,4.0,5.890802e-07
51,121,5.0,1.9962116e-09
51,121,6.0,0.0
51,121,7.0,0.0
51,121,8.0,2.1478373e-08
51,121,9.0,1.2786126e-05
51,121,10.0,4.1658946e-05
51,121,11.0,8.792919e-05
51,121,12.0,0.000105991494
51,121,13.0,0.00010443777
51,121,14.0,0.000110728906
51,122,0.0,0.0
51,122,1.0,0.0
51,122,2.0,2.4740336e-13
51,122,3.0,2.691552e-06
51,122,4.0,7.4561103e-06
51,122,5.0,8.234626e-05
51,122,6.0,0.00014232175
51,122,7.0,0.00016365189
51,122,8.0,0.00014937887
51,122,9.0,0.00020558362
51,122,10.0,0.00035199223
51,122,11.0,0.00057784055
51,122,12.0,0.00063773745
51,122,13.0,0.00069668784
51,122,14.0,0.000885205
51,123,0.0,9.089765e-06
51,123,1.0,1.3320317e-05
51,123,2.0,6.58078e-05
51,123,3.0,8.563061e-05
51,123,4.0,0.0002756847
51,123,5.0,0.00051802845
51,123,6.0,0.00072516635
51,123,7.0,0.0007473518
51,123,8.0,0.00076005864
51,123,9.0,0.0011530163
51,123,10.0,0.0018432094
51,123,11.0,0.002840508
51,123,12.0,0.0037943022
51,123,13.0,0.004122769
51,123,14.0,0.004211928
51,124,0.0,5.8921352e-05
51,124,1.0,6.0986364e-05
51,124,2.0,0.00016237437
51,124,3.0,0.00024149999
51,124,4.0,0.0010394297
51,124,5.0,0.0017704351
51,124,6.0,0.0023697403
51,124,7.0,0.0026129673
51,124,8.0,0.002648513
51,124,9.0,0.003893848
51,124,10.0,0.0063726623
51,124,11.0,0.010074175
51,124,12.0,0.011141351
51,124,13.0,0.012182129
51,124,14.0,0.013779681
51,125,0.0,0.00015108973
51,125,1.0,0.00026673512
51,125,2.0,0.00082301913
51,125,3.0,0.0012035005
51,125,4.0,0.0032207882
51,125,5.0,0.0051329676
51,125,6.0,0.006673665
51,125,7.0,0.0070478315
51,125,8.0,0.007701718
51,125,9.0,0.012111875
51,125,10.0,0.014779207
51,125,11.0,0.019904988
51,125,12.0,0.022686014
51,125,13.0,0.024606084
51,125,14.0,0.026664238
51,126,0.0,0.0002912231
51,126,1.0,0.0010721172
51,126,2.0,0.0018767458
51,126,3.0,0.0041334443
51,126,4.0,0.0057739364
51,126,5.0,0.007295776
51,126,6.0,0.009843146
51,126,7.0,0.0121118175
51,126,8.0,0.013442485
51,126,9.0,0.018541245
51,126,10.0,0.025413373
51,126,11.0,0.032492068
51,126,12.0,0.037132453
51,126,13.0,0.04008763
51,126,14.0,0.042554576
51,127,0.0,0.0018239897
51,127,1.0,0.0031738612
51,127,2.0,0.0060075894
51,127,3.0,0.009670135
51,127,4.0,0.011277385
51,127,5.0,0.016112661
51,127,6.0,0.021057481
51,127,7.0,0.023081258
51,127,8.0,0.025114281
51,127,9.0,0.030523418
51,127,10.0,0.038109727
51,127,11.0,0.046800695
51,127,12.0,0.05242047
51,127,13.0,0.054046564
51,127,14.0,0.0546428
51,128,0.0,0.0055802395
51,128,1.0,0.009836803
51,128,2.0,0.0149129005
51,128,3.0,0.018468454
51,128,4.0,0.022223959
51,128,5.0,0.027794287
51,128,6.0,0.03344142
51,128,7.0,0.03458931
51,128,8.0,0.03426222
51,128,9.0,0.039530158
51,128,10.0,0.05301928
51,128,11.0,0.060473196
51,128,12.0,0.0636293
51,128,13.0,0.063159384
51,128,14.0,0.06354768
51,129,0.0,0.015603949
51,129,1.0,0.023517685
51,129,2.0,0.03469369
51,129,3.0,0.045316644
51,129,4.0,0.05644892
51,129,5.0,0.071572
51,129,6.0,0.080767125
51,129,7.0,0.08064318
51,129,8.0,0.0789521
51,129,9.0,0.08490813
51,129,10.0,0.10533299
51,129,11.0,0.117608115
51,129,12.0,0.12195318
51,129,13.0,0.11907922
51,129,14.0,0.11830146
51,130,0.0,0.06627367
51,130,1.0,0.09537644
51,130,2.0,0.13523392
51,130,3.0,0.15672864
51,130,4.0,0.17271146
51,130,5.0,0.18980618
51,130,6.0,0.20103072
51,130,7.0,0.20561032
51,130,8.0,0.20372294
51,130,9.0,0.20792706
51,130,10.0,0.22012243
51,130,11.0,0.23888509
51,130,12.0,0.24601102
51,130,13.0,0.23987511
51,130,14.0,0.23366775
51,131,0.0,0.2026624
51,131,1.0,0.23962493
51,131,2.0,0.31211925
51,131,3.0,0.34518144
51,131,4.0,0.35699847
51,131,5.0,0.3652428
51,131,6.0,0.36703643
51,131,7.0,0.36405724
51,131,8.0,0.352129
51,131,9.0,0.34751597
51,131,10.0,0.3523786
51,131,11.0,0.3535564
51,131,12.0,0.3519361
51,131,13.0,0.34148067
51,131,14.0,0.33385587
51,132,0.0,0.357985
51,132,1.0,0.41785735
51,132,2.0,0.47511366
51,132,3.0,0.47271752
51,132,4.0,0.46303403
51,132,5.0,0.44947436
51,132,6.0,0.43429986
51,132,7.0,0.42415512
51,132,8.0,0.40040943
51,132,9.0,0.3836814
51,132,10.0,0.37460425
51,132,11.0,0.3587222
51,132,12.0,0.34699962
51,132,13.0,0.3238881
51,132,14.0,0.30406854
51,133,0.0,0.4728611
51,133,1.0,0.48157215
51,133,2.0,0.47774848
51,133,3.0,0.43954664
51,133,4.0,0.39697614
51,133,5.0,0.3575288
51,133,6.0,0.33118632
51,133,7.0,0.32054678
51,133,8.0,0.29651886
51,133,9.0,0.28540385
51,133,10.0,0.25951812
51,133,11.0,0.23472399
51,133,12.0,0.22296356
51,133,13.0,0.21040691
51,133,14.0,0.20187052
51,134,0.0,0.22195101
51,134,1.0,0.21799584
51,134,2.0,0.19752549
51,134,3.0,0.16109842
51,134,4.0,0.13610002
51,134,5.0,0.110183485
51,134,6.0,0.09775719
51,134,7.0,0.09534683
51,134,8.0,0.092879966
51,134,9.0,0.07864448
51,134,10.0,0.07476009
51,134,11.0,0.06572721
51,134,12.0,0.057291027
51,134,13.0,0.05010265
51,134,14.0,0.047203988
51,135,0.0,0.06860007
51,135,1.0,0.060268365
51,135,2.0,0.052334804
51,135,3.0,0.042705663
51,135,4.0,0.036638875
51,135,5.0,0.028666226
51,135,6.0,0.020967606
51,135,7.0,0.018794661
51,135,8.0,0.018672569
51,135,9.0,0.018034987
51,135,10.0,0.016384318
51,135,11.0,0.013803632
51,135,12.0,0.011693328
51,135,13.0,0.009655131
51,135,14.0,0.008899394
51,136,0.0,0.013077494
51,136,1.0,0.012996845
51,136,2.0,0.009767567
51,136,3.0,0.0075511816
51,136,4.0,0.0058977804
51,136,5.0,0.0042850478
51,136,6.0,0.0038248617
51,136,7.0,0.0038899959
51,136,8.0,0.0036123423
51,136,9.0,0.0032409865
51,136,10.0,0.0025031026
51,136,11.0,0.0022670683
51,136,12.0,0.0014663278
51,136,13.0,0.0013591168
51,136,14.0,0.0011466934
51,137,0.0,0.002218712
51,137,1.0,0.0011198581
51,137,2.0,0.0010843521
51,137,3.0,0.0006530828
51,137,4.0,0.0006666438
51,137,5.0,0.00052338856
51,137,6.0,0.0003802666
51,137,7.0,0.00036568026
51,137,8.0,0.00027816163
51,137,9.0,0.0003001304
51,137,10.0,0.0002505967
51,137,11.0,0.00015258593
51,137,12.0,9.297226e-05
51,137,13.0,0.00011040601
51,137,14.0,0.00014086555
51,138,0.0,0.00022982524
51,138,1.0,1.5710068e-05
51,138,2.0,2.1738093e-05
51,138,3.0,4.5484423e-05
51,138,4.0,4.417208e-05
51,138,5.0,2.4192394e-05
51,138,6.0,1.896003e-05
51,138,7.0,2.2016822e-05
51,138,8.0,1.7895156e-05
51,138,9.0,1.8016714e-05
51,138,10.0,9.582926e-06
51,138,11.0,1.9328052e-06
51,138,12.0,3.0617798e-06
51,138,13.0,1.6117158e-06
51,138,14.0,8.25127e-08
51,139,0.0,4.882264e-07
51,139,1.0,5.5059395e-11
51,139,2.0,2.0609656e-08
51,139,3.0,5.00644e-08
51,139,4.0,8.4683926e-08
51,139,5.0,2.7156287e-07
51,139,6.0,4.5701423e-08
51,139,7.0,2.4740565e-08
51,139,8.0,6.1504284e-07
51,139,9.0,2.4071962e-06
51,139,10.0,5.1830625e-07
51,139,11.0,7.3908524e-07
51,139,12.0,6.754877e-07
51,139,13.0,1.1837333e-06
51,139,14.0,6.009595e-07
51,140,0.0,2.7659232e-07
51,140,1.0,1.0266343e-07
51,140,2.0,2.0083573e-07
51,140,3.0,2.7930571e-09
51,140,4.0,3.5569357e-08
51,140,5.0,3.0158017e-07
51,140,6.0,1.2741587e-07
51,140,7.0,2.3475186e-08
51,140,8.0,4.161414e-08
51,140,9.0,7.6230714e-07
51,140,10.0,9.106852e-09
51,140,11.0,0.0
51,140,12.0,8.167797e-09
51,140,13.0,4.3462762e-08
51,140,14.0,2.9666623e-07
51,141,0.0,2.3939572e-07
51,141,1.0,4.1998615e-07
51,141,2.0,3.6660953e-07
51,141,3.0,2.992607e-08
51,141,4.0,9.575728e-08
51,141,5.0,1.1439663e-07
51,141,6.0,4.2225452e-07
51,141,7.0,7.656209e-07
51,141,8.0,7.099713e-07
51,141,9.0,1.3797311e-06
51,141,10.0,6.336225e-07
51,141,11.0,4.398364e-07
51,141,12.0,2.824436e-07
51,141,13.0,2.7135044e-07
51,141,14.0,4.555702e-07
51,142,0.0,7.1958425e-07
51,142,1.0,1.1102529e-06
51,142,2.0,1.9414303e-07
51,142,3.0,2.1977707e-08
51,142,4.0,8.498368e-08
51,142,5.0,5.5342863e-08
51,142,6.0,3.9217273e-08
51,142,7.0,3.1136842e-08
51,142,8.0,1.034263e-07
51,142,9.0,3.249086e-07
51,142,10.0,2.7346567e-07
51,142,11.0,6.649541e-08
51,142,12.0,2.3309408e-09
51,142,13.0,8.30895e-09
51,142,14.0,1.7058225e-07
51,143,0.0,2.1902805e-07
51,143,1.0,8.34411e-08
51,143,2.0,5.0101994e-07
51,143,3.0,2.2685244e-08
51,143,4.0,0.0
51,143,5.0,2.679231e-07
51,143,6.0,8.967817e-08
51,143,7.0,5.4588195e-08
51,143,8.0,2.9335618e-07
51,143,9.0,4.690237e-09
51,143,10.0,2.0582195e-07
51,143,11.0,6.155979e-07
51,143,12.0,2.1129648e-07
51,143,13.0,1.4174906e-07
51,143,14.0,5.003571e-08
52,119,0.0,1.7061622e-07
52,119,1.0,3.2316814e-07
52,119,2.0,9.399353e-07
52,119,3.0,9.857333e-07
52,119,4.0,4.9302076e-07
52,119,5.0,6.61481e-08
52,119,6.0,1.927117e-09
52,119,7.0,2.6859763e-07
52,119,8.0,9.084977e-07
52,119,9.0,8.3663394e-07
52,119,10.0,5.1861218e-09
52,119,11.0,1.2681214e-07
52,119,12.0,1.1476171e-07
52,119,13.0,8.091584e-08
52,119,14.0,5.6867897e-08
52,120,0.0,5.226133e-07
52,120,1.0,1.0579364e-07
52,120,2.0,0.0
52,120,3.0,1.284003e-09
52,120,4.0,1.3830527e-07
52,120,5.0,1.0848491e-06
52,120,6.0,3.8240958e-07
52,120,7.0,0.0
52,120,8.0,3.5045224e-12
52,120,9.0,0.0
52,120,10.0,4.087002e-07
52,120,11.0,6.191589e-07
52,120,12.0,9.908448e-07
52,120,13.0,5.466177e-07
52,120,14.0,5.2594396e-07
52,121,0.0,2.4888235e-08
52,121,1.0,4.7445397e-08
52,121,2.0,3.06758e-07
52,121,3.0,1.4388804e-07
52,121,4.0,1.6482622e-07
52,121,5.0,2.193228e-07
52,121,6.0,5.5575573e-08
52,121,7.0,7.399425e-11
52,121,8.0,0.0
52,121,9.0,0.0
52,121,10.0,2.5508703e-07
52,121,11.0,6.0338735e-08
52,121,12.0,1.027031e-07
52,121,13.0,1.3524895e-07
52,121,14.0,5.9147588e-08
52,122,0.0,1.3858616e-08
52,122,1.0,0.0
52,122,2.0,0.0
52,122,3.0,1.5818459e-12
52,122,4.0,5.775308e-09
52,122,5.0,6.15738e-10
52,122,6.0,3.7308883e-08
52,122,7.0,2.4549175e-07
52,122,8.0,1.08079135e-07
52,122,9.0,1.3443726e-07
52,122,10.0,3.6186125e-07
52,122,11.0,0.0
52,122,12.0,0.0
52,122,13.0,0.0
52,122,14.0,0.0
52,123,0.0,0.0
52,123,1.0,4.9954274e-08
52,123,2.0,6.848835e-09
52,123,3.0,1.5765343e-08
52,123,4.0,1.6975946e-08
52,123,5.0,4.3045395e-07
52,123,6.0,4.2882905e-07
52,123,7.0,1.7848306e-07
52,123,8.0,2.578913e-07
52,123,9.0,5.914403e-10
52,123,10.0,4.2144716e-06
52,123,11.0,3.4399494e-07
52,123,12.0,4.4836364e-07
52,123,13.0,3.0466294e-06
52,123,14.0,2.0097334e-05
52,124,0.0,0.0
52,124,1.0,1.6235379e-06
52,124,2.0,5.275953e-06
52,124,3.0,2.7599942e-06
52,124,4.0,2.3521113e-06
52,124,5.0,8.932617e-06
52,124,6.0,2.7289976e-05
52,124,7.0,4.180499e-05
52,124,8.0,5.8339658e-05
52,124,9.0,8.337927e-05
52,124,10.0,0.0002553535
52,124,11.0,0.0003750045
52,124,12.0,0.00040110518
52,124,13.0,0.00049689127
52,124,14.0,0.00054556207
52,125,0.0,5.9177825e-07
52,125,1.0,1.8756054e-05
52,125,2.0,3.519288e-05
52,125,3.0,3.334312e-05
52,125,4.0,3.5192796e-05
52,125,5.0,8.29171e-05
52,125,6.0,0.00015060231
52,125,7.0,0.0001941172
52,125,8.0,0.00021945153
52,125,9.0,0.00027413148
52,125,10.0,0.00066839537
52,125,11.0,0.0016009207
52,125,12.0,0.0018578053
52,125,13.0,0.0020074218
52,125,14.0,0.0020879537
52,126,0.0,6.990637e-05
52,126,1.0,4.9150454e-05
52,126,2.0,9.4182724e-05
52,126,3.0,0.00018795705
52,126,4.0,0.00026912126
52,126,5.0,0.0005838399
52,126,6.0,0.0008700026
52,126,7.0,0.0009124605
52,126,8.0,0.0011231957
52,126,9.0,0.0018057738
52,126,10.0,0.002970622
52,126,11.0,0.004671916
52,126,12.0,0.005374072
52,126,13.0,0.0061008134
52,126,14.0,0.0075251334
52,127,0.0,6.395777e-05
52,127,1.0,8.127038e-05
52,127,2.0,0.0003250326
52,127,3.0,0.000770256
52,127,4.0,0.0012429502
52,127,5.0,0.0020780317
52,127,6.0,0.0025397346
52,127,7.0,0.00253016
52,127,8.0,0.002970619
52,127,9.0,0.005437934
52,127,10.0,0.009148382
52,127,11.0,0.012792135
52,127,12.0,0.01398243
52,127,13.0,0.014885401
52,127,14.0,0.015249371
52,128,0.0,0.0002769719
52,128,1.0,0.00045105894
52,128,2.0,0.00096332666
52,128,3.0,0.0019585025
52,128,4.0,0.0034459762
52,128,5.0,0.0044966107
52,128,6.0,0.0060526836
52,128,7.0,0.007341366
52,128,8.0,0.008813223
52,128,9.0,0.01107506
52,128,10.0,0.017829843
52,128,11.0,0.021171195
52,128,12.0,0.024735307
52,128,13.0,0.02700856
52,128,14.0,0.028041463
52,129,0.0,0.0007753288
52,129,1.0,0.0015281197
52,129,2.0,0.0027060206
52,129,3.0,0.0043939957
52,129,4.0,0.0058922395
52,129,5.0,0.007929102
52,129,6.0,0.011646462
52,129,7.0,0.013518469
52,129,8.0,0.01408473
52,129,9.0,0.022130176
52,129,10.0,0.024987234
52,129,11.0,0.030038428
52,129,12.0,0.036022343
52,129,13.0,0.03900776
52,129,14.0,0.040178224
52,130,0.0,0.004295371
52,130,1.0,0.0067673456
52,130,2.0,0.010171749
52,130,3.0,0.015344027
52,130,4.0,0.021938162
52,130,5.0,0.024461346
52,130,6.0,0.03251143
52,130,7.0,0.036105342
52,130,8.0,0.039361317
52,130,9.0,0.047925495
52,130,10.0,0.05572623
52,130,11.0,0.06660942
52,130,12.0,0.07268963
52,130,13.0,0.07566615
52,130,14.0,0.07672094
52,131,0.0,0.032498438
52,131,1.0,0.043773513
52,131,2.0,0.052588362
52,131,3.0,0.056099392
52,131,4.0,0.07140928
52,131,5.0,0.08133178
52,131,6.0,0.09128792
52,131,7.0,0.09546353
52,131,8.0,0.10280226
52,131,9.0,0.11236524
52,131,10.0,0.12925094
52,131,11.0,0.14839835
52,131,12.0,0.15540601
52,131,13.0,0.15762338
52,131,14.0,0.15734886
52,132,0.0,0.14237797
52,132,1.0,0.17071885
52,132,2.0,0.20199195
52,132,3.0,0.23399535
52,132,4.0,0.26495075
52,132,5.0,0.29177648
52,132,6.0,0.29985222
52,132,7.0,0.30881312
52,132,8.0,0.30999318
52,132,9.0,0.31696904
52,132,10.0,0.3365694
52,132,11.0,0.35783574
52,132,12.0,0.37071076
52,132,13.0,0.37236825
52,132,14.0,0.36374184
52,133,0.0,0.42545685
52,133,1.0,0.47543508
52,133,2.0,0.5087485
52,133,3.0,0.51844084
52,133,4.0,0.52105194
52,133,5.0,0.5294731
52,133,6.0,0.53378403
52,133,7.0,0.5518508
52,133,8.0,0.55103284
52,133,9.0,0.5413462
52,133,10.0,0.54005617
52,133,11.0,0.54466796
52,133,12.0,0.5384874
52,133,13.0,0.5304209
52,133,14.0,0.52237904
52,134,0.0,0.8409078
52,134,1.0,0.8705797
52,134,2.0,0.8664964
52,134,3.0,0.8251008
52,134,4.0,0.78617704
52,134,5.0,0.7303996
52,134,6.0,0.69356304
52,134,7.0,0.6884382
52,134,8.0,0.68076354
52,134,9.0,0.6518715
52,134,10.0,0.6268332
52,134,11.0,0.5932914
52,134,12.0,0.5750312
52,134,13.0,0.56189436
52,134,14.0,0.55576116
52,135,0.0,0.70303786
52,135,1.0,0.6421146
52,135,2.0,0.5611388
52,135,3.0,0.48229533
52,135,4.0,0.4149843
52,135,5.0,0.37584132
52,135,6.0,0.35050243
52,135,7.0,0.3556317
52,135,8.0,0.35171223
52,135,9.0,0.3200808
52,135,10.0,0.28433248
52,135,11.0,0.25545177
52,135,12.0,0.23556182
52,135,13.0,0.22777408
52,135,14.0,0.22644593
52,136,0.0,0.39920783
52,136,1.0,0.3499918
52,136,2.0,0.28121272
52,136,3.0,0.2235195
52,136,4.0,0.1868903
52,136,5.0,0.1549042
52,136,6.0,0.1465972
52,136,7.0,0.14550869
52,136,8.0,0.1503287
52,136,9.0,0.1308724
52,136,10.0,0.11572336
52,136,11.0,0.10177263
52,136,12.0,0.08889112
52,136,13.0,0.08161924
52,136,14.0,0.08025786
52,137,0.0,0.15498768
52,137,1.0,0.12380927
52,137,2.0,0.08854456
52,137,3.0,0.06208403
52,137,4.0,0.049333386
52,137,5.0,0.037233792
52,137,6.0,0.035397004
52,137,7.0,0.036146432
52,137,8.0,0.036931973
52,137,9.0,0.03569195
52,137,10.0,0.028227707
52,137,11.0,0.022224426
52,137,12.0,0.01897314
52,137,13.0,0.01828572
52,137,14.0,0.016596807
52,138,0.0,0.041928507
52,138,1.0,0.031878516
52,138,2.0,0.020317804
52,138,3.0,0.014408281
52,138,4.0,0.011208451
52,138,5.0,0.008090964
52,138,6.0,0.007019196
52,138,7.0,0.006567272
52,138,8.0,0.0066229007
52,138,9.0,0.005448492
52,138,10.0,0.0053754617
52,138,11.0,0.003865844
52,138,12.0,0.0033004326
52,138,13.0,0.0027415138
52,138,14.0,0.0026935027
52,139,0.0,0.00718165
52,139,1.0,0.0049693673
52,139,2.0,0.0026729936
52,139,3.0,0.0014866776
52,139,4.0,0.0012293964
52,139,5.0,0.0010853275
52,139,6.0,0.0009423458
52,139,7.0,0.00087540265
52,139,8.0,0.00059714465
52,139,9.0,0.00057889585
52,139,10.0,0.00047962126
52,139,11.0,0.00035121437
52,139,12.0,0.00029072678
52,139,13.0,0.0001906641
52,139,14.0,0.00020777486
52,140,0.0,0.0011224241
52,140,1.0,0.0006798178
52,140,2.0,0.00019806235
52,140,3.0,0.00012886814
52,140,4.0,0.00013018344
52,140,5.0,0.00011593636
52,140,6.0,0.00013436725
52,140,7.0,0.0001071004
52,140,8.0,9.3856834e-05
52,140,9.0,7.826055e-05
52,140,10.0,4.0770145e-05
52,140,11.0,2.0775444e-05
52,140,12.0,1.3417759e-05
52,140,13.0,9.345525e-06
52,140,14.0,1.1866343e-05
52,141,0.0,5.859535e-05
52,141,1.0,3.2696687e-05
52,141,2.0,3.794929e-05
52,141,3.0,9.99346e-06
52,141,4.0,3.6444587e-07
52,141,5.0,1.133922e-08
52,141,6.0,7.801966e-09
52,141,7.0,1.3627209e-07
52,141,8.0,5.594679e-07
52,141,9.0,3.1998135e-07
52,141,10.0,0.0
52,141,11.0,2.6569884e-07
52,141,12.0,5.259444e-08
52,141,13.0,3.5581122e-09
52,141,14.0,0.0
52,142,0.0,3.359413e-06
52,142,1.0,3.064478e-08
52,142,2.0,7.263666e-10
52,142,3.0,1.4699091e-08
52,142,4.0,1.516744e-08
52,142,5.0,5.0481885e-10
52,142,6.0,0.0
52,142,7.0,1.0605431e-09
52,142,8.0,4.8669794e-08
52,142,9.0,9.418503e-08
52,142,10.0,3.5499178e-07
52,142,11.0,6.4308466e-08
52,142,12.0,1.2407585e-07
52,142,13.0,1.0257191e-07
52,142,14.0,0.0
52,143,0.0,4.295023e-08
52,143,1.0,0.0
52,143,2.0,2.0785417e-07
52,143,3.0,2.6696674e-07
52,143,4.0,3.4429638e-07
52,143,5.0,2.9852824e-06
52,143,6.0,3.7274972e-07
52,143,7.0,1.7384357e-07
52,143,8.0,2.1331552e-07
52,143,9.0,1.68803e-07
52,143,10.0,1.5481895e-07
52,143,11.0,1.9393072e-07
52,143,12.0,2.812376e-08
52,143,13.0,1.43700865e-08
52,143,14.0,1.331867e-09
52,144,0.0,2.7180985e-07
52,144,1.0,2.0406105e-07
52,144,2.0,4.5583872e-07
52,144,3.0,8.739888e-08
52,144,4.0,1.8435087e-07
52,144,5.0,5.807703e-07
52,144,6.0,2.0977122e-08
52,144,7.0,2.062105e-08
52,144,8.0,4.4268174e-07
52,144,9.0,6.0327204e-07
52,144,10.0,6.551078e-08
52,144,11.0,1.587553e-09
52,144,12.0,1.08930045e-07
52,144,13.0,4.598763e-08
52,144,14.0,6.502612e-08
52,145,0.0,9.084398e-07
52,145,1.0,0.0
52,145,2.0,1.776316e-08
52,145,3.0,6.397895e-08
52,145,4.0,3.55666e-08
52,145,5.0,3.7682085e-07
52,145,6.0,6.659762e-08
52,145,7.0,1.7434166e-07
52,145,8.0,1.9408486e-07
52,145,9.0,2.2175958e-07
52,145,10.0,1.1070347e-06
52,145,11.0,7.640787e-07
52,145,12.0,1.02884506e-07
52,145,13.0,1.5330532e-08
52,145,14.0,6.7549564e-08
53,122,0.0,2.2064485e-07
53,122,1.0,1.4479892e-07
53,122,2.0,0.0
53,122,3.0,0.0
53,122,4.0,7.5474574e-08
53,122,5.0,7.0270255e-07
53,122,6.0,4.3225998e-07
53,122,7.0,4.2088337e-07
53,122,8.0,7.3189312e-09
53,122,9.0,0.0
53,122,10.0,6.790957e-08
53,122,11.0,0.0
53,122,12.0,0.0
53,122,13.0,0.0
53,122,14.0,4.586071e-07
53,123,0.0,9.852059e-09
53,123,1.0,1.2005468e-07
53,123,2.0,1.0977128e-07
53,123,3.0,4.6117385e-08
53,123,4.0,5.6056077e-08
53,123,5.0,5.8321472e-08
53,123,6.0,1.897238e-08
53,123,7.0,3.1396368e-08
53,123,8.0,5.854911e-08
53,123,9.0,2.8890101e-08
53,123,10.0,1.662387e-08
53,123,11.0,0.0
53,123,12.0,1.9635966e-08
53,123,13.0,1.5141842e-07
53,123,14.0,8.711742e-07
53,124,0.0,9.587924e-08
53,124,1.0,4.7998174e-07
53,124,2.0,7.186499e-07
53,124,3.0,1.3086948e-06
53,124,4.0,1.3878581e-07
53,124,5.0,2.4387646e-07
53,124,6.0,2.8110367e-07
53,124,7.0,3.596206e-08
53,124,8.0,8.702571e-09
53,124,9.0,5.164151e-09
53,124,10.0,6.176206e-09
53,124,11.0,4.3291126e-09
53,124,12.0,1.0535319e-08
53,124,13.0,1.554033e-08
53,124,14.0,1.5438369e-06
53,125,0.0,0.0
53,125,1.0,0.0
53,125,2.0,0.0
53,125,3.0,7.417349e-07
53,125,4.0,4.984931e-07
53,125,5.0,7.980214e-09
53,125,6.0,0.0
53,125,7.0,0.0
53,125,8.0,1.6121388e-10
53,125,9.0,1.5099221e-08
53,125,10.0,0.0
53,125,11.0,0.0
53,125,12.0,0.0
53,125,13.0,1.4366668e-09
53,125,14.0,2.0059605e-07
53,126,0.0,1.4200225e-08
53,126,1.0,0.0
53,126,2.0,3.4081563e-07
53,126,3.0,1.3302189e-07
53,126,4.0,1.2947083e-06
53,126,5.0,1.2612538e-06
53,126,6.0,5.3611218e-09
53,126,7.0,0.0
53,126,8.0,0.0
53,126,9.0,1.1900391e-08
53,126,10.0,1.9075956e-07
53,126,11.0,2.7116512e-06
53,126,12.0,1.8547018e-05
53,126,13.0,3.3042885e-05
53,126,14.0,3.8577527e-05
53,127,0.0,0.0
53,127,1.0,0.0
53,127,2.0,0.0
53,127,3.0,0.0
53,127,4.0,1.0683675e-06
53,127,5.0,9.083084e-06
53,127,6.0,3.3815057e-05
53,127,7.0,5.232699e-05
53,127,8.0,5.896409e-05
53,127,9.0,5.5804703e-05
53,127,10.0,9.520812e-05
53,127,11.0,0.00014792585
53,127,12.0,0.00027838742
53,127,13.0,0.00047413853
53,127,14.0,0.00061762094
53,128,0.0,1.9766007e-06
53,128,1.0,3.6645208e-06
53,128,2.0,2.5953506e-07
53,128,3.0,8.638654e-06
53,128,4.0,1.842635e-05
53,128,5.0,5.97616e-05
53,128,6.0,0.00018791667
53,128,7.0,0.0002998353
53,128,8.0,0.00041604717
53,128,9.0,0.0005880619
53,128,10.0,0.0007244752
53,128,11.0,0.000883504
53,128,12.0,0.001359215
53,128,13.0,0.0021487242
53,128,14.0,0.0028111872
53,129,0.0,2.8483032e-06
53,129,1.0,1.230528e-05
53,129,2.0,3.7915288e-05
53,129,3.0,9.676876e-05
53,129,4.0,0.0003340581
53,129,5.0,0.0006058323
53,129,6.0,0.0008401136
53,129,7.0,0.00089751725
53,129,8.0,0.0010554095
53,129,9.0,0.0016694724
53,129,10.0,0.002787986
53,129,11.0,0.0043396875
53,129,12.0,0.0058595384
53,129,13.0,0.006802269
53,129,14.0,0.006937594
53,130,0.0,3.7052687e-05
53,130,1.0,8.590316e-05
53,130,2.0,0.00025834612
53,130,3.0,0.0005083575
53,130,4.0,0.0008917115
53,130,5.0,0.0014576336
53,130,6.0,0.0021467924
53,130,7.0,0.0029959388
53,130,8.0,0.0037779938
53,130,9.0,0.005009823
53,130,10.0,0.007431349
53,130,11.0,0.010391531
53,130,12.0,0.012284715
53,130,13.0,0.0137630515
53,130,14.0,0.014511386
53,131,0.0,0.00017810288
53,131,1.0,0.000332129
53,131,2.0,0.0007650995
53,131,3.0,0.0020825553
53,131,4.0,0.0026102369
53,131,5.0,0.003994204
53,131,6.0,0.0052800216
53,131,7.0,0.005528464
53,131,8.0,0.0064561255
53,131,9.0,0.009295132
53,131,10.0,0.014755056
53,131,11.0,0.018609008
53,131,12.0,0.022473807
53,131,13.0,0.025465295
53,131,14.0,0.02502498
53,132,0.0,0.0015737623
53,132,1.0,0.0028796543
53,132,2.0,0.0040411213
53,132,3.0,0.005725103
53,132,4.0,0.007060529
53,132,5.0,0.01037087
53,132,6.0,0.013506261
53,132,7.0,0.01588973
53,132,8.0,0.016848011
53,132,9.0,0.02104484
53,132,10.0,0.0284331
53,132,11.0,0.035597768
53,132,12.0,0.04319904
53,132,13.0,0.047978178
53,132,14.0,0.04946175
53,133,0.0,0.013865771
53,133,1.0,0.019862099
53,133,2.0,0.024868734
53,133,3.0,0.03270133
53,133,4.0,0.043584663
53,133,5.0,0.05313342
53,133,6.0,0.06266845
53,133,7.0,0.06827725
53,133,8.0,0.074756645
53,133,9.0,0.07766638
53,133,10.0,0.091816336
53,133,11.0,0.1103393
53,133,12.0,0.11615691
53,133,13.0,0.12167102
53,133,14.0,0.12188065
53,134,0.0,0.07578782
53,134,1.0,0.090617366
53,134,2.0,0.12496572
53,134,3.0,0.15805368
53,134,4.0,0.17547075
53,134,5.0,0.20006241
53,134,6.0,0.20647441
53,134,7.0,0.212072
53,134,8.0,0.22404647
53,134,9.0,0.2394452
53,134,10.0,0.25829604
53,134,11.0,0.27947187
53,134,12.0,0.28388837
53,134,13.0,0.28422076
53,134,14.0,0.28068006
53,135,0.0,0.28064382
53,135,1.0,0.34030265
53,135,2.0,0.42835644
53,135,3.0,0.48245853
53,135,4.0,0.51835227
53,135,5.0,0.5444376
53,135,6.0,0.5540859
53,135,7.0,0.5311035
53,135,8.0,0.54393584
53,135,9.0,0.56993973
53,135,10.0,0.56767195
53,135,11.0,0.545691
53,135,12.0,0.5540245
53,135,13.0,0.5507583
53,135,14.0,0.53728616
53,136,0.0,0.4680948
53,136,1.0,0.5042587
53,136,2.0,0.5591521
53,136,3.0,0.6063378
53,136,4.0,0.5661379
53,136,5.0,0.5550357
53,136,6.0,0.5581392
53,136,7.0,0.56179696
53,136,8.0,0.5509051
53,136,9.0,0.53231096
53,136,10.0,0.48221552
53,136,11.0,0.46300706
53,136,12.0,0.4540767
53,136,13.0,0.44737545
53,136,14.0,0.43439236
53,137,0.0,0.5423861
53,137,1.0,0.55630887
53,137,2.0,0.57133263
53,137,3.0,0.51932275
53,137,4.0,0.49943197
53,137,5.0,0.43587413
53,137,6.0,0.4144683
53,137,7.0,0.3961041
53,137,8.0,0.3924787
53,137,9.0,0.38378254
53,137,10.0,0.34166482
53,137,11.0,0.3176507
53,137,12.0,0.3002774
53,137,13.0,0.27881756
53,137,14.0,0.25475058
53,138,0.0,0.324988
53,138,1.0,0.28899282
53,138,2.0,0.25027716
53,138,3.0,0.22462751
53,138,4.0,0.18493262
53,138,5.0,0.17436293
53,138,6.0,0.15443395
53,138,7.0,0.14930122
53,138,8.0,0.15784775
53,138,9.0,0.14350079
53,138,10.0,0.1259385
53,138,11.0,0.10933866
53,138,12.0,0.094450176
53,138,13.0,0.087427355
53,138,14.0,0.08505496
53,139,0.0,0.12710258
53,139,1.0,0.13305281
53,139,2.0,0.123584956
53,139,3.0,0.104257055
53,139,4.0,0.09427962
53,139,5.0,0.08637964
53,139,6.0,0.071271494
53,139,7.0,0.067826
53,139,8.0,0.066793896
53,139,9.0,0.06567699
53,139,10.0,0.058207177
53,139,11.0,0.04760235
53,139,12.0,0.040054027
53,139,13.0,0.034297608
53,139,14.0,0.031395476
53,140,0.0,0.079186365
53,140,1.0,0.066936925
53,140,2.0,0.047963582
53,140,3.0,0.032241967
53,140,4.0,0.027135184
53,140,5.0,0.021281105
53,140,6.0,0.01866094
53,140,7.0,0.01645624
53,140,8.0,0.019407423
53,140,9.0,0.018208466
53,140,10.0,0.015994085
53,140,11.0,0.011023569
53,140,12.0,0.009373389
53,140,13.0,0.008409535
53,140,14.0,0.0074409763
53,141,0.0,0.015505295
53,141,1.0,0.011004343
53,141,2.0,0.0073861554
53,141,3.0,0.0060449746
53,141,4.0,0.003799247
53,141,5.0,0.0024335708
53,141,6.0,0.0019922757
53,141,7.0,0.00266591
53,141,8.0,0.00281044
53,141,9.0,0.0024324073
53,141,10.0,0.001971032
53,141,11.0,0.0012351038
53,141,12.0,0.0012403989
53,141,13.0,0.0011630947
53,141,14.0,0.000984786
53,142,0.0,0.0018689726
53,142,1.0,0.0015225757
53,142,2.0,0.00092478044
53,142,3.0,0.00091528037
53,142,4.0,0.00045307048
53,142,5.0,0.000239538
53,142,6.0,0.00015986821
53,142,7.0,0.00028311764
53,142,8.0,0.00038851067
53,142,9.0,0.000396763
53,142,10.0,0.00021324892
53,142,11.0,0.00015412309
53,142,12.0,8.1033366e-05
53,142,13.0,7.839874e-05
53,142,14.0,5.1034734e-05
53,143,0.0,0.00014648665
53,143,1.0,0.00015106525
53,143,2.0,9.99555e-05
53,143,3.0,5.326963e-05
53,143,4.0,2.3250886e-05
53,143,5.0,1.5593972e-05
53,143,6.0,1.0076028e-05
53,143,7.0,3.0850206e-06
53,143,8.0,1.5672109e-05
53,143,9.0,1.9969519e-05
53,143,10.0,1.649519e-05
53,143,11.0,1.7405904e-05
53,143,12.0,1.2255017e-05
53,143,13.0,7.5526177e-06
53,143,14.0,2.5772902e-06
53,144,0.0,5.8731115e-07
53,144,1.0,9.2431804e-07
53,144,2.0,1.2644257e-06
53,144,3.0,1.592434e-07
53,144,4.0,7.7650775e-08
53,144,5.0,1.3986357e-08
53,144,6.0,6.059198e-09
53,144,7.0,4.3619767e-07
53,144,8.0,1.0183359e-06
53,144,9.0,1.0479499e-06
53,144,10.0,5.2207565e-07
53,144,11.0,8.916991e-08
53,144,12.0,4.634739e-08
53,144,13.0,7.2677313e-09
53,144,14.0,1.0239059e-08
53,145,0.0,0.0
53,145,1.0,2.742475e-07
53,145,2.0,5.1297627e-07
53,145,3.0,2.6273386e-07
53,145,4.0,1.6462042e-07
53,145,5.0,6.8883184e-11
53,145,6.0,0.0
53,145,7.0,2.5556263e-08
53,145,8.0,1.7052623e-07
53,145,9.0,3.0491918e-07
53,145,10.0,3.0536768e-07
53,145,11.0,7.8725996e-08
53,145,12.0,2.3784304e-08
53,145,13.0,4.261955e-09
53,145,14.0,5.4066565e-09
53,146,0.0,3.993728e-07
53,146,1.0,4.5755198e-07
53,146,2.0,4.7243526e-07
53,146,3.0,6.942704e-07
53,146,4.0,5.9772583e-07
53,146,5.0,2.4080256e-07
53,146,6.0,1.6651632e-07
53,146,7.0,6.508647e-08
53,146,8.0,1.2933188e-07
53,146,9.0,1.8190165e-07
53,146,10.0,4.523773e-08
53,146,11.0,3.3691109e-07
53,146,12.0,4.4710788e-07
53,146,13.0,1.4488441e-07
53,146,14.0,6.5423315e-08
53,147,0.0,1.0589041e-08
53,147,1.0,9.1510685e-08
53,147,2.0,1.05808574e-07
53,147,3.0,1.4569035e-08
53,147,4.0,2.6428248e-07
53,147,5.0,1.0077202e-06
53,147,6.0,8.907723e-07
53,147,7.0,6.3575834e-07
53,147,8.0,1.8918898e-07
53,147,9.0,3.2431146e-07
53,147,10.0,3.6032148e-07
53,147,11.0,3.1135436e-08
53,147,12.0,4.8965298e-08
53,147,13.0,7.197061e-08
53,147,14.0,2.6360482e-08
53,148,0.0,1.604756e-07
53,148,1.0,9.508061e-09
53,148,2.0,2.8582543e-08
53,148,3.0,7.423441e-07
53,148,4.0,2.8372858e-07
53,148,5.0,4.349392e-07
53,148,6.0,2.8206318e-07
53,148,7.0,5.432565e-07
53,148,8.0,1.1041376e-07
53,148,9.0,3.9973234e-08
53,148,10.0,1.0354348e-07
53,148,11.0,2.9310459e-09
53,148,12.0,1.1694888e-07
53,148,13.0,2.734149e-07
53,148,14.0,1.853634e-07
54,125,0.0,5.4837514e-08
54,125,1.0,1.6683828e-07
54,125,2.0,1.9915717e-07
54,125,3.0,1.5515157e-07
54,125,4.0,9.875424e-07
54,125,5.0,5.3697687e-07
54,125,6.0,6.135169e-08
54,125,7.0,1.5985174e-08
54,125,8.0,2.4031166e-08
54,125,9.0,2.3904775e-07
54,125,10.0,1.66697e-08
54,125,11.0,2.2727862e-07
54,125,12.0,1.7490604e-06
54,125,13.0,1.3910828e-06
54,125,14.0,9.2305055e-07
54,126,0.0,6.382791e-07
54,126,1.0,4.949474e-07
54,126,2.0,8.668298e-07
54,126,3.0,6.8406007e-07
54,126,4.0,7.891211e-07
54,126,5.0,2.0603445e-06
54,126,6.0,7.4028145e-07
54,126,7.0,3.9410347e-07
54,126,8.0,6.033571e-08
54,126,9.0,4.123049e-08
54,126,10.0,3.0284315e-08
54,126,11.0,4.1490867e-07
54,126,12.0,5.3762295e-07
54,126,13.0,5.00784e-07
54,126,14.0,1.5564777e-07
54,127,0.0,4.8345283e-09
54,127,1.0,2.152525e-09
54,127,2.0,3.3683403e-08
54,127,3.0,7.800137e-09
54,127,4.0,9.1772395e-10
54,127,5.0,1.6123416e-17
54,127,6.0,0.0
54,127,7.0,8.337679e-09
54,127,8.0,3.4956335e-07
54,127,9.0,1.2353546e-07
54,127,10.0,3.0356684e-08
54,127,11.0,0.0
54,127,12.0,0.0
54,127,13.0,1.3811178e-08
54,127,14.0,2.030811e-07
54,128,0.0,3.6070674e-07
54,128,1.0,0.0
54,128,2.0,0.0
54,128,3.0,0.0
54,128,4.0,0.0
54,128,5.0,5.3605092e-08
54,128,6.0,2.0467974e-07
54,128,7.0,7.195414e-08
54,128,8.0,2.406454e-07
54,128,9.0,9.657442e-07
54,128,10.0,6.940949e-07
54,128,11.0,5.807477e-07
54,128,12.0,2.4963113e-06
54,128,13.0,1.5319367e-05
54,128,14.0,3.224428e-05
54,129,0.0,0.0
54,129,1.0,0.0
54,129,2.0,0.0
54,129,3.0,0.0
54,129,4.0,0.0
54,129,5.0,6.137107e-09
54,129,6.0,4.749911e-07
54,129,7.0,6.227806e-07
54,129,8.0,1.3293695e-05
54,129,9.0,3.9968483e-05
54,129,10.0,4.8687074e-05
54,129,11.0,4.316157e-05
54,129,12.0,9.3291754e-05
54,129,13.0,0.00013990594
54,129,14.0,0.00014784173
54,130,0.0,9.346999e-09
54,130,1.0,9.518037e-08
54,130,2.0,5.456653e-06
54,130,3.0,2.1877726e-05
54,130,4.0,5.093403e-05
54,130,5.0,4.59364e-05
54,130,6.0,7.796627e-05
54,130,7.0,0.0001075068
54,130,8.0,0.00013275427
54,130,9.0,0.0002516468
54,130,10.0,0.00032220723
54,130,11.0,0.00038130418
54,130,12.0,0.0005282965
54,130,13.0,0.00071264344
54,130,14.0,0.0008958169
54,131,0.0,4.6166377e-08
54,131,1.0,1.0510294e-05
54,131,2.0,3.9144637e-05
54,131,3.0,6.944493e-05
54,131,4.0,9.6578144e-05
54,131,5.0,0.00011319645
54,131,6.0,0.00018038644
54,131,7.0,0.00027113064
54,131,8.0,0.00045170324
54,131,9.0,0.0006456803
54,131,10.0,0.0010672256
54,131,11.0,0.0015415343
54,131,12.0,0.002176818
54,131,13.0,0.0027913176
54,131,14.0,0.003445645
54,132,0.0,1.1460057e-06
54,132,1.0,3.6232625e-05
54,132,2.0,0.0001455659
54,132,3.0,0.00017412385
54,132,4.0,0.00043296232
54,132,5.0,0.00051946676
54,132,6.0,0.00096049375
54,132,7.0,0.0011911254
54,132,8.0,0.001475155
54,132,9.0,0.0021486997
54,132,10.0,0.0034794295
54,132,11.0,0.005316628
54,132,12.0,0.007615411
54,132,13.0,0.008667637
54,132,14.0,0.008707085
54,133,0.0,9.166968e-05
54,133,1.0,0.0002382264
54,133,2.0,0.00045417753
54,133,3.0,0.0007844267
54,133,4.0,0.0012317171
54,133,5.0,0.0016202792
54,133,6.0,0.0024887775
54,133,7.0,0.003415327
54,133,8.0,0.0039276197
54,133,9.0,0.005527306
54,133,10.0,0.0087931985
54,133,11.0,0.0119422935
54,133,12.0,0.014891507
54,133,13.0,0.016307969
54,133,14.0,0.015951874
54,134,0.0,0.0018487434
54,134,1.0,0.0023923486
54,134,2.0,0.003892475
54,134,3.0,0.0054116114
54,134,4.0,0.007584403
54,134,5.0,0.009200309
54,134,6.0,0.013052923
54,134,7.0,0.015286746
54,134,8.0,0.017316356
54,134,9.0,0.018711507
54,134,10.0,0.022557437
54,134,11.0,0.029210621
54,134,12.0,0.03703115
54,134,13.0,0.037191965
54,134,14.0,0.038862556
54,135,0.0,0.015112743
54,135,1.0,0.019336244
54,135,2.0,0.025678463
54,135,3.0,0.031917755
54,135,4.0,0.03927824
54,135,5.0,0.049118295
54,135,6.0,0.059508577
54,135,7.0,0.060845125
54,135,8.0,0.0656213
54,135,9.0,0.07743536
54,135,10.0,0.09247046
54,135,11.0,0.095567845
54,135,12.0,0.109599
54,135,13.0,0.11468549
54,135,14.0,0.12041121
54,136,0.0,0.1169514
54,136,1.0,0.1283678
54,136,2.0,0.15977125
54,136,3.0,0.20122398
54,136,4.0,0.20970887
54,136,5.0,0.21874383
54,136,6.0,0.2441595
54,136,7.0,0.25588068
54,136,8.0,0.2781788
54,136,9.0,0.2998063
54,136,10.0,0.3178005
54,136,11.0,0.32492888
54,136,12.0,0.33857468
54,136,13.0,0.34970537
54,136,14.0,0.34979826
54,137,0.0,0.30393502
54,137,1.0,0.310659
54,137,2.0,0.33108503
54,137,3.0,0.40708926
54,137,4.0,0.4057956
54,137,5.0,0.41805708
54,137,6.0,0.43202233
54,137,7.0,0.45606542
54,137,8.0,0.46544674
54,137,9.0,0.4852384
54,137,10.0,0.4789156
54,137,11.0,0.4691759
54,137,12.0,0.47095415
54,137,13.0,0.47326195
54,137,14.0,0.4855105
54,138,0.0,0.59844154
54,138,1.0,0.5924533
54,138,2.0,0.6231566
54,138,3.0,0.6366578
54,138,4.0,0.6141028
54,138,5.0,0.62215096
54,138,6.0,0.6182326
54,138,7.0,0.6011094
54,138,8.0,0.59523576
54,138,9.0,0.5889528
54,138,10.0,0.5723927
54,138,11.0,0.5486132
54,138,12.0,0.5314197
54,138,13.0,0.5228705
54,138,14.0,0.53606033
54,139,0.0,0.6957985
54,139,1.0,0.65772045
54,139,2.0,0.5796096
54,139,3.0,0.5660056
54,139,4.0,0.5044322
54,139,5.0,0.4710332
54,139,6.0,0.46267185
54,139,7.0,0.47061592
54,139,8.0,0.4675911
54,139,9.0,0.45978066
54,139,10.0,0.41706926
54,139,11.0,0.38285363
54,139,12.0,0.36361423
54,139,13.0,0.36134863
54,139,14.0,0.36467332
54,140,0.0,0.6207976
54,140,1.0,0.5605048
54,140,2.0,0.46775395
54,140,3.0,0.39895904
54,140,4.0,0.35488585
54,140,5.0,0.32363805
54,140,6.0,0.30890882
54,140,7.0,0.3107404
54,140,8.0,0.32097584
54,140,9.0,0.303097
54,140,10.0,0.26220647
54,140,11.0,0.2216215
54,140,12.0,0.20605576
54,140,13.0,0.20319936
54,140,14.0,0.2039671
54,141,0.0,0.38685918
54,141,1.0,0.31572446
54,141,2.0,0.21712548
54,141,3.0,0.16845353
54,141,4.0,0.14301573
54,141,5.0,0.12600812
54,141,6.0,0.114581056
54,141,7.0,0.117243476
54,141,8.0,0.121887475
54,141,9.0,0.10811621
54,141,10.0,0.08697703
54,141,11.0,0.074746974
54,141,12.0,0.06436999
54,141,13.0,0.06623387
54,141,14.0,0.07291639
54,142,0.0,0.15526631
54,142,1.0,0.117386244
54,142,2.0,0.08506551
54,142,3.0,0.06496418
54,142,4.0,0.050406236
54,142,5.0,0.037816625
54,142,6.0,0.033182807
54,142,7.0,0.035371166
54,142,8.0,0.0418799
54,142,9.0,0.040958006
54,142,10.0,0.029356765
54,142,11.0,0.02188511
54,142,12.0,0.01882938
54,142,13.0,0.017725343
54,142,14.0,0.016672606
54,143,0.0,0.044418577
54,143,1.0,0.030257406
54,143,2.0,0.01747344
54,143,3.0,0.011030481
54,143,4.0,0.007985824
54,143,5.0,0.006126656
54,143,6.0,0.0055631856
54,143,7.0,0.006046264
54,143,8.0,0.0065630144
54,143,9.0,0.0060265632
54,143,10.0,0.0047886884
54,143,11.0,0.0034906226
54,143,12.0,0.0033109433
54,143,13.0,0.0031619554
54,143,14.0,0.0024977864
54,144,0.0,0.008910587
54,144,1.0,0.0055568637
54,144,2.0,0.003674258
54,144,3.0,0.0018539142
54,144,4.0,0.001364718
54,144,5.0,0.0008149732
54,144,6.0,0.0006523159
54,144,7.0,0.000952586
54,144,8.0,0.0011962282
54,144,9.0,0.0014351053
54,144,10.0,0.00068173645
54,144,11.0,0.0003602457
54,144,12.0,0.00033025298
54,144,13.0,0.0003130126
54,144,14.0,0.00026156212
54,145,0.0,0.0010007453
54,145,1.0,0.0006554832
54,145,2.0,0.0002712054
54,145,3.0,0.0001968856
54,145,4.0,0.00011144033
54,145,5.0,2.8279674e-05
54,145,6.0,3.4652592e-05
54,145,7.0,6.764526e-05
54,145,8.0,0.00013026757
54,145,9.0,0.00012273312
54,145,10.0,7.2006784e-05
54,145,11.0,3.2570697e-05
54,145,12.0,2.950946e-05
54,145,13.0,3.7536513e-05
54,145,14.0,3.4477387e-05
54,146,0.0,0.00011835334
54,146,1.0,5.9190905e-05
54,146,2.0,9.878175e-06
54,146,3.0,3.3634146e-06
54,146,4.0,7.904689e-08
54,146,5.0,2.0084938e-08
54,146,6.0,0.0
54,146,7.0,8.727849e-07
54,146,8.0,4.1556154e-06
54,146,9.0,7.3485694e-07
54,146,10.0,5.477894e-07
54,146,11.0,1.8881693e-07
54,146,12.0,7.890125e-08
54,146,13.0,1.7995123e-06
54,146,14.0,6.058711e-06
54,147,0.0,2.5037932e-07
54,147,1.0,4.8565854e-09
54,147,2.0,4.475956e-07
54,147,3.0,1.7179644e-08
54,147,4.0,1.5361124e-07
54,147,5.0,2.4145331e-08
54,147,6.0,1.1409612e-08
54,147,7.0,0.0
54,147,8.0,2.764273e-07
54,147,9.0,3.94372e-09
54,147,10.0,6.6238414e-07
54,147,11.0,9.52191e-07
54,147,12.0,1.0667662e-07
54,147,13.0,3.2983793e-09
54,147,14.0,5.718899e-08
54,148,0.0,1.1508614e-07
54,148,1.0,2.249163e-07
54,148,2.0,4.3097634e-07
54,148,3.0,8.5602085e-07
54,148,4.0,5.5125247e-07
54,148,5.0,2.7560205e-07
54,148,6.0,1.8416522e-07
54,148,7.0,8.0944076e-08
54,148,8.0,3.139665e-08
54,148,9.0,5.2824434e-10
54,148,10.0,2.565643e-10
54,148,11.0,4.082367e-08
54,148,12.0,1.4525959e-07
54,148,13.0,1.9381924e-08
54,148,14.0,4.746683e-08
54,149,0.0,9.196449e-08
54,149,1.0,6.22098e-08
54,149,2.0,9.74084e-08
54,149,3.0,5.6869965e-07
54,149,4.0,4.3795035e-07
54,149,5.0,3.2567576e-07
54,149,6.0,1.5548305e-07
54,149,7.0,2.069811e-08
54,149,8.0,0.0
54,149,9.0,4.8416626e-07
54,149,10.0,5.558231e-07
54,149,11.0,8.2516317e-07
54,149,12.0,4.92471e-07
54,149,13.0,8.0159367e-07
54,149,14.0,4.5997598e-07
54,150,0.0,2.476934e-07
54,150,1.0,4.080384e-07
54,150,2.0,2.2459519e-08
54,150,3.0,0.0
54,150,4.0,3.4383714e-08
54,150,5.0,1.3687233e-07
54,150,6.0,2.8366122e-07
54,150,7.0,3.0140438e-07
54,150,8.0,2.3414185e-07
54,150,9.0,4.5228234e-07
54,150,10.0,1.985522e-07
54,150,11.0,6.4135844e-07
54,150,12.0,1.3141336e-07
54,150,13.0,3.8781025e-08
54,150,14.0,1.1295487e-07
55,128,0.0,2.5992692e-08
55,128,1.0,3.4425884e-07
55,128,2.0,2.919551e-07
55,128,3.0,5.6687252e-08
55,128,4.0,9.492031e-08
55,128,5.0,1.6914808e-07
55,128,6.0,3.3392956e-07
55,128,7.0,3.1157992e-07
55,128,8.0,1.3047045e-07
55,128,9.0,2.457866e-07
55,128,10.0,1.4432959e-06
55,128,11.0,9.158036e-08
55,128,12.0,9.173343e-08
55,128,13.0,4.499847e-08
55,128,14.0,2.2398174e-07
55,129,0.0,8.636734e-07
55,129,1.0,4.1959285e-07
55,129,2.0,0.0
55,129,3.0,5.1282187e-09
55,129,4.0,4.8930424e-09
55,129,5.0,9.3952664e-08
55,129,6.0,4.627152e-07
55,129,7.0,1.183204e-07
55,129,8.0,1.12004415e-08
55,129,9.0,0.0
55,129,10.0,0.0
55,129,11.0,0.0
55,129,12.0,0.0
55,129,13.0,3.0133037e-08
55,129,14.0,1.9993742e-07
55,130,0.0,6.050348e-08
55,130,1.0,0.0
55,130,2.0,0.0
55,130,3.0,0.0
55,130,4.0,2.8232956e-09
55,130,5.0,8.071398e-10
55,130,6.0,1.1644939e-10
55,130,7.0,6.8776496e-09
55,130,8.0,1.5769496e-08
55,130,9.0,0.0
55,130,10.0,1.1625601e-08
55,130,11.0,9.515081e-09
55,130,12.0,3.1849993e-08
55,130,13.0,5.0604307e-08
55,130,14.0,8.061507e-08
55,131,0.0,0.0
55,131,1.0,3.2139177e-08
55,131,2.0,1.00715894e-07
55,131,3.0,4.011365e-09
55,131,4.0,7.831951e-09
55,131,5.0,4.7463772e-07
55,131,6.0,1.272317e-06
55,131,7.0,7.0477347e-07
55,131,8.0,7.0246142e-09
55,131,9.0,0.0
55,131,10.0,0.0
55,131,11.0,1.0347179e-08
55,131,12.0,3.1366426e-08
55,131,13.0,0.0
55,131,14.0,0.0
55,132,0.0,0.0
55,132,1.0,5.4453103e-08
55,132,2.0,2.9462017e-08
55,132,3.0,1.3194575e-08
55,132,4.0,2.9804085e-08
55,132,5.0,1.877271e-07
55,132,6.0,0.0
55,132,7.0,0.0
55,132,8.0,0.0
55,132,9.0,0.0
55,132,10.0,6.141591e-08
55,132,11.0,3.0877077e-06
55,132,12.0,1.2145981e-05
55,132,13.0,1.930204e-05
55,132,14.0,3.6365425e-05
55,133,0.0,1.04218735e-07
55,133,1.0,0.0
55,133,2.0,0.0
55,133,3.0,0.0
55,133,4.0,0.0
55,133,5.0,1.597716e-08
55,133,6.0,2.696584e-07
55,133,7.0,9.548907e-07
55,133,8.0,5.674768e-07
55,133,9.0,2.042615e-06
55,133,10.0,4.0924053e-05
55,133,11.0,0.00015509968
55,133,12.0,0.00016538646
55,133,13.0,0.0001599727
55,133,14.0,0.0001548582
55,134,0.0,0.0
55,134,1.0,0.0
55,134,2.0,2.6518158e-08
55,134,3.0,4.064556e-07
55,134,4.0,4.2106976e-06
55,134,5.0,5.33721e-05
55,134,6.0,8.6146174e-05
55,134,7.0,6.433869e-05
55,134,8.0,5.2828243e-05
55,134,9.0,6.662281e-05
55,134,10.0,0.00016702911
55,134,11.0,0.00039629368
55,134,12.0,0.00037041548
55,134,13.0,0.0004955744
55,134,14.0,0.0007186634
55,135,0.0,1.1273732e-05
55,135,1.0,6.628298e-05
55,135,2.0,8.164279e-05
55,135,3.0,7.347368e-05
55,135,4.0,0.00011568935
55,135,5.0,0.00018618829
55,135,6.0,0.0004656089
55,135,7.0,0.0005080143
55,135,8.0,0.00057733036
55,135,9.0,0.00084736
55,135,10.0,0.001365179
55,135,11.0,0.0021386833
55,135,12.0,0.0030049758
55,135,13.0,0.0034249183
55,135,14.0,0.0036154662
55,136,0.0,0.00026524268
55,136,1.0,0.00035548199
55,136,2.0,0.00072217
55,136,3.0,0.0010374602
55,136,4.0,0.0016724777
55,136,5.0,0.0025458557
55,136,6.0,0.0037571636
55,136,7.0,0.0050348467
55,136,8.0,0.005625221
55,136,9.0,0.00677961
55,136,10.0,0.009098238
55,136,11.0,0.012059365
55,136,12.0,0.013568947
55,136,13.0,0.0139587335
55,136,14.0,0.016087856
55,137,0.0,0.0059398264
55,137,1.0,0.008757527
55,137,2.0,0.012514384
55,137,3.0,0.017418532
55,137,4.0,0.021117643
55,137,5.0,0.02643823
55,137,6.0,0.03319552
55,137,7.0,0.03314155
55,137,8.0,0.036804583
55,137,9.0,0.042663187
55,137,10.0,0.049564682
55,137,11.0,0.05849899
55,137,12.0,0.06669584
55,137,13.0,0.066868015
55,137,14.0,0.07183914
55,138,0.0,0.028993815
55,138,1.0,0.03532472
55,138,2.0,0.04933398
55,138,3.0,0.06208554
55,138,4.0,0.077148676
55,138,5.0,0.0926963
55,138,6.0,0.10323423
55,138,7.0,0.10722622
55,138,8.0,0.11533733
55,138,9.0,0.12717238
55,138,10.0,0.13945748
55,138,11.0,0.14863728
55,138,12.0,0.16297571
55,138,13.0,0.16539569
55,138,14.0,0.17389624
55,139,0.0,0.11833948
55,139,1.0,0.1355462
55,139,2.0,0.17367701
55,139,3.0,0.19823636
55,139,4.0,0.22512949
55,139,5.0,0.24379565
55,139,6.0,0.26029214
55,139,7.0,0.25424546
55,139,8.0,0.2594448
55,139,9.0,0.26678458
55,139,10.0,0.27940935
55,139,11.0,0.28458914
55,139,12.0,0.30750862
55,139,13.0,0.30180755
55,139,14.0,0.30850205
55,140,0.0,0.23906966
55,140,1.0,0.25330788
55,140,2.0,0.2880918
55,140,3.0,0.3340681
55,140,4.0,0.34827265
55,140,5.0,0.35579026
55,140,6.0,0.3699427
55,140,7.0,0.37622288
55,140,8.0,0.3730521
55,140,9.0,0.38374928
55,140,10.0,0.38058978
55,140,11.0,0.36507612
55,140,12.0,0.3620211
55,140,13.0,0.381024
55,140,14.0,0.3846405
55,141,0.0,0.399673
55,141,1.0,0.41375098
55,141,2.0,0.4606885
55,141,3.0,0.46455652
55,141,4.0,0.4618071
55,141,5.0,0.45974407
55,141,6.0,0.46455622
55,141,7.0,0.46399802
55,141,8.0,0.4576652
55,141,9.0,0.4367734
55,141,10.0,0.42180827
55,141,11.0,0.3882521
55,141,12.0,0.3702166
55,141,13.0,0.37062123
55,141,14.0,0.3715764
55,142,0.0,0.453892
55,142,1.0,0.42319784
55,142,2.0,0.39526412
55,142,3.0,0.36328107
55,142,4.0,0.32489502
55,142,5.0,0.3143324
55,142,6.0,0.3093861
55,142,7.0,0.30979136
55,142,8.0,0.30645505
55,142,9.0,0.28825036
55,142,10.0,0.25437155
55,142,11.0,0.23291911
55,142,12.0,0.221068
55,142,13.0,0.22281784
55,142,14.0,0.21662156
55,143,0.0,0.29603043
55,143,1.0,0.26476723
55,143,2.0,0.25299013
55,143,3.0,0.22104079
55,143,4.0,0.20762993
55,143,5.0,0.18380588
55,143,6.0,0.17038722
55,143,7.0,0.16915222
55,143,8.0,0.16119325
55,143,9.0,0.14747643
55,143,10.0,0.12897962
55,143,11.0,0.11436762
55,143,12.0,0.1046784
55,143,13.0,0.09829587
55,143,14.0,0.0897753
55,144,0.0,0.15345088
55,144,1.0,0.12330347
55,144,2.0,0.096337475
55,144,3.0,0.08014052
55,144,4.0,0.062198948
55,144,5.0,0.052958906
55,144,6.0,0.048278388
55,144,7.0,0.05043157
55,144,8.0,0.049082354
55,144,9.0,0.044585496
55,144,10.0,0.036623314
55,144,11.0,0.028252495
55,144,12.0,0.024310295
55,144,13.0,0.024882408
55,144,14.0,0.026390417
55,145,0.0,0.042845655
55,145,1.0,0.033714127
55,145,2.0,0.026625901
55,145,3.0,0.019746462
55,145,4.0,0.015718712
55,145,5.0,0.013045871
55,145,6.0,0.012848717
55,145,7.0,0.0122505175
55,145,8.0,0.011209978
55,145,9.0,0.009841993
55,145,10.0,0.008340765
55,145,11.0,0.00651249
55,145,12.0,0.005749533
55,145,13.0,0.0049994276
55,145,14.0,0.0041028443
55,146,0.0,0.009651469
55,146,1.0,0.0074584465
55,146,2.0,0.0048880843
55,146,3.0,0.002878733
55,146,4.0,0.0022662014
55,146,5.0,0.0018550411
55,146,6.0,0.0013096696
55,146,7.0,0.0013053885
55,146,8.0,0.0016175805
55,146,9.0,0.0013378253
55,146,10.0,0.00095597707
55,146,11.0,0.00084853626
55,146,12.0,0.00084595196
55,146,13.0,0.0008826514
55,146,14.0,0.0010060983
55,147,0.0,0.0014424301
55,147,1.0,0.0011172193
55,147,2.0,0.00058558135
55,147,3.0,0.00043472313
55,147,4.0,0.00040537384
55,147,5.0,0.00023688699
55,147,6.0,0.00014016865
55,147,7.0,0.000106451116
55,147,8.0,0.00015570944
55,147,9.0,0.00016752127
55,147,10.0,0.00010335236
55,147,11.0,0.00011979811
55,147,12.0,0.000103291946
55,147,13.0,0.000105811116
55,147,14.0,0.00010870086
55,148,0.0,9.083042e-05
55,148,1.0,6.152171e-05
55,148,2.0,6.3077794e-05
55,148,3.0,3.9631268e-05
55,148,4.0,1.7117394e-05
55,148,5.0,1.2271016e-06
55,148,6.0,6.750448e-08
55,148,7.0,1.01409995e-07
55,148,8.0,4.1937246e-06
55,148,9.0,8.292735e-07
55,148,10.0,2.9651373e-08
55,148,11.0,0.0
55,148,12.0,0.0
55,148,13.0,0.0
55,148,14.0,6.071984e-10
55,149,0.0,5.0560004e-08
55,149,1.0,1.8632831e-07
55,149,2.0,1.6760005e-07
55,149,3.0,0.0
55,149,4.0,0.0
55,149,5.0,5.4422683e-10
55,149,6.0,2.7971728e-08
55,149,7.0,9.35707e-07
55,149,8.0,7.3299174e-07
55,149,9.0,7.689598e-07
55,149,10.0,8.64726e-08
55,149,11.0,6.884021e-08
55,149,12.0,2.1291719e-07
55,149,13.0,3.3035695e-07
55,149,14.0,3.4228975e-08
55,150,0.0,9.885266e-08
55,150,1.0,1.3221891e-07
55,150,2.0,4.954362e-07
55,150,3.0,3.999885e-07
55,150,4.0,9.2520104e-08
55,150,5.0,2.9697677e-08
55,150,6.0,3.3088817e-08
55,150,7.0,6.900212e-07
55,150,8.0,6.6118946e-07
55,150,9.0,2.1310353e-07
55,150,10.0,9.3734803e-07
55,150,11.0,1.0379345e-08
55,150,12.0,7.164301e-09
55,150,13.0,8.8060105e-08
55,150,14.0,2.984555e-07
55,151,0.0,4.9437872e-08
55,151,1.0,7.474429e-07
55,151,2.0,8.420724e-07
55,151,3.0,4.8400574e-07
55,151,4.0,1.0551756e-07
55,151,5.0,5.923036e-08
55,151,6.0,9.934114e-08
55,151,7.0,1.1575804e-06
55,151,8.0,4.3180802e-07
55,151,9.0,4.6811573e-07
55,151,10.0,1.6981593e-07
55,151,11.0,4.4388517e-07
55,151,12.0,2.6679982e-07
55,151,13.0,1.13061404e-07
55,151,14.0,1.3165485e-08
55,152,0.0,1.8132336e-07
55,152,1.0,6.833825e-08
55,152,2.0,3.9894278e-08
55,152,3.0,9.366317e-08
55,152,4.0,8.159104e-08
55,152,5.0,1.7935875e-07
55,152,6.0,7.7922704e-07
55,152,7.0,8.078462e-07
55,152,8.0,4.9989546e-07
55,152,9.0,1.1559042e-06
55,152,10.0,2.1498467e-08
55,152,11.0,2.2812569e-07
55,152,12.0,1.7186815e-07
55,152,13.0,8.714479e-09
55,152,14.0,9.2662205e-08
56,131,0.0,9.0173353e-07
56,131,1.0,6.578648e-07
56,131,2.0,0.0
56,131,3.0,2.9976648e-13
56,131,4.0,3.407558e-08
56,131,5.0,5.284806e-07
56,131,6.0,1.0554821e-06
56,131,7.0,3.4329094e-07
56,131,8.0,2.0033625e-08
56,131,9.0,1.7945228e-08
56,131,10.0,1.2856607e-07
56,131,11.0,1.983246e-07
56,131,12.0,1.1595e-07
56,131,13.0,1.1928874e-07
56,131,14.0,1.4524812e-07
56,132,0.0,5.642753e-08
56,132,1.0,6.124345e-08
56,132,2.0,4.380381e-07
56,132,3.0,1.0957149e-06
56,132,4.0,1.4369878e-06
56,132,5.0,1.4954884e-06
56,132,6.0,9.587395e-07
56,132,7.0,1.6402551e-07
56,132,8.0,9.0836096e-08
56,132,9.0,1.5946432e-07
56,132,10.0,1.5349707e-07
56,132,11.0,3.1847716e-07
56,132,12.0,2.3788884e-07
56,132,13.0,1.19046675e-07
56,132,14.0,4.6239697e-07
56,133,0.0,0.0
56,133,1.0,1.686538e-07
56,133,2.0,8.6479155e-08
56,133,3.0,0.0
56,133,4.0,0.0
56,133,5.0,0.0
56,133,6.0,0.0
56,133,7.0,1.4078595e-08
56,133,8.0,0.0
56,133,9.0,0.0
56,133,10.0,4.2280175e-09
56,133,11.0,0.0
56,133,12.0,3.746656e-13
56,133,13.0,5.3867716e-10
56,133,14.0,2.1511504e-08
56,134,0.0,0.0
56,134,1.0,3.9793335e-08
56,134,2.0,1.48576795e-08
56,134,3.0,0.0
56,134,4.0,0.0
56,134,5.0,0.0
56,134,6.0,4.5745075e-08
56,134,7.0,3.005571e-07
56,134,8.0,5.023948e-08
56,134,9.0,0.0
56,134,10.0,1.729594e-09
56,134,11.0,0.0
56,134,12.0,2.4257698e-08
56,134,13.0,4.917606e-08
56,134,14.0,6.4306227e-09
56,135,0.0,7.7401774e-07
56,135,1.0,0.0
56,135,2.0,0.0
56,135,3.0,0.0
56,135,4.0,0.0
56,135,5.0,3.5842388e-11
56,135,6.0,2.0448769e-07
56,135,7.0,3.2667479e-06
56,135,8.0,1.428703e-06
56,135,9.0,3.451641e-07
56,135,10.0,2.6758283e-07
56,135,11.0,2.3633152e-06
56,135,12.0,1.9838533e-05
56,135,13.0,3.009572e-05
56,135,14.0,3.681307e-05
56,136,0.0,2.2216366e-06
56,136,1.0,1.4259294e-07
56,136,2.0,1.0401448e-06
56,136,3.0,7.237814e-07
56,136,4.0,1.324091e-06
56,136,5.0,2.4596186e-06
56,136,6.0,1.7726854e-05
56,136,7.0,2.3879848e-05
56,136,8.0,2.1430944e-05
56,136,9.0,3.0609226e-05
56,136,10.0,4.988417e-05
56,136,11.0,7.754945e-05
56,136,12.0,0.00029145973
56,136,13.0,0.00038424792
56,136,14.0,0.00040454778
56,137,0.0,8.367621e-06
56,137,1.0,1.4152573e-06
56,137,2.0,1.3952477e-05
56,137,3.0,3.066132e-05
56,137,4.0,8.7445565e-05
56,137,5.0,0.00011259398
56,137,6.0,0.00020069609
56,137,7.0,0.00034897655
56,137,8.0,0.00043968615
56,137,9.0,0.0006452717
56,137,10.0,0.0007817828
56,137,11.0,0.0012073239
56,137,12.0,0.0019919307
56,137,13.0,0.002547199
56,137,14.0,0.0026658052
56,138,0.0,0.0008355248
56,138,1.0,0.0009489484
56,138,2.0,0.0011485866
56,138,3.0,0.0016864146
56,138,4.0,0.0020541265
56,138,5.0,0.0026179545
56,138,6.0,0.0031581812
56,138,7.0,0.004080452
56,138,8.0,0.004344099
56,138,9.0,0.0053985687
56,138,10.0,0.007763075
56,138,11.0,0.010186971
56,138,12.0,0.011708263
56,138,13.0,0.011597538
56,138,14.0,0.0132807875
56,139,0.0,0.0051847585
56,139,1.0,0.0056295823
56,139,2.0,0.0074478104
56,139,3.0,0.009964458
56,139,4.0,0.013398112
56,139,5.0,0.016108705
56,139,6.0,0.019516224
56,139,7.0,0.022143904
56,139,8.0,0.023188438
56,139,9.0,0.02624868
56,139,10.0,0.03307498
56,139,11.0,0.04000721
56,139,12.0,0.043269347
56,139,13.0,0.045479268
56,139,14.0,0.04677304
56,140,0.0,0.03287331
56,140,1.0,0.03399148
56,140,2.0,0.04404751
56,140,3.0,0.050657004
56,140,4.0,0.055241197
56,140,5.0,0.06054834
56,140,6.0,0.06891146
56,140,7.0,0.07688036
56,140,8.0,0.08102638
56,140,9.0,0.090722755
56,140,10.0,0.10278879
56,140,11.0,0.10844133
56,140,12.0,0.116851814
56,140,13.0,0.13028108
56,140,14.0,0.1403463
56,141,0.0,0.092464626
56,141,1.0,0.09985897
56,141,2.0,0.11115223
56,141,3.0,0.12818252
56,141,4.0,0.1413016
56,141,5.0,0.15644528
56,141,6.0,0.1755512
56,141,7.0,0.1924765
56,141,8.0,0.20140585
56,141,9.0,0.21463417
56,141,10.0,0.21803145
56,141,11.0,0.2196762
56,141,12.0,0.22463945
56,141,13.0,0.24719468
56,141,14.0,0.25446838
56,142,0.0,0.28884414
56,142,1.0,0.28739297
56,142,2.0,0.29907128
56,142,3.0,0.3098225
56,142,4.0,0.3205953
56,142,5.0,0.327245
56,142,6.0,0.34625062
56,142,7.0,0.35116
56,142,8.0,0.3663259
56,142,9.0,0.3748824
56,142,10.0,0.37558797
56,142,11.0,0.3614024
56,142,12.0,0.36820382
56,142,13.0,0.40481263
56,142,14.0,0.41932324
56,143,0.0,0.44085008
56,143,1.0,0.41246775
56,143,2.0,0.38451323
56,143,3.0,0.39671707
56,143,4.0,0.39514154
56,143,5.0,0.39760026
56,143,6.0,0.39358312
56,143,7.0,0.40664086
56,143,8.0,0.42731082
56,143,9.0,0.40651667
56,143,10.0,0.39038426
56,143,11.0,0.38014096
56,143,12.0,0.36187243
56,143,13.0,0.36813623
56,143,14.0,0.3889814
56,144,0.0,0.54910606
56,144,1.0,0.50036836
56,144,2.0,0.43759224
56,144,3.0,0.40047002
56,144,4.0,0.37911695
56,144,5.0,0.34839106
56,144,6.0,0.35686353
56,144,7.0,0.38441744
56,144,8.0,0.37762642
56,144,9.0,0.3491758
56,144,10.0,0.30755538
56,144,11.0,0.2835359
56,144,12.0,0.2815252
56,144,13.0,0.27793163
56,144,14.0,0.28278616
56,145,0.0,0.39431167
56,145,1.0,0.33926156
56,145,2.0,0.260622
56,145,3.0,0.2164261
56,145,4.0,0.19192412
56,145,5.0,0.1728245
56,145,6.0,0.17446156
56,145,7.0,0.19410548
56,145,8.0,0.19069265
56,145,9.0,0.16488089
56,145,10.0,0.13150549
56,145,11.0,0.11908945
56,145,12.0,0.12064593
56,145,13.0,0.12559764
56,145,14.0,0.12272355
56,146,0.0,0.20593196
56,146,1.0,0.17636181
56,146,2.0,0.13485487
56,146,3.0,0.10983065
56,146,4.0,0.09080572
56,146,5.0,0.07894533
56,146,6.0,0.07802185
56,146,7.0,0.08463086
56,146,8.0,0.08363272
56,146,9.0,0.07163531
56,146,10.0,0.05738852
56,146,11.0,0.04835717
56,146,12.0,0.042942464
56,146,13.0,0.042632326
56,146,14.0,0.042752497
56,147,0.0,0.08150281
56,147,1.0,0.061402995
56,147,2.0,0.040392324
56,147,3.0,0.028202046
56,147,4.0,0.022247935
56,147,5.0,0.017377209
56,147,6.0,0.016118579
56,147,7.0,0.018122518
56,147,8.0,0.018643284
56,147,9.0,0.015060589
56,147,10.0,0.012053394
56,147,11.0,0.009473157
56,147,12.0,0.0085736355
56,147,13.0,0.008719843
56,147,14.0,0.009556189
56,148,0.0,0.019887542
56,148,1.0,0.015849814
56,148,2.0,0.009810162
56,148,3.0,0.0069104526
56,148,4.0,0.0053865537
56,148,5.0,0.00405681
56,148,6.0,0.0036929948
56,148,7.0,0.0038533085
56,148,8.0,0.004375554
56,148,9.0,0.0034367666
56,148,10.0,0.0028103157
56,148,11.0,0.0022673015
56,148,12.0,0.0019776658
56,148,13.0,0.0018525136
56,148,14.0,0.0017381872
56,149,0.0,0.0030445596
56,149,1.0,0.0025729253
56,149,2.0,0.0014211594
56,149,3.0,0.00078890147
56,149,4.0,0.00047907213
56,149,5.0,0.00039168814
56,149,6.0,0.00043756186
56,149,7.0,0.0005018252
56,149,8.0,0.00047612475
56,149,9.0,0.00033647995
56,149,10.0,0.00023274365
56,149,11.0,0.0001923146
56,149,12.0,0.00022194248
56,149,13.0,0.00014779223
56,149,14.0,0.00012455447
56,150,0.0,0.00032417025
56,150,1.0,0.00014638106
56,150,2.0,0.00017755895
56,150,3.0,0.00014789413
56,150,4.0,8.7340835e-05
56,150,5.0,5.124858e-05
56,150,6.0,3.4408786e-05
56,150,7.0,3.9632232e-05
56,150,8.0,4.7301433e-05
56,150,9.0,3.0001813e-05
56,150,10.0,1.6572707e-05
56,150,11.0,1.08941485e-05
56,150,12.0,1.69604e-06
56,150,13.0,4.774162e-08
56,150,14.0,0.0
56,151,0.0,1.297294e-07
56,151,1.0,4.875138e-07
56,151,2.0,1.7172155e-09
56,151,3.0,5.2177396e-09
56,151,4.0,7.234926e-07
56,151,5.0,1.0027455e-06
56,151,6.0,1.9166475e-07
56,151,7.0,0.0
56,151,8.0,7.1848016e-10
56,151,9.0,1.01009704e-07
56,151,10.0,1.3142626e-07
56,151,11.0,6.3803697e-07
56,151,12.0,3.4842233e-07
56,151,13.0,1.4363457e-08
56,151,14.0,8.497754e-09
56,152,0.0,9.613983e-08
56,152,1.0,6.484657e-07
56,152,2.0,3.9949825e-07
56,152,3.0,1.7069435e-07
56,152,4.0,3.0626705e-08
56,152,5.0,6.435052e-07
56,152,6.0,1.0463758e-06
56,152,7.0,1.0552517e-06
56,152,8.0,4.1918457e-07
56,152,9.0,1.9739268e-06
56,152,10.0,5.6421004e-07
56,152,11.0,1.0147399e-08
56,152,12.0,8.066671e-08
56,152,13.0,4.6134753e-07
56,152,14.0,5.5830196e-07
56,153,0.0,3.9322497e-08
56,153,1.0,6.423207e-07
56,153,2.0,2.381988e-07
56,153,3.0,1.51409e-07
56,153,4.0,4.5952926e-09
56,153,5.0,1.6971184e-07
56,153,6.0,9.841799e-08
56,153,7.0,5.1745076e-08
56,153,8.0,1.35303e-07
56,153,9.0,2.8704275e-07
56,153,10.0,1.2398131e-07
56,153,11.0,4.7295522e-08
56,153,12.0,1.1745988e-08
56,153,13.0,1.4729073e-07
56,153,14.0,1.16014746e-07
56,154,0.0,8.6733303e-07
56,154,1.0,1.2256193e-07
56,154,2.0,4.5600922e-07
56,154,3.0,9.834199e-07
56,154,4.0,6.646236e-07
56,154,5.0,2.0493883e-07
56,154,6.0,3.5736866e-07
56,154,7.0,4.4750183e-07
56,154,8.0,0.0
56,154,9.0,1.4638275e-07
56,154,10.0,6.763236e-08
56,154,11.0,1.6060127e-07
56,154,12.0,1.4444281e-07
56,154,13.0,4.995349e-09
56,154,14.0,1.1283283e-07
57,133,0.0,4.865702e-07
57,133,1.0,3.8273964e-07
57,133,2.0,1.407885e-07
57,133,3.0,3.5168011e-07
57,133,4.0,3.1336657e-07
57,133,5.0,5.2183535e-10
57,133,6.0,7.52239e-09
57,133,7.0,2.1440802e-07
57,133,8.0,4.1944506e-07
57,133,9.0,1.3733046e-07
57,133,10.0,1.4651114e-07
57,133,11.0,2.985519e-08
57,133,12.0,5.3006204e-09
57,133,13.0,0.0
57,133,14.0,0.0
57,134,0.0,0.0
57,134,1.0,2.0481929e-07
57,134,2.0,1.5953746e-07
57,134,3.0,1.7678869e-07
57,134,4.0,1.8721708e-07
57,134,5.0,5.4382003e-08
57,134,6.0,2.6855432e-07
57,134,7.0,5.081255e-07
57,134,8.0,3.69277e-08
57,134,9.0,4.0323278e-10
57,134,10.0,0.0
57,134,11.0,0.0
57,134,12.0,0.0
57,134,13.0,1.5368684e-08
57,134,14.0,9.279644e-08
57,135,0.0,1.6196746e-07
57,135,1.0,2.972079e-07
57,135,2.0,3.7433793e-07
57,135,3.0,7.7882834e-07
57,135,4.0,2.8605206e-07
57,135,5.0,2.1616893e-07
57,135,6.0,2.1788844e-07
57,135,7.0,2.0095753e-07
57,135,8.0,1.44472345e-08
57,135,9.0,1.6525157e-09
57,135,10.0,2.2457245e-08
57,135,11.0,1.3847348e-07
57,135,12.0,6.4259206e-07
57,135,13.0,3.0783085e-07
57,135,14.0,1.5388738e-07
57,136,0.0,3.022138e-07
57,136,1.0,2.1325695e-06
57,136,2.0,7.589306e-08
57,136,3.0,3.1636202e-07
57,136,4.0,1.6916312e-06
57,136,5.0,7.2060607e-07
57,136,6.0,1.280813e-08
57,136,7.0,9.650695e-08
57,136,8.0,3.403406e-07
57,136,9.0,7.320166e-08
57,136,10.0,4.457989e-07
57,136,11.0,1.2762323e-06
57,136,12.0,2.821562e-07
57,136,13.0,8.232849e-09
57,136,14.0,9.1530495e-07
57,137,0.0,1.0977191e-07
57,137,1.0,0.0
57,137,2.0,0.0
57,137,3.0,5.4254795e-10
57,137,4.0,3.883518e-07
57,137,5.0,1.2590176e-06
57,137,6.0,3.2727846e-07
57,137,7.0,2.826298e-07
57,137,8.0,1.6658987e-07
57,137,9.0,1.6096444e-06
57,137,10.0,5.624833e-06
57,137,11.0,4.1828257e-06
57,137,12.0,7.2004646e-06
57,137,13.0,7.2308585e-06
57,137,14.0,7.5805197e-06
57,138,0.0,1.8666115e-07
57,138,1.0,0.0
57,138,2.0,0.0
57,138,3.0,0.0
57,138,4.0,2.7209612e-07
57,138,5.0,4.7260496e-08
57,138,6.0,4.2881627e-09
57,138,7.0,0.0
57,138,8.0,2.5092118e-07
57,138,9.0,7.785134e-06
57,138,10.0,1.6195547e-05
57,138,11.0,1.1003293e-05
57,138,12.0,2.603491e-05
57,138,13.0,0.00010416678
57,138,14.0,0.00012601676
57,139,0.0,2.59525e-07
57,139,1.0,0.0
57,139,2.0,6.295523e-11
57,139,3.0,5.191511e-07
57,139,4.0,6.3149105e-06
57,139,5.0,4.1659645e-05
57,139,6.0,5.6397206e-05
57,139,7.0,6.219752e-05
57,139,8.0,8.9084664e-05
57,139,9.0,0.00012401355
57,139,10.0,0.00025960396
57,139,11.0,0.0003015511
57,139,12.0,0.0004902918
57,139,13.0,0.00060657307
57,139,14.0,0.0006776819
57,140,0.0,5.5191147e-05
57,140,1.0,1.1700942e-05
57,140,2.0,7.902083e-05
57,140,3.0,0.00015388096
57,140,4.0,0.000308704
57,140,5.0,0.00043276272
57,140,6.0,0.00053824397
57,140,7.0,0.0006386839
57,140,8.0,0.00085938745
57,140,9.0,0.0011843072
57,140,10.0,0.0016253693
57,140,11.0,0.0017444592
57,140,12.0,0.0022770397
57,140,13.0,0.0028263575
57,140,14.0,0.0030663968
57,141,0.0,0.00086429354
57,141,1.0,0.0010926897
57,141,2.0,0.0013299225
57,141,3.0,0.00178885
57,141,4.0,0.0025618146
57,141,5.0,0.0035486901
57,141,6.0,0.003958476
57,141,7.0,0.004300328
57,141,8.0,0.005173454
57,141,9.0,0.0064229425
57,141,10.0,0.0077499854
57,141,11.0,0.009936775
57,141,12.0,0.011479983
57,141,13.0,0.012211486
57,141,14.0,0.013798365
57,142,0.0,0.0039357916
57,142,1.0,0.004887319
57,142,2.0,0.006939701
57,142,3.0,0.0089442665
57,142,4.0,0.01247298
57,142,5.0,0.016081352
57,142,6.0,0.017242298
57,142,7.0,0.019026918
57,142,8.0,0.023263678
57,142,9.0,0.027227547
57,142,10.0,0.029598106
57,142,11.0,0.030880766
57,142,12.0,0.03445157
57,142,13.0,0.037835583
57,142,14.0,0.03955714
57,143,0.0,0.023709085
57,143,1.0,0.028323956
57,143,2.0,0.035145316
57,143,3.0,0.04137848
57,143,4.0,0.049463224
57,143,5.0,0.05416549
57,143,6.0,0.060148846
57,143,7.0,0.06627166
57,143,8.0,0.070949025
57,143,9.0,0.07678429
57,143,10.0,0.08311442
57,143,11.0,0.08577099
57,143,12.0,0.09025136
57,143,13.0,0.095029145
57,143,14.0,0.10211369
57,144,0.0,0.06497747
57,144,1.0,0.07330095
57,144,2.0,0.087247446
57,144,3.0,0.09727389
57,144,4.0,0.11672359
57,144,5.0,0.13079837
57,144,6.0,0.13968353
57,144,7.0,0.1445589
57,144,8.0,0.15084039
57,144,9.0,0.14970411
57,144,10.0,0.15231481
57,144,11.0,0.16037466
57,144,12.0,0.16557014
57,144,13.0,0.17241111
57,144,14.0,0.184477
57,145,0.0,0.1506868
57,145,1.0,0.16263068
57,145,2.0,0.17650352
57,145,3.0,0.17855708
57,145,4.0,0.19547935
57,145,5.0,0.20603575
57,145,6.0,0.21651131
57,145,7.0,0.22275952
57,145,8.0,0.22399442
57,145,9.0,0.22101443
57,145,10.0,0.21394871
57,145,11.0,0.20713632
57,145,12.0,0.20686401
57,145,13.0,0.20696896
57,145,14.0,0.21700029
57,146,0.0,0.19023636
57,146,1.0,0.18954475
57,146,2.0,0.18788005
57,146,3.0,0.1954639
57,146,4.0,0.19341412
57,146,5.0,0.18637943
57,146,6.0,0.19276425
57,146,7.0,0.19552414
57,146,8.0,0.19800453
57,146,9.0,0.19533768
57,146,10.0,0.1819729
57,146,11.0,0.16899286
57,146,12.0,0.16400824
57,146,13.0,0.16243301
57,146,14.0,0.16583605
57,147,0.0,0.17695531
57,147,1.0,0.16834873
57,147,2.0,0.16673394
57,147,3.0,0.15771288
57,147,4.0,0.16339079
57,147,5.0,0.14789261
57,147,6.0,0.1469621
57,147,7.0,0.14567211
57,147,8.0,0.14691265
57,147,9.0,0.13962674
57,147,10.0,0.12245461
57,147,11.0,0.10673357
57,147,12.0,0.09930517
57,147,13.0,0.09913592
57,147,14.0,0.09641535
57,148,0.0,0.10748116
57,148,1.0,0.10214726
57,148,2.0,0.09028992
57,148,3.0,0.082387134
57,148,4.0,0.070452854
57,148,5.0,0.06314206
57,148,6.0,0.0648781
57,148,7.0,0.06534146
57,148,8.0,0.06005793
57,148,9.0,0.053209968
57,148,10.0,0.047040608
57,148,11.0,0.041827608
57,148,12.0,0.037157066
57,148,13.0,0.03848844
57,148,14.0,0.039564785
57,149,0.0,0.04309403
57,149,1.0,0.042184483
57,149,2.0,0.037424423
57,149,3.0,0.03385898
57,149,4.0,0.030482475
57,149,5.0,0.030647477
57,149,6.0,0.02564007
57,149,7.0,0.023980157
57,149,8.0,0.02164476
57,149,9.0,0.018477
57,149,10.0,0.015542196
57,149,11.0,0.014258404
57,149,12.0,0.012559087
57,149,13.0,0.011334641
57,149,14.0,0.01052757
57,150,0.0,0.0126690185
57,150,1.0,0.010779057
57,150,2.0,0.009846328
57,150,3.0,0.008256696
57,150,4.0,0.007038283
57,150,5.0,0.0055308496
57,150,6.0,0.005378003
57,150,7.0,0.0045089773
57,150,8.0,0.0036121022
57,150,9.0,0.0035567966
57,150,10.0,0.0028401315
57,150,11.0,0.0028067639
57,150,12.0,0.002132162
57,150,13.0,0.0016870997
57,150,14.0,0.0013731195
57,151,0.0,0.0018520558
57,151,1.0,0.0018064623
57,151,2.0,0.0017584619
57,151,3.0,0.0016657047
57,151,4.0,0.0013880086
57,151,5.0,0.0007162432
57,151,6.0,0.0005566075
57,151,7.0,0.00045883772
57,151,8.0,0.00059008
57,151,9.0,0.00064284384
57,151,10.0,0.0005628702
57,151,11.0,0.0003486331
57,151,12.0,0.00022801103
57,151,13.0,0.00016925734
57,151,14.0,0.00015997785
57,152,0.0,0.00032939183
57,152,1.0,0.00033984834
57,152,2.0,0.00037882847
57,152,3.0,0.00028803595
57,152,4.0,0.00014440014
57,152,5.0,0.00018586691
57,152,6.0,8.526578e-05
57,152,7.0,5.3136544e-05
57,152,8.0,2.2118425e-05
57,152,9.0,1.9246147e-05
57,152,10.0,1.8414652e-05
57,152,11.0,8.82739e-06
57,152,12.0,5.5594282e-06
57,152,13.0,2.0439795e-06
57,152,14.0,2.70817e-07
57,153,0.0,6.764521e-06
57,153,1.0,1.0196245e-06
57,153,2.0,1.2523362e-05
57,153,3.0,8.478903e-06
57,153,4.0,2.8276663e-09
57,153,5.0,0.0
57,153,6.0,2.7693481e-08
57,153,7.0,6.013683e-10
57,153,8.0,0.0
57,153,9.0,0.0
57,153,10.0,1.938756e-10
57,153,11.0,5.9880922e-09
57,153,12.0,0.0
57,153,13.0,0.0
57,153,14.0,2.2750963e-11
57,154,0.0,3.8305987e-07
57,154,1.0,6.046353e-07
57,154,2.0,1.8807604e-07
57,154,3.0,2.8685958e-12
57,154,4.0,5.9414335e-11
57,154,5.0,2.4526264e-08
57,154,6.0,1.4345449e-08
57,154,7.0,4.3363326e-07
57,154,8.0,1.4258898e-06
57,154,9.0,1.20638e-07
57,154,10.0,0.0
57,154,11.0,0.0
57,154,12.0,2.050502e-09
57,154,13.0,0.0
57,154,14.0,4.8976236e-08
57,155,0.0,3.2097883e-08
57,155,1.0,5.2421562e-08
57,155,2.0,3.2381315e-08
57,155,3.0,9.522922e-07
57,155,4.0,4.4577988e-07
57,155,5.0,0.0
57,155,6.0,1.665772e-08
57,155,7.0,5.140607e-07
57,155,8.0,2.282734e-07
57,155,9.0,1.11083736e-07
57,155,10.0,3.6440275e-07
57,155,11.0,2.6323215e-07
57,155,12.0,8.793533e-08
57,155,13.0,5.3277818e-09
57,155,14.0,7.735186e-08
57,156,0.0,3.0845177e-07
57,156,1.0,3.1523683e-08
57,156,2.0,4.4074838e-07
57,156,3.0,5.979982e-07
57,156,4.0,2.5041746e-07
57,156,5.0,3.5770375e-07
57,156,6.0,9.4615496e-07
57,156,7.0,5.1325765e-07
57,156,8.0,2.1009181e-07
57,156,9.0,1.1876736e-07
57,156,10.0,1.0651894e-08
57,156,11.0,1.437847e-07
57,156,12.0,5.5036674e-07
57,156,13.0,3.8019138e-07
57,156,14.0,8.759966e-08
57,157,0.0,3.0586747e-07
57,157,1.0,1.9724415e-07
57,157,2.0,1.1910313e-07
57,157,3.0,2.5062828e-08
57,157,4.0,1.6040131e-09
57,157,5.0,8.691041e-09
57,157,6.0,6.4497776e-08
57,157,7.0,7.818702e-11
57,157,8.0,1.3876205e-07
57,157,9.0,4.2008068e-07
57,157,10.0,8.28026e-07
57,157,11.0,1.0008486e-06
57,157,12.0,3.6290032e-07
57,157,13.0,2.1975791e-07
57,157,14.0,1.0660093e-07
58,135,0.0,3.53189e-07
58,135,1.0,5.102275e-08
58,135,2.0,1.0939158e-08
58,135,3.0,9.25298e-08
58,135,4.0,2.2650097e-07
58,135,5.0,2.3066338e-08
58,135,6.0,6.516546e-08
58,135,7.0,9.79975e-07
58,135,8.0,7.976726e-07
58,135,9.0,3.641428e-07
58,135,10.0,1.8336689e-08
58,135,11.0,7.6156886e-10
58,135,12.0,3.1964206e-08
58,135,13.0,3.2041726e-07
58,135,14.0,5.779117e-07
58,136,0.0,1.1201321e-07
58,136,1.0,3.0245272e-07
58,136,2.0,1.0433649e-07
58,136,3.0,9.438598e-08
58,136,4.0,2.2283957e-07
58,136,5.0,4.4544868e-07
58,136,6.0,2.5443254e-07
58,136,7.0,1.1792061e-07
58,136,8.0,2.2847247e-07
58,136,9.0,5.193454e-07
58,136,10.0,3.303074e-07
58,136,11.0,7.002725e-08
58,136,12.0,1.0172697e-07
58,136,13.0,3.4154036e-07
58,136,14.0,4.2721277e-07
58,137,0.0,6.5958865e-08
58,137,1.0,5.164727e-07
58,137,2.0,1.3946546e-07
58,137,3.0,6.0254095e-08
58,137,4.0,7.654546e-10
58,137,5.0,3.1405505e-09
58,137,6.0,8.035871e-10
58,137,7.0,1.0085472e-10
58,137,8.0,3.5486877e-07
58,137,9.0,7.88765e-07
58,137,10.0,1.4899557e-07
58,137,11.0,1.9149364e-09
58,137,12.0,0.0
58,137,13.0,2.380746e-09
58,137,14.0,1.5362869e-07
58,138,0.0,1.3241323e-07
58,138,1.0,2.9425553e-07
58,138,2.0,1.7121208e-07
58,138,3.0,2.1457186e-08
58,138,4.0,4.6204867e-08
58,138,5.0,3.4341267e-07
58,138,6.0,4.88726e-07
58,138,7.0,5.386297e-07
58,138,8.0,8.49486e-08
58,138,9.0,2.089236e-07
58,138,10.0,8.4508844e-07
58,138,11.0,5.749088e-07
58,138,12.0,3.987084e-08
58,138,13.0,1.5797323e-08
58,138,14.0,1.4958799e-07
58,139,0.0,0.0
58,139,1.0,1.8187775e-07
58,139,2.0,3.7288025e-08
58,139,3.0,6.403744e-09
58,139,4.0,2.249408e-08
58,139,5.0,1.06236094e-07
58,139,6.0,9.977187e-08
58,139,7.0,3.6426613e-08
58,139,8.0,1.1807692e-10
58,139,9.0,0.0
58,139,10.0,5.029315e-10
58,139,11.0,2.452554e-08
58,139,12.0,4.073399e-07
58,139,13.0,1.3152302e-07
58,139,14.0,2.8935865e-10
58,140,0.0,0.0
58,140,1.0,2.3122262e-09
58,140,2.0,2.283288e-07
58,140,3.0,1.2864733e-07
58,140,4.0,2.0311819e-07
58,140,5.0,3.7768265e-07
58,140,6.0,1.5806496e-06
58,140,7.0,1.9620504e-06
58,140,8.0,1.1939653e-06
58,140,9.0,1.4522572e-06
58,140,10.0,8.986942e-06
58,140,11.0,9.863029e-06
58,140,12.0,8.671981e-06
58,140,13.0,2.3331313e-05
58,140,14.0,1.44163205e-05
58,141,0.0,0.0
58,141,1.0,2.6993073e-08
58,141,2.0,4.6730115e-06
58,141,3.0,1.704827e-05
58,141,4.0,1.9687277e-05
58,141,5.0,2.5704116e-05
58,141,6.0,4.0731687e-05
58,141,7.0,5.1392308e-05
58,141,8.0,6.080636e-05
58,141,9.0,6.544941e-05
58,141,10.0,8.906438e-05
58,141,11.0,0.00019830273
58,141,12.0,0.00022775173
58,141,13.0,0.00023594595
58,141,14.0,0.00022492759
58,142,0.0,5.355779e-05
58,142,1.0,5.5441542e-05
58,142,2.0,0.00010815154
58,142,3.0,0.00015603859
58,142,4.0,0.0001655478
58,142,5.0,0.00019695271
58,142,6.0,0.00026171308
58,142,7.0,0.0003024626
58,142,8.0,0.000285078
58,142,9.0,0.00045150777
58,142,10.0,0.00080040976
58,142,11.0,0.0010172466
58,142,12.0,0.0013293496
58,142,13.0,0.001576638
58,142,14.0,0.0017184154
58,143,0.0,0.0006348394
58,143,1.0,0.0006648728
58,143,2.0,0.0007614093
58,143,3.0,0.00085930753
58,143,4.0,0.0011728894
58,143,5.0,0.0016159717
58,143,6.0,0.0018123599
58,143,7.0,0.0019634096
58,143,8.0,0.0022804092
58,143,9.0,0.0030823296
58,143,10.0,0.004089017
58,143,11.0,0.0050210436
58,143,12.0,0.005869552
58,143,13.0,0.0063339244
58,143,14.0,0.00727388
58,144,0.0,0.0042337417
58,144,1.0,0.0048484686
58,144,2.0,0.0049860124
58,144,3.0,0.006026299
58,144,4.0,0.006869987
58,144,5.0,0.0077084326
58,144,6.0,0.0100629125
58,144,7.0,0.011715906
58,144,8.0,0.013184072
58,144,9.0,0.014532949
58,144,10.0,0.017568218
58,144,11.0,0.021084638
58,144,12.0,0.02345149
58,144,13.0,0.026520902
58,144,14.0,0.02983836
58,145,0.0,0.015285145
58,145,1.0,0.018588688
58,145,2.0,0.019082647
58,145,3.0,0.022907507
58,145,4.0,0.027120577
58,145,5.0,0.032176107
58,145,6.0,0.037341855
58,145,7.0,0.041762844
58,145,8.0,0.044831406
58,145,9.0,0.04867513
58,145,10.0,0.052333202
58,145,11.0,0.057169285
58,145,12.0,0.05938446
58,145,13.0,0.062434863
58,145,14.0,0.06776069
58,146,0.0,0.057193927
58,146,1.0,0.059000384
58,146,2.0,0.06629958
58,146,3.0,0.06903506
58,146,4.0,0.07466355
58,146,5.0,0.08235835
58,146,6.0,0.089702226
58,146,7.0,0.100005195
58,146,8.0,0.10589601
58,146,9.0,0.10984325
58,146,10.0,0.112023115
58,146,11.0,0.11758783
58,146,12.0,0.12113633
58,146,13.0,0.124962725
58,146,14.0,0.13271017
58,147,0.0,0.09853778
58,147,1.0,0.100044295
58,147,2.0,0.10141696
58,147,3.0,0.107126035
58,147,4.0,0.10780672
58,147,5.0,0.11284366
58,147,6.0,0.12768623
58,147,7.0,0.13642836
58,147,8.0,0.1401629
58,147,9.0,0.13963346
58,147,10.0,0.13923186
58,147,11.0,0.14236249
58,147,12.0,0.14022581
58,147,13.0,0.14443105
58,147,14.0,0.15600705
58,148,0.0,0.13812007
58,148,1.0,0.1439008
58,148,2.0,0.13753803
58,148,3.0,0.13781178
58,148,4.0,0.14416787
58,148,5.0,0.14561735
58,148,6.0,0.15113272
58,148,7.0,0.15494445
58,148,8.0,0.15344273
58,148,9.0,0.14673124
58,148,10.0,0.13825986
58,148,11.0,0.1352203
58,148,12.0,0.12413656
58,148,13.0,0.124323376
58,148,14.0,0.13308114
58,149,0.0,0.13102823
58,149,1.0,0.12940687
58,149,2.0,0.1192584
58,149,3.0,0.1250619
58,149,4.0,0.12644908
58,149,5.0,0.12777159
58,149,6.0,0.12817296
58,149,7.0,0.122758046
58,149,8.0,0.11585928
58,149,9.0,0.107791066
58,149,10.0,0.10276673
58,149,11.0,0.098895796
58,149,12.0,0.092942044
58,149,13.0,0.088651724
58,149,14.0,0.08813049
58,150,0.0,0.09570753
58,150,1.0,0.09509258
58,150,2.0,0.09622063
58,150,3.0,0.09771749
58,150,4.0,0.095546596
58,150,5.0,0.088173024
58,150,6.0,0.07993718
58,150,7.0,0.07215701
58,150,8.0,0.0643029
58,150,9.0,0.059159737
58,150,10.0,0.05501404
58,150,11.0,0.05097656
58,150,12.0,0.04443039
58,150,13.0,0.040850468
58,150,14.0,0.039489564
58,151,0.0,0.043503568
58,151,1.0,0.04092778
58,151,2.0,0.03747857
58,151,3.0,0.03616445
58,151,4.0,0.033755608
58,151,5.0,0.029728692
58,151,6.0,0.025719607
58,151,7.0,0.022256024
58,151,8.0,0.020258931
58,151,9.0,0.018914958
58,151,10.0,0.016705664
58,151,11.0,0.013618678
58,151,12.0,0.011319289
58,151,13.0,0.009936032
58,151,14.0,0.009223869
58,152,0.0,0.011094129
58,152,1.0,0.011906126
58,152,2.0,0.012969212
58,152,3.0,0.012117909
58,152,4.0,0.011144176
58,152,5.0,0.009490331
58,152,6.0,0.007892088
58,152,7.0,0.0055304123
58,152,8.0,0.0045381025
58,152,9.0,0.0037073025
58,152,10.0,0.0035701047
58,152,11.0,0.0029246593
58,152,12.0,0.0023362837
58,152,13.0,0.0016313996
58,152,14.0,0.0015163922
58,153,0.0,0.0021091336
58,153,1.0,0.0029689353
58,153,2.0,0.0026532114
58,153,3.0,0.0023610387
58,153,4.0,0.0019408084
58,153,5.0,0.0018199062
58,153,6.0,0.0010413893
58,153,7.0,0.0005591273
58,153,8.0,0.00028394867
58,153,9.0,0.00023181511
58,153,10.0,0.00033147036
58,153,11.0,0.00029782846
58,153,12.0,0.00015211194
58,153,13.0,0.00011685041
58,153,14.0,8.5547435e-05
58,154,0.0,0.0002722461
58,154,1.0,0.000481044
58,154,2.0,0.00029829706
58,154,3.0,0.00019259864
58,154,4.0,0.00015659197
58,154,5.0,9.694106e-05
58,154,6.0,8.4441606e-05
58,154,7.0,7.6052415e-06
58,154,8.0,1.599328e-06
58,154,9.0,7.258707e-07
58,154,10.0,1.9461813e-06
58,154,11.0,1.1883111e-07
58,154,12.0,0.0
58,154,13.0,0.0
58,154,14.0,8.978217e-08
58,155,0.0,2.1949577e-07
58,155,1.0,0.0
58,155,2.0,3.0533792e-07
58,155,3.0,3.8854745e-07
58,155,4.0,1.3369021e-08
58,155,5.0,1.5787743e-08
58,155,6.0,2.0904375e-08
58,155,7.0,8.320314e-07
58,155,8.0,4.4651733e-07
58,155,9.0,4.4296574e-08
58,155,10.0,9.2997176e-08
58,155,11.0,1.5514406e-08
58,155,12.0,2.729381e-08
58,155,13.0,7.248535e-08
58,155,14.0,2.4571446e-07
58,156,0.0,0.0
58,156,1.0,3.6520365e-08
58,156,2.0,4.196547e-09
58,156,3.0,6.722841e-07
58,156,4.0,6.9421964e-07
58,156,5.0,1.673509e-07
58,156,6.0,1.6109379e-08
58,156,7.0,5.74864e-07
58,156,8.0,3.6140332e-07
58,156,9.0,2.5047766e-06
58,156,10.0,1.3196027e-06
58,156,11.0,2.0605246e-06
58,156,12.0,6.0862646e-07
58,156,13.0,1.9187729e-07
58,156,14.0,3.5127266e-07
58,157,0.0,0.0
58,157,1.0,5.8629638e-08
58,157,2.0,3.749665e-07
58,157,3.0,5.199093e-07
58,157,4.0,9.426873e-08
58,157,5.0,3.6562767e-07
58,157,6.0,2.9422893e-07
58,157,7.0,1.8724323e-07
58,157,8.0,5.5970048e-08
58,157,9.0,4.0562767e-07
58,157,10.0,1.8141701e-07
58,157,11.0,1.8975022e-06
58,157,12.0,2.039962e-07
58,157,13.0,2.741704e-08
58,157,14.0,9.2885e-07
58,158,0.0,1.6034589e-07
58,158,1.0,0.0
58,158,2.0,2.3641908e-09
58,158,3.0,6.490328e-08
58,158,4.0,1.1929076e-07
58,158,5.0,3.875348e-08
58,158,6.0,3.9664922e-08
58,158,7.0,0.0
58,158,8.0,0.0
58,158,9.0,0.0
58,158,10.0,1.6127514e-08
58,158,11.0,4.0472733e-06
58,158,12.0,4.3557594e-07
58,158,13.0,3.821442e-07
58,158,14.0,1.7958007e-06
58,159,0.0,6.4851655e-08
58,159,1.0,3.2075243e-07
58,159,2.0,1.1127784e-07
58,159,3.0,2.6431541e-09
58,159,4.0,8.5443554e-09
58,159,5.0,1.167111e-06
58,159,6.0,9.634348e-08
58,159,7.0,0.0
58,159,8.0,1.0208537e-08
58,159,9.0,0.0
58,159,10.0,3.1241706e-07
58,159,11.0,5.3594e-07
58,159,12.0,6.778322e-08
58,159,13.0,7.811588e-08
58,159,14.0,4.505776e-08
58,160,0.0,1.0049183e-07
58,160,1.0,3.114104e-07
58,160,2.0,3.6519447e-07
58,160,3.0,6.445312e-08
58,160,4.0,1.3219517e-07
58,160,5.0,8.5157595e-08
58,160,6.0,2.0939464e-07
58,160,7.0,9.3248644e-08
58,160,8.0,4.0493767e-08
58,160,9.0,2.804546e-07
58,160,10.0,2.3176115e-08
58,160,11.0,4.5731986e-07
58,160,12.0,6.35986e-07
58,160,13.0,2.1210631e-07
58,160,14.0,1.7781242e-07
59,138,0.0,9.86432e-08
59,138,1.0,6.0991596e-07
59,138,2.0,1.4668731e-07
59,138,3.0,5.6751014e-07
59,138,4.0,3.0586747e-07
59,138,5.0,4.0342675e-07
59,138,6.0,2.9497002e-07
59,138,7.0,3.4217126e-07
59,138,8.0,2.6027735e-07
59,138,9.0,1.591736e-07
59,138,10.0,1.2704753e-07
59,138,11.0,2.1634028e-07
59,138,12.0,1.7052115e-07
59,138,13.0,2.7281547e-07
59,138,14.0,6.345839e-08
59,139,0.0,1.05497676e-07
59,139,1.0,3.2593692e-07
59,139,2.0,2.6254844e-07
59,139,3.0,4.329828e-07
59,139,4.0,2.4107354e-07
59,139,5.0,5.031417e-07
59,139,6.0,1.7580427e-07
59,139,7.0,2.5913488e-07
59,139,8.0,1.01353095e-07
59,139,9.0,2.416863e-07
59,139,10.0,8.459456e-08
59,139,11.0,3.5282685e-08
59,139,12.0,3.4455102e-08
59,139,13.0,3.407528e-08
59,139,14.0,6.4920954e-08
59,140,0.0,1.2939218e-07
59,140,1.0,1.1991825e-07
59,140,2.0,1.4130148e-06
59,140,3.0,2.3530143e-07
59,140,4.0,2.8005954e-07
59,140,5.0,8.8463935e-08
59,140,6.0,1.3401808e-07
59,140,7.0,3.8743082e-07
59,140,8.0,1.645325e-07
59,140,9.0,2.4582104e-07
59,140,10.0,2.0067152e-07
59,140,11.0,3.0765644e-08
59,140,12.0,2.789717e-09
59,140,13.0,9.081494e-11
59,140,14.0,7.525443e-08
59,141,0.0,0.0
59,141,1.0,6.096124e-09
59,141,2.0,0.0
59,141,3.0,0.0
59,141,4.0,0.0
59,141,5.0,0.0
59,141,6.0,1.8480675e-08
59,141,7.0,1.0522334e-07
59,141,8.0,2.4174643e-08
59,141,9.0,0.0
59,141,10.0,0.0
59,141,11.0,6.7022086e-09
59,141,12.0,8.960808e-10
59,141,13.0,0.0
59,141,14.0,0.0
59,142,0.0,0.0
59,142,1.0,0.0
59,142,2.0,0.0
59,142,3.0,0.0
59,142,4.0,0.0
59,142,5.0,5.482252e-10
59,142,6.0,5.4140074e-08
59,142,7.0,1.3283997e-07
59,142,8.0,6.63285e-08
59,142,9.0,2.515935e-08
59,142,10.0,1.5999794e-07
59,142,11.0,1.4413824e-07
59,142,12.0,4.4492282e-08
59,142,13.0,3.7972945e-06
59,142,14.0,1.615696e-05
59,143,0.0,1.2686875e-08
59,143,1.0,0.0
59,143,2.0,0.0
59,143,3.0,0.0
59,143,4.0,0.0
59,143,5.0,5.288141e-08
59,143,6.0,5.882844e-07
59,143,7.0,8.849208e-07
59,143,8.0,1.2984383e-07
59,143,9.0,1.4056008e-07
59,143,10.0,8.583057e-08
59,143,11.0,7.1422332e-06
59,143,12.0,2.2015822e-05
59,143,13.0,3.143932e-05
59,143,14.0,7.993309e-05
59,144,0.0,3.3682518e-08
59,144,1.0,0.0
59,144,2.0,1.0025613e-09
59,144,3.0,1.07340576e-07
59,144,4.0,7.0965814e-07
59,144,5.0,5.7874495e-06
59,144,6.0,2.4475938e-05
59,144,7.0,2.090581e-05
59,144,8.0,1.72845e-05
59,144,9.0,2.3687295e-05
59,144,10.0,3.2242766e-05
59,144,11.0,6.108241e-05
59,144,12.0,0.00013485082
59,144,13.0,0.00016786644
59,144,14.0,0.000203509
59,145,0.0,4.5261568e-05
59,145,1.0,3.1047348e-05
59,145,2.0,6.32345e-05
59,145,3.0,9.8195946e-05
59,145,4.0,9.4767e-05
59,145,5.0,0.00012425348
59,145,6.0,0.0001735903
59,145,7.0,0.00030214168
59,145,8.0,0.00034358152
59,145,9.0,0.00047111386
59,145,10.0,0.0004345276
59,145,11.0,0.00048183455
59,145,12.0,0.0006593977
59,145,13.0,0.00081073283
59,145,14.0,0.0010374908
59,146,0.0,0.0002837488
59,146,1.0,0.0003050047
59,146,2.0,0.00047779194
59,146,3.0,0.000794703
59,146,4.0,0.0009570317
59,146,5.0,0.0010357626
59,146,6.0,0.0014747666
59,146,7.0,0.001930043
59,146,8.0,0.0022079577
59,146,9.0,0.0027048192
59,146,10.0,0.0032652258
59,146,11.0,0.0038247246
59,146,12.0,0.0042402423
59,146,13.0,0.0049487716
59,146,14.0,0.005592959
59,147,0.0,0.0016432665
59,147,1.0,0.0021076133
59,147,2.0,0.003005505
59,147,3.0,0.0038963915
59,147,4.0,0.0044663954
59,147,5.0,0.0051291785
59,147,6.0,0.0065555507
59,147,7.0,0.007906722
59,147,8.0,0.008486805
59,147,9.0,0.010136413
59,147,10.0,0.011768485
59,147,11.0,0.0132511845
59,147,12.0,0.0147382
59,147,13.0,0.015469148
59,147,14.0,0.0161545
59,148,0.0,0.005682007
59,148,1.0,0.006976668
59,148,2.0,0.009400035
59,148,3.0,0.012224839
59,148,4.0,0.015630491
59,148,5.0,0.018968992
59,148,6.0,0.021322664
59,148,7.0,0.022236906
59,148,8.0,0.023112709
59,148,9.0,0.025334634
59,148,10.0,0.027735947
59,148,11.0,0.029521966
59,148,12.0,0.030806283
59,148,13.0,0.031243013
59,148,14.0,0.032231007
59,149,0.0,0.015965438
59,149,1.0,0.017707728
59,149,2.0,0.025397642
59,149,3.0,0.028887765
59,149,4.0,0.03433053
59,149,5.0,0.037787706
59,149,6.0,0.0430733
59,149,7.0,0.03946354
59,149,8.0,0.04111929
59,149,9.0,0.038828883
59,149,10.0,0.044795
59,149,11.0,0.050294723
59,149,12.0,0.05172727
59,149,13.0,0.051963326
59,149,14.0,0.05245969
59,150,0.0,0.025820652
59,150,1.0,0.029046342
59,150,2.0,0.03917939
59,150,3.0,0.05164388
59,150,4.0,0.05736521
59,150,5.0,0.066434644
59,150,6.0,0.067099154
59,150,7.0,0.05982959
59,150,8.0,0.056543812
59,150,9.0,0.05673553
59,150,10.0,0.058223043
59,150,11.0,0.059875634
59,150,12.0,0.058618627
59,150,13.0,0.056857686
59,150,14.0,0.05619697
59,151,0.0,0.029934958
59,151,1.0,0.03860449
59,151,2.0,0.052454956
59,151,3.0,0.0674177
59,151,4.0,0.076506786
59,151,5.0,0.07688253
59,151,6.0,0.07000881
59,151,7.0,0.06250491
59,151,8.0,0.05397497
59,151,9.0,0.05401926
59,151,10.0,0.053668402
59,151,11.0,0.050221443
59,151,12.0,0.045281097
59,151,13.0,0.041006938
59,151,14.0,0.039018586
59,152,0.0,0.022864042
59,152,1.0,0.030169653
59,152,2.0,0.03765217
59,152,3.0,0.0448573
59,152,4.0,0.050317284
59,152,5.0,0.04907677
59,152,6.0,0.041219287
59,152,7.0,0.032290757
59,152,8.0,0.026354667
59,152,9.0,0.023740662
59,152,10.0,0.023185799
59,152,11.0,0.022066869
59,152,12.0,0.019740252
59,152,13.0,0.017261337
59,152,14.0,0.016087221
59,153,0.0,0.010754407
59,153,1.0,0.013025555
59,153,2.0,0.018525088
59,153,3.0,0.020636557
59,153,4.0,0.022209648
59,153,5.0,0.021110922
59,153,6.0,0.017564196
59,153,7.0,0.012001452
59,153,8.0,0.008645655
59,153,9.0,0.008026428
59,153,10.0,0.0072080386
59,153,11.0,0.006560035
59,153,12.0,0.0059506726
59,153,13.0,0.004980813
59,153,14.0,0.0041502886
59,154,0.0,0.0031958346
59,154,1.0,0.004146034
59,154,2.0,0.005902522
59,154,3.0,0.005133452
59,154,4.0,0.005258041
59,154,5.0,0.0046141217
59,154,6.0,0.0030636743
59,154,7.0,0.0018065069
59,154,8.0,0.0014300384
59,154,9.0,0.0011515135
59,154,10.0,0.0010309678
59,154,11.0,0.00094343873
59,154,12.0,0.0006223309
59,154,13.0,0.00037648686
59,154,14.0,0.00044335146
59,155,0.0,0.0005016629
59,155,1.0,0.00069981674
59,155,2.0,0.00060737383
59,155,3.0,0.0007767507
59,155,4.0,0.00068122864
59,155,5.0,0.0005255692
59,155,6.0,0.00039612828
59,155,7.0,0.00018286772
59,155,8.0,8.276423e-05
59,155,9.0,0.00010890986
59,155,10.0,6.61272e-05
59,155,11.0,3.2900218e-05
59,155,12.0,4.8358437e-05
59,155,13.0,5.943891e-05
59,155,14.0,5.818978e-05
59,156,0.0,1.7268905e-05
59,156,1.0,2.2301332e-05
59,156,2.0,0.0001007345
59,156,3.0,3.2433654e-05
59,156,4.0,1.548542e-05
59,156,5.0,2.770362e-05
59,156,6.0,1.5257042e-05
59,156,7.0,1.7207985e-05
59,156,8.0,2.088235e-06
59,156,9.0,2.502538e-06
59,156,10.0,1.9144284e-06
59,156,11.0,1.3115919e-08
59,156,12.0,4.202425e-12
59,156,13.0,0.0
59,156,14.0,0.0
59,157,0.0,2.5004937e-07
59,157,1.0,0.0
59,157,2.0,9.396464e-10
59,157,3.0,4.948049e-07
59,157,4.0,6.5845694e-07
59,157,5.0,1.6917426e-07
59,157,6.0,1.0110555e-06
59,157,7.0,3.3593071e-06
59,157,8.0,3.5955733e-07
59,157,9.0,1.8443027e-06
59,157,10.0,2.1715925e-06
59,157,11.0,5.225289e-07
59,157,12.0,6.3566455e-07
59,157,13.0,1.1564903e-06
59,157,14.0,1.0420512e-06
59,158,0.0,3.6394272e-07
59,158,1.0,1.5020529e-06
59,158,2.0,9.6717564e-08
59,158,3.0,0.0
59,158,4.0,9.491692e-09
59,158,5.0,1.423143e-07
59,158,6.0,3.1033446e-07
59,158,7.0,1.0841266e-07
59,158,8.0,5.006823e-08
59,158,9.0,1.024861e-08
59,158,10.0,5.433718e-09
59,158,11.0,2.5748037e-08
59,158,12.0,3.9445618e-07
59,158,13.0,2.1775608e-07
59,158,14.0,7.31615e-08
59,159,0.0,1.0341961e-08
59,159,1.0,0.0
59,159,2.0,1.8291254e-07
59,159,3.0,3.821076e-09
59,159,4.0,1.4581185e-09
59,159,5.0,9.715645e-11
59,159,6.0,0.0
59,159,7.0,1.06439025e-07
59,159,8.0,1.8494079e-07
59,159,9.0,1.1606828e-07
59,159,10.0,4.361555e-07
59,159,11.0,5.2080844e-07
59,159,12.0,7.587742e-07
59,159,13.0,1.2598302e-06
59,159,14.0,3.2874448e-07
59,160,0.0,2.0801735e-07
59,160,1.0,1.18946e-06
59,160,2.0,1.6488376e-06
59,160,3.0,3.5048308e-07
59,160,4.0,2.0023404e-07
59,160,5.0,6.166929e-08
59,160,6.0,3.9205093e-09
59,160,7.0,2.2891416e-07
59,160,8.0,1.1199448e-07
59,160,9.0,1.3115272e-07
59,160,10.0,8.554977e-07
59,160,11.0,5.726732e-07
59,160,12.0,8.529494e-08
59,160,13.0,1.15911035e-07
59,160,14.0,1.488145e-07
59,161,0.0,0.0
59,161,1.0,1.2851875e-07
59,161,2.0,3.3611758e-07
59,161,3.0,7.206901e-08
59,161,4.0,6.495675e-08
59,161,5.0,1.8891488e-07
59,161,6.0,3.8701572e-07
59,161,7.0,9.023025e-07
59,161,8.0,1.0329466e-06
59,161,9.0,6.767469e-07
59,161,10.0,5.778723e-07
59,161,11.0,1.0681101e-06
59,161,12.0,1.1038798e-06
59,161,13.0,8.667346e-07
59,161,14.0,4.463333e-07
59,162,0.0,1.7546338e-07
59,162,1.0,1.5267578e-06
59,162,2.0,5.356202e-07
59,162,3.0,1.560945e-07
59,162,4.0,1.0515142e-07
59,162,5.0,4.8220308e-08
59,162,6.0,4.438109e-08
59,162,7.0,9.436882e-07
59,162,8.0,6.226978e-07
59,162,9.0,8.5773e-08
59,162,10.0,9.2104414e-11
59,162,11.0,5.6995194e-08
59,162,12.0,4.725976e-08
59,162,13.0,6.00634e-10
59,162,14.0,0.0
60,141,0.0,4.0326306e-08
60,141,1.0,1.4041191e-07
60,141,2.0,9.0320765e-07
60,141,3.0,6.605711e-07
60,141,4.0,2.9177096e-07
60,141,5.0,1.8053568e-07
60,141,6.0,2.8226336e-07
60,141,7.0,1.428534e-06
60,141,8.0,3.000213e-07
60,141,9.0,7.084081e-08
60,141,10.0,8.244759e-08
60,141,11.0,5.5107932e-08
60,141,12.0,8.830226e-08
60,141,13.0,3.2044156e-07
60,141,14.0,2.4430832e-07
60,142,0.0,1.6212675e-07
60,142,1.0,2.698345e-07
60,142,2.0,8.574531e-08
60,142,3.0,2.1005264e-09
60,142,4.0,0.0
60,142,5.0,0.0
60,142,6.0,4.9754306e-08
60,142,7.0,1.3655253e-07
60,142,8.0,5.9847605e-07
60,142,9.0,2.7236413e-07
60,142,10.0,5.811394e-07
60,142,11.0,4.3155654e-07
60,142,12.0,1.0734435e-07
60,142,13.0,9.357695e-08
60,142,14.0,8.6118256e-08
60,143,0.0,3.1310444e-07
60,143,1.0,1.0161356e-07
60,143,2.0,2.0273234e-07
60,143,3.0,6.9227025e-07
60,143,4.0,3.4163367e-07
60,143,5.0,3.4970846e-08
60,143,6.0,8.158053e-08
60,143,7.0,2.301404e-07
60,143,8.0,6.849295e-08
60,143,9.0,1.82766e-07
60,143,10.0,2.8135392e-07
60,143,11.0,1.8342114e-07
60,143,12.0,7.994513e-08
60,143,13.0,2.1080122e-07
60,143,14.0,3.0676918e-07
60,144,0.0,7.8847284e-10
60,144,1.0,0.0
60,144,2.0,4.931071e-11
60,144,3.0,0.0
60,144,4.0,0.0
60,144,5.0,0.0
60,144,6.0,0.0
60,144,7.0,0.0
60,144,8.0,0.0
60,144,9.0,0.0
60,144,10.0,0.0
60,144,11.0,0.0
60,144,12.0,0.0
60,144,13.0,0.0
60,144,14.0,0.0
60,145,0.0,8.492993e-10
60,145,1.0,0.0
60,145,2.0,1.8389724e-08
60,145,3.0,4.1114876e-09
60,145,4.0,0.0
60,145,5.0,0.0
60,145,6.0,0.0
60,145,7.0,0.0
60,145,8.0,0.0
60,145,9.0,0.0
60,145,10.0,9.398839e-08
60,145,11.0,4.6604885e-07
60,145,12.0,1.1691833e-07
60,145,13.0,2.8118235e-08
60,145,14.0,2.6266756e-07
60,146,0.0,2.673349e-07
60,146,1.0,3.6905345e-07
60,146,2.0,5.887081e-08
60,146,3.0,4.823861e-08
60,146,4.0,2.3841297e-07
60,146,5.0,2.1950004e-06
60,146,6.0,6.7417054e-06
60,146,7.0,7.510433e-06
60,146,8.0,1.8688273e-06
60,146,9.0,1.4664969e-06
60,146,10.0,8.558894e-06
60,146,11.0,2.173256e-05
60,146,12.0,5.7396348e-05
60,146,13.0,8.288515e-05
60,146,14.0,9.707606e-05
60,147,0.0,4.655938e-05
60,147,1.0,2.9111201e-05
60,147,2.0,2.6193997e-05
60,147,3.0,4.8125854e-05
60,147,4.0,7.861974e-05
60,147,5.0,8.693418e-05
60,147,6.0,0.00010766302
60,147,7.0,0.000114044815
60,147,8.0,0.00018877833
60,147,9.0,0.00017856417
60,147,10.0,0.00026741184
60,147,11.0,0.00026079096
60,147,12.0,0.00033521332
60,147,13.0,0.00047078767
60,147,14.0,0.0006046208
60,148,0.0,0.00019296452
60,148,1.0,0.00019916256
60,148,2.0,0.00027323983
60,148,3.0,0.00035943865
60,148,4.0,0.00044387364
60,148,5.0,0.0005227334
60,148,6.0,0.0007267378
60,148,7.0,0.00093015825
60,148,8.0,0.0010951802
60,148,9.0,0.0009368923
60,148,10.0,0.001144157
60,148,11.0,0.0015693838
60,148,12.0,0.0022508358
60,148,13.0,0.002831671
60,148,14.0,0.0030773834
60,149,0.0,0.000863516
60,149,1.0,0.0009918492
60,149,2.0,0.0013757864
60,149,3.0,0.0017174933
60,149,4.0,0.0024308679
60,149,5.0,0.0033431465
60,149,6.0,0.0035237228
60,149,7.0,0.0037881886
60,149,8.0,0.00404487
60,149,9.0,0.0042664288
60,149,10.0,0.005450046
60,149,11.0,0.0062377634
60,149,12.0,0.0067757755
60,149,13.0,0.007753365
60,149,14.0,0.008476387
60,150,0.0,0.0033974377
60,150,1.0,0.003933055
60,150,2.0,0.005502927
60,150,3.0,0.0073967883
60,150,4.0,0.009662357
60,150,5.0,0.0112045435
60,150,6.0,0.012808168
60,150,7.0,0.01356813
60,150,8.0,0.01404421
60,150,9.0,0.013933025
60,150,10.0,0.016504705
60,150,11.0,0.01958422
60,150,12.0,0.020910254
60,150,13.0,0.021495063
60,150,14.0,0.02191628
60,151,0.0,0.007091687
60,151,1.0,0.010224955
60,151,2.0,0.014894736
60,151,3.0,0.020605551
60,151,4.0,0.023936473
60,151,5.0,0.028624445
60,151,6.0,0.030031258
60,151,7.0,0.02878829
60,151,8.0,0.026678272
60,151,9.0,0.027896147
60,151,10.0,0.031217838
60,151,11.0,0.03394121
60,151,12.0,0.035440397
60,151,13.0,0.035457376
60,151,14.0,0.03429838
60,152,0.0,0.014203923
60,152,1.0,0.021476632
60,152,2.0,0.03007178
60,152,3.0,0.03612454
60,152,4.0,0.045727383
60,152,5.0,0.05120999
60,152,6.0,0.05366101
60,152,7.0,0.048402283
60,152,8.0,0.04119041
60,152,9.0,0.042114753
60,152,10.0,0.042698316
60,152,11.0,0.04351782
60,152,12.0,0.042814665
60,152,13.0,0.040777743
60,152,14.0,0.03893423
60,153,0.0,0.016194025
60,153,1.0,0.028007852
60,153,2.0,0.03709405
60,153,3.0,0.04438342
60,153,4.0,0.051794037
60,153,5.0,0.055340294
60,153,6.0,0.05292955
60,153,7.0,0.042706802
60,153,8.0,0.034180395
60,153,9.0,0.03156943
60,153,10.0,0.031816166
60,153,11.0,0.033404123
60,153,12.0,0.031461623
60,153,13.0,0.029066745
60,153,14.0,0.026865238
60,154,0.0,0.012229541
60,154,1.0,0.021395322
60,154,2.0,0.029643867
60,154,3.0,0.034919746
60,154,4.0,0.0378193
60,154,5.0,0.03705672
60,154,6.0,0.032815248
60,154,7.0,0.026114766
60,154,8.0,0.018196428
60,154,9.0,0.016082613
60,154,10.0,0.01575912
60,154,11.0,0.015241192
60,154,12.0,0.014948126
60,154,13.0,0.012459367
60,154,14.0,0.010422758
60,155,0.0,0.0056348536
60,155,1.0,0.009214593
60,155,2.0,0.012556448
60,155,3.0,0.015595343
60,155,4.0,0.015741184
60,155,5.0,0.015141125
60,155,6.0,0.01243276
60,155,7.0,0.0088314125
60,155,8.0,0.0057809795
60,155,9.0,0.0049719075
60,155,10.0,0.0049318927
60,155,11.0,0.0048236544
60,155,12.0,0.0051735
60,155,13.0,0.0045310315
60,155,14.0,0.003493011
60,156,0.0,0.001376854
60,156,1.0,0.002498019
60,156,2.0,0.004013523
60,156,3.0,0.0044370936
60,156,4.0,0.004847093
60,156,5.0,0.0046101836
60,156,6.0,0.0034183965
60,156,7.0,0.0025342747
60,156,8.0,0.0016058302
60,156,9.0,0.0016023244
60,156,10.0,0.001646028
60,156,11.0,0.0017611958
60,156,12.0,0.0015713724
60,156,13.0,0.0012379277
60,156,14.0,0.0011006554
60,157,0.0,0.0002612266
60,157,1.0,0.00079537777
60,157,2.0,0.0011804973
60,157,3.0,0.0009273023
60,157,4.0,0.00112568
60,157,5.0,0.0011470855
60,157,6.0,0.00093274686
60,157,7.0,0.00064127584
60,157,8.0,0.00037928476
60,157,9.0,0.00047999498
60,157,10.0,0.00048328016
60,157,11.0,0.00046985148
60,157,12.0,0.00042881322
60,157,13.0,0.0002494086
60,157,14.0,0.00024226087
60,158,0.0,8.740818e-05
60,158,1.0,0.00015748903
60,158,2.0,0.00032091516
60,158,3.0,0.0002016463
60,158,4.0,0.00028427376
60,158,5.0,0.00023462978
60,158,6.0,0.00022986456
60,158,7.0,9.4875526e-05
60,158,8.0,8.388409e-05
60,158,9.0,0.0001268071
60,158,10.0,0.00014239742
60,158,11.0,0.00013420352
60,158,12.0,0.00010196875
60,158,13.0,7.36849e-05
60,158,14.0,6.858304e-05
60,159,0.0,2.6426684e-05
60,159,1.0,2.6436006e-05
60,159,2.0,8.2035636e-05
60,159,3.0,0.00016115193
60,159,4.0,0.00010287245
60,159,5.0,8.5437954e-05
60,159,6.0,6.238172e-05
60,159,7.0,2.0437426e-05
60,159,8.0,3.166469e-05
60,159,9.0,1.16296915e-05
60,159,10.0,2.6787895e-06
60,159,11.0,4.9964456e-06
60,159,12.0,1.1736814e-05
60,159,13.0,1.0850226e-05
60,159,14.0,8.422484e-06
60,160,0.0,4.3913911e-07
60,160,1.0,8.514264e-07
60,160,2.0,0.0
60,160,3.0,2.766e-09
60,160,4.0,7.163023e-07
60,160,5.0,1.7886542e-06
60,160,6.0,2.5791311e-09
60,160,7.0,1.1348428e-07
60,160,8.0,7.581736e-08
60,160,9.0,1.810429e-06
60,160,10.0,1.0011972e-06
60,160,11.0,1.5612829e-06
60,160,12.0,1.0402161e-06
60,160,13.0,9.570873e-07
60,160,14.0,6.589616e-07
60,161,0.0,4.7163684e-10
60,161,1.0,3.9095937e-08
60,161,2.0,6.006523e-08
60,161,3.0,4.9566644e-08
60,161,4.0,1.3837268e-07
60,161,5.0,6.840104e-08
60,161,6.0,7.733922e-09
60,161,7.0,0.0
60,161,8.0,7.59071e-08
60,161,9.0,3.7026743e-07
60,161,10.0,1.04224284e-07
60,161,11.0,6.110058e-09
60,161,12.0,3.454342e-08
60,161,13.0,1.9029707e-07
60,161,14.0,7.4417835e-07
60,162,0.0,1.3609976e-07
60,162,1.0,8.8557186e-07
60,162,2.0,4.3897433e-07
60,162,3.0,1.0171726e-07
60,162,4.0,1.1090781e-07
60,162,5.0,5.754561e-08
60,162,6.0,2.7470546e-07
60,162,7.0,2.2123342e-07
60,162,8.0,1.4184467e-07
60,162,9.0,2.330049e-06
60,162,10.0,3.1162512e-07
60,162,11.0,1.2315285e-08
60,162,12.0,4.377871e-08
60,162,13.0,2.0321805e-07
60,162,14.0,1.5022205e-06
60,163,0.0,8.998425e-08
60,163,1.0,1.4407423e-09
60,163,2.0,4.3295078e-08
60,163,3.0,0.0
60,163,4.0,5.9449814e-09
60,163,5.0,2.5241307e-09
60,163,6.0,8.363646e-08
60,163,7.0,5.089077e-07
60,163,8.0,1.5288909e-07
60,163,9.0,5.512197e-07
60,163,10.0,1.9975788e-09
60,163,11.0,1.6813143e-08
60,163,12.0,9.849104e-08
60,163,13.0,4.1432045e-07
60,163,14.0,1.8385358e-06
60,164,0.0,2.2119522e-07
60,164,1.0,6.9182704e-09
60,164,2.0,1.1050441e-08
60,164,3.0,0.0
60,164,4.0,2.1750246e-07
60,164,5.0,3.6256347e-07
60,164,6.0,8.7995495e-08
60,164,7.0,2.2075125e-07
60,164,8.0,2.1577505e-07
60,164,9.0,1.0501118e-06
60,164,10.0,9.183387e-08
60,164,11.0,1.4474206e-08
60,164,12.0,9.157866e-08
60,164,13.0,1.4786868e-07
60,164,14.0,9.160699e-08
61,144,0.0,5.810537e-08
61,144,1.0,1.13137446e-07
61,144,2.0,1.6740758e-08
61,144,3.0,1.2470934e-08
61,144,4.0,1.0859486e-07
61,144,5.0,3.0721944e-07
61,144,6.0,4.3278064e-07
61,144,7.0,7.04893e-07
61,144,8.0,5.853375e-07
61,144,9.0,3.9976695e-07
61,144,10.0,3.776115e-07
61,144,11.0,1.470339e-07
61,144,12.0,7.346944e-08
61,144,13.0,2.6382008e-07
61,144,14.0,1.0903002e-06
61,145,0.0,8.333042e-07
61,145,1.0,1.0753385e-08
61,145,2.0,0.0
61,145,3.0,0.0
61,145,4.0,1.6232002e-08
61,145,5.0,2.0204546e-07
61,145,6.0,3.0057305e-07
61,145,7.0,7.2920074e-07
61,145,8.0,1.4047176e-07
61,145,9.0,4.234369e-07
61,145,10.0,3.6886266e-08
61,145,11.0,1.5909134e-08
61,145,12.0,9.516861e-12
61,145,13.0,0.0
61,145,14.0,3.0566264e-13
61,146,0.0,5.448785e-07
61,146,1.0,2.1899609e-07
61,146,2.0,7.420885e-08
61,146,3.0,6.951162e-08
61,146,4.0,1.2129048e-07
61,146,5.0,4.3771064e-07
61,146,6.0,4.5832624e-07
61,146,7.0,3.7043043e-07
61,146,8.0,8.003711e-07
61,146,9.0,5.7776157e-07
61,146,10.0,2.9459326e-07
61,146,11.0,1.053257e-07
61,146,12.0,5.640323e-09
61,146,13.0,5.2405397e-08
61,146,14.0,1.858091e-07
61,147,0.0,5.50664e-08
61,147,1.0,2.02607e-07
61,147,2.0,5.084949e-07
61,147,3.0,8.9475037e-07
61,147,4.0,1.0088958e-07
61,147,5.0,8.7928225e-09
61,147,6.0,2.5138183e-07
61,147,7.0,4.64328e-07
61,147,8.0,4.210499e-08
61,147,9.0,5.44911e-08
61,147,10.0,1.9467078e-07
61,147,11.0,1.4277964e-07
61,147,12.0,5.5994324e-08
61,147,13.0,2.2912438e-08
61,147,14.0,4.9865676e-08
61,148,0.0,2.4013358e-08
61,148,1.0,3.1995324e-07
61,148,2.0,2.4367088e-07
61,148,3.0,8.527874e-09
61,148,4.0,4.6216854e-08
61,148,5.0,1.3332401e-07
61,148,6.0,0.0
61,148,7.0,0.0
61,148,8.0,0.0
61,148,9.0,0.0
61,148,10.0,0.0
61,148,11.0,2.7923788e-08
61,148,12.0,2.1414368e-10
61,148,13.0,0.0
61,148,14.0,0.0
61,149,0.0,0.0
61,149,1.0,8.4770227e-07
61,149,2.0,4.1672212e-07
61,149,3.0,0.0
61,149,4.0,0.0
61,149,5.0,2.661118e-08
61,149,6.0,4.592387e-07
61,149,7.0,3.014093e-07
61,149,8.0,9.219281e-09
61,149,9.0,5.1951173e-07
61,149,10.0,7.951944e-09
61,149,11.0,1.6469632e-05
61,149,12.0,4.1280495e-05
61,149,13.0,3.9267852e-05
61,149,14.0,3.993526e-05
61,150,0.0,2.3297038e-07
61,150,1.0,5.927808e-06
61,150,2.0,6.8454176e-07
61,150,3.0,1.804994e-05
61,150,4.0,1.8527977e-05
61,150,5.0,3.555914e-05
61,150,6.0,8.500303e-05
61,150,7.0,0.00014249372
61,150,8.0,0.00014756701
61,150,9.0,0.00012510997
61,150,10.0,0.00021168341
61,150,11.0,0.00043483864
61,150,12.0,0.0005411364
61,150,13.0,0.0005673739
61,150,14.0,0.00058855425
61,151,0.0,4.654289e-05
61,151,1.0,7.8178826e-05
61,151,2.0,0.000104778315
61,151,3.0,0.00020727758
61,151,4.0,0.00044591108
61,151,5.0,0.00050936796
61,151,6.0,0.0007250477
61,151,7.0,0.00074097165
61,151,8.0,0.0007216872
61,151,9.0,0.000909381
61,151,10.0,0.0014905505
61,151,11.0,0.0021094987
61,151,12.0,0.002523081
61,151,13.0,0.0027977852
61,151,14.0,0.0028235568
61,152,0.0,0.00023317411
61,152,1.0,0.0007139186
61,152,2.0,0.0012303968
61,152,3.0,0.0020379506
61,152,4.0,0.003056458
61,152,5.0,0.003816864
61,152,6.0,0.004400744
61,152,7.0,0.0039710384
61,152,8.0,0.0037611832
61,152,9.0,0.004325309
61,152,10.0,0.005564289
61,152,11.0,0.0066860123
61,152,12.0,0.00765681
61,152,13.0,0.008211745
61,152,14.0,0.008310186
61,153,0.0,0.0013129658
61,153,1.0,0.00252231
61,153,2.0,0.004707776
61,153,3.0,0.007629654
61,153,4.0,0.010463577
61,153,5.0,0.0127862785
61,153,6.0,0.01425183
61,153,7.0,0.013149333
61,153,8.0,0.011173461
61,153,9.0,0.011260138
61,153,10.0,0.013004897
61,153,11.0,0.014615434
61,153,12.0,0.01564418
61,153,13.0,0.015645541
61,153,14.0,0.014794391
61,154,0.0,0.00257409
61,154,1.0,0.0061664814
61,154,2.0,0.011476457
61,154,3.0,0.016702525
61,154,4.0,0.022246988
61,154,5.0,0.025414275
61,154,6.0,0.024472736
61,154,7.0,0.020884745
61,154,8.0,0.015659966
61,154,9.0,0.016058663
61,154,10.0,0.018203849
61,154,11.0,0.019839434
61,154,12.0,0.019699935
61,154,13.0,0.01811151
61,154,14.0,0.016784348
61,155,0.0,0.0037327346
61,155,1.0,0.007713399
61,155,2.0,0.013628044
61,155,3.0,0.0209169
61,155,4.0,0.026651872
61,155,5.0,0.029175574
61,155,6.0,0.02672293
61,155,7.0,0.020162886
61,155,8.0,0.015351108
61,155,9.0,0.014532946
61,155,10.0,0.01635785
61,155,11.0,0.017350446
61,155,12.0,0.015835594
61,155,13.0,0.01446358
61,155,14.0,0.013280779
61,156,0.0,0.0029215042
61,156,1.0,0.0060280957
61,156,2.0,0.011019508
61,156,3.0,0.014241879
61,156,4.0,0.01890238
61,156,5.0,0.021090744
61,156,6.0,0.019214183
61,156,7.0,0.012748315
61,156,8.0,0.008773467
61,156,9.0,0.008331014
61,156,10.0,0.009283799
61,156,11.0,0.009359152
61,156,12.0,0.008732705
61,156,13.0,0.007893414
61,156,14.0,0.006874564
61,157,0.0,0.001461857
61,157,1.0,0.0034150425
61,157,2.0,0.0051113707
61,157,3.0,0.0078066792
61,157,4.0,0.01056834
61,157,5.0,0.011903104
61,157,6.0,0.010225007
61,157,7.0,0.007126794
61,157,8.0,0.005229713
61,157,9.0,0.004394211
61,157,10.0,0.0049141943
61,157,11.0,0.0055988478
61,157,12.0,0.0049393857
61,157,13.0,0.0041551134
61,157,14.0,0.0033228605
61,158,0.0,0.0006099648
61,158,1.0,0.00094707415
61,158,2.0,0.0028244893
61,158,3.0,0.003675958
61,158,4.0,0.0043676607
61,158,5.0,0.00462267
61,158,6.0,0.003973031
61,158,7.0,0.0032710875
61,158,8.0,0.0022694294
61,158,9.0,0.0019849178
61,158,10.0,0.0020932434
61,158,11.0,0.002039016
61,158,12.0,0.0020364209
61,158,13.0,0.0018561464
61,158,14.0,0.0012271855
61,159,0.0,0.0001303735
61,159,1.0,0.00032271066
61,159,2.0,0.00091713807
61,159,3.0,0.001590263
61,159,4.0,0.0016084646
61,159,5.0,0.0015394777
61,159,6.0,0.0012569856
61,159,7.0,0.0006164823
61,159,8.0,0.00049953756
61,159,9.0,0.00045340604
61,159,10.0,0.0005338586
61,159,11.0,0.00061708887
61,159,12.0,0.00042983502
61,159,13.0,0.00040456065
61,159,14.0,0.00038212555
61,160,0.0,6.210598e-05
61,160,1.0,8.420608e-05
61,160,2.0,0.00014889846
61,160,3.0,0.0002599603
61,160,4.0,0.00031111244
61,160,5.0,0.00033483902
61,160,6.0,0.0003308226
61,160,7.0,0.00016920149
61,160,8.0,0.00011225424
61,160,9.0,0.00018315333
61,160,10.0,0.00016949978
61,160,11.0,0.000121809135
61,160,12.0,0.00010145308
61,160,13.0,6.882712e-05
61,160,14.0,4.6980782e-05
61,161,0.0,2.647228e-07
61,161,1.0,3.517854e-08
61,161,2.0,2.2075325e-08
61,161,3.0,4.2030032e-07
61,161,4.0,5.006134e-08
61,161,5.0,5.679405e-07
61,161,6.0,5.1691063e-07
61,161,7.0,3.881831e-08
61,161,8.0,2.8192784e-07
61,161,9.0,9.106723e-07
61,161,10.0,3.344803e-07
61,161,11.0,1.0561183e-08
61,161,12.0,0.0
61,161,13.0,1.8588759e-09
61,161,14.0,4.0276606e-07
61,162,0.0,7.383879e-08
61,162,1.0,6.26307e-08
61,162,2.0,2.658925e-07
61,162,3.0,4.9616084e-08
61,162,4.0,7.098236e-08
61,162,5.0,2.5302703e-07
61,162,6.0,2.6540567e-07
61,162,7.0,1.2215698e-07
61,162,8.0,2.7248268e-07
61,162,9.0,1.8385358e-06
61,162,10.0,1.333776e-06
61,162,11.0,2.7410766e-07
61,162,12.0,1.5125044e-08
61,162,13.0,2.64742e-07
61,162,14.0,3.6581582e-07
61,163,0.0,6.986512e-07
61,163,1.0,2.1679654e-08
61,163,2.0,4.3177426e-09
61,163,3.0,1.29940485e-08
61,163,4.0,2.1284235e-08
61,163,5.0,7.754139e-08
61,163,6.0,1.0148448e-07
61,163,7.0,2.051857e-07
61,163,8.0,6.6692155e-07
61,163,9.0,1.6447607e-06
61,163,10.0,8.5076033e-07
61,163,11.0,3.100715e-07
61,163,12.0,7.255692e-08
61,163,13.0,1.9869279e-07
61,163,14.0,8.5435533e-07
61,164,0.0,7.322273e-08
61,164,1.0,2.035984e-08
61,164,2.0,4.386679e-08
61,164,3.0,1.5633022e-07
61,164,4.0,6.526043e-08
61,164,5.0,0.0
61,164,6.0,2.2176126e-10
61,164,7.0,9.949834e-08
61,164,8.0,8.742576e-07
61,164,9.0,3.6839631e-07
61,164,10.0,4.370656e-07
61,164,11.0,7.2134486e-07
61,164,12.0,1.2241202e-07
61,164,13.0,1.9138218e-08
61,164,14.0,2.3696545e-10
61,165,0.0,3.1093484e-07
61,165,1.0,4.550399e-07
61,165,2.0,4.5279293e-07
61,165,3.0,4.535331e-07
61,165,4.0,1.4266323e-07
61,165,5.0,3.0229629e-07
61,165,6.0,2.5882753e-07
61,165,7.0,3.2491118e-07
61,165,8.0,5.163607e-08
61,165,9.0,2.234289e-07
61,165,10.0,1.8326277e-07
61,165,11.0,1.5823072e-07
61,165,12.0,2.0588813e-07
61,165,13.0,7.1877315e-07
61,165,14.0,5.7883346e-07
61,166,0.0,1.3461114e-07
61,166,1.0,3.5890162e-07
61,166,2.0,1.1842617e-07
61,166,3.0,8.187784e-08
61,166,4.0,3.1737397e-07
61,166,5.0,4.430658e-09
61,166,6.0,1.4595295e-08
61,166,7.0,7.742296e-08
61,166,8.0,2.5143208e-07
61,166,9.0,9.0387255e-07
61,166,10.0,8.5190024e-08
61,166,11.0,2.4097787e-07
61,166,12.0,1.327159e-07
61,166,13.0,2.33533e-08
61,166,14.0,9.0380304e-08
62,146,0.0,2.6659094e-07
62,146,1.0,1.6100486e-07
62,146,2.0,2.3173953e-07
62,146,3.0,2.8869013e-07
62,146,4.0,3.720094e-07
62,146,5.0,1.4276074e-07
62,146,6.0,6.1859976e-07
62,146,7.0,8.211746e-07
62,146,8.0,8.5791163e-07
62,146,9.0,1.0010471e-07
62,146,10.0,1.4807146e-07
62,146,11.0,5.1667705e-08
62,146,12.0,3.197278e-08
62,146,13.0,7.445722e-08
62,146,14.0,8.145498e-08
62,147,0.0,1.1561674e-07
62,147,1.0,3.820123e-07
62,147,2.0,0.0
62,147,3.0,9.6246886e-08
62,147,4.0,8.0516536e-08
62,147,5.0,1.4518925e-07
62,147,6.0,1.8012486e-08
62,147,7.0,0.0
62,147,8.0,1.0232873e-07
62,147,9.0,3.6354552e-07
62,147,10.0,1.2530086e-07
62,147,11.0,2.4387325e-07
62,147,12.0,1.15032904e-07
62,147,13.0,0.0
62,147,14.0,0.0
62,148,0.0,1.8813485e-07
62,148,1.0,7.018975e-07
62,148,2.0,1.2605956e-07
62,148,3.0,7.5256884e-07
62,148,4.0,4.8869556e-08
62,148,5.0,3.1275306e-08
62,148,6.0,1.4528483e-07
62,148,7.0,7.7371374e-07
62,148,8.0,1.5248307e-07
62,148,9.0,1.13399485e-08
62,148,10.0,1.6320303e-08
62,148,11.0,6.433234e-08
62,148,12.0,2.6144545e-07
62,148,13.0,3.5601389e-07
62,148,14.0,1.9942016e-07
62,149,0.0,4.2990167e-09
62,149,1.0,0.0
62,149,2.0,0.0
62,149,3.0,0.0
62,149,4.0,0.0
62,149,5.0,1.2982428e-08
62,149,6.0,1.374273e-10
62,149,7.0,0.0
62,149,8.0,0.0
62,149,9.0,2.3846044e-07
62,149,10.0,2.5732197e-07
62,149,11.0,1.5662638e-07
62,149,12.0,2.9494561e-08
62,149,13.0,1.5227317e-09
62,149,14.0,0.0
62,150,0.0,2.042804e-12
62,150,1.0,0.0
62,150,2.0,0.0
62,150,3.0,0.0
62,150,4.0,3.0155925e-07
62,150,5.0,3.5232858e-07
62,150,6.0,4.0627256e-08
62,150,7.0,0.0
62,150,8.0,0.0
62,150,9.0,2.1665887e-08
62,150,10.0,2.2019658e-07
62,150,11.0,2.0564742e-07
62,150,12.0,1.2467334e-06
62,150,13.0,3.8875237e-06
62,150,14.0,7.4363843e-06
62,151,0.0,3.7054686e-08
62,151,1.0,0.0
62,151,2.0,6.922922e-08
62,151,3.0,1.8328767e-07
62,151,4.0,3.5620428e-07
62,151,5.0,5.0256294e-06
62,151,6.0,7.3810447e-06
62,151,7.0,9.322554e-11
62,151,8.0,0.0
62,151,9.0,3.0400718e-06
62,151,10.0,7.011653e-07
62,151,11.0,3.677569e-05
62,151,12.0,8.718374e-05
62,151,13.0,0.00010586243
62,151,14.0,0.000111186244
62,152,0.0,1.9077657e-08
62,152,1.0,3.2450612e-07
62,152,2.0,2.867701e-08
62,152,3.0,1.5066369e-05
62,152,4.0,5.148064e-05
62,152,5.0,0.00016643794
62,152,6.0,0.00017332543
62,152,7.0,0.00016142997
62,152,8.0,0.00014368018
62,152,9.0,0.00018891558
62,152,10.0,0.0004949185
62,152,11.0,0.0008135937
62,152,12.0,0.0007568146
62,152,13.0,0.00063117646
62,152,14.0,0.0006370386
62,153,0.0,7.883872e-05
62,153,1.0,0.00013537753
62,153,2.0,0.00035312452
62,153,3.0,0.00072138116
62,153,4.0,0.0010175223
62,153,5.0,0.00122238
62,153,6.0,0.0015481861
62,153,7.0,0.0014505218
62,153,8.0,0.0012093802
62,153,9.0,0.0012068262
62,153,10.0,0.001904218
62,153,11.0,0.002324635
62,153,12.0,0.0024662553
62,153,13.0,0.0026748884
62,153,14.0,0.0025972174
62,154,0.0,0.00049599796
62,154,1.0,0.0012082417
62,154,2.0,0.0021568984
62,154,3.0,0.0031648455
62,154,4.0,0.004713846
62,154,5.0,0.0056575327
62,154,6.0,0.005663171
62,154,7.0,0.004442534
62,154,8.0,0.0038396092
62,154,9.0,0.004130817
62,154,10.0,0.00571366
62,154,11.0,0.0059673917
62,154,12.0,0.005968307
62,154,13.0,0.0052420828
62,154,14.0,0.004783778
62,155,0.0,0.0012717495
62,155,1.0,0.0023823243
62,155,2.0,0.004481254
62,155,3.0,0.007592953
62,155,4.0,0.009923742
62,155,5.0,0.011290608
62,155,6.0,0.010805048
62,155,7.0,0.008398605
62,155,8.0,0.0067613297
62,155,9.0,0.0069301706
62,155,10.0,0.008493842
62,155,11.0,0.008684866
62,155,12.0,0.00917777
62,155,13.0,0.008554117
62,155,14.0,0.007604537
62,156,0.0,0.0017397946
62,156,1.0,0.004238664
62,156,2.0,0.0077420417
62,156,3.0,0.010622227
62,156,4.0,0.013440457
62,156,5.0,0.014822711
62,156,6.0,0.014093714
62,156,7.0,0.011288491
62,156,8.0,0.00942805
62,156,9.0,0.009024488
62,156,10.0,0.009920346
62,156,11.0,0.009661225
62,156,12.0,0.009830319
62,156,13.0,0.008887397
62,156,14.0,0.007771442
62,157,0.0,0.0016775138
62,157,1.0,0.00319556
62,157,2.0,0.006945786
62,157,3.0,0.010743101
62,157,4.0,0.013452296
62,157,5.0,0.01505402
62,157,6.0,0.013517325
62,157,7.0,0.010967895
62,157,8.0,0.008296176
62,157,9.0,0.007761615
62,157,10.0,0.008363867
62,157,11.0,0.00932685
62,157,12.0,0.008819282
62,157,13.0,0.0070384564
62,157,14.0,0.006203833
62,158,0.0,0.001114723
62,158,1.0,0.0019342634
62,158,2.0,0.005059423
62,158,3.0,0.008320958
62,158,4.0,0.010835319
62,158,5.0,0.012244203
62,158,6.0,0.0112531185
62,158,7.0,0.007886663
62,158,8.0,0.005632291
62,158,9.0,0.005529958
62,158,10.0,0.005930698
62,158,11.0,0.0064809197
62,158,12.0,0.0063023036
62,158,13.0,0.0051904563
62,158,14.0,0.004093413
62,159,0.0,0.00042175382
62,159,1.0,0.0013840613
62,159,2.0,0.003041378
62,159,3.0,0.004629817
62,159,4.0,0.006227165
62,159,5.0,0.0068663135
62,159,6.0,0.0059564407
62,159,7.0,0.004366651
62,159,8.0,0.0036905073
62,159,9.0,0.0035162258
62,159,10.0,0.0035529684
62,159,11.0,0.003383346
62,159,12.0,0.0036433325
62,159,13.0,0.0032006789
62,159,14.0,0.002531674
62,160,0.0,0.0001499829
62,160,1.0,0.00070544385
62,160,2.0,0.0014823953
62,160,3.0,0.0022536493
62,160,4.0,0.00280985
62,160,5.0,0.0029184078
62,160,6.0,0.0027579311
62,160,7.0,0.0021034712
62,160,8.0,0.0014650264
62,160,9.0,0.0013182117
62,160,10.0,0.001443797
62,160,11.0,0.0013942649
62,160,12.0,0.001373689
62,160,13.0,0.0010592082
62,160,14.0,0.00069017586
62,161,0.0,7.433474e-05
62,161,1.0,0.0002166412
62,161,2.0,0.000545924
62,161,3.0,0.0005530814
62,161,4.0,0.0007245649
62,161,5.0,0.0008281308
62,161,6.0,0.00076863443
62,161,7.0,0.0006602305
62,161,8.0,0.00057012646
62,161,9.0,0.00034251926
62,161,10.0,0.00030535532
62,161,11.0,0.00027252888
62,161,12.0,0.00022029596
62,161,13.0,0.00029413227
62,161,14.0,0.0002396635
62,162,0.0,3.878558e-05
62,162,1.0,3.1366857e-05
62,162,2.0,2.885955e-05
62,162,3.0,8.658903e-05
62,162,4.0,0.0001847062
62,162,5.0,0.00016926863
62,162,6.0,0.00012497703
62,162,7.0,8.21417e-05
62,162,8.0,9.242213e-05
62,162,9.0,9.119769e-05
62,162,10.0,9.971946e-05
62,162,11.0,8.730044e-05
62,162,12.0,5.7970723e-05
62,162,13.0,1.45582535e-05
62,162,14.0,2.8513708e-07
62,163,0.0,2.9079007e-07
62,163,1.0,1.7182892e-07
62,163,2.0,7.5851805e-09
62,163,3.0,0.0
62,163,4.0,3.5312695e-12
62,163,5.0,0.0
62,163,6.0,8.9260155e-08
62,163,7.0,2.4882672e-07
62,163,8.0,7.966638e-08
62,163,9.0,1.2067393e-07
62,163,10.0,1.641861e-07
62,163,11.0,1.1830099e-07
62,163,12.0,1.02459104e-07
62,163,13.0,2.452466e-07
62,163,14.0,2.9662124e-07
62,164,0.0,1.229022e-06
62,164,1.0,3.1679474e-07
62,164,2.0,5.23199e-08
62,164,3.0,3.5303113e-08
62,164,4.0,5.301776e-09
62,164,5.0,8.100854e-09
62,164,6.0,9.339778e-08
62,164,7.0,4.2583733e-07
62,164,8.0,6.3019417e-07
62,164,9.0,2.145095e-07
62,164,10.0,1.6661663e-07
62,164,11.0,8.5373955e-08
62,164,12.0,2.4345729e-08
62,164,13.0,2.5916544e-08
62,164,14.0,2.0573563e-07
62,165,0.0,8.949942e-08
62,165,1.0,1.9268758e-07
62,165,2.0,8.435263e-08
62,165,3.0,7.213885e-08
62,165,4.0,1.0380758e-07
62,165,5.0,7.174701e-08
62,165,6.0,3.8289184e-07
62,165,7.0,5.7068326e-07
62,165,8.0,2.4939462e-07
62,165,9.0,9.799538e-07
62,165,10.0,4.449023e-07
62,165,11.0,6.358436e-08
62,165,12.0,1.0724448e-07
62,165,13.0,4.9835148e-08
62,165,14.0,1.601725e-09
62,166,0.0,4.37777e-09
62,166,1.0,5.413001e-08
62,166,2.0,2.962735e-07
62,166,3.0,1.4263676e-07
62,166,4.0,1.3359035e-07
62,166,5.0,5.4247096e-07
62,166,6.0,3.270801e-07
62,166,7.0,1.3513958e-06
62,166,8.0,1.2906488e-06
62,166,9.0,1.542334e-06
62,166,10.0,1.0589262e-07
62,166,11.0,1.3800748e-10
62,166,12.0,1.4878962e-07
62,166,13.0,2.1982636e-08
62,166,14.0,1.185049e-10
62,167,0.0,1.2750158e-07
62,167,1.0,1.4198176e-07
62,167,2.0,8.658565e-08
62,167,3.0,3.8252006e-07
62,167,4.0,2.709156e-07
62,167,5.0,4.777118e-07
62,167,6.0,2.9681875e-08
62,167,7.0,1.4576872e-07
62,167,8.0,1.2598146e-07
62,167,9.0,1.507194e-06
62,167,10.0,1.1107004e-08
62,167,11.0,5.9610653e-07
62,167,12.0,1.55551e-07
62,167,13.0,1.8570142e-07
62,167,14.0,6.173592e-08
62,168,0.0,1.8682503e-07
62,168,1.0,7.22748e-07
62,168,2.0,4.951171e-07
62,168,3.0,7.970882e-08
62,168,4.0,1.622771e-07
62,168,5.0,3.5015782e-07
62,168,6.0,2.2662041e-07
62,168,7.0,9.805807e-07
62,168,8.0,8.34495e-07
62,168,9.0,1.7906573e-06
62,168,10.0,1.2024734e-07
62,168,11.0,2.2704245e-09
62,168,12.0,2.4431046e-07
62,168,13.0,6.77944e-08
62,168,14.0,7.776331e-08
63,149,0.0,2.5195824e-08
63,149,1.0,2.034001e-09
63,149,2.0,5.5303886e-12
63,149,3.0,3.1106222e-06
63,149,4.0,5.605231e-07
63,149,5.0,0.0
63,149,6.0,1.4137222e-08
63,149,7.0,2.590224e-09
63,149,8.0,2.472404e-07
63,149,9.0,2.4048981e-08
63,149,10.0,1.5536718e-07
63,149,11.0,8.235554e-08
63,149,12.0,2.574329e-07
63,149,13.0,3.357483e-07
63,149,14.0,7.656092e-08
63,150,0.0,2.9073846e-07
63,150,1.0,4.0166302e-07
63,150,2.0,3.1621113e-07
63,150,3.0,1.6707185e-07
63,150,4.0,1.2324934e-07
63,150,5.0,1.19583e-07
63,150,6.0,4.1906884e-07
63,150,7.0,2.0651137e-07
63,150,8.0,8.056605e-08
63,150,9.0,1.0230863e-07
63,150,10.0,1.3078842e-06
63,150,11.0,7.781155e-07
63,150,12.0,2.7664697e-07
63,150,13.0,1.05064046e-07
63,150,14.0,3.600034e-08
63,151,0.0,2.676448e-08
63,151,1.0,9.30716e-08
63,151,2.0,0.0
63,151,3.0,0.0
63,151,4.0,4.6143347e-10
63,151,5.0,1.13077e-07
63,151,6.0,3.9543926e-07
63,151,7.0,6.08939e-07
63,151,8.0,6.671337e-07
63,151,9.0,2.7901276e-08
63,151,10.0,4.11998e-08
63,151,11.0,3.63558e-07
63,151,12.0,2.7491032e-07
63,151,13.0,3.6474074e-07
63,151,14.0,5.368087e-07
63,152,0.0,9.223816e-07
63,152,1.0,6.90758e-08
63,152,2.0,2.2572098e-07
63,152,3.0,4.3150996e-07
63,152,4.0,3.9897154e-07
63,152,5.0,4.96362e-07
63,152,6.0,3.2117623e-07
63,152,7.0,4.406514e-08
63,152,8.0,2.1622627e-10
63,152,9.0,7.296385e-08
63,152,10.0,9.15849e-07
63,152,11.0,8.9060244e-08
63,152,12.0,3.2002813e-08
63,152,13.0,4.6453962e-07
63,152,14.0,4.3755873e-07
63,153,0.0,3.2655416e-07
63,153,1.0,6.1682846e-07
63,153,2.0,8.972065e-08
63,153,3.0,0.0
63,153,4.0,0.0
63,153,5.0,0.0
63,153,6.0,6.112691e-09
63,153,7.0,5.1631385e-08
63,153,8.0,2.9376157e-08
63,153,9.0,1.8383615e-07
63,153,10.0,7.56597e-07
63,153,11.0,2.5984214e-06
63,153,12.0,1.3664232e-06
63,153,13.0,1.201716e-07
63,153,14.0,1.7884614e-07
63,154,0.0,0.0
63,154,1.0,9.242366e-07
63,154,2.0,3.1605568e-06
63,154,3.0,1.3101416e-05
63,154,4.0,3.1085438e-05
63,154,5.0,4.915379e-05
63,154,6.0,3.1733514e-05
63,154,7.0,2.1678497e-05
63,154,8.0,2.5866171e-05
63,154,9.0,2.2524868e-05
63,154,10.0,2.2545999e-05
63,154,11.0,3.2970616e-05
63,154,12.0,6.5535176e-05
63,154,13.0,7.0300535e-05
63,154,14.0,4.8549515e-05
63,155,0.0,8.7507067e-07
63,155,1.0,4.7799035e-06
63,155,2.0,2.2005486e-05
63,155,3.0,3.5947887e-05
63,155,4.0,4.34957e-05
63,155,5.0,0.000119109915
63,155,6.0,0.00017371484
63,155,7.0,0.00014943074
63,155,8.0,7.8897145e-05
63,155,9.0,5.1520903e-05
63,155,10.0,0.00016614041
63,155,11.0,0.00017935879
63,155,12.0,0.0001694942
63,155,13.0,0.00019328161
63,155,14.0,0.00020069945
63,156,0.0,5.5398755e-06
63,156,1.0,7.1787494e-05
63,156,2.0,0.00010113867
63,156,3.0,0.0001237392
63,156,4.0,0.00021885955
63,156,5.0,0.00043530323
63,156,6.0,0.0004782468
63,156,7.0,0.0004153391
63,156,8.0,0.00036624444
63,156,9.0,0.0003095125
63,156,10.0,0.00036031342
63,156,11.0,0.000404486
63,156,12.0,0.00042020256
63,156,13.0,0.00050363503
63,156,14.0,0.00051830884
63,157,0.0,2.999625e-07
63,157,1.0,3.374072e-05
63,157,2.0,0.00015423603
63,157,3.0,0.0003063552
63,157,4.0,0.0005294387
63,157,5.0,0.0007445136
63,157,6.0,0.0007457971
63,157,7.0,0.0005482506
63,157,8.0,0.00048527014
63,157,9.0,0.00051709416
63,157,10.0,0.0006472179
63,157,11.0,0.0007560361
63,157,12.0,0.0008006129
63,157,13.0,0.0007877747
63,157,14.0,0.00061975495
63,158,0.0,2.8484517e-05
63,158,1.0,9.5113886e-05
63,158,2.0,0.00031407183
63,158,3.0,0.00055168563
63,158,4.0,0.00090137514
63,158,5.0,0.001226858
63,158,6.0,0.0012939683
63,158,7.0,0.0010122261
63,158,8.0,0.0007789116
63,158,9.0,0.0007322403
63,158,10.0,0.0010436338
63,158,11.0,0.0015122233
63,158,12.0,0.0014383153
63,158,13.0,0.0011778083
63,158,14.0,0.0009909979
63,159,0.0,2.5649382e-05
63,159,1.0,0.00016228441
63,159,2.0,0.0004019771
63,159,3.0,0.00072648627
63,159,4.0,0.001101198
63,159,5.0,0.001351365
63,159,6.0,0.0015663801
63,159,7.0,0.0015206847
63,159,8.0,0.0012604756
63,159,9.0,0.0010262717
63,159,10.0,0.0010905104
63,159,11.0,0.0014275468
63,159,12.0,0.001482544
63,159,13.0,0.0014233582
63,159,14.0,0.0013091577
63,160,0.0,5.1748398e-06
63,160,1.0,8.701173e-05
63,160,2.0,0.00038041058
63,160,3.0,0.0007316195
63,160,4.0,0.0013265015
63,160,5.0,0.0016570914
63,160,6.0,0.0019659044
63,160,7.0,0.0018989197
63,160,8.0,0.0013837887
63,160,9.0,0.0010835519
63,160,10.0,0.0011814367
63,160,11.0,0.0015313652
63,160,12.0,0.0015969779
63,160,13.0,0.0014773589
63,160,14.0,0.0012292315
63,161,0.0,1.2515244e-05
63,161,1.0,0.00010892472
63,161,2.0,0.0002803585
63,161,3.0,0.00065862923
63,161,4.0,0.0009600122
63,161,5.0,0.0014558352
63,161,6.0,0.0016631378
63,161,7.0,0.0014373399
63,161,8.0,0.0010659025
63,161,9.0,0.0009833456
63,161,10.0,0.00080475124
63,161,11.0,0.0008950026
63,161,12.0,0.00093235954
63,161,13.0,0.0008705464
63,161,14.0,0.0007297007
63,162,0.0,2.6631535e-05
63,162,1.0,3.9926224e-05
63,162,2.0,0.000103140424
63,162,3.0,0.0002498152
63,162,4.0,0.0006114647
63,162,5.0,0.0007738365
63,162,6.0,0.0008211505
63,162,7.0,0.00083489803
63,162,8.0,0.00039690972
63,162,9.0,0.0003061266
63,162,10.0,0.00044197164
63,162,11.0,0.00037657243
63,162,12.0,0.00036428098
63,162,13.0,0.00046539443
63,162,14.0,0.0004110063
63,163,0.0,6.39563e-07
63,163,1.0,3.108789e-05
63,163,2.0,2.5955547e-05
63,163,3.0,0.000116056246
63,163,4.0,0.00016975451
63,163,5.0,0.00023757965
63,163,6.0,0.00025958
63,163,7.0,0.0002894386
63,163,8.0,0.00012016439
63,163,9.0,0.0001542147
63,163,10.0,0.00013605293
63,163,11.0,0.00016597855
63,163,12.0,0.00019307029
63,163,13.0,0.00016749457
63,163,14.0,0.00014753825
63,164,0.0,0.0
63,164,1.0,4.331757e-07
63,164,2.0,2.7303244e-09
63,164,3.0,5.3928165e-06
63,164,4.0,2.6655956e-05
63,164,5.0,2.8698967e-05
63,164,6.0,2.4949635e-05
63,164,7.0,2.9082823e-05
63,164,8.0,7.910936e-06
63,164,9.0,1.8838724e-05
63,164,10.0,1.6112637e-05
63,164,11.0,2.7383694e-05
63,164,12.0,3.3704106e-05
63,164,13.0,4.9720413e-05
63,164,14.0,3.2513577e-05
63,165,0.0,2.3585014e-07
63,165,1.0,0.0
63,165,2.0,7.30147e-08
63,165,3.0,0.0
63,165,4.0,3.9690144e-07
63,165,5.0,7.507857e-07
63,165,6.0,1.253613e-07
63,165,7.0,9.1215594e-07
63,165,8.0,2.4789239e-08
63,165,9.0,0.0
63,165,10.0,1.2916648e-08
63,165,11.0,3.4398423e-07
63,165,12.0,7.517914e-08
63,165,13.0,3.958177e-07
63,165,14.0,1.2738753e-06
63,166,0.0,3.2811676e-07
63,166,1.0,1.6532734e-07
63,166,2.0,0.0
63,166,3.0,6.9621095e-08
63,166,4.0,1.4401729e-07
63,166,5.0,5.555209e-09
63,166,6.0,8.487685e-08
63,166,7.0,1.7639244e-14
63,166,8.0,2.143646e-10
63,166,9.0,1.267731e-06
63,166,10.0,3.151586e-07
63,166,11.0,2.6269453e-07
63,166,12.0,2.815467e-07
63,166,13.0,1.7622882e-07
63,166,14.0,4.3598334e-08
63,167,0.0,6.23986e-08
63,167,1.0,3.972284e-08
63,167,2.0,2.1091815e-07
63,167,3.0,4.507256e-07
63,167,4.0,7.005314e-07
63,167,5.0,1.6427394e-06
63,167,6.0,5.480468e-07
63,167,7.0,1.5708864e-07
63,167,8.0,2.1822603e-07
63,167,9.0,7.7333726e-07
63,167,10.0,4.0379228e-07
63,167,11.0,1.1067312e-06
63,167,12.0,3.0934717e-07
63,167,13.0,3.1781312e-08
63,167,14.0,7.7745995e-08
63,168,0.0,8.964575e-08
63,168,1.0,1.1153206e-07
63,168,2.0,3.3038043e-07
63,168,3.0,7.3031003e-07
63,168,4.0,3.6951766e-07
63,168,5.0,1.7636759e-07
63,168,6.0,1.5034063e-07
63,168,7.0,2.4686562e-07
63,168,8.0,4.177303e-07
63,168,9.0,4.139684e-07
63,168,10.0,1.4154142e-07
63,168,11.0,1.0963919e-06
63,168,12.0,6.6286695e-08
63,168,13.0,5.169835e-09
63,168,14.0,5.6775242e-08
63,169,0.0,8.835262e-08
63,169,1.0,1.4440167e-07
63,169,2.0,1.2116878e-07
63,169,3.0,2.1697099e-07
63,169,4.0,1.13562464e-07
63,169,5.0,9.830225e-08
63,169,6.0,1.3870712e-07
63,169,7.0,1.3202779e-08
63,169,8.0,2.9347213e-08
63,169,9.0,2.1938779e-07
63,169,10.0,9.0175405e-08
63,169,11.0,7.998054e-07
63,169,12.0,9.6489366e-08
63,169,13.0,5.9530073e-08
63,169,14.0,1.5168649e-07
63,170,0.0,2.4960116e-07
63,170,1.0,2.9936987e-07
63,170,2.0,4.2732532e-07
63,170,3.0,1.2823858e-07
63,170,4.0,1.8604163e-07
63,170,5.0,2.1336363e-07
63,170,6.0,1.0463342e-07
63,170,7.0,4.0038608e-11
63,170,8.0,9.680213e-08
63,170,9.0,9.839157e-07
63,170,10.0,3.3297275e-07
63,170,11.0,3.0706144e-07
63,170,12.0,2.3882055e-07
63,170,13.0,1.7758663e-07
63,170,14.0,2.189242e-07
64,151,0.0,8.5758884e-08
64,151,1.0,6.79371e-08
64,151,2.0,7.983625e-08
64,151,3.0,2.619343e-07
64,151,4.0,3.1769634e-08
64,151,5.0,3.9546606e-09
64,151,6.0,4.912903e-09
64,151,7.0,1.2911573e-08
64,151,8.0,1.4049945e-07
64,151,9.0,3.3109717e-07
64,151,10.0,3.077237e-07
64,151,11.0,4.3675428e-07
64,151,12.0,4.0792318e-07
64,151,13.0,8.8404114e-08
64,151,14.0,2.210244e-07
64,152,0.0,1.6348944e-08
64,152,1.0,2.1095603e-08
64,152,2.0,1.0061496e-09
64,152,3.0,2.2231075e-07
64,152,4.0,4.2558042e-07
64,152,5.0,1.065384e-07
64,152,6.0,2.0722831e-07
64,152,7.0,4.1818478e-07
64,152,8.0,5.133046e-07
64,152,9.0,1.1429124e-07
64,152,10.0,2.9614102e-07
64,152,11.0,2.0521921e-07
64,152,12.0,1.4873216e-07
64,152,13.0,7.017298e-08
64,152,14.0,1.4641887e-07
64,153,0.0,5.8730403e-09
64,153,1.0,3.358235e-06
64,153,2.0,1.0909098e-06
64,153,3.0,5.105333e-07
64,153,4.0,3.6332898e-07
64,153,5.0,3.812973e-07
64,153,6.0,1.7443296e-07
64,153,7.0,2.2557414e-12
64,153,8.0,1.0409651e-10
64,153,9.0,9.390513e-09
64,153,10.0,1.6186407e-08
64,153,11.0,7.932682e-08
64,153,12.0,2.805684e-07
64,153,13.0,2.4098105e-07
64,153,14.0,3.2516547e-07
64,154,0.0,1.6299066e-07
64,154,1.0,3.2187682e-08
64,154,2.0,3.0941424e-10
64,154,3.0,0.0
64,154,4.0,0.0
64,154,5.0,3.2344143e-08
64,154,6.0,1.798776e-07
64,154,7.0,3.1552943e-07
64,154,8.0,5.646642e-08
64,154,9.0,2.568624e-08
64,154,10.0,1.1734063e-08
64,154,11.0,2.4221583e-10
64,154,12.0,1.1177468e-08
64,154,13.0,2.9574666e-08
64,154,14.0,8.2425765e-07
64,155,0.0,6.969136e-10
64,155,1.0,5.1056073e-08
64,155,2.0,5.761518e-08
64,155,3.0,0.0
64,155,4.0,0.0
64,155,5.0,4.197894e-08
64,155,6.0,2.1185406e-07
64,155,7.0,4.901038e-07
64,155,8.0,4.2291955e-08
64,155,9.0,9.910536e-08
64,155,10.0,5.1671e-07
64,155,11.0,3.1421692e-07
64,155,12.0,4.67635e-08
64,155,13.0,1.4440471e-07
64,155,14.0,2.1704348e-06
64,156,0.0,3.5159378e-08
64,156,1.0,5.9558772e-08
64,156,2.0,1.7195603e-07
64,156,3.0,7.381015e-07
64,156,4.0,1.0709512e-07
64,156,5.0,3.1842492e-07
64,156,6.0,1.0624277e-06
64,156,7.0,2.4068893e-07
64,156,8.0,1.3204058e-07
64,156,9.0,6.722406e-07
64,156,10.0,2.8127755e-07
64,156,11.0,4.9663655e-08
64,156,12.0,6.5769746e-07
64,156,13.0,1.6089507e-06
64,156,14.0,4.125711e-07
64,157,0.0,1.9975957e-07
64,157,1.0,1.1484379e-09
64,157,2.0,5.145551e-08
64,157,3.0,8.1251596e-07
64,157,4.0,2.51994e-06
64,157,5.0,1.3208728e-05
64,157,6.0,2.6734413e-05
64,157,7.0,2.3577923e-05
64,157,8.0,9.733944e-06
64,157,9.0,1.4868776e-05
64,157,10.0,3.5729627e-06
64,157,11.0,1.6536875e-05
64,157,12.0,2.0834977e-05
64,157,13.0,1.42296385e-05
64,157,14.0,3.1174615e-05
64,158,0.0,8.637812e-09
64,158,1.0,1.7398951e-06
64,158,2.0,7.5936117e-07
64,158,3.0,1.0052876e-05
64,158,4.0,2.6619657e-05
64,158,5.0,5.159961e-05
64,158,6.0,4.453712e-05
64,158,7.0,9.553928e-05
64,158,8.0,5.712575e-05
64,158,9.0,4.7048223e-05
64,158,10.0,6.6996734e-05
64,158,11.0,8.731978e-05
64,158,12.0,6.284484e-05
64,158,13.0,7.396327e-05
64,158,14.0,9.335172e-05
64,159,0.0,6.735124e-08
64,159,1.0,6.2586137e-06
64,159,2.0,1.4723986e-05
64,159,3.0,2.5084531e-05
64,159,4.0,3.8629285e-05
64,159,5.0,3.3796114e-05
64,159,6.0,0.00010245053
64,159,7.0,0.00012935477
64,159,8.0,0.0001291807
64,159,9.0,9.284599e-05
64,159,10.0,0.00014537753
64,159,11.0,0.00015555717
64,159,12.0,0.00023243738
64,159,13.0,0.00029245575
64,159,14.0,0.00030606933
64,160,0.0,1.6330983e-07
64,160,1.0,7.1242516e-06
64,160,2.0,3.455562e-05
64,160,3.0,7.659488e-05
64,160,4.0,0.0001347626
64,160,5.0,0.0002515854
64,160,6.0,0.00028196833
64,160,7.0,0.00034811933
64,160,8.0,0.00022625516
64,160,9.0,0.0002540443
64,160,10.0,0.00022046424
64,160,11.0,0.00037532958
64,160,12.0,0.0003405646
64,160,13.0,0.00033067577
64,160,14.0,0.00035336247
64,161,0.0,3.2879536e-06
64,161,1.0,2.3731857e-06
64,161,2.0,5.6453424e-05
64,161,3.0,0.00012984664
64,161,4.0,0.00024835358
64,161,5.0,0.00048099278
64,161,6.0,0.00058492424
64,161,7.0,0.00069213344
64,161,8.0,0.00047409558
64,161,9.0,0.00032556697
64,161,10.0,0.0004725216
64,161,11.0,0.0005769039
64,161,12.0,0.0006201745
64,161,13.0,0.0005640202
64,161,14.0,0.00047589847
64,162,0.0,4.438147e-06
64,162,1.0,1.1575014e-05
64,162,2.0,0.0001073883
64,162,3.0,0.00016549171
64,162,4.0,0.00031358463
64,162,5.0,0.000471108
64,162,6.0,0.0005670136
64,162,7.0,0.0006446352
64,162,8.0,0.00048157945
64,162,9.0,0.0005361105
64,162,10.0,0.0005776827
64,162,11.0,0.00052771746
64,162,12.0,0.0005519091
64,162,13.0,0.00049752457
64,162,14.0,0.00039391054
64,163,0.0,5.3782937e-06
64,163,1.0,3.095022e-07
64,163,2.0,2.3544031e-05
64,163,3.0,0.00012777635
64,163,4.0,0.0003025881
64,163,5.0,0.00032752668
64,163,6.0,0.00046153174
64,163,7.0,0.00041673885
64,163,8.0,0.00035203403
64,163,9.0,0.00025754416
64,163,10.0,0.00034992344
64,163,11.0,0.00048871513
64,163,12.0,0.0004667701
64,163,13.0,0.00041433662
64,163,14.0,0.00029718474
64,164,0.0,2.220664e-10
64,164,1.0,1.4082897e-07
64,164,2.0,1.8225505e-07
64,164,3.0,1.3979354e-05
64,164,4.0,7.4040865e-05
64,164,5.0,0.00012901574
64,164,6.0,0.00030918943
64,164,7.0,0.00035517482
64,164,8.0,0.00021479715
64,164,9.0,0.00019162946
64,164,10.0,0.00019660931
64,164,11.0,0.00019621302
64,164,12.0,0.00016983447
64,164,13.0,0.00013614597
64,164,14.0,0.00014225523
64,165,0.0,0.0
64,165,1.0,1.17224e-10
64,165,2.0,0.0
64,165,3.0,0.0
64,165,4.0,5.0564117e-09
64,165,5.0,1.5930129e-05
64,165,6.0,6.262117e-05
64,165,7.0,6.3173786e-05
64,165,8.0,6.701742e-05
64,165,9.0,6.543256e-05
64,165,10.0,6.9201116e-05
64,165,11.0,9.7163465e-05
64,165,12.0,6.5705965e-05
64,165,13.0,5.4710552e-05
64,165,14.0,3.612587e-05
64,166,0.0,1.16240216e-07
64,166,1.0,6.5899526e-09
64,166,2.0,2.8970581e-09
64,166,3.0,0.0
64,166,4.0,1.4813766e-08
64,166,5.0,1.4186048e-07
64,166,6.0,1.5795035e-07
64,166,7.0,1.7792583e-07
64,166,8.0,4.4982258e-07
64,166,9.0,2.4230592e-06
64,166,10.0,6.957089e-07
64,166,11.0,5.9999763e-07
64,166,12.0,4.740106e-07
64,166,13.0,1.2882272e-06
64,166,14.0,1.544338e-06
64,167,0.0,5.650362e-07
64,167,1.0,2.983113e-08
64,167,2.0,1.3339852e-07
64,167,3.0,1.7377637e-09
64,167,4.0,3.1986636e-07
64,167,5.0,9.93375e-07
64,167,6.0,3.4330432e-07
64,167,7.0,3.8033445e-08
64,167,8.0,7.346453e-08
64,167,9.0,5.3185147e-07
64,167,10.0,9.208897e-08
64,167,11.0,3.178188e-08
64,167,12.0,2.70882e-08
64,167,13.0,5.4418354e-08
64,167,14.0,2.234967e-07
64,168,0.0,1.798395e-08
64,168,1.0,0.0
64,168,2.0,2.775325e-07
64,168,3.0,2.5392427e-07
64,168,4.0,2.976695e-08
64,168,5.0,4.4885863e-07
64,168,6.0,6.477682e-07
64,168,7.0,3.4243962e-07
64,168,8.0,3.502811e-07
64,168,9.0,2.8894357e-07
64,168,10.0,1.4882885e-08
64,168,11.0,4.7703413e-08
64,168,12.0,3.4325595e-08
64,168,13.0,1.5166032e-08
64,168,14.0,1.0757469e-08
64,169,0.0,2.459708e-08
64,169,1.0,0.0
64,169,2.0,1.0956105e-07
64,169,3.0,1.9933373e-07
64,169,4.0,1.1384682e-07
64,169,5.0,3.7291183e-08
64,169,6.0,1.1151274e-07
64,169,7.0,6.7496865e-07
64,169,8.0,4.776985e-07
64,169,9.0,6.069454e-08
64,169,10.0,6.9025816e-08
64,169,11.0,3.243192e-07
64,169,12.0,2.9672827e-07
64,169,13.0,1.5585988e-08
64,169,14.0,9.348413e-09
64,170,0.0,1.4643655e-07
64,170,1.0,1.799505e-11
64,170,2.0,2.6463582e-07
64,170,3.0,1.3492799e-07
64,170,4.0,8.6032266e-08
64,170,5.0,1.05863975e-07
64,170,6.0,5.782421e-08
64,170,7.0,9.4417764e-08
64,170,8.0,6.6166905e-08
64,170,9.0,3.185142e-08
64,170,10.0,1.9195336e-07
64,170,11.0,3.6797778e-07
64,170,12.0,3.4253978e-07
64,170,13.0,2.0849191e-07
64,170,14.0,2.878281e-07
64,171,0.0,8.070813e-07
64,171,1.0,1.0719907e-08
64,171,2.0,3.4198177e-07
64,171,3.0,2.5298974e-07
64,171,4.0,1.3192275e-07
64,171,5.0,1.1133252e-07
64,171,6.0,1.4130318e-07
64,171,7.0,2.025301e-07
64,171,8.0,9.363845e-08
64,171,9.0,6.187064e-08
64,171,10.0,2.5360666e-07
64,171,11.0,5.6520076e-07
64,171,12.0,3.128349e-07
64,171,13.0,2.5672688e-07
64,171,14.0,2.9504272e-07
64,172,0.0,1.4125811e-07
64,172,1.0,6.725615e-08
64,172,2.0,9.098666e-08
64,172,3.0,1.5689076e-07
64,172,4.0,2.2190862e-07
64,172,5.0,3.3494868e-07
64,172,6.0,1.946273e-07
64,172,7.0,2.485577e-07
64,172,8.0,1.0711896e-07
64,172,9.0,3.984423e-07
64,172,10.0,3.054693e-07
64,172,11.0,1.023269e-07
64,172,12.0,4.4841197e-08
64,172,13.0,9.579111e-08
64,172,14.0,1.1872241e-07
65,154,0.0,3.0859653e-07
65,154,1.0,1.0953113e-07
65,154,2.0,1.5096788e-07
65,154,3.0,5.7771274e-08
65,154,4.0,1.4447633e-07
65,154,5.0,2.8417778e-08
65,154,6.0,8.1458126e-08
65,154,7.0,1.8407243e-07
65,154,8.0,2.4411324e-07
65,154,9.0,1.15742715e-07
65,154,10.0,2.2743211e-07
65,154,11.0,4.332924e-07
65,154,12.0,2.2403039e-07
65,154,13.0,1.4357437e-07
65,154,14.0,7.171752e-08
65,155,0.0,2.5404742e-07
65,155,1.0,2.8494378e-08
65,155,2.0,3.171898e-08
65,155,3.0,3.9063713e-07
65,155,4.0,4.225698e-07
65,155,5.0,1.6464033e-07
65,155,6.0,6.4782405e-08
65,155,7.0,2.0297005e-08
65,155,8.0,5.5197193e-09
65,155,9.0,2.1949978e-07
65,155,10.0,8.294906e-09
65,155,11.0,4.0448384e-07
65,155,12.0,2.8696775e-07
65,155,13.0,1.442387e-07
65,155,14.0,4.6772286e-08
65,156,0.0,2.9128506e-07
65,156,1.0,8.9697846e-07
65,156,2.0,2.4850821e-09
65,156,3.0,0.0
65,156,4.0,2.6082509e-08
65,156,5.0,1.6723867e-08
65,156,6.0,2.4766962e-07
65,156,7.0,1.7477427e-07
65,156,8.0,1.1232933e-07
65,156,9.0,0.0
65,156,10.0,9.71391e-08
65,156,11.0,1.2967222e-06
65,156,12.0,5.012303e-07
65,156,13.0,3.672618e-07
65,156,14.0,6.397414e-07
65,157,0.0,4.295234e-07
65,157,1.0,0.0
65,157,2.0,1.5953618e-09
65,157,3.0,2.2300798e-08
65,157,4.0,7.080518e-10
65,157,5.0,0.0
65,157,6.0,4.24602e-08
65,157,7.0,3.112949e-07
65,157,8.0,1.2385084e-06
65,157,9.0,5.600211e-07
65,157,10.0,1.0417126e-06
65,157,11.0,1.2844744e-07
65,157,12.0,1.2254687e-07
65,157,13.0,3.840834e-07
65,157,14.0,2.0562155e-07
65,158,0.0,2.1021284e-08
65,158,1.0,1.5335523e-07
65,158,2.0,1.471326e-07
65,158,3.0,4.0488126e-07
65,158,4.0,4.6893925e-07
65,158,5.0,1.630129e-08
65,158,6.0,1.8428468e-08
65,158,7.0,6.4660486e-07
65,158,8.0,1.2613879e-06
65,158,9.0,3.1295957e-07
65,158,10.0,9.1205756e-08
65,158,11.0,0.0
65,158,12.0,8.183096e-08
65,158,13.0,1.05038026e-07
65,158,14.0,2.1632938e-07
65,159,0.0,6.033145e-07
65,159,1.0,0.0
65,159,2.0,1.02801415e-07
65,159,3.0,6.535367e-08
65,159,4.0,1.0241828e-07
65,159,5.0,3.7334408e-07
65,159,6.0,1.6092539e-08
65,159,7.0,1.8714676e-08
65,159,8.0,2.8725475e-07
65,159,9.0,3.3429095e-07
65,159,10.0,3.4077072e-08
65,159,11.0,2.8446422e-07
65,159,12.0,1.5187868e-06
65,159,13.0,1.5775553e-06
65,159,14.0,3.150498e-07
65,160,0.0,2.5563878e-07
65,160,1.0,4.7455003e-08
65,160,2.0,3.5386605e-09
65,160,3.0,2.7949715e-08
65,160,4.0,6.83624e-09
65,160,5.0,2.5873118e-10
65,160,6.0,2.4242171e-08
65,160,7.0,2.944874e-12
65,160,8.0,4.809382e-08
65,160,9.0,6.3244585e-07
65,160,10.0,5.4327103e-08
65,160,11.0,2.8671682e-08
65,160,12.0,3.8224604e-07
65,160,13.0,1.3237598e-06
65,160,14.0,7.518027e-07
65,161,0.0,7.711093e-08
65,161,1.0,0.0
65,161,2.0,1.6383528e-10
65,161,3.0,6.331475e-08
65,161,4.0,5.4900873e-08
65,161,5.0,0.0
65,161,6.0,0.0
65,161,7.0,1.3672079e-06
65,161,8.0,5.0456783e-06
65,161,9.0,5.291537e-07
65,161,10.0,4.8084377e-07
65,161,11.0,3.3101355e-06
65,161,12.0,1.9986774e-06
65,161,13.0,6.6815596e-06
65,161,14.0,8.919586e-06
65,162,0.0,3.495721e-08
65,162,1.0,9.109254e-09
65,162,2.0,1.5478024e-09
65,162,3.0,0.0
65,162,4.0,0.0
65,162,5.0,0.0
65,162,6.0,1.9779156e-06
65,162,7.0,8.969286e-06
65,162,8.0,1.6136904e-05
65,162,9.0,1.6971748e-05
65,162,10.0,3.0364072e-05
65,162,11.0,3.8939706e-05
65,162,12.0,3.187135e-05
65,162,13.0,4.24016e-05
65,162,14.0,3.9982686e-05
65,163,0.0,0.0
65,163,1.0,0.0
65,163,2.0,0.0
65,163,3.0,3.9502004e-07
65,163,4.0,4.6555792e-07
65,163,5.0,1.2761664e-06
65,163,6.0,4.3792893e-06
65,163,7.0,3.0779403e-05
65,163,8.0,5.3591008e-05
65,163,9.0,4.859439e-05
65,163,10.0,6.153867e-05
65,163,11.0,6.046393e-05
65,163,12.0,7.3843294e-05
65,163,13.0,8.523041e-05
65,163,14.0,9.043842e-05
65,164,0.0,0.0
65,164,1.0,0.0
65,164,2.0,2.7261673e-09
65,164,3.0,5.6693784e-06
65,164,4.0,1.2674455e-05
65,164,5.0,1.4557321e-05
65,164,6.0,2.6425783e-05
65,164,7.0,3.1022402e-05
65,164,8.0,4.734135e-05
65,164,9.0,5.238847e-05
65,164,10.0,4.8268957e-05
65,164,11.0,5.900283e-05
65,164,12.0,6.509358e-05
65,164,13.0,7.8333665e-05
65,164,14.0,7.776921e-05
65,165,0.0,0.0
65,165,1.0,0.0
65,165,2.0,0.0
65,165,3.0,1.2639461e-07
65,165,4.0,2.3452817e-06
65,165,5.0,1.4606853e-05
65,165,6.0,3.7766196e-05
65,165,7.0,4.0882573e-05
65,165,8.0,5.1843206e-05
65,165,9.0,9.072287e-05
65,165,10.0,7.7071905e-05
65,165,11.0,0.00010693923
65,165,12.0,0.00015845778
65,165,13.0,0.00016228207
65,165,14.0,0.00012958441
65,166,0.0,5.7153757e-11
65,166,1.0,1.431695e-11
65,166,2.0,0.0
65,166,3.0,3.086837e-08
65,166,4.0,5.851143e-06
65,166,5.0,8.736747e-06
65,166,6.0,1.686784e-05
65,166,7.0,2.6025926e-05
65,166,8.0,4.7053498e-05
65,166,9.0,4.7349604e-05
65,166,10.0,6.803693e-05
65,166,11.0,6.400081e-05
65,166,12.0,5.895886e-05
65,166,13.0,3.1417923e-05
65,166,14.0,1.603108e-05
65,167,0.0,4.046848e-09
65,167,1.0,0.0
65,167,2.0,5.7629432e-08
65,167,3.0,3.3117817e-07
65,167,4.0,2.2941038e-06
65,167,5.0,6.2668796e-06
65,167,6.0,1.1867159e-05
65,167,7.0,1.3791863e-05
65,167,8.0,1.1176791e-05
65,167,9.0,1.0488597e-05
65,167,10.0,1.4609181e-05
65,167,11.0,2.2243257e-06
65,167,12.0,1.1727408e-06
65,167,13.0,2.3080709e-06
65,167,14.0,5.0520657e-06
65,168,0.0,6.0767685e-10
65,168,1.0,0.0
65,168,2.0,3.6903187e-09
65,168,3.0,9.9461275e-09
65,168,4.0,3.022618e-07
65,168,5.0,5.946019e-06
65,168,6.0,9.069506e-06
65,168,7.0,5.715591e-06
65,168,8.0,4.1819358e-06
65,168,9.0,2.486905e-06
65,168,10.0,4.4929316e-06
65,168,11.0,2.735222e-07
65,168,12.0,1.1410223e-07
65,168,13.0,5.7344337e-08
65,168,14.0,7.428598e-08
65,169,0.0,5.6706337e-08
65,169,1.0,0.0
65,169,2.0,0.0
65,169,3.0,0.0
65,169,4.0,2.0740163e-08
65,169,5.0,9.208771e-07
65,169,6.0,2.4076705e-06
65,169,7.0,9.0051634e-07
65,169,8.0,4.9901485e-07
65,169,9.0,2.607077e-07
65,169,10.0,4.776438e-07
65,169,11.0,6.062431e-08
65,169,12.0,3.6151874e-08
65,169,13.0,1.9992509e-08
65,169,14.0,2.0742753e-08
65,170,0.0,2.572255e-07
65,170,1.0,4.0853116e-09
65,170,2.0,4.0142583e-09
65,170,3.0,1.0079072e-08
65,170,4.0,3.4164756e-08
65,170,5.0,5.519588e-07
65,170,6.0,5.940774e-07
65,170,7.0,6.6731087e-07
65,170,8.0,1.4439024e-07
65,170,9.0,1.6123555e-07
65,170,10.0,2.5881033e-09
65,170,11.0,1.0265427e-07
65,170,12.0,1.5509968e-07
65,170,13.0,3.3656764e-07
65,170,14.0,2.5214283e-07
65,171,0.0,3.16239e-07
65,171,1.0,1.2734847e-07
65,171,2.0,3.7216978e-08
65,171,3.0,1.766332e-07
65,171,4.0,2.719846e-07
65,171,5.0,3.115774e-07
65,171,6.0,7.914837e-08
65,171,7.0,5.8833e-07
65,171,8.0,2.5998582e-07
65,171,9.0,4.0395136e-07
65,171,10.0,2.7246628e-08
65,171,11.0,7.396891e-08
65,171,12.0,1.1558312e-07
65,171,13.0,4.175115e-07
65,171,14.0,1.8440623e-07
65,172,0.0,1.6937515e-08
65,172,1.0,4.2019906e-08
65,172,2.0,4.9916455e-08
65,172,3.0,1.0453088e-07
65,172,4.0,7.576974e-07
65,172,5.0,5.721753e-07
65,172,6.0,2.8880726e-07
65,172,7.0,1.0423099e-06
65,172,8.0,7.517671e-07
65,172,9.0,7.323174e-07
65,172,10.0,3.4220008e-08
65,172,11.0,2.1896462e-08
65,172,12.0,9.545719e-08
65,172,13.0,2.0346738e-07
65,172,14.0,2.1164497e-07
66,157,0.0,4.800067e-07
66,157,1.0,8.315262e-09
66,157,2.0,3.4605748e-07
66,157,3.0,4.912696e-07
66,157,4.0,1.00539985e-07
66,157,5.0,5.0206886e-08
66,157,6.0,1.2956605e-07
66,157,7.0,2.7701213e-07
66,157,8.0,2.9599403e-07
66,157,9.0,3.6207308e-07
66,157,10.0,1.9097143e-07
66,157,11.0,1.7063241e-08
66,157,12.0,1.5907379e-07
66,157,13.0,6.878104e-07
66,157,14.0,6.1108267e-07
66,158,0.0,1.8868364e-07
66,158,1.0,7.400541e-08
66,158,2.0,2.8092165e-07
66,158,3.0,1.8946864e-09
66,158,4.0,8.115342e-08
66,158,5.0,2.4178428e-07
66,158,6.0,1.06954666e-07
66,158,7.0,3.6116688e-07
66,158,8.0,1.9095225e-07
66,158,9.0,0.0
66,158,10.0,3.0366654e-09
66,158,11.0,3.0648675e-08
66,158,12.0,3.433257e-07
66,158,13.0,2.3525749e-07
66,158,14.0,3.5613851e-07
66,159,0.0,2.0127216e-07
66,159,1.0,3.2204287e-07
66,159,2.0,2.3419817e-07
66,159,3.0,2.9710215e-08
66,159,4.0,2.0256617e-07
66,159,5.0,2.7859033e-07
66,159,6.0,1.5866121e-07
66,159,7.0,1.9967491e-07
66,159,8.0,3.4392127e-07
66,159,9.0,3.1779612e-07
66,159,10.0,2.9014933e-07
66,159,11.0,9.151351e-08
66,159,12.0,1.7376452e-07
66,159,13.0,3.9990874e-07
66,159,14.0,3.4898463e-08
66,160,0.0,6.329235e-07
66,160,1.0,2.7757935e-10
66,160,2.0,1.1741515e-08
66,160,3.0,1.13304594e-07
66,160,4.0,2.187625e-07
66,160,5.0,2.1036216e-07
66,160,6.0,1.5388738e-07
66,160,7.0,8.2860214e-07
66,160,8.0,8.547618e-07
66,160,9.0,3.268145e-08
66,160,10.0,1.4476764e-07
66,160,11.0,1.2022231e-07
66,160,12.0,3.41747e-07
66,160,13.0,1.8242793e-07
66,160,14.0,1.0273851e-07
66,161,0.0,4.4360544e-07
66,161,1.0,7.199048e-08
66,161,2.0,8.2878046e-08
66,161,3.0,0.0
66,161,4.0,2.5781134e-07
66,161,5.0,1.0487042e-06
66,161,6.0,3.4054415e-07
66,161,7.0,6.8354933e-07
66,161,8.0,5.803713e-07
66,161,9.0,3.6757913e-07
66,161,10.0,0.0
66,161,11.0,1.3844391e-09
66,161,12.0,4.961632e-07
66,161,13.0,3.0930218e-07
66,161,14.0,1.546795e-07
66,162,0.0,3.5895589e-09
66,162,1.0,1.4506237e-07
66,162,2.0,1.5592228e-07
66,162,3.0,1.358441e-10
66,162,4.0,2.089972e-07
66,162,5.0,1.1039969e-06
66,162,6.0,6.49196e-08
66,162,7.0,4.1159023e-08
66,162,8.0,1.5458153e-07
66,162,9.0,0.0
66,162,10.0,0.0
66,162,11.0,7.355784e-11
66,162,12.0,2.9860114e-08
66,162,13.0,2.9958528e-07
66,162,14.0,2.923393e-07
66,163,0.0,5.275746e-07
66,163,1.0,2.4283264e-07
66,163,2.0,1.557667e-08
66,163,3.0,1.2122656e-07
66,163,4.0,1.07099325e-08
66,163,5.0,5.2343925e-08
66,163,6.0,6.085799e-07
66,163,7.0,6.5145024e-08
66,163,8.0,0.0
66,163,9.0,0.0
66,163,10.0,4.8100026e-07
66,163,11.0,9.643302e-07
66,163,12.0,4.2675498e-07
66,163,13.0,7.658665e-08
66,163,14.0,6.709356e-08
66,164,0.0,1.0884713e-08
66,164,1.0,5.0043358e-08
66,164,2.0,3.6244234e-08
66,164,3.0,1.38453355e-08
66,164,4.0,7.3566286e-10
66,164,5.0,1.3409939e-08
66,164,6.0,0.0
66,164,7.0,0.0
66,164,8.0,7.712917e-08
66,164,9.0,9.78817e-07
66,164,10.0,1.1186205e-06
66,164,11.0,2.2155546e-06
66,164,12.0,2.4718424e-06
66,164,13.0,6.112878e-06
66,164,14.0,4.8727597e-06
66,165,0.0,0.0
66,165,1.0,1.2340676e-08
66,165,2.0,1.0885332e-07
66,165,3.0,1.2263377e-08
66,165,4.0,1.9761506e-10
66,165,5.0,1.3566124e-09
66,165,6.0,9.051351e-09
66,165,7.0,2.516867e-07
66,165,8.0,4.357767e-06
66,165,9.0,1.6614349e-05
66,165,10.0,2.8869134e-05
66,165,11.0,2.397757e-05
66,165,12.0,1.8316323e-05
66,165,13.0,1.3443469e-05
66,165,14.0,6.431293e-06
66,166,0.0,0.0
66,166,1.0,0.0
66,166,2.0,1.674179e-11
66,166,3.0,0.0
66,166,4.0,6.5013372e-09
66,166,5.0,1.6777216e-07
66,166,6.0,4.7067118e-07
66,166,7.0,1.0924674e-06
66,166,8.0,3.767972e-06
66,166,9.0,1.234476e-05
66,166,10.0,2.0890773e-05
66,166,11.0,2.5140178e-05
66,166,12.0,1.9948096e-05
66,166,13.0,8.333986e-06
66,166,14.0,3.5878832e-06
66,167,0.0,6.6827127e-10
66,167,1.0,0.0
66,167,2.0,1.4908816e-08
66,167,3.0,3.3323508e-07
66,167,4.0,2.2590123e-06
66,167,5.0,5.4943735e-06
66,167,6.0,1.2431908e-05
66,167,7.0,6.442585e-06
66,167,8.0,5.3679732e-06
66,167,9.0,8.559294e-06
66,167,10.0,9.424025e-06
66,167,11.0,1.5966514e-05
66,167,12.0,2.0379795e-05
66,167,13.0,2.7752214e-05
66,167,14.0,3.0426307e-05
66,168,0.0,4.939182e-09
66,168,1.0,4.8744973e-09
66,168,2.0,5.21877e-08
66,168,3.0,1.149919e-09
66,168,4.0,4.3906134e-08
66,168,5.0,6.9556074e-07
66,168,6.0,9.2750446e-07
66,168,7.0,5.835739e-07
66,168,8.0,4.6333744e-07
66,168,9.0,5.4134983e-07
66,168,10.0,1.5495228e-06
66,168,11.0,4.053094e-06
66,168,12.0,5.9244426e-06
66,168,13.0,6.024633e-06
66,168,14.0,3.7506318e-06
66,169,0.0,2.427568e-07
66,169,1.0,9.337747e-09
66,169,2.0,3.3251627e-08
66,169,3.0,2.3215108e-07
66,169,4.0,1.4454493e-07
66,169,5.0,5.406401e-08
66,169,6.0,1.2493857e-07
66,169,7.0,1.6157787e-07
66,169,8.0,9.649464e-08
66,169,9.0,1.588046e-07
66,169,10.0,2.2343497e-07
66,169,11.0,5.5872226e-07
66,169,12.0,4.872148e-07
66,169,13.0,3.991382e-07
66,169,14.0,2.0088198e-07
66,170,0.0,3.346697e-07
66,170,1.0,1.2249141e-07
66,170,2.0,1.4685823e-07
66,170,3.0,4.751018e-07
66,170,4.0,3.5796072e-07
66,170,5.0,2.1761582e-07
66,170,6.0,1.6251474e-07
66,170,7.0,1.2048625e-07
66,170,8.0,8.433437e-08
66,170,9.0,2.1332436e-07
66,170,10.0,3.0330963e-07
66,170,11.0,2.2187538e-07
66,170,12.0,1.05571e-07
66,170,13.0,2.7767348e-07
66,170,14.0,1.3653343e-07
66,171,0.0,1.7257973e-07
66,171,1.0,1.3604772e-07
66,171,2.0,3.649773e-07
66,171,3.0,7.47962e-07
66,171,4.0,1.6909996e-07
66,171,5.0,5.8081767e-08
66,171,6.0,5.1451224e-08
66,171,7.0,4.4348543e-08
66,171,8.0,4.2618197e-08
66,171,9.0,2.3307123e-07
66,171,10.0,1.2893233e-07
66,171,11.0,9.354244e-13
66,171,12.0,3.8880774e-10
66,171,13.0,5.494639e-08
66,171,14.0,4.0865226e-07
66,172,0.0,1.492375e-07
66,172,1.0,8.5592305e-08
66,172,2.0,3.925677e-07
66,172,3.0,1.495001e-06
66,172,4.0,2.7971402e-07
66,172,5.0,1.031365e-07
66,172,6.0,4.399637e-07
66,172,7.0,6.056252e-07
66,172,8.0,2.6980246e-07
66,172,9.0,2.9504636e-07
66,172,10.0,2.7523903e-09
66,172,11.0,1.4939943e-07
66,172,12.0,4.2788227e-07
66,172,13.0,2.630735e-07
66,172,14.0,9.0035236e-08
67,160,0.0,4.9433318e-08
67,160,1.0,7.1407463e-10
67,160,2.0,4.8320086e-08
67,160,3.0,3.4649057e-07
67,160,4.0,2.3870646e-07
67,160,5.0,1.3066096e-07
67,160,6.0,4.5964768e-07
67,160,7.0,2.9835414e-07
67,160,8.0,1.14784676e-07
67,160,9.0,2.2473345e-07
67,160,10.0,8.1239495e-09
67,160,11.0,1.0251943e-09
67,160,12.0,5.1559976e-08
67,160,13.0,2.0624274e-08
67,160,14.0,4.337277e-08
67,161,0.0,1.9045116e-07
67,161,1.0,2.158898e-07
67,161,2.0,1.8641283e-07
67,161,3.0,0.0
67,161,4.0,1.686361e-07
67,161,5.0,6.2866485e-07
67,161,6.0,3.1347875e-07
67,161,7.0,1.3901979e-07
67,161,8.0,6.1242074e-09
67,161,9.0,0.0
67,161,10.0,1.1509534e-07
67,161,11.0,3.3397552e-07
67,161,12.0,6.286646e-08
67,161,13.0,1.9946432e-07
67,161,14.0,7.772257e-07
67,162,0.0,2.8866026e-07
67,162,1.0,1.4162491e-07
67,162,2.0,2.995302e-07
67,162,3.0,5.5132375e-08
67,162,4.0,7.760243e-08
67,162,5.0,2.659401e-07
67,162,6.0,1.7887679e-07
67,162,7.0,5.685567e-07
67,162,8.0,1.9668488e-07
67,162,9.0,1.2831617e-07
67,162,10.0,3.0107756e-07
67,162,11.0,3.977722e-07
67,162,12.0,8.855199e-07
67,162,13.0,1.4218232e-06
67,162,14.0,9.368342e-07
67,163,0.0,4.706367e-07
67,163,1.0,2.7158697e-07
67,163,2.0,4.1539137e-09
67,163,3.0,1.3631116e-09
67,163,4.0,1.561955e-07
67,163,5.0,7.23161e-08
67,163,6.0,3.855101e-08
67,163,7.0,0.0
67,163,8.0,0.0
67,163,9.0,5.669928e-08
67,163,10.0,1.0556851e-07
67,163,11.0,1.2572913e-08
67,163,12.0,2.6185802e-07
67,163,13.0,9.0406576e-07
67,163,14.0,2.2763379e-07
67,164,0.0,5.6526027e-08
67,164,1.0,1.4482106e-07
67,164,2.0,1.2598215e-07
67,164,3.0,1.948799e-07
67,164,4.0,7.198515e-08
67,164,5.0,3.4305424e-07
67,164,6.0,1.9666066e-07
67,164,7.0,6.6515926e-09
67,164,8.0,1.1444288e-09
67,164,9.0,6.8162734e-08
67,164,10.0,1.0520882e-06
67,164,11.0,1.1834552e-06
67,164,12.0,4.0356196e-07
67,164,13.0,1.08308356e-07
67,164,14.0,1.16663825e-08
67,165,0.0,3.2058345e-08
67,165,1.0,4.1787465e-07
67,165,2.0,2.1900608e-07
67,165,3.0,1.605523e-07
67,165,4.0,5.3726392e-08
67,165,5.0,3.6802675e-07
67,165,6.0,1.1113449e-07
67,165,7.0,5.7691735e-10
67,165,8.0,4.7333515e-08
67,165,9.0,9.266962e-08
67,165,10.0,2.1820542e-08
67,165,11.0,1.7914746e-07
67,165,12.0,2.823458e-07
67,165,13.0,1.6330735e-07
67,165,14.0,4.1324665e-08
67,166,0.0,3.3637093e-07
67,166,1.0,2.954838e-10
67,166,2.0,1.3131032e-10
67,166,3.0,3.189512e-09
67,166,4.0,3.9466994e-07
67,166,5.0,7.308301e-07
67,166,6.0,1.5368184e-07
67,166,7.0,1.9898071e-07
67,166,8.0,1.2095343e-07
67,166,9.0,3.9205423e-07
67,166,10.0,6.242986e-07
67,166,11.0,4.417582e-08
67,166,12.0,2.4992847e-08
67,166,13.0,5.9584476e-08
67,166,14.0,6.207637e-08
67,167,0.0,1.1197382e-07
67,167,1.0,1.3159975e-07
67,167,2.0,4.1210253e-08
67,167,3.0,8.154059e-08
67,167,4.0,3.5889335e-07
67,167,5.0,4.950594e-07
67,167,6.0,9.7229794e-08
67,167,7.0,2.6300503e-08
67,167,8.0,4.2523944e-09
67,167,9.0,5.696231e-08
67,167,10.0,3.180875e-07
67,167,11.0,1.162819e-07
67,167,12.0,1.7053642e-07
67,167,13.0,2.9340447e-07
67,167,14.0,4.646878e-07
67,168,0.0,1.5454889e-07
67,168,1.0,1.6073518e-07
67,168,2.0,2.4789253e-07
67,168,3.0,1.0510308e-07
67,168,4.0,1.7211909e-07
67,168,5.0,2.2072403e-08
67,168,6.0,1.3904284e-07
67,168,7.0,1.1019225e-08
67,168,8.0,6.186273e-08
67,168,9.0,7.26613e-07
67,168,10.0,8.1226545e-07
67,168,11.0,2.2628159e-07
67,168,12.0,3.4411548e-07
67,168,13.0,2.5464178e-07
67,168,14.0,4.1092727e-07
67,169,0.0,0.0
67,169,1.0,3.262862e-07
67,169,2.0,2.2432937e-08
67,169,3.0,2.8841696e-09
67,169,4.0,8.291804e-11
67,169,5.0,3.5590044e-09
67,169,6.0,5.7789336e-08
67,169,7.0,3.0249953e-07
67,169,8.0,1.0672293e-07
67,169,9.0,1.4384032e-08
67,169,10.0,9.477255e-10
67,169,11.0,1.7155598e-08
67,169,12.0,1.0782376e-07
67,169,13.0,1.6876669e-08
67,169,14.0,6.733279e-10
67,170,0.0,7.178279e-08
67,170,1.0,4.5505274e-07
67,170,2.0,8.289317e-09
67,170,3.0,0.0
67,170,4.0,8.226672e-08
67,170,5.0,3.8658627e-08
67,170,6.0,2.0708383e-07
67,170,7.0,3.8943966e-07
67,170,8.0,5.288419e-08
67,170,9.0,1.425876e-10
67,170,10.0,0.0
67,170,11.0,6.379109e-08
67,170,12.0,1.778761e-07
67,170,13.0,6.9226864e-08
67,170,14.0,1.4486915e-07
67,171,0.0,5.7978568e-08
67,171,1.0,3.3478813e-07
67,171,2.0,4.9924093e-08
67,171,3.0,0.0
67,171,4.0,1.0984332e-07
67,171,5.0,2.3418983e-07
67,171,6.0,2.2546442e-07
67,171,7.0,2.246634e-07
67,171,8.0,1.233607e-07
67,171,9.0,4.70349e-08
67,171,10.0,8.302363e-08
67,171,11.0,3.109687e-07
67,171,12.0,1.1289124e-07
67,171,13.0,2.354647e-07
67,171,14.0,5.2741194e-07
67,172,0.0,1.354038e-07
67,172,1.0,4.0985746e-08
67,172,2.0,2.8601048e-07
67,172,3.0,0.0
67,172,4.0,4.9465905e-07
67,172,5.0,3.9292098e-07
67,172,6.0,3.256486e-07
67,172,7.0,2.3711826e-07
67,172,8.0,8.5945246e-08
67,172,9.0,6.914753e-08
67,172,10.0,3.8073143e-08
67,172,11.0,8.780721e-09
67,172,12.0,9.560978e-08
67,172,13.0,7.4652526e-08
67,172,14.0,5.114449e-08
68,163,0.0,5.8333725e-08
68,163,1.0,1.04207025e-07
68,163,2.0,4.4295476e-07
68,163,3.0,1.184149e-06
68,163,4.0,1.1940384e-07
68,163,5.0,3.1934484e-08
68,163,6.0,2.2054753e-07
68,163,7.0,2.5284088e-08
68,163,8.0,1.3319675e-07
68,163,9.0,2.482239e-07
68,163,10.0,1.0638405e-07
68,163,11.0,2.3101505e-07
68,163,12.0,6.02946e-07
68,163,13.0,1.9529027e-07
68,163,14.0,1.8087677e-07
68,164,0.0,2.7766765e-07
68,164,1.0,2.4106504e-07
68,164,2.0,3.938665e-07
68,164,3.0,6.996366e-07
68,164,4.0,2.3449977e-07
68,164,5.0,1.9063818e-07
68,164,6.0,8.287964e-08
68,164,7.0,8.411972e-08
68,164,8.0,1.1973943e-07
68,164,9.0,5.7366492e-08
68,164,10.0,1.5997757e-07
68,164,11.0,6.272413e-08
68,164,12.0,2.3923704e-07
68,164,13.0,2.9610823e-07
68,164,14.0,1.847932e-07
68,165,0.0,2.4636614e-07
68,165,1.0,1.4260351e-07
68,165,2.0,9.21157e-08
68,165,3.0,1.6393724e-08
68,165,4.0,2.610378e-07
68,165,5.0,2.3966672e-07
68,165,6.0,1.6056373e-07
68,165,7.0,9.090882e-08
68,165,8.0,9.102955e-08
68,165,9.0,3.2156706e-07
68,165,10.0,9.580383e-07
68,165,11.0,5.8374764e-07
68,165,12.0,6.089817e-07
68,165,13.0,1.4452512e-07
68,165,14.0,7.1051524e-08
68,166,0.0,1.8258139e-07
68,166,1.0,1.7353779e-07
68,166,2.0,4.163202e-07
68,166,3.0,7.2747997e-07
68,166,4.0,3.7389663e-07
68,166,5.0,1.4568289e-07
68,166,6.0,3.3282328e-07
68,166,7.0,3.335986e-07
68,166,8.0,9.425314e-08
68,166,9.0,3.9466994e-07
68,166,10.0,1.144595e-06
68,166,11.0,1.3895789e-06
68,166,12.0,3.7968564e-07
68,166,13.0,1.09359995e-07
68,166,14.0,1.2137893e-07
68,167,0.0,7.702482e-08
68,167,1.0,4.549184e-08
68,167,2.0,2.053207e-07
68,167,3.0,1.0532942e-07
68,167,4.0,1.1932104e-07
68,167,5.0,4.588768e-07
68,167,6.0,1.2696061e-07
68,167,7.0,4.499418e-10
68,167,8.0,1.6979223e-07
68,167,9.0,3.3438693e-07
68,167,10.0,5.0450325e-08
68,167,11.0,3.4992212e-07
68,167,12.0,2.470038e-07
68,167,13.0,7.711296e-08
68,167,14.0,1.01720296e-07
68,168,0.0,3.20283e-07
68,168,1.0,1.0972599e-06
68,168,2.0,1.2161303e-10
68,168,3.0,1.2013848e-07
68,168,4.0,3.4227273e-07
68,168,5.0,6.6742416e-07
68,168,6.0,1.5612335e-07
68,168,7.0,7.306495e-10
68,168,8.0,3.8213592e-08
68,168,9.0,1.9985366e-07
68,168,10.0,3.0041585e-09
68,168,11.0,1.0318229e-08
68,168,12.0,1.4292414e-07
68,168,13.0,2.0206157e-07
68,168,14.0,3.637552e-07
68,169,0.0,3.2233936e-07
68,169,1.0,0.0
68,169,2.0,1.4148654e-07
68,169,3.0,2.269555e-07
68,169,4.0,3.556716e-07
68,169,5.0,1.1671721e-07
68,169,6.0,1.6299066e-07
68,169,7.0,5.422386e-08
68,169,8.0,4.6227362e-07
68,169,9.0,8.057857e-07
68,169,10.0,8.811093e-08
68,169,11.0,3.3757376e-12
68,169,12.0,2.7999216e-09
68,169,13.0,2.6381167e-08
68,169,14.0,1.1788321e-07
68,170,0.0,2.7656793e-07
68,170,1.0,4.297077e-09
68,170,2.0,1.8935792e-07
68,170,3.0,6.251748e-10
68,170,4.0,1.5092162e-07
68,170,5.0,2.4237872e-08
68,170,6.0,2.748594e-07
68,170,7.0,5.9469283e-08
68,170,8.0,1.5834394e-07
68,170,9.0,1.4100218e-07
68,170,10.0,8.827459e-08
68,170,11.0,8.568886e-08
68,170,12.0,7.563958e-08
68,170,13.0,6.42414e-08
68,170,14.0,1.3437473e-07
68,171,0.0,3.4493866e-07
68,171,1.0,2.5142552e-07
68,171,2.0,5.9171473e-08
68,171,3.0,2.5127302e-09
68,171,4.0,1.13292884e-07
68,171,5.0,1.3293452e-07
68,171,6.0,4.5181847e-07
68,171,7.0,1.0121456e-07
68,171,8.0,2.2897994e-07
68,171,9.0,2.5471667e-07
68,171,10.0,2.9415511e-07
68,171,11.0,7.286662e-08
68,171,12.0,6.514367e-08
68,171,13.0,3.830709e-08
68,171,14.0,9.151635e-08
68,172,0.0,3.577326e-07
68,172,1.0,5.41884e-08
68,172,2.0,6.124999e-08
68,172,3.0,1.7457564e-08
68,172,4.0,5.8823204e-08
68,172,5.0,3.0835686e-08
68,172,6.0,8.9369415e-08
68,172,7.0,3.0379635e-08
68,172,8.0,1.9101073e-07
68,172,9.0,1.4103519e-07
68,172,10.0,3.9415784e-08
68,172,11.0,6.394216e-08
68,172,12.0,2.9194067e-07
68,172,13.0,9.2801585e-08
68,172,14.0,1.3108902e-07
69,166,0.0,2.6867509e-08
69,166,1.0,2.0263452e-07
69,166,2.0,9.346609e-08
69,166,3.0,3.024376e-08
69,166,4.0,4.2426173e-08
69,166,5.0,3.748204e-08
69,166,6.0,8.3690956e-08
69,166,7.0,1.1233516e-07
69,166,8.0,2.5779804e-07
69,166,9.0,8.836293e-07
69,166,10.0,3.7884655e-07
69,166,11.0,2.711209e-07
69,166,12.0,2.3808701e-07
69,166,13.0,4.7431353e-08
69,166,14.0,1.520029e-07
69,167,0.0,2.0276273e-07
69,167,1.0,3.1038832e-07
69,167,2.0,4.2798723e-07
69,167,3.0,1.9915811e-07
69,167,4.0,1.5471694e-07
69,167,5.0,5.2276597e-08
69,167,6.0,9.609406e-09
69,167,7.0,1.1930646e-08
69,167,8.0,5.161421e-08
69,167,9.0,7.91257e-08
69,167,10.0,3.141587e-08
69,167,11.0,1.9927468e-08
69,167,12.0,1.5588064e-07
69,167,13.0,2.8225983e-07
69,167,14.0,5.4569705e-07
69,168,0.0,3.8508708e-07
69,168,1.0,1.4798937e-09
69,168,2.0,2.2614175e-08
69,168,3.0,2.5320918e-07
69,168,4.0,4.299119e-07
69,168,5.0,6.362192e-08
69,168,6.0,1.3915314e-08
69,168,7.0,5.4639497e-09
69,168,8.0,6.4481085e-08
69,168,9.0,1.1084587e-08
69,168,10.0,3.7774768e-08
69,168,11.0,4.562861e-08
69,168,12.0,8.9060244e-08
69,168,13.0,8.979224e-08
69,168,14.0,5.370556e-07
69,169,0.0,3.4356788e-07
69,169,1.0,4.698042e-09
69,169,2.0,3.2911345e-09
69,169,3.0,1.662686e-08
69,169,4.0,1.4504403e-07
69,169,5.0,2.0666015e-08
69,169,6.0,8.988924e-09
69,169,7.0,2.6363509e-08
69,169,8.0,5.0708894e-07
69,169,9.0,6.715653e-08
69,169,10.0,2.3744104e-09
69,169,11.0,4.705805e-08
69,169,12.0,2.065181e-07
69,169,13.0,2.5366816e-07
69,169,14.0,6.6740563e-07
69,170,0.0,4.5170054e-08
69,170,1.0,4.363196e-07
69,170,2.0,1.7205625e-08
69,170,3.0,1.0715453e-09
69,170,4.0,6.965286e-08
69,170,5.0,7.240069e-08
69,170,6.0,5.711976e-08
69,170,7.0,5.471752e-09
69,170,8.0,7.903762e-08
69,170,9.0,2.6653833e-08
69,170,10.0,1.4206617e-07
69,170,11.0,3.3378376e-07
69,170,12.0,2.8329984e-07
69,170,13.0,1.3337898e-07
69,170,14.0,1.3252921e-07
69,171,0.0,8.923411e-09
69,171,1.0,6.7287016e-07
69,171,2.0,1.6888985e-07
69,171,3.0,9.108116e-09
69,171,4.0,1.8055329e-07
69,171,5.0,3.148942e-07
69,171,6.0,3.377971e-07
69,171,7.0,5.1824482e-08
69,171,8.0,5.7823367e-08
69,171,9.0,8.972642e-09
69,171,10.0,1.6946488e-07
69,171,11.0,1.4835815e-07
69,171,12.0,1.17415105e-07
69,171,13.0,5.0731572e-08
69,171,14.0,8.341124e-08
69,172,0.0,4.8584557e-08
69,172,1.0,3.6067772e-07
69,172,2.0,1.619174e-07
69,172,3.0,3.3520106e-08
69,172,4.0,2.5747727e-07
69,172,5.0,1.4933401e-07
69,172,6.0,8.834653e-08
69,172,7.0,9.530565e-09
69,172,8.0,8.716322e-09
69,172,9.0,1.2137886e-08
69,172,10.0,2.0926954e-07
69,172,11.0,4.831601e-07
69,172,12.0,2.3359469e-07
69,172,13.0,9.7739644e-08
69,172,14.0,2.4162986e-07
70,168,0.0,6.326083e-08
70,168,1.0,3.1694455e-07
70,168,2.0,4.904022e-07
70,168,3.0,2.2766145e-07
70,168,4.0,5.9312352e-08
70,168,5.0,1.8261865e-07
70,168,6.0,2.0820188e-07
70,168,7.0,1.5760094e-07
70,168,8.0,1.8618539e-07
70,168,9.0,2.386209e-07
70,168,10.0,4.838256e-08
70,168,11.0,5.0833922e-08
70,168,12.0,1.1979646e-11
70,168,13.0,6.8206085e-10
70,168,14.0,5.5374723e-08
70,169,0.0,1.0078643e-07
70,169,1.0,2.9391686e-07
70,169,2.0,4.8282327e-08
70,169,3.0,4.9616084e-08
70,169,4.0,9.822929e-08
70,169,5.0,2.7512803e-07
70,169,6.0,2.345384e-07
70,169,7.0,1.5890187e-07
70,169,8.0,2.9945798e-07
70,169,9.0,4.4625872e-07
70,169,10.0,1.8270235e-08
70,169,11.0,5.5294272e-08
70,169,12.0,1.6735258e-07
70,169,13.0,1.08183286e-07
70,169,14.0,8.4185686e-08
70,170,0.0,7.105105e-08
70,170,1.0,2.974552e-07
70,170,2.0,3.3345273e-08
70,170,3.0,8.7786404e-08
70,170,4.0,2.5695618e-07
70,170,5.0,5.782758e-07
70,170,6.0,5.1580673e-07
70,170,7.0,8.360601e-08
70,170,8.0,1.6979563e-07
70,170,9.0,6.394007e-07
70,170,10.0,9.337081e-08
70,170,11.0,1.1034595e-07
70,170,12.0,3.0516318e-07
70,170,13.0,1.4209104e-07
70,170,14.0,4.402817e-08
70,171,0.0,3.9816083e-08
70,171,1.0,2.2155525e-07
70,171,2.0,1.3494329e-07
70,171,3.0,2.6935209e-07
70,171,4.0,2.9450123e-07
70,171,5.0,5.7510147e-07
70,171,6.0,8.1001065e-07
70,171,7.0,1.6985827e-07
70,171,8.0,1.1653753e-07
70,171,9.0,1.8312494e-07
70,171,10.0,1.09581055e-08
70,171,11.0,4.39223e-08
70,171,12.0,1.6405033e-07
70,171,13.0,6.018333e-08
70,171,14.0,3.2430638e-08
70,172,0.0,3.592134e-08
70,172,1.0,1.3215273e-07
70,172,2.0,3.085828e-07
70,172,3.0,4.4211708e-07
70,172,4.0,9.421042e-08
70,172,5.0,1.2148921e-07
70,172,6.0,1.8723783e-07
70,172,7.0,5.6705534e-09
70,172,8.0,1.3039484e-08
70,172,9.0,2.1438537e-07
70,172,10.0,3.846744e-08
70,172,11.0,8.52825e-08
70,172,12.0,3.737185e-07
70,172,13.0,1.0609201e-07
70,172,14.0,1.1568928e-07
71,172,0.0,1.4263752e-07
71,172,1.0,6.541422e-07
71,172,2.0,2.4221904e-07
71,172,3.0,6.929482e-09
71,172,4.0,2.651274e-07
71,172,5.0,5.209663e-07
71,172,6.0,7.3046486e-08
71,172,7.0,1.5401524e-07
71,172,8.0,9.260569e-08
71,172,9.0,1.6251639e-07
71,172,10.0,3.075406e-07
71,172,11.0,1.7626265e-07
71,172,12.0,1.9591384e-07
71,172,13.0,1.2112929e-06
71,172,14.0,2.1356006e-07
