Z_physical,A_physical,E_physical,Yield_pred
23,66,0.0,1.8698936e-08
23,66,1.0,0.0
23,66,2.0,0.0
23,66,3.0,0.0
23,66,4.0,0.0
23,66,5.0,0.0
23,66,6.0,0.0
23,66,7.0,1.1056594e-10
23,66,8.0,1.1905505e-08
23,66,9.0,8.531334e-08
23,66,10.0,2.1993712e-07
23,66,11.0,1.0039433e-06
23,66,12.0,1.9632841e-06
23,66,13.0,4.5243274e-07
23,66,14.0,2.8943052e-07
24,66,0.0,1.8988217e-11
24,66,1.0,0.0
24,66,2.0,1.8321118e-07
24,66,3.0,2.0115458e-06
24,66,4.0,1.4569617e-06
24,66,5.0,1.601967e-07
24,66,6.0,4.173023e-10
24,66,7.0,0.0
24,66,8.0,0.0
24,66,9.0,0.0
24,66,10.0,0.0
24,66,11.0,0.0
24,66,12.0,1.2924681e-07
24,66,13.0,7.255378e-07
24,66,14.0,2.4294991e-08
24,67,0.0,2.2440558e-07
24,67,1.0,2.8789275e-06
24,67,2.0,8.272122e-06
24,67,3.0,7.383089e-06
24,67,4.0,6.182734e-06
24,67,5.0,4.3261334e-06
24,67,6.0,1.9255547e-06
24,67,7.0,9.3056246e-07
24,67,8.0,1.9758114e-07
24,67,9.0,1.0617682e-07
24,67,10.0,1.2955644e-06
24,67,11.0,4.565233e-06
24,67,12.0,6.1350547e-06
24,67,13.0,3.4850036e-06
24,67,14.0,8.731088e-07
24,68,0.0,0.0
24,68,1.0,0.0
24,68,2.0,0.0
24,68,3.0,0.0
24,68,4.0,0.0
24,68,5.0,0.0
24,68,6.0,1.2284016e-07
24,68,7.0,1.514475e-07
24,68,8.0,1.8239053e-08
24,68,9.0,0.0
24,68,10.0,4.236023e-08
24,68,11.0,8.696314e-09
24,68,12.0,0.0
24,68,13.0,0.0
24,68,14.0,0.0
24,69,0.0,1.5703309e-08
24,69,1.0,4.214914e-07
24,69,2.0,0.0
24,69,3.0,2.1524544e-08
24,69,4.0,4.7672537e-09
24,69,5.0,7.821223e-07
24,69,6.0,3.430088e-07
24,69,7.0,1.733284e-07
24,69,8.0,1.5370726e-06
24,69,9.0,2.3469807e-08
24,69,10.0,1.8103857e-06
24,69,11.0,7.5582153e-07
24,69,12.0,0.0
24,69,13.0,5.7540456e-07
24,69,14.0,1.4862371e-08
24,70,0.0,2.6626654e-07
24,70,1.0,2.5085558e-06
24,70,2.0,3.3280245e-10
24,70,3.0,3.2638715e-07
24,70,4.0,7.5653595e-08
24,70,5.0,1.7157316e-08
24,70,6.0,8.209509e-08
24,70,7.0,4.7499444e-07
24,70,8.0,0.0
24,70,9.0,0.0
24,70,10.0,0.0
24,70,11.0,0.0
24,70,12.0,0.0
24,70,13.0,0.0
24,70,14.0,0.0
25,66,0.0,0.0
25,66,1.0,3.568193e-08
25,66,2.0,6.707636e-07
25,66,3.0,1.7750037e-07
25,66,4.0,5.6707637e-07
25,66,5.0,1.4221018e-07
25,66,6.0,1.8601828e-07
25,66,7.0,0.0
25,66,8.0,0.0
25,66,9.0,1.2240312e-07
25,66,10.0,9.452969e-07
25,66,11.0,0.0
25,66,12.0,0.0
25,66,13.0,7.569726e-06
25,66,14.0,2.817918e-06
25,67,0.0,1.6779315e-07
25,67,1.0,5.759605e-07
25,67,2.0,1.0041288e-06
25,67,3.0,2.0827558e-06
25,67,4.0,1.2682939e-06
25,67,5.0,1.0760368e-06
25,67,6.0,3.0780842e-07
25,67,7.0,3.9938865e-08
25,67,8.0,1.783858e-08
25,67,9.0,3.4609304e-08
25,67,10.0,2.9730664e-08
25,67,11.0,0.0
25,67,12.0,4.129601e-07
25,67,13.0,0.0
25,67,14.0,2.6300037e-07
25,68,0.0,3.2838592e-08
25,68,1.0,2.6023067e-06
25,68,2.0,3.6540894e-06
25,68,3.0,1.3157392e-06
25,68,4.0,1.2054284e-06
25,68,5.0,3.1742838e-06
25,68,6.0,3.3153547e-06
25,68,7.0,3.3943406e-06
25,68,8.0,2.3862324e-06
25,68,9.0,4.3142218e-06
25,68,10.0,4.2750794e-06
25,68,11.0,2.4950374e-05
25,68,12.0,6.3837325e-07
25,68,13.0,6.398703e-08
25,68,14.0,2.5739096e-08
25,69,0.0,0.0
25,69,1.0,0.0
25,69,2.0,0.0
25,69,3.0,5.3303813e-07
25,69,4.0,2.5021595e-07
25,69,5.0,0.0
25,69,6.0,0.0
25,69,7.0,0.0
25,69,8.0,3.2515774e-07
25,69,9.0,0.0
25,69,10.0,0.0
25,69,11.0,0.0
25,69,12.0,0.0
25,69,13.0,0.0
25,69,14.0,0.0
25,70,0.0,0.0
25,70,1.0,8.821762e-08
25,70,2.0,6.054807e-08
25,70,3.0,5.2465776e-10
25,70,4.0,1.3202713e-09
25,70,5.0,2.9703674e-08
25,70,6.0,0.0
25,70,7.0,0.0
25,70,8.0,2.9115519e-08
25,70,9.0,9.4268145e-08
25,70,10.0,7.068247e-06
25,70,11.0,3.0053875e-06
25,70,12.0,7.938217e-06
25,70,13.0,2.0818882e-06
25,70,14.0,2.2797498e-07
25,71,0.0,2.8338366e-07
25,71,1.0,0.0
25,71,2.0,0.0
25,71,3.0,0.0
25,71,4.0,0.0
25,71,5.0,9.978016e-09
25,71,6.0,8.8101626e-10
25,71,7.0,4.1404996e-07
25,71,8.0,1.4050642e-06
25,71,9.0,2.916735e-06
25,71,10.0,7.799793e-07
25,71,11.0,3.8750463e-07
25,71,12.0,1.3658118e-07
25,71,13.0,7.3071647e-07
25,71,14.0,2.6974067e-06
25,72,0.0,1.563936e-07
25,72,1.0,1.7121284e-08
25,72,2.0,0.0
25,72,3.0,0.0
25,72,4.0,0.0
25,72,5.0,0.0
25,72,6.0,5.764324e-07
25,72,7.0,5.380832e-07
25,72,8.0,0.0
25,72,9.0,4.5407035e-08
25,72,10.0,0.0
25,72,11.0,0.0
25,72,12.0,0.0
25,72,13.0,0.0
25,72,14.0,0.0
25,73,0.0,0.0
25,73,1.0,0.0
25,73,2.0,1.6467704e-09
25,73,3.0,0.0
25,73,4.0,0.0
25,73,5.0,0.0
25,73,6.0,0.0
25,73,7.0,4.4001715e-07
25,73,8.0,1.1159572e-08
25,73,9.0,0.0
25,73,10.0,0.0
25,73,11.0,3.2809235e-06
25,73,12.0,1.22536785e-05
25,73,13.0,8.0030844e-07
25,73,14.0,0.0
26,66,0.0,0.0
26,66,1.0,1.65427e-08
26,66,2.0,0.0
26,66,3.0,0.0
26,66,4.0,9.134812e-09
26,66,5.0,7.7876683e-07
26,66,6.0,1.4886544e-06
26,66,7.0,2.8959319e-06
26,66,8.0,2.5490813e-06
26,66,9.0,2.870899e-06
26,66,10.0,1.6493534e-05
26,66,11.0,6.150194e-05
26,66,12.0,1.7001512e-05
26,66,13.0,8.9015344e-07
26,66,14.0,6.678226e-06
26,67,0.0,9.851944e-07
26,67,1.0,6.2806055e-07
26,67,2.0,7.0623923e-06
26,67,3.0,8.266778e-07
26,67,4.0,9.005821e-08
26,67,5.0,2.6641055e-07
26,67,6.0,5.2846997e-07
26,67,7.0,4.222836e-07
26,67,8.0,6.9950175e-08
26,67,9.0,2.1467663e-06
26,67,10.0,5.783038e-06
26,67,11.0,1.3757532e-05
26,67,12.0,5.3961426e-06
26,67,13.0,6.8871095e-06
26,67,14.0,8.787907e-06
26,68,0.0,2.350808e-06
26,68,1.0,1.722139e-06
26,68,2.0,3.9058314e-06
26,68,3.0,1.1792573e-05
26,68,4.0,1.3627054e-05
26,68,5.0,9.857679e-06
26,68,6.0,5.776156e-06
26,68,7.0,8.31417e-06
26,68,8.0,7.5073926e-06
26,68,9.0,4.538298e-06
26,68,10.0,2.1949245e-06
26,68,11.0,2.5414888e-08
26,68,12.0,0.0
26,68,13.0,0.0
26,68,14.0,0.0
26,69,0.0,0.0
26,69,1.0,1.2240521e-06
26,69,2.0,1.3035688e-05
26,69,3.0,2.1345335e-05
26,69,4.0,1.5879841e-05
26,69,5.0,1.006767e-05
26,69,6.0,8.696884e-06
26,69,7.0,4.7277395e-06
26,69,8.0,1.45347e-06
26,69,9.0,5.3596676e-07
26,69,10.0,0.0
26,69,11.0,0.0
26,69,12.0,0.0
26,69,13.0,0.0
26,69,14.0,0.0
26,70,0.0,1.5878201e-06
26,70,1.0,3.952135e-07
26,70,2.0,3.6917544e-07
26,70,3.0,1.794693e-07
26,70,4.0,2.8049208e-06
26,70,5.0,6.3828575e-06
26,70,6.0,3.4325017e-06
26,70,7.0,1.3171925e-05
26,70,8.0,6.3223365e-06
26,70,9.0,0.0
26,70,10.0,2.800115e-07
26,70,11.0,4.2229763e-06
26,70,12.0,1.6568288e-06
26,70,13.0,1.6532406e-06
26,70,14.0,1.6312174e-07
26,71,0.0,1.5596949e-09
26,71,1.0,0.0
26,71,2.0,1.8316975e-08
26,71,3.0,5.7077894e-09
26,71,4.0,6.1981655e-07
26,71,5.0,2.9440482e-06
26,71,6.0,0.0
26,71,7.0,4.645994e-08
26,71,8.0,0.0
26,71,9.0,0.0
26,71,10.0,0.0
26,71,11.0,0.0
26,71,12.0,0.0
26,71,13.0,2.1785115e-06
26,71,14.0,3.1499806e-06
26,72,0.0,0.0
26,72,1.0,0.0
26,72,2.0,2.8806937e-14
26,72,3.0,8.265786e-08
26,72,4.0,4.1745597e-08
26,72,5.0,2.4676092e-07
26,72,6.0,2.2347342e-07
26,72,7.0,6.547843e-08
26,72,8.0,7.3936053e-07
26,72,9.0,1.8246639e-09
26,72,10.0,0.0
26,72,11.0,2.97365e-07
26,72,12.0,1.0101677e-06
26,72,13.0,9.037521e-07
26,72,14.0,1.2975029e-06
26,73,0.0,0.0
26,73,1.0,0.0
26,73,2.0,0.0
26,73,3.0,0.0
26,73,4.0,3.998979e-12
26,73,5.0,0.0
26,73,6.0,0.0
26,73,7.0,9.2610924e-10
26,73,8.0,0.0
26,73,9.0,1.1948821e-13
26,73,10.0,0.0
26,73,11.0,1.2259822e-07
26,73,12.0,5.745293e-07
26,73,13.0,6.5159678e-09
26,73,14.0,7.0972432e-09
26,74,0.0,2.1794916e-07
26,74,1.0,0.0
26,74,2.0,0.0
26,74,3.0,0.0
26,74,4.0,0.0
26,74,5.0,0.0
26,74,6.0,0.0
26,74,7.0,1.8817808e-08
26,74,8.0,5.5571343e-09
26,74,9.0,0.0
26,74,10.0,0.0
26,74,11.0,0.0
26,74,12.0,0.0
26,74,13.0,0.0
26,74,14.0,0.0
26,75,0.0,2.219413e-06
26,75,1.0,0.0
26,75,2.0,0.0
26,75,3.0,0.0
26,75,4.0,0.0
26,75,5.0,1.12024836e-07
26,75,6.0,7.480885e-07
26,75,7.0,2.6993516e-07
26,75,8.0,0.0
26,75,9.0,0.0
26,75,10.0,0.0
26,75,11.0,0.0
26,75,12.0,0.0
26,75,13.0,0.0
26,75,14.0,0.0
26,76,0.0,0.0
26,76,1.0,0.0
26,76,2.0,0.0
26,76,3.0,0.0
26,76,4.0,2.2974016e-06
26,76,5.0,4.4556073e-06
26,76,6.0,2.9705263e-06
26,76,7.0,2.0220061e-06
26,76,8.0,1.2132426e-06
26,76,9.0,4.6637966e-10
26,76,10.0,8.801349e-09
26,76,11.0,3.4416857e-06
26,76,12.0,3.7389298e-06
26,76,13.0,0.0
26,76,14.0,0.0
27,66,0.0,0.0
27,66,1.0,0.0
27,66,2.0,0.0
27,66,3.0,0.0
27,66,4.0,0.0
27,66,5.0,0.0
27,66,6.0,0.0
27,66,7.0,7.7237394e-07
27,66,8.0,2.9300286e-06
27,66,9.0,1.8940025e-05
27,66,10.0,1.3986558e-05
27,66,11.0,2.5797337e-05
27,66,12.0,1.6957065e-05
27,66,13.0,4.535233e-06
27,66,14.0,1.1939953e-06
27,67,0.0,1.09290056e-07
27,67,1.0,5.9443084e-07
27,67,2.0,1.8031e-08
27,67,3.0,1.4385052e-08
27,67,4.0,2.1410449e-08
27,67,5.0,0.0
27,67,6.0,0.0
27,67,7.0,4.1892878e-07
27,67,8.0,2.399283e-06
27,67,9.0,1.7276965e-05
27,67,10.0,8.3535306e-05
27,67,11.0,0.00015478105
27,67,12.0,6.26963e-05
27,67,13.0,4.2276297e-05
27,67,14.0,5.3131298e-05
27,68,0.0,4.3013994e-08
27,68,1.0,9.9666465e-08
27,68,2.0,0.0
27,68,3.0,0.0
27,68,4.0,0.0
27,68,5.0,1.0274645e-07
27,68,6.0,3.8366485e-07
27,68,7.0,3.2164016e-06
27,68,8.0,5.4942598e-06
27,68,9.0,1.2531094e-05
27,68,10.0,1.4317679e-05
27,68,11.0,2.9524701e-05
27,68,12.0,2.8744336e-05
27,68,13.0,2.1737875e-05
27,68,14.0,2.4883351e-05
27,69,0.0,2.4099756e-10
27,69,1.0,1.4525118e-07
27,69,2.0,1.29557085e-08
27,69,3.0,3.741045e-07
27,69,4.0,4.189133e-06
27,69,5.0,1.6612083e-06
27,69,6.0,2.0142525e-06
27,69,7.0,1.8441333e-05
27,69,8.0,6.5561675e-05
27,69,9.0,4.9786206e-05
27,69,10.0,5.9670154e-05
27,69,11.0,0.000104584804
27,69,12.0,7.176301e-05
27,69,13.0,8.2718565e-05
27,69,14.0,8.012373e-05
27,70,0.0,1.6917179e-06
27,70,1.0,6.808578e-06
27,70,2.0,2.6616588e-06
27,70,3.0,1.6874669e-06
27,70,4.0,1.615199e-05
27,70,5.0,4.92666e-05
27,70,6.0,5.2923868e-05
27,70,7.0,7.271755e-05
27,70,8.0,0.00010148353
27,70,9.0,0.000105554376
27,70,10.0,0.00021241326
27,70,11.0,0.00017131331
27,70,12.0,7.858513e-05
27,70,13.0,6.638458e-05
27,70,14.0,6.0022743e-05
27,71,0.0,1.519588e-07
27,71,1.0,4.0731168e-10
27,71,2.0,5.366979e-07
27,71,3.0,1.3740054e-08
27,71,4.0,0.0
27,71,5.0,0.0
27,71,6.0,1.1295914e-06
27,71,7.0,2.2257606e-07
27,71,8.0,4.79734e-07
27,71,9.0,8.381336e-07
27,71,10.0,2.256731e-07
27,71,11.0,0.0
27,71,12.0,8.147366e-14
27,71,13.0,4.9764935e-06
27,71,14.0,7.764623e-06
27,72,0.0,6.481816e-08
27,72,1.0,5.5185327e-09
27,72,2.0,4.3797854e-07
27,72,3.0,9.622664e-07
27,72,4.0,3.3442188e-06
27,72,5.0,7.742143e-08
27,72,6.0,1.7573069e-07
27,72,7.0,2.1663269e-07
27,72,8.0,2.8408051e-09
27,72,9.0,1.253519e-06
27,72,10.0,8.116635e-06
27,72,11.0,3.9151296e-06
27,72,12.0,1.028205e-06
27,72,13.0,8.726276e-09
27,72,14.0,3.7746098e-08
27,73,0.0,2.1497265e-06
27,73,1.0,0.0
27,73,2.0,9.092577e-09
27,73,3.0,0.0
27,73,4.0,0.0
27,73,5.0,0.0
27,73,6.0,5.031619e-09
27,73,7.0,7.709851e-09
27,73,8.0,0.0
27,73,9.0,1.8097643e-07
27,73,10.0,8.747267e-07
27,73,11.0,5.4261864e-07
27,73,12.0,2.141403e-06
27,73,13.0,0.0
27,73,14.0,5.753415e-10
27,74,0.0,0.0
27,74,1.0,4.368497e-07
27,74,2.0,5.7630696e-06
27,74,3.0,1.4882345e-06
27,74,4.0,2.9169874e-07
27,74,5.0,6.4674816e-07
27,74,6.0,2.6114938e-06
27,74,7.0,1.973899e-05
27,74,8.0,4.8596197e-05
27,74,9.0,1.971544e-05
27,74,10.0,8.128139e-06
27,74,11.0,2.2777092e-08
27,74,12.0,8.885599e-06
27,74,13.0,3.9528426e-05
27,74,14.0,3.54675e-05
27,75,0.0,2.0277032e-07
27,75,1.0,2.0557813e-09
27,75,2.0,1.0067187e-06
27,75,3.0,3.4555578e-06
27,75,4.0,9.357943e-07
27,75,5.0,1.8654814e-06
27,75,6.0,1.6026606e-05
27,75,7.0,1.4215566e-05
27,75,8.0,3.6146753e-06
27,75,9.0,4.1742787e-06
27,75,10.0,2.299625e-06
27,75,11.0,1.2849117e-05
27,75,12.0,1.1387973e-05
27,75,13.0,7.9959985e-09
27,75,14.0,1.1233451e-07
27,76,0.0,0.0
27,76,1.0,0.0
27,76,2.0,0.0
27,76,3.0,4.9495488e-09
27,76,4.0,2.2527823e-07
27,76,5.0,2.4340017e-07
27,76,6.0,1.9886393e-06
27,76,7.0,9.15169e-06
27,76,8.0,1.4727173e-05
27,76,9.0,7.076271e-07
27,76,10.0,0.0
27,76,11.0,4.3642277e-07
27,76,12.0,8.813359e-08
27,76,13.0,5.1173597e-08
27,76,14.0,3.1572827e-07
27,77,0.0,1.9225187e-08
27,77,1.0,0.0
27,77,2.0,1.5813782e-08
27,77,3.0,6.7635514e-10
27,77,4.0,0.0
27,77,5.0,0.0
27,77,6.0,0.0
27,77,7.0,0.0
27,77,8.0,2.8906436e-07
27,77,9.0,2.5788685e-07
27,77,10.0,0.0
27,77,11.0,0.0
27,77,12.0,0.0
27,77,13.0,1.7135195e-08
27,77,14.0,6.113471e-09
27,78,0.0,0.0
27,78,1.0,0.0
27,78,2.0,1.17349856e-07
27,78,3.0,1.9441866e-06
27,78,4.0,5.8902316e-07
27,78,5.0,4.1969955e-07
27,78,6.0,1.9051157e-06
27,78,7.0,5.2372966e-06
27,78,8.0,1.1705099e-06
27,78,9.0,4.577489e-09
27,78,10.0,0.0
27,78,11.0,0.0
27,78,12.0,0.0
27,78,13.0,0.0
27,78,14.0,0.0
28,66,0.0,3.2723853e-09
28,66,1.0,0.0
28,66,2.0,1.190099e-06
28,66,3.0,3.740778e-09
28,66,4.0,1.8859755e-06
28,66,5.0,6.015987e-07
28,66,6.0,9.819149e-07
28,66,7.0,4.3564137e-06
28,66,8.0,3.9522442e-06
28,66,9.0,1.4005102e-05
28,66,10.0,0.0
28,66,11.0,9.525378e-06
28,66,12.0,6.218612e-06
28,66,13.0,4.3839314e-06
28,66,14.0,1.4598146e-06
28,67,0.0,3.7547525e-07
28,67,1.0,1.208826e-05
28,67,2.0,6.8509485e-06
28,67,3.0,1.6977218e-06
28,67,4.0,2.0713122e-05
28,67,5.0,6.668114e-05
28,67,6.0,3.570676e-05
28,67,7.0,4.2723514e-06
28,67,8.0,1.627142e-05
28,67,9.0,6.6836965e-06
28,67,10.0,4.1780885e-09
28,67,11.0,2.0494686e-05
28,67,12.0,2.5052097e-07
28,67,13.0,2.8427187e-06
28,67,14.0,3.2935511e-06
28,68,0.0,4.0070527e-10
28,68,1.0,3.6814579e-06
28,68,2.0,1.0174976e-05
28,68,3.0,2.250594e-05
28,68,4.0,3.587306e-05
28,68,5.0,5.134393e-05
28,68,6.0,0.00010040669
28,68,7.0,0.00011336351
28,68,8.0,4.3484713e-05
28,68,9.0,5.4659264e-05
28,68,10.0,7.155685e-05
28,68,11.0,8.157668e-05
28,68,12.0,0.00012583427
28,68,13.0,6.6059176e-05
28,68,14.0,4.261914e-05
28,69,0.0,1.3029224e-07
28,69,1.0,0.0
28,69,2.0,0.0
28,69,3.0,0.0
28,69,4.0,1.7595568e-06
28,69,5.0,6.1338524e-06
28,69,6.0,2.6886744e-05
28,69,7.0,1.3139234e-05
28,69,8.0,3.8635248e-05
28,69,9.0,8.181421e-05
28,69,10.0,8.243009e-05
28,69,11.0,7.7309465e-05
28,69,12.0,0.00011320543
28,69,13.0,7.8316145e-05
28,69,14.0,4.7710586e-05
28,70,0.0,4.216841e-06
28,70,1.0,8.078766e-07
28,70,2.0,8.342448e-07
28,70,3.0,6.771645e-06
28,70,4.0,3.43693e-05
28,70,5.0,7.8515426e-05
28,70,6.0,0.00016828654
28,70,7.0,0.00020135113
28,70,8.0,9.5552205e-05
28,70,9.0,9.32098e-05
28,70,10.0,0.00017099961
28,70,11.0,0.00032392103
28,70,12.0,0.00041818
28,70,13.0,0.00039443138
28,70,14.0,0.00036000897
28,71,0.0,4.8634035e-07
28,71,1.0,2.8981779e-11
28,71,2.0,4.3782184e-06
28,71,3.0,2.5948806e-05
28,71,4.0,5.3618423e-05
28,71,5.0,0.00012696303
28,71,6.0,0.00027966197
28,71,7.0,0.00030574037
28,71,8.0,0.0002867336
28,71,9.0,0.00026685453
28,71,10.0,0.00037017517
28,71,11.0,0.0004777043
28,71,12.0,0.00040274288
28,71,13.0,0.00035544162
28,71,14.0,0.00029840478
28,72,0.0,1.7923707e-05
28,72,1.0,1.5596179e-05
28,72,2.0,4.5320874e-05
28,72,3.0,8.309845e-05
28,72,4.0,0.000102888574
28,72,5.0,0.00018447268
28,72,6.0,0.000272926
28,72,7.0,0.00029528956
28,72,8.0,0.00020853982
28,72,9.0,0.00022883907
28,72,10.0,0.0002651837
28,72,11.0,0.0003099957
28,72,12.0,0.00028875866
28,72,13.0,0.00026997013
28,72,14.0,0.00033422964
28,73,0.0,2.0014108e-06
28,73,1.0,1.7378166e-05
28,73,2.0,4.7429046e-05
28,73,3.0,6.8235946e-05
28,73,4.0,0.00011574544
28,73,5.0,0.0002444012
28,73,6.0,0.00020422306
28,73,7.0,0.000116034105
28,73,8.0,0.00013950065
28,73,9.0,0.00014723695
28,73,10.0,0.00015085477
28,73,11.0,0.00017965176
28,73,12.0,0.0001495244
28,73,13.0,0.00013796246
28,73,14.0,0.0001231396
28,74,0.0,0.0
28,74,1.0,1.3435147e-07
28,74,2.0,1.554512e-06
28,74,3.0,3.926296e-05
28,74,4.0,0.00011892406
28,74,5.0,0.00018389148
28,74,6.0,0.00021333169
28,74,7.0,0.00014514095
28,74,8.0,0.00011798108
28,74,9.0,9.607512e-05
28,74,10.0,9.2620045e-05
28,74,11.0,7.5093216e-05
28,74,12.0,3.639893e-05
28,74,13.0,4.8559945e-05
28,74,14.0,4.1221374e-05
28,75,0.0,0.0
28,75,1.0,0.0
28,75,2.0,0.0
28,75,3.0,0.0
28,75,4.0,0.0
28,75,5.0,8.016108e-09
28,75,6.0,1.7300378e-06
28,75,7.0,9.647527e-06
28,75,8.0,6.9644766e-06
28,75,9.0,6.913012e-06
28,75,10.0,1.04039655e-05
28,75,11.0,8.78674e-06
28,75,12.0,1.2549165e-05
28,75,13.0,8.924588e-06
28,75,14.0,1.4777881e-05
28,76,0.0,0.0
28,76,1.0,5.2564697e-10
28,76,2.0,5.9010154e-13
28,76,3.0,3.6815404e-08
28,76,4.0,1.3528761e-09
28,76,5.0,4.9098434e-11
28,76,6.0,7.812661e-08
28,76,7.0,1.17089755e-07
28,76,8.0,1.3797293e-07
28,76,9.0,5.601943e-08
28,76,10.0,9.3629234e-07
28,76,11.0,1.2811296e-05
28,76,12.0,4.9146847e-06
28,76,13.0,1.1134111e-06
28,76,14.0,1.0940406e-06
28,77,0.0,7.662496e-07
28,77,1.0,1.1105932e-07
28,77,2.0,2.4221638e-08
28,77,3.0,1.0204199e-06
28,77,4.0,1.2425254e-06
28,77,5.0,4.3745945e-06
28,77,6.0,1.8762287e-06
28,77,7.0,6.581506e-07
28,77,8.0,7.953578e-06
28,77,9.0,1.4528481e-06
28,77,10.0,5.312794e-06
28,77,11.0,1.2284359e-07
28,77,12.0,5.9496315e-06
28,77,13.0,3.28097e-06
28,77,14.0,1.970589e-06
28,78,0.0,5.8519458e-08
28,78,1.0,1.9544419e-07
28,78,2.0,3.111221e-09
28,78,3.0,5.1938056e-08
28,78,4.0,1.0431471e-06
28,78,5.0,7.1782274e-06
28,78,6.0,1.1731474e-05
28,78,7.0,1.1329506e-05
28,78,8.0,1.787755e-06
28,78,9.0,1.4598172e-05
28,78,10.0,1.0102963e-05
28,78,11.0,2.021427e-05
28,78,12.0,2.6810885e-06
28,78,13.0,9.60236e-10
28,78,14.0,0.0
28,79,0.0,1.2996118e-07
28,79,1.0,5.4831425e-08
28,79,2.0,0.0
28,79,3.0,0.0
28,79,4.0,0.0
28,79,5.0,2.5149536e-06
28,79,6.0,2.7233277e-06
28,79,7.0,2.400619e-07
28,79,8.0,2.2494307e-08
28,79,9.0,2.1244835e-09
28,79,10.0,0.0
28,79,11.0,0.0
28,79,12.0,0.0
28,79,13.0,0.0
28,79,14.0,0.0
28,80,0.0,0.0
28,80,1.0,0.0
28,80,2.0,0.0
28,80,3.0,0.0
28,80,4.0,0.0
28,80,5.0,0.0
28,80,6.0,0.0
28,80,7.0,0.0
28,80,8.0,9.103874e-07
28,80,9.0,0.0
28,80,10.0,0.0
28,80,11.0,3.6214944e-13
28,80,12.0,0.0
28,80,13.0,0.0
28,80,14.0,5.781138e-09
28,81,0.0,0.0
28,81,1.0,0.0
28,81,2.0,2.7567886e-08
28,81,3.0,7.436012e-07
28,81,4.0,1.0493706e-06
28,81,5.0,1.6648707e-07
28,81,6.0,0.0
28,81,7.0,0.0
28,81,8.0,1.852371e-07
28,81,9.0,7.79847e-07
28,81,10.0,1.0846818e-05
28,81,11.0,1.3064298e-06
28,81,12.0,0.0
28,81,13.0,0.0
28,81,14.0,5.916337e-06
28,82,0.0,0.0
28,82,1.0,5.099553e-07
28,82,2.0,7.633771e-08
28,82,3.0,1.0891836e-06
28,82,4.0,4.0208784e-06
28,82,5.0,0.0
28,82,6.0,0.0
28,82,7.0,0.0
28,82,8.0,0.0
28,82,9.0,0.0
28,82,10.0,6.3138796e-09
28,82,11.0,1.450639e-07
28,82,12.0,3.195739e-07
28,82,13.0,6.530727e-08
28,82,14.0,0.0
29,66,0.0,1.2527959e-10
29,66,1.0,5.9346434e-07
29,66,2.0,0.0
29,66,3.0,6.2647953e-09
29,66,4.0,1.6614713e-08
29,66,5.0,0.0
29,66,6.0,9.3526396e-08
29,66,7.0,0.0
29,66,8.0,0.0
29,66,9.0,0.0
29,66,10.0,1.6338412e-07
29,66,11.0,1.269895e-08
29,66,12.0,2.6335485e-07
29,66,13.0,0.0
29,66,14.0,0.0
29,67,0.0,0.0
29,67,1.0,0.0
29,67,2.0,3.0239235e-07
29,67,3.0,1.4876239e-06
29,67,4.0,0.0
29,67,5.0,0.0
29,67,6.0,0.0
29,67,7.0,9.396702e-07
29,67,8.0,8.9056346e-07
29,67,9.0,6.0837425e-07
29,67,10.0,3.0126373e-06
29,67,11.0,1.175195e-05
29,67,12.0,3.3750125e-06
29,67,13.0,9.951397e-10
29,67,14.0,9.1353746e-07
29,68,0.0,2.37107e-10
29,68,1.0,4.6393015e-12
29,68,2.0,1.5742962e-08
29,68,3.0,8.3925704e-07
29,68,4.0,1.5093468e-06
29,68,5.0,1.0923538e-06
29,68,6.0,7.066162e-08
29,68,7.0,0.0
29,68,8.0,1.0433179e-06
29,68,9.0,1.7068104e-06
29,68,10.0,4.191389e-07
29,68,11.0,4.2509046e-06
29,68,12.0,3.382037e-06
29,68,13.0,1.5519608e-06
29,68,14.0,1.6960135e-05
29,69,0.0,9.304297e-08
29,69,1.0,8.785698e-08
29,69,2.0,3.3100248e-06
29,69,3.0,8.57939e-06
29,69,4.0,1.92208e-05
29,69,5.0,1.1243076e-05
29,69,6.0,3.674952e-05
29,69,7.0,3.0105544e-05
29,69,8.0,2.499751e-05
29,69,9.0,7.955466e-06
29,69,10.0,9.986904e-06
29,69,11.0,9.752659e-06
29,69,12.0,1.4673506e-05
29,69,13.0,4.0860603e-05
29,69,14.0,5.9587663e-05
29,70,0.0,0.0
29,70,1.0,0.0
29,70,2.0,0.0
29,70,3.0,0.0
29,70,4.0,0.0
29,70,5.0,4.376057e-07
29,70,6.0,4.089051e-06
29,70,7.0,4.4131652e-06
29,70,8.0,2.4661135e-06
29,70,9.0,5.4058884e-05
29,70,10.0,9.740145e-05
29,70,11.0,3.3052933e-05
29,70,12.0,1.6781652e-05
29,70,13.0,1.4741711e-05
29,70,14.0,1.8171824e-05
29,71,0.0,1.2353546e-07
29,71,1.0,3.3310082e-06
29,71,2.0,2.0815172e-05
29,71,3.0,4.857613e-05
29,71,4.0,0.00014896122
29,71,5.0,0.00017910695
29,71,6.0,0.0001818469
29,71,7.0,0.00029122643
29,71,8.0,0.0004628981
29,71,9.0,0.0005103893
29,71,10.0,0.00032281288
29,71,11.0,0.0001962349
29,71,12.0,0.00021498547
29,71,13.0,0.0003627478
29,71,14.0,0.00043835343
29,72,0.0,2.42775e-06
29,72,1.0,2.1778767e-05
29,72,2.0,6.775547e-05
29,72,3.0,0.00016423034
29,72,4.0,0.00027529363
29,72,5.0,0.00040078105
29,72,6.0,0.0003818916
29,72,7.0,0.00043093882
29,72,8.0,0.00051746325
29,72,9.0,0.0006169674
29,72,10.0,0.00067384203
29,72,11.0,0.0005597048
29,72,12.0,0.0004685992
29,72,13.0,0.0005062834
29,72,14.0,0.00061960355
29,73,0.0,2.1988178e-06
29,73,1.0,9.803558e-07
29,73,2.0,0.00019361638
29,73,3.0,0.00021909254
29,73,4.0,0.00032964052
29,73,5.0,0.00054935174
29,73,6.0,0.00069593405
29,73,7.0,0.0006247377
29,73,8.0,0.00059751305
29,73,9.0,0.00063071155
29,73,10.0,0.00063235953
29,73,11.0,0.0008277626
29,73,12.0,0.0008439206
29,73,13.0,0.00086797227
29,73,14.0,0.0007767937
29,74,0.0,5.23234e-07
29,74,1.0,1.1221839e-05
29,74,2.0,0.000105028914
29,74,3.0,0.00024936628
29,74,4.0,0.00058581855
29,74,5.0,0.00080497254
29,74,6.0,0.0008723575
29,74,7.0,0.0006241805
29,74,8.0,0.00056433
29,74,9.0,0.0007505958
29,74,10.0,0.0008392778
29,74,11.0,0.0010099943
29,74,12.0,0.00089400314
29,74,13.0,0.000830335
29,74,14.0,0.00088320783
29,75,0.0,4.3448625e-05
29,75,1.0,0.00010190134
29,75,2.0,0.00028960707
29,75,3.0,0.0007551908
29,75,4.0,0.0008408095
29,75,5.0,0.0008885643
29,75,6.0,0.00080296455
29,75,7.0,0.0008334727
29,75,8.0,0.00083349517
29,75,9.0,0.0006655406
29,75,10.0,0.00086660055
29,75,11.0,0.0006436309
29,75,12.0,0.0008301291
29,75,13.0,0.0006626241
29,75,14.0,0.0006153294
29,76,0.0,7.955205e-08
29,76,1.0,2.128034e-05
29,76,2.0,0.00017944259
29,76,3.0,0.00024997912
29,76,4.0,0.00027396405
29,76,5.0,0.0002836238
29,76,6.0,0.00030111274
29,76,7.0,0.00038882415
29,76,8.0,0.0006310398
29,76,9.0,0.00033520334
29,76,10.0,0.00053830596
29,76,11.0,0.00015304668
29,76,12.0,0.00010158046
29,76,13.0,6.802211e-05
29,76,14.0,0.00013625447
29,77,0.0,1.8639636e-05
29,77,1.0,5.7628942e-05
29,77,2.0,0.00015162533
29,77,3.0,9.5157935e-05
29,77,4.0,0.00017379671
29,77,5.0,0.0006026073
29,77,6.0,0.00044850807
29,77,7.0,0.00025581245
29,77,8.0,0.0002169084
29,77,9.0,0.0001491202
29,77,10.0,0.00013219025
29,77,11.0,2.3628527e-05
29,77,12.0,3.0365773e-05
29,77,13.0,7.462057e-05
29,77,14.0,6.831618e-05
29,78,0.0,5.998611e-07
29,78,1.0,1.5188913e-05
29,78,2.0,6.2173194e-06
29,78,3.0,7.955899e-06
29,78,4.0,1.5335452e-05
29,78,5.0,1.4578892e-05
29,78,6.0,1.42815215e-05
29,78,7.0,3.3210315e-05
29,78,8.0,2.1858059e-05
29,78,9.0,1.9451516e-05
29,78,10.0,6.3319425e-07
29,78,11.0,2.452337e-07
29,78,12.0,1.8518629e-05
29,78,13.0,1.8419156e-05
29,78,14.0,1.8699144e-05
29,79,0.0,0.0
29,79,1.0,4.995691e-09
29,79,2.0,8.15171e-06
29,79,3.0,1.2410876e-05
29,79,4.0,1.5451054e-05
29,79,5.0,2.2340246e-05
29,79,6.0,4.3040218e-05
29,79,7.0,1.9123814e-05
29,79,8.0,4.8282554e-06
29,79,9.0,8.225044e-06
29,79,10.0,2.9823918e-06
29,79,11.0,3.0931706e-06
29,79,12.0,6.729345e-06
29,79,13.0,2.4069474e-05
29,79,14.0,3.1498155e-05
29,80,0.0,3.7290354e-07
29,80,1.0,1.835619e-06
29,80,2.0,4.0487828e-07
29,80,3.0,1.3944732e-06
29,80,4.0,9.803107e-11
29,80,5.0,2.4597322e-08
29,80,6.0,0.0
29,80,7.0,4.2490868e-07
29,80,8.0,5.1292847e-08
29,80,9.0,1.9515497e-07
29,80,10.0,9.275187e-08
29,80,11.0,0.0
29,80,12.0,0.0
29,80,13.0,6.225873e-08
29,80,14.0,4.010327e-06
29,81,0.0,2.9333933e-06
29,81,1.0,0.0
29,81,2.0,2.950189e-06
29,81,3.0,0.0
29,81,4.0,9.906109e-06
29,81,5.0,2.6538418e-08
29,81,6.0,1.0021523e-06
29,81,7.0,0.0
29,81,8.0,1.0768845e-05
29,81,9.0,0.0
29,81,10.0,3.7436624e-07
29,81,11.0,2.2886416e-06
29,81,12.0,2.4830106e-05
29,81,13.0,1.007888e-05
29,81,14.0,2.249144e-05
29,82,0.0,0.0
29,82,1.0,0.0
29,82,2.0,0.0
29,82,3.0,0.0
29,82,4.0,0.0
29,82,5.0,0.0
29,82,6.0,4.0616826e-11
29,82,7.0,3.6043155e-11
29,82,8.0,9.8104806e-08
29,82,9.0,0.0
29,82,10.0,2.2667151e-05
29,82,11.0,5.5249813e-05
29,82,12.0,1.706816e-07
29,82,13.0,9.5153695e-07
29,82,14.0,0.0
29,83,0.0,1.5091088e-06
29,83,1.0,2.7476108e-06
29,83,2.0,5.0409835e-06
29,83,3.0,6.3923662e-06
29,83,4.0,1.2057492e-06
29,83,5.0,4.1768384e-08
29,83,6.0,7.870803e-08
29,83,7.0,1.3562798e-08
29,83,8.0,0.0
29,83,9.0,0.0
29,83,10.0,0.0
29,83,11.0,0.0
29,83,12.0,0.0
29,83,13.0,0.0
29,83,14.0,3.715234e-07
29,84,0.0,1.5539123e-06
29,84,1.0,4.1860156e-07
29,84,2.0,1.6411932e-06
29,84,3.0,1.2969538e-06
29,84,4.0,1.6013944e-06
29,84,5.0,1.0645281e-06
29,84,6.0,3.3924047e-07
29,84,7.0,3.296738e-07
29,84,8.0,6.5794035e-07
29,84,9.0,2.395799e-07
29,84,10.0,0.0
29,84,11.0,1.8666026e-07
29,84,12.0,9.5212346e-07
29,84,13.0,2.2628287e-06
29,84,14.0,7.323155e-08
30,66,0.0,1.5831401e-07
30,66,1.0,4.955752e-08
30,66,2.0,3.3998415e-06
30,66,3.0,0.0
30,66,4.0,4.8191782e-06
30,66,5.0,0.0
30,66,6.0,0.0
30,66,7.0,8.849551e-06
30,66,8.0,9.426882e-06
30,66,9.0,2.9738069e-06
30,66,10.0,9.939274e-07
30,66,11.0,3.2369057e-06
30,66,12.0,3.2095857e-06
30,66,13.0,1.4674389e-06
30,66,14.0,8.6904186e-07
30,67,0.0,9.2390053e-07
30,67,1.0,7.312499e-07
30,67,2.0,6.919222e-09
30,67,3.0,0.0
30,67,4.0,0.0
30,67,5.0,0.0
30,67,6.0,0.0
30,67,7.0,2.9542608e-08
30,67,8.0,5.244539e-07
30,67,9.0,2.5964994e-07
30,67,10.0,0.0
30,67,11.0,2.3455122e-09
30,67,12.0,3.1778948e-09
30,67,13.0,0.0
30,67,14.0,4.2438484e-09
30,68,0.0,0.0
30,68,1.0,0.0
30,68,2.0,3.225094e-10
30,68,3.0,2.1990807e-07
30,68,4.0,0.0
30,68,5.0,0.0
30,68,6.0,0.0
30,68,7.0,0.0
30,68,8.0,0.0
30,68,9.0,0.0
30,68,10.0,1.1886668e-07
30,68,11.0,8.807903e-09
30,68,12.0,0.0
30,68,13.0,0.0
30,68,14.0,5.2680394e-07
30,69,0.0,1.7112104e-07
30,69,1.0,6.1085954e-09
30,69,2.0,0.0
30,69,3.0,0.0
30,69,4.0,2.5721e-07
30,69,5.0,2.148343e-06
30,69,6.0,2.3258801e-07
30,69,7.0,1.3475166e-07
30,69,8.0,5.2917846e-07
30,69,9.0,2.8961351e-06
30,69,10.0,1.57494e-06
30,69,11.0,4.208119e-06
30,69,12.0,1.8489422e-06
30,69,13.0,2.4236977e-06
30,69,14.0,4.0629857e-06
30,70,0.0,0.0
30,70,1.0,0.0
30,70,2.0,0.0
30,70,3.0,2.9985102e-07
30,70,4.0,1.6984628e-06
30,70,5.0,2.9525988e-06
30,70,6.0,1.295541e-05
30,70,7.0,6.3318575e-06
30,70,8.0,3.0754435e-07
30,70,9.0,5.3811095e-06
30,70,10.0,1.12664836e-07
30,70,11.0,4.645119e-06
30,70,12.0,1.3598953e-05
30,70,13.0,7.352368e-06
30,70,14.0,8.263183e-06
30,71,0.0,2.7995293e-07
30,71,1.0,0.0
30,71,2.0,9.959308e-07
30,71,3.0,3.311011e-07
30,71,4.0,1.0529408e-05
30,71,5.0,1.7600712e-05
30,71,6.0,4.0614518e-07
30,71,7.0,5.927126e-06
30,71,8.0,1.4029971e-05
30,71,9.0,2.92953e-05
30,71,10.0,4.6097764e-05
30,71,11.0,2.2973543e-05
30,71,12.0,4.9778188e-05
30,71,13.0,3.6753703e-05
30,71,14.0,3.9024984e-05
30,72,0.0,1.1972856e-05
30,72,1.0,1.2272869e-05
30,72,2.0,7.31225e-05
30,72,3.0,2.3492647e-05
30,72,4.0,4.280357e-05
30,72,5.0,0.00013035997
30,72,6.0,0.00015699459
30,72,7.0,7.8030556e-05
30,72,8.0,3.788936e-05
30,72,9.0,6.271142e-05
30,72,10.0,0.00022043938
30,72,11.0,0.00016586685
30,72,12.0,0.00024741513
30,72,13.0,0.00019141736
30,72,14.0,0.00010316618
30,73,0.0,1.8996667e-05
30,73,1.0,5.6090386e-05
30,73,2.0,0.00021200333
30,73,3.0,0.00046869888
30,73,4.0,0.0007358902
30,73,5.0,0.0008455957
30,73,6.0,0.00063211593
30,73,7.0,0.00045553184
30,73,8.0,0.0006001773
30,73,9.0,0.0009074145
30,73,10.0,0.0007799945
30,73,11.0,0.0008854698
30,73,12.0,0.00054852135
30,73,13.0,0.0010122554
30,73,14.0,0.0005384144
30,74,0.0,1.8623921e-05
30,74,1.0,0.00016062944
30,74,2.0,0.000257266
30,74,3.0,0.0010753963
30,74,4.0,0.0013303773
30,74,5.0,0.0012127451
30,74,6.0,0.0011419399
30,74,7.0,0.0014903647
30,74,8.0,0.0015300089
30,74,9.0,0.001422023
30,74,10.0,0.0012163073
30,74,11.0,0.0013315842
30,74,12.0,0.0015082757
30,74,13.0,0.0016606809
30,74,14.0,0.0015194342
30,75,0.0,8.111128e-05
30,75,1.0,0.00052640674
30,75,2.0,0.001163694
30,75,3.0,0.003391565
30,75,4.0,0.0052395253
30,75,5.0,0.0052580717
30,75,6.0,0.005186353
30,75,7.0,0.0059156953
30,75,8.0,0.004550207
30,75,9.0,0.0025023147
30,75,10.0,0.003407381
30,75,11.0,0.0034149152
30,75,12.0,0.0034999796
30,75,13.0,0.0030006033
30,75,14.0,0.0027066849
30,76,0.0,0.00035261372
30,76,1.0,0.0012465307
30,76,2.0,0.0018079698
30,76,3.0,0.00346272
30,76,4.0,0.004906041
30,76,5.0,0.00501862
30,76,6.0,0.0056406506
30,76,7.0,0.0053803734
30,76,8.0,0.004438853
30,76,9.0,0.0057496503
30,76,10.0,0.004733687
30,76,11.0,0.004427168
30,76,12.0,0.004421198
30,76,13.0,0.0040050307
30,76,14.0,0.0037044215
30,77,0.0,0.00054071506
30,77,1.0,0.0014618912
30,77,2.0,0.0043433756
30,77,3.0,0.005469529
30,77,4.0,0.008977643
30,77,5.0,0.0077175093
30,77,6.0,0.0061291456
30,77,7.0,0.005855246
30,77,8.0,0.004045894
30,77,9.0,0.0043738647
30,77,10.0,0.003962539
30,77,11.0,0.0055758
30,77,12.0,0.0035772573
30,77,13.0,0.00334425
30,77,14.0,0.0030245045
30,78,0.0,0.0005262629
30,78,1.0,0.0008904836
30,78,2.0,0.0020906883
30,78,3.0,0.0029160003
30,78,4.0,0.002864239
30,78,5.0,0.0027778847
30,78,6.0,0.002920647
30,78,7.0,0.0022687626
30,78,8.0,0.0013063743
30,78,9.0,0.0012369835
30,78,10.0,0.0015151105
30,78,11.0,0.0011023661
30,78,12.0,0.0015606922
30,78,13.0,0.0011846682
30,78,14.0,0.00096147595
30,79,0.0,5.557262e-05
30,79,1.0,0.00034236175
30,79,2.0,0.0011709302
30,79,3.0,0.001345278
30,79,4.0,0.0019150802
30,79,5.0,0.0029911161
30,79,6.0,0.0023291393
30,79,7.0,0.0018574484
30,79,8.0,0.0007854421
30,79,9.0,0.0010974929
30,79,10.0,0.00093927176
30,79,11.0,0.0008584741
30,79,12.0,0.0011564344
30,79,13.0,0.0010257078
30,79,14.0,0.00092264585
30,80,0.0,5.9338607e-05
30,80,1.0,0.0001754725
30,80,2.0,0.0003355103
30,80,3.0,0.0004230149
30,80,4.0,0.00054937793
30,80,5.0,0.0011339961
30,80,6.0,0.00084005727
30,80,7.0,0.00043835203
30,80,8.0,0.00048400977
30,80,9.0,0.0005072519
30,80,10.0,0.0005569872
30,80,11.0,0.00071287784
30,80,12.0,0.0012834702
30,80,13.0,0.0010071922
30,80,14.0,0.0005647858
30,81,0.0,5.8199344e-06
30,81,1.0,1.4586449e-05
30,81,2.0,8.1301034e-05
30,81,3.0,8.163478e-05
30,81,4.0,5.996478e-05
30,81,5.0,5.0803876e-05
30,81,6.0,8.139233e-06
30,81,7.0,1.4970799e-05
30,81,8.0,5.770267e-05
30,81,9.0,5.7492492e-05
30,81,10.0,5.1661056e-05
30,81,11.0,0.00019001962
30,81,12.0,0.00019575734
30,81,13.0,0.0001903087
30,81,14.0,4.570786e-05
30,82,0.0,0.0
30,82,1.0,0.0
30,82,2.0,0.0
30,82,3.0,3.6955742e-06
30,82,4.0,3.0662966e-06
30,82,5.0,1.3561729e-06
30,82,6.0,5.3126987e-06
30,82,7.0,1.547276e-06
30,82,8.0,2.8156903e-06
30,82,9.0,1.459335e-05
30,82,10.0,1.0109255e-05
30,82,11.0,2.905828e-06
30,82,12.0,3.3868496e-06
30,82,13.0,9.327769e-06
30,82,14.0,2.1679237e-07
30,83,0.0,2.2904985e-07
30,83,1.0,3.9214647e-06
30,83,2.0,0.0
30,83,3.0,1.6457718e-06
30,83,4.0,2.6461436e-07
30,83,5.0,1.829695e-11
30,83,6.0,0.0
30,83,7.0,0.0
30,83,8.0,0.0
30,83,9.0,0.0
30,83,10.0,4.431591e-06
30,83,11.0,6.992313e-09
30,83,12.0,1.2048807e-06
30,83,13.0,1.6456422e-06
30,83,14.0,2.0669581e-06
30,84,0.0,0.0
30,84,1.0,0.0
30,84,2.0,0.0
30,84,3.0,0.0
30,84,4.0,3.3070145e-07
30,84,5.0,0.0
30,84,6.0,5.4330737e-08
30,84,7.0,2.0507659e-07
30,84,8.0,0.0
30,84,9.0,1.9596591e-06
30,84,10.0,1.2197667e-07
30,84,11.0,1.4681511e-07
30,84,12.0,2.0287389e-07
30,84,13.0,8.985e-07
30,84,14.0,2.8657114e-09
30,85,0.0,4.8699985e-07
30,85,1.0,1.967431e-08
30,85,2.0,1.2578566e-07
30,85,3.0,0.0
30,85,4.0,2.1845621e-10
30,85,5.0,9.191223e-08
30,85,6.0,2.0374739e-07
30,85,7.0,2.7489295e-07
30,85,8.0,1.3273518e-06
30,85,9.0,3.3328658e-06
30,85,10.0,2.1887831e-06
30,85,11.0,6.5811184e-07
30,85,12.0,1.2794753e-07
30,85,13.0,8.4648485e-07
30,85,14.0,1.5761546e-07
30,86,0.0,0.0
30,86,1.0,0.0
30,86,2.0,2.9529185e-06
30,86,3.0,7.044894e-06
30,86,4.0,6.8765653e-06
30,86,5.0,1.4553716e-05
30,86,6.0,2.9551998e-06
30,86,7.0,2.667703e-07
30,86,8.0,1.3230166e-07
30,86,9.0,1.7529224e-07
30,86,10.0,7.6237006e-07
30,86,11.0,1.3882683e-06
30,86,12.0,2.1429992e-06
30,86,13.0,3.2569174e-06
30,86,14.0,3.01925e-06
31,67,0.0,2.6861127e-08
31,67,1.0,0.0
31,67,2.0,0.0
31,67,3.0,0.0
31,67,4.0,0.0
31,67,5.0,0.0
31,67,6.0,4.2625784e-06
31,67,7.0,5.5657647e-06
31,67,8.0,7.5077907e-07
31,67,9.0,0.0
31,67,10.0,0.0
31,67,11.0,0.0
31,67,12.0,1.4652765e-09
31,67,13.0,1.5967473e-09
31,67,14.0,1.3997051e-08
31,68,0.0,3.1975392e-06
31,68,1.0,2.3087077e-06
31,68,2.0,0.0
31,68,3.0,0.0
31,68,4.0,0.0
31,68,5.0,1.1323581e-06
31,68,6.0,9.266836e-06
31,68,7.0,4.5215634e-06
31,68,8.0,6.0451936e-07
31,68,9.0,0.0
31,68,10.0,0.0
31,68,11.0,0.0
31,68,12.0,6.431429e-09
31,68,13.0,0.0
31,68,14.0,2.5924385e-06
31,69,0.0,8.1994517e-10
31,69,1.0,1.5398109e-07
31,69,2.0,0.0
31,69,3.0,0.0
31,69,4.0,1.4608097e-09
31,69,5.0,0.0
31,69,6.0,0.0
31,69,7.0,0.0
31,69,8.0,0.0
31,69,9.0,0.0
31,69,10.0,0.0
31,69,11.0,1.1774671e-06
31,69,12.0,5.566777e-08
31,69,13.0,0.0
31,69,14.0,0.0
31,70,0.0,6.713893e-08
31,70,1.0,2.115257e-05
31,70,2.0,3.0870102e-05
31,70,3.0,8.312355e-06
31,70,4.0,1.4910611e-06
31,70,5.0,1.9838546e-07
31,70,6.0,1.1403631e-09
31,70,7.0,8.6834484e-07
31,70,8.0,1.8344603e-09
31,70,9.0,7.705826e-12
31,70,10.0,1.748147e-06
31,70,11.0,3.415109e-09
31,70,12.0,2.0917187e-06
31,70,13.0,6.7486485e-07
31,70,14.0,0.0
31,71,0.0,4.6826123e-08
31,71,1.0,6.3276357e-09
31,71,2.0,1.643435e-07
31,71,3.0,4.6851346e-07
31,71,4.0,3.4507954e-07
31,71,5.0,7.316553e-10
31,71,6.0,0.0
31,71,7.0,2.6070546e-07
31,71,8.0,2.044409e-07
31,71,9.0,2.0584416e-06
31,71,10.0,0.0
31,71,11.0,3.9188873e-08
31,71,12.0,1.6137554e-07
31,71,13.0,7.157803e-07
31,71,14.0,1.9248549e-07
31,72,0.0,1.2916031e-10
31,72,1.0,9.330917e-11
31,72,2.0,3.1045314e-08
31,72,3.0,1.2823435e-07
31,72,4.0,0.0
31,72,5.0,1.2331051e-07
31,72,6.0,5.2619744e-06
31,72,7.0,4.0392592e-06
31,72,8.0,1.5283049e-05
31,72,9.0,5.955852e-06
31,72,10.0,2.8538847e-07
31,72,11.0,4.5787448e-07
31,72,12.0,7.669814e-06
31,72,13.0,3.2908245e-06
31,72,14.0,2.1435522e-05
31,73,0.0,0.0
31,73,1.0,0.0
31,73,2.0,1.624917e-07
31,73,3.0,1.3858577e-05
31,73,4.0,3.0108486e-06
31,73,5.0,7.1193167e-06
31,73,6.0,5.253233e-06
31,73,7.0,1.0551556e-05
31,73,8.0,2.1709115e-05
31,73,9.0,9.270177e-05
31,73,10.0,0.000122012156
31,73,11.0,6.242261e-05
31,73,12.0,7.953756e-05
31,73,13.0,5.6978206e-05
31,73,14.0,2.0930103e-05
31,74,0.0,4.377001e-06
31,74,1.0,1.9593719e-08
31,74,2.0,2.1204959e-07
31,74,3.0,7.3963747e-06
31,74,4.0,4.7957084e-05
31,74,5.0,9.370472e-05
31,74,6.0,0.00016835818
31,74,7.0,0.00020083538
31,74,8.0,0.00024943755
31,74,9.0,0.00052196387
31,74,10.0,0.00059015286
31,74,11.0,0.00018179847
31,74,12.0,0.00014391345
31,74,13.0,0.0001554137
31,74,14.0,0.00021428551
31,75,0.0,5.2948657e-05
31,75,1.0,0.00016288152
31,75,2.0,0.00030486222
31,75,3.0,0.0005457087
31,75,4.0,0.0009213499
31,75,5.0,0.001216437
31,75,6.0,0.0014451933
31,75,7.0,0.0010280121
31,75,8.0,0.0008761582
31,75,9.0,0.0013265031
31,75,10.0,0.0012165026
31,75,11.0,0.0012218725
31,75,12.0,0.002270638
31,75,13.0,0.0011914751
31,75,14.0,0.0010203475
31,76,0.0,0.00013816655
31,76,1.0,0.0006912861
31,76,2.0,0.0014267605
31,76,3.0,0.0023085491
31,76,4.0,0.003959507
31,76,5.0,0.004607081
31,76,6.0,0.004208629
31,76,7.0,0.0031279253
31,76,8.0,0.0027027281
31,76,9.0,0.002045731
31,76,10.0,0.0019335044
31,76,11.0,0.002174854
31,76,12.0,0.0022787354
31,76,13.0,0.0037240305
31,76,14.0,0.0030308093
31,77,0.0,0.00079777587
31,77,1.0,0.0021364344
31,77,2.0,0.004443623
31,77,3.0,0.008205709
31,77,4.0,0.010067441
31,77,5.0,0.008112565
31,77,6.0,0.009534365
31,77,7.0,0.0077486495
31,77,8.0,0.0065515265
31,77,9.0,0.0054643094
31,77,10.0,0.005100617
31,77,11.0,0.007140539
31,77,12.0,0.0064063366
31,77,13.0,0.005521093
31,77,14.0,0.0065301554
31,78,0.0,0.0012826173
31,78,1.0,0.0025022388
31,78,2.0,0.005680602
31,78,3.0,0.0076366626
31,78,4.0,0.010416399
31,78,5.0,0.011557232
31,78,6.0,0.012168761
31,78,7.0,0.01184965
31,78,8.0,0.0070160297
31,78,9.0,0.0050871056
31,78,10.0,0.0058267224
31,78,11.0,0.006922033
31,78,12.0,0.009504404
31,78,13.0,0.007788052
31,78,14.0,0.006203287
31,79,0.0,0.0032973276
31,79,1.0,0.0076905047
31,79,2.0,0.012938337
31,79,3.0,0.02017952
31,79,4.0,0.023173202
31,79,5.0,0.023043923
31,79,6.0,0.017272871
31,79,7.0,0.015771994
31,79,8.0,0.014545878
31,79,9.0,0.012137013
31,79,10.0,0.012821503
31,79,11.0,0.010349896
31,79,12.0,0.012014512
31,79,13.0,0.009256892
31,79,14.0,0.008367935
31,80,0.0,0.00163323
31,80,1.0,0.0027919898
31,80,2.0,0.004303201
31,80,3.0,0.008433746
31,80,4.0,0.0123435045
31,80,5.0,0.013415869
31,80,6.0,0.010645162
31,80,7.0,0.01060313
31,80,8.0,0.011412318
31,80,9.0,0.0107156215
31,80,10.0,0.009186503
31,80,11.0,0.009912175
31,80,12.0,0.0072520766
31,80,13.0,0.007183545
31,80,14.0,0.0060980157
31,81,0.0,0.001489313
31,81,1.0,0.0029170653
31,81,2.0,0.0038155338
31,81,3.0,0.006494533
31,81,4.0,0.008126497
31,81,5.0,0.0054098996
31,81,6.0,0.005169412
31,81,7.0,0.005341991
31,81,8.0,0.0044027795
31,81,9.0,0.0045931563
31,81,10.0,0.0060170847
31,81,11.0,0.005256403
31,81,12.0,0.0058484995
31,81,13.0,0.004572379
31,81,14.0,0.0037401342
31,82,0.0,0.0004698613
31,82,1.0,0.00060730166
31,82,2.0,0.00060135865
31,82,3.0,0.0006692007
31,82,4.0,0.00066643645
31,82,5.0,0.0005101665
31,82,6.0,0.00045752872
31,82,7.0,0.00040409077
31,82,8.0,0.00050904066
31,82,9.0,0.0008989351
31,82,10.0,0.0010575225
31,82,11.0,0.0010638422
31,82,12.0,0.00086875714
31,82,13.0,0.0011450887
31,82,14.0,0.0013381863
31,83,0.0,4.769948e-05
31,83,1.0,4.5347893e-05
31,83,2.0,4.521498e-05
31,83,3.0,8.470588e-05
31,83,4.0,0.0001363954
31,83,5.0,6.853024e-05
31,83,6.0,7.826912e-05
31,83,7.0,3.845363e-05
31,83,8.0,7.0585826e-05
31,83,9.0,0.00017779235
31,83,10.0,0.00022103045
31,83,11.0,0.00039218654
31,83,12.0,0.00051359396
31,83,13.0,0.000549848
31,83,14.0,0.00032263616
31,84,0.0,3.342134e-06
31,84,1.0,9.760128e-06
31,84,2.0,8.488811e-06
31,84,3.0,1.8315605e-07
31,84,4.0,0.0
31,84,5.0,0.0
31,84,6.0,8.7492816e-07
31,84,7.0,2.7727258e-06
31,84,8.0,1.8087341e-05
31,84,9.0,2.6196818e-05
31,84,10.0,1.7655204e-05
31,84,11.0,2.4069495e-05
31,84,12.0,2.1245332e-05
31,84,13.0,3.1128166e-05
31,84,14.0,4.003858e-05
31,85,0.0,4.5957784e-09
31,85,1.0,0.0
31,85,2.0,0.0
31,85,3.0,0.0
31,85,4.0,3.867208e-07
31,85,5.0,5.695177e-06
31,85,6.0,1.2629966e-06
31,85,7.0,1.5464932e-06
31,85,8.0,3.2160808e-06
31,85,9.0,5.8900605e-06
31,85,10.0,5.705212e-06
31,85,11.0,5.317096e-06
31,85,12.0,4.582923e-06
31,85,13.0,2.7011881e-06
31,85,14.0,9.198371e-06
31,86,0.0,0.0
31,86,1.0,1.2810744e-07
31,86,2.0,0.0
31,86,3.0,0.0
31,86,4.0,2.4388385e-08
31,86,5.0,7.173876e-06
31,86,6.0,1.174965e-05
31,86,7.0,1.158086e-05
31,86,8.0,1.2080462e-05
31,86,9.0,1.2837314e-05
31,86,10.0,5.154147e-06
31,86,11.0,1.180781e-06
31,86,12.0,2.3670386e-06
31,86,13.0,3.5365017e-06
31,86,14.0,7.912241e-06
31,87,0.0,0.0
31,87,1.0,1.6949785e-07
31,87,2.0,0.0
31,87,3.0,0.0
31,87,4.0,0.0
31,87,5.0,0.0
31,87,6.0,3.6489797e-07
31,87,7.0,2.2240508e-06
31,87,8.0,1.9402917e-06
31,87,9.0,1.9072473e-06
31,87,10.0,4.1857112e-07
31,87,11.0,1.0833099e-06
31,87,12.0,1.2291287e-07
31,87,13.0,2.1799097e-07
31,87,14.0,1.3521129e-06
31,88,0.0,4.996479e-07
31,88,1.0,0.0
31,88,2.0,0.0
31,88,3.0,0.0
31,88,4.0,0.0
31,88,5.0,4.3237164e-11
31,88,6.0,3.2215546e-08
31,88,7.0,7.652355e-11
31,88,8.0,1.7378193e-08
31,88,9.0,2.1230072e-08
31,88,10.0,1.5537468e-08
31,88,11.0,0.0
31,88,12.0,1.9990725e-06
31,88,13.0,7.9447693e-07
31,88,14.0,1.9781474e-07
31,89,0.0,1.4351433e-06
31,89,1.0,5.342854e-07
31,89,2.0,8.822304e-07
31,89,3.0,2.2690925e-09
31,89,4.0,1.189985e-06
31,89,5.0,1.0481573e-05
31,89,6.0,1.7134258e-05
31,89,7.0,1.2372317e-05
31,89,8.0,1.1449146e-05
31,89,9.0,4.9783953e-06
31,89,10.0,1.0535265e-05
31,89,11.0,7.5490675e-06
31,89,12.0,6.314502e-06
31,89,13.0,5.962179e-06
31,89,14.0,3.586205e-06
32,69,0.0,0.0
32,69,1.0,2.7969412e-07
32,69,2.0,1.7341476e-08
32,69,3.0,0.0
32,69,4.0,0.0
32,69,5.0,0.0
32,69,6.0,0.0
32,69,7.0,0.0
32,69,8.0,7.7888714e-08
32,69,9.0,3.7443417e-07
32,69,10.0,1.0270066e-07
32,69,11.0,6.312206e-10
32,69,12.0,2.5538452e-06
32,69,13.0,6.227582e-06
32,69,14.0,3.623901e-06
32,70,0.0,3.1160454e-08
32,70,1.0,0.0
32,70,2.0,0.0
32,70,3.0,0.0
32,70,4.0,0.0
32,70,5.0,0.0
32,70,6.0,0.0
32,70,7.0,0.0
32,70,8.0,2.9225247e-09
32,70,9.0,1.3314685e-09
32,70,10.0,0.0
32,70,11.0,7.601525e-07
32,70,12.0,2.0732714e-06
32,70,13.0,3.3535136e-06
32,70,14.0,1.2887201e-06
32,71,0.0,1.2391924e-07
32,71,1.0,9.194597e-10
32,71,2.0,9.740944e-10
32,71,3.0,3.2302026e-07
32,71,4.0,2.8732134e-06
32,71,5.0,6.624014e-09
32,71,6.0,0.0
32,71,7.0,0.0
32,71,8.0,1.6456774e-08
32,71,9.0,4.9690687e-08
32,71,10.0,0.0
32,71,11.0,0.0
32,71,12.0,0.0
32,71,13.0,0.0
32,71,14.0,2.577589e-12
32,72,0.0,0.0
32,72,1.0,8.522517e-08
32,72,2.0,5.0704585e-07
32,72,3.0,0.0
32,72,4.0,0.0
32,72,5.0,0.0
32,72,6.0,0.0
32,72,7.0,7.4209265e-09
32,72,8.0,1.4083762e-06
32,72,9.0,7.5716043e-06
32,72,10.0,8.582143e-06
32,72,11.0,5.9736673e-09
32,72,12.0,3.0396411e-06
32,72,13.0,1.050217e-06
32,72,14.0,3.5305175e-06
32,73,0.0,1.8266765e-06
32,73,1.0,4.124174e-07
32,73,2.0,1.0632453e-08
32,73,3.0,3.618006e-08
32,73,4.0,6.416456e-07
32,73,5.0,0.0
32,73,6.0,0.0
32,73,7.0,1.9984673e-06
32,73,8.0,8.0674745e-10
32,73,9.0,0.0
32,73,10.0,3.9423662e-07
32,73,11.0,9.501894e-08
32,73,12.0,9.643134e-08
32,73,13.0,2.4514209e-06
32,73,14.0,4.563101e-07
32,74,0.0,5.4012185e-06
32,74,1.0,5.072761e-06
32,74,2.0,2.1223674e-05
32,74,3.0,5.915256e-06
32,74,4.0,5.726591e-06
32,74,5.0,1.5217389e-06
32,74,6.0,1.2004905e-06
32,74,7.0,5.787189e-07
32,74,8.0,1.150697e-06
32,74,9.0,4.230582e-06
32,74,10.0,1.1944779e-05
32,74,11.0,1.9585904e-07
32,74,12.0,2.652337e-07
32,74,13.0,4.2699067e-09
32,74,14.0,0.0
32,75,0.0,4.636516e-05
32,75,1.0,2.9261764e-06
32,75,2.0,1.9740797e-05
32,75,3.0,6.3773514e-06
32,75,4.0,1.26826535e-05
32,75,5.0,2.0404468e-05
32,75,6.0,1.0759188e-05
32,75,7.0,1.3132916e-05
32,75,8.0,3.2261756e-05
32,75,9.0,6.741335e-05
32,75,10.0,8.747512e-05
32,75,11.0,6.942237e-05
32,75,12.0,6.3134125e-05
32,75,13.0,1.8711788e-05
32,75,14.0,4.2291667e-05
32,76,0.0,6.497421e-05
32,76,1.0,3.428481e-05
32,76,2.0,4.6824167e-05
32,76,3.0,8.976489e-05
32,76,4.0,0.00017423269
32,76,5.0,0.00016901047
32,76,6.0,0.00026466558
32,76,7.0,0.00034728964
32,76,8.0,0.00033056398
32,76,9.0,0.0006153233
32,76,10.0,0.00045362735
32,76,11.0,0.0005434236
32,76,12.0,0.00049041776
32,76,13.0,0.00060435786
32,76,14.0,0.00040183315
32,77,0.0,0.00024394372
32,77,1.0,0.00015328873
32,77,2.0,0.00049603806
32,77,3.0,0.0006821471
32,77,4.0,0.0006702638
32,77,5.0,0.0010504007
32,77,6.0,0.000778698
32,77,7.0,0.00072076364
32,77,8.0,0.0006123505
32,77,9.0,0.00055907835
32,77,10.0,0.0011176275
32,77,11.0,0.0021338407
32,77,12.0,0.0016350626
32,77,13.0,0.002244016
32,77,14.0,0.0020529842
32,78,0.0,0.0005111631
32,78,1.0,0.0010743056
32,78,2.0,0.004194913
32,78,3.0,0.004096929
32,78,4.0,0.004367544
32,78,5.0,0.004694183
32,78,6.0,0.004358695
32,78,7.0,0.0044785826
32,78,8.0,0.004047642
32,78,9.0,0.0043420233
32,78,10.0,0.0050248746
32,78,11.0,0.0073166965
32,78,12.0,0.0055663227
32,78,13.0,0.0059917467
32,78,14.0,0.0058079003
32,79,0.0,0.0022683651
32,79,1.0,0.0031033019
32,79,2.0,0.006664752
32,79,3.0,0.0098425485
32,79,4.0,0.010843877
32,79,5.0,0.011482532
32,79,6.0,0.0118876025
32,79,7.0,0.012420357
32,79,8.0,0.011168168
32,79,9.0,0.010756967
32,79,10.0,0.01076076
32,79,11.0,0.011501456
32,79,12.0,0.010982988
32,79,13.0,0.012072899
32,79,14.0,0.015449871
32,80,0.0,0.0102003515
32,80,1.0,0.019811235
32,80,2.0,0.024316346
32,80,3.0,0.03468961
32,80,4.0,0.038766794
32,80,5.0,0.042588707
32,80,6.0,0.044654056
32,80,7.0,0.037810303
32,80,8.0,0.036127113
32,80,9.0,0.032641537
32,80,10.0,0.02857402
32,80,11.0,0.029715559
32,80,12.0,0.03516701
32,80,13.0,0.030603653
32,80,14.0,0.02239889
32,81,0.0,0.01927449
32,81,1.0,0.027564423
32,81,2.0,0.03721064
32,81,3.0,0.045097277
32,81,4.0,0.047491927
32,81,5.0,0.053300425
32,81,6.0,0.052208427
32,81,7.0,0.054785687
32,81,8.0,0.046066504
32,81,9.0,0.04394779
32,81,10.0,0.03396908
32,81,11.0,0.037869
32,81,12.0,0.04000864
32,81,13.0,0.03328637
32,81,14.0,0.030809049
32,82,0.0,0.018099006
32,82,1.0,0.02263839
32,82,2.0,0.03317442
32,82,3.0,0.046379156
32,82,4.0,0.056387648
32,82,5.0,0.056314394
32,82,6.0,0.0476512
32,82,7.0,0.044874728
32,82,8.0,0.038742542
32,82,9.0,0.03108288
32,82,10.0,0.030625865
32,82,11.0,0.03472673
32,82,12.0,0.02851452
32,82,13.0,0.027001468
32,82,14.0,0.026082681
32,83,0.0,0.009048777
32,83,1.0,0.014044987
32,83,2.0,0.017027076
32,83,3.0,0.021509957
32,83,4.0,0.023716422
32,83,5.0,0.024996636
32,83,6.0,0.023288608
32,83,7.0,0.020594068
32,83,8.0,0.021017212
32,83,9.0,0.020712392
32,83,10.0,0.019921603
32,83,11.0,0.013813775
32,83,12.0,0.010708207
32,83,13.0,0.010796644
32,83,14.0,0.011380966
32,84,0.0,0.0023125967
32,84,1.0,0.0035431292
32,84,2.0,0.0061721806
32,84,3.0,0.005321838
32,84,4.0,0.0046749157
32,84,5.0,0.0050122268
32,84,6.0,0.0035519348
32,84,7.0,0.0037737465
32,84,8.0,0.0046918574
32,84,9.0,0.0053170077
32,84,10.0,0.004337604
32,84,11.0,0.0041814777
32,84,12.0,0.0035420815
32,84,13.0,0.0035976856
32,84,14.0,0.0048502698
32,85,0.0,0.0008116512
32,85,1.0,0.0013513293
32,85,2.0,0.0017697285
32,85,3.0,0.0010187209
32,85,4.0,0.0011459779
32,85,5.0,0.0015543149
32,85,6.0,0.001468588
32,85,7.0,0.0020655978
32,85,8.0,0.002098747
32,85,9.0,0.0022600077
32,85,10.0,0.0015637354
32,85,11.0,0.0011801725
32,85,12.0,0.0017356974
32,85,13.0,0.0018138858
32,85,14.0,0.0019935062
32,86,0.0,6.007602e-05
32,86,1.0,0.0001355747
32,86,2.0,7.077077e-05
32,86,3.0,4.9104267e-05
32,86,4.0,5.7414243e-05
32,86,5.0,0.00019219815
32,86,6.0,0.00034095542
32,86,7.0,0.000354999
32,86,8.0,0.00046989066
32,86,9.0,0.0005358955
32,86,10.0,0.00047891404
32,86,11.0,0.00041164315
32,86,12.0,0.00023839322
32,86,13.0,0.0002056259
32,86,14.0,0.00028380685
32,87,0.0,3.1086445e-06
32,87,1.0,5.673659e-06
32,87,2.0,2.8377747e-06
32,87,3.0,1.8136907e-06
32,87,4.0,4.2946563e-06
32,87,5.0,1.2816176e-05
32,87,6.0,2.9451421e-05
32,87,7.0,1.7981229e-05
32,87,8.0,2.552295e-05
32,87,9.0,2.8536624e-05
32,87,10.0,2.0054118e-05
32,87,11.0,1.2961799e-05
32,87,12.0,1.086851e-06
32,87,13.0,1.4010692e-07
32,87,14.0,2.937186e-07
32,88,0.0,0.0
32,88,1.0,0.0
32,88,2.0,0.0
32,88,3.0,2.0299078e-07
32,88,4.0,8.789784e-07
32,88,5.0,8.689807e-07
32,88,6.0,6.257583e-08
32,88,7.0,6.5257333e-09
32,88,8.0,1.1749626e-06
32,88,9.0,3.1661068e-07
32,88,10.0,0.0
32,88,11.0,3.7066916e-06
32,88,12.0,1.9446325e-06
32,88,13.0,2.8529004e-07
32,88,14.0,1.6776642e-08
32,89,0.0,1.1762034e-07
32,89,1.0,0.0
32,89,2.0,0.0
32,89,3.0,1.1229641e-06
32,89,4.0,3.283111e-06
32,89,5.0,1.6362352e-06
32,89,6.0,6.8308797e-13
32,89,7.0,0.0
32,89,8.0,5.257587e-08
32,89,9.0,9.731472e-12
32,89,10.0,1.8937861e-06
32,89,11.0,5.8011015e-06
32,89,12.0,2.2239203e-06
32,89,13.0,1.0509475e-06
32,89,14.0,3.1838036e-07
32,90,0.0,0.0
32,90,1.0,0.0
32,90,2.0,0.0
32,90,3.0,0.0
32,90,4.0,0.0
32,90,5.0,0.0
32,90,6.0,0.0
32,90,7.0,0.0
32,90,8.0,0.0
32,90,9.0,0.0
32,90,10.0,0.0
32,90,11.0,1.2549547e-08
32,90,12.0,7.2569306e-09
32,90,13.0,7.021969e-08
32,90,14.0,0.0
32,91,0.0,2.2601622e-08
32,91,1.0,0.0
32,91,2.0,0.0
32,91,3.0,0.0
32,91,4.0,0.0
32,91,5.0,1.5101191e-09
32,91,6.0,3.1391647e-07
32,91,7.0,0.0
32,91,8.0,3.6819517e-06
32,91,9.0,2.6966813e-06
32,91,10.0,4.1482247e-07
32,91,11.0,2.6140804e-06
32,91,12.0,4.352697e-06
32,91,13.0,1.408008e-06
32,91,14.0,5.216717e-07
33,72,0.0,7.1370982e-06
33,72,1.0,0.0
33,72,2.0,0.0
33,72,3.0,0.0
33,72,4.0,0.0
33,72,5.0,0.0
33,72,6.0,9.167116e-11
33,72,7.0,2.1748357e-07
33,72,8.0,3.5939195e-07
33,72,9.0,0.0
33,72,10.0,5.015392e-09
33,72,11.0,2.5858135e-10
33,72,12.0,4.9820157e-09
33,72,13.0,0.0
33,72,14.0,3.5648164e-08
33,73,0.0,1.02837454e-07
33,73,1.0,7.329682e-09
33,73,2.0,0.0
33,73,3.0,0.0
33,73,4.0,0.0
33,73,5.0,0.0
33,73,6.0,4.5549037e-08
33,73,7.0,9.305557e-08
33,73,8.0,0.0
33,73,9.0,0.0
33,73,10.0,0.0
33,73,11.0,9.9613935e-09
33,73,12.0,4.475078e-06
33,73,13.0,8.138538e-07
33,73,14.0,3.6524968e-06
33,74,0.0,0.0
33,74,1.0,0.0
33,74,2.0,0.0
33,74,3.0,0.0
33,74,4.0,0.0
33,74,5.0,0.0
33,74,6.0,0.0
33,74,7.0,0.0
33,74,8.0,0.0
33,74,9.0,0.0
33,74,10.0,6.043339e-08
33,74,11.0,1.0259035e-06
33,74,12.0,3.021658e-06
33,74,13.0,1.448551e-06
33,74,14.0,3.393481e-06
33,75,0.0,0.0
33,75,1.0,0.0
33,75,2.0,0.0
33,75,3.0,0.0
33,75,4.0,0.0
33,75,5.0,0.0
33,75,6.0,0.0
33,75,7.0,0.0
33,75,8.0,0.0
33,75,9.0,1.4254535e-07
33,75,10.0,0.0
33,75,11.0,0.0
33,75,12.0,0.0
33,75,13.0,0.0
33,75,14.0,9.716848e-07
33,76,0.0,0.0
33,76,1.0,1.04170674e-07
33,76,2.0,2.1566752e-06
33,76,3.0,5.54681e-06
33,76,4.0,3.157158e-08
33,76,5.0,1.991586e-06
33,76,6.0,8.351551e-07
33,76,7.0,2.820204e-10
33,76,8.0,0.0
33,76,9.0,0.0
33,76,10.0,0.0
33,76,11.0,0.0
33,76,12.0,0.0
33,76,13.0,1.1339044e-06
33,76,14.0,1.4405512e-05
33,77,0.0,3.3755495e-07
33,77,1.0,1.7864182e-06
33,77,2.0,9.213804e-09
33,77,3.0,0.0
33,77,4.0,0.0
33,77,5.0,0.0
33,77,6.0,0.0
33,77,7.0,0.0
33,77,8.0,5.979424e-11
33,77,9.0,2.2013278e-06
33,77,10.0,1.106013e-06
33,77,11.0,1.2188585e-05
33,77,12.0,1.12007565e-05
33,77,13.0,2.7929682e-05
33,77,14.0,0.0001613364
33,78,0.0,2.6512862e-06
33,78,1.0,1.0681046e-06
33,78,2.0,5.6052713e-06
33,78,3.0,3.9487903e-05
33,78,4.0,3.954818e-06
33,78,5.0,1.5157126e-05
33,78,6.0,4.326932e-06
33,78,7.0,1.894717e-05
33,78,8.0,1.2061994e-05
33,78,9.0,1.6886343e-05
33,78,10.0,5.1330658e-06
33,78,11.0,5.039764e-06
33,78,12.0,9.783076e-06
33,78,13.0,8.336581e-06
33,78,14.0,0.00010033583
33,79,0.0,0.0001929106
33,79,1.0,0.0001975888
33,79,2.0,7.822266e-05
33,79,3.0,0.00016828564
33,79,4.0,0.00029953805
33,79,5.0,0.00023448284
33,79,6.0,0.00023915205
33,79,7.0,0.00024660252
33,79,8.0,0.0003407926
33,79,9.0,0.00042050594
33,79,10.0,0.00043078102
33,79,11.0,0.0005115455
33,79,12.0,0.0012505933
33,79,13.0,0.0015445247
33,79,14.0,0.0017313671
33,80,0.0,0.0017206226
33,80,1.0,0.0017930183
33,80,2.0,0.002712272
33,80,3.0,0.0030906636
33,80,4.0,0.002522356
33,80,5.0,0.004374301
33,80,6.0,0.0036398002
33,80,7.0,0.002710171
33,80,8.0,0.0028274904
33,80,9.0,0.0034897658
33,80,10.0,0.0037809017
33,80,11.0,0.006936314
33,80,12.0,0.0068854624
33,80,13.0,0.008154733
33,80,14.0,0.007753879
33,81,0.0,0.0063239094
33,81,1.0,0.010533812
33,81,2.0,0.014838946
33,81,3.0,0.018765014
33,81,4.0,0.02193135
33,81,5.0,0.023181789
33,81,6.0,0.02492931
33,81,7.0,0.023827152
33,81,8.0,0.023011543
33,81,9.0,0.025812937
33,81,10.0,0.029938865
33,81,11.0,0.02668941
33,81,12.0,0.025038695
33,81,13.0,0.024950806
33,81,14.0,0.024927618
33,82,0.0,0.023778433
33,82,1.0,0.02871541
33,82,2.0,0.039958764
33,82,3.0,0.04817242
33,82,4.0,0.052972235
33,82,5.0,0.05467592
33,82,6.0,0.057221547
33,82,7.0,0.060295977
33,82,8.0,0.05725602
33,82,9.0,0.053265467
33,82,10.0,0.051787175
33,82,11.0,0.05919808
33,82,12.0,0.056883194
33,82,13.0,0.06118878
33,82,14.0,0.062526695
33,83,0.0,0.036812596
33,83,1.0,0.053144217
33,83,2.0,0.07044819
33,83,3.0,0.08206449
33,83,4.0,0.08921344
33,83,5.0,0.0916912
33,83,6.0,0.09803269
33,83,7.0,0.09847423
33,83,8.0,0.07956489
33,83,9.0,0.073190525
33,83,10.0,0.084750295
33,83,11.0,0.08084398
33,83,12.0,0.08503697
33,83,13.0,0.09070987
33,83,14.0,0.08177736
33,84,0.0,0.03527376
33,84,1.0,0.03972437
33,84,2.0,0.05413564
33,84,3.0,0.0638224
33,84,4.0,0.074197985
33,84,5.0,0.07719503
33,84,6.0,0.072319955
33,84,7.0,0.067028716
33,84,8.0,0.05702318
33,84,9.0,0.06038125
33,84,10.0,0.065888636
33,84,11.0,0.0706021
33,84,12.0,0.05586927
33,84,13.0,0.05412157
33,84,14.0,0.055639382
33,85,0.0,0.020822087
33,85,1.0,0.022434654
33,85,2.0,0.031495858
33,85,3.0,0.03849005
33,85,4.0,0.04429517
33,85,5.0,0.041179698
33,85,6.0,0.03779434
33,85,7.0,0.04083494
33,85,8.0,0.043632343
33,85,9.0,0.038621396
33,85,10.0,0.031790618
33,85,11.0,0.031677283
33,85,12.0,0.033821985
33,85,13.0,0.040502116
33,85,14.0,0.037315164
33,86,0.0,0.005542161
33,86,1.0,0.0070683756
33,86,2.0,0.008442866
33,86,3.0,0.010254275
33,86,4.0,0.011881725
33,86,5.0,0.0129322
33,86,6.0,0.013231343
33,86,7.0,0.011746043
33,86,8.0,0.011729756
33,86,9.0,0.011272349
33,86,10.0,0.014858886
33,86,11.0,0.011526859
33,86,12.0,0.012952841
33,86,13.0,0.010907994
33,86,14.0,0.012827157
33,87,0.0,0.0026123333
33,87,1.0,0.0023456293
33,87,2.0,0.0019377796
33,87,3.0,0.0035120607
33,87,4.0,0.0034042841
33,87,5.0,0.0036100496
33,87,6.0,0.004191054
33,87,7.0,0.0037956673
33,87,8.0,0.0041137724
33,87,9.0,0.0038085834
33,87,10.0,0.005118315
33,87,11.0,0.0039625405
33,87,12.0,0.004645231
33,87,13.0,0.0038463785
33,87,14.0,0.0031037896
33,88,0.0,0.00017786278
33,88,1.0,0.00010557913
33,88,2.0,0.00030383907
33,88,3.0,0.00045153228
33,88,4.0,0.00039321612
33,88,5.0,0.00036013956
33,88,6.0,0.00030603653
33,88,7.0,0.00040383966
33,88,8.0,0.00030498533
33,88,9.0,0.00031515665
33,88,10.0,0.00042471715
33,88,11.0,0.00071055384
33,88,12.0,0.0006085459
33,88,13.0,0.00018783966
33,88,14.0,0.00034007846
33,89,0.0,5.4913808e-06
33,89,1.0,1.8713801e-05
33,89,2.0,2.9199397e-05
33,89,3.0,8.209221e-05
33,89,4.0,5.6700832e-05
33,89,5.0,2.676464e-05
33,89,6.0,5.7490626e-05
33,89,7.0,0.00019402282
33,89,8.0,0.00015636714
33,89,9.0,0.00011073908
33,89,10.0,4.183041e-05
33,89,11.0,3.562876e-05
33,89,12.0,3.8239465e-05
33,89,13.0,8.9963476e-05
33,89,14.0,0.00010564146
33,90,0.0,5.7405803e-08
33,90,1.0,4.172452e-08
33,90,2.0,5.22297e-07
33,90,3.0,4.5859096e-07
33,90,4.0,7.9327336e-08
33,90,5.0,5.949657e-06
33,90,6.0,8.639515e-06
33,90,7.0,1.7576576e-06
33,90,8.0,7.670368e-06
33,90,9.0,6.146892e-07
33,90,10.0,0.0
33,90,11.0,0.0
33,90,12.0,0.0
33,90,13.0,1.2988293e-07
33,90,14.0,7.385802e-06
33,91,0.0,0.0
33,91,1.0,8.0813415e-08
33,91,2.0,1.1294551e-06
33,91,3.0,8.770233e-09
33,91,4.0,0.0
33,91,5.0,0.0
33,91,6.0,6.588885e-08
33,91,7.0,2.9820178e-11
33,91,8.0,3.4498908e-06
33,91,9.0,1.245472e-07
33,91,10.0,0.0
33,91,11.0,0.0
33,91,12.0,0.0
33,91,13.0,0.0
33,91,14.0,0.0
33,92,0.0,0.0
33,92,1.0,1.2624447e-11
33,92,2.0,2.3396562e-07
33,92,3.0,5.288006e-10
33,92,4.0,1.781816e-07
33,92,5.0,7.1906676e-08
33,92,6.0,1.6750103e-07
33,92,7.0,4.6656297e-07
33,92,8.0,1.0287045e-07
33,92,9.0,3.1936676e-09
33,92,10.0,0.0
33,92,11.0,0.0
33,92,12.0,0.0
33,92,13.0,0.0
33,92,14.0,0.0
33,93,0.0,8.29556e-08
33,93,1.0,0.0
33,93,2.0,0.0
33,93,3.0,0.0
33,93,4.0,0.0
33,93,5.0,0.0
33,93,6.0,0.0
33,93,7.0,3.881248e-09
33,93,8.0,1.6668268e-07
33,93,9.0,0.0
33,93,10.0,2.6559692e-07
33,93,11.0,1.1209697e-08
33,93,12.0,0.0
33,93,13.0,5.284594e-07
33,93,14.0,1.1144604e-06
33,94,0.0,3.7415573e-09
33,94,1.0,1.5614217e-09
33,94,2.0,0.0
33,94,3.0,2.682082e-09
33,94,4.0,5.0064784e-08
33,94,5.0,2.007881e-08
33,94,6.0,0.0
33,94,7.0,2.567706e-13
33,94,8.0,0.0
33,94,9.0,0.0
33,94,10.0,0.0
33,94,11.0,0.0
33,94,12.0,0.0
33,94,13.0,0.0
33,94,14.0,0.0
33,95,0.0,4.915043e-07
33,95,1.0,8.050194e-08
33,95,2.0,0.0
33,95,3.0,4.788029e-09
33,95,4.0,0.0
33,95,5.0,3.8757367e-08
33,95,6.0,0.0
33,95,7.0,2.8374512e-07
33,95,8.0,2.3474485e-08
33,95,9.0,0.0
33,95,10.0,0.0
33,95,11.0,0.0
33,95,12.0,0.0
33,95,13.0,0.0
33,95,14.0,0.0
34,74,0.0,3.5497266e-07
34,74,1.0,0.0
34,74,2.0,0.0
34,74,3.0,1.7576033e-09
34,74,4.0,1.6159378e-09
34,74,5.0,2.7722378e-09
34,74,6.0,3.668427e-07
34,74,7.0,5.937587e-06
34,74,8.0,2.3193125e-07
34,74,9.0,0.0
34,74,10.0,2.0952561e-07
34,74,11.0,2.7912401e-09
34,74,12.0,1.9181087e-05
34,74,13.0,2.3904116e-05
34,74,14.0,4.7689837e-06
34,75,0.0,0.0
34,75,1.0,0.0
34,75,2.0,5.6252474e-09
34,75,3.0,3.5924728e-07
34,75,4.0,1.0011071e-07
34,75,5.0,6.4548317e-07
34,75,6.0,2.6600032e-06
34,75,7.0,3.5946753e-06
34,75,8.0,1.2941917e-06
34,75,9.0,1.3243966e-06
34,75,10.0,1.6943594e-06
34,75,11.0,1.9907363e-07
34,75,12.0,8.10194e-08
34,75,13.0,1.9446423e-08
34,75,14.0,0.0
34,76,0.0,2.7129548e-08
34,76,1.0,0.0
34,76,2.0,0.0
34,76,3.0,1.41548915e-08
34,76,4.0,2.647352e-07
34,76,5.0,1.1172606e-06
34,76,6.0,2.3539062e-06
34,76,7.0,9.478027e-07
34,76,8.0,6.6311435e-07
34,76,9.0,1.4735016e-07
34,76,10.0,2.5138036e-12
34,76,11.0,0.0
34,76,12.0,0.0
34,76,13.0,0.0
34,76,14.0,0.0
34,77,0.0,0.0
34,77,1.0,0.0
34,77,2.0,1.6665206e-08
34,77,3.0,3.7912753e-07
34,77,4.0,3.170995e-07
34,77,5.0,3.6315276e-07
34,77,6.0,0.0
34,77,7.0,0.0
34,77,8.0,0.0
34,77,9.0,1.5217529e-06
34,77,10.0,1.7206934e-06
34,77,11.0,2.556686e-07
34,77,12.0,2.5808794e-07
34,77,13.0,5.986008e-07
34,77,14.0,2.3231544e-06
34,78,0.0,3.086083e-08
34,78,1.0,0.0
34,78,2.0,0.0
34,78,3.0,0.0
34,78,4.0,0.0
34,78,5.0,0.0
34,78,6.0,0.0
34,78,7.0,0.0
34,78,8.0,0.0
34,78,9.0,0.0
34,78,10.0,1.6032632e-07
34,78,11.0,6.7660346e-07
34,78,12.0,3.700436e-08
34,78,13.0,0.0
34,78,14.0,8.738353e-10
34,79,0.0,6.3223097e-06
34,79,1.0,0.0
34,79,2.0,1.7568659e-09
34,79,3.0,0.0
34,79,4.0,0.0
34,79,5.0,0.0
34,79,6.0,0.0
34,79,7.0,0.0
34,79,8.0,1.8258083e-06
34,79,9.0,1.0708685e-05
34,79,10.0,2.5361134e-05
34,79,11.0,0.00010244955
34,79,12.0,6.7063724e-05
34,79,13.0,3.5158798e-06
34,79,14.0,5.7974894e-06
34,80,0.0,0.0001065496
34,80,1.0,0.00023853422
34,80,2.0,0.0002336528
34,80,3.0,0.00020292978
34,80,4.0,0.00022240335
34,80,5.0,0.00039798932
34,80,6.0,0.00053272914
34,80,7.0,0.00049895665
34,80,8.0,0.0005939321
34,80,9.0,0.0007953971
34,80,10.0,0.0013955922
34,80,11.0,0.0012515766
34,80,12.0,0.00082768546
34,80,13.0,0.00066754705
34,80,14.0,0.0007139247
34,81,0.0,0.0017325949
34,81,1.0,0.0026221937
34,81,2.0,0.0021738687
34,81,3.0,0.0022092434
34,81,4.0,0.0024277496
34,81,5.0,0.0029128331
34,81,6.0,0.0035651976
34,81,7.0,0.0035889936
34,81,8.0,0.0039198147
34,81,9.0,0.0038846384
34,81,10.0,0.0031771432
34,81,11.0,0.0028941093
34,81,12.0,0.0033933395
34,81,13.0,0.0056573073
34,81,14.0,0.0050874576
34,82,0.0,0.00806735
34,82,1.0,0.0112001
34,82,2.0,0.014927754
34,82,3.0,0.014779463
34,82,4.0,0.015836408
34,82,5.0,0.017898578
34,82,6.0,0.019752719
34,82,7.0,0.019781793
34,82,8.0,0.019098317
34,82,9.0,0.016921705
34,82,10.0,0.014809448
34,82,11.0,0.01638456
34,82,12.0,0.018449988
34,82,13.0,0.021365194
34,82,14.0,0.025104778
34,83,0.0,0.037043653
34,83,1.0,0.04100268
34,83,2.0,0.0427665
34,83,3.0,0.043581706
34,83,4.0,0.047861893
34,83,5.0,0.05253849
34,83,6.0,0.054866638
34,83,7.0,0.055855
34,83,8.0,0.06550124
34,83,9.0,0.0708127
34,83,10.0,0.05793158
34,83,11.0,0.055398304
34,83,12.0,0.05354278
34,83,13.0,0.053356733
34,83,14.0,0.06010109
34,84,0.0,0.07421574
34,84,1.0,0.093869954
34,84,2.0,0.08734104
34,84,3.0,0.08975095
34,84,4.0,0.09824195
34,84,5.0,0.10291591
34,84,6.0,0.10322143
34,84,7.0,0.108972706
34,84,8.0,0.12300001
34,84,9.0,0.1249995
34,84,10.0,0.11837066
34,84,11.0,0.113597184
34,84,12.0,0.112855524
34,84,13.0,0.1182434
34,84,14.0,0.13232863
34,85,0.0,0.1408589
34,85,1.0,0.15498012
34,85,2.0,0.16595186
34,85,3.0,0.16093345
34,85,4.0,0.16425946
34,85,5.0,0.16449708
34,85,6.0,0.16586402
34,85,7.0,0.17104733
34,85,8.0,0.17665006
34,85,9.0,0.17284669
34,85,10.0,0.16285665
34,85,11.0,0.15190871
34,85,12.0,0.1558291
34,85,13.0,0.15386258
34,85,14.0,0.15646313
34,86,0.0,0.16011085
34,86,1.0,0.16073468
34,86,2.0,0.1655977
34,86,3.0,0.15870273
34,86,4.0,0.15383323
34,86,5.0,0.15714951
34,86,6.0,0.16563454
34,86,7.0,0.16568857
34,86,8.0,0.16582716
34,86,9.0,0.15983526
34,86,10.0,0.15128265
34,86,11.0,0.1397774
34,86,12.0,0.12624733
34,86,13.0,0.11583211
34,86,14.0,0.11468274
34,87,0.0,0.10138884
34,87,1.0,0.10062843
34,87,2.0,0.093903504
34,87,3.0,0.091159806
34,87,4.0,0.0933008
34,87,5.0,0.09247267
34,87,6.0,0.09338291
34,87,7.0,0.09658937
34,87,8.0,0.09421489
34,87,9.0,0.088629656
34,87,10.0,0.07814379
34,87,11.0,0.07184835
34,87,12.0,0.07754265
34,87,13.0,0.07262577
34,87,14.0,0.07441479
34,88,0.0,0.035892133
34,88,1.0,0.03666675
34,88,2.0,0.034846906
34,88,3.0,0.033346627
34,88,4.0,0.031120133
34,88,5.0,0.033199366
34,88,6.0,0.032073304
34,88,7.0,0.030088447
34,88,8.0,0.034129836
34,88,9.0,0.03233104
34,88,10.0,0.027488358
34,88,11.0,0.025107479
34,88,12.0,0.02716293
34,88,13.0,0.024156937
34,88,14.0,0.029585736
34,89,0.0,0.00733839
34,89,1.0,0.007958581
34,89,2.0,0.007642113
34,89,3.0,0.00795148
34,89,4.0,0.007764156
34,89,5.0,0.0077147004
34,89,6.0,0.007822584
34,89,7.0,0.008016713
34,89,8.0,0.008069284
34,89,9.0,0.0077785915
34,89,10.0,0.007663653
34,89,11.0,0.0072866376
34,89,12.0,0.008187806
34,89,13.0,0.00826343
34,89,14.0,0.0063481643
34,90,0.0,0.0012172944
34,90,1.0,0.0018457209
34,90,2.0,0.001794838
34,90,3.0,0.0012849822
34,90,4.0,0.0013590135
34,90,5.0,0.0012515703
34,90,6.0,0.0013437971
34,90,7.0,0.001556483
34,90,8.0,0.001323008
34,90,9.0,0.0012496185
34,90,10.0,0.0013609238
34,90,11.0,0.0015275065
34,90,12.0,0.0014346403
34,90,13.0,0.0014594346
34,90,14.0,0.0014744301
34,91,0.0,5.9926246e-05
34,91,1.0,2.4216848e-05
34,91,2.0,6.391727e-05
34,91,3.0,0.00011771003
34,91,4.0,0.0001227677
34,91,5.0,0.00016149502
34,91,6.0,0.0001910033
34,91,7.0,0.00017705021
34,91,8.0,0.00016498982
34,91,9.0,0.00011556559
34,91,10.0,7.5767515e-05
34,91,11.0,0.00010523761
34,91,12.0,0.00015389413
34,91,13.0,0.00022555748
34,91,14.0,8.581076e-05
34,92,0.0,2.6384608e-10
34,92,1.0,9.592401e-09
34,92,2.0,3.937008e-06
34,92,3.0,4.3392603e-07
34,92,4.0,0.0
34,92,5.0,7.8327944e-10
34,92,6.0,4.1282792e-08
34,92,7.0,6.0733294e-07
34,92,8.0,6.199999e-09
34,92,9.0,1.9553602e-07
34,92,10.0,7.828878e-07
34,92,11.0,1.031803e-06
34,92,12.0,1.4136491e-06
34,92,13.0,1.2427261e-06
34,92,14.0,0.0
34,93,0.0,6.980522e-08
34,93,1.0,0.0
34,93,2.0,1.4154368e-07
34,93,3.0,4.402919e-15
34,93,4.0,0.0
34,93,5.0,0.0
34,93,6.0,0.0
34,93,7.0,0.0
34,93,8.0,0.0
34,93,9.0,3.616108e-07
34,93,10.0,2.6073149e-06
34,93,11.0,1.6846556e-06
34,93,12.0,8.213204e-08
34,93,13.0,2.444551e-15
34,93,14.0,0.0
34,94,0.0,0.0
34,94,1.0,0.0
34,94,2.0,0.0
34,94,3.0,1.7682432e-07
34,94,4.0,3.1872924e-06
34,94,5.0,3.07019e-06
34,94,6.0,2.7111232e-06
34,94,7.0,1.8179638e-06
34,94,8.0,3.5086698e-06
34,94,9.0,2.7599942e-06
34,94,10.0,1.6339885e-06
34,94,11.0,0.0
34,94,12.0,1.2448786e-06
34,94,13.0,0.0
34,94,14.0,0.0
34,95,0.0,1.2050345e-08
34,95,1.0,0.0
34,95,2.0,1.12781136e-08
34,95,3.0,2.2989707e-07
34,95,4.0,6.831748e-07
34,95,5.0,1.7187543e-09
34,95,6.0,0.0
34,95,7.0,0.0
34,95,8.0,0.0
34,95,9.0,1.2871333e-08
34,95,10.0,0.0
34,95,11.0,1.279602e-07
34,95,12.0,0.0
34,95,13.0,3.068485e-08
34,95,14.0,1.3673406e-07
34,96,0.0,6.2825523e-09
34,96,1.0,8.925906e-09
34,96,2.0,0.0
34,96,3.0,0.0
34,96,4.0,0.0
34,96,5.0,7.7072326e-10
34,96,6.0,1.7272455e-06
34,96,7.0,1.2683591e-09
34,96,8.0,2.9333322e-07
34,96,9.0,2.5418382e-07
34,96,10.0,3.995169e-06
34,96,11.0,0.0
34,96,12.0,8.607927e-09
34,96,13.0,2.963513e-07
34,96,14.0,6.264442e-08
35,77,0.0,7.661971e-09
35,77,1.0,0.0
35,77,2.0,0.0
35,77,3.0,0.0
35,77,4.0,0.0
35,77,5.0,0.0
35,77,6.0,0.0
35,77,7.0,0.0
35,77,8.0,0.0
35,77,9.0,0.0
35,77,10.0,0.0
35,77,11.0,0.0
35,77,12.0,0.0
35,77,13.0,0.0
35,77,14.0,0.0
35,78,0.0,0.0
35,78,1.0,0.0
35,78,2.0,0.0
35,78,3.0,0.0
35,78,4.0,0.0
35,78,5.0,0.0
35,78,6.0,3.9985852e-07
35,78,7.0,3.4343674e-07
35,78,8.0,1.5941303e-08
35,78,9.0,4.2793506e-08
35,78,10.0,1.9699767e-06
35,78,11.0,2.8522104e-06
35,78,12.0,2.3170041e-06
35,78,13.0,2.7221354e-06
35,78,14.0,6.0922976e-06
35,79,0.0,0.0
35,79,1.0,0.0
35,79,2.0,0.0
35,79,3.0,0.0
35,79,4.0,0.0
35,79,5.0,0.0
35,79,6.0,0.0
35,79,7.0,0.0
35,79,8.0,0.0
35,79,9.0,6.942006e-07
35,79,10.0,9.3765124e-07
35,79,11.0,0.0
35,79,12.0,0.0
35,79,13.0,0.0
35,79,14.0,0.0
35,80,0.0,1.603947e-06
35,80,1.0,0.0
35,80,2.0,0.0
35,80,3.0,0.0
35,80,4.0,0.0
35,80,5.0,0.0
35,80,6.0,0.0
35,80,7.0,0.0
35,80,8.0,0.0
35,80,9.0,0.0
35,80,10.0,0.0
35,80,11.0,2.133258e-06
35,80,12.0,4.4971603e-06
35,80,13.0,5.0071285e-06
35,80,14.0,3.0072522e-07
35,81,0.0,0.0
35,81,1.0,0.0
35,81,2.0,3.460306e-06
35,81,3.0,2.6183658e-05
35,81,4.0,2.5856538e-05
35,81,5.0,1.42713825e-05
35,81,6.0,6.691254e-06
35,81,7.0,2.6834703e-06
35,81,8.0,2.9528805e-06
35,81,9.0,1.5182238e-05
35,81,10.0,3.2826414e-05
35,81,11.0,2.55388e-05
35,81,12.0,2.6015874e-05
35,81,13.0,1.560911e-05
35,81,14.0,4.8111127e-05
35,82,0.0,0.000119906144
35,82,1.0,0.00015509271
35,82,2.0,9.742179e-05
35,82,3.0,0.00013673668
35,82,4.0,0.00018847866
35,82,5.0,0.00019907654
35,82,6.0,0.00022216224
35,82,7.0,0.00027483964
35,82,8.0,0.0003270367
35,82,9.0,0.0002077058
35,82,10.0,0.0002861914
35,82,11.0,0.00034641122
35,82,12.0,0.00029070795
35,82,13.0,0.00048034816
35,82,14.0,0.00064363756
35,83,0.0,0.0019721647
35,83,1.0,0.0016977987
35,83,2.0,0.0017150523
35,83,3.0,0.0020717825
35,83,4.0,0.0021449365
35,83,5.0,0.0022883057
35,83,6.0,0.002622625
35,83,7.0,0.002598923
35,83,8.0,0.0028380295
35,83,9.0,0.0028292744
35,83,10.0,0.003126419
35,83,11.0,0.002711945
35,83,12.0,0.0029947886
35,83,13.0,0.0036631664
35,83,14.0,0.0037913253
35,84,0.0,0.011716866
35,84,1.0,0.010757627
35,84,2.0,0.011004156
35,84,3.0,0.011536212
35,84,4.0,0.0126267355
35,84,5.0,0.012727004
35,84,6.0,0.013847159
35,84,7.0,0.01515349
35,84,8.0,0.016383763
35,84,9.0,0.01699583
35,84,10.0,0.014759228
35,84,11.0,0.012783757
35,84,12.0,0.013719193
35,84,13.0,0.018243985
35,84,14.0,0.020375893
35,85,0.0,0.05640382
35,85,1.0,0.052160673
35,85,2.0,0.053691596
35,85,3.0,0.059607815
35,85,4.0,0.06409886
35,85,5.0,0.07064525
35,85,6.0,0.07354085
35,85,7.0,0.07521154
35,85,8.0,0.07683256
35,85,9.0,0.07242105
35,85,10.0,0.066883236
35,85,11.0,0.06702639
35,85,12.0,0.06480397
35,85,13.0,0.06459982
35,85,14.0,0.06805869
35,86,0.0,0.10836542
35,86,1.0,0.10490329
35,86,2.0,0.114387155
35,86,3.0,0.12035119
35,86,4.0,0.12086709
35,86,5.0,0.12621886
35,86,6.0,0.1284576
35,86,7.0,0.13087419
35,86,8.0,0.13527352
35,86,9.0,0.13117437
35,86,10.0,0.12209802
35,86,11.0,0.11948536
35,86,12.0,0.123102866
35,86,13.0,0.12841395
35,86,14.0,0.14123273
35,87,0.0,0.2176127
35,87,1.0,0.21753636
35,87,2.0,0.216274
35,87,3.0,0.20898154
35,87,4.0,0.2217328
35,87,5.0,0.22144024
35,87,6.0,0.2202696
35,87,7.0,0.22138809
35,87,8.0,0.20951013
35,87,9.0,0.20705627
35,87,10.0,0.20352042
35,87,11.0,0.2012109
35,87,12.0,0.20792946
35,87,13.0,0.21311663
35,87,14.0,0.20469986
35,88,0.0,0.23664683
35,88,1.0,0.22735436
35,88,2.0,0.22526461
35,88,3.0,0.2329666
35,88,4.0,0.2277994
35,88,5.0,0.24745257
35,88,6.0,0.25078905
35,88,7.0,0.23687929
35,88,8.0,0.24461475
35,88,9.0,0.2379067
35,88,10.0,0.2360826
35,88,11.0,0.23319288
35,88,12.0,0.2296105
35,88,13.0,0.23505235
35,88,14.0,0.23146091
35,89,0.0,0.1719963
35,89,1.0,0.16871692
35,89,2.0,0.16962238
35,89,3.0,0.17526598
35,89,4.0,0.18562242
35,89,5.0,0.18746614
35,89,6.0,0.18698615
35,89,7.0,0.18149514
35,89,8.0,0.17490605
35,89,9.0,0.16824931
35,89,10.0,0.15853673
35,89,11.0,0.15316002
35,89,12.0,0.14516558
35,89,13.0,0.1403972
35,89,14.0,0.12650569
35,90,0.0,0.065819696
35,90,1.0,0.061594814
35,90,2.0,0.06884669
35,90,3.0,0.076970756
35,90,4.0,0.08229485
35,90,5.0,0.083143055
35,90,6.0,0.0849534
35,90,7.0,0.08264663
35,90,8.0,0.07881319
35,90,9.0,0.07410361
35,90,10.0,0.07198293
35,90,11.0,0.07064244
35,90,12.0,0.07092264
35,90,13.0,0.072625354
35,90,14.0,0.06851374
35,91,0.0,0.014695469
35,91,1.0,0.01692308
35,91,2.0,0.020886675
35,91,3.0,0.023070807
35,91,4.0,0.022405263
35,91,5.0,0.022100858
35,91,6.0,0.020467041
35,91,7.0,0.019354763
35,91,8.0,0.0196172
35,91,9.0,0.018905273
35,91,10.0,0.020321166
35,91,11.0,0.019151244
35,91,12.0,0.019968923
35,91,13.0,0.022214228
35,91,14.0,0.022065029
35,92,0.0,0.002982078
35,92,1.0,0.0019127743
35,92,2.0,0.002309651
35,92,3.0,0.0031640818
35,92,4.0,0.0029047432
35,92,5.0,0.002736604
35,92,6.0,0.0026608866
35,92,7.0,0.0029298672
35,92,8.0,0.0024741325
35,92,9.0,0.0036608663
35,92,10.0,0.003723066
35,92,11.0,0.0035677324
35,92,12.0,0.0043748897
35,92,13.0,0.0037099721
35,92,14.0,0.004910218
35,93,0.0,0.00017389575
35,93,1.0,0.000233404
35,93,2.0,0.00038787175
35,93,3.0,0.00047241716
35,93,4.0,0.0004479322
35,93,5.0,0.00045499907
35,93,6.0,0.00044268032
35,93,7.0,0.00043913192
35,93,8.0,0.00043315586
35,93,9.0,0.0002941588
35,93,10.0,0.00024155018
35,93,11.0,0.00039725736
35,93,12.0,0.00053236785
35,93,13.0,0.00035927034
35,93,14.0,0.00032874916
35,94,0.0,2.8801036e-05
35,94,1.0,5.2838663e-05
35,94,2.0,5.933358e-05
35,94,3.0,3.736461e-05
35,94,4.0,1.752831e-05
35,94,5.0,1.893118e-05
35,94,6.0,1.4129058e-05
35,94,7.0,2.1126105e-05
35,94,8.0,3.0556123e-05
35,94,9.0,4.4724744e-05
35,94,10.0,5.2141564e-05
35,94,11.0,5.949372e-05
35,94,12.0,1.914223e-05
35,94,13.0,3.4283155e-05
35,94,14.0,4.1772237e-05
35,95,0.0,3.2598595e-09
35,95,1.0,1.7972937e-08
35,95,2.0,9.4968456e-08
35,95,3.0,2.182417e-06
35,95,4.0,1.880302e-06
35,95,5.0,2.9394116e-06
35,95,6.0,1.2180199e-07
35,95,7.0,0.0
35,95,8.0,0.0
35,95,9.0,0.0
35,95,10.0,0.0
35,95,11.0,0.0
35,95,12.0,6.945953e-08
35,95,13.0,1.7275772e-07
35,95,14.0,1.2010129e-05
35,96,0.0,0.0
35,96,1.0,3.6412303e-08
35,96,2.0,2.2626934e-07
35,96,3.0,2.2651527e-07
35,96,4.0,5.8483243e-07
35,96,5.0,9.042716e-07
35,96,6.0,5.186868e-12
35,96,7.0,1.3904804e-07
35,96,8.0,2.415367e-08
35,96,9.0,0.0
35,96,10.0,2.1027655e-07
35,96,11.0,1.1292571e-05
35,96,12.0,1.4541638e-06
35,96,13.0,2.1513092e-06
35,96,14.0,4.370922e-07
35,97,0.0,3.315267e-06
35,97,1.0,4.16964e-06
35,97,2.0,1.4429626e-06
35,97,3.0,8.165007e-07
35,97,4.0,8.771708e-07
35,97,5.0,6.383632e-07
35,97,6.0,1.5128208e-08
35,97,7.0,0.0
35,97,8.0,0.0
35,97,9.0,2.5137092e-07
35,97,10.0,0.0
35,97,11.0,0.0
35,97,12.0,0.0
35,97,13.0,0.0
35,97,14.0,0.0
35,98,0.0,1.0274278e-07
35,98,1.0,0.0
35,98,2.0,8.555292e-07
35,98,3.0,1.5162985e-06
35,98,4.0,0.0
35,98,5.0,5.5951947e-08
35,98,6.0,0.0
35,98,7.0,0.0
35,98,8.0,0.0
35,98,9.0,0.0
35,98,10.0,0.0
35,98,11.0,1.7558659e-08
35,98,12.0,0.0
35,98,13.0,0.0
35,98,14.0,1.2975214e-07
35,99,0.0,8.346999e-07
35,99,1.0,1.8031432e-09
35,99,2.0,0.0
35,99,3.0,6.647701e-08
35,99,4.0,0.0
35,99,5.0,0.0
35,99,6.0,0.0
35,99,7.0,7.3556433e-10
35,99,8.0,1.120666e-08
35,99,9.0,0.0
35,99,10.0,2.6299026e-07
35,99,11.0,6.1892083e-06
35,99,12.0,7.973688e-06
35,99,13.0,2.7259548e-06
35,99,14.0,2.9896867e-07
35,100,0.0,0.0
35,100,1.0,4.4779588e-07
35,100,2.0,1.6424821e-05
35,100,3.0,2.531938e-07
35,100,4.0,2.2693782e-06
35,100,5.0,5.927818e-08
35,100,6.0,1.982315e-06
35,100,7.0,1.3111706e-05
35,100,8.0,1.5919697e-05
35,100,9.0,1.3756876e-07
35,100,10.0,0.0
35,100,11.0,0.0
35,100,12.0,0.0
35,100,13.0,0.0
35,100,14.0,1.2772982e-08
36,79,0.0,0.0
36,79,1.0,0.0
36,79,2.0,0.0
36,79,3.0,0.0
36,79,4.0,7.205437e-10
36,79,5.0,0.0
36,79,6.0,4.1183622e-08
36,79,7.0,2.0467974e-07
36,79,8.0,1.1960265e-06
36,79,9.0,3.742594e-06
36,79,10.0,5.5012297e-06
36,79,11.0,6.208579e-07
36,79,12.0,4.2587118e-07
36,79,13.0,6.4751646e-08
36,79,14.0,2.811389e-07
36,80,0.0,2.2577653e-06
36,80,1.0,2.3227883e-06
36,80,2.0,7.831987e-07
36,80,3.0,2.5322743e-06
36,80,4.0,3.6304398e-06
36,80,5.0,1.6703566e-06
36,80,6.0,4.6726376e-07
36,80,7.0,8.480083e-08
36,80,8.0,2.5036478e-08
36,80,9.0,1.053568e-06
36,80,10.0,3.0665923e-08
36,80,11.0,6.080774e-07
36,80,12.0,7.484055e-09
36,80,13.0,0.0
36,80,14.0,1.9313165e-06
36,81,0.0,3.6566948e-07
36,81,1.0,2.8505962e-09
36,81,2.0,0.0
36,81,3.0,0.0
36,81,4.0,8.018086e-09
36,81,5.0,2.6415498e-07
36,81,6.0,3.7308283e-07
36,81,7.0,1.3137826e-07
36,81,8.0,6.9261824e-10
36,81,9.0,0.0
36,81,10.0,4.4949675e-06
36,81,11.0,5.880265e-06
36,81,12.0,3.9840165e-06
36,81,13.0,2.0755314e-07
36,81,14.0,2.0249027e-09
36,82,0.0,9.11679e-08
36,82,1.0,1.5354146e-07
36,82,2.0,7.139812e-07
36,82,3.0,2.6369014e-06
36,82,4.0,6.506702e-06
36,82,5.0,4.8060883e-06
36,82,6.0,4.385507e-06
36,82,7.0,2.260205e-06
36,82,8.0,3.969344e-06
36,82,9.0,5.6213585e-06
36,82,10.0,1.6095751e-06
36,82,11.0,1.7783296e-06
36,82,12.0,4.242103e-06
36,82,13.0,3.0129008e-06
36,82,14.0,2.0630538e-05
36,83,0.0,4.8963225e-06
36,83,1.0,0.0
36,83,2.0,1.0266967e-06
36,83,3.0,1.1309849e-05
36,83,4.0,1.6632188e-05
36,83,5.0,3.5853045e-05
36,83,6.0,2.8407241e-05
36,83,7.0,2.3551738e-05
36,83,8.0,3.6268237e-05
36,83,9.0,2.5806603e-05
36,83,10.0,2.9236742e-05
36,83,11.0,1.7615048e-05
36,83,12.0,7.24259e-05
36,83,13.0,9.9305194e-05
36,83,14.0,9.6003765e-05
36,84,0.0,0.00023145454
36,84,1.0,0.00017249768
36,84,2.0,0.00018188973
36,84,3.0,0.00011173501
36,84,4.0,0.00013304909
36,84,5.0,0.00037950688
36,84,6.0,0.0005274583
36,84,7.0,0.00048245757
36,84,8.0,0.00035935472
36,84,9.0,0.00023116017
36,84,10.0,0.0002102096
36,84,11.0,0.00031288245
36,84,12.0,0.00028806366
36,84,13.0,0.00039819605
36,84,14.0,0.0006542686
36,85,0.0,0.0019326136
36,85,1.0,0.0011210884
36,85,2.0,0.0011893597
36,85,3.0,0.0012032158
36,85,4.0,0.0010851383
36,85,5.0,0.0017699625
36,85,6.0,0.002268959
36,85,7.0,0.0023282066
36,85,8.0,0.0029831976
36,85,9.0,0.0020254322
36,85,10.0,0.0023153364
36,85,11.0,0.0023841872
36,85,12.0,0.0024936136
36,85,13.0,0.0029030477
36,85,14.0,0.0047692
36,86,0.0,0.021656733
36,86,1.0,0.01900024
36,86,2.0,0.016281331
36,86,3.0,0.016110322
36,86,4.0,0.017374283
36,86,5.0,0.018456362
36,86,6.0,0.020392606
36,86,7.0,0.025860567
36,86,8.0,0.02953262
36,86,9.0,0.030864488
36,86,10.0,0.03014679
36,86,11.0,0.024768427
36,86,12.0,0.025560576
36,86,13.0,0.027466042
36,86,14.0,0.027121501
36,87,0.0,0.0816382
36,87,1.0,0.06642166
36,87,2.0,0.059489194
36,87,3.0,0.06074185
36,87,4.0,0.06316978
36,87,5.0,0.06366125
36,87,6.0,0.071809344
36,87,7.0,0.080579795
36,87,8.0,0.088502824
36,87,9.0,0.087752834
36,87,10.0,0.08492695
36,87,11.0,0.082057126
36,87,12.0,0.08320761
36,87,13.0,0.09506351
36,87,14.0,0.10478894
36,88,0.0,0.26786032
36,88,1.0,0.24278468
36,88,2.0,0.22305056
36,88,3.0,0.2130677
36,88,4.0,0.20918678
36,88,5.0,0.21637037
36,88,6.0,0.22567819
36,88,7.0,0.24317107
36,88,8.0,0.25652012
36,88,9.0,0.24403544
36,88,10.0,0.2121472
36,88,11.0,0.20374316
36,88,12.0,0.22007315
36,88,13.0,0.24430645
36,88,14.0,0.25810584
36,89,0.0,0.49597022
36,89,1.0,0.4109416
36,89,2.0,0.36761117
36,89,3.0,0.350415
36,89,4.0,0.34046528
36,89,5.0,0.35668206
36,89,6.0,0.3663713
36,89,7.0,0.3869763
36,89,8.0,0.40122226
36,89,9.0,0.3940672
36,89,10.0,0.36872962
36,89,11.0,0.35883364
36,89,12.0,0.36684525
36,89,13.0,0.38849863
36,89,14.0,0.4047093
36,90,0.0,0.6120501
36,90,1.0,0.5471323
36,90,2.0,0.50424504
36,90,3.0,0.48088205
36,90,4.0,0.4613071
36,90,5.0,0.46047604
36,90,6.0,0.47210333
36,90,7.0,0.48873484
36,90,8.0,0.4984428
36,90,9.0,0.47403404
36,90,10.0,0.43623346
36,90,11.0,0.42003256
36,90,12.0,0.41731307
36,90,13.0,0.41984287
36,90,14.0,0.4261388
36,91,0.0,0.50332224
36,91,1.0,0.4620078
36,91,2.0,0.41236758
36,91,3.0,0.37548563
36,91,4.0,0.374076
36,91,5.0,0.3734758
36,91,6.0,0.37873414
36,91,7.0,0.37802354
36,91,8.0,0.37030482
36,91,9.0,0.35470635
36,91,10.0,0.34594145
36,91,11.0,0.33343777
36,91,12.0,0.31981432
36,91,13.0,0.30140725
36,91,14.0,0.2884614
36,92,0.0,0.23936282
36,92,1.0,0.21680807
36,92,2.0,0.19355154
36,92,3.0,0.1990719
36,92,4.0,0.20593575
36,92,5.0,0.20929231
36,92,6.0,0.20634623
36,92,7.0,0.2039139
36,92,8.0,0.19496775
36,92,9.0,0.17767023
36,92,10.0,0.16018488
36,92,11.0,0.14900675
36,92,12.0,0.14061958
36,92,13.0,0.12781394
36,92,14.0,0.11947105
36,93,0.0,0.06820651
36,93,1.0,0.07109871
36,93,2.0,0.06890837
36,93,3.0,0.067640096
36,93,4.0,0.06566334
36,93,5.0,0.062101793
36,93,6.0,0.059706427
36,93,7.0,0.058032822
36,93,8.0,0.056307152
36,93,9.0,0.05329393
36,93,10.0,0.050372235
36,93,11.0,0.04945432
36,93,12.0,0.045640305
36,93,13.0,0.045464296
36,93,14.0,0.038409017
36,94,0.0,0.016515728
36,94,1.0,0.01718294
36,94,2.0,0.0155009115
36,94,3.0,0.012810689
36,94,4.0,0.011903879
36,94,5.0,0.011907444
36,94,6.0,0.012177515
36,94,7.0,0.013899404
36,94,8.0,0.0135586895
36,94,9.0,0.013794625
36,94,10.0,0.014743777
36,94,11.0,0.014802561
36,94,12.0,0.0149961915
36,94,13.0,0.012765343
36,94,14.0,0.012284868
36,95,0.0,0.0020475313
36,95,1.0,0.002582735
36,95,2.0,0.0030941942
36,95,3.0,0.003144238
36,95,4.0,0.003208447
36,95,5.0,0.0028407387
36,95,6.0,0.0018789051
36,95,7.0,0.0017734123
36,95,8.0,0.0019763538
36,95,9.0,0.0019648797
36,95,10.0,0.0022712892
36,95,11.0,0.0024349575
36,95,12.0,0.002966834
36,95,13.0,0.002357341
36,95,14.0,0.0021515572
36,96,0.0,0.00041886012
36,96,1.0,0.00033612366
36,96,2.0,0.0002634595
36,96,3.0,0.0002791913
36,96,4.0,0.0001398268
36,96,5.0,0.0001786549
36,96,6.0,0.00024511598
36,96,7.0,0.00020755638
36,96,8.0,0.00026780737
36,96,9.0,0.00036348787
36,96,10.0,0.00039154815
36,96,11.0,0.00032664722
36,96,12.0,0.0005487527
36,96,13.0,0.00030471646
36,96,14.0,0.00048756367
36,97,0.0,8.920629e-05
36,97,1.0,1.7394526e-05
36,97,2.0,3.225699e-05
36,97,3.0,3.0391851e-05
36,97,4.0,2.7188511e-05
36,97,5.0,1.6276497e-05
36,97,6.0,2.2295586e-05
36,97,7.0,3.3163637e-05
36,97,8.0,5.2647232e-05
36,97,9.0,3.196981e-05
36,97,10.0,5.7722045e-05
36,97,11.0,6.2703206e-05
36,97,12.0,6.7152934e-05
36,97,13.0,1.0108965e-05
36,97,14.0,1.4460503e-05
36,98,0.0,2.4942913e-06
36,98,1.0,4.1131606e-10
36,98,2.0,1.2413191e-06
36,98,3.0,1.0397131e-06
36,98,4.0,7.22416e-07
36,98,5.0,4.8985305e-09
36,98,6.0,0.0
36,98,7.0,0.0
36,98,8.0,3.8665e-07
36,98,9.0,1.9973135e-07
36,98,10.0,5.6498066e-06
36,98,11.0,1.8415712e-06
36,98,12.0,9.3913496e-07
36,98,13.0,4.072225e-06
36,98,14.0,3.1624427e-06
36,99,0.0,5.211347e-07
36,99,1.0,0.0
36,99,2.0,0.0
36,99,3.0,4.6235314e-07
36,99,4.0,9.0541675e-07
36,99,5.0,2.9672341e-08
36,99,6.0,1.1718417e-07
36,99,7.0,0.0
36,99,8.0,0.0
36,99,9.0,4.4477883e-07
36,99,10.0,7.083958e-07
36,99,11.0,1.6570944e-07
36,99,12.0,0.0
36,99,13.0,1.5235528e-06
36,99,14.0,5.784883e-06
36,100,0.0,3.879418e-07
36,100,1.0,3.640205e-07
36,100,2.0,1.5695387e-10
36,100,3.0,5.4481425e-10
36,100,4.0,1.5194541e-07
36,100,5.0,6.45885e-08
36,100,6.0,2.8931835e-10
36,100,7.0,2.9005414e-09
36,100,8.0,0.0
36,100,9.0,0.0
36,100,10.0,1.0011651e-06
36,100,11.0,4.52032e-06
36,100,12.0,2.7885842e-06
36,100,13.0,3.0827465e-07
36,100,14.0,6.20658e-08
36,101,0.0,2.3860852e-10
36,101,1.0,3.7707892e-08
36,101,2.0,0.0
36,101,3.0,0.0
36,101,4.0,0.0
36,101,5.0,0.0
36,101,6.0,0.0
36,101,7.0,1.4317956e-08
36,101,8.0,7.49307e-09
36,101,9.0,3.2391984e-08
36,101,10.0,1.5067815e-08
36,101,11.0,0.0
36,101,12.0,1.738762e-08
36,101,13.0,0.0
36,101,14.0,0.0
36,102,0.0,0.0
36,102,1.0,1.8568858e-10
36,102,2.0,6.2284363e-07
36,102,3.0,0.0
36,102,4.0,7.0777486e-07
36,102,5.0,3.101643e-08
36,102,6.0,1.4911618e-06
36,102,7.0,1.3638363e-07
36,102,8.0,4.481807e-09
36,102,9.0,0.0
36,102,10.0,0.0
36,102,11.0,0.0
36,102,12.0,9.006104e-09
36,102,13.0,0.0
36,102,14.0,3.667269e-08
37,81,0.0,5.3550703e-08
37,81,1.0,0.0
37,81,2.0,0.0
37,81,3.0,0.0
37,81,4.0,0.0
37,81,5.0,0.0
37,81,6.0,0.0
37,81,7.0,0.0
37,81,8.0,0.0
37,81,9.0,0.0
37,81,10.0,0.0
37,81,11.0,0.0
37,81,12.0,4.693851e-09
37,81,13.0,9.544904e-08
37,81,14.0,5.8483042e-08
37,82,0.0,8.842601e-10
37,82,1.0,0.0
37,82,2.0,0.0
37,82,3.0,0.0
37,82,4.0,0.0
37,82,5.0,0.0
37,82,6.0,2.9150776e-08
37,82,7.0,4.453376e-08
37,82,8.0,9.208783e-08
37,82,9.0,7.618624e-07
37,82,10.0,1.4231657e-07
37,82,11.0,0.0
37,82,12.0,0.0
37,82,13.0,0.0
37,82,14.0,0.0
37,83,0.0,0.0
37,83,1.0,0.0
37,83,2.0,0.0
37,83,3.0,0.0
37,83,4.0,0.0
37,83,5.0,0.0
37,83,6.0,0.0
37,83,7.0,0.0
37,83,8.0,0.0
37,83,9.0,2.112874e-09
37,83,10.0,0.0
37,83,11.0,0.0
37,83,12.0,0.0
37,83,13.0,0.0
37,83,14.0,1.990307e-06
37,84,0.0,1.4663148e-06
37,84,1.0,1.0486241e-06
37,84,2.0,0.0
37,84,3.0,0.0
37,84,4.0,0.0
37,84,5.0,0.0
37,84,6.0,0.0
37,84,7.0,0.0
37,84,8.0,3.7057518e-08
37,84,9.0,1.3891056e-07
37,84,10.0,1.7692785e-06
37,84,11.0,1.7333527e-07
37,84,12.0,7.388199e-10
37,84,13.0,0.0
37,84,14.0,0.0
37,85,0.0,0.0
37,85,1.0,0.0
37,85,2.0,0.0
37,85,3.0,0.0
37,85,4.0,0.0
37,85,5.0,0.0
37,85,6.0,1.1410092e-07
37,85,7.0,3.4161342e-06
37,85,8.0,5.8679307e-06
37,85,9.0,1.893832e-05
37,85,10.0,1.6180467e-05
37,85,11.0,2.5410154e-05
37,85,12.0,1.2123785e-05
37,85,13.0,6.5432323e-07
37,85,14.0,5.6883637e-06
37,86,0.0,1.4941502e-05
37,86,1.0,1.2319546e-05
37,86,2.0,3.1529886e-05
37,86,3.0,1.7406539e-05
37,86,4.0,2.8494422e-05
37,86,5.0,4.913701e-05
37,86,6.0,4.1416748e-05
37,86,7.0,4.5372748e-05
37,86,8.0,8.942018e-05
37,86,9.0,0.00016071132
37,86,10.0,0.00017363668
37,86,11.0,0.000101451355
37,86,12.0,0.00012018777
37,86,13.0,0.0003209066
37,86,14.0,0.00038289317
37,87,0.0,0.0016113964
37,87,1.0,0.0010336642
37,87,2.0,0.0012531041
37,87,3.0,0.001279531
37,87,4.0,0.0013350443
37,87,5.0,0.0018208948
37,87,6.0,0.0017823043
37,87,7.0,0.0015228457
37,87,8.0,0.0023138565
37,87,9.0,0.0024469784
37,87,10.0,0.0034480402
37,87,11.0,0.003224628
37,87,12.0,0.003001101
37,87,13.0,0.0029807896
37,87,14.0,0.0033583366
37,88,0.0,0.011311695
37,88,1.0,0.008606653
37,88,2.0,0.007888183
37,88,3.0,0.0074815517
37,88,4.0,0.007366827
37,88,5.0,0.007805691
37,88,6.0,0.009194493
37,88,7.0,0.0128610525
37,88,8.0,0.015171103
37,88,9.0,0.014025945
37,88,10.0,0.013084313
37,88,11.0,0.012184151
37,88,12.0,0.012927344
37,88,13.0,0.014343897
37,88,14.0,0.016459066
37,89,0.0,0.058202203
37,89,1.0,0.053154152
37,89,2.0,0.048488438
37,89,3.0,0.042254116
37,89,4.0,0.03976566
37,89,5.0,0.0429679
37,89,6.0,0.045340568
37,89,7.0,0.052126743
37,89,8.0,0.059222016
37,89,9.0,0.059285626
37,89,10.0,0.056967016
37,89,11.0,0.051568396
37,89,12.0,0.057004325
37,89,13.0,0.065780915
37,89,14.0,0.074032955
37,90,0.0,0.13929115
37,90,1.0,0.13820225
37,90,2.0,0.13980538
37,90,3.0,0.14287437
37,90,4.0,0.14178093
37,90,5.0,0.1463551
37,90,6.0,0.15372252
37,90,7.0,0.16655497
37,90,8.0,0.18010475
37,90,9.0,0.17902613
37,90,10.0,0.16850805
37,90,11.0,0.16244137
37,90,12.0,0.17172065
37,90,13.0,0.18478853
37,90,14.0,0.1914161
37,91,0.0,0.34338757
37,91,1.0,0.31842503
37,91,2.0,0.30646443
37,91,3.0,0.3082207
37,91,4.0,0.31861535
37,91,5.0,0.32570753
37,91,6.0,0.34226686
37,91,7.0,0.35703987
37,91,8.0,0.37054592
37,91,9.0,0.36161458
37,91,10.0,0.33943754
37,91,11.0,0.33287147
37,91,12.0,0.3483284
37,91,13.0,0.36634675
37,91,14.0,0.3531724
37,92,0.0,0.54720503
37,92,1.0,0.48587653
37,92,2.0,0.45710894
37,92,3.0,0.45825195
37,92,4.0,0.46935973
37,92,5.0,0.48189884
37,92,6.0,0.5032629
37,92,7.0,0.5140363
37,92,8.0,0.50528854
37,92,9.0,0.4791041
37,92,10.0,0.4598532
37,92,11.0,0.46800268
37,92,12.0,0.4861947
37,92,13.0,0.47086114
37,92,14.0,0.42982423
37,93,0.0,0.50666887
37,93,1.0,0.4688179
37,93,2.0,0.44705203
37,93,3.0,0.46425706
37,93,4.0,0.4836641
37,93,5.0,0.5013575
37,93,6.0,0.50675297
37,93,7.0,0.48938304
37,93,8.0,0.46444997
37,93,9.0,0.44198912
37,93,10.0,0.44379967
37,93,11.0,0.4491364
37,93,12.0,0.4451093
37,93,13.0,0.40910646
37,93,14.0,0.36469525
37,94,0.0,0.25507054
37,94,1.0,0.2547003
37,94,2.0,0.27737534
37,94,3.0,0.30570287
37,94,4.0,0.32795355
37,94,5.0,0.33792984
37,94,6.0,0.32818538
37,94,7.0,0.3048365
37,94,8.0,0.2883059
37,94,9.0,0.27641448
37,94,10.0,0.27173135
37,94,11.0,0.2686583
37,94,12.0,0.2604383
37,94,13.0,0.23868671
37,94,14.0,0.21732476
37,95,0.0,0.09309048
37,95,1.0,0.08819137
37,95,2.0,0.09920275
37,95,3.0,0.11672595
37,95,4.0,0.1309515
37,95,5.0,0.13350621
37,95,6.0,0.11887342
37,95,7.0,0.108341776
37,95,8.0,0.10604661
37,95,9.0,0.10240768
37,95,10.0,0.11110062
37,95,11.0,0.11327127
37,95,12.0,0.09676312
37,95,13.0,0.09284572
37,95,14.0,0.08257769
37,96,0.0,0.028720332
37,96,1.0,0.0323839
37,96,2.0,0.034539722
37,96,3.0,0.039005984
37,96,4.0,0.042757247
37,96,5.0,0.041680366
37,96,6.0,0.038151592
37,96,7.0,0.035195082
37,96,8.0,0.03385967
37,96,9.0,0.03385523
37,96,10.0,0.035960875
37,96,11.0,0.035520945
37,96,12.0,0.03052644
37,96,13.0,0.027388414
37,96,14.0,0.022391459
37,97,0.0,0.0058598923
37,97,1.0,0.0081377085
37,97,2.0,0.010195409
37,97,3.0,0.010436065
37,97,4.0,0.010286595
37,97,5.0,0.009474813
37,97,6.0,0.0080948295
37,97,7.0,0.0068073673
37,97,8.0,0.0064439275
37,97,9.0,0.0075509558
37,97,10.0,0.008086641
37,97,11.0,0.006641398
37,97,12.0,0.004900041
37,97,13.0,0.0047662337
37,97,14.0,0.005129794
37,98,0.0,0.00068437296
37,98,1.0,0.0007219102
37,98,2.0,0.000614424
37,98,3.0,0.0010088923
37,98,4.0,0.0013998308
37,98,5.0,0.00129001
37,98,6.0,0.0012956373
37,98,7.0,0.0009122969
37,98,8.0,0.0010429011
37,98,9.0,0.0011500795
37,98,10.0,0.0011333715
37,98,11.0,0.0010188819
37,98,12.0,0.0009148998
37,98,13.0,0.000925582
37,98,14.0,0.0011217776
37,99,0.0,7.231945e-06
37,99,1.0,5.6333943e-06
37,99,2.0,3.261802e-05
37,99,3.0,7.2051494e-05
37,99,4.0,7.1560724e-05
37,99,5.0,5.3976328e-05
37,99,6.0,3.7796584e-05
37,99,7.0,8.107026e-05
37,99,8.0,7.482087e-05
37,99,9.0,5.9411344e-05
37,99,10.0,7.559371e-05
37,99,11.0,6.767791e-05
37,99,12.0,2.3960098e-05
37,99,13.0,1.5694353e-05
37,99,14.0,0.000102924416
37,100,0.0,1.166797e-06
37,100,1.0,1.4932156e-07
37,100,2.0,2.964692e-07
37,100,3.0,8.115716e-06
37,100,4.0,8.864132e-06
37,100,5.0,1.919071e-06
37,100,6.0,2.3134628e-12
37,100,7.0,0.0
37,100,8.0,0.0
37,100,9.0,4.1542324e-07
37,100,10.0,3.3736715e-06
37,100,11.0,2.2743623e-06
37,100,12.0,1.89016e-06
37,100,13.0,4.197298e-06
37,100,14.0,8.432242e-06
37,101,0.0,7.9251095e-06
37,101,1.0,3.9456417e-08
37,101,2.0,0.0
37,101,3.0,0.0
37,101,4.0,0.0
37,101,5.0,0.0
37,101,6.0,5.8863158e-08
37,101,7.0,0.0
37,101,8.0,0.0
37,101,9.0,0.0
37,101,10.0,0.0
37,101,11.0,2.4069435e-09
37,101,12.0,0.0
37,101,13.0,0.0
37,101,14.0,0.0
37,102,0.0,0.0
37,102,1.0,4.7859936e-07
37,102,2.0,4.5920962e-07
37,102,3.0,0.0
37,102,4.0,0.0
37,102,5.0,0.0
37,102,6.0,6.381579e-06
37,102,7.0,4.304528e-09
37,102,8.0,3.6152778e-07
37,102,9.0,1.5458232e-07
37,102,10.0,0.0
37,102,11.0,4.0101762e-11
37,102,12.0,0.0
37,102,13.0,1.2174195e-06
37,102,14.0,6.527089e-08
37,103,0.0,0.0
37,103,1.0,0.0
37,103,2.0,0.0
37,103,3.0,0.0
37,103,4.0,9.99187e-07
37,103,5.0,2.512829e-08
37,103,6.0,2.4776883e-08
37,103,7.0,2.4419145e-07
37,103,8.0,4.112691e-06
37,103,9.0,7.5192515e-06
37,103,10.0,9.959169e-06
37,103,11.0,1.538805e-05
37,103,12.0,0.0
37,103,13.0,0.0
37,103,14.0,3.7907333e-07
37,104,0.0,0.0
37,104,1.0,0.0
37,104,2.0,0.0
37,104,3.0,0.0
37,104,4.0,2.1110237e-07
37,104,5.0,1.1459393e-09
37,104,6.0,8.410905e-06
37,104,7.0,5.867753e-06
37,104,8.0,2.7093658e-06
37,104,9.0,3.0374176e-07
37,104,10.0,1.3855998e-06
37,104,11.0,3.754221e-06
37,104,12.0,1.6970296e-05
37,104,13.0,3.9871497e-07
37,104,14.0,2.5924285e-06
37,105,0.0,0.0
37,105,1.0,8.8694946e-07
37,105,2.0,1.3025818e-06
37,105,3.0,0.0
37,105,4.0,1.1275099e-06
37,105,5.0,7.9879555e-06
37,105,6.0,3.9707165e-06
37,105,7.0,0.0
37,105,8.0,0.0
37,105,9.0,0.0
37,105,10.0,4.9451536e-08
37,105,11.0,1.7615861e-05
37,105,12.0,1.02119075e-05
37,105,13.0,3.924514e-06
37,105,14.0,0.0
38,83,0.0,0.0
38,83,1.0,6.9693107e-07
38,83,2.0,4.0725553e-08
38,83,3.0,0.0
38,83,4.0,5.779727e-09
38,83,5.0,0.0
38,83,6.0,0.0
38,83,7.0,0.0
38,83,8.0,0.0
38,83,9.0,0.0
38,83,10.0,0.0
38,83,11.0,0.0
38,83,12.0,0.0
38,83,13.0,0.0
38,83,14.0,0.0
38,84,0.0,2.5143208e-07
38,84,1.0,2.685452e-09
38,84,2.0,1.0373291e-06
38,84,3.0,1.2480793e-06
38,84,4.0,1.0299442e-06
38,84,5.0,1.5885405e-06
38,84,6.0,9.904186e-07
38,84,7.0,9.0214456e-07
38,84,8.0,1.6063965e-06
38,84,9.0,1.5613653e-06
38,84,10.0,2.568609e-07
38,84,11.0,0.0
38,84,12.0,0.0
38,84,13.0,0.0
38,84,14.0,0.0
38,85,0.0,6.7180615e-08
38,85,1.0,2.9243456e-06
38,85,2.0,1.2488934e-07
38,85,3.0,0.0
38,85,4.0,0.0
38,85,5.0,3.0056896e-08
38,85,6.0,5.7032224e-07
38,85,7.0,5.642581e-07
38,85,8.0,1.2940038e-09
38,85,9.0,1.4305239e-08
38,85,10.0,0.0
38,85,11.0,0.0
38,85,12.0,0.0
38,85,13.0,8.273263e-08
38,85,14.0,3.7271022e-07
38,86,0.0,1.494041e-07
38,86,1.0,1.3383863e-06
38,86,2.0,1.7565453e-07
38,86,3.0,2.1462261e-08
38,86,4.0,0.0
38,86,5.0,0.0
38,86,6.0,0.0
38,86,7.0,0.0
38,86,8.0,4.060216e-09
38,86,9.0,8.2951794e-07
38,86,10.0,0.0
38,86,11.0,9.2504706e-08
38,86,12.0,5.102504e-09
38,86,13.0,5.8410856e-06
38,86,14.0,1.276176e-05
38,87,0.0,1.9135276e-05
38,87,1.0,5.515765e-05
38,87,2.0,1.4869055e-05
38,87,3.0,6.0245384e-06
38,87,4.0,3.3954052e-07
38,87,5.0,9.098835e-08
38,87,6.0,2.2428642e-06
38,87,7.0,6.8453983e-06
38,87,8.0,2.5817379e-05
38,87,9.0,2.272617e-05
38,87,10.0,4.241835e-05
38,87,11.0,4.225925e-05
38,87,12.0,2.5835854e-05
38,87,13.0,4.768962e-06
38,87,14.0,7.0256065e-06
38,88,0.0,0.00020328726
38,88,1.0,4.588401e-05
38,88,2.0,1.685429e-05
38,88,3.0,3.7200523e-06
38,88,4.0,7.5828293e-06
38,88,5.0,1.0866467e-05
38,88,6.0,3.282289e-05
38,88,7.0,7.3198964e-05
38,88,8.0,8.2748295e-05
38,88,9.0,9.759438e-05
38,88,10.0,7.027099e-05
38,88,11.0,0.00013089464
38,88,12.0,0.000114886
38,88,13.0,0.00011257105
38,88,14.0,0.0004533518
38,89,0.0,0.0010334475
38,89,1.0,0.00055336783
38,89,2.0,0.0004915715
38,89,3.0,0.0006074604
38,89,4.0,0.00082925387
38,89,5.0,0.0009906886
38,89,6.0,0.001178211
38,89,7.0,0.0015952175
38,89,8.0,0.0015699323
38,89,9.0,0.0019230795
38,89,10.0,0.0015475171
38,89,11.0,0.0012813674
38,89,12.0,0.0013370108
38,89,13.0,0.001892702
38,89,14.0,0.0032343247
38,90,0.0,0.010303012
38,90,1.0,0.008356188
38,90,2.0,0.008102574
38,90,3.0,0.0066498504
38,90,4.0,0.00668493
38,90,5.0,0.007157056
38,90,6.0,0.008320559
38,90,7.0,0.009825577
38,90,8.0,0.012289318
38,90,9.0,0.013214005
38,90,10.0,0.009944702
38,90,11.0,0.0103574535
38,90,12.0,0.009280456
38,90,13.0,0.011943979
38,90,14.0,0.018281443
38,91,0.0,0.04113187
38,91,1.0,0.042765006
38,91,2.0,0.035437357
38,91,3.0,0.0318031
38,91,4.0,0.03102994
38,91,5.0,0.030489309
38,91,6.0,0.033686046
38,91,7.0,0.039792128
38,91,8.0,0.04574944
38,91,9.0,0.046625003
38,91,10.0,0.04306254
38,91,11.0,0.04077436
38,91,12.0,0.039181087
38,91,13.0,0.044662252
38,91,14.0,0.058991566
38,92,0.0,0.16291822
38,92,1.0,0.1843096
38,92,2.0,0.1601914
38,92,3.0,0.15736109
38,92,4.0,0.14969222
38,92,5.0,0.14737836
38,92,6.0,0.15682276
38,92,7.0,0.17515433
38,92,8.0,0.18383284
38,92,9.0,0.17328916
38,92,10.0,0.15921032
38,92,11.0,0.15385598
38,92,12.0,0.15524009
38,92,13.0,0.16163771
38,92,14.0,0.18630035
38,93,0.0,0.36726445
38,93,1.0,0.36632004
38,93,2.0,0.34709555
38,93,3.0,0.3213759
38,93,4.0,0.32544756
38,93,5.0,0.32693407
38,93,6.0,0.3450506
38,93,7.0,0.37119424
38,93,8.0,0.37755573
38,93,9.0,0.36327597
38,93,10.0,0.33835235
38,93,11.0,0.32623547
38,93,12.0,0.33438936
38,93,13.0,0.35109073
38,93,14.0,0.3729307
38,94,0.0,0.6945222
38,94,1.0,0.685869
38,94,2.0,0.62763757
38,94,3.0,0.60193324
38,94,4.0,0.5940203
38,94,5.0,0.6045025
38,94,6.0,0.62599444
38,94,7.0,0.6153758
38,94,8.0,0.5951058
38,94,9.0,0.5444336
38,94,10.0,0.51408106
38,94,11.0,0.5145337
38,94,12.0,0.5210121
38,94,13.0,0.52919936
38,94,14.0,0.47308952
38,95,0.0,0.7346949
38,95,1.0,0.7235171
38,95,2.0,0.6825479
38,95,3.0,0.6647318
38,95,4.0,0.65354097
38,95,5.0,0.6739191
38,95,6.0,0.66543293
38,95,7.0,0.6633146
38,95,8.0,0.6460821
38,95,9.0,0.59520465
38,95,10.0,0.5691315
38,95,11.0,0.55391675
38,95,12.0,0.51047146
38,95,13.0,0.47919562
38,95,14.0,0.43862095
38,96,0.0,0.5883837
38,96,1.0,0.5718128
38,96,2.0,0.5297226
38,96,3.0,0.4980728
38,96,4.0,0.49311477
38,96,5.0,0.48588356
38,96,6.0,0.46548167
38,96,7.0,0.44580427
38,96,8.0,0.4244934
38,96,9.0,0.38101447
38,96,10.0,0.37142277
38,96,11.0,0.3695168
38,96,12.0,0.34656993
38,96,13.0,0.30758893
38,96,14.0,0.27863082
38,97,0.0,0.28211644
38,97,1.0,0.2708405
38,97,2.0,0.27602515
38,97,3.0,0.2746546
38,97,4.0,0.2704305
38,97,5.0,0.2557869
38,97,6.0,0.25356913
38,97,7.0,0.21831398
38,97,8.0,0.18480216
38,97,9.0,0.15773487
38,97,10.0,0.15067561
38,97,11.0,0.15776384
38,97,12.0,0.15263468
38,97,13.0,0.1402337
38,97,14.0,0.1385074
38,98,0.0,0.107239105
38,98,1.0,0.10394748
38,98,2.0,0.08967482
38,98,3.0,0.07907291
38,98,4.0,0.080090664
38,98,5.0,0.08596764
38,98,6.0,0.08325151
38,98,7.0,0.07773641
38,98,8.0,0.06530683
38,98,9.0,0.06357847
38,98,10.0,0.06223635
38,98,11.0,0.061396264
38,98,12.0,0.05552255
38,98,13.0,0.05099954
38,98,14.0,0.04586561
38,99,0.0,0.019694192
38,99,1.0,0.019897198
38,99,2.0,0.017977575
38,99,3.0,0.017030902
38,99,4.0,0.016903479
38,99,5.0,0.017418459
38,99,6.0,0.01668187
38,99,7.0,0.015771795
38,99,8.0,0.014927319
38,99,9.0,0.013163696
38,99,10.0,0.013292217
38,99,11.0,0.013070621
38,99,12.0,0.01084655
38,99,13.0,0.010626048
38,99,14.0,0.01114495
38,100,0.0,0.0029603587
38,100,1.0,0.003179313
38,100,2.0,0.004124487
38,100,3.0,0.003444551
38,100,4.0,0.0039486666
38,100,5.0,0.0037908277
38,100,6.0,0.0044921483
38,100,7.0,0.003955223
38,100,8.0,0.0038215802
38,100,9.0,0.0038650285
38,100,10.0,0.004075071
38,100,11.0,0.0043861633
38,100,12.0,0.0037265732
38,100,13.0,0.0017295479
38,100,14.0,0.0021009073
38,101,0.0,0.0004249521
38,101,1.0,0.00030002173
38,101,2.0,0.00035574386
38,101,3.0,0.00040387013
38,101,4.0,0.00030759102
38,101,5.0,0.00028664665
38,101,6.0,0.00040648537
38,101,7.0,0.0002047551
38,101,8.0,0.00028247063
38,101,9.0,0.00029337747
38,101,10.0,0.00029512038
38,101,11.0,0.00037441053
38,101,12.0,0.00019548862
38,101,13.0,0.0002270467
38,101,14.0,0.00020535938
38,102,0.0,7.368205e-05
38,102,1.0,0.00010891218
38,102,2.0,0.00011962777
38,102,3.0,9.603762e-05
38,102,4.0,0.00012275689
38,102,5.0,4.5626453e-05
38,102,6.0,2.7511485e-05
38,102,7.0,2.7481152e-05
38,102,8.0,5.6191202e-05
38,102,9.0,6.134924e-05
38,102,10.0,5.8243575e-05
38,102,11.0,2.6589627e-05
38,102,12.0,4.422067e-05
38,102,13.0,1.3383385e-05
38,102,14.0,2.3522942e-05
38,103,0.0,1.4462346e-07
38,103,1.0,1.7658196e-07
38,103,2.0,9.1273415e-07
38,103,3.0,3.0591215e-07
38,103,4.0,0.0
38,103,5.0,0.0
38,103,6.0,0.0
38,103,7.0,0.0
38,103,8.0,5.985106e-07
38,103,9.0,1.0929614e-06
38,103,10.0,2.756268e-06
38,103,11.0,1.5268778e-06
38,103,12.0,1.3465223e-06
38,103,13.0,5.9644717e-06
38,103,14.0,1.0434543e-05
38,104,0.0,0.0
38,104,1.0,0.0
38,104,2.0,0.0
38,104,3.0,0.0
38,104,4.0,3.5841214e-08
38,104,5.0,1.7519375e-07
38,104,6.0,0.0
38,104,7.0,0.0
38,104,8.0,0.0
38,104,9.0,1.832014e-07
38,104,10.0,1.1449724e-06
38,104,11.0,1.2665682e-06
38,104,12.0,3.663012e-10
38,104,13.0,6.544353e-06
38,104,14.0,5.083773e-06
38,105,0.0,0.0
38,105,1.0,0.0
38,105,2.0,0.0
38,105,3.0,6.127152e-10
38,105,4.0,0.0
38,105,5.0,3.6325542e-07
38,105,6.0,0.0
38,105,7.0,5.0845288e-06
38,105,8.0,1.800117e-06
38,105,9.0,2.6283392e-06
38,105,10.0,2.9217059e-08
38,105,11.0,6.9005982e-06
38,105,12.0,5.369947e-06
38,105,13.0,1.8851962e-07
38,105,14.0,1.853643e-07
38,106,0.0,1.3763743e-07
38,106,1.0,0.0
38,106,2.0,0.0
38,106,3.0,0.0
38,106,4.0,0.0
38,106,5.0,2.2296685e-07
38,106,6.0,0.0
38,106,7.0,6.5200356e-09
38,106,8.0,9.0143903e-10
38,106,9.0,1.9817696e-08
38,106,10.0,7.4768685e-08
38,106,11.0,0.0
38,106,12.0,0.0
38,106,13.0,0.0
38,106,14.0,0.0
38,107,0.0,4.406015e-09
38,107,1.0,3.1272788e-07
38,107,2.0,1.3142214e-06
38,107,3.0,4.1313215e-13
38,107,4.0,0.0
38,107,5.0,2.7535805e-06
38,107,6.0,0.0
38,107,7.0,0.0
38,107,8.0,0.0
38,107,9.0,0.0
38,107,10.0,0.0
38,107,11.0,0.0
38,107,12.0,0.0
38,107,13.0,0.0
38,107,14.0,1.2180285e-08
39,86,0.0,0.0
39,86,1.0,0.0
39,86,2.0,0.0
39,86,3.0,0.0
39,86,4.0,0.0
39,86,5.0,0.0
39,86,6.0,0.0
39,86,7.0,0.0
39,86,8.0,0.0
39,86,9.0,0.0
39,86,10.0,1.3890688e-08
39,86,11.0,0.0
39,86,12.0,0.0
39,86,13.0,0.0
39,86,14.0,0.0
39,87,0.0,0.0
39,87,1.0,1.6041115e-07
39,87,2.0,1.281387e-09
39,87,3.0,3.379135e-11
39,87,4.0,0.0
39,87,5.0,0.0
39,87,6.0,0.0
39,87,7.0,0.0
39,87,8.0,0.0
39,87,9.0,0.0
39,87,10.0,0.0
39,87,11.0,8.935119e-07
39,87,12.0,2.3234301e-07
39,87,13.0,0.0
39,87,14.0,3.0898843e-08
39,88,0.0,1.3806466e-07
39,88,1.0,1.2970336e-08
39,88,2.0,7.055727e-09
39,88,3.0,0.0
39,88,4.0,0.0
39,88,5.0,0.0
39,88,6.0,0.0
39,88,7.0,0.0
39,88,8.0,0.0
39,88,9.0,8.274346e-09
39,88,10.0,1.3445072e-06
39,88,11.0,4.213755e-06
39,88,12.0,2.1662997e-06
39,88,13.0,4.8245727e-07
39,88,14.0,2.4560685e-09
39,89,0.0,7.530769e-07
39,89,1.0,9.104911e-10
39,89,2.0,0.0
39,89,3.0,0.0
39,89,4.0,0.0
39,89,5.0,0.0
39,89,6.0,0.0
39,89,7.0,0.0
39,89,8.0,0.0
39,89,9.0,0.0
39,89,10.0,0.0
39,89,11.0,0.0
39,89,12.0,0.0
39,89,13.0,2.6611914e-07
39,89,14.0,3.1559616e-06
39,90,0.0,6.808252e-06
39,90,1.0,1.5777426e-06
39,90,2.0,1.0319317e-09
39,90,3.0,0.0
39,90,4.0,0.0
39,90,5.0,9.5875645e-09
39,90,6.0,1.9531094e-06
39,90,7.0,3.3702207e-05
39,90,8.0,0.00011833091
39,90,9.0,9.762575e-05
39,90,10.0,0.00015121885
39,90,11.0,0.00013408315
39,90,12.0,8.6058695e-05
39,90,13.0,0.00010725142
39,90,14.0,0.0002488909
39,91,0.0,8.436867e-05
39,91,1.0,0.00012264622
39,91,2.0,0.00014177145
39,91,3.0,0.00022264347
39,91,4.0,0.00033096122
39,91,5.0,0.00045507925
39,91,6.0,0.00048894825
39,91,7.0,0.00053919014
39,91,8.0,0.0005328008
39,91,9.0,0.0007556084
39,91,10.0,0.00047218188
39,91,11.0,0.0007735446
39,91,12.0,0.0008760337
39,91,13.0,0.0015557895
39,91,14.0,0.0014894992
39,92,0.0,0.0023171464
39,92,1.0,0.0015832054
39,92,2.0,0.0018676462
39,92,3.0,0.0026949574
39,92,4.0,0.0026892186
39,92,5.0,0.0028114913
39,92,6.0,0.0032475758
39,92,7.0,0.0037543152
39,92,8.0,0.004321204
39,92,9.0,0.004116285
39,92,10.0,0.004481486
39,92,11.0,0.0042109494
39,92,12.0,0.0056189867
39,92,13.0,0.0059568323
39,92,14.0,0.0064278324
39,93,0.0,0.01616322
39,93,1.0,0.014351182
39,93,2.0,0.016179768
39,93,3.0,0.021094944
39,93,4.0,0.019526593
39,93,5.0,0.019815084
39,93,6.0,0.026069783
39,93,7.0,0.031381745
39,93,8.0,0.033303924
39,93,9.0,0.034103237
39,93,10.0,0.02787768
39,93,11.0,0.02758287
39,93,12.0,0.032538448
39,93,13.0,0.037750613
39,93,14.0,0.040727124
39,94,0.0,0.047414545
39,94,1.0,0.047807444
39,94,2.0,0.060966905
39,94,3.0,0.06576415
39,94,4.0,0.07266793
39,94,5.0,0.07788755
39,94,6.0,0.084664166
39,94,7.0,0.091389604
39,94,8.0,0.106656045
39,94,9.0,0.10110445
39,94,10.0,0.108418085
39,94,11.0,0.10324295
39,94,12.0,0.10512845
39,94,13.0,0.11474948
39,94,14.0,0.12247129
39,95,0.0,0.18502502
39,95,1.0,0.1832588
39,95,2.0,0.20041887
39,95,3.0,0.19894406
39,95,4.0,0.20955497
39,95,5.0,0.21545519
39,95,6.0,0.22512406
39,95,7.0,0.23580056
39,95,8.0,0.23339474
39,95,9.0,0.235438
39,95,10.0,0.23805808
39,95,11.0,0.24607468
39,95,12.0,0.2591875
39,95,13.0,0.28414372
39,95,14.0,0.2854928
39,96,0.0,0.29946932
39,96,1.0,0.31165984
39,96,2.0,0.33368078
39,96,3.0,0.36502606
39,96,4.0,0.37505385
39,96,5.0,0.39556405
39,96,6.0,0.39772803
39,96,7.0,0.41279027
39,96,8.0,0.39484537
39,96,9.0,0.38552853
39,96,10.0,0.3848961
39,96,11.0,0.40613523
39,96,12.0,0.39274096
39,96,13.0,0.40547845
39,96,14.0,0.3865698
39,97,0.0,0.45827073
39,97,1.0,0.47965276
39,97,2.0,0.53189975
39,97,3.0,0.5365434
39,97,4.0,0.53492326
39,97,5.0,0.5321426
39,97,6.0,0.51049006
39,97,7.0,0.5113284
39,97,8.0,0.5005293
39,97,9.0,0.4904805
39,97,10.0,0.47341517
39,97,11.0,0.4821247
39,97,12.0,0.51780885
39,97,13.0,0.487479
39,97,14.0,0.45538142
39,98,0.0,0.4250542
39,98,1.0,0.4762587
39,98,2.0,0.5003866
39,98,3.0,0.5203263
39,98,4.0,0.5290593
39,98,5.0,0.52055246
39,98,6.0,0.5313664
39,98,7.0,0.52210784
39,98,8.0,0.5153127
39,98,9.0,0.48159787
39,98,10.0,0.46186998
39,98,11.0,0.45594287
39,98,12.0,0.4901269
39,98,13.0,0.44169852
39,98,14.0,0.39831358
39,99,0.0,0.2820624
39,99,1.0,0.337068
39,99,2.0,0.34691462
39,99,3.0,0.36979407
39,99,4.0,0.38244483
39,99,5.0,0.3830689
39,99,6.0,0.34721696
39,99,7.0,0.33093303
39,99,8.0,0.3259163
39,99,9.0,0.29476175
39,99,10.0,0.2780665
39,99,11.0,0.26272893
39,99,12.0,0.25486815
39,99,13.0,0.23028086
39,99,14.0,0.20845215
39,100,0.0,0.08939318
39,100,1.0,0.12432022
39,100,2.0,0.12698519
39,100,3.0,0.14503926
39,100,4.0,0.15873335
39,100,5.0,0.16184846
39,100,6.0,0.15335456
39,100,7.0,0.14203212
39,100,8.0,0.1365839
39,100,9.0,0.13142547
39,100,10.0,0.12304228
39,100,11.0,0.1101274
39,100,12.0,0.104277894
39,100,13.0,0.092892446
39,100,14.0,0.068946056
39,101,0.0,0.033647757
39,101,1.0,0.04905335
39,101,2.0,0.05541542
39,101,3.0,0.065161556
39,101,4.0,0.06866291
39,101,5.0,0.05918344
39,101,6.0,0.052512348
39,101,7.0,0.04922085
39,101,8.0,0.042706
39,101,9.0,0.036716834
39,101,10.0,0.03152334
39,101,11.0,0.031466063
39,101,12.0,0.028647918
39,101,13.0,0.02757452
39,101,14.0,0.024715507
39,102,0.0,0.007361986
39,102,1.0,0.010240615
39,102,2.0,0.011388093
39,102,3.0,0.012850024
39,102,4.0,0.0149768675
39,102,5.0,0.013625239
39,102,6.0,0.01359427
39,102,7.0,0.011071421
39,102,8.0,0.010092445
39,102,9.0,0.009257296
39,102,10.0,0.009873932
39,102,11.0,0.010291874
39,102,12.0,0.008984982
39,102,13.0,0.0084386505
39,102,14.0,0.0061797183
39,103,0.0,0.0011667853
39,103,1.0,0.0020143604
39,103,2.0,0.0023564922
39,103,3.0,0.0024212722
39,103,4.0,0.0026665344
39,103,5.0,0.002907745
39,103,6.0,0.0025020044
39,103,7.0,0.0017429966
39,103,8.0,0.0017086202
39,103,9.0,0.0019592708
39,103,10.0,0.0018455683
39,103,11.0,0.0016719815
39,103,12.0,0.0014781347
39,103,13.0,0.0017583916
39,103,14.0,0.0013327815
39,104,0.0,3.028632e-05
39,104,1.0,1.796185e-05
39,104,2.0,3.1104653e-06
39,104,3.0,2.3317674e-05
39,104,4.0,2.8636514e-05
39,104,5.0,4.4463577e-05
39,104,6.0,1.7980143e-05
39,104,7.0,4.0942276e-05
39,104,8.0,6.4424516e-05
39,104,9.0,7.965078e-05
39,104,10.0,8.3741405e-05
39,104,11.0,8.85941e-05
39,104,12.0,0.00011505725
39,104,13.0,0.0001403148
39,104,14.0,4.2972428e-05
39,105,0.0,1.0563313e-05
39,105,1.0,2.259369e-05
39,105,2.0,6.938798e-06
39,105,3.0,2.1793563e-05
39,105,4.0,3.147467e-05
39,105,5.0,5.0089035e-05
39,105,6.0,3.650254e-05
39,105,7.0,3.98275e-05
39,105,8.0,6.20404e-05
39,105,9.0,4.9775743e-05
39,105,10.0,0.00020566829
39,105,11.0,0.00017714333
39,105,12.0,0.00010707474
39,105,13.0,6.148202e-05
39,105,14.0,6.4591644e-05
39,106,0.0,5.0139972e-11
39,106,1.0,0.0
39,106,2.0,3.043138e-08
39,106,3.0,1.4400839e-11
39,106,4.0,7.6379524e-07
39,106,5.0,1.2328748e-06
39,106,6.0,3.6966643e-08
39,106,7.0,0.0
39,106,8.0,1.5217494e-06
39,106,9.0,2.1769338e-06
39,106,10.0,4.2069937e-06
39,106,11.0,5.9846644e-07
39,106,12.0,4.901699e-08
39,106,13.0,1.11158265e-07
39,106,14.0,2.6052993e-07
39,107,0.0,7.292426e-14
39,107,1.0,2.4703709e-06
39,107,2.0,4.3685054e-06
39,107,3.0,2.7147387e-05
39,107,4.0,6.7871542e-06
39,107,5.0,2.678266e-06
39,107,6.0,1.2269425e-06
39,107,7.0,1.8111859e-06
39,107,8.0,6.817218e-07
39,107,9.0,1.8839557e-09
39,107,10.0,2.7891062e-06
39,107,11.0,3.5644582e-06
39,107,12.0,1.9331835e-06
39,107,13.0,8.727507e-06
39,107,14.0,3.757838e-06
39,108,0.0,0.0
39,108,1.0,0.0
39,108,2.0,0.0
39,108,3.0,1.339397e-06
39,108,4.0,6.0518425e-07
39,108,5.0,0.0
39,108,6.0,2.0301646e-07
39,108,7.0,1.54944e-08
39,108,8.0,2.728558e-07
39,108,9.0,7.442107e-08
39,108,10.0,0.0
39,108,11.0,0.0
39,108,12.0,4.1157557e-07
39,108,13.0,9.15434e-07
39,108,14.0,2.2856076e-08
39,109,0.0,0.0
39,109,1.0,0.0
39,109,2.0,0.0
39,109,3.0,0.0
39,109,4.0,6.2877104e-10
39,109,5.0,0.0
39,109,6.0,1.4423742e-15
39,109,7.0,0.0
39,109,8.0,1.4886232e-06
39,109,9.0,0.0
39,109,10.0,0.0
39,109,11.0,0.0
39,109,12.0,0.0
39,109,13.0,0.0
39,109,14.0,0.0
40,88,0.0,8.941174e-06
40,88,1.0,2.1582958e-08
40,88,2.0,0.0
40,88,3.0,0.0
40,88,4.0,0.0
40,88,5.0,0.0
40,88,6.0,0.0
40,88,7.0,0.0
40,88,8.0,0.0
40,88,9.0,0.0
40,88,10.0,0.0
40,88,11.0,0.0
40,88,12.0,0.0
40,88,13.0,0.0
40,88,14.0,0.0
40,89,0.0,0.0
40,89,1.0,0.0
40,89,2.0,0.0
40,89,3.0,0.0
40,89,4.0,0.0
40,89,5.0,0.0
40,89,6.0,0.0
40,89,7.0,0.0
40,89,8.0,0.0
40,89,9.0,0.0
40,89,10.0,0.0
40,89,11.0,0.0
40,89,12.0,0.0
40,89,13.0,0.0
40,89,14.0,0.0
40,90,0.0,0.0
40,90,1.0,0.0
40,90,2.0,0.0
40,90,3.0,0.0
40,90,4.0,0.0
40,90,5.0,0.0
40,90,6.0,0.0
40,90,7.0,2.1688255e-10
40,90,8.0,9.773667e-07
40,90,9.0,6.146091e-07
40,90,10.0,2.0255234e-06
40,90,11.0,5.2332503e-08
40,90,12.0,0.0
40,90,13.0,0.0
40,90,14.0,0.0
40,91,0.0,0.0
40,91,1.0,0.0
40,91,2.0,1.6242124e-08
40,91,3.0,2.4519297e-06
40,91,4.0,3.617654e-06
40,91,5.0,1.0142356e-06
40,91,6.0,7.2626244e-07
40,91,7.0,0.0
40,91,8.0,3.7722093e-11
40,91,9.0,0.0
40,91,10.0,0.0
40,91,11.0,1.4392377e-07
40,91,12.0,0.0
40,91,13.0,0.0
40,91,14.0,0.0
40,92,0.0,0.0
40,92,1.0,0.0
40,92,2.0,0.0
40,92,3.0,0.0
40,92,4.0,0.0
40,92,5.0,0.0
40,92,6.0,9.898287e-09
40,92,7.0,9.271474e-08
40,92,8.0,5.4844677e-06
40,92,9.0,5.653565e-06
40,92,10.0,9.079396e-06
40,92,11.0,1.533433e-05
40,92,12.0,2.2391232e-05
40,92,13.0,3.0208355e-05
40,92,14.0,5.2360374e-05
40,93,0.0,3.5715413e-05
40,93,1.0,2.5035137e-05
40,93,2.0,2.6709786e-05
40,93,3.0,1.1838455e-05
40,93,4.0,1.0080167e-05
40,93,5.0,1.0889631e-05
40,93,6.0,7.440267e-05
40,93,7.0,0.00011546593
40,93,8.0,0.00010393293
40,93,9.0,0.00015293369
40,93,10.0,0.000106149564
40,93,11.0,0.00010619993
40,93,12.0,0.000100964884
40,93,13.0,0.00015559095
40,93,14.0,0.00028014006
40,94,0.0,0.00063073897
40,94,1.0,0.0006088965
40,94,2.0,0.0007296581
40,94,3.0,0.0008581294
40,94,4.0,0.00092989963
40,94,5.0,0.0011016502
40,94,6.0,0.0013346599
40,94,7.0,0.0016244121
40,94,8.0,0.0022532637
40,94,9.0,0.0029441942
40,94,10.0,0.0027450826
40,94,11.0,0.002557253
40,94,12.0,0.002870319
40,94,13.0,0.0037439603
40,94,14.0,0.004735144
40,95,0.0,0.0122264875
40,95,1.0,0.008251562
40,95,2.0,0.008792087
40,95,3.0,0.008569213
40,95,4.0,0.008930164
40,95,5.0,0.010974142
40,95,6.0,0.01341763
40,95,7.0,0.01467593
40,95,8.0,0.016490491
40,95,9.0,0.018404946
40,95,10.0,0.019504054
40,95,11.0,0.019410752
40,95,12.0,0.019845117
40,95,13.0,0.022377877
40,95,14.0,0.02768039
40,96,0.0,0.036014587
40,96,1.0,0.03416924
40,96,2.0,0.03953319
40,96,3.0,0.03731748
40,96,4.0,0.03721143
40,96,5.0,0.043203015
40,96,6.0,0.051926464
40,96,7.0,0.054367576
40,96,8.0,0.059858058
40,96,9.0,0.06219941
40,96,10.0,0.061487935
40,96,11.0,0.06309713
40,96,12.0,0.065843545
40,96,13.0,0.06005985
40,96,14.0,0.069921575
40,97,0.0,0.14566419
40,97,1.0,0.12984602
40,97,2.0,0.12046895
40,97,3.0,0.12018735
40,97,4.0,0.1182917
40,97,5.0,0.12590045
40,97,6.0,0.14041446
40,97,7.0,0.16708407
40,97,8.0,0.1738006
40,97,9.0,0.18064508
40,97,10.0,0.17441963
40,97,11.0,0.16233589
40,97,12.0,0.1617502
40,97,13.0,0.17785609
40,97,14.0,0.20598812
40,98,0.0,0.3367171
40,98,1.0,0.32307503
40,98,2.0,0.2883628
40,98,3.0,0.304175
40,98,4.0,0.3144517
40,98,5.0,0.31798524
40,98,6.0,0.30849493
40,98,7.0,0.32475662
40,98,8.0,0.32744235
40,98,9.0,0.33857417
40,98,10.0,0.34830612
40,98,11.0,0.33779728
40,98,12.0,0.3442873
40,98,13.0,0.36736408
40,98,14.0,0.37975782
40,99,0.0,0.51023567
40,99,1.0,0.5086821
40,99,2.0,0.47622368
40,99,3.0,0.4711359
40,99,4.0,0.4406544
40,99,5.0,0.43381616
40,99,6.0,0.43105593
40,99,7.0,0.44244847
40,99,8.0,0.44919866
40,99,9.0,0.45668328
40,99,10.0,0.45459026
40,99,11.0,0.43694884
40,99,12.0,0.41445264
40,99,13.0,0.41645923
40,99,14.0,0.4548474
40,100,0.0,0.7232737
40,100,1.0,0.6979869
40,100,2.0,0.6258584
40,100,3.0,0.58361113
40,100,4.0,0.5473793
40,100,5.0,0.49323964
40,100,6.0,0.47247174
40,100,7.0,0.4665382
40,100,8.0,0.47325033
40,100,9.0,0.4734223
40,100,10.0,0.4474878
40,100,11.0,0.408036
40,100,12.0,0.37582168
40,100,13.0,0.3772606
40,100,14.0,0.3754186
40,101,0.0,0.48255143
40,101,1.0,0.44598714
40,101,2.0,0.41434497
40,101,3.0,0.39485356
40,101,4.0,0.3661168
40,101,5.0,0.32286248
40,101,6.0,0.29457203
40,101,7.0,0.28363988
40,101,8.0,0.2841049
40,101,9.0,0.28556663
40,101,10.0,0.27818042
40,101,11.0,0.261103
40,101,12.0,0.23371038
40,101,13.0,0.22553314
40,101,14.0,0.21638738
40,102,0.0,0.22601758
40,102,1.0,0.22097158
40,102,2.0,0.22133006
40,102,3.0,0.21202968
40,102,4.0,0.20579797
40,102,5.0,0.19503818
40,102,6.0,0.18996535
40,102,7.0,0.17805266
40,102,8.0,0.16346733
40,102,9.0,0.15368472
40,102,10.0,0.15152799
40,102,11.0,0.1547048
40,102,12.0,0.13903768
40,102,13.0,0.12187341
40,102,14.0,0.10508307
40,103,0.0,0.072339706
40,103,1.0,0.06458601
40,103,2.0,0.062646545
40,103,3.0,0.06280088
40,103,4.0,0.054847863
40,103,5.0,0.057346363
40,103,6.0,0.05707154
40,103,7.0,0.052510392
40,103,8.0,0.047896594
40,103,9.0,0.042033732
40,103,10.0,0.0388521
40,103,11.0,0.039507024
40,103,12.0,0.037873786
40,103,13.0,0.035599757
40,103,14.0,0.030933853
40,104,0.0,0.017270323
40,104,1.0,0.014950899
40,104,2.0,0.013658501
40,104,3.0,0.0129002575
40,104,4.0,0.01291137
40,104,5.0,0.011676762
40,104,6.0,0.010004873
40,104,7.0,0.009443379
40,104,8.0,0.010790562
40,104,9.0,0.012412328
40,104,10.0,0.011009707
40,104,11.0,0.010791043
40,104,12.0,0.009611014
40,104,13.0,0.009657628
40,104,14.0,0.0109999925
40,105,0.0,0.0030914724
40,105,1.0,0.0026799932
40,105,2.0,0.002272058
40,105,3.0,0.0024271102
40,105,4.0,0.0022491335
40,105,5.0,0.002051236
40,105,6.0,0.0020024849
40,105,7.0,0.0029467212
40,105,8.0,0.0029877238
40,105,9.0,0.0030539907
40,105,10.0,0.0029133498
40,105,11.0,0.0028117523
40,105,12.0,0.0030378927
40,105,13.0,0.002617777
40,105,14.0,0.0026630638
40,106,0.0,0.00021109245
40,106,1.0,0.00039960112
40,106,2.0,0.0005620578
40,106,3.0,0.0006688718
40,106,4.0,0.0003803861
40,106,5.0,0.00037946439
40,106,6.0,0.00033703138
40,106,7.0,0.00015055927
40,106,8.0,0.00030128736
40,106,9.0,0.0005713814
40,106,10.0,0.0006594979
40,106,11.0,0.0006200292
40,106,12.0,0.0005805648
40,106,13.0,0.0005653867
40,106,14.0,0.00043649305
40,107,0.0,2.0316691e-05
40,107,1.0,2.45289e-06
40,107,2.0,5.6355543e-06
40,107,3.0,8.30761e-06
40,107,4.0,9.2253695e-06
40,107,5.0,8.183573e-06
40,107,6.0,6.9433772e-06
40,107,7.0,1.002079e-05
40,107,8.0,8.238209e-06
40,107,9.0,1.837155e-05
40,107,10.0,1.495526e-05
40,107,11.0,1.097795e-05
40,107,12.0,1.0270909e-05
40,107,13.0,1.5095028e-05
40,107,14.0,2.2218142e-05
40,108,0.0,5.8130495e-06
40,108,1.0,2.0076775e-06
40,108,2.0,0.0
40,108,3.0,0.0
40,108,4.0,0.0
40,108,5.0,0.0
40,108,6.0,3.692792e-06
40,108,7.0,1.7464446e-06
40,108,8.0,0.0
40,108,9.0,2.9178057e-07
40,108,10.0,3.0535507e-06
40,108,11.0,4.788221e-06
40,108,12.0,1.4877418e-06
40,108,13.0,4.712297e-07
40,108,14.0,1.0480715e-06
40,109,0.0,5.5558e-06
40,109,1.0,8.980251e-07
40,109,2.0,4.8110973e-08
40,109,3.0,8.8089934e-08
40,109,4.0,3.1087464e-07
40,109,5.0,0.0
40,109,6.0,5.7705147e-09
40,109,7.0,2.282372e-06
40,109,8.0,1.1054436e-06
40,109,9.0,6.2394683e-06
40,109,10.0,5.734852e-06
40,109,11.0,3.545713e-06
40,109,12.0,4.743093e-06
40,109,13.0,4.3760356e-06
40,109,14.0,1.7765886e-06
40,110,0.0,0.0
40,110,1.0,0.0
40,110,2.0,0.0
40,110,3.0,0.0
40,110,4.0,0.0
40,110,5.0,0.0
40,110,6.0,0.0
40,110,7.0,0.0
40,110,8.0,2.8492895e-09
40,110,9.0,1.1003794e-07
40,110,10.0,1.8444554e-07
40,110,11.0,2.589422e-07
40,110,12.0,4.1943557e-10
40,110,13.0,0.0
40,110,14.0,0.0
40,111,0.0,0.0
40,111,1.0,0.0
40,111,2.0,0.0
40,111,3.0,0.0
40,111,4.0,8.284219e-07
40,111,5.0,0.0
40,111,6.0,0.0
40,111,7.0,2.0634127e-07
40,111,8.0,2.5527564e-07
40,111,9.0,0.0
40,111,10.0,0.0
40,111,11.0,0.0
40,111,12.0,0.0
40,111,13.0,0.0
40,111,14.0,0.0
40,112,0.0,7.0327377e-07
40,112,1.0,2.9630266e-07
40,112,2.0,2.328809e-05
40,112,3.0,2.346717e-05
40,112,4.0,3.0439566e-07
40,112,5.0,0.0
40,112,6.0,1.289271e-08
40,112,7.0,8.373173e-09
40,112,8.0,6.0273373e-06
40,112,9.0,9.698947e-07
40,112,10.0,0.0
40,112,11.0,7.917363e-08
40,112,12.0,0.0
40,112,13.0,1.3019065e-08
40,112,14.0,0.0
41,90,0.0,0.0
41,90,1.0,7.9720536e-07
41,90,2.0,5.678533e-07
41,90,3.0,5.6573242e-08
41,90,4.0,3.917831e-07
41,90,5.0,1.1515751e-06
41,90,6.0,2.1461395e-07
41,90,7.0,9.37338e-10
41,90,8.0,3.9595232e-08
41,90,9.0,2.0718014e-07
41,90,10.0,5.690272e-06
41,90,11.0,1.0034497e-05
41,90,12.0,2.097942e-06
41,90,13.0,2.5735747e-07
41,90,14.0,5.6117085e-07
41,91,0.0,0.0
41,91,1.0,0.0
41,91,2.0,0.0
41,91,3.0,0.0
41,91,4.0,0.0
41,91,5.0,0.0
41,91,6.0,0.0
41,91,7.0,0.0
41,91,8.0,0.0
41,91,9.0,0.0
41,91,10.0,1.3803802e-07
41,91,11.0,3.4310144e-06
41,91,12.0,1.5351668e-06
41,91,13.0,1.4721897e-07
41,91,14.0,5.0647863e-08
41,92,0.0,0.0
41,92,1.0,3.9825163e-06
41,92,2.0,1.0749386e-05
41,92,3.0,3.401011e-06
41,92,4.0,2.52537e-07
41,92,5.0,5.960471e-10
41,92,6.0,0.0
41,92,7.0,1.1869748e-06
41,92,8.0,1.9268352e-06
41,92,9.0,5.755898e-07
41,92,10.0,8.733261e-06
41,92,11.0,3.1298475e-06
41,92,12.0,1.9739534e-07
41,92,13.0,0.0
41,92,14.0,0.0
41,93,0.0,4.03504e-07
41,93,1.0,4.3452596e-07
41,93,2.0,6.949781e-11
41,93,3.0,0.0
41,93,4.0,0.0
41,93,5.0,0.0
41,93,6.0,0.0
41,93,7.0,5.4582794e-10
41,93,8.0,1.14684305e-07
41,93,9.0,0.0
41,93,10.0,0.0
41,93,11.0,0.0
41,93,12.0,0.0
41,93,13.0,7.478828e-09
41,93,14.0,1.0640654e-07
41,94,0.0,4.9569087e-07
41,94,1.0,4.6844814e-08
41,94,2.0,2.1794585e-06
41,94,3.0,8.951964e-06
41,94,4.0,3.1809486e-06
41,94,5.0,8.613394e-06
41,94,6.0,9.199902e-06
41,94,7.0,9.358764e-07
41,94,8.0,6.6695648e-06
41,94,9.0,1.3678511e-05
41,94,10.0,2.0420572e-05
41,94,11.0,1.1834552e-06
41,94,12.0,2.399651e-08
41,94,13.0,0.0
41,94,14.0,5.165286e-08
41,95,0.0,1.0568895e-05
41,95,1.0,4.011781e-06
41,95,2.0,9.58989e-06
41,95,3.0,6.139965e-05
41,95,4.0,7.1152586e-05
41,95,5.0,0.000109273125
41,95,6.0,8.7470806e-05
41,95,7.0,9.468012e-05
41,95,8.0,0.00021237033
41,95,9.0,0.00012354193
41,95,10.0,0.00029846164
41,95,11.0,0.00020644352
41,95,12.0,0.00016494407
41,95,13.0,0.00013592227
41,95,14.0,0.00023442143
41,96,0.0,0.0002076721
41,96,1.0,0.00012970215
41,96,2.0,0.00016419956
41,96,3.0,0.0004205216
41,96,4.0,0.00022847338
41,96,5.0,0.0003515304
41,96,6.0,0.0005537651
41,96,7.0,0.0010229242
41,96,8.0,0.0010424964
41,96,9.0,0.0010768415
41,96,10.0,0.001016413
41,96,11.0,0.00094405795
41,96,12.0,0.0012892574
41,96,13.0,0.0021123874
41,96,14.0,0.0037884428
41,97,0.0,0.002398139
41,97,1.0,0.0023964285
41,97,2.0,0.0029837547
41,97,3.0,0.0032857528
41,97,4.0,0.0038953717
41,97,5.0,0.0049549984
41,97,6.0,0.0064730113
41,97,7.0,0.009235486
41,97,8.0,0.01241112
41,97,9.0,0.013212951
41,97,10.0,0.013704192
41,97,11.0,0.01248219
41,97,12.0,0.014431374
41,97,13.0,0.01934408
41,97,14.0,0.025227673
41,98,0.0,0.017560326
41,98,1.0,0.019622961
41,98,2.0,0.02079478
41,98,3.0,0.02257165
41,98,4.0,0.025475474
41,98,5.0,0.027237687
41,98,6.0,0.03392755
41,98,7.0,0.036271404
41,98,8.0,0.041516177
41,98,9.0,0.047814228
41,98,10.0,0.04665475
41,98,11.0,0.05077508
41,98,12.0,0.05598856
41,98,13.0,0.05900904
41,98,14.0,0.051464733
41,99,0.0,0.048729327
41,99,1.0,0.05555405
41,99,2.0,0.053721666
41,99,3.0,0.05536285
41,99,4.0,0.06140255
41,99,5.0,0.06441267
41,99,6.0,0.07068193
41,99,7.0,0.07296738
41,99,8.0,0.083278455
41,99,9.0,0.08443747
41,99,10.0,0.09219262
41,99,11.0,0.09422479
41,99,12.0,0.101971686
41,99,13.0,0.105786555
41,99,14.0,0.10111401
41,100,0.0,0.10858106
41,100,1.0,0.11315902
41,100,2.0,0.13879599
41,100,3.0,0.15719995
41,100,4.0,0.16627164
41,100,5.0,0.18025881
41,100,6.0,0.17189154
41,100,7.0,0.16908687
41,100,8.0,0.17553724
41,100,9.0,0.18977137
41,100,10.0,0.19859482
41,100,11.0,0.19471425
41,100,12.0,0.1963694
41,100,13.0,0.20117721
41,100,14.0,0.20553194
41,101,0.0,0.24552216
41,101,1.0,0.24797666
41,101,2.0,0.26704302
41,101,3.0,0.28316745
41,101,4.0,0.29382542
41,101,5.0,0.30627617
41,101,6.0,0.31355783
41,101,7.0,0.30552316
41,101,8.0,0.28995094
41,101,9.0,0.2941877
41,101,10.0,0.3070367
41,101,11.0,0.3109475
41,101,12.0,0.27320486
41,101,13.0,0.26856324
41,101,14.0,0.25817668
41,102,0.0,0.27561206
41,102,1.0,0.2947612
41,102,2.0,0.32138273
41,102,3.0,0.3454904
41,102,4.0,0.36014655
41,102,5.0,0.36103106
41,102,6.0,0.34711054
41,102,7.0,0.34217212
41,102,8.0,0.34914356
41,102,9.0,0.34648836
41,102,10.0,0.35053545
41,102,11.0,0.35635766
41,102,12.0,0.34208512
41,102,13.0,0.31533512
41,102,14.0,0.2968583
41,103,0.0,0.21249843
41,103,1.0,0.22501424
41,103,2.0,0.25407273
41,103,3.0,0.27395663
41,103,4.0,0.271729
41,103,5.0,0.26817802
41,103,6.0,0.26570943
41,103,7.0,0.26121214
41,103,8.0,0.25545675
41,103,9.0,0.24901521
41,103,10.0,0.23809452
41,103,11.0,0.23943214
41,103,12.0,0.237915
41,103,13.0,0.22145839
41,103,14.0,0.21317893
41,104,0.0,0.09887257
41,104,1.0,0.11949731
41,104,2.0,0.13575748
41,104,3.0,0.15074629
41,104,4.0,0.15968606
41,104,5.0,0.16056938
41,104,6.0,0.16125357
41,104,7.0,0.1546266
41,104,8.0,0.14389002
41,104,9.0,0.14489463
41,104,10.0,0.14319143
41,104,11.0,0.136476
41,104,12.0,0.13861358
41,104,13.0,0.13784929
41,104,14.0,0.13565338
41,105,0.0,0.03127396
41,105,1.0,0.03866457
41,105,2.0,0.047258552
41,105,3.0,0.055732906
41,105,4.0,0.06140747
41,105,5.0,0.06505347
41,105,6.0,0.067989096
41,105,7.0,0.068967566
41,105,8.0,0.06736031
41,105,9.0,0.0684443
41,105,10.0,0.06626091
41,105,11.0,0.066550985
41,105,12.0,0.067418516
41,105,13.0,0.06685808
41,105,14.0,0.06293775
41,106,0.0,0.0058990703
41,106,1.0,0.009993674
41,106,2.0,0.012613376
41,106,3.0,0.015772745
41,106,4.0,0.01897369
41,106,5.0,0.020777375
41,106,6.0,0.020547638
41,106,7.0,0.018846666
41,106,8.0,0.019380268
41,106,9.0,0.020121042
41,106,10.0,0.024292365
41,106,11.0,0.028056456
41,106,12.0,0.029003168
41,106,13.0,0.02624283
41,106,14.0,0.023750657
41,107,0.0,0.0012362321
41,107,1.0,0.0022206197
41,107,2.0,0.0037596296
41,107,3.0,0.005349342
41,107,4.0,0.006160921
41,107,5.0,0.0071377177
41,107,6.0,0.008131014
41,107,7.0,0.0069609233
41,107,8.0,0.006546407
41,107,9.0,0.0070439414
41,107,10.0,0.010086251
41,107,11.0,0.009670548
41,107,12.0,0.009098338
41,107,13.0,0.009407089
41,107,14.0,0.008125887
41,108,0.0,0.00047937123
41,108,1.0,0.0013198671
41,108,2.0,0.002567438
41,108,3.0,0.0027401992
41,108,4.0,0.0025808935
41,108,5.0,0.0020789197
41,108,6.0,0.0024149916
41,108,7.0,0.0023320543
41,108,8.0,0.0025904195
41,108,9.0,0.00288608
41,108,10.0,0.00328726
41,108,11.0,0.0026555737
41,108,12.0,0.002155553
41,108,13.0,0.0021829023
41,108,14.0,0.0015820758
41,109,0.0,0.00013037688
41,109,1.0,0.0003681727
41,109,2.0,0.0003576664
41,109,3.0,0.00062160095
41,109,4.0,0.00083421083
41,109,5.0,0.00089729484
41,109,6.0,0.00085380115
41,109,7.0,0.0007175086
41,109,8.0,0.00093846733
41,109,9.0,0.0010564498
41,109,10.0,0.0009212763
41,109,11.0,0.0007842203
41,109,12.0,0.000829957
41,109,13.0,0.00052102184
41,109,14.0,0.0006462749
41,110,0.0,1.8818044e-05
41,110,1.0,6.387383e-05
41,110,2.0,3.4457345e-05
41,110,3.0,2.2665154e-05
41,110,4.0,2.9330968e-05
41,110,5.0,7.906971e-05
41,110,6.0,9.9910976e-05
41,110,7.0,0.00010518738
41,110,8.0,0.00010724264
41,110,9.0,0.00015030589
41,110,10.0,0.000103963415
41,110,11.0,8.6416236e-05
41,110,12.0,0.00012576698
41,110,13.0,0.0001702886
41,110,14.0,0.00015849291
41,111,0.0,0.0
41,111,1.0,4.8317514e-07
41,111,2.0,8.003254e-06
41,111,3.0,1.0103674e-05
41,111,4.0,1.1018076e-05
41,111,5.0,1.270688e-05
41,111,6.0,8.995522e-06
41,111,7.0,4.0805637e-07
41,111,8.0,3.4471464e-07
41,111,9.0,0.0
41,111,10.0,0.0
41,111,11.0,9.503512e-09
41,111,12.0,0.0
41,111,13.0,0.0
41,111,14.0,2.4095556e-07
41,112,0.0,0.0
41,112,1.0,0.0
41,112,2.0,0.0
41,112,3.0,3.765988e-12
41,112,4.0,2.4692806e-06
41,112,5.0,1.9425067e-06
41,112,6.0,0.0
41,112,7.0,0.0
41,112,8.0,1.2943949e-09
41,112,9.0,1.1947474e-06
41,112,10.0,2.1756898e-06
41,112,11.0,6.763665e-07
41,112,12.0,9.379314e-07
41,112,13.0,1.9076185e-06
41,112,14.0,4.4616675e-07
41,113,0.0,8.1424524e-08
41,113,1.0,0.0
41,113,2.0,1.8940652e-10
41,113,3.0,8.980678e-08
41,113,4.0,2.8212667e-06
41,113,5.0,4.668406e-07
41,113,6.0,0.0
41,113,7.0,0.0
41,113,8.0,0.0
41,113,9.0,7.132774e-07
41,113,10.0,2.2425039e-07
41,113,11.0,2.5848994e-06
41,113,12.0,6.1955466e-06
41,113,13.0,9.602527e-07
41,113,14.0,3.2143632e-06
41,114,0.0,0.0
41,114,1.0,0.0
41,114,2.0,8.2816996e-08
41,114,3.0,1.9639818e-07
41,114,4.0,8.550813e-07
41,114,5.0,2.3115858e-08
41,114,6.0,0.0
41,114,7.0,0.0
41,114,8.0,0.0
41,114,9.0,2.987902e-06
41,114,10.0,7.5046145e-08
41,114,11.0,0.0
41,114,12.0,0.0
41,114,13.0,0.0
41,114,14.0,1.6777216e-07
41,115,0.0,7.335985e-07
41,115,1.0,4.299978e-08
41,115,2.0,2.5555562e-06
41,115,3.0,5.2590885e-06
41,115,4.0,1.6538054e-06
41,115,5.0,1.5925771e-06
41,115,6.0,2.6219054e-06
41,115,7.0,1.994397e-06
41,115,8.0,0.0
41,115,9.0,0.0
41,115,10.0,5.8886968e-08
41,115,11.0,1.219833e-06
41,115,12.0,1.2508019e-06
41,115,13.0,4.000151e-07
41,115,14.0,0.0
42,92,0.0,7.702077e-08
42,92,1.0,7.41373e-07
42,92,2.0,3.519789e-06
42,92,3.0,4.870329e-06
42,92,4.0,1.9244553e-06
42,92,5.0,6.606653e-07
42,92,6.0,4.8296904e-08
42,92,7.0,0.0
42,92,8.0,0.0
42,92,9.0,0.0
42,92,10.0,1.7122046e-08
42,92,11.0,0.0
42,92,12.0,0.0
42,92,13.0,1.4196682e-08
42,92,14.0,0.0
42,93,0.0,0.0
42,93,1.0,0.0
42,93,2.0,0.0
42,93,3.0,0.0
42,93,4.0,0.0
42,93,5.0,0.0
42,93,6.0,0.0
42,93,7.0,0.0
42,93,8.0,1.7506227e-10
42,93,9.0,9.399185e-08
42,93,10.0,0.0
42,93,11.0,2.3274572e-12
42,93,12.0,0.0
42,93,13.0,1.9967233e-08
42,93,14.0,1.5000413e-08
42,94,0.0,2.634863e-08
42,94,1.0,0.0
42,94,2.0,0.0
42,94,3.0,0.0
42,94,4.0,0.0
42,94,5.0,0.0
42,94,6.0,0.0
42,94,7.0,0.0
42,94,8.0,0.0
42,94,9.0,0.0
42,94,10.0,0.0
42,94,11.0,0.0
42,94,12.0,2.5442264e-07
42,94,13.0,3.6609887e-07
42,94,14.0,6.187678e-08
42,95,0.0,0.0
42,95,1.0,0.0
42,95,2.0,0.0
42,95,3.0,0.0
42,95,4.0,0.0
42,95,5.0,0.0
42,95,6.0,0.0
42,95,7.0,0.0
42,95,8.0,0.0
42,95,9.0,0.0
42,95,10.0,0.0
42,95,11.0,0.0
42,95,12.0,0.0
42,95,13.0,5.516908e-11
42,95,14.0,0.0
42,96,0.0,0.0
42,96,1.0,0.0
42,96,2.0,2.3237104e-07
42,96,3.0,0.0
42,96,4.0,0.0
42,96,5.0,0.0
42,96,6.0,0.0
42,96,7.0,0.0
42,96,8.0,0.0
42,96,9.0,0.0
42,96,10.0,0.0
42,96,11.0,0.0
42,96,12.0,0.0
42,96,13.0,0.0
42,96,14.0,0.0
42,97,0.0,0.0
42,97,1.0,2.81949e-07
42,97,2.0,0.0
42,97,3.0,1.3374926e-06
42,97,4.0,4.578132e-07
42,97,5.0,4.5236434e-06
42,97,6.0,2.1502734e-05
42,97,7.0,6.331842e-05
42,97,8.0,6.451544e-05
42,97,9.0,2.4768517e-05
42,97,10.0,7.715206e-05
42,97,11.0,2.9479355e-05
42,97,12.0,2.4830064e-05
42,97,13.0,4.3799235e-05
42,97,14.0,7.3704374e-05
42,98,0.0,4.8753314e-05
42,98,1.0,6.6665074e-05
42,98,2.0,8.943634e-05
42,98,3.0,0.00013694065
42,98,4.0,4.3862987e-05
42,98,5.0,0.00013895165
42,98,6.0,0.00027689067
42,98,7.0,0.00035078818
42,98,8.0,0.0006318178
42,98,9.0,0.00055541954
42,98,10.0,0.0009275345
42,98,11.0,0.0006416681
42,98,12.0,0.00072318956
42,98,13.0,0.0009059286
42,98,14.0,0.001011738
42,99,0.0,0.0009347325
42,99,1.0,0.0010590951
42,99,2.0,0.0011087361
42,99,3.0,0.0023885728
42,99,4.0,0.0020429422
42,99,5.0,0.0018217249
42,99,6.0,0.002757984
42,99,7.0,0.0027250336
42,99,8.0,0.0029095667
42,99,9.0,0.0021207603
42,99,10.0,0.003255037
42,99,11.0,0.0042032115
42,99,12.0,0.004718217
42,99,13.0,0.0047423034
42,99,14.0,0.005260638
42,100,0.0,0.011018859
42,100,1.0,0.008888137
42,100,2.0,0.008752294
42,100,3.0,0.011250479
42,100,4.0,0.013887416
42,100,5.0,0.013504937
42,100,6.0,0.012173996
42,100,7.0,0.011383543
42,100,8.0,0.011711819
42,100,9.0,0.01233427
42,100,10.0,0.014515527
42,100,11.0,0.018176379
42,100,12.0,0.018997597
42,100,13.0,0.019817546
42,100,14.0,0.022025947
42,101,0.0,0.03604134
42,101,1.0,0.04078946
42,101,2.0,0.047166936
42,101,3.0,0.03953782
42,101,4.0,0.042324368
42,101,5.0,0.045097537
42,101,6.0,0.049705077
42,101,7.0,0.055697195
42,101,8.0,0.049837824
42,101,9.0,0.047704037
42,101,10.0,0.051210716
42,101,11.0,0.0545887
42,101,12.0,0.05817323
42,101,13.0,0.061474677
42,101,14.0,0.060352717
42,102,0.0,0.098887086
42,102,1.0,0.097041905
42,102,2.0,0.106558636
42,102,3.0,0.096952334
42,102,4.0,0.09686845
42,102,5.0,0.09664841
42,102,6.0,0.10097598
42,102,7.0,0.10490502
42,102,8.0,0.12334671
42,102,9.0,0.12510726
42,102,10.0,0.118759125
42,102,11.0,0.123089224
42,102,12.0,0.12927659
42,102,13.0,0.1317444
42,102,14.0,0.12354594
42,103,0.0,0.15060665
42,103,1.0,0.1759889
42,103,2.0,0.17714244
42,103,3.0,0.17343913
42,103,4.0,0.17555873
42,103,5.0,0.1675963
42,103,6.0,0.16867375
42,103,7.0,0.16675535
42,103,8.0,0.1717938
42,103,9.0,0.1779449
42,103,10.0,0.19299336
42,103,11.0,0.18743849
42,103,12.0,0.18695311
42,103,13.0,0.17309156
42,103,14.0,0.16934808
42,104,0.0,0.16321805
42,104,1.0,0.18256198
42,104,2.0,0.19877353
42,104,3.0,0.20508048
42,104,4.0,0.20861474
42,104,5.0,0.20249729
42,104,6.0,0.20199177
42,104,7.0,0.19135587
42,104,8.0,0.17815991
42,104,9.0,0.1807795
42,104,10.0,0.19319679
42,104,11.0,0.19877455
42,104,12.0,0.19816142
42,104,13.0,0.19670045
42,104,14.0,0.18327321
42,105,0.0,0.12244132
42,105,1.0,0.1383033
42,105,2.0,0.1493308
42,105,3.0,0.14932798
42,105,4.0,0.15357631
42,105,5.0,0.1574257
42,105,6.0,0.15763754
42,105,7.0,0.15107359
42,105,8.0,0.14859708
42,105,9.0,0.15914385
42,105,10.0,0.1726194
42,105,11.0,0.1797534
42,105,12.0,0.17554307
42,105,13.0,0.16804552
42,105,14.0,0.15693495
42,106,0.0,0.053028293
42,106,1.0,0.0777726
42,106,2.0,0.08777693
42,106,3.0,0.097148746
42,106,4.0,0.108027816
42,106,5.0,0.11243766
42,106,6.0,0.10673327
42,106,7.0,0.10912805
42,106,8.0,0.10342616
42,106,9.0,0.11006985
42,106,10.0,0.12218338
42,106,11.0,0.13785362
42,106,12.0,0.1374405
42,106,13.0,0.12911592
42,106,14.0,0.11939779
42,107,0.0,0.013872401
42,107,1.0,0.025120758
42,107,2.0,0.029200643
42,107,3.0,0.03591001
42,107,4.0,0.03993767
42,107,5.0,0.044728614
42,107,6.0,0.047488272
42,107,7.0,0.04563038
42,107,8.0,0.04729982
42,107,9.0,0.05256641
42,107,10.0,0.06130166
42,107,11.0,0.069335505
42,107,12.0,0.07652577
42,107,13.0,0.07458097
42,107,14.0,0.06841353
42,108,0.0,0.006827885
42,108,1.0,0.009354944
42,108,2.0,0.013591784
42,108,3.0,0.019219592
42,108,4.0,0.023234626
42,108,5.0,0.0278426
42,108,6.0,0.02868555
42,108,7.0,0.023531795
42,108,8.0,0.02449859
42,108,9.0,0.027436696
42,108,10.0,0.03383316
42,108,11.0,0.04159324
42,108,12.0,0.048857708
42,108,13.0,0.045314398
42,108,14.0,0.039242133
42,109,0.0,0.0028642616
42,109,1.0,0.003999423
42,109,2.0,0.004754385
42,109,3.0,0.0058227247
42,109,4.0,0.008014634
42,109,5.0,0.010593031
42,109,6.0,0.01082601
42,109,7.0,0.010969576
42,109,8.0,0.011564167
42,109,9.0,0.015213741
42,109,10.0,0.015660882
42,109,11.0,0.015259726
42,109,12.0,0.017895775
42,109,13.0,0.016398882
42,109,14.0,0.012705673
42,110,0.0,0.00042132376
42,110,1.0,0.0006598039
42,110,2.0,0.0007484361
42,110,3.0,0.001053288
42,110,4.0,0.0014332711
42,110,5.0,0.0019401205
42,110,6.0,0.0026145496
42,110,7.0,0.0030401517
42,110,8.0,0.0030952434
42,110,9.0,0.0036214225
42,110,10.0,0.004114798
42,110,11.0,0.00400407
42,110,12.0,0.0046895524
42,110,13.0,0.004703075
42,110,14.0,0.00385074
42,111,0.0,3.886051e-05
42,111,1.0,0.00014498923
42,111,2.0,0.0003018596
42,111,3.0,0.00036600366
42,111,4.0,0.00055275933
42,111,5.0,0.00077604374
42,111,6.0,0.0008935127
42,111,7.0,0.0008001977
42,111,8.0,0.00072832935
42,111,9.0,0.00055416295
42,111,10.0,0.001020058
42,111,11.0,0.0009145475
42,111,12.0,0.0011846087
42,111,13.0,0.0012246241
42,111,14.0,0.001039486
42,112,0.0,0.0
42,112,1.0,1.5580939e-07
42,112,2.0,7.7639106e-07
42,112,3.0,2.7193097e-05
42,112,4.0,6.822514e-05
42,112,5.0,0.00013301156
42,112,6.0,0.00020140565
42,112,7.0,0.00032036085
42,112,8.0,0.00030779556
42,112,9.0,0.0001441631
42,112,10.0,0.00020363335
42,112,11.0,0.00024451697
42,112,12.0,0.00037805666
42,112,13.0,0.0004256435
42,112,14.0,0.00023789791
42,113,0.0,0.0
42,113,1.0,0.0
42,113,2.0,0.0
42,113,3.0,4.3379364e-07
42,113,4.0,8.335741e-06
42,113,5.0,1.22338115e-05
42,113,6.0,1.2340504e-05
42,113,7.0,3.824925e-06
42,113,8.0,6.2759915e-07
42,113,9.0,0.0
42,113,10.0,1.51799295e-05
42,113,11.0,5.0572826e-06
42,113,12.0,1.5160223e-08
42,113,13.0,1.04737445e-08
42,113,14.0,1.8615694e-06
42,114,0.0,5.6516564e-07
42,114,1.0,0.0
42,114,2.0,0.0
42,114,3.0,0.0
42,114,4.0,2.9218137e-08
42,114,5.0,1.3796036e-07
42,114,6.0,8.621302e-08
42,114,7.0,8.4327365e-07
42,114,8.0,1.2972616e-06
42,114,9.0,0.0
42,114,10.0,0.0
42,114,11.0,0.0
42,114,12.0,0.0
42,114,13.0,6.918388e-08
42,114,14.0,3.5680394e-08
42,115,0.0,0.0
42,115,1.0,0.0
42,115,2.0,4.6597216e-07
42,115,3.0,1.5726297e-06
42,115,4.0,5.8760443e-06
42,115,5.0,1.2593184e-05
42,115,6.0,1.937938e-05
42,115,7.0,1.1528709e-06
42,115,8.0,0.0
42,115,9.0,0.0
42,115,10.0,0.0
42,115,11.0,0.0
42,115,12.0,8.059926e-09
42,115,13.0,3.831513e-08
42,115,14.0,7.82836e-08
42,116,0.0,9.359836e-10
42,116,1.0,1.1888632e-06
42,116,2.0,1.6536775e-05
42,116,3.0,7.933057e-06
42,116,4.0,3.2224643e-06
42,116,5.0,2.4725277e-06
42,116,6.0,3.7855555e-06
42,116,7.0,6.115634e-07
42,116,8.0,2.2569348e-07
42,116,9.0,0.0
42,116,10.0,0.0
42,116,11.0,6.693584e-08
42,116,12.0,8.4188365e-08
42,116,13.0,1.9738396e-08
42,116,14.0,2.8387748e-07
42,117,0.0,2.1945877e-07
42,117,1.0,5.4823712e-08
42,117,2.0,3.9866236e-06
42,117,3.0,9.181873e-06
42,117,4.0,5.151587e-06
42,117,5.0,2.1452518e-06
42,117,6.0,9.765721e-07
42,117,7.0,8.31566e-08
42,117,8.0,0.0
42,117,9.0,0.0
42,117,10.0,0.0
42,117,11.0,0.0
42,117,12.0,0.0
42,117,13.0,0.0
42,117,14.0,2.4925447e-07
43,95,0.0,0.0
43,95,1.0,0.0
43,95,2.0,6.780566e-11
43,95,3.0,2.7595442e-11
43,95,4.0,0.0
43,95,5.0,0.0
43,95,6.0,0.0
43,95,7.0,1.7995726e-09
43,95,8.0,0.0
43,95,9.0,3.6471152e-07
43,95,10.0,1.210125e-05
43,95,11.0,5.6903714e-06
43,95,12.0,2.2824224e-06
43,95,13.0,4.8521565e-07
43,95,14.0,8.616093e-09
43,96,0.0,0.0
43,96,1.0,0.0
43,96,2.0,0.0
43,96,3.0,0.0
43,96,4.0,0.0
43,96,5.0,0.0
43,96,6.0,0.0
43,96,7.0,0.0
43,96,8.0,2.0681326e-12
43,96,9.0,0.0
43,96,10.0,0.0
43,96,11.0,1.815244e-08
43,96,12.0,0.0
43,96,13.0,1.6672812e-10
43,96,14.0,0.0
43,97,0.0,0.0
43,97,1.0,6.891834e-07
43,97,2.0,1.00662255e-07
43,97,3.0,2.994963e-08
43,97,4.0,2.115522e-07
43,97,5.0,0.0
43,97,6.0,6.5556364e-08
43,97,7.0,0.0
43,97,8.0,0.0
43,97,9.0,0.0
43,97,10.0,0.0
43,97,11.0,0.0
43,97,12.0,0.0
43,97,13.0,0.0
43,97,14.0,8.542763e-11
43,98,0.0,3.5775695e-06
43,98,1.0,0.0
43,98,2.0,0.0
43,98,3.0,0.0
43,98,4.0,6.3422235e-08
43,98,5.0,0.0
43,98,6.0,0.0
43,98,7.0,1.6845992e-06
43,98,8.0,3.5495157e-06
43,98,9.0,7.553212e-07
43,98,10.0,2.9570046e-08
43,98,11.0,0.0
43,98,12.0,1.1327491e-09
43,98,13.0,3.6338795e-06
43,98,14.0,4.776985e-06
43,99,0.0,4.598854e-07
43,99,1.0,0.0
43,99,2.0,0.0
43,99,3.0,0.0
43,99,4.0,0.0
43,99,5.0,0.0
43,99,6.0,0.0
43,99,7.0,4.4091206e-07
43,99,8.0,3.006467e-06
43,99,9.0,7.789163e-06
43,99,10.0,4.4817252e-06
43,99,11.0,3.726319e-06
43,99,12.0,4.616435e-05
43,99,13.0,1.3636908e-05
43,99,14.0,4.227425e-05
43,100,0.0,3.6393416e-05
43,100,1.0,4.1064188e-05
43,100,2.0,0.00014457945
43,100,3.0,0.00019289453
43,100,4.0,0.00011940694
43,100,5.0,3.5812787e-05
43,100,6.0,1.6755168e-05
43,100,7.0,4.635504e-05
43,100,8.0,2.4549456e-05
43,100,9.0,6.472729e-05
43,100,10.0,8.088481e-05
43,100,11.0,7.344813e-05
43,100,12.0,0.00011088318
43,100,13.0,0.00019374792
43,100,14.0,0.0001543722
43,101,0.0,0.00037112695
43,101,1.0,0.0005151993
43,101,2.0,0.0003590492
43,101,3.0,0.00055440934
43,101,4.0,0.00063295587
43,101,5.0,0.0005644748
43,101,6.0,0.0007363963
43,101,7.0,0.0010969576
43,101,8.0,0.0008014216
43,101,9.0,0.0012362892
43,101,10.0,0.0017545674
43,101,11.0,0.0014755382
43,101,12.0,0.0017296078
43,101,13.0,0.0017129398
43,101,14.0,0.0016584748
43,102,0.0,0.001623993
43,102,1.0,0.0010425022
43,102,2.0,0.0024286343
43,102,3.0,0.0029955497
43,102,4.0,0.0031551851
43,102,5.0,0.0030085635
43,102,6.0,0.0027945307
43,102,7.0,0.0032071783
43,102,8.0,0.00412495
43,102,9.0,0.004666859
43,102,10.0,0.0046769534
43,102,11.0,0.006801192
43,102,12.0,0.0077128727
43,102,13.0,0.0072182436
43,102,14.0,0.0062824492
43,103,0.0,0.007901177
43,103,1.0,0.006342201
43,103,2.0,0.0077057593
43,103,3.0,0.009404657
43,103,4.0,0.012270776
43,103,5.0,0.011538792
43,103,6.0,0.011304785
43,103,7.0,0.011349411
43,103,8.0,0.011206049
43,103,9.0,0.014889279
43,103,10.0,0.015120251
43,103,11.0,0.017479269
43,103,12.0,0.022838037
43,103,13.0,0.02393685
43,103,14.0,0.020293653
43,104,0.0,0.011535813
43,104,1.0,0.016349072
43,104,2.0,0.015585919
43,104,3.0,0.017366394
43,104,4.0,0.019471137
43,104,5.0,0.021318616
43,104,6.0,0.022543812
43,104,7.0,0.024627069
43,104,8.0,0.0272714
43,104,9.0,0.025286732
43,104,10.0,0.030726066
43,104,11.0,0.034870572
43,104,12.0,0.035428632
43,104,13.0,0.0381999
43,104,14.0,0.03490449
43,105,0.0,0.0090575535
43,105,1.0,0.012677571
43,105,2.0,0.019127518
43,105,3.0,0.023891125
43,105,4.0,0.025338562
43,105,5.0,0.026193364
43,105,6.0,0.028754955
43,105,7.0,0.028104706
43,105,8.0,0.030598832
43,105,9.0,0.034686718
43,105,10.0,0.039891858
43,105,11.0,0.05211285
43,105,12.0,0.05664504
43,105,13.0,0.055346042
43,105,14.0,0.050139688
43,106,0.0,0.0069900583
43,106,1.0,0.010267993
43,106,2.0,0.018625671
43,106,3.0,0.028617116
43,106,4.0,0.03224522
43,106,5.0,0.03942728
43,106,6.0,0.036954597
43,106,7.0,0.03168606
43,106,8.0,0.035058126
43,106,9.0,0.04672464
43,106,10.0,0.053351447
43,106,11.0,0.0693087
43,106,12.0,0.077033535
43,106,13.0,0.07985601
43,106,14.0,0.07497121
43,107,0.0,0.0046973852
43,107,1.0,0.009402142
43,107,2.0,0.01859837
43,107,3.0,0.030356769
43,107,4.0,0.040441085
43,107,5.0,0.04419931
43,107,6.0,0.045421574
43,107,7.0,0.047241256
43,107,8.0,0.04860578
43,107,9.0,0.05271193
43,107,10.0,0.069599494
43,107,11.0,0.077072024
43,107,12.0,0.091672644
43,107,13.0,0.09125217
43,107,14.0,0.0877704
43,108,0.0,0.0037178707
43,108,1.0,0.0075430777
43,108,2.0,0.016986242
43,108,3.0,0.0260659
43,108,4.0,0.035280965
43,108,5.0,0.046284646
43,108,6.0,0.053274225
43,108,7.0,0.048465006
43,108,8.0,0.0486478
43,108,9.0,0.055941258
43,108,10.0,0.072317116
43,108,11.0,0.08354637
43,108,12.0,0.0927866
43,108,13.0,0.098644085
43,108,14.0,0.096360944
43,109,0.0,0.0027193404
43,109,1.0,0.005948404
43,109,2.0,0.011459952
43,109,3.0,0.01580405
43,109,4.0,0.02562324
43,109,5.0,0.040752903
43,109,6.0,0.04599255
43,109,7.0,0.040247142
43,109,8.0,0.043587673
43,109,9.0,0.04708061
43,109,10.0,0.061257623
43,109,11.0,0.07396918
43,109,12.0,0.08545129
43,109,13.0,0.08989108
43,109,14.0,0.08598883
43,110,0.0,0.0018095378
43,110,1.0,0.0038759606
43,110,2.0,0.0064374413
43,110,3.0,0.010058197
43,110,4.0,0.019304277
43,110,5.0,0.025280042
43,110,6.0,0.02964316
43,110,7.0,0.029301444
43,110,8.0,0.02624382
43,110,9.0,0.033009466
43,110,10.0,0.037940055
43,110,11.0,0.045086917
43,110,12.0,0.054931853
43,110,13.0,0.061767243
43,110,14.0,0.058682073
43,111,0.0,0.00090875017
43,111,1.0,0.0016726742
43,111,2.0,0.0033356152
43,111,3.0,0.0051848283
43,111,4.0,0.010225875
43,111,5.0,0.015829464
43,111,6.0,0.018977333
43,111,7.0,0.01626976
43,111,8.0,0.014610727
43,111,9.0,0.015479432
43,111,10.0,0.023182098
43,111,11.0,0.027837759
43,111,12.0,0.03382612
43,111,13.0,0.033771195
43,111,14.0,0.02960691
43,112,0.0,0.00013088834
43,112,1.0,0.0005421789
43,112,2.0,0.001438853
43,112,3.0,0.0025767966
43,112,4.0,0.0034843143
43,112,5.0,0.0066459524
43,112,6.0,0.007961918
43,112,7.0,0.0069973324
43,112,8.0,0.0066015925
43,112,9.0,0.007357021
43,112,10.0,0.010071369
43,112,11.0,0.01230954
43,112,12.0,0.013067497
43,112,13.0,0.013505293
43,112,14.0,0.012194647
43,113,0.0,0.00024883004
43,113,1.0,0.00022549978
43,113,2.0,0.00019806993
43,113,3.0,0.00064279616
43,113,4.0,0.0006199795
43,113,5.0,0.0016543252
43,113,6.0,0.0018875771
43,113,7.0,0.00176169
43,113,8.0,0.0014042915
43,113,9.0,0.0013931718
43,113,10.0,0.002637616
43,113,11.0,0.003810371
43,113,12.0,0.004503812
43,113,13.0,0.0045514116
43,113,14.0,0.0044069774
43,114,0.0,2.8600949e-05
43,114,1.0,4.522593e-05
43,114,2.0,1.3830713e-05
43,114,3.0,2.6266569e-06
43,114,4.0,0.00011534503
43,114,5.0,0.00010359417
43,114,6.0,0.00033632142
43,114,7.0,0.0005009231
43,114,8.0,0.0005756596
43,114,9.0,0.00053137087
43,114,10.0,0.0009908752
43,114,11.0,0.0011784921
43,114,12.0,0.0010811747
43,114,13.0,0.0009884295
43,114,14.0,0.0007766877
43,115,0.0,9.336782e-07
43,115,1.0,6.1869196e-07
43,115,2.0,1.7175982e-07
43,115,3.0,2.4387042e-10
43,115,4.0,4.538297e-07
43,115,5.0,1.346493e-06
43,115,6.0,9.421226e-06
43,115,7.0,2.1933069e-05
43,115,8.0,2.7285356e-05
43,115,9.0,5.3679174e-05
43,115,10.0,8.3239756e-05
43,115,11.0,7.0253045e-05
43,115,12.0,8.571867e-05
43,115,13.0,8.134647e-05
43,115,14.0,6.446844e-05
43,116,0.0,3.7361534e-07
43,116,1.0,0.0
43,116,2.0,0.0
43,116,3.0,0.0
43,116,4.0,0.0
43,116,5.0,0.0
43,116,6.0,4.8495295e-08
43,116,7.0,0.0
43,116,8.0,7.946367e-08
43,116,9.0,7.27846e-08
43,116,10.0,1.5031327e-07
43,116,11.0,2.6723317e-06
43,116,12.0,6.141034e-06
43,116,13.0,3.0346755e-06
43,116,14.0,2.2766554e-07
43,117,0.0,2.546276e-06
43,117,1.0,3.0274077e-06
43,117,2.0,2.3302161e-06
43,117,3.0,2.455037e-06
43,117,4.0,1.0272802e-06
43,117,5.0,3.1648449e-06
43,117,6.0,7.5943053e-06
43,117,7.0,9.726442e-06
43,117,8.0,1.3406531e-05
43,117,9.0,1.6620344e-05
43,117,10.0,1.7708438e-06
43,117,11.0,6.676578e-06
43,117,12.0,4.3765253e-06
43,117,13.0,4.6212044e-06
43,117,14.0,5.943291e-08
43,118,0.0,5.8062346e-07
43,118,1.0,1.5466284e-06
43,118,2.0,9.114482e-06
43,118,3.0,2.761612e-06
43,118,4.0,3.802349e-06
43,118,5.0,1.6221516e-05
43,118,6.0,1.1495192e-05
43,118,7.0,1.6890432e-05
43,118,8.0,2.5292367e-05
43,118,9.0,1.2118211e-06
43,118,10.0,0.0
43,118,11.0,1.50376e-09
43,118,12.0,9.858369e-07
43,118,13.0,7.07914e-07
43,118,14.0,5.3407265e-09
43,119,0.0,8.513025e-06
43,119,1.0,5.603694e-06
43,119,2.0,2.5570853e-06
43,119,3.0,4.101648e-06
43,119,4.0,8.899808e-06
43,119,5.0,2.4469691e-06
43,119,6.0,2.1233821e-07
43,119,7.0,2.2669092e-06
43,119,8.0,1.3208194e-06
43,119,9.0,3.363947e-07
43,119,10.0,0.0
43,119,11.0,1.7387315e-06
43,119,12.0,9.2767505e-06
43,119,13.0,4.4049402e-06
43,119,14.0,0.0
43,120,0.0,3.21585e-07
43,120,1.0,9.3927906e-07
43,120,2.0,3.298101e-06
43,120,3.0,0.0
43,120,4.0,0.0
43,120,5.0,0.0
43,120,6.0,1.0680243e-07
43,120,7.0,2.0877724e-06
43,120,8.0,1.8170115e-06
43,120,9.0,4.0015813e-09
43,120,10.0,0.0
43,120,11.0,5.797826e-07
43,120,12.0,3.6340655e-06
43,120,13.0,3.1597133e-06
43,120,14.0,4.4822048e-07
44,98,0.0,0.0
44,98,1.0,1.2840957e-06
44,98,2.0,1.3835713e-08
44,98,3.0,0.0
44,98,4.0,5.8966057e-06
44,98,5.0,0.0
44,98,6.0,0.0
44,98,7.0,8.472657e-06
44,98,8.0,1.3056776e-05
44,98,9.0,5.3257895e-07
44,98,10.0,0.0
44,98,11.0,0.0
44,98,12.0,0.0
44,98,13.0,1.7211029e-12
44,98,14.0,5.0017732e-08
44,99,0.0,0.0
44,99,1.0,3.7128682e-08
44,99,2.0,5.176946e-07
44,99,3.0,4.963807e-07
44,99,4.0,4.788783e-07
44,99,5.0,2.2954832e-06
44,99,6.0,1.3502466e-08
44,99,7.0,4.498143e-06
44,99,8.0,5.0718835e-08
44,99,9.0,0.0
44,99,10.0,0.0
44,99,11.0,0.0
44,99,12.0,7.6661706e-07
44,99,13.0,4.962103e-08
44,99,14.0,0.0
44,100,0.0,3.956009e-08
44,100,1.0,0.0
44,100,2.0,3.3455262e-07
44,100,3.0,7.397211e-06
44,100,4.0,1.615521e-05
44,100,5.0,1.6127724e-05
44,100,6.0,1.4697026e-06
44,100,7.0,1.9632795e-05
44,100,8.0,0.0
44,100,9.0,0.0
44,100,10.0,5.9725565e-08
44,100,11.0,1.0097497e-06
44,100,12.0,7.2982424e-08
44,100,13.0,8.7511734e-07
44,100,14.0,8.1641144e-07
44,101,0.0,1.95665e-07
44,101,1.0,0.0
44,101,2.0,0.0
44,101,3.0,5.5355935e-07
44,101,4.0,3.3794815e-06
44,101,5.0,1.9391994e-06
44,101,6.0,9.099545e-06
44,101,7.0,3.464764e-06
44,101,8.0,1.0659968e-07
44,101,9.0,4.710358e-07
44,101,10.0,3.7079665e-06
44,101,11.0,1.3264633e-05
44,101,12.0,1.7198992e-05
44,101,13.0,5.4549896e-06
44,101,14.0,4.398804e-07
44,102,0.0,1.2239189e-05
44,102,1.0,1.345627e-05
44,102,2.0,1.0810978e-05
44,102,3.0,2.7234679e-05
44,102,4.0,1.0214213e-05
44,102,5.0,7.4589693e-06
44,102,6.0,7.364028e-06
44,102,7.0,9.783454e-06
44,102,8.0,1.9114712e-05
44,102,9.0,4.8835085e-07
44,102,10.0,1.2776003e-05
44,102,11.0,2.5104364e-05
44,102,12.0,4.11418e-05
44,102,13.0,7.122298e-05
44,102,14.0,4.5872574e-05
44,103,0.0,2.092161e-05
44,103,1.0,1.7437947e-05
44,103,2.0,8.622166e-05
44,103,3.0,8.2195256e-05
44,103,4.0,6.847203e-05
44,103,5.0,8.934263e-05
44,103,6.0,3.3031432e-05
44,103,7.0,3.239928e-05
44,103,8.0,4.333886e-05
44,103,9.0,4.9185608e-05
44,103,10.0,9.522179e-05
44,103,11.0,0.00021382424
44,103,12.0,0.00013231087
44,103,13.0,0.00011945237
44,103,14.0,0.00014643012
44,104,0.0,3.6093355e-05
44,104,1.0,0.00010303909
44,104,2.0,8.8468616e-05
44,104,3.0,5.08838e-05
44,104,4.0,0.00010587747
44,104,5.0,9.8343764e-05
44,104,6.0,9.1489244e-05
44,104,7.0,0.00011695433
44,104,8.0,0.0002098273
44,104,9.0,0.00015071056
44,104,10.0,0.00030808308
44,104,11.0,0.00046350583
44,104,12.0,0.0004527262
44,104,13.0,0.0004991847
44,104,14.0,0.00038962378
44,105,0.0,3.3411274e-05
44,105,1.0,8.547885e-05
44,105,2.0,0.00011644521
44,105,3.0,0.00012767072
44,105,4.0,0.00017837163
44,105,5.0,0.00021687054
44,105,6.0,0.00018042835
44,105,7.0,0.00024743797
44,105,8.0,0.00043614962
44,105,9.0,0.0007276718
44,105,10.0,0.0010371297
44,105,11.0,0.0013754226
44,105,12.0,0.0019598987
44,105,13.0,0.002115034
44,105,14.0,0.0024698179
44,106,0.0,0.00013651661
44,106,1.0,0.00035547008
44,106,2.0,0.000560501
44,106,3.0,0.00079210213
44,106,4.0,0.0009288563
44,106,5.0,0.0010504785
44,106,6.0,0.0014068627
44,106,7.0,0.0014870983
44,106,8.0,0.0019051478
44,106,9.0,0.0027512996
44,106,10.0,0.0024966372
44,106,11.0,0.00385743
44,106,12.0,0.0052660224
44,106,13.0,0.0048497934
44,106,14.0,0.0055716885
44,107,0.0,0.00060821266
44,107,1.0,0.00093519135
44,107,2.0,0.0013453261
44,107,3.0,0.0021098782
44,107,4.0,0.0034768302
44,107,5.0,0.0052981526
44,107,6.0,0.0054012006
44,107,7.0,0.0054155523
44,107,8.0,0.0051980726
44,107,9.0,0.0055073234
44,107,10.0,0.0074251383
44,107,11.0,0.011752062
44,107,12.0,0.015284323
44,107,13.0,0.016005289
44,107,14.0,0.01641935
44,108,0.0,0.0010369688
44,108,1.0,0.0019898629
44,108,2.0,0.0034973845
44,108,3.0,0.006288008
44,108,4.0,0.009836926
44,108,5.0,0.013797905
44,108,6.0,0.016708309
44,108,7.0,0.01731738
44,108,8.0,0.016019328
44,108,9.0,0.01859112
44,108,10.0,0.023908652
44,108,11.0,0.037683364
44,108,12.0,0.043318752
44,108,13.0,0.04503083
44,108,14.0,0.04681167
44,109,0.0,0.0010541537
44,109,1.0,0.0020876992
44,109,2.0,0.0045126285
44,109,3.0,0.010972256
44,109,4.0,0.018268894
44,109,5.0,0.020160194
44,109,6.0,0.026926126
44,109,7.0,0.025896061
44,109,8.0,0.028977638
44,109,9.0,0.032994732
44,109,10.0,0.043895107
44,109,11.0,0.049016103
44,109,12.0,0.058394074
44,109,13.0,0.068188675
44,109,14.0,0.067450814
44,110,0.0,0.0014588123
44,110,1.0,0.00401513
44,110,2.0,0.010182425
44,110,3.0,0.017596403
44,110,4.0,0.027103253
44,110,5.0,0.03349526
44,110,6.0,0.04451999
44,110,7.0,0.047496744
44,110,8.0,0.046764337
44,110,9.0,0.050302614
44,110,10.0,0.06274368
44,110,11.0,0.072435014
44,110,12.0,0.08463444
44,110,13.0,0.09288089
44,110,14.0,0.09737621
44,111,0.0,0.0013938143
44,111,1.0,0.0039500594
44,111,2.0,0.009610303
44,111,3.0,0.019351754
44,111,4.0,0.027949162
44,111,5.0,0.035130423
44,111,6.0,0.043876376
44,111,7.0,0.043785367
44,111,8.0,0.04358152
44,111,9.0,0.047441743
44,111,10.0,0.063461356
44,111,11.0,0.07781136
44,111,12.0,0.08746235
44,111,13.0,0.084926926
44,111,14.0,0.08631305
44,112,0.0,0.0014686062
44,112,1.0,0.0037425645
44,112,2.0,0.009568471
44,112,3.0,0.01669027
44,112,4.0,0.023380153
44,112,5.0,0.027024126
44,112,6.0,0.03365645
44,112,7.0,0.03828194
44,112,8.0,0.038129587
44,112,9.0,0.045410745
44,112,10.0,0.056637757
44,112,11.0,0.06482507
44,112,12.0,0.07323822
44,112,13.0,0.0749313
44,112,14.0,0.07076091
44,113,0.0,0.0010670307
44,113,1.0,0.003099735
44,113,2.0,0.0080836285
44,113,3.0,0.013024511
44,113,4.0,0.017371774
44,113,5.0,0.020629743
44,113,6.0,0.021897616
44,113,7.0,0.02300365
44,113,8.0,0.024294842
44,113,9.0,0.02709432
44,113,10.0,0.030973248
44,113,11.0,0.03749491
44,113,12.0,0.043827306
44,113,13.0,0.048138425
44,113,14.0,0.049126476
44,114,0.0,0.00044043493
44,114,1.0,0.0015467099
44,114,2.0,0.002709109
44,114,3.0,0.005198392
44,114,4.0,0.008071363
44,114,5.0,0.01000631
44,114,6.0,0.010288229
44,114,7.0,0.010863436
44,114,8.0,0.011347509
44,114,9.0,0.013999272
44,114,10.0,0.016746223
44,114,11.0,0.022841463
44,114,12.0,0.027738016
44,114,13.0,0.028095517
44,114,14.0,0.026461326
44,115,0.0,7.755693e-05
44,115,1.0,0.0006233464
44,115,2.0,0.0006263235
44,115,3.0,0.0016404326
44,115,4.0,0.0021451958
44,115,5.0,0.0027028532
44,115,6.0,0.0039282413
44,115,7.0,0.0036261769
44,115,8.0,0.0031437462
44,115,9.0,0.0040658987
44,115,10.0,0.0063209
44,115,11.0,0.0073191174
44,115,12.0,0.008705888
44,115,13.0,0.008451123
44,115,14.0,0.008359618
44,116,0.0,2.1530734e-06
44,116,1.0,6.251102e-05
44,116,2.0,0.0002643657
44,116,3.0,0.000321503
44,116,4.0,0.0005897583
44,116,5.0,0.00071116036
44,116,6.0,0.00084769336
44,116,7.0,0.0010542157
44,116,8.0,0.0008533674
44,116,9.0,0.0015335409
44,116,10.0,0.0018130695
44,116,11.0,0.002001547
44,116,12.0,0.0025504217
44,116,13.0,0.0025900723
44,116,14.0,0.0023950743
44,117,0.0,5.0959903e-07
44,117,1.0,9.954466e-06
44,117,2.0,5.808507e-05
44,117,3.0,6.662503e-05
44,117,4.0,6.251374e-05
44,117,5.0,9.554146e-05
44,117,6.0,0.00022795447
44,117,7.0,0.00023502467
44,117,8.0,0.00022645667
44,117,9.0,0.00018477201
44,117,10.0,0.00048846204
44,117,11.0,0.00060273777
44,117,12.0,0.00082556845
44,117,13.0,0.0009047742
44,117,14.0,0.0008181948
44,118,0.0,6.376198e-08
44,118,1.0,1.1381933e-06
44,118,2.0,0.0
44,118,3.0,5.59749e-07
44,118,4.0,1.8602813e-06
44,118,5.0,5.27778e-07
44,118,6.0,8.2950845e-07
44,118,7.0,6.474912e-06
44,118,8.0,4.279548e-07
44,118,9.0,1.2697676e-06
44,118,10.0,1.6591664e-05
44,118,11.0,4.6807745e-05
44,118,12.0,7.448238e-05
44,118,13.0,4.4899854e-05
44,118,14.0,2.1158901e-05
44,119,0.0,0.0
44,119,1.0,0.0
44,119,2.0,0.0
44,119,3.0,0.0
44,119,4.0,0.0
44,119,5.0,7.05071e-08
44,119,6.0,5.740371e-08
44,119,7.0,3.7882089e-07
44,119,8.0,3.5137482e-08
44,119,9.0,1.8930455e-08
44,119,10.0,0.0
44,119,11.0,4.618559e-06
44,119,12.0,3.6912326e-05
44,119,13.0,2.9187748e-05
44,119,14.0,7.2368816e-06
44,120,0.0,3.4336377e-08
44,120,1.0,1.6557425e-06
44,120,2.0,0.0
44,120,3.0,0.0
44,120,4.0,9.170341e-07
44,120,5.0,1.6661032e-06
44,120,6.0,4.2147747e-08
44,120,7.0,3.8462606e-08
44,120,8.0,1.5258195e-06
44,120,9.0,2.3811983e-06
44,120,10.0,9.099437e-07
44,120,11.0,8.2526863e-10
44,120,12.0,1.9956356e-06
44,120,13.0,6.904672e-06
44,120,14.0,3.5648745e-06
44,121,0.0,2.2378015e-07
44,121,1.0,3.2648393e-06
44,121,2.0,9.2941207e-07
44,121,3.0,2.7409278e-08
44,121,4.0,1.8265378e-06
44,121,5.0,1.895203e-06
44,121,6.0,0.0
44,121,7.0,0.0
44,121,8.0,7.3670607e-09
44,121,9.0,1.5102206e-08
44,121,10.0,0.0
44,121,11.0,0.0
44,121,12.0,0.0
44,121,13.0,3.078935e-08
44,121,14.0,5.3958683e-08
44,122,0.0,6.4498957e-09
44,122,1.0,1.7420163e-06
44,122,2.0,2.7093853e-07
44,122,3.0,3.1156527e-10
44,122,4.0,0.0
44,122,5.0,0.0
44,122,6.0,0.0
44,122,7.0,0.0
44,122,8.0,8.319705e-08
44,122,9.0,0.0
44,122,10.0,0.0
44,122,11.0,0.0
44,122,12.0,4.108932e-08
44,122,13.0,2.6916135e-07
44,122,14.0,1.7004628e-07
44,123,0.0,0.0
44,123,1.0,0.0
44,123,2.0,0.0
44,123,3.0,0.0
44,123,4.0,0.0
44,123,5.0,0.0
44,123,6.0,0.0
44,123,7.0,0.0
44,123,8.0,0.0
44,123,9.0,0.0
44,123,10.0,0.0
44,123,11.0,2.8374897e-08
44,123,12.0,5.0415718e-08
44,123,13.0,2.0185598e-07
44,123,14.0,2.6334473e-07
44,124,0.0,0.0
44,124,1.0,0.0
44,124,2.0,0.0
44,124,3.0,0.0
44,124,4.0,0.0
44,124,5.0,0.0
44,124,6.0,0.0
44,124,7.0,0.0
44,124,8.0,0.0
44,124,9.0,0.0
44,124,10.0,1.0619041e-08
44,124,11.0,0.0
44,124,12.0,0.0
44,124,13.0,4.4723174e-07
44,124,14.0,6.706623e-07
45,100,0.0,0.0
45,100,1.0,0.0
45,100,2.0,0.0
45,100,3.0,0.0
45,100,4.0,0.0
45,100,5.0,2.0344514e-10
45,100,6.0,4.807092e-06
45,100,7.0,2.9259234e-06
45,100,8.0,7.5281616e-07
45,100,9.0,5.9493743e-07
45,100,10.0,1.3969628e-06
45,100,11.0,4.3587423e-07
45,100,12.0,2.1845626e-07
45,100,13.0,3.1248204e-10
45,100,14.0,0.0
45,101,0.0,2.962438e-11
45,101,1.0,0.0
45,101,2.0,0.0
45,101,3.0,0.0
45,101,4.0,0.0
45,101,5.0,0.0
45,101,6.0,0.0
45,101,7.0,3.7170085e-07
45,101,8.0,1.0821246e-06
45,101,9.0,1.2023719e-07
45,101,10.0,5.0118377e-08
45,101,11.0,0.0
45,101,12.0,0.0
45,101,13.0,1.6736348e-07
45,101,14.0,0.0
45,102,0.0,1.5148412e-06
45,102,1.0,2.007881e-08
45,102,2.0,0.0
45,102,3.0,0.0
45,102,4.0,0.0
45,102,5.0,3.771663e-13
45,102,6.0,4.2354053e-08
45,102,7.0,1.599451e-11
45,102,8.0,4.021702e-08
45,102,9.0,9.0644215e-07
45,102,10.0,2.2469894e-06
45,102,11.0,2.261676e-06
45,102,12.0,6.2623895e-10
45,102,13.0,1.3349888e-08
45,102,14.0,4.995886e-08
45,103,0.0,9.855319e-06
45,103,1.0,9.583224e-07
45,103,2.0,1.4322026e-08
45,103,3.0,1.6085605e-10
45,103,4.0,0.0
45,103,5.0,0.0
45,103,6.0,0.0
45,103,7.0,0.0
45,103,8.0,0.0
45,103,9.0,4.087899e-08
45,103,10.0,3.5512926e-06
45,103,11.0,2.9891141e-06
45,103,12.0,3.7661887e-06
45,103,13.0,7.7876683e-07
45,103,14.0,8.4210896e-08
45,104,0.0,8.80679e-09
45,104,1.0,0.0
45,104,2.0,0.0
45,104,3.0,0.0
45,104,4.0,0.0
45,104,5.0,0.0
45,104,6.0,0.0
45,104,7.0,0.0
45,104,8.0,0.0
45,104,9.0,0.0
45,104,10.0,0.0
45,104,11.0,0.0
45,104,12.0,1.955119e-07
45,104,13.0,2.1997317e-07
45,104,14.0,7.1734263e-07
45,105,0.0,0.0
45,105,1.0,9.857029e-11
45,105,2.0,1.3740054e-08
45,105,3.0,8.673269e-08
45,105,4.0,1.8038773e-07
45,105,5.0,1.4062161e-08
45,105,6.0,0.0
45,105,7.0,0.0
45,105,8.0,0.0
45,105,9.0,2.9591266e-07
45,105,10.0,1.5568456e-07
45,105,11.0,4.4918988e-07
45,105,12.0,2.7773615e-06
45,105,13.0,9.556685e-07
45,105,14.0,4.525352e-06
45,106,0.0,6.8493307e-13
45,106,1.0,1.0778158e-09
45,106,2.0,4.5826636e-09
45,106,3.0,6.7463085e-10
45,106,4.0,2.0423565e-07
45,106,5.0,7.962601e-08
45,106,6.0,2.6478492e-07
45,106,7.0,0.0
45,106,8.0,2.1342942e-07
45,106,9.0,1.9941913e-06
45,106,10.0,4.935663e-06
45,106,11.0,4.3346377e-06
45,106,12.0,5.094045e-05
45,106,13.0,3.2565848e-05
45,106,14.0,2.0954276e-05
45,107,0.0,7.307416e-13
45,107,1.0,1.0212591e-06
45,107,2.0,1.5868069e-06
45,107,3.0,4.5607403e-06
45,107,4.0,4.6874006e-06
45,107,5.0,1.1539163e-05
45,107,6.0,2.876089e-05
45,107,7.0,7.488104e-06
45,107,8.0,2.2071632e-05
45,107,9.0,3.6264915e-05
45,107,10.0,8.9830704e-05
45,107,11.0,4.7307516e-05
45,107,12.0,0.00018863178
45,107,13.0,0.00018792272
45,107,14.0,0.00025596164
45,108,0.0,1.07864266e-10
45,108,1.0,2.0867694e-06
45,108,2.0,1.8739052e-05
45,108,3.0,3.3012097e-05
45,108,4.0,3.217863e-05
45,108,5.0,9.052966e-05
45,108,6.0,5.8450478e-05
45,108,7.0,2.4267976e-05
45,108,8.0,6.177308e-05
45,108,9.0,0.0004150185
45,108,10.0,0.0006214614
45,108,11.0,0.0007741799
45,108,12.0,0.0008440509
45,108,13.0,0.0013754431
45,108,14.0,0.0012285529
45,109,0.0,9.402537e-06
45,109,1.0,6.2080915e-05
45,109,2.0,0.00010443727
45,109,3.0,0.00031001266
45,109,4.0,0.0002724143
45,109,5.0,0.00088962755
45,109,6.0,0.0006274398
45,109,7.0,0.0009598189
45,109,8.0,0.0010420361
45,109,9.0,0.0015569658
45,109,10.0,0.0021877752
45,109,11.0,0.003877377
45,109,12.0,0.005121976
45,109,13.0,0.0064818226
45,109,14.0,0.00696825
45,110,0.0,2.9555586e-05
45,110,1.0,0.00021967164
45,110,2.0,0.0007265734
45,110,3.0,0.0016379136
45,110,4.0,0.0024603435
45,110,5.0,0.0033631537
45,110,6.0,0.003199995
45,110,7.0,0.004819293
45,110,8.0,0.0052238936
45,110,9.0,0.0056601386
45,110,10.0,0.0076770815
45,110,11.0,0.014738445
45,110,12.0,0.016946072
45,110,13.0,0.020386325
45,110,14.0,0.018480087
45,111,0.0,0.00015542195
45,111,1.0,0.0006719203
45,111,2.0,0.0026462597
45,111,3.0,0.0040001157
45,111,4.0,0.0059970096
45,111,5.0,0.0130415065
45,111,6.0,0.01356481
45,111,7.0,0.015653308
45,111,8.0,0.017333634
45,111,9.0,0.016779648
45,111,10.0,0.027599016
45,111,11.0,0.032218497
45,111,12.0,0.039335225
45,111,13.0,0.037070252
45,111,14.0,0.036431953
45,112,0.0,0.00061135495
45,112,1.0,0.00242381
45,112,2.0,0.004141268
45,112,3.0,0.008294528
45,112,4.0,0.0147982575
45,112,5.0,0.023765014
45,112,6.0,0.027971476
45,112,7.0,0.025064602
45,112,8.0,0.027193688
45,112,9.0,0.032334257
45,112,10.0,0.05036569
45,112,11.0,0.057676703
45,112,12.0,0.06720369
45,112,13.0,0.068057045
45,112,14.0,0.062860794
45,113,0.0,0.0015097862
45,113,1.0,0.0030483701
45,113,2.0,0.0059449305
45,113,3.0,0.011716889
45,113,4.0,0.022177026
45,113,5.0,0.03097542
45,113,6.0,0.036208026
45,113,7.0,0.03527072
45,113,8.0,0.037831854
45,113,9.0,0.047105882
45,113,10.0,0.06325442
45,113,11.0,0.06658587
45,113,12.0,0.06907141
45,113,13.0,0.07171447
45,113,14.0,0.068205364
45,114,0.0,0.001297513
45,114,1.0,0.0026627046
45,114,2.0,0.007223134
45,114,3.0,0.014844118
45,114,4.0,0.026091086
45,114,5.0,0.034769423
45,114,6.0,0.03886335
45,114,7.0,0.040893298
45,114,8.0,0.040071953
45,114,9.0,0.039403126
45,114,10.0,0.057059124
45,114,11.0,0.06464345
45,114,12.0,0.07416147
45,114,13.0,0.0807972
45,114,14.0,0.08228572
45,115,0.0,0.00086685165
45,115,1.0,0.0027113266
45,115,2.0,0.008096458
45,115,3.0,0.015341355
45,115,4.0,0.024321258
45,115,5.0,0.027660659
45,115,6.0,0.031904653
45,115,7.0,0.03137398
45,115,8.0,0.03226604
45,115,9.0,0.03355981
45,115,10.0,0.04436438
45,115,11.0,0.049550887
45,115,12.0,0.055090785
45,115,13.0,0.05520065
45,115,14.0,0.055151124
45,116,0.0,0.00047359685
45,116,1.0,0.0020446857
45,116,2.0,0.0050734454
45,116,3.0,0.008991592
45,116,4.0,0.01246712
45,116,5.0,0.017516209
45,116,6.0,0.01629351
45,116,7.0,0.018105231
45,116,8.0,0.015983574
45,116,9.0,0.019154506
45,116,10.0,0.02654841
45,116,11.0,0.031197065
45,116,12.0,0.033767346
45,116,13.0,0.035421506
45,116,14.0,0.03676074
45,117,0.0,0.00016997861
45,117,1.0,0.0009280713
45,117,2.0,0.002023412
45,117,3.0,0.0032040623
45,117,4.0,0.004734846
45,117,5.0,0.0065509137
45,117,6.0,0.006569472
45,117,7.0,0.0059413263
45,117,8.0,0.0058899918
45,117,9.0,0.008302845
45,117,10.0,0.009917025
45,117,11.0,0.01460268
45,117,12.0,0.017105578
45,117,13.0,0.018723559
45,117,14.0,0.019485764
45,118,0.0,8.7341075e-05
45,118,1.0,0.00020994816
45,118,2.0,0.0004863236
45,118,3.0,0.0011643143
45,118,4.0,0.00155804
45,118,5.0,0.0016735173
45,118,6.0,0.0016344124
45,118,7.0,0.0019147679
45,118,8.0,0.001468152
45,118,9.0,0.0024437872
45,118,10.0,0.0033010347
45,118,11.0,0.0051000565
45,118,12.0,0.006217446
45,118,13.0,0.0065810923
45,118,14.0,0.0059774625
45,119,0.0,1.8376368e-05
45,119,1.0,6.56833e-05
45,119,2.0,0.0001738471
45,119,3.0,0.00018161291
45,119,4.0,0.00024126694
45,119,5.0,0.00041607095
45,119,6.0,0.00035638863
45,119,7.0,0.00044477696
45,119,8.0,0.00050369283
45,119,9.0,0.00037905015
45,119,10.0,0.0005768777
45,119,11.0,0.0010135368
45,119,12.0,0.0013685274
45,119,13.0,0.0014635476
45,119,14.0,0.0014759046
45,120,0.0,1.4205561e-07
45,120,1.0,1.6985612e-05
45,120,2.0,3.5881272e-05
45,120,3.0,4.0973046e-05
45,120,4.0,5.8625086e-05
45,120,5.0,7.042444e-05
45,120,6.0,6.52025e-05
45,120,7.0,6.306594e-05
45,120,8.0,5.3439962e-05
45,120,9.0,8.0930564e-05
45,120,10.0,4.5489807e-05
45,120,11.0,0.0001387492
45,120,12.0,0.00014901602
45,120,13.0,0.00023387678
45,120,14.0,0.0002562895
45,121,0.0,1.3212541e-07
45,121,1.0,8.70863e-06
45,121,2.0,3.2275446e-05
45,121,3.0,2.1523572e-05
45,121,4.0,9.050062e-06
45,121,5.0,1.138638e-07
45,121,6.0,1.0414209e-06
45,121,7.0,3.9984275e-06
45,121,8.0,1.5847623e-05
45,121,9.0,7.07141e-06
45,121,10.0,1.2271721e-06
45,121,11.0,9.482712e-07
45,121,12.0,1.0259171e-05
45,121,13.0,2.0071397e-05
45,121,14.0,2.3638599e-05
45,122,0.0,2.931103e-11
45,122,1.0,0.0
45,122,2.0,1.2188657e-07
45,122,3.0,0.0
45,122,4.0,1.2666088e-06
45,122,5.0,5.936747e-09
45,122,6.0,0.0
45,122,7.0,7.954688e-08
45,122,8.0,2.5578204e-06
45,122,9.0,3.450648e-07
45,122,10.0,0.0
45,122,11.0,0.0
45,122,12.0,6.706248e-09
45,122,13.0,0.0
45,122,14.0,0.0
45,123,0.0,0.0
45,123,1.0,2.6438737e-08
45,123,2.0,0.0
45,123,3.0,0.0
45,123,4.0,1.9063634e-07
45,123,5.0,0.0
45,123,6.0,0.0
45,123,7.0,8.620055e-07
45,123,8.0,2.053702e-06
45,123,9.0,0.0
45,123,10.0,0.0
45,123,11.0,0.0
45,123,12.0,0.0
45,123,13.0,3.122666e-13
45,123,14.0,6.067401e-07
45,124,0.0,0.0
45,124,1.0,0.0
45,124,2.0,0.0
45,124,3.0,0.0
45,124,4.0,2.472847e-07
45,124,5.0,3.1689122e-08
45,124,6.0,6.6799586e-08
45,124,7.0,2.0251407e-09
45,124,8.0,4.2099333e-07
45,124,9.0,0.0
45,124,10.0,0.0
45,124,11.0,8.252382e-08
45,124,12.0,0.0
45,124,13.0,3.924438e-08
45,124,14.0,2.9667156e-06
45,125,0.0,4.0214758e-07
45,125,1.0,7.8430577e-07
45,125,2.0,1.7415991e-09
45,125,3.0,0.0
45,125,4.0,0.0
45,125,5.0,0.0
45,125,6.0,0.0
45,125,7.0,2.2908294e-08
45,125,8.0,0.0
45,125,9.0,0.0
45,125,10.0,0.0
45,125,11.0,2.4234155e-11
45,125,12.0,0.0
45,125,13.0,0.0
45,125,14.0,2.6601793e-08
45,126,0.0,0.0
45,126,1.0,0.0
45,126,2.0,0.0
45,126,3.0,0.0
45,126,4.0,0.0
45,126,5.0,0.0
45,126,6.0,0.0
45,126,7.0,0.0
45,126,8.0,1.4020796e-08
45,126,9.0,4.6802313e-08
45,126,10.0,2.0900566e-06
45,126,11.0,4.170867e-06
45,126,12.0,1.7775399e-07
45,126,13.0,6.891855e-07
45,126,14.0,9.144889e-06
45,127,0.0,0.0
45,127,1.0,9.790392e-10
45,127,2.0,0.0
45,127,3.0,0.0
45,127,4.0,0.0
45,127,5.0,0.0
45,127,6.0,2.7999278e-07
45,127,7.0,7.4185186e-07
45,127,8.0,0.0
45,127,9.0,2.129007e-06
45,127,10.0,1.9738186e-06
45,127,11.0,1.645098e-05
45,127,12.0,1.7687025e-05
45,127,13.0,6.695479e-08
45,127,14.0,0.0
45,128,0.0,0.0
45,128,1.0,0.0
45,128,2.0,0.0
45,128,3.0,0.0
45,128,4.0,0.0
45,128,5.0,3.3396295e-09
45,128,6.0,4.6278537e-06
45,128,7.0,9.688234e-06
45,128,8.0,2.6634718e-06
45,128,9.0,1.1586563e-05
45,128,10.0,1.3812882e-05
45,128,11.0,3.541176e-05
45,128,12.0,8.620707e-06
45,128,13.0,1.7882476e-06
45,128,14.0,6.806778e-07
46,102,0.0,8.4717044e-07
46,102,1.0,8.7748376e-08
46,102,2.0,7.7815937e-10
46,102,3.0,2.891527e-08
46,102,4.0,6.237917e-08
46,102,5.0,1.3157777e-08
46,102,6.0,0.0
46,102,7.0,4.0117534e-08
46,102,8.0,7.803442e-07
46,102,9.0,2.7259771e-08
46,102,10.0,3.1056814e-08
46,102,11.0,2.0366735e-05
46,102,12.0,1.1232164e-05
46,102,13.0,4.4347803e-06
46,102,14.0,2.3065802e-06
46,103,0.0,2.7883698e-09
46,103,1.0,8.273157e-08
46,103,2.0,2.5173043e-07
46,103,3.0,3.3974774e-07
46,103,4.0,6.98526e-07
46,103,5.0,2.7371195e-06
46,103,6.0,0.0
46,103,7.0,0.0
46,103,8.0,0.0
46,103,9.0,3.200235e-07
46,103,10.0,3.6405942e-07
46,103,11.0,4.250417e-06
46,103,12.0,1.1465974e-06
46,103,13.0,9.1992996e-07
46,103,14.0,7.827667e-07
46,104,0.0,8.039046e-09
46,104,1.0,1.0335201e-10
46,104,2.0,0.0
46,104,3.0,0.0
46,104,4.0,0.0
46,104,5.0,0.0
46,104,6.0,0.0
46,104,7.0,1.5153678e-06
46,104,8.0,7.598251e-07
46,104,9.0,7.5999424e-08
46,104,10.0,1.7348369e-09
46,104,11.0,1.98558e-09
46,104,12.0,0.0
46,104,13.0,6.2889534e-08
46,104,14.0,9.4870103e-07
46,105,0.0,1.35112845e-08
46,105,1.0,1.5956768e-08
46,105,2.0,6.969136e-10
46,105,3.0,4.4155617e-09
46,105,4.0,0.0
46,105,5.0,0.0
46,105,6.0,0.0
46,105,7.0,0.0
46,105,8.0,1.4852175e-06
46,105,9.0,3.5575933e-06
46,105,10.0,1.1440509e-06
46,105,11.0,3.7827738e-06
46,105,12.0,0.0
46,105,13.0,5.8341533e-07
46,105,14.0,3.2686978e-06
46,106,0.0,0.0
46,106,1.0,0.0
46,106,2.0,0.0
46,106,3.0,0.0
46,106,4.0,0.0
46,106,5.0,0.0
46,106,6.0,0.0
46,106,7.0,0.0
46,106,8.0,0.0
46,106,9.0,3.704811e-09
46,106,10.0,0.0
46,106,11.0,0.0
46,106,12.0,0.0
46,106,13.0,0.0
46,106,14.0,0.0
46,107,0.0,3.549403e-08
46,107,1.0,0.0
46,107,2.0,0.0
46,107,3.0,0.0
46,107,4.0,0.0
46,107,5.0,0.0
46,107,6.0,0.0
46,107,7.0,0.0
46,107,8.0,0.0
46,107,9.0,0.0
46,107,10.0,0.0
46,107,11.0,0.0
46,107,12.0,0.0
46,107,13.0,0.0
46,107,14.0,0.0
46,108,0.0,5.819985e-07
46,108,1.0,1.0924748e-07
46,108,2.0,0.0
46,108,3.0,0.0
46,108,4.0,0.0
46,108,5.0,0.0
46,108,6.0,0.0
46,108,7.0,0.0
46,108,8.0,0.0
46,108,9.0,1.3764262e-10
46,108,10.0,5.049289e-07
46,108,11.0,0.0
46,108,12.0,0.0
46,108,13.0,0.0
46,108,14.0,0.0
46,109,0.0,1.5976109e-07
46,109,1.0,9.839616e-06
46,109,2.0,1.6761967e-05
46,109,3.0,5.3832064e-06
46,109,4.0,1.4490728e-06
46,109,5.0,2.7663082e-05
46,109,6.0,3.6321002e-05
46,109,7.0,4.184498e-05
46,109,8.0,3.7488902e-05
46,109,9.0,2.1051348e-05
46,109,10.0,4.7962225e-05
46,109,11.0,8.132436e-05
46,109,12.0,6.782886e-05
46,109,13.0,3.185411e-05
46,109,14.0,4.9407707e-05
46,110,0.0,0.0
46,110,1.0,4.3668547e-07
46,110,2.0,2.7762944e-06
46,110,3.0,3.161038e-05
46,110,4.0,2.2282728e-05
46,110,5.0,2.7160839e-05
46,110,6.0,5.665196e-05
46,110,7.0,6.6599816e-05
46,110,8.0,0.00013342533
46,110,9.0,0.00021291379
46,110,10.0,0.00033198128
46,110,11.0,0.00052168
46,110,12.0,0.00036674098
46,110,13.0,0.0003325533
46,110,14.0,0.0004996571
46,111,0.0,0.0
46,111,1.0,6.4757332e-06
46,111,2.0,4.881774e-05
46,111,3.0,0.00013648768
46,111,4.0,0.00032153545
46,111,5.0,0.00015815563
46,111,6.0,0.00037283776
46,111,7.0,0.00040448995
46,111,8.0,0.0005963414
46,111,9.0,0.0005247985
46,111,10.0,0.0005770623
46,111,11.0,0.0018254723
46,111,12.0,0.0014674725
46,111,13.0,0.0017863502
46,111,14.0,0.0021405402
46,112,0.0,4.689091e-05
46,112,1.0,0.00018179367
46,112,2.0,0.00055387104
46,112,3.0,0.00076810713
46,112,4.0,0.0016927496
46,112,5.0,0.0022692345
46,112,6.0,0.0031664812
46,112,7.0,0.0032351834
46,112,8.0,0.0050786897
46,112,9.0,0.004469618
46,112,10.0,0.0058294307
46,112,11.0,0.007898259
46,112,12.0,0.00966087
46,112,13.0,0.010212109
46,112,14.0,0.00986363
46,113,0.0,0.00029483787
46,113,1.0,0.00065037474
46,113,2.0,0.0015130556
46,113,3.0,0.0030764767
46,113,4.0,0.004756179
46,113,5.0,0.006346622
46,113,6.0,0.008144022
46,113,7.0,0.008344468
46,113,8.0,0.010785492
46,113,9.0,0.009837137
46,113,10.0,0.012643334
46,113,11.0,0.01854391
46,113,12.0,0.020531932
46,113,13.0,0.022554716
46,113,14.0,0.021496754
46,114,0.0,0.0008065054
46,114,1.0,0.0018487166
46,114,2.0,0.004407961
46,114,3.0,0.008316903
46,114,4.0,0.014503356
46,114,5.0,0.023910975
46,114,6.0,0.02263286
46,114,7.0,0.02715459
46,114,8.0,0.027802845
46,114,9.0,0.03322406
46,114,10.0,0.04601585
46,114,11.0,0.05083519
46,114,12.0,0.050015382
46,114,13.0,0.04840603
46,114,14.0,0.051445723
46,115,0.0,0.0008773686
46,115,1.0,0.002118077
46,115,2.0,0.0048913197
46,115,3.0,0.012666171
46,115,4.0,0.019676212
46,115,5.0,0.034747276
46,115,6.0,0.035304457
46,115,7.0,0.03819
46,115,8.0,0.04283825
46,115,9.0,0.045382213
46,115,10.0,0.060058877
46,115,11.0,0.07918466
46,115,12.0,0.08207141
46,115,13.0,0.081134796
46,115,14.0,0.07682704
46,116,0.0,0.00118395
46,116,1.0,0.0029951364
46,116,2.0,0.0063927094
46,116,3.0,0.013349019
46,116,4.0,0.023934124
46,116,5.0,0.035240036
46,116,6.0,0.04052501
46,116,7.0,0.04402349
46,116,8.0,0.045313943
46,116,9.0,0.054061376
46,116,10.0,0.06666165
46,116,11.0,0.07999659
46,116,12.0,0.091370374
46,116,13.0,0.09359751
46,116,14.0,0.09383746
46,117,0.0,0.0016612555
46,117,1.0,0.0040808646
46,117,2.0,0.008279718
46,117,3.0,0.013359598
46,117,4.0,0.025507094
46,117,5.0,0.03381995
46,117,6.0,0.041395593
46,117,7.0,0.042805176
46,117,8.0,0.046558123
46,117,9.0,0.048992384
46,117,10.0,0.06509074
46,117,11.0,0.070783496
46,117,12.0,0.076266184
46,117,13.0,0.078648485
46,117,14.0,0.07976375
46,118,0.0,0.0013568129
46,118,1.0,0.002395208
46,118,2.0,0.0046035554
46,118,3.0,0.008906725
46,118,4.0,0.014631888
46,118,5.0,0.020423314
46,118,6.0,0.02286435
46,118,7.0,0.022392396
46,118,8.0,0.021139352
46,118,9.0,0.03054911
46,118,10.0,0.0364983
46,118,11.0,0.04215409
46,118,12.0,0.041670512
46,118,13.0,0.04232488
46,118,14.0,0.0423169
46,119,0.0,0.00030495078
46,119,1.0,0.0007434915
46,119,2.0,0.002288109
46,119,3.0,0.003615259
46,119,4.0,0.0062500364
46,119,5.0,0.009598844
46,119,6.0,0.011724545
46,119,7.0,0.009623071
46,119,8.0,0.01062552
46,119,9.0,0.013034295
46,119,10.0,0.015811067
46,119,11.0,0.019546129
46,119,12.0,0.020329205
46,119,13.0,0.021842172
46,119,14.0,0.022558851
46,120,0.0,0.0001389314
46,120,1.0,0.00021677974
46,120,2.0,0.0006348181
46,120,3.0,0.0015373064
46,120,4.0,0.0022352154
46,120,5.0,0.002531656
46,120,6.0,0.0038150228
46,120,7.0,0.0028352665
46,120,8.0,0.0025692482
46,120,9.0,0.003283387
46,120,10.0,0.004627238
46,120,11.0,0.0064323945
46,120,12.0,0.0068465704
46,120,13.0,0.007843051
46,120,14.0,0.00763809
46,121,0.0,4.9111575e-05
46,121,1.0,0.000102560676
46,121,2.0,0.00018496606
46,121,3.0,0.00033086992
46,121,4.0,0.00048737935
46,121,5.0,0.00067214976
46,121,6.0,0.0005246261
46,121,7.0,0.00064564473
46,121,8.0,0.000672579
46,121,9.0,0.0008931602
46,121,10.0,0.0011149045
46,121,11.0,0.0017838724
46,121,12.0,0.0016743599
46,121,13.0,0.0020478861
46,121,14.0,0.002214856
46,122,0.0,2.415458e-07
46,122,1.0,1.2868571e-05
46,122,2.0,4.821602e-05
46,122,3.0,8.907058e-05
46,122,4.0,0.00014841468
46,122,5.0,0.0002248835
46,122,6.0,0.00021642113
46,122,7.0,0.00026538927
46,122,8.0,0.00024520105
46,122,9.0,0.00016956346
46,122,10.0,0.00034953927
46,122,11.0,0.00040729056
46,122,12.0,0.0005221824
46,122,13.0,0.00038875669
46,122,14.0,0.00033982727
46,123,0.0,1.6064221e-06
46,123,1.0,1.8259647e-07
46,123,2.0,4.483317e-06
46,123,3.0,2.4189332e-05
46,123,4.0,8.916435e-05
46,123,5.0,6.504494e-05
46,123,6.0,9.776932e-05
46,123,7.0,8.662848e-05
46,123,8.0,2.8821754e-05
46,123,9.0,3.2244818e-05
46,123,10.0,8.278296e-05
46,123,11.0,0.00012942305
46,123,12.0,0.00015000788
46,123,13.0,0.0001449874
46,123,14.0,0.0001268436
46,124,0.0,1.4011289e-07
46,124,1.0,1.174418e-06
46,124,2.0,4.3387895e-06
46,124,3.0,4.8452107e-06
46,124,4.0,2.3184626e-07
46,124,5.0,5.8664073e-06
46,124,6.0,1.4303369e-05
46,124,7.0,3.1154436e-06
46,124,8.0,1.1872385e-06
46,124,9.0,2.5496243e-07
46,124,10.0,2.2637983e-05
46,124,11.0,2.2464872e-05
46,124,12.0,4.152136e-05
46,124,13.0,3.6208028e-05
46,124,14.0,2.0487092e-05
46,125,0.0,3.500116e-08
46,125,1.0,0.0
46,125,2.0,3.3801843e-08
46,125,3.0,1.1742857e-08
46,125,4.0,3.5078818e-07
46,125,5.0,1.0906157e-08
46,125,6.0,5.773894e-08
46,125,7.0,0.0
46,125,8.0,0.0
46,125,9.0,2.5753751e-08
46,125,10.0,3.846269e-06
46,125,11.0,7.990666e-06
46,125,12.0,9.03924e-06
46,125,13.0,1.8936345e-05
46,125,14.0,1.4083083e-05
46,126,0.0,7.5388105e-09
46,126,1.0,0.0
46,126,2.0,0.0
46,126,3.0,3.9664283e-07
46,126,4.0,7.713185e-07
46,126,5.0,4.8839627e-07
46,126,6.0,2.6213854e-07
46,126,7.0,5.1723356e-07
46,126,8.0,2.2600524e-07
46,126,9.0,0.0
46,126,10.0,3.92542e-06
46,126,11.0,2.0646821e-06
46,126,12.0,4.006983e-06
46,126,13.0,4.6136993e-06
46,126,14.0,2.1907233e-06
46,127,0.0,1.1971312e-07
46,127,1.0,1.9308501e-09
46,127,2.0,1.9696422e-08
46,127,3.0,8.552291e-08
46,127,4.0,5.107536e-09
46,127,5.0,4.147584e-08
46,127,6.0,5.310228e-09
46,127,7.0,0.0
46,127,8.0,0.0
46,127,9.0,0.0
46,127,10.0,3.606059e-07
46,127,11.0,6.4117575e-07
46,127,12.0,3.859793e-06
46,127,13.0,3.820235e-06
46,127,14.0,2.7048502e-06
46,128,0.0,6.721516e-07
46,128,1.0,6.548197e-07
46,128,2.0,0.0
46,128,3.0,0.0
46,128,4.0,1.5626169e-08
46,128,5.0,2.4143425e-08
46,128,6.0,1.9045789e-08
46,128,7.0,6.703756e-08
46,128,8.0,0.0
46,128,9.0,1.1407867e-06
46,128,10.0,8.3908964e-07
46,128,11.0,1.0553809e-08
46,128,12.0,4.6295395e-07
46,128,13.0,1.3106078e-06
46,128,14.0,6.47521e-08
46,129,0.0,0.0
46,129,1.0,0.0
46,129,2.0,0.0
46,129,3.0,0.0
46,129,4.0,0.0
46,129,5.0,0.0
46,129,6.0,2.466444e-10
46,129,7.0,1.1121389e-10
46,129,8.0,1.4440241e-08
46,129,9.0,2.1698112e-12
46,129,10.0,0.0
46,129,11.0,0.0
46,129,12.0,0.0
46,129,13.0,0.0
46,129,14.0,1.5394021e-06
46,130,0.0,1.986886e-08
46,130,1.0,0.0
46,130,2.0,5.670509e-08
46,130,3.0,0.0
46,130,4.0,0.0
46,130,5.0,0.0
46,130,6.0,0.0
46,130,7.0,1.7499786e-09
46,130,8.0,1.9813507e-08
46,130,9.0,0.0
46,130,10.0,0.0
46,130,11.0,0.0
46,130,12.0,0.0
46,130,13.0,2.546616e-07
46,130,14.0,0.0
46,131,0.0,3.6127418e-08
46,131,1.0,0.0
46,131,2.0,0.0
46,131,3.0,9.857483e-08
46,131,4.0,0.0
46,131,5.0,1.9309954e-07
46,131,6.0,0.0
46,131,7.0,0.0
46,131,8.0,6.0014185e-07
46,131,9.0,4.5365646e-06
46,131,10.0,1.09124244e-07
46,131,11.0,1.2179312e-07
46,131,12.0,3.0989415e-06
46,131,13.0,1.5101209e-06
46,131,14.0,1.7231351e-06
47,105,0.0,9.0693754e-07
47,105,1.0,0.0
47,105,2.0,0.0
47,105,3.0,0.0
47,105,4.0,0.0
47,105,5.0,0.0
47,105,6.0,0.0
47,105,7.0,0.0
47,105,8.0,0.0
47,105,9.0,0.0
47,105,10.0,0.0
47,105,11.0,0.0
47,105,12.0,0.0
47,105,13.0,0.0
47,105,14.0,0.0
47,106,0.0,7.912879e-08
47,106,1.0,4.1927293e-09
47,106,2.0,0.0
47,106,3.0,1.9175108e-08
47,106,4.0,2.0445076e-10
47,106,5.0,3.6663604e-07
47,106,6.0,0.0
47,106,7.0,0.0
47,106,8.0,0.0
47,106,9.0,0.0
47,106,10.0,1.0945858e-07
47,106,11.0,3.466265e-07
47,106,12.0,0.0
47,106,13.0,0.0
47,106,14.0,1.0151271e-10
47,107,0.0,0.0
47,107,1.0,7.5120845e-08
47,107,2.0,3.7958277e-08
47,107,3.0,0.0
47,107,4.0,2.0078883e-06
47,107,5.0,0.0
47,107,6.0,2.1511501e-07
47,107,7.0,0.0
47,107,8.0,0.0
47,107,9.0,0.0
47,107,10.0,8.756432e-06
47,107,11.0,0.0
47,107,12.0,1.8428939e-11
47,107,13.0,0.0
47,107,14.0,7.021541e-08
47,108,0.0,3.1508267e-07
47,108,1.0,1.5998044e-06
47,108,2.0,6.853894e-08
47,108,3.0,5.184881e-07
47,108,4.0,0.0
47,108,5.0,2.8995976e-06
47,108,6.0,0.0
47,108,7.0,2.2386189e-08
47,108,8.0,4.4967415e-08
47,108,9.0,0.0
47,108,10.0,0.0
47,108,11.0,0.0
47,108,12.0,0.0
47,108,13.0,0.0
47,108,14.0,0.0
47,109,0.0,0.0
47,109,1.0,1.2217888e-06
47,109,2.0,1.2848935e-06
47,109,3.0,4.339331e-09
47,109,4.0,6.5265394e-06
47,109,5.0,6.5554224e-13
47,109,6.0,1.0376456e-08
47,109,7.0,6.316026e-07
47,109,8.0,1.7545107e-08
47,109,9.0,1.6286252e-06
47,109,10.0,9.689518e-07
47,109,11.0,1.6980393e-06
47,109,12.0,2.839142e-06
47,109,13.0,1.4557718e-07
47,109,14.0,0.0
47,110,0.0,0.0
47,110,1.0,0.0
47,110,2.0,1.0016826e-08
47,110,3.0,0.0
47,110,4.0,0.0
47,110,5.0,0.0
47,110,6.0,0.0
47,110,7.0,0.0
47,110,8.0,0.0
47,110,9.0,0.0
47,110,10.0,0.0
47,110,11.0,5.345689e-07
47,110,12.0,0.0
47,110,13.0,2.0982249e-11
47,110,14.0,8.5177163e-07
47,111,0.0,0.0
47,111,1.0,2.238823e-08
47,111,2.0,0.0
47,111,3.0,0.0
47,111,4.0,0.0
47,111,5.0,1.3479405e-06
47,111,6.0,9.615612e-06
47,111,7.0,1.42192375e-05
47,111,8.0,6.012232e-07
47,111,9.0,1.0440586e-05
47,111,10.0,9.7434995e-06
47,111,11.0,1.9919811e-05
47,111,12.0,5.676583e-06
47,111,13.0,1.4816366e-05
47,111,14.0,4.145469e-05
47,112,0.0,0.0
47,112,1.0,0.0
47,112,2.0,0.0
47,112,3.0,0.0
47,112,4.0,2.1511714e-05
47,112,5.0,1.37738425e-05
47,112,6.0,6.775369e-05
47,112,7.0,6.7893074e-05
47,112,8.0,6.101886e-05
47,112,9.0,0.00029918842
47,112,10.0,0.00015063379
47,112,11.0,0.0001334096
47,112,12.0,0.00013344888
47,112,13.0,0.00012828756
47,112,14.0,0.00014990928
47,113,0.0,0.0
47,113,1.0,0.0
47,113,2.0,5.9147914e-07
47,113,3.0,2.3670693e-05
47,113,4.0,0.0001448636
47,113,5.0,0.00024485597
47,113,6.0,0.00034197717
47,113,7.0,0.0002971932
47,113,8.0,0.00035968883
47,113,9.0,0.0004890254
47,113,10.0,0.00060158776
47,113,11.0,0.00057097827
47,113,12.0,0.00133792
47,113,13.0,0.0016152422
47,113,14.0,0.00078278314
47,114,0.0,2.3722916e-05
47,114,1.0,5.6538018e-05
47,114,2.0,0.00020558063
47,114,3.0,0.00012376641
47,114,4.0,0.0005076402
47,114,5.0,0.0016767922
47,114,6.0,0.0024106046
47,114,7.0,0.0024336518
47,114,8.0,0.0028220366
47,114,9.0,0.0040992387
47,114,10.0,0.0043591154
47,114,11.0,0.004944483
47,114,12.0,0.005036026
47,114,13.0,0.0048600086
47,114,14.0,0.0042532836
47,115,0.0,0.00021731526
47,115,1.0,0.0006367284
47,115,2.0,0.0020670074
47,115,3.0,0.0015915798
47,115,4.0,0.0028693844
47,115,5.0,0.004683443
47,115,6.0,0.0064406646
47,115,7.0,0.006352175
47,115,8.0,0.0068808193
47,115,9.0,0.009997027
47,115,10.0,0.014458884
47,115,11.0,0.018400205
47,115,12.0,0.019489279
47,115,13.0,0.018429127
47,115,14.0,0.013623042
47,116,0.0,0.0002189189
47,116,1.0,0.0007270445
47,116,2.0,0.0009741652
47,116,3.0,0.0027005034
47,116,4.0,0.0034813099
47,116,5.0,0.006111182
47,116,6.0,0.008122122
47,116,7.0,0.009801288
47,116,8.0,0.013048788
47,116,9.0,0.014827934
47,116,10.0,0.02397942
47,116,11.0,0.032137282
47,116,12.0,0.033495277
47,116,13.0,0.032841086
47,116,14.0,0.03127413
47,117,0.0,0.00051396125
47,117,1.0,0.0009715563
47,117,2.0,0.0033022484
47,117,3.0,0.0069940304
47,117,4.0,0.014240936
47,117,5.0,0.019277819
47,117,6.0,0.025579777
47,117,7.0,0.027385449
47,117,8.0,0.0307704
47,117,9.0,0.037077323
47,117,10.0,0.055053424
47,117,11.0,0.06947943
47,117,12.0,0.07746358
47,117,13.0,0.07930517
47,117,14.0,0.07109405
47,118,0.0,0.00139948
47,118,1.0,0.0019988932
47,118,2.0,0.0059726913
47,118,3.0,0.013961299
47,118,4.0,0.024491638
47,118,5.0,0.037493236
47,118,6.0,0.044267755
47,118,7.0,0.05112348
47,118,8.0,0.048162345
47,118,9.0,0.056133598
47,118,10.0,0.07326113
47,118,11.0,0.09430142
47,118,12.0,0.10313377
47,118,13.0,0.10538191
47,118,14.0,0.10547875
47,119,0.0,0.0010917925
47,119,1.0,0.0018955303
47,119,2.0,0.006046347
47,119,3.0,0.013489457
47,119,4.0,0.025166122
47,119,5.0,0.035173997
47,119,6.0,0.040917147
47,119,7.0,0.051004488
47,119,8.0,0.046158362
47,119,9.0,0.051827457
47,119,10.0,0.06636486
47,119,11.0,0.074577704
47,119,12.0,0.0802615
47,119,13.0,0.08624504
47,119,14.0,0.087830886
47,120,0.0,0.0006428453
47,120,1.0,0.0014800021
47,120,2.0,0.0050714742
47,120,3.0,0.0108175175
47,120,4.0,0.019342212
47,120,5.0,0.025562847
47,120,6.0,0.032571565
47,120,7.0,0.04094248
47,120,8.0,0.037380736
47,120,9.0,0.042288404
47,120,10.0,0.052942436
47,120,11.0,0.06480845
47,120,12.0,0.071928196
47,120,13.0,0.07398047
47,120,14.0,0.07593047
47,121,0.0,0.00013821169
47,121,1.0,0.0010194652
47,121,2.0,0.002434242
47,121,3.0,0.005106831
47,121,4.0,0.008963526
47,121,5.0,0.013524742
47,121,6.0,0.017547417
47,121,7.0,0.018153695
47,121,8.0,0.017407592
47,121,9.0,0.021056747
47,121,10.0,0.03257831
47,121,11.0,0.041753963
47,121,12.0,0.046152376
47,121,13.0,0.04769135
47,121,14.0,0.04589633
47,122,0.0,6.742034e-05
47,122,1.0,0.00069553254
47,122,2.0,0.0015126643
47,122,3.0,0.0020042432
47,122,4.0,0.0037244763
47,122,5.0,0.006359853
47,122,6.0,0.007327451
47,122,7.0,0.008149751
47,122,8.0,0.008649192
47,122,9.0,0.008399792
47,122,10.0,0.015100393
47,122,11.0,0.021363655
47,122,12.0,0.022656823
47,122,13.0,0.025034323
47,122,14.0,0.024131015
47,123,0.0,1.30575445e-05
47,123,1.0,0.0002940373
47,123,2.0,0.00086311746
47,123,3.0,0.0012892297
47,123,4.0,0.0018158272
47,123,5.0,0.0026508411
47,123,6.0,0.0036915175
47,123,7.0,0.0037455864
47,123,8.0,0.0037233287
47,123,9.0,0.0030871467
47,123,10.0,0.005452424
47,123,11.0,0.0077750073
47,123,12.0,0.0099344
47,123,13.0,0.010653589
47,123,14.0,0.010278184
47,124,0.0,5.8863443e-06
47,124,1.0,7.3442e-05
47,124,2.0,0.000327728
47,124,3.0,0.00052443106
47,124,4.0,0.0008013101
47,124,5.0,0.00088749436
47,124,6.0,0.0011424435
47,124,7.0,0.0011847842
47,124,8.0,0.00096257153
47,124,9.0,0.00089444156
47,124,10.0,0.0019186999
47,124,11.0,0.0028348311
47,124,12.0,0.0030269993
47,124,13.0,0.0033071646
47,124,14.0,0.0032084817
47,125,0.0,5.0308918e-05
47,125,1.0,7.024246e-05
47,125,2.0,0.00022632416
47,125,3.0,0.00026980916
47,125,4.0,0.00029500024
47,125,5.0,0.0003683892
47,125,6.0,0.0003016249
47,125,7.0,0.00037035174
47,125,8.0,0.0003336596
47,125,9.0,0.00043379952
47,125,10.0,0.00062036887
47,125,11.0,0.0011482526
47,125,12.0,0.0016516413
47,125,13.0,0.0013926172
47,125,14.0,0.001364599
47,126,0.0,5.6850286e-07
47,126,1.0,3.7183718e-06
47,126,2.0,1.0315687e-05
47,126,3.0,4.073082e-05
47,126,4.0,6.121866e-05
47,126,5.0,5.4324453e-05
47,126,6.0,0.00014103224
47,126,7.0,4.1076873e-05
47,126,8.0,0.00010152056
47,126,9.0,6.130884e-05
47,126,10.0,6.6953464e-05
47,126,11.0,0.00011028875
47,126,12.0,0.0003064476
47,126,13.0,0.0002065392
47,126,14.0,0.00018735215
47,127,0.0,6.204019e-07
47,127,1.0,0.0
47,127,2.0,0.0
47,127,3.0,1.3280381e-06
47,127,4.0,6.0740044e-06
47,127,5.0,1.4072917e-05
47,127,6.0,1.3128647e-06
47,127,7.0,0.0
47,127,8.0,0.0
47,127,9.0,0.0
47,127,10.0,0.0
47,127,11.0,1.0097372e-05
47,127,12.0,2.4263356e-05
47,127,13.0,2.1601112e-05
47,127,14.0,2.3862609e-05
47,128,0.0,2.9497363e-07
47,128,1.0,0.0
47,128,2.0,0.0
47,128,3.0,0.0
47,128,4.0,6.0514736e-08
47,128,5.0,0.0
47,128,6.0,0.0
47,128,7.0,0.0
47,128,8.0,0.0
47,128,9.0,3.437566e-07
47,128,10.0,9.87064e-07
47,128,11.0,6.192688e-06
47,128,12.0,4.35739e-06
47,128,13.0,8.533106e-07
47,128,14.0,5.7943438e-11
47,129,0.0,0.0
47,129,1.0,0.0
47,129,2.0,0.0
47,129,3.0,0.0
47,129,4.0,0.0
47,129,5.0,0.0
47,129,6.0,0.0
47,129,7.0,0.0
47,129,8.0,5.811479e-09
47,129,9.0,0.0
47,129,10.0,0.0
47,129,11.0,3.8196407e-10
47,129,12.0,1.8030764e-07
47,129,13.0,4.071292e-07
47,129,14.0,0.0
47,130,0.0,0.0
47,130,1.0,0.0
47,130,2.0,0.0
47,130,3.0,0.0
47,130,4.0,0.0
47,130,5.0,0.0
47,130,6.0,0.0
47,130,7.0,1.9006616e-06
47,130,8.0,5.378324e-07
47,130,9.0,7.77369e-07
47,130,10.0,1.3739173e-05
47,130,11.0,7.978639e-06
47,130,12.0,6.252719e-06
47,130,13.0,8.3587324e-08
47,130,14.0,3.3665556e-10
47,131,0.0,0.0
47,131,1.0,0.0
47,131,2.0,0.0
47,131,3.0,0.0
47,131,4.0,0.0
47,131,5.0,0.0
47,131,6.0,0.0
47,131,7.0,0.0
47,131,8.0,0.0
47,131,9.0,0.0
47,131,10.0,1.6045038e-09
47,131,11.0,0.0
47,131,12.0,0.0
47,131,13.0,0.0
47,131,14.0,0.0
47,132,0.0,0.0
47,132,1.0,1.8290277e-07
47,132,2.0,2.0679218e-07
47,132,3.0,1.3362371e-08
47,132,4.0,4.2967367e-06
47,132,5.0,1.6237398e-06
47,132,6.0,1.2860451e-06
47,132,7.0,1.1836792e-07
47,132,8.0,0.0
47,132,9.0,0.0
47,132,10.0,9.257681e-09
47,132,11.0,2.988911e-08
47,132,12.0,2.565303e-06
47,132,13.0,1.0274003e-05
47,132,14.0,7.676838e-06
47,133,0.0,2.7000083e-10
47,133,1.0,1.6622375e-08
47,133,2.0,0.0
47,133,3.0,0.0
47,133,4.0,0.0
47,133,5.0,0.0
47,133,6.0,0.0
47,133,7.0,0.0
47,133,8.0,9.7013055e-09
47,133,9.0,0.0
47,133,10.0,0.0
47,133,11.0,0.0
47,133,12.0,0.0
47,133,13.0,0.0
47,133,14.0,6.6935263e-07
48,108,0.0,0.0
48,108,1.0,0.0
48,108,2.0,0.0
48,108,3.0,0.0
48,108,4.0,0.0
48,108,5.0,7.820127e-07
48,108,6.0,0.0
48,108,7.0,0.0
48,108,8.0,2.8225659e-06
48,108,9.0,2.392602e-09
48,108,10.0,0.0
48,108,11.0,2.0638451e-07
48,108,12.0,3.1699592e-06
48,108,13.0,0.0
48,108,14.0,0.0
48,109,0.0,0.0
48,109,1.0,8.667692e-08
48,109,2.0,2.303168e-07
48,109,3.0,3.5966086e-06
48,109,4.0,8.111905e-11
48,109,5.0,2.0256718e-06
48,109,6.0,0.0
48,109,7.0,1.1768737e-10
48,109,8.0,3.0564527e-06
48,109,9.0,0.0
48,109,10.0,6.227336e-06
48,109,11.0,2.499155e-07
48,109,12.0,0.0
48,109,13.0,7.450124e-07
48,109,14.0,1.9565943e-05
48,110,0.0,0.0
48,110,1.0,2.0982147e-10
48,110,2.0,9.2569627e-07
48,110,3.0,0.0
48,110,4.0,0.0
48,110,5.0,3.0069254e-09
48,110,6.0,0.0
48,110,7.0,0.0
48,110,8.0,5.1503507e-06
48,110,9.0,0.0
48,110,10.0,1.8189323e-06
48,110,11.0,1.9748818e-06
48,110,12.0,0.0
48,110,13.0,2.2654282e-07
48,110,14.0,1.4203262e-05
48,111,0.0,0.0
48,111,1.0,0.0
48,111,2.0,5.311709e-07
48,111,3.0,0.0
48,111,4.0,1.148788e-05
48,111,5.0,1.0420291e-06
48,111,6.0,5.837052e-06
48,111,7.0,8.599973e-06
48,111,8.0,6.822415e-06
48,111,9.0,2.0151838e-05
48,111,10.0,1.5275942e-06
48,111,11.0,6.955713e-05
48,111,12.0,7.4670356e-06
48,111,13.0,3.4485784e-06
48,111,14.0,1.3034062e-06
48,112,0.0,5.616577e-06
48,112,1.0,7.62863e-06
48,112,2.0,1.2750931e-07
48,112,3.0,1.9824502e-07
48,112,4.0,6.5008735e-06
48,112,5.0,1.6623275e-05
48,112,6.0,2.7832099e-05
48,112,7.0,2.843644e-05
48,112,8.0,2.0604022e-05
48,112,9.0,2.1442165e-05
48,112,10.0,5.407355e-05
48,112,11.0,1.786208e-05
48,112,12.0,1.3758739e-05
48,112,13.0,1.7907705e-05
48,112,14.0,1.8916719e-05
48,113,0.0,1.1693199e-09
48,113,1.0,2.8443044e-06
48,113,2.0,5.2913324e-06
48,113,3.0,3.898755e-05
48,113,4.0,1.9702546e-05
48,113,5.0,3.1358095e-06
48,113,6.0,0.0
48,113,7.0,0.0
48,113,8.0,0.0
48,113,9.0,8.600496e-09
48,113,10.0,2.6898742e-06
48,113,11.0,6.260937e-07
48,113,12.0,0.0
48,113,13.0,2.3864594e-08
48,113,14.0,1.8370257e-10
48,114,0.0,2.9324278e-06
48,114,1.0,9.910526e-07
48,114,2.0,4.7758564e-05
48,114,3.0,0.0001723044
48,114,4.0,9.0995025e-05
48,114,5.0,8.595834e-05
48,114,6.0,6.847078e-05
48,114,7.0,4.484459e-05
48,114,8.0,9.400099e-05
48,114,9.0,0.0001887431
48,114,10.0,0.00032404342
48,114,11.0,0.0003568586
48,114,12.0,0.00020947639
48,114,13.0,0.00013579077
48,114,14.0,0.00017340388
48,115,0.0,6.9133885e-06
48,115,1.0,4.66605e-05
48,115,2.0,0.00021044334
48,115,3.0,0.00020183784
48,115,4.0,0.00032676046
48,115,5.0,0.0007483874
48,115,6.0,0.0012346321
48,115,7.0,0.00071860926
48,115,8.0,0.0008255668
48,115,9.0,0.00086383306
48,115,10.0,0.00069140125
48,115,11.0,0.0021985876
48,115,12.0,0.0032623042
48,115,13.0,0.003536387
48,115,14.0,0.004140569
48,116,0.0,1.727519e-05
48,116,1.0,0.00015120849
48,116,2.0,0.0003927322
48,116,3.0,0.00084246433
48,116,4.0,0.00179941
48,116,5.0,0.0016418832
48,116,6.0,0.0012668611
48,116,7.0,0.0024674374
48,116,8.0,0.0022813044
48,116,9.0,0.0022223191
48,116,10.0,0.004420845
48,116,11.0,0.006712558
48,116,12.0,0.007753542
48,116,13.0,0.007785805
48,116,14.0,0.006860289
48,117,0.0,5.761371e-06
48,117,1.0,0.0002972008
48,117,2.0,0.0004542702
48,117,3.0,0.0012667469
48,117,4.0,0.0020960327
48,117,5.0,0.0026406005
48,117,6.0,0.002833466
48,117,7.0,0.0025413742
48,117,8.0,0.003285932
48,117,9.0,0.0056814337
48,117,10.0,0.010750992
48,117,11.0,0.012605595
48,117,12.0,0.011764377
48,117,13.0,0.010199843
48,117,14.0,0.008528023
48,118,0.0,0.0001444499
48,118,1.0,0.0011864826
48,118,2.0,0.0026921965
48,118,3.0,0.005320181
48,118,4.0,0.007015159
48,118,5.0,0.0066674636
48,118,6.0,0.007182717
48,118,7.0,0.007837386
48,118,8.0,0.010477954
48,118,9.0,0.011519871
48,118,10.0,0.020663645
48,118,11.0,0.023559263
48,118,12.0,0.02558836
48,118,13.0,0.02609708
48,118,14.0,0.02835285
48,119,0.0,0.0007165641
48,119,1.0,0.0021670302
48,119,2.0,0.0065925927
48,119,3.0,0.012920268
48,119,4.0,0.018369071
48,119,5.0,0.02042702
48,119,6.0,0.025074033
48,119,7.0,0.026307745
48,119,8.0,0.027406884
48,119,9.0,0.035261117
48,119,10.0,0.045327127
48,119,11.0,0.052292984
48,119,12.0,0.054713707
48,119,13.0,0.05012933
48,119,14.0,0.04367195
48,120,0.0,0.0011826517
48,120,1.0,0.0030013323
48,120,2.0,0.0074417777
48,120,3.0,0.013396821
48,120,4.0,0.023148429
48,120,5.0,0.03108199
48,120,6.0,0.041316368
48,120,7.0,0.038343962
48,120,8.0,0.045477487
48,120,9.0,0.056760013
48,120,10.0,0.07227173
48,120,11.0,0.08087445
48,120,12.0,0.07504727
48,120,13.0,0.07005514
48,120,14.0,0.06650907
48,121,0.0,0.001440151
48,121,1.0,0.0028029946
48,121,2.0,0.0076443832
48,121,3.0,0.015271378
48,121,4.0,0.025256295
48,121,5.0,0.03861894
48,121,6.0,0.04464812
48,121,7.0,0.04709802
48,121,8.0,0.05797917
48,121,9.0,0.06268726
48,121,10.0,0.06758275
48,121,11.0,0.07701853
48,121,12.0,0.08075178
48,121,13.0,0.079757944
48,121,14.0,0.07580405
48,122,0.0,0.0011937267
48,122,1.0,0.0030882123
48,122,2.0,0.00706073
48,122,3.0,0.013671712
48,122,4.0,0.026205089
48,122,5.0,0.034423802
48,122,6.0,0.04038819
48,122,7.0,0.04391615
48,122,8.0,0.054302488
48,122,9.0,0.054314975
48,122,10.0,0.058879633
48,122,11.0,0.065397926
48,122,12.0,0.07255685
48,122,13.0,0.077793196
48,122,14.0,0.07909482
48,123,0.0,0.0010574219
48,123,1.0,0.0033506877
48,123,2.0,0.005787391
48,123,3.0,0.010346045
48,123,4.0,0.020577453
48,123,5.0,0.026622934
48,123,6.0,0.032003034
48,123,7.0,0.035380516
48,123,8.0,0.034188993
48,123,9.0,0.03754077
48,123,10.0,0.05391769
48,123,11.0,0.058308788
48,123,12.0,0.05682967
48,123,13.0,0.05780032
48,123,14.0,0.060974233
48,124,0.0,0.0011158393
48,124,1.0,0.0026526484
48,124,2.0,0.0057657426
48,124,3.0,0.009486227
48,124,4.0,0.014700186
48,124,5.0,0.019662658
48,124,6.0,0.021952545
48,124,7.0,0.023957483
48,124,8.0,0.023194173
48,124,9.0,0.028056081
48,124,10.0,0.033348963
48,124,11.0,0.036319524
48,124,12.0,0.037020747
48,124,13.0,0.037511818
48,124,14.0,0.038758293
48,125,0.0,0.0006250065
48,125,1.0,0.0020492622
48,125,2.0,0.0041595134
48,125,3.0,0.0062105483
48,125,4.0,0.010508748
48,125,5.0,0.012668665
48,125,6.0,0.012095932
48,125,7.0,0.01349095
48,125,8.0,0.01208669
48,125,9.0,0.01740558
48,125,10.0,0.020859588
48,125,11.0,0.022300186
48,125,12.0,0.021967432
48,125,13.0,0.021875164
48,125,14.0,0.021077057
48,126,0.0,0.0008527029
48,126,1.0,0.0017555142
48,126,2.0,0.0033387823
48,126,3.0,0.004852554
48,126,4.0,0.0065840906
48,126,5.0,0.0072176238
48,126,6.0,0.0068039447
48,126,7.0,0.007106282
48,126,8.0,0.007240666
48,126,9.0,0.010166688
48,126,10.0,0.011713621
48,126,11.0,0.011313866
48,126,12.0,0.010147411
48,126,13.0,0.009421817
48,126,14.0,0.00935016
48,127,0.0,0.0010550237
48,127,1.0,0.0013775951
48,127,2.0,0.0017423182
48,127,3.0,0.002349133
48,127,4.0,0.0037581588
48,127,5.0,0.0031791052
48,127,6.0,0.003840073
48,127,7.0,0.003457707
48,127,8.0,0.0033837447
48,127,9.0,0.003927831
48,127,10.0,0.004239926
48,127,11.0,0.005057436
48,127,12.0,0.00521039
48,127,13.0,0.005008067
48,127,14.0,0.0049688676
48,128,0.0,0.0003539605
48,128,1.0,0.00035948516
48,128,2.0,0.0010696425
48,128,3.0,0.0011879201
48,128,4.0,0.0009979038
48,128,5.0,0.0014125799
48,128,6.0,0.0013306091
48,128,7.0,0.0010117507
48,128,8.0,0.0009258489
48,128,9.0,0.0010725554
48,128,10.0,0.0010723827
48,128,11.0,0.0012003742
48,128,12.0,0.0013333086
48,128,13.0,0.0013721902
48,128,14.0,0.0013822116
48,129,0.0,0.0003154827
48,129,1.0,0.0001649887
48,129,2.0,0.0002236502
48,129,3.0,0.00011985519
48,129,4.0,0.0002419487
48,129,5.0,0.00014952794
48,129,6.0,8.8714936e-05
48,129,7.0,0.00010792179
48,129,8.0,0.00018681755
48,129,9.0,0.0001899668
48,129,10.0,0.00020033594
48,129,11.0,0.00018407482
48,129,12.0,0.00018862257
48,129,13.0,0.00018238976
48,129,14.0,0.00015916076
48,130,0.0,1.691456e-05
48,130,1.0,2.0450689e-05
48,130,2.0,7.155053e-06
48,130,3.0,1.4486047e-05
48,130,4.0,3.4735087e-05
48,130,5.0,2.503955e-05
48,130,6.0,3.167345e-05
48,130,7.0,3.945367e-06
48,130,8.0,1.4076445e-05
48,130,9.0,2.5591748e-05
48,130,10.0,2.3666416e-05
48,130,11.0,2.0287007e-05
48,130,12.0,1.1176521e-05
48,130,13.0,1.3558674e-05
48,130,14.0,1.1393836e-05
48,131,0.0,4.5110883e-06
48,131,1.0,0.0
48,131,2.0,0.0
48,131,3.0,3.0725786e-08
48,131,4.0,2.1442793e-06
48,131,5.0,8.556357e-08
48,131,6.0,1.909115e-08
48,131,7.0,0.0
48,131,8.0,0.0
48,131,9.0,0.0
48,131,10.0,0.0
48,131,11.0,0.0
48,131,12.0,0.0
48,131,13.0,0.0
48,131,14.0,0.0
48,132,0.0,0.0
48,132,1.0,0.0
48,132,2.0,0.0
48,132,3.0,0.0
48,132,4.0,7.185537e-08
48,132,5.0,1.7733862e-10
48,132,6.0,0.0
48,132,7.0,0.0
48,132,8.0,0.0
48,132,9.0,0.0
48,132,10.0,0.0
48,132,11.0,0.0
48,132,12.0,0.0
48,132,13.0,0.0
48,132,14.0,0.0
48,133,0.0,0.0
48,133,1.0,1.13580064e-07
48,133,2.0,2.9879534e-08
48,133,3.0,1.2290388e-08
48,133,4.0,9.984941e-11
48,133,5.0,0.0
48,133,6.0,0.0
48,133,7.0,0.0
48,133,8.0,0.0
48,133,9.0,0.0
48,133,10.0,0.0
48,133,11.0,0.0
48,133,12.0,0.0
48,133,13.0,0.0
48,133,14.0,9.649453e-07
48,134,0.0,0.0
48,134,1.0,8.344323e-08
48,134,2.0,5.5548547e-08
48,134,3.0,3.229745e-09
48,134,4.0,6.75393e-11
48,134,5.0,0.0
48,134,6.0,2.1315193e-08
48,134,7.0,7.685927e-10
48,134,8.0,3.5031366e-07
48,134,9.0,2.6887935e-06
48,134,10.0,9.411405e-07
48,134,11.0,8.952042e-06
48,134,12.0,4.336457e-07
48,134,13.0,8.4581654e-07
48,134,14.0,5.3635407e-09
48,135,0.0,4.260579e-08
48,135,1.0,2.350701e-08
48,135,2.0,2.543995e-07
48,135,3.0,1.8494973e-07
48,135,4.0,3.53283e-07
48,135,5.0,1.7081837e-07
48,135,6.0,6.400319e-08
48,135,7.0,9.406073e-07
48,135,8.0,0.0
48,135,9.0,2.870931e-06
48,135,10.0,7.472921e-07
48,135,11.0,4.623067e-06
48,135,12.0,9.484552e-08
48,135,13.0,5.7404964e-08
48,135,14.0,0.0
48,136,0.0,4.444539e-06
48,136,1.0,1.439085e-06
48,136,2.0,4.3927826e-09
48,136,3.0,0.0
48,136,4.0,0.0
48,136,5.0,0.0
48,136,6.0,0.0
48,136,7.0,0.0
48,136,8.0,0.0
48,136,9.0,0.0
48,136,10.0,0.0
48,136,11.0,6.5898853e-10
48,136,12.0,0.0
48,136,13.0,0.0
48,136,14.0,0.0
49,110,0.0,1.6692311e-05
49,110,1.0,7.594816e-06
49,110,2.0,6.354809e-05
49,110,3.0,3.139387e-05
49,110,4.0,5.3418546e-05
49,110,5.0,3.6640497e-05
49,110,6.0,2.4916251e-05
49,110,7.0,9.639141e-07
49,110,8.0,1.2235545e-05
49,110,9.0,1.1456297e-05
49,110,10.0,8.693801e-06
49,110,11.0,5.2685305e-06
49,110,12.0,2.2199802e-06
49,110,13.0,0.0
49,110,14.0,2.0237162e-07
49,111,0.0,1.0525066e-06
49,111,1.0,0.0
49,111,2.0,1.2774554e-07
49,111,3.0,0.0
49,111,4.0,0.0
49,111,5.0,0.0
49,111,6.0,0.0
49,111,7.0,0.0
49,111,8.0,0.0
49,111,9.0,0.0
49,111,10.0,0.0
49,111,11.0,0.0
49,111,12.0,0.0
49,111,13.0,2.0694422e-07
49,111,14.0,2.252755e-06
49,112,0.0,0.0
49,112,1.0,2.0742587e-07
49,112,2.0,7.3911115e-06
49,112,3.0,6.6924355e-10
49,112,4.0,3.732565e-07
49,112,5.0,2.043225e-07
49,112,6.0,6.700081e-10
49,112,7.0,0.0
49,112,8.0,0.0
49,112,9.0,0.0
49,112,10.0,4.7709715e-08
49,112,11.0,1.9321553e-06
49,112,12.0,8.044026e-06
49,112,13.0,2.8596105e-06
49,112,14.0,1.3698796e-06
49,113,0.0,1.1986019e-07
49,113,1.0,0.0
49,113,2.0,0.0
49,113,3.0,0.0
49,113,4.0,0.0
49,113,5.0,0.0
49,113,6.0,0.0
49,113,7.0,0.0
49,113,8.0,0.0
49,113,9.0,0.0
49,113,10.0,0.0
49,113,11.0,5.1511864e-07
49,113,12.0,3.6674496e-07
49,113,13.0,6.8219805e-08
49,113,14.0,1.8149577e-06
49,114,0.0,0.0
49,114,1.0,0.0
49,114,2.0,0.0
49,114,3.0,0.0
49,114,4.0,0.0
49,114,5.0,0.0
49,114,6.0,0.0
49,114,7.0,0.0
49,114,8.0,0.0
49,114,9.0,0.0
49,114,10.0,0.0
49,114,11.0,0.0
49,114,12.0,0.0
49,114,13.0,0.0
49,114,14.0,1.4873781e-12
49,115,0.0,3.0516464e-06
49,115,1.0,8.624606e-07
49,115,2.0,0.0
49,115,3.0,6.047126e-07
49,115,4.0,3.7049836e-06
49,115,5.0,6.9527925e-07
49,115,6.0,1.0082684e-07
49,115,7.0,0.0
49,115,8.0,0.0
49,115,9.0,0.0
49,115,10.0,2.3554203e-05
49,115,11.0,1.683035e-05
49,115,12.0,1.4230097e-09
49,115,13.0,0.0
49,115,14.0,0.0
49,116,0.0,5.023318e-06
49,116,1.0,1.741974e-06
49,116,2.0,4.662266e-06
49,116,3.0,1.1272308e-05
49,116,4.0,2.0137364e-05
49,116,5.0,1.1728937e-05
49,116,6.0,5.5294686e-06
49,116,7.0,4.3673945e-06
49,116,8.0,3.6111362e-06
49,116,9.0,1.6742348e-05
49,116,10.0,1.03482125e-05
49,116,11.0,3.6831461e-06
49,116,12.0,3.0972928e-06
49,116,13.0,1.2531124e-06
49,116,14.0,1.2204248e-06
49,117,0.0,0.0
49,117,1.0,4.9571364e-10
49,117,2.0,3.2780386e-07
49,117,3.0,1.3403333e-07
49,117,4.0,9.254275e-06
49,117,5.0,4.783364e-06
49,117,6.0,5.3120084e-06
49,117,7.0,1.5164421e-05
49,117,8.0,2.3795101e-07
49,117,9.0,7.567871e-07
49,117,10.0,4.0854626e-05
49,117,11.0,2.6481994e-05
49,117,12.0,2.3111225e-07
49,117,13.0,1.5340673e-07
49,117,14.0,5.221529e-07
49,118,0.0,0.0
49,118,1.0,1.7407062e-08
49,118,2.0,3.808372e-05
49,118,3.0,1.6245793e-05
49,118,4.0,0.00012532435
49,118,5.0,6.357545e-05
49,118,6.0,9.185885e-05
49,118,7.0,0.00010117045
49,118,8.0,4.065708e-05
49,118,9.0,1.3853694e-05
49,118,10.0,6.83857e-05
49,118,11.0,0.00019766556
49,118,12.0,0.00018730914
49,118,13.0,0.00048941944
49,118,14.0,0.00045380584
49,119,0.0,0.00010835196
49,119,1.0,8.6250555e-05
49,119,2.0,0.00026175127
49,119,3.0,0.0003210161
49,119,4.0,0.0007610488
49,119,5.0,0.0010066569
49,119,6.0,0.0005443131
49,119,7.0,0.0010228037
49,119,8.0,0.0009861428
49,119,9.0,0.00087956985
49,119,10.0,0.0013027778
49,119,11.0,0.0017891317
49,119,12.0,0.0012254854
49,119,13.0,0.001786346
49,119,14.0,0.0021051844
49,120,0.0,0.00036985002
49,120,1.0,0.00091566937
49,120,2.0,0.00089833344
49,120,3.0,0.0022638899
49,120,4.0,0.002736891
49,120,5.0,0.005310076
49,120,6.0,0.00597727
49,120,7.0,0.0056193476
49,120,8.0,0.006665444
49,120,9.0,0.008915161
49,120,10.0,0.009390124
49,120,11.0,0.011273597
49,120,12.0,0.012280859
49,120,13.0,0.009603347
49,120,14.0,0.009180463
49,121,0.0,0.00044153823
49,121,1.0,0.001185848
49,121,2.0,0.002872113
49,121,3.0,0.007018574
49,121,4.0,0.010850106
49,121,5.0,0.01394029
49,121,6.0,0.017336706
49,121,7.0,0.015764322
49,121,8.0,0.019975748
49,121,9.0,0.021947365
49,121,10.0,0.027471326
49,121,11.0,0.031988874
49,121,12.0,0.03402809
49,121,13.0,0.034962505
49,121,14.0,0.03504876
49,122,0.0,0.0008625589
49,122,1.0,0.0015489956
49,122,2.0,0.0050072134
49,122,3.0,0.010373191
49,122,4.0,0.014249923
49,122,5.0,0.022774544
49,122,6.0,0.028100638
49,122,7.0,0.03102398
49,122,8.0,0.035181228
49,122,9.0,0.03792104
49,122,10.0,0.054139335
49,122,11.0,0.061330844
49,122,12.0,0.06149045
49,122,13.0,0.060968373
49,122,14.0,0.063726425
49,123,0.0,0.0010852491
49,123,1.0,0.0027302518
49,123,2.0,0.004378102
49,123,3.0,0.00852794
49,123,4.0,0.018062769
49,123,5.0,0.025681796
49,123,6.0,0.030169958
49,123,7.0,0.037365966
49,123,8.0,0.040973864
49,123,9.0,0.05075935
49,123,10.0,0.0669752
49,123,11.0,0.07430141
49,123,12.0,0.07706166
49,123,13.0,0.080926485
49,123,14.0,0.084266566
49,124,0.0,0.0006250687
49,124,1.0,0.0029664254
49,124,2.0,0.006265802
49,124,3.0,0.009865017
49,124,4.0,0.019871853
49,124,5.0,0.028091852
49,124,6.0,0.036148794
49,124,7.0,0.042130467
49,124,8.0,0.041253116
49,124,9.0,0.0530509
49,124,10.0,0.07044538
49,124,11.0,0.08798353
49,124,12.0,0.09839649
49,124,13.0,0.1049847
49,124,14.0,0.11060721
49,125,0.0,0.0021661634
49,125,1.0,0.00385078
49,125,2.0,0.00803215
49,125,3.0,0.014586305
49,125,4.0,0.024363266
49,125,5.0,0.03141092
49,125,6.0,0.040062904
49,125,7.0,0.040691603
49,125,8.0,0.04654672
49,125,9.0,0.05159076
49,125,10.0,0.07717686
49,125,11.0,0.09168654
49,125,12.0,0.0992929
49,125,13.0,0.10231577
49,125,14.0,0.10683744
49,126,0.0,0.002815354
49,126,1.0,0.00986988
49,126,2.0,0.0152820125
49,126,3.0,0.02630644
49,126,4.0,0.034554586
49,126,5.0,0.050360832
49,126,6.0,0.05882177
49,126,7.0,0.05909088
49,126,8.0,0.060961947
49,126,9.0,0.07343546
49,126,10.0,0.08738644
49,126,11.0,0.09505276
49,126,12.0,0.10039117
49,126,13.0,0.09777223
49,126,14.0,0.0993325
49,127,0.0,0.005065379
49,127,1.0,0.010864024
49,127,2.0,0.020300483
49,127,3.0,0.03126565
49,127,4.0,0.04321452
49,127,5.0,0.05081039
49,127,6.0,0.049671877
49,127,7.0,0.053967528
49,127,8.0,0.055790048
49,127,9.0,0.06539337
49,127,10.0,0.073577076
49,127,11.0,0.07608805
49,127,12.0,0.07678999
49,127,13.0,0.06926093
49,127,14.0,0.07276903
49,128,0.0,0.008250353
49,128,1.0,0.013363554
49,128,2.0,0.023144452
49,128,3.0,0.03588942
49,128,4.0,0.038345188
49,128,5.0,0.04242599
49,128,6.0,0.04772446
49,128,7.0,0.04501856
49,128,8.0,0.044768866
49,128,9.0,0.04987675
49,128,10.0,0.054662995
49,128,11.0,0.057522103
49,128,12.0,0.058510855
49,128,13.0,0.049430985
49,128,14.0,0.05006456
49,129,0.0,0.008832328
49,129,1.0,0.013324583
49,129,2.0,0.022535505
49,129,3.0,0.029279554
49,129,4.0,0.029849298
49,129,5.0,0.028359639
49,129,6.0,0.031111376
49,129,7.0,0.029049482
49,129,8.0,0.028754141
49,129,9.0,0.02820867
49,129,10.0,0.029612865
49,129,11.0,0.031239353
49,129,12.0,0.025800735
49,129,13.0,0.023922754
49,129,14.0,0.022892164
49,130,0.0,0.006471855
49,130,1.0,0.008357092
49,130,2.0,0.012535878
49,130,3.0,0.013250398
49,130,4.0,0.012669807
49,130,5.0,0.011864419
49,130,6.0,0.013177577
49,130,7.0,0.008413627
49,130,8.0,0.008344849
49,130,9.0,0.00794474
49,130,10.0,0.009421147
49,130,11.0,0.006666559
49,130,12.0,0.0053462777
49,130,13.0,0.0050954157
49,130,14.0,0.005577897
49,131,0.0,0.0024504936
49,131,1.0,0.001881107
49,131,2.0,0.002928481
49,131,3.0,0.0021666095
49,131,4.0,0.0017996511
49,131,5.0,0.0016484609
49,131,6.0,0.0018184254
49,131,7.0,0.0015366127
49,131,8.0,0.0020829856
49,131,9.0,0.0018583831
49,131,10.0,0.0014553547
49,131,11.0,0.0013611893
49,131,12.0,0.0013639265
49,131,13.0,0.0014806641
49,131,14.0,0.00097289187
49,132,0.0,5.948014e-05
49,132,1.0,0.00026034893
49,132,2.0,0.000115767376
49,132,3.0,0.000105324194
49,132,4.0,7.067173e-05
49,132,5.0,9.33822e-05
49,132,6.0,6.52402e-05
49,132,7.0,0.00011030317
49,132,8.0,0.00015939087
49,132,9.0,0.00029651506
49,132,10.0,0.00014566188
49,132,11.0,0.00025885244
49,132,12.0,0.00047659734
49,132,13.0,0.000194502
49,132,14.0,0.00012095877
49,133,0.0,1.5344478e-05
49,133,1.0,7.814182e-06
49,133,2.0,3.50142e-08
49,133,3.0,4.5554433e-08
49,133,4.0,1.2636174e-05
49,133,5.0,1.8221169e-06
49,133,6.0,6.0849015e-06
49,133,7.0,4.9840037e-06
49,133,8.0,2.2093084e-06
49,133,9.0,0.0
49,133,10.0,0.0
49,133,11.0,1.8407384e-06
49,133,12.0,2.2494307e-08
49,133,13.0,0.0
49,133,14.0,0.0
49,134,0.0,6.221882e-10
49,134,1.0,5.0882236e-06
49,134,2.0,0.0
49,134,3.0,0.0
49,134,4.0,1.3413351e-07
49,134,5.0,0.0
49,134,6.0,0.0
49,134,7.0,2.925907e-09
49,134,8.0,0.0
49,134,9.0,2.6363163e-11
49,134,10.0,0.0
49,134,11.0,1.0704598e-13
49,134,12.0,0.0
49,134,13.0,1.0457226e-07
49,134,14.0,9.437038e-08
49,135,0.0,0.0
49,135,1.0,4.675443e-06
49,135,2.0,6.6749576e-06
49,135,3.0,4.479409e-06
49,135,4.0,0.0
49,135,5.0,0.0
49,135,6.0,0.0
49,135,7.0,0.0
49,135,8.0,0.0
49,135,9.0,0.0
49,135,10.0,3.799345e-08
49,135,11.0,2.1899529e-09
49,135,12.0,4.6954472e-08
49,135,13.0,0.0
49,135,14.0,0.0
49,136,0.0,0.0
49,136,1.0,0.0
49,136,2.0,0.0
49,136,3.0,0.0
49,136,4.0,0.0
49,136,5.0,0.0
49,136,6.0,0.0
49,136,7.0,0.0
49,136,8.0,0.0
49,136,9.0,0.0
49,136,10.0,0.0
49,136,11.0,0.0
49,136,12.0,1.1901321e-06
49,136,13.0,7.6825967e-07
49,136,14.0,0.0
49,137,0.0,6.357624e-07
49,137,1.0,2.847709e-07
49,137,2.0,2.1509922e-07
49,137,3.0,4.3599766e-07
49,137,4.0,4.486409e-06
49,137,5.0,3.9875624e-07
49,137,6.0,0.0
49,137,7.0,0.0
49,137,8.0,0.0
49,137,9.0,0.0
49,137,10.0,0.0
49,137,11.0,0.0
49,137,12.0,0.0
49,137,13.0,0.0
49,137,14.0,0.0
49,138,0.0,1.2740114e-07
49,138,1.0,7.061876e-07
49,138,2.0,1.074112e-05
49,138,3.0,5.8161963e-06
49,138,4.0,6.169274e-06
49,138,5.0,3.3029407e-06
49,138,6.0,4.5478968e-10
49,138,7.0,1.9614899e-09
49,138,8.0,3.63304e-07
49,138,9.0,1.8855869e-06
49,138,10.0,5.4584166e-07
49,138,11.0,1.1560381e-05
49,138,12.0,1.745191e-07
49,138,13.0,6.4167773e-07
49,138,14.0,0.0
50,113,0.0,0.0
50,113,1.0,0.0
50,113,2.0,1.0626172e-06
50,113,3.0,2.4085706e-05
50,113,4.0,1.6976053e-05
50,113,5.0,1.7439597e-05
50,113,6.0,1.3549966e-05
50,113,7.0,1.4179621e-05
50,113,8.0,2.9848037e-05
50,113,9.0,0.0
50,113,10.0,7.879172e-05
50,113,11.0,3.7854472e-06
50,113,12.0,6.0658786e-06
50,113,13.0,9.709909e-06
50,113,14.0,2.4957783e-08
50,114,0.0,3.0273031e-06
50,114,1.0,4.8918914e-06
50,114,2.0,2.826669e-05
50,114,3.0,5.665994e-05
50,114,4.0,7.220916e-05
50,114,5.0,3.9380928e-05
50,114,6.0,6.5639915e-06
50,114,7.0,3.44877e-06
50,114,8.0,4.4550056e-06
50,114,9.0,7.0132063e-07
50,114,10.0,1.2212861e-05
50,114,11.0,2.2902495e-05
50,114,12.0,2.5635165e-05
50,114,13.0,4.0247064e-06
50,114,14.0,0.0
50,115,0.0,2.7658205e-06
50,115,1.0,5.6426156e-06
50,115,2.0,1.6810764e-05
50,115,3.0,2.3723567e-05
50,115,4.0,3.5282374e-05
50,115,5.0,1.6508271e-05
50,115,6.0,4.4098038e-06
50,115,7.0,4.0526947e-06
50,115,8.0,8.7973274e-07
50,115,9.0,1.2334336e-06
50,115,10.0,9.4127705e-07
50,115,11.0,2.1175927e-07
50,115,12.0,4.1691177e-07
50,115,13.0,6.8393234e-07
50,115,14.0,0.0
50,116,0.0,0.0
50,116,1.0,4.162934e-11
50,116,2.0,0.0
50,116,3.0,1.5069516e-07
50,116,4.0,1.7120868e-07
50,116,5.0,2.3879638e-06
50,116,6.0,3.4383962e-07
50,116,7.0,0.0
50,116,8.0,0.0
50,116,9.0,0.0
50,116,10.0,2.7200548e-09
50,116,11.0,5.1791653e-07
50,116,12.0,3.8033765e-08
50,116,13.0,5.86003e-09
50,116,14.0,0.0
50,117,0.0,0.0
50,117,1.0,7.506167e-07
50,117,2.0,7.496634e-09
50,117,3.0,1.14660414e-08
50,117,4.0,4.486831e-09
50,117,5.0,1.6989297e-07
50,117,6.0,0.0
50,117,7.0,0.0
50,117,8.0,0.0
50,117,9.0,0.0
50,117,10.0,0.0
50,117,11.0,0.0
50,117,12.0,0.0
50,117,13.0,0.0
50,117,14.0,0.0
50,118,0.0,0.0
50,118,1.0,0.0
50,118,2.0,0.0
50,118,3.0,0.0
50,118,4.0,5.678111e-05
50,118,5.0,1.7375223e-06
50,118,6.0,1.8581158e-08
50,118,7.0,0.0
50,118,8.0,1.8127318e-08
50,118,9.0,0.0
50,118,10.0,0.0
50,118,11.0,0.0
50,118,12.0,4.4683e-07
50,118,13.0,2.0102742e-07
50,118,14.0,9.853123e-09
50,119,0.0,5.554207e-07
50,119,1.0,2.1692761e-08
50,119,2.0,8.004105e-07
50,119,3.0,2.9372497e-05
50,119,4.0,5.9173585e-06
50,119,5.0,2.1348196e-05
50,119,6.0,2.6947397e-05
50,119,7.0,2.4904389e-06
50,119,8.0,2.25405e-06
50,119,9.0,7.763495e-06
50,119,10.0,7.8457364e-05
50,119,11.0,0.00013976851
50,119,12.0,6.845594e-05
50,119,13.0,3.605791e-05
50,119,14.0,3.4564302e-05
50,120,0.0,3.5359717e-06
50,120,1.0,1.0344994e-05
50,120,2.0,7.698737e-05
50,120,3.0,8.941178e-05
50,120,4.0,0.00012174277
50,120,5.0,0.0002577713
50,120,6.0,0.00031830344
50,120,7.0,0.00023473125
50,120,8.0,7.369056e-05
50,120,9.0,0.0001495205
50,120,10.0,0.00021846157
50,120,11.0,0.0005782388
50,120,12.0,0.00083544065
50,120,13.0,0.0009995084
50,120,14.0,0.0002901572
50,121,0.0,1.15408975e-05
50,121,1.0,1.8003553e-05
50,121,2.0,8.471006e-05
50,121,3.0,0.00028046622
50,121,4.0,0.0006314663
50,121,5.0,0.00094595825
50,121,6.0,0.000886818
50,121,7.0,0.0008074653
50,121,8.0,0.0009468344
50,121,9.0,0.0005606196
50,121,10.0,0.0009646318
50,121,11.0,0.0021231722
50,121,12.0,0.0021584264
50,121,13.0,0.0012990178
50,121,14.0,0.0006571388
50,122,0.0,0.000118411044
50,122,1.0,0.00019835889
50,122,2.0,0.00012408735
50,122,3.0,0.0005056725
50,122,4.0,0.0012618623
50,122,5.0,0.001616488
50,122,6.0,0.0015326376
50,122,7.0,0.002567307
50,122,8.0,0.0030223334
50,122,9.0,0.0018072233
50,122,10.0,0.002920502
50,122,11.0,0.005167909
50,122,12.0,0.0063031856
50,122,13.0,0.006862384
50,122,14.0,0.0047366954
50,123,0.0,0.00044839206
50,123,1.0,0.00063084817
50,123,2.0,0.0010771739
50,123,3.0,0.0017967656
50,123,4.0,0.0021999711
50,123,5.0,0.0029607755
50,123,6.0,0.0033735083
50,123,7.0,0.004500882
50,123,8.0,0.0059549734
50,123,9.0,0.006629751
50,123,10.0,0.008426062
50,123,11.0,0.0116784945
50,123,12.0,0.013608793
50,123,13.0,0.015952561
50,123,14.0,0.015654294
50,124,0.0,0.00093957473
50,124,1.0,0.0016885594
50,124,2.0,0.0029062578
50,124,3.0,0.0055119176
50,124,4.0,0.0064416793
50,124,5.0,0.0077134566
50,124,6.0,0.009970303
50,124,7.0,0.01111065
50,124,8.0,0.011315378
50,124,9.0,0.017242663
50,124,10.0,0.022148067
50,124,11.0,0.032404367
50,124,12.0,0.03545317
50,124,13.0,0.034665305
50,124,14.0,0.034888607
50,125,0.0,0.0017848228
50,125,1.0,0.0022532812
50,125,2.0,0.00410519
50,125,3.0,0.0075179646
50,125,4.0,0.008046724
50,125,5.0,0.012242316
50,125,6.0,0.017870339
50,125,7.0,0.019078717
50,125,8.0,0.020145576
50,125,9.0,0.02913485
50,125,10.0,0.033961076
50,125,11.0,0.055659294
50,125,12.0,0.056593016
50,125,13.0,0.059066996
50,125,14.0,0.068186864
50,126,0.0,0.006057669
50,126,1.0,0.0075602992
50,126,2.0,0.011621962
50,126,3.0,0.020003878
50,126,4.0,0.028382929
50,126,5.0,0.036866006
50,126,6.0,0.045167074
50,126,7.0,0.04773647
50,126,8.0,0.05075984
50,126,9.0,0.05926629
50,126,10.0,0.08503926
50,126,11.0,0.10223913
50,126,12.0,0.10853013
50,126,13.0,0.11846986
50,126,14.0,0.13222227
50,127,0.0,0.017407425
50,127,1.0,0.018629175
50,127,2.0,0.025192069
50,127,3.0,0.035871513
50,127,4.0,0.051206734
50,127,5.0,0.06630678
50,127,6.0,0.07566458
50,127,7.0,0.079418294
50,127,8.0,0.09021791
50,127,9.0,0.10950943
50,127,10.0,0.11804603
50,127,11.0,0.13626927
50,127,12.0,0.15533799
50,127,13.0,0.16943362
50,127,14.0,0.18115829
50,128,0.0,0.040531382
50,128,1.0,0.05331646
50,128,2.0,0.07293424
50,128,3.0,0.10225827
50,128,4.0,0.12121875
50,128,5.0,0.14096196
50,128,6.0,0.15395033
50,128,7.0,0.17049494
50,128,8.0,0.17406558
50,128,9.0,0.17281525
50,128,10.0,0.17172395
50,128,11.0,0.1870641
50,128,12.0,0.19317141
50,128,13.0,0.20829467
50,128,14.0,0.22215945
50,129,0.0,0.091120884
50,129,1.0,0.11742969
50,129,2.0,0.15539388
50,129,3.0,0.18841535
50,129,4.0,0.20607047
50,129,5.0,0.209301
50,129,6.0,0.20540194
50,129,7.0,0.20065692
50,129,8.0,0.1871451
50,129,9.0,0.18541642
50,129,10.0,0.19288431
50,129,11.0,0.20603167
50,129,12.0,0.21781221
50,129,13.0,0.21743521
50,129,14.0,0.20836975
50,130,0.0,0.1601359
50,130,1.0,0.17759368
50,130,2.0,0.19723836
50,130,3.0,0.21127227
50,130,4.0,0.21684477
50,130,5.0,0.21589784
50,130,6.0,0.20885746
50,130,7.0,0.19128525
50,130,8.0,0.17669693
50,130,9.0,0.17606181
50,130,10.0,0.17564256
50,130,11.0,0.16709998
50,130,12.0,0.14462349
50,130,13.0,0.13401379
50,130,14.0,0.13520321
50,131,0.0,0.15175152
50,131,1.0,0.16696477
50,131,2.0,0.16248046
50,131,3.0,0.14778475
50,131,4.0,0.1310556
50,131,5.0,0.110600956
50,131,6.0,0.09085786
50,131,7.0,0.076991215
50,131,8.0,0.06935818
50,131,9.0,0.07132709
50,131,10.0,0.069284715
50,131,11.0,0.06777749
50,131,12.0,0.06074869
50,131,13.0,0.05579751
50,131,14.0,0.053111613
50,132,0.0,0.07752752
50,132,1.0,0.075408906
50,132,2.0,0.05636615
50,132,3.0,0.044551924
50,132,4.0,0.034623
50,132,5.0,0.02857484
50,132,6.0,0.026038505
50,132,7.0,0.025519434
50,132,8.0,0.024120402
50,132,9.0,0.02506941
50,132,10.0,0.028622584
50,132,11.0,0.024449171
50,132,12.0,0.02070744
50,132,13.0,0.018231578
50,132,14.0,0.014663968
50,133,0.0,0.009135181
50,133,1.0,0.008258241
50,133,2.0,0.0068791443
50,133,3.0,0.0048408685
50,133,4.0,0.0032367627
50,133,5.0,0.0026409354
50,133,6.0,0.0024954989
50,133,7.0,0.0024703434
50,133,8.0,0.0031250592
50,133,9.0,0.0043010255
50,133,10.0,0.0039046302
50,133,11.0,0.002830705
50,133,12.0,0.0022030915
50,133,13.0,0.001940349
50,133,14.0,0.0020797728
50,134,0.0,0.0013780402
50,134,1.0,0.0016162328
50,134,2.0,0.0013012392
50,134,3.0,0.000716722
50,134,4.0,0.00040550428
50,134,5.0,0.00023483369
50,134,6.0,0.0002604861
50,134,7.0,0.00027111868
50,134,8.0,0.00020821072
50,134,9.0,0.0001858461
50,134,10.0,0.00023706228
50,134,11.0,0.00020571194
50,134,12.0,0.00014111222
50,134,13.0,0.00017238072
50,134,14.0,0.00017420828
50,135,0.0,4.969845e-05
50,135,1.0,6.239809e-05
50,135,2.0,1.8981902e-05
50,135,3.0,1.2191839e-05
50,135,4.0,2.3693105e-05
50,135,5.0,2.4776979e-05
50,135,6.0,2.723011e-05
50,135,7.0,2.566153e-05
50,135,8.0,1.9512732e-05
50,135,9.0,1.105647e-05
50,135,10.0,8.410488e-06
50,135,11.0,6.9012663e-06
50,135,12.0,8.512324e-06
50,135,13.0,1.0498959e-05
50,135,14.0,1.1852795e-05
50,136,0.0,3.3776603e-06
50,136,1.0,0.0
50,136,2.0,0.0
50,136,3.0,0.0
50,136,4.0,0.0
50,136,5.0,0.0
50,136,6.0,0.0
50,136,7.0,1.6110373e-10
50,136,8.0,5.8972255e-06
50,136,9.0,1.790388e-07
50,136,10.0,1.2584916e-06
50,136,11.0,0.0
50,136,12.0,2.348431e-08
50,136,13.0,3.5785078e-07
50,136,14.0,2.1247918e-07
50,137,0.0,0.0
50,137,1.0,0.0
50,137,2.0,0.0
50,137,3.0,0.0
50,137,4.0,0.0
50,137,5.0,0.0
50,137,6.0,0.0
50,137,7.0,0.0
50,137,8.0,0.0
50,137,9.0,0.0
50,137,10.0,2.7986275e-07
50,137,11.0,2.2831719e-08
50,137,12.0,1.4391768e-06
50,137,13.0,1.287173e-07
50,137,14.0,2.9579002e-07
50,138,0.0,0.0
50,138,1.0,0.0
50,138,2.0,0.0
50,138,3.0,0.0
50,138,4.0,6.2326167e-06
50,138,5.0,0.0
50,138,6.0,0.0
50,138,7.0,0.0
50,138,8.0,0.0
50,138,9.0,0.0
50,138,10.0,0.0
50,138,11.0,8.115727e-07
50,138,12.0,4.933371e-06
50,138,13.0,0.0
50,138,14.0,5.2052574e-08
50,139,0.0,0.0
50,139,1.0,0.0
50,139,2.0,0.0
50,139,3.0,1.9537556e-07
50,139,4.0,4.175622e-06
50,139,5.0,0.0
50,139,6.0,9.2239745e-08
50,139,7.0,1.654687e-05
50,139,8.0,7.101411e-06
50,139,9.0,2.8252023e-06
50,139,10.0,4.787853e-07
50,139,11.0,9.1955684e-07
50,139,12.0,0.0
50,139,13.0,0.0
50,139,14.0,0.0
50,140,0.0,2.6667094e-11
50,140,1.0,0.0
50,140,2.0,1.6922928e-09
50,140,3.0,5.2213676e-12
50,140,4.0,0.0
50,140,5.0,1.2553201e-06
50,140,6.0,9.561525e-07
50,140,7.0,2.4251488e-08
50,140,8.0,6.2531916e-07
50,140,9.0,4.160139e-09
50,140,10.0,1.0177503e-06
50,140,11.0,2.7434638e-08
50,140,12.0,1.2174378e-06
50,140,13.0,4.686472e-06
50,140,14.0,5.1710114e-10
51,116,0.0,2.052962e-06
51,116,1.0,1.0791653e-06
51,116,2.0,3.7136931e-09
51,116,3.0,4.112086e-06
51,116,4.0,1.6420689e-05
51,116,5.0,1.2119759e-06
51,116,6.0,0.0
51,116,7.0,0.0
51,116,8.0,0.0
51,116,9.0,0.0
51,116,10.0,0.0
51,116,11.0,0.0
51,116,12.0,0.0
51,116,13.0,0.0
51,116,14.0,0.0
51,117,0.0,9.325782e-08
51,117,1.0,0.0
51,117,2.0,2.0499692e-06
51,117,3.0,6.1032597e-06
51,117,4.0,2.4667417e-05
51,117,5.0,1.3617834e-05
51,117,6.0,7.720326e-06
51,117,7.0,7.1207087e-06
51,117,8.0,6.212047e-06
51,117,9.0,2.8591649e-06
51,117,10.0,4.3325663e-06
51,117,11.0,3.0321706e-07
51,117,12.0,2.0977989e-06
51,117,13.0,0.0
51,117,14.0,0.0
51,118,0.0,5.638499e-07
51,118,1.0,4.2639454e-07
51,118,2.0,2.7910437e-08
51,118,3.0,4.950694e-06
51,118,4.0,2.6862406e-06
51,118,5.0,1.2281673e-06
51,118,6.0,1.12994485e-07
51,118,7.0,0.0
51,118,8.0,0.0
51,118,9.0,0.0
51,118,10.0,0.0
51,118,11.0,0.0
51,118,12.0,0.0
51,118,13.0,0.0
51,118,14.0,0.0
51,119,0.0,1.9107274e-06
51,119,1.0,2.4179417e-06
51,119,2.0,3.2010776e-06
51,119,3.0,6.438556e-06
51,119,4.0,4.5290067e-06
51,119,5.0,0.0
51,119,6.0,0.0
51,119,7.0,0.0
51,119,8.0,0.0
51,119,9.0,6.69452e-10
51,119,10.0,8.983252e-08
51,119,11.0,1.5061059e-07
51,119,12.0,4.78349e-06
51,119,13.0,0.0
51,119,14.0,0.0
51,120,0.0,2.0963676e-06
51,120,1.0,1.732967e-06
51,120,2.0,1.4963692e-06
51,120,3.0,8.616968e-06
51,120,4.0,1.7110588e-05
51,120,5.0,1.3243628e-07
51,120,6.0,0.0
51,120,7.0,0.0
51,120,8.0,0.0
51,120,9.0,1.1801303e-06
51,120,10.0,0.0
51,120,11.0,5.3168264e-07
51,120,12.0,0.0
51,120,13.0,0.0
51,120,14.0,0.0
51,121,0.0,0.0
51,121,1.0,5.455521e-09
51,121,2.0,4.5983364e-07
51,121,3.0,4.147841e-06
51,121,4.0,5.54865e-07
51,121,5.0,3.057419e-08
51,121,6.0,4.2218954e-08
51,121,7.0,0.0
51,121,8.0,0.0
51,121,9.0,4.29496e-06
51,121,10.0,2.2834521e-07
51,121,11.0,4.2651704e-05
51,121,12.0,2.4961266e-06
51,121,13.0,0.0
51,121,14.0,4.2003188e-07
51,122,0.0,0.0
51,122,1.0,6.4008424e-07
51,122,2.0,1.3010485e-06
51,122,3.0,0.0
51,122,4.0,1.8741639e-06
51,122,5.0,1.7044807e-11
51,122,6.0,7.1302897e-09
51,122,7.0,1.9502163e-06
51,122,8.0,5.1439605e-05
51,122,9.0,1.4548873e-05
51,122,10.0,5.9459935e-06
51,122,11.0,3.318598e-05
51,122,12.0,8.275818e-05
51,122,13.0,3.5307698e-05
51,122,14.0,8.594361e-05
51,123,0.0,0.0
51,123,1.0,0.0
51,123,2.0,0.0
51,123,3.0,0.0
51,123,4.0,0.0
51,123,5.0,9.347438e-06
51,123,6.0,4.958689e-05
51,123,7.0,5.6931996e-05
51,123,8.0,0.00013228868
51,123,9.0,0.00012596215
51,123,10.0,6.4777116e-05
51,123,11.0,0.00027586595
51,123,12.0,0.00032258403
51,123,13.0,0.00026758
51,123,14.0,0.00042331847
51,124,0.0,0.0
51,124,1.0,0.0
51,124,2.0,3.3181004e-06
51,124,3.0,1.563432e-06
51,124,4.0,3.027786e-05
51,124,5.0,3.3179324e-05
51,124,6.0,0.00020645602
51,124,7.0,0.00059447
51,124,8.0,0.00043521615
51,124,9.0,0.00106758
51,124,10.0,0.0019196756
51,124,11.0,0.001535706
51,124,12.0,0.0023035025
51,124,13.0,0.0018808368
51,124,14.0,0.0019061525
51,125,0.0,2.8342445e-05
51,125,1.0,0.00022728076
51,125,2.0,0.0005173305
51,125,3.0,0.00094296917
51,125,4.0,0.001010989
51,125,5.0,0.0010714197
51,125,6.0,0.0015463335
51,125,7.0,0.0014497305
51,125,8.0,0.0016533189
51,125,9.0,0.0019614408
51,125,10.0,0.0029993283
51,125,11.0,0.0050781607
51,125,12.0,0.0063977423
51,125,13.0,0.0066325483
51,125,14.0,0.0071492577
51,126,0.0,9.1751615e-05
51,126,1.0,0.00028908785
51,126,2.0,0.0009185972
51,126,3.0,0.001648723
51,126,4.0,0.0038465518
51,126,5.0,0.0055625373
51,126,6.0,0.0066701905
51,126,7.0,0.009050049
51,126,8.0,0.008234188
51,126,9.0,0.010399514
51,126,10.0,0.015827881
51,126,11.0,0.022490628
51,126,12.0,0.027249664
51,126,13.0,0.028047444
51,126,14.0,0.03203274
51,127,0.0,0.0005257337
51,127,1.0,0.0017677465
51,127,2.0,0.0038814761
51,127,3.0,0.00594029
51,127,4.0,0.0075232037
51,127,5.0,0.008867834
51,127,6.0,0.012557338
51,127,7.0,0.015876105
51,127,8.0,0.020617953
51,127,9.0,0.02540124
51,127,10.0,0.034392234
51,127,11.0,0.046235975
51,127,12.0,0.04407292
51,127,13.0,0.04868184
51,127,14.0,0.06336346
51,128,0.0,0.0038550377
51,128,1.0,0.007776696
51,128,2.0,0.011708085
51,128,3.0,0.016635872
51,128,4.0,0.021694906
51,128,5.0,0.029581131
51,128,6.0,0.034160838
51,128,7.0,0.043733913
51,128,8.0,0.049339723
51,128,9.0,0.057445355
51,128,10.0,0.061646443
51,128,11.0,0.07884588
51,128,12.0,0.0789208
51,128,13.0,0.082665734
51,128,14.0,0.104059204
51,129,0.0,0.01568872
51,129,1.0,0.03440376
51,129,2.0,0.045387685
51,129,3.0,0.051673323
51,129,4.0,0.06281702
51,129,5.0,0.075770855
51,129,6.0,0.08962186
51,129,7.0,0.10506862
51,129,8.0,0.11290737
51,129,9.0,0.12191094
51,129,10.0,0.13988887
51,129,11.0,0.15986489
51,129,12.0,0.18019575
51,129,13.0,0.18776157
51,129,14.0,0.20525797
51,130,0.0,0.06527117
51,130,1.0,0.11076109
51,130,2.0,0.15344357
51,130,3.0,0.19709201
51,130,4.0,0.21820943
51,130,5.0,0.22620994
51,130,6.0,0.24247137
51,130,7.0,0.25647628
51,130,8.0,0.26385543
51,130,9.0,0.27845222
51,130,10.0,0.31960687
51,130,11.0,0.33693781
51,130,12.0,0.32561743
51,130,13.0,0.3160753
51,130,14.0,0.30783424
51,131,0.0,0.2096961
51,131,1.0,0.27692074
51,131,2.0,0.32659996
51,131,3.0,0.36630577
51,131,4.0,0.40913588
51,131,5.0,0.41359055
51,131,6.0,0.39335018
51,131,7.0,0.37105244
51,131,8.0,0.3704476
51,131,9.0,0.36736205
51,131,10.0,0.37813142
51,131,11.0,0.3750905
51,131,12.0,0.35017207
51,131,13.0,0.33793405
51,131,14.0,0.33683077
51,132,0.0,0.3142585
51,132,1.0,0.41491815
51,132,2.0,0.4441743
51,132,3.0,0.44531742
51,132,4.0,0.42514718
51,132,5.0,0.39643952
51,132,6.0,0.3684138
51,132,7.0,0.3407933
51,132,8.0,0.33729044
51,132,9.0,0.32868493
51,132,10.0,0.32181743
51,132,11.0,0.2967719
51,132,12.0,0.27209055
51,132,13.0,0.24873151
51,132,14.0,0.24648069
51,133,0.0,0.32216737
51,133,1.0,0.34179482
51,133,2.0,0.32799605
51,133,3.0,0.30549535
51,133,4.0,0.2740048
51,133,5.0,0.23843768
51,133,6.0,0.19302967
51,133,7.0,0.17883131
51,133,8.0,0.16615967
51,133,9.0,0.15533626
51,133,10.0,0.14846805
51,133,11.0,0.14029779
51,133,12.0,0.13188255
51,133,13.0,0.12195273
51,133,14.0,0.11049296
51,134,0.0,0.08870516
51,134,1.0,0.1057927
51,134,2.0,0.10658585
51,134,3.0,0.097913206
51,134,4.0,0.082707174
51,134,5.0,0.062828615
51,134,6.0,0.053140942
51,134,7.0,0.046844617
51,134,8.0,0.046245523
51,134,9.0,0.04399014
51,134,10.0,0.038368247
51,134,11.0,0.038534224
51,134,12.0,0.038676288
51,134,13.0,0.034720864
51,134,14.0,0.03168443
51,135,0.0,0.022776773
51,135,1.0,0.022168325
51,135,2.0,0.018519318
51,135,3.0,0.013998723
51,135,4.0,0.010588432
51,135,5.0,0.010519448
51,135,6.0,0.010329672
51,135,7.0,0.008920025
51,135,8.0,0.008872443
51,135,9.0,0.0070124594
51,135,10.0,0.0070292098
51,135,11.0,0.0066881888
51,135,12.0,0.0055533242
51,135,13.0,0.0050571347
51,135,14.0,0.0064191264
51,136,0.0,0.0035717075
51,136,1.0,0.00275774
51,136,2.0,0.0024735138
51,136,3.0,0.0019645104
51,136,4.0,0.0016019408
51,136,5.0,0.0012770926
51,136,6.0,0.0011042563
51,136,7.0,0.0010581124
51,136,8.0,0.0009470405
51,136,9.0,0.000696159
51,136,10.0,0.0008250863
51,136,11.0,0.0008976116
51,136,12.0,0.000986832
51,136,13.0,0.0011222949
51,136,14.0,0.0009901002
51,137,0.0,0.0004190167
51,137,1.0,0.00026146672
51,137,2.0,7.3965464e-05
51,137,3.0,8.719577e-05
51,137,4.0,0.00010278653
51,137,5.0,0.00012265483
51,137,6.0,0.00014366212
51,137,7.0,0.00012765266
51,137,8.0,8.4721294e-05
51,137,9.0,9.5833486e-05
51,137,10.0,7.595572e-05
51,137,11.0,0.000107283995
51,137,12.0,6.029779e-05
51,137,13.0,8.957919e-05
51,137,14.0,4.404983e-05
51,138,0.0,1.8088414e-05
51,138,1.0,2.6347154e-05
51,138,2.0,6.0110197e-06
51,138,3.0,3.3840965e-06
51,138,4.0,2.3794137e-06
51,138,5.0,1.8967709e-06
51,138,6.0,1.2307173e-06
51,138,7.0,6.2813183e-07
51,138,8.0,3.0952535e-06
51,138,9.0,1.5489957e-06
51,138,10.0,2.9836297e-06
51,138,11.0,1.3558986e-06
51,138,12.0,1.1909545e-06
51,138,13.0,1.5770219e-06
51,138,14.0,0.0
51,139,0.0,1.424031e-09
51,139,1.0,2.494136e-06
51,139,2.0,2.0470604e-06
51,139,3.0,1.6626112e-08
51,139,4.0,0.0
51,139,5.0,0.0
51,139,6.0,0.0
51,139,7.0,0.0
51,139,8.0,0.0
51,139,9.0,1.0462737e-06
51,139,10.0,1.1363743e-07
51,139,11.0,0.0
51,139,12.0,2.9054759e-08
51,139,13.0,0.0
51,139,14.0,1.6048538e-07
51,140,0.0,0.0
51,140,1.0,2.416201e-08
51,140,2.0,3.330562e-08
51,140,3.0,2.2873781e-08
51,140,4.0,6.073141e-08
51,140,5.0,9.865331e-08
51,140,6.0,3.8577352e-07
51,140,7.0,1.095186e-06
51,140,8.0,9.766038e-07
51,140,9.0,1.455577e-10
51,140,10.0,6.3819306e-07
51,140,11.0,1.7602844e-06
51,140,12.0,0.0
51,140,13.0,0.0
51,140,14.0,3.0134908e-07
51,141,0.0,0.0
51,141,1.0,1.6489102e-08
51,141,2.0,4.9758336e-10
51,141,3.0,0.0
51,141,4.0,1.2364976e-07
51,141,5.0,1.4541466e-06
51,141,6.0,3.9970423e-06
51,141,7.0,2.4898181e-06
51,141,8.0,1.9311358e-06
51,141,9.0,1.0616641e-06
51,141,10.0,7.4901425e-07
51,141,11.0,1.2620518e-06
51,141,12.0,4.428064e-07
51,141,13.0,6.805442e-07
51,141,14.0,2.4676002e-08
51,142,0.0,6.2723286e-13
51,142,1.0,2.6689065e-07
51,142,2.0,5.4400846e-07
51,142,3.0,1.526712e-06
51,142,4.0,3.4249302e-07
51,142,5.0,3.930124e-08
51,142,6.0,0.0
51,142,7.0,0.0
51,142,8.0,0.0
51,142,9.0,7.364506e-07
51,142,10.0,2.8219188e-06
51,142,11.0,3.6837392e-07
51,142,12.0,8.301185e-07
51,142,13.0,9.863627e-07
51,142,14.0,1.2178264e-09
51,143,0.0,0.0
51,143,1.0,0.0
51,143,2.0,0.0
51,143,3.0,0.0
51,143,4.0,0.0
51,143,5.0,0.0
51,143,6.0,0.0
51,143,7.0,0.0
51,143,8.0,0.0
51,143,9.0,0.0
51,143,10.0,0.0
51,143,11.0,1.6045847e-06
51,143,12.0,3.3676672e-06
51,143,13.0,8.6786326e-07
51,143,14.0,1.4242602e-07
52,119,0.0,9.917135e-07
52,119,1.0,4.82142e-06
52,119,2.0,2.688447e-06
52,119,3.0,3.8286244e-06
52,119,4.0,6.5958915e-07
52,119,5.0,9.669834e-06
52,119,6.0,8.537071e-08
52,119,7.0,1.2656169e-08
52,119,8.0,0.0
52,119,9.0,0.0
52,119,10.0,0.0
52,119,11.0,0.0
52,119,12.0,2.9086742e-08
52,119,13.0,1.8418143e-06
52,119,14.0,3.493614e-06
52,120,0.0,1.2774574e-06
52,120,1.0,1.1579931e-06
52,120,2.0,1.4469456e-06
52,120,3.0,3.590283e-07
52,120,4.0,1.2101778e-05
52,120,5.0,1.00187085e-08
52,120,6.0,8.333359e-10
52,120,7.0,0.0
52,120,8.0,0.0
52,120,9.0,0.0
52,120,10.0,7.3537443e-09
52,120,11.0,1.3203842e-07
52,120,12.0,1.1165587e-05
52,120,13.0,7.436698e-07
52,120,14.0,1.723029e-08
52,121,0.0,0.0
52,121,1.0,2.4092365e-06
52,121,2.0,3.186772e-07
52,121,3.0,1.3881407e-10
52,121,4.0,1.0662532e-07
52,121,5.0,2.6762734e-06
52,121,6.0,3.4119518e-07
52,121,7.0,7.6002934e-08
52,121,8.0,1.8345762e-07
52,121,9.0,0.0
52,121,10.0,3.360648e-07
52,121,11.0,5.5763985e-07
52,121,12.0,1.5528097e-06
52,121,13.0,2.4116769e-06
52,121,14.0,2.4860543e-07
52,122,0.0,0.0
52,122,1.0,2.3444097e-06
52,122,2.0,2.1112189e-07
52,122,3.0,0.0
52,122,4.0,1.4827616e-06
52,122,5.0,1.2556964e-09
52,122,6.0,2.5973595e-06
52,122,7.0,0.0
52,122,8.0,6.585182e-07
52,122,9.0,0.0
52,122,10.0,0.0
52,122,11.0,0.0
52,122,12.0,0.0
52,122,13.0,0.0
52,122,14.0,0.0
52,123,0.0,1.0863347e-07
52,123,1.0,3.730941e-07
52,123,2.0,2.7184575e-08
52,123,3.0,0.0
52,123,4.0,6.8848726e-07
52,123,5.0,2.0693363e-07
52,123,6.0,3.9893102e-06
52,123,7.0,2.9335039e-05
52,123,8.0,1.6008298e-05
52,123,9.0,2.1982209e-05
52,123,10.0,1.3828851e-06
52,123,11.0,2.3278531e-05
52,123,12.0,7.880394e-07
52,123,13.0,1.352651e-06
52,123,14.0,6.2834977e-07
52,124,0.0,0.0
52,124,1.0,3.4516893e-06
52,124,2.0,1.5071198e-05
52,124,3.0,3.3711213e-08
52,124,4.0,1.8140736e-06
52,124,5.0,1.3908403e-06
52,124,6.0,9.517355e-06
52,124,7.0,9.1185175e-06
52,124,8.0,1.0232818e-05
52,124,9.0,6.266671e-07
52,124,10.0,1.5521651e-05
52,124,11.0,4.2720916e-05
52,124,12.0,9.482216e-05
52,124,13.0,3.9639235e-05
52,124,14.0,3.775504e-05
52,125,0.0,0.0
52,125,1.0,1.733787e-06
52,125,2.0,2.863438e-05
52,125,3.0,3.3898952e-05
52,125,4.0,1.6150829e-05
52,125,5.0,9.330137e-06
52,125,6.0,4.8274103e-08
52,125,7.0,2.1538015e-06
52,125,8.0,6.3304094e-07
52,125,9.0,3.5875158e-07
52,125,10.0,1.1681279e-05
52,125,11.0,5.0465977e-05
52,125,12.0,5.7758603e-05
52,125,13.0,8.355153e-05
52,125,14.0,5.6776782e-05
52,126,0.0,0.00012577703
52,126,1.0,7.702861e-05
52,126,2.0,8.225788e-05
52,126,3.0,9.150136e-05
52,126,4.0,0.000116614836
52,126,5.0,0.00014983966
52,126,6.0,0.00044494457
52,126,7.0,0.00038808526
52,126,8.0,0.00071173965
52,126,9.0,0.0010533952
52,126,10.0,0.0010212414
52,126,11.0,0.0017247172
52,126,12.0,0.0021808003
52,126,13.0,0.0018746598
52,126,14.0,0.0020340031
52,127,0.0,5.099538e-05
52,127,1.0,1.6094935e-05
52,127,2.0,3.893455e-05
52,127,3.0,0.0002632844
52,127,4.0,0.00028786238
52,127,5.0,0.0005721774
52,127,6.0,0.0009977516
52,127,7.0,0.0014446075
52,127,8.0,0.001601584
52,127,9.0,0.002005958
52,127,10.0,0.0034260177
52,127,11.0,0.0039009515
52,127,12.0,0.0040509785
52,127,13.0,0.0036037294
52,127,14.0,0.0042861155
52,128,0.0,0.00020085902
52,128,1.0,0.0005298826
52,128,2.0,0.00092395843
52,128,3.0,0.0011280742
52,128,4.0,0.001255101
52,128,5.0,0.0033085484
52,128,6.0,0.0041195787
52,128,7.0,0.00391439
52,128,8.0,0.0036689714
52,128,9.0,0.0064184195
52,128,10.0,0.00923086
52,128,11.0,0.013247813
52,128,12.0,0.01145359
52,128,13.0,0.011955476
52,128,14.0,0.011261102
52,129,0.0,0.0007943964
52,129,1.0,0.0010537434
52,129,2.0,0.001882652
52,129,3.0,0.0030640233
52,129,4.0,0.0035710551
52,129,5.0,0.005214518
52,129,6.0,0.007893454
52,129,7.0,0.009592217
52,129,8.0,0.012456393
52,129,9.0,0.014858388
52,129,10.0,0.018716997
52,129,11.0,0.024840876
52,129,12.0,0.03246686
52,129,13.0,0.03141179
52,129,14.0,0.033154637
52,130,0.0,0.005087071
52,130,1.0,0.0067670345
52,130,2.0,0.01039676
52,130,3.0,0.013316678
52,130,4.0,0.016242107
52,130,5.0,0.021899192
52,130,6.0,0.028229425
52,130,7.0,0.031775046
52,130,8.0,0.035290737
52,130,9.0,0.044513028
52,130,10.0,0.05658388
52,130,11.0,0.07171729
52,130,12.0,0.07610115
52,130,13.0,0.0793966
52,130,14.0,0.0880158
52,131,0.0,0.030749468
52,131,1.0,0.046397507
52,131,2.0,0.06827658
52,131,3.0,0.0824274
52,131,4.0,0.100175045
52,131,5.0,0.11967621
52,131,6.0,0.13693155
52,131,7.0,0.1535281
52,131,8.0,0.16386902
52,131,9.0,0.1744752
52,131,10.0,0.19223577
52,131,11.0,0.21034701
52,131,12.0,0.21554393
52,131,13.0,0.21546134
52,131,14.0,0.21639644
52,132,0.0,0.19424205
52,132,1.0,0.25041196
52,132,2.0,0.30667126
52,132,3.0,0.3455189
52,132,4.0,0.38961005
52,132,5.0,0.4200854
52,132,6.0,0.42206952
52,132,7.0,0.41027236
52,132,8.0,0.40558615
52,132,9.0,0.42202538
52,132,10.0,0.44533253
52,132,11.0,0.44696224
52,132,12.0,0.44951507
52,132,13.0,0.43189356
52,132,14.0,0.42460114
52,133,0.0,0.5072209
52,133,1.0,0.60612446
52,133,2.0,0.6688163
52,133,3.0,0.66587
52,133,4.0,0.67037284
52,133,5.0,0.64624596
52,133,6.0,0.6138943
52,133,7.0,0.5903319
52,133,8.0,0.5758032
52,133,9.0,0.5860522
52,133,10.0,0.60784805
52,133,11.0,0.5853431
52,133,12.0,0.57293224
52,133,13.0,0.5431988
52,133,14.0,0.5256993
52,134,0.0,0.9260168
52,134,1.0,0.92682815
52,134,2.0,0.84913826
52,134,3.0,0.76284856
52,134,4.0,0.69747734
52,134,5.0,0.61839193
52,134,6.0,0.5727382
52,134,7.0,0.5493295
52,134,8.0,0.5376082
52,134,9.0,0.5353711
52,134,10.0,0.5045348
52,134,11.0,0.46687764
52,134,12.0,0.43988687
52,134,13.0,0.41421673
52,134,14.0,0.38493794
52,135,0.0,0.48338756
52,135,1.0,0.44292626
52,135,2.0,0.37888783
52,135,3.0,0.34741214
52,135,4.0,0.30310032
52,135,5.0,0.25269938
52,135,6.0,0.22576141
52,135,7.0,0.21235907
52,135,8.0,0.20495006
52,135,9.0,0.18465069
52,135,10.0,0.16712709
52,135,11.0,0.15133286
52,135,12.0,0.14494418
52,135,13.0,0.13108411
52,135,14.0,0.13463695
52,136,0.0,0.22898883
52,136,1.0,0.18275931
52,136,2.0,0.15803242
52,136,3.0,0.13181648
52,136,4.0,0.10225905
52,136,5.0,0.092266575
52,136,6.0,0.08661615
52,136,7.0,0.07638498
52,136,8.0,0.069847725
52,136,9.0,0.06961332
52,136,10.0,0.06799579
52,136,11.0,0.066944726
52,136,12.0,0.05993397
52,136,13.0,0.051187314
52,136,14.0,0.043633524
52,137,0.0,0.05753248
52,137,1.0,0.044462923
52,137,2.0,0.036203515
52,137,3.0,0.02640714
52,137,4.0,0.021329815
52,137,5.0,0.017991537
52,137,6.0,0.01697239
52,137,7.0,0.016769676
52,137,8.0,0.013565286
52,137,9.0,0.011961327
52,137,10.0,0.012199771
52,137,11.0,0.012641133
52,137,12.0,0.011722444
52,137,13.0,0.010928552
52,137,14.0,0.008553487
52,138,0.0,0.011210731
52,138,1.0,0.006602006
52,138,2.0,0.0049925195
52,138,3.0,0.0036979911
52,138,4.0,0.0032311263
52,138,5.0,0.0027123315
52,138,6.0,0.0023823814
52,138,7.0,0.001993951
52,138,8.0,0.001637881
52,138,9.0,0.0015721408
52,138,10.0,0.0014593765
52,138,11.0,0.0013153014
52,138,12.0,0.0010385409
52,138,13.0,0.00082597847
52,138,14.0,0.00095042284
52,139,0.0,0.0011992931
52,139,1.0,0.00089658337
52,139,2.0,0.00064142974
52,139,3.0,0.00023436914
52,139,4.0,0.0001838261
52,139,5.0,0.00015572242
52,139,6.0,0.00015805315
52,139,7.0,0.00022369334
52,139,8.0,0.00032444648
52,139,9.0,0.00032846336
52,139,10.0,0.00019427779
52,139,11.0,0.000124562
52,139,12.0,0.000103339305
52,139,13.0,0.00013452527
52,139,14.0,0.0001447651
52,140,0.0,2.3061795e-05
52,140,1.0,1.5901356e-05
52,140,2.0,5.107445e-06
52,140,3.0,5.3651905e-07
52,140,4.0,2.439857e-07
52,140,5.0,6.902128e-07
52,140,6.0,4.6040113e-06
52,140,7.0,3.4167178e-06
52,140,8.0,2.8007314e-06
52,140,9.0,3.504126e-07
52,140,10.0,3.1338045e-06
52,140,11.0,2.0713735e-06
52,140,12.0,1.1166654e-05
52,140,13.0,7.5046505e-06
52,140,14.0,2.728892e-05
52,141,0.0,3.904025e-06
52,141,1.0,3.218812e-07
52,141,2.0,0.0
52,141,3.0,0.0
52,141,4.0,0.0
52,141,5.0,0.0
52,141,6.0,0.0
52,141,7.0,0.0
52,141,8.0,7.980723e-08
52,141,9.0,0.0
52,141,10.0,0.0
52,141,11.0,8.4436444e-08
52,141,12.0,1.6862283e-06
52,141,13.0,2.2152709e-07
52,141,14.0,6.2758513e-06
52,142,0.0,1.7648213e-07
52,142,1.0,5.4969985e-07
52,142,2.0,0.0
52,142,3.0,0.0
52,142,4.0,0.0
52,142,5.0,0.0
52,142,6.0,1.03377064e-13
52,142,7.0,4.6400913e-08
52,142,8.0,9.862379e-07
52,142,9.0,1.1914481e-07
52,142,10.0,5.7104995e-07
52,142,11.0,8.065232e-06
52,142,12.0,2.1852977e-06
52,142,13.0,8.0044526e-07
52,142,14.0,2.8629117e-06
52,143,0.0,0.0
52,143,1.0,0.0
52,143,2.0,0.0
52,143,3.0,0.0
52,143,4.0,0.0
52,143,5.0,0.0
52,143,6.0,0.0
52,143,7.0,0.0
52,143,8.0,0.0
52,143,9.0,0.0
52,143,10.0,6.9062964e-11
52,143,11.0,5.369268e-07
52,143,12.0,0.0
52,143,13.0,1.3576941e-07
52,143,14.0,3.9356527e-07
52,144,0.0,0.0
52,144,1.0,0.0
52,144,2.0,0.0
52,144,3.0,0.0
52,144,4.0,0.0
52,144,5.0,0.0
52,144,6.0,0.0
52,144,7.0,0.0
52,144,8.0,0.0
52,144,9.0,1.1496195e-07
52,144,10.0,3.9618232e-08
52,144,11.0,2.8370135e-09
52,144,12.0,0.0
52,144,13.0,0.0
52,144,14.0,0.0
52,145,0.0,0.0
52,145,1.0,0.0
52,145,2.0,0.0
52,145,3.0,0.0
52,145,4.0,0.0
52,145,5.0,0.0
52,145,6.0,0.0
52,145,7.0,0.0
52,145,8.0,0.0
52,145,9.0,0.0
52,145,10.0,0.0
52,145,11.0,1.6412622e-08
52,145,12.0,3.4347424e-06
52,145,13.0,3.682521e-07
52,145,14.0,1.5353545e-06
53,122,0.0,4.305361e-07
53,122,1.0,5.2222467e-06
53,122,2.0,0.0
53,122,3.0,0.0
53,122,4.0,0.0
53,122,5.0,0.0
53,122,6.0,0.0
53,122,7.0,6.8795964e-07
53,122,8.0,4.274187e-05
53,122,9.0,3.641331e-07
53,122,10.0,0.0
53,122,11.0,0.0
53,122,12.0,6.3490834e-06
53,122,13.0,0.0
53,122,14.0,0.0
53,123,0.0,0.0
53,123,1.0,2.045383e-06
53,123,2.0,1.2413148e-05
53,123,3.0,0.0
53,123,4.0,0.0
53,123,5.0,0.0
53,123,6.0,1.9539998e-06
53,123,7.0,3.0972484e-07
53,123,8.0,2.7743486e-06
53,123,9.0,1.01646904e-07
53,123,10.0,1.7474074e-06
53,123,11.0,0.0
53,123,12.0,0.0
53,123,13.0,9.728723e-09
53,123,14.0,0.0
53,124,0.0,0.0
53,124,1.0,7.1222155e-07
53,124,2.0,0.0
53,124,3.0,1.0669476e-07
53,124,4.0,1.0649217e-06
53,124,5.0,2.3677567e-06
53,124,6.0,7.259164e-07
53,124,7.0,1.7466744e-12
53,124,8.0,1.5845826e-08
53,124,9.0,0.0
53,124,10.0,0.0
53,124,11.0,6.294024e-07
53,124,12.0,1.0536373e-06
53,124,13.0,3.3082106e-06
53,124,14.0,2.6249454e-06
53,125,0.0,6.031584e-08
53,125,1.0,0.0
53,125,2.0,0.0
53,125,3.0,0.0
53,125,4.0,0.0
53,125,5.0,3.3021035e-08
53,125,6.0,8.1404363e-07
53,125,7.0,8.170623e-09
53,125,8.0,0.0
53,125,9.0,6.545246e-08
53,125,10.0,0.0
53,125,11.0,0.0
53,125,12.0,0.0
53,125,13.0,2.3121225e-09
53,125,14.0,7.3428204e-08
53,126,0.0,0.0
53,126,1.0,0.0
53,126,2.0,0.0
53,126,3.0,0.0
53,126,4.0,5.2129145e-08
53,126,5.0,2.0056586e-07
53,126,6.0,0.0
53,126,7.0,0.0
53,126,8.0,5.35519e-08
53,126,9.0,0.0
53,126,10.0,0.0
53,126,11.0,0.0
53,126,12.0,0.0
53,126,13.0,0.0
53,126,14.0,0.0
53,127,0.0,0.0
53,127,1.0,0.0
53,127,2.0,0.0
53,127,3.0,0.0
53,127,4.0,5.2969884e-08
53,127,5.0,2.6155822e-06
53,127,6.0,1.1923421e-06
53,127,7.0,0.0
53,127,8.0,6.801833e-08
53,127,9.0,5.2680923e-07
53,127,10.0,9.2206555e-11
53,127,11.0,0.0
53,127,12.0,1.6599869e-07
53,127,13.0,6.7389637e-06
53,127,14.0,3.348926e-06
53,128,0.0,6.7610677e-06
53,128,1.0,2.0849496e-12
53,128,2.0,0.0
53,128,3.0,0.0
53,128,4.0,1.1685545e-08
53,128,5.0,8.969018e-06
53,128,6.0,2.0247331e-05
53,128,7.0,3.360281e-05
53,128,8.0,2.3463315e-05
53,128,9.0,5.3240907e-05
53,128,10.0,7.779755e-05
53,128,11.0,0.00027814542
53,128,12.0,0.0002571237
53,128,13.0,0.00057534943
53,128,14.0,0.00028613195
53,129,0.0,3.1568774e-07
53,129,1.0,2.8253433e-07
53,129,2.0,3.5167228e-05
53,129,3.0,0.00011531922
53,129,4.0,8.526198e-05
53,129,5.0,2.874902e-05
53,129,6.0,4.9518763e-05
53,129,7.0,0.00011177174
53,129,8.0,0.0001726757
53,129,9.0,0.00024505422
53,129,10.0,0.0011661057
53,129,11.0,0.001446681
53,129,12.0,0.0018771235
53,129,13.0,0.0014229635
53,129,14.0,0.0010304154
53,130,0.0,9.897636e-07
53,130,1.0,3.6029785e-05
53,130,2.0,0.00042470428
53,130,3.0,0.00084508694
53,130,4.0,0.0011586663
53,130,5.0,0.0008431611
53,130,6.0,0.002243076
53,130,7.0,0.0015795891
53,130,8.0,0.0030585025
53,130,9.0,0.0038418968
53,130,10.0,0.0049116886
53,130,11.0,0.00827279
53,130,12.0,0.005998375
53,130,13.0,0.0064425757
53,130,14.0,0.0071483674
53,131,0.0,0.00026275343
53,131,1.0,0.0010598265
53,131,2.0,0.0015267434
53,131,3.0,0.002949255
53,131,4.0,0.003772109
53,131,5.0,0.004868569
53,131,6.0,0.006102985
53,131,7.0,0.0070022075
53,131,8.0,0.00900421
53,131,9.0,0.01272221
53,131,10.0,0.016559066
53,131,11.0,0.02054998
53,131,12.0,0.020524992
53,131,13.0,0.026078844
53,131,14.0,0.028903818
53,132,0.0,0.004809127
53,132,1.0,0.009326043
53,132,2.0,0.012160934
53,132,3.0,0.015836546
53,132,4.0,0.020347187
53,132,5.0,0.023268282
53,132,6.0,0.027948163
53,132,7.0,0.031570554
53,132,8.0,0.035224948
53,132,9.0,0.04326249
53,132,10.0,0.05379755
53,132,11.0,0.061764665
53,132,12.0,0.06794643
53,132,13.0,0.07654333
53,132,14.0,0.07855233
53,133,0.0,0.03842223
53,133,1.0,0.05985631
53,133,2.0,0.06731553
53,133,3.0,0.08024488
53,133,4.0,0.09395162
53,133,5.0,0.11011745
53,133,6.0,0.12124303
53,133,7.0,0.13226138
53,133,8.0,0.14143056
53,133,9.0,0.15817045
53,133,10.0,0.18120936
53,133,11.0,0.1834891
53,133,12.0,0.19541916
53,133,13.0,0.20718718
53,133,14.0,0.21593419
53,134,0.0,0.14568678
53,134,1.0,0.19847593
53,134,2.0,0.25626686
53,134,3.0,0.3051474
53,134,4.0,0.34434998
53,134,5.0,0.3752609
53,134,6.0,0.3968126
53,134,7.0,0.41785735
53,134,8.0,0.4269125
53,134,9.0,0.42901692
53,134,10.0,0.43826762
53,134,11.0,0.4452043
53,134,12.0,0.46957305
53,134,13.0,0.4660781
53,134,14.0,0.46340197
53,135,0.0,0.4071483
53,135,1.0,0.50611836
53,135,2.0,0.57189167
53,135,3.0,0.63633657
53,135,4.0,0.6512789
53,135,5.0,0.65678144
53,135,6.0,0.6497164
53,135,7.0,0.64675784
53,135,8.0,0.6473244
53,135,9.0,0.64448994
53,135,10.0,0.64462894
53,135,11.0,0.6497465
53,135,12.0,0.60312253
53,135,13.0,0.5478389
53,135,14.0,0.50047857
53,136,0.0,0.39960593
53,136,1.0,0.49605173
53,136,2.0,0.5957689
53,136,3.0,0.6005499
53,136,4.0,0.5896456
53,136,5.0,0.5605262
53,136,6.0,0.53170466
53,136,7.0,0.5109584
53,136,8.0,0.49475363
53,136,9.0,0.4849632
53,136,10.0,0.4674759
53,136,11.0,0.43019497
53,136,12.0,0.40313116
53,136,13.0,0.3759727
53,136,14.0,0.3668939
53,137,0.0,0.4146596
53,137,1.0,0.44772202
53,137,2.0,0.45793545
53,137,3.0,0.41255078
53,137,4.0,0.36595702
53,137,5.0,0.3281767
53,137,6.0,0.30269107
53,137,7.0,0.2962786
53,137,8.0,0.29060867
53,137,9.0,0.27181026
53,137,10.0,0.24601005
53,137,11.0,0.21676949
53,137,12.0,0.20910314
53,137,13.0,0.20131662
53,137,14.0,0.19167006
53,138,0.0,0.21341085
53,138,1.0,0.1929697
53,138,2.0,0.18007049
53,138,3.0,0.1615246
53,138,4.0,0.14414336
53,138,5.0,0.12969337
53,138,6.0,0.115368515
53,138,7.0,0.11138954
53,138,8.0,0.10638783
53,138,9.0,0.09709104
53,138,10.0,0.088966854
53,138,11.0,0.08291898
53,138,12.0,0.08067549
53,138,13.0,0.07581527
53,138,14.0,0.071472056
53,139,0.0,0.10478279
53,139,1.0,0.096733026
53,139,2.0,0.08268716
53,139,3.0,0.06543943
53,139,4.0,0.052751344
53,139,5.0,0.047123544
53,139,6.0,0.044482127
53,139,7.0,0.044219352
53,139,8.0,0.038691103
53,139,9.0,0.029848699
53,139,10.0,0.030000707
53,139,11.0,0.026131343
53,139,12.0,0.023206579
53,139,13.0,0.019622987
53,139,14.0,0.019554053
53,140,0.0,0.028818814
53,140,1.0,0.0242858
53,140,2.0,0.015031039
53,140,3.0,0.010097284
53,140,4.0,0.008072772
53,140,5.0,0.006371449
53,140,6.0,0.0060105
53,140,7.0,0.0059335288
53,140,8.0,0.0053254156
53,140,9.0,0.005079856
53,140,10.0,0.005322778
53,140,11.0,0.0047489177
53,140,12.0,0.0042159082
53,140,13.0,0.0040751556
53,140,14.0,0.0034894438
53,141,0.0,0.0027521446
53,141,1.0,0.0022553164
53,141,2.0,0.0015887264
53,141,3.0,0.0010896949
53,141,4.0,0.0009793929
53,141,5.0,0.0007641869
53,141,6.0,0.0006450653
53,141,7.0,0.0006488698
53,141,8.0,0.0005665918
53,141,9.0,0.00063595147
53,141,10.0,0.0006902281
53,141,11.0,0.00049840176
53,141,12.0,0.0005531903
53,141,13.0,0.00038100447
53,141,14.0,0.0003589858
53,142,0.0,0.00020690338
53,142,1.0,6.230172e-05
53,142,2.0,6.249593e-05
53,142,3.0,2.6573243e-05
53,142,4.0,2.1036398e-05
53,142,5.0,3.1653297e-05
53,142,6.0,2.9219917e-05
53,142,7.0,1.5040664e-05
53,142,8.0,6.861911e-05
53,142,9.0,5.2842017e-05
53,142,10.0,6.306234e-05
53,142,11.0,1.0898465e-05
53,142,12.0,2.831013e-05
53,142,13.0,3.2805216e-05
53,142,14.0,2.7718805e-05
53,143,0.0,1.0313381e-06
53,143,1.0,1.1291941e-06
53,143,2.0,2.8436716e-07
53,143,3.0,0.0
53,143,4.0,0.0
53,143,5.0,0.0
53,143,6.0,7.3682105e-10
53,143,7.0,9.056077e-07
53,143,8.0,0.0
53,143,9.0,8.415082e-08
53,143,10.0,1.5933841e-07
53,143,11.0,1.8389538e-06
53,143,12.0,2.4057733e-06
53,143,13.0,9.773402e-06
53,143,14.0,6.5462796e-06
53,144,0.0,0.0
53,144,1.0,0.0
53,144,2.0,0.0
53,144,3.0,0.0
53,144,4.0,0.0
53,144,5.0,0.0
53,144,6.0,0.0
53,144,7.0,0.0
53,144,8.0,0.0
53,144,9.0,0.0
53,144,10.0,0.0
53,144,11.0,3.4627668e-08
53,144,12.0,6.3089e-09
53,144,13.0,0.0
53,144,14.0,1.6702968e-06
53,145,0.0,0.0
53,145,1.0,0.0
53,145,2.0,0.0
53,145,3.0,0.0
53,145,4.0,0.0
53,145,5.0,0.0
53,145,6.0,0.0
53,145,7.0,0.0
53,145,8.0,0.0
53,145,9.0,0.0
53,145,10.0,0.0
53,145,11.0,0.0
53,145,12.0,0.0
53,145,13.0,0.0
53,145,14.0,2.6672636e-08
53,146,0.0,2.7666408e-06
53,146,1.0,0.0
53,146,2.0,0.0
53,146,3.0,0.0
53,146,4.0,0.0
53,146,5.0,0.0
53,146,6.0,0.0
53,146,7.0,0.0
53,146,8.0,0.0
53,146,9.0,0.0
53,146,10.0,0.0
53,146,11.0,0.0
53,146,12.0,0.0
53,146,13.0,0.0
53,146,14.0,0.0
53,147,0.0,5.0174513e-06
53,147,1.0,4.799927e-06
53,147,2.0,2.1504275e-06
53,147,3.0,6.1046963e-09
53,147,4.0,0.0
53,147,5.0,0.0
53,147,6.0,0.0
53,147,7.0,0.0
53,147,8.0,0.0
53,147,9.0,0.0
53,147,10.0,0.0
53,147,11.0,0.0
53,147,12.0,0.0
53,147,13.0,0.0
53,147,14.0,3.4268538e-07
53,148,0.0,1.37501975e-05
53,148,1.0,1.1650951e-05
53,148,2.0,3.1824954e-06
53,148,3.0,8.196164e-08
53,148,4.0,3.340819e-08
53,148,5.0,3.9465924e-08
53,148,6.0,0.0
53,148,7.0,0.0
53,148,8.0,0.0
53,148,9.0,6.0004186e-07
53,148,10.0,5.694754e-06
53,148,11.0,2.0201449e-05
53,148,12.0,2.5806958e-05
53,148,13.0,1.3471084e-05
53,148,14.0,8.6986765e-06
54,125,0.0,1.1544031e-06
54,125,1.0,1.7873846e-05
54,125,2.0,1.26988525e-05
54,125,3.0,7.5637845e-06
54,125,4.0,8.843021e-07
54,125,5.0,0.0
54,125,6.0,0.0
54,125,7.0,3.4125648e-07
54,125,8.0,3.0013794e-08
54,125,9.0,0.0
54,125,10.0,0.0
54,125,11.0,0.0
54,125,12.0,0.0
54,125,13.0,0.0
54,125,14.0,0.0
54,126,0.0,3.882577e-08
54,126,1.0,0.0
54,126,2.0,0.0
54,126,3.0,0.0
54,126,4.0,0.0
54,126,5.0,0.0
54,126,6.0,0.0
54,126,7.0,0.0
54,126,8.0,0.0
54,126,9.0,0.0
54,126,10.0,0.0
54,126,11.0,0.0
54,126,12.0,0.0
54,126,13.0,6.579123e-11
54,126,14.0,0.0
54,127,0.0,0.0
54,127,1.0,0.0
54,127,2.0,8.14462e-09
54,127,3.0,0.0
54,127,4.0,0.0
54,127,5.0,0.0
54,127,6.0,0.0
54,127,7.0,0.0
54,127,8.0,0.0
54,127,9.0,0.0
54,127,10.0,0.0
54,127,11.0,0.0
54,127,12.0,0.0
54,127,13.0,0.0
54,127,14.0,0.0
54,128,0.0,0.0
54,128,1.0,0.0
54,128,2.0,0.0
54,128,3.0,3.905351e-10
54,128,4.0,1.5831715e-09
54,128,5.0,4.4810893e-09
54,128,6.0,4.152548e-09
54,128,7.0,0.0
54,128,8.0,1.305056e-06
54,128,9.0,1.5447577e-05
54,128,10.0,2.002648e-06
54,128,11.0,1.0811856e-06
54,128,12.0,7.325144e-07
54,128,13.0,4.428995e-07
54,128,14.0,3.9216292e-08
54,129,0.0,3.1913817e-06
54,129,1.0,8.0571584e-07
54,129,2.0,1.5607783e-06
54,129,3.0,2.6639015e-07
54,129,4.0,3.069292e-08
54,129,5.0,3.9977581e-07
54,129,6.0,2.0417076e-07
54,129,7.0,0.0
54,129,8.0,4.038851e-08
54,129,9.0,9.389145e-06
54,129,10.0,3.2840155e-05
54,129,11.0,5.9760183e-05
54,129,12.0,9.347885e-05
54,129,13.0,7.3194433e-06
54,129,14.0,2.136974e-05
54,130,0.0,1.5067815e-08
54,130,1.0,1.7333846e-06
54,130,2.0,7.513683e-06
54,130,3.0,4.906263e-06
54,130,4.0,5.055254e-06
54,130,5.0,2.1619444e-05
54,130,6.0,6.667333e-05
54,130,7.0,3.4899163e-05
54,130,8.0,7.6720615e-05
54,130,9.0,0.00014099266
54,130,10.0,0.00019352321
54,130,11.0,9.599158e-05
54,130,12.0,6.588878e-05
54,130,13.0,0.00030359757
54,130,14.0,0.00024676774
54,131,0.0,2.5974312e-09
54,131,1.0,1.83753e-05
54,131,2.0,4.635452e-05
54,131,3.0,6.765563e-05
54,131,4.0,6.0577513e-05
54,131,5.0,6.6721164e-05
54,131,6.0,0.00012279593
54,131,7.0,0.0003394529
54,131,8.0,0.00044996763
54,131,9.0,0.0004281676
54,131,10.0,0.0012320037
54,131,11.0,0.0011781222
54,131,12.0,0.0019970175
54,131,13.0,0.0018740688
54,131,14.0,0.0017517415
54,132,0.0,6.439712e-05
54,132,1.0,0.0001973761
54,132,2.0,0.000120274926
54,132,3.0,0.00020784566
54,132,4.0,0.0005129514
54,132,5.0,0.00048377193
54,132,6.0,0.0009463469
54,132,7.0,0.000925689
54,132,8.0,0.0021047008
54,132,9.0,0.0033960014
54,132,10.0,0.0047981218
54,132,11.0,0.004997637
54,132,12.0,0.005825043
54,132,13.0,0.0068617305
54,132,14.0,0.005682295
54,133,0.0,0.0013760203
54,133,1.0,0.0011207702
54,133,2.0,0.001074153
54,133,3.0,0.001750518
54,133,4.0,0.003485294
54,133,5.0,0.0046275626
54,133,6.0,0.0051709604
54,133,7.0,0.005370631
54,133,8.0,0.0071678003
54,133,9.0,0.010218949
54,133,10.0,0.013195057
54,133,11.0,0.01722999
54,133,12.0,0.017178692
54,133,13.0,0.01964177
54,133,14.0,0.023167212
54,134,0.0,0.007848515
54,134,1.0,0.009356604
54,134,2.0,0.011287821
54,134,3.0,0.013698013
54,134,4.0,0.016705245
54,134,5.0,0.019791715
54,134,6.0,0.02441473
54,134,7.0,0.027354294
54,134,8.0,0.03147464
54,134,9.0,0.034860127
54,134,10.0,0.042869184
54,134,11.0,0.05187232
54,134,12.0,0.0502619
54,134,13.0,0.053537194
54,134,14.0,0.06447658
54,135,0.0,0.04461023
54,135,1.0,0.0578222
54,135,2.0,0.058542173
54,135,3.0,0.06861293
54,135,4.0,0.07650227
54,135,5.0,0.090276666
54,135,6.0,0.11063084
54,135,7.0,0.11854323
54,135,8.0,0.122352414
54,135,9.0,0.1351037
54,135,10.0,0.14058714
54,135,11.0,0.15792167
54,135,12.0,0.16994378
54,135,13.0,0.1830389
54,135,14.0,0.22213203
54,136,0.0,0.23287565
54,136,1.0,0.24458304
54,136,2.0,0.24151896
54,136,3.0,0.26071957
54,136,4.0,0.29330295
54,136,5.0,0.3329452
54,136,6.0,0.33984885
54,136,7.0,0.33558214
54,136,8.0,0.34437817
54,136,9.0,0.35349473
54,136,10.0,0.38105577
54,136,11.0,0.36848783
54,136,12.0,0.33985358
54,136,13.0,0.35398874
54,136,14.0,0.39214155
54,137,0.0,0.4567905
54,137,1.0,0.496631
54,137,2.0,0.5077346
54,137,3.0,0.51135296
54,137,4.0,0.4888002
54,137,5.0,0.501934
54,137,6.0,0.4923383
54,137,7.0,0.4824036
54,137,8.0,0.5000098
54,137,9.0,0.52689654
54,137,10.0,0.51077336
54,137,11.0,0.44786304
54,137,12.0,0.45846006
54,137,13.0,0.4674491
54,137,14.0,0.46606982
54,138,0.0,0.70848715
54,138,1.0,0.67358875
54,138,2.0,0.6311311
54,138,3.0,0.6048692
54,138,4.0,0.5856025
54,138,5.0,0.554633
54,138,6.0,0.5229622
54,138,7.0,0.5201193
54,138,8.0,0.54026276
54,138,9.0,0.54881775
54,138,10.0,0.4987861
54,138,11.0,0.44383532
54,138,12.0,0.42395103
54,138,13.0,0.41034365
54,138,14.0,0.40221465
54,139,0.0,0.67999184
54,139,1.0,0.6042306
54,139,2.0,0.5480639
54,139,3.0,0.5086229
54,139,4.0,0.46428353
54,139,5.0,0.4267427
54,139,6.0,0.41018265
54,139,7.0,0.39308366
54,139,8.0,0.39193603
54,139,9.0,0.36450794
54,139,10.0,0.3176684
54,139,11.0,0.2927324
54,139,12.0,0.27311048
54,139,13.0,0.24634188
54,139,14.0,0.22826307
54,140,0.0,0.5224376
54,140,1.0,0.42007124
54,140,2.0,0.32704705
54,140,3.0,0.2621949
54,140,4.0,0.2266268
54,140,5.0,0.21157631
54,140,6.0,0.22058678
54,140,7.0,0.2258474
54,140,8.0,0.21335152
54,140,9.0,0.17431194
54,140,10.0,0.13782111
54,140,11.0,0.12416471
54,140,12.0,0.12583366
54,140,13.0,0.120341554
54,140,14.0,0.11805589
54,141,0.0,0.20935936
54,141,1.0,0.15829124
54,141,2.0,0.13334708
54,141,3.0,0.10025398
54,141,4.0,0.081534095
54,141,5.0,0.07526126
54,141,6.0,0.07608773
54,141,7.0,0.078602016
54,141,8.0,0.07056047
54,141,9.0,0.057736494
54,141,10.0,0.046630785
54,141,11.0,0.039908685
54,141,12.0,0.035974614
54,141,13.0,0.046369012
54,141,14.0,0.04359214
54,142,0.0,0.06396288
54,142,1.0,0.04483781
54,142,2.0,0.03159284
54,142,3.0,0.022647014
54,142,4.0,0.016414057
54,142,5.0,0.01552557
54,142,6.0,0.014596322
54,142,7.0,0.015176655
54,142,8.0,0.01484505
54,142,9.0,0.012134501
54,142,10.0,0.010371633
54,142,11.0,0.009098357
54,142,12.0,0.0066994913
54,142,13.0,0.0069339895
54,142,14.0,0.009255719
54,143,0.0,0.012220152
54,143,1.0,0.0089805005
54,143,2.0,0.005837781
54,143,3.0,0.0031675624
54,143,4.0,0.0024735844
54,143,5.0,0.002195658
54,143,6.0,0.00211711
54,143,7.0,0.0019548766
54,143,8.0,0.002358426
54,143,9.0,0.001711442
54,143,10.0,0.0013436958
54,143,11.0,0.0011233457
54,143,12.0,0.00087814365
54,143,13.0,0.000813794
54,143,14.0,0.0012422036
54,144,0.0,0.0018407378
54,144,1.0,0.0009462709
54,144,2.0,0.0005409068
54,144,3.0,0.00034065108
54,144,4.0,0.00016271087
54,144,5.0,0.00014772291
54,144,6.0,9.292917e-05
54,144,7.0,0.00018964993
54,144,8.0,0.00020578006
54,144,9.0,0.0001606472
54,144,10.0,0.0001245626
54,144,11.0,0.00011986674
54,144,12.0,0.00018883063
54,144,13.0,0.00010458183
54,144,14.0,0.00025572002
54,145,0.0,0.00013804533
54,145,1.0,4.8653554e-05
54,145,2.0,6.507862e-05
54,145,3.0,4.4224947e-05
54,145,4.0,3.7944505e-05
54,145,5.0,1.6384065e-05
54,145,6.0,1.1943583e-05
54,145,7.0,1.3724712e-05
54,145,8.0,4.1070514e-05
54,145,9.0,1.923761e-05
54,145,10.0,1.4181469e-05
54,145,11.0,1.7247896e-05
54,145,12.0,6.902226e-06
54,145,13.0,1.3136847e-05
54,145,14.0,1.0557905e-05
54,146,0.0,1.1578805e-05
54,146,1.0,1.1645201e-05
54,146,2.0,2.9726532e-06
54,146,3.0,6.847653e-08
54,146,4.0,8.562071e-09
54,146,5.0,6.2201065e-07
54,146,6.0,2.6943437e-07
54,146,7.0,2.9410379e-09
54,146,8.0,0.0
54,146,9.0,2.0047278e-06
54,146,10.0,3.1624535e-07
54,146,11.0,2.384573e-07
54,146,12.0,2.5096424e-06
54,146,13.0,3.5749558e-06
54,146,14.0,3.655166e-06
54,147,0.0,0.0
54,147,1.0,5.998787e-10
54,147,2.0,0.0
54,147,3.0,0.0
54,147,4.0,0.0
54,147,5.0,0.0
54,147,6.0,0.0
54,147,7.0,0.0
54,147,8.0,2.4441022e-11
54,147,9.0,0.0
54,147,10.0,1.3220597e-07
54,147,11.0,2.9107039e-06
54,147,12.0,2.3387208e-06
54,147,13.0,1.781109e-06
54,147,14.0,1.5485327e-06
54,148,0.0,0.0
54,148,1.0,1.7359531e-07
54,148,2.0,9.817189e-07
54,148,3.0,1.3297081e-06
54,148,4.0,5.9480936e-07
54,148,5.0,7.652311e-08
54,148,6.0,5.2370716e-08
54,148,7.0,2.417257e-07
54,148,8.0,1.4155947e-07
54,148,9.0,1.107501e-09
54,148,10.0,8.401916e-10
54,148,11.0,2.4689047e-07
54,148,12.0,1.5626186e-06
54,148,13.0,1.249798e-06
54,148,14.0,1.0309964e-06
54,149,0.0,0.0
54,149,1.0,7.4057787e-09
54,149,2.0,8.511393e-10
54,149,3.0,3.2750812e-08
54,149,4.0,9.936683e-08
54,149,5.0,1.0736822e-07
54,149,6.0,0.0
54,149,7.0,0.0
54,149,8.0,7.365175e-08
54,149,9.0,2.954053e-07
54,149,10.0,0.0
54,149,11.0,0.0
54,149,12.0,2.214229e-06
54,149,13.0,5.410119e-06
54,149,14.0,2.3675925e-06
54,150,0.0,0.0
54,150,1.0,3.227104e-09
54,150,2.0,0.0
54,150,3.0,0.0
54,150,4.0,0.0
54,150,5.0,0.0
54,150,6.0,0.0
54,150,7.0,0.0
54,150,8.0,0.0
54,150,9.0,0.0
54,150,10.0,0.0
54,150,11.0,6.6808614e-10
54,150,12.0,0.0
54,150,13.0,0.0
54,150,14.0,5.017402e-07
55,128,0.0,1.723555e-06
55,128,1.0,1.4466389e-06
55,128,2.0,8.793999e-07
55,128,3.0,4.4327155e-09
55,128,4.0,0.0
55,128,5.0,0.0
55,128,6.0,0.0
55,128,7.0,0.0
55,128,8.0,0.0
55,128,9.0,0.0
55,128,10.0,5.794254e-07
55,128,11.0,1.6534673e-06
55,128,12.0,9.60948e-08
55,128,13.0,0.0
55,128,14.0,0.0
55,129,0.0,3.3428446e-06
55,129,1.0,1.2338699e-06
55,129,2.0,1.9743563e-06
55,129,3.0,3.7508793e-10
55,129,4.0,0.0
55,129,5.0,0.0
55,129,6.0,0.0
55,129,7.0,0.0
55,129,8.0,0.0
55,129,9.0,0.0
55,129,10.0,8.634882e-09
55,129,11.0,0.0
55,129,12.0,0.0
55,129,13.0,0.0
55,129,14.0,3.4674063e-08
55,130,0.0,0.0
55,130,1.0,0.0
55,130,2.0,0.0
55,130,3.0,0.0
55,130,4.0,0.0
55,130,5.0,0.0
55,130,6.0,0.0
55,130,7.0,0.0
55,130,8.0,4.44333e-09
55,130,9.0,0.0
55,130,10.0,0.0
55,130,11.0,0.0
55,130,12.0,3.5121835e-07
55,130,13.0,2.4204696e-11
55,130,14.0,0.0
55,131,0.0,0.0
55,131,1.0,0.0
55,131,2.0,0.0
55,131,3.0,7.455136e-08
55,131,4.0,0.0
55,131,5.0,1.0152282e-08
55,131,6.0,8.421659e-07
55,131,7.0,2.075614e-06
55,131,8.0,1.465174e-06
55,131,9.0,1.531695e-05
55,131,10.0,6.081496e-06
55,131,11.0,1.328989e-06
55,131,12.0,1.90619e-07
55,131,13.0,0.0
55,131,14.0,0.0
55,132,0.0,0.0
55,132,1.0,0.0
55,132,2.0,0.0
55,132,3.0,1.4768528e-06
55,132,4.0,1.6163727e-06
55,132,5.0,4.9473533e-07
55,132,6.0,2.2303918e-06
55,132,7.0,1.50319875e-05
55,132,8.0,6.1750404e-07
55,132,9.0,0.0
55,132,10.0,3.1626677e-11
55,132,11.0,0.0
55,132,12.0,0.0
55,132,13.0,0.0
55,132,14.0,0.0
55,133,0.0,1.2415319e-07
55,133,1.0,0.0
55,133,2.0,2.4505187e-06
55,133,3.0,5.02814e-06
55,133,4.0,2.649047e-07
55,133,5.0,1.8976201e-06
55,133,6.0,1.207835e-05
55,133,7.0,2.3905593e-05
55,133,8.0,6.6852575e-05
55,133,9.0,4.118841e-05
55,133,10.0,1.5688305e-05
55,133,11.0,6.4883316e-06
55,133,12.0,0.00013692498
55,133,13.0,0.00025866536
55,133,14.0,0.00017828292
55,134,0.0,1.4752271e-06
55,134,1.0,3.3473534e-05
55,134,2.0,9.3437346e-05
55,134,3.0,7.474437e-05
55,134,4.0,0.00010398497
55,134,5.0,0.0002083552
55,134,6.0,0.00036180767
55,134,7.0,0.0004178795
55,134,8.0,0.00040057147
55,134,9.0,0.0005255434
55,134,10.0,0.00048966234
55,134,11.0,0.00067655684
55,134,12.0,0.0017271005
55,134,13.0,0.0017063266
55,134,14.0,0.0016764606
55,135,0.0,5.386699e-05
55,135,1.0,0.0002995746
55,135,2.0,0.00039281757
55,135,3.0,0.00050697644
55,135,4.0,0.0011159815
55,135,5.0,0.0018294709
55,135,6.0,0.0017799684
55,135,7.0,0.0015997054
55,135,8.0,0.001541677
55,135,9.0,0.0017124298
55,135,10.0,0.0021655317
55,135,11.0,0.0026367186
55,135,12.0,0.0043754056
55,135,13.0,0.0072214464
55,135,14.0,0.0067320084
55,136,0.0,0.0013106801
55,136,1.0,0.00304935
55,136,2.0,0.00547397
55,136,3.0,0.0066787926
55,136,4.0,0.009973583
55,136,5.0,0.009773915
55,136,6.0,0.009058977
55,136,7.0,0.009444834
55,136,8.0,0.009553442
55,136,9.0,0.015545857
55,136,10.0,0.020576738
55,136,11.0,0.031082764
55,136,12.0,0.036143344
55,136,13.0,0.037678868
55,136,14.0,0.035417564
55,137,0.0,0.019378116
55,137,1.0,0.027361166
55,137,2.0,0.040057857
55,137,3.0,0.049051102
55,137,4.0,0.059957866
55,137,5.0,0.0651761
55,137,6.0,0.067075774
55,137,7.0,0.069458775
55,137,8.0,0.076559
55,137,9.0,0.08888665
55,137,10.0,0.10065525
55,137,11.0,0.10967427
55,137,12.0,0.11709041
55,137,13.0,0.12110893
55,137,14.0,0.12557621
55,138,0.0,0.070511684
55,138,1.0,0.095828705
55,138,2.0,0.12692738
55,138,3.0,0.15895529
55,138,4.0,0.18637834
55,138,5.0,0.20626114
55,138,6.0,0.21885006
55,138,7.0,0.22293563
55,138,8.0,0.22662471
55,138,9.0,0.23857848
55,138,10.0,0.26169443
55,138,11.0,0.2718977
55,138,12.0,0.2742098
55,138,13.0,0.2680282
55,138,14.0,0.25933805
55,139,0.0,0.2053342
55,139,1.0,0.24048601
55,139,2.0,0.2864436
55,139,3.0,0.3242181
55,139,4.0,0.3576799
55,139,5.0,0.36833557
55,139,6.0,0.37490264
55,139,7.0,0.36992022
55,139,8.0,0.3810384
55,139,9.0,0.39182118
55,139,10.0,0.40786883
55,139,11.0,0.41382265
55,139,12.0,0.40674883
55,139,13.0,0.38191906
55,139,14.0,0.37072194
55,140,0.0,0.36206332
55,140,1.0,0.38019708
55,140,2.0,0.41222042
55,140,3.0,0.4444152
55,140,4.0,0.46377888
55,140,5.0,0.46618843
55,140,6.0,0.46523276
55,140,7.0,0.46806985
55,140,8.0,0.4677585
55,140,9.0,0.44940925
55,140,10.0,0.44521073
55,140,11.0,0.45592588
55,140,12.0,0.47280878
55,140,13.0,0.41783407
55,140,14.0,0.360214
55,141,0.0,0.5148282
55,141,1.0,0.49930054
55,141,2.0,0.5052752
55,141,3.0,0.5036735
55,141,4.0,0.48411903
55,141,5.0,0.47311264
55,141,6.0,0.4628092
55,141,7.0,0.4668957
55,141,8.0,0.44624963
55,141,9.0,0.41120037
55,141,10.0,0.3785402
55,141,11.0,0.35657036
55,141,12.0,0.34941855
55,141,13.0,0.3402728
55,141,14.0,0.3063005
55,142,0.0,0.40088505
55,142,1.0,0.37497437
55,142,2.0,0.37458465
55,142,3.0,0.3441176
55,142,4.0,0.31442222
55,142,5.0,0.29474127
55,142,6.0,0.28344104
55,142,7.0,0.27980953
55,142,8.0,0.25945032
55,142,9.0,0.23346797
55,142,10.0,0.20671844
55,142,11.0,0.19499075
55,142,12.0,0.19326852
55,142,13.0,0.19261529
55,142,14.0,0.18613948
55,143,0.0,0.22057728
55,143,1.0,0.18568929
55,143,2.0,0.16145286
55,143,3.0,0.13759276
55,143,4.0,0.11955688
55,143,5.0,0.108898744
55,143,6.0,0.10302796
55,143,7.0,0.09709893
55,143,8.0,0.08648208
55,143,9.0,0.07561092
55,143,10.0,0.066815645
55,143,11.0,0.06348993
55,143,12.0,0.065888025
55,143,13.0,0.06866842
55,143,14.0,0.06237508
55,144,0.0,0.08098544
55,144,1.0,0.055351194
55,144,2.0,0.053415958
55,144,3.0,0.047331948
55,144,4.0,0.037393037
55,144,5.0,0.033181645
55,144,6.0,0.02783756
55,144,7.0,0.02407492
55,144,8.0,0.024232658
55,144,9.0,0.019135559
55,144,10.0,0.016201716
55,144,11.0,0.014500406
55,144,12.0,0.017828757
55,144,13.0,0.020062279
55,144,14.0,0.018034505
55,145,0.0,0.018020833
55,145,1.0,0.016135236
55,145,2.0,0.012213774
55,145,3.0,0.0101905605
55,145,4.0,0.009675059
55,145,5.0,0.007010674
55,145,6.0,0.0062097954
55,145,7.0,0.0053994176
55,145,8.0,0.004225946
55,145,9.0,0.003423418
55,145,10.0,0.0032922726
55,145,11.0,0.0037099598
55,145,12.0,0.0045557586
55,145,13.0,0.003650784
55,145,14.0,0.004197573
55,146,0.0,0.0032407648
55,146,1.0,0.0026770222
55,146,2.0,0.0020981345
55,146,3.0,0.0017610944
55,146,4.0,0.0012030512
55,146,5.0,0.0010350778
55,146,6.0,0.00095839816
55,146,7.0,0.00074531185
55,146,8.0,0.0007807245
55,146,9.0,0.00043923449
55,146,10.0,0.00042710855
55,146,11.0,0.0005046527
55,146,12.0,0.00052246975
55,146,13.0,0.00046404463
55,146,14.0,0.0004497701
55,147,0.0,0.00025454944
55,147,1.0,0.00016119218
55,147,2.0,0.00013195064
55,147,3.0,2.6961809e-05
55,147,4.0,1.1069816e-05
55,147,5.0,2.1361016e-05
55,147,6.0,6.404054e-05
55,147,7.0,7.978719e-05
55,147,8.0,8.896597e-05
55,147,9.0,4.640229e-05
55,147,10.0,2.3901945e-05
55,147,11.0,1.1935765e-05
55,147,12.0,9.552834e-06
55,147,13.0,4.613533e-06
55,147,14.0,1.3900219e-05
55,148,0.0,1.8040768e-05
55,148,1.0,6.585265e-06
55,148,2.0,4.6558534e-06
55,148,3.0,3.3584587e-07
55,148,4.0,6.1084535e-07
55,148,5.0,4.5945205e-07
55,148,6.0,0.0
55,148,7.0,0.0
55,148,8.0,0.0
55,148,9.0,0.0
55,148,10.0,0.0
55,148,11.0,0.0
55,148,12.0,1.0716675e-08
55,148,13.0,0.0
55,148,14.0,0.0
55,149,0.0,7.804079e-08
55,149,1.0,0.0
55,149,2.0,0.0
55,149,3.0,0.0
55,149,4.0,0.0
55,149,5.0,0.0
55,149,6.0,1.7704512e-07
55,149,7.0,8.262475e-09
55,149,8.0,0.0
55,149,9.0,0.0
55,149,10.0,0.0
55,149,11.0,0.0
55,149,12.0,0.0
55,149,13.0,0.0
55,149,14.0,6.901707e-07
55,150,0.0,0.0
55,150,1.0,0.0
55,150,2.0,0.0
55,150,3.0,0.0
55,150,4.0,0.0
55,150,5.0,1.11737135e-08
55,150,6.0,2.2512874e-07
55,150,7.0,1.2983919e-06
55,150,8.0,5.026771e-07
55,150,9.0,0.0
55,150,10.0,1.445297e-07
55,150,11.0,8.01845e-08
55,150,12.0,0.0
55,150,13.0,4.84833e-08
55,150,14.0,9.016649e-09
55,151,0.0,4.0997766e-06
55,151,1.0,0.0
55,151,2.0,0.0
55,151,3.0,0.0
55,151,4.0,0.0
55,151,5.0,0.0
55,151,6.0,0.0
55,151,7.0,0.0
55,151,8.0,0.0
55,151,9.0,0.0
55,151,10.0,0.0
55,151,11.0,6.101006e-07
55,151,12.0,1.325746e-07
55,151,13.0,2.5893867e-09
55,151,14.0,5.6725042e-09
55,152,0.0,3.0141139e-06
55,152,1.0,7.0516593e-09
55,152,2.0,1.2569796e-08
55,152,3.0,0.0
55,152,4.0,0.0
55,152,5.0,0.0
55,152,6.0,3.3571081e-09
55,152,7.0,2.46721e-07
55,152,8.0,0.0
55,152,9.0,0.0
55,152,10.0,4.4383377e-09
55,152,11.0,1.5997898e-06
55,152,12.0,3.9622424e-07
55,152,13.0,1.1917383e-06
55,152,14.0,5.7505786e-06
56,131,0.0,0.0
56,131,1.0,0.0
56,131,2.0,7.7313744e-10
56,131,3.0,3.252152e-09
56,131,4.0,2.1436895e-08
56,131,5.0,9.7347666e-08
56,131,6.0,0.0
56,131,7.0,0.0
56,131,8.0,1.2447024e-06
56,131,9.0,7.067157e-07
56,131,10.0,1.1754953e-06
56,131,11.0,5.0087365e-08
56,131,12.0,0.0
56,131,13.0,5.4110707e-09
56,131,14.0,2.173011e-08
56,132,0.0,0.0
56,132,1.0,0.0
56,132,2.0,0.0
56,132,3.0,0.0
56,132,4.0,0.0
56,132,5.0,0.0
56,132,6.0,7.349096e-07
56,132,7.0,5.5960385e-07
56,132,8.0,9.125195e-07
56,132,9.0,0.0
56,132,10.0,0.0
56,132,11.0,3.4301547e-07
56,132,12.0,0.0
56,132,13.0,0.0
56,132,14.0,0.0
56,133,0.0,0.0
56,133,1.0,1.331512e-07
56,133,2.0,9.985657e-07
56,133,3.0,0.0
56,133,4.0,0.0
56,133,5.0,0.0
56,133,6.0,0.0
56,133,7.0,0.0
56,133,8.0,0.0
56,133,9.0,0.0
56,133,10.0,0.0
56,133,11.0,5.613605e-07
56,133,12.0,1.0189627e-08
56,133,13.0,1.15695215e-07
56,133,14.0,1.3099533e-07
56,134,0.0,0.0
56,134,1.0,0.0
56,134,2.0,0.0
56,134,3.0,5.6290318e-08
56,134,4.0,3.2177348e-07
56,134,5.0,0.0
56,134,6.0,0.0
56,134,7.0,1.1065694e-09
56,134,8.0,1.8945656e-06
56,134,9.0,1.3946095e-06
56,134,10.0,5.9296973e-08
56,134,11.0,1.952128e-06
56,134,12.0,9.700733e-07
56,134,13.0,1.6206751e-06
56,134,14.0,7.2964804e-06
56,135,0.0,0.0
56,135,1.0,0.0
56,135,2.0,1.3944437e-05
56,135,3.0,3.1867744e-06
56,135,4.0,0.0
56,135,5.0,1.0456856e-07
56,135,6.0,1.1154614e-06
56,135,7.0,4.6313593e-07
56,135,8.0,6.201361e-10
56,135,9.0,1.2596776e-06
56,135,10.0,1.0950665e-05
56,135,11.0,4.1966596e-05
56,135,12.0,5.5491557e-05
56,135,13.0,3.8751612e-05
56,135,14.0,3.5108107e-05
56,136,0.0,1.1908026e-05
56,136,1.0,2.1728775e-08
56,136,2.0,0.0
56,136,3.0,0.0
56,136,4.0,2.4108126e-06
56,136,5.0,1.7296357e-05
56,136,6.0,4.7372927e-05
56,136,7.0,4.9199196e-05
56,136,8.0,4.85321e-05
56,136,9.0,6.613198e-05
56,136,10.0,0.00010385986
56,136,11.0,0.00031636847
56,136,12.0,0.00015968578
56,136,13.0,0.00014247608
56,136,14.0,0.00032563187
56,137,0.0,8.03522e-05
56,137,1.0,5.325752e-05
56,137,2.0,0.00014741338
56,137,3.0,0.00028320914
56,137,4.0,0.0005722298
56,137,5.0,0.0008058717
56,137,6.0,0.0010721713
56,137,7.0,0.0011591847
56,137,8.0,0.0013180531
56,137,9.0,0.0017933171
56,137,10.0,0.001788017
56,137,11.0,0.0031918504
56,137,12.0,0.0051437267
56,137,13.0,0.0049127596
56,137,14.0,0.0039033452
56,138,0.0,0.0015103602
56,138,1.0,0.0019092862
56,138,2.0,0.0033535126
56,138,3.0,0.0044954442
56,138,4.0,0.0060610045
56,138,5.0,0.007394484
56,138,6.0,0.00723596
56,138,7.0,0.008407519
56,138,8.0,0.009837581
56,138,9.0,0.012801976
56,138,10.0,0.015410651
56,138,11.0,0.01709692
56,138,12.0,0.015034212
56,138,13.0,0.016659038
56,138,14.0,0.018008357
56,139,0.0,0.014275015
56,139,1.0,0.016791454
56,139,2.0,0.018260915
56,139,3.0,0.02151818
56,139,4.0,0.027327012
56,139,5.0,0.033422425
56,139,6.0,0.03901211
56,139,7.0,0.04432073
56,139,8.0,0.048660055
56,139,9.0,0.048657525
56,139,10.0,0.04549324
56,139,11.0,0.05020915
56,139,12.0,0.056430403
56,139,13.0,0.063953616
56,139,14.0,0.07287285
56,140,0.0,0.07541903
56,140,1.0,0.07781834
56,140,2.0,0.08615213
56,140,3.0,0.099451415
56,140,4.0,0.1093427
56,140,5.0,0.11481471
56,140,6.0,0.11930246
56,140,7.0,0.12559709
56,140,8.0,0.12994117
56,140,9.0,0.13448486
56,140,10.0,0.13658786
56,140,11.0,0.14224438
56,140,12.0,0.1489526
56,140,13.0,0.14935246
56,140,14.0,0.16693434
56,141,0.0,0.21492028
56,141,1.0,0.22029483
56,141,2.0,0.22247127
56,141,3.0,0.22479801
56,141,4.0,0.23030932
56,141,5.0,0.24644876
56,141,6.0,0.2698481
56,141,7.0,0.28524897
56,141,8.0,0.2877374
56,141,9.0,0.2842215
56,141,10.0,0.26260224
56,141,11.0,0.26456878
56,141,12.0,0.28406247
56,141,13.0,0.27799654
56,141,14.0,0.273102
56,142,0.0,0.4660211
56,142,1.0,0.46267533
56,142,2.0,0.42089406
56,142,3.0,0.3973131
56,142,4.0,0.39237124
56,142,5.0,0.39754978
56,142,6.0,0.40442306
56,142,7.0,0.41271678
56,142,8.0,0.4245097
56,142,9.0,0.4103615
56,142,10.0,0.38201064
56,142,11.0,0.39184433
56,142,12.0,0.4110791
56,142,13.0,0.4153734
56,142,14.0,0.40250367
56,143,0.0,0.6405024
56,143,1.0,0.57291603
56,143,2.0,0.49238065
56,143,3.0,0.47364
56,143,4.0,0.4571412
56,143,5.0,0.44180915
56,143,6.0,0.42026955
56,143,7.0,0.41920418
56,143,8.0,0.41080913
56,143,9.0,0.3859746
56,143,10.0,0.3750609
56,143,11.0,0.36019364
56,143,12.0,0.35759374
56,143,13.0,0.36771265
56,143,14.0,0.3794331
56,144,0.0,0.59988004
56,144,1.0,0.4961976
56,144,2.0,0.41389155
56,144,3.0,0.34786597
56,144,4.0,0.30904844
56,144,5.0,0.28788072
56,144,6.0,0.28707898
56,144,7.0,0.30495745
56,144,8.0,0.30086103
56,144,9.0,0.28546318
56,144,10.0,0.24592964
56,144,11.0,0.2045656
56,144,12.0,0.19352138
56,144,13.0,0.20170805
56,144,14.0,0.21094653
56,145,0.0,0.3324679
56,145,1.0,0.267096
56,145,2.0,0.19410525
56,145,3.0,0.16018136
56,145,4.0,0.14193377
56,145,5.0,0.12770076
56,145,6.0,0.12629014
56,145,7.0,0.12982416
56,145,8.0,0.13283506
56,145,9.0,0.12552401
56,145,10.0,0.10134496
56,145,11.0,0.08033204
56,145,12.0,0.07353599
56,145,13.0,0.07920273
56,145,14.0,0.08442712
56,146,0.0,0.1336447
56,146,1.0,0.094119966
56,146,2.0,0.07294828
56,146,3.0,0.064150274
56,146,4.0,0.05122613
56,146,5.0,0.043693937
56,146,6.0,0.040565792
56,146,7.0,0.042531114
56,146,8.0,0.04921
56,146,9.0,0.044888318
56,146,10.0,0.034287702
56,146,11.0,0.025918404
56,146,12.0,0.022200631
56,146,13.0,0.022836877
56,146,14.0,0.027035693
56,147,0.0,0.041962594
56,147,1.0,0.02826462
56,147,2.0,0.020045912
56,147,3.0,0.015868012
56,147,4.0,0.013015002
56,147,5.0,0.009917327
56,147,6.0,0.0106058745
56,147,7.0,0.0111336615
56,147,8.0,0.013241374
56,147,9.0,0.01274465
56,147,10.0,0.010238728
56,147,11.0,0.005740268
56,147,12.0,0.0051012165
56,147,13.0,0.004834118
56,147,14.0,0.0054095048
56,148,0.0,0.0067345593
56,148,1.0,0.0065375925
56,148,2.0,0.004281307
56,148,3.0,0.0029373209
56,148,4.0,0.002402702
56,148,5.0,0.002091241
56,148,6.0,0.0016617881
56,148,7.0,0.0021016693
56,148,8.0,0.0020275102
56,148,9.0,0.0028902995
56,148,10.0,0.0016808612
56,148,11.0,0.0016095036
56,148,12.0,0.001050669
56,148,13.0,0.0006587075
56,148,14.0,0.0007008893
56,149,0.0,0.0017643671
56,149,1.0,0.00051766593
56,149,2.0,0.000162632
56,149,3.0,0.00012221473
56,149,4.0,9.6348944e-05
56,149,5.0,7.568972e-05
56,149,6.0,4.867729e-05
56,149,7.0,0.00010854067
56,149,8.0,0.00023464617
56,149,9.0,0.00018397316
56,149,10.0,5.936824e-05
56,149,11.0,0.00014284861
56,149,12.0,0.00011949289
56,149,13.0,0.00013623257
56,149,14.0,0.00016143595
56,150,0.0,2.9798744e-05
56,150,1.0,2.1353586e-05
56,150,2.0,3.6378005e-05
56,150,3.0,4.789973e-05
56,150,4.0,4.4487766e-05
56,150,5.0,1.9128121e-05
56,150,6.0,1.8006658e-05
56,150,7.0,1.8670964e-05
56,150,8.0,1.1960695e-05
56,150,9.0,1.4659794e-05
56,150,10.0,1.4959194e-05
56,150,11.0,2.2075726e-06
56,150,12.0,4.4983448e-10
56,150,13.0,3.6797137e-06
56,150,14.0,1.1145639e-05
56,151,0.0,0.0
56,151,1.0,0.0
56,151,2.0,9.2328006e-10
56,151,3.0,0.0
56,151,4.0,5.522684e-14
56,151,5.0,2.0776645e-09
56,151,6.0,0.0
56,151,7.0,0.0
56,151,8.0,5.515978e-09
56,151,9.0,5.305011e-08
56,151,10.0,0.0
56,151,11.0,0.0
56,151,12.0,0.0
56,151,13.0,3.1330478e-07
56,151,14.0,1.2227383e-06
56,152,0.0,0.0
56,152,1.0,0.0
56,152,2.0,4.882617e-07
56,152,3.0,1.9695693e-07
56,152,4.0,7.408487e-08
56,152,5.0,0.0
56,152,6.0,0.0
56,152,7.0,0.0
56,152,8.0,0.0
56,152,9.0,7.190432e-06
56,152,10.0,6.6755194e-07
56,152,11.0,5.8051846e-08
56,152,12.0,1.5231659e-07
56,152,13.0,6.666477e-07
56,152,14.0,2.179472e-06
56,153,0.0,3.6913725e-09
56,153,1.0,1.9574272e-06
56,153,2.0,8.913442e-06
56,153,3.0,1.2043726e-06
56,153,4.0,1.4580873e-08
56,153,5.0,0.0
56,153,6.0,5.4758486e-11
56,153,7.0,2.308879e-07
56,153,8.0,1.1158851e-08
56,153,9.0,0.0
56,153,10.0,0.0
56,153,11.0,1.1937967e-05
56,153,12.0,3.4872726e-06
56,153,13.0,3.7965099e-06
56,153,14.0,3.3114661e-06
56,154,0.0,5.9446936e-09
56,154,1.0,2.872596e-06
56,154,2.0,3.4219204e-06
56,154,3.0,1.1297028e-05
56,154,4.0,2.044611e-06
56,154,5.0,1.2765526e-06
56,154,6.0,2.8138803e-07
56,154,7.0,5.652766e-07
56,154,8.0,1.1448788e-06
56,154,9.0,1.5893914e-06
56,154,10.0,5.637876e-10
56,154,11.0,2.507255e-06
56,154,12.0,7.804661e-06
56,154,13.0,5.5991075e-07
56,154,14.0,2.4113626e-07
57,133,0.0,6.726322e-11
57,133,1.0,0.0
57,133,2.0,1.5588139e-08
57,133,3.0,7.0159696e-09
57,133,4.0,0.0
57,133,5.0,4.5631854e-08
57,133,6.0,3.2963843e-08
57,133,7.0,2.945424e-07
57,133,8.0,7.7324427e-07
57,133,9.0,1.4227204e-07
57,133,10.0,1.5248463e-06
57,133,11.0,4.5236715e-07
57,133,12.0,5.3143384e-07
57,133,13.0,8.973519e-09
57,133,14.0,5.327068e-09
57,134,0.0,2.388811e-10
57,134,1.0,2.303684e-07
57,134,2.0,0.0
57,134,3.0,0.0
57,134,4.0,1.9431498e-14
57,134,5.0,4.515931e-09
57,134,6.0,2.2678384e-07
57,134,7.0,1.6312421e-07
57,134,8.0,8.529964e-07
57,134,9.0,2.6360712e-07
57,134,10.0,9.785318e-08
57,134,11.0,8.780564e-10
57,134,12.0,9.1134005e-08
57,134,13.0,2.3703414e-07
57,134,14.0,3.3070538e-07
57,135,0.0,0.0
57,135,1.0,0.0
57,135,2.0,4.9791286e-08
57,135,3.0,1.3376321e-08
57,135,4.0,5.1661843e-08
57,135,5.0,7.7536845e-07
57,135,6.0,1.6828398e-08
57,135,7.0,0.0
57,135,8.0,0.0
57,135,9.0,9.581737e-08
57,135,10.0,7.334933e-07
57,135,11.0,1.0503555e-07
57,135,12.0,8.533638e-07
57,135,13.0,1.5601805e-06
57,135,14.0,7.964864e-10
57,136,0.0,0.0
57,136,1.0,2.8693492e-09
57,136,2.0,4.276909e-07
57,136,3.0,8.095597e-07
57,136,4.0,4.6885953e-09
57,136,5.0,0.0
57,136,6.0,0.0
57,136,7.0,5.6145495e-08
57,136,8.0,6.5109003e-07
57,136,9.0,5.30162e-06
57,136,10.0,2.1455114e-06
57,136,11.0,1.0532409e-06
57,136,12.0,1.468359e-07
57,136,13.0,0.0
57,136,14.0,3.7261234e-09
57,137,0.0,1.6235965e-06
57,137,1.0,0.0
57,137,2.0,4.7957593e-10
57,137,3.0,0.0
57,137,4.0,0.0
57,137,5.0,0.0
57,137,6.0,2.9048758e-07
57,137,7.0,1.1674399e-06
57,137,8.0,1.18654675e-07
57,137,9.0,3.8644245e-14
57,137,10.0,1.5749796e-06
57,137,11.0,6.189918e-08
57,137,12.0,6.816132e-07
57,137,13.0,9.902849e-06
57,137,14.0,1.6766448e-06
57,138,0.0,3.9078344e-08
57,138,1.0,9.585865e-09
57,138,2.0,1.0664997e-06
57,138,3.0,5.0834296e-07
57,138,4.0,3.460561e-07
57,138,5.0,1.0642267e-06
57,138,6.0,2.344736e-06
57,138,7.0,1.1706605e-05
57,138,8.0,6.4804008e-06
57,138,9.0,3.1353081e-06
57,138,10.0,2.1387474e-05
57,138,11.0,4.465999e-05
57,138,12.0,9.105423e-05
57,138,13.0,7.6034856e-05
57,138,14.0,8.240755e-05
57,139,0.0,4.9263867e-06
57,139,1.0,5.27389e-07
57,139,2.0,2.5189775e-07
57,139,3.0,8.180426e-07
57,139,4.0,2.1515456e-05
57,139,5.0,0.00010257872
57,139,6.0,0.00030329693
57,139,7.0,0.0002560723
57,139,8.0,0.0001704975
57,139,9.0,0.00020627903
57,139,10.0,0.00029368384
57,139,11.0,0.0004779211
57,139,12.0,0.00072920206
57,139,13.0,0.0005932769
57,139,14.0,0.0004278912
57,140,0.0,0.0005465537
57,140,1.0,0.00026449066
57,140,2.0,0.00046623684
57,140,3.0,0.0007384622
57,140,4.0,0.00091033435
57,140,5.0,0.001279633
57,140,6.0,0.0015545012
57,140,7.0,0.0016397948
57,140,8.0,0.0016639285
57,140,9.0,0.0023073882
57,140,10.0,0.0026580465
57,140,11.0,0.0032745989
57,140,12.0,0.0056437175
57,140,13.0,0.0043272967
57,140,14.0,0.0042433487
57,141,0.0,0.004414706
57,141,1.0,0.0029993
57,141,2.0,0.0049035004
57,141,3.0,0.004821651
57,141,4.0,0.0059053046
57,141,5.0,0.007412638
57,141,6.0,0.0094796205
57,141,7.0,0.011739002
57,141,8.0,0.012746359
57,141,9.0,0.0160982
57,141,10.0,0.016906938
57,141,11.0,0.017267171
57,141,12.0,0.016656112
57,141,13.0,0.019653665
57,141,14.0,0.020831548
57,142,0.0,0.018273465
57,142,1.0,0.018422924
57,142,2.0,0.024841841
57,142,3.0,0.029641801
57,142,4.0,0.036440995
57,142,5.0,0.039086577
57,142,6.0,0.04327209
57,142,7.0,0.047553882
57,142,8.0,0.05028426
57,142,9.0,0.05311942
57,142,10.0,0.052982893
57,142,11.0,0.050555456
57,142,12.0,0.061518956
57,142,13.0,0.07054517
57,142,14.0,0.071631126
57,143,0.0,0.07581993
57,143,1.0,0.076251924
57,143,2.0,0.081513375
57,143,3.0,0.09083685
57,143,4.0,0.10655436
57,143,5.0,0.112002715
57,143,6.0,0.11313823
57,143,7.0,0.11636072
57,143,8.0,0.122056074
57,143,9.0,0.11776296
57,143,10.0,0.12949821
57,143,11.0,0.12984033
57,143,12.0,0.14166032
57,143,13.0,0.15291062
57,143,14.0,0.15335225
57,144,0.0,0.160948
57,144,1.0,0.17113534
57,144,2.0,0.16936961
57,144,3.0,0.1786642
57,144,4.0,0.1843657
57,144,5.0,0.19728264
57,144,6.0,0.22347474
57,144,7.0,0.23860747
57,144,8.0,0.22761098
57,144,9.0,0.22798826
57,144,10.0,0.21996322
57,144,11.0,0.24058908
57,144,12.0,0.2625939
57,144,13.0,0.2576877
57,144,14.0,0.2546854
57,145,0.0,0.3185697
57,145,1.0,0.27733812
57,145,2.0,0.26243618
57,145,3.0,0.26245168
57,145,4.0,0.25729373
57,145,5.0,0.2704014
57,145,6.0,0.27927244
57,145,7.0,0.2618081
57,145,8.0,0.2627436
57,145,9.0,0.24609603
57,145,10.0,0.24080724
57,145,11.0,0.2427762
57,145,12.0,0.24626304
57,145,13.0,0.2410364
57,145,14.0,0.22929625
57,146,0.0,0.26292285
57,146,1.0,0.23368596
57,146,2.0,0.21500109
57,146,3.0,0.19978602
57,146,4.0,0.20741853
57,146,5.0,0.20617485
57,146,6.0,0.20567086
57,146,7.0,0.20316327
57,146,8.0,0.19581544
57,146,9.0,0.18687141
57,146,10.0,0.17575778
57,146,11.0,0.16988029
57,146,12.0,0.17125884
57,146,13.0,0.16466236
57,146,14.0,0.1533976
57,147,0.0,0.15448037
57,147,1.0,0.14487837
57,147,2.0,0.13705453
57,147,3.0,0.14494708
57,147,4.0,0.13261408
57,147,5.0,0.12506162
57,147,6.0,0.12198745
57,147,7.0,0.12071613
57,147,8.0,0.11225914
57,147,9.0,0.11208011
57,147,10.0,0.09961219
57,147,11.0,0.088823594
57,147,12.0,0.078048535
57,147,13.0,0.08059293
57,147,14.0,0.082150295
57,148,0.0,0.05991476
57,148,1.0,0.06462416
57,148,2.0,0.07053915
57,148,3.0,0.06096258
57,148,4.0,0.059525695
57,148,5.0,0.048808347
57,148,6.0,0.044702325
57,148,7.0,0.04054247
57,148,8.0,0.040688798
57,148,9.0,0.03431897
57,148,10.0,0.03944503
57,148,11.0,0.033117045
57,148,12.0,0.026528949
57,148,13.0,0.026229905
57,148,14.0,0.024082309
57,149,0.0,0.019744396
57,149,1.0,0.020411214
57,149,2.0,0.020404719
57,149,3.0,0.022242403
57,149,4.0,0.024092004
57,149,5.0,0.0167496
57,149,6.0,0.016692251
57,149,7.0,0.013140761
57,149,8.0,0.010249157
57,149,9.0,0.012077649
57,149,10.0,0.01569965
57,149,11.0,0.012970713
57,149,12.0,0.010795586
57,149,13.0,0.008236866
57,149,14.0,0.0061603403
57,150,0.0,0.004763499
57,150,1.0,0.0076146047
57,150,2.0,0.006536233
57,150,3.0,0.0049425797
57,150,4.0,0.0044557424
57,150,5.0,0.0034353163
57,150,6.0,0.0022922736
57,150,7.0,0.0019125867
57,150,8.0,0.0020755893
57,150,9.0,0.002235399
57,150,10.0,0.0019393875
57,150,11.0,0.0028577277
57,150,12.0,0.0017011183
57,150,13.0,0.0008295079
57,150,14.0,0.00080266263
57,151,0.0,0.000672765
57,151,1.0,0.0008769058
57,151,2.0,0.0006997705
57,151,3.0,0.0006457098
57,151,4.0,0.00060176494
57,151,5.0,0.00022901999
57,151,6.0,0.00024289095
57,151,7.0,0.00017623058
57,151,8.0,0.00016463533
57,151,9.0,0.00026732197
57,151,10.0,0.00054999895
57,151,11.0,0.00040074138
57,151,12.0,0.0003048294
57,151,13.0,0.0001145183
57,151,14.0,8.035044e-05
57,152,0.0,4.6599962e-05
57,152,1.0,0.00021590634
57,152,2.0,8.0533275e-05
57,152,3.0,4.9573304e-05
57,152,4.0,6.672568e-05
57,152,5.0,1.1107929e-05
57,152,6.0,6.1074984e-06
57,152,7.0,1.7444933e-07
57,152,8.0,5.3668176e-13
57,152,9.0,2.896103e-06
57,152,10.0,4.328488e-05
57,152,11.0,2.206259e-06
57,152,12.0,2.2583533e-09
57,152,13.0,1.1521768e-08
57,152,14.0,6.0112694e-07
57,153,0.0,0.0
57,153,1.0,0.0
57,153,2.0,1.8564685e-06
57,153,3.0,1.6964018e-09
57,153,4.0,3.476531e-07
57,153,5.0,0.0
57,153,6.0,0.0
57,153,7.0,0.0
57,153,8.0,0.0
57,153,9.0,1.1058533e-07
57,153,10.0,0.0
57,153,11.0,2.7929558e-12
57,153,12.0,0.0
57,153,13.0,0.0
57,153,14.0,0.0
57,154,0.0,0.0
57,154,1.0,2.664921e-06
57,154,2.0,1.2569904e-05
57,154,3.0,1.0924348e-05
57,154,4.0,2.1484311e-06
57,154,5.0,1.1278171e-06
57,154,6.0,0.0
57,154,7.0,0.0
57,154,8.0,0.0
57,154,9.0,0.0
57,154,10.0,3.2100463e-08
57,154,11.0,2.2234302e-07
57,154,12.0,0.0
57,154,13.0,0.0
57,154,14.0,0.0
57,155,0.0,6.543944e-07
57,155,1.0,6.256416e-06
57,155,2.0,2.3196426e-06
57,155,3.0,1.431248e-05
57,155,4.0,3.5622425e-06
57,155,5.0,8.396087e-06
57,155,6.0,2.887467e-06
57,155,7.0,1.4042921e-06
57,155,8.0,3.3955513e-07
57,155,9.0,0.0
57,155,10.0,2.0042536e-07
57,155,11.0,4.1321965e-08
57,155,12.0,3.2810638e-07
57,155,13.0,6.671074e-06
57,155,14.0,8.951518e-07
57,156,0.0,0.0
57,156,1.0,0.0
57,156,2.0,0.0
57,156,3.0,0.0
57,156,4.0,3.5964608e-06
57,156,5.0,1.6349253e-06
57,156,6.0,6.455148e-08
57,156,7.0,0.0
57,156,8.0,0.0
57,156,9.0,0.0
57,156,10.0,4.095748e-06
57,156,11.0,1.2156113e-06
57,156,12.0,0.0
57,156,13.0,2.4484414e-08
57,156,14.0,4.168664e-06
57,157,0.0,0.0
57,157,1.0,2.8113186e-07
57,157,2.0,4.5632135e-07
57,157,3.0,1.3199492e-05
57,157,4.0,1.2856304e-05
57,157,5.0,8.129352e-06
57,157,6.0,1.2279866e-06
57,157,7.0,1.5141603e-06
57,157,8.0,1.77325e-06
57,157,9.0,3.7734333e-06
57,157,10.0,3.4820962e-06
57,157,11.0,2.2382192e-06
57,157,12.0,8.617414e-06
57,157,13.0,5.3178068e-05
57,157,14.0,0.0
58,135,0.0,1.3426353e-07
58,135,1.0,0.0
58,135,2.0,3.9095144e-07
58,135,3.0,6.2985475e-07
58,135,4.0,1.07167274e-07
58,135,5.0,0.0
58,135,6.0,0.0
58,135,7.0,6.356383e-14
58,135,8.0,0.0
58,135,9.0,0.0
58,135,10.0,0.0
58,135,11.0,0.0
58,135,12.0,0.0
58,135,13.0,0.0
58,135,14.0,0.0
58,136,0.0,0.0
58,136,1.0,0.0
58,136,2.0,0.0
58,136,3.0,0.0
58,136,4.0,0.0
58,136,5.0,1.04927816e-10
58,136,6.0,1.057379e-06
58,136,7.0,1.2463983e-05
58,136,8.0,3.8313187e-06
58,136,9.0,4.6434064e-08
58,136,10.0,2.1844194e-08
58,136,11.0,3.4882685e-06
58,136,12.0,3.909464e-05
58,136,13.0,2.2765034e-05
58,136,14.0,1.7183947e-06
58,137,0.0,1.3358065e-06
58,137,1.0,0.0
58,137,2.0,0.0
58,137,3.0,0.0
58,137,4.0,0.0
58,137,5.0,2.0288408e-06
58,137,6.0,1.0838542e-05
58,137,7.0,5.123542e-06
58,137,8.0,2.322185e-07
58,137,9.0,1.4871756e-08
58,137,10.0,6.7363897e-07
58,137,11.0,0.0
58,137,12.0,0.0
58,137,13.0,3.3499177e-08
58,137,14.0,2.9400235e-10
58,138,0.0,0.0
58,138,1.0,0.0
58,138,2.0,0.0
58,138,3.0,1.5061411e-06
58,138,4.0,2.7926816e-07
58,138,5.0,2.1599572e-08
58,138,6.0,2.30736e-07
58,138,7.0,7.778765e-07
58,138,8.0,3.6966643e-08
58,138,9.0,4.5085972e-07
58,138,10.0,8.578243e-07
58,138,11.0,2.8376166e-07
58,138,12.0,8.581482e-08
58,138,13.0,5.4886016e-11
58,138,14.0,7.7611145e-07
58,139,0.0,8.735867e-09
58,139,1.0,1.2806399e-06
58,139,2.0,0.0
58,139,3.0,0.0
58,139,4.0,0.0
58,139,5.0,0.0
58,139,6.0,0.0
58,139,7.0,3.0223597e-07
58,139,8.0,2.0879152e-06
58,139,9.0,3.3078372e-06
58,139,10.0,3.5194648e-07
58,139,11.0,0.0
58,139,12.0,2.7522302e-07
58,139,13.0,2.9921816e-07
58,139,14.0,2.8366135e-06
58,140,0.0,0.0
58,140,1.0,0.0
58,140,2.0,0.0
58,140,3.0,0.0
58,140,4.0,0.0
58,140,5.0,2.2643565e-07
58,140,6.0,6.543029e-07
58,140,7.0,1.4095182e-06
58,140,8.0,7.941175e-06
58,140,9.0,2.039079e-05
58,140,10.0,5.7626214e-05
58,140,11.0,2.02981e-05
58,140,12.0,3.3785705e-05
58,140,13.0,2.8786064e-05
58,140,14.0,6.142493e-05
58,141,0.0,1.2718145e-07
58,141,1.0,0.0
58,141,2.0,0.0
58,141,3.0,3.0767387e-07
58,141,4.0,2.8707714e-06
58,141,5.0,3.3522178e-05
58,141,6.0,4.754006e-05
58,141,7.0,4.024947e-05
58,141,8.0,4.0087234e-05
58,141,9.0,0.00011948538
58,141,10.0,0.00015001025
58,141,11.0,0.0002333005
58,141,12.0,0.00027100582
58,141,13.0,0.0002824762
58,141,14.0,0.0002644206
58,142,0.0,2.0043337e-05
58,142,1.0,5.3020525e-05
58,142,2.0,8.611788e-05
58,142,3.0,0.0001075429
58,142,4.0,0.0002234019
58,142,5.0,0.00037985193
58,142,6.0,0.00037418545
58,142,7.0,0.00034234236
58,142,8.0,0.00038062164
58,142,9.0,0.0005800037
58,142,10.0,0.0009198596
58,142,11.0,0.0009365562
58,142,12.0,0.001063979
58,142,13.0,0.0012748544
58,142,14.0,0.0013216721
58,143,0.0,0.0014518898
58,143,1.0,0.0016022598
58,143,2.0,0.0017402921
58,143,3.0,0.0019679496
58,143,4.0,0.003260237
58,143,5.0,0.0038968218
58,143,6.0,0.003720929
58,143,7.0,0.0033398585
58,143,8.0,0.0037506784
58,143,9.0,0.0051370217
58,143,10.0,0.0077934274
58,143,11.0,0.008152908
58,143,12.0,0.0069045657
58,143,13.0,0.008238563
58,143,14.0,0.008063476
58,144,0.0,0.010717912
58,144,1.0,0.011333095
58,144,2.0,0.013519718
58,144,3.0,0.015556718
58,144,4.0,0.018984718
58,144,5.0,0.021056443
58,144,6.0,0.02288717
58,144,7.0,0.023331106
58,144,8.0,0.024753664
58,144,9.0,0.02715802
58,144,10.0,0.029089155
58,144,11.0,0.03690167
58,144,12.0,0.041404188
58,144,13.0,0.035510607
58,144,14.0,0.036565546
58,145,0.0,0.033077095
58,145,1.0,0.034002263
58,145,2.0,0.034671746
58,145,3.0,0.037335686
58,145,4.0,0.04018599
58,145,5.0,0.048564143
58,145,6.0,0.05489667
58,145,7.0,0.060749445
58,145,8.0,0.07005835
58,145,9.0,0.06513763
58,145,10.0,0.061128777
58,145,11.0,0.079066984
58,145,12.0,0.07429187
58,145,13.0,0.07131582
58,145,14.0,0.070536904
58,146,0.0,0.07762953
58,146,1.0,0.08393385
58,146,2.0,0.08640021
58,146,3.0,0.09062085
58,146,4.0,0.1012331
58,146,5.0,0.11315182
58,146,6.0,0.12048508
58,146,7.0,0.1259851
58,146,8.0,0.11735096
58,146,9.0,0.106064655
58,146,10.0,0.122210264
58,146,11.0,0.11843932
58,146,12.0,0.13189553
58,146,13.0,0.14254247
58,146,14.0,0.14349598
58,147,0.0,0.11346031
58,147,1.0,0.121062994
58,147,2.0,0.11248028
58,147,3.0,0.12145685
58,147,4.0,0.12383761
58,147,5.0,0.13175799
58,147,6.0,0.14055982
58,147,7.0,0.14503872
58,147,8.0,0.14472416
58,147,9.0,0.14433588
58,147,10.0,0.13742512
58,147,11.0,0.13335326
58,147,12.0,0.1436107
58,147,13.0,0.1652804
58,147,14.0,0.14761655
58,148,0.0,0.12541167
58,148,1.0,0.13248907
58,148,2.0,0.13032061
58,148,3.0,0.12922102
58,148,4.0,0.13025387
58,148,5.0,0.14184216
58,148,6.0,0.142328
58,148,7.0,0.1398514
58,148,8.0,0.13419223
58,148,9.0,0.12554505
58,148,10.0,0.12058439
58,148,11.0,0.10106669
58,148,12.0,0.102968425
58,148,13.0,0.10560028
58,148,14.0,0.098806165
58,149,0.0,0.11006768
58,149,1.0,0.100627646
58,149,2.0,0.088818826
58,149,3.0,0.093754396
58,149,4.0,0.09483465
58,149,5.0,0.09234343
58,149,6.0,0.091604635
58,149,7.0,0.079803996
58,149,8.0,0.07681053
58,149,9.0,0.07816602
58,149,10.0,0.08220741
58,149,11.0,0.08073724
58,149,12.0,0.07126028
58,149,13.0,0.060534168
58,149,14.0,0.05962807
58,150,0.0,0.063873515
58,150,1.0,0.05322831
58,150,2.0,0.05717761
58,150,3.0,0.05964435
58,150,4.0,0.06242646
58,150,5.0,0.055408213
58,150,6.0,0.04618623
58,150,7.0,0.039724294
58,150,8.0,0.03740591
58,150,9.0,0.027986078
58,150,10.0,0.025053011
58,150,11.0,0.029962495
58,150,12.0,0.03179441
58,150,13.0,0.023852982
58,150,14.0,0.021326385
58,151,0.0,0.019447954
58,151,1.0,0.026338318
58,151,2.0,0.026666064
58,151,3.0,0.021852648
58,151,4.0,0.021042915
58,151,5.0,0.017134963
58,151,6.0,0.013867581
58,151,7.0,0.010927438
58,151,8.0,0.008392787
58,151,9.0,0.006105149
58,151,10.0,0.0066995686
58,151,11.0,0.0074283867
58,151,12.0,0.006245164
58,151,13.0,0.0065773684
58,151,14.0,0.005971591
58,152,0.0,0.0035001112
58,152,1.0,0.0062410734
58,152,2.0,0.005157489
58,152,3.0,0.005945953
58,152,4.0,0.005750918
58,152,5.0,0.004247908
58,152,6.0,0.004022969
58,152,7.0,0.002497546
58,152,8.0,0.0014393855
58,152,9.0,0.0013273497
58,152,10.0,0.0010896634
58,152,11.0,0.0013563463
58,152,12.0,0.00063074427
58,152,13.0,0.00067638565
58,152,14.0,0.00045540518
58,153,0.0,0.00027876074
58,153,1.0,0.0006360942
58,153,2.0,0.0006694454
58,153,3.0,0.0007415194
58,153,4.0,0.0006341791
58,153,5.0,0.00045188892
58,153,6.0,0.00026383984
58,153,7.0,5.7666733e-05
58,153,8.0,8.283087e-05
58,153,9.0,0.00019090177
58,153,10.0,0.00021869678
58,153,11.0,0.000371989
58,153,12.0,8.108001e-05
58,153,13.0,3.0303101e-05
58,153,14.0,2.4650111e-05
58,154,0.0,0.000116508156
58,154,1.0,0.00015406664
58,154,2.0,0.0001642584
58,154,3.0,0.00024282669
58,154,4.0,0.00018894623
58,154,5.0,8.182824e-05
58,154,6.0,4.420907e-06
58,154,7.0,2.9003418e-06
58,154,8.0,1.5803404e-05
58,154,9.0,3.5772163e-07
58,154,10.0,9.726336e-06
58,154,11.0,1.527146e-05
58,154,12.0,6.2502377e-09
58,154,13.0,0.0
58,154,14.0,0.0
58,155,0.0,0.0
58,155,1.0,0.0
58,155,2.0,0.0
58,155,3.0,1.0139536e-08
58,155,4.0,7.0356223e-06
58,155,5.0,3.7039918e-06
58,155,6.0,5.056929e-09
58,155,7.0,5.1215115e-06
58,155,8.0,3.8611412e-07
58,155,9.0,0.0
58,155,10.0,0.0
58,155,11.0,0.0
58,155,12.0,3.1643696e-10
58,155,13.0,1.155657e-06
58,155,14.0,1.3956453e-07
58,156,0.0,1.5384587e-06
58,156,1.0,4.1314414e-07
58,156,2.0,0.0
58,156,3.0,0.0
58,156,4.0,2.7577705e-06
58,156,5.0,3.7637936e-05
58,156,6.0,1.6864762e-05
58,156,7.0,2.160767e-05
58,156,8.0,1.6295695e-05
58,156,9.0,1.3938312e-06
58,156,10.0,1.2135617e-06
58,156,11.0,3.6017383e-07
58,156,12.0,1.6769411e-06
58,156,13.0,6.933026e-07
58,156,14.0,1.0760847e-06
58,157,0.0,2.8212297e-09
58,157,1.0,0.0
58,157,2.0,0.0
58,157,3.0,0.0
58,157,4.0,0.0
58,157,5.0,5.1511864e-07
58,157,6.0,1.9988121e-05
58,157,7.0,5.08621e-06
58,157,8.0,1.4350043e-06
58,157,9.0,1.5492338e-07
58,157,10.0,0.0
58,157,11.0,0.0
58,157,12.0,2.7493465e-07
58,157,13.0,1.8691061e-07
58,157,14.0,0.0
58,158,0.0,0.0
58,158,1.0,0.0
58,158,2.0,0.0
58,158,3.0,0.0
58,158,4.0,2.6533606e-08
58,158,5.0,3.983819e-07
58,158,6.0,1.1622611e-06
58,158,7.0,0.0
58,158,8.0,0.0
58,158,9.0,0.0
58,158,10.0,0.0
58,158,11.0,0.0
58,158,12.0,1.6011724e-06
58,158,13.0,2.840331e-09
58,158,14.0,8.8784464e-07
58,159,0.0,1.0660507e-09
58,159,1.0,0.0
58,159,2.0,0.0
58,159,3.0,0.0
58,159,4.0,1.6113138e-06
58,159,5.0,2.1172907e-06
58,159,6.0,6.0652466e-10
58,159,7.0,2.8123642e-07
58,159,8.0,7.2447875e-08
58,159,9.0,8.9770245e-09
58,159,10.0,0.0
58,159,11.0,0.0
58,159,12.0,1.4355398e-06
58,159,13.0,4.6180535e-08
58,159,14.0,6.768592e-09
58,160,0.0,0.0
58,160,1.0,0.0
58,160,2.0,2.3665164e-07
58,160,3.0,0.0
58,160,4.0,0.0
58,160,5.0,2.0006878e-11
58,160,6.0,3.8194634e-07
58,160,7.0,0.0
58,160,8.0,9.62188e-08
58,160,9.0,1.6366576e-07
58,160,10.0,1.0002722e-06
58,160,11.0,1.12668076e-07
58,160,12.0,3.0069275e-06
58,160,13.0,1.0664801e-05
58,160,14.0,1.38261175e-05
59,138,0.0,2.443955e-09
59,138,1.0,7.704001e-08
59,138,2.0,0.0
59,138,3.0,0.0
59,138,4.0,0.0
59,138,5.0,0.0
59,138,6.0,0.0
59,138,7.0,0.0
59,138,8.0,0.0
59,138,9.0,0.0
59,138,10.0,0.0
59,138,11.0,0.0
59,138,12.0,0.0
59,138,13.0,0.0
59,138,14.0,2.0685613e-08
59,139,0.0,0.0
59,139,1.0,0.0
59,139,2.0,0.0
59,139,3.0,0.0
59,139,4.0,0.0
59,139,5.0,8.778993e-09
59,139,6.0,6.2121266e-08
59,139,7.0,9.976691e-07
59,139,8.0,7.5873604e-06
59,139,9.0,3.284682e-05
59,139,10.0,1.9670977e-05
59,139,11.0,1.0014606e-05
59,139,12.0,9.53531e-06
59,139,13.0,1.08587365e-05
59,139,14.0,5.3890753e-06
59,140,0.0,1.8313189e-06
59,140,1.0,3.1893597e-07
59,140,2.0,2.6570888e-06
59,140,3.0,8.4367e-06
59,140,4.0,4.765855e-06
59,140,5.0,4.550622e-06
59,140,6.0,2.8268607e-06
59,140,7.0,1.4959236e-06
59,140,8.0,2.2634484e-07
59,140,9.0,6.1212035e-07
59,140,10.0,5.013889e-06
59,140,11.0,6.643865e-06
59,140,12.0,8.063867e-07
59,140,13.0,9.680859e-08
59,140,14.0,1.9313084e-06
59,141,0.0,0.0
59,141,1.0,0.0
59,141,2.0,0.0
59,141,3.0,0.0
59,141,4.0,0.0
59,141,5.0,0.0
59,141,6.0,3.551429e-10
59,141,7.0,1.3756078e-08
59,141,8.0,0.0
59,141,9.0,4.0083806e-10
59,141,10.0,1.957784e-06
59,141,11.0,2.2253623e-06
59,141,12.0,1.3052396e-07
59,141,13.0,4.2742093e-07
59,141,14.0,1.609199e-06
59,142,0.0,1.4647031e-10
59,142,1.0,0.0
59,142,2.0,0.0
59,142,3.0,0.0
59,142,4.0,0.0
59,142,5.0,1.3320118e-09
59,142,6.0,3.5331843e-07
59,142,7.0,7.7930906e-07
59,142,8.0,1.1634544e-07
59,142,9.0,3.8333784e-08
59,142,10.0,3.5581986e-06
59,142,11.0,1.0430457e-05
59,142,12.0,3.6812653e-05
59,142,13.0,1.513552e-05
59,142,14.0,2.312852e-05
59,143,0.0,7.4070914e-07
59,143,1.0,4.3054225e-08
59,143,2.0,0.0
59,143,3.0,0.0
59,143,4.0,0.0
59,143,5.0,0.0
59,143,6.0,1.6041353e-08
59,143,7.0,3.1086845e-08
59,143,8.0,0.0
59,143,9.0,1.679027e-06
59,143,10.0,7.631934e-06
59,143,11.0,2.7554306e-05
59,143,12.0,7.842385e-05
59,143,13.0,8.015481e-05
59,143,14.0,9.285746e-05
59,144,0.0,2.6340098e-05
59,144,1.0,5.1984026e-09
59,144,2.0,5.665863e-08
59,144,3.0,3.3837057e-06
59,144,4.0,1.161471e-05
59,144,5.0,1.909327e-05
59,144,6.0,2.716187e-05
59,144,7.0,8.0496815e-05
59,144,8.0,0.00011185609
59,144,9.0,6.425338e-05
59,144,10.0,4.3366064e-05
59,144,11.0,9.336491e-05
59,144,12.0,0.00021107073
59,144,13.0,0.0003423693
59,144,14.0,0.00024628683
59,145,0.0,7.101295e-05
59,145,1.0,9.160638e-05
59,145,2.0,0.00015515125
59,145,3.0,0.00015256248
59,145,4.0,0.00021150864
59,145,5.0,0.00029419837
59,145,6.0,0.00052572176
59,145,7.0,0.00081602565
59,145,8.0,0.00093427446
59,145,9.0,0.00093555223
59,145,10.0,0.00089354755
59,145,11.0,0.0012150954
59,145,12.0,0.0013670793
59,145,13.0,0.0019108878
59,145,14.0,0.0019928787
59,146,0.0,0.0005954464
59,146,1.0,0.00068536017
59,146,2.0,0.00076793134
59,146,3.0,0.0014602229
59,146,4.0,0.0020038409
59,146,5.0,0.0021696922
59,146,6.0,0.002787723
59,146,7.0,0.0024528604
59,146,8.0,0.0026131496
59,146,9.0,0.0032366468
59,146,10.0,0.0046478384
59,146,11.0,0.004450078
59,146,12.0,0.004477362
59,146,13.0,0.006324399
59,146,14.0,0.009366962
59,147,0.0,0.002841559
59,147,1.0,0.004302318
59,147,2.0,0.0029676643
59,147,3.0,0.0044175494
59,147,4.0,0.0067150006
59,147,5.0,0.008076597
59,147,6.0,0.010039682
59,147,7.0,0.011792523
59,147,8.0,0.015142678
59,147,9.0,0.015309475
59,147,10.0,0.013729112
59,147,11.0,0.014182251
59,147,12.0,0.016506655
59,147,13.0,0.023127314
59,147,14.0,0.026546035
59,148,0.0,0.009076951
59,148,1.0,0.013701977
59,148,2.0,0.016044162
59,148,3.0,0.016565435
59,148,4.0,0.020252308
59,148,5.0,0.024998434
59,148,6.0,0.027554475
59,148,7.0,0.030570105
59,148,8.0,0.03255931
59,148,9.0,0.036584776
59,148,10.0,0.038498748
59,148,11.0,0.034062993
59,148,12.0,0.03358722
59,148,13.0,0.0360101
59,148,14.0,0.044019267
59,149,0.0,0.023605907
59,149,1.0,0.035282787
59,149,2.0,0.042579327
59,149,3.0,0.04715891
59,149,4.0,0.04878296
59,149,5.0,0.05041784
59,149,6.0,0.051548492
59,149,7.0,0.053640105
59,149,8.0,0.05071679
59,149,9.0,0.05340872
59,149,10.0,0.060433738
59,149,11.0,0.05918831
59,149,12.0,0.05710059
59,149,13.0,0.056265075
59,149,14.0,0.052563623
59,150,0.0,0.030735848
59,150,1.0,0.04230004
59,150,2.0,0.0539536
59,150,3.0,0.06501917
59,150,4.0,0.06737031
59,150,5.0,0.06678177
59,150,6.0,0.06814292
59,150,7.0,0.061489906
59,150,8.0,0.055119332
59,150,9.0,0.051641695
59,150,10.0,0.055561494
59,150,11.0,0.057308905
59,150,12.0,0.052355107
59,150,13.0,0.05606188
59,150,14.0,0.05324565
59,151,0.0,0.024281645
59,151,1.0,0.041043933
59,151,2.0,0.04913976
59,151,3.0,0.0604307
59,151,4.0,0.060974855
59,151,5.0,0.06698353
59,151,6.0,0.0629512
59,151,7.0,0.059104558
59,151,8.0,0.045692716
59,151,9.0,0.038363993
59,151,10.0,0.037398607
59,151,11.0,0.038827945
59,151,12.0,0.038034484
59,151,13.0,0.037401084
59,151,14.0,0.028304078
59,152,0.0,0.018842498
59,152,1.0,0.02644573
59,152,2.0,0.029936053
59,152,3.0,0.036779173
59,152,4.0,0.03511621
59,152,5.0,0.03761684
59,152,6.0,0.035104904
59,152,7.0,0.03199657
59,152,8.0,0.027681168
59,152,9.0,0.020987397
59,152,10.0,0.017115885
59,152,11.0,0.014548868
59,152,12.0,0.015326295
59,152,13.0,0.01557204
59,152,14.0,0.013064314
59,153,0.0,0.007235479
59,153,1.0,0.009935331
59,153,2.0,0.012134261
59,153,3.0,0.013533813
59,153,4.0,0.014680575
59,153,5.0,0.014325766
59,153,6.0,0.012885453
59,153,7.0,0.011815323
59,153,8.0,0.007144148
59,153,9.0,0.004988779
59,153,10.0,0.0047826073
59,153,11.0,0.0038962816
59,153,12.0,0.0046051405
59,153,13.0,0.0028893491
59,153,14.0,0.0027355456
59,154,0.0,0.0012450952
59,154,1.0,0.0013910689
59,154,2.0,0.0018982881
59,154,3.0,0.0020203374
59,154,4.0,0.002106521
59,154,5.0,0.0018021687
59,154,6.0,0.0019469594
59,154,7.0,0.0014170428
59,154,8.0,0.0007667365
59,154,9.0,0.00071529933
59,154,10.0,0.00022168536
59,154,11.0,0.00025944045
59,154,12.0,0.0003522766
59,154,13.0,0.00044771357
59,154,14.0,0.00033412626
59,155,0.0,7.878591e-05
59,155,1.0,7.747962e-05
59,155,2.0,3.092588e-05
59,155,3.0,0.00020418096
59,155,4.0,0.00019487245
59,155,5.0,0.00017694257
59,155,6.0,0.0002548115
59,155,7.0,0.000185586
59,155,8.0,0.00014264145
59,155,9.0,8.511628e-05
59,155,10.0,1.7060139e-06
59,155,11.0,9.35773e-06
59,155,12.0,8.042904e-06
59,155,13.0,6.6041057e-06
59,155,14.0,2.672609e-05
59,156,0.0,1.6611002e-06
59,156,1.0,1.6603511e-06
59,156,2.0,1.4417095e-07
59,156,3.0,2.1559607e-07
59,156,4.0,2.6163773e-09
59,156,5.0,2.4647645e-06
59,156,6.0,0.0
59,156,7.0,1.6309494e-05
59,156,8.0,2.4913313e-06
59,156,9.0,0.0
59,156,10.0,0.0
59,156,11.0,0.0
59,156,12.0,0.0
59,156,13.0,1.3289954e-10
59,156,14.0,0.0
59,157,0.0,0.0
59,157,1.0,0.0
59,157,2.0,0.0
59,157,3.0,1.7767842e-08
59,157,4.0,0.0
59,157,5.0,0.0
59,157,6.0,1.4094068e-07
59,157,7.0,4.2854472e-07
59,157,8.0,0.0
59,157,9.0,3.5127147e-08
59,157,10.0,3.4233145e-07
59,157,11.0,7.8573564e-08
59,157,12.0,1.7309861e-07
59,157,13.0,1.8956944e-06
59,157,14.0,3.911955e-06
59,158,0.0,0.0
59,158,1.0,0.0
59,158,2.0,0.0
59,158,3.0,6.604729e-07
59,158,4.0,2.4113787e-11
59,158,5.0,1.060333e-05
59,158,6.0,4.9115697e-06
59,158,7.0,2.9738721e-06
59,158,8.0,3.7728584e-10
59,158,9.0,2.378312e-06
59,158,10.0,3.800134e-06
59,158,11.0,2.1985136e-06
59,158,12.0,2.0714897e-06
59,158,13.0,8.507118e-06
59,158,14.0,2.6658302e-07
59,159,0.0,0.0
59,159,1.0,0.0
59,159,2.0,0.0
59,159,3.0,0.0
59,159,4.0,3.1265444e-08
59,159,5.0,1.2683269e-08
59,159,6.0,4.5551914e-08
59,159,7.0,4.830575e-06
59,159,8.0,3.6667404e-06
59,159,9.0,3.2220072e-05
59,159,10.0,1.4946009e-05
59,159,11.0,4.969576e-06
59,159,12.0,2.4451314e-05
59,159,13.0,6.540764e-06
59,159,14.0,3.869046e-06
59,160,0.0,0.0
59,160,1.0,0.0
59,160,2.0,0.0
59,160,3.0,0.0
59,160,4.0,0.0
59,160,5.0,0.0
59,160,6.0,0.0
59,160,7.0,2.6079583e-09
59,160,8.0,2.0874784e-06
59,160,9.0,0.0
59,160,10.0,0.0
59,160,11.0,4.7975226e-07
59,160,12.0,2.9456783e-07
59,160,13.0,5.2062195e-09
59,160,14.0,1.6652667e-08
59,161,0.0,0.0
59,161,1.0,6.278264e-08
59,161,2.0,1.18087634e-07
59,161,3.0,2.4111502e-09
59,161,4.0,0.0
59,161,5.0,0.0
59,161,6.0,0.0
59,161,7.0,0.0
59,161,8.0,6.430284e-07
59,161,9.0,1.5480619e-07
59,161,10.0,0.0
59,161,11.0,2.9254554e-08
59,161,12.0,1.8708279e-06
59,161,13.0,6.5480543e-07
59,161,14.0,1.1246497e-06
59,162,0.0,6.3782424e-09
59,162,1.0,0.0
59,162,2.0,0.0
59,162,3.0,0.0
59,162,4.0,0.0
59,162,5.0,0.0
59,162,6.0,0.0
59,162,7.0,0.0
59,162,8.0,8.62609e-12
59,162,9.0,0.0
59,162,10.0,0.0
59,162,11.0,0.0
59,162,12.0,0.0
59,162,13.0,0.0
59,162,14.0,0.0
60,141,0.0,0.0
60,141,1.0,0.0
60,141,2.0,1.3837537e-08
60,141,3.0,8.2504255e-07
60,141,4.0,3.6351382e-06
60,141,5.0,3.8268417e-06
60,141,6.0,6.2348618e-06
60,141,7.0,1.146077e-05
60,141,8.0,9.355128e-06
60,141,9.0,2.3535657e-05
60,141,10.0,2.6785665e-05
60,141,11.0,5.0607487e-05
60,141,12.0,5.275383e-05
60,141,13.0,1.146896e-05
60,141,14.0,8.084692e-06
60,142,0.0,4.6222444e-09
60,142,1.0,0.0
60,142,2.0,9.531074e-10
60,142,3.0,0.0
60,142,4.0,0.0
60,142,5.0,0.0
60,142,6.0,0.0
60,142,7.0,0.0
60,142,8.0,0.0
60,142,9.0,0.0
60,142,10.0,0.0
60,142,11.0,6.3934763e-06
60,142,12.0,1.5887797e-05
60,142,13.0,1.1239201e-05
60,142,14.0,7.3217498e-06
60,143,0.0,0.0
60,143,1.0,0.0
60,143,2.0,0.0
60,143,3.0,0.0
60,143,4.0,4.6231906e-07
60,143,5.0,9.836585e-07
60,143,6.0,2.1792626e-07
60,143,7.0,9.725479e-07
60,143,8.0,4.6334233e-07
60,143,9.0,0.0
60,143,10.0,0.0
60,143,11.0,0.0
60,143,12.0,0.0
60,143,13.0,3.958617e-07
60,143,14.0,1.4482714e-06
60,144,0.0,0.0
60,144,1.0,1.7898473e-06
60,144,2.0,9.554453e-08
60,144,3.0,0.0
60,144,4.0,0.0
60,144,5.0,0.0
60,144,6.0,0.0
60,144,7.0,0.0
60,144,8.0,0.0
60,144,9.0,0.0
60,144,10.0,0.0
60,144,11.0,0.0
60,144,12.0,3.6306398e-07
60,144,13.0,9.21342e-07
60,144,14.0,3.1183333e-06
60,145,0.0,0.0
60,145,1.0,0.0
60,145,2.0,1.2442944e-09
60,145,3.0,0.0
60,145,4.0,4.371157e-07
60,145,5.0,7.389135e-07
60,145,6.0,9.6958e-06
60,145,7.0,1.7264504e-06
60,145,8.0,9.728111e-07
60,145,9.0,1.0170061e-05
60,145,10.0,2.326626e-05
60,145,11.0,2.0084533e-06
60,145,12.0,3.4792388e-06
60,145,13.0,2.6622529e-05
60,145,14.0,1.2684128e-06
60,146,0.0,1.5153046e-06
60,146,1.0,1.197686e-06
60,146,2.0,3.8321723e-06
60,146,3.0,1.05531e-06
60,146,4.0,1.4742659e-07
60,146,5.0,3.1235336e-06
60,146,6.0,5.9456434e-06
60,146,7.0,7.714125e-06
60,146,8.0,3.970887e-06
60,146,9.0,3.2738797e-05
60,146,10.0,3.7274534e-05
60,146,11.0,4.943084e-05
60,146,12.0,1.6354612e-05
60,146,13.0,1.0093048e-05
60,146,14.0,3.343989e-05
60,147,0.0,3.1632313e-05
60,147,1.0,0.00015394509
60,147,2.0,0.000245661
60,147,3.0,6.224057e-05
60,147,4.0,7.095826e-05
60,147,5.0,0.000121394965
60,147,6.0,0.00020047725
60,147,7.0,0.00021687965
60,147,8.0,0.00025044574
60,147,9.0,0.000341646
60,147,10.0,0.0006151115
60,147,11.0,0.0008957911
60,147,12.0,0.0006112219
60,147,13.0,0.0005794227
60,147,14.0,0.00069512817
60,148,0.0,0.0003306184
60,148,1.0,0.00020214448
60,148,2.0,0.0002397478
60,148,3.0,0.00045020916
60,148,4.0,0.00081341655
60,148,5.0,0.0010137515
60,148,6.0,0.0010348018
60,148,7.0,0.0015134927
60,148,8.0,0.0010958741
60,148,9.0,0.0016014964
60,148,10.0,0.0019541518
60,148,11.0,0.0022176402
60,148,12.0,0.0041092006
60,148,13.0,0.0033826623
60,148,14.0,0.0036382296
60,149,0.0,0.0010048895
60,149,1.0,0.0010142024
60,149,2.0,0.0015766663
60,149,3.0,0.0022133219
60,149,4.0,0.0019236411
60,149,5.0,0.0033773773
60,149,6.0,0.0046783024
60,149,7.0,0.00487276
60,149,8.0,0.006056945
60,149,9.0,0.005872117
60,149,10.0,0.0074846465
60,149,11.0,0.007824471
60,149,12.0,0.011386686
60,149,13.0,0.011076423
60,149,14.0,0.00922913
60,150,0.0,0.0032579154
60,150,1.0,0.00511863
60,150,2.0,0.0065960633
60,150,3.0,0.00865305
60,150,4.0,0.012646535
60,150,5.0,0.013260285
60,150,6.0,0.016576782
60,150,7.0,0.017646464
60,150,8.0,0.01744073
60,150,9.0,0.015998688
60,150,10.0,0.01583617
60,150,11.0,0.01660809
60,150,12.0,0.020240381
60,150,13.0,0.020474384
60,150,14.0,0.019361706
60,151,0.0,0.010736132
60,151,1.0,0.01446533
60,151,2.0,0.019234918
60,151,3.0,0.02360866
60,151,4.0,0.028016005
60,151,5.0,0.034573317
60,151,6.0,0.033829015
60,151,7.0,0.035892252
60,151,8.0,0.030525427
60,151,9.0,0.03350181
60,151,10.0,0.028546711
60,151,11.0,0.033960264
60,151,12.0,0.03131208
60,151,13.0,0.03246392
60,151,14.0,0.027064187
60,152,0.0,0.016051203
60,152,1.0,0.022029547
60,152,2.0,0.02642972
60,152,3.0,0.034957442
60,152,4.0,0.0404363
60,152,5.0,0.04470542
60,152,6.0,0.04992414
60,152,7.0,0.04357786
60,152,8.0,0.03937125
60,152,9.0,0.038052224
60,152,10.0,0.034753002
60,152,11.0,0.035959404
60,152,12.0,0.028257275
60,152,13.0,0.02917898
60,152,14.0,0.025937565
60,153,0.0,0.016167255
60,153,1.0,0.022054385
60,153,2.0,0.028577456
60,153,3.0,0.03483066
60,153,4.0,0.039026972
60,153,5.0,0.041273765
60,153,6.0,0.042367145
60,153,7.0,0.034727007
60,153,8.0,0.0303768
60,153,9.0,0.027660618
60,153,10.0,0.023067743
60,153,11.0,0.018542621
60,153,12.0,0.019274078
60,153,13.0,0.015066239
60,153,14.0,0.013304025
60,154,0.0,0.008601103
60,154,1.0,0.009070437
60,154,2.0,0.01648612
60,154,3.0,0.018545434
60,154,4.0,0.020608658
60,154,5.0,0.021833835
60,154,6.0,0.01648508
60,154,7.0,0.014105553
60,154,8.0,0.0144708315
60,154,9.0,0.009421768
60,154,10.0,0.009903415
60,154,11.0,0.007849339
60,154,12.0,0.008609012
60,154,13.0,0.006004077
60,154,14.0,0.0047434545
60,155,0.0,0.0031662358
60,155,1.0,0.0030928703
60,155,2.0,0.0049671126
60,155,3.0,0.0063809096
60,155,4.0,0.006754466
60,155,5.0,0.0054226522
60,155,6.0,0.0050659836
60,155,7.0,0.0042046173
60,155,8.0,0.0028003575
60,155,9.0,0.0017584088
60,155,10.0,0.0021259058
60,155,11.0,0.0019331978
60,155,12.0,0.0021582902
60,155,13.0,0.001634411
60,155,14.0,0.0015674195
60,156,0.0,0.0004192724
60,156,1.0,0.0007162195
60,156,2.0,0.0011854544
60,156,3.0,0.0012757144
60,156,4.0,0.0016303982
60,156,5.0,0.001668647
60,156,6.0,0.0012389026
60,156,7.0,0.00072588836
60,156,8.0,0.0003682593
60,156,9.0,0.00048215842
60,156,10.0,0.0003817351
60,156,11.0,0.0003757595
60,156,12.0,0.00087117776
60,156,13.0,0.00052662176
60,156,14.0,0.00047847355
60,157,0.0,0.000121280005
60,157,1.0,0.0001259199
60,157,2.0,0.00025152377
60,157,3.0,0.00035290467
60,157,4.0,0.00032116726
60,157,5.0,0.00022364805
60,157,6.0,0.00017908306
60,157,7.0,0.00026466587
60,157,8.0,0.00019110675
60,157,9.0,0.00014027915
60,157,10.0,0.00014693955
60,157,11.0,0.00010957854
60,157,12.0,0.00012386582
60,157,13.0,0.00013331579
60,157,14.0,0.0001137849
60,158,0.0,4.545626e-05
60,158,1.0,0.00013904736
60,158,2.0,0.00020135348
60,158,3.0,0.0002885393
60,158,4.0,0.00023207167
60,158,5.0,0.00016175443
60,158,6.0,0.00012757423
60,158,7.0,9.5202726e-05
60,158,8.0,0.00013351855
60,158,9.0,6.7251174e-05
60,158,10.0,1.8158944e-05
60,158,11.0,6.4231294e-06
60,158,12.0,2.9380074e-06
60,158,13.0,4.9058485e-06
60,158,14.0,8.427175e-06
60,159,0.0,4.4374664e-09
60,159,1.0,2.6738094e-06
60,159,2.0,1.6822209e-05
60,159,3.0,1.0476377e-05
60,159,4.0,9.4934485e-06
60,159,5.0,1.8759063e-05
60,159,6.0,2.8543605e-05
60,159,7.0,2.7468106e-05
60,159,8.0,4.8592456e-06
60,159,9.0,1.6000226e-06
60,159,10.0,1.5076403e-05
60,159,11.0,1.8332932e-05
60,159,12.0,1.6374794e-05
60,159,13.0,1.3342439e-05
60,159,14.0,2.5913437e-06
60,160,0.0,2.8767545e-07
60,160,1.0,1.1320429e-08
60,160,2.0,0.0
60,160,3.0,4.4997755e-08
60,160,4.0,4.538298e-08
60,160,5.0,4.165657e-08
60,160,6.0,2.530864e-08
60,160,7.0,2.4989916e-07
60,160,8.0,1.253519e-06
60,160,9.0,2.5203503e-06
60,160,10.0,3.9891992e-07
60,160,11.0,6.221089e-09
60,160,12.0,1.0143845e-07
60,160,13.0,1.7694252e-07
60,160,14.0,9.830126e-09
60,161,0.0,0.0
60,161,1.0,3.5286952e-08
60,161,2.0,1.568803e-07
60,161,3.0,7.316523e-07
60,161,4.0,4.756191e-07
60,161,5.0,3.100452e-07
60,161,6.0,4.955822e-07
60,161,7.0,1.1134802e-06
60,161,8.0,3.2050127e-06
60,161,9.0,1.854542e-06
60,161,10.0,1.9195623e-08
60,161,11.0,0.0
60,161,12.0,1.8469005e-12
60,161,13.0,2.0450434e-10
60,161,14.0,8.819136e-12
60,162,0.0,2.4915238e-07
60,162,1.0,2.0647003e-07
60,162,2.0,4.153682e-08
60,162,3.0,9.441661e-08
60,162,4.0,4.8940615e-07
60,162,5.0,3.0240727e-08
60,162,6.0,7.492722e-08
60,162,7.0,5.346688e-07
60,162,8.0,2.2036918e-06
60,162,9.0,2.429768e-06
60,162,10.0,3.7912243e-06
60,162,11.0,3.141361e-07
60,162,12.0,2.9110077e-09
60,162,13.0,1.109014e-07
60,162,14.0,6.8978954e-07
60,163,0.0,0.0
60,163,1.0,0.0
60,163,2.0,5.022989e-08
60,163,3.0,7.3446856e-08
60,163,4.0,0.0
60,163,5.0,5.217086e-07
60,163,6.0,1.0708145e-06
60,163,7.0,1.7458209e-06
60,163,8.0,8.654304e-08
60,163,9.0,1.7775623e-06
60,163,10.0,1.7609446e-07
60,163,11.0,7.4496187e-09
60,163,12.0,9.673563e-07
60,163,13.0,1.1096794e-06
60,163,14.0,1.1458505e-06
60,164,0.0,0.0
60,164,1.0,8.279099e-08
60,164,2.0,1.7688515e-07
60,164,3.0,0.0
60,164,4.0,1.0267349e-06
60,164,5.0,1.0999349e-06
60,164,6.0,2.4189076e-06
60,164,7.0,1.4271659e-06
60,164,8.0,5.4586155e-07
60,164,9.0,0.0
60,164,10.0,1.4076163e-06
60,164,11.0,4.1608675e-07
60,164,12.0,4.2590196e-07
60,164,13.0,4.77034e-07
60,164,14.0,6.945811e-08
61,144,0.0,8.1526155e-09
61,144,1.0,1.1204547e-18
61,144,2.0,2.9730664e-08
61,144,3.0,4.508661e-07
61,144,4.0,0.0
61,144,5.0,0.0
61,144,6.0,0.0
61,144,7.0,0.0
61,144,8.0,5.3408143e-16
61,144,9.0,2.5470872e-09
61,144,10.0,0.0
61,144,11.0,0.0
61,144,12.0,2.7231685e-08
61,144,13.0,1.1523919e-06
61,144,14.0,3.115548e-07
61,145,0.0,0.0
61,145,1.0,0.0
61,145,2.0,0.0
61,145,3.0,0.0
61,145,4.0,4.4082233e-07
61,145,5.0,0.0
61,145,6.0,0.0
61,145,7.0,0.0
61,145,8.0,1.4306086e-08
61,145,9.0,0.0
61,145,10.0,2.373872e-06
61,145,11.0,3.5209133e-09
61,145,12.0,5.4107413e-10
61,145,13.0,5.2013e-07
61,145,14.0,0.0
61,146,0.0,0.0
61,146,1.0,0.0
61,146,2.0,6.377989e-08
61,146,3.0,6.2057886e-08
61,146,4.0,0.0
61,146,5.0,0.0
61,146,6.0,0.0
61,146,7.0,0.0
61,146,8.0,0.0
61,146,9.0,6.5519444e-08
61,146,10.0,2.6039353e-07
61,146,11.0,0.0
61,146,12.0,0.0
61,146,13.0,1.3097674e-07
61,146,14.0,1.1245976e-06
61,147,0.0,3.3498961e-06
61,147,1.0,3.3823804e-07
61,147,2.0,0.0
61,147,3.0,4.5156267e-07
61,147,4.0,4.354426e-06
61,147,5.0,2.4504898e-06
61,147,6.0,3.5367636e-06
61,147,7.0,3.097276e-06
61,147,8.0,1.4902968e-06
61,147,9.0,2.3206603e-07
61,147,10.0,7.547532e-09
61,147,11.0,1.6096627e-06
61,147,12.0,2.0681544e-05
61,147,13.0,8.164067e-07
61,147,14.0,5.9929414e-07
61,148,0.0,3.3488945e-07
61,148,1.0,1.447409e-06
61,148,2.0,0.0
61,148,3.0,6.2324412e-09
61,148,4.0,7.642071e-06
61,148,5.0,1.075728e-05
61,148,6.0,8.183248e-06
61,148,7.0,1.3390159e-09
61,148,8.0,0.0
61,148,9.0,7.036168e-12
61,148,10.0,8.6603876e-07
61,148,11.0,7.891946e-07
61,148,12.0,5.332269e-07
61,148,13.0,9.162287e-07
61,148,14.0,2.2308306e-07
61,149,0.0,4.302043e-09
61,149,1.0,0.0
61,149,2.0,1.2945582e-05
61,149,3.0,0.0
61,149,4.0,4.440654e-06
61,149,5.0,2.9196113e-07
61,149,6.0,3.9405227e-06
61,149,7.0,0.0
61,149,8.0,0.0
61,149,9.0,2.431748e-08
61,149,10.0,3.5318258e-06
61,149,11.0,2.86563e-05
61,149,12.0,3.8553262e-05
61,149,13.0,1.3469587e-05
61,149,14.0,2.326423e-05
61,150,0.0,0.0
61,150,1.0,3.0957483e-05
61,150,2.0,4.1094367e-08
61,150,3.0,1.18817625e-05
61,150,4.0,2.787753e-05
61,150,5.0,0.000138063
61,150,6.0,0.00023301654
61,150,7.0,0.00027425
61,150,8.0,0.00017831213
61,150,9.0,0.00021706597
61,150,10.0,0.00051966653
61,150,11.0,0.00043719963
61,150,12.0,0.0004334794
61,150,13.0,0.00047621957
61,150,14.0,0.00041183393
61,151,0.0,3.8817947e-05
61,151,1.0,0.0001272253
61,151,2.0,0.00018530464
61,151,3.0,0.00043681278
61,151,4.0,0.0009336336
61,151,5.0,0.0017343332
61,151,6.0,0.0011705245
61,151,7.0,0.0013209962
61,151,8.0,0.0014550502
61,151,9.0,0.0017399946
61,151,10.0,0.0023425072
61,151,11.0,0.0021154687
61,151,12.0,0.0026428443
61,151,13.0,0.0026192905
61,151,14.0,0.0025985565
61,152,0.0,0.00012704355
61,152,1.0,0.00041588565
61,152,2.0,0.0006307487
61,152,3.0,0.002301761
61,152,4.0,0.0036691236
61,152,5.0,0.0041396283
61,152,6.0,0.004213202
61,152,7.0,0.0028135073
61,152,8.0,0.0036938626
61,152,9.0,0.0031302597
61,152,10.0,0.0047738235
61,152,11.0,0.004872959
61,152,12.0,0.004389015
61,152,13.0,0.0056441235
61,152,14.0,0.0050630057
61,153,0.0,0.0008919485
61,153,1.0,0.0018289068
61,153,2.0,0.0030316785
61,153,3.0,0.0061683343
61,153,4.0,0.007572361
61,153,5.0,0.009211392
61,153,6.0,0.0096992375
61,153,7.0,0.008942878
61,153,8.0,0.008875868
61,153,9.0,0.00962621
61,153,10.0,0.008860813
61,153,11.0,0.010708276
61,153,12.0,0.0075209374
61,153,13.0,0.0075778207
61,153,14.0,0.00805294
61,154,0.0,0.0010980522
61,154,1.0,0.0031557214
61,154,2.0,0.0074690976
61,154,3.0,0.009568367
61,154,4.0,0.013130214
61,154,5.0,0.015663661
61,154,6.0,0.013969001
61,154,7.0,0.013885165
61,154,8.0,0.012241156
61,154,9.0,0.010075429
61,154,10.0,0.009956798
61,154,11.0,0.011016663
61,154,12.0,0.010156584
61,154,13.0,0.008826706
61,154,14.0,0.0067818845
61,155,0.0,0.0022734976
61,155,1.0,0.0034504705
61,155,2.0,0.00667125
61,155,3.0,0.008894573
61,155,4.0,0.012643692
61,155,5.0,0.014453352
61,155,6.0,0.014894725
61,155,7.0,0.012424939
61,155,8.0,0.008972444
61,155,9.0,0.0071152057
61,155,10.0,0.007451585
61,155,11.0,0.008116574
61,155,12.0,0.006118663
61,155,13.0,0.0050683706
61,155,14.0,0.0045349877
61,156,0.0,0.0014495812
61,156,1.0,0.002180194
61,156,2.0,0.0032926116
61,156,3.0,0.0052589825
61,156,4.0,0.0063576926
61,156,5.0,0.007281291
61,156,6.0,0.0068063806
61,156,7.0,0.006273845
61,156,8.0,0.0049260603
61,156,9.0,0.0035304667
61,156,10.0,0.0035582636
61,156,11.0,0.0029818846
61,156,12.0,0.002535449
61,156,13.0,0.0021881566
61,156,14.0,0.0024506992
61,157,0.0,0.0008362833
61,157,1.0,0.0013205191
61,157,2.0,0.002815396
61,157,3.0,0.00233295
61,157,4.0,0.0044956566
61,157,5.0,0.0044805994
61,157,6.0,0.0040749446
61,157,7.0,0.0035758966
61,157,8.0,0.0018244666
61,157,9.0,0.002015857
61,157,10.0,0.0017453692
61,157,11.0,0.0017509563
61,157,12.0,0.0016581344
61,157,13.0,0.001447077
61,157,14.0,0.001093114
61,158,0.0,0.00016603943
61,158,1.0,0.0005209155
61,158,2.0,0.00063939625
61,158,3.0,0.001099256
61,158,4.0,0.0012317671
61,158,5.0,0.0014275438
61,158,6.0,0.0012994705
61,158,7.0,0.001402691
61,158,8.0,0.0012120561
61,158,9.0,0.00080378057
61,158,10.0,0.00076295744
61,158,11.0,0.0008749966
61,158,12.0,0.0006202274
61,158,13.0,0.00061602297
61,158,14.0,0.00051322195
61,159,0.0,4.273821e-05
61,159,1.0,0.00025626356
61,159,2.0,0.00026874003
61,159,3.0,0.0006263038
61,159,4.0,0.0005298151
61,159,5.0,0.0005626177
61,159,6.0,0.0005775122
61,159,7.0,0.00049407856
61,159,8.0,0.0003723429
61,159,9.0,0.00040566383
61,159,10.0,0.00027311087
61,159,11.0,0.00020060923
61,159,12.0,0.000297188
61,159,13.0,0.00020275661
61,159,14.0,0.00020558242
61,160,0.0,0.0
61,160,1.0,0.0
61,160,2.0,6.2526656e-06
61,160,3.0,7.4912587e-06
61,160,4.0,2.339382e-05
61,160,5.0,2.5308103e-05
61,160,6.0,8.393458e-06
61,160,7.0,4.709452e-05
61,160,8.0,4.956395e-05
61,160,9.0,1.9923053e-05
61,160,10.0,2.4247747e-05
61,160,11.0,3.092079e-05
61,160,12.0,2.1570655e-05
61,160,13.0,1.6668406e-05
61,160,14.0,6.8326617e-06
61,161,0.0,3.0547125e-09
61,161,1.0,0.0
61,161,2.0,0.0
61,161,3.0,0.0
61,161,4.0,0.0
61,161,5.0,0.0
61,161,6.0,0.0
61,161,7.0,0.0
61,161,8.0,5.8897757e-07
61,161,9.0,4.37327e-07
61,161,10.0,0.0
61,161,11.0,0.0
61,161,12.0,0.0
61,161,13.0,0.0
61,161,14.0,0.0
61,162,0.0,0.0
61,162,1.0,0.0
61,162,2.0,2.4154048e-07
61,162,3.0,3.555594e-07
61,162,4.0,2.0475524e-07
61,162,5.0,1.2059667e-07
61,162,6.0,6.728815e-08
61,162,7.0,1.6121105e-06
61,162,8.0,1.3765177e-05
61,162,9.0,1.01244395e-05
61,162,10.0,3.9271805e-07
61,162,11.0,6.3078713e-12
61,162,12.0,1.4611272e-08
61,162,13.0,2.7011217e-06
61,162,14.0,6.533563e-06
61,163,0.0,9.4280274e-08
61,163,1.0,0.0
61,163,2.0,0.0
61,163,3.0,0.0
61,163,4.0,0.0
61,163,5.0,0.0
61,163,6.0,0.0
61,163,7.0,0.0
61,163,8.0,2.7412468e-06
61,163,9.0,1.8150644e-06
61,163,10.0,1.8474868e-08
61,163,11.0,0.0
61,163,12.0,0.0
61,163,13.0,3.4343674e-07
61,163,14.0,9.795068e-07
61,164,0.0,1.3084166e-07
61,164,1.0,1.7430044e-06
61,164,2.0,3.7005952e-07
61,164,3.0,8.591861e-08
61,164,4.0,1.1482197e-08
61,164,5.0,0.0
61,164,6.0,0.0
61,164,7.0,0.0
61,164,8.0,6.0669386e-08
61,164,9.0,8.803564e-11
61,164,10.0,1.9723563e-08
61,164,11.0,0.0
61,164,12.0,0.0
61,164,13.0,4.6345363e-09
61,164,14.0,5.5116487e-08
61,165,0.0,0.0
61,165,1.0,0.0
61,165,2.0,0.0
61,165,3.0,4.985079e-08
61,165,4.0,6.983039e-08
61,165,5.0,1.836022e-09
61,165,6.0,0.0
61,165,7.0,0.0
61,165,8.0,2.969865e-09
61,165,9.0,8.738574e-09
61,165,10.0,4.2342423e-12
61,165,11.0,0.0
61,165,12.0,0.0
61,165,13.0,0.0
61,165,14.0,0.0
61,166,0.0,0.0
61,166,1.0,1.131315e-09
61,166,2.0,4.1451806e-08
61,166,3.0,7.181375e-08
61,166,4.0,4.068809e-08
61,166,5.0,2.4247082e-09
61,166,6.0,0.0
61,166,7.0,0.0
61,166,8.0,2.1127273e-09
61,166,9.0,9.5279615e-09
61,166,10.0,0.0
61,166,11.0,0.0
61,166,12.0,0.0
61,166,13.0,0.0
61,166,14.0,6.699825e-08
62,146,0.0,0.0
62,146,1.0,4.0209056e-08
62,146,2.0,0.0
62,146,3.0,8.691057e-08
62,146,4.0,0.0
62,146,5.0,0.0
62,146,6.0,6.126832e-08
62,146,7.0,4.062359e-06
62,146,8.0,0.0
62,146,9.0,0.0
62,146,10.0,0.0
62,146,11.0,0.0
62,146,12.0,0.0
62,146,13.0,3.0066755e-07
62,146,14.0,3.352099e-08
62,147,0.0,0.0
62,147,1.0,0.0
62,147,2.0,3.7791182e-07
62,147,3.0,1.1881675e-06
62,147,4.0,6.7922166e-08
62,147,5.0,0.0
62,147,6.0,0.0
62,147,7.0,0.0
62,147,8.0,0.0
62,147,9.0,0.0
62,147,10.0,0.0
62,147,11.0,0.0
62,147,12.0,0.0
62,147,13.0,1.6643443e-07
62,147,14.0,0.0
62,148,0.0,0.0
62,148,1.0,4.029473e-08
62,148,2.0,0.0
62,148,3.0,0.0
62,148,4.0,0.0
62,148,5.0,0.0
62,148,6.0,0.0
62,148,7.0,0.0
62,148,8.0,0.0
62,148,9.0,2.9383193e-08
62,148,10.0,6.307859e-07
62,148,11.0,7.234049e-06
62,148,12.0,1.2666167e-07
62,148,13.0,0.0
62,148,14.0,0.0
62,149,0.0,0.0
62,149,1.0,0.0
62,149,2.0,0.0
62,149,3.0,2.5919505e-07
62,149,4.0,3.178559e-07
62,149,5.0,0.0
62,149,6.0,0.0
62,149,7.0,0.0
62,149,8.0,1.1651032e-06
62,149,9.0,1.7078767e-06
62,149,10.0,9.624129e-07
62,149,11.0,8.0850657e-07
62,149,12.0,0.0
62,149,13.0,1.2632961e-06
62,149,14.0,2.353233e-06
62,150,0.0,1.05310125e-08
62,150,1.0,6.858476e-07
62,150,2.0,4.6265185e-08
62,150,3.0,6.563941e-07
62,150,4.0,6.39994e-07
62,150,5.0,5.9580316e-06
62,150,6.0,4.790776e-07
62,150,7.0,2.515183e-06
62,150,8.0,8.002508e-06
62,150,9.0,2.1027433e-06
62,150,10.0,8.2087054e-10
62,150,11.0,0.0
62,150,12.0,1.6823208e-06
62,150,13.0,4.5570187e-06
62,150,14.0,3.1918319e-06
62,151,0.0,1.0512539e-07
62,151,1.0,0.0
62,151,2.0,0.0
62,151,3.0,0.0
62,151,4.0,0.0
62,151,5.0,3.343479e-06
62,151,6.0,3.5783244e-06
62,151,7.0,7.742088e-06
62,151,8.0,8.6745895e-06
62,151,9.0,1.7934466e-05
62,151,10.0,2.824435e-05
62,151,11.0,4.0491344e-05
62,151,12.0,2.5913336e-05
62,151,13.0,4.719912e-05
62,151,14.0,0.00010639767
62,152,0.0,0.0
62,152,1.0,1.8826425e-07
62,152,2.0,8.776466e-06
62,152,3.0,1.5040399e-07
62,152,4.0,4.8467355e-05
62,152,5.0,6.566751e-05
62,152,6.0,0.00011829811
62,152,7.0,6.6701476e-05
62,152,8.0,0.00018397825
62,152,9.0,0.00018982751
62,152,10.0,0.0003585897
62,152,11.0,0.00026497955
62,152,12.0,0.0003357415
62,152,13.0,0.0002151218
62,152,14.0,0.00024564395
62,153,0.0,3.1571158e-06
62,153,1.0,2.5467083e-05
62,153,2.0,0.00021389847
62,153,3.0,0.00045326893
62,153,4.0,0.00047678666
62,153,5.0,0.0008265984
62,153,6.0,0.000844301
62,153,7.0,0.0008234704
62,153,8.0,0.00064475904
62,153,9.0,0.0008393827
62,153,10.0,0.00055789447
62,153,11.0,0.0006628385
62,153,12.0,0.0008954158
62,153,13.0,0.0014265991
62,153,14.0,0.0012500713
62,154,0.0,5.490063e-05
62,154,1.0,0.0002999769
62,154,2.0,0.0006738712
62,154,3.0,0.0010684654
62,154,4.0,0.0020352763
62,154,5.0,0.003128534
62,154,6.0,0.0028637666
62,154,7.0,0.0025289368
62,154,8.0,0.0021688668
62,154,9.0,0.0020783613
62,154,10.0,0.0030087298
62,154,11.0,0.0025115341
62,154,12.0,0.0024769246
62,154,13.0,0.0021592162
62,154,14.0,0.0018764639
62,155,0.0,0.0001680881
62,155,1.0,0.0006211587
62,155,2.0,0.0014976714
62,155,3.0,0.0021576583
62,155,4.0,0.004493356
62,155,5.0,0.005743672
62,155,6.0,0.0060657873
62,155,7.0,0.004311554
62,155,8.0,0.0031225563
62,155,9.0,0.0024709199
62,155,10.0,0.0028323138
62,155,11.0,0.0029136217
62,155,12.0,0.002907425
62,155,13.0,0.0035268378
62,155,14.0,0.003802821
62,156,0.0,0.00041447606
62,156,1.0,0.0009694177
62,156,2.0,0.002235568
62,156,3.0,0.005183986
62,156,4.0,0.0077069695
62,156,5.0,0.009218881
62,156,6.0,0.008354358
62,156,7.0,0.006628536
62,156,8.0,0.00490372
62,156,9.0,0.0048783077
62,156,10.0,0.0048234947
62,156,11.0,0.004399156
62,156,12.0,0.004102865
62,156,13.0,0.0036114815
62,156,14.0,0.003221204
62,157,0.0,0.00053390407
62,157,1.0,0.0014402231
62,157,2.0,0.0026053127
62,157,3.0,0.0068063354
62,157,4.0,0.009596617
62,157,5.0,0.011384109
62,157,6.0,0.010974305
62,157,7.0,0.0085541075
62,157,8.0,0.0058330162
62,157,9.0,0.00532243
62,157,10.0,0.0052497555
62,157,11.0,0.0049377037
62,157,12.0,0.004864308
62,157,13.0,0.0037043756
62,157,14.0,0.0031869966
62,158,0.0,0.0004865443
62,158,1.0,0.0011713423
62,158,2.0,0.0017713594
62,158,3.0,0.0026460737
62,158,4.0,0.0043857987
62,158,5.0,0.005644284
62,158,6.0,0.005478944
62,158,7.0,0.0038284971
62,158,8.0,0.0026421014
62,158,9.0,0.0025012654
62,158,10.0,0.0030463072
62,158,11.0,0.0030713247
62,158,12.0,0.002181236
62,158,13.0,0.0017068909
62,158,14.0,0.001738065
62,159,0.0,0.00011196488
62,159,1.0,0.00090015936
62,159,2.0,0.0011019921
62,159,3.0,0.0022162937
62,159,4.0,0.001934446
62,159,5.0,0.0029738357
62,159,6.0,0.0031942166
62,159,7.0,0.002465059
62,159,8.0,0.002005955
62,159,9.0,0.0021897731
62,159,10.0,0.002898471
62,159,11.0,0.0019631048
62,159,12.0,0.002004826
62,159,13.0,0.0013586695
62,159,14.0,0.0012535414
62,160,0.0,1.8144146e-05
62,160,1.0,0.00013059772
62,160,2.0,0.0002556775
62,160,3.0,0.00051047286
62,160,4.0,0.0007663009
62,160,5.0,0.0010267015
62,160,6.0,0.00078507897
62,160,7.0,0.0011752398
62,160,8.0,0.00060273416
62,160,9.0,0.0006457979
62,160,10.0,0.00044142958
62,160,11.0,0.00043121996
62,160,12.0,0.00042060035
62,160,13.0,0.0007141212
62,160,14.0,0.0003342471
62,161,0.0,5.8754003e-06
62,161,1.0,3.4335592e-06
62,161,2.0,9.336185e-05
62,161,3.0,0.00018903746
62,161,4.0,0.0002336865
62,161,5.0,0.00033192156
62,161,6.0,0.00018621857
62,161,7.0,0.00037877558
62,161,8.0,7.256347e-05
62,161,9.0,0.00011857458
62,161,10.0,5.6817316e-05
62,161,11.0,6.776847e-05
62,161,12.0,7.3481824e-05
62,161,13.0,7.7399876e-05
62,161,14.0,9.6933254e-05
62,162,0.0,7.5391004e-06
62,162,1.0,4.541995e-06
62,162,2.0,1.3303824e-06
62,162,3.0,2.5049712e-06
62,162,4.0,1.6937549e-05
62,162,5.0,3.386392e-05
62,162,6.0,3.819345e-05
62,162,7.0,3.1857035e-05
62,162,8.0,3.122282e-05
62,162,9.0,4.245244e-05
62,162,10.0,4.8554863e-05
62,162,11.0,5.649336e-06
62,162,12.0,4.616553e-06
62,162,13.0,2.6275306e-06
62,162,14.0,5.205118e-06
62,163,0.0,0.0
62,163,1.0,2.748488e-08
62,163,2.0,8.040429e-11
62,163,3.0,1.9491533e-06
62,163,4.0,9.539001e-06
62,163,5.0,3.4471913e-08
62,163,6.0,1.7815111e-08
62,163,7.0,1.4296257e-08
62,163,8.0,0.0
62,163,9.0,0.0
62,163,10.0,0.0
62,163,11.0,0.0
62,163,12.0,0.0
62,163,13.0,0.0
62,163,14.0,0.0
62,164,0.0,0.0
62,164,1.0,4.2185833e-09
62,164,2.0,0.0
62,164,3.0,4.091228e-07
62,164,4.0,3.015311e-06
62,164,5.0,1.649163e-05
62,164,6.0,1.3875514e-05
62,164,7.0,6.176947e-06
62,164,8.0,6.715566e-06
62,164,9.0,1.1675029e-05
62,164,10.0,1.43814705e-05
62,164,11.0,4.7728686e-06
62,164,12.0,1.2012225e-07
62,164,13.0,9.1753854e-08
62,164,14.0,3.7045993e-07
62,165,0.0,0.0
62,165,1.0,5.1956476e-08
62,165,2.0,0.0
62,165,3.0,5.0274387e-08
62,165,4.0,5.6190936e-07
62,165,5.0,1.4412659e-06
62,165,6.0,3.0093784e-06
62,165,7.0,3.4195896e-06
62,165,8.0,1.7692124e-06
62,165,9.0,2.3252223e-06
62,165,10.0,5.477296e-07
62,165,11.0,8.538764e-07
62,165,12.0,3.2506973e-06
62,165,13.0,1.9157285e-06
62,165,14.0,9.528731e-08
62,166,0.0,4.493566e-08
62,166,1.0,3.486397e-08
62,166,2.0,0.0
62,166,3.0,0.0
62,166,4.0,0.0
62,166,5.0,0.0
62,166,6.0,9.959793e-10
62,166,7.0,5.345601e-08
62,166,8.0,4.2847674e-07
62,166,9.0,1.6609772e-06
62,166,10.0,9.121084e-08
62,166,11.0,8.1726205e-07
62,166,12.0,3.3082106e-06
62,166,13.0,5.567908e-06
62,166,14.0,3.0429048e-06
62,167,0.0,0.0
62,167,1.0,0.0
62,167,2.0,0.0
62,167,3.0,4.5441143e-10
62,167,4.0,7.135848e-08
62,167,5.0,1.1627925e-07
62,167,6.0,4.90124e-07
62,167,7.0,2.2868092e-07
62,167,8.0,1.17273984e-07
62,167,9.0,2.2988368e-07
62,167,10.0,2.888486e-10
62,167,11.0,3.09573e-12
62,167,12.0,6.893438e-08
62,167,13.0,7.338158e-08
62,167,14.0,0.0
62,168,0.0,0.0
62,168,1.0,1.9551532e-08
62,168,2.0,4.098503e-07
62,168,3.0,1.4983522e-07
62,168,4.0,2.3261808e-08
62,168,5.0,5.4613207e-09
62,168,6.0,0.0
62,168,7.0,1.0475129e-08
62,168,8.0,4.2419921e-07
62,168,9.0,2.0691414e-10
62,168,10.0,0.0
62,168,11.0,0.0
62,168,12.0,0.0
62,168,13.0,0.0
62,168,14.0,0.0
63,149,0.0,0.0
63,149,1.0,8.839494e-06
63,149,2.0,1.9677072e-05
63,149,3.0,6.9128328e-06
63,149,4.0,2.384978e-06
63,149,5.0,3.2575463e-07
63,149,6.0,2.1430942e-08
63,149,7.0,5.4017946e-09
63,149,8.0,0.0
63,149,9.0,0.0
63,149,10.0,7.674061e-08
63,149,11.0,1.2073872e-06
63,149,12.0,5.0950166e-06
63,149,13.0,1.5272872e-06
63,149,14.0,1.3795957e-06
63,150,0.0,0.0
63,150,1.0,0.0
63,150,2.0,0.0
63,150,3.0,2.4866386e-06
63,150,4.0,1.500144e-06
63,150,5.0,1.0573957e-06
63,150,6.0,4.1854526e-07
63,150,7.0,1.1218316e-07
63,150,8.0,3.4591544e-08
63,150,9.0,0.0
63,150,10.0,0.0
63,150,11.0,3.2186822e-08
63,150,12.0,0.0
63,150,13.0,2.3382976e-09
63,150,14.0,0.0
63,151,0.0,9.3388024e-08
63,151,1.0,6.1991072e-06
63,151,2.0,1.7254761e-06
63,151,3.0,4.0640657e-06
63,151,4.0,2.3496257e-07
63,151,5.0,8.1568817e-07
63,151,6.0,2.2891052e-06
63,151,7.0,2.3769194e-06
63,151,8.0,1.4352925e-06
63,151,9.0,6.674118e-07
63,151,10.0,5.7993724e-08
63,151,11.0,5.139928e-07
63,151,12.0,7.4737636e-07
63,151,13.0,5.5614714e-06
63,151,14.0,1.6225081e-07
63,152,0.0,5.289393e-07
63,152,1.0,0.0
63,152,2.0,1.8999735e-07
63,152,3.0,2.809392e-06
63,152,4.0,3.4855586e-06
63,152,5.0,1.3955212e-05
63,152,6.0,2.5697104e-06
63,152,7.0,3.698596e-06
63,152,8.0,2.5391438e-07
63,152,9.0,2.0892992e-06
63,152,10.0,1.6663721e-06
63,152,11.0,1.5013023e-06
63,152,12.0,1.433368e-06
63,152,13.0,6.425458e-07
63,152,14.0,3.3023824e-07
63,153,0.0,0.0
63,153,1.0,0.0
63,153,2.0,0.0
63,153,3.0,0.0
63,153,4.0,5.481157e-07
63,153,5.0,4.2454462e-07
63,153,6.0,3.6687656e-13
63,153,7.0,0.0
63,153,8.0,0.0
63,153,9.0,0.0
63,153,10.0,0.0
63,153,11.0,7.937888e-06
63,153,12.0,9.057344e-06
63,153,13.0,6.4640885e-06
63,153,14.0,1.2476089e-06
63,154,0.0,7.468243e-07
63,154,1.0,2.4586626e-07
63,154,2.0,0.0
63,154,3.0,4.4644275e-07
63,154,4.0,5.179342e-06
63,154,5.0,8.196369e-06
63,154,6.0,8.8088245e-06
63,154,7.0,4.5010253e-08
63,154,8.0,2.0888564e-10
63,154,9.0,1.4246387e-05
63,154,10.0,1.5783602e-05
63,154,11.0,2.2091604e-05
63,154,12.0,5.207541e-07
63,154,13.0,9.548558e-06
63,154,14.0,1.3650737e-05
63,155,0.0,2.4788467e-06
63,155,1.0,3.7539423e-06
63,155,2.0,3.037191e-06
63,155,3.0,7.5285247e-06
63,155,4.0,6.3956245e-06
63,155,5.0,4.925698e-05
63,155,6.0,8.862597e-05
63,155,7.0,0.00018023874
63,155,8.0,0.00012286096
63,155,9.0,8.903706e-05
63,155,10.0,8.00575e-05
63,155,11.0,6.36658e-05
63,155,12.0,8.293059e-05
63,155,13.0,6.650334e-05
63,155,14.0,0.00014617217
63,156,0.0,1.0505186e-06
63,156,1.0,1.02583435e-05
63,156,2.0,1.3716331e-05
63,156,3.0,8.913293e-05
63,156,4.0,0.00024592216
63,156,5.0,0.00030831285
63,156,6.0,0.00015371651
63,156,7.0,0.00024737726
63,156,8.0,0.00020745292
63,156,9.0,0.00015871128
63,156,10.0,0.00010550055
63,156,11.0,0.00018606194
63,156,12.0,0.00018438893
63,156,13.0,0.00043168245
63,156,14.0,0.00032085954
63,157,0.0,2.7168999e-05
63,157,1.0,1.9606025e-05
63,157,2.0,9.475166e-05
63,157,3.0,0.00033463404
63,157,4.0,0.00046661118
63,157,5.0,0.0006443203
63,157,6.0,0.0011555066
63,157,7.0,0.0006467899
63,157,8.0,0.0004409595
63,157,9.0,0.00039620232
63,157,10.0,0.00064992195
63,157,11.0,0.000642407
63,157,12.0,0.00069160893
63,157,13.0,0.00061337155
63,157,14.0,0.0005414236
63,158,0.0,2.1235584e-05
63,158,1.0,6.308362e-05
63,158,2.0,0.0002624827
63,158,3.0,0.0006433517
63,158,4.0,0.0009032013
63,158,5.0,0.0007337959
63,158,6.0,0.0009281501
63,158,7.0,0.00096882676
63,158,8.0,0.0007556605
63,158,9.0,0.00078305794
63,158,10.0,0.0009157012
63,158,11.0,0.00080278586
63,158,12.0,0.0008930599
63,158,13.0,0.0009194014
63,158,14.0,0.00080347434
63,159,0.0,1.30538865e-05
63,159,1.0,4.924885e-05
63,159,2.0,0.00026548942
63,159,3.0,0.0007262907
63,159,4.0,0.0008284892
63,159,5.0,0.0010466239
63,159,6.0,0.0016822092
63,159,7.0,0.00093456265
63,159,8.0,0.0010556466
63,159,9.0,0.00089110684
63,159,10.0,0.0010674718
63,159,11.0,0.0012254703
63,159,12.0,0.0010726106
63,159,13.0,0.00092382845
63,159,14.0,0.00064491096
63,160,0.0,3.8009766e-06
63,160,1.0,0.00019590523
63,160,2.0,0.0005060229
63,160,3.0,0.00043398235
63,160,4.0,0.0010475096
63,160,5.0,0.0012943809
63,160,6.0,0.0018659687
63,160,7.0,0.0014057066
63,160,8.0,0.001219529
63,160,9.0,0.0013135442
63,160,10.0,0.0012607869
63,160,11.0,0.0010594311
63,160,12.0,0.000907628
63,160,13.0,0.0007953679
63,160,14.0,0.0006680622
63,161,0.0,3.688928e-06
63,161,1.0,0.00012801666
63,161,2.0,0.00010795439
63,161,3.0,0.0004623288
63,161,4.0,0.0010249551
63,161,5.0,0.0010360009
63,161,6.0,0.0013026755
63,161,7.0,0.00088192744
63,161,8.0,0.00064349803
63,161,9.0,0.0005930973
63,161,10.0,0.00069212855
63,161,11.0,0.0006560252
63,161,12.0,0.00054933946
63,161,13.0,0.00045819915
63,161,14.0,0.00047139215
63,162,0.0,1.728385e-06
63,162,1.0,4.2300162e-05
63,162,2.0,1.8175531e-05
63,162,3.0,0.00013037618
63,162,4.0,0.00024487282
63,162,5.0,0.00075346755
63,162,6.0,0.00085245457
63,162,7.0,0.00050684693
63,162,8.0,0.00031802242
63,162,9.0,0.00028260023
63,162,10.0,0.00035941828
63,162,11.0,0.00047456435
63,162,12.0,0.00052182097
63,162,13.0,0.0003730919
63,162,14.0,0.00027016553
63,163,0.0,8.189154e-08
63,163,1.0,6.6249595e-06
63,163,2.0,5.838874e-06
63,163,3.0,1.8008886e-05
63,163,4.0,8.625755e-05
63,163,5.0,0.00010308697
63,163,6.0,0.00013324348
63,163,7.0,8.8918256e-05
63,163,8.0,7.271372e-05
63,163,9.0,6.999555e-05
63,163,10.0,9.117669e-05
63,163,11.0,0.00012207589
63,163,12.0,0.00013833631
63,163,13.0,9.330408e-05
63,163,14.0,6.711442e-05
63,164,0.0,0.0
63,164,1.0,0.0
63,164,2.0,0.0
63,164,3.0,7.511735e-06
63,164,4.0,3.0338897e-05
63,164,5.0,4.0397917e-05
63,164,6.0,6.297793e-05
63,164,7.0,5.0546652e-05
63,164,8.0,1.823158e-05
63,164,9.0,1.26274235e-05
63,164,10.0,1.742989e-05
63,164,11.0,6.0273633e-06
63,164,12.0,3.504581e-06
63,164,13.0,7.425893e-06
63,164,14.0,1.1453539e-05
63,165,0.0,4.2034293e-11
63,165,1.0,0.0
63,165,2.0,0.0
63,165,3.0,0.0
63,165,4.0,0.0
63,165,5.0,0.0
63,165,6.0,0.0
63,165,7.0,6.012284e-06
63,165,8.0,8.129609e-10
63,165,9.0,0.0
63,165,10.0,0.0
63,165,11.0,0.0
63,165,12.0,0.0
63,165,13.0,0.0
63,165,14.0,0.0
63,166,0.0,9.676213e-07
63,166,1.0,4.391597e-08
63,166,2.0,8.7581543e-07
63,166,3.0,2.016167e-06
63,166,4.0,1.4692381e-06
63,166,5.0,1.8094241e-06
63,166,6.0,2.632952e-07
63,166,7.0,7.2657815e-07
63,166,8.0,2.4448123e-06
63,166,9.0,1.6469503e-06
63,166,10.0,0.0
63,166,11.0,0.0
63,166,12.0,0.0
63,166,13.0,0.0
63,166,14.0,0.0
63,167,0.0,9.9031144e-11
63,167,1.0,0.0
63,167,2.0,0.0
63,167,3.0,0.0
63,167,4.0,0.0
63,167,5.0,0.0
63,167,6.0,1.5852906e-10
63,167,7.0,0.0
63,167,8.0,1.1830099e-07
63,167,9.0,1.741939e-08
63,167,10.0,0.0
63,167,11.0,0.0
63,167,12.0,3.66865e-10
63,167,13.0,7.2851e-09
63,167,14.0,0.0
63,168,0.0,0.0
63,168,1.0,0.0
63,168,2.0,0.0
63,168,3.0,0.0
63,168,4.0,0.0
63,168,5.0,0.0
63,168,6.0,0.0
63,168,7.0,0.0
63,168,8.0,0.0
63,168,9.0,3.9836992e-10
63,168,10.0,0.0
63,168,11.0,0.0
63,168,12.0,0.0
63,168,13.0,0.0
63,168,14.0,0.0
63,169,0.0,0.0
63,169,1.0,5.1839306e-09
63,169,2.0,1.812165e-07
63,169,3.0,3.5903145e-08
63,169,4.0,1.0499789e-08
63,169,5.0,6.0374794e-10
63,169,6.0,0.0
63,169,7.0,0.0
63,169,8.0,0.0
63,169,9.0,0.0
63,169,10.0,0.0
63,169,11.0,0.0
63,169,12.0,0.0
63,169,13.0,0.0
63,169,14.0,0.0
63,170,0.0,2.0816779e-11
63,170,1.0,2.469316e-08
63,170,2.0,1.4644424e-07
63,170,3.0,1.4416639e-07
63,170,4.0,5.06899e-08
63,170,5.0,0.0
63,170,6.0,0.0
63,170,7.0,0.0
63,170,8.0,0.0
63,170,9.0,0.0
63,170,10.0,0.0
63,170,11.0,0.0
63,170,12.0,0.0
63,170,13.0,0.0
63,170,14.0,0.0
64,151,0.0,2.0921179e-10
64,151,1.0,0.0
64,151,2.0,3.818374e-07
64,151,3.0,0.0
64,151,4.0,0.0
64,151,5.0,3.3700755e-07
64,151,6.0,1.0794967e-05
64,151,7.0,6.1502924e-08
64,151,8.0,0.0
64,151,9.0,2.7292953e-07
64,151,10.0,9.171633e-07
64,151,11.0,0.0
64,151,12.0,0.0
64,151,13.0,0.0
64,151,14.0,0.0
64,152,0.0,6.6158284e-10
64,152,1.0,0.0
64,152,2.0,0.0
64,152,3.0,2.696984e-07
64,152,4.0,1.8583333e-07
64,152,5.0,9.407889e-08
64,152,6.0,5.803657e-07
64,152,7.0,1.4247121e-09
64,152,8.0,0.0
64,152,9.0,0.0
64,152,10.0,0.0
64,152,11.0,0.0
64,152,12.0,0.0
64,152,13.0,4.1652493e-07
64,152,14.0,4.200364e-11
64,153,0.0,0.0
64,153,1.0,0.0
64,153,2.0,0.0
64,153,3.0,0.0
64,153,4.0,2.5076847e-07
64,153,5.0,1.0033422e-07
64,153,6.0,2.155567e-06
64,153,7.0,4.558773e-07
64,153,8.0,1.4486808e-05
64,153,9.0,4.9641578e-08
64,153,10.0,4.9642663e-06
64,153,11.0,6.4895157e-06
64,153,12.0,1.728901e-05
64,153,13.0,3.6221684e-06
64,153,14.0,1.7328329e-06
64,154,0.0,1.4332886e-08
64,154,1.0,1.5621137e-06
64,154,2.0,8.558051e-10
64,154,3.0,8.8384695e-07
64,154,4.0,0.0
64,154,5.0,0.0
64,154,6.0,2.977432e-08
64,154,7.0,8.569274e-06
64,154,8.0,2.1628219e-05
64,154,9.0,1.1978367e-06
64,154,10.0,4.1382746e-06
64,154,11.0,1.4077904e-06
64,154,12.0,4.033657e-06
64,154,13.0,4.182337e-06
64,154,14.0,3.2530274e-06
64,155,0.0,0.0
64,155,1.0,0.0
64,155,2.0,8.0014615e-07
64,155,3.0,0.0
64,155,4.0,1.2993004e-06
64,155,5.0,0.0
64,155,6.0,0.0
64,155,7.0,0.0
64,155,8.0,2.2806826e-07
64,155,9.0,0.0
64,155,10.0,0.0
64,155,11.0,0.0
64,155,12.0,2.8403214e-08
64,155,13.0,3.2170166e-07
64,155,14.0,5.7752897e-07
64,156,0.0,3.1481673e-06
64,156,1.0,2.5360362e-06
64,156,2.0,1.6963815e-05
64,156,3.0,2.7862518e-06
64,156,4.0,1.2424449e-05
64,156,5.0,9.0029107e-07
64,156,6.0,2.8765194e-06
64,156,7.0,4.4940665e-05
64,156,8.0,1.1784206e-05
64,156,9.0,2.2503971e-05
64,156,10.0,2.1651886e-05
64,156,11.0,8.862527e-06
64,156,12.0,1.1480048e-05
64,156,13.0,5.723817e-06
64,156,14.0,1.4688332e-05
64,157,0.0,1.1514991e-07
64,157,1.0,1.5323405e-07
64,157,2.0,0.0
64,157,3.0,3.4294764e-08
64,157,4.0,2.0529484e-07
64,157,5.0,2.3877486e-05
64,157,6.0,5.046154e-06
64,157,7.0,1.596895e-07
64,157,8.0,1.2735253e-05
64,157,9.0,1.2760526e-05
64,157,10.0,3.1697607e-06
64,157,11.0,1.2521518e-05
64,157,12.0,4.4610868e-05
64,157,13.0,5.5334684e-05
64,157,14.0,2.2739094e-05
64,158,0.0,7.797816e-06
64,158,1.0,0.0
64,158,2.0,0.0
64,158,3.0,8.192435e-06
64,158,4.0,5.5272535e-06
64,158,5.0,9.180477e-09
64,158,6.0,2.4185981e-06
64,158,7.0,1.6533555e-05
64,158,8.0,7.908489e-06
64,158,9.0,2.3815066e-05
64,158,10.0,4.26001e-05
64,158,11.0,2.7500855e-05
64,158,12.0,9.5937e-06
64,158,13.0,3.7086763e-06
64,158,14.0,2.0378788e-05
64,159,0.0,1.1977914e-06
64,159,1.0,2.765592e-06
64,159,2.0,1.1403207e-05
64,159,3.0,3.201411e-05
64,159,4.0,3.164712e-05
64,159,5.0,9.217276e-05
64,159,6.0,6.1758845e-05
64,159,7.0,9.376173e-05
64,159,8.0,0.00017559768
64,159,9.0,6.8537476e-05
64,159,10.0,0.00015884783
64,159,11.0,0.00016840424
64,159,12.0,0.00019215146
64,159,13.0,0.0003192151
64,159,14.0,0.00027139985
64,160,0.0,1.0492572e-06
64,160,1.0,0.0
64,160,2.0,3.3085664e-06
64,160,3.0,1.7689989e-06
64,160,4.0,0.00015096998
64,160,5.0,1.672097e-05
64,160,6.0,8.804807e-05
64,160,7.0,0.00011718732
64,160,8.0,0.00011355866
64,160,9.0,5.77802e-05
64,160,10.0,0.00010321464
64,160,11.0,0.00031011098
64,160,12.0,0.00043396873
64,160,13.0,0.00033988265
64,160,14.0,0.00027614407
64,161,0.0,2.7658652e-07
64,161,1.0,1.8084708e-06
64,161,2.0,1.7482143e-05
64,161,3.0,4.3263724e-05
64,161,4.0,6.0885726e-05
64,161,5.0,0.00011944727
64,161,6.0,0.00017362766
64,161,7.0,0.000276563
64,161,8.0,0.0002191896
64,161,9.0,0.00058715104
64,161,10.0,0.0007297348
64,161,11.0,0.00040288997
64,161,12.0,0.00041402376
64,161,13.0,0.00039576858
64,161,14.0,0.00034196657
64,162,0.0,1.1851337e-09
64,162,1.0,1.8986604e-05
64,162,2.0,2.1532578e-05
64,162,3.0,8.6141124e-05
64,162,4.0,0.000109835004
64,162,5.0,0.00014619605
64,162,6.0,0.0002394783
64,162,7.0,0.0003676662
64,162,8.0,0.00043090648
64,162,9.0,0.0003315006
64,162,10.0,0.00031101657
64,162,11.0,0.0003323485
64,162,12.0,0.00030406503
64,162,13.0,0.0003743747
64,162,14.0,0.0003871223
64,163,0.0,2.613232e-09
64,163,1.0,0.0
64,163,2.0,5.095743e-06
64,163,3.0,0.00017166871
64,163,4.0,0.00023708459
64,163,5.0,0.0002443455
64,163,6.0,0.00044308518
64,163,7.0,0.00036522574
64,163,8.0,0.00037875754
64,163,9.0,0.00026992994
64,163,10.0,0.00019598655
64,163,11.0,0.00019443946
64,163,12.0,0.00023643095
64,163,13.0,0.00026179352
64,163,14.0,0.00026557044
64,164,0.0,2.3542623e-09
64,164,1.0,2.3192845e-09
64,164,2.0,1.3626251e-06
64,164,3.0,1.2282575e-07
64,164,4.0,3.4225675e-05
64,164,5.0,9.978875e-05
64,164,6.0,0.00034146354
64,164,7.0,0.00026222935
64,164,8.0,0.00025665323
64,164,9.0,0.00019791164
64,164,10.0,0.00018646187
64,164,11.0,0.00021575337
64,164,12.0,0.00022960884
64,164,13.0,0.000252858
64,164,14.0,0.0002081767
64,165,0.0,1.244205e-06
64,165,1.0,0.0
64,165,2.0,1.3796553e-07
64,165,3.0,7.731251e-11
64,165,4.0,3.8577352e-07
64,165,5.0,8.2121704e-07
64,165,6.0,1.1176791e-05
64,165,7.0,7.7495715e-06
64,165,8.0,3.3112883e-05
64,165,9.0,3.8956827e-05
64,165,10.0,5.6076286e-05
64,165,11.0,6.182184e-05
64,165,12.0,5.0543153e-05
64,165,13.0,2.7335935e-05
64,165,14.0,4.634751e-05
64,166,0.0,2.72774e-07
64,166,1.0,0.0
64,166,2.0,0.0
64,166,3.0,2.9353163e-08
64,166,4.0,1.4148428e-07
64,166,5.0,0.0
64,166,6.0,0.0
64,166,7.0,9.676865e-08
64,166,8.0,0.0
64,166,9.0,0.0
64,166,10.0,7.262561e-08
64,166,11.0,8.1949935e-07
64,166,12.0,4.210636e-07
64,166,13.0,0.0
64,166,14.0,0.0
64,167,0.0,1.8288816e-06
64,167,1.0,9.813695e-07
64,167,2.0,3.527385e-06
64,167,3.0,8.6233405e-07
64,167,4.0,3.4184572e-07
64,167,5.0,8.801964e-07
64,167,6.0,1.7801419e-06
64,167,7.0,3.4407224e-06
64,167,8.0,6.687972e-06
64,167,9.0,8.49233e-06
64,167,10.0,1.8409437e-05
64,167,11.0,8.874795e-06
64,167,12.0,6.8147992e-06
64,167,13.0,4.903709e-06
64,167,14.0,3.498281e-06
64,168,0.0,9.25602e-09
64,168,1.0,4.5833914e-07
64,168,2.0,3.7903323e-08
64,168,3.0,0.0
64,168,4.0,3.5363363e-09
64,168,5.0,0.0
64,168,6.0,0.0
64,168,7.0,0.0
64,168,8.0,0.0
64,168,9.0,0.0
64,168,10.0,1.0217047e-07
64,168,11.0,4.5731986e-07
64,168,12.0,1.8520933e-07
64,168,13.0,0.0
64,168,14.0,0.0
64,169,0.0,0.0
64,169,1.0,2.1008107e-06
64,169,2.0,6.5393886e-07
64,169,3.0,6.741138e-07
64,169,4.0,1.26881e-06
64,169,5.0,7.897577e-07
64,169,6.0,1.4370191e-07
64,169,7.0,0.0
64,169,8.0,0.0
64,169,9.0,0.0
64,169,10.0,4.582746e-07
64,169,11.0,3.0499226e-07
64,169,12.0,0.0
64,169,13.0,0.0
64,169,14.0,0.0
64,170,0.0,2.7586768e-07
64,170,1.0,0.0
64,170,2.0,0.0
64,170,3.0,0.0
64,170,4.0,0.0
64,170,5.0,0.0
64,170,6.0,0.0
64,170,7.0,1.6525378e-08
64,170,8.0,2.597057e-07
64,170,9.0,5.062896e-07
64,170,10.0,6.135492e-07
64,170,11.0,0.0
64,170,12.0,0.0
64,170,13.0,0.0
64,170,14.0,0.0
64,171,0.0,1.279081e-07
64,171,1.0,0.0
64,171,2.0,0.0
64,171,3.0,0.0
64,171,4.0,0.0
64,171,5.0,0.0
64,171,6.0,3.8599575e-07
64,171,7.0,8.246524e-07
64,171,8.0,8.3382565e-07
64,171,9.0,1.1421828e-06
64,171,10.0,4.786365e-09
64,171,11.0,0.0
64,171,12.0,0.0
64,171,13.0,0.0
64,171,14.0,0.0
64,172,0.0,2.1895999e-10
64,172,1.0,1.2126125e-07
64,172,2.0,0.0
64,172,3.0,0.0
64,172,4.0,0.0
64,172,5.0,0.0
64,172,6.0,1.0664346e-07
64,172,7.0,1.2889318e-06
64,172,8.0,1.7115528e-06
64,172,9.0,2.067941e-07
64,172,10.0,0.0
64,172,11.0,0.0
64,172,12.0,0.0
64,172,13.0,0.0
64,172,14.0,2.6167144e-09
65,154,0.0,3.0677172e-09
65,154,1.0,0.0
65,154,2.0,0.0
65,154,3.0,0.0
65,154,4.0,0.0
65,154,5.0,0.0
65,154,6.0,0.0
65,154,7.0,0.0
65,154,8.0,2.0616648e-07
65,154,9.0,0.0
65,154,10.0,0.0
65,154,11.0,1.04455566e-07
65,154,12.0,7.180296e-07
65,154,13.0,0.0
65,154,14.0,0.0
65,155,0.0,2.1964382e-07
65,155,1.0,0.0
65,155,2.0,4.309624e-07
65,155,3.0,0.0
65,155,4.0,6.4076836e-08
65,155,5.0,1.8182564e-06
65,155,6.0,0.0
65,155,7.0,2.3403234e-07
65,155,8.0,2.6028506e-06
65,155,9.0,3.5732615e-08
65,155,10.0,0.0
65,155,11.0,0.0
65,155,12.0,0.0
65,155,13.0,0.0
65,155,14.0,0.0
65,156,0.0,4.582407e-07
65,156,1.0,3.2953776e-06
65,156,2.0,2.5822619e-08
65,156,3.0,0.0
65,156,4.0,1.1574869e-05
65,156,5.0,3.879114e-07
65,156,6.0,1.8542818e-06
65,156,7.0,5.649826e-07
65,156,8.0,4.2242204e-06
65,156,9.0,3.2980604e-06
65,156,10.0,2.279624e-06
65,156,11.0,0.0
65,156,12.0,1.3824453e-07
65,156,13.0,3.079521e-08
65,156,14.0,6.914942e-08
65,157,0.0,0.0
65,157,1.0,0.0
65,157,2.0,0.0
65,157,3.0,0.0
65,157,4.0,1.6905666e-10
65,157,5.0,0.0
65,157,6.0,0.0
65,157,7.0,0.0
65,157,8.0,0.0
65,157,9.0,1.091494e-06
65,157,10.0,4.509779e-07
65,157,11.0,1.6322692e-05
65,157,12.0,1.6120813e-06
65,157,13.0,4.875676e-09
65,157,14.0,2.0121831e-06
65,158,0.0,3.464475e-07
65,158,1.0,0.0
65,158,2.0,2.1907367e-06
65,158,3.0,0.0
65,158,4.0,0.0
65,158,5.0,0.0
65,158,6.0,0.0
65,158,7.0,0.0
65,158,8.0,0.0
65,158,9.0,2.0550395e-08
65,158,10.0,7.618026e-08
65,158,11.0,2.3192629e-06
65,158,12.0,0.0
65,158,13.0,0.0
65,158,14.0,0.0
65,159,0.0,1.5749855e-07
65,159,1.0,0.0
65,159,2.0,0.0
65,159,3.0,0.0
65,159,4.0,0.0
65,159,5.0,0.0
65,159,6.0,0.0
65,159,7.0,0.0
65,159,8.0,0.0
65,159,9.0,0.0
65,159,10.0,0.0
65,159,11.0,0.0
65,159,12.0,0.0
65,159,13.0,0.0
65,159,14.0,1.5421102e-06
65,160,0.0,5.764285e-08
65,160,1.0,0.0
65,160,2.0,0.0
65,160,3.0,0.0
65,160,4.0,1.9137335e-06
65,160,5.0,0.0
65,160,6.0,0.0
65,160,7.0,0.0
65,160,8.0,2.790401e-06
65,160,9.0,8.002737e-06
65,160,10.0,7.488699e-07
65,160,11.0,0.0
65,160,12.0,2.114575e-07
65,160,13.0,2.5283105e-08
65,160,14.0,9.579464e-09
65,161,0.0,1.2884474e-08
65,161,1.0,1.8056915e-07
65,161,2.0,0.0
65,161,3.0,0.0
65,161,4.0,0.0
65,161,5.0,0.0
65,161,6.0,0.0
65,161,7.0,0.0
65,161,8.0,7.8746545e-08
65,161,9.0,8.053875e-07
65,161,10.0,0.0
65,161,11.0,0.0
65,161,12.0,0.0
65,161,13.0,2.2044487e-06
65,161,14.0,1.1907691e-05
65,162,0.0,2.07311e-08
65,162,1.0,0.0
65,162,2.0,1.3246572e-06
65,162,3.0,2.7914655e-07
65,162,4.0,0.0
65,162,5.0,0.0
65,162,6.0,0.0
65,162,7.0,0.0
65,162,8.0,4.403457e-07
65,162,9.0,4.7548383e-06
65,162,10.0,3.6081585e-07
65,162,11.0,5.578232e-07
65,162,12.0,2.9547687e-07
65,162,13.0,3.8141347e-06
65,162,14.0,2.0957976e-05
65,163,0.0,1.7962991e-07
65,163,1.0,5.5222395e-06
65,163,2.0,7.164687e-06
65,163,3.0,7.994465e-10
65,163,4.0,0.0
65,163,5.0,0.0
65,163,6.0,0.0
65,163,7.0,1.10527135e-05
65,163,8.0,6.844313e-06
65,163,9.0,1.1150008e-05
65,163,10.0,4.457743e-05
65,163,11.0,7.399896e-05
65,163,12.0,9.8320335e-05
65,163,13.0,8.420398e-05
65,163,14.0,6.756554e-05
65,164,0.0,0.0
65,164,1.0,4.85777e-07
65,164,2.0,2.3609859e-07
65,164,3.0,1.4901196e-09
65,164,4.0,0.0
65,164,5.0,4.20773e-08
65,164,6.0,5.679947e-06
65,164,7.0,3.7458223e-05
65,164,8.0,2.959359e-05
65,164,9.0,3.702011e-05
65,164,10.0,4.534623e-05
65,164,11.0,0.000110908
65,164,12.0,9.166913e-05
65,164,13.0,7.9728656e-05
65,164,14.0,8.728796e-05
65,165,0.0,9.2224434e-07
65,165,1.0,1.45813885e-08
65,165,2.0,0.0
65,165,3.0,0.0
65,165,4.0,0.0
65,165,5.0,0.0
65,165,6.0,8.936133e-06
65,165,7.0,3.0750623e-05
65,165,8.0,0.00013536816
65,165,9.0,9.275757e-05
65,165,10.0,6.823782e-05
65,165,11.0,3.54672e-05
65,165,12.0,4.8346366e-05
65,165,13.0,8.5475134e-05
65,165,14.0,6.7866764e-05
65,166,0.0,6.723835e-07
65,166,1.0,4.4375872e-07
65,166,2.0,7.229303e-07
65,166,3.0,2.1493563e-06
65,166,4.0,2.5177414e-06
65,166,5.0,2.7916505e-09
65,166,6.0,1.324046e-06
65,166,7.0,4.545945e-06
65,166,8.0,4.1596904e-05
65,166,9.0,1.4301406e-05
65,166,10.0,2.9989564e-05
65,166,11.0,2.962309e-05
65,166,12.0,2.059621e-05
65,166,13.0,1.5097703e-05
65,166,14.0,1.7821461e-05
65,167,0.0,7.454278e-09
65,167,1.0,0.0
65,167,2.0,5.111182e-09
65,167,3.0,5.8934607e-08
65,167,4.0,6.987684e-06
65,167,5.0,2.1909955e-06
65,167,6.0,1.1899041e-06
65,167,7.0,2.9471364e-06
65,167,8.0,1.0623102e-05
65,167,9.0,1.6929711e-05
65,167,10.0,1.4147604e-05
65,167,11.0,1.1490654e-06
65,167,12.0,3.2702837e-06
65,167,13.0,7.669965e-06
65,167,14.0,1.78166e-05
65,168,0.0,6.8010814e-07
65,168,1.0,4.0847104e-07
65,168,2.0,4.3761172e-08
65,168,3.0,0.0
65,168,4.0,0.0
65,168,5.0,0.0
65,168,6.0,5.2662856e-09
65,168,7.0,2.497708e-07
65,168,8.0,4.6998034e-06
65,168,9.0,6.703846e-06
65,168,10.0,1.3722353e-06
65,168,11.0,8.362068e-07
65,168,12.0,1.5702507e-07
65,168,13.0,2.0143286e-06
65,168,14.0,4.949095e-06
65,169,0.0,0.0
65,169,1.0,0.0
65,169,2.0,5.701714e-10
65,169,3.0,1.3437065e-10
65,169,4.0,0.0
65,169,5.0,0.0
65,169,6.0,0.0
65,169,7.0,0.0
65,169,8.0,6.678013e-07
65,169,9.0,6.831503e-06
65,169,10.0,4.7172826e-08
65,169,11.0,0.0
65,169,12.0,2.9580093e-07
65,169,13.0,9.1664907e-07
65,169,14.0,9.262281e-08
65,170,0.0,0.0
65,170,1.0,0.0
65,170,2.0,0.0
65,170,3.0,0.0
65,170,4.0,0.0
65,170,5.0,0.0
65,170,6.0,4.5460954e-10
65,170,7.0,2.2995835e-06
65,170,8.0,8.0330565e-06
65,170,9.0,4.7263447e-07
65,170,10.0,2.2212826e-07
65,170,11.0,1.9903506e-08
65,170,12.0,3.9186827e-09
65,170,13.0,0.0
65,170,14.0,4.0121066e-09
65,171,0.0,5.0373524e-07
65,171,1.0,9.083709e-10
65,171,2.0,8.3002827e-10
65,171,3.0,1.3650582e-08
65,171,4.0,1.3653049e-07
65,171,5.0,8.4253026e-07
65,171,6.0,2.172715e-06
65,171,7.0,1.2140664e-06
65,171,8.0,6.2802687e-09
65,171,9.0,1.8656318e-11
65,171,10.0,0.0
65,171,11.0,0.0
65,171,12.0,1.1781291e-09
65,171,13.0,0.0
65,171,14.0,0.0
65,172,0.0,1.36452e-06
65,172,1.0,6.3588016e-07
65,172,2.0,0.0
65,172,3.0,0.0
65,172,4.0,3.1060463e-08
65,172,5.0,1.2679343e-06
65,172,6.0,2.339559e-06
65,172,7.0,1.0907862e-08
65,172,8.0,0.0
65,172,9.0,0.0
65,172,10.0,5.748378e-10
65,172,11.0,1.0102851e-08
65,172,12.0,2.4050882e-08
65,172,13.0,0.0
65,172,14.0,0.0
66,157,0.0,3.4156876e-06
66,157,1.0,1.704831e-06
66,157,2.0,5.331343e-07
66,157,3.0,4.9956907e-06
66,157,4.0,8.104172e-12
66,157,5.0,0.0
66,157,6.0,0.0
66,157,7.0,1.0496739e-08
66,157,8.0,8.673334e-06
66,157,9.0,4.0361856e-06
66,157,10.0,2.1571436e-06
66,157,11.0,3.3367318e-08
66,157,12.0,0.0
66,157,13.0,1.2086466e-08
66,157,14.0,3.3401625e-07
66,158,0.0,8.4224973e-07
66,158,1.0,4.1302044e-07
66,158,2.0,0.0
66,158,3.0,0.0
66,158,4.0,0.0
66,158,5.0,0.0
66,158,6.0,1.7695813e-06
66,158,7.0,1.6868835e-07
66,158,8.0,1.7096711e-07
66,158,9.0,1.7397804e-05
66,158,10.0,1.2708642e-05
66,158,11.0,4.242868e-12
66,158,12.0,0.0
66,158,13.0,0.0
66,158,14.0,3.7092543e-06
66,159,0.0,2.4475685e-17
66,159,1.0,9.868429e-09
66,159,2.0,0.0
66,159,3.0,1.0742208e-09
66,159,4.0,0.0
66,159,5.0,0.0
66,159,6.0,8.392355e-07
66,159,7.0,0.0
66,159,8.0,5.4144643e-06
66,159,9.0,7.726254e-07
66,159,10.0,3.2695309e-07
66,159,11.0,1.9998826e-05
66,159,12.0,1.4701502e-06
66,159,13.0,2.563163e-06
66,159,14.0,1.13877505e-07
66,160,0.0,1.585199e-09
66,160,1.0,0.0
66,160,2.0,8.793069e-09
66,160,3.0,0.0
66,160,4.0,2.2977444e-07
66,160,5.0,7.868601e-07
66,160,6.0,5.655218e-06
66,160,7.0,2.840395e-07
66,160,8.0,1.567043e-06
66,160,9.0,5.5812948e-06
66,160,10.0,3.1509128e-06
66,160,11.0,6.5232107e-06
66,160,12.0,9.2531656e-07
66,160,13.0,7.0677135e-07
66,160,14.0,1.4558231e-08
66,161,0.0,0.0
66,161,1.0,0.0
66,161,2.0,0.0
66,161,3.0,0.0
66,161,4.0,0.0
66,161,5.0,9.31325e-10
66,161,6.0,1.9694481e-07
66,161,7.0,7.752991e-12
66,161,8.0,5.4775825e-08
66,161,9.0,1.1945608e-06
66,161,10.0,2.3041142e-08
66,161,11.0,4.841055e-11
66,161,12.0,0.0
66,161,13.0,0.0
66,161,14.0,1.1094311e-07
66,162,0.0,2.17891e-09
66,162,1.0,4.0847805e-08
66,162,2.0,1.8435463e-08
66,162,3.0,0.0
66,162,4.0,1.9367471e-08
66,162,5.0,0.0
66,162,6.0,8.888175e-08
66,162,7.0,6.353297e-08
66,162,8.0,2.308114e-08
66,162,9.0,1.1855943e-06
66,162,10.0,1.9857207e-09
66,162,11.0,0.0
66,162,12.0,0.0
66,162,13.0,0.0
66,162,14.0,7.618931e-08
66,163,0.0,4.2486004e-10
66,163,1.0,5.168523e-09
66,163,2.0,4.926976e-07
66,163,3.0,5.0389584e-08
66,163,4.0,4.1723055e-07
66,163,5.0,4.8902393e-07
66,163,6.0,2.0691243e-06
66,163,7.0,5.2597205e-08
66,163,8.0,3.762016e-07
66,163,9.0,7.7861193e-07
66,163,10.0,4.7974896e-07
66,163,11.0,5.773227e-07
66,163,12.0,2.7846193e-07
66,163,13.0,2.56376e-07
66,163,14.0,7.9811696e-07
66,164,0.0,0.0
66,164,1.0,0.0
66,164,2.0,8.8752466e-07
66,164,3.0,6.809992e-07
66,164,4.0,3.9316927e-07
66,164,5.0,1.3709091e-06
66,164,6.0,2.2757236e-07
66,164,7.0,1.144712e-06
66,164,8.0,1.0990115e-06
66,164,9.0,3.595882e-06
66,164,10.0,4.772941e-07
66,164,11.0,3.237123e-08
66,164,12.0,3.7024213e-07
66,164,13.0,1.1794559e-06
66,164,14.0,1.4115458e-06
66,165,0.0,3.1919998e-07
66,165,1.0,6.333536e-07
66,165,2.0,3.9265087e-06
66,165,3.0,0.0
66,165,4.0,0.0
66,165,5.0,0.0
66,165,6.0,0.0
66,165,7.0,0.0
66,165,8.0,1.3577122e-06
66,165,9.0,8.468673e-07
66,165,10.0,1.1738534e-08
66,165,11.0,1.1665066e-06
66,165,12.0,3.3446242e-06
66,165,13.0,5.751339e-06
66,165,14.0,9.522514e-06
66,166,0.0,1.5166929e-09
66,166,1.0,0.0
66,166,2.0,4.8917034e-08
66,166,3.0,1.2040499e-07
66,166,4.0,0.0
66,166,5.0,0.0
66,166,6.0,1.4190323e-06
66,166,7.0,5.5333544e-06
66,166,8.0,3.4549439e-09
66,166,9.0,2.1811085e-05
66,166,10.0,8.817547e-06
66,166,11.0,1.5394784e-05
66,166,12.0,2.4011402e-05
66,166,13.0,6.8662193e-06
66,166,14.0,3.0158628e-05
66,167,0.0,0.0
66,167,1.0,0.0
66,167,2.0,0.0
66,167,3.0,0.0
66,167,4.0,0.0
66,167,5.0,9.616078e-06
66,167,6.0,2.0879877e-05
66,167,7.0,2.2101725e-05
66,167,8.0,8.816907e-06
66,167,9.0,9.741769e-06
66,167,10.0,1.1935e-05
66,167,11.0,2.7192731e-05
66,167,12.0,2.2778748e-05
66,167,13.0,1.49359075e-05
66,167,14.0,1.2645096e-05
66,168,0.0,2.1876795e-08
66,168,1.0,8.284043e-10
66,168,2.0,0.0
66,168,3.0,0.0
66,168,4.0,1.0298104e-06
66,168,5.0,6.6516313e-06
66,168,6.0,7.5165567e-06
66,168,7.0,1.9132956e-05
66,168,8.0,1.8629213e-05
66,168,9.0,2.0235905e-06
66,168,10.0,1.08362465e-05
66,168,11.0,1.5181398e-06
66,168,12.0,7.603919e-06
66,168,13.0,5.42399e-06
66,168,14.0,6.485531e-06
66,169,0.0,0.0
66,169,1.0,0.0
66,169,2.0,0.0
66,169,3.0,5.821606e-07
66,169,4.0,4.4733977e-07
66,169,5.0,1.2997452e-06
66,169,6.0,1.7473727e-06
66,169,7.0,3.471867e-06
66,169,8.0,2.516257e-06
66,169,9.0,5.1167785e-06
66,169,10.0,4.132206e-06
66,169,11.0,1.9047409e-06
66,169,12.0,1.4176029e-06
66,169,13.0,1.6418885e-06
66,169,14.0,3.7032887e-06
66,170,0.0,3.2122915e-11
66,170,1.0,0.0
66,170,2.0,0.0
66,170,3.0,5.225184e-07
66,170,4.0,7.1862014e-06
66,170,5.0,3.4502145e-06
66,170,6.0,3.559997e-06
66,170,7.0,3.3215379e-06
66,170,8.0,7.192596e-06
66,170,9.0,3.4980392e-06
66,170,10.0,3.85107e-06
66,170,11.0,7.919089e-07
66,170,12.0,1.9353512e-07
66,170,13.0,2.9979466e-07
66,170,14.0,2.9296507e-07
66,171,0.0,0.0
66,171,1.0,1.4216108e-09
66,171,2.0,7.0740884e-07
66,171,3.0,5.2084175e-07
66,171,4.0,1.106863e-06
66,171,5.0,2.1478277e-06
66,171,6.0,3.16908e-06
66,171,7.0,3.630948e-06
66,171,8.0,1.8914695e-06
66,171,9.0,4.1020166e-06
66,171,10.0,3.6347194e-07
66,171,11.0,2.52353e-07
66,171,12.0,8.268602e-07
66,171,13.0,1.903185e-06
66,171,14.0,9.835021e-07
66,172,0.0,1.6209692e-10
66,172,1.0,5.605654e-07
66,172,2.0,1.2980199e-08
66,172,3.0,0.0
66,172,4.0,0.0
66,172,5.0,2.5605232e-08
66,172,6.0,4.396946e-10
66,172,7.0,7.429636e-08
66,172,8.0,6.036175e-07
66,172,9.0,1.8718913e-07
66,172,10.0,1.1445218e-06
66,172,11.0,9.196736e-07
66,172,12.0,3.6610305e-07
66,172,13.0,6.0596574e-07
66,172,14.0,9.293916e-07
67,160,0.0,0.0
67,160,1.0,3.3598e-08
67,160,2.0,1.6908656e-06
67,160,3.0,4.1807985e-07
67,160,4.0,0.0
67,160,5.0,0.0
67,160,6.0,0.0
67,160,7.0,0.0
67,160,8.0,0.0
67,160,9.0,7.153834e-08
67,160,10.0,2.5217895e-07
67,160,11.0,9.718348e-07
67,160,12.0,5.2406524e-09
67,160,13.0,0.0
67,160,14.0,3.52514e-09
67,161,0.0,0.0
67,161,1.0,0.0
67,161,2.0,2.2464206e-07
67,161,3.0,3.1679592e-09
67,161,4.0,0.0
67,161,5.0,0.0
67,161,6.0,0.0
67,161,7.0,0.0
67,161,8.0,0.0
67,161,9.0,1.4692371e-07
67,161,10.0,0.0
67,161,11.0,0.0
67,161,12.0,0.0
67,161,13.0,0.0
67,161,14.0,0.0
67,162,0.0,8.357184e-08
67,162,1.0,1.0436099e-06
67,162,2.0,9.008769e-07
67,162,3.0,1.1000921e-07
67,162,4.0,4.3373603e-07
67,162,5.0,5.9232068e-08
67,162,6.0,4.6553183e-07
67,162,7.0,2.6157434e-07
67,162,8.0,1.0307504e-06
67,162,9.0,1.8769307e-06
67,162,10.0,2.4016794e-07
67,162,11.0,6.926733e-07
67,162,12.0,9.735238e-08
67,162,13.0,7.574672e-08
67,162,14.0,6.238646e-07
67,163,0.0,0.0
67,163,1.0,2.7106586e-07
67,163,2.0,1.99198e-06
67,163,3.0,6.5223423e-07
67,163,4.0,3.397793e-08
67,163,5.0,2.510028e-10
67,163,6.0,3.8473447e-11
67,163,7.0,6.480445e-09
67,163,8.0,3.5836769e-07
67,163,9.0,0.0
67,163,10.0,0.0
67,163,11.0,0.0
67,163,12.0,0.0
67,163,13.0,1.1579023e-07
67,163,14.0,7.91207e-10
67,164,0.0,1.3430858e-07
67,164,1.0,1.689565e-07
67,164,2.0,2.1599585e-06
67,164,3.0,1.8945127e-06
67,164,4.0,0.0
67,164,5.0,3.242122e-07
67,164,6.0,9.313836e-07
67,164,7.0,5.183348e-08
67,164,8.0,0.0
67,164,9.0,1.0279408e-07
67,164,10.0,1.8418477e-08
67,164,11.0,0.0
67,164,12.0,1.2342397e-07
67,164,13.0,9.944935e-07
67,164,14.0,5.2051735e-07
67,165,0.0,0.0
67,165,1.0,1.1089048e-07
67,165,2.0,7.741652e-07
67,165,3.0,5.400057e-07
67,165,4.0,8.250476e-08
67,165,5.0,1.0560707e-06
67,165,6.0,0.0
67,165,7.0,8.5360426e-08
67,165,8.0,3.6339007e-09
67,165,9.0,1.0910392e-07
67,165,10.0,1.0636686e-06
67,165,11.0,1.4431802e-06
67,165,12.0,6.375034e-09
67,165,13.0,0.0
67,165,14.0,1.6029123e-08
67,166,0.0,0.0
67,166,1.0,0.0
67,166,2.0,0.0
67,166,3.0,0.0
67,166,4.0,0.0
67,166,5.0,0.0
67,166,6.0,1.0510606e-08
67,166,7.0,0.0
67,166,8.0,5.9435826e-07
67,166,9.0,8.465522e-07
67,166,10.0,1.185256e-06
67,166,11.0,1.7375163e-07
67,166,12.0,2.262061e-07
67,166,13.0,3.9140133e-07
67,166,14.0,1.3099784e-06
67,167,0.0,0.0
67,167,1.0,0.0
67,167,2.0,0.0
67,167,3.0,0.0
67,167,4.0,0.0
67,167,5.0,0.0
67,167,6.0,0.0
67,167,7.0,0.0
67,167,8.0,5.748405e-08
67,167,9.0,1.2494293e-06
67,167,10.0,1.2946988e-06
67,167,11.0,2.0157671e-07
67,167,12.0,7.5332207e-07
67,167,13.0,2.5566362e-06
67,167,14.0,4.8338807e-06
67,168,0.0,0.0
67,168,1.0,0.0
67,168,2.0,0.0
67,168,3.0,0.0
67,168,4.0,0.0
67,168,5.0,0.0
67,168,6.0,0.0
67,168,7.0,1.4834652e-07
67,168,8.0,3.696917e-07
67,168,9.0,4.4191153e-09
67,168,10.0,0.0
67,168,11.0,1.6556952e-07
67,168,12.0,2.2463319e-06
67,168,13.0,4.0273176e-06
67,168,14.0,4.3278137e-06
67,169,0.0,0.0
67,169,1.0,0.0
67,169,2.0,0.0
67,169,3.0,0.0
67,169,4.0,0.0
67,169,5.0,0.0
67,169,6.0,1.10967505e-07
67,169,7.0,1.5589906e-07
67,169,8.0,3.64994e-07
67,169,9.0,6.8398537e-10
67,169,10.0,1.6503076e-09
67,169,11.0,5.557189e-08
67,169,12.0,1.0955528e-06
67,169,13.0,1.5507059e-06
67,169,14.0,2.8210088e-06
67,170,0.0,1.7993967e-10
67,170,1.0,0.0
67,170,2.0,0.0
67,170,3.0,0.0
67,170,4.0,0.0
67,170,5.0,4.931386e-08
67,170,6.0,2.2657242e-07
67,170,7.0,5.3928154e-08
67,170,8.0,0.0
67,170,9.0,0.0
67,170,10.0,2.344675e-09
67,170,11.0,1.1909635e-06
67,170,12.0,2.3147745e-06
67,170,13.0,2.9999603e-06
67,170,14.0,4.3081113e-06
67,171,0.0,5.350471e-07
67,171,1.0,1.0490872e-09
67,171,2.0,0.0
67,171,3.0,0.0
67,171,4.0,0.0
67,171,5.0,2.1269958e-07
67,171,6.0,0.0
67,171,7.0,0.0
67,171,8.0,0.0
67,171,9.0,0.0
67,171,10.0,2.5098225e-07
67,171,11.0,2.7646731e-06
67,171,12.0,3.9295996e-06
67,171,13.0,3.6002555e-06
67,171,14.0,2.476831e-06
67,172,0.0,0.0
67,172,1.0,3.1897036e-09
67,172,2.0,3.4965715e-09
67,172,3.0,0.0
67,172,4.0,8.579201e-08
67,172,5.0,0.0
67,172,6.0,0.0
67,172,7.0,0.0
67,172,8.0,0.0
67,172,9.0,0.0
67,172,10.0,3.6133487e-09
67,172,11.0,1.9572163e-07
67,172,12.0,1.5340673e-07
67,172,13.0,1.6640696e-08
67,172,14.0,7.056065e-08
68,163,0.0,0.0
68,163,1.0,8.075814e-09
68,163,2.0,1.5114595e-07
68,163,3.0,1.8157611e-07
68,163,4.0,1.2697674e-07
68,163,5.0,1.7858888e-07
68,163,6.0,0.0
68,163,7.0,0.0
68,163,8.0,0.0
68,163,9.0,0.0
68,163,10.0,0.0
68,163,11.0,0.0
68,163,12.0,0.0
68,163,13.0,0.0
68,163,14.0,0.0
68,164,0.0,9.0124e-07
68,164,1.0,1.0471543e-06
68,164,2.0,6.522586e-07
68,164,3.0,6.9999993e-07
68,164,4.0,4.23161e-07
68,164,5.0,5.560994e-07
68,164,6.0,6.478874e-08
68,164,7.0,8.490003e-11
68,164,8.0,0.0
68,164,9.0,0.0
68,164,10.0,0.0
68,164,11.0,1.7286592e-08
68,164,12.0,0.0
68,164,13.0,0.0
68,164,14.0,1.1166786e-08
68,165,0.0,0.0
68,165,1.0,9.635998e-09
68,165,2.0,0.0
68,165,3.0,0.0
68,165,4.0,2.3655294e-07
68,165,5.0,4.4243563e-07
68,165,6.0,7.365165e-07
68,165,7.0,2.0526379e-08
68,165,8.0,0.0
68,165,9.0,0.0
68,165,10.0,5.043148e-08
68,165,11.0,1.09713916e-07
68,165,12.0,2.9042939e-08
68,165,13.0,2.5382079e-09
68,165,14.0,5.3101385e-08
68,166,0.0,3.292415e-07
68,166,1.0,2.2443298e-07
68,166,2.0,6.330405e-08
68,166,3.0,0.0
68,166,4.0,5.3002647e-09
68,166,5.0,3.9365446e-07
68,166,6.0,1.0498848e-07
68,166,7.0,7.8799505e-13
68,166,8.0,0.0
68,166,9.0,3.620703e-07
68,166,10.0,2.046673e-07
68,166,11.0,5.4286903e-07
68,166,12.0,9.122216e-07
68,166,13.0,4.2535132e-07
68,166,14.0,1.6802423e-07
68,167,0.0,4.124837e-08
68,167,1.0,1.2032509e-06
68,167,2.0,2.224903e-07
68,167,3.0,1.3026587e-07
68,167,4.0,8.058875e-09
68,167,5.0,3.685826e-07
68,167,6.0,3.8745398e-07
68,167,7.0,1.1873583e-07
68,167,8.0,1.8046434e-07
68,167,9.0,7.825176e-07
68,167,10.0,8.325166e-07
68,167,11.0,6.588901e-07
68,167,12.0,7.4641645e-07
68,167,13.0,1.0888267e-06
68,167,14.0,1.2678154e-06
68,168,0.0,4.0271414e-07
68,168,1.0,4.4639515e-07
68,168,2.0,1.06630324e-07
68,168,3.0,0.0
68,168,4.0,0.0
68,168,5.0,1.1853496e-10
68,168,6.0,9.336976e-09
68,168,7.0,7.549323e-09
68,168,8.0,3.5505014e-09
68,168,9.0,6.004592e-07
68,168,10.0,1.5306634e-06
68,168,11.0,3.5764745e-07
68,168,12.0,9.812081e-08
68,168,13.0,2.3727708e-07
68,168,14.0,2.629509e-07
68,169,0.0,7.114023e-09
68,169,1.0,0.0
68,169,2.0,1.9358396e-07
68,169,3.0,3.0098792e-07
68,169,4.0,1.6429958e-07
68,169,5.0,9.057308e-07
68,169,6.0,3.0497597e-06
68,169,7.0,2.190924e-06
68,169,8.0,7.191736e-06
68,169,9.0,1.2809679e-05
68,169,10.0,2.849653e-06
68,169,11.0,0.0
68,169,12.0,0.0
68,169,13.0,0.0
68,169,14.0,4.093033e-08
68,170,0.0,0.0
68,170,1.0,3.8841554e-07
68,170,2.0,4.374329e-06
68,170,3.0,5.698015e-07
68,170,4.0,5.282735e-07
68,170,5.0,1.6046336e-07
68,170,6.0,1.9844634e-07
68,170,7.0,2.3643512e-08
68,170,8.0,1.2122979e-06
68,170,9.0,1.9201318e-06
68,170,10.0,1.2202692e-06
68,170,11.0,1.3140037e-06
68,170,12.0,2.2108745e-06
68,170,13.0,1.9840088e-06
68,170,14.0,3.2022708e-06
68,171,0.0,0.0
68,171,1.0,3.9523948e-06
68,171,2.0,3.1054863e-06
68,171,3.0,2.5050244e-07
68,171,4.0,3.5360742e-07
68,171,5.0,7.5199075e-08
68,171,6.0,0.0
68,171,7.0,1.3374611e-07
68,171,8.0,1.6040381e-06
68,171,9.0,1.3291954e-06
68,171,10.0,2.019081e-06
68,171,11.0,2.944578e-06
68,171,12.0,1.2303708e-06
68,171,13.0,5.50594e-07
68,171,14.0,1.1548121e-06
68,172,0.0,1.2584528e-09
68,172,1.0,2.1939509e-06
68,172,2.0,2.3849105e-07
68,172,3.0,2.0923368e-07
68,172,4.0,4.6621285e-09
68,172,5.0,4.1995666e-08
68,172,6.0,3.9596148e-07
68,172,7.0,7.6944525e-06
68,172,8.0,7.6265324e-06
68,172,9.0,1.0748877e-06
68,172,10.0,8.2639133e-07
68,172,11.0,1.899295e-06
68,172,12.0,3.5048413e-06
68,172,13.0,2.4894837e-06
68,172,14.0,1.9715428e-06
69,166,0.0,0.0
69,166,1.0,5.565014e-08
69,166,2.0,6.011943e-07
69,166,3.0,4.942538e-07
69,166,4.0,1.0220515e-07
69,166,5.0,3.7020083e-08
69,166,6.0,0.0
69,166,7.0,0.0
69,166,8.0,4.2456705e-10
69,166,9.0,0.0
69,166,10.0,6.4665945e-10
69,166,11.0,7.3205584e-08
69,166,12.0,0.0
69,166,13.0,0.0
69,166,14.0,0.0
69,167,0.0,0.0
69,167,1.0,1.1971066e-05
69,167,2.0,1.880918e-05
69,167,3.0,7.3935116e-06
69,167,4.0,3.5756e-06
69,167,5.0,4.8411607e-06
69,167,6.0,3.1826773e-06
69,167,7.0,4.713343e-06
69,167,8.0,1.3347651e-06
69,167,9.0,8.130171e-09
69,167,10.0,0.0
69,167,11.0,0.0
69,167,12.0,0.0
69,167,13.0,0.0
69,167,14.0,0.0
69,168,0.0,1.7801039e-08
69,168,1.0,8.250355e-07
69,168,2.0,4.5340944e-06
69,168,3.0,4.5294988e-07
69,168,4.0,5.9297955e-13
69,168,5.0,0.0
69,168,6.0,1.3936493e-07
69,168,7.0,5.0736205e-08
69,168,8.0,2.0372167e-07
69,168,9.0,0.0
69,168,10.0,0.0
69,168,11.0,0.0
69,168,12.0,0.0
69,168,13.0,0.0
69,168,14.0,0.0
69,169,0.0,7.825427e-07
69,169,1.0,5.396844e-07
69,169,2.0,2.3993728e-06
69,169,3.0,4.102278e-06
69,169,4.0,2.3396753e-06
69,169,5.0,3.9283086e-06
69,169,6.0,9.916655e-07
69,169,7.0,7.160197e-07
69,169,8.0,2.4862385e-07
69,169,9.0,2.7700514e-07
69,169,10.0,0.0
69,169,11.0,0.0
69,169,12.0,7.2648015e-07
69,169,13.0,7.4785106e-07
69,169,14.0,9.824834e-10
69,170,0.0,6.1297e-07
69,170,1.0,2.5791795e-07
69,170,2.0,4.104217e-06
69,170,3.0,3.1718657e-06
69,170,4.0,8.319363e-07
69,170,5.0,2.1880042e-07
69,170,6.0,9.455886e-08
69,170,7.0,2.8244598e-11
69,170,8.0,4.014764e-07
69,170,9.0,1.2625773e-09
69,170,10.0,5.993093e-08
69,170,11.0,3.8369072e-07
69,170,12.0,1.2182996e-07
69,170,13.0,0.0
69,170,14.0,0.0
69,171,0.0,2.8204852e-08
69,171,1.0,2.1598777e-07
69,171,2.0,1.4244052e-06
69,171,3.0,3.9757747e-08
69,171,4.0,6.882891e-08
69,171,5.0,1.4966366e-09
69,171,6.0,0.0
69,171,7.0,6.8089275e-07
69,171,8.0,1.1686786e-07
69,171,9.0,1.7084132e-07
69,171,10.0,3.6670167e-07
69,171,11.0,5.4610024e-07
69,171,12.0,3.1320775e-07
69,171,13.0,0.0
69,171,14.0,0.0
69,172,0.0,0.0
69,172,1.0,2.4139752e-09
69,172,2.0,3.9991465e-07
69,172,3.0,1.8919533e-07
69,172,4.0,8.050194e-08
69,172,5.0,5.992879e-08
69,172,6.0,1.1589915e-07
69,172,7.0,2.8497646e-09
69,172,8.0,0.0
69,172,9.0,0.0
69,172,10.0,3.56477e-07
69,172,11.0,3.2578876e-06
69,172,12.0,3.2620123e-06
69,172,13.0,1.0684347e-06
69,172,14.0,1.5510687e-07
70,168,0.0,0.0
70,168,1.0,3.6478089e-06
70,168,2.0,2.9723867e-06
70,168,3.0,6.716857e-08
70,168,4.0,0.0
70,168,5.0,0.0
70,168,6.0,8.598277e-08
70,168,7.0,8.379159e-09
70,168,8.0,3.4521477e-08
70,168,9.0,2.3584616e-09
70,168,10.0,0.0
70,168,11.0,0.0
70,168,12.0,0.0
70,168,13.0,7.475222e-10
70,168,14.0,0.0
70,169,0.0,1.0556237e-06
70,169,1.0,5.722834e-07
70,169,2.0,3.8473563e-06
70,169,3.0,2.6192185e-06
70,169,4.0,1.2904779e-06
70,169,5.0,1.8418502e-06
70,169,6.0,1.2190432e-07
70,169,7.0,2.1932248e-08
70,169,8.0,2.6925844e-07
70,169,9.0,8.58892e-07
70,169,10.0,0.0
70,169,11.0,1.222793e-10
70,169,12.0,3.4972308e-07
70,169,13.0,8.295725e-07
70,169,14.0,4.9580713e-08
70,170,0.0,2.9746874e-09
70,170,1.0,5.0909085e-07
70,170,2.0,3.4225523e-06
70,170,3.0,3.2706714e-07
70,170,4.0,4.1128033e-08
70,170,5.0,0.0
70,170,6.0,0.0
70,170,7.0,0.0
70,170,8.0,1.2199305e-07
70,170,9.0,5.0836242e-08
70,170,10.0,1.5793744e-07
70,170,11.0,1.692072e-07
70,170,12.0,1.8975435e-08
70,170,13.0,1.2341045e-10
70,170,14.0,0.0
70,171,0.0,1.4364535e-13
70,171,1.0,1.0284288e-06
70,171,2.0,1.042577e-06
70,171,3.0,4.052856e-10
70,171,4.0,7.616197e-09
70,171,5.0,1.8245591e-10
70,171,6.0,0.0
70,171,7.0,2.672747e-07
70,171,8.0,2.0595817e-07
70,171,9.0,1.8340155e-07
70,171,10.0,1.7449584e-07
70,171,11.0,4.5160743e-07
70,171,12.0,9.55502e-07
70,171,13.0,1.1940787e-07
70,171,14.0,1.1767475e-08
70,172,0.0,0.0
70,172,1.0,8.056709e-08
70,172,2.0,2.1289267e-07
70,172,3.0,1.8921895e-07
70,172,4.0,1.0824787e-08
70,172,5.0,0.0
70,172,6.0,2.4068232e-08
70,172,7.0,0.0
70,172,8.0,0.0
70,172,9.0,0.0
70,172,10.0,1.0131921e-07
70,172,11.0,1.1250373e-06
70,172,12.0,2.3983885e-06
70,172,13.0,3.478824e-07
70,172,14.0,1.3640226e-08
71,172,0.0,4.9805476e-11
71,172,1.0,0.0
71,172,2.0,0.0
71,172,3.0,0.0
71,172,4.0,0.0
71,172,5.0,0.0
71,172,6.0,0.0
71,172,7.0,0.0
71,172,8.0,0.0
71,172,9.0,0.0
71,172,10.0,3.9057312e-07
71,172,11.0,6.288732e-08
71,172,12.0,1.4504471e-09
71,172,13.0,1.9162495e-11
71,172,14.0,8.2620765e-08
