Z_physical,A_physical,E_physical,Yield_pred
23,66,0.0,5.201345e-10
23,66,1.0,4.2159303e-09
23,66,2.0,3.187618e-08
23,66,3.0,5.3407035e-08
23,66,4.0,1.9971441e-08
23,66,5.0,1.371051e-07
23,66,6.0,6.80712e-09
23,66,7.0,4.18192e-11
23,66,8.0,2.2234875e-13
23,66,9.0,6.246585e-13
23,66,10.0,2.6341596e-09
23,66,11.0,3.491736e-10
23,66,12.0,1.3154734e-10
23,66,13.0,5.8487895e-11
23,66,14.0,9.454077e-12
24,66,0.0,1.732837e-24
24,66,1.0,2.6852056e-12
24,66,2.0,2.2660459e-11
24,66,3.0,2.4614816e-10
24,66,4.0,2.4251984e-10
24,66,5.0,1.6822894e-09
24,66,6.0,3.5433148e-10
24,66,7.0,5.8526135e-11
24,66,8.0,2.1539413e-12
24,66,9.0,2.531031e-10
24,66,10.0,1.7848943e-10
24,66,11.0,4.4706662e-11
24,66,12.0,2.990845e-10
24,66,13.0,1.12925385e-08
24,66,14.0,6.2151173e-09
24,67,0.0,2.1980646e-17
24,67,1.0,3.1109785e-12
24,67,2.0,1.0799982e-11
24,67,3.0,4.406438e-11
24,67,4.0,2.8174513e-11
24,67,5.0,3.0281545e-11
24,67,6.0,3.532825e-11
24,67,7.0,1.3641384e-10
24,67,8.0,5.69747e-10
24,67,9.0,9.3081487e-10
24,67,10.0,8.585982e-10
24,67,11.0,2.1723211e-10
24,67,12.0,5.2126532e-11
24,67,13.0,5.6537955e-11
24,67,14.0,4.600088e-10
24,68,0.0,1.2562915e-10
24,68,1.0,2.1302887e-10
24,68,2.0,5.3894245e-10
24,68,3.0,4.598391e-14
24,68,4.0,3.328484e-09
24,68,5.0,1.968987e-11
24,68,6.0,1.8196685e-11
24,68,7.0,1.8046384e-10
24,68,8.0,3.1381369e-09
24,68,9.0,3.816355e-09
24,68,10.0,1.3468726e-10
24,68,11.0,2.9790788e-12
24,68,12.0,1.2902829e-10
24,68,13.0,2.5343025e-09
24,68,14.0,8.6662233e-10
24,69,0.0,8.6454893e-10
24,69,1.0,2.1400341e-10
24,69,2.0,7.443708e-10
24,69,3.0,7.1968556e-09
24,69,4.0,3.3156924e-09
24,69,5.0,7.616095e-09
24,69,6.0,2.2109259e-09
24,69,7.0,1.3818295e-09
24,69,8.0,4.2537094e-09
24,69,9.0,1.2468148e-08
24,69,10.0,6.2526673e-09
24,69,11.0,5.1261586e-09
24,69,12.0,1.151278e-08
24,69,13.0,9.572974e-09
24,69,14.0,7.852594e-12
24,70,0.0,3.90087e-12
24,70,1.0,5.8428307e-10
24,70,2.0,4.6108e-10
24,70,3.0,1.008852e-09
24,70,4.0,1.0540415e-09
24,70,5.0,1.3187824e-09
24,70,6.0,5.9926153e-09
24,70,7.0,4.983677e-09
24,70,8.0,4.321374e-09
24,70,9.0,3.1474197e-09
24,70,10.0,2.3868163e-10
24,70,11.0,7.147323e-11
24,70,12.0,9.339141e-10
24,70,13.0,1.4476678e-10
24,70,14.0,9.274185e-09
25,66,0.0,5.5336413e-10
25,66,1.0,1.2528056e-09
25,66,2.0,6.383648e-09
25,66,3.0,2.8142517e-09
25,66,4.0,4.043897e-09
25,66,5.0,4.4522284e-09
25,66,6.0,1.3623902e-09
25,66,7.0,8.738988e-11
25,66,8.0,1.6296875e-10
25,66,9.0,1.6128008e-09
25,66,10.0,9.627785e-09
25,66,11.0,6.514743e-09
25,66,12.0,5.7843415e-09
25,66,13.0,2.487069e-09
25,66,14.0,1.18900566e-07
25,67,0.0,2.2707707e-09
25,67,1.0,2.8088293e-12
25,67,2.0,1.4003261e-10
25,67,3.0,2.9809025e-10
25,67,4.0,4.0100046e-10
25,67,5.0,4.847277e-10
25,67,6.0,6.58003e-10
25,67,7.0,7.530133e-10
25,67,8.0,5.063128e-10
25,67,9.0,2.1890136e-10
25,67,10.0,6.125903e-11
25,67,11.0,1.447199e-10
25,67,12.0,6.1096966e-10
25,67,13.0,1.6359491e-14
25,67,14.0,4.1634993e-09
25,68,0.0,1.2666246e-10
25,68,1.0,3.558536e-12
25,68,2.0,2.098204e-10
25,68,3.0,4.0068757e-10
25,68,4.0,6.5351136e-10
25,68,5.0,2.5024918e-11
25,68,6.0,6.3969416e-12
25,68,7.0,6.9465416e-09
25,68,8.0,2.6888434e-09
25,68,9.0,8.758262e-10
25,68,10.0,4.5699428e-10
25,68,11.0,3.7042054e-09
25,68,12.0,1.7698843e-08
25,68,13.0,1.2727269e-08
25,68,14.0,5.923807e-08
25,69,0.0,0.0
25,69,1.0,4.374106e-11
25,69,2.0,4.343537e-10
25,69,3.0,1.6281031e-09
25,69,4.0,7.972071e-09
25,69,5.0,6.7970934e-10
25,69,6.0,5.9953903e-10
25,69,7.0,5.7499816e-10
25,69,8.0,9.473391e-10
25,69,9.0,1.1344533e-09
25,69,10.0,7.860391e-09
25,69,11.0,1.4986727e-08
25,69,12.0,2.222274e-07
25,69,13.0,1.4771604e-08
25,69,14.0,1.8250118e-08
25,70,0.0,1.8372798e-10
25,70,1.0,1.9586176e-10
25,70,2.0,4.1743206e-10
25,70,3.0,1.8144791e-09
25,70,4.0,1.2737829e-09
25,70,5.0,1.0013961e-09
25,70,6.0,4.3083978e-10
25,70,7.0,3.1387734e-10
25,70,8.0,1.2018393e-09
25,70,9.0,4.002709e-08
25,70,10.0,1.9957196e-09
25,70,11.0,5.8434646e-10
25,70,12.0,1.7659183e-08
25,70,13.0,5.0218926e-08
25,70,14.0,1.34108005e-08
25,71,0.0,9.950018e-11
25,71,1.0,3.0624227e-12
25,71,2.0,1.2147714e-09
25,71,3.0,2.0064682e-08
25,71,4.0,1.7340983e-09
25,71,5.0,2.2618545e-09
25,71,6.0,7.967373e-10
25,71,7.0,4.4045886e-10
25,71,8.0,3.9077706e-09
25,71,9.0,7.950125e-09
25,71,10.0,1.0047379e-08
25,71,11.0,6.8583067e-10
25,71,12.0,5.185367e-09
25,71,13.0,1.2075999e-09
25,71,14.0,6.6108514e-09
25,72,0.0,1.8898448e-12
25,72,1.0,2.991273e-09
25,72,2.0,2.5138662e-09
25,72,3.0,1.4547511e-09
25,72,4.0,3.9468223e-10
25,72,5.0,3.620683e-11
25,72,6.0,6.09004e-09
25,72,7.0,4.6169838e-08
25,72,8.0,1.480322e-08
25,72,9.0,9.9446815e-09
25,72,10.0,4.3867536e-09
25,72,11.0,5.1605786e-09
25,72,12.0,1.2976923e-09
25,72,13.0,1.8537745e-10
25,72,14.0,4.661851e-09
25,73,0.0,1.275803e-09
25,73,1.0,6.5470264e-12
25,73,2.0,1.0593415e-09
25,73,3.0,1.7063047e-09
25,73,4.0,9.112778e-13
25,73,5.0,1.4717481e-09
25,73,6.0,6.0867977e-09
25,73,7.0,1.0223978e-08
25,73,8.0,4.3832638e-10
25,73,9.0,1.3817859e-08
25,73,10.0,6.870869e-08
25,73,11.0,2.8340809e-08
25,73,12.0,6.401526e-09
25,73,13.0,1.1029055e-08
25,73,14.0,5.4280864e-09
26,66,0.0,1.668736e-09
26,66,1.0,2.9790635e-17
26,66,2.0,1.6182787e-10
26,66,3.0,1.220126e-17
26,66,4.0,3.3965555e-09
26,66,5.0,2.6046573e-06
26,66,6.0,6.83881e-06
26,66,7.0,1.1762688e-05
26,66,8.0,1.501157e-06
26,66,9.0,8.21774e-07
26,66,10.0,3.540758e-07
26,66,11.0,1.51540835e-05
26,66,12.0,2.0993584e-05
26,66,13.0,1.9471703e-05
26,66,14.0,3.8934988e-05
26,67,0.0,3.3009044e-09
26,67,1.0,7.53244e-11
26,67,2.0,2.1862616e-09
26,67,3.0,9.543687e-09
26,67,4.0,5.380423e-10
26,67,5.0,1.5586943e-09
26,67,6.0,1.5415164e-08
26,67,7.0,6.3396506e-08
26,67,8.0,1.0416716e-07
26,67,9.0,4.8412872e-08
26,67,10.0,3.1932526e-08
26,67,11.0,7.633412e-09
26,67,12.0,1.4292101e-09
26,67,13.0,8.8132873e-10
26,67,14.0,3.7067698e-06
26,68,0.0,6.6508084e-11
26,68,1.0,1.7773105e-10
26,68,2.0,4.2653368e-12
26,68,3.0,3.448248e-10
26,68,4.0,2.591016e-08
26,68,5.0,1.606355e-10
26,68,6.0,4.88233e-10
26,68,7.0,1.855154e-08
26,68,8.0,5.188061e-09
26,68,9.0,5.5470766e-09
26,68,10.0,1.1151186e-08
26,68,11.0,2.2147496e-08
26,68,12.0,9.90968e-08
26,68,13.0,5.9224288e-08
26,68,14.0,2.1609944e-07
26,69,0.0,1.126439e-08
26,69,1.0,9.699552e-11
26,69,2.0,1.7145945e-08
26,69,3.0,1.5515633e-08
26,69,4.0,8.968278e-09
26,69,5.0,8.2970885e-08
26,69,6.0,1.7923503e-08
26,69,7.0,1.2178653e-08
26,69,8.0,1.9745838e-09
26,69,9.0,1.992157e-09
26,69,10.0,1.3042783e-08
26,69,11.0,1.0012511e-08
26,69,12.0,5.268361e-09
26,69,13.0,2.2953644e-08
26,69,14.0,1.2135415e-07
26,70,0.0,6.681318e-09
26,70,1.0,3.2709686e-08
26,70,2.0,5.796671e-09
26,70,3.0,2.8614758e-10
26,70,4.0,2.333028e-10
26,70,5.0,9.380957e-09
26,70,6.0,2.8840406e-08
26,70,7.0,3.2626698e-08
26,70,8.0,2.7148587e-08
26,70,9.0,1.135601e-08
26,70,10.0,1.891917e-08
26,70,11.0,4.711022e-08
26,70,12.0,1.9227315e-08
26,70,13.0,2.9133627e-08
26,70,14.0,3.3822383e-07
26,71,0.0,1.304448e-10
26,71,1.0,1.0001454e-09
26,71,2.0,4.953695e-10
26,71,3.0,9.456963e-10
26,71,4.0,1.2054217e-09
26,71,5.0,8.0308193e-10
26,71,6.0,3.903494e-09
26,71,7.0,2.302823e-09
26,71,8.0,1.1659076e-09
26,71,9.0,1.0537275e-09
26,71,10.0,2.5776974e-09
26,71,11.0,2.4550747e-08
26,71,12.0,7.042595e-08
26,71,13.0,5.328466e-08
26,71,14.0,1.6092308e-08
26,72,0.0,1.20691326e-17
26,72,1.0,4.0433637e-13
26,72,2.0,1.8984534e-12
26,72,3.0,1.6290183e-12
26,72,4.0,1.4403149e-11
26,72,5.0,5.7108202e-18
26,72,6.0,4.3087084e-17
26,72,7.0,1.8633306e-15
26,72,8.0,8.757318e-17
26,72,9.0,4.712722e-20
26,72,10.0,1.6270423e-15
26,72,11.0,7.0556847e-13
26,72,12.0,5.035685e-12
26,72,13.0,8.851857e-12
26,72,14.0,1.0434171e-12
26,73,0.0,8.207667e-16
26,73,1.0,3.8986037e-13
26,73,2.0,6.007378e-13
26,73,3.0,1.4115001e-12
26,73,4.0,1.9341662e-12
26,73,5.0,2.2461795e-11
26,73,6.0,3.924136e-11
26,73,7.0,6.451884e-11
26,73,8.0,6.5658486e-11
26,73,9.0,4.2812483e-11
26,73,10.0,5.432633e-11
26,73,11.0,3.23324e-11
26,73,12.0,9.237991e-12
26,73,13.0,1.200859e-10
26,73,14.0,1.8380017e-10
26,74,0.0,4.6680815e-11
26,74,1.0,9.658322e-12
26,74,2.0,9.61267e-13
26,74,3.0,3.1167697e-11
26,74,4.0,3.5675818e-10
26,74,5.0,9.3968694e-11
26,74,6.0,6.1095184e-11
26,74,7.0,1.2583045e-11
26,74,8.0,1.1068653e-10
26,74,9.0,1.6631141e-10
26,74,10.0,8.099652e-12
26,74,11.0,1.3353249e-12
26,74,12.0,5.5310387e-15
26,74,13.0,9.123967e-11
26,74,14.0,5.156683e-11
26,75,0.0,6.0336314e-10
26,75,1.0,2.704648e-10
26,75,2.0,8.291695e-14
26,75,3.0,1.584696e-10
26,75,4.0,8.2081214e-10
26,75,5.0,1.6547228e-09
26,75,6.0,8.023734e-10
26,75,7.0,1.424551e-10
26,75,8.0,3.0685288e-11
26,75,9.0,4.5767543e-11
26,75,10.0,1.6245985e-10
26,75,11.0,4.5748028e-10
26,75,12.0,3.762482e-10
26,75,13.0,6.807881e-10
26,75,14.0,1.7408847e-09
26,76,0.0,1.6552805e-13
26,76,1.0,8.202074e-15
26,76,2.0,8.836826e-12
26,76,3.0,1.1673107e-10
26,76,4.0,2.2636678e-14
26,76,5.0,0.0
26,76,6.0,1.8714802e-11
26,76,7.0,3.098143e-10
26,76,8.0,9.0966606e-10
26,76,9.0,9.00669e-11
26,76,10.0,5.7012093e-11
26,76,11.0,1.8322806e-10
26,76,12.0,1.142043e-09
26,76,13.0,9.918252e-10
26,76,14.0,2.093257e-11
27,66,0.0,0.0
27,66,1.0,0.0
27,66,2.0,3.8484445e-13
27,66,3.0,3.493083e-12
27,66,4.0,2.9463463e-09
27,66,5.0,4.118759e-09
27,66,6.0,7.958683e-08
27,66,7.0,1.0072572e-08
27,66,8.0,1.5842302e-08
27,66,9.0,1.6590166e-08
27,66,10.0,1.4241635e-06
27,66,11.0,4.174895e-06
27,66,12.0,2.0761997e-06
27,66,13.0,1.000667e-06
27,66,14.0,1.8141803e-07
27,67,0.0,1.8477124e-08
27,67,1.0,4.5580668e-11
27,67,2.0,1.9995102e-13
27,67,3.0,3.824132e-12
27,67,4.0,5.562554e-10
27,67,5.0,3.9952162e-08
27,67,6.0,2.902271e-06
27,67,7.0,1.4691618e-05
27,67,8.0,2.9358507e-05
27,67,9.0,1.7419196e-05
27,67,10.0,2.3456558e-05
27,67,11.0,1.9183795e-05
27,67,12.0,4.36028e-05
27,67,13.0,5.360616e-05
27,67,14.0,7.4724136e-05
27,68,0.0,4.333774e-09
27,68,1.0,6.851256e-10
27,68,2.0,3.5876766e-09
27,68,3.0,1.1214503e-08
27,68,4.0,5.417527e-07
27,68,5.0,6.0813896e-09
27,68,6.0,2.6250813e-08
27,68,7.0,7.570725e-08
27,68,8.0,1.863152e-05
27,68,9.0,4.0191317e-06
27,68,10.0,3.169216e-05
27,68,11.0,3.8895272e-05
27,68,12.0,0.00019711375
27,68,13.0,0.0003508103
27,68,14.0,7.528008e-05
27,69,0.0,1.1603862e-08
27,69,1.0,1.137922e-08
27,69,2.0,1.0881058e-11
27,69,3.0,1.1159213e-06
27,69,4.0,1.1714949e-05
27,69,5.0,5.011727e-05
27,69,6.0,0.00012327184
27,69,7.0,5.4900585e-05
27,69,8.0,5.4219752e-05
27,69,9.0,0.00014623611
27,69,10.0,8.739712e-05
27,69,11.0,7.126318e-05
27,69,12.0,8.913107e-05
27,69,13.0,2.9941544e-05
27,69,14.0,8.669761e-05
27,70,0.0,1.2480154e-11
27,70,1.0,1.7003569e-11
27,70,2.0,4.6857753e-15
27,70,3.0,4.825023e-07
27,70,4.0,3.2620705e-06
27,70,5.0,1.2717128e-05
27,70,6.0,7.285839e-06
27,70,7.0,2.6668471e-05
27,70,8.0,3.3766584e-05
27,70,9.0,3.216648e-05
27,70,10.0,3.0681454e-06
27,70,11.0,1.6546905e-05
27,70,12.0,4.4075357e-05
27,70,13.0,9.425624e-05
27,70,14.0,2.1171894e-05
27,71,0.0,5.7946408e-09
27,71,1.0,2.1170912e-08
27,71,2.0,3.7600215e-10
27,71,3.0,7.9083606e-10
27,71,4.0,5.6941303e-07
27,71,5.0,4.843682e-07
27,71,6.0,9.7896425e-08
27,71,7.0,6.303323e-08
27,71,8.0,1.4210266e-08
27,71,9.0,1.4989472e-06
27,71,10.0,1.9082918e-07
27,71,11.0,1.3638938e-06
27,71,12.0,2.2618508e-07
27,71,13.0,2.0974835e-06
27,71,14.0,1.8951157e-06
27,72,0.0,8.4802114e-13
27,72,1.0,1.8563134e-10
27,72,2.0,4.3693547e-09
27,72,3.0,9.018618e-09
27,72,4.0,1.4818301e-10
27,72,5.0,2.1239578e-10
27,72,6.0,1.9338956e-11
27,72,7.0,1.7854024e-11
27,72,8.0,1.4893846e-09
27,72,9.0,3.9015267e-09
27,72,10.0,1.2439308e-07
27,72,11.0,4.831644e-07
27,72,12.0,6.8259203e-07
27,72,13.0,4.923409e-08
27,72,14.0,5.6196734e-07
27,73,0.0,3.199471e-13
27,73,1.0,1.1176216e-10
27,73,2.0,5.854693e-12
27,73,3.0,5.324813e-09
27,73,4.0,2.469369e-10
27,73,5.0,5.28694e-10
27,73,6.0,1.8001681e-09
27,73,7.0,3.8017087e-09
27,73,8.0,1.3072213e-08
27,73,9.0,7.484997e-09
27,73,10.0,2.6616684e-09
27,73,11.0,1.4089927e-07
27,73,12.0,6.9484415e-08
27,73,13.0,5.608222e-09
27,73,14.0,5.6341303e-08
27,74,0.0,1.4686796e-10
27,74,1.0,5.298841e-10
27,74,2.0,3.3967387e-10
27,74,3.0,4.823221e-10
27,74,4.0,3.666522e-10
27,74,5.0,1.203408e-09
27,74,6.0,3.2953664e-09
27,74,7.0,4.0759187e-09
27,74,8.0,1.1122924e-08
27,74,9.0,1.6215548e-08
27,74,10.0,2.1672264e-08
27,74,11.0,2.5891104e-08
27,74,12.0,5.550932e-09
27,74,13.0,2.377548e-11
27,74,14.0,3.4900842e-09
27,75,0.0,1.20127e-10
27,75,1.0,7.2101297e-10
27,75,2.0,2.2433902e-10
27,75,3.0,8.402387e-10
27,75,4.0,6.188246e-13
27,75,5.0,1.8039588e-10
27,75,6.0,6.169046e-10
27,75,7.0,6.6937934e-11
27,75,8.0,1.7931297e-11
27,75,9.0,1.5187137e-09
27,75,10.0,9.976395e-09
27,75,11.0,1.17878876e-07
27,75,12.0,6.641008e-08
27,75,13.0,9.469332e-11
27,75,14.0,1.49307e-08
27,76,0.0,3.2728307e-09
27,76,1.0,1.1796669e-09
27,76,2.0,1.6832863e-09
27,76,3.0,1.2479028e-07
27,76,4.0,1.467232e-09
27,76,5.0,8.1087083e-16
27,76,6.0,4.1347787e-09
27,76,7.0,4.7805518e-08
27,76,8.0,9.748142e-08
27,76,9.0,1.5378112e-09
27,76,10.0,6.4184853e-09
27,76,11.0,2.0292807e-09
27,76,12.0,6.637648e-08
27,76,13.0,1.9067414e-09
27,76,14.0,1.1389245e-09
27,77,0.0,5.739192e-09
27,77,1.0,1.0880631e-08
27,77,2.0,1.3849446e-09
27,77,3.0,1.2173347e-09
27,77,4.0,3.5648092e-08
27,77,5.0,1.11424065e-07
27,77,6.0,3.5423366e-08
27,77,7.0,8.204412e-08
27,77,8.0,1.2696165e-07
27,77,9.0,1.1703112e-08
27,77,10.0,7.1874406e-10
27,77,11.0,4.4477577e-08
27,77,12.0,1.0079624e-08
27,77,13.0,3.3509508e-08
27,77,14.0,3.6235384e-08
27,78,0.0,7.8220874e-11
27,78,1.0,1.155256e-09
27,78,2.0,4.7047644e-10
27,78,3.0,2.3127154e-09
27,78,4.0,5.417704e-08
27,78,5.0,3.0039093e-08
27,78,6.0,3.8483762e-08
27,78,7.0,1.4097522e-07
27,78,8.0,5.9424664e-08
27,78,9.0,1.4136405e-09
27,78,10.0,1.0304707e-08
27,78,11.0,2.869063e-08
27,78,12.0,4.830708e-08
27,78,13.0,3.3004855e-07
27,78,14.0,2.7195524e-09
28,66,0.0,3.0237521e-09
28,66,1.0,9.073076e-12
28,66,2.0,3.5578856e-11
28,66,3.0,1.10737225e-10
28,66,4.0,6.050117e-09
28,66,5.0,4.9212354e-09
28,66,6.0,2.4629682e-10
28,66,7.0,2.2770834e-09
28,66,8.0,3.5900993e-10
28,66,9.0,1.1663207e-09
28,66,10.0,7.0893353e-09
28,66,11.0,5.742168e-09
28,66,12.0,6.038173e-13
28,66,13.0,1.6565797e-07
28,66,14.0,2.8546908e-06
28,67,0.0,4.772258e-09
28,67,1.0,3.5417174e-09
28,67,2.0,3.1014386e-10
28,67,3.0,4.2194674e-09
28,67,4.0,1.8902213e-10
28,67,5.0,1.9717938e-09
28,67,6.0,1.0661164e-06
28,67,7.0,6.684241e-11
28,67,8.0,8.9046354e-11
28,67,9.0,4.35464e-06
28,67,10.0,5.7415796e-06
28,67,11.0,1.3983162e-05
28,67,12.0,1.1458255e-05
28,67,13.0,3.621601e-08
28,67,14.0,2.547637e-10
28,68,0.0,3.717824e-08
28,68,1.0,7.805516e-08
28,68,2.0,3.1685357e-10
28,68,3.0,1.832344e-08
28,68,4.0,3.9927004e-09
28,68,5.0,5.023406e-07
28,68,6.0,7.2367684e-06
28,68,7.0,0.00012608607
28,68,8.0,0.0001441825
28,68,9.0,3.69307e-05
28,68,10.0,4.4170054e-05
28,68,11.0,9.189289e-05
28,68,12.0,9.407845e-06
28,68,13.0,9.48323e-06
28,68,14.0,1.960083e-06
28,69,0.0,1.7718142e-07
28,69,1.0,8.7684136e-09
28,69,2.0,1.45080765e-08
28,69,3.0,1.8645881e-08
28,69,4.0,3.2413587e-07
28,69,5.0,2.9343997e-05
28,69,6.0,4.379144e-05
28,69,7.0,6.3634616e-05
28,69,8.0,7.9494166e-05
28,69,9.0,0.00013121364
28,69,10.0,2.6548643e-05
28,69,11.0,9.079787e-05
28,69,12.0,0.00020469946
28,69,13.0,0.00016818423
28,69,14.0,7.0531096e-05
28,70,0.0,4.3939465e-08
28,70,1.0,6.299947e-07
28,70,2.0,2.1903606e-06
28,70,3.0,2.0894959e-05
28,70,4.0,0.00025834233
28,70,5.0,0.0002039061
28,70,6.0,0.0002326831
28,70,7.0,0.00028995005
28,70,8.0,0.0003112811
28,70,9.0,0.00040591025
28,70,10.0,0.0002673205
28,70,11.0,0.00033241464
28,70,12.0,0.00012820726
28,70,13.0,0.000270321
28,70,14.0,0.00028223312
28,71,0.0,4.8199986e-08
28,71,1.0,2.4783733e-06
28,71,2.0,7.524631e-06
28,71,3.0,6.913197e-05
28,71,4.0,8.7532506e-05
28,71,5.0,0.00018956281
28,71,6.0,0.00022011214
28,71,7.0,0.0005615851
28,71,8.0,0.00034016746
28,71,9.0,0.00084891124
28,71,10.0,0.00028593885
28,71,11.0,0.00017862134
28,71,12.0,0.00038993303
28,71,13.0,0.00028681825
28,71,14.0,0.00020709964
28,72,0.0,6.331026e-07
28,72,1.0,5.3020478e-05
28,72,2.0,3.6865866e-05
28,72,3.0,0.00017363898
28,72,4.0,0.00010003449
28,72,5.0,0.0003063871
28,72,6.0,0.00039680503
28,72,7.0,0.00028957002
28,72,8.0,0.00021544445
28,72,9.0,0.00020835575
28,72,10.0,0.00021404603
28,72,11.0,0.0003549264
28,72,12.0,0.00037034764
28,72,13.0,0.00020713621
28,72,14.0,0.00017941673
28,73,0.0,1.5941187e-06
28,73,1.0,2.2317668e-05
28,73,2.0,1.9636533e-05
28,73,3.0,0.00019303944
28,73,4.0,0.00018883629
28,73,5.0,0.000111945126
28,73,6.0,0.00010288679
28,73,7.0,0.00013081211
28,73,8.0,0.00012615747
28,73,9.0,0.00015780595
28,73,10.0,9.223902e-05
28,73,11.0,7.6717195e-05
28,73,12.0,0.0001907522
28,73,13.0,0.0002217391
28,73,14.0,0.00010999669
28,74,0.0,3.0970733e-09
28,74,1.0,7.976565e-08
28,74,2.0,8.507219e-06
28,74,3.0,2.9348126e-05
28,74,4.0,4.1956693e-05
28,74,5.0,9.943912e-05
28,74,6.0,5.0310435e-05
28,74,7.0,4.8252856e-05
28,74,8.0,7.860527e-05
28,74,9.0,8.635497e-05
28,74,10.0,3.9835828e-05
28,74,11.0,5.6469642e-05
28,74,12.0,5.2916923e-05
28,74,13.0,7.504186e-05
28,74,14.0,3.914872e-05
28,75,0.0,2.7357466e-08
28,75,1.0,5.303509e-08
28,75,2.0,4.2346986e-08
28,75,3.0,1.6830439e-09
28,75,4.0,4.1873307e-08
28,75,5.0,2.3851317e-07
28,75,6.0,8.093433e-08
28,75,7.0,4.5581316e-07
28,75,8.0,6.079018e-08
28,75,9.0,1.7040553e-07
28,75,10.0,8.3770265e-06
28,75,11.0,1.800025e-05
28,75,12.0,4.2388595e-07
28,75,13.0,5.8430527e-07
28,75,14.0,2.7793518e-05
28,76,0.0,1.1501905e-08
28,76,1.0,3.353222e-08
28,76,2.0,1.00329224e-07
28,76,3.0,1.4521381e-09
28,76,4.0,4.63647e-08
28,76,5.0,9.042584e-09
28,76,6.0,6.0125e-10
28,76,7.0,1.5683259e-09
28,76,8.0,6.8585e-10
28,76,9.0,2.3372996e-08
28,76,10.0,1.113948e-08
28,76,11.0,8.2198615e-10
28,76,12.0,1.0504174e-10
28,76,13.0,1.8538143e-09
28,76,14.0,3.539841e-07
28,77,0.0,1.0708436e-09
28,77,1.0,1.5801198e-09
28,77,2.0,2.6790583e-09
28,77,3.0,5.891154e-09
28,77,4.0,8.938963e-11
28,77,5.0,4.7387755e-10
28,77,6.0,7.942109e-09
28,77,7.0,4.8740056e-09
28,77,8.0,6.2852124e-10
28,77,9.0,1.1220561e-09
28,77,10.0,1.3295909e-08
28,77,11.0,3.292559e-08
28,77,12.0,3.392593e-10
28,77,13.0,2.2546898e-09
28,77,14.0,2.9207208e-09
28,78,0.0,8.626704e-12
28,78,1.0,9.5941914e-11
28,78,2.0,6.828309e-10
28,78,3.0,1.2235358e-09
28,78,4.0,3.3059344e-10
28,78,5.0,1.4921227e-11
28,78,6.0,4.1005116e-10
28,78,7.0,1.17854935e-08
28,78,8.0,5.534562e-08
28,78,9.0,7.811622e-08
28,78,10.0,3.2863948e-08
28,78,11.0,1.9244522e-09
28,78,12.0,1.04608815e-10
28,78,13.0,1.0147214e-09
28,78,14.0,2.6436983e-10
28,79,0.0,3.5434442e-12
28,79,1.0,1.9045177e-09
28,79,2.0,1.321204e-09
28,79,3.0,6.698395e-11
28,79,4.0,1.8723642e-10
28,79,5.0,1.8510424e-09
28,79,6.0,1.4230394e-09
28,79,7.0,1.6033964e-10
28,79,8.0,1.0397315e-12
28,79,9.0,3.8829308e-11
28,79,10.0,1.9576818e-09
28,79,11.0,9.973847e-13
28,79,12.0,4.1183384e-10
28,79,13.0,1.3459585e-10
28,79,14.0,3.9042225e-10
28,80,0.0,1.7665924e-12
28,80,1.0,9.689175e-13
28,80,2.0,1.6942528e-10
28,80,3.0,3.645031e-10
28,80,4.0,2.920592e-10
28,80,5.0,3.6221082e-10
28,80,6.0,5.0905014e-10
28,80,7.0,3.5757577e-10
28,80,8.0,5.2072807e-10
28,80,9.0,5.9461663e-10
28,80,10.0,4.2795506e-10
28,80,11.0,5.3170274e-10
28,80,12.0,1.6632749e-11
28,80,13.0,4.153559e-12
28,80,14.0,1.161487e-11
28,81,0.0,1.8457995e-16
28,81,1.0,8.380743e-12
28,81,2.0,3.4794786e-10
28,81,3.0,1.7959081e-10
28,81,4.0,2.0054518e-10
28,81,5.0,4.4606882e-10
28,81,6.0,5.929787e-10
28,81,7.0,1.1408658e-09
28,81,8.0,8.485713e-10
28,81,9.0,4.3647633e-10
28,81,10.0,2.962833e-10
28,81,11.0,2.0033641e-10
28,81,12.0,3.9842112e-11
28,81,13.0,8.117326e-12
28,81,14.0,4.570518e-11
28,82,0.0,4.3517582e-13
28,82,1.0,1.1172918e-12
28,82,2.0,2.0228621e-12
28,82,3.0,3.044491e-13
28,82,4.0,1.8361934e-13
28,82,5.0,3.5498056e-12
28,82,6.0,1.6258327e-10
28,82,7.0,6.256539e-10
28,82,8.0,2.172643e-10
28,82,9.0,2.0526209e-10
28,82,10.0,2.942057e-10
28,82,11.0,1.4253193e-10
28,82,12.0,4.371638e-10
28,82,13.0,1.3189277e-10
28,82,14.0,3.6936781e-10
29,66,0.0,5.2427365e-11
29,66,1.0,1.4447332e-08
29,66,2.0,6.680999e-10
29,66,3.0,3.3172636e-09
29,66,4.0,3.1351632e-09
29,66,5.0,8.109088e-10
29,66,6.0,4.3038012e-10
29,66,7.0,4.4286608e-10
29,66,8.0,2.8965602e-10
29,66,9.0,6.2445316e-10
29,66,10.0,2.9289107e-09
29,66,11.0,5.1383543e-11
29,66,12.0,1.4358622e-08
29,66,13.0,1.680321e-08
29,66,14.0,6.713964e-08
29,67,0.0,9.289983e-09
29,67,1.0,1.2572336e-07
29,67,2.0,4.419549e-09
29,67,3.0,1.857451e-10
29,67,4.0,1.5221016e-08
29,67,5.0,5.4631542e-08
29,67,6.0,1.6744668e-09
29,67,7.0,2.6908694e-08
29,67,8.0,1.0839442e-09
29,67,9.0,4.097059e-09
29,67,10.0,5.2198343e-09
29,67,11.0,1.1069014e-07
29,67,12.0,2.395022e-07
29,67,13.0,1.4766536e-07
29,67,14.0,2.7712696e-07
29,68,0.0,4.8155853e-09
29,68,1.0,6.412721e-11
29,68,2.0,2.378327e-10
29,68,3.0,1.5036179e-12
29,68,4.0,2.4189508e-09
29,68,5.0,5.7913746e-10
29,68,6.0,2.1508828e-09
29,68,7.0,8.19413e-08
29,68,8.0,3.5586773e-08
29,68,9.0,1.3684806e-07
29,68,10.0,1.334772e-07
29,68,11.0,1.8604824e-08
29,68,12.0,1.00064504e-07
29,68,13.0,1.5783544e-06
29,68,14.0,6.8502072e-06
29,69,0.0,3.93994e-08
29,69,1.0,1.6228468e-11
29,69,2.0,2.7676935e-08
29,69,3.0,2.8366514e-06
29,69,4.0,3.7859068e-06
29,69,5.0,1.807627e-05
29,69,6.0,9.956309e-05
29,69,7.0,6.320095e-05
29,69,8.0,7.6056185e-06
29,69,9.0,1.6370443e-05
29,69,10.0,3.0469555e-05
29,69,11.0,0.00015773335
29,69,12.0,7.1302864e-05
29,69,13.0,1.890316e-05
29,69,14.0,2.805272e-05
29,70,0.0,3.029439e-10
29,70,1.0,8.809706e-08
29,70,2.0,1.0493568e-07
29,70,3.0,0.00017997947
29,70,4.0,0.00015171617
29,70,5.0,7.127231e-05
29,70,6.0,2.3461194e-05
29,70,7.0,0.00010251583
29,70,8.0,0.00015230739
29,70,9.0,3.7771286e-05
29,70,10.0,0.00012757843
29,70,11.0,9.399389e-05
29,70,12.0,9.846199e-05
29,70,13.0,0.00025755382
29,70,14.0,9.9814904e-05
29,71,0.0,1.8466233e-06
29,71,1.0,4.6110275e-05
29,71,2.0,0.00029845236
29,71,3.0,0.00013474625
29,71,4.0,0.00010832717
29,71,5.0,0.00020037449
29,71,6.0,0.00024101806
29,71,7.0,0.00017391112
29,71,8.0,0.0013179918
29,71,9.0,0.00037851822
29,71,10.0,0.00022604644
29,71,11.0,0.00012128081
29,71,12.0,0.000575245
29,71,13.0,0.0005068955
29,71,14.0,0.00016882215
29,72,0.0,6.2630506e-06
29,72,1.0,7.445491e-05
29,72,2.0,2.7706168e-05
29,72,3.0,0.00022275008
29,72,4.0,0.00026604542
29,72,5.0,0.00041150395
29,72,6.0,0.00067324436
29,72,7.0,0.0006235324
29,72,8.0,0.0007363828
29,72,9.0,0.00065911806
29,72,10.0,0.00090005324
29,72,11.0,0.00047959381
29,72,12.0,0.00021342271
29,72,13.0,0.00019130023
29,72,14.0,0.0005314008
29,73,0.0,3.3906468e-05
29,73,1.0,9.495257e-05
29,73,2.0,0.00017557862
29,73,3.0,0.0004552487
29,73,4.0,0.00101108
29,73,5.0,0.0011782037
29,73,6.0,0.00083411904
29,73,7.0,0.0007299659
29,73,8.0,0.0006923172
29,73,9.0,0.0008134636
29,73,10.0,0.0010121363
29,73,11.0,0.0011581936
29,73,12.0,0.0014482584
29,73,13.0,0.0017586406
29,73,14.0,0.0007742337
29,74,0.0,2.0079726e-06
29,74,1.0,4.6033423e-05
29,74,2.0,9.267341e-05
29,74,3.0,8.4346146e-05
29,74,4.0,0.00031247453
29,74,5.0,0.00035876516
29,74,6.0,0.00041827647
29,74,7.0,0.0004333651
29,74,8.0,0.00041842918
29,74,9.0,0.0003805305
29,74,10.0,0.00033403363
29,74,11.0,0.0007248766
29,74,12.0,0.000731125
29,74,13.0,0.00046974895
29,74,14.0,0.00060934003
29,75,0.0,1.2214227e-05
29,75,1.0,5.139681e-05
29,75,2.0,0.00013193555
29,75,3.0,0.00042538688
29,75,4.0,0.0004244903
29,75,5.0,0.00041806005
29,75,6.0,0.000348781
29,75,7.0,0.0003301198
29,75,8.0,0.00043557447
29,75,9.0,0.00046662113
29,75,10.0,0.00044023106
29,75,11.0,0.00045791047
29,75,12.0,0.00033880633
29,75,13.0,0.0004988632
29,75,14.0,0.00036333583
29,76,0.0,1.0736052e-06
29,76,1.0,4.4676588e-05
29,76,2.0,9.300834e-05
29,76,3.0,0.000104057275
29,76,4.0,9.261418e-05
29,76,5.0,9.7964796e-05
29,76,6.0,0.00013208669
29,76,7.0,0.00015807494
29,76,8.0,0.00015086417
29,76,9.0,0.00013796688
29,76,10.0,0.00023325982
29,76,11.0,0.00035442802
29,76,12.0,0.00035934238
29,76,13.0,0.00021796086
29,76,14.0,0.0001236934
29,77,0.0,2.418473e-06
29,77,1.0,1.6827886e-05
29,77,2.0,2.162022e-05
29,77,3.0,0.00011671814
29,77,4.0,0.00017721235
29,77,5.0,0.00014113614
29,77,6.0,0.00011732266
29,77,7.0,9.367e-05
29,77,8.0,2.3770079e-05
29,77,9.0,3.0471025e-05
29,77,10.0,4.7101705e-05
29,77,11.0,6.091126e-05
29,77,12.0,5.6594115e-05
29,77,13.0,7.1726805e-05
29,77,14.0,0.00010680933
29,78,0.0,1.958912e-07
29,78,1.0,3.8182015e-06
29,78,2.0,2.0460404e-05
29,78,3.0,2.66326e-05
29,78,4.0,2.0881773e-05
29,78,5.0,3.245056e-05
29,78,6.0,3.2594337e-05
29,78,7.0,3.8894494e-05
29,78,8.0,1.5230684e-05
29,78,9.0,1.05121e-05
29,78,10.0,7.93725e-06
29,78,11.0,3.1734715e-05
29,78,12.0,2.0940506e-05
29,78,13.0,2.5425657e-05
29,78,14.0,3.0735005e-06
29,79,0.0,3.7217003e-08
29,79,1.0,3.3380696e-09
29,79,2.0,2.2111975e-05
29,79,3.0,1.0890233e-05
29,79,4.0,4.4881294e-06
29,79,5.0,2.2292447e-07
29,79,6.0,1.13787124e-07
29,79,7.0,4.964825e-07
29,79,8.0,2.0787809e-06
29,79,9.0,1.2874395e-05
29,79,10.0,6.286824e-06
29,79,11.0,1.22483825e-05
29,79,12.0,1.0394698e-06
29,79,13.0,5.196288e-07
29,79,14.0,6.346683e-08
29,80,0.0,4.5461492e-09
29,80,1.0,1.05314356e-07
29,80,2.0,3.664069e-08
29,80,3.0,1.4203751e-08
29,80,4.0,9.4085486e-08
29,80,5.0,1.5467174e-07
29,80,6.0,6.028984e-08
29,80,7.0,2.7310456e-09
29,80,8.0,4.79541e-09
29,80,9.0,6.1023904e-08
29,80,10.0,1.4745937e-08
29,80,11.0,1.123392e-07
29,80,12.0,3.7993289e-07
29,80,13.0,2.6532923e-09
29,80,14.0,1.3799213e-07
29,81,0.0,7.930932e-09
29,81,1.0,2.6419128e-08
29,81,2.0,7.1030035e-09
29,81,3.0,4.6268514e-08
29,81,4.0,1.4239411e-08
29,81,5.0,1.7703697e-09
29,81,6.0,6.388964e-08
29,81,7.0,8.3192155e-09
29,81,8.0,3.7846766e-09
29,81,9.0,2.5886727e-11
29,81,10.0,3.769962e-09
29,81,11.0,5.812943e-08
29,81,12.0,1.8390196e-09
29,81,13.0,5.0235416e-10
29,81,14.0,2.4956646e-09
29,82,0.0,8.6670504e-10
29,82,1.0,7.887033e-10
29,82,2.0,2.96943e-09
29,82,3.0,2.5664033e-09
29,82,4.0,2.4055626e-09
29,82,5.0,9.866125e-09
29,82,6.0,3.782292e-09
29,82,7.0,9.8998885e-11
29,82,8.0,2.2980235e-09
29,82,9.0,1.3868653e-08
29,82,10.0,4.431576e-08
29,82,11.0,1.0833696e-07
29,82,12.0,9.4152604e-08
29,82,13.0,2.029991e-08
29,82,14.0,6.9992465e-09
29,83,0.0,3.538107e-10
29,83,1.0,8.1811615e-09
29,83,2.0,2.1620693e-08
29,83,3.0,1.3843931e-08
29,83,4.0,1.2496302e-08
29,83,5.0,1.2995417e-08
29,83,6.0,6.1691283e-09
29,83,7.0,3.4052172e-09
29,83,8.0,3.0075082e-08
29,83,9.0,3.7364426e-08
29,83,10.0,7.453519e-08
29,83,11.0,3.948265e-08
29,83,12.0,2.2893087e-09
29,83,13.0,1.7814473e-08
29,83,14.0,2.4549602e-09
29,84,0.0,1.7885071e-09
29,84,1.0,2.658935e-09
29,84,2.0,2.5581038e-08
29,84,3.0,1.0720768e-07
29,84,4.0,2.3672264e-08
29,84,5.0,9.5809725e-09
29,84,6.0,2.466251e-08
29,84,7.0,1.3832794e-09
29,84,8.0,4.715857e-09
29,84,9.0,6.0258154e-09
29,84,10.0,2.7445921e-08
29,84,11.0,5.746198e-08
29,84,12.0,1.9263761e-07
29,84,13.0,4.5518223e-10
29,84,14.0,1.7573677e-09
30,66,0.0,6.0581036e-14
30,66,1.0,5.3563393e-11
30,66,2.0,1.6945233e-10
30,66,3.0,2.6295824e-10
30,66,4.0,6.4135784e-13
30,66,5.0,1.5480493e-12
30,66,6.0,3.9345237e-12
30,66,7.0,1.4718634e-11
30,66,8.0,4.9850306e-12
30,66,9.0,3.0600456e-11
30,66,10.0,6.5084584e-11
30,66,11.0,9.044517e-12
30,66,12.0,1.9752482e-08
30,66,13.0,4.1596845e-10
30,66,14.0,3.633954e-10
30,67,0.0,6.850091e-11
30,67,1.0,2.2787924e-10
30,67,2.0,4.3790895e-12
30,67,3.0,1.1385801e-11
30,67,4.0,3.088193e-11
30,67,5.0,1.2349413e-10
30,67,6.0,1.04683914e-10
30,67,7.0,4.1225673e-10
30,67,8.0,1.4173099e-09
30,67,9.0,1.0493976e-08
30,67,10.0,1.351393e-09
30,67,11.0,6.277798e-10
30,67,12.0,5.555086e-09
30,67,13.0,2.4222324e-09
30,67,14.0,3.997761e-09
30,68,0.0,1.04129275e-10
30,68,1.0,2.765825e-10
30,68,2.0,2.6213148e-11
30,68,3.0,1.7840375e-11
30,68,4.0,1.6346373e-10
30,68,5.0,1.5490213e-10
30,68,6.0,2.2095877e-11
30,68,7.0,1.8746568e-10
30,68,8.0,1.9962357e-10
30,68,9.0,1.1493609e-08
30,68,10.0,1.5288208e-09
30,68,11.0,3.5022964e-08
30,68,12.0,1.0370717e-09
30,68,13.0,2.4945148e-08
30,68,14.0,7.773029e-09
30,69,0.0,1.3927533e-08
30,69,1.0,1.1979738e-08
30,69,2.0,8.846219e-11
30,69,3.0,4.426796e-11
30,69,4.0,6.502142e-09
30,69,5.0,2.8755144e-11
30,69,6.0,1.8058942e-09
30,69,7.0,2.570097e-09
30,69,8.0,4.6929824e-09
30,69,9.0,1.17730075e-08
30,69,10.0,5.0451625e-09
30,69,11.0,4.7429425e-09
30,69,12.0,1.3147191e-09
30,69,13.0,8.022904e-10
30,69,14.0,3.3574545e-09
30,70,0.0,2.5173348e-09
30,70,1.0,8.976497e-11
30,70,2.0,2.9647879e-08
30,70,3.0,1.3601488e-08
30,70,4.0,8.371191e-08
30,70,5.0,2.9576292e-08
30,70,6.0,5.871801e-09
30,70,7.0,5.441635e-10
30,70,8.0,2.9625044e-08
30,70,9.0,2.0110715e-08
30,70,10.0,2.4219807e-08
30,70,11.0,4.6094934e-07
30,70,12.0,8.0492697e-07
30,70,13.0,4.030214e-07
30,70,14.0,1.9055011e-06
30,71,0.0,1.1643104e-07
30,71,1.0,1.6605278e-11
30,71,2.0,2.070841e-12
30,71,3.0,4.9415333e-12
30,71,4.0,3.347285e-06
30,71,5.0,7.643993e-06
30,71,6.0,7.27317e-07
30,71,7.0,2.7026923e-07
30,71,8.0,3.8903227e-06
30,71,9.0,6.502835e-06
30,71,10.0,1.1137624e-05
30,71,11.0,5.8010774e-05
30,71,12.0,3.4241748e-05
30,71,13.0,1.5694122e-06
30,71,14.0,3.6059497e-05
30,72,0.0,1.7997056e-05
30,72,1.0,9.500805e-08
30,72,2.0,3.6538386e-05
30,72,3.0,5.286668e-05
30,72,4.0,7.4036594e-05
30,72,5.0,8.660203e-05
30,72,6.0,8.626703e-05
30,72,7.0,0.00032774208
30,72,8.0,0.00029949675
30,72,9.0,0.00046304404
30,72,10.0,0.00025698572
30,72,11.0,0.000444539
30,72,12.0,0.0003672252
30,72,13.0,0.00038477677
30,72,14.0,0.00019885901
30,73,0.0,6.786692e-06
30,73,1.0,7.343927e-05
30,73,2.0,0.00022504655
30,73,3.0,0.0001419894
30,73,4.0,0.00054503285
30,73,5.0,0.0006336181
30,73,6.0,0.0004004088
30,73,7.0,0.00045672376
30,73,8.0,0.00091385626
30,73,9.0,0.0014116606
30,73,10.0,0.0003149247
30,73,11.0,0.0003108237
30,73,12.0,0.0009555311
30,73,13.0,0.0010109788
30,73,14.0,0.0008406378
30,74,0.0,3.4393866e-05
30,74,1.0,0.0003418068
30,74,2.0,0.0008956911
30,74,3.0,0.0009391028
30,74,4.0,0.0016173874
30,74,5.0,0.0024888117
30,74,6.0,0.0026682192
30,74,7.0,0.003048358
30,74,8.0,0.0027117392
30,74,9.0,0.0018711748
30,74,10.0,0.0018883871
30,74,11.0,0.0024772314
30,74,12.0,0.0016471202
30,74,13.0,0.0014127117
30,74,14.0,0.0014812108
30,75,0.0,5.7052122e-05
30,75,1.0,0.00012065408
30,75,2.0,0.001275092
30,75,3.0,0.002438144
30,75,4.0,0.0026147324
30,75,5.0,0.0024448563
30,75,6.0,0.0026308906
30,75,7.0,0.0038648744
30,75,8.0,0.0039873915
30,75,9.0,0.0026092285
30,75,10.0,0.002299134
30,75,11.0,0.0035065121
30,75,12.0,0.002653931
30,75,13.0,0.0020134202
30,75,14.0,0.0022718403
30,76,0.0,0.0003670386
30,76,1.0,0.001300758
30,76,2.0,0.0030109887
30,76,3.0,0.007232627
30,76,4.0,0.013687149
30,76,5.0,0.009972272
30,76,6.0,0.008527923
30,76,7.0,0.0066913986
30,76,8.0,0.0051501775
30,76,9.0,0.006053754
30,76,10.0,0.0072113373
30,76,11.0,0.0066219317
30,76,12.0,0.0053037056
30,76,13.0,0.005322849
30,76,14.0,0.0038288292
30,77,0.0,0.0002943296
30,77,1.0,0.0019640115
30,77,2.0,0.0026718166
30,77,3.0,0.0026162209
30,77,4.0,0.0052221925
30,77,5.0,0.004871375
30,77,6.0,0.005703204
30,77,7.0,0.0064349934
30,77,8.0,0.0051326724
30,77,9.0,0.003803907
30,77,10.0,0.0044035516
30,77,11.0,0.0049165855
30,77,12.0,0.005103267
30,77,13.0,0.004948795
30,77,14.0,0.003181144
30,78,0.0,0.001184579
30,78,1.0,0.0039495975
30,78,2.0,0.007238944
30,78,3.0,0.00434278
30,78,4.0,0.005061127
30,78,5.0,0.0061213635
30,78,6.0,0.004248441
30,78,7.0,0.0026202132
30,78,8.0,0.0024484335
30,78,9.0,0.0029825997
30,78,10.0,0.005096709
30,78,11.0,0.0056762737
30,78,12.0,0.0047796033
30,78,13.0,0.0029264775
30,78,14.0,0.0029944612
30,79,0.0,0.0003459068
30,79,1.0,0.001041365
30,79,2.0,0.0027396434
30,79,3.0,0.004771346
30,79,4.0,0.0039307484
30,79,5.0,0.0034113978
30,79,6.0,0.0024063694
30,79,7.0,0.0023306422
30,79,8.0,0.0026506132
30,79,9.0,0.0023431992
30,79,10.0,0.0019047421
30,79,11.0,0.0019497627
30,79,12.0,0.0014936175
30,79,13.0,0.0013608158
30,79,14.0,0.0016023117
30,80,0.0,5.3155793e-05
30,80,1.0,0.0003010913
30,80,2.0,0.0012252032
30,80,3.0,0.0010151345
30,80,4.0,0.0009124029
30,80,5.0,0.00079481775
30,80,6.0,0.0008648727
30,80,7.0,0.00059213664
30,80,8.0,0.00069283316
30,80,9.0,0.0008053834
30,80,10.0,0.00071731734
30,80,11.0,0.00064060115
30,80,12.0,0.00048607113
30,80,13.0,0.00025842476
30,80,14.0,0.00033855022
30,81,0.0,7.692578e-06
30,81,1.0,1.318311e-07
30,81,2.0,4.1373355e-06
30,81,3.0,4.145429e-06
30,81,4.0,9.319166e-06
30,81,5.0,1.0773114e-05
30,81,6.0,2.9228184e-05
30,81,7.0,3.2122396e-05
30,81,8.0,2.3562867e-05
30,81,9.0,2.2322356e-05
30,81,10.0,1.1986728e-05
30,81,11.0,9.31034e-06
30,81,12.0,5.387636e-06
30,81,13.0,7.7424465e-06
30,81,14.0,6.558647e-06
30,82,0.0,3.733518e-08
30,82,1.0,3.8310347e-08
30,82,2.0,3.4849201e-09
30,82,3.0,4.76413e-10
30,82,4.0,1.1052038e-08
30,82,5.0,8.7140144e-08
30,82,6.0,1.0256834e-09
30,82,7.0,1.16218236e-10
30,82,8.0,2.0798532e-10
30,82,9.0,1.9014595e-10
30,82,10.0,4.4259016e-10
30,82,11.0,2.9286888e-09
30,82,12.0,7.474676e-09
30,82,13.0,1.3225065e-08
30,82,14.0,6.793415e-08
30,83,0.0,6.7946857e-09
30,83,1.0,1.6780139e-07
30,83,2.0,1.3048418e-10
30,83,3.0,6.5999695e-10
30,83,4.0,1.4908645e-08
30,83,5.0,1.5048167e-08
30,83,6.0,2.8730411e-09
30,83,7.0,1.2323599e-08
30,83,8.0,2.394722e-08
30,83,9.0,1.6026085e-08
30,83,10.0,6.6251404e-09
30,83,11.0,8.528604e-09
30,83,12.0,8.212887e-09
30,83,13.0,1.5596294e-08
30,83,14.0,2.168279e-07
30,84,0.0,5.5129533e-11
30,84,1.0,1.4676259e-10
30,84,2.0,2.7898567e-10
30,84,3.0,3.5925488e-10
30,84,4.0,2.7006178e-10
30,84,5.0,1.9938556e-11
30,84,6.0,5.661074e-11
30,84,7.0,3.988006e-11
30,84,8.0,5.558828e-11
30,84,9.0,9.304944e-11
30,84,10.0,1.0129528e-09
30,84,11.0,1.3067585e-09
30,84,12.0,8.1112284e-10
30,84,13.0,5.603436e-10
30,84,14.0,3.620176e-10
30,85,0.0,7.8356827e-10
30,85,1.0,1.1879079e-08
30,85,2.0,4.9212464e-11
30,85,3.0,3.2594625e-11
30,85,4.0,8.365637e-11
30,85,5.0,1.5146262e-10
30,85,6.0,5.4282845e-10
30,85,7.0,8.924793e-09
30,85,8.0,5.3504298e-08
30,85,9.0,4.8799354e-08
30,85,10.0,1.4108529e-08
30,85,11.0,8.9036885e-09
30,85,12.0,8.2260145e-09
30,85,13.0,8.752499e-08
30,85,14.0,4.8810683e-08
30,86,0.0,5.803339e-13
30,86,1.0,8.471984e-14
30,86,2.0,1.5693234e-13
30,86,3.0,1.0936578e-11
30,86,4.0,9.9448894e-11
30,86,5.0,3.2745787e-10
30,86,6.0,3.108615e-10
30,86,7.0,7.3324236e-11
30,86,8.0,1.2720763e-10
30,86,9.0,2.410249e-10
30,86,10.0,4.6245224e-10
30,86,11.0,8.0322776e-10
30,86,12.0,1.0948294e-09
30,86,13.0,5.0942606e-10
30,86,14.0,6.689749e-10
31,67,0.0,3.185821e-11
31,67,1.0,1.43408185e-11
31,67,2.0,1.4688039e-09
31,67,3.0,1.6406218e-11
31,67,4.0,3.2859342e-09
31,67,5.0,3.3985217e-11
31,67,6.0,2.6224032e-09
31,67,7.0,1.04964855e-08
31,67,8.0,3.3929164e-09
31,67,9.0,2.8962457e-09
31,67,10.0,1.5540818e-09
31,67,11.0,1.15800844e-08
31,67,12.0,1.1973847e-08
31,67,13.0,6.232603e-10
31,67,14.0,1.22674345e-11
31,68,0.0,5.055364e-10
31,68,1.0,1.8190786e-08
31,68,2.0,3.7509915e-11
31,68,3.0,1.130392e-09
31,68,4.0,1.8931756e-10
31,68,5.0,2.3929374e-09
31,68,6.0,7.654061e-09
31,68,7.0,2.0135691e-07
31,68,8.0,7.41795e-08
31,68,9.0,1.1658069e-08
31,68,10.0,2.8728736e-10
31,68,11.0,6.7665193e-09
31,68,12.0,7.23918e-08
31,68,13.0,2.3020232e-09
31,68,14.0,5.713301e-11
31,69,0.0,7.25502e-11
31,69,1.0,1.3026718e-11
31,69,2.0,1.2704319e-09
31,69,3.0,2.7639013e-10
31,69,4.0,4.4000244e-11
31,69,5.0,6.389114e-11
31,69,6.0,2.2107059e-10
31,69,7.0,1.1049421e-10
31,69,8.0,2.7549032e-09
31,69,9.0,2.841937e-08
31,69,10.0,4.090773e-09
31,69,11.0,4.877417e-09
31,69,12.0,5.240233e-11
31,69,13.0,6.553643e-11
31,69,14.0,1.5807401e-09
31,70,0.0,4.349781e-13
31,70,1.0,4.241205e-08
31,70,2.0,2.6077187e-08
31,70,3.0,6.172084e-09
31,70,4.0,4.974973e-09
31,70,5.0,4.501998e-08
31,70,6.0,1.9714184e-08
31,70,7.0,9.929328e-11
31,70,8.0,7.8373097e-10
31,70,9.0,3.741814e-08
31,70,10.0,1.0129071e-08
31,70,11.0,1.1359763e-11
31,70,12.0,1.1950382e-09
31,70,13.0,8.271331e-09
31,70,14.0,1.5230366e-09
31,71,0.0,6.0491927e-09
31,71,1.0,1.6784611e-10
31,71,2.0,1.1717373e-08
31,71,3.0,4.3802006e-09
31,71,4.0,6.0607044e-09
31,71,5.0,1.13269616e-10
31,71,6.0,1.3615023e-10
31,71,7.0,1.9663554e-08
31,71,8.0,4.944368e-09
31,71,9.0,3.362246e-08
31,71,10.0,2.4258169e-08
31,71,11.0,1.9952475e-09
31,71,12.0,1.3123916e-11
31,71,13.0,6.579064e-10
31,71,14.0,3.4854022e-09
31,72,0.0,2.6197675e-13
31,72,1.0,0.0
31,72,2.0,2.3148946e-14
31,72,3.0,3.5538307e-08
31,72,4.0,8.469947e-11
31,72,5.0,2.8326592e-13
31,72,6.0,3.7218386e-21
31,72,7.0,1.09827064e-10
31,72,8.0,7.1432477e-10
31,72,9.0,1.7089532e-08
31,72,10.0,3.639276e-08
31,72,11.0,5.9088244e-08
31,72,12.0,1.4571086e-06
31,72,13.0,5.3149654e-07
31,72,14.0,1.8819435e-07
31,73,0.0,4.6942597e-12
31,73,1.0,0.0
31,73,2.0,4.1350435e-13
31,73,3.0,3.7616513e-08
31,73,4.0,8.3233084e-07
31,73,5.0,4.270726e-06
31,73,6.0,5.4976404e-06
31,73,7.0,5.6325925e-06
31,73,8.0,3.4058849e-06
31,73,9.0,5.521244e-06
31,73,10.0,1.1258359e-05
31,73,11.0,2.8498614e-05
31,73,12.0,2.2034308e-05
31,73,13.0,2.1972519e-05
31,73,14.0,2.322007e-05
31,74,0.0,3.6575125e-06
31,74,1.0,5.9091485e-07
31,74,2.0,1.7391136e-05
31,74,3.0,1.3311514e-05
31,74,4.0,4.8671838e-05
31,74,5.0,4.8627317e-05
31,74,6.0,0.00014998153
31,74,7.0,0.00011291889
31,74,8.0,8.430704e-05
31,74,9.0,5.9824873e-05
31,74,10.0,0.00011906247
31,74,11.0,0.00018009433
31,74,12.0,7.045783e-05
31,74,13.0,0.00010864581
31,74,14.0,0.00012397011
31,75,0.0,2.1720267e-05
31,75,1.0,0.00029263433
31,75,2.0,0.00052397285
31,75,3.0,0.0006514119
31,75,4.0,0.0011844633
31,75,5.0,0.0015347749
31,75,6.0,0.0017007292
31,75,7.0,0.0015200481
31,75,8.0,0.0009856317
31,75,9.0,0.0005914931
31,75,10.0,0.0010791529
31,75,11.0,0.0017423524
31,75,12.0,0.0019712122
31,75,13.0,0.0014329471
31,75,14.0,0.0010955731
31,76,0.0,8.643638e-05
31,76,1.0,9.589046e-05
31,76,2.0,0.00074829854
31,76,3.0,0.001009275
31,76,4.0,0.0012233756
31,76,5.0,0.001500593
31,76,6.0,0.0018263404
31,76,7.0,0.0021006353
31,76,8.0,0.002130749
31,76,9.0,0.0019755343
31,76,10.0,0.0017498952
31,76,11.0,0.0018895727
31,76,12.0,0.0031668837
31,76,13.0,0.0029242937
31,76,14.0,0.0022435503
31,77,0.0,0.0003779781
31,77,1.0,0.002213678
31,77,2.0,0.002616869
31,77,3.0,0.004409238
31,77,4.0,0.006915452
31,77,5.0,0.008984556
31,77,6.0,0.011333102
31,77,7.0,0.010731815
31,77,8.0,0.008515667
31,77,9.0,0.0055940123
31,77,10.0,0.007497328
31,77,11.0,0.0072937096
31,77,12.0,0.007222453
31,77,13.0,0.007736811
31,77,14.0,0.0062957336
31,78,0.0,0.0011248704
31,78,1.0,0.0031254573
31,78,2.0,0.0062316693
31,78,3.0,0.008201614
31,78,4.0,0.007771969
31,78,5.0,0.0071438244
31,78,6.0,0.0074690245
31,78,7.0,0.009869636
31,78,8.0,0.012091062
31,78,9.0,0.014071457
31,78,10.0,0.010020947
31,78,11.0,0.014873952
31,78,12.0,0.01154452
31,78,13.0,0.010479497
31,78,14.0,0.0126413945
31,79,0.0,0.0042737094
31,79,1.0,0.0069072912
31,79,2.0,0.0143433735
31,79,3.0,0.020388322
31,79,4.0,0.02869247
31,79,5.0,0.025058182
31,79,6.0,0.023746459
31,79,7.0,0.023264442
31,79,8.0,0.018845392
31,79,9.0,0.013207299
31,79,10.0,0.012721283
31,79,11.0,0.01585837
31,79,12.0,0.017741255
31,79,13.0,0.013063544
31,79,14.0,0.014554424
31,80,0.0,0.0018653586
31,80,1.0,0.0067389584
31,80,2.0,0.009057119
31,80,3.0,0.0129900575
31,80,4.0,0.016818421
31,80,5.0,0.015433155
31,80,6.0,0.014741315
31,80,7.0,0.010805621
31,80,8.0,0.009839197
31,80,9.0,0.008274112
31,80,10.0,0.011346883
31,80,11.0,0.011343044
31,80,12.0,0.009427594
31,80,13.0,0.009077035
31,80,14.0,0.007927761
31,81,0.0,0.0010917548
31,81,1.0,0.002664126
31,81,2.0,0.0038302317
31,81,3.0,0.005064679
31,81,4.0,0.0070327874
31,81,5.0,0.006142466
31,81,6.0,0.006200902
31,81,7.0,0.005011905
31,81,8.0,0.0046074083
31,81,9.0,0.003481214
31,81,10.0,0.0034563344
31,81,11.0,0.003376706
31,81,12.0,0.007079752
31,81,13.0,0.0058219065
31,81,14.0,0.0036057683
31,82,0.0,0.00035518044
31,82,1.0,0.00043471457
31,82,2.0,0.0006088969
31,82,3.0,0.0005157345
31,82,4.0,0.0008054118
31,82,5.0,0.000890025
31,82,6.0,0.0010825113
31,82,7.0,0.0008388696
31,82,8.0,0.0005256419
31,82,9.0,0.0005841879
31,82,10.0,0.00079448614
31,82,11.0,0.0021264814
31,82,12.0,0.0013115312
31,82,13.0,0.0017532152
31,82,14.0,0.0007755375
31,83,0.0,8.320133e-06
31,83,1.0,8.758065e-05
31,83,2.0,4.5546672e-05
31,83,3.0,4.1842937e-05
31,83,4.0,5.9699407e-05
31,83,5.0,0.0001769551
31,83,6.0,0.00022785501
31,83,7.0,0.00032996506
31,83,8.0,0.0003344082
31,83,9.0,0.00031211015
31,83,10.0,0.0007955676
31,83,11.0,0.0010033582
31,83,12.0,0.00069426297
31,83,13.0,0.0005406623
31,83,14.0,0.0002040763
31,84,0.0,6.074281e-07
31,84,1.0,4.4431295e-06
31,84,2.0,4.6868325e-07
31,84,3.0,1.353929e-07
31,84,4.0,2.4211624e-06
31,84,5.0,1.575102e-05
31,84,6.0,1.9371193e-05
31,84,7.0,2.1780912e-05
31,84,8.0,2.1387388e-05
31,84,9.0,8.61142e-06
31,84,10.0,2.0663456e-05
31,84,11.0,3.115967e-05
31,84,12.0,2.5598041e-05
31,84,13.0,5.432387e-05
31,84,14.0,5.3034455e-05
31,85,0.0,9.952941e-08
31,85,1.0,4.0067243e-07
31,85,2.0,2.832656e-07
31,85,3.0,1.0801425e-08
31,85,4.0,6.3135763e-10
31,85,5.0,1.6890382e-08
31,85,6.0,2.0734375e-07
31,85,7.0,3.8112728e-07
31,85,8.0,9.248397e-08
31,85,9.0,3.022119e-07
31,85,10.0,3.5094493e-07
31,85,11.0,7.208946e-06
31,85,12.0,9.015038e-06
31,85,13.0,3.1161344e-06
31,85,14.0,4.8311067e-06
31,86,0.0,2.2557362e-08
31,86,1.0,6.2473056e-08
31,86,2.0,1.1019339e-08
31,86,3.0,4.0701367e-09
31,86,4.0,9.23774e-09
31,86,5.0,3.385781e-08
31,86,6.0,3.7067542e-07
31,86,7.0,3.432497e-07
31,86,8.0,4.144087e-08
31,86,9.0,5.3094542e-08
31,86,10.0,9.955029e-09
31,86,11.0,5.188933e-07
31,86,12.0,8.214281e-07
31,86,13.0,3.7901455e-07
31,86,14.0,4.612501e-07
31,87,0.0,3.8235672e-09
31,87,1.0,1.1013834e-08
31,87,2.0,6.766305e-09
31,87,3.0,2.7521045e-09
31,87,4.0,5.2079496e-09
31,87,5.0,2.1094735e-09
31,87,6.0,2.2198858e-09
31,87,7.0,5.434903e-10
31,87,8.0,6.3579676e-11
31,87,9.0,1.5160256e-09
31,87,10.0,2.7863953e-09
31,87,11.0,5.4010183e-09
31,87,12.0,1.8478093e-09
31,87,13.0,1.5305093e-09
31,87,14.0,8.988197e-11
31,88,0.0,6.1312155e-09
31,88,1.0,4.8763507e-08
31,88,2.0,5.2323827e-08
31,88,3.0,3.656504e-09
31,88,4.0,3.12013e-11
31,88,5.0,4.857007e-10
31,88,6.0,1.3887417e-09
31,88,7.0,8.308523e-10
31,88,8.0,5.5555067e-09
31,88,9.0,4.4498016e-08
31,88,10.0,5.685441e-09
31,88,11.0,1.9922144e-08
31,88,12.0,1.6100568e-08
31,88,13.0,1.5177529e-08
31,88,14.0,2.7829379e-09
31,89,0.0,9.189316e-11
31,89,1.0,7.3230383e-10
31,89,2.0,2.473626e-10
31,89,3.0,3.9278897e-10
31,89,4.0,7.1310763e-10
31,89,5.0,7.404757e-10
31,89,6.0,1.9403326e-09
31,89,7.0,8.731354e-10
31,89,8.0,8.810176e-12
31,89,9.0,1.5903681e-10
31,89,10.0,5.211966e-09
31,89,11.0,5.6986456e-09
31,89,12.0,3.6845904e-08
31,89,13.0,3.951428e-08
31,89,14.0,3.878262e-09
32,69,0.0,4.36432e-13
32,69,1.0,4.4803652e-10
32,69,2.0,1.9170564e-12
32,69,3.0,1.7297508e-10
32,69,4.0,1.6723224e-11
32,69,5.0,9.7368356e-11
32,69,6.0,1.0561947e-09
32,69,7.0,2.2078415e-09
32,69,8.0,4.689557e-09
32,69,9.0,6.865452e-09
32,69,10.0,8.0765566e-10
32,69,11.0,1.4858872e-09
32,69,12.0,1.492048e-11
32,69,13.0,1.3254423e-08
32,69,14.0,1.2837544e-09
32,70,0.0,1.50974e-13
32,70,1.0,1.1104085e-12
32,70,2.0,1.6190042e-12
32,70,3.0,2.5635802e-10
32,70,4.0,3.9585328e-11
32,70,5.0,6.3552316e-11
32,70,6.0,3.6110144e-09
32,70,7.0,2.0461546e-09
32,70,8.0,7.044649e-10
32,70,9.0,2.453268e-08
32,70,10.0,4.2268292e-07
32,70,11.0,7.397578e-09
32,70,12.0,3.4733876e-09
32,70,13.0,6.0217937e-09
32,70,14.0,3.9730624e-10
32,71,0.0,4.540903e-15
32,71,1.0,1.728385e-10
32,71,2.0,1.8270921e-11
32,71,3.0,5.1157432e-11
32,71,4.0,1.8006882e-10
32,71,5.0,6.9020845e-10
32,71,6.0,1.2861048e-09
32,71,7.0,7.784095e-10
32,71,8.0,3.714387e-10
32,71,9.0,2.6617655e-09
32,71,10.0,6.2282304e-08
32,71,11.0,6.035186e-08
32,71,12.0,1.6533017e-08
32,71,13.0,9.052661e-11
32,71,14.0,7.684096e-10
32,72,0.0,1.1037171e-14
32,72,1.0,8.724311e-12
32,72,2.0,1.1517555e-08
32,72,3.0,5.1741424e-09
32,72,4.0,1.2719443e-08
32,72,5.0,1.2312697e-08
32,72,6.0,1.5105107e-12
32,72,7.0,4.283671e-10
32,72,8.0,1.371713e-07
32,72,9.0,2.8002535e-07
32,72,10.0,4.0327697e-07
32,72,11.0,3.7504595e-08
32,72,12.0,2.193497e-09
32,72,13.0,0.0
32,72,14.0,2.363279e-09
32,73,0.0,1.07192616e-10
32,73,1.0,2.222224e-11
32,73,2.0,2.4800095e-10
32,73,3.0,9.987635e-09
32,73,4.0,4.1459027e-09
32,73,5.0,1.8793326e-08
32,73,6.0,1.40774e-08
32,73,7.0,6.244338e-09
32,73,8.0,1.5694692e-08
32,73,9.0,1.2195957e-08
32,73,10.0,1.143949e-09
32,73,11.0,5.763828e-09
32,73,12.0,1.8662518e-09
32,73,13.0,1.7476937e-09
32,73,14.0,5.448281e-10
32,74,0.0,1.1362866e-09
32,74,1.0,3.887851e-08
32,74,2.0,6.796706e-08
32,74,3.0,7.7420054e-08
32,74,4.0,1.1495842e-08
32,74,5.0,3.5188286e-08
32,74,6.0,4.1532206e-07
32,74,7.0,5.891702e-07
32,74,8.0,1.4378499e-07
32,74,9.0,4.5010704e-08
32,74,10.0,7.6196095e-08
32,74,11.0,1.0645876e-07
32,74,12.0,4.792988e-08
32,74,13.0,6.117657e-08
32,74,14.0,4.5847137e-06
32,75,0.0,4.2277554e-07
32,75,1.0,4.4668644e-07
32,75,2.0,1.8896346e-05
32,75,3.0,2.3179015e-05
32,75,4.0,2.699338e-05
32,75,5.0,3.116691e-05
32,75,6.0,3.2282675e-05
32,75,7.0,3.4895842e-05
32,75,8.0,2.192628e-05
32,75,9.0,2.9885483e-05
32,75,10.0,4.9190727e-05
32,75,11.0,2.3153572e-05
32,75,12.0,0.00010889065
32,75,13.0,3.6701324e-05
32,75,14.0,1.1724942e-05
32,76,0.0,7.1839845e-06
32,76,1.0,0.000100058234
32,76,2.0,0.00018243102
32,76,3.0,0.0001483049
32,76,4.0,8.485222e-05
32,76,5.0,8.3722465e-05
32,76,6.0,0.00013038814
32,76,7.0,0.00024653744
32,76,8.0,0.0001601676
32,76,9.0,0.00040343325
32,76,10.0,0.00031122024
32,76,11.0,0.0004948506
32,76,12.0,0.00037642004
32,76,13.0,0.00030119144
32,76,14.0,0.00024875472
32,77,0.0,9.607857e-05
32,77,1.0,0.00016682126
32,77,2.0,0.000184996
32,77,3.0,0.00037384717
32,77,4.0,0.00084537035
32,77,5.0,0.00056827266
32,77,6.0,0.0013238664
32,77,7.0,0.0015687441
32,77,8.0,0.0010154403
32,77,9.0,0.0009501246
32,77,10.0,0.0011166183
32,77,11.0,0.0010542036
32,77,12.0,0.0007806194
32,77,13.0,0.0015694454
32,77,14.0,0.0013747483
32,78,0.0,0.0005203297
32,78,1.0,0.00095789105
32,78,2.0,0.0013206522
32,78,3.0,0.0019979705
32,78,4.0,0.0025487987
32,78,5.0,0.0029028812
32,78,6.0,0.0031514345
32,78,7.0,0.0031481083
32,78,8.0,0.0032504536
32,78,9.0,0.0022959313
32,78,10.0,0.004031839
32,78,11.0,0.004785158
32,78,12.0,0.0041437205
32,78,13.0,0.0037052627
32,78,14.0,0.0039918064
32,79,0.0,0.002658611
32,79,1.0,0.007833604
32,79,2.0,0.0055769696
32,79,3.0,0.0068074656
32,79,4.0,0.0050799046
32,79,5.0,0.0060465103
32,79,6.0,0.009099
32,79,7.0,0.010292823
32,79,8.0,0.008819814
32,79,9.0,0.0114201745
32,79,10.0,0.024533693
32,79,11.0,0.017790891
32,79,12.0,0.017201927
32,79,13.0,0.015587034
32,79,14.0,0.015362736
32,80,0.0,0.009375555
32,80,1.0,0.028268613
32,80,2.0,0.024792228
32,80,3.0,0.031601302
32,80,4.0,0.033030838
32,80,5.0,0.024709852
32,80,6.0,0.027712297
32,80,7.0,0.028254502
32,80,8.0,0.036143426
32,80,9.0,0.036636118
32,80,10.0,0.034169223
32,80,11.0,0.034547303
32,80,12.0,0.03290159
32,80,13.0,0.030417213
32,80,14.0,0.028246297
32,81,0.0,0.019984368
32,81,1.0,0.032889023
32,81,2.0,0.03523982
32,81,3.0,0.04287048
32,81,4.0,0.05740307
32,81,5.0,0.046450112
32,81,6.0,0.044803258
32,81,7.0,0.043963406
32,81,8.0,0.05078027
32,81,9.0,0.05953455
32,81,10.0,0.060681377
32,81,11.0,0.05644279
32,81,12.0,0.05402588
32,81,13.0,0.03936532
32,81,14.0,0.0288637
32,82,0.0,0.018237986
32,82,1.0,0.024704073
32,82,2.0,0.025323711
32,82,3.0,0.028820666
32,82,4.0,0.025590764
32,82,5.0,0.025816375
32,82,6.0,0.030681102
32,82,7.0,0.023923762
32,82,8.0,0.026400052
32,82,9.0,0.036788117
32,82,10.0,0.041471843
32,82,11.0,0.029358912
32,82,12.0,0.026764832
32,82,13.0,0.023255067
32,82,14.0,0.027175957
32,83,0.0,0.008455947
32,83,1.0,0.007240125
32,83,2.0,0.006593895
32,83,3.0,0.009148849
32,83,4.0,0.006586956
32,83,5.0,0.0072941976
32,83,6.0,0.008168254
32,83,7.0,0.008519326
32,83,8.0,0.010060607
32,83,9.0,0.009984966
32,83,10.0,0.007849037
32,83,11.0,0.012529359
32,83,12.0,0.013564802
32,83,13.0,0.010766701
32,83,14.0,0.009868186
32,84,0.0,0.0015867602
32,84,1.0,0.0028026258
32,84,2.0,0.0019023468
32,84,3.0,0.002454646
32,84,4.0,0.0029875578
32,84,5.0,0.00387653
32,84,6.0,0.0034740663
32,84,7.0,0.0027442232
32,84,8.0,0.0031277416
32,84,9.0,0.00413865
32,84,10.0,0.0029312682
32,84,11.0,0.0027417452
32,84,12.0,0.0028939408
32,84,13.0,0.003126667
32,84,14.0,0.0022007718
32,85,0.0,0.00028777937
32,85,1.0,0.0004026201
32,85,2.0,0.00075729575
32,85,3.0,0.0004436941
32,85,4.0,0.00037493772
32,85,5.0,0.00045263465
32,85,6.0,0.00037685735
32,85,7.0,0.00027514997
32,85,8.0,0.00038628108
32,85,9.0,0.0005160647
32,85,10.0,0.00051651034
32,85,11.0,0.00047402128
32,85,12.0,0.00037973782
32,85,13.0,0.00020314567
32,85,14.0,0.00038221327
32,86,0.0,5.6317454e-06
32,86,1.0,3.3259537e-05
32,86,2.0,0.0001569817
32,86,3.0,2.6773494e-06
32,86,4.0,4.076172e-06
32,86,5.0,1.5434514e-05
32,86,6.0,7.284514e-05
32,86,7.0,2.359577e-05
32,86,8.0,2.7872264e-05
32,86,9.0,6.8574445e-05
32,86,10.0,7.087601e-05
32,86,11.0,0.00014569046
32,86,12.0,0.00022809676
32,86,13.0,3.5091667e-05
32,86,14.0,0.00010381779
32,87,0.0,2.9688579e-06
32,87,1.0,2.649581e-07
32,87,2.0,2.6779857e-08
32,87,3.0,1.65078e-07
32,87,4.0,6.7465703e-07
32,87,5.0,1.8116594e-07
32,87,6.0,6.20977e-08
32,87,7.0,4.0300282e-07
32,87,8.0,4.721073e-07
32,87,9.0,4.7833163e-07
32,87,10.0,4.1802832e-07
32,87,11.0,4.621702e-07
32,87,12.0,6.5914136e-08
32,87,13.0,2.3806837e-08
32,87,14.0,2.814126e-07
32,88,0.0,7.617133e-09
32,88,1.0,3.4839196e-08
32,88,2.0,4.005489e-08
32,88,3.0,1.5432347e-09
32,88,4.0,1.1134131e-08
32,88,5.0,3.5543053e-09
32,88,6.0,4.300575e-09
32,88,7.0,2.129697e-09
32,88,8.0,1.02619815e-08
32,88,9.0,2.0542672e-08
32,88,10.0,1.5331837e-08
32,88,11.0,1.2766844e-08
32,88,12.0,2.807474e-09
32,88,13.0,1.5536807e-09
32,88,14.0,2.7961236e-09
32,89,0.0,3.2087746e-11
32,89,1.0,1.2382903e-10
32,89,2.0,4.667469e-10
32,89,3.0,5.434665e-10
32,89,4.0,1.9434482e-10
32,89,5.0,2.3963218e-10
32,89,6.0,3.8670595e-10
32,89,7.0,5.7394156e-10
32,89,8.0,1.3625522e-09
32,89,9.0,3.0765457e-09
32,89,10.0,3.767407e-09
32,89,11.0,2.6785032e-09
32,89,12.0,1.2132504e-09
32,89,13.0,2.244152e-10
32,89,14.0,2.1654116e-10
32,90,0.0,3.6489133e-15
32,90,1.0,1.1689061e-10
32,90,2.0,3.41689e-10
32,90,3.0,6.0252114e-10
32,90,4.0,3.312224e-10
32,90,5.0,1.3557425e-10
32,90,6.0,7.3565404e-11
32,90,7.0,1.8206224e-10
32,90,8.0,8.1509376e-11
32,90,9.0,6.9370586e-11
32,90,10.0,1.12134906e-10
32,90,11.0,1.5040484e-10
32,90,12.0,4.550983e-11
32,90,13.0,2.1541209e-13
32,90,14.0,1.6174693e-13
32,91,0.0,1.3852289e-14
32,91,1.0,1.1682924e-14
32,91,2.0,1.7062742e-11
32,91,3.0,6.622031e-11
32,91,4.0,2.0997201e-10
32,91,5.0,3.5922318e-10
32,91,6.0,6.922541e-10
32,91,7.0,1.1383509e-09
32,91,8.0,7.759844e-10
32,91,9.0,3.6188072e-10
32,91,10.0,4.775355e-10
32,91,11.0,2.8159283e-10
32,91,12.0,4.1158282e-10
32,91,13.0,7.634499e-11
32,91,14.0,1.2469469e-10
33,72,0.0,5.455749e-09
33,72,1.0,2.8999958e-07
33,72,2.0,8.083391e-08
33,72,3.0,1.280563e-07
33,72,4.0,1.6731879e-07
33,72,5.0,1.8288063e-08
33,72,6.0,1.6247943e-09
33,72,7.0,5.520778e-09
33,72,8.0,7.237977e-09
33,72,9.0,3.859845e-09
33,72,10.0,4.7319735e-11
33,72,11.0,1.2076869e-08
33,72,12.0,2.4362455e-08
33,72,13.0,2.2997143e-07
33,72,14.0,1.1856898e-08
33,73,0.0,4.3106367e-09
33,73,1.0,6.2060984e-08
33,73,2.0,1.762026e-08
33,73,3.0,4.9552263e-08
33,73,4.0,1.2279407e-09
33,73,5.0,1.0447021e-08
33,73,6.0,1.4968327e-09
33,73,7.0,2.6043354e-08
33,73,8.0,2.4643967e-08
33,73,9.0,4.2791344e-09
33,73,10.0,2.5565883e-09
33,73,11.0,7.994711e-08
33,73,12.0,1.9326374e-09
33,73,13.0,3.5948893e-09
33,73,14.0,9.197351e-10
33,74,0.0,1.0937897e-09
33,74,1.0,5.6795493e-09
33,74,2.0,3.2194947e-08
33,74,3.0,8.2310514e-08
33,74,4.0,3.2519523e-07
33,74,5.0,2.5614938e-07
33,74,6.0,5.0806506e-08
33,74,7.0,2.4669178e-10
33,74,8.0,4.1935474e-12
33,74,9.0,4.1308606e-11
33,74,10.0,1.8609214e-09
33,74,11.0,3.361108e-07
33,74,12.0,3.046662e-09
33,74,13.0,5.5010496e-08
33,74,14.0,5.5179092e-09
33,75,0.0,3.254475e-10
33,75,1.0,4.8780158e-09
33,75,2.0,1.984945e-08
33,75,3.0,7.031807e-11
33,75,4.0,8.9280167e-10
33,75,5.0,0.0
33,75,6.0,0.0
33,75,7.0,1.921027e-12
33,75,8.0,3.6778258e-10
33,75,9.0,1.373506e-07
33,75,10.0,1.6885698e-09
33,75,11.0,1.1505967e-08
33,75,12.0,3.5777026e-07
33,75,13.0,1.6756219e-07
33,75,14.0,1.2141525e-07
33,76,0.0,1.93895e-09
33,76,1.0,3.643395e-11
33,76,2.0,4.484165e-09
33,76,3.0,3.5726592e-11
33,76,4.0,2.4924436e-09
33,76,5.0,9.742639e-09
33,76,6.0,1.0720972e-08
33,76,7.0,2.101852e-08
33,76,8.0,5.2578162e-08
33,76,9.0,3.0216938e-07
33,76,10.0,1.2538632e-07
33,76,11.0,3.0614378e-09
33,76,12.0,8.729804e-11
33,76,13.0,2.432526e-08
33,76,14.0,1.7942632e-06
33,77,0.0,7.613809e-07
33,77,1.0,1.4170874e-07
33,77,2.0,1.2606945e-08
33,77,3.0,2.4720288e-08
33,77,4.0,8.166545e-09
33,77,5.0,1.6017078e-10
33,77,6.0,1.5487569e-08
33,77,7.0,4.4760995e-08
33,77,8.0,6.1615707e-10
33,77,9.0,9.498973e-10
33,77,10.0,2.4211974e-07
33,77,11.0,1.3007043e-06
33,77,12.0,2.5337386e-05
33,77,13.0,5.900543e-05
33,77,14.0,1.2099662e-05
33,78,0.0,6.505274e-05
33,78,1.0,3.8659796e-06
33,78,2.0,3.5120178e-05
33,78,3.0,1.3168665e-05
33,78,4.0,3.814828e-05
33,78,5.0,1.3347346e-05
33,78,6.0,4.1735468e-05
33,78,7.0,0.00015516725
33,78,8.0,2.4304798e-05
33,78,9.0,8.7911896e-05
33,78,10.0,0.00015166443
33,78,11.0,1.8117798e-05
33,78,12.0,4.809425e-06
33,78,13.0,3.5980782e-05
33,78,14.0,0.00047928386
33,79,0.0,0.00026860076
33,79,1.0,0.0008967079
33,79,2.0,0.00081067166
33,79,3.0,0.00038794312
33,79,4.0,0.0005427897
33,79,5.0,0.0001554697
33,79,6.0,0.000463463
33,79,7.0,0.00065748615
33,79,8.0,0.00036675084
33,79,9.0,0.00032452133
33,79,10.0,0.0003640872
33,79,11.0,0.0010883559
33,79,12.0,0.0013504457
33,79,13.0,0.0024885978
33,79,14.0,0.003601413
33,80,0.0,0.0012768182
33,80,1.0,0.0016925121
33,80,2.0,0.0030677067
33,80,3.0,0.002042061
33,80,4.0,0.0021839077
33,80,5.0,0.0024343221
33,80,6.0,0.0025563869
33,80,7.0,0.003066727
33,80,8.0,0.004211642
33,80,9.0,0.006099789
33,80,10.0,0.005314046
33,80,11.0,0.0030568046
33,80,12.0,0.0035059461
33,80,13.0,0.0036520245
33,80,14.0,0.004849904
33,81,0.0,0.0069279782
33,81,1.0,0.010576314
33,81,2.0,0.014822008
33,81,3.0,0.020146664
33,81,4.0,0.01985806
33,81,5.0,0.024937693
33,81,6.0,0.024213457
33,81,7.0,0.024659555
33,81,8.0,0.02705717
33,81,9.0,0.033155315
33,81,10.0,0.028390383
33,81,11.0,0.025103258
33,81,12.0,0.027720802
33,81,13.0,0.03304976
33,81,14.0,0.027146261
33,82,0.0,0.019726526
33,82,1.0,0.030638197
33,82,2.0,0.046495266
33,82,3.0,0.06457125
33,82,4.0,0.06673964
33,82,5.0,0.07370477
33,82,6.0,0.061757144
33,82,7.0,0.07986027
33,82,8.0,0.06943099
33,82,9.0,0.055706985
33,82,10.0,0.040006354
33,82,11.0,0.049211908
33,82,12.0,0.05057113
33,82,13.0,0.0607899
33,82,14.0,0.04958178
33,83,0.0,0.03740166
33,83,1.0,0.073679574
33,83,2.0,0.09488514
33,83,3.0,0.10968699
33,83,4.0,0.12921965
33,83,5.0,0.13189678
33,83,6.0,0.14850338
33,83,7.0,0.112605095
33,83,8.0,0.0861859
33,83,9.0,0.07885329
33,83,10.0,0.084240474
33,83,11.0,0.082684994
33,83,12.0,0.090700164
33,83,13.0,0.08264145
33,83,14.0,0.09584945
33,84,0.0,0.031765204
33,84,1.0,0.040480997
33,84,2.0,0.06081439
33,84,3.0,0.07693474
33,84,4.0,0.07615053
33,84,5.0,0.06185081
33,84,6.0,0.05744973
33,84,7.0,0.055396438
33,84,8.0,0.06138162
33,84,9.0,0.070795156
33,84,10.0,0.07687789
33,84,11.0,0.06510197
33,84,12.0,0.057352245
33,84,13.0,0.05302447
33,84,14.0,0.0537986
33,85,0.0,0.022486238
33,85,1.0,0.018374238
33,85,2.0,0.026258495
33,85,3.0,0.028490275
33,85,4.0,0.03024744
33,85,5.0,0.03786991
33,85,6.0,0.042864606
33,85,7.0,0.044346426
33,85,8.0,0.042960342
33,85,9.0,0.039965075
33,85,10.0,0.038095072
33,85,11.0,0.03864442
33,85,12.0,0.03725442
33,85,13.0,0.036757924
33,85,14.0,0.036161605
33,86,0.0,0.006103376
33,86,1.0,0.0067703407
33,86,2.0,0.010051454
33,86,3.0,0.008422303
33,86,4.0,0.006117791
33,86,5.0,0.008060249
33,86,6.0,0.009118935
33,86,7.0,0.008697785
33,86,8.0,0.008956771
33,86,9.0,0.0078018615
33,86,10.0,0.0075528156
33,86,11.0,0.0103228595
33,86,12.0,0.008794491
33,86,13.0,0.009243711
33,86,14.0,0.012851643
33,87,0.0,0.0019975582
33,87,1.0,0.0011613033
33,87,2.0,0.0014419167
33,87,3.0,0.0023095235
33,87,4.0,0.0030254088
33,87,5.0,0.002791865
33,87,6.0,0.0022492667
33,87,7.0,0.002861742
33,87,8.0,0.0035046046
33,87,9.0,0.0026815855
33,87,10.0,0.0019734795
33,87,11.0,0.0018081054
33,87,12.0,0.0021245596
33,87,13.0,0.0009125365
33,87,14.0,0.0024874299
33,88,0.0,0.00026541788
33,88,1.0,6.6565786e-05
33,88,2.0,7.703381e-05
33,88,3.0,0.00015159672
33,88,4.0,0.00011364326
33,88,5.0,0.00017891995
33,88,6.0,0.00033316322
33,88,7.0,0.00025615215
33,88,8.0,0.00016622948
33,88,9.0,0.00018105324
33,88,10.0,9.007061e-05
33,88,11.0,7.4568736e-05
33,88,12.0,0.0002550687
33,88,13.0,0.00026227644
33,88,14.0,0.00034886817
33,89,0.0,1.46015145e-05
33,89,1.0,4.4471676e-06
33,89,2.0,9.318283e-07
33,89,3.0,3.218485e-06
33,89,4.0,8.877035e-06
33,89,5.0,2.1143796e-05
33,89,6.0,4.1452728e-05
33,89,7.0,6.154413e-05
33,89,8.0,4.0081748e-05
33,89,9.0,1.5899528e-05
33,89,10.0,1.6441698e-05
33,89,11.0,4.9949276e-06
33,89,12.0,4.4924353e-05
33,89,13.0,7.662326e-05
33,89,14.0,5.7949484e-05
33,90,0.0,9.0704624e-08
33,90,1.0,1.5768529e-07
33,90,2.0,2.1393312e-07
33,90,3.0,6.4169065e-08
33,90,4.0,1.02618685e-07
33,90,5.0,3.615529e-07
33,90,6.0,4.1789676e-07
33,90,7.0,9.946676e-07
33,90,8.0,8.9527487e-07
33,90,9.0,2.434598e-06
33,90,10.0,1.7813306e-06
33,90,11.0,5.409817e-07
33,90,12.0,8.520758e-07
33,90,13.0,4.363295e-06
33,90,14.0,2.5793101e-06
33,91,0.0,5.6794422e-09
33,91,1.0,2.154177e-09
33,91,2.0,4.260161e-08
33,91,3.0,2.1825278e-07
33,91,4.0,9.148284e-08
33,91,5.0,3.149591e-08
33,91,6.0,2.4005955e-09
33,91,7.0,5.091002e-10
33,91,8.0,3.8600828e-10
33,91,9.0,1.2360959e-09
33,91,10.0,2.5894928e-09
33,91,11.0,3.543933e-08
33,91,12.0,1.2062326e-09
33,91,13.0,4.7607536e-08
33,91,14.0,9.764252e-08
33,92,0.0,4.2049278e-10
33,92,1.0,2.6423516e-08
33,92,2.0,1.13717725e-07
33,92,3.0,1.7382567e-07
33,92,4.0,1.6871468e-07
33,92,5.0,5.396548e-08
33,92,6.0,3.1968575e-08
33,92,7.0,6.245889e-09
33,92,8.0,1.9537212e-09
33,92,9.0,7.1849477e-09
33,92,10.0,3.3622767e-09
33,92,11.0,4.516862e-10
33,92,12.0,2.9887002e-09
33,92,13.0,2.6714817e-08
33,92,14.0,4.87557e-09
33,93,0.0,2.262758e-09
33,93,1.0,1.7308447e-09
33,93,2.0,1.316665e-08
33,93,3.0,3.824207e-09
33,93,4.0,4.397339e-09
33,93,5.0,2.5063043e-08
33,93,6.0,1.8576154e-08
33,93,7.0,4.87947e-09
33,93,8.0,1.3587498e-09
33,93,9.0,8.664076e-09
33,93,10.0,6.4048242e-09
33,93,11.0,8.4814783e-10
33,93,12.0,4.2989767e-09
33,93,13.0,5.472563e-09
33,93,14.0,6.027699e-10
33,94,0.0,1.5529624e-16
33,94,1.0,3.661729e-09
33,94,2.0,4.790396e-09
33,94,3.0,6.1076415e-09
33,94,4.0,5.313636e-09
33,94,5.0,1.2587078e-08
33,94,6.0,9.22578e-09
33,94,7.0,6.74735e-09
33,94,8.0,9.22384e-09
33,94,9.0,3.190176e-09
33,94,10.0,1.5889752e-10
33,94,11.0,2.8831473e-12
33,94,12.0,1.719536e-10
33,94,13.0,2.5022845e-10
33,94,14.0,7.4849474e-13
33,95,0.0,7.0687775e-11
33,95,1.0,5.312622e-10
33,95,2.0,6.9080747e-10
33,95,3.0,1.853337e-09
33,95,4.0,3.231393e-10
33,95,5.0,3.8034906e-10
33,95,6.0,4.2826e-10
33,95,7.0,1.9098723e-10
33,95,8.0,6.104695e-10
33,95,9.0,4.5739745e-09
33,95,10.0,8.804063e-10
33,95,11.0,1.7190167e-09
33,95,12.0,6.499445e-09
33,95,13.0,3.0761466e-10
33,95,14.0,1.950403e-09
34,74,0.0,1.8485306e-10
34,74,1.0,3.7970316e-10
34,74,2.0,7.2737945e-09
34,74,3.0,1.9203313e-08
34,74,4.0,2.2660325e-09
34,74,5.0,8.644915e-09
34,74,6.0,7.370645e-10
34,74,7.0,6.634033e-09
34,74,8.0,6.761686e-09
34,74,9.0,2.0870843e-09
34,74,10.0,2.6203701e-09
34,74,11.0,3.6016519e-09
34,74,12.0,5.601982e-10
34,74,13.0,6.980648e-10
34,74,14.0,6.700082e-09
34,75,0.0,4.46156e-09
34,75,1.0,4.4321787e-08
34,75,2.0,6.060725e-09
34,75,3.0,1.0693923e-08
34,75,4.0,1.8240879e-08
34,75,5.0,1.3899701e-08
34,75,6.0,1.4711562e-08
34,75,7.0,1.985873e-08
34,75,8.0,1.175336e-08
34,75,9.0,5.293781e-09
34,75,10.0,6.923806e-09
34,75,11.0,3.402905e-09
34,75,12.0,1.3801991e-10
34,75,13.0,2.7511267e-09
34,75,14.0,5.7247016e-09
34,76,0.0,6.3396627e-10
34,76,1.0,7.687277e-09
34,76,2.0,5.050887e-09
34,76,3.0,3.743175e-10
34,76,4.0,1.7043442e-09
34,76,5.0,2.331361e-09
34,76,6.0,6.142142e-09
34,76,7.0,2.2487008e-08
34,76,8.0,2.5029095e-08
34,76,9.0,1.366589e-08
34,76,10.0,1.4794279e-08
34,76,11.0,1.0002145e-08
34,76,12.0,3.4515093e-09
34,76,13.0,4.0885566e-09
34,76,14.0,6.5396786e-09
34,77,0.0,7.80903e-09
34,77,1.0,6.106306e-09
34,77,2.0,6.204385e-09
34,77,3.0,1.7108484e-08
34,77,4.0,1.4036706e-08
34,77,5.0,3.42871e-08
34,77,6.0,1.7853502e-08
34,77,7.0,3.4484688e-07
34,77,8.0,3.9392027e-08
34,77,9.0,5.9883987e-09
34,77,10.0,2.3297705e-08
34,77,11.0,9.873147e-09
34,77,12.0,1.5360077e-10
34,77,13.0,2.3149456e-14
34,77,14.0,4.6703506e-11
34,78,0.0,2.9554688e-09
34,78,1.0,6.7755307e-10
34,78,2.0,0.0
34,78,3.0,1.4532502e-12
34,78,4.0,1.9872914e-11
34,78,5.0,1.7883102e-15
34,78,6.0,0.0
34,78,7.0,1.1431462e-14
34,78,8.0,2.0631723e-12
34,78,9.0,0.0
34,78,10.0,2.1812762e-11
34,78,11.0,7.860461e-11
34,78,12.0,1.2406656e-10
34,78,13.0,2.6985426e-14
34,78,14.0,5.6570368e-08
34,79,0.0,1.628134e-08
34,79,1.0,2.0532454e-08
34,79,2.0,1.175014e-10
34,79,3.0,2.6812604e-11
34,79,4.0,1.0503489e-07
34,79,5.0,3.0916266e-07
34,79,6.0,2.8728e-07
34,79,7.0,5.5929772e-06
34,79,8.0,1.196975e-05
34,79,9.0,1.6078286e-05
34,79,10.0,6.662888e-06
34,79,11.0,5.6631543e-06
34,79,12.0,1.9001743e-06
34,79,13.0,3.092276e-06
34,79,14.0,1.6152735e-06
34,80,0.0,3.017839e-05
34,80,1.0,2.7827648e-05
34,80,2.0,7.4867585e-06
34,80,3.0,2.301581e-05
34,80,4.0,2.4174324e-05
34,80,5.0,3.4229026e-05
34,80,6.0,3.045101e-05
34,80,7.0,8.812409e-06
34,80,8.0,2.2764368e-06
34,80,9.0,3.430347e-05
34,80,10.0,0.00022720433
34,80,11.0,2.619493e-05
34,80,12.0,0.0001433793
34,80,13.0,3.9254184e-05
34,80,14.0,0.00012971174
34,81,0.0,0.0010733033
34,81,1.0,0.0012537596
34,81,2.0,0.0018517096
34,81,3.0,0.0019265828
34,81,4.0,0.0016415877
34,81,5.0,0.0012630658
34,81,6.0,0.0013547577
34,81,7.0,0.0011148212
34,81,8.0,0.0017413589
34,81,9.0,0.0014979258
34,81,10.0,0.0018149681
34,81,11.0,0.0027754232
34,81,12.0,0.0025207256
34,81,13.0,0.002642454
34,81,14.0,0.003739788
34,82,0.0,0.0062372596
34,82,1.0,0.008530749
34,82,2.0,0.008978716
34,82,3.0,0.01078719
34,82,4.0,0.009317238
34,82,5.0,0.008668214
34,82,6.0,0.012078182
34,82,7.0,0.01102758
34,82,8.0,0.01284254
34,82,9.0,0.010559985
34,82,10.0,0.011144069
34,82,11.0,0.013831258
34,82,12.0,0.013775659
34,82,13.0,0.020362407
34,82,14.0,0.018763427
34,83,0.0,0.037835304
34,83,1.0,0.046914816
34,83,2.0,0.048312373
34,83,3.0,0.040374942
34,83,4.0,0.039368473
34,83,5.0,0.039057445
34,83,6.0,0.05974153
34,83,7.0,0.039430957
34,83,8.0,0.05710343
34,83,9.0,0.06413895
34,83,10.0,0.06340407
34,83,11.0,0.05429631
34,83,12.0,0.06561718
34,83,13.0,0.071859986
34,83,14.0,0.07613321
34,84,0.0,0.08358208
34,84,1.0,0.12043739
34,84,2.0,0.102647096
34,84,3.0,0.13231096
34,84,4.0,0.11811386
34,84,5.0,0.11098182
34,84,6.0,0.11719561
34,84,7.0,0.12796876
34,84,8.0,0.13395429
34,84,9.0,0.13865598
34,84,10.0,0.124071956
34,84,11.0,0.124971986
34,84,12.0,0.12407842
34,84,13.0,0.11270771
34,84,14.0,0.11587663
34,85,0.0,0.13628213
34,85,1.0,0.14074801
34,85,2.0,0.16192663
34,85,3.0,0.16533773
34,85,4.0,0.17430153
34,85,5.0,0.17908669
34,85,6.0,0.15136667
34,85,7.0,0.15643913
34,85,8.0,0.15263413
34,85,9.0,0.15214415
34,85,10.0,0.15799934
34,85,11.0,0.13041529
34,85,12.0,0.12199932
34,85,13.0,0.14474261
34,85,14.0,0.14844409
34,86,0.0,0.13033985
34,86,1.0,0.13222837
34,86,2.0,0.14654946
34,86,3.0,0.1450219
34,86,4.0,0.15030313
34,86,5.0,0.12727463
34,86,6.0,0.13353774
34,86,7.0,0.147347
34,86,8.0,0.15830703
34,86,9.0,0.15343936
34,86,10.0,0.13932219
34,86,11.0,0.13506423
34,86,12.0,0.13926929
34,86,13.0,0.12340853
34,86,14.0,0.11020139
34,87,0.0,0.09838993
34,87,1.0,0.080799654
34,87,2.0,0.09238399
34,87,3.0,0.07917969
34,87,4.0,0.10770708
34,87,5.0,0.07890389
34,87,6.0,0.0777448
34,87,7.0,0.075956516
34,87,8.0,0.06714752
34,87,9.0,0.05958546
34,87,10.0,0.06411779
34,87,11.0,0.062153354
34,87,12.0,0.0582476
34,87,13.0,0.07193275
34,87,14.0,0.07341091
34,88,0.0,0.050099187
34,88,1.0,0.039590813
34,88,2.0,0.041897368
34,88,3.0,0.048729446
34,88,4.0,0.044966076
34,88,5.0,0.026576923
34,88,6.0,0.028712403
34,88,7.0,0.0306127
34,88,8.0,0.024198515
34,88,9.0,0.01998594
34,88,10.0,0.020606393
34,88,11.0,0.021537257
34,88,12.0,0.023088945
34,88,13.0,0.018886272
34,88,14.0,0.015772251
34,89,0.0,0.006902187
34,89,1.0,0.008391719
34,89,2.0,0.011450431
34,89,3.0,0.008855989
34,89,4.0,0.011455164
34,89,5.0,0.011886811
34,89,6.0,0.010161367
34,89,7.0,0.007838981
34,89,8.0,0.0066328803
34,89,9.0,0.0064193932
34,89,10.0,0.007065007
34,89,11.0,0.006033784
34,89,12.0,0.007428062
34,89,13.0,0.0071540647
34,89,14.0,0.00868335
34,90,0.0,0.0013510776
34,90,1.0,0.0015740327
34,90,2.0,0.0021486785
34,90,3.0,0.001763985
34,90,4.0,0.0027790684
34,90,5.0,0.0017312914
34,90,6.0,0.0014660726
34,90,7.0,0.0014876433
34,90,8.0,0.0013631297
34,90,9.0,0.0013787604
34,90,10.0,0.0011361929
34,90,11.0,0.0013171182
34,90,12.0,0.001209909
34,90,13.0,0.0013735965
34,90,14.0,0.0017823192
34,91,0.0,0.00015281198
34,91,1.0,0.00016231602
34,91,2.0,0.00013510081
34,91,3.0,0.00016876044
34,91,4.0,0.00038828628
34,91,5.0,0.00016359548
34,91,6.0,0.0002260852
34,91,7.0,0.00024258936
34,91,8.0,0.0002087023
34,91,9.0,0.00023560162
34,91,10.0,0.00030214334
34,91,11.0,0.00043298092
34,91,12.0,0.00036609822
34,91,13.0,0.00032390715
34,91,14.0,0.0003162342
34,92,0.0,3.550777e-07
34,92,1.0,8.559796e-06
34,92,2.0,3.6753095e-06
34,92,3.0,1.2860317e-05
34,92,4.0,3.3005547e-06
34,92,5.0,2.537708e-06
34,92,6.0,4.6712437e-08
34,92,7.0,5.8778515e-09
34,92,8.0,4.348735e-08
34,92,9.0,9.4109765e-07
34,92,10.0,1.846097e-06
34,92,11.0,9.942859e-07
34,92,12.0,6.000424e-07
34,92,13.0,7.7115146e-08
34,92,14.0,2.0112222e-07
34,93,0.0,4.750567e-08
34,93,1.0,1.2161837e-07
34,93,2.0,5.9236427e-08
34,93,3.0,1.5109533e-08
34,93,4.0,3.0519345e-09
34,93,5.0,1.8899446e-08
34,93,6.0,1.08455254e-07
34,93,7.0,2.8114252e-07
34,93,8.0,2.7862956e-07
34,93,9.0,2.5921352e-07
34,93,10.0,2.5550838e-07
34,93,11.0,2.0081477e-07
34,93,12.0,1.1279206e-07
34,93,13.0,1.5425529e-06
34,93,14.0,2.1971312e-08
34,94,0.0,4.3952585e-12
34,94,1.0,7.8966285e-11
34,94,2.0,5.096455e-10
34,94,3.0,2.6901317e-10
34,94,4.0,9.3459754e-11
34,94,5.0,1.65511e-19
34,94,6.0,1.9415058e-15
34,94,7.0,8.728622e-15
34,94,8.0,4.8833127e-15
34,94,9.0,1.1661699e-12
34,94,10.0,0.0
34,94,11.0,2.4353563e-11
34,94,12.0,1.2870931e-08
34,94,13.0,1.2350476e-08
34,94,14.0,5.802874e-09
34,95,0.0,7.750278e-14
34,95,1.0,7.975402e-18
34,95,2.0,5.7990776e-13
34,95,3.0,2.3490473e-11
34,95,4.0,4.3894978e-11
34,95,5.0,9.4642946e-11
34,95,6.0,1.0583961e-10
34,95,7.0,1.9740107e-10
34,95,8.0,3.553003e-10
34,95,9.0,6.0738986e-10
34,95,10.0,3.477104e-10
34,95,11.0,4.08328e-10
34,95,12.0,6.515001e-10
34,95,13.0,1.7238795e-09
34,95,14.0,1.7258838e-09
34,96,0.0,4.2221656e-18
34,96,1.0,2.6854669e-12
34,96,2.0,4.0903014e-12
34,96,3.0,5.2209534e-12
34,96,4.0,8.101629e-13
34,96,5.0,4.547734e-11
34,96,6.0,2.8629182e-12
34,96,7.0,1.741811e-19
34,96,8.0,2.5908756e-13
34,96,9.0,2.46484e-12
34,96,10.0,1.46114e-12
34,96,11.0,2.8903702e-12
34,96,12.0,1.4152579e-11
34,96,13.0,1.7813102e-11
34,96,14.0,2.9956042e-12
35,77,0.0,7.97858e-09
35,77,1.0,1.952019e-08
35,77,2.0,4.198267e-11
35,77,3.0,2.0824376e-09
35,77,4.0,6.515421e-09
35,77,5.0,1.0461625e-12
35,77,6.0,4.0606328e-16
35,77,7.0,0.0
35,77,8.0,0.0
35,77,9.0,4.5432483e-07
35,77,10.0,1.6897882e-08
35,77,11.0,5.3080254e-07
35,77,12.0,1.473024e-08
35,77,13.0,1.32765144e-11
35,77,14.0,1.34397e-09
35,78,0.0,3.276006e-17
35,78,1.0,3.486052e-14
35,78,2.0,9.986236e-13
35,78,3.0,3.310545e-08
35,78,4.0,2.0779277e-08
35,78,5.0,2.2948774e-07
35,78,6.0,1.4376961e-08
35,78,7.0,1.2376978e-07
35,78,8.0,5.857791e-08
35,78,9.0,3.5396135e-09
35,78,10.0,3.939935e-10
35,78,11.0,1.173641e-08
35,78,12.0,4.086099e-08
35,78,13.0,3.5884577e-11
35,78,14.0,6.5227757e-09
35,79,0.0,8.342982e-09
35,79,1.0,2.6642028e-12
35,79,2.0,3.755591e-09
35,79,3.0,1.3557961e-07
35,79,4.0,3.342967e-08
35,79,5.0,3.8465393e-07
35,79,6.0,2.7849076e-08
35,79,7.0,1.7075806e-08
35,79,8.0,1.6854201e-09
35,79,9.0,2.629462e-07
35,79,10.0,2.0110085e-06
35,79,11.0,1.6624452e-06
35,79,12.0,1.5057024e-06
35,79,13.0,3.7964736e-07
35,79,14.0,1.5438994e-08
35,80,0.0,3.025425e-08
35,80,1.0,2.0949568e-07
35,80,2.0,1.9038991e-06
35,80,3.0,5.8135834e-06
35,80,4.0,1.7904484e-06
35,80,5.0,5.8478975e-07
35,80,6.0,7.544984e-07
35,80,7.0,7.159528e-07
35,80,8.0,2.4899648e-06
35,80,9.0,1.01713e-06
35,80,10.0,1.2530286e-06
35,80,11.0,3.9208435e-06
35,80,12.0,2.0434063e-06
35,80,13.0,7.6349255e-07
35,80,14.0,3.2511198e-06
35,81,0.0,5.193796e-09
35,81,1.0,4.3657227e-08
35,81,2.0,4.658706e-06
35,81,3.0,5.0904185e-07
35,81,4.0,7.4791967e-07
35,81,5.0,4.1603374e-07
35,81,6.0,1.6786627e-06
35,81,7.0,2.2691553e-05
35,81,8.0,2.8836454e-05
35,81,9.0,3.063041e-05
35,81,10.0,4.072879e-05
35,81,11.0,0.000112882495
35,81,12.0,0.00025110826
35,81,13.0,5.4933924e-05
35,81,14.0,8.504202e-05
35,82,0.0,1.8979441e-05
35,82,1.0,2.6515867e-05
35,82,2.0,7.7444725e-05
35,82,3.0,9.545822e-05
35,82,4.0,0.00018639829
35,82,5.0,0.00036707896
35,82,6.0,0.0001879183
35,82,7.0,0.00019691416
35,82,8.0,0.00030265574
35,82,9.0,0.00034236794
35,82,10.0,0.00021423899
35,82,11.0,6.672497e-05
35,82,12.0,0.00022826118
35,82,13.0,0.0012849913
35,82,14.0,0.00038203134
35,83,0.0,0.0017672506
35,83,1.0,0.0018301615
35,83,2.0,0.0018770676
35,83,3.0,0.0039832746
35,83,4.0,0.004991259
35,83,5.0,0.0028607922
35,83,6.0,0.0033321502
35,83,7.0,0.0027915556
35,83,8.0,0.00393933
35,83,9.0,0.0041874712
35,83,10.0,0.002869879
35,83,11.0,0.0037939851
35,83,12.0,0.0030520656
35,83,13.0,0.004648617
35,83,14.0,0.0050757867
35,84,0.0,0.0099746855
35,84,1.0,0.0134253595
35,84,2.0,0.014903342
35,84,3.0,0.013311313
35,84,4.0,0.016165301
35,84,5.0,0.014248022
35,84,6.0,0.010322582
35,84,7.0,0.010471463
35,84,8.0,0.013672662
35,84,9.0,0.013513975
35,84,10.0,0.014402752
35,84,11.0,0.019200934
35,84,12.0,0.02493745
35,84,13.0,0.017640863
35,84,14.0,0.021824589
35,85,0.0,0.061394963
35,85,1.0,0.053177327
35,85,2.0,0.06388249
35,85,3.0,0.06791101
35,85,4.0,0.090997316
35,85,5.0,0.09139721
35,85,6.0,0.09880577
35,85,7.0,0.104288705
35,85,8.0,0.103717074
35,85,9.0,0.10185213
35,85,10.0,0.10281905
35,85,11.0,0.085095055
35,85,12.0,0.09176102
35,85,13.0,0.11146499
35,85,14.0,0.09061542
35,86,0.0,0.09111834
35,86,1.0,0.15509984
35,86,2.0,0.17848213
35,86,3.0,0.13216177
35,86,4.0,0.150121
35,86,5.0,0.11933267
35,86,6.0,0.16061978
35,86,7.0,0.15119167
35,86,8.0,0.14575669
35,86,9.0,0.13728303
35,86,10.0,0.16462672
35,86,11.0,0.17185411
35,86,12.0,0.16143157
35,86,13.0,0.17828302
35,86,14.0,0.16251303
35,87,0.0,0.24761942
35,87,1.0,0.20668037
35,87,2.0,0.26638016
35,87,3.0,0.25122696
35,87,4.0,0.2584238
35,87,5.0,0.26465753
35,87,6.0,0.23598069
35,87,7.0,0.22921875
35,87,8.0,0.24604818
35,87,9.0,0.25524917
35,87,10.0,0.25290588
35,87,11.0,0.23231153
35,87,12.0,0.23007977
35,87,13.0,0.26547247
35,87,14.0,0.21947
35,88,0.0,0.22958732
35,88,1.0,0.1893544
35,88,2.0,0.20275083
35,88,3.0,0.23586741
35,88,4.0,0.26715055
35,88,5.0,0.23225467
35,88,6.0,0.2360154
35,88,7.0,0.27183938
35,88,8.0,0.27174932
35,88,9.0,0.2503253
35,88,10.0,0.22525796
35,88,11.0,0.20035972
35,88,12.0,0.18871984
35,88,13.0,0.16569728
35,88,14.0,0.15849707
35,89,0.0,0.16280806
35,89,1.0,0.17491308
35,89,2.0,0.19431072
35,89,3.0,0.22183292
35,89,4.0,0.23218195
35,89,5.0,0.19675459
35,89,6.0,0.2093931
35,89,7.0,0.18441586
35,89,8.0,0.17747
35,89,9.0,0.17806824
35,89,10.0,0.16775283
35,89,11.0,0.1487886
35,89,12.0,0.15519401
35,89,13.0,0.13038449
35,89,14.0,0.14403291
35,90,0.0,0.05087051
35,90,1.0,0.066017926
35,90,2.0,0.08257141
35,90,3.0,0.08607284
35,90,4.0,0.08838577
35,90,5.0,0.093714304
35,90,6.0,0.08140257
35,90,7.0,0.08039748
35,90,8.0,0.0736047
35,90,9.0,0.06595415
35,90,10.0,0.06461383
35,90,11.0,0.07790395
35,90,12.0,0.06303146
35,90,13.0,0.06772427
35,90,14.0,0.050009638
35,91,0.0,0.01507713
35,91,1.0,0.019627595
35,91,2.0,0.021257948
35,91,3.0,0.02861559
35,91,4.0,0.042368997
35,91,5.0,0.032341417
35,91,6.0,0.032310273
35,91,7.0,0.03858742
35,91,8.0,0.036088634
35,91,9.0,0.034884624
35,91,10.0,0.029167695
35,91,11.0,0.019690169
35,91,12.0,0.02228914
35,91,13.0,0.03012249
35,91,14.0,0.018526226
35,92,0.0,0.0024124698
35,92,1.0,0.0026681998
35,92,2.0,0.004796307
35,92,3.0,0.004946336
35,92,4.0,0.0064241677
35,92,5.0,0.004494371
35,92,6.0,0.0045127105
35,92,7.0,0.0049627516
35,92,8.0,0.0053692483
35,92,9.0,0.0048190933
35,92,10.0,0.0032929757
35,92,11.0,0.0024554953
35,92,12.0,0.003616025
35,92,13.0,0.0035435315
35,92,14.0,0.005534936
35,93,0.0,0.00033868718
35,93,1.0,0.00058635185
35,93,2.0,0.0003490263
35,93,3.0,0.0008010046
35,93,4.0,0.0005040616
35,93,5.0,0.0010654675
35,93,6.0,0.00085821317
35,93,7.0,0.00069622195
35,93,8.0,0.0008397516
35,93,9.0,0.0012281582
35,93,10.0,0.00081891316
35,93,11.0,0.0013420602
35,93,12.0,0.0012916392
35,93,13.0,0.00080567645
35,93,14.0,0.00074977905
35,94,0.0,5.3318137e-05
35,94,1.0,4.6015243e-06
35,94,2.0,4.749166e-06
35,94,3.0,3.8061684e-05
35,94,4.0,4.06855e-06
35,94,5.0,2.6856047e-05
35,94,6.0,0.00020397262
35,94,7.0,0.00024809764
35,94,8.0,0.00020861038
35,94,9.0,6.738792e-05
35,94,10.0,7.569056e-05
35,94,11.0,4.7772483e-05
35,94,12.0,7.371758e-05
35,94,13.0,9.813942e-05
35,94,14.0,6.0537222e-05
35,95,0.0,7.363047e-07
35,95,1.0,1.4900967e-07
35,95,2.0,2.118068e-07
35,95,3.0,6.112862e-09
35,95,4.0,2.2362931e-11
35,95,5.0,1.6915993e-09
35,95,6.0,2.3949568e-08
35,95,7.0,6.9972145e-08
35,95,8.0,5.2356916e-07
35,95,9.0,2.6478122e-06
35,95,10.0,3.0354795e-06
35,95,11.0,6.6697744e-06
35,95,12.0,7.59279e-06
35,95,13.0,3.1576697e-06
35,95,14.0,8.466333e-06
35,96,0.0,7.1502364e-09
35,96,1.0,2.8922806e-10
35,96,2.0,9.862374e-09
35,96,3.0,4.5099542e-11
35,96,4.0,3.77478e-11
35,96,5.0,1.2741364e-08
35,96,6.0,5.929958e-07
35,96,7.0,2.4581038e-07
35,96,8.0,1.566403e-07
35,96,9.0,3.349462e-07
35,96,10.0,3.1757128e-07
35,96,11.0,2.3989568e-07
35,96,12.0,7.9965423e-07
35,96,13.0,4.094441e-07
35,96,14.0,8.525765e-08
35,97,0.0,3.4103886e-11
35,97,1.0,5.187935e-09
35,97,2.0,1.6516703e-10
35,97,3.0,1.406011e-09
35,97,4.0,6.937685e-10
35,97,5.0,5.122297e-09
35,97,6.0,2.3764448e-08
35,97,7.0,3.1028172e-08
35,97,8.0,2.740798e-09
35,97,9.0,5.322564e-12
35,97,10.0,3.6376996e-10
35,97,11.0,7.266398e-09
35,97,12.0,2.2234692e-10
35,97,13.0,5.0005653e-09
35,97,14.0,7.167432e-09
35,98,0.0,2.6723443e-12
35,98,1.0,4.466828e-10
35,98,2.0,1.6277397e-09
35,98,3.0,1.6013073e-09
35,98,4.0,8.628277e-09
35,98,5.0,2.4446955e-08
35,98,6.0,8.11022e-09
35,98,7.0,1.5661722e-09
35,98,8.0,1.0165017e-09
35,98,9.0,6.8399597e-10
35,98,10.0,1.842613e-11
35,98,11.0,2.7273126e-09
35,98,12.0,1.885311e-08
35,98,13.0,6.9825687e-09
35,98,14.0,4.818365e-10
35,99,0.0,7.8573265e-10
35,99,1.0,2.3686892e-09
35,99,2.0,9.1508884e-10
35,99,3.0,3.7081238e-10
35,99,4.0,9.128082e-10
35,99,5.0,5.0602605e-10
35,99,6.0,1.9314562e-11
35,99,7.0,8.854841e-15
35,99,8.0,2.3764594e-15
35,99,9.0,9.9269135e-12
35,99,10.0,3.6165488e-09
35,99,11.0,1.5901596e-08
35,99,12.0,1.9546391e-08
35,99,13.0,1.2391963e-09
35,99,14.0,1.1065448e-11
35,100,0.0,1.2107209e-11
35,100,1.0,1.3233022e-10
35,100,2.0,1.5274543e-10
35,100,3.0,4.0325365e-11
35,100,4.0,1.4594796e-10
35,100,5.0,1.6237825e-10
35,100,6.0,8.041519e-11
35,100,7.0,1.1322197e-09
35,100,8.0,1.4502684e-10
35,100,9.0,1.3081747e-09
35,100,10.0,4.3930365e-10
35,100,11.0,2.5239633e-10
35,100,12.0,1.6100764e-10
35,100,13.0,7.8535767e-10
35,100,14.0,1.0098495e-09
36,79,0.0,5.628031e-10
36,79,1.0,4.887672e-09
36,79,2.0,2.02802e-08
36,79,3.0,2.395684e-09
36,79,4.0,1.2835509e-09
36,79,5.0,2.7319809e-09
36,79,6.0,1.641202e-08
36,79,7.0,1.0997603e-07
36,79,8.0,2.5836388e-07
36,79,9.0,1.8819321e-07
36,79,10.0,5.3614702e-08
36,79,11.0,4.087813e-09
36,79,12.0,8.052174e-11
36,79,13.0,1.2248247e-09
36,79,14.0,4.5833604e-09
36,80,0.0,6.7760485e-11
36,80,1.0,1.0258175e-09
36,80,2.0,3.4495757e-12
36,80,3.0,1.0834838e-08
36,80,4.0,3.092136e-08
36,80,5.0,8.699063e-09
36,80,6.0,2.463916e-09
36,80,7.0,3.7549405e-10
36,80,8.0,2.423318e-10
36,80,9.0,6.500568e-11
36,80,10.0,2.8728582e-11
36,80,11.0,5.053962e-09
36,80,12.0,2.7555226e-12
36,80,13.0,3.5606416e-08
36,80,14.0,4.6489393e-10
36,81,0.0,1.3225404e-08
36,81,1.0,3.125384e-10
36,81,2.0,4.413426e-12
36,81,3.0,1.7512201e-10
36,81,4.0,1.6537263e-10
36,81,5.0,2.0752644e-11
36,81,6.0,1.0351345e-08
36,81,7.0,1.2625015e-08
36,81,8.0,2.7786425e-07
36,81,9.0,7.3321814e-07
36,81,10.0,9.875787e-07
36,81,11.0,2.4579148e-07
36,81,12.0,4.2909413e-08
36,81,13.0,3.9609005e-10
36,81,14.0,9.771457e-10
36,82,0.0,3.487453e-09
36,82,1.0,1.9769801e-09
36,82,2.0,1.5099604e-10
36,82,3.0,4.4585736e-08
36,82,4.0,2.7754961e-06
36,82,5.0,1.04293e-06
36,82,6.0,1.9306067e-06
36,82,7.0,1.8943617e-06
36,82,8.0,1.6385626e-06
36,82,9.0,5.1025563e-07
36,82,10.0,6.089334e-08
36,82,11.0,1.5459616e-10
36,82,12.0,1.337544e-08
36,82,13.0,7.6502175e-08
36,82,14.0,6.8902074e-07
36,83,0.0,2.4645033e-06
36,83,1.0,1.5091572e-05
36,83,2.0,2.1784052e-05
36,83,3.0,6.136493e-05
36,83,4.0,3.1014657e-05
36,83,5.0,8.511441e-06
36,83,6.0,1.1543902e-05
36,83,7.0,1.9677174e-05
36,83,8.0,1.28183265e-05
36,83,9.0,7.4818905e-05
36,83,10.0,8.436439e-05
36,83,11.0,6.958937e-05
36,83,12.0,1.110918e-05
36,83,13.0,3.2757565e-05
36,83,14.0,6.756584e-05
36,84,0.0,7.910791e-05
36,84,1.0,0.00013029957
36,84,2.0,8.829891e-05
36,84,3.0,0.00013490664
36,84,4.0,9.1366055e-05
36,84,5.0,0.0001380967
36,84,6.0,0.00031355507
36,84,7.0,0.00023449703
36,84,8.0,0.0001958501
36,84,9.0,0.00011666259
36,84,10.0,0.00040017738
36,84,11.0,0.00046608853
36,84,12.0,0.00038587712
36,84,13.0,0.00049029995
36,84,14.0,0.00070641807
36,85,0.0,0.0023297044
36,85,1.0,0.00087570015
36,85,2.0,0.0015820016
36,85,3.0,0.00092311716
36,85,4.0,0.0017377121
36,85,5.0,0.0019607032
36,85,6.0,0.0031388376
36,85,7.0,0.0042120414
36,85,8.0,0.0039509726
36,85,9.0,0.0026144648
36,85,10.0,0.002585726
36,85,11.0,0.0024315203
36,85,12.0,0.003611756
36,85,13.0,0.004597381
36,85,14.0,0.006498904
36,86,0.0,0.018899724
36,86,1.0,0.023155972
36,86,2.0,0.017599005
36,86,3.0,0.01895068
36,86,4.0,0.020645253
36,86,5.0,0.02104559
36,86,6.0,0.02230756
36,86,7.0,0.024831915
36,86,8.0,0.028471284
36,86,9.0,0.027224213
36,86,10.0,0.027878126
36,86,11.0,0.023266133
36,86,12.0,0.02591728
36,86,13.0,0.04426362
36,86,14.0,0.03465871
36,87,0.0,0.079714246
36,87,1.0,0.07952322
36,87,2.0,0.06533846
36,87,3.0,0.067923285
36,87,4.0,0.05968627
36,87,5.0,0.06986923
36,87,6.0,0.06824318
36,87,7.0,0.07209087
36,87,8.0,0.07564229
36,87,9.0,0.08547422
36,87,10.0,0.08785377
36,87,11.0,0.08358362
36,87,12.0,0.0815515
36,87,13.0,0.10984441
36,87,14.0,0.13072315
36,88,0.0,0.23383589
36,88,1.0,0.19665574
36,88,2.0,0.22340912
36,88,3.0,0.22001581
36,88,4.0,0.20703384
36,88,5.0,0.20441319
36,88,6.0,0.19965361
36,88,7.0,0.19788823
36,88,8.0,0.19568697
36,88,9.0,0.20120417
36,88,10.0,0.20872892
36,88,11.0,0.22358146
36,88,12.0,0.2354947
36,88,13.0,0.24759927
36,88,14.0,0.24105494
36,89,0.0,0.49057087
36,89,1.0,0.37303418
36,89,2.0,0.39135426
36,89,3.0,0.41333854
36,89,4.0,0.36452654
36,89,5.0,0.33588502
36,89,6.0,0.35456157
36,89,7.0,0.37813517
36,89,8.0,0.35624534
36,89,9.0,0.33807424
36,89,10.0,0.34870827
36,89,11.0,0.3505472
36,89,12.0,0.3035987
36,89,13.0,0.39661252
36,89,14.0,0.395995
36,90,0.0,0.60555845
36,90,1.0,0.55639076
36,90,2.0,0.5555232
36,90,3.0,0.54741156
36,90,4.0,0.51294386
36,90,5.0,0.5065475
36,90,6.0,0.51464766
36,90,7.0,0.50389063
36,90,8.0,0.4661175
36,90,9.0,0.4154836
36,90,10.0,0.3977658
36,90,11.0,0.4045668
36,90,12.0,0.39615414
36,90,13.0,0.46016535
36,90,14.0,0.36336344
36,91,0.0,0.42118508
36,91,1.0,0.4161842
36,91,2.0,0.31899145
36,91,3.0,0.31394386
36,91,4.0,0.33007672
36,91,5.0,0.3141752
36,91,6.0,0.2826143
36,91,7.0,0.25080675
36,91,8.0,0.23998941
36,91,9.0,0.25656635
36,91,10.0,0.25155577
36,91,11.0,0.22230004
36,91,12.0,0.21642382
36,91,13.0,0.22825652
36,91,14.0,0.27714875
36,92,0.0,0.24419649
36,92,1.0,0.19152856
36,92,2.0,0.1925127
36,92,3.0,0.20028982
36,92,4.0,0.16397212
36,92,5.0,0.1556377
36,92,6.0,0.15353605
36,92,7.0,0.13644199
36,92,8.0,0.12652194
36,92,9.0,0.1298327
36,92,10.0,0.11671483
36,92,11.0,0.1183664
36,92,12.0,0.1377836
36,92,13.0,0.13668221
36,92,14.0,0.12852165
36,93,0.0,0.06928088
36,93,1.0,0.05740524
36,93,2.0,0.06377274
36,93,3.0,0.07072375
36,93,4.0,0.06812523
36,93,5.0,0.056600727
36,93,6.0,0.046519775
36,93,7.0,0.040781774
36,93,8.0,0.050347812
36,93,9.0,0.05377756
36,93,10.0,0.049895976
36,93,11.0,0.045462374
36,93,12.0,0.04635528
36,93,13.0,0.037072737
36,93,14.0,0.04141418
36,94,0.0,0.019191233
36,94,1.0,0.014612869
36,94,2.0,0.01604374
36,94,3.0,0.020889549
36,94,4.0,0.014925995
36,94,5.0,0.016977526
36,94,6.0,0.017614406
36,94,7.0,0.018007716
36,94,8.0,0.015646107
36,94,9.0,0.015578029
36,94,10.0,0.018238831
36,94,11.0,0.015397031
36,94,12.0,0.018537115
36,94,13.0,0.014453271
36,94,14.0,0.010141508
36,95,0.0,0.0017956466
36,95,1.0,0.0032842266
36,95,2.0,0.004335644
36,95,3.0,0.0035274713
36,95,4.0,0.0050386726
36,95,5.0,0.0040288633
36,95,6.0,0.0037206954
36,95,7.0,0.0028498995
36,95,8.0,0.002803009
36,95,9.0,0.0032456112
36,95,10.0,0.0037083304
36,95,11.0,0.002223182
36,95,12.0,0.0013087605
36,95,13.0,0.0013721201
36,95,14.0,0.0011607566
36,96,0.0,0.00022277882
36,96,1.0,6.271685e-05
36,96,2.0,9.7068616e-05
36,96,3.0,0.000106274514
36,96,4.0,0.000103789374
36,96,5.0,3.6977024e-05
36,96,6.0,6.3288106e-05
36,96,7.0,0.0002081123
36,96,8.0,0.00013423961
36,96,9.0,0.00010740727
36,96,10.0,0.0002021146
36,96,11.0,0.00030265978
36,96,12.0,0.00021264738
36,96,13.0,0.00033691686
36,96,14.0,0.00023803826
36,97,0.0,2.0442896e-05
36,97,1.0,6.9087414e-06
36,97,2.0,2.8359444e-05
36,97,3.0,4.707143e-05
36,97,4.0,2.4843182e-05
36,97,5.0,7.2628686e-06
36,97,6.0,4.9186547e-06
36,97,7.0,4.202918e-06
36,97,8.0,4.6291693e-06
36,97,9.0,9.475223e-06
36,97,10.0,2.1208118e-05
36,97,11.0,2.0827183e-05
36,97,12.0,2.8245471e-05
36,97,13.0,4.407514e-05
36,97,14.0,2.0885283e-05
36,98,0.0,7.935689e-08
36,98,1.0,2.521525e-09
36,98,2.0,1.864238e-08
36,98,3.0,2.4803077e-09
36,98,4.0,1.2172663e-09
36,98,5.0,9.197076e-09
36,98,6.0,8.164852e-08
36,98,7.0,6.330909e-08
36,98,8.0,3.7794663e-08
36,98,9.0,1.9522244e-09
36,98,10.0,1.821223e-12
36,98,11.0,1.486136e-10
36,98,12.0,4.9263997e-09
36,98,13.0,9.669723e-10
36,98,14.0,7.202446e-07
36,99,0.0,1.1478093e-08
36,99,1.0,1.7661991e-08
36,99,2.0,5.6431557e-09
36,99,3.0,2.7265449e-08
36,99,4.0,6.623263e-08
36,99,5.0,4.9007863e-08
36,99,6.0,2.3151086e-08
36,99,7.0,1.3121955e-09
36,99,8.0,3.721149e-10
36,99,9.0,9.633199e-11
36,99,10.0,8.1245184e-11
36,99,11.0,1.2625728e-07
36,99,12.0,7.3607475e-07
36,99,13.0,1.01144174e-07
36,99,14.0,2.1095163e-08
36,100,0.0,4.745097e-09
36,100,1.0,1.1095433e-09
36,100,2.0,5.521723e-10
36,100,3.0,4.207078e-11
36,100,4.0,5.7676364e-10
36,100,5.0,1.0053862e-09
36,100,6.0,4.191667e-09
36,100,7.0,5.638423e-09
36,100,8.0,4.2918527e-09
36,100,9.0,4.0146766e-09
36,100,10.0,9.920949e-09
36,100,11.0,4.1141464e-09
36,100,12.0,2.9361533e-09
36,100,13.0,1.2877898e-08
36,100,14.0,9.0553315e-10
36,101,0.0,1.3301446e-08
36,101,1.0,2.3271998e-08
36,101,2.0,5.6200868e-08
36,101,3.0,1.0791077e-07
36,101,4.0,4.7899942e-08
36,101,5.0,2.9312691e-08
36,101,6.0,1.425279e-08
36,101,7.0,1.6116577e-08
36,101,8.0,3.5201673e-09
36,101,9.0,6.8201307e-09
36,101,10.0,7.604115e-08
36,101,11.0,1.9540659e-08
36,101,12.0,2.4790854e-09
36,101,13.0,1.1798205e-09
36,101,14.0,3.1818886e-10
36,102,0.0,1.6083301e-11
36,102,1.0,2.0033466e-09
36,102,2.0,9.1627744e-10
36,102,3.0,8.339285e-09
36,102,4.0,1.2021721e-09
36,102,5.0,2.26991e-12
36,102,6.0,2.8980576e-10
36,102,7.0,3.7228394e-09
36,102,8.0,2.4303581e-09
36,102,9.0,1.2630112e-10
36,102,10.0,1.04492665e-10
36,102,11.0,2.6078015e-10
36,102,12.0,5.517831e-10
36,102,13.0,3.095491e-10
36,102,14.0,3.6458725e-11
37,81,0.0,3.8371927e-11
37,81,1.0,1.5104703e-08
37,81,2.0,7.397507e-10
37,81,3.0,9.809603e-11
37,81,4.0,1.7916722e-11
37,81,5.0,1.4777111e-08
37,81,6.0,6.961769e-08
37,81,7.0,8.327409e-08
37,81,8.0,5.6819935e-08
37,81,9.0,2.5519356e-08
37,81,10.0,5.4759823e-07
37,81,11.0,2.9393952e-06
37,81,12.0,5.1999724e-08
37,81,13.0,5.2272306e-08
37,81,14.0,5.102962e-11
37,82,0.0,1.0216321e-10
37,82,1.0,6.9601374e-09
37,82,2.0,1.3989253e-09
37,82,3.0,2.2977017e-07
37,82,4.0,1.6422556e-08
37,82,5.0,8.1343536e-08
37,82,6.0,4.9774588e-08
37,82,7.0,4.875201e-10
37,82,8.0,4.8312754e-09
37,82,9.0,2.9500429e-08
37,82,10.0,2.8839862e-08
37,82,11.0,1.311811e-08
37,82,12.0,2.2882368e-08
37,82,13.0,1.0590291e-08
37,82,14.0,8.847896e-08
37,83,0.0,1.1220348e-10
37,83,1.0,8.683527e-10
37,83,2.0,3.5489708e-07
37,83,3.0,3.2078165e-07
37,83,4.0,7.855503e-09
37,83,5.0,6.439312e-10
37,83,6.0,8.1881855e-11
37,83,7.0,8.864079e-09
37,83,8.0,0.0
37,83,9.0,4.053157e-08
37,83,10.0,5.550782e-08
37,83,11.0,8.4547324e-08
37,83,12.0,1.7969419e-10
37,83,13.0,5.320486e-10
37,83,14.0,6.842007e-09
37,84,0.0,1.703471e-08
37,84,1.0,4.5129475e-10
37,84,2.0,2.9196976e-09
37,84,3.0,9.3567405e-07
37,84,4.0,1.566915e-06
37,84,5.0,1.5708762e-08
37,84,6.0,2.6142471e-08
37,84,7.0,2.892004e-07
37,84,8.0,3.3207908e-07
37,84,9.0,2.0402253e-07
37,84,10.0,1.1434633e-07
37,84,11.0,2.9070975e-08
37,84,12.0,7.606633e-07
37,84,13.0,4.2123793e-06
37,84,14.0,1.2171251e-06
37,85,0.0,9.010782e-10
37,85,1.0,7.0073905e-11
37,85,2.0,3.7271715e-09
37,85,3.0,6.3856986e-10
37,85,4.0,1.905638e-08
37,85,5.0,4.5540622e-07
37,85,6.0,1.6776026e-10
37,85,7.0,8.072596e-09
37,85,8.0,7.0095005e-08
37,85,9.0,1.8538949e-06
37,85,10.0,2.3259968e-06
37,85,11.0,0.00010868044
37,85,12.0,8.336036e-05
37,85,13.0,4.551808e-05
37,85,14.0,1.964022e-05
37,86,0.0,9.160314e-06
37,86,1.0,1.2779143e-05
37,86,2.0,4.6678884e-05
37,86,3.0,6.188869e-05
37,86,4.0,6.853284e-05
37,86,5.0,1.1694635e-05
37,86,6.0,9.829421e-06
37,86,7.0,2.9209186e-05
37,86,8.0,6.166342e-05
37,86,9.0,4.151934e-05
37,86,10.0,3.7577716e-05
37,86,11.0,4.3972414e-05
37,86,12.0,0.00018010476
37,86,13.0,0.000109582405
37,86,14.0,0.00026623427
37,87,0.0,0.0028970095
37,87,1.0,0.0020365566
37,87,2.0,0.0014948765
37,87,3.0,0.0014127869
37,87,4.0,0.0016144076
37,87,5.0,0.0016321258
37,87,6.0,0.0013778484
37,87,7.0,0.0020478931
37,87,8.0,0.0024887046
37,87,9.0,0.0024134584
37,87,10.0,0.002848195
37,87,11.0,0.0037452828
37,87,12.0,0.004900311
37,87,13.0,0.0054522497
37,87,14.0,0.0053179613
37,88,0.0,0.010522035
37,88,1.0,0.008204836
37,88,2.0,0.0074819615
37,88,3.0,0.0067998962
37,88,4.0,0.006172268
37,88,5.0,0.0056490083
37,88,6.0,0.0075075626
37,88,7.0,0.009939927
37,88,8.0,0.011125383
37,88,9.0,0.015518955
37,88,10.0,0.014914398
37,88,11.0,0.014691172
37,88,12.0,0.012788326
37,88,13.0,0.01977896
37,88,14.0,0.028096117
37,89,0.0,0.06458812
37,89,1.0,0.055975605
37,89,2.0,0.05816922
37,89,3.0,0.057883106
37,89,4.0,0.068023466
37,89,5.0,0.06843333
37,89,6.0,0.056598928
37,89,7.0,0.073133625
37,89,8.0,0.081401065
37,89,9.0,0.09038705
37,89,10.0,0.096115276
37,89,11.0,0.08603539
37,89,12.0,0.08647614
37,89,13.0,0.09528852
37,89,14.0,0.08612953
37,90,0.0,0.13669217
37,90,1.0,0.14036411
37,90,2.0,0.16645196
37,90,3.0,0.1856501
37,90,4.0,0.17070195
37,90,5.0,0.16808437
37,90,6.0,0.19789834
37,90,7.0,0.17652579
37,90,8.0,0.196203
37,90,9.0,0.21923853
37,90,10.0,0.21228871
37,90,11.0,0.19661795
37,90,12.0,0.18564658
37,90,13.0,0.18258515
37,90,14.0,0.2555269
37,91,0.0,0.3433276
37,91,1.0,0.40509868
37,91,2.0,0.38456511
37,91,3.0,0.47014433
37,91,4.0,0.37702805
37,91,5.0,0.27207795
37,91,6.0,0.29809612
37,91,7.0,0.35543188
37,91,8.0,0.37529546
37,91,9.0,0.3843255
37,91,10.0,0.36389032
37,91,11.0,0.35732973
37,91,12.0,0.3727763
37,91,13.0,0.3826277
37,91,14.0,0.3800618
37,92,0.0,0.49915195
37,92,1.0,0.4696418
37,92,2.0,0.42988423
37,92,3.0,0.5617259
37,92,4.0,0.45088
37,92,5.0,0.5313269
37,92,6.0,0.51304775
37,92,7.0,0.46062797
37,92,8.0,0.44514832
37,92,9.0,0.4354576
37,92,10.0,0.5179037
37,92,11.0,0.57593715
37,92,12.0,0.48817053
37,92,13.0,0.488582
37,92,14.0,0.49897522
37,93,0.0,0.43829808
37,93,1.0,0.42934126
37,93,2.0,0.49070105
37,93,3.0,0.5497566
37,93,4.0,0.50946933
37,93,5.0,0.5674969
37,93,6.0,0.5380202
37,93,7.0,0.5528946
37,93,8.0,0.5527606
37,93,9.0,0.521883
37,93,10.0,0.5149453
37,93,11.0,0.51106536
37,93,12.0,0.46133098
37,93,13.0,0.35798985
37,93,14.0,0.35732424
37,94,0.0,0.24641788
37,94,1.0,0.20491153
37,94,2.0,0.24058127
37,94,3.0,0.28005642
37,94,4.0,0.25032392
37,94,5.0,0.28145453
37,94,6.0,0.28752935
37,94,7.0,0.31140107
37,94,8.0,0.34275
37,94,9.0,0.34250587
37,94,10.0,0.3049327
37,94,11.0,0.29253757
37,94,12.0,0.31419984
37,94,13.0,0.24749243
37,94,14.0,0.21753609
37,95,0.0,0.100336626
37,95,1.0,0.113329165
37,95,2.0,0.14632846
37,95,3.0,0.17772827
37,95,4.0,0.16131775
37,95,5.0,0.1730457
37,95,6.0,0.13680187
37,95,7.0,0.12481049
37,95,8.0,0.1501295
37,95,9.0,0.16280882
37,95,10.0,0.1904552
37,95,11.0,0.14661154
37,95,12.0,0.13674715
37,95,13.0,0.114762284
37,95,14.0,0.108635224
37,96,0.0,0.024378767
37,96,1.0,0.029259637
37,96,2.0,0.039009254
37,96,3.0,0.041214462
37,96,4.0,0.045277074
37,96,5.0,0.039137077
37,96,6.0,0.039619166
37,96,7.0,0.03840371
37,96,8.0,0.028758414
37,96,9.0,0.031845737
37,96,10.0,0.02855447
37,96,11.0,0.03226529
37,96,12.0,0.034724534
37,96,13.0,0.022769712
37,96,14.0,0.022380106
37,97,0.0,0.006054546
37,97,1.0,0.010063724
37,97,2.0,0.015110532
37,97,3.0,0.016035328
37,97,4.0,0.015950171
37,97,5.0,0.014171999
37,97,6.0,0.009096395
37,97,7.0,0.004323855
37,97,8.0,0.0053498866
37,97,9.0,0.0053350655
37,97,10.0,0.006679631
37,97,11.0,0.0064579593
37,97,12.0,0.0073861964
37,97,13.0,0.0077071846
37,97,14.0,0.0040464173
37,98,0.0,0.0005585988
37,98,1.0,0.0010303113
37,98,2.0,0.0016467429
37,98,3.0,0.0014406126
37,98,4.0,0.0018917021
37,98,5.0,0.0014242503
37,98,6.0,0.0012458347
37,98,7.0,0.001052159
37,98,8.0,0.0012676526
37,98,9.0,0.0013769296
37,98,10.0,0.0014456667
37,98,11.0,0.0016508295
37,98,12.0,0.0013662119
37,98,13.0,0.0020386311
37,98,14.0,0.0017250823
37,99,0.0,6.4261556e-05
37,99,1.0,0.0005432529
37,99,2.0,0.0006432704
37,99,3.0,0.00023272689
37,99,4.0,0.00017739896
37,99,5.0,0.00038071946
37,99,6.0,0.00034895603
37,99,7.0,0.00018852598
37,99,8.0,0.00012398453
37,99,9.0,0.000120233555
37,99,10.0,0.00020416509
37,99,11.0,0.00029870108
37,99,12.0,0.00029398623
37,99,13.0,0.00034995403
37,99,14.0,0.00043291715
37,100,0.0,6.9604926e-07
37,100,1.0,5.9382852e-08
37,100,2.0,9.969856e-07
37,100,3.0,4.967085e-06
37,100,4.0,2.0571368e-05
37,100,5.0,2.453331e-05
37,100,6.0,1.1817003e-05
37,100,7.0,1.8136943e-05
37,100,8.0,2.9603495e-06
37,100,9.0,9.798589e-08
37,100,10.0,1.4057751e-07
37,100,11.0,3.3833976e-06
37,100,12.0,2.4844707e-05
37,100,13.0,0.00010825058
37,100,14.0,7.79282e-06
37,101,0.0,2.1568077e-08
37,101,1.0,2.2618643e-07
37,101,2.0,6.0920826e-07
37,101,3.0,5.5383314e-08
37,101,4.0,1.2586683e-07
37,101,5.0,2.187759e-07
37,101,6.0,8.751334e-08
37,101,7.0,1.4760093e-08
37,101,8.0,1.072286e-08
37,101,9.0,1.2427733e-08
37,101,10.0,7.924923e-09
37,101,11.0,3.2011376e-09
37,101,12.0,2.3592257e-09
37,101,13.0,3.7929848e-08
37,101,14.0,8.283156e-09
37,102,0.0,3.730065e-12
37,102,1.0,1.283441e-08
37,102,2.0,9.690273e-08
37,102,3.0,1.935205e-07
37,102,4.0,2.3247784e-07
37,102,5.0,4.0894914e-08
37,102,6.0,2.764609e-08
37,102,7.0,8.839878e-09
37,102,8.0,2.4178428e-08
37,102,9.0,7.4517914e-08
37,102,10.0,8.895144e-08
37,102,11.0,5.7135168e-08
37,102,12.0,1.0693198e-07
37,102,13.0,7.55913e-09
37,102,14.0,2.0266334e-08
37,103,0.0,6.806189e-09
37,103,1.0,1.6660964e-08
37,103,2.0,8.948354e-10
37,103,3.0,6.6889325e-09
37,103,4.0,2.382772e-10
37,103,5.0,1.107804e-10
37,103,6.0,5.633504e-10
37,103,7.0,4.136346e-11
37,103,8.0,3.9725448e-10
37,103,9.0,7.373739e-09
37,103,10.0,2.4284286e-09
37,103,11.0,1.7887189e-07
37,103,12.0,4.626533e-08
37,103,13.0,3.1260573e-08
37,103,14.0,3.040927e-08
37,104,0.0,1.1168617e-09
37,104,1.0,2.0242267e-08
37,104,2.0,9.3944905e-09
37,104,3.0,4.4008956e-09
37,104,4.0,9.152211e-09
37,104,5.0,1.6568896e-08
37,104,6.0,2.379463e-08
37,104,7.0,1.7900453e-08
37,104,8.0,1.1932255e-08
37,104,9.0,1.1020742e-08
37,104,10.0,1.2459664e-09
37,104,11.0,1.11291e-09
37,104,12.0,3.9088807e-08
37,104,13.0,1.2139018e-08
37,104,14.0,2.8286342e-09
37,105,0.0,3.4643574e-10
37,105,1.0,3.9232165e-16
37,105,2.0,1.671174e-08
37,105,3.0,5.465917e-09
37,105,4.0,3.84728e-09
37,105,5.0,1.6824451e-09
37,105,6.0,7.605858e-10
37,105,7.0,7.8850887e-10
37,105,8.0,7.2135325e-10
37,105,9.0,1.4870771e-09
37,105,10.0,1.0870992e-08
37,105,11.0,3.0170792e-08
37,105,12.0,4.7076187e-09
37,105,13.0,1.3784809e-09
37,105,14.0,6.524215e-10
38,83,0.0,6.2337935e-10
38,83,1.0,9.7895324e-11
38,83,2.0,7.641193e-10
38,83,3.0,5.8712424e-10
38,83,4.0,2.210447e-10
38,83,5.0,3.88405e-10
38,83,6.0,4.0093603e-10
38,83,7.0,2.633837e-10
38,83,8.0,1.8159174e-10
38,83,9.0,7.582502e-10
38,83,10.0,2.041451e-10
38,83,11.0,4.1304755e-11
38,83,12.0,1.7234405e-11
38,83,13.0,1.934673e-11
38,83,14.0,2.3263858e-12
38,84,0.0,1.701444e-11
38,84,1.0,1.2601445e-10
38,84,2.0,5.838477e-09
38,84,3.0,4.766827e-14
38,84,4.0,3.202878e-10
38,84,5.0,4.2466994e-10
38,84,6.0,3.7764755e-10
38,84,7.0,3.6917953e-09
38,84,8.0,6.1060546e-10
38,84,9.0,4.851208e-10
38,84,10.0,6.1744915e-11
38,84,11.0,1.1895398e-09
38,84,12.0,6.430029e-09
38,84,13.0,4.3826805e-17
38,84,14.0,1.4627166e-11
38,85,0.0,4.9232436e-09
38,85,1.0,7.508956e-09
38,85,2.0,1.2632776e-09
38,85,3.0,5.253051e-11
38,85,4.0,4.208704e-11
38,85,5.0,2.3583618e-11
38,85,6.0,5.95134e-11
38,85,7.0,5.518167e-10
38,85,8.0,9.660108e-10
38,85,9.0,2.8256215e-09
38,85,10.0,4.9014313e-09
38,85,11.0,3.3883346e-08
38,85,12.0,1.6556688e-10
38,85,13.0,2.9749456e-10
38,85,14.0,3.556068e-10
38,86,0.0,1.1391545e-08
38,86,1.0,1.6394198e-13
38,86,2.0,6.7247836e-14
38,86,3.0,6.112345e-10
38,86,4.0,1.2143132e-13
38,86,5.0,7.6486154e-14
38,86,6.0,4.677837e-08
38,86,7.0,1.3567724e-07
38,86,8.0,1.8129269e-08
38,86,9.0,2.2874096e-08
38,86,10.0,4.0709355e-10
38,86,11.0,1.1008519e-10
38,86,12.0,2.8876022e-09
38,86,13.0,5.6899436e-09
38,86,14.0,1.0919264e-06
38,87,0.0,3.0104925e-07
38,87,1.0,1.2170413e-10
38,87,2.0,3.479167e-07
38,87,3.0,1.2293619e-08
38,87,4.0,4.5935266e-08
38,87,5.0,2.967103e-09
38,87,6.0,3.478792e-08
38,87,7.0,9.785399e-11
38,87,8.0,5.9726796e-10
38,87,9.0,3.4666075e-06
38,87,10.0,7.3909873e-06
38,87,11.0,4.1584594e-06
38,87,12.0,4.314184e-06
38,87,13.0,5.06871e-06
38,87,14.0,6.5453405e-06
38,88,0.0,1.978807e-05
38,88,1.0,3.4988585e-05
38,88,2.0,3.3913755e-05
38,88,3.0,1.7025732e-05
38,88,4.0,7.0884336e-05
38,88,5.0,7.986073e-05
38,88,6.0,8.4274136e-05
38,88,7.0,4.3600827e-05
38,88,8.0,3.1769094e-05
38,88,9.0,8.274387e-06
38,88,10.0,1.2989578e-05
38,88,11.0,5.0154456e-05
38,88,12.0,0.00013528539
38,88,13.0,0.00025359914
38,88,14.0,0.00040434167
38,89,0.0,0.0012556583
38,89,1.0,0.0006478032
38,89,2.0,0.0013157778
38,89,3.0,0.0010297078
38,89,4.0,0.0015306242
38,89,5.0,0.00074411894
38,89,6.0,0.0008179332
38,89,7.0,0.0015358116
38,89,8.0,0.0023440425
38,89,9.0,0.0021166042
38,89,10.0,0.0027297882
38,89,11.0,0.00216898
38,89,12.0,0.0021315275
38,89,13.0,0.0022214798
38,89,14.0,0.003438206
38,90,0.0,0.00869524
38,90,1.0,0.008853694
38,90,2.0,0.006133972
38,90,3.0,0.00649233
38,90,4.0,0.007262753
38,90,5.0,0.0065737204
38,90,6.0,0.005801115
38,90,7.0,0.007871997
38,90,8.0,0.0134081375
38,90,9.0,0.014929082
38,90,10.0,0.011140914
38,90,11.0,0.009729547
38,90,12.0,0.011704295
38,90,13.0,0.008602883
38,90,14.0,0.015006773
38,91,0.0,0.048930813
38,91,1.0,0.03712285
38,91,2.0,0.053454626
38,91,3.0,0.047035005
38,91,4.0,0.048022714
38,91,5.0,0.047837302
38,91,6.0,0.05211586
38,91,7.0,0.04899147
38,91,8.0,0.06495091
38,91,9.0,0.07180981
38,91,10.0,0.0765188
38,91,11.0,0.07944379
38,91,12.0,0.083842285
38,91,13.0,0.07707264
38,91,14.0,0.08943166
38,92,0.0,0.18340385
38,92,1.0,0.19320202
38,92,2.0,0.17189252
38,92,3.0,0.12486647
38,92,4.0,0.12849352
38,92,5.0,0.1483272
38,92,6.0,0.15088342
38,92,7.0,0.153393
38,92,8.0,0.15549943
38,92,9.0,0.15787351
38,92,10.0,0.15523748
38,92,11.0,0.13114649
38,92,12.0,0.13311987
38,92,13.0,0.13289998
38,92,14.0,0.18487586
38,93,0.0,0.40854603
38,93,1.0,0.35733503
38,93,2.0,0.337365
38,93,3.0,0.4018529
38,93,4.0,0.40255865
38,93,5.0,0.37111545
38,93,6.0,0.37912306
38,93,7.0,0.39139238
38,93,8.0,0.42784464
38,93,9.0,0.43382677
38,93,10.0,0.44583878
38,93,11.0,0.48668438
38,93,12.0,0.47517958
38,93,13.0,0.4169026
38,93,14.0,0.47562522
38,94,0.0,0.7433854
38,94,1.0,0.5110539
38,94,2.0,0.57302505
38,94,3.0,0.5897212
38,94,4.0,0.6021223
38,94,5.0,0.57376707
38,94,6.0,0.5416583
38,94,7.0,0.52096623
38,94,8.0,0.5103718
38,94,9.0,0.47256452
38,94,10.0,0.5198974
38,94,11.0,0.50240016
38,94,12.0,0.5118252
38,94,13.0,0.6159937
38,94,14.0,0.4845408
38,95,0.0,0.6616302
38,95,1.0,0.5494078
38,95,2.0,0.6341504
38,95,3.0,0.668687
38,95,4.0,0.6819002
38,95,5.0,0.671216
38,95,6.0,0.58668
38,95,7.0,0.52306867
38,95,8.0,0.551976
38,95,9.0,0.55978924
38,95,10.0,0.53107417
38,95,11.0,0.4788859
38,95,12.0,0.42078167
38,95,13.0,0.34761286
38,95,14.0,0.42363653
38,96,0.0,0.5757358
38,96,1.0,0.50563407
38,96,2.0,0.5107205
38,96,3.0,0.47232252
38,96,4.0,0.48586583
38,96,5.0,0.53584874
38,96,6.0,0.5081519
38,96,7.0,0.43054503
38,96,8.0,0.41117916
38,96,9.0,0.4053393
38,96,10.0,0.36190662
38,96,11.0,0.34552994
38,96,12.0,0.37340674
38,96,13.0,0.33397514
38,96,14.0,0.26757708
38,97,0.0,0.2466197
38,97,1.0,0.22649606
38,97,2.0,0.22063535
38,97,3.0,0.22448975
38,97,4.0,0.22516552
38,97,5.0,0.20769519
38,97,6.0,0.19729951
38,97,7.0,0.1664478
38,97,8.0,0.14472623
38,97,9.0,0.14217365
38,97,10.0,0.14919996
38,97,11.0,0.17253588
38,97,12.0,0.12810358
38,97,13.0,0.14667457
38,97,14.0,0.1284647
38,98,0.0,0.12210943
38,98,1.0,0.08981397
38,98,2.0,0.10286411
38,98,3.0,0.1197202
38,98,4.0,0.076989375
38,98,5.0,0.06538774
38,98,6.0,0.069651216
38,98,7.0,0.073532924
38,98,8.0,0.07390153
38,98,9.0,0.073304676
38,98,10.0,0.0664485
38,98,11.0,0.0580574
38,98,12.0,0.07250057
38,98,13.0,0.0658326
38,98,14.0,0.04994617
38,99,0.0,0.025607157
38,99,1.0,0.029287888
38,99,2.0,0.0139331035
38,99,3.0,0.014773896
38,99,4.0,0.014415828
38,99,5.0,0.012320557
38,99,6.0,0.014689633
38,99,7.0,0.018696334
38,99,8.0,0.017089238
38,99,9.0,0.015307705
38,99,10.0,0.017854525
38,99,11.0,0.019786578
38,99,12.0,0.017396932
38,99,13.0,0.014117299
38,99,14.0,0.012938571
38,100,0.0,0.0026923153
38,100,1.0,0.0031105238
38,100,2.0,0.005086841
38,100,3.0,0.0032276916
38,100,4.0,0.0033734967
38,100,5.0,0.0029545864
38,100,6.0,0.0024876767
38,100,7.0,0.0021278958
38,100,8.0,0.002238477
38,100,9.0,0.0022157298
38,100,10.0,0.0024358232
38,100,11.0,0.0030058648
38,100,12.0,0.002613986
38,100,13.0,0.002589978
38,100,14.0,0.0018223723
38,101,0.0,0.0005062013
38,101,1.0,0.0004931367
38,101,2.0,0.00030211196
38,101,3.0,0.00031580866
38,101,4.0,0.00028959013
38,101,5.0,0.00062450714
38,101,6.0,0.0005833247
38,101,7.0,0.0005937857
38,101,8.0,0.0005793253
38,101,9.0,0.00055341993
38,101,10.0,0.000501982
38,101,11.0,0.00061730633
38,101,12.0,0.0004158486
38,101,13.0,0.00070352637
38,101,14.0,0.00021913878
38,102,0.0,1.4332653e-05
38,102,1.0,2.6498723e-05
38,102,2.0,2.5585847e-05
38,102,3.0,3.0494666e-05
38,102,4.0,2.8606984e-05
38,102,5.0,1.2216551e-05
38,102,6.0,1.9511464e-05
38,102,7.0,5.501336e-05
38,102,8.0,2.2477716e-05
38,102,9.0,1.062927e-05
38,102,10.0,1.2242543e-05
38,102,11.0,1.1203485e-05
38,102,12.0,1.37889665e-05
38,102,13.0,2.054228e-05
38,102,14.0,5.6912827e-06
38,103,0.0,3.338605e-07
38,103,1.0,9.311577e-08
38,103,2.0,1.244257e-07
38,103,3.0,2.9747034e-07
38,103,4.0,3.4906176e-07
38,103,5.0,1.3252058e-07
38,103,6.0,1.7216605e-08
38,103,7.0,6.9408465e-08
38,103,8.0,2.4704423e-08
38,103,9.0,7.561005e-09
38,103,10.0,5.274082e-08
38,103,11.0,9.725706e-08
38,103,12.0,7.258742e-08
38,103,13.0,1.0451802e-06
38,103,14.0,9.606471e-07
38,104,0.0,4.0144343e-08
38,104,1.0,1.414169e-09
38,104,2.0,3.3122993e-09
38,104,3.0,8.994389e-09
38,104,4.0,1.8123474e-08
38,104,5.0,3.2472527e-10
38,104,6.0,9.256301e-09
38,104,7.0,7.5857365e-10
38,104,8.0,2.5721023e-10
38,104,9.0,1.3158265e-10
38,104,10.0,3.943695e-11
38,104,11.0,7.8554125e-12
38,104,12.0,9.417014e-10
38,104,13.0,8.591219e-09
38,104,14.0,5.2373725e-08
38,105,0.0,2.133224e-10
38,105,1.0,7.53812e-11
38,105,2.0,6.1575933e-10
38,105,3.0,5.1997373e-10
38,105,4.0,9.884731e-10
38,105,5.0,2.8409852e-10
38,105,6.0,3.797365e-09
38,105,7.0,1.5643977e-08
38,105,8.0,1.07272875e-08
38,105,9.0,4.4647006e-09
38,105,10.0,2.3249571e-09
38,105,11.0,2.6599312e-09
38,105,12.0,2.074489e-09
38,105,13.0,8.739959e-10
38,105,14.0,6.4212506e-09
38,106,0.0,4.6174752e-12
38,106,1.0,4.3723643e-11
38,106,2.0,2.735233e-09
38,106,3.0,1.5814722e-09
38,106,4.0,4.132379e-09
38,106,5.0,1.2937005e-08
38,106,6.0,2.4421889e-08
38,106,7.0,1.1465849e-08
38,106,8.0,9.623654e-09
38,106,9.0,7.4428317e-09
38,106,10.0,1.0074394e-08
38,106,11.0,1.5732816e-08
38,106,12.0,7.507515e-08
38,106,13.0,2.0983702e-08
38,106,14.0,7.748952e-09
38,107,0.0,0.0
38,107,1.0,5.447514e-15
38,107,2.0,5.4483946e-13
38,107,3.0,5.2980157e-13
38,107,4.0,5.8262714e-14
38,107,5.0,6.774715e-13
38,107,6.0,5.017089e-12
38,107,7.0,2.483875e-12
38,107,8.0,1.5594991e-12
38,107,9.0,1.11131234e-11
38,107,10.0,1.0675217e-10
38,107,11.0,8.578559e-11
38,107,12.0,7.320206e-13
38,107,13.0,7.380968e-11
38,107,14.0,1.5918439e-09
39,86,0.0,5.514572e-10
39,86,1.0,3.6047793e-10
39,86,2.0,1.8064714e-09
39,86,3.0,8.5614715e-08
39,86,4.0,3.9401296e-09
39,86,5.0,4.3915555e-10
39,86,6.0,1.5093482e-09
39,86,7.0,8.831021e-09
39,86,8.0,7.501233e-09
39,86,9.0,1.6079538e-10
39,86,10.0,2.1487045e-09
39,86,11.0,1.5991441e-08
39,86,12.0,8.165722e-09
39,86,13.0,1.2914309e-08
39,86,14.0,5.2727365e-09
39,87,0.0,1.3854712e-11
39,87,1.0,1.43543285e-11
39,87,2.0,4.053088e-09
39,87,3.0,2.5155492e-10
39,87,4.0,3.327191e-11
39,87,5.0,6.5804064e-11
39,87,6.0,2.5883939e-11
39,87,7.0,6.4101263e-12
39,87,8.0,4.1827285e-11
39,87,9.0,9.006e-11
39,87,10.0,1.9987827e-09
39,87,11.0,1.1618466e-09
39,87,12.0,1.0602568e-10
39,87,13.0,4.000094e-08
39,87,14.0,1.1591719e-08
39,88,0.0,4.005256e-09
39,88,1.0,0.0
39,88,2.0,8.66696e-23
39,88,3.0,5.730121e-15
39,88,4.0,3.107212e-13
39,88,5.0,2.951296e-11
39,88,6.0,6.2152883e-10
39,88,7.0,1.7779149e-10
39,88,8.0,1.2498403e-09
39,88,9.0,3.1794483e-09
39,88,10.0,1.703669e-09
39,88,11.0,1.833709e-11
39,88,12.0,1.0757909e-08
39,88,13.0,1.1139626e-09
39,88,14.0,1.537604e-08
39,89,0.0,9.436811e-10
39,89,1.0,3.112266e-10
39,89,2.0,2.6701721e-14
39,89,3.0,7.710138e-11
39,89,4.0,2.8702742e-08
39,89,5.0,2.9498475e-09
39,89,6.0,7.293995e-11
39,89,7.0,1.3207549e-16
39,89,8.0,0.0
39,89,9.0,0.0
39,89,10.0,8.028768e-12
39,89,11.0,4.9375455e-09
39,89,12.0,1.305115e-09
39,89,13.0,7.021074e-07
39,89,14.0,1.0567713e-05
39,90,0.0,4.4563302e-07
39,90,1.0,2.95085e-06
39,90,2.0,1.2758053e-05
39,90,3.0,2.8897306e-05
39,90,4.0,1.2709516e-05
39,90,5.0,6.665068e-06
39,90,6.0,2.4543111e-05
39,90,7.0,8.89529e-06
39,90,8.0,2.676185e-06
39,90,9.0,5.5245155e-06
39,90,10.0,1.2340857e-05
39,90,11.0,4.5221626e-05
39,90,12.0,4.1255727e-05
39,90,13.0,6.8084155e-05
39,90,14.0,7.1126145e-05
39,91,0.0,0.0002063859
39,91,1.0,0.0001749024
39,91,2.0,0.0007278551
39,91,3.0,0.0010619337
39,91,4.0,0.00043907145
39,91,5.0,0.00025809734
39,91,6.0,0.00044742072
39,91,7.0,0.00061020494
39,91,8.0,0.0007458485
39,91,9.0,0.00086557085
39,91,10.0,0.0014664618
39,91,11.0,0.0007397047
39,91,12.0,0.00057468354
39,91,13.0,0.0012803334
39,91,14.0,0.0016157071
39,92,0.0,0.002028849
39,92,1.0,0.001305269
39,92,2.0,0.0045047584
39,92,3.0,0.005671281
39,92,4.0,0.0035086747
39,92,5.0,0.003453748
39,92,6.0,0.003944733
39,92,7.0,0.004124193
39,92,8.0,0.0055358787
39,92,9.0,0.0057609803
39,92,10.0,0.0053802026
39,92,11.0,0.005545771
39,92,12.0,0.005962307
39,92,13.0,0.0061949496
39,92,14.0,0.0062913555
39,93,0.0,0.018171452
39,93,1.0,0.030581562
39,93,2.0,0.037982523
39,93,3.0,0.03250648
39,93,4.0,0.026105214
39,93,5.0,0.02377682
39,93,6.0,0.02558058
39,93,7.0,0.025698362
39,93,8.0,0.027670462
39,93,9.0,0.031170513
39,93,10.0,0.03470663
39,93,11.0,0.044731256
39,93,12.0,0.044767585
39,93,13.0,0.053255472
39,93,14.0,0.036847148
39,94,0.0,0.06103046
39,94,1.0,0.05612302
39,94,2.0,0.10500522
39,94,3.0,0.08580006
39,94,4.0,0.08935838
39,94,5.0,0.07879373
39,94,6.0,0.08980946
39,94,7.0,0.09234842
39,94,8.0,0.091342986
39,94,9.0,0.09213806
39,94,10.0,0.10967103
39,94,11.0,0.123407595
39,94,12.0,0.12378636
39,94,13.0,0.10619748
39,94,14.0,0.13976759
39,95,0.0,0.1977488
39,95,1.0,0.23080114
39,95,2.0,0.30218187
39,95,3.0,0.37236425
39,95,4.0,0.29811615
39,95,5.0,0.2780775
39,95,6.0,0.26912227
39,95,7.0,0.27100733
39,95,8.0,0.27423492
39,95,9.0,0.31195763
39,95,10.0,0.31672108
39,95,11.0,0.29940924
39,95,12.0,0.2970193
39,95,13.0,0.31461075
39,95,14.0,0.31220794
39,96,0.0,0.289806
39,96,1.0,0.33590075
39,96,2.0,0.46941173
39,96,3.0,0.5535144
39,96,4.0,0.45331666
39,96,5.0,0.44182083
39,96,6.0,0.46056834
39,96,7.0,0.43002287
39,96,8.0,0.4077179
39,96,9.0,0.37953672
39,96,10.0,0.39821538
39,96,11.0,0.4568384
39,96,12.0,0.46781194
39,96,13.0,0.3962757
39,96,14.0,0.39851326
39,97,0.0,0.46752557
39,97,1.0,0.5494756
39,97,2.0,0.65432316
39,97,3.0,0.7618298
39,97,4.0,0.59611326
39,97,5.0,0.57842326
39,97,6.0,0.50162596
39,97,7.0,0.49628928
39,97,8.0,0.39521816
39,97,9.0,0.4203335
39,97,10.0,0.52802765
39,97,11.0,0.4008461
39,97,12.0,0.5027068
39,97,13.0,0.6051518
39,97,14.0,0.44258264
39,98,0.0,0.36406165
39,98,1.0,0.32023007
39,98,2.0,0.35913697
39,98,3.0,0.6287357
39,98,4.0,0.6348117
39,98,5.0,0.5054013
39,98,6.0,0.43844768
39,98,7.0,0.46722686
39,98,8.0,0.5172111
39,98,9.0,0.5131099
39,98,10.0,0.53170353
39,98,11.0,0.54864323
39,98,12.0,0.48022974
39,98,13.0,0.4965737
39,98,14.0,0.40989926
39,99,0.0,0.26913008
39,99,1.0,0.33129433
39,99,2.0,0.35670355
39,99,3.0,0.4404957
39,99,4.0,0.3546396
39,99,5.0,0.35799617
39,99,6.0,0.32888287
39,99,7.0,0.24340549
39,99,8.0,0.31879243
39,99,9.0,0.34515977
39,99,10.0,0.25182244
39,99,11.0,0.23685297
39,99,12.0,0.35818952
39,99,13.0,0.34862065
39,99,14.0,0.21110088
39,100,0.0,0.09314965
39,100,1.0,0.116008386
39,100,2.0,0.16211714
39,100,3.0,0.16752616
39,100,4.0,0.16232866
39,100,5.0,0.16323434
39,100,6.0,0.15389578
39,100,7.0,0.14705089
39,100,8.0,0.14192864
39,100,9.0,0.1228643
39,100,10.0,0.13495527
39,100,11.0,0.1261261
39,100,12.0,0.10550624
39,100,13.0,0.0985288
39,100,14.0,0.09862445
39,101,0.0,0.03446953
39,101,1.0,0.052645136
39,101,2.0,0.043363146
39,101,3.0,0.04583838
39,101,4.0,0.034321956
39,101,5.0,0.034476634
39,101,6.0,0.036175746
39,101,7.0,0.043702684
39,101,8.0,0.043822385
39,101,9.0,0.04226361
39,101,10.0,0.040536247
39,101,11.0,0.038304735
39,101,12.0,0.03943256
39,101,13.0,0.035576094
39,101,14.0,0.029627591
39,102,0.0,0.008038458
39,102,1.0,0.0073857093
39,102,2.0,0.007391122
39,102,3.0,0.008947978
39,102,4.0,0.007733
39,102,5.0,0.0041827676
39,102,6.0,0.0044816746
39,102,7.0,0.0046092365
39,102,8.0,0.005715461
39,102,9.0,0.008138251
39,102,10.0,0.0068281908
39,102,11.0,0.00856967
39,102,12.0,0.0059435866
39,102,13.0,0.0069451025
39,102,14.0,0.0046848883
39,103,0.0,0.0007838679
39,103,1.0,0.0010868296
39,103,2.0,0.00080533215
39,103,3.0,0.0008970371
39,103,4.0,0.0014209477
39,103,5.0,0.0014696304
39,103,6.0,0.0008619621
39,103,7.0,0.000625994
39,103,8.0,0.0006773586
39,103,9.0,0.0007790619
39,103,10.0,0.0011812764
39,103,11.0,0.0010398139
39,103,12.0,0.001309573
39,103,13.0,0.0016971909
39,103,14.0,0.0012092638
39,104,0.0,2.0644104e-05
39,104,1.0,1.7555709e-05
39,104,2.0,7.0770766e-05
39,104,3.0,4.373159e-05
39,104,4.0,4.091945e-05
39,104,5.0,2.7136099e-05
39,104,6.0,4.1212592e-05
39,104,7.0,4.6082776e-05
39,104,8.0,3.0697553e-05
39,104,9.0,3.8007132e-05
39,104,10.0,8.165998e-05
39,104,11.0,4.8938884e-05
39,104,12.0,4.3446325e-05
39,104,13.0,5.9252834e-05
39,104,14.0,4.6592464e-05
39,105,0.0,2.8456806e-09
39,105,1.0,2.8946425e-09
39,105,2.0,2.83198e-06
39,105,3.0,4.878834e-06
39,105,4.0,4.343857e-06
39,105,5.0,7.386383e-06
39,105,6.0,1.9273562e-05
39,105,7.0,5.094548e-06
39,105,8.0,2.8199927e-06
39,105,9.0,5.3605227e-06
39,105,10.0,1.703637e-05
39,105,11.0,4.1011817e-06
39,105,12.0,1.779483e-06
39,105,13.0,1.0100767e-05
39,105,14.0,1.02818285e-05
39,106,0.0,1.2651621e-10
39,106,1.0,1.8663761e-10
39,106,2.0,0.0
39,106,3.0,0.0
39,106,4.0,2.459468e-09
39,106,5.0,4.5854257e-08
39,106,6.0,5.9081117e-08
39,106,7.0,1.3286889e-07
39,106,8.0,1.6802443e-07
39,106,9.0,2.2794561e-08
39,106,10.0,1.4293396e-08
39,106,11.0,1.4726498e-08
39,106,12.0,1.6716148e-09
39,106,13.0,5.769873e-09
39,106,14.0,5.190459e-09
39,107,0.0,5.922061e-10
39,107,1.0,6.2068023e-10
39,107,2.0,1.3708414e-09
39,107,3.0,1.6694184e-08
39,107,4.0,8.15138e-08
39,107,5.0,9.13635e-09
39,107,6.0,4.451129e-08
39,107,7.0,2.8161871e-08
39,107,8.0,1.0389571e-08
39,107,9.0,2.1962563e-09
39,107,10.0,2.4549092e-08
39,107,11.0,5.996644e-08
39,107,12.0,2.9672119e-08
39,107,13.0,5.4452785e-09
39,107,14.0,6.6988943e-09
39,108,0.0,9.447656e-10
39,108,1.0,1.9173332e-10
39,108,2.0,2.9666882e-09
39,108,3.0,1.70834e-08
39,108,4.0,8.988246e-08
39,108,5.0,4.499736e-08
39,108,6.0,1.5767533e-09
39,108,7.0,1.8169014e-09
39,108,8.0,3.372989e-08
39,108,9.0,8.8407674e-08
39,108,10.0,9.2380034e-08
39,108,11.0,9.905946e-09
39,108,12.0,5.4923714e-09
39,108,13.0,1.2988652e-07
39,108,14.0,1.2427559e-07
39,109,0.0,8.329698e-08
39,109,1.0,1.3042033e-09
39,109,2.0,1.0483102e-09
39,109,3.0,8.692095e-08
39,109,4.0,1.9712054e-08
39,109,5.0,7.668412e-10
39,109,6.0,7.562482e-09
39,109,7.0,3.8962455e-09
39,109,8.0,1.2341878e-09
39,109,9.0,1.0065208e-08
39,109,10.0,3.7128036e-08
39,109,11.0,2.38519e-07
39,109,12.0,2.291941e-07
39,109,13.0,8.187404e-08
39,109,14.0,1.0206087e-08
40,88,0.0,1.3415043e-10
40,88,1.0,0.0
40,88,2.0,2.1189287e-12
40,88,3.0,1.7425755e-12
40,88,4.0,1.4607254e-09
40,88,5.0,2.6269742e-09
40,88,6.0,9.8280994e-11
40,88,7.0,4.203486e-09
40,88,8.0,2.797497e-11
40,88,9.0,2.200463e-11
40,88,10.0,5.485251e-11
40,88,11.0,9.2936034e-11
40,88,12.0,3.853709e-12
40,88,13.0,4.5012333e-10
40,88,14.0,1.751539e-12
40,89,0.0,4.000851e-11
40,89,1.0,1.92954e-09
40,89,2.0,0.0
40,89,3.0,4.1764908e-10
40,89,4.0,1.8237561e-10
40,89,5.0,2.3468352e-09
40,89,6.0,7.033007e-09
40,89,7.0,2.4029234e-09
40,89,8.0,6.5753115e-12
40,89,9.0,2.7219443e-10
40,89,10.0,1.8245183e-09
40,89,11.0,1.4060854e-09
40,89,12.0,1.8014121e-11
40,89,13.0,2.6388464e-12
40,89,14.0,3.7351658e-10
40,90,0.0,1.3863746e-10
40,90,1.0,7.519253e-17
40,90,2.0,2.0149946e-10
40,90,3.0,1.394768e-08
40,90,4.0,2.1914176e-10
40,90,5.0,1.5636054e-08
40,90,6.0,2.338e-09
40,90,7.0,1.1076883e-08
40,90,8.0,6.972566e-08
40,90,9.0,1.04217825e-07
40,90,10.0,9.681096e-08
40,90,11.0,5.4671226e-08
40,90,12.0,8.663447e-10
40,90,13.0,2.0896678e-11
40,90,14.0,2.5733436e-07
40,91,0.0,2.965151e-10
40,91,1.0,1.8953386e-08
40,91,2.0,3.3165795e-09
40,91,3.0,2.267263e-09
40,91,4.0,6.6639236e-11
40,91,5.0,1.3416414e-09
40,91,6.0,1.0826555e-10
40,91,7.0,2.004924e-10
40,91,8.0,2.7118134e-08
40,91,9.0,3.3843876e-11
40,91,10.0,1.3716318e-11
40,91,11.0,1.9358715e-09
40,91,12.0,1.962543e-08
40,91,13.0,1.00687444e-07
40,91,14.0,1.7400552e-08
40,92,0.0,1.0119211e-05
40,92,1.0,1.0779476e-07
40,92,2.0,7.1292595e-07
40,92,3.0,9.712348e-06
40,92,4.0,1.0393293e-05
40,92,5.0,4.136565e-06
40,92,6.0,4.971956e-06
40,92,7.0,8.754023e-06
40,92,8.0,1.7032073e-05
40,92,9.0,1.4487084e-05
40,92,10.0,2.4838964e-06
40,92,11.0,6.8812874e-06
40,92,12.0,2.5231679e-05
40,92,13.0,2.2525443e-05
40,92,14.0,3.781044e-05
40,93,0.0,2.4454572e-05
40,93,1.0,2.2955865e-05
40,93,2.0,1.3988407e-05
40,93,3.0,2.0502644e-05
40,93,4.0,2.7755035e-05
40,93,5.0,3.170056e-05
40,93,6.0,1.5692418e-05
40,93,7.0,1.2997444e-05
40,93,8.0,5.9752307e-05
40,93,9.0,0.00013164061
40,93,10.0,0.00012686563
40,93,11.0,9.221532e-05
40,93,12.0,0.00016984281
40,93,13.0,0.00020277695
40,93,14.0,0.000327058
40,94,0.0,0.00048896665
40,94,1.0,0.00039389345
40,94,2.0,0.00041956076
40,94,3.0,0.00069262943
40,94,4.0,0.0011765877
40,94,5.0,0.00056899106
40,94,6.0,0.00072765123
40,94,7.0,0.0010253122
40,94,8.0,0.0012360477
40,94,9.0,0.00060680526
40,94,10.0,0.0012796392
40,94,11.0,0.0010493463
40,94,12.0,0.0007011759
40,94,13.0,0.0030535737
40,94,14.0,0.003951781
40,95,0.0,0.014102787
40,95,1.0,0.0068601356
40,95,2.0,0.011271938
40,95,3.0,0.010958563
40,95,4.0,0.008320278
40,95,5.0,0.008362289
40,95,6.0,0.0059471335
40,95,7.0,0.004366959
40,95,8.0,0.0067288973
40,95,9.0,0.005688352
40,95,10.0,0.0047781304
40,95,11.0,0.0046127453
40,95,12.0,0.0075782877
40,95,13.0,0.008083594
40,95,14.0,0.013215768
40,96,0.0,0.049730532
40,96,1.0,0.04241495
40,96,2.0,0.052884497
40,96,3.0,0.043671086
40,96,4.0,0.03593959
40,96,5.0,0.031648472
40,96,6.0,0.038094036
40,96,7.0,0.043820687
40,96,8.0,0.043612223
40,96,9.0,0.038718104
40,96,10.0,0.03863259
40,96,11.0,0.035361987
40,96,12.0,0.03539747
40,96,13.0,0.055775125
40,96,14.0,0.0594683
40,97,0.0,0.15582787
40,97,1.0,0.15792118
40,97,2.0,0.15739882
40,97,3.0,0.16306092
40,97,4.0,0.16060038
40,97,5.0,0.1763248
40,97,6.0,0.15915436
40,97,7.0,0.16014896
40,97,8.0,0.11289114
40,97,9.0,0.1178632
40,97,10.0,0.17283504
40,97,11.0,0.15304096
40,97,12.0,0.204223
40,97,13.0,0.20065942
40,97,14.0,0.22690853
40,98,0.0,0.3944502
40,98,1.0,0.35845044
40,98,2.0,0.38528723
40,98,3.0,0.37881616
40,98,4.0,0.3550064
40,98,5.0,0.32127622
40,98,6.0,0.35003144
40,98,7.0,0.2745926
40,98,8.0,0.30276516
40,98,9.0,0.21886885
40,98,10.0,0.31024063
40,98,11.0,0.28511757
40,98,12.0,0.28769827
40,98,13.0,0.33154473
40,98,14.0,0.30073702
40,99,0.0,0.5714425
40,99,1.0,0.50266916
40,99,2.0,0.49808595
40,99,3.0,0.5335037
40,99,4.0,0.49481797
40,99,5.0,0.5184161
40,99,6.0,0.5303812
40,99,7.0,0.47152916
40,99,8.0,0.42505687
40,99,9.0,0.4294381
40,99,10.0,0.42068592
40,99,11.0,0.42684942
40,99,12.0,0.39368853
40,99,13.0,0.35140833
40,99,14.0,0.3972294
40,100,0.0,0.66733056
40,100,1.0,0.7071773
40,100,2.0,0.7058422
40,100,3.0,0.6649426
40,100,4.0,0.66687256
40,100,5.0,0.61159986
40,100,6.0,0.58502805
40,100,7.0,0.5328183
40,100,8.0,0.50963485
40,100,9.0,0.4989926
40,100,10.0,0.4994133
40,100,11.0,0.4976227
40,100,12.0,0.4575036
40,100,13.0,0.43944746
40,100,14.0,0.4172951
40,101,0.0,0.46707392
40,101,1.0,0.413978
40,101,2.0,0.40684775
40,101,3.0,0.41413277
40,101,4.0,0.4198299
40,101,5.0,0.35771462
40,101,6.0,0.3539037
40,101,7.0,0.35938916
40,101,8.0,0.35146224
40,101,9.0,0.31905237
40,101,10.0,0.3581243
40,101,11.0,0.35846373
40,101,12.0,0.30274054
40,101,13.0,0.5783202
40,101,14.0,0.86231107
40,102,0.0,0.23235865
40,102,1.0,0.22150058
40,102,2.0,0.21229158
40,102,3.0,0.223412
40,102,4.0,0.20510277
40,102,5.0,0.19691409
40,102,6.0,0.18719669
40,102,7.0,0.17788024
40,102,8.0,0.16378191
40,102,9.0,0.16160326
40,102,10.0,0.18340686
40,102,11.0,0.18150751
40,102,12.0,0.16657646
40,102,13.0,0.1636986
40,102,14.0,0.14539075
40,103,0.0,0.07263341
40,103,1.0,0.060302034
40,103,2.0,0.06659588
40,103,3.0,0.08748081
40,103,4.0,0.057332303
40,103,5.0,0.034330145
40,103,6.0,0.037705325
40,103,7.0,0.03770432
40,103,8.0,0.033561215
40,103,9.0,0.028653726
40,103,10.0,0.027615406
40,103,11.0,0.029370956
40,103,12.0,0.03776151
40,103,13.0,0.052850377
40,103,14.0,0.045152403
40,104,0.0,0.013605642
40,104,1.0,0.012618092
40,104,2.0,0.01710172
40,104,3.0,0.012151631
40,104,4.0,0.010707003
40,104,5.0,0.011200565
40,104,6.0,0.012793495
40,104,7.0,0.01224383
40,104,8.0,0.011089182
40,104,9.0,0.010980829
40,104,10.0,0.01004581
40,104,11.0,0.008427563
40,104,12.0,0.010221563
40,104,13.0,0.0125190485
40,104,14.0,0.010261468
40,105,0.0,0.0022753284
40,105,1.0,0.0018476454
40,105,2.0,0.00074258447
40,105,3.0,0.002389496
40,105,4.0,0.001397202
40,105,5.0,0.0012714147
40,105,6.0,0.0010833489
40,105,7.0,0.00093706785
40,105,8.0,0.0013512808
40,105,9.0,0.0016119701
40,105,10.0,0.0015603964
40,105,11.0,0.0019984043
40,105,12.0,0.0022533864
40,105,13.0,0.002747577
40,105,14.0,0.0026032329
40,106,0.0,4.5145876e-05
40,106,1.0,0.00029022325
40,106,2.0,3.563316e-05
40,106,3.0,0.0001708691
40,106,4.0,0.00027584776
40,106,5.0,0.00012946142
40,106,6.0,0.0001676503
40,106,7.0,9.70397e-05
40,106,8.0,0.00013693883
40,106,9.0,0.00020517384
40,106,10.0,0.00020475022
40,106,11.0,0.00046918594
40,106,12.0,0.00052261207
40,106,13.0,0.0003036437
40,106,14.0,0.00046253615
40,107,0.0,2.1745377e-06
40,107,1.0,7.927441e-06
40,107,2.0,5.4546845e-06
40,107,3.0,1.2717169e-05
40,107,4.0,3.484727e-05
40,107,5.0,1.3978794e-05
40,107,6.0,8.117627e-06
40,107,7.0,1.1483193e-06
40,107,8.0,6.506911e-08
40,107,9.0,1.5463735e-07
40,107,10.0,7.2550783e-06
40,107,11.0,1.5491106e-06
40,107,12.0,2.8829688e-06
40,107,13.0,1.7199069e-05
40,107,14.0,3.469623e-05
40,108,0.0,3.3994176e-09
40,108,1.0,5.365327e-05
40,108,2.0,2.441396e-06
40,108,3.0,6.7165996e-07
40,108,4.0,3.4684607e-08
40,108,5.0,6.159152e-09
40,108,6.0,2.0126507e-05
40,108,7.0,3.919433e-05
40,108,8.0,5.1987678e-05
40,108,9.0,9.991002e-05
40,108,10.0,4.532473e-05
40,108,11.0,8.492578e-05
40,108,12.0,0.00020914174
40,108,13.0,3.9394577e-06
40,108,14.0,3.391206e-06
40,109,0.0,1.5063428e-06
40,109,1.0,4.0100875e-07
40,109,2.0,9.753516e-09
40,109,3.0,4.740905e-09
40,109,4.0,1.0492651e-07
40,109,5.0,1.3960043e-07
40,109,6.0,5.8481123e-07
40,109,7.0,1.7304676e-06
40,109,8.0,3.6846575e-06
40,109,9.0,7.753154e-06
40,109,10.0,1.4703397e-05
40,109,11.0,4.6213668e-06
40,109,12.0,8.184532e-07
40,109,13.0,1.01453175e-07
40,109,14.0,7.020671e-07
40,110,0.0,2.9877375e-11
40,110,1.0,9.052269e-21
40,110,2.0,5.578263e-09
40,110,3.0,2.3482225e-09
40,110,4.0,5.3656013e-10
40,110,5.0,1.0182385e-08
40,110,6.0,9.973363e-09
40,110,7.0,1.0265814e-09
40,110,8.0,1.01653075e-10
40,110,9.0,2.7237037e-09
40,110,10.0,2.3163075e-08
40,110,11.0,1.4416923e-08
40,110,12.0,1.7473646e-08
40,110,13.0,2.1863455e-08
40,110,14.0,8.702756e-09
40,111,0.0,2.1452204e-12
40,111,1.0,1.944243e-07
40,111,2.0,2.7959488e-10
40,111,3.0,4.6688705e-11
40,111,4.0,1.7040888e-09
40,111,5.0,3.0780491e-09
40,111,6.0,2.2712223e-08
40,111,7.0,1.0394452e-07
40,111,8.0,1.350433e-07
40,111,9.0,7.730096e-08
40,111,10.0,1.5712923e-08
40,111,11.0,3.58489e-08
40,111,12.0,1.3422309e-07
40,111,13.0,4.657708e-08
40,111,14.0,2.2147615e-09
40,112,0.0,4.33337e-12
40,112,1.0,1.7539278e-10
40,112,2.0,3.6842931e-10
40,112,3.0,4.6179335e-10
40,112,4.0,1.5948899e-08
40,112,5.0,2.2182567e-09
40,112,6.0,1.4638526e-09
40,112,7.0,1.140366e-09
40,112,8.0,4.8523503e-08
40,112,9.0,1.8636153e-09
40,112,10.0,4.1905826e-10
40,112,11.0,2.6629635e-08
40,112,12.0,4.7592234e-08
40,112,13.0,3.6603197e-08
40,112,14.0,1.1242727e-09
41,90,0.0,1.4708543e-10
41,90,1.0,3.9349035e-09
41,90,2.0,6.5588296e-08
41,90,3.0,7.1452234e-08
41,90,4.0,1.8074643e-09
41,90,5.0,3.423255e-09
41,90,6.0,1.6160824e-08
41,90,7.0,2.9367289e-08
41,90,8.0,2.4328646e-08
41,90,9.0,5.722174e-09
41,90,10.0,1.5234946e-09
41,90,11.0,2.3254673e-10
41,90,12.0,4.624558e-11
41,90,13.0,1.4403605e-08
41,90,14.0,6.22895e-09
41,91,0.0,3.4761891e-09
41,91,1.0,6.4731354e-10
41,91,2.0,2.2303726e-12
41,91,3.0,2.6977978e-10
41,91,4.0,3.9865064e-08
41,91,5.0,7.1165594e-08
41,91,6.0,8.987941e-08
41,91,7.0,1.3374341e-07
41,91,8.0,4.865284e-07
41,91,9.0,3.54966e-08
41,91,10.0,2.098504e-09
41,91,11.0,8.484579e-11
41,91,12.0,3.6615881e-09
41,91,13.0,2.4969163e-12
41,91,14.0,2.3789401e-12
41,92,0.0,1.7745987e-09
41,92,1.0,3.227875e-09
41,92,2.0,1.8672057e-11
41,92,3.0,7.505057e-09
41,92,4.0,1.1253019e-06
41,92,5.0,1.6061125e-06
41,92,6.0,3.7865527e-07
41,92,7.0,2.6729754e-07
41,92,8.0,7.9477365e-07
41,92,9.0,2.2864476e-06
41,92,10.0,3.5477979e-06
41,92,11.0,2.891479e-07
41,92,12.0,1.7480598e-07
41,92,13.0,1.5760504e-07
41,92,14.0,1.5242831e-07
41,93,0.0,1.9700844e-08
41,93,1.0,3.1784163e-07
41,93,2.0,2.9018636e-08
41,93,3.0,5.7004614e-09
41,93,4.0,4.988786e-07
41,93,5.0,5.4095267e-08
41,93,6.0,4.693599e-10
41,93,7.0,1.4414324e-10
41,93,8.0,1.5332416e-09
41,93,9.0,2.1248804e-08
41,93,10.0,1.2628125e-08
41,93,11.0,1.7295851e-07
41,93,12.0,1.0238052e-06
41,93,13.0,1.9092226e-07
41,93,14.0,2.2620851e-07
41,94,0.0,6.131941e-08
41,94,1.0,1.5989103e-06
41,94,2.0,6.598743e-06
41,94,3.0,1.2178779e-06
41,94,4.0,4.1236194e-06
41,94,5.0,8.442335e-06
41,94,6.0,5.54648e-06
41,94,7.0,4.494625e-06
41,94,8.0,4.8943743e-06
41,94,9.0,6.029323e-06
41,94,10.0,3.8709236e-06
41,94,11.0,7.158174e-07
41,94,12.0,3.4201307e-07
41,94,13.0,1.1888038e-06
41,94,14.0,8.999428e-06
41,95,0.0,2.2756954e-06
41,95,1.0,2.2100836e-05
41,95,2.0,3.7186624e-06
41,95,3.0,1.0464125e-05
41,95,4.0,4.5671855e-05
41,95,5.0,5.0865157e-05
41,95,6.0,4.6017984e-05
41,95,7.0,4.7986792e-05
41,95,8.0,2.476547e-05
41,95,9.0,6.659416e-05
41,95,10.0,3.4168435e-05
41,95,11.0,0.00014326641
41,95,12.0,4.3855853e-05
41,95,13.0,0.00014317679
41,95,14.0,7.617085e-05
41,96,0.0,5.0199284e-05
41,96,1.0,0.00013852373
41,96,2.0,0.0005008553
41,96,3.0,0.0007740058
41,96,4.0,0.00030997748
41,96,5.0,0.00022645635
41,96,6.0,0.00037867125
41,96,7.0,0.0004566159
41,96,8.0,0.00026714613
41,96,9.0,0.00076829165
41,96,10.0,0.0003045871
41,96,11.0,0.0006258677
41,96,12.0,0.0008851887
41,96,13.0,0.0006968833
41,96,14.0,0.00043549354
41,97,0.0,0.0035930495
41,97,1.0,0.004350019
41,97,2.0,0.0035335678
41,97,3.0,0.0047822436
41,97,4.0,0.005923013
41,97,5.0,0.007583717
41,97,6.0,0.010214352
41,97,7.0,0.0110853305
41,97,8.0,0.011393751
41,97,9.0,0.009137498
41,97,10.0,0.009196881
41,97,11.0,0.0074110394
41,97,12.0,0.011892332
41,97,13.0,0.0153764915
41,97,14.0,0.022133345
41,98,0.0,0.01550813
41,98,1.0,0.017571297
41,98,2.0,0.02531119
41,98,3.0,0.029811596
41,98,4.0,0.04056893
41,98,5.0,0.026798205
41,98,6.0,0.028644493
41,98,7.0,0.038647123
41,98,8.0,0.03234327
41,98,9.0,0.02969046
41,98,10.0,0.03483611
41,98,11.0,0.03048827
41,98,12.0,0.041720945
41,98,13.0,0.055171173
41,98,14.0,0.040213794
41,99,0.0,0.061323147
41,99,1.0,0.09189493
41,99,2.0,0.08625424
41,99,3.0,0.12873036
41,99,4.0,0.11543583
41,99,5.0,0.15675847
41,99,6.0,0.15992713
41,99,7.0,0.1490847
41,99,8.0,0.15250745
41,99,9.0,0.15467933
41,99,10.0,0.1611177
41,99,11.0,0.13174444
41,99,12.0,0.1257272
41,99,13.0,0.13184963
41,99,14.0,0.1341902
41,100,0.0,0.095339924
41,100,1.0,0.16205163
41,100,2.0,0.17715089
41,100,3.0,0.18048692
41,100,4.0,0.27687144
41,100,5.0,0.30325353
41,100,6.0,0.23207586
41,100,7.0,0.2366959
41,100,8.0,0.22073203
41,100,9.0,0.24629962
41,100,10.0,0.24280368
41,100,11.0,0.23706414
41,100,12.0,0.18467987
41,100,13.0,0.24711435
41,100,14.0,0.24037609
41,101,0.0,0.22711146
41,101,1.0,0.2952858
41,101,2.0,0.32539377
41,101,3.0,0.38524234
41,101,4.0,0.3904365
41,101,5.0,0.43696797
41,101,6.0,0.43042
41,101,7.0,0.40441084
41,101,8.0,0.37147507
41,101,9.0,0.39938372
41,101,10.0,0.42777494
41,101,11.0,0.38562402
41,101,12.0,0.3668078
41,101,13.0,0.36460254
41,101,14.0,0.3845101
41,102,0.0,0.2660544
41,102,1.0,0.42085135
41,102,2.0,0.4137
41,102,3.0,0.41335747
41,102,4.0,0.40488544
41,102,5.0,0.3587604
41,102,6.0,0.46747893
41,102,7.0,0.38259977
41,102,8.0,0.3118673
41,102,9.0,0.37435985
41,102,10.0,0.39822465
41,102,11.0,0.38284796
41,102,12.0,0.3897107
41,102,13.0,0.38488677
41,102,14.0,0.35722318
41,103,0.0,0.19665913
41,103,1.0,0.25098252
41,103,2.0,0.26072678
41,103,3.0,0.26632348
41,103,4.0,0.2589219
41,103,5.0,0.24867736
41,103,6.0,0.26673818
41,103,7.0,0.3154107
41,103,8.0,0.31623748
41,103,9.0,0.29777825
41,103,10.0,0.28322104
41,103,11.0,0.27374586
41,103,12.0,0.2956702
41,103,13.0,0.27486864
41,103,14.0,0.21513721
41,104,0.0,0.10017979
41,104,1.0,0.12942974
41,104,2.0,0.13965677
41,104,3.0,0.14701942
41,104,4.0,0.12151726
41,104,5.0,0.1076497
41,104,6.0,0.09697633
41,104,7.0,0.115773864
41,104,8.0,0.113607444
41,104,9.0,0.11584101
41,104,10.0,0.14807422
41,104,11.0,0.12409454
41,104,12.0,0.12132463
41,104,13.0,0.11083203
41,104,14.0,0.11981252
41,105,0.0,0.028127305
41,105,1.0,0.02819773
41,105,2.0,0.04028555
41,105,3.0,0.05053586
41,105,4.0,0.061093275
41,105,5.0,0.053138588
41,105,6.0,0.05645301
41,105,7.0,0.0672285
41,105,8.0,0.06064189
41,105,9.0,0.048989482
41,105,10.0,0.047232214
41,105,11.0,0.044920426
41,105,12.0,0.047067475
41,105,13.0,0.05024525
41,105,14.0,0.057703555
41,106,0.0,0.0062223934
41,106,1.0,0.0084572295
41,106,2.0,0.0085226
41,106,3.0,0.008986757
41,106,4.0,0.012232702
41,106,5.0,0.011645022
41,106,6.0,0.016976954
41,106,7.0,0.01727334
41,106,8.0,0.012581704
41,106,9.0,0.012413061
41,106,10.0,0.015343925
41,106,11.0,0.015287279
41,106,12.0,0.0126709845
41,106,13.0,0.016474346
41,106,14.0,0.020857716
41,107,0.0,0.00033990332
41,107,1.0,0.0035693955
41,107,2.0,0.0029553992
41,107,3.0,0.003618532
41,107,4.0,0.003686237
41,107,5.0,0.0043481244
41,107,6.0,0.0059904777
41,107,7.0,0.007719119
41,107,8.0,0.0077467547
41,107,9.0,0.0066737984
41,107,10.0,0.0046532163
41,107,11.0,0.004530796
41,107,12.0,0.0044908808
41,107,13.0,0.006396457
41,107,14.0,0.009080778
41,108,0.0,0.00012526663
41,108,1.0,0.0010423791
41,108,2.0,0.0004074106
41,108,3.0,0.00039319645
41,108,4.0,0.001139091
41,108,5.0,0.0011658509
41,108,6.0,0.0011407827
41,108,7.0,0.0008704647
41,108,8.0,0.0011223231
41,108,9.0,0.000783299
41,108,10.0,0.0006563844
41,108,11.0,0.00097339164
41,108,12.0,0.00055704854
41,108,13.0,0.0005150654
41,108,14.0,0.0011502297
41,109,0.0,8.727721e-05
41,109,1.0,6.498598e-05
41,109,2.0,0.00010694576
41,109,3.0,8.088334e-05
41,109,4.0,0.00031037227
41,109,5.0,0.00064235495
41,109,6.0,0.0005357396
41,109,7.0,0.0008981998
41,109,8.0,0.00089047645
41,109,9.0,0.00023892774
41,109,10.0,0.0001069615
41,109,11.0,0.0009832883
41,109,12.0,0.00042658602
41,109,13.0,0.0011903209
41,109,14.0,0.0006007775
41,110,0.0,2.6635846e-06
41,110,1.0,1.5069679e-05
41,110,2.0,2.2562086e-05
41,110,3.0,7.264402e-05
41,110,4.0,4.313113e-05
41,110,5.0,5.6573765e-05
41,110,6.0,5.0222272e-05
41,110,7.0,8.035435e-05
41,110,8.0,0.000116880154
41,110,9.0,9.0354966e-05
41,110,10.0,3.057279e-05
41,110,11.0,6.050597e-05
41,110,12.0,0.00012182806
41,110,13.0,0.00015626142
41,110,14.0,0.00018636431
41,111,0.0,1.1903443e-09
41,111,1.0,3.55485e-12
41,111,2.0,1.8242077e-17
41,111,3.0,1.4162733e-06
41,111,4.0,8.5380725e-06
41,111,5.0,3.3740755e-05
41,111,6.0,8.849642e-05
41,111,7.0,5.882331e-05
41,111,8.0,5.5796703e-05
41,111,9.0,2.0390675e-05
41,111,10.0,1.6728656e-06
41,111,11.0,2.9918629e-06
41,111,12.0,9.1551226e-07
41,111,13.0,6.209108e-05
41,111,14.0,2.3183718e-05
41,112,0.0,9.292042e-14
41,112,1.0,3.877188e-08
41,112,2.0,1.4067417e-07
41,112,3.0,1.29852e-07
41,112,4.0,6.781043e-08
41,112,5.0,1.4869768e-07
41,112,6.0,6.875399e-08
41,112,7.0,3.893092e-08
41,112,8.0,4.6428124e-08
41,112,9.0,9.5080884e-07
41,112,10.0,2.0944616e-07
41,112,11.0,6.293726e-07
41,112,12.0,1.2203208e-06
41,112,13.0,4.732232e-06
41,112,14.0,3.578576e-06
41,113,0.0,1.2761793e-10
41,113,1.0,5.116878e-09
41,113,2.0,1.226956e-09
41,113,3.0,9.043392e-08
41,113,4.0,3.547116e-09
41,113,5.0,8.634765e-10
41,113,6.0,4.738167e-09
41,113,7.0,2.867139e-10
41,113,8.0,5.8365934e-09
41,113,9.0,2.3911653e-08
41,113,10.0,3.3776797e-09
41,113,11.0,1.0787081e-09
41,113,12.0,7.845829e-10
41,113,13.0,2.2003138e-07
41,113,14.0,1.1821717e-06
41,114,0.0,5.0299724e-09
41,114,1.0,5.353509e-09
41,114,2.0,1.2461648e-09
41,114,3.0,7.497063e-10
41,114,4.0,2.4390667e-09
41,114,5.0,6.064635e-09
41,114,6.0,1.7168884e-10
41,114,7.0,6.514343e-12
41,114,8.0,2.856857e-10
41,114,9.0,2.5268307e-09
41,114,10.0,9.917868e-08
41,114,11.0,1.902227e-09
41,114,12.0,2.961726e-09
41,114,13.0,9.1115365e-11
41,114,14.0,2.6191649e-09
41,115,0.0,4.873399e-12
41,115,1.0,1.973125e-09
41,115,2.0,3.3830507e-13
41,115,3.0,4.1389723e-09
41,115,4.0,2.7801018e-08
41,115,5.0,7.9173546e-08
41,115,6.0,5.0750554e-08
41,115,7.0,1.3971555e-08
41,115,8.0,1.4883766e-10
41,115,9.0,5.7221798e-15
41,115,10.0,1.3527231e-13
41,115,11.0,1.4739888e-09
41,115,12.0,5.7487178e-08
41,115,13.0,3.7752663e-08
41,115,14.0,2.5934465e-08
42,92,0.0,6.004551e-08
42,92,1.0,3.3755485e-10
42,92,2.0,4.3159157e-10
42,92,3.0,9.784782e-11
42,92,4.0,6.101377e-10
42,92,5.0,6.278963e-09
42,92,6.0,7.021664e-08
42,92,7.0,4.204256e-08
42,92,8.0,4.05503e-08
42,92,9.0,4.077663e-08
42,92,10.0,1.3395492e-08
42,92,11.0,2.8843334e-09
42,92,12.0,6.6932576e-10
42,92,13.0,1.6126238e-09
42,92,14.0,1.1354787e-09
42,93,0.0,4.580312e-11
42,93,1.0,3.1927678e-13
42,93,2.0,1.0845278e-09
42,93,3.0,2.7181205e-10
42,93,4.0,5.650682e-09
42,93,5.0,2.2449818e-08
42,93,6.0,4.323652e-10
42,93,7.0,6.6654877e-09
42,93,8.0,1.0416669e-11
42,93,9.0,4.6409938e-12
42,93,10.0,2.1055025e-13
42,93,11.0,1.3546768e-10
42,93,12.0,4.1854983e-12
42,93,13.0,9.730402e-10
42,93,14.0,3.547801e-09
42,94,0.0,4.3386724e-13
42,94,1.0,7.066656e-10
42,94,2.0,3.2936693e-08
42,94,3.0,1.1718676e-09
42,94,4.0,5.8013e-12
42,94,5.0,2.4231572e-09
42,94,6.0,8.509785e-10
42,94,7.0,5.2264606e-09
42,94,8.0,1.7197177e-08
42,94,9.0,1.4691572e-08
42,94,10.0,1.4912425e-08
42,94,11.0,1.39141845e-08
42,94,12.0,6.5379646e-10
42,94,13.0,3.1091172e-08
42,94,14.0,1.188185e-08
42,95,0.0,9.991747e-13
42,95,1.0,2.9787936e-11
42,95,2.0,3.924341e-09
42,95,3.0,2.3691429e-09
42,95,4.0,4.711048e-10
42,95,5.0,6.8505465e-11
42,95,6.0,1.1470524e-13
42,95,7.0,0.0
42,95,8.0,0.0
42,95,9.0,0.0
42,95,10.0,0.0
42,95,11.0,3.6671666e-10
42,95,12.0,2.6956149e-16
42,95,13.0,6.184341e-14
42,95,14.0,9.161298e-09
42,96,0.0,1.3498146e-08
42,96,1.0,2.9763476e-09
42,96,2.0,1.2549344e-10
42,96,3.0,3.36562e-11
42,96,4.0,2.3884554e-13
42,96,5.0,3.543487e-16
42,96,6.0,3.2117083e-16
42,96,7.0,4.756479e-15
42,96,8.0,3.9039125e-10
42,96,9.0,1.1047637e-09
42,96,10.0,1.2307944e-08
42,96,11.0,7.318778e-09
42,96,12.0,9.1572624e-11
42,96,13.0,3.1621774e-09
42,96,14.0,3.4716797e-06
42,97,0.0,1.5999466e-06
42,97,1.0,3.292144e-06
42,97,2.0,6.2510276e-06
42,97,3.0,4.1136896e-06
42,97,4.0,4.676239e-06
42,97,5.0,5.8765977e-06
42,97,6.0,9.023138e-06
42,97,7.0,1.431282e-05
42,97,8.0,4.4451285e-06
42,97,9.0,9.858559e-06
42,97,10.0,1.617916e-05
42,97,11.0,2.4959209e-05
42,97,12.0,2.6107651e-05
42,97,13.0,5.3887597e-05
42,97,14.0,5.608866e-05
42,98,0.0,1.39328e-05
42,98,1.0,2.8196058e-05
42,98,2.0,3.4976e-05
42,98,3.0,4.139611e-05
42,98,4.0,5.557617e-05
42,98,5.0,6.1077575e-05
42,98,6.0,0.00010673808
42,98,7.0,0.00010759063
42,98,8.0,0.00010978621
42,98,9.0,0.00011820958
42,98,10.0,0.00026412198
42,98,11.0,0.00016003851
42,98,12.0,0.00027084045
42,98,13.0,0.00023277749
42,98,14.0,0.00058562483
42,99,0.0,0.0020418977
42,99,1.0,0.0021758885
42,99,2.0,0.0018955359
42,99,3.0,0.0023745925
42,99,4.0,0.0018195697
42,99,5.0,0.0015790731
42,99,6.0,0.001374843
42,99,7.0,0.0013837159
42,99,8.0,0.0017311816
42,99,9.0,0.0021909557
42,99,10.0,0.0021773332
42,99,11.0,0.0041809743
42,99,12.0,0.0042914543
42,99,13.0,0.0041329376
42,99,14.0,0.0052639083
42,100,0.0,0.00957228
42,100,1.0,0.008980735
42,100,2.0,0.008631873
42,100,3.0,0.010796673
42,100,4.0,0.013757379
42,100,5.0,0.015233067
42,100,6.0,0.020213526
42,100,7.0,0.012668192
42,100,8.0,0.015662841
42,100,9.0,0.009480212
42,100,10.0,0.025582464
42,100,11.0,0.022089237
42,100,12.0,0.01706727
42,100,13.0,0.020731503
42,100,14.0,0.021032713
42,101,0.0,0.051438734
42,101,1.0,0.045015465
42,101,2.0,0.061462626
42,101,3.0,0.054073725
42,101,4.0,0.09093802
42,101,5.0,0.11845971
42,101,6.0,0.10923537
42,101,7.0,0.0684254
42,101,8.0,0.084688604
42,101,9.0,0.074859336
42,101,10.0,0.110925294
42,101,11.0,0.087454766
42,101,12.0,0.061132863
42,101,13.0,0.08100741
42,101,14.0,0.043898687
42,102,0.0,0.10018721
42,102,1.0,0.1032377
42,102,2.0,0.08817272
42,102,3.0,0.073661305
42,102,4.0,0.088964716
42,102,5.0,0.10361846
42,102,6.0,0.09058554
42,102,7.0,0.10041861
42,102,8.0,0.114752315
42,102,9.0,0.11097508
42,102,10.0,0.117295146
42,102,11.0,0.111065686
42,102,12.0,0.10389982
42,102,13.0,0.11522344
42,102,14.0,0.11603704
42,103,0.0,0.15486695
42,103,1.0,0.13390471
42,103,2.0,0.15500979
42,103,3.0,0.16599254
42,103,4.0,0.14300096
42,103,5.0,0.13579799
42,103,6.0,0.15178871
42,103,7.0,0.18364178
42,103,8.0,0.13024798
42,103,9.0,0.115325026
42,103,10.0,0.12634915
42,103,11.0,0.17753042
42,103,12.0,0.1359084
42,103,13.0,0.1401219
42,103,14.0,0.13522083
42,104,0.0,0.14404102
42,104,1.0,0.12623142
42,104,2.0,0.1316782
42,104,3.0,0.14623564
42,104,4.0,0.14883961
42,104,5.0,0.15837099
42,104,6.0,0.15774852
42,104,7.0,0.1544823
42,104,8.0,0.18518022
42,104,9.0,0.2158299
42,104,10.0,0.20670222
42,104,11.0,0.20911805
42,104,12.0,0.20202185
42,104,13.0,0.18353717
42,104,14.0,0.19285823
42,105,0.0,0.10825074
42,105,1.0,0.10660841
42,105,2.0,0.12361849
42,105,3.0,0.1167898
42,105,4.0,0.107207425
42,105,5.0,0.109592
42,105,6.0,0.10121541
42,105,7.0,0.11222919
42,105,8.0,0.1254664
42,105,9.0,0.12367974
42,105,10.0,0.114750676
42,105,11.0,0.13479936
42,105,12.0,0.14788595
42,105,13.0,0.13798702
42,105,14.0,0.14846882
42,106,0.0,0.053658973
42,106,1.0,0.051754884
42,106,2.0,0.05080078
42,106,3.0,0.06182723
42,106,4.0,0.07626084
42,106,5.0,0.080490544
42,106,6.0,0.081425756
42,106,7.0,0.08074699
42,106,8.0,0.08086491
42,106,9.0,0.08164353
42,106,10.0,0.08108427
42,106,11.0,0.087628104
42,106,12.0,0.08537294
42,106,13.0,0.0864323
42,106,14.0,0.0843225
42,107,0.0,0.020282555
42,107,1.0,0.02250323
42,107,2.0,0.02041447
42,107,3.0,0.023874596
42,107,4.0,0.021396473
42,107,5.0,0.022953635
42,107,6.0,0.023882953
42,107,7.0,0.029614123
42,107,8.0,0.027171303
42,107,9.0,0.027571836
42,107,10.0,0.046206363
42,107,11.0,0.041424185
42,107,12.0,0.051235527
42,107,13.0,0.04690744
42,107,14.0,0.045886237
42,108,0.0,0.0036838138
42,108,1.0,0.007446114
42,108,2.0,0.008225142
42,108,3.0,0.007932725
42,108,4.0,0.009425739
42,108,5.0,0.012063622
42,108,6.0,0.013956622
42,108,7.0,0.01780501
42,108,8.0,0.020922197
42,108,9.0,0.025647756
42,108,10.0,0.025018103
42,108,11.0,0.01991062
42,108,12.0,0.020241229
42,108,13.0,0.021426944
42,108,14.0,0.023574546
42,109,0.0,0.0009890534
42,109,1.0,0.0050208587
42,109,2.0,0.0026132218
42,109,3.0,0.0021758333
42,109,4.0,0.003586954
42,109,5.0,0.004131047
42,109,6.0,0.006158834
42,109,7.0,0.0046538766
42,109,8.0,0.0051122494
42,109,9.0,0.005557423
42,109,10.0,0.004169585
42,109,11.0,0.0040380666
42,109,12.0,0.0065387986
42,109,13.0,0.010871666
42,109,14.0,0.008731957
42,110,0.0,0.00040167445
42,110,1.0,0.00022781058
42,110,2.0,0.00010307965
42,110,3.0,0.00027001594
42,110,4.0,0.00025159877
42,110,5.0,0.0004682097
42,110,6.0,0.00074658985
42,110,7.0,0.0010859024
42,110,8.0,0.0011219173
42,110,9.0,0.0015450198
42,110,10.0,0.0015026894
42,110,11.0,0.0011821528
42,110,12.0,0.0017769733
42,110,13.0,0.002314435
42,110,14.0,0.0024841211
42,111,0.0,1.03178945e-05
42,111,1.0,6.859976e-05
42,111,2.0,0.00013441964
42,111,3.0,0.00012846003
42,111,4.0,0.00013854116
42,111,5.0,0.0002656383
42,111,6.0,0.000100923105
42,111,7.0,0.0002845461
42,111,8.0,0.00019079752
42,111,9.0,0.00021021003
42,111,10.0,0.00020778159
42,111,11.0,0.00042806452
42,111,12.0,0.00077150867
42,111,13.0,0.0009031067
42,111,14.0,0.00066606794
42,112,0.0,8.219855e-08
42,112,1.0,2.3190088e-09
42,112,2.0,1.5959702e-05
42,112,3.0,1.564012e-05
42,112,4.0,1.40227585e-05
42,112,5.0,6.488597e-05
42,112,6.0,1.4431269e-05
42,112,7.0,8.186433e-06
42,112,8.0,1.4454763e-05
42,112,9.0,2.6564801e-05
42,112,10.0,3.4561628e-05
42,112,11.0,0.000102314676
42,112,12.0,8.922619e-05
42,112,13.0,4.319059e-05
42,112,14.0,7.7139055e-05
42,113,0.0,6.331861e-08
42,113,1.0,5.224457e-07
42,113,2.0,2.8947125e-07
42,113,3.0,9.468184e-07
42,113,4.0,1.1104605e-07
42,113,5.0,2.3698444e-08
42,113,6.0,6.505874e-08
42,113,7.0,3.076686e-07
42,113,8.0,7.751982e-08
42,113,9.0,3.478942e-07
42,113,10.0,2.4948574e-06
42,113,11.0,3.8923213e-06
42,113,12.0,3.159843e-06
42,113,13.0,3.9947477e-06
42,113,14.0,8.386368e-06
42,114,0.0,1.496178e-09
42,114,1.0,9.303064e-12
42,114,2.0,1.0761595e-08
42,114,3.0,1.478393e-10
42,114,4.0,1.6678929e-10
42,114,5.0,1.8968048e-10
42,114,6.0,3.2600693e-09
42,114,7.0,7.257891e-11
42,114,8.0,1.6226444e-10
42,114,9.0,1.3749692e-10
42,114,10.0,8.813598e-09
42,114,11.0,8.445924e-09
42,114,12.0,6.164268e-10
42,114,13.0,1.1475142e-09
42,114,14.0,1.095587e-07
42,115,0.0,2.2890805e-10
42,115,1.0,2.238887e-08
42,115,2.0,1.6857737e-09
42,115,3.0,1.4800974e-10
42,115,4.0,8.008328e-10
42,115,5.0,2.4689892e-09
42,115,6.0,2.0885895e-09
42,115,7.0,4.416644e-10
42,115,8.0,3.1051073e-10
42,115,9.0,1.3880301e-10
42,115,10.0,4.666109e-11
42,115,11.0,5.5552438e-11
42,115,12.0,9.2303765e-10
42,115,13.0,1.9759715e-10
42,115,14.0,1.3727726e-08
42,116,0.0,5.5897953e-11
42,116,1.0,7.302405e-19
42,116,2.0,1.8403658e-14
42,116,3.0,2.9661357e-11
42,116,4.0,2.9796388e-10
42,116,5.0,5.516852e-10
42,116,6.0,4.7314834e-12
42,116,7.0,2.8793936e-11
42,116,8.0,7.5897644e-10
42,116,9.0,1.1834957e-09
42,116,10.0,1.0128305e-11
42,116,11.0,1.6527178e-12
42,116,12.0,1.3648892e-11
42,116,13.0,7.672487e-12
42,116,14.0,3.450858e-10
42,117,0.0,2.6629742e-16
42,117,1.0,1.07163935e-07
42,117,2.0,2.8039089e-09
42,117,3.0,1.7088947e-09
42,117,4.0,3.0849434e-09
42,117,5.0,7.1799446e-09
42,117,6.0,9.620195e-09
42,117,7.0,4.274751e-09
42,117,8.0,1.757185e-08
42,117,9.0,5.7092846e-09
42,117,10.0,5.1788023e-09
42,117,11.0,1.0512197e-08
42,117,12.0,4.5280295e-09
42,117,13.0,3.4981034e-09
42,117,14.0,4.281836e-09
43,95,0.0,1.5134638e-08
43,95,1.0,4.650668e-08
43,95,2.0,2.9815755e-08
43,95,3.0,8.747895e-10
43,95,4.0,4.004649e-08
43,95,5.0,2.0693246e-07
43,95,6.0,4.445614e-08
43,95,7.0,1.9183089e-08
43,95,8.0,3.21343e-08
43,95,9.0,3.0091464e-08
43,95,10.0,1.7605943e-08
43,95,11.0,6.53135e-10
43,95,12.0,1.9425097e-09
43,95,13.0,2.1608981e-09
43,95,14.0,1.3148314e-09
43,96,0.0,1.36190845e-08
43,96,1.0,2.1311267e-08
43,96,2.0,2.6263224e-08
43,96,3.0,3.6379633e-10
43,96,4.0,1.1737745e-08
43,96,5.0,1.2887916e-08
43,96,6.0,9.56938e-09
43,96,7.0,1.1008025e-08
43,96,8.0,6.319536e-08
43,96,9.0,2.3004883e-07
43,96,10.0,1.1985882e-06
43,96,11.0,3.5462e-08
43,96,12.0,5.5545268e-08
43,96,13.0,5.045242e-09
43,96,14.0,2.89072e-09
43,97,0.0,1.6491993e-09
43,97,1.0,3.813287e-09
43,97,2.0,9.447454e-13
43,97,3.0,3.5755258e-07
43,97,4.0,1.2579221e-06
43,97,5.0,1.1843941e-06
43,97,6.0,2.6347323e-07
43,97,7.0,5.853392e-08
43,97,8.0,5.6989626e-07
43,97,9.0,9.886123e-08
43,97,10.0,1.3731992e-08
43,97,11.0,1.2819775e-07
43,97,12.0,7.7567285e-07
43,97,13.0,1.323219e-07
43,97,14.0,3.0259052e-08
43,98,0.0,1.6344848e-09
43,98,1.0,2.000653e-08
43,98,2.0,9.17008e-08
43,98,3.0,3.4836666e-14
43,98,4.0,2.4428513e-09
43,98,5.0,7.2246616e-17
43,98,6.0,2.1922861e-07
43,98,7.0,1.1293856e-06
43,98,8.0,3.623939e-06
43,98,9.0,9.078437e-08
43,98,10.0,8.1759474e-11
43,98,11.0,2.2343194e-09
43,98,12.0,4.6221533e-09
43,98,13.0,8.976889e-07
43,98,14.0,9.687874e-07
43,99,0.0,8.657543e-08
43,99,1.0,3.8234243e-06
43,99,2.0,4.3913824e-09
43,99,3.0,5.951138e-11
43,99,4.0,2.3543956e-09
43,99,5.0,1.0175778e-09
43,99,6.0,1.2521579e-07
43,99,7.0,1.9573386e-06
43,99,8.0,2.0878557e-05
43,99,9.0,2.783091e-06
43,99,10.0,8.1511736e-08
43,99,11.0,2.8303268e-06
43,99,12.0,4.832257e-05
43,99,13.0,8.7797045e-05
43,99,14.0,8.548626e-05
43,100,0.0,2.1251465e-06
43,100,1.0,0.00014850515
43,100,2.0,6.00754e-05
43,100,3.0,0.00010333517
43,100,4.0,6.5691536e-05
43,100,5.0,1.6255759e-05
43,100,6.0,2.1563832e-05
43,100,7.0,8.3657265e-05
43,100,8.0,0.00012649871
43,100,9.0,0.00013918879
43,100,10.0,9.543032e-05
43,100,11.0,0.00024902445
43,100,12.0,0.00031774075
43,100,13.0,0.0003218407
43,100,14.0,0.000208297
43,101,0.0,0.0008160342
43,101,1.0,0.0003463372
43,101,2.0,0.00092548854
43,101,3.0,0.0006088727
43,101,4.0,0.00096653413
43,101,5.0,0.00071201235
43,101,6.0,0.001013342
43,101,7.0,0.0018329695
43,101,8.0,0.0016192371
43,101,9.0,0.0023601619
43,101,10.0,0.0040637003
43,101,11.0,0.0029147493
43,101,12.0,0.0032236702
43,101,13.0,0.0027388285
43,101,14.0,0.002372057
43,102,0.0,0.0017736012
43,102,1.0,0.0010837745
43,102,2.0,0.0030382718
43,102,3.0,0.0034716495
43,102,4.0,0.0046603507
43,102,5.0,0.0039835577
43,102,6.0,0.0045401384
43,102,7.0,0.005927241
43,102,8.0,0.01036167
43,102,9.0,0.0067257327
43,102,10.0,0.009021368
43,102,11.0,0.006072012
43,102,12.0,0.012594943
43,102,13.0,0.007306813
43,102,14.0,0.0056999405
43,103,0.0,0.012001018
43,103,1.0,0.012851163
43,103,2.0,0.010622683
43,103,3.0,0.016828736
43,103,4.0,0.015703358
43,103,5.0,0.018177303
43,103,6.0,0.009189249
43,103,7.0,0.014738536
43,103,8.0,0.02085739
43,103,9.0,0.029895945
43,103,10.0,0.028462738
43,103,11.0,0.020980474
43,103,12.0,0.022131491
43,103,13.0,0.023345556
43,103,14.0,0.0153304795
43,104,0.0,0.012744358
43,104,1.0,0.015327709
43,104,2.0,0.016114816
43,104,3.0,0.013307775
43,104,4.0,0.022813661
43,104,5.0,0.025623206
43,104,6.0,0.031978484
43,104,7.0,0.029749312
43,104,8.0,0.024995519
43,104,9.0,0.042295687
43,104,10.0,0.0448049
43,104,11.0,0.051434875
43,104,12.0,0.0346917
43,104,13.0,0.026949283
43,104,14.0,0.042781323
43,105,0.0,0.009075491
43,105,1.0,0.022167433
43,105,2.0,0.05250708
43,105,3.0,0.04204727
43,105,4.0,0.048572157
43,105,5.0,0.05231566
43,105,6.0,0.055108298
43,105,7.0,0.064510465
43,105,8.0,0.061618697
43,105,9.0,0.06900737
43,105,10.0,0.044693734
43,105,11.0,0.06317894
43,105,12.0,0.06770743
43,105,13.0,0.07659072
43,105,14.0,0.060476277
43,106,0.0,0.008358176
43,106,1.0,0.01189575
43,106,2.0,0.023963414
43,106,3.0,0.02665717
43,106,4.0,0.02876943
43,106,5.0,0.03929392
43,106,6.0,0.04213518
43,106,7.0,0.04680392
43,106,8.0,0.04635204
43,106,9.0,0.04117582
43,106,10.0,0.039262872
43,106,11.0,0.06256483
43,106,12.0,0.07401793
43,106,13.0,0.062207364
43,106,14.0,0.06458936
43,107,0.0,0.005318279
43,107,1.0,0.019938597
43,107,2.0,0.023777416
43,107,3.0,0.025751783
43,107,4.0,0.030161923
43,107,5.0,0.03612448
43,107,6.0,0.04223042
43,107,7.0,0.049180828
43,107,8.0,0.05251773
43,107,9.0,0.05658675
43,107,10.0,0.06077218
43,107,11.0,0.064659454
43,107,12.0,0.09109226
43,107,13.0,0.088535875
43,107,14.0,0.08763287
43,108,0.0,0.0033787577
43,108,1.0,0.011566737
43,108,2.0,0.016214356
43,108,3.0,0.014608721
43,108,4.0,0.022170492
43,108,5.0,0.022986768
43,108,6.0,0.03006887
43,108,7.0,0.03872399
43,108,8.0,0.045741025
43,108,9.0,0.047469053
43,108,10.0,0.04370235
43,108,11.0,0.055997923
43,108,12.0,0.07946323
43,108,13.0,0.10150952
43,108,14.0,0.076016426
43,109,0.0,0.0013961688
43,109,1.0,0.0034918624
43,109,2.0,0.009884982
43,109,3.0,0.015042119
43,109,4.0,0.020561622
43,109,5.0,0.026890963
43,109,6.0,0.034036648
43,109,7.0,0.037338447
43,109,8.0,0.043159835
43,109,9.0,0.061005156
43,109,10.0,0.06358552
43,109,11.0,0.065506
43,109,12.0,0.08321294
43,109,13.0,0.088070594
43,109,14.0,0.09236731
43,110,0.0,0.0021881072
43,110,1.0,0.0022666105
43,110,2.0,0.007143345
43,110,3.0,0.010519179
43,110,4.0,0.009192817
43,110,5.0,0.011449409
43,110,6.0,0.018298496
43,110,7.0,0.017617537
43,110,8.0,0.02090204
43,110,9.0,0.025177428
43,110,10.0,0.030961288
43,110,11.0,0.035484347
43,110,12.0,0.06635957
43,110,13.0,0.06334667
43,110,14.0,0.053566292
43,111,0.0,0.00041880048
43,111,1.0,0.00076713366
43,111,2.0,0.001972842
43,111,3.0,0.0040622344
43,111,4.0,0.0041617323
43,111,5.0,0.0050552767
43,111,6.0,0.006495667
43,111,7.0,0.0079079615
43,111,8.0,0.008634847
43,111,9.0,0.009731074
43,111,10.0,0.014145755
43,111,11.0,0.022012733
43,111,12.0,0.034666877
43,111,13.0,0.038564716
43,111,14.0,0.04017052
43,112,0.0,0.00010174286
43,112,1.0,0.00043199366
43,112,2.0,0.00042878944
43,112,3.0,0.0010355458
43,112,4.0,0.002380533
43,112,5.0,0.0026804318
43,112,6.0,0.0023065845
43,112,7.0,0.003057624
43,112,8.0,0.0041935053
43,112,9.0,0.0046257293
43,112,10.0,0.005482199
43,112,11.0,0.009538607
43,112,12.0,0.013242068
43,112,13.0,0.013268826
43,112,14.0,0.011216237
43,113,0.0,1.2249604e-05
43,113,1.0,0.0001115345
43,113,2.0,4.841882e-05
43,113,3.0,3.61489e-05
43,113,4.0,0.0004126135
43,113,5.0,0.0005428557
43,113,6.0,0.00051707524
43,113,7.0,0.0007798095
43,113,8.0,0.0014147733
43,113,9.0,0.0020566494
43,113,10.0,0.0027787134
43,113,11.0,0.003213046
43,113,12.0,0.0030430127
43,113,13.0,0.0036268153
43,113,14.0,0.0025609839
43,114,0.0,1.7595238e-06
43,114,1.0,9.950918e-07
43,114,2.0,7.903517e-06
43,114,3.0,2.2419066e-05
43,114,4.0,7.7970144e-05
43,114,5.0,6.7655696e-05
43,114,6.0,3.1988016e-05
43,114,7.0,6.778066e-05
43,114,8.0,0.00014618771
43,114,9.0,0.00010769943
43,114,10.0,0.00015924676
43,114,11.0,0.00013813542
43,114,12.0,0.00026742305
43,114,13.0,0.00017983066
43,114,14.0,0.00051495165
43,115,0.0,3.5405058e-12
43,115,1.0,8.812167e-07
43,115,2.0,5.908542e-06
43,115,3.0,1.9695512e-06
43,115,4.0,1.2393328e-07
43,115,5.0,6.4291766e-07
43,115,6.0,2.506615e-07
43,115,7.0,1.529078e-06
43,115,8.0,2.129666e-06
43,115,9.0,2.8853678e-05
43,115,10.0,2.9104836e-05
43,115,11.0,2.414583e-05
43,115,12.0,7.043912e-05
43,115,13.0,3.0895066e-05
43,115,14.0,4.7323396e-05
43,116,0.0,1.6756494e-09
43,116,1.0,7.3035196e-08
43,116,2.0,1.2953067e-12
43,116,3.0,0.0
43,116,4.0,0.0
43,116,5.0,0.0
43,116,6.0,1.2696629e-08
43,116,7.0,9.593437e-07
43,116,8.0,2.605109e-07
43,116,9.0,1.1280248e-06
43,116,10.0,9.782101e-07
43,116,11.0,3.8728916e-07
43,116,12.0,7.1485824e-06
43,116,13.0,7.001503e-07
43,116,14.0,1.1624161e-05
43,117,0.0,1.8709603e-13
43,117,1.0,2.675994e-10
43,117,2.0,2.994302e-08
43,117,3.0,4.7997435e-13
43,117,4.0,0.0
43,117,5.0,3.4481033e-12
43,117,6.0,8.712446e-10
43,117,7.0,5.492646e-09
43,117,8.0,5.4080456e-09
43,117,9.0,4.818073e-09
43,117,10.0,1.6026086e-09
43,117,11.0,7.664819e-11
43,117,12.0,4.4236796e-08
43,117,13.0,1.618254e-09
43,117,14.0,2.8891853e-09
43,118,0.0,7.5103655e-13
43,118,1.0,2.043042e-10
43,118,2.0,8.333277e-12
43,118,3.0,4.8467724e-10
43,118,4.0,1.1877221e-10
43,118,5.0,2.5587032e-10
43,118,6.0,4.4672316e-10
43,118,7.0,9.096271e-10
43,118,8.0,1.7694917e-09
43,118,9.0,6.984667e-11
43,118,10.0,1.9026314e-11
43,118,11.0,1.2731966e-08
43,118,12.0,4.8604922e-11
43,118,13.0,2.721016e-11
43,118,14.0,1.0582673e-08
43,119,0.0,3.172241e-12
43,119,1.0,3.6127842e-10
43,119,2.0,4.179859e-10
43,119,3.0,8.164184e-10
43,119,4.0,5.3400266e-09
43,119,5.0,8.708872e-09
43,119,6.0,1.9753381e-08
43,119,7.0,3.5616054e-08
43,119,8.0,5.1013977e-08
43,119,9.0,6.1707695e-08
43,119,10.0,7.4404966e-08
43,119,11.0,1.1732713e-08
43,119,12.0,2.130175e-09
43,119,13.0,2.4205535e-09
43,119,14.0,2.4071024e-08
43,120,0.0,6.8482087e-10
43,120,1.0,4.870403e-14
43,120,2.0,6.9050846e-12
43,120,3.0,6.5223817e-09
43,120,4.0,1.7362039e-08
43,120,5.0,8.5081195e-09
43,120,6.0,1.1334364e-08
43,120,7.0,1.7356806e-08
43,120,8.0,3.3162813e-08
43,120,9.0,3.3915033e-08
43,120,10.0,4.1989757e-08
43,120,11.0,1.7344407e-08
43,120,12.0,2.5808322e-09
43,120,13.0,3.951922e-09
43,120,14.0,1.6791531e-09
44,98,0.0,8.780727e-09
44,98,1.0,1.7141726e-09
44,98,2.0,1.0564812e-09
44,98,3.0,1.3382104e-09
44,98,4.0,1.3545359e-09
44,98,5.0,2.9918656e-09
44,98,6.0,1.4325424e-09
44,98,7.0,7.232261e-09
44,98,8.0,3.3364715e-09
44,98,9.0,2.0099555e-09
44,98,10.0,2.774106e-09
44,98,11.0,5.7000804e-09
44,98,12.0,1.3599161e-09
44,98,13.0,5.5789057e-10
44,98,14.0,3.097133e-10
44,99,0.0,4.1646991e-10
44,99,1.0,1.8978065e-10
44,99,2.0,3.6376996e-08
44,99,3.0,5.085103e-08
44,99,4.0,8.1061095e-12
44,99,5.0,1.3948896e-10
44,99,6.0,1.1281281e-09
44,99,7.0,7.121838e-10
44,99,8.0,3.1697116e-09
44,99,9.0,6.1418814e-10
44,99,10.0,1.409354e-09
44,99,11.0,2.1870557e-08
44,99,12.0,5.2303166e-09
44,99,13.0,4.8471865e-08
44,99,14.0,2.5670366e-10
44,100,0.0,8.403606e-08
44,100,1.0,4.175113e-15
44,100,2.0,5.4536153e-16
44,100,3.0,0.0
44,100,4.0,0.0
44,100,5.0,0.0
44,100,6.0,1.1244053e-12
44,100,7.0,5.032466e-12
44,100,8.0,5.2352105e-09
44,100,9.0,1.1715594e-18
44,100,10.0,0.0
44,100,11.0,0.0
44,100,12.0,0.0
44,100,13.0,1.310503e-11
44,100,14.0,2.7689767e-08
44,101,0.0,4.960506e-07
44,101,1.0,1.1841672e-06
44,101,2.0,7.714191e-10
44,101,3.0,7.3508074e-14
44,101,4.0,0.0
44,101,5.0,3.592224e-13
44,101,6.0,2.530907e-09
44,101,7.0,3.544024e-10
44,101,8.0,9.463974e-08
44,101,9.0,4.5667075e-09
44,101,10.0,1.93518e-06
44,101,11.0,6.087511e-07
44,101,12.0,2.658066e-10
44,101,13.0,4.568137e-10
44,101,14.0,4.4309663e-06
44,102,0.0,1.5988692e-06
44,102,1.0,8.394419e-06
44,102,2.0,3.2772725e-08
44,102,3.0,4.3026418e-07
44,102,4.0,1.4193718e-08
44,102,5.0,8.7606537e-07
44,102,6.0,1.6162046e-05
44,102,7.0,3.7975427e-05
44,102,8.0,8.716179e-05
44,102,9.0,8.595772e-05
44,102,10.0,9.682417e-05
44,102,11.0,0.00010801135
44,102,12.0,2.2366457e-05
44,102,13.0,3.6471647e-05
44,102,14.0,0.00010996307
44,103,0.0,3.942485e-05
44,103,1.0,7.0828432e-06
44,103,2.0,1.3522877e-05
44,103,3.0,9.26869e-05
44,103,4.0,7.7312114e-05
44,103,5.0,9.83604e-05
44,103,6.0,6.23334e-05
44,103,7.0,9.466392e-05
44,103,8.0,0.00012909295
44,103,9.0,0.00017788947
44,103,10.0,5.7716305e-05
44,103,11.0,0.00023054806
44,103,12.0,0.00028202968
44,103,13.0,0.00025510674
44,103,14.0,9.849431e-05
44,104,0.0,0.00013714665
44,104,1.0,0.00034315765
44,104,2.0,0.00034375885
44,104,3.0,0.00033764268
44,104,4.0,0.0003816205
44,104,5.0,0.0007020505
44,104,6.0,0.00054438936
44,104,7.0,0.00051795266
44,104,8.0,0.0007118651
44,104,9.0,0.00082544924
44,104,10.0,0.00048829854
44,104,11.0,0.00096400036
44,104,12.0,0.0005734367
44,104,13.0,0.0010124198
44,104,14.0,0.001279704
44,105,0.0,0.0003475518
44,105,1.0,0.00030285833
44,105,2.0,0.0005418404
44,105,3.0,0.0006570569
44,105,4.0,0.00068679464
44,105,5.0,0.0006377067
44,105,6.0,0.0010491515
44,105,7.0,0.00092507235
44,105,8.0,0.0012781125
44,105,9.0,0.0010853831
44,105,10.0,0.0018451671
44,105,11.0,0.0016462638
44,105,12.0,0.0025872407
44,105,13.0,0.0026247879
44,105,14.0,0.0023564324
44,106,0.0,0.0002165893
44,106,1.0,0.0019667004
44,106,2.0,0.0026031395
44,106,3.0,0.0026524076
44,106,4.0,0.002601641
44,106,5.0,0.0034702062
44,106,6.0,0.0036163256
44,106,7.0,0.004675123
44,106,8.0,0.0048345807
44,106,9.0,0.007016579
44,106,10.0,0.008609871
44,106,11.0,0.009476655
44,106,12.0,0.008512396
44,106,13.0,0.008164359
44,106,14.0,0.010456285
44,107,0.0,0.0006886089
44,107,1.0,0.00065700716
44,107,2.0,0.0016132158
44,107,3.0,0.0019709233
44,107,4.0,0.0046795304
44,107,5.0,0.010259417
44,107,6.0,0.010630823
44,107,7.0,0.014808863
44,107,8.0,0.012007288
44,107,9.0,0.011136048
44,107,10.0,0.010807771
44,107,11.0,0.013101782
44,107,12.0,0.018368812
44,107,13.0,0.018327694
44,107,14.0,0.01617513
44,108,0.0,0.0015343534
44,108,1.0,0.0013256216
44,108,2.0,0.004829018
44,108,3.0,0.010464926
44,108,4.0,0.008825252
44,108,5.0,0.009162568
44,108,6.0,0.011132695
44,108,7.0,0.015852025
44,108,8.0,0.021186346
44,108,9.0,0.026418552
44,108,10.0,0.03269626
44,108,11.0,0.04005226
44,108,12.0,0.04324154
44,108,13.0,0.04590766
44,108,14.0,0.048204686
44,109,0.0,0.00088478695
44,109,1.0,0.0018117417
44,109,2.0,0.005131928
44,109,3.0,0.0077538923
44,109,4.0,0.011558905
44,109,5.0,0.013960117
44,109,6.0,0.014397542
44,109,7.0,0.019747328
44,109,8.0,0.02288206
44,109,9.0,0.026899254
44,109,10.0,0.035741456
44,109,11.0,0.036508743
44,109,12.0,0.049797088
44,109,13.0,0.045832854
44,109,14.0,0.049143318
44,110,0.0,0.0010276035
44,110,1.0,0.0049421145
44,110,2.0,0.01122995
44,110,3.0,0.017428908
44,110,4.0,0.015961837
44,110,5.0,0.018891772
44,110,6.0,0.021766981
44,110,7.0,0.027677732
44,110,8.0,0.03636791
44,110,9.0,0.04759699
44,110,10.0,0.056236137
44,110,11.0,0.062426236
44,110,12.0,0.065647006
44,110,13.0,0.077966705
44,110,14.0,0.084895454
44,111,0.0,0.0020535474
44,111,1.0,0.006009522
44,111,2.0,0.0077764336
44,111,3.0,0.020301756
44,111,4.0,0.022643857
44,111,5.0,0.022292634
44,111,6.0,0.026052853
44,111,7.0,0.03637616
44,111,8.0,0.049133375
44,111,9.0,0.07586744
44,111,10.0,0.091028556
44,111,11.0,0.08832585
44,111,12.0,0.08786482
44,111,13.0,0.06997582
44,111,14.0,0.08397995
44,112,0.0,0.0028158142
44,112,1.0,0.003053027
44,112,2.0,0.009042079
44,112,3.0,0.012333997
44,112,4.0,0.021841295
44,112,5.0,0.02170682
44,112,6.0,0.021306342
44,112,7.0,0.022245944
44,112,8.0,0.02260434
44,112,9.0,0.022723287
44,112,10.0,0.027523752
44,112,11.0,0.030650027
44,112,12.0,0.045048967
44,112,13.0,0.062113576
44,112,14.0,0.07567838
44,113,0.0,0.0009497156
44,113,1.0,0.002516757
44,113,2.0,0.00556583
44,113,3.0,0.005098305
44,113,4.0,0.007147656
44,113,5.0,0.008392375
44,113,6.0,0.009083667
44,113,7.0,0.010203862
44,113,8.0,0.0118199345
44,113,9.0,0.014648806
44,113,10.0,0.018618269
44,113,11.0,0.023244753
44,113,12.0,0.025498478
44,113,13.0,0.027424954
44,113,14.0,0.0320782
44,114,0.0,0.00015561005
44,114,1.0,0.00088420126
44,114,2.0,0.0014349752
44,114,3.0,0.0016056384
44,114,4.0,0.0011120818
44,114,5.0,0.0020576396
44,114,6.0,0.0023089407
44,114,7.0,0.0025945886
44,114,8.0,0.0029095665
44,114,9.0,0.0045777047
44,114,10.0,0.005664051
44,114,11.0,0.00645785
44,114,12.0,0.010983465
44,114,13.0,0.016670536
44,114,14.0,0.016229402
44,115,0.0,0.00020222353
44,115,1.0,0.0004922338
44,115,2.0,0.00049679325
44,115,3.0,0.00047523715
44,115,4.0,0.0006211825
44,115,5.0,0.00082652736
44,115,6.0,0.00076760264
44,115,7.0,0.00082972244
44,115,8.0,0.0013606681
44,115,9.0,0.002518851
44,115,10.0,0.0031376742
44,115,11.0,0.0027118935
44,115,12.0,0.0027345489
44,115,13.0,0.004360941
44,115,14.0,0.0043584784
44,116,0.0,1.1931128e-05
44,116,1.0,2.4790716e-06
44,116,2.0,1.604333e-05
44,116,3.0,4.906888e-05
44,116,4.0,6.605081e-05
44,116,5.0,7.534357e-05
44,116,6.0,8.1985425e-05
44,116,7.0,7.6241544e-05
44,116,8.0,0.00017262285
44,116,9.0,0.00032359886
44,116,10.0,0.00033401884
44,116,11.0,0.00032340403
44,116,12.0,0.00028893538
44,116,13.0,0.00023394654
44,116,14.0,0.0004548091
44,117,0.0,4.265884e-10
44,117,1.0,5.3082765e-08
44,117,2.0,5.704498e-06
44,117,3.0,3.1782747e-06
44,117,4.0,2.8794016e-06
44,117,5.0,6.9239973e-06
44,117,6.0,3.0170177e-05
44,117,7.0,8.167704e-06
44,117,8.0,1.3204636e-05
44,117,9.0,1.4546555e-05
44,117,10.0,2.2362827e-05
44,117,11.0,2.4595309e-05
44,117,12.0,1.9588719e-05
44,117,13.0,7.898595e-05
44,117,14.0,3.5180834e-05
44,118,0.0,0.0
44,118,1.0,2.0815782e-13
44,118,2.0,5.106709e-10
44,118,3.0,7.404618e-12
44,118,4.0,8.906849e-13
44,118,5.0,1.0047877e-12
44,118,6.0,2.762427e-20
44,118,7.0,2.0120925e-08
44,118,8.0,1.7628446e-09
44,118,9.0,5.032393e-10
44,118,10.0,8.2558787e-16
44,118,11.0,6.223264e-10
44,118,12.0,6.8707583e-12
44,118,13.0,1.3647697e-07
44,118,14.0,2.600021e-06
44,119,0.0,7.1006656e-10
44,119,1.0,4.0137701e-10
44,119,2.0,9.690274e-10
44,119,3.0,1.0129056e-09
44,119,4.0,1.3259297e-17
44,119,5.0,2.1995181e-12
44,119,6.0,2.0573796e-09
44,119,7.0,5.7526347e-07
44,119,8.0,1.0568842e-06
44,119,9.0,1.9603931e-07
44,119,10.0,4.731796e-09
44,119,11.0,3.655825e-08
44,119,12.0,6.888771e-09
44,119,13.0,2.1642774e-07
44,119,14.0,9.8687e-07
44,120,0.0,1.2236272e-10
44,120,1.0,6.279325e-10
44,120,2.0,1.6480904e-09
44,120,3.0,2.1783482e-09
44,120,4.0,7.2887765e-25
44,120,5.0,1.4349554e-21
44,120,6.0,1.38141285e-08
44,120,7.0,8.298224e-11
44,120,8.0,1.0259664e-08
44,120,9.0,3.3674294e-09
44,120,10.0,2.1966728e-09
44,120,11.0,1.4581402e-09
44,120,12.0,5.7203675e-10
44,120,13.0,9.628106e-10
44,120,14.0,1.2785399e-08
44,121,0.0,1.6177651e-09
44,121,1.0,4.4072315e-09
44,121,2.0,5.979887e-10
44,121,3.0,9.734444e-10
44,121,4.0,1.384314e-09
44,121,5.0,6.066704e-09
44,121,6.0,1.1338621e-08
44,121,7.0,6.631057e-10
44,121,8.0,4.279509e-09
44,121,9.0,3.088447e-10
44,121,10.0,6.023738e-11
44,121,11.0,2.7663996e-10
44,121,12.0,7.1561224e-09
44,121,13.0,7.1946893e-09
44,121,14.0,9.059686e-10
44,122,0.0,1.3554136e-14
44,122,1.0,1.6067073e-13
44,122,2.0,4.0348345e-12
44,122,3.0,1.0084426e-11
44,122,4.0,3.4327136e-10
44,122,5.0,2.3601016e-10
44,122,6.0,5.6835016e-11
44,122,7.0,3.6115267e-12
44,122,8.0,4.804167e-10
44,122,9.0,6.753469e-11
44,122,10.0,2.0505472e-11
44,122,11.0,1.6448247e-10
44,122,12.0,6.113818e-11
44,122,13.0,5.3380723e-11
44,122,14.0,2.7976807e-10
44,123,0.0,1.0387335e-09
44,123,1.0,1.8169716e-09
44,123,2.0,1.0540578e-09
44,123,3.0,3.475736e-10
44,123,4.0,1.0997508e-09
44,123,5.0,1.0746438e-08
44,123,6.0,1.2523956e-08
44,123,7.0,5.0144973e-09
44,123,8.0,3.3970522e-09
44,123,9.0,1.6678187e-09
44,123,10.0,2.2227258e-09
44,123,11.0,2.625862e-10
44,123,12.0,1.0822388e-10
44,123,13.0,1.6251571e-09
44,123,14.0,1.9226272e-08
44,124,0.0,5.1420734e-10
44,124,1.0,6.0359176e-11
44,124,2.0,7.485161e-11
44,124,3.0,5.159409e-10
44,124,4.0,1.8059053e-09
44,124,5.0,1.1321925e-09
44,124,6.0,8.071476e-10
44,124,7.0,5.040773e-10
44,124,8.0,4.704284e-10
44,124,9.0,3.3196734e-10
44,124,10.0,4.9297766e-10
44,124,11.0,5.0754867e-10
44,124,12.0,1.3162044e-09
44,124,13.0,2.9289615e-10
44,124,14.0,1.17810674e-11
45,100,0.0,3.584148e-11
45,100,1.0,5.389948e-09
45,100,2.0,4.1487715e-09
45,100,3.0,4.003333e-08
45,100,4.0,4.8974904e-09
45,100,5.0,4.3836515e-08
45,100,6.0,1.9396735e-07
45,100,7.0,3.7228407e-08
45,100,8.0,1.8524354e-09
45,100,9.0,2.7428174e-08
45,100,10.0,2.868443e-07
45,100,11.0,2.179809e-08
45,100,12.0,6.4415015e-11
45,100,13.0,3.595633e-19
45,100,14.0,1.5060539e-10
45,101,0.0,1.1191545e-18
45,101,1.0,3.026362e-09
45,101,2.0,2.0237851e-11
45,101,3.0,1.00651345e-11
45,101,4.0,2.427035e-12
45,101,5.0,4.3432036e-09
45,101,6.0,6.214433e-08
45,101,7.0,7.497759e-10
45,101,8.0,2.1443741e-08
45,101,9.0,9.744979e-08
45,101,10.0,1.786697e-13
45,101,11.0,7.171727e-09
45,101,12.0,1.836221e-10
45,101,13.0,6.52116e-11
45,101,14.0,1.1018503e-09
45,102,0.0,4.628877e-10
45,102,1.0,0.0
45,102,2.0,1.2102935e-10
45,102,3.0,4.433481e-09
45,102,4.0,1.7910969e-09
45,102,5.0,3.1328848e-09
45,102,6.0,1.5245197e-08
45,102,7.0,1.592233e-10
45,102,8.0,2.4921121e-08
45,102,9.0,9.783208e-07
45,102,10.0,2.165881e-06
45,102,11.0,4.9987657e-06
45,102,12.0,2.252285e-09
45,102,13.0,0.0
45,102,14.0,3.5007343e-08
45,103,0.0,2.1293879e-07
45,103,1.0,5.650505e-23
45,103,2.0,1.7396714e-07
45,103,3.0,1.737601e-08
45,103,4.0,9.616999e-10
45,103,5.0,2.278026e-08
45,103,6.0,3.9228418e-08
45,103,7.0,1.7529334e-08
45,103,8.0,7.526065e-09
45,103,9.0,8.179989e-14
45,103,10.0,1.8189686e-08
45,103,11.0,8.6481033e-10
45,103,12.0,7.721095e-14
45,103,13.0,0.0
45,103,14.0,9.91629e-09
45,104,0.0,7.5136094e-13
45,104,1.0,2.362286e-10
45,104,2.0,0.0
45,104,3.0,2.8873337e-15
45,104,4.0,1.77821e-11
45,104,5.0,4.3364756e-11
45,104,6.0,1.2661146e-11
45,104,7.0,4.218891e-11
45,104,8.0,5.4170422e-12
45,104,9.0,3.1714337e-10
45,104,10.0,1.5542741e-14
45,104,11.0,0.0
45,104,12.0,3.9662558e-11
45,104,13.0,1.1612643e-07
45,104,14.0,8.912452e-07
45,105,0.0,3.4393208e-09
45,105,1.0,6.331259e-10
45,105,2.0,4.2055817e-09
45,105,3.0,5.2054183e-09
45,105,4.0,5.2567054e-07
45,105,5.0,2.2484688e-08
45,105,6.0,3.778696e-08
45,105,7.0,2.2514321e-07
45,105,8.0,9.983208e-10
45,105,9.0,0.0
45,105,10.0,4.5317174e-20
45,105,11.0,5.4071535e-08
45,105,12.0,2.4953845e-06
45,105,13.0,2.5996228e-06
45,105,14.0,7.897272e-06
45,106,0.0,1.8567439e-10
45,106,1.0,9.8394966e-11
45,106,2.0,3.458681e-06
45,106,3.0,4.8427223e-06
45,106,4.0,3.8795133e-06
45,106,5.0,9.0567255e-06
45,106,6.0,2.0715066e-05
45,106,7.0,2.2269478e-05
45,106,8.0,1.288588e-05
45,106,9.0,6.4804353e-06
45,106,10.0,4.7323265e-06
45,106,11.0,1.9882962e-05
45,106,12.0,1.26993145e-05
45,106,13.0,0.00010262486
45,106,14.0,7.073817e-05
45,107,0.0,3.972887e-07
45,107,1.0,1.5541673e-07
45,107,2.0,6.377081e-06
45,107,3.0,1.9236846e-05
45,107,4.0,2.829067e-05
45,107,5.0,1.2247254e-05
45,107,6.0,6.977614e-05
45,107,7.0,0.000100883335
45,107,8.0,0.00013334621
45,107,9.0,7.7085846e-05
45,107,10.0,0.00017208324
45,107,11.0,0.00028979057
45,107,12.0,0.00042404965
45,107,13.0,0.00028447242
45,107,14.0,0.00021054209
45,108,0.0,1.6018164e-07
45,108,1.0,9.583432e-07
45,108,2.0,1.1752277e-05
45,108,3.0,4.5264533e-05
45,108,4.0,0.00013266856
45,108,5.0,0.00022252488
45,108,6.0,0.00013562721
45,108,7.0,0.00019121816
45,108,8.0,0.00022135729
45,108,9.0,0.00040755578
45,108,10.0,0.0004935959
45,108,11.0,0.00045919025
45,108,12.0,0.0008303639
45,108,13.0,0.0018266488
45,108,14.0,0.0013498559
45,109,0.0,4.490206e-05
45,109,1.0,0.00029919305
45,109,2.0,6.006963e-05
45,109,3.0,0.00024364515
45,109,4.0,0.002104353
45,109,5.0,0.0014680132
45,109,6.0,0.003118438
45,109,7.0,0.0038478447
45,109,8.0,0.003972367
45,109,9.0,0.0029602922
45,109,10.0,0.003950901
45,109,11.0,0.005922216
45,109,12.0,0.0072969873
45,109,13.0,0.0071485466
45,109,14.0,0.0058724526
45,110,0.0,0.00020012843
45,110,1.0,0.00022338473
45,110,2.0,0.0011468075
45,110,3.0,0.0014975469
45,110,4.0,0.0022246423
45,110,5.0,0.004840981
45,110,6.0,0.0042266794
45,110,7.0,0.002909307
45,110,8.0,0.0065098642
45,110,9.0,0.0047540297
45,110,10.0,0.004002931
45,110,11.0,0.010145537
45,110,12.0,0.01232871
45,110,13.0,0.010448481
45,110,14.0,0.013267192
45,111,0.0,0.00040708287
45,111,1.0,0.001210825
45,111,2.0,0.0015667451
45,111,3.0,0.00571621
45,111,4.0,0.0073795007
45,111,5.0,0.007367696
45,111,6.0,0.015496207
45,111,7.0,0.014286115
45,111,8.0,0.0140348775
45,111,9.0,0.016001437
45,111,10.0,0.026952302
45,111,11.0,0.02944664
45,111,12.0,0.031063436
45,111,13.0,0.045984864
45,111,14.0,0.044570263
45,112,0.0,0.0010561965
45,112,1.0,0.0021789123
45,112,2.0,0.0028546434
45,112,3.0,0.0069882507
45,112,4.0,0.012077084
45,112,5.0,0.017271511
45,112,6.0,0.021678675
45,112,7.0,0.016868511
45,112,8.0,0.0157255
45,112,9.0,0.024212297
45,112,10.0,0.025494648
45,112,11.0,0.036327377
45,112,12.0,0.0544716
45,112,13.0,0.049018625
45,112,14.0,0.049207762
45,113,0.0,0.002079782
45,113,1.0,0.0027924094
45,113,2.0,0.0053219628
45,113,3.0,0.011969797
45,113,4.0,0.016497387
45,113,5.0,0.025066873
45,113,6.0,0.030465208
45,113,7.0,0.03390099
45,113,8.0,0.03642504
45,113,9.0,0.037847936
45,113,10.0,0.031258225
45,113,11.0,0.047222693
45,113,12.0,0.087463535
45,113,13.0,0.056697577
45,113,14.0,0.06301621
45,114,0.0,0.00092263543
45,114,1.0,0.0022274393
45,114,2.0,0.007129076
45,114,3.0,0.015300306
45,114,4.0,0.019235652
45,114,5.0,0.014265342
45,114,6.0,0.0150917815
45,114,7.0,0.01810799
45,114,8.0,0.022832848
45,114,9.0,0.027360426
45,114,10.0,0.03472298
45,114,11.0,0.04224723
45,114,12.0,0.049195014
45,114,13.0,0.062973395
45,114,14.0,0.060594205
45,115,0.0,0.0008191424
45,115,1.0,0.002336586
45,115,2.0,0.004884596
45,115,3.0,0.010740371
45,115,4.0,0.013854233
45,115,5.0,0.01757246
45,115,6.0,0.020432131
45,115,7.0,0.021824434
45,115,8.0,0.024239395
45,115,9.0,0.02608418
45,115,10.0,0.034895655
45,115,11.0,0.03931813
45,115,12.0,0.046833754
45,115,13.0,0.05627138
45,115,14.0,0.055485513
45,116,0.0,0.00011485377
45,116,1.0,0.0007036452
45,116,2.0,0.0016371263
45,116,3.0,0.0024051473
45,116,4.0,0.004890215
45,116,5.0,0.006439516
45,116,6.0,0.0059876344
45,116,7.0,0.005488067
45,116,8.0,0.006847711
45,116,9.0,0.008801709
45,116,10.0,0.012669482
45,116,11.0,0.014842658
45,116,12.0,0.017322151
45,116,13.0,0.019992625
45,116,14.0,0.027839562
45,117,0.0,0.0002397876
45,117,1.0,0.00046678522
45,117,2.0,0.00053500966
45,117,3.0,0.0011913129
45,117,4.0,0.0020723182
45,117,5.0,0.003508097
45,117,6.0,0.0033586433
45,117,7.0,0.0034641046
45,117,8.0,0.005179964
45,117,9.0,0.007014274
45,117,10.0,0.00749793
45,117,11.0,0.011074215
45,117,12.0,0.015680054
45,117,13.0,0.02041162
45,117,14.0,0.015077062
45,118,0.0,5.973284e-06
45,118,1.0,5.0460032e-05
45,118,2.0,0.00022427067
45,118,3.0,0.00028932348
45,118,4.0,0.00048258007
45,118,5.0,0.000591725
45,118,6.0,0.0008776614
45,118,7.0,0.0012803092
45,118,8.0,0.0015894799
45,118,9.0,0.0023639603
45,118,10.0,0.0022198756
45,118,11.0,0.002869923
45,118,12.0,0.00433356
45,118,13.0,0.0049116598
45,118,14.0,0.0068112146
45,119,0.0,7.4020626e-08
45,119,1.0,1.7141596e-05
45,119,2.0,3.9149058e-05
45,119,3.0,0.0001286397
45,119,4.0,0.00015298287
45,119,5.0,0.00017947017
45,119,6.0,0.00015987732
45,119,7.0,0.000271963
45,119,8.0,0.0002571894
45,119,9.0,0.00016843503
45,119,10.0,0.00014476429
45,119,11.0,0.00011369909
45,119,12.0,0.00032234113
45,119,13.0,0.00039249743
45,119,14.0,0.00097093976
45,120,0.0,1.3922547e-08
45,120,1.0,5.9922936e-06
45,120,2.0,6.985933e-07
45,120,3.0,1.407254e-06
45,120,4.0,2.5769494e-05
45,120,5.0,4.0916988e-05
45,120,6.0,5.62475e-05
45,120,7.0,4.9827435e-05
45,120,8.0,6.26424e-05
45,120,9.0,2.2261735e-05
45,120,10.0,4.2344378e-05
45,120,11.0,3.2367632e-05
45,120,12.0,6.276043e-05
45,120,13.0,0.00018127226
45,120,14.0,0.00022115253
45,121,0.0,5.0478198e-11
45,121,1.0,2.4156954e-10
45,121,2.0,2.4599478e-07
45,121,3.0,1.819483e-10
45,121,4.0,2.3234154e-06
45,121,5.0,1.4807467e-05
45,121,6.0,1.6223155e-05
45,121,7.0,2.6163321e-05
45,121,8.0,6.7214496e-05
45,121,9.0,3.4386256e-05
45,121,10.0,4.7639074e-05
45,121,11.0,4.255935e-06
45,121,12.0,6.8664567e-06
45,121,13.0,2.057702e-05
45,121,14.0,9.2489354e-05
45,122,0.0,0.0
45,122,1.0,3.320488e-09
45,122,2.0,6.8437624e-11
45,122,3.0,2.3155554e-08
45,122,4.0,1.5501915e-06
45,122,5.0,5.132002e-06
45,122,6.0,1.2772229e-05
45,122,7.0,1.0515259e-05
45,122,8.0,9.341233e-06
45,122,9.0,1.1440318e-07
45,122,10.0,6.4057144e-07
45,122,11.0,1.1194776e-05
45,122,12.0,1.04160235e-05
45,122,13.0,2.1568517e-06
45,122,14.0,5.4062516e-06
45,123,0.0,1.5242497e-13
45,123,1.0,7.857729e-08
45,123,2.0,0.0
45,123,3.0,4.483609e-07
45,123,4.0,4.5485254e-07
45,123,5.0,2.5877466e-08
45,123,6.0,3.1609758e-07
45,123,7.0,1.1127141e-07
45,123,8.0,5.6617245e-07
45,123,9.0,1.6352837e-07
45,123,10.0,1.9967803e-07
45,123,11.0,8.683599e-08
45,123,12.0,5.4091074e-06
45,123,13.0,5.3217843e-07
45,123,14.0,1.7931693e-07
45,124,0.0,1.12329306e-10
45,124,1.0,1.8495138e-18
45,124,2.0,1.31873525e-08
45,124,3.0,1.7152296e-08
45,124,4.0,2.135735e-08
45,124,5.0,1.4157118e-07
45,124,6.0,1.1986019e-07
45,124,7.0,3.887297e-08
45,124,8.0,5.2512536e-07
45,124,9.0,6.302089e-07
45,124,10.0,1.3338703e-07
45,124,11.0,6.1378324e-07
45,124,12.0,5.274631e-06
45,124,13.0,2.1218451e-05
45,124,14.0,2.1904188e-07
45,125,0.0,8.2454993e-10
45,125,1.0,1.1766691e-11
45,125,2.0,4.1841464e-09
45,125,3.0,5.8370496e-13
45,125,4.0,1.2527802e-07
45,125,5.0,1.2227061e-08
45,125,6.0,1.998975e-09
45,125,7.0,4.127553e-09
45,125,8.0,9.2766395e-10
45,125,9.0,5.303015e-08
45,125,10.0,1.3126441e-08
45,125,11.0,1.4559275e-07
45,125,12.0,4.409906e-08
45,125,13.0,2.835728e-07
45,125,14.0,1.4631011e-07
45,126,0.0,9.550846e-10
45,126,1.0,3.8127312e-10
45,126,2.0,7.57509e-08
45,126,3.0,4.062194e-09
45,126,4.0,3.7888387e-06
45,126,5.0,1.0672153e-07
45,126,6.0,4.2514092e-08
45,126,7.0,8.2974786e-08
45,126,8.0,1.397703e-07
45,126,9.0,2.1400099e-07
45,126,10.0,5.469071e-08
45,126,11.0,2.0882041e-08
45,126,12.0,1.8484084e-07
45,126,13.0,1.0386127e-07
45,126,14.0,1.647008e-10
45,127,0.0,1.7459179e-09
45,127,1.0,3.7783646e-08
45,127,2.0,1.737309e-08
45,127,3.0,1.1576013e-07
45,127,4.0,1.1450494e-07
45,127,5.0,3.1409137e-08
45,127,6.0,2.557034e-07
45,127,7.0,2.692753e-07
45,127,8.0,1.2234037e-07
45,127,9.0,2.011737e-07
45,127,10.0,1.2249934e-07
45,127,11.0,5.288431e-08
45,127,12.0,4.3394234e-08
45,127,13.0,2.0670928e-08
45,127,14.0,6.6115925e-11
45,128,0.0,1.7807131e-09
45,128,1.0,9.769465e-09
45,128,2.0,1.3414498e-08
45,128,3.0,4.447679e-12
45,128,4.0,8.1242674e-10
45,128,5.0,1.3254464e-08
45,128,6.0,4.814277e-08
45,128,7.0,3.6118106e-08
45,128,8.0,5.6855104e-08
45,128,9.0,6.567698e-08
45,128,10.0,2.0982953e-09
45,128,11.0,8.363461e-08
45,128,12.0,1.5532757e-07
45,128,13.0,2.2989305e-08
45,128,14.0,2.9063838e-08
46,102,0.0,1.300637e-09
46,102,1.0,1.3572936e-10
46,102,2.0,2.4487981e-08
46,102,3.0,6.7443415e-09
46,102,4.0,9.549651e-09
46,102,5.0,1.4040838e-09
46,102,6.0,6.468647e-09
46,102,7.0,7.649935e-09
46,102,8.0,2.0787851e-09
46,102,9.0,9.2538486e-12
46,102,10.0,4.2722447e-11
46,102,11.0,4.146521e-09
46,102,12.0,9.845224e-09
46,102,13.0,5.1896368e-08
46,102,14.0,9.518704e-10
46,103,0.0,1.7694377e-10
46,103,1.0,4.3529713e-08
46,103,2.0,1.0231046e-10
46,103,3.0,9.936818e-10
46,103,4.0,2.356206e-09
46,103,5.0,5.140835e-09
46,103,6.0,4.1546406e-09
46,103,7.0,1.4596516e-09
46,103,8.0,3.2623543e-10
46,103,9.0,5.9629995e-10
46,103,10.0,1.609605e-09
46,103,11.0,6.494795e-18
46,103,12.0,0.0
46,103,13.0,1.6007029e-11
46,103,14.0,2.9687346e-09
46,104,0.0,1.7746757e-08
46,104,1.0,4.2470596e-09
46,104,2.0,1.13803665e-07
46,104,3.0,1.1980454e-08
46,104,4.0,1.0447596e-09
46,104,5.0,1.0769793e-08
46,104,6.0,6.2275283e-09
46,104,7.0,6.1806977e-09
46,104,8.0,5.910421e-08
46,104,9.0,9.6632725e-08
46,104,10.0,6.923858e-08
46,104,11.0,1.1431748e-07
46,104,12.0,5.809697e-08
46,104,13.0,1.6836914e-08
46,104,14.0,1.1213896e-08
46,105,0.0,1.2483748e-08
46,105,1.0,1.0051494e-09
46,105,2.0,3.6352898e-10
46,105,3.0,9.007668e-10
46,105,4.0,1.0656943e-09
46,105,5.0,7.215842e-11
46,105,6.0,1.09503935e-08
46,105,7.0,1.9515381e-08
46,105,8.0,1.5358724e-09
46,105,9.0,1.3405669e-08
46,105,10.0,4.627107e-09
46,105,11.0,3.2598446e-09
46,105,12.0,5.4958447e-09
46,105,13.0,1.7884835e-08
46,105,14.0,6.9591466e-10
46,106,0.0,3.2697673e-09
46,106,1.0,1.8447777e-07
46,106,2.0,4.04016e-07
46,106,3.0,1.2091124e-09
46,106,4.0,5.217675e-11
46,106,5.0,5.381199e-08
46,106,6.0,1.3613962e-07
46,106,7.0,1.3100508e-09
46,106,8.0,5.1105758e-08
46,106,9.0,5.1024355e-08
46,106,10.0,6.4369767e-09
46,106,11.0,1.2132225e-08
46,106,12.0,5.457283e-08
46,106,13.0,2.151269e-07
46,106,14.0,8.4784574e-08
46,107,0.0,2.1887125e-12
46,107,1.0,5.621221e-18
46,107,2.0,7.17593e-09
46,107,3.0,8.959602e-11
46,107,4.0,2.7885044e-10
46,107,5.0,3.6857248e-09
46,107,6.0,3.801204e-09
46,107,7.0,9.9347e-11
46,107,8.0,1.1388819e-08
46,107,9.0,2.8199136e-07
46,107,10.0,3.5221158e-06
46,107,11.0,5.6502563e-07
46,107,12.0,7.007677e-07
46,107,13.0,6.295827e-08
46,107,14.0,1.07699044e-07
46,108,0.0,3.2758904e-09
46,108,1.0,1.2447966e-07
46,108,2.0,7.04473e-08
46,108,3.0,1.01930695e-08
46,108,4.0,2.5047033e-12
46,108,5.0,2.9851206e-09
46,108,6.0,4.350525e-07
46,108,7.0,1.6335587e-06
46,108,8.0,1.3934296e-06
46,108,9.0,8.222178e-06
46,108,10.0,3.2368773e-06
46,108,11.0,3.1777836e-06
46,108,12.0,1.0017444e-06
46,108,13.0,5.2398373e-06
46,108,14.0,1.3050479e-05
46,109,0.0,1.7222565e-15
46,109,1.0,1.2230256e-08
46,109,2.0,1.5739973e-07
46,109,3.0,5.948083e-06
46,109,4.0,4.6706027e-06
46,109,5.0,7.048098e-06
46,109,6.0,1.8676874e-05
46,109,7.0,3.7361144e-05
46,109,8.0,1.4073993e-05
46,109,9.0,2.9928065e-05
46,109,10.0,2.6003974e-05
46,109,11.0,3.999287e-05
46,109,12.0,6.680282e-05
46,109,13.0,0.00016564592
46,109,14.0,0.00015996692
46,110,0.0,3.479553e-07
46,110,1.0,3.0242742e-07
46,110,2.0,5.453523e-06
46,110,3.0,1.0087793e-05
46,110,4.0,0.00016698397
46,110,5.0,0.00048198897
46,110,6.0,0.00049102755
46,110,7.0,0.00042318
46,110,8.0,0.00048048116
46,110,9.0,0.00040004475
46,110,10.0,0.0006015768
46,110,11.0,0.0008089194
46,110,12.0,0.0005616949
46,110,13.0,0.0007217778
46,110,14.0,0.00047725835
46,111,0.0,9.794243e-07
46,111,1.0,4.5910074e-05
46,111,2.0,0.00013267771
46,111,3.0,0.0001090312
46,111,4.0,0.00045237492
46,111,5.0,0.0006014947
46,111,6.0,0.00093434664
46,111,7.0,0.001065309
46,111,8.0,0.0009066583
46,111,9.0,0.0009547777
46,111,10.0,0.0011989448
46,111,11.0,0.001478092
46,111,12.0,0.0020061969
46,111,13.0,0.0024910308
46,111,14.0,0.0030447147
46,112,0.0,3.8748192e-05
46,112,1.0,0.00039690765
46,112,2.0,0.0012594971
46,112,3.0,0.0012494958
46,112,4.0,0.0024546338
46,112,5.0,0.0037751943
46,112,6.0,0.004964172
46,112,7.0,0.00682497
46,112,8.0,0.010334333
46,112,9.0,0.0124515565
46,112,10.0,0.013925327
46,112,11.0,0.015901586
46,112,12.0,0.014087841
46,112,13.0,0.013132815
46,112,14.0,0.012986681
46,113,0.0,0.00015895203
46,113,1.0,0.00073258905
46,113,2.0,0.0027099042
46,113,3.0,0.0029837524
46,113,4.0,0.004315773
46,113,5.0,0.0063621267
46,113,6.0,0.010420261
46,113,7.0,0.015207245
46,113,8.0,0.018284084
46,113,9.0,0.019769575
46,113,10.0,0.019901937
46,113,11.0,0.02176311
46,113,12.0,0.03145817
46,113,13.0,0.040800318
46,113,14.0,0.030182801
46,114,0.0,0.0009189176
46,114,1.0,0.0023090888
46,114,2.0,0.0058035413
46,114,3.0,0.014891727
46,114,4.0,0.016582837
46,114,5.0,0.020865714
46,114,6.0,0.024616728
46,114,7.0,0.029420838
46,114,8.0,0.03332465
46,114,9.0,0.037387505
46,114,10.0,0.044988416
46,114,11.0,0.056162056
46,114,12.0,0.061883576
46,114,13.0,0.057314325
46,114,14.0,0.052048966
46,115,0.0,0.0013439668
46,115,1.0,0.003709668
46,115,2.0,0.0053195376
46,115,3.0,0.013299691
46,115,4.0,0.018486787
46,115,5.0,0.02125834
46,115,6.0,0.027734593
46,115,7.0,0.032381475
46,115,8.0,0.03670119
46,115,9.0,0.04015098
46,115,10.0,0.047397565
46,115,11.0,0.064505786
46,115,12.0,0.06150576
46,115,13.0,0.05397907
46,115,14.0,0.058674667
46,116,0.0,0.0014545767
46,116,1.0,0.0038344334
46,116,2.0,0.009287824
46,116,3.0,0.014394937
46,116,4.0,0.019413339
46,116,5.0,0.0305217
46,116,6.0,0.0373453
46,116,7.0,0.04151056
46,116,8.0,0.0424806
46,116,9.0,0.040377796
46,116,10.0,0.046478465
46,116,11.0,0.057055544
46,116,12.0,0.06823296
46,116,13.0,0.07677588
46,116,14.0,0.07629937
46,117,0.0,0.0020358372
46,117,1.0,0.0022717502
46,117,2.0,0.008144608
46,117,3.0,0.0121133
46,117,4.0,0.013574246
46,117,5.0,0.020483617
46,117,6.0,0.026582621
46,117,7.0,0.031765014
46,117,8.0,0.033783153
46,117,9.0,0.034817882
46,117,10.0,0.036501065
46,117,11.0,0.0412286
46,117,12.0,0.04168817
46,117,13.0,0.043675832
46,117,14.0,0.061778165
46,118,0.0,8.851531e-05
46,118,1.0,0.0010623309
46,118,2.0,0.0026669027
46,118,3.0,0.0060942573
46,118,4.0,0.008429527
46,118,5.0,0.007334139
46,118,6.0,0.0064514615
46,118,7.0,0.0078956885
46,118,8.0,0.009938333
46,118,9.0,0.012988434
46,118,10.0,0.011984687
46,118,11.0,0.018357437
46,118,12.0,0.021455873
46,118,13.0,0.019460624
46,118,14.0,0.016637182
46,119,0.0,0.00025871617
46,119,1.0,0.00094721664
46,119,2.0,0.002431157
46,119,3.0,0.0054276893
46,119,4.0,0.0062304125
46,119,5.0,0.0071790568
46,119,6.0,0.007051233
46,119,7.0,0.0063188397
46,119,8.0,0.008130341
46,119,9.0,0.011226468
46,119,10.0,0.010719731
46,119,11.0,0.009561403
46,119,12.0,0.010634506
46,119,13.0,0.020632073
46,119,14.0,0.022341704
46,120,0.0,8.948111e-05
46,120,1.0,0.00015390138
46,120,2.0,0.0001587401
46,120,3.0,0.00044592842
46,120,4.0,0.0011583383
46,120,5.0,0.0013041921
46,120,6.0,0.0020348537
46,120,7.0,0.0018958107
46,120,8.0,0.0019339455
46,120,9.0,0.001618146
46,120,10.0,0.0018139989
46,120,11.0,0.0025522688
46,120,12.0,0.0024022525
46,120,13.0,0.0019714704
46,120,14.0,0.0030507213
46,121,0.0,5.204251e-06
46,121,1.0,5.1092404e-05
46,121,2.0,5.43526e-05
46,121,3.0,2.8854214e-05
46,121,4.0,3.9838505e-05
46,121,5.0,0.00018162637
46,121,6.0,0.00022005168
46,121,7.0,0.00017971816
46,121,8.0,0.00013827559
46,121,9.0,0.000116330266
46,121,10.0,0.00010349599
46,121,11.0,0.00014994224
46,121,12.0,0.00017634392
46,121,13.0,0.0003679001
46,121,14.0,0.0005491137
46,122,0.0,3.234561e-08
46,122,1.0,2.5758513e-07
46,122,2.0,3.3885667e-06
46,122,3.0,1.7754019e-05
46,122,4.0,9.2463306e-05
46,122,5.0,0.000104650484
46,122,6.0,0.00011691908
46,122,7.0,0.000106971806
46,122,8.0,0.00014116573
46,122,9.0,0.0002542532
46,122,10.0,6.239228e-05
46,122,11.0,5.837193e-05
46,122,12.0,3.5918736e-05
46,122,13.0,2.0576586e-05
46,122,14.0,1.3596692e-05
46,123,0.0,6.0860494e-10
46,123,1.0,2.000692e-07
46,123,2.0,1.3634686e-06
46,123,3.0,1.6090074e-05
46,123,4.0,1.866636e-05
46,123,5.0,1.9553052e-05
46,123,6.0,1.919019e-05
46,123,7.0,2.3200757e-05
46,123,8.0,1.732234e-05
46,123,9.0,1.6683354e-05
46,123,10.0,1.5540989e-05
46,123,11.0,1.1444634e-05
46,123,12.0,5.021354e-06
46,123,13.0,5.0813746e-06
46,123,14.0,2.777312e-06
46,124,0.0,3.409742e-08
46,124,1.0,1.6973631e-07
46,124,2.0,2.3316711e-07
46,124,3.0,3.9815038e-07
46,124,4.0,2.7533903e-07
46,124,5.0,1.975647e-08
46,124,6.0,3.675593e-08
46,124,7.0,5.7899776e-08
46,124,8.0,4.2709428e-10
46,124,9.0,2.593983e-10
46,124,10.0,1.1310313e-10
46,124,11.0,1.8702451e-10
46,124,12.0,2.1441604e-11
46,124,13.0,7.3865447e-09
46,124,14.0,6.551895e-07
46,125,0.0,4.0197676e-09
46,125,1.0,3.029377e-06
46,125,2.0,9.140691e-08
46,125,3.0,5.3674967e-08
46,125,4.0,6.716442e-07
46,125,5.0,2.0266548e-07
46,125,6.0,1.3711328e-07
46,125,7.0,9.969383e-08
46,125,8.0,1.5416877e-07
46,125,9.0,2.6382946e-07
46,125,10.0,4.9966296e-08
46,125,11.0,4.9082087e-07
46,125,12.0,3.3872152e-07
46,125,13.0,1.409792e-08
46,125,14.0,2.2722524e-07
46,126,0.0,8.937708e-09
46,126,1.0,5.7012874e-11
46,126,2.0,1.376157e-09
46,126,3.0,1.0667898e-08
46,126,4.0,3.4243244e-10
46,126,5.0,1.8112384e-08
46,126,6.0,1.798468e-09
46,126,7.0,2.510688e-10
46,126,8.0,3.7755514e-09
46,126,9.0,7.233065e-10
46,126,10.0,7.136763e-09
46,126,11.0,3.4372432e-09
46,126,12.0,1.6405252e-09
46,126,13.0,4.5294346e-09
46,126,14.0,1.249341e-08
46,127,0.0,1.09124464e-07
46,127,1.0,4.232272e-08
46,127,2.0,1.9939772e-07
46,127,3.0,1.2060848e-06
46,127,4.0,9.125186e-06
46,127,5.0,1.9568384e-07
46,127,6.0,1.0856673e-09
46,127,7.0,4.8399604e-09
46,127,8.0,1.5641315e-09
46,127,9.0,3.935466e-09
46,127,10.0,1.7643641e-08
46,127,11.0,8.2272256e-10
46,127,12.0,1.1233444e-09
46,127,13.0,2.3759124e-08
46,127,14.0,5.2595073e-08
46,128,0.0,3.6711217e-10
46,128,1.0,2.687292e-09
46,128,2.0,1.1048696e-08
46,128,3.0,5.0702655e-09
46,128,4.0,1.698245e-10
46,128,5.0,1.0423662e-10
46,128,6.0,2.6456904e-11
46,128,7.0,1.8324376e-09
46,128,8.0,5.096966e-09
46,128,9.0,3.0508648e-08
46,128,10.0,2.5010745e-09
46,128,11.0,2.6572198e-09
46,128,12.0,2.572266e-09
46,128,13.0,9.0249586e-10
46,128,14.0,1.858286e-10
46,129,0.0,3.485434e-13
46,129,1.0,4.597312e-12
46,129,2.0,7.3126095e-11
46,129,3.0,2.586339e-09
46,129,4.0,3.6824204e-08
46,129,5.0,9.803891e-09
46,129,6.0,2.2756247e-07
46,129,7.0,3.5574455e-08
46,129,8.0,3.4510965e-08
46,129,9.0,1.7831314e-07
46,129,10.0,6.4634285e-08
46,129,11.0,5.110834e-08
46,129,12.0,7.8338445e-07
46,129,13.0,1.5253967e-07
46,129,14.0,1.4506973e-09
46,130,0.0,6.684241e-11
46,130,1.0,6.6621983e-09
46,130,2.0,1.6747387e-08
46,130,3.0,6.30439e-10
46,130,4.0,3.3298259e-10
46,130,5.0,3.8380548e-09
46,130,6.0,2.3916575e-08
46,130,7.0,2.9388065e-08
46,130,8.0,4.5895616e-09
46,130,9.0,2.0260158e-09
46,130,10.0,5.369035e-10
46,130,11.0,4.8083058e-09
46,130,12.0,1.0149354e-09
46,130,13.0,2.4756857e-09
46,130,14.0,2.3954179e-09
46,131,0.0,1.0101916e-14
46,131,1.0,8.422921e-08
46,131,2.0,4.9004345e-10
46,131,3.0,2.185328e-09
46,131,4.0,0.0
46,131,5.0,2.9176242e-08
46,131,6.0,1.3475579e-13
46,131,7.0,7.821512e-08
46,131,8.0,4.312179e-08
46,131,9.0,1.7388372e-09
46,131,10.0,1.6548252e-09
46,131,11.0,1.4857715e-08
46,131,12.0,1.1136506e-07
46,131,13.0,3.705272e-08
46,131,14.0,1.1532405e-08
47,105,0.0,4.8738946e-09
47,105,1.0,6.2238557e-09
47,105,2.0,4.1204703e-11
47,105,3.0,1.2590819e-10
47,105,4.0,5.9093033e-15
47,105,5.0,1.8862432e-13
47,105,6.0,5.2770893e-10
47,105,7.0,6.000383e-09
47,105,8.0,1.0549082e-08
47,105,9.0,1.22586075e-08
47,105,10.0,1.1558746e-09
47,105,11.0,4.998473e-10
47,105,12.0,7.813152e-10
47,105,13.0,1.1052467e-08
47,105,14.0,2.1524056e-09
47,106,0.0,1.6594352e-12
47,106,1.0,5.914956e-08
47,106,2.0,1.2613298e-13
47,106,3.0,1.639455e-09
47,106,4.0,1.4350892e-09
47,106,5.0,6.2409106e-10
47,106,6.0,1.5509043e-10
47,106,7.0,1.0351699e-11
47,106,8.0,9.360805e-12
47,106,9.0,1.2541192e-10
47,106,10.0,5.0884503e-13
47,106,11.0,9.577826e-10
47,106,12.0,4.089521e-09
47,106,13.0,3.8434504e-09
47,106,14.0,1.1262875e-08
47,107,0.0,2.0012386e-10
47,107,1.0,1.2181744e-11
47,107,2.0,1.516366e-08
47,107,3.0,1.2057709e-10
47,107,4.0,1.9278377e-09
47,107,5.0,2.417453e-09
47,107,6.0,6.302347e-10
47,107,7.0,2.6708126e-12
47,107,8.0,1.83399e-12
47,107,9.0,1.1136788e-08
47,107,10.0,3.7782527e-08
47,107,11.0,1.8856472e-09
47,107,12.0,5.257242e-10
47,107,13.0,8.284055e-09
47,107,14.0,1.3513183e-09
47,108,0.0,1.8070681e-10
47,108,1.0,2.9051322e-13
47,108,2.0,6.034804e-10
47,108,3.0,7.7375345e-10
47,108,4.0,9.069864e-09
47,108,5.0,1.3989514e-08
47,108,6.0,1.40793155e-08
47,108,7.0,1.7647697e-08
47,108,8.0,6.5041514e-09
47,108,9.0,2.8114702e-10
47,108,10.0,5.074498e-12
47,108,11.0,4.5046986e-10
47,108,12.0,2.7654872e-08
47,108,13.0,1.2422177e-09
47,108,14.0,2.698633e-09
47,109,0.0,1.2481171e-12
47,109,1.0,0.0
47,109,2.0,6.6683784e-13
47,109,3.0,2.5506433e-10
47,109,4.0,2.1218147e-09
47,109,5.0,1.5799263e-09
47,109,6.0,1.6077328e-09
47,109,7.0,2.2346365e-09
47,109,8.0,2.0346845e-10
47,109,9.0,6.2649243e-12
47,109,10.0,6.391777e-10
47,109,11.0,3.4740292e-08
47,109,12.0,2.8465622e-11
47,109,13.0,1.0900607e-09
47,109,14.0,1.9508128e-08
47,110,0.0,4.2845258e-10
47,110,1.0,1.7111403e-09
47,110,2.0,2.1434861e-08
47,110,3.0,5.245967e-11
47,110,4.0,2.3965536e-09
47,110,5.0,4.233779e-09
47,110,6.0,1.3674051e-09
47,110,7.0,1.3244905e-10
47,110,8.0,2.585702e-10
47,110,9.0,0.0
47,110,10.0,1.2461626e-10
47,110,11.0,3.0710018e-12
47,110,12.0,7.313544e-08
47,110,13.0,5.2981804e-08
47,110,14.0,8.851808e-09
47,111,0.0,1.1814774e-11
47,111,1.0,1.11372564e-10
47,111,2.0,1.7411891e-12
47,111,3.0,1.28972e-09
47,111,4.0,4.7221437e-08
47,111,5.0,1.1647572e-13
47,111,6.0,3.5776652e-11
47,111,7.0,2.2990208e-09
47,111,8.0,2.1862286e-07
47,111,9.0,6.2325995e-07
47,111,10.0,4.707531e-07
47,111,11.0,5.221245e-07
47,111,12.0,2.6410673e-05
47,111,13.0,9.444699e-06
47,111,14.0,1.788934e-05
47,112,0.0,4.5907638e-09
47,112,1.0,2.065547e-10
47,112,2.0,6.949927e-09
47,112,3.0,7.448849e-10
47,112,4.0,1.13137986e-07
47,112,5.0,4.3243754e-06
47,112,6.0,1.479851e-06
47,112,7.0,1.1098909e-05
47,112,8.0,6.3281345e-06
47,112,9.0,7.735343e-06
47,112,10.0,3.5534324e-06
47,112,11.0,7.2144635e-06
47,112,12.0,1.546876e-05
47,112,13.0,6.912212e-05
47,112,14.0,5.007112e-05
47,113,0.0,5.2186384e-09
47,113,1.0,3.6952263e-06
47,113,2.0,4.6021316e-05
47,113,3.0,1.1637817e-05
47,113,4.0,2.6642261e-05
47,113,5.0,3.3389053e-05
47,113,6.0,4.8829803e-05
47,113,7.0,9.788484e-05
47,113,8.0,0.00014323829
47,113,9.0,0.00023079658
47,113,10.0,0.00017345017
47,113,11.0,0.00035441318
47,113,12.0,0.00068441144
47,113,13.0,0.00035031364
47,113,14.0,0.0005532198
47,114,0.0,1.3412822e-05
47,114,1.0,0.0001248467
47,114,2.0,0.00012082703
47,114,3.0,6.220028e-05
47,114,4.0,4.3325435e-05
47,114,5.0,0.00022254906
47,114,6.0,0.00029171875
47,114,7.0,0.0004619706
47,114,8.0,0.0006748766
47,114,9.0,0.0010897316
47,114,10.0,0.00089279574
47,114,11.0,0.0010366262
47,114,12.0,0.001287327
47,114,13.0,0.001643208
47,114,14.0,0.0018894871
47,115,0.0,0.00021604127
47,115,1.0,0.0005886825
47,115,2.0,0.00068183587
47,115,3.0,0.00092391105
47,115,4.0,0.00223719
47,115,5.0,0.003947663
47,115,6.0,0.0063463645
47,115,7.0,0.008136367
47,115,8.0,0.00947032
47,115,9.0,0.010310972
47,115,10.0,0.010973234
47,115,11.0,0.009678265
47,115,12.0,0.008858017
47,115,13.0,0.013091302
47,115,14.0,0.015920859
47,116,0.0,0.0009566554
47,116,1.0,0.0015904598
47,116,2.0,0.0022123086
47,116,3.0,0.004090245
47,116,4.0,0.0066005425
47,116,5.0,0.011572157
47,116,6.0,0.014942194
47,116,7.0,0.015256133
47,116,8.0,0.019231891
47,116,9.0,0.025791992
47,116,10.0,0.024913207
47,116,11.0,0.023399951
47,116,12.0,0.036500517
47,116,13.0,0.029193584
47,116,14.0,0.033777487
47,117,0.0,0.00174327
47,117,1.0,0.002650145
47,117,2.0,0.0027379596
47,117,3.0,0.010235642
47,117,4.0,0.015650898
47,117,5.0,0.040554803
47,117,6.0,0.027601121
47,117,7.0,0.028610164
47,117,8.0,0.035973918
47,117,9.0,0.051107284
47,117,10.0,0.046697777
47,117,11.0,0.06174582
47,117,12.0,0.06573643
47,117,13.0,0.05653844
47,117,14.0,0.06285037
47,118,0.0,0.0008567121
47,118,1.0,0.0014330087
47,118,2.0,0.0049435496
47,118,3.0,0.01261137
47,118,4.0,0.016788447
47,118,5.0,0.020458516
47,118,6.0,0.027945647
47,118,7.0,0.026740858
47,118,8.0,0.03028569
47,118,9.0,0.055101838
47,118,10.0,0.055076614
47,118,11.0,0.053672664
47,118,12.0,0.077421084
47,118,13.0,0.083254725
47,118,14.0,0.09480685
47,119,0.0,0.001288754
47,119,1.0,0.0023312918
47,119,2.0,0.0058067325
47,119,3.0,0.018300695
47,119,4.0,0.023244834
47,119,5.0,0.02392481
47,119,6.0,0.036308657
47,119,7.0,0.033191852
47,119,8.0,0.03930742
47,119,9.0,0.049028452
47,119,10.0,0.059552647
47,119,11.0,0.063989334
47,119,12.0,0.084692895
47,119,13.0,0.08151172
47,119,14.0,0.059284292
47,120,0.0,0.000451645
47,120,1.0,0.0022136474
47,120,2.0,0.0042030313
47,120,3.0,0.007942612
47,120,4.0,0.009402398
47,120,5.0,0.013420951
47,120,6.0,0.015143422
47,120,7.0,0.017462792
47,120,8.0,0.022830449
47,120,9.0,0.029654188
47,120,10.0,0.03181638
47,120,11.0,0.03470903
47,120,12.0,0.036578685
47,120,13.0,0.042398084
47,120,14.0,0.05319229
47,121,0.0,0.00010598282
47,121,1.0,0.0012103614
47,121,2.0,0.0023567968
47,121,3.0,0.0048637004
47,121,4.0,0.007381203
47,121,5.0,0.008366576
47,121,6.0,0.009772349
47,121,7.0,0.012143717
47,121,8.0,0.015234938
47,121,9.0,0.01618049
47,121,10.0,0.016935347
47,121,11.0,0.019236274
47,121,12.0,0.02802863
47,121,13.0,0.033005804
47,121,14.0,0.026204992
47,122,0.0,3.8653867e-05
47,122,1.0,0.00054738147
47,122,2.0,0.0017970213
47,122,3.0,0.0016926005
47,122,4.0,0.0028636656
47,122,5.0,0.0035146212
47,122,6.0,0.00351914
47,122,7.0,0.0042355014
47,122,8.0,0.005659583
47,122,9.0,0.0053267376
47,122,10.0,0.004931732
47,122,11.0,0.0064571993
47,122,12.0,0.0065307026
47,122,13.0,0.012343713
47,122,14.0,0.016199727
47,123,0.0,4.5167526e-05
47,123,1.0,0.00034031126
47,123,2.0,0.0010145976
47,123,3.0,0.0015058856
47,123,4.0,0.0018530873
47,123,5.0,0.0027003977
47,123,6.0,0.0031551176
47,123,7.0,0.0035536587
47,123,8.0,0.002890473
47,123,9.0,0.004092025
47,123,10.0,0.0051314356
47,123,11.0,0.004258921
47,123,12.0,0.0053971973
47,123,13.0,0.0093648955
47,123,14.0,0.008899642
47,124,0.0,3.8030812e-06
47,124,1.0,0.00014368072
47,124,2.0,0.0002716144
47,124,3.0,0.00059169024
47,124,4.0,0.00077476545
47,124,5.0,0.0011219296
47,124,6.0,0.0015183216
47,124,7.0,0.0018573558
47,124,8.0,0.0013872377
47,124,9.0,0.0017402305
47,124,10.0,0.0019410211
47,124,11.0,0.0017268972
47,124,12.0,0.0010959513
47,124,13.0,0.0008846189
47,124,14.0,0.0015531868
47,125,0.0,7.363449e-06
47,125,1.0,1.7455006e-05
47,125,2.0,0.00018800146
47,125,3.0,0.0002293712
47,125,4.0,0.00020974864
47,125,5.0,0.0007488839
47,125,6.0,0.0015635819
47,125,7.0,0.0019840728
47,125,8.0,0.0016928791
47,125,9.0,0.0008710651
47,125,10.0,0.0007143272
47,125,11.0,0.0009522878
47,125,12.0,0.0013840827
47,125,13.0,0.0011949898
47,125,14.0,0.00026577752
47,126,0.0,1.3843975e-07
47,126,1.0,1.3231865e-07
47,126,2.0,9.251242e-06
47,126,3.0,4.419067e-05
47,126,4.0,4.7885667e-05
47,126,5.0,0.00072123593
47,126,6.0,8.1030805e-05
47,126,7.0,9.521921e-06
47,126,8.0,2.640936e-05
47,126,9.0,6.401616e-05
47,126,10.0,4.766258e-05
47,126,11.0,0.00019483193
47,126,12.0,0.00015462248
47,126,13.0,3.7590595e-05
47,126,14.0,3.1058837e-05
47,127,0.0,3.7387622e-07
47,127,1.0,0.0
47,127,2.0,1.8781711e-07
47,127,3.0,1.34460115e-05
47,127,4.0,7.389256e-07
47,127,5.0,4.6898126e-07
47,127,6.0,7.763904e-07
47,127,7.0,2.5526447e-06
47,127,8.0,1.3005405e-06
47,127,9.0,3.5250156e-07
47,127,10.0,1.0426692e-06
47,127,11.0,2.273785e-06
47,127,12.0,3.986437e-06
47,127,13.0,6.4081523e-06
47,127,14.0,1.28307e-06
47,128,0.0,5.4709504e-09
47,128,1.0,4.3747397e-09
47,128,2.0,2.6553932e-09
47,128,3.0,8.391319e-06
47,128,4.0,1.5421116e-06
47,128,5.0,1.0105961e-06
47,128,6.0,1.0007799e-06
47,128,7.0,8.9269366e-07
47,128,8.0,6.376428e-07
47,128,9.0,8.285871e-07
47,128,10.0,1.3368278e-06
47,128,11.0,1.4199517e-06
47,128,12.0,6.3904354e-06
47,128,13.0,9.85463e-06
47,128,14.0,6.510445e-06
47,129,0.0,1.7191013e-09
47,129,1.0,0.0
47,129,2.0,3.0403033e-08
47,129,3.0,2.0720664e-07
47,129,4.0,1.3551465e-07
47,129,5.0,1.4936332e-09
47,129,6.0,1.0854725e-08
47,129,7.0,2.662469e-06
47,129,8.0,2.8625928e-07
47,129,9.0,5.385178e-07
47,129,10.0,3.2400717e-07
47,129,11.0,2.3130086e-07
47,129,12.0,4.159541e-06
47,129,13.0,8.3991665e-07
47,129,14.0,5.0960796e-07
47,130,0.0,4.9859124e-11
47,130,1.0,1.2071308e-07
47,130,2.0,2.5939297e-09
47,130,3.0,6.05212e-07
47,130,4.0,7.1319995e-08
47,130,5.0,2.0783928e-06
47,130,6.0,2.0717269e-07
47,130,7.0,1.3452428e-10
47,130,8.0,2.2534454e-08
47,130,9.0,2.3881525e-10
47,130,10.0,1.7725645e-09
47,130,11.0,1.353358e-07
47,130,12.0,4.8517233e-08
47,130,13.0,6.3679892e-09
47,130,14.0,1.2799386e-07
47,131,0.0,8.8308205e-10
47,131,1.0,5.2107424e-18
47,131,2.0,1.2752497e-07
47,131,3.0,5.2261543e-14
47,131,4.0,5.270495e-12
47,131,5.0,6.539854e-09
47,131,6.0,1.8515975e-07
47,131,7.0,1.5599097e-06
47,131,8.0,7.663994e-07
47,131,9.0,3.974062e-08
47,131,10.0,2.2295545e-10
47,131,11.0,9.836765e-08
47,131,12.0,7.319882e-10
47,131,13.0,7.3912716e-08
47,131,14.0,4.99555e-10
47,132,0.0,1.6898438e-12
47,132,1.0,5.327956e-09
47,132,2.0,3.5922598e-10
47,132,3.0,3.11585e-08
47,132,4.0,1.5535545e-07
47,132,5.0,1.7507888e-07
47,132,6.0,1.1200175e-08
47,132,7.0,7.4069297e-09
47,132,8.0,3.0641644e-08
47,132,9.0,1.8500043e-07
47,132,10.0,4.0389935e-08
47,132,11.0,4.1172818e-10
47,132,12.0,1.4411622e-11
47,132,13.0,1.8188864e-11
47,132,14.0,8.835978e-11
47,133,0.0,7.1176226e-10
47,133,1.0,2.0275952e-08
47,133,2.0,1.083736e-07
47,133,3.0,1.9080737e-09
47,133,4.0,2.3601087e-08
47,133,5.0,1.5793555e-09
47,133,6.0,3.957143e-07
47,133,7.0,3.4443293e-08
47,133,8.0,2.2846385e-10
47,133,9.0,6.725147e-10
47,133,10.0,1.5717964e-08
47,133,11.0,1.9649292e-08
47,133,12.0,1.9544053e-08
47,133,13.0,1.5986744e-09
47,133,14.0,3.9483125e-11
48,108,0.0,9.351915e-12
48,108,1.0,8.076088e-11
48,108,2.0,5.011918e-18
48,108,3.0,1.6647639e-12
48,108,4.0,1.0666619e-11
48,108,5.0,3.233673e-11
48,108,6.0,3.6213983e-11
48,108,7.0,3.367869e-10
48,108,8.0,2.9751043e-10
48,108,9.0,8.263416e-09
48,108,10.0,9.106385e-09
48,108,11.0,1.1469971e-08
48,108,12.0,3.231393e-10
48,108,13.0,2.1434252e-10
48,108,14.0,2.6562855e-10
48,109,0.0,0.0
48,109,1.0,0.0
48,109,2.0,8.1753724e-19
48,109,3.0,4.35819e-13
48,109,4.0,9.3507415e-12
48,109,5.0,2.1431761e-11
48,109,6.0,2.5048347e-11
48,109,7.0,7.839884e-12
48,109,8.0,3.1681964e-12
48,109,9.0,1.2570586e-12
48,109,10.0,1.137634e-13
48,109,11.0,1.4481805e-13
48,109,12.0,2.95689e-11
48,109,13.0,4.79217e-10
48,109,14.0,3.8046926e-09
48,110,0.0,1.05722306e-10
48,110,1.0,3.1353042e-09
48,110,2.0,5.7885984e-11
48,110,3.0,2.5457525e-10
48,110,4.0,4.8933297e-12
48,110,5.0,1.6471663e-10
48,110,6.0,2.7482103e-10
48,110,7.0,3.8302173e-10
48,110,8.0,1.6790184e-09
48,110,9.0,1.5028121e-09
48,110,10.0,2.5264153e-09
48,110,11.0,2.6240037e-09
48,110,12.0,1.273914e-09
48,110,13.0,8.644782e-10
48,110,14.0,8.8814267e-10
48,111,0.0,1.0726174e-09
48,111,1.0,7.1633555e-10
48,111,2.0,1.0170276e-11
48,111,3.0,2.2497701e-08
48,111,4.0,7.085497e-11
48,111,5.0,5.059251e-11
48,111,6.0,9.1488706e-11
48,111,7.0,1.5196316e-10
48,111,8.0,3.9424347e-10
48,111,9.0,1.4286107e-09
48,111,10.0,6.927651e-10
48,111,11.0,7.323451e-11
48,111,12.0,7.183931e-10
48,111,13.0,5.3079634e-09
48,111,14.0,1.1923914e-08
48,112,0.0,4.3876786e-10
48,112,1.0,9.695062e-09
48,112,2.0,8.9529684e-10
48,112,3.0,7.4266363e-13
48,112,4.0,4.0963957e-10
48,112,5.0,8.187973e-11
48,112,6.0,8.4335684e-11
48,112,7.0,1.1927345e-09
48,112,8.0,2.6709937e-10
48,112,9.0,1.7093132e-10
48,112,10.0,2.1038547e-10
48,112,11.0,2.3274185e-09
48,112,12.0,0.0
48,112,13.0,2.1992017e-10
48,112,14.0,6.503106e-08
48,113,0.0,9.224187e-10
48,113,1.0,1.05389265e-11
48,113,2.0,2.4210191e-11
48,113,3.0,2.491392e-10
48,113,4.0,0.0
48,113,5.0,2.6007527e-09
48,113,6.0,4.767719e-10
48,113,7.0,1.3929484e-09
48,113,8.0,1.963008e-12
48,113,9.0,4.7132918e-08
48,113,10.0,1.5222281e-06
48,113,11.0,1.7742183e-06
48,113,12.0,2.4757155e-06
48,113,13.0,5.066561e-07
48,113,14.0,5.25786e-06
48,114,0.0,6.951915e-09
48,114,1.0,4.049527e-08
48,114,2.0,1.9023114e-09
48,114,3.0,8.434652e-08
48,114,4.0,1.3541071e-06
48,114,5.0,1.2916117e-05
48,114,6.0,4.609588e-06
48,114,7.0,3.4660695e-06
48,114,8.0,1.0906479e-05
48,114,9.0,1.7943006e-05
48,114,10.0,6.4382155e-05
48,114,11.0,0.00011707834
48,114,12.0,0.00020392913
48,114,13.0,0.00031530345
48,114,14.0,0.0003723505
48,115,0.0,1.0828743e-06
48,115,1.0,6.4302358e-06
48,115,2.0,0.00020193413
48,115,3.0,1.0995298e-05
48,115,4.0,5.777247e-05
48,115,5.0,8.919514e-05
48,115,6.0,9.6576834e-05
48,115,7.0,0.00017720746
48,115,8.0,0.00032535178
48,115,9.0,0.0003986095
48,115,10.0,0.00038808386
48,115,11.0,0.0013554501
48,115,12.0,0.0016108563
48,115,13.0,0.0020877325
48,115,14.0,0.004391635
48,116,0.0,2.919179e-06
48,116,1.0,1.4500294e-05
48,116,2.0,0.0003068845
48,116,3.0,9.3000424e-05
48,116,4.0,0.00051312125
48,116,5.0,0.0012240743
48,116,6.0,0.001621781
48,116,7.0,0.0019565693
48,116,8.0,0.0018305678
48,116,9.0,0.0018925138
48,116,10.0,0.0026697258
48,116,11.0,0.0041837557
48,116,12.0,0.0056218076
48,116,13.0,0.00628891
48,116,14.0,0.0068864515
48,117,0.0,1.5812126e-05
48,117,1.0,0.00033508055
48,117,2.0,0.00038286496
48,117,3.0,0.0009941616
48,117,4.0,0.0013772051
48,117,5.0,0.0019648941
48,117,6.0,0.0018301709
48,117,7.0,0.0018583721
48,117,8.0,0.0025444545
48,117,9.0,0.003852875
48,117,10.0,0.0059146723
48,117,11.0,0.011982477
48,117,12.0,0.0105298115
48,117,13.0,0.008807063
48,117,14.0,0.01008224
48,118,0.0,0.00032839304
48,118,1.0,0.0010190441
48,118,2.0,0.0012374155
48,118,3.0,0.004533436
48,118,4.0,0.009152621
48,118,5.0,0.012738249
48,118,6.0,0.015462345
48,118,7.0,0.01747418
48,118,8.0,0.019956678
48,118,9.0,0.025056452
48,118,10.0,0.035179913
48,118,11.0,0.040876035
48,118,12.0,0.044149477
48,118,13.0,0.05063713
48,118,14.0,0.056386545
48,119,0.0,0.00048760965
48,119,1.0,0.0015107885
48,119,2.0,0.0047139097
48,119,3.0,0.012420133
48,119,4.0,0.009981712
48,119,5.0,0.012760881
48,119,6.0,0.014984017
48,119,7.0,0.019415902
48,119,8.0,0.025651816
48,119,9.0,0.02802328
48,119,10.0,0.030261338
48,119,11.0,0.0325016
48,119,12.0,0.03788698
48,119,13.0,0.047203712
48,119,14.0,0.047513437
48,120,0.0,0.0009019761
48,120,1.0,0.003465607
48,120,2.0,0.0055104727
48,120,3.0,0.010201281
48,120,4.0,0.01073392
48,120,5.0,0.013463035
48,120,6.0,0.017098216
48,120,7.0,0.020551106
48,120,8.0,0.026588736
48,120,9.0,0.039259575
48,120,10.0,0.040195294
48,120,11.0,0.048453484
48,120,12.0,0.057558727
48,120,13.0,0.055947095
48,120,14.0,0.06636943
48,121,0.0,0.00048814298
48,121,1.0,0.0012135394
48,121,2.0,0.0035883738
48,121,3.0,0.009067079
48,121,4.0,0.008609889
48,121,5.0,0.013728375
48,121,6.0,0.019664967
48,121,7.0,0.021878717
48,121,8.0,0.0234702
48,121,9.0,0.02445571
48,121,10.0,0.026462615
48,121,11.0,0.041274928
48,121,12.0,0.05822328
48,121,13.0,0.05447793
48,121,14.0,0.059626643
48,122,0.0,0.0006764596
48,122,1.0,0.0017020716
48,122,2.0,0.004528125
48,122,3.0,0.004918275
48,122,4.0,0.00650687
48,122,5.0,0.010478663
48,122,6.0,0.011971673
48,122,7.0,0.0128887035
48,122,8.0,0.014328707
48,122,9.0,0.014763349
48,122,10.0,0.017552549
48,122,11.0,0.021281982
48,122,12.0,0.031420615
48,122,13.0,0.023889551
48,122,14.0,0.04392476
48,123,0.0,0.00027917593
48,123,1.0,0.002048983
48,123,2.0,0.003689159
48,123,3.0,0.0033289115
48,123,4.0,0.006071236
48,123,5.0,0.005699577
48,123,6.0,0.004502364
48,123,7.0,0.007277403
48,123,8.0,0.006957608
48,123,9.0,0.010861481
48,123,10.0,0.011375462
48,123,11.0,0.015114406
48,123,12.0,0.019299671
48,123,13.0,0.03204932
48,123,14.0,0.029921295
48,124,0.0,0.00059062534
48,124,1.0,0.0012016462
48,124,2.0,0.0019337188
48,124,3.0,0.0019919497
48,124,4.0,0.0034716735
48,124,5.0,0.005456531
48,124,6.0,0.0066024587
48,124,7.0,0.007903501
48,124,8.0,0.00868259
48,124,9.0,0.007923894
48,124,10.0,0.006790302
48,124,11.0,0.007695853
48,124,12.0,0.0073135253
48,124,13.0,0.009700205
48,124,14.0,0.012725818
48,125,0.0,0.0002767817
48,125,1.0,0.000823019
48,125,2.0,0.0011943657
48,125,3.0,0.0014596663
48,125,4.0,0.0017147335
48,125,5.0,0.002690873
48,125,6.0,0.0034054082
48,125,7.0,0.0069095897
48,125,8.0,0.0033457489
48,125,9.0,0.004067301
48,125,10.0,0.0035291933
48,125,11.0,0.0026191315
48,125,12.0,0.006458659
48,125,13.0,0.008858793
48,125,14.0,0.005397573
48,126,0.0,0.0005357353
48,126,1.0,0.00015363889
48,126,2.0,0.0008806577
48,126,3.0,0.0013333112
48,126,4.0,0.0020116426
48,126,5.0,0.0013355961
48,126,6.0,0.0022515585
48,126,7.0,0.0019851278
48,126,8.0,0.0033842039
48,126,9.0,0.0015102733
48,126,10.0,0.0021698517
48,126,11.0,0.0018723683
48,126,12.0,0.0019209813
48,126,13.0,0.00181745
48,126,14.0,0.00086245575
48,127,0.0,0.00019248785
48,127,1.0,0.00053117314
48,127,2.0,0.0006065808
48,127,3.0,0.0006011934
48,127,4.0,0.00041072298
48,127,5.0,0.00030600565
48,127,6.0,0.0005864184
48,127,7.0,0.00035463352
48,127,8.0,0.0003850924
48,127,9.0,0.00064644817
48,127,10.0,0.00030896274
48,127,11.0,0.00017848682
48,127,12.0,0.00017450053
48,127,13.0,0.00017703221
48,127,14.0,0.00046030304
48,128,0.0,9.3160015e-05
48,128,1.0,6.5183885e-05
48,128,2.0,0.00023455612
48,128,3.0,0.00029632403
48,128,4.0,0.00036567487
48,128,5.0,0.00053478987
48,128,6.0,0.00017755842
48,128,7.0,0.00046194912
48,128,8.0,0.00049153285
48,128,9.0,0.00019337198
48,128,10.0,0.00021660807
48,128,11.0,0.00040778168
48,128,12.0,0.0002368349
48,128,13.0,0.00019631232
48,128,14.0,0.00068203243
48,129,0.0,3.7218022e-05
48,129,1.0,0.000111712536
48,129,2.0,5.7763045e-05
48,129,3.0,0.00013406863
48,129,4.0,3.5869092e-05
48,129,5.0,2.3751321e-05
48,129,6.0,0.00011687013
48,129,7.0,2.3464792e-05
48,129,8.0,3.164317e-05
48,129,9.0,1.4999372e-05
48,129,10.0,2.2053273e-05
48,129,11.0,2.8507828e-05
48,129,12.0,1.5115398e-05
48,129,13.0,3.9481016e-05
48,129,14.0,7.071728e-05
48,130,0.0,1.0840387e-05
48,130,1.0,4.8519873e-05
48,130,2.0,4.103144e-05
48,130,3.0,3.1890744e-05
48,130,4.0,5.2087495e-07
48,130,5.0,3.5124835e-06
48,130,6.0,5.948719e-06
48,130,7.0,1.7991377e-05
48,130,8.0,2.1215179e-05
48,130,9.0,1.4875184e-05
48,130,10.0,2.3757171e-05
48,130,11.0,5.7914447e-05
48,130,12.0,2.5646814e-05
48,130,13.0,4.7049863e-07
48,130,14.0,1.7213255e-05
48,131,0.0,1.7035184e-06
48,131,1.0,4.3620225e-06
48,131,2.0,2.3049944e-08
48,131,3.0,1.1394413e-09
48,131,4.0,1.0397592e-08
48,131,5.0,1.3253683e-10
48,131,6.0,5.2574875e-11
48,131,7.0,8.3779234e-10
48,131,8.0,4.623551e-09
48,131,9.0,1.1147175e-10
48,131,10.0,2.9574027e-11
48,131,11.0,6.745183e-08
48,131,12.0,2.9497917e-09
48,131,13.0,1.3469698e-10
48,131,14.0,6.9671406e-09
48,132,0.0,2.0998012e-08
48,132,1.0,6.1342496e-09
48,132,2.0,1.9276938e-09
48,132,3.0,2.1350055e-09
48,132,4.0,9.0575245e-09
48,132,5.0,5.1084483e-09
48,132,6.0,3.6983068e-09
48,132,7.0,9.524924e-09
48,132,8.0,7.094975e-08
48,132,9.0,1.4878158e-09
48,132,10.0,6.6078314e-08
48,132,11.0,6.15519e-09
48,132,12.0,1.9693713e-09
48,132,13.0,2.4993443e-09
48,132,14.0,1.9601671e-09
48,133,0.0,1.0111451e-11
48,133,1.0,2.0944854e-12
48,133,2.0,1.0964999e-09
48,133,3.0,3.1897587e-09
48,133,4.0,1.2481372e-08
48,133,5.0,5.5617e-09
48,133,6.0,6.8917534e-09
48,133,7.0,2.5644481e-11
48,133,8.0,8.210105e-09
48,133,9.0,9.82519e-11
48,133,10.0,1.5829992e-08
48,133,11.0,3.9891237e-09
48,133,12.0,1.0280764e-09
48,133,13.0,4.8706757e-11
48,133,14.0,9.2043545e-10
48,134,0.0,5.1763954e-11
48,134,1.0,4.437304e-11
48,134,2.0,7.4170363e-09
48,134,3.0,1.6840342e-09
48,134,4.0,1.8376012e-10
48,134,5.0,6.329121e-11
48,134,6.0,9.3738906e-11
48,134,7.0,2.675595e-10
48,134,8.0,7.0431466e-10
48,134,9.0,1.0631638e-09
48,134,10.0,1.4162932e-09
48,134,11.0,6.5831025e-09
48,134,12.0,5.076341e-09
48,134,13.0,1.0658492e-09
48,134,14.0,1.027125e-09
48,135,0.0,1.3149622e-07
48,135,1.0,5.4351395e-11
48,135,2.0,2.529883e-10
48,135,3.0,3.988614e-12
48,135,4.0,3.757291e-13
48,135,5.0,8.211432e-11
48,135,6.0,5.006569e-11
48,135,7.0,1.0492799e-11
48,135,8.0,2.3608287e-11
48,135,9.0,1.2998634e-10
48,135,10.0,3.7594483e-09
48,135,11.0,9.582461e-09
48,135,12.0,2.6205618e-09
48,135,13.0,3.7278232e-13
48,135,14.0,8.1877135e-15
48,136,0.0,3.9901832e-10
48,136,1.0,9.642688e-09
48,136,2.0,7.228078e-09
48,136,3.0,2.7253564e-09
48,136,4.0,1.2417204e-09
48,136,5.0,1.9846498e-09
48,136,6.0,2.7202605e-09
48,136,7.0,3.1243765e-09
48,136,8.0,3.2771896e-09
48,136,9.0,2.6776554e-09
48,136,10.0,2.494547e-09
48,136,11.0,3.345847e-09
48,136,12.0,6.9249118e-09
48,136,13.0,1.0529951e-08
48,136,14.0,6.4697123e-09
49,110,0.0,3.7238115e-09
49,110,1.0,5.9534183e-10
49,110,2.0,0.0
49,110,3.0,5.477269e-14
49,110,4.0,0.0
49,110,5.0,0.0
49,110,6.0,3.5533916e-17
49,110,7.0,7.2293944e-14
49,110,8.0,1.8812987e-13
49,110,9.0,1.0358372e-11
49,110,10.0,1.1066324e-10
49,110,11.0,1.0859062e-10
49,110,12.0,1.360237e-12
49,110,13.0,3.879232e-12
49,110,14.0,4.975801e-13
49,111,0.0,1.2808168e-10
49,111,1.0,0.0
49,111,2.0,7.118639e-12
49,111,3.0,2.4311043e-11
49,111,4.0,6.676073e-12
49,111,5.0,3.356941e-13
49,111,6.0,1.488243e-09
49,111,7.0,1.0672164e-09
49,111,8.0,4.7284116e-10
49,111,9.0,1.8876156e-09
49,111,10.0,2.98427e-09
49,111,11.0,7.792594e-12
49,111,12.0,4.612554e-12
49,111,13.0,3.5061353e-11
49,111,14.0,1.2387533e-09
49,112,0.0,9.937149e-12
49,112,1.0,3.531326e-10
49,112,2.0,4.3320956e-09
49,112,3.0,1.210094e-10
49,112,4.0,5.076124e-10
49,112,5.0,4.2342343e-09
49,112,6.0,1.1667697e-10
49,112,7.0,2.2372255e-11
49,112,8.0,8.796633e-11
49,112,9.0,1.5146888e-10
49,112,10.0,4.784714e-09
49,112,11.0,8.110233e-09
49,112,12.0,9.25984e-09
49,112,13.0,3.284234e-10
49,112,14.0,1.5948277e-09
49,113,0.0,2.0344872e-08
49,113,1.0,1.851212e-10
49,113,2.0,4.9862187e-08
49,113,3.0,9.102838e-09
49,113,4.0,2.6604633e-08
49,113,5.0,4.5638697e-09
49,113,6.0,1.2182478e-07
49,113,7.0,2.2780133e-08
49,113,8.0,2.4641744e-09
49,113,9.0,8.394852e-10
49,113,10.0,1.1203816e-08
49,113,11.0,4.9695483e-09
49,113,12.0,7.724305e-09
49,113,13.0,1.3420244e-11
49,113,14.0,5.912233e-09
49,114,0.0,5.4825775e-09
49,114,1.0,2.097987e-07
49,114,2.0,1.2257577e-09
49,114,3.0,1.5772184e-09
49,114,4.0,3.746408e-07
49,114,5.0,4.268127e-10
49,114,6.0,5.298828e-10
49,114,7.0,7.573278e-10
49,114,8.0,1.8078682e-10
49,114,9.0,4.937157e-09
49,114,10.0,1.07506235e-08
49,114,11.0,1.2282964e-10
49,114,12.0,2.1696898e-09
49,114,13.0,9.041663e-08
49,114,14.0,1.169696e-09
49,115,0.0,1.5393226e-10
49,115,1.0,8.217584e-10
49,115,2.0,1.8563613e-10
49,115,3.0,5.9397234e-09
49,115,4.0,2.6504532e-10
49,115,5.0,1.0045822e-09
49,115,6.0,4.3972292e-09
49,115,7.0,1.13266826e-10
49,115,8.0,1.0044076e-08
49,115,9.0,2.1353842e-11
49,115,10.0,1.9287936e-09
49,115,11.0,7.603869e-07
49,115,12.0,2.7378587e-06
49,115,13.0,5.595306e-06
49,115,14.0,2.4347005e-06
49,116,0.0,2.963537e-10
49,116,1.0,5.4771775e-08
49,116,2.0,3.1845284e-09
49,116,3.0,5.1782926e-08
49,116,4.0,2.3495277e-09
49,116,5.0,8.634862e-09
49,116,6.0,4.4708355e-07
49,116,7.0,1.4094499e-06
49,116,8.0,5.1622453e-07
49,116,9.0,1.4558041e-06
49,116,10.0,2.3480768e-06
49,116,11.0,1.1305734e-05
49,116,12.0,7.795423e-06
49,116,13.0,4.7413672e-05
49,116,14.0,1.7896467e-05
49,117,0.0,1.7966265e-09
49,117,1.0,2.269759e-07
49,117,2.0,1.0590636e-09
49,117,3.0,3.3516145e-07
49,117,4.0,3.7369027e-06
49,117,5.0,1.4734869e-05
49,117,6.0,1.5485498e-06
49,117,7.0,2.9542309e-05
49,117,8.0,5.203428e-05
49,117,9.0,4.0097606e-05
49,117,10.0,7.988736e-05
49,117,11.0,0.00019667439
49,117,12.0,0.00034398393
49,117,13.0,0.0005727676
49,117,14.0,0.00014107923
49,118,0.0,1.0704762e-08
49,118,1.0,3.3313627e-05
49,118,2.0,4.842176e-06
49,118,3.0,0.00012617058
49,118,4.0,4.4863547e-05
49,118,5.0,0.00036134548
49,118,6.0,0.00017500482
49,118,7.0,0.00046567575
49,118,8.0,0.0005049569
49,118,9.0,0.0005311277
49,118,10.0,0.0006149653
49,118,11.0,0.0013653551
49,118,12.0,0.0012077398
49,118,13.0,0.0010174275
49,118,14.0,0.0008740902
49,119,0.0,1.3891056e-05
49,119,1.0,5.7821784e-05
49,119,2.0,0.0003814788
49,119,3.0,0.0001279405
49,119,4.0,0.00037537818
49,119,5.0,0.001185849
49,119,6.0,0.0015779943
49,119,7.0,0.002887072
49,119,8.0,0.003770375
49,119,9.0,0.0062986608
49,119,10.0,0.003796299
49,119,11.0,0.005488776
49,119,12.0,0.004773811
49,119,13.0,0.0054163183
49,119,14.0,0.0073972037
49,120,0.0,0.0001223054
49,120,1.0,0.0003668805
49,120,2.0,0.00024978555
49,120,3.0,0.0017999511
49,120,4.0,0.0016874126
49,120,5.0,0.0037768246
49,120,6.0,0.006727496
49,120,7.0,0.005770923
49,120,8.0,0.008099044
49,120,9.0,0.015559386
49,120,10.0,0.018102815
49,120,11.0,0.022627488
49,120,12.0,0.01123914
49,120,13.0,0.015234416
49,120,14.0,0.011084596
49,121,0.0,0.00026104492
49,121,1.0,0.0014337745
49,121,2.0,0.002156878
49,121,3.0,0.0029479563
49,121,4.0,0.007841767
49,121,5.0,0.016667122
49,121,6.0,0.01566341
49,121,7.0,0.009824992
49,121,8.0,0.018657584
49,121,9.0,0.03125405
49,121,10.0,0.029770348
49,121,11.0,0.024240809
49,121,12.0,0.030663671
49,121,13.0,0.03254107
49,121,14.0,0.037236914
49,122,0.0,0.00039710937
49,122,1.0,0.0009912767
49,122,2.0,0.0023959847
49,122,3.0,0.0059683044
49,122,4.0,0.009596756
49,122,5.0,0.011242495
49,122,6.0,0.018430345
49,122,7.0,0.019165637
49,122,8.0,0.025181722
49,122,9.0,0.022262217
49,122,10.0,0.034547232
49,122,11.0,0.037904963
49,122,12.0,0.04507779
49,122,13.0,0.05600142
49,122,14.0,0.046754517
49,123,0.0,0.0013215292
49,123,1.0,0.0011834574
49,123,2.0,0.005327364
49,123,3.0,0.008068668
49,123,4.0,0.012820019
49,123,5.0,0.015537556
49,123,6.0,0.015660217
49,123,7.0,0.016899684
49,123,8.0,0.022060748
49,123,9.0,0.026983995
49,123,10.0,0.03312965
49,123,11.0,0.054410707
49,123,12.0,0.041694764
49,123,13.0,0.05950046
49,123,14.0,0.042390265
49,124,0.0,0.00047389956
49,124,1.0,0.0017090791
49,124,2.0,0.0037227455
49,124,3.0,0.006440495
49,124,4.0,0.008757282
49,124,5.0,0.013825493
49,124,6.0,0.015570634
49,124,7.0,0.022977874
49,124,8.0,0.017853461
49,124,9.0,0.027569566
49,124,10.0,0.019276321
49,124,11.0,0.028613284
49,124,12.0,0.040883303
49,124,13.0,0.03920933
49,124,14.0,0.039860222
49,125,0.0,0.0014887786
49,125,1.0,0.0021891044
49,125,2.0,0.005045528
49,125,3.0,0.011789689
49,125,4.0,0.012575316
49,125,5.0,0.012019824
49,125,6.0,0.02084075
49,125,7.0,0.022841679
49,125,8.0,0.021999946
49,125,9.0,0.026454711
49,125,10.0,0.032539193
49,125,11.0,0.03254282
49,125,12.0,0.045441125
49,125,13.0,0.05191787
49,125,14.0,0.042821214
49,126,0.0,0.0011318179
49,126,1.0,0.0048578004
49,126,2.0,0.010131595
49,126,3.0,0.015850347
49,126,4.0,0.016446492
49,126,5.0,0.0152324205
49,126,6.0,0.026238779
49,126,7.0,0.024392534
49,126,8.0,0.025563233
49,126,9.0,0.020699285
49,126,10.0,0.025576616
49,126,11.0,0.03929077
49,126,12.0,0.03417441
49,126,13.0,0.034585435
49,126,14.0,0.03554127
49,127,0.0,0.006207486
49,127,1.0,0.0072658374
49,127,2.0,0.010344921
49,127,3.0,0.01584581
49,127,4.0,0.02178643
49,127,5.0,0.022752644
49,127,6.0,0.028295914
49,127,7.0,0.02605135
49,127,8.0,0.02149714
49,127,9.0,0.029079575
49,127,10.0,0.028671093
49,127,11.0,0.02760817
49,127,12.0,0.031561684
49,127,13.0,0.026424926
49,127,14.0,0.026385328
49,128,0.0,0.005200223
49,128,1.0,0.00904038
49,128,2.0,0.011924771
49,128,3.0,0.020056114
49,128,4.0,0.025201302
49,128,5.0,0.024413962
49,128,6.0,0.016054716
49,128,7.0,0.015290805
49,128,8.0,0.016829105
49,128,9.0,0.019693892
49,128,10.0,0.027448494
49,128,11.0,0.017603325
49,128,12.0,0.010841797
49,128,13.0,0.012075669
49,128,14.0,0.016698211
49,129,0.0,0.0076230876
49,129,1.0,0.0083378805
49,129,2.0,0.010224762
49,129,3.0,0.010948976
49,129,4.0,0.012703394
49,129,5.0,0.011016626
49,129,6.0,0.015566869
49,129,7.0,0.013769195
49,129,8.0,0.010254484
49,129,9.0,0.0067381053
49,129,10.0,0.0053139674
49,129,11.0,0.010274823
49,129,12.0,0.015562342
49,129,13.0,0.01701729
49,129,14.0,0.0149894515
49,130,0.0,0.004156117
49,130,1.0,0.004833172
49,130,2.0,0.005662296
49,130,3.0,0.006754776
49,130,4.0,0.007163571
49,130,5.0,0.0061793057
49,130,6.0,0.006673489
49,130,7.0,0.005748744
49,130,8.0,0.0065351194
49,130,9.0,0.0056456495
49,130,10.0,0.00670783
49,130,11.0,0.0066826413
49,130,12.0,0.004022172
49,130,13.0,0.002462495
49,130,14.0,0.0038378588
49,131,0.0,0.0013809294
49,131,1.0,0.0009231517
49,131,2.0,0.00055898016
49,131,3.0,0.0015300133
49,131,4.0,0.0014301889
49,131,5.0,0.0014039178
49,131,6.0,0.0016664761
49,131,7.0,0.0016097884
49,131,8.0,0.0011591462
49,131,9.0,0.0022983158
49,131,10.0,0.0019828812
49,131,11.0,0.0015404349
49,131,12.0,0.0012201782
49,131,13.0,0.0007200758
49,131,14.0,0.00087423605
49,132,0.0,0.0003575241
49,132,1.0,0.00033027545
49,132,2.0,0.0003589116
49,132,3.0,0.0008750856
49,132,4.0,0.00080519565
49,132,5.0,0.00038056966
49,132,6.0,0.00017254763
49,132,7.0,7.4445124e-05
49,132,8.0,8.236816e-05
49,132,9.0,0.0001238806
49,132,10.0,0.00027620044
49,132,11.0,0.00019336228
49,132,12.0,0.00011495258
49,132,13.0,6.399857e-05
49,132,14.0,2.7996197e-05
49,133,0.0,9.983584e-06
49,133,1.0,2.1092754e-05
49,133,2.0,0.00013051317
49,133,3.0,7.189947e-05
49,133,4.0,3.2693108e-05
49,133,5.0,3.915906e-06
49,133,6.0,6.4917954e-06
49,133,7.0,2.910653e-06
49,133,8.0,4.630197e-06
49,133,9.0,5.2604673e-06
49,133,10.0,7.2020584e-06
49,133,11.0,2.7257613e-06
49,133,12.0,1.5362507e-06
49,133,13.0,2.2737247e-08
49,133,14.0,6.600579e-07
49,134,0.0,6.341361e-08
49,134,1.0,4.592134e-11
49,134,2.0,1.11954e-07
49,134,3.0,2.6956075e-06
49,134,4.0,6.480454e-08
49,134,5.0,1.163301e-07
49,134,6.0,3.871049e-07
49,134,7.0,1.268744e-06
49,134,8.0,1.593964e-07
49,134,9.0,1.3277554e-07
49,134,10.0,1.168532e-07
49,134,11.0,1.360601e-07
49,134,12.0,1.7681355e-08
49,134,13.0,5.4817466e-09
49,134,14.0,1.0411062e-07
49,135,0.0,1.6155037e-09
49,135,1.0,5.5329913e-08
49,135,2.0,6.490248e-09
49,135,3.0,9.805393e-09
49,135,4.0,1.380358e-07
49,135,5.0,2.3566633e-07
49,135,6.0,1.7119191e-07
49,135,7.0,1.0636067e-08
49,135,8.0,5.3727467e-09
49,135,9.0,9.120553e-08
49,135,10.0,6.287971e-08
49,135,11.0,2.6906138e-08
49,135,12.0,2.145356e-08
49,135,13.0,2.0663341e-08
49,135,14.0,9.742731e-09
49,136,0.0,1.1135337e-09
49,136,1.0,2.9150812e-10
49,136,2.0,1.1665159e-09
49,136,3.0,8.435536e-09
49,136,4.0,1.6985522e-08
49,136,5.0,9.56195e-09
49,136,6.0,9.578908e-09
49,136,7.0,4.959208e-09
49,136,8.0,9.183096e-09
49,136,9.0,6.459791e-09
49,136,10.0,2.0654306e-10
49,136,11.0,4.1913435e-12
49,136,12.0,1.6178924e-09
49,136,13.0,1.5510336e-09
49,136,14.0,4.253572e-09
49,137,0.0,9.44666e-10
49,137,1.0,1.180983e-09
49,137,2.0,3.3660688e-09
49,137,3.0,1.4565872e-09
49,137,4.0,1.3346838e-10
49,137,5.0,1.1485866e-11
49,137,6.0,8.20081e-11
49,137,7.0,2.348465e-10
49,137,8.0,4.441408e-10
49,137,9.0,5.200094e-10
49,137,10.0,9.482486e-10
49,137,11.0,3.4549656e-09
49,137,12.0,1.3716587e-09
49,137,13.0,1.5109594e-10
49,137,14.0,3.8858134e-09
49,138,0.0,3.1172828e-11
49,138,1.0,1.1479943e-09
49,138,2.0,2.2368991e-10
49,138,3.0,1.3689059e-11
49,138,4.0,4.370958e-12
49,138,5.0,1.9364446e-09
49,138,6.0,5.7348815e-09
49,138,7.0,1.3451112e-09
49,138,8.0,8.5379e-10
49,138,9.0,5.167267e-09
49,138,10.0,1.6404513e-08
49,138,11.0,1.173235e-09
49,138,12.0,1.5644829e-09
49,138,13.0,2.711168e-10
49,138,14.0,5.455864e-08
50,113,0.0,4.7831166e-12
50,113,1.0,3.4247414e-11
50,113,2.0,4.8409936e-11
50,113,3.0,1.0630929e-10
50,113,4.0,9.4115986e-11
50,113,5.0,4.765776e-10
50,113,6.0,8.284615e-11
50,113,7.0,2.3770477e-10
50,113,8.0,3.525204e-11
50,113,9.0,1.3675415e-09
50,113,10.0,6.0673216e-10
50,113,11.0,1.7454036e-09
50,113,12.0,2.1318673e-09
50,113,13.0,5.987075e-09
50,113,14.0,9.0304836e-10
50,114,0.0,3.7277864e-10
50,114,1.0,1.1344954e-09
50,114,2.0,2.6372807e-10
50,114,3.0,4.1019572e-13
50,114,4.0,2.0687394e-09
50,114,5.0,3.5502076e-10
50,114,6.0,6.884654e-09
50,114,7.0,5.916592e-10
50,114,8.0,2.3817387e-11
50,114,9.0,2.948425e-11
50,114,10.0,5.7785e-11
50,114,11.0,1.7329634e-11
50,114,12.0,6.3216806e-12
50,114,13.0,3.894191e-11
50,114,14.0,2.7339683e-11
50,115,0.0,1.6840307e-10
50,115,1.0,1.4160469e-10
50,115,2.0,5.3871235e-10
50,115,3.0,7.4121834e-11
50,115,4.0,1.15207885e-10
50,115,5.0,9.401344e-10
50,115,6.0,9.109185e-10
50,115,7.0,6.710271e-09
50,115,8.0,9.774081e-09
50,115,9.0,2.53666e-10
50,115,10.0,7.683984e-11
50,115,11.0,7.228257e-09
50,115,12.0,2.53293e-09
50,115,13.0,4.1353214e-09
50,115,14.0,5.7812605e-10
50,116,0.0,2.1204274e-11
50,116,1.0,5.75912e-13
50,116,2.0,0.0
50,116,3.0,3.250049e-10
50,116,4.0,2.1856692e-09
50,116,5.0,8.0948986e-10
50,116,6.0,4.5541064e-09
50,116,7.0,2.8206046e-10
50,116,8.0,3.9819957e-12
50,116,9.0,2.9145505e-11
50,116,10.0,4.3104023e-12
50,116,11.0,5.2811036e-09
50,116,12.0,3.1043995e-10
50,116,13.0,8.241662e-11
50,116,14.0,6.2086047e-09
50,117,0.0,1.62545e-14
50,117,1.0,4.3853663e-13
50,117,2.0,2.6114656e-11
50,117,3.0,0.0
50,117,4.0,0.0
50,117,5.0,1.797247e-15
50,117,6.0,3.023386e-13
50,117,7.0,8.805088e-11
50,117,8.0,4.5477204e-09
50,117,9.0,3.893428e-13
50,117,10.0,3.379187e-16
50,117,11.0,2.7151275e-08
50,117,12.0,2.086251e-07
50,117,13.0,4.098719e-10
50,117,14.0,7.174524e-08
50,118,0.0,1.812566e-10
50,118,1.0,8.410415e-08
50,118,2.0,4.0870036e-09
50,118,3.0,2.8898603e-07
50,118,4.0,1.0524238e-09
50,118,5.0,4.1236944e-13
50,118,6.0,2.0954363e-11
50,118,7.0,0.0
50,118,8.0,1.1311979e-07
50,118,9.0,1.5960586e-08
50,118,10.0,7.9960676e-14
50,118,11.0,4.1159745e-10
50,118,12.0,1.7699691e-05
50,118,13.0,1.497786e-05
50,118,14.0,1.2616025e-05
50,119,0.0,2.1381277e-08
50,119,1.0,1.91484e-07
50,119,2.0,1.0671365e-10
50,119,3.0,5.447352e-07
50,119,4.0,2.4997584e-05
50,119,5.0,1.6750819e-05
50,119,6.0,1.7728882e-05
50,119,7.0,2.9154184e-05
50,119,8.0,2.648296e-06
50,119,9.0,3.0186056e-06
50,119,10.0,2.3284987e-05
50,119,11.0,0.00026067664
50,119,12.0,0.0005893917
50,119,13.0,0.00022920418
50,119,14.0,0.000120147735
50,120,0.0,9.878864e-09
50,120,1.0,9.906683e-08
50,120,2.0,8.8254965e-06
50,120,3.0,1.1729899e-05
50,120,4.0,4.805202e-05
50,120,5.0,2.502e-05
50,120,6.0,7.679066e-05
50,120,7.0,0.00017339397
50,120,8.0,5.530766e-05
50,120,9.0,0.00017122098
50,120,10.0,0.00022324882
50,120,11.0,0.0005879551
50,120,12.0,0.0017281421
50,120,13.0,0.0016127022
50,120,14.0,0.0011277933
50,121,0.0,8.929668e-05
50,121,1.0,0.00010661274
50,121,2.0,0.00018857751
50,121,3.0,0.00065936206
50,121,4.0,0.00018358386
50,121,5.0,0.0009957345
50,121,6.0,0.0011940174
50,121,7.0,0.00067307515
50,121,8.0,0.0008729915
50,121,9.0,0.0025300933
50,121,10.0,0.0027813949
50,121,11.0,0.0027784999
50,121,12.0,0.0038040115
50,121,13.0,0.0056532742
50,121,14.0,0.004887177
50,122,0.0,4.374471e-05
50,122,1.0,5.2805583e-05
50,122,2.0,0.00027732903
50,122,3.0,0.0006006784
50,122,4.0,0.0017363619
50,122,5.0,0.0023898848
50,122,6.0,0.0027800219
50,122,7.0,0.0024750095
50,122,8.0,0.0025410715
50,122,9.0,0.0044872686
50,122,10.0,0.0064767846
50,122,11.0,0.00811662
50,122,12.0,0.007502301
50,122,13.0,0.009764037
50,122,14.0,0.010981078
50,123,0.0,0.00023399542
50,123,1.0,0.00032145486
50,123,2.0,0.0009158369
50,123,3.0,0.0010220397
50,123,4.0,0.0022069542
50,123,5.0,0.0053031137
50,123,6.0,0.0032864597
50,123,7.0,0.005459865
50,123,8.0,0.008159029
50,123,9.0,0.009172096
50,123,10.0,0.011040442
50,123,11.0,0.017739037
50,123,12.0,0.02481761
50,123,13.0,0.022281934
50,123,14.0,0.02087597
50,124,0.0,0.0008069056
50,124,1.0,0.000958565
50,124,2.0,0.0044519124
50,124,3.0,0.004454456
50,124,4.0,0.0069676265
50,124,5.0,0.0069638747
50,124,6.0,0.011795654
50,124,7.0,0.014860601
50,124,8.0,0.013582895
50,124,9.0,0.014842281
50,124,10.0,0.02301867
50,124,11.0,0.02716943
50,124,12.0,0.029310623
50,124,13.0,0.029400527
50,124,14.0,0.03698025
50,125,0.0,0.0015566804
50,125,1.0,0.005346268
50,125,2.0,0.0044841883
50,125,3.0,0.007800067
50,125,4.0,0.009258827
50,125,5.0,0.016259508
50,125,6.0,0.016794557
50,125,7.0,0.018250357
50,125,8.0,0.021714129
50,125,9.0,0.018287925
50,125,10.0,0.021974063
50,125,11.0,0.03146195
50,125,12.0,0.031143954
50,125,13.0,0.030335993
50,125,14.0,0.05511148
50,126,0.0,0.0059711835
50,126,1.0,0.007178835
50,126,2.0,0.018655643
50,126,3.0,0.0286585
50,126,4.0,0.035796832
50,126,5.0,0.042812042
50,126,6.0,0.04316676
50,126,7.0,0.037245665
50,126,8.0,0.03250143
50,126,9.0,0.03988892
50,126,10.0,0.04742822
50,126,11.0,0.047395095
50,126,12.0,0.05023853
50,126,13.0,0.06581258
50,126,14.0,0.09064738
50,127,0.0,0.010769023
50,127,1.0,0.024673766
50,127,2.0,0.03165907
50,127,3.0,0.03314014
50,127,4.0,0.041863296
50,127,5.0,0.04547921
50,127,6.0,0.048778366
50,127,7.0,0.045228153
50,127,8.0,0.041731387
50,127,9.0,0.055305656
50,127,10.0,0.08222265
50,127,11.0,0.06366459
50,127,12.0,0.06871658
50,127,13.0,0.09277984
50,127,14.0,0.10724572
50,128,0.0,0.043145217
50,128,1.0,0.059276696
50,128,2.0,0.08896421
50,128,3.0,0.117409036
50,128,4.0,0.109171554
50,128,5.0,0.0962632
50,128,6.0,0.08801307
50,128,7.0,0.11868022
50,128,8.0,0.13096552
50,128,9.0,0.12775025
50,128,10.0,0.13220276
50,128,11.0,0.1420376
50,128,12.0,0.14207618
50,128,13.0,0.14966764
50,128,14.0,0.13690762
50,129,0.0,0.08164664
50,129,1.0,0.12833877
50,129,2.0,0.16454878
50,129,3.0,0.13073653
50,129,4.0,0.12065265
50,129,5.0,0.10428719
50,129,6.0,0.09602153
50,129,7.0,0.111603566
50,129,8.0,0.15898047
50,129,9.0,0.11887643
50,129,10.0,0.17595355
50,129,11.0,0.1534156
50,129,12.0,0.13490704
50,129,13.0,0.103617534
50,129,14.0,0.13779438
50,130,0.0,0.15672524
50,130,1.0,0.17164975
50,130,2.0,0.12565911
50,130,3.0,0.11549108
50,130,4.0,0.13000603
50,130,5.0,0.14891455
50,130,6.0,0.14251661
50,130,7.0,0.12612446
50,130,8.0,0.11280934
50,130,9.0,0.113922104
50,130,10.0,0.14440475
50,130,11.0,0.12873153
50,130,12.0,0.10420009
50,130,13.0,0.10007663
50,130,14.0,0.10701743
50,131,0.0,0.09664107
50,131,1.0,0.1023811
50,131,2.0,0.0953368
50,131,3.0,0.09684429
50,131,4.0,0.07515944
50,131,5.0,0.07900022
50,131,6.0,0.077361405
50,131,7.0,0.05117156
50,131,8.0,0.06894216
50,131,9.0,0.05518692
50,131,10.0,0.052119024
50,131,11.0,0.049379185
50,131,12.0,0.04566662
50,131,13.0,0.04544417
50,131,14.0,0.057448924
50,132,0.0,0.07270855
50,132,1.0,0.058227748
50,132,2.0,0.049137548
50,132,3.0,0.045233674
50,132,4.0,0.032114986
50,132,5.0,0.022532884
50,132,6.0,0.0443173
50,132,7.0,0.039248068
50,132,8.0,0.03975248
50,132,9.0,0.022567527
50,132,10.0,0.030585725
50,132,11.0,0.02368496
50,132,12.0,0.014538343
50,132,13.0,0.015939305
50,132,14.0,0.015219703
50,133,0.0,0.01223994
50,133,1.0,0.0051680296
50,133,2.0,0.0030680494
50,133,3.0,0.0032729805
50,133,4.0,0.0051530604
50,133,5.0,0.0073437844
50,133,6.0,0.0049178195
50,133,7.0,0.0060414174
50,133,8.0,0.005904755
50,133,9.0,0.0055079744
50,133,10.0,0.0030316461
50,133,11.0,0.0020567775
50,133,12.0,0.0025144375
50,133,13.0,0.002554705
50,133,14.0,0.0019540326
50,134,0.0,0.0016282329
50,134,1.0,0.001232001
50,134,2.0,0.0017922189
50,134,3.0,0.0016076645
50,134,4.0,0.000586147
50,134,5.0,0.0006128083
50,134,6.0,0.00090341124
50,134,7.0,0.0013630103
50,134,8.0,0.00060833734
50,134,9.0,0.00052904635
50,134,10.0,0.00061548885
50,134,11.0,0.0007283062
50,134,12.0,0.00028344014
50,134,13.0,0.00072016224
50,134,14.0,0.00025022816
50,135,0.0,1.3404163e-05
50,135,1.0,2.2087455e-05
50,135,2.0,1.1160054e-06
50,135,3.0,9.1483463e-07
50,135,4.0,4.7388785e-06
50,135,5.0,2.0506527e-06
50,135,6.0,1.1352327e-06
50,135,7.0,5.1756997e-06
50,135,8.0,6.436698e-06
50,135,9.0,3.197328e-06
50,135,10.0,5.674285e-06
50,135,11.0,5.3666713e-06
50,135,12.0,1.2690241e-06
50,135,13.0,9.427866e-07
50,135,14.0,2.572682e-06
50,136,0.0,1.3550631e-06
50,136,1.0,3.861061e-06
50,136,2.0,5.1657734e-10
50,136,3.0,4.932569e-10
50,136,4.0,5.985336e-08
50,136,5.0,5.3668266e-08
50,136,6.0,1.0794027e-07
50,136,7.0,1.038988e-08
50,136,8.0,2.2172807e-10
50,136,9.0,1.0668397e-08
50,136,10.0,1.5509208e-07
50,136,11.0,5.074592e-08
50,136,12.0,1.6654866e-08
50,136,13.0,9.493231e-09
50,136,14.0,6.8117134e-07
50,137,0.0,3.4518457e-08
50,137,1.0,3.4627756e-09
50,137,2.0,5.561108e-10
50,137,3.0,6.038931e-10
50,137,4.0,1.5981045e-09
50,137,5.0,6.0166596e-09
50,137,6.0,1.7456715e-09
50,137,7.0,1.1702805e-09
50,137,8.0,5.7602156e-10
50,137,9.0,3.2068879e-09
50,137,10.0,4.4139523e-09
50,137,11.0,3.735488e-09
50,137,12.0,2.1946693e-10
50,137,13.0,3.426767e-10
50,137,14.0,2.328367e-09
50,138,0.0,4.739954e-10
50,138,1.0,1.8592894e-09
50,138,2.0,5.3561107e-09
50,138,3.0,3.5500694e-10
50,138,4.0,3.3962726e-09
50,138,5.0,4.687557e-10
50,138,6.0,1.2953416e-08
50,138,7.0,1.3024442e-08
50,138,8.0,6.1297927e-09
50,138,9.0,9.213144e-09
50,138,10.0,6.8386097e-09
50,138,11.0,4.4938564e-09
50,138,12.0,4.7160353e-10
50,138,13.0,8.049001e-09
50,138,14.0,4.8165836e-09
50,139,0.0,1.3697045e-08
50,139,1.0,1.2080072e-09
50,139,2.0,2.0415894e-10
50,139,3.0,2.5360094e-08
50,139,4.0,2.648896e-08
50,139,5.0,2.8236808e-09
50,139,6.0,3.8226e-10
50,139,7.0,2.7354827e-10
50,139,8.0,2.3387914e-10
50,139,9.0,1.0718062e-10
50,139,10.0,1.2187048e-09
50,139,11.0,2.1235586e-10
50,139,12.0,1.4216607e-11
50,139,13.0,2.1255554e-10
50,139,14.0,2.1466644e-10
50,140,0.0,4.3257134e-10
50,140,1.0,7.6138705e-12
50,140,2.0,2.7968597e-10
50,140,3.0,1.361366e-08
50,140,4.0,2.0577494e-10
50,140,5.0,2.5394334e-10
50,140,6.0,5.605064e-09
50,140,7.0,1.1234164e-08
50,140,8.0,8.2733544e-09
50,140,9.0,2.4939038e-09
50,140,10.0,1.6876986e-09
50,140,11.0,1.8491484e-08
50,140,12.0,4.3460062e-08
50,140,13.0,3.382207e-09
50,140,14.0,8.1081565e-14
51,116,0.0,9.370219e-10
51,116,1.0,1.3139502e-08
51,116,2.0,2.7388408e-13
51,116,3.0,1.1663059e-07
51,116,4.0,1.6823054e-07
51,116,5.0,7.356245e-09
51,116,6.0,3.1007158e-08
51,116,7.0,4.9792824e-08
51,116,8.0,1.4992879e-09
51,116,9.0,3.4525575e-12
51,116,10.0,1.649999e-11
51,116,11.0,1.0157038e-08
51,116,12.0,9.008828e-10
51,116,13.0,4.8433574e-08
51,116,14.0,2.7113436e-09
51,117,0.0,1.1587052e-14
51,117,1.0,2.1405137e-08
51,117,2.0,2.3189726e-09
51,117,3.0,4.771577e-08
51,117,4.0,1.6299577e-08
51,117,5.0,3.7469866e-07
51,117,6.0,9.8386534e-09
51,117,7.0,4.9166254e-10
51,117,8.0,3.6670678e-09
51,117,9.0,1.5259842e-07
51,117,10.0,2.0576605e-08
51,117,11.0,4.0635648e-10
51,117,12.0,3.7632337e-09
51,117,13.0,9.212468e-09
51,117,14.0,6.628939e-12
51,118,0.0,6.969121e-11
51,118,1.0,1.7777859e-12
51,118,2.0,1.3937842e-12
51,118,3.0,1.0041958e-08
51,118,4.0,6.05621e-09
51,118,5.0,2.2363174e-08
51,118,6.0,7.9980766e-10
51,118,7.0,2.0034573e-12
51,118,8.0,2.4994025e-09
51,118,9.0,8.7463174e-09
51,118,10.0,3.6598446e-10
51,118,11.0,1.7485714e-10
51,118,12.0,4.5380447e-10
51,118,13.0,2.3006232e-09
51,118,14.0,5.338837e-12
51,119,0.0,1.7801243e-13
51,119,1.0,2.974073e-13
51,119,2.0,1.7611802e-08
51,119,3.0,3.9548717e-10
51,119,4.0,4.265896e-12
51,119,5.0,3.2071516e-12
51,119,6.0,6.534587e-10
51,119,7.0,1.5925902e-09
51,119,8.0,4.6814435e-08
51,119,9.0,8.231554e-07
51,119,10.0,2.6877142e-10
51,119,11.0,1.1850236e-09
51,119,12.0,1.03598296e-07
51,119,13.0,1.6198278e-06
51,119,14.0,7.072077e-08
51,120,0.0,1.4656953e-09
51,120,1.0,2.3959262e-07
51,120,2.0,1.4276873e-08
51,120,3.0,9.990948e-08
51,120,4.0,2.1794562e-09
51,120,5.0,8.399116e-09
51,120,6.0,1.0868846e-07
51,120,7.0,1.277591e-07
51,120,8.0,6.218325e-08
51,120,9.0,1.0052678e-07
51,120,10.0,3.6837733e-07
51,120,11.0,2.6768083e-07
51,120,12.0,6.998496e-07
51,120,13.0,1.8310669e-08
51,120,14.0,1.225578e-09
51,121,0.0,4.5805137e-09
51,121,1.0,1.9164444e-08
51,121,2.0,6.763511e-11
51,121,3.0,2.2564782e-08
51,121,4.0,7.071645e-08
51,121,5.0,6.244169e-09
51,121,6.0,2.5518494e-07
51,121,7.0,2.4348034e-07
51,121,8.0,5.9980937e-07
51,121,9.0,2.5608203e-06
51,121,10.0,3.6108184e-05
51,121,11.0,3.2144228e-05
51,121,12.0,9.347793e-06
51,121,13.0,3.3151173e-05
51,121,14.0,1.7836213e-05
51,122,0.0,5.3650933e-08
51,122,1.0,9.909259e-07
51,122,2.0,2.1188737e-10
51,122,3.0,1.0257486e-06
51,122,4.0,1.7989103e-05
51,122,5.0,5.779531e-06
51,122,6.0,2.5948204e-05
51,122,7.0,2.630769e-05
51,122,8.0,6.557168e-05
51,122,9.0,4.965805e-05
51,122,10.0,4.19295e-05
51,122,11.0,0.00010113614
51,122,12.0,1.6745587e-05
51,122,13.0,3.7326663e-05
51,122,14.0,0.0001258244
51,123,0.0,5.4780608e-06
51,123,1.0,1.8401272e-06
51,123,2.0,1.2034936e-05
51,123,3.0,1.4758045e-05
51,123,4.0,7.620471e-05
51,123,5.0,9.4850846e-05
51,123,6.0,3.363736e-05
51,123,7.0,0.00015035152
51,123,8.0,0.00026000428
51,123,9.0,0.00014608474
51,123,10.0,0.00014850282
51,123,11.0,0.00031409913
51,123,12.0,0.0007732301
51,123,13.0,0.00078723114
51,123,14.0,0.0009263844
51,124,0.0,6.975549e-06
51,124,1.0,6.2390545e-06
51,124,2.0,8.014251e-05
51,124,3.0,8.837344e-05
51,124,4.0,0.00010956659
51,124,5.0,0.0002718155
51,124,6.0,0.0006833999
51,124,7.0,0.00069553853
51,124,8.0,0.00096916524
51,124,9.0,0.0012695267
51,124,10.0,0.0019537853
51,124,11.0,0.002908029
51,124,12.0,0.003055897
51,124,13.0,0.002642142
51,124,14.0,0.0014078891
51,125,0.0,9.511644e-05
51,125,1.0,0.00016914992
51,125,2.0,0.00023374203
51,125,3.0,0.000888417
51,125,4.0,0.0006391204
51,125,5.0,0.0019480515
51,125,6.0,0.002784192
51,125,7.0,0.002585618
51,125,8.0,0.0044645052
51,125,9.0,0.007648158
51,125,10.0,0.0104157785
51,125,11.0,0.013131716
51,125,12.0,0.017977176
51,125,13.0,0.017771998
51,125,14.0,0.018895162
51,126,0.0,0.00021968175
51,126,1.0,0.0005849387
51,126,2.0,0.0005862071
51,126,3.0,0.0020331643
51,126,4.0,0.0025212048
51,126,5.0,0.00352271
51,126,6.0,0.0049532834
51,126,7.0,0.006355107
51,126,8.0,0.011393689
51,126,9.0,0.017102558
51,126,10.0,0.021773892
51,126,11.0,0.022046834
51,126,12.0,0.026389072
51,126,13.0,0.027882978
51,126,14.0,0.028371602
51,127,0.0,0.0011433292
51,127,1.0,0.0021921077
51,127,2.0,0.0039387573
51,127,3.0,0.009099128
51,127,4.0,0.010708525
51,127,5.0,0.014280522
51,127,6.0,0.015496081
51,127,7.0,0.018123165
51,127,8.0,0.01957257
51,127,9.0,0.023268571
51,127,10.0,0.029752437
51,127,11.0,0.039276794
51,127,12.0,0.05151633
51,127,13.0,0.06676217
51,127,14.0,0.07594878
51,128,0.0,0.0018401813
51,128,1.0,0.0049637263
51,128,2.0,0.019553201
51,128,3.0,0.018392196
51,128,4.0,0.01942619
51,128,5.0,0.027924174
51,128,6.0,0.041774694
51,128,7.0,0.041684702
51,128,8.0,0.04279144
51,128,9.0,0.050796866
51,128,10.0,0.062065735
51,128,11.0,0.068180785
51,128,12.0,0.070646845
51,128,13.0,0.076943725
51,128,14.0,0.089316666
51,129,0.0,0.016478637
51,129,1.0,0.034982957
51,129,2.0,0.04766159
51,129,3.0,0.05750312
51,129,4.0,0.06823593
51,129,5.0,0.07657689
51,129,6.0,0.083976515
51,129,7.0,0.09513251
51,129,8.0,0.115292974
51,129,9.0,0.10102378
51,129,10.0,0.108224325
51,129,11.0,0.12588507
51,129,12.0,0.147535
51,129,13.0,0.17825916
51,129,14.0,0.19815728
51,130,0.0,0.050858192
51,130,1.0,0.10225943
51,130,2.0,0.090000816
51,130,3.0,0.13990746
51,130,4.0,0.21201351
51,130,5.0,0.22329454
51,130,6.0,0.21384908
51,130,7.0,0.2393466
51,130,8.0,0.25936812
51,130,9.0,0.23525198
51,130,10.0,0.21594995
51,130,11.0,0.23197655
51,130,12.0,0.26957077
51,130,13.0,0.2767205
51,130,14.0,0.2664084
51,131,0.0,0.2549641
51,131,1.0,0.5087449
51,131,2.0,0.27706453
51,131,3.0,0.34672394
51,131,4.0,0.38242173
51,131,5.0,0.4007747
51,131,6.0,0.44314796
51,131,7.0,0.43583447
51,131,8.0,0.43522087
51,131,9.0,0.38099083
51,131,10.0,0.42613015
51,131,11.0,0.6441609
51,131,12.0,0.44544336
51,131,13.0,0.44748342
51,131,14.0,0.32556194
51,132,0.0,0.39678743
51,132,1.0,0.3313857
51,132,2.0,0.28086975
51,132,3.0,0.4474401
51,132,4.0,0.39036006
51,132,5.0,0.56049746
51,132,6.0,0.35984895
51,132,7.0,0.39045778
51,132,8.0,0.34809887
51,132,9.0,0.43536624
51,132,10.0,0.3163846
51,132,11.0,0.3432959
51,132,12.0,0.32504427
51,132,13.0,0.3385576
51,132,14.0,0.27462903
51,133,0.0,0.40461743
51,133,1.0,0.27338752
51,133,2.0,0.41822284
51,133,3.0,0.45633557
51,133,4.0,0.36177498
51,133,5.0,0.22161669
51,133,6.0,0.35092476
51,133,7.0,0.3159871
51,133,8.0,0.276398
51,133,9.0,0.2775927
51,133,10.0,0.29297566
51,133,11.0,0.14506094
51,133,12.0,0.17178608
51,133,13.0,0.1806074
51,133,14.0,0.11639074
51,134,0.0,0.067572884
51,134,1.0,0.1013181
51,134,2.0,0.08969539
51,134,3.0,0.0620648
51,134,4.0,0.09920314
51,134,5.0,0.053261027
51,134,6.0,0.04358517
51,134,7.0,0.03142502
51,134,8.0,0.03980909
51,134,9.0,0.03091828
51,134,10.0,0.024389084
51,134,11.0,0.037797432
51,134,12.0,0.01886785
51,134,13.0,0.032415673
51,134,14.0,0.023727415
51,135,0.0,0.01350165
51,135,1.0,0.009919397
51,135,2.0,0.011479445
51,135,3.0,0.01790746
51,135,4.0,0.006232184
51,135,5.0,0.004829637
51,135,6.0,0.008061106
51,135,7.0,0.007632466
51,135,8.0,0.0052565536
51,135,9.0,0.008642184
51,135,10.0,0.010603643
51,135,11.0,0.00649739
51,135,12.0,0.0067285122
51,135,13.0,0.007203819
51,135,14.0,0.0071756775
51,136,0.0,0.0017738756
51,136,1.0,0.0028904798
51,136,2.0,0.0024505332
51,136,3.0,0.0013239149
51,136,4.0,0.0013472892
51,136,5.0,0.00073453574
51,136,6.0,0.0019231418
51,136,7.0,0.00074513827
51,136,8.0,0.00095913716
51,136,9.0,0.00091680855
51,136,10.0,0.0018366991
51,136,11.0,0.0024555086
51,136,12.0,0.0016684288
51,136,13.0,0.0008705448
51,136,14.0,0.0005106053
51,137,0.0,0.00041885633
51,137,1.0,7.971198e-05
51,137,2.0,0.0001523049
51,137,3.0,7.765259e-05
51,137,4.0,0.00011524647
51,137,5.0,6.7405424e-05
51,137,6.0,4.6876532e-05
51,137,7.0,5.1402112e-05
51,137,8.0,2.6908392e-05
51,137,9.0,3.3582022e-05
51,137,10.0,2.7573655e-05
51,137,11.0,1.5218547e-05
51,137,12.0,3.50392e-05
51,137,13.0,6.3933505e-05
51,137,14.0,4.8027316e-05
51,138,0.0,7.114471e-06
51,138,1.0,5.008832e-06
51,138,2.0,3.5941262e-06
51,138,3.0,6.9427547e-06
51,138,4.0,5.472403e-06
51,138,5.0,4.6749155e-06
51,138,6.0,7.955198e-06
51,138,7.0,1.2755284e-05
51,138,8.0,8.208187e-06
51,138,9.0,4.652948e-06
51,138,10.0,2.3147528e-05
51,138,11.0,8.7647936e-07
51,138,12.0,2.222918e-07
51,138,13.0,1.4689144e-06
51,138,14.0,8.3340217e-07
51,139,0.0,3.6191563e-09
51,139,1.0,1.5327756e-10
51,139,2.0,2.6845458e-11
51,139,3.0,6.5557293e-10
51,139,4.0,2.4921325e-08
51,139,5.0,6.630775e-10
51,139,6.0,7.9089074e-10
51,139,7.0,3.2974568e-09
51,139,8.0,1.1597414e-08
51,139,9.0,3.4590062e-09
51,139,10.0,1.1426556e-09
51,139,11.0,6.2603167e-10
51,139,12.0,2.792939e-10
51,139,13.0,1.0199388e-09
51,139,14.0,1.6238807e-09
51,140,0.0,2.3925661e-08
51,140,1.0,1.0988701e-08
51,140,2.0,3.6769512e-09
51,140,3.0,7.2339823e-09
51,140,4.0,1.7834338e-08
51,140,5.0,4.0515694e-08
51,140,6.0,8.974339e-08
51,140,7.0,4.979264e-08
51,140,8.0,2.4200178e-08
51,140,9.0,1.0487056e-08
51,140,10.0,5.708942e-09
51,140,11.0,5.2545963e-09
51,140,12.0,4.6477133e-09
51,140,13.0,4.7599973e-09
51,140,14.0,7.5860304e-11
51,141,0.0,6.1176597e-10
51,141,1.0,8.719376e-09
51,141,2.0,9.054855e-11
51,141,3.0,8.553233e-10
51,141,4.0,1.3075436e-08
51,141,5.0,2.3040885e-08
51,141,6.0,1.507138e-08
51,141,7.0,9.778349e-10
51,141,8.0,7.4515505e-10
51,141,9.0,2.8014036e-10
51,141,10.0,6.8741133e-12
51,141,11.0,6.4441976e-12
51,141,12.0,1.9381228e-12
51,141,13.0,1.6620065e-14
51,141,14.0,7.793279e-16
51,142,0.0,3.0591273e-11
51,142,1.0,1.9188835e-13
51,142,2.0,3.2687872e-09
51,142,3.0,7.7003216e-11
51,142,4.0,2.8573324e-10
51,142,5.0,1.5316209e-09
51,142,6.0,7.3863776e-10
51,142,7.0,2.003727e-10
51,142,8.0,3.2327468e-10
51,142,9.0,2.6837782e-10
51,142,10.0,2.9278392e-11
51,142,11.0,2.3632776e-10
51,142,12.0,3.0581315e-10
51,142,13.0,1.29194175e-08
51,142,14.0,9.275553e-11
51,143,0.0,1.9955235e-10
51,143,1.0,2.2283371e-11
51,143,2.0,2.643798e-12
51,143,3.0,3.3521488e-14
51,143,4.0,7.223665e-15
51,143,5.0,3.9244764e-11
51,143,6.0,4.8861217e-09
51,143,7.0,8.382244e-09
51,143,8.0,9.0108045e-09
51,143,9.0,1.29985e-18
51,143,10.0,0.0
51,143,11.0,0.0
51,143,12.0,3.8640258e-10
51,143,13.0,6.8579313e-12
51,143,14.0,0.0
52,119,0.0,1.9250983e-10
52,119,1.0,7.796686e-10
52,119,2.0,1.0999679e-09
52,119,3.0,3.7933614e-08
52,119,4.0,2.7970268e-08
52,119,5.0,5.578215e-10
52,119,6.0,1.9825717e-10
52,119,7.0,4.7519112e-08
52,119,8.0,1.7016343e-09
52,119,9.0,5.1968406e-08
52,119,10.0,1.4255365e-08
52,119,11.0,1.2883098e-09
52,119,12.0,1.861099e-08
52,119,13.0,4.8416844e-08
52,119,14.0,8.5492395e-09
52,120,0.0,2.8662303e-12
52,120,1.0,1.6053272e-12
52,120,2.0,5.003427e-12
52,120,3.0,5.802581e-10
52,120,4.0,8.4724773e-13
52,120,5.0,5.6183686e-11
52,120,6.0,1.4900028e-10
52,120,7.0,6.057321e-12
52,120,8.0,1.1359201e-10
52,120,9.0,1.1071941e-10
52,120,10.0,1.7889593e-10
52,120,11.0,1.5485566e-10
52,120,12.0,2.0924955e-10
52,120,13.0,4.864509e-11
52,120,14.0,1.4727554e-12
52,121,0.0,7.229727e-12
52,121,1.0,3.9608297e-10
52,121,2.0,8.854091e-11
52,121,3.0,9.6753725e-09
52,121,4.0,2.503208e-11
52,121,5.0,1.4876537e-09
52,121,6.0,9.178312e-10
52,121,7.0,2.9042286e-09
52,121,8.0,3.9209938e-09
52,121,9.0,3.616204e-09
52,121,10.0,3.665907e-09
52,121,11.0,4.64814e-09
52,121,12.0,4.0790917e-09
52,121,13.0,5.4570948e-09
52,121,14.0,3.930071e-10
52,122,0.0,5.1062926e-12
52,122,1.0,4.6464565e-11
52,122,2.0,7.4438914e-20
52,122,3.0,1.0113333e-11
52,122,4.0,0.0
52,122,5.0,1.12264475e-10
52,122,6.0,3.3052943e-14
52,122,7.0,6.34225e-11
52,122,8.0,2.4193209e-10
52,122,9.0,1.9537405e-08
52,122,10.0,2.4076904e-08
52,122,11.0,2.7784448e-09
52,122,12.0,1.7846575e-09
52,122,13.0,4.3474694e-15
52,122,14.0,1.9657759e-07
52,123,0.0,3.034181e-10
52,123,1.0,0.0
52,123,2.0,1.7755337e-11
52,123,3.0,1.1485671e-09
52,123,4.0,4.916351e-09
52,123,5.0,1.420405e-07
52,123,6.0,3.1074535e-10
52,123,7.0,6.8537463e-12
52,123,8.0,4.2501096e-09
52,123,9.0,1.7142733e-08
52,123,10.0,5.2872704e-08
52,123,11.0,1.2169157e-07
52,123,12.0,2.4293035e-08
52,123,13.0,3.760969e-07
52,123,14.0,1.1000755e-06
52,124,0.0,5.826648e-09
52,124,1.0,2.2438708e-07
52,124,2.0,2.7981887e-05
52,124,3.0,8.823544e-09
52,124,4.0,7.6350835e-12
52,124,5.0,2.4408942e-08
52,124,6.0,2.320977e-06
52,124,7.0,3.1020914e-05
52,124,8.0,3.9508755e-05
52,124,9.0,3.893208e-05
52,124,10.0,2.6939402e-05
52,124,11.0,1.4529079e-05
52,124,12.0,1.7075595e-06
52,124,13.0,1.3378501e-05
52,124,14.0,1.3303886e-05
52,125,0.0,1.3311299e-09
52,125,1.0,3.5784446e-08
52,125,2.0,1.7483098e-05
52,125,3.0,3.7097256e-05
52,125,4.0,7.4121485e-06
52,125,5.0,2.0208396e-05
52,125,6.0,1.0508801e-05
52,125,7.0,7.5071716e-06
52,125,8.0,2.0625615e-05
52,125,9.0,0.00019632804
52,125,10.0,0.00012365266
52,125,11.0,0.0002715826
52,125,12.0,0.00028986658
52,125,13.0,0.00035176487
52,125,14.0,0.0007185904
52,126,0.0,4.6258933e-06
52,126,1.0,9.836194e-06
52,126,2.0,1.3730363e-05
52,126,3.0,0.00016344842
52,126,4.0,3.8036982e-05
52,126,5.0,0.00025127525
52,126,6.0,0.00024756917
52,126,7.0,0.00034179262
52,126,8.0,0.00030878594
52,126,9.0,0.0005167055
52,126,10.0,0.0008292046
52,126,11.0,0.0019017211
52,126,12.0,0.0024576483
52,126,13.0,0.0040804762
52,126,14.0,0.0033434501
52,127,0.0,3.7278069e-06
52,127,1.0,6.863221e-05
52,127,2.0,0.00014890611
52,127,3.0,0.00051237474
52,127,4.0,0.00072295894
52,127,5.0,0.0008090386
52,127,6.0,0.0013175252
52,127,7.0,0.0014202021
52,127,8.0,0.0016842171
52,127,9.0,0.0025870223
52,127,10.0,0.005496087
52,127,11.0,0.007936911
52,127,12.0,0.009756465
52,127,13.0,0.009335182
52,127,14.0,0.011090758
52,128,0.0,7.777124e-06
52,128,1.0,0.00012916853
52,128,2.0,0.00055171165
52,128,3.0,0.0007853957
52,128,4.0,0.001852431
52,128,5.0,0.00248174
52,128,6.0,0.00254427
52,128,7.0,0.0032277175
52,128,8.0,0.003747599
52,128,9.0,0.004551294
52,128,10.0,0.006039909
52,128,11.0,0.007765063
52,128,12.0,0.012144316
52,128,13.0,0.011210741
52,128,14.0,0.016084736
52,129,0.0,0.0002846431
52,129,1.0,0.0007838761
52,129,2.0,0.0022442972
52,129,3.0,0.0021835987
52,129,4.0,0.003590375
52,129,5.0,0.007296908
52,129,6.0,0.009060739
52,129,7.0,0.010731176
52,129,8.0,0.012987513
52,129,9.0,0.014553704
52,129,10.0,0.019675339
52,129,11.0,0.025800046
52,129,12.0,0.036764756
52,129,13.0,0.037138928
52,129,14.0,0.0363634
52,130,0.0,0.0041421046
52,130,1.0,0.003970289
52,130,2.0,0.0075346655
52,130,3.0,0.011914204
52,130,4.0,0.014832867
52,130,5.0,0.018415313
52,130,6.0,0.025857309
52,130,7.0,0.02973962
52,130,8.0,0.029926911
52,130,9.0,0.029152848
52,130,10.0,0.044475853
52,130,11.0,0.053038582
52,130,12.0,0.042981204
52,130,13.0,0.058397807
52,130,14.0,0.09513831
52,131,0.0,0.032131985
52,131,1.0,0.050753772
52,131,2.0,0.08658589
52,131,3.0,0.1073143
52,131,4.0,0.12541197
52,131,5.0,0.10684577
52,131,6.0,0.13433419
52,131,7.0,0.12686029
52,131,8.0,0.13964327
52,131,9.0,0.12661849
52,131,10.0,0.13013826
52,131,11.0,0.153627
52,131,12.0,0.19575898
52,131,13.0,0.20680307
52,131,14.0,0.2117605
52,132,0.0,0.20135126
52,132,1.0,0.22575688
52,132,2.0,0.25981402
52,132,3.0,0.33456346
52,132,4.0,0.33418402
52,132,5.0,0.3385839
52,132,6.0,0.27463448
52,132,7.0,0.26351187
52,132,8.0,0.29415962
52,132,9.0,0.33421987
52,132,10.0,0.37140435
52,132,11.0,0.40680185
52,132,12.0,0.36227158
52,132,13.0,0.41476783
52,132,14.0,0.39650825
52,133,0.0,0.5464563
52,133,1.0,0.5443294
52,133,2.0,0.587023
52,133,3.0,0.5903076
52,133,4.0,0.5446672
52,133,5.0,0.4670897
52,133,6.0,0.45916706
52,133,7.0,0.48317042
52,133,8.0,0.49839893
52,133,9.0,0.5040085
52,133,10.0,0.52754825
52,133,11.0,0.566421
52,133,12.0,0.5732546
52,133,13.0,0.5648688
52,133,14.0,0.48244628
52,134,0.0,0.98059106
52,134,1.0,0.8405966
52,134,2.0,0.7521463
52,134,3.0,0.79271775
52,134,4.0,0.763805
52,134,5.0,0.68941355
52,134,6.0,0.6619883
52,134,7.0,0.6218025
52,134,8.0,0.6305395
52,134,9.0,0.72418797
52,134,10.0,0.56162953
52,134,11.0,0.63344544
52,134,12.0,0.6648794
52,134,13.0,0.4716227
52,134,14.0,0.36173582
52,135,0.0,0.47591454
52,135,1.0,0.32780582
52,135,2.0,0.28774816
52,135,3.0,0.33985144
52,135,4.0,0.2540735
52,135,5.0,0.3335453
52,135,6.0,0.30577308
52,135,7.0,0.16314906
52,135,8.0,0.2146378
52,135,9.0,0.22322467
52,135,10.0,0.21642761
52,135,11.0,0.21541692
52,135,12.0,0.17279598
52,135,13.0,0.18972751
52,135,14.0,0.17545854
52,136,0.0,0.20585684
52,136,1.0,0.20959894
52,136,2.0,0.17546678
52,136,3.0,0.16389266
52,136,4.0,0.12229326
52,136,5.0,0.11781241
52,136,6.0,0.10402896
52,136,7.0,0.10947314
52,136,8.0,0.11204309
52,136,9.0,0.086990185
52,136,10.0,0.06010043
52,136,11.0,0.06618413
52,136,12.0,0.040759336
52,136,13.0,0.10522118
52,136,14.0,0.049575504
52,137,0.0,0.047887288
52,137,1.0,0.026173145
52,137,2.0,0.024465343
52,137,3.0,0.015990421
52,137,4.0,0.024851194
52,137,5.0,0.022603389
52,137,6.0,0.018543534
52,137,7.0,0.017127596
52,137,8.0,0.009790615
52,137,9.0,0.008450723
52,137,10.0,0.005521427
52,137,11.0,0.008746203
52,137,12.0,0.008249912
52,137,13.0,0.008595382
52,137,14.0,0.008724252
52,138,0.0,0.009359153
52,138,1.0,0.008378344
52,138,2.0,0.0089957025
52,138,3.0,0.0064311353
52,138,4.0,0.0025048
52,138,5.0,0.004520049
52,138,6.0,0.005800045
52,138,7.0,0.0046267402
52,138,8.0,0.0029256656
52,138,9.0,0.0019531758
52,138,10.0,0.00085479417
52,138,11.0,0.0015833367
52,138,12.0,0.0023297744
52,138,13.0,0.0011901067
52,138,14.0,0.001474136
52,139,0.0,0.0014105755
52,139,1.0,0.0011375068
52,139,2.0,0.0002487082
52,139,3.0,0.00023308763
52,139,4.0,7.720623e-05
52,139,5.0,9.463203e-05
52,139,6.0,0.00024449674
52,139,7.0,0.00027433614
52,139,8.0,0.00013907893
52,139,9.0,0.000105443665
52,139,10.0,0.0002818928
52,139,11.0,0.0003151586
52,139,12.0,0.00021917932
52,139,13.0,0.00019743392
52,139,14.0,0.00033909408
52,140,0.0,5.5922043e-05
52,140,1.0,1.2024648e-05
52,140,2.0,1.3382093e-05
52,140,3.0,1.2278155e-05
52,140,4.0,3.5387653e-05
52,140,5.0,1.683512e-05
52,140,6.0,1.8800945e-05
52,140,7.0,2.6645333e-05
52,140,8.0,7.302651e-05
52,140,9.0,2.2399301e-05
52,140,10.0,2.215778e-05
52,140,11.0,4.117794e-05
52,140,12.0,2.0559762e-06
52,140,13.0,2.6025002e-06
52,140,14.0,1.0946896e-05
52,141,0.0,1.4329245e-06
52,141,1.0,8.0952766e-08
52,141,2.0,1.3655524e-07
52,141,3.0,1.7595524e-07
52,141,4.0,1.3504584e-13
52,141,5.0,6.037156e-09
52,141,6.0,1.0956844e-06
52,141,7.0,2.324259e-06
52,141,8.0,1.5727225e-07
52,141,9.0,2.717755e-11
52,141,10.0,2.2713125e-13
52,141,11.0,6.3045977e-09
52,141,12.0,8.0791605e-09
52,141,13.0,8.173195e-11
52,141,14.0,2.1773674e-08
52,142,0.0,4.0346475e-08
52,142,1.0,2.5018665e-10
52,142,2.0,5.061698e-12
52,142,3.0,9.32319e-09
52,142,4.0,3.4710554e-09
52,142,5.0,8.272084e-14
52,142,6.0,4.9262013e-14
52,142,7.0,2.1207949e-09
52,142,8.0,1.3968823e-09
52,142,9.0,1.0811559e-09
52,142,10.0,4.962577e-10
52,142,11.0,2.1260758e-09
52,142,12.0,1.6662254e-09
52,142,13.0,6.624985e-09
52,142,14.0,1.6587068e-08
52,143,0.0,3.2431156e-08
52,143,1.0,1.7278448e-10
52,143,2.0,4.1917825e-10
52,143,3.0,6.045975e-10
52,143,4.0,1.15104114e-10
52,143,5.0,3.9570642e-13
52,143,6.0,9.162219e-11
52,143,7.0,1.3474335e-09
52,143,8.0,3.2004919e-09
52,143,9.0,7.637068e-09
52,143,10.0,3.456994e-08
52,143,11.0,1.3430735e-08
52,143,12.0,1.6576891e-11
52,143,13.0,8.7067903e-10
52,143,14.0,2.1730946e-09
52,144,0.0,0.0
52,144,1.0,7.300532e-11
52,144,2.0,3.3661673e-10
52,144,3.0,4.487275e-12
52,144,4.0,1.0468643e-09
52,144,5.0,0.0
52,144,6.0,1.9122681e-13
52,144,7.0,4.744872e-09
52,144,8.0,1.6172096e-09
52,144,9.0,2.4544304e-09
52,144,10.0,1.1480993e-09
52,144,11.0,3.6914372e-10
52,144,12.0,3.500566e-10
52,144,13.0,4.358699e-10
52,144,14.0,1.5620873e-10
52,145,0.0,3.1121543e-11
52,145,1.0,0.0
52,145,2.0,6.219797e-11
52,145,3.0,3.88906e-10
52,145,4.0,2.1219684e-12
52,145,5.0,1.3951635e-09
52,145,6.0,3.101129e-11
52,145,7.0,2.037202e-11
52,145,8.0,3.3333353e-12
52,145,9.0,4.672096e-08
52,145,10.0,4.5431375e-10
52,145,11.0,4.6253884e-10
52,145,12.0,5.315918e-09
52,145,13.0,3.5474095e-09
52,145,14.0,2.5633874e-08
53,122,0.0,8.9730295e-10
53,122,1.0,2.2818183e-10
53,122,2.0,3.7145333e-09
53,122,3.0,1.3393144e-11
53,122,4.0,1.4164576e-09
53,122,5.0,2.9540578e-10
53,122,6.0,6.091972e-09
53,122,7.0,2.3811357e-09
53,122,8.0,1.5163304e-10
53,122,9.0,2.1839986e-11
53,122,10.0,6.2519807e-09
53,122,11.0,3.6073464e-09
53,122,12.0,7.259568e-10
53,122,13.0,3.5187896e-12
53,122,14.0,3.1151224e-09
53,123,0.0,1.8269065e-12
53,123,1.0,2.5012854e-12
53,123,2.0,4.037083e-09
53,123,3.0,0.0
53,123,4.0,4.0473622e-10
53,123,5.0,1.4677629e-12
53,123,6.0,2.1735378e-09
53,123,7.0,2.2213564e-08
53,123,8.0,3.6681527e-10
53,123,9.0,1.7917817e-08
53,123,10.0,1.7105191e-09
53,123,11.0,4.0658343e-09
53,123,12.0,5.206856e-09
53,123,13.0,1.3708586e-15
53,123,14.0,6.427513e-13
53,124,0.0,5.3983512e-11
53,124,1.0,3.7122808e-14
53,124,2.0,9.987485e-12
53,124,3.0,2.7500972e-08
53,124,4.0,2.1489517e-09
53,124,5.0,3.184719e-09
53,124,6.0,1.7013547e-09
53,124,7.0,1.2042624e-08
53,124,8.0,3.5576953e-08
53,124,9.0,4.3506137e-08
53,124,10.0,5.323423e-11
53,124,11.0,0.0
53,124,12.0,0.0
53,124,13.0,4.038669e-10
53,124,14.0,9.977723e-10
53,125,0.0,7.402717e-15
53,125,1.0,0.0
53,125,2.0,4.5018747e-13
53,125,3.0,1.8552309e-16
53,125,4.0,8.544477e-11
53,125,5.0,1.6995599e-12
53,125,6.0,1.4943112e-10
53,125,7.0,3.687154e-09
53,125,8.0,6.835255e-11
53,125,9.0,1.2581858e-11
53,125,10.0,0.0
53,125,11.0,0.0
53,125,12.0,6.804946e-10
53,125,13.0,2.4857075e-13
53,125,14.0,2.68357e-08
53,126,0.0,2.387386e-11
53,126,1.0,8.860256e-15
53,126,2.0,6.0461223e-09
53,126,3.0,1.4718986e-13
53,126,4.0,1.7069324e-12
53,126,5.0,7.89799e-15
53,126,6.0,5.072263e-10
53,126,7.0,0.0
53,126,8.0,5.4744307e-09
53,126,9.0,3.4577674e-09
53,126,10.0,1.9186677e-13
53,126,11.0,1.5824327e-07
53,126,12.0,3.020677e-06
53,126,13.0,4.44091e-06
53,126,14.0,9.115096e-07
53,127,0.0,0.0
53,127,1.0,7.572943e-09
53,127,2.0,1.7048175e-13
53,127,3.0,1.4191985e-09
53,127,4.0,1.0760904e-06
53,127,5.0,3.272286e-05
53,127,6.0,1.0757245e-05
53,127,7.0,0.00013225
53,127,8.0,2.1383561e-05
53,127,9.0,0.00016231733
53,127,10.0,5.196661e-05
53,127,11.0,7.719978e-05
53,127,12.0,9.903716e-05
53,127,13.0,0.00015948125
53,127,14.0,0.00016489367
53,128,0.0,1.6996504e-09
53,128,1.0,7.548546e-08
53,128,2.0,2.1241672e-06
53,128,3.0,6.450105e-06
53,128,4.0,1.9961022e-05
53,128,5.0,5.47288e-05
53,128,6.0,0.00016722959
53,128,7.0,0.00015284351
53,128,8.0,0.00015069339
53,128,9.0,0.0002402644
53,128,10.0,0.000594701
53,128,11.0,0.00044767096
53,128,12.0,0.0005782604
53,128,13.0,0.0008385147
53,128,14.0,0.0011187627
53,129,0.0,5.709177e-07
53,129,1.0,1.5799553e-05
53,129,2.0,3.5797024e-05
53,129,3.0,9.073453e-05
53,129,4.0,0.0001232295
53,129,5.0,0.00014924517
53,129,6.0,0.00013959769
53,129,7.0,0.00030409227
53,129,8.0,0.0009912339
53,129,9.0,0.002125904
53,129,10.0,0.00260822
53,129,11.0,0.0030761918
53,129,12.0,0.0035902339
53,129,13.0,0.0033623725
53,129,14.0,0.0030886375
53,130,0.0,9.385786e-06
53,130,1.0,9.559547e-05
53,130,2.0,0.0002515965
53,130,3.0,0.00016151837
53,130,4.0,0.00015905644
53,130,5.0,0.0008630015
53,130,6.0,0.002418359
53,130,7.0,0.0036403576
53,130,8.0,0.0043988135
53,130,9.0,0.004588065
53,130,10.0,0.005646113
53,130,11.0,0.0062679267
53,130,12.0,0.008756007
53,130,13.0,0.0101728495
53,130,14.0,0.010351688
53,131,0.0,0.00036293553
53,131,1.0,0.00046441186
53,131,2.0,0.0010857655
53,131,3.0,0.002120955
53,131,4.0,0.0035981345
53,131,5.0,0.003385252
53,131,6.0,0.0057123695
53,131,7.0,0.008782595
53,131,8.0,0.013129817
53,131,9.0,0.016431903
53,131,10.0,0.015822819
53,131,11.0,0.023331054
53,131,12.0,0.03270142
53,131,13.0,0.039531812
53,131,14.0,0.030173618
53,132,0.0,0.0022406506
53,132,1.0,0.008883119
53,132,2.0,0.00567004
53,132,3.0,0.0108337235
53,132,4.0,0.019628989
53,132,5.0,0.018791344
53,132,6.0,0.02577071
53,132,7.0,0.036786463
53,132,8.0,0.04389551
53,132,9.0,0.056761608
53,132,10.0,0.089805774
53,132,11.0,0.092728555
53,132,12.0,0.0951966
53,132,13.0,0.101420134
53,132,14.0,0.083602615
53,133,0.0,0.021609241
53,133,1.0,0.04440402
53,133,2.0,0.062040742
53,133,3.0,0.05852008
53,133,4.0,0.07553335
53,133,5.0,0.0910112
53,133,6.0,0.092531644
53,133,7.0,0.10883737
53,133,8.0,0.12231991
53,133,9.0,0.1409012
53,133,10.0,0.10529283
53,133,11.0,0.18083324
53,133,12.0,0.24803716
53,133,13.0,0.25972635
53,133,14.0,0.2448315
53,134,0.0,0.12607086
53,134,1.0,0.20099416
53,134,2.0,0.24365655
53,134,3.0,0.3053443
53,134,4.0,0.33728343
53,134,5.0,0.35952103
53,134,6.0,0.39487892
53,134,7.0,0.5170008
53,134,8.0,0.5768668
53,134,9.0,0.52313304
53,134,10.0,0.42244178
53,134,11.0,0.3160413
53,134,12.0,0.4781309
53,134,13.0,0.5643606
53,134,14.0,0.4074344
53,135,0.0,0.7210089
53,135,1.0,0.61547166
53,135,2.0,0.647824
53,135,3.0,0.60854036
53,135,4.0,0.58488804
53,135,5.0,0.6219209
53,135,6.0,0.8119895
53,135,7.0,0.6163589
53,135,8.0,0.6421984
53,135,9.0,0.80464923
53,135,10.0,0.7045745
53,135,11.0,0.6994887
53,135,12.0,0.5046816
53,135,13.0,0.62049454
53,135,14.0,0.6084018
53,136,0.0,0.28137973
53,136,1.0,0.45402685
53,136,2.0,0.4282708
53,136,3.0,0.50783974
53,136,4.0,0.5633854
53,136,5.0,0.5186585
53,136,6.0,0.48736453
53,136,7.0,0.47218937
53,136,8.0,0.44431955
53,136,9.0,0.49230555
53,136,10.0,0.4617192
53,136,11.0,0.4335119
53,136,12.0,0.33898973
53,136,13.0,0.31971174
53,136,14.0,0.41562074
53,137,0.0,0.4923806
53,137,1.0,0.39442334
53,137,2.0,0.32961607
53,137,3.0,0.3944183
53,137,4.0,0.37433606
53,137,5.0,0.3935322
53,137,6.0,0.4297683
53,137,7.0,0.3485483
53,137,8.0,0.24926224
53,137,9.0,0.2878183
53,137,10.0,0.27723715
53,137,11.0,0.28038818
53,137,12.0,0.22744463
53,137,13.0,0.20012769
53,137,14.0,0.15972143
53,138,0.0,0.24346706
53,138,1.0,0.21164891
53,138,2.0,0.17098956
53,138,3.0,0.13345595
53,138,4.0,0.07727196
53,138,5.0,0.110134594
53,138,6.0,0.120212995
53,138,7.0,0.10119647
53,138,8.0,0.07577977
53,138,9.0,0.079403736
53,138,10.0,0.08451414
53,138,11.0,0.08384325
53,138,12.0,0.06113656
53,138,13.0,0.05298651
53,138,14.0,0.057841927
53,139,0.0,0.061265018
53,139,1.0,0.07554012
53,139,2.0,0.06288865
53,139,3.0,0.05683004
53,139,4.0,0.04469648
53,139,5.0,0.021079894
53,139,6.0,0.017340068
53,139,7.0,0.011415871
53,139,8.0,0.020428173
53,139,9.0,0.021866212
53,139,10.0,0.022047983
53,139,11.0,0.020515665
53,139,12.0,0.017275233
53,139,13.0,0.013599494
53,139,14.0,0.018092511
53,140,0.0,0.02223781
53,140,1.0,0.01534
53,140,2.0,0.02198041
53,140,3.0,0.014946178
53,140,4.0,0.011854963
53,140,5.0,0.0082414
53,140,6.0,0.0056552053
53,140,7.0,0.0043620686
53,140,8.0,0.005787753
53,140,9.0,0.005257759
53,140,10.0,0.003883909
53,140,11.0,0.002673662
53,140,12.0,0.006495722
53,140,13.0,0.0039918427
53,140,14.0,0.0047855456
53,141,0.0,0.0050155753
53,141,1.0,0.001993789
53,141,2.0,0.0018563789
53,141,3.0,0.0011361311
53,141,4.0,0.00025630774
53,141,5.0,0.0011302157
53,141,6.0,0.0009979582
53,141,7.0,0.00015226126
53,141,8.0,0.00017189825
53,141,9.0,0.00019621565
53,141,10.0,0.000109477885
53,141,11.0,0.00025127543
53,141,12.0,0.00037791493
53,141,13.0,0.0009980426
53,141,14.0,0.00035316503
53,142,0.0,0.00021516849
53,142,1.0,0.00033618504
53,142,2.0,0.00027529715
53,142,3.0,0.00013458796
53,142,4.0,5.9112805e-05
53,142,5.0,1.2680866e-05
53,142,6.0,2.980084e-05
53,142,7.0,7.9339145e-05
53,142,8.0,2.2945756e-05
53,142,9.0,4.5278725e-06
53,142,10.0,6.5944596e-06
53,142,11.0,2.2338832e-05
53,142,12.0,3.7970567e-05
53,142,13.0,6.168747e-05
53,142,14.0,7.387563e-05
53,143,0.0,4.7766475e-06
53,143,1.0,0.000102767495
53,143,2.0,5.5014905e-05
53,143,3.0,2.1535143e-05
53,143,4.0,0.00010305765
53,143,5.0,5.511224e-05
53,143,6.0,2.7366914e-05
53,143,7.0,7.198205e-06
53,143,8.0,1.0893171e-05
53,143,9.0,3.0659845e-05
53,143,10.0,2.28622e-05
53,143,11.0,1.3851342e-05
53,143,12.0,2.6663034e-07
53,143,13.0,1.302026e-06
53,143,14.0,1.2860653e-06
53,144,0.0,6.37719e-08
53,144,1.0,4.0873567e-09
53,144,2.0,5.4873026e-09
53,144,3.0,1.0544989e-07
53,144,4.0,3.4849201e-09
53,144,5.0,6.645877e-10
53,144,6.0,8.8380864e-10
53,144,7.0,7.04749e-10
53,144,8.0,5.3620705e-11
53,144,9.0,1.4976435e-11
53,144,10.0,5.579145e-09
53,144,11.0,1.3387519e-07
53,144,12.0,7.346071e-08
53,144,13.0,5.8175836e-08
53,144,14.0,2.769205e-08
53,145,0.0,9.341095e-09
53,145,1.0,4.178099e-09
53,145,2.0,1.7168431e-09
53,145,3.0,4.2098733e-08
53,145,4.0,5.319793e-09
53,145,5.0,5.216064e-14
53,145,6.0,2.316204e-12
53,145,7.0,8.5900853e-10
53,145,8.0,9.675938e-09
53,145,9.0,1.22582895e-08
53,145,10.0,2.648867e-08
53,145,11.0,8.299142e-10
53,145,12.0,8.2624463e-10
53,145,13.0,3.4389522e-09
53,145,14.0,5.1184784e-10
53,146,0.0,1.5022139e-10
53,146,1.0,2.291425e-10
53,146,2.0,1.2537164e-09
53,146,3.0,1.8221763e-09
53,146,4.0,3.195219e-11
53,146,5.0,0.0
53,146,6.0,3.4919906e-10
53,146,7.0,1.9216682e-09
53,146,8.0,1.841664e-09
53,146,9.0,6.1219674e-10
53,146,10.0,4.6984416e-10
53,146,11.0,7.1553555e-11
53,146,12.0,1.8103151e-11
53,146,13.0,8.646764e-18
53,146,14.0,9.696298e-12
53,147,0.0,9.225395e-11
53,147,1.0,5.812596e-09
53,147,2.0,3.2686213e-13
53,147,3.0,0.0
53,147,4.0,5.252958e-13
53,147,5.0,4.5571324e-11
53,147,6.0,2.3858884e-12
53,147,7.0,1.5423848e-10
53,147,8.0,1.47895785e-08
53,147,9.0,5.6073524e-10
53,147,10.0,1.5726875e-10
53,147,11.0,1.47438e-11
53,147,12.0,8.905785e-08
53,147,13.0,6.5063e-08
53,147,14.0,5.12874e-12
53,148,0.0,3.6982595e-09
53,148,1.0,7.538763e-11
53,148,2.0,2.0719879e-13
53,148,3.0,2.949793e-10
53,148,4.0,2.309039e-10
53,148,5.0,2.4981017e-11
53,148,6.0,3.5659915e-12
53,148,7.0,5.806274e-12
53,148,8.0,8.1181485e-11
53,148,9.0,1.3732858e-10
53,148,10.0,5.1399e-10
53,148,11.0,1.7659041e-09
53,148,12.0,4.864065e-09
53,148,13.0,3.1415364e-09
53,148,14.0,3.2963893e-10
54,125,0.0,1.5532649e-15
54,125,1.0,3.931177e-10
54,125,2.0,6.212142e-10
54,125,3.0,1.12388265e-10
54,125,4.0,5.632428e-09
54,125,5.0,1.7405655e-10
54,125,6.0,4.121604e-10
54,125,7.0,6.937225e-09
54,125,8.0,5.3858806e-09
54,125,9.0,2.828263e-09
54,125,10.0,1.002851e-09
54,125,11.0,1.1781341e-10
54,125,12.0,4.969453e-09
54,125,13.0,2.7155965e-11
54,125,14.0,3.037144e-10
54,126,0.0,3.2942885e-12
54,126,1.0,2.9270983e-10
54,126,2.0,2.1760475e-10
54,126,3.0,4.829871e-12
54,126,4.0,2.4375375e-13
54,126,5.0,4.8837657e-12
54,126,6.0,4.2969847e-10
54,126,7.0,1.9826504e-10
54,126,8.0,3.2552246e-11
54,126,9.0,0.0
54,126,10.0,1.1127896e-10
54,126,11.0,1.8190734e-08
54,126,12.0,2.1620972e-09
54,126,13.0,1.5364511e-10
54,126,14.0,7.0161724e-11
54,127,0.0,3.4552179e-12
54,127,1.0,1.2325903e-09
54,127,2.0,3.8448786e-10
54,127,3.0,3.4043404e-10
54,127,4.0,2.624606e-10
54,127,5.0,1.7971642e-10
54,127,6.0,1.9061718e-08
54,127,7.0,6.036543e-08
54,127,8.0,4.2088026e-09
54,127,9.0,3.742304e-09
54,127,10.0,1.0298232e-08
54,127,11.0,1.1291561e-08
54,127,12.0,1.2007425e-09
54,127,13.0,4.551099e-08
54,127,14.0,6.0989116e-08
54,128,0.0,0.0
54,128,1.0,2.350039e-15
54,128,2.0,2.9461348e-15
54,128,3.0,1.2296748e-17
54,128,4.0,6.1877447e-15
54,128,5.0,0.0
54,128,6.0,2.0577218e-13
54,128,7.0,6.3227784e-11
54,128,8.0,0.0
54,128,9.0,3.6116964e-13
54,128,10.0,5.867679e-10
54,128,11.0,7.945955e-09
54,128,12.0,2.499475e-09
54,128,13.0,6.771563e-08
54,128,14.0,5.4747574e-07
54,129,0.0,1.4308004e-12
54,129,1.0,2.0868361e-12
54,129,2.0,2.9240321e-12
54,129,3.0,2.7172318e-13
54,129,4.0,0.0
54,129,5.0,2.0253228e-23
54,129,6.0,4.124432e-08
54,129,7.0,3.2534485e-06
54,129,8.0,7.0326496e-07
54,129,9.0,1.1681585e-06
54,129,10.0,9.248031e-07
54,129,11.0,1.8422637e-05
54,129,12.0,2.063889e-05
54,129,13.0,2.1120182e-05
54,129,14.0,1.6218184e-05
54,130,0.0,1.637683e-10
54,130,1.0,0.0
54,130,2.0,3.289635e-07
54,130,3.0,5.372536e-07
54,130,4.0,6.070269e-07
54,130,5.0,2.204725e-06
54,130,6.0,2.4182425e-06
54,130,7.0,1.3523151e-05
54,130,8.0,9.053645e-06
54,130,9.0,2.3520188e-05
54,130,10.0,9.967055e-05
54,130,11.0,0.00014400975
54,130,12.0,0.000198945
54,130,13.0,0.00022922867
54,130,14.0,0.00017419895
54,131,0.0,3.003389e-07
54,131,1.0,7.4748855e-06
54,131,2.0,2.350108e-05
54,131,3.0,7.668093e-05
54,131,4.0,0.00015484373
54,131,5.0,0.00013143283
54,131,6.0,0.00019504913
54,131,7.0,0.00030400028
54,131,8.0,0.0009975899
54,131,9.0,0.0011525596
54,131,10.0,0.00032327877
54,131,11.0,0.0014958334
54,131,12.0,0.0022278065
54,131,13.0,0.0016761469
54,131,14.0,0.0018802345
54,132,0.0,1.4170373e-05
54,132,1.0,3.7771184e-05
54,132,2.0,1.8051744e-05
54,132,3.0,6.023911e-05
54,132,4.0,0.00020943322
54,132,5.0,0.00050311955
54,132,6.0,0.00062294793
54,132,7.0,0.0011202025
54,132,8.0,0.0008109392
54,132,9.0,0.0014047795
54,132,10.0,0.0023696006
54,132,11.0,0.004652985
54,132,12.0,0.005085065
54,132,13.0,0.0049880533
54,132,14.0,0.00703073
54,133,0.0,0.0010645713
54,133,1.0,0.000521235
54,133,2.0,0.0014207787
54,133,3.0,0.0011728391
54,133,4.0,0.0018166146
54,133,5.0,0.0015293141
54,133,6.0,0.0020333086
54,133,7.0,0.005086975
54,133,8.0,0.005412946
54,133,9.0,0.006881819
54,133,10.0,0.009265097
54,133,11.0,0.014437762
54,133,12.0,0.015351388
54,133,13.0,0.022079147
54,133,14.0,0.017769193
54,134,0.0,0.009367903
54,134,1.0,0.002938979
54,134,2.0,0.0066582686
54,134,3.0,0.0128541365
54,134,4.0,0.012367505
54,134,5.0,0.018168896
54,134,6.0,0.021870082
54,134,7.0,0.021979172
54,134,8.0,0.025528112
54,134,9.0,0.034303643
54,134,10.0,0.02455058
54,134,11.0,0.03386084
54,134,12.0,0.040614262
54,134,13.0,0.052725025
54,134,14.0,0.05732118
54,135,0.0,0.035171323
54,135,1.0,0.05411571
54,135,2.0,0.06995237
54,135,3.0,0.06394161
54,135,4.0,0.07948816
54,135,5.0,0.10237515
54,135,6.0,0.10095037
54,135,7.0,0.09606622
54,135,8.0,0.101432234
54,135,9.0,0.15194732
54,135,10.0,0.11330101
54,135,11.0,0.15498129
54,135,12.0,0.17927799
54,135,13.0,0.25115952
54,135,14.0,0.19822796
54,136,0.0,0.255619
54,136,1.0,0.24387644
54,136,2.0,0.19339839
54,136,3.0,0.23807155
54,136,4.0,0.32237902
54,136,5.0,0.2686882
54,136,6.0,0.3170218
54,136,7.0,0.3237821
54,136,8.0,0.3067138
54,136,9.0,0.37371543
54,136,10.0,0.4275074
54,136,11.0,0.48168802
54,136,12.0,0.45877904
54,136,13.0,0.48915425
54,136,14.0,0.47686556
54,137,0.0,0.45223626
54,137,1.0,0.42683804
54,137,2.0,0.5078239
54,137,3.0,0.52016634
54,137,4.0,0.6539716
54,137,5.0,0.5731679
54,137,6.0,0.5842508
54,137,7.0,0.59729594
54,137,8.0,0.5378447
54,137,9.0,0.52947235
54,137,10.0,0.4364498
54,137,11.0,0.5424226
54,137,12.0,0.5452528
54,137,13.0,0.49725375
54,137,14.0,0.48212153
54,138,0.0,0.7873282
54,138,1.0,0.810264
54,138,2.0,0.7402305
54,138,3.0,0.71213186
54,138,4.0,0.6883101
54,138,5.0,0.69700414
54,138,6.0,0.47130165
54,138,7.0,0.44087172
54,138,8.0,0.56472725
54,138,9.0,0.5118128
54,138,10.0,0.43984863
54,138,11.0,0.5356215
54,138,12.0,0.5918864
54,138,13.0,0.5105928
54,138,14.0,0.48334926
54,139,0.0,0.583543
54,139,1.0,0.5072643
54,139,2.0,0.5022415
54,139,3.0,0.49045703
54,139,4.0,0.4773142
54,139,5.0,0.44765475
54,139,6.0,0.38768214
54,139,7.0,0.5149871
54,139,8.0,0.4134893
54,139,9.0,0.41643417
54,139,10.0,0.3279934
54,139,11.0,0.33192894
54,139,12.0,0.29279488
54,139,13.0,0.2694992
54,139,14.0,0.27361432
54,140,0.0,0.5031189
54,140,1.0,0.41478384
54,140,2.0,0.41694358
54,140,3.0,0.39835277
54,140,4.0,0.5106413
54,140,5.0,0.4059712
54,140,6.0,0.27695936
54,140,7.0,0.19996467
54,140,8.0,0.21958947
54,140,9.0,0.19347136
54,140,10.0,0.17541681
54,140,11.0,0.2273863
54,140,12.0,0.15544406
54,140,13.0,0.14565127
54,140,14.0,0.13676034
54,141,0.0,0.16757447
54,141,1.0,0.10020914
54,141,2.0,0.07494429
54,141,3.0,0.08304025
54,141,4.0,0.068093844
54,141,5.0,0.059522342
54,141,6.0,0.059224356
54,141,7.0,0.060243707
54,141,8.0,0.05378876
54,141,9.0,0.041931517
54,141,10.0,0.045905694
54,141,11.0,0.034677688
54,141,12.0,0.039403453
54,141,13.0,0.056209575
54,141,14.0,0.03673429
54,142,0.0,0.07759451
54,142,1.0,0.049121257
54,142,2.0,0.051848173
54,142,3.0,0.037005078
54,142,4.0,0.03362706
54,142,5.0,0.02684433
54,142,6.0,0.019176984
54,142,7.0,0.019719634
54,142,8.0,0.021130906
54,142,9.0,0.02502398
54,142,10.0,0.025589231
54,142,11.0,0.023159048
54,142,12.0,0.0195563
54,142,13.0,0.0105877025
54,142,14.0,0.009220906
54,143,0.0,0.019501543
54,143,1.0,0.008831891
54,143,2.0,0.0022199263
54,143,3.0,0.0024520403
54,143,4.0,0.0012062785
54,143,5.0,0.0010353758
54,143,6.0,0.0013842502
54,143,7.0,0.002842148
54,143,8.0,0.0026086187
54,143,9.0,0.0023477273
54,143,10.0,0.0014407707
54,143,11.0,0.0009977156
54,143,12.0,0.00034811205
54,143,13.0,0.00040151045
54,143,14.0,0.00044374826
54,144,0.0,0.000926893
54,144,1.0,0.0008341104
54,144,2.0,0.00073478994
54,144,3.0,0.00033181498
54,144,4.0,0.00062114996
54,144,5.0,0.00080747413
54,144,6.0,0.0007305129
54,144,7.0,0.00052827405
54,144,8.0,0.00049420213
54,144,9.0,0.00036242857
54,144,10.0,0.00037599265
54,144,11.0,0.00037798006
54,144,12.0,9.037949e-05
54,144,13.0,6.74134e-05
54,144,14.0,0.00013154192
54,145,0.0,0.00010512618
54,145,1.0,0.000101364356
54,145,2.0,5.24402e-05
54,145,3.0,4.332654e-05
54,145,4.0,1.4461802e-05
54,145,5.0,3.8688695e-06
54,145,6.0,4.7724398e-06
54,145,7.0,2.3405785e-06
54,145,8.0,3.3938607e-06
54,145,9.0,1.2180708e-05
54,145,10.0,2.1268235e-05
54,145,11.0,5.8099107e-05
54,145,12.0,5.8910628e-05
54,145,13.0,1.0626393e-05
54,145,14.0,1.3084533e-05
54,146,0.0,2.4555434e-06
54,146,1.0,1.9654203e-06
54,146,2.0,5.735505e-10
54,146,3.0,4.7651936e-09
54,146,4.0,2.523449e-12
54,146,5.0,3.5758752e-09
54,146,6.0,6.286326e-08
54,146,7.0,9.92677e-08
54,146,8.0,5.9128308e-08
54,146,9.0,6.642683e-11
54,146,10.0,6.6154348e-12
54,146,11.0,2.758194e-12
54,146,12.0,2.164733e-08
54,146,13.0,8.979819e-07
54,146,14.0,1.5223545e-06
54,147,0.0,1.0809715e-08
54,147,1.0,2.8633038e-10
54,147,2.0,8.832735e-09
54,147,3.0,1.0735713e-07
54,147,4.0,6.700747e-08
54,147,5.0,5.093546e-10
54,147,6.0,2.054694e-10
54,147,7.0,5.8087873e-10
54,147,8.0,1.06362245e-10
54,147,9.0,1.3942931e-09
54,147,10.0,8.0525503e-10
54,147,11.0,1.2961139e-09
54,147,12.0,3.916783e-09
54,147,13.0,7.3091583e-10
54,147,14.0,2.594145e-09
54,148,0.0,4.9943075e-14
54,148,1.0,1.539554e-11
54,148,2.0,1.3302282e-11
54,148,3.0,0.0
54,148,4.0,9.284218e-16
54,148,5.0,4.833633e-13
54,148,6.0,2.0222235e-12
54,148,7.0,5.2089463e-13
54,148,8.0,2.1651564e-11
54,148,9.0,1.3227243e-10
54,148,10.0,1.0054648e-10
54,148,11.0,7.7343855e-13
54,148,12.0,3.030358e-10
54,148,13.0,4.3840362e-10
54,148,14.0,1.187935e-09
54,149,0.0,1.5387675e-12
54,149,1.0,0.0
54,149,2.0,4.7348197e-12
54,149,3.0,4.685264e-14
54,149,4.0,0.0
54,149,5.0,7.293709e-18
54,149,6.0,0.0
54,149,7.0,6.909081e-18
54,149,8.0,9.900749e-12
54,149,9.0,0.0
54,149,10.0,4.1278053e-12
54,149,11.0,8.085676e-16
54,149,12.0,0.0
54,149,13.0,4.971688e-12
54,149,14.0,2.0869587e-10
54,150,0.0,0.0
54,150,1.0,2.2608666e-12
54,150,2.0,1.3731522e-12
54,150,3.0,2.6822251e-11
54,150,4.0,1.5740599e-12
54,150,5.0,4.324592e-17
54,150,6.0,1.2118075e-15
54,150,7.0,1.3321543e-12
54,150,8.0,2.3298382e-11
54,150,9.0,3.2033512e-10
54,150,10.0,2.0763784e-10
54,150,11.0,1.9140215e-11
54,150,12.0,3.972068e-10
54,150,13.0,2.8048364e-10
54,150,14.0,4.1241975e-11
55,128,0.0,2.4622183e-08
55,128,1.0,6.258913e-10
55,128,2.0,2.3356625e-10
55,128,3.0,1.6464977e-11
55,128,4.0,1.852669e-12
55,128,5.0,3.8454516e-08
55,128,6.0,1.3323995e-08
55,128,7.0,8.169487e-09
55,128,8.0,6.7872525e-09
55,128,9.0,8.377028e-09
55,128,10.0,6.259099e-08
55,128,11.0,9.456521e-09
55,128,12.0,1.987758e-08
55,128,13.0,2.6866325e-09
55,128,14.0,2.0307583e-08
55,129,0.0,2.0958018e-12
55,129,1.0,0.0
55,129,2.0,1.0606619e-09
55,129,3.0,0.0
55,129,4.0,8.8121385e-11
55,129,5.0,6.382206e-10
55,129,6.0,3.8169752e-11
55,129,7.0,4.0000434e-11
55,129,8.0,3.0416694e-10
55,129,9.0,2.0334852e-09
55,129,10.0,1.1715164e-09
55,129,11.0,2.1427351e-11
55,129,12.0,5.1785857e-11
55,129,13.0,4.8037597e-15
55,129,14.0,3.0073774e-10
55,130,0.0,5.941818e-16
55,130,1.0,2.2848164e-18
55,130,2.0,3.8021756e-11
55,130,3.0,0.0
55,130,4.0,0.0
55,130,5.0,1.1910627e-18
55,130,6.0,0.0
55,130,7.0,8.142597e-13
55,130,8.0,7.9812906e-14
55,130,9.0,0.0
55,130,10.0,8.188076e-13
55,130,11.0,1.1005379e-13
55,130,12.0,0.0
55,130,13.0,4.32871e-09
55,130,14.0,1.7600785e-11
55,131,0.0,1.1825546e-16
55,131,1.0,4.222035e-13
55,131,2.0,1.156316e-10
55,131,3.0,0.0
55,131,4.0,5.0451147e-11
55,131,5.0,8.419311e-12
55,131,6.0,3.1717437e-10
55,131,7.0,7.0724284e-09
55,131,8.0,1.4653448e-08
55,131,9.0,8.13332e-12
55,131,10.0,2.8283075e-08
55,131,11.0,4.709388e-08
55,131,12.0,3.7367934e-10
55,131,13.0,1.4062758e-10
55,131,14.0,5.4676427e-08
55,132,0.0,7.240018e-14
55,132,1.0,8.9032653e-10
55,132,2.0,8.681051e-09
55,132,3.0,1.2868643e-12
55,132,4.0,2.6398896e-09
55,132,5.0,3.599476e-13
55,132,6.0,1.4008585e-11
55,132,7.0,6.143322e-10
55,132,8.0,2.3424743e-10
55,132,9.0,3.5132051e-12
55,132,10.0,3.3243807e-12
55,132,11.0,2.0107136e-07
55,132,12.0,1.3828069e-06
55,132,13.0,3.9009537e-06
55,132,14.0,5.967507e-06
55,133,0.0,2.424366e-08
55,133,1.0,4.5735107e-20
55,133,2.0,4.8280534e-16
55,133,3.0,0.0
55,133,4.0,1.344055e-08
55,133,5.0,2.9642647e-10
55,133,6.0,9.039664e-09
55,133,7.0,9.634003e-07
55,133,8.0,1.6264617e-05
55,133,9.0,8.1050384e-05
55,133,10.0,3.264282e-05
55,133,11.0,2.8982759e-05
55,133,12.0,6.660421e-05
55,133,13.0,0.00014966188
55,133,14.0,0.00015561788
55,134,0.0,1.9552908e-06
55,134,1.0,3.2711266e-06
55,134,2.0,0.000107505315
55,134,3.0,0.00012706203
55,134,4.0,8.26215e-05
55,134,5.0,2.2968978e-05
55,134,6.0,2.366279e-05
55,134,7.0,3.0525232e-05
55,134,8.0,0.000116644194
55,134,9.0,0.00014688798
55,134,10.0,0.00032586118
55,134,11.0,0.00012513345
55,134,12.0,0.00024035841
55,134,13.0,0.00027526592
55,134,14.0,0.0008341397
55,135,0.0,0.00012504256
55,135,1.0,0.00015816707
55,135,2.0,0.00077971024
55,135,3.0,0.0004119875
55,135,4.0,0.0014992827
55,135,5.0,0.0017025452
55,135,6.0,0.0026444024
55,135,7.0,0.0038336928
55,135,8.0,0.0077270884
55,135,9.0,0.00755812
55,135,10.0,0.0071224244
55,135,11.0,0.007314449
55,135,12.0,0.010429164
55,135,13.0,0.013452993
55,135,14.0,0.013128499
55,136,0.0,0.0010677495
55,136,1.0,0.0030160113
55,136,2.0,0.0018538187
55,136,3.0,0.007418393
55,136,4.0,0.0055372915
55,136,5.0,0.0059225434
55,136,6.0,0.008245699
55,136,7.0,0.015028797
55,136,8.0,0.018294202
55,136,9.0,0.014597947
55,136,10.0,0.020538574
55,136,11.0,0.030996343
55,136,12.0,0.04168086
55,136,13.0,0.04958107
55,136,14.0,0.037591554
55,137,0.0,0.016639614
55,137,1.0,0.02365315
55,137,2.0,0.044833276
55,137,3.0,0.05883958
55,137,4.0,0.06757896
55,137,5.0,0.058444656
55,137,6.0,0.06586259
55,137,7.0,0.0839352
55,137,8.0,0.09279264
55,137,9.0,0.13545647
55,137,10.0,0.13738373
55,137,11.0,0.1523991
55,137,12.0,0.15711652
55,137,13.0,0.15964274
55,137,14.0,0.13245943
55,138,0.0,0.06596837
55,138,1.0,0.13020878
55,138,2.0,0.08818492
55,138,3.0,0.13160905
55,138,4.0,0.17070195
55,138,5.0,0.13209762
55,138,6.0,0.19172709
55,138,7.0,0.2505874
55,138,8.0,0.21183126
55,138,9.0,0.27708575
55,138,10.0,0.22409014
55,138,11.0,0.22525327
55,138,12.0,0.25436738
55,138,13.0,0.18797542
55,138,14.0,0.2441622
55,139,0.0,0.18115564
55,139,1.0,0.297882
55,139,2.0,0.36678797
55,139,3.0,0.33767137
55,139,4.0,0.26788238
55,139,5.0,0.43645963
55,139,6.0,0.4476891
55,139,7.0,0.46450222
55,139,8.0,0.42484877
55,139,9.0,0.44461712
55,139,10.0,0.4294846
55,139,11.0,0.43740144
55,139,12.0,0.3733132
55,139,13.0,0.36832523
55,139,14.0,0.58537155
55,140,0.0,0.316613
55,140,1.0,0.4639891
55,140,2.0,0.501315
55,140,3.0,0.46176782
55,140,4.0,0.41431895
55,140,5.0,0.48913974
55,140,6.0,0.45524335
55,140,7.0,0.45906025
55,140,8.0,0.46313125
55,140,9.0,0.41864976
55,140,10.0,0.4381743
55,140,11.0,0.37407464
55,140,12.0,0.34106395
55,140,13.0,0.44417498
55,140,14.0,0.39579886
55,141,0.0,0.41550282
55,141,1.0,0.5344943
55,141,2.0,0.5304876
55,141,3.0,0.35701585
55,141,4.0,0.4115938
55,141,5.0,0.75014013
55,141,6.0,0.6943082
55,141,7.0,0.4192
55,141,8.0,0.41103917
55,141,9.0,0.3787211
55,141,10.0,0.30766088
55,141,11.0,0.3330323
55,141,12.0,0.2916146
55,141,13.0,0.26842046
55,141,14.0,0.39602792
55,142,0.0,0.32865208
55,142,1.0,0.42726067
55,142,2.0,0.36663553
55,142,3.0,0.33424428
55,142,4.0,0.18495233
55,142,5.0,0.18941198
55,142,6.0,0.2616696
55,142,7.0,0.21252584
55,142,8.0,0.24158783
55,142,9.0,0.24909441
55,142,10.0,0.16185224
55,142,11.0,0.13708535
55,142,12.0,0.13575621
55,142,13.0,0.15559356
55,142,14.0,0.1890398
55,143,0.0,0.19875078
55,143,1.0,0.1573277
55,143,2.0,0.16010843
55,143,3.0,0.1349796
55,143,4.0,0.064310655
55,143,5.0,0.09781248
55,143,6.0,0.100458495
55,143,7.0,0.08035962
55,143,8.0,0.106848314
55,143,9.0,0.04626032
55,143,10.0,0.0465503
55,143,11.0,0.03386616
55,143,12.0,0.038114082
55,143,13.0,0.054977432
55,143,14.0,0.051022384
55,144,0.0,0.07304118
55,144,1.0,0.04817511
55,144,2.0,0.05812185
55,144,3.0,0.045441814
55,144,4.0,0.02754365
55,144,5.0,0.029723605
55,144,6.0,0.024547245
55,144,7.0,0.027466549
55,144,8.0,0.02808984
55,144,9.0,0.019420752
55,144,10.0,0.021787936
55,144,11.0,0.019068377
55,144,12.0,0.016107395
55,144,13.0,0.013367274
55,144,14.0,0.016198292
55,145,0.0,0.010385627
55,145,1.0,0.013406733
55,145,2.0,0.006178126
55,145,3.0,0.0032317021
55,145,4.0,0.009205661
55,145,5.0,0.0042608385
55,145,6.0,0.0036283976
55,145,7.0,0.003700044
55,145,8.0,0.007764034
55,145,9.0,0.0034487282
55,145,10.0,0.0024041461
55,145,11.0,0.0051858528
55,145,12.0,0.0025704661
55,145,13.0,0.0012438886
55,145,14.0,0.0035166133
55,146,0.0,0.0017212948
55,146,1.0,0.0021674829
55,146,2.0,0.0019370748
55,146,3.0,0.0007707432
55,146,4.0,0.00013840545
55,146,5.0,0.00026016362
55,146,6.0,0.00039692246
55,146,7.0,0.00025761995
55,146,8.0,0.0002273051
55,146,9.0,0.000305278
55,146,10.0,0.00023446552
55,146,11.0,0.0002254734
55,146,12.0,0.00013168987
55,146,13.0,0.0002552558
55,146,14.0,0.00047560412
55,147,0.0,0.00029966963
55,147,1.0,0.00013411055
55,147,2.0,5.8733585e-05
55,147,3.0,0.00019580165
55,147,4.0,1.6551698e-05
55,147,5.0,5.7470636e-05
55,147,6.0,3.1522486e-05
55,147,7.0,7.4992377e-06
55,147,8.0,7.896509e-06
55,147,9.0,8.2890926e-07
55,147,10.0,1.0208006e-06
55,147,11.0,1.0902979e-05
55,147,12.0,0.00011985773
55,147,13.0,0.00013839053
55,147,14.0,2.5585401e-05
55,148,0.0,4.3187723e-05
55,148,1.0,5.6693386e-07
55,148,2.0,1.5831869e-05
55,148,3.0,7.13082e-06
55,148,4.0,1.2830945e-09
55,148,5.0,1.930995e-07
55,148,6.0,4.0666936e-08
55,148,7.0,7.8793214e-08
55,148,8.0,2.2876628e-07
55,148,9.0,1.2158678e-07
55,148,10.0,5.546318e-07
55,148,11.0,3.0871334e-08
55,148,12.0,2.8272371e-08
55,148,13.0,2.1545057e-09
55,148,14.0,1.7773449e-06
55,149,0.0,1.4173184e-08
55,149,1.0,1.0201826e-08
55,149,2.0,1.2160866e-09
55,149,3.0,1.5497126e-11
55,149,4.0,1.0157442e-09
55,149,5.0,3.635567e-09
55,149,6.0,4.2358725e-09
55,149,7.0,7.511675e-11
55,149,8.0,6.1572436e-09
55,149,9.0,2.0010505e-08
55,149,10.0,2.4659528e-08
55,149,11.0,1.6960999e-12
55,149,12.0,5.0960503e-11
55,149,13.0,4.9595666e-08
55,149,14.0,7.911258e-10
55,150,0.0,3.4801606e-09
55,150,1.0,8.384046e-09
55,150,2.0,1.08323945e-08
55,150,3.0,3.265566e-08
55,150,4.0,1.5894567e-07
55,150,5.0,2.0808906e-09
55,150,6.0,1.4786714e-09
55,150,7.0,5.184844e-09
55,150,8.0,3.8952825e-17
55,150,9.0,2.9698782e-10
55,150,10.0,7.163171e-10
55,150,11.0,5.075062e-10
55,150,12.0,8.660327e-09
55,150,13.0,6.649255e-09
55,150,14.0,7.3960793e-09
55,151,0.0,9.461609e-10
55,151,1.0,9.384854e-10
55,151,2.0,1.1756402e-11
55,151,3.0,0.0
55,151,4.0,1.33625715e-11
55,151,5.0,9.537742e-09
55,151,6.0,4.5034445e-11
55,151,7.0,9.1170976e-10
55,151,8.0,1.7421355e-09
55,151,9.0,1.6373392e-10
55,151,10.0,3.8433492e-10
55,151,11.0,1.04208635e-10
55,151,12.0,1.1423561e-10
55,151,13.0,5.3837668e-12
55,151,14.0,5.104338e-12
55,152,0.0,1.2510795e-10
55,152,1.0,2.5385019e-09
55,152,2.0,3.0591818e-09
55,152,3.0,1.3693989e-10
55,152,4.0,2.0146185e-10
55,152,5.0,2.141762e-10
55,152,6.0,2.8498032e-10
55,152,7.0,1.630763e-10
55,152,8.0,1.1647441e-10
55,152,9.0,1.0374621e-10
55,152,10.0,8.309651e-11
55,152,11.0,1.0345162e-10
55,152,12.0,4.5176202e-10
55,152,13.0,2.705268e-12
55,152,14.0,1.5715914e-12
56,131,0.0,4.219464e-11
56,131,1.0,0.0
56,131,2.0,1.7987159e-10
56,131,3.0,6.30711e-10
56,131,4.0,2.3329918e-09
56,131,5.0,1.5429607e-17
56,131,6.0,5.5379905e-09
56,131,7.0,1.3016145e-12
56,131,8.0,1.3326823e-12
56,131,9.0,3.4745488e-11
56,131,10.0,2.3328998e-11
56,131,11.0,2.838684e-18
56,131,12.0,5.7807215e-13
56,131,13.0,6.616465e-14
56,131,14.0,2.3709645e-12
56,132,0.0,1.3569873e-09
56,132,1.0,1.5914123e-10
56,132,2.0,3.0391186e-11
56,132,3.0,1.3606082e-10
56,132,4.0,3.8508138e-10
56,132,5.0,2.934142e-10
56,132,6.0,2.674638e-10
56,132,7.0,2.6719568e-10
56,132,8.0,1.7545915e-10
56,132,9.0,1.4849486e-10
56,132,10.0,3.14238e-10
56,132,11.0,8.482561e-10
56,132,12.0,2.0493938e-09
56,132,13.0,3.973722e-09
56,132,14.0,4.853912e-09
56,133,0.0,9.121208e-14
56,133,1.0,3.4327292e-19
56,133,2.0,0.0
56,133,3.0,0.0
56,133,4.0,0.0
56,133,5.0,0.0
56,133,6.0,0.0
56,133,7.0,2.8462454e-13
56,133,8.0,9.862269e-12
56,133,9.0,4.5188227e-13
56,133,10.0,8.8423755e-17
56,133,11.0,0.0
56,133,12.0,0.0
56,133,13.0,2.0587474e-11
56,133,14.0,5.4602567e-09
56,134,0.0,4.2566554e-12
56,134,1.0,2.1729845e-08
56,134,2.0,2.6931974e-09
56,134,3.0,8.564224e-14
56,134,4.0,1.2798542e-14
56,134,5.0,8.09044e-10
56,134,6.0,1.1644159e-09
56,134,7.0,5.969349e-11
56,134,8.0,5.7222355e-10
56,134,9.0,2.0662119e-09
56,134,10.0,2.4765154e-07
56,134,11.0,4.761079e-07
56,134,12.0,1.16364326e-07
56,134,13.0,5.6533153e-08
56,134,14.0,2.3157949e-07
56,135,0.0,1.4500604e-08
56,135,1.0,9.641527e-16
56,135,2.0,0.0
56,135,3.0,5.841675e-27
56,135,4.0,1.2099238e-12
56,135,5.0,3.2211755e-08
56,135,6.0,2.3038213e-07
56,135,7.0,1.558604e-07
56,135,8.0,3.758304e-09
56,135,9.0,3.7105306e-07
56,135,10.0,3.2650553e-07
56,135,11.0,6.268705e-06
56,135,12.0,1.01509495e-05
56,135,13.0,2.9792403e-05
56,135,14.0,4.1946278e-05
56,136,0.0,1.476474e-06
56,136,1.0,2.0856096e-07
56,136,2.0,1.1393823e-07
56,136,3.0,7.1943606e-07
56,136,4.0,2.0413698e-07
56,136,5.0,2.489444e-06
56,136,6.0,2.128463e-06
56,136,7.0,2.3604685e-05
56,136,8.0,9.7046024e-05
56,136,9.0,4.94855e-05
56,136,10.0,0.00027437587
56,136,11.0,0.00033223725
56,136,12.0,0.00051385403
56,136,13.0,0.00063303206
56,136,14.0,0.00059770735
56,137,0.0,0.00013650123
56,137,1.0,5.605122e-05
56,137,2.0,0.00025598594
56,137,3.0,0.00010729235
56,137,4.0,2.813676e-05
56,137,5.0,0.0001776881
56,137,6.0,0.00057998614
56,137,7.0,0.00043785895
56,137,8.0,0.0005024092
56,137,9.0,0.00025808442
56,137,10.0,0.0008929483
56,137,11.0,0.0030557525
56,137,12.0,0.002661469
56,137,13.0,0.0034798207
56,137,14.0,0.004503563
56,138,0.0,0.0020530426
56,138,1.0,0.00068753184
56,138,2.0,0.001177306
56,138,3.0,0.0015203758
56,138,4.0,0.002191585
56,138,5.0,0.003840533
56,138,6.0,0.0044610985
56,138,7.0,0.004873393
56,138,8.0,0.0074925004
56,138,9.0,0.008853687
56,138,10.0,0.0066861263
56,138,11.0,0.012566668
56,138,12.0,0.014098263
56,138,13.0,0.014449553
56,138,14.0,0.018321697
56,139,0.0,0.019743765
56,139,1.0,0.02080694
56,139,2.0,0.032192957
56,139,3.0,0.039968755
56,139,4.0,0.04233771
56,139,5.0,0.033278845
56,139,6.0,0.023851216
56,139,7.0,0.02669293
56,139,8.0,0.030644111
56,139,9.0,0.043524634
56,139,10.0,0.04351171
56,139,11.0,0.041944765
56,139,12.0,0.05933718
56,139,13.0,0.06953
56,139,14.0,0.08508874
56,140,0.0,0.06486563
56,140,1.0,0.078288525
56,140,2.0,0.10237217
56,140,3.0,0.08331949
56,140,4.0,0.07473887
56,140,5.0,0.09615544
56,140,6.0,0.110431716
56,140,7.0,0.09283747
56,140,8.0,0.09850846
56,140,9.0,0.110156775
56,140,10.0,0.10494421
56,140,11.0,0.13061562
56,140,12.0,0.16900516
56,140,13.0,0.16913417
56,140,14.0,0.20163369
56,141,0.0,0.20122766
56,141,1.0,0.31284818
56,141,2.0,0.26437446
56,141,3.0,0.29099926
56,141,4.0,0.27597415
56,141,5.0,0.35881194
56,141,6.0,0.29675335
56,141,7.0,0.3110831
56,141,8.0,0.27000594
56,141,9.0,0.29505944
56,141,10.0,0.24258699
56,141,11.0,0.19681397
56,141,12.0,0.31344432
56,141,13.0,0.35339686
56,141,14.0,0.29889056
56,142,0.0,0.49416608
56,142,1.0,0.43016195
56,142,2.0,0.5075824
56,142,3.0,0.46997362
56,142,4.0,0.32807505
56,142,5.0,0.42925817
56,142,6.0,0.47051895
56,142,7.0,0.4347303
56,142,8.0,0.42958245
56,142,9.0,0.4735616
56,142,10.0,0.47968337
56,142,11.0,0.3831462
56,142,12.0,0.5156625
56,142,13.0,0.45265526
56,142,14.0,0.47914883
56,143,0.0,0.6420525
56,143,1.0,0.44961497
56,143,2.0,0.53333205
56,143,3.0,0.51510084
56,143,4.0,0.5292761
56,143,5.0,0.41040465
56,143,6.0,0.3874991
56,143,7.0,0.45042288
56,143,8.0,0.47950274
56,143,9.0,0.35055062
56,143,10.0,0.3259899
56,143,11.0,0.3637478
56,143,12.0,0.35850212
56,143,13.0,0.35283276
56,143,14.0,0.31514287
56,144,0.0,0.5090694
56,144,1.0,0.44628775
56,144,2.0,0.38986892
56,144,3.0,0.53106254
56,144,4.0,0.39517918
56,144,5.0,0.37918928
56,144,6.0,0.38002148
56,144,7.0,0.3249567
56,144,8.0,0.36033943
56,144,9.0,0.37788245
56,144,10.0,0.27396458
56,144,11.0,0.2846954
56,144,12.0,0.3298765
56,144,13.0,0.26046717
56,144,14.0,0.25764576
56,145,0.0,0.40586945
56,145,1.0,0.28237098
56,145,2.0,0.22297043
56,145,3.0,0.17890163
56,145,4.0,0.14109556
56,145,5.0,0.1607961
56,145,6.0,0.14765401
56,145,7.0,0.12110544
56,145,8.0,0.2056275
56,145,9.0,0.3015247
56,145,10.0,0.22447222
56,145,11.0,0.11198393
56,145,12.0,0.07611402
56,145,13.0,0.10704484
56,145,14.0,0.10405329
56,146,0.0,0.1199444
56,146,1.0,0.11457892
56,146,2.0,0.122538164
56,146,3.0,0.1275498
56,146,4.0,0.078495085
56,146,5.0,0.062269516
56,146,6.0,0.07670547
56,146,7.0,0.10512621
56,146,8.0,0.06937239
56,146,9.0,0.049739055
56,146,10.0,0.067848906
56,146,11.0,0.082411945
56,146,12.0,0.065494284
56,146,13.0,0.055784795
56,146,14.0,0.033597577
56,147,0.0,0.041168034
56,147,1.0,0.020702228
56,147,2.0,0.014636746
56,147,3.0,0.009514625
56,147,4.0,0.0137721505
56,147,5.0,0.012620362
56,147,6.0,0.006218718
56,147,7.0,0.005769651
56,147,8.0,0.0061760624
56,147,9.0,0.009420704
56,147,10.0,0.009270144
56,147,11.0,0.011365407
56,147,12.0,0.007973572
56,147,13.0,0.0057482687
56,147,14.0,0.0045664436
56,148,0.0,0.0076206834
56,148,1.0,0.0070750564
56,148,2.0,0.0065347054
56,148,3.0,0.003585127
56,148,4.0,0.003459982
56,148,5.0,0.0016268343
56,148,6.0,0.0018417098
56,148,7.0,0.0016670164
56,148,8.0,0.0015104052
56,148,9.0,0.0018427537
56,148,10.0,0.00070190546
56,148,11.0,0.0004821462
56,148,12.0,0.00032795867
56,148,13.0,0.00038155486
56,148,14.0,0.00093827606
56,149,0.0,0.00053169957
56,149,1.0,0.00025665297
56,149,2.0,0.00015730156
56,149,3.0,9.448212e-05
56,149,4.0,5.9676502e-05
56,149,5.0,8.9426176e-05
56,149,6.0,6.0387276e-05
56,149,7.0,3.949254e-05
56,149,8.0,2.0123369e-05
56,149,9.0,1.4111128e-05
56,149,10.0,1.5055617e-05
56,149,11.0,1.5546735e-05
56,149,12.0,1.5726608e-05
56,149,13.0,1.1755751e-05
56,149,14.0,1.4035362e-05
56,150,0.0,2.6512987e-06
56,150,1.0,1.2405979e-05
56,150,2.0,0.00015644495
56,150,3.0,8.8193156e-05
56,150,4.0,2.3736386e-05
56,150,5.0,8.392888e-06
56,150,6.0,6.9482826e-07
56,150,7.0,3.6457674e-05
56,150,8.0,7.935559e-05
56,150,9.0,0.00018446147
56,150,10.0,4.8704358e-05
56,150,11.0,5.173613e-06
56,150,12.0,4.978466e-07
56,150,13.0,4.9488172e-08
56,150,14.0,4.447699e-07
56,151,0.0,1.371174e-08
56,151,1.0,2.9026523e-11
56,151,2.0,3.382771e-09
56,151,3.0,3.7041918e-09
56,151,4.0,1.1373903e-09
56,151,5.0,8.28665e-11
56,151,6.0,4.719846e-11
56,151,7.0,9.62817e-10
56,151,8.0,7.516858e-09
56,151,9.0,6.4927996e-09
56,151,10.0,4.157776e-09
56,151,11.0,3.2725322e-09
56,151,12.0,6.752226e-10
56,151,13.0,4.8126647e-10
56,151,14.0,4.2806103e-10
56,152,0.0,1.2349864e-10
56,152,1.0,5.0726525e-09
56,152,2.0,3.877333e-09
56,152,3.0,3.6089364e-11
56,152,4.0,3.187247e-11
56,152,5.0,1.0340313e-10
56,152,6.0,7.7508666e-10
56,152,7.0,1.799175e-09
56,152,8.0,4.2904047e-10
56,152,9.0,2.3185875e-11
56,152,10.0,5.610781e-10
56,152,11.0,4.7197093e-13
56,152,12.0,4.9731297e-10
56,152,13.0,2.4685629e-10
56,152,14.0,1.0813585e-08
56,153,0.0,6.0593135e-11
56,153,1.0,5.1158855e-11
56,153,2.0,1.6742163e-10
56,153,3.0,1.0265597e-12
56,153,4.0,0.0
56,153,5.0,0.0
56,153,6.0,0.0
56,153,7.0,1.6750873e-15
56,153,8.0,0.0
56,153,9.0,2.4421158e-11
56,153,10.0,9.2931315e-11
56,153,11.0,1.4007783e-09
56,153,12.0,4.5349927e-13
56,153,13.0,1.2483048e-11
56,153,14.0,6.026455e-10
56,154,0.0,2.8168948e-11
56,154,1.0,4.0620386e-11
56,154,2.0,7.358235e-11
56,154,3.0,2.5472855e-11
56,154,4.0,2.206092e-12
56,154,5.0,1.3527274e-14
56,154,6.0,4.841883e-13
56,154,7.0,6.622872e-12
56,154,8.0,4.440277e-13
56,154,9.0,5.599705e-13
56,154,10.0,6.544699e-11
56,154,11.0,6.150884e-11
56,154,12.0,4.863668e-10
56,154,13.0,9.278678e-11
56,154,14.0,4.4587003e-12
57,133,0.0,8.946619e-11
57,133,1.0,1.8447262e-10
57,133,2.0,2.1538695e-09
57,133,3.0,4.117256e-09
57,133,4.0,1.8868669e-10
57,133,5.0,9.196505e-12
57,133,6.0,2.9547508e-12
57,133,7.0,2.7987739e-11
57,133,8.0,1.1209406e-09
57,133,9.0,2.1251048e-09
57,133,10.0,5.649966e-11
57,133,11.0,1.4164476e-12
57,133,12.0,2.0362698e-12
57,133,13.0,2.8837284e-14
57,133,14.0,9.989967e-12
57,134,0.0,2.1012518e-11
57,134,1.0,2.0720208e-13
57,134,2.0,2.709213e-11
57,134,3.0,1.4180325e-12
57,134,4.0,2.9331072e-11
57,134,5.0,6.9045017e-12
57,134,6.0,1.9367714e-10
57,134,7.0,1.4164815e-09
57,134,8.0,2.6187414e-09
57,134,9.0,9.879536e-11
57,134,10.0,5.4124058e-12
57,134,11.0,7.511199e-12
57,134,12.0,2.4207658e-10
57,134,13.0,4.6201886e-11
57,134,14.0,2.8270646e-16
57,135,0.0,5.939036e-09
57,135,1.0,2.5311976e-11
57,135,2.0,4.7538716e-08
57,135,3.0,0.0
57,135,4.0,3.0194525e-20
57,135,5.0,5.4335236e-13
57,135,6.0,1.9514392e-09
57,135,7.0,9.547728e-09
57,135,8.0,1.8895037e-08
57,135,9.0,2.4921121e-08
57,135,10.0,1.0807891e-07
57,135,11.0,6.3040018e-09
57,135,12.0,5.9919736e-09
57,135,13.0,3.8324007e-08
57,135,14.0,1.7747526e-08
57,136,0.0,1.8209975e-11
57,136,1.0,7.068693e-10
57,136,2.0,1.2985772e-11
57,136,3.0,1.4271872e-11
57,136,4.0,0.0
57,136,5.0,5.595051e-09
57,136,6.0,3.7221284e-08
57,136,7.0,1.6613504e-13
57,136,8.0,3.6859582e-12
57,136,9.0,6.1988865e-11
57,136,10.0,3.4921097e-11
57,136,11.0,5.2561063e-08
57,136,12.0,3.3357464e-06
57,136,13.0,1.1489877e-06
57,136,14.0,1.128496e-06
57,137,0.0,6.2020294e-10
57,137,1.0,6.2081114e-09
57,137,2.0,5.9968297e-10
57,137,3.0,1.3265422e-10
57,137,4.0,0.0
57,137,5.0,2.2119578e-10
57,137,6.0,3.512626e-07
57,137,7.0,9.1752796e-08
57,137,8.0,9.652128e-07
57,137,9.0,3.4284044e-06
57,137,10.0,7.7084684e-07
57,137,11.0,2.2979548e-05
57,137,12.0,2.6276919e-05
57,137,13.0,1.4866559e-05
57,137,14.0,9.090151e-06
57,138,0.0,1.6271875e-07
57,138,1.0,2.7818749e-07
57,138,2.0,1.6666614e-09
57,138,3.0,1.4909119e-07
57,138,4.0,1.1150676e-06
57,138,5.0,4.8498023e-06
57,138,6.0,3.0459805e-06
57,138,7.0,1.37194465e-05
57,138,8.0,7.899603e-06
57,138,9.0,5.5570647e-05
57,138,10.0,6.3414096e-05
57,138,11.0,7.4574375e-05
57,138,12.0,8.328227e-05
57,138,13.0,0.00029887675
57,138,14.0,8.159658e-05
57,139,0.0,4.583548e-05
57,139,1.0,1.1425394e-05
57,139,2.0,6.3578022e-06
57,139,3.0,4.5929828e-05
57,139,4.0,0.000110362926
57,139,5.0,8.0653954e-05
57,139,6.0,3.7352187e-05
57,139,7.0,0.00038394952
57,139,8.0,0.00022454142
57,139,9.0,0.00026390445
57,139,10.0,0.00038532363
57,139,11.0,0.00041066014
57,139,12.0,0.0005016604
57,139,13.0,0.00047947388
57,139,14.0,0.0010447841
57,140,0.0,0.00029444564
57,140,1.0,0.0003583818
57,140,2.0,0.00049813476
57,140,3.0,0.00082742644
57,140,4.0,0.0007805967
57,140,5.0,0.0009164679
57,140,6.0,0.0014223923
57,140,7.0,0.0014416286
57,140,8.0,0.0027215024
57,140,9.0,0.0036028011
57,140,10.0,0.002188942
57,140,11.0,0.0036319843
57,140,12.0,0.0059426846
57,140,13.0,0.004226441
57,140,14.0,0.006971138
57,141,0.0,0.0039892048
57,141,1.0,0.00583588
57,141,2.0,0.005617108
57,141,3.0,0.00636109
57,141,4.0,0.0081596365
57,141,5.0,0.015468755
57,141,6.0,0.008509555
57,141,7.0,0.012523233
57,141,8.0,0.014142359
57,141,9.0,0.028542867
57,141,10.0,0.0364078
57,141,11.0,0.04179405
57,141,12.0,0.050713792
57,141,13.0,0.03434879
57,141,14.0,0.040506348
57,142,0.0,0.013897469
57,142,1.0,0.019089328
57,142,2.0,0.020697167
57,142,3.0,0.019534579
57,142,4.0,0.029487208
57,142,5.0,0.04092413
57,142,6.0,0.027649999
57,142,7.0,0.036931988
57,142,8.0,0.045385458
57,142,9.0,0.035715107
57,142,10.0,0.0641625
57,142,11.0,0.06846155
57,142,12.0,0.051533584
57,142,13.0,0.079908594
57,142,14.0,0.09041033
57,143,0.0,0.10483905
57,143,1.0,0.11821444
57,143,2.0,0.108848356
57,143,3.0,0.1245014
57,143,4.0,0.10083211
57,143,5.0,0.08321064
57,143,6.0,0.097700655
57,143,7.0,0.18335931
57,143,8.0,0.15008067
57,143,9.0,0.13238147
57,143,10.0,0.10815363
57,143,11.0,0.17194831
57,143,12.0,0.16212508
57,143,13.0,0.19526398
57,143,14.0,0.21043506
57,144,0.0,0.12802172
57,144,1.0,0.10345
57,144,2.0,0.14766918
57,144,3.0,0.22724822
57,144,4.0,0.17372322
57,144,5.0,0.1636242
57,144,6.0,0.16581362
57,144,7.0,0.21546866
57,144,8.0,0.24380532
57,144,9.0,0.22770874
57,144,10.0,0.23270307
57,144,11.0,0.249292
57,144,12.0,0.20394675
57,144,13.0,0.2216137
57,144,14.0,0.23042019
57,145,0.0,0.4241314
57,145,1.0,0.2841675
57,145,2.0,0.3081349
57,145,3.0,0.26189104
57,145,4.0,0.25514537
57,145,5.0,0.28209645
57,145,6.0,0.18163313
57,145,7.0,0.17074211
57,145,8.0,0.17057201
57,145,9.0,0.23378609
57,145,10.0,0.25228307
57,145,11.0,0.32652882
57,145,12.0,0.32816815
57,145,13.0,0.24269538
57,145,14.0,0.26155874
57,146,0.0,0.20902538
57,146,1.0,0.19515328
57,146,2.0,0.26306364
57,146,3.0,0.23977876
57,146,4.0,0.19182296
57,146,5.0,0.23721918
57,146,6.0,0.20281665
57,146,7.0,0.15329371
57,146,8.0,0.14546646
57,146,9.0,0.16009872
57,146,10.0,0.19889292
57,146,11.0,0.22811359
57,146,12.0,0.17051564
57,146,13.0,0.16550682
57,146,14.0,0.19741066
57,147,0.0,0.14183366
57,147,1.0,0.16449556
57,147,2.0,0.16238426
57,147,3.0,0.16262221
57,147,4.0,0.15709616
57,147,5.0,0.07208437
57,147,6.0,0.13876435
57,147,7.0,0.117806606
57,147,8.0,0.10416417
57,147,9.0,0.11245952
57,147,10.0,0.11867775
57,147,11.0,0.07748834
57,147,12.0,0.08859926
57,147,13.0,0.09240152
57,147,14.0,0.08370602
57,148,0.0,0.06901597
57,148,1.0,0.0670496
57,148,2.0,0.06696565
57,148,3.0,0.07059957
57,148,4.0,0.053671278
57,148,5.0,0.053169813
57,148,6.0,0.04488774
57,148,7.0,0.049820706
57,148,8.0,0.046590168
57,148,9.0,0.03871933
57,148,10.0,0.04651175
57,148,11.0,0.035089407
57,148,12.0,0.039072845
57,148,13.0,0.025759615
57,148,14.0,0.023182433
57,149,0.0,0.019424684
57,149,1.0,0.0237747
57,149,2.0,0.018866463
57,149,3.0,0.019783009
57,149,4.0,0.01678835
57,149,5.0,0.021295652
57,149,6.0,0.009509724
57,149,7.0,0.008258965
57,149,8.0,0.0095475055
57,149,9.0,0.0076776487
57,149,10.0,0.009144285
57,149,11.0,0.024191845
57,149,12.0,0.012677977
57,149,13.0,0.005643353
57,149,14.0,0.006389535
57,150,0.0,0.003164435
57,150,1.0,0.0036959494
57,150,2.0,0.0030540293
57,150,3.0,0.0041767033
57,150,4.0,0.002916265
57,150,5.0,0.0030719663
57,150,6.0,0.0016031027
57,150,7.0,0.0014507096
57,150,8.0,0.0022771591
57,150,9.0,0.001850771
57,150,10.0,0.0018903163
57,150,11.0,0.0013617896
57,150,12.0,0.0015903536
57,150,13.0,0.001161115
57,150,14.0,0.000690133
57,151,0.0,0.0015802823
57,151,1.0,0.00071364595
57,151,2.0,0.00041086174
57,151,3.0,0.00044116421
57,151,4.0,0.00071014994
57,151,5.0,0.00019606168
57,151,6.0,0.00015534335
57,151,7.0,6.954864e-05
57,151,8.0,5.819577e-05
57,151,9.0,4.7067242e-05
57,151,10.0,0.00017114691
57,151,11.0,0.00020081029
57,151,12.0,0.00025252852
57,151,13.0,9.450738e-05
57,151,14.0,0.00012182731
57,152,0.0,2.5814867e-05
57,152,1.0,2.2347063e-05
57,152,2.0,7.9822814e-05
57,152,3.0,5.6161443e-05
57,152,4.0,0.00017627885
57,152,5.0,3.5634225e-06
57,152,6.0,1.7330192e-05
57,152,7.0,8.5115266e-07
57,152,8.0,1.5621622e-07
57,152,9.0,2.2235638e-06
57,152,10.0,5.2311225e-06
57,152,11.0,1.6801794e-06
57,152,12.0,6.9069997e-06
57,152,13.0,8.564877e-07
57,152,14.0,2.7454934e-07
57,153,0.0,2.80588e-07
57,153,1.0,6.9046514e-08
57,153,2.0,6.208594e-09
57,153,3.0,1.8198615e-07
57,153,4.0,2.4490017e-09
57,153,5.0,1.0897734e-10
57,153,6.0,4.0319972e-13
57,153,7.0,2.1278166e-14
57,153,8.0,4.725473e-13
57,153,9.0,1.4240631e-10
57,153,10.0,6.969874e-09
57,153,11.0,1.1959261e-07
57,153,12.0,1.3717198e-09
57,153,13.0,5.261832e-08
57,153,14.0,2.3997706e-07
57,154,0.0,1.5068474e-09
57,154,1.0,1.9946835e-09
57,154,2.0,1.7331388e-08
57,154,3.0,1.6337989e-08
57,154,4.0,5.042579e-08
57,154,5.0,1.119312e-08
57,154,6.0,7.712606e-09
57,154,7.0,1.7539274e-07
57,154,8.0,1.2117309e-09
57,154,9.0,2.9397942e-09
57,154,10.0,2.3186209e-10
57,154,11.0,8.465966e-09
57,154,12.0,1.6272744e-13
57,154,13.0,1.1314239e-08
57,154,14.0,1.3006438e-08
57,155,0.0,2.3026558e-09
57,155,1.0,1.3388203e-09
57,155,2.0,2.290928e-09
57,155,3.0,1.4611091e-09
57,155,4.0,1.0470955e-09
57,155,5.0,1.4765291e-11
57,155,6.0,7.3917004e-11
57,155,7.0,4.606611e-09
57,155,8.0,7.0160284e-12
57,155,9.0,5.4723292e-11
57,155,10.0,7.2850664e-10
57,155,11.0,2.0168131e-10
57,155,12.0,6.775525e-13
57,155,13.0,8.684869e-10
57,155,14.0,1.1516103e-09
57,156,0.0,4.7798304e-10
57,156,1.0,3.9228373e-10
57,156,2.0,2.187771e-09
57,156,3.0,6.8783826e-11
57,156,4.0,3.1259303e-10
57,156,5.0,9.978856e-10
57,156,6.0,1.0398528e-09
57,156,7.0,8.8575675e-10
57,156,8.0,6.3122974e-10
57,156,9.0,2.6344238e-10
57,156,10.0,5.6643287e-11
57,156,11.0,7.737429e-11
57,156,12.0,2.6670063e-10
57,156,13.0,4.97006e-10
57,156,14.0,4.7849746e-10
57,157,0.0,1.4503719e-10
57,157,1.0,8.290881e-11
57,157,2.0,2.59276e-09
57,157,3.0,1.9883246e-09
57,157,4.0,5.5971183e-10
57,157,5.0,2.332444e-11
57,157,6.0,8.799957e-11
57,157,7.0,8.3272356e-10
57,157,8.0,1.2767937e-09
57,157,9.0,1.3944377e-09
57,157,10.0,1.8362033e-09
57,157,11.0,1.8899526e-09
57,157,12.0,2.9121034e-09
57,157,13.0,3.161284e-09
57,157,14.0,5.7242006e-10
58,135,0.0,4.2091253e-10
58,135,1.0,4.4847057e-10
58,135,2.0,4.406417e-10
58,135,3.0,3.6892642e-10
58,135,4.0,1.0890416e-09
58,135,5.0,1.0925567e-09
58,135,6.0,1.47799e-10
58,135,7.0,8.744704e-11
58,135,8.0,3.435475e-10
58,135,9.0,7.9833e-10
58,135,10.0,9.3818e-10
58,135,11.0,3.3716363e-10
58,135,12.0,9.323267e-10
58,135,13.0,2.8480054e-10
58,135,14.0,1.4383815e-12
58,136,0.0,2.0415318e-10
58,136,1.0,2.7095695e-10
58,136,2.0,1.2803478e-10
58,136,3.0,6.2120357e-12
58,136,4.0,1.1652612e-13
58,136,5.0,2.2869791e-10
58,136,6.0,9.428198e-10
58,136,7.0,1.8370422e-09
58,136,8.0,1.0793558e-09
58,136,9.0,1.1977448e-09
58,136,10.0,4.9308496e-10
58,136,11.0,2.0513881e-10
58,136,12.0,1.4950102e-08
58,136,13.0,5.4125787e-11
58,136,14.0,1.0122754e-12
58,137,0.0,1.9796229e-10
58,137,1.0,2.8558231e-09
58,137,2.0,2.0690696e-09
58,137,3.0,8.723954e-14
58,137,4.0,4.2526587e-09
58,137,5.0,9.5117005e-11
58,137,6.0,9.3490604e-11
58,137,7.0,4.349587e-11
58,137,8.0,1.012092e-09
58,137,9.0,5.415188e-13
58,137,10.0,0.0
58,137,11.0,7.575753e-11
58,137,12.0,1.0651826e-09
58,137,13.0,2.6771402e-10
58,137,14.0,1.9849854e-11
58,138,0.0,4.99402e-11
58,138,1.0,1.3893397e-11
58,138,2.0,5.9352805e-12
58,138,3.0,1.891247e-10
58,138,4.0,4.6562247e-11
58,138,5.0,1.3322043e-10
58,138,6.0,5.5377405e-14
58,138,7.0,2.0159773e-11
58,138,8.0,2.6757562e-13
58,138,9.0,2.2859718e-11
58,138,10.0,2.3545602e-10
58,138,11.0,9.935013e-11
58,138,12.0,1.06848095e-08
58,138,13.0,3.217879e-08
58,138,14.0,1.6995632e-09
58,139,0.0,2.6873823e-11
58,139,1.0,7.426244e-14
58,139,2.0,5.5615135e-10
58,139,3.0,3.3390295e-15
58,139,4.0,6.1740617e-12
58,139,5.0,9.268401e-10
58,139,6.0,2.0727159e-10
58,139,7.0,2.8819022e-11
58,139,8.0,1.5837651e-14
58,139,9.0,2.5288426e-14
58,139,10.0,7.343233e-10
58,139,11.0,4.3538506e-08
58,139,12.0,2.3465384e-06
58,139,13.0,5.29505e-08
58,139,14.0,9.626809e-09
58,140,0.0,1.376119e-09
58,140,1.0,0.0
58,140,2.0,2.5800003e-11
58,140,3.0,4.0703057e-08
58,140,4.0,9.659719e-07
58,140,5.0,1.0477694e-06
58,140,6.0,3.994105e-06
58,140,7.0,3.6307385e-06
58,140,8.0,3.8776258e-07
58,140,9.0,3.4455793e-06
58,140,10.0,6.6018624e-06
58,140,11.0,1.06838015e-05
58,140,12.0,1.5630603e-05
58,140,13.0,1.9596002e-05
58,140,14.0,1.4666025e-05
58,141,0.0,1.0102796e-05
58,141,1.0,1.1757956e-05
58,141,2.0,1.7260287e-05
58,141,3.0,1.2181791e-05
58,141,4.0,3.033059e-05
58,141,5.0,6.385375e-05
58,141,6.0,3.626418e-05
58,141,7.0,2.2750964e-05
58,141,8.0,0.00014181196
58,141,9.0,0.0001171737
58,141,10.0,0.0006585584
58,141,11.0,0.00064363686
58,141,12.0,0.00082671264
58,141,13.0,0.0007130757
58,141,14.0,0.00027801155
58,142,0.0,0.00021312608
58,142,1.0,0.0001353575
58,142,2.0,0.000106873005
58,142,3.0,0.00017566721
58,142,4.0,0.0003543879
58,142,5.0,0.00040443064
58,142,6.0,0.0002687851
58,142,7.0,0.0005340939
58,142,8.0,0.00039632875
58,142,9.0,0.0011152911
58,142,10.0,0.0009896132
58,142,11.0,0.0012742889
58,142,12.0,0.001581665
58,142,13.0,0.0011890177
58,142,14.0,0.001267617
58,143,0.0,0.00089069264
58,143,1.0,0.001306254
58,143,2.0,0.0010958611
58,143,3.0,0.0031300036
58,143,4.0,0.001839682
58,143,5.0,0.0012528512
58,143,6.0,0.0026835846
58,143,7.0,0.0019393971
58,143,8.0,0.0031593998
58,143,9.0,0.0038377922
58,143,10.0,0.0062627927
58,143,11.0,0.0045917504
58,143,12.0,0.00585449
58,143,13.0,0.010828022
58,143,14.0,0.011877943
58,144,0.0,0.007256342
58,144,1.0,0.0067029586
58,144,2.0,0.010817439
58,144,3.0,0.009593372
58,144,4.0,0.009612422
58,144,5.0,0.011044124
58,144,6.0,0.01089287
58,144,7.0,0.009187032
58,144,8.0,0.014038325
58,144,9.0,0.016881982
58,144,10.0,0.017559636
58,144,11.0,0.016026258
58,144,12.0,0.016074264
58,144,13.0,0.027000627
58,144,14.0,0.03494142
58,145,0.0,0.027910247
58,145,1.0,0.022383912
58,145,2.0,0.03417702
58,145,3.0,0.043865245
58,145,4.0,0.05654214
58,145,5.0,0.06316291
58,145,6.0,0.047545053
58,145,7.0,0.069029406
58,145,8.0,0.07895218
58,145,9.0,0.063538976
58,145,10.0,0.10568072
58,145,11.0,0.062383417
58,145,12.0,0.046317216
58,145,13.0,0.074509405
58,145,14.0,0.08919986
58,146,0.0,0.0687667
58,146,1.0,0.051808845
58,146,2.0,0.069020145
58,146,3.0,0.09957574
58,146,4.0,0.10960978
58,146,5.0,0.10830058
58,146,6.0,0.105883434
58,146,7.0,0.12242659
58,146,8.0,0.19374673
58,146,9.0,0.19862472
58,146,10.0,0.15502234
58,146,11.0,0.13572142
58,146,12.0,0.17712954
58,146,13.0,0.14754954
58,146,14.0,0.1301707
58,147,0.0,0.11246113
58,147,1.0,0.1603496
58,147,2.0,0.09720908
58,147,3.0,0.12249267
58,147,4.0,0.10025509
58,147,5.0,0.10522693
58,147,6.0,0.12966083
58,147,7.0,0.13074316
58,147,8.0,0.13759746
58,147,9.0,0.18455246
58,147,10.0,0.1989887
58,147,11.0,0.18353257
58,147,12.0,0.15858218
58,147,13.0,0.1565339
58,147,14.0,0.17250973
58,148,0.0,0.12162343
58,148,1.0,0.13558467
58,148,2.0,0.13513815
58,148,3.0,0.10106409
58,148,4.0,0.105104834
58,148,5.0,0.096094325
58,148,6.0,0.11999486
58,148,7.0,0.16125633
58,148,8.0,0.16380838
58,148,9.0,0.12144515
58,148,10.0,0.15648198
58,148,11.0,0.19997539
58,148,12.0,0.17533457
58,148,13.0,0.081418924
58,148,14.0,0.10469697
58,149,0.0,0.107093975
58,149,1.0,0.13505639
58,149,2.0,0.12448023
58,149,3.0,0.11815894
58,149,4.0,0.10187704
58,149,5.0,0.09540263
58,149,6.0,0.09516974
58,149,7.0,0.0926704
58,149,8.0,0.091244705
58,149,9.0,0.09879966
58,149,10.0,0.077108815
58,149,11.0,0.07560108
58,149,12.0,0.08246148
58,149,13.0,0.063638136
58,149,14.0,0.06589514
58,150,0.0,0.063096434
58,150,1.0,0.062237438
58,150,2.0,0.07053738
58,150,3.0,0.059538268
58,150,4.0,0.05209445
58,150,5.0,0.045105882
58,150,6.0,0.051606342
58,150,7.0,0.04781796
58,150,8.0,0.038328577
58,150,9.0,0.03873938
58,150,10.0,0.06628783
58,150,11.0,0.051646408
58,150,12.0,0.04433048
58,150,13.0,0.0424117
58,150,14.0,0.03069198
58,151,0.0,0.020168101
58,151,1.0,0.03385523
58,151,2.0,0.01553758
58,151,3.0,0.019267999
58,151,4.0,0.024498776
58,151,5.0,0.024462324
58,151,6.0,0.016639614
58,151,7.0,0.026258135
58,151,8.0,0.012965548
58,151,9.0,0.008624606
58,151,10.0,0.010490615
58,151,11.0,0.0086913165
58,151,12.0,0.008909412
58,151,13.0,0.011885939
58,151,14.0,0.011697643
58,152,0.0,0.0031718158
58,152,1.0,0.0083539635
58,152,2.0,0.004059586
58,152,3.0,0.0042244056
58,152,4.0,0.008512438
58,152,5.0,0.004000796
58,152,6.0,0.0026209815
58,152,7.0,0.0024946092
58,152,8.0,0.0016525236
58,152,9.0,0.0015952102
58,152,10.0,0.001247155
58,152,11.0,0.0013374928
58,152,12.0,0.0010160009
58,152,13.0,0.0006870095
58,152,14.0,0.00067977095
58,153,0.0,0.00014906484
58,153,1.0,0.00065522955
58,153,2.0,0.0008900549
58,153,3.0,0.00073593954
58,153,4.0,0.00031948366
58,153,5.0,0.0002560401
58,153,6.0,0.000197863
58,153,7.0,0.00016870874
58,153,8.0,5.6659457e-05
58,153,9.0,3.596625e-05
58,153,10.0,6.1700586e-05
58,153,11.0,2.8686247e-05
58,153,12.0,2.5097497e-05
58,153,13.0,7.904921e-06
58,153,14.0,1.7821858e-05
58,154,0.0,7.429495e-05
58,154,1.0,9.772883e-05
58,154,2.0,6.855585e-05
58,154,3.0,0.00012656616
58,154,4.0,5.710165e-05
58,154,5.0,4.090746e-05
58,154,6.0,3.2639766e-06
58,154,7.0,8.714689e-07
58,154,8.0,1.1585976e-07
58,154,9.0,1.5501522e-05
58,154,10.0,3.0337662e-06
58,154,11.0,1.0842206e-05
58,154,12.0,3.6872052e-08
58,154,13.0,1.3413953e-08
58,154,14.0,3.910732e-08
58,155,0.0,3.3790254e-08
58,155,1.0,2.7022477e-08
58,155,2.0,3.1379723e-09
58,155,3.0,1.005559e-11
58,155,4.0,1.8233086e-08
58,155,5.0,1.6970313e-08
58,155,6.0,2.3093364e-08
58,155,7.0,2.8968596e-08
58,155,8.0,1.2348853e-07
58,155,9.0,3.8529225e-07
58,155,10.0,7.0659814e-07
58,155,11.0,1.4222602e-08
58,155,12.0,9.1417557e-10
58,155,13.0,1.1750116e-09
58,155,14.0,4.1273573e-08
58,156,0.0,2.7878436e-10
58,156,1.0,1.2851179e-08
58,156,2.0,3.9857078e-09
58,156,3.0,2.1516244e-10
58,156,4.0,1.5121109e-10
58,156,5.0,3.2252173e-10
58,156,6.0,1.3350798e-09
58,156,7.0,2.019835e-09
58,156,8.0,2.3042968e-09
58,156,9.0,2.852413e-10
58,156,10.0,8.209115e-12
58,156,11.0,2.8429795e-11
58,156,12.0,3.9097753e-11
58,156,13.0,1.5316694e-11
58,156,14.0,1.214497e-10
58,157,0.0,8.6033064e-10
58,157,1.0,5.0395323e-11
58,157,2.0,2.8364789e-12
58,157,3.0,2.6292803e-12
58,157,4.0,1.11593165e-11
58,157,5.0,1.775982e-11
58,157,6.0,6.705463e-12
58,157,7.0,1.834095e-12
58,157,8.0,1.8868032e-11
58,157,9.0,2.9125685e-11
58,157,10.0,1.730172e-12
58,157,11.0,9.190473e-12
58,157,12.0,6.491294e-11
58,157,13.0,1.3053342e-10
58,157,14.0,5.7250865e-10
58,158,0.0,3.7703054e-09
58,158,1.0,3.0718383e-10
58,158,2.0,7.754521e-10
58,158,3.0,5.670256e-10
58,158,4.0,4.231869e-10
58,158,5.0,5.749884e-10
58,158,6.0,5.9734256e-10
58,158,7.0,1.8947975e-10
58,158,8.0,2.7894003e-11
58,158,9.0,1.0212518e-12
58,158,10.0,3.8721676e-13
58,158,11.0,3.2533871e-13
58,158,12.0,1.3809512e-10
58,158,13.0,1.1995493e-10
58,158,14.0,3.9393105e-10
58,159,0.0,6.521422e-11
58,159,1.0,1.0057017e-11
58,159,2.0,9.3817444e-14
58,159,3.0,5.803263e-14
58,159,4.0,6.391267e-13
58,159,5.0,1.010339e-12
58,159,6.0,4.713091e-13
58,159,7.0,2.4324062e-13
58,159,8.0,2.2330044e-13
58,159,9.0,3.3142467e-13
58,159,10.0,2.4058045e-13
58,159,11.0,3.1028771e-15
58,159,12.0,5.449805e-20
58,159,13.0,3.0534754e-17
58,159,14.0,1.06037364e-13
58,160,0.0,8.2371723e-13
58,160,1.0,2.5625533e-12
58,160,2.0,3.4443472e-11
58,160,3.0,2.7385433e-10
58,160,4.0,6.252222e-11
58,160,5.0,1.0742497e-12
58,160,6.0,1.6736969e-12
58,160,7.0,5.916054e-12
58,160,8.0,1.0176781e-10
58,160,9.0,1.10459336e-10
58,160,10.0,1.6470703e-10
58,160,11.0,9.266363e-11
58,160,12.0,6.7817474e-10
58,160,13.0,3.2724096e-10
58,160,14.0,4.7471613e-11
59,138,0.0,1.5460699e-13
59,138,1.0,2.898954e-09
59,138,2.0,2.5065672e-09
59,138,3.0,9.37325e-10
59,138,4.0,8.1907245e-09
59,138,5.0,3.4722683e-10
59,138,6.0,1.1994193e-08
59,138,7.0,9.939105e-09
59,138,8.0,2.1869146e-09
59,138,9.0,1.4136257e-09
59,138,10.0,3.6900205e-09
59,138,11.0,1.8602606e-10
59,138,12.0,9.387938e-09
59,138,13.0,5.211351e-09
59,138,14.0,5.128891e-12
59,139,0.0,2.1885174e-12
59,139,1.0,6.230468e-13
59,139,2.0,5.6032595e-10
59,139,3.0,2.0347879e-10
59,139,4.0,7.6544204e-10
59,139,5.0,2.3134592e-09
59,139,6.0,1.6260076e-09
59,139,7.0,4.9800043e-11
59,139,8.0,0.0
59,139,9.0,1.3315991e-10
59,139,10.0,4.6772297e-09
59,139,11.0,4.1636263e-09
59,139,12.0,8.896887e-09
59,139,13.0,8.500327e-11
59,139,14.0,4.4729172e-11
59,140,0.0,2.6540171e-14
59,140,1.0,1.8882913e-09
59,140,2.0,1.4796789e-17
59,140,3.0,1.5806843e-09
59,140,4.0,3.3208042e-14
59,140,5.0,6.95728e-09
59,140,6.0,3.3279138e-10
59,140,7.0,1.0160236e-09
59,140,8.0,3.5274594e-09
59,140,9.0,9.149911e-13
59,140,10.0,1.2173656e-21
59,140,11.0,0.0
59,140,12.0,0.0
59,140,13.0,2.2095355e-11
59,140,14.0,2.785824e-10
59,141,0.0,2.6977837e-11
59,141,1.0,1.8600049e-11
59,141,2.0,0.0
59,141,3.0,0.0
59,141,4.0,2.0291881e-11
59,141,5.0,1.104747e-11
59,141,6.0,1.5298316e-08
59,141,7.0,8.0949164e-11
59,141,8.0,0.0
59,141,9.0,3.96919e-09
59,141,10.0,6.1129244e-09
59,141,11.0,3.5512346e-09
59,141,12.0,1.663932e-07
59,141,13.0,2.8803962e-07
59,141,14.0,6.604721e-08
59,142,0.0,4.698336e-10
59,142,1.0,1.5235906e-11
59,142,2.0,0.0
59,142,3.0,7.3016347e-16
59,142,4.0,5.698918e-10
59,142,5.0,2.3588228e-12
59,142,6.0,0.0
59,142,7.0,0.0
59,142,8.0,2.2743582e-14
59,142,9.0,2.0011932e-10
59,142,10.0,5.436522e-09
59,142,11.0,4.571271e-07
59,142,12.0,7.226121e-07
59,142,13.0,1.1227891e-05
59,142,14.0,1.1836647e-05
59,143,0.0,1.0185782e-06
59,143,1.0,2.8126435e-08
59,143,2.0,2.0181561e-08
59,143,3.0,3.930926e-10
59,143,4.0,1.0651926e-10
59,143,5.0,7.8613824e-11
59,143,6.0,1.2892507e-09
59,143,7.0,1.4565339e-05
59,143,8.0,6.9849443e-06
59,143,9.0,2.6986509e-05
59,143,10.0,3.7341313e-05
59,143,11.0,3.1892854e-05
59,143,12.0,7.254217e-05
59,143,13.0,6.632087e-05
59,143,14.0,5.8224006e-05
59,144,0.0,9.045947e-06
59,144,1.0,3.6749294e-05
59,144,2.0,2.7707688e-07
59,144,3.0,1.17221035e-07
59,144,4.0,6.437285e-07
59,144,5.0,9.47725e-06
59,144,6.0,7.036452e-05
59,144,7.0,4.282042e-05
59,144,8.0,2.7259093e-05
59,144,9.0,2.9752455e-05
59,144,10.0,4.2754746e-05
59,144,11.0,2.9217983e-05
59,144,12.0,9.701295e-05
59,144,13.0,0.00015368675
59,144,14.0,0.0002098257
59,145,0.0,0.00012906326
59,145,1.0,4.6112487e-05
59,145,2.0,0.00018117669
59,145,3.0,4.5779514e-05
59,145,4.0,0.0004158215
59,145,5.0,0.000705158
59,145,6.0,0.0016429775
59,145,7.0,0.0018059581
59,145,8.0,0.0009391819
59,145,9.0,0.0012012162
59,145,10.0,0.00070767256
59,145,11.0,0.00083781447
59,145,12.0,0.0012743156
59,145,13.0,0.001148669
59,145,14.0,0.0020243556
59,146,0.0,0.0007127817
59,146,1.0,0.00063531834
59,146,2.0,0.00036613137
59,146,3.0,0.00038008022
59,146,4.0,0.0014893999
59,146,5.0,0.0024166373
59,146,6.0,0.003917235
59,146,7.0,0.005354953
59,146,8.0,0.0032754557
59,146,9.0,0.0040350067
59,146,10.0,0.0034455569
59,146,11.0,0.0042726123
59,146,12.0,0.0031863751
59,146,13.0,0.00609566
59,146,14.0,0.012447057
59,147,0.0,0.0028739122
59,147,1.0,0.0045505185
59,147,2.0,0.006347889
59,147,3.0,0.0077851485
59,147,4.0,0.0076269787
59,147,5.0,0.007160658
59,147,6.0,0.010821271
59,147,7.0,0.011912401
59,147,8.0,0.020274458
59,147,9.0,0.024438692
59,147,10.0,0.029756203
59,147,11.0,0.011916964
59,147,12.0,0.05109523
59,147,13.0,0.05506603
59,147,14.0,0.039016318
59,148,0.0,0.010600618
59,148,1.0,0.007853691
59,148,2.0,0.0134783955
59,148,3.0,0.014517955
59,148,4.0,0.02977063
59,148,5.0,0.024686702
59,148,6.0,0.020762404
59,148,7.0,0.030648343
59,148,8.0,0.031550568
59,148,9.0,0.034645215
59,148,10.0,0.04161765
59,148,11.0,0.038253713
59,148,12.0,0.041361835
59,148,13.0,0.05065457
59,148,14.0,0.056966282
59,149,0.0,0.030065173
59,149,1.0,0.024075223
59,149,2.0,0.025839536
59,149,3.0,0.049264252
59,149,4.0,0.036346916
59,149,5.0,0.041677393
59,149,6.0,0.052177824
59,149,7.0,0.06122646
59,149,8.0,0.07837974
59,149,9.0,0.07506882
59,149,10.0,0.0765314
59,149,11.0,0.12005254
59,149,12.0,0.08877594
59,149,13.0,0.0762505
59,149,14.0,0.093972534
59,150,0.0,0.019553343
59,150,1.0,0.039031602
59,150,2.0,0.049543053
59,150,3.0,0.052817613
59,150,4.0,0.04266108
59,150,5.0,0.04735907
59,150,6.0,0.050614282
59,150,7.0,0.057053942
59,150,8.0,0.07522899
59,150,9.0,0.11094368
59,150,10.0,0.0890305
59,150,11.0,0.059821054
59,150,12.0,0.075091295
59,150,13.0,0.060850736
59,150,14.0,0.055479117
59,151,0.0,0.021315452
59,151,1.0,0.026797252
59,151,2.0,0.028832112
59,151,3.0,0.049965087
59,151,4.0,0.045388155
59,151,5.0,0.05621384
59,151,6.0,0.06425286
59,151,7.0,0.057435784
59,151,8.0,0.07277762
59,151,9.0,0.069227934
59,151,10.0,0.05580739
59,151,11.0,0.04624522
59,151,12.0,0.037935168
59,151,13.0,0.027993673
59,151,14.0,0.028180664
59,152,0.0,0.021059861
59,152,1.0,0.015797729
59,152,2.0,0.02094995
59,152,3.0,0.022280853
59,152,4.0,0.018818345
59,152,5.0,0.019651702
59,152,6.0,0.03922602
59,152,7.0,0.028906906
59,152,8.0,0.025982045
59,152,9.0,0.02842133
59,152,10.0,0.023540234
59,152,11.0,0.020609427
59,152,12.0,0.014225477
59,152,13.0,0.017858833
59,152,14.0,0.017256012
59,153,0.0,0.008053228
59,153,1.0,0.011259523
59,153,2.0,0.006686546
59,153,3.0,0.008582671
59,153,4.0,0.010852451
59,153,5.0,0.009153533
59,153,6.0,0.010235594
59,153,7.0,0.011532164
59,153,8.0,0.00856399
59,153,9.0,0.009272761
59,153,10.0,0.005303234
59,153,11.0,0.0035585333
59,153,12.0,0.0037273793
59,153,13.0,0.0034131636
59,153,14.0,0.0032437746
59,154,0.0,0.0010991695
59,154,1.0,0.004060537
59,154,2.0,0.0019554591
59,154,3.0,0.0014926814
59,154,4.0,0.0018052595
59,154,5.0,0.000925606
59,154,6.0,0.0021477465
59,154,7.0,0.001270013
59,154,8.0,0.0009508035
59,154,9.0,0.00082075817
59,154,10.0,0.0012211129
59,154,11.0,0.0009760419
59,154,12.0,0.00068144774
59,154,13.0,0.0003915347
59,154,14.0,0.00047987784
59,155,0.0,5.9995404e-05
59,155,1.0,6.8278525e-05
59,155,2.0,8.139703e-05
59,155,3.0,0.00013530308
59,155,4.0,0.00012046465
59,155,5.0,4.7996495e-05
59,155,6.0,2.3012564e-05
59,155,7.0,3.3146996e-05
59,155,8.0,2.032125e-05
59,155,9.0,2.3226426e-05
59,155,10.0,9.901366e-06
59,155,11.0,2.3637037e-06
59,155,12.0,1.090717e-05
59,155,13.0,8.616383e-05
59,155,14.0,2.6243577e-05
59,156,0.0,1.2184042e-06
59,156,1.0,6.4550513e-06
59,156,2.0,3.974104e-07
59,156,3.0,4.1392232e-07
59,156,4.0,9.35922e-06
59,156,5.0,1.8931383e-06
59,156,6.0,1.0592462e-06
59,156,7.0,2.9485443e-07
59,156,8.0,6.663036e-07
59,156,9.0,3.1543546e-10
59,156,10.0,4.478332e-09
59,156,11.0,1.4032594e-07
59,156,12.0,9.84076e-07
59,156,13.0,4.9899698e-09
59,156,14.0,1.0867698e-07
59,157,0.0,3.046633e-08
59,157,1.0,3.8312047e-07
59,157,2.0,2.4874015e-07
59,157,3.0,2.7796963e-08
59,157,4.0,4.0493823e-08
59,157,5.0,8.095798e-08
59,157,6.0,6.537517e-09
59,157,7.0,1.3972078e-08
59,157,8.0,1.414407e-08
59,157,9.0,8.833041e-08
59,157,10.0,3.9252175e-08
59,157,11.0,1.015218e-07
59,157,12.0,7.820734e-08
59,157,13.0,1.9373655e-08
59,157,14.0,1.08165864e-07
59,158,0.0,4.7944976e-08
59,158,1.0,1.9000001e-07
59,158,2.0,3.236261e-08
59,158,3.0,3.986522e-09
59,158,4.0,2.328682e-09
59,158,5.0,5.0943743e-09
59,158,6.0,9.290501e-09
59,158,7.0,8.903175e-09
59,158,8.0,4.3645123e-09
59,158,9.0,3.2836773e-08
59,158,10.0,3.469051e-09
59,158,11.0,3.7770395e-10
59,158,12.0,8.4452685e-09
59,158,13.0,5.2860344e-10
59,158,14.0,4.046256e-08
59,159,0.0,2.4509625e-10
59,159,1.0,1.1856275e-09
59,159,2.0,7.668802e-10
59,159,3.0,1.7182118e-10
59,159,4.0,3.3931696e-10
59,159,5.0,7.142083e-11
59,159,6.0,1.503071e-10
59,159,7.0,3.000432e-10
59,159,8.0,3.6919998e-10
59,159,9.0,1.7275847e-10
59,159,10.0,2.832031e-10
59,159,11.0,7.058779e-10
59,159,12.0,1.7859132e-09
59,159,13.0,1.3604534e-09
59,159,14.0,2.967803e-10
59,160,0.0,1.4873202e-09
59,160,1.0,1.7218242e-09
59,160,2.0,7.704279e-10
59,160,3.0,1.5803889e-09
59,160,4.0,1.4590076e-09
59,160,5.0,3.6494268e-09
59,160,6.0,2.868637e-09
59,160,7.0,1.909002e-09
59,160,8.0,4.0324464e-09
59,160,9.0,1.6968666e-09
59,160,10.0,5.283215e-10
59,160,11.0,2.0800524e-10
59,160,12.0,6.7695105e-10
59,160,13.0,2.3481121e-09
59,160,14.0,2.03451e-09
59,161,0.0,1.869622e-09
59,161,1.0,1.2174083e-09
59,161,2.0,5.257203e-10
59,161,3.0,5.5804095e-10
59,161,4.0,7.794493e-11
59,161,5.0,8.899456e-11
59,161,6.0,7.7909346e-11
59,161,7.0,3.7481258e-11
59,161,8.0,1.3410788e-11
59,161,9.0,7.0899684e-12
59,161,10.0,1.6152812e-11
59,161,11.0,1.0321453e-10
59,161,12.0,2.582914e-10
59,161,13.0,8.760525e-11
59,161,14.0,3.4035205e-11
59,162,0.0,1.0392942e-09
59,162,1.0,1.44902e-09
59,162,2.0,6.9174666e-10
59,162,3.0,7.4162274e-11
59,162,4.0,3.0008347e-11
59,162,5.0,2.4706152e-11
59,162,6.0,1.8727204e-11
59,162,7.0,1.1135665e-11
59,162,8.0,5.382561e-12
59,162,9.0,3.7695273e-13
59,162,10.0,1.1798167e-14
59,162,11.0,5.254264e-13
59,162,12.0,2.5977092e-12
59,162,13.0,4.1457598e-11
59,162,14.0,3.958745e-10
60,141,0.0,3.162922e-10
60,141,1.0,1.2340787e-09
60,141,2.0,7.464066e-11
60,141,3.0,1.8729027e-09
60,141,4.0,6.828619e-09
60,141,5.0,1.6152846e-08
60,141,6.0,1.3349073e-08
60,141,7.0,6.124186e-09
60,141,8.0,2.393834e-09
60,141,9.0,9.281293e-10
60,141,10.0,2.5020722e-10
60,141,11.0,4.6518955e-11
60,141,12.0,4.5995967e-11
60,141,13.0,4.1589458e-11
60,141,14.0,2.947068e-11
60,142,0.0,2.1699476e-12
60,142,1.0,2.3670585e-10
60,142,2.0,5.7838965e-09
60,142,3.0,1.9934389e-10
60,142,4.0,6.8253437e-12
60,142,5.0,4.156711e-11
60,142,6.0,3.738547e-10
60,142,7.0,1.1651831e-09
60,142,8.0,2.5521367e-09
60,142,9.0,2.8493667e-09
60,142,10.0,5.218632e-10
60,142,11.0,4.4640465e-11
60,142,12.0,5.720727e-10
60,142,13.0,1.9390161e-11
60,142,14.0,1.630461e-08
60,143,0.0,2.1612288e-10
60,143,1.0,1.01507906e-10
60,143,2.0,1.7697986e-17
60,143,3.0,1.1628701e-27
60,143,4.0,1.687065e-11
60,143,5.0,5.0009885e-11
60,143,6.0,1.161734e-08
60,143,7.0,4.146543e-09
60,143,8.0,6.189729e-11
60,143,9.0,2.2216297e-10
60,143,10.0,1.2765759e-08
60,143,11.0,2.622698e-07
60,143,12.0,4.388087e-10
60,143,13.0,1.2945787e-09
60,143,14.0,6.348001e-08
60,144,0.0,8.012814e-16
60,144,1.0,1.7969283e-24
60,144,2.0,0.0
60,144,3.0,0.0
60,144,4.0,8.949475e-16
60,144,5.0,0.0
60,144,6.0,0.0
60,144,7.0,4.301638e-17
60,144,8.0,2.6349901e-15
60,144,9.0,9.5534745e-14
60,144,10.0,2.630408e-11
60,144,11.0,1.3736826e-07
60,144,12.0,4.6290285e-08
60,144,13.0,2.8071495e-08
60,144,14.0,3.1001986e-07
60,145,0.0,4.0714255e-11
60,145,1.0,9.077652e-12
60,145,2.0,1.9939005e-13
60,145,3.0,0.0
60,145,4.0,0.0
60,145,5.0,1.9292155e-30
60,145,6.0,3.927045e-08
60,145,7.0,2.504201e-08
60,145,8.0,8.0418633e-10
60,145,9.0,8.739769e-15
60,145,10.0,3.5515354e-12
60,145,11.0,1.1127389e-08
60,145,12.0,4.8806936e-09
60,145,13.0,6.300048e-07
60,145,14.0,6.5321666e-07
60,146,0.0,1.2580328e-07
60,146,1.0,0.0
60,146,2.0,5.4962054e-15
60,146,3.0,0.0
60,146,4.0,0.0
60,146,5.0,6.182496e-13
60,146,6.0,3.6922407e-09
60,146,7.0,8.9538325e-08
60,146,8.0,4.1469123e-10
60,146,9.0,1.8573441e-07
60,146,10.0,2.656101e-06
60,146,11.0,6.9943426e-06
60,146,12.0,1.18406e-05
60,146,13.0,3.2607502e-05
60,146,14.0,1.8680208e-05
60,147,0.0,1.0303916e-05
60,147,1.0,1.1857719e-05
60,147,2.0,1.4796006e-05
60,147,3.0,9.57565e-06
60,147,4.0,6.1736406e-05
60,147,5.0,2.143658e-05
60,147,6.0,2.5742042e-05
60,147,7.0,3.2335203e-05
60,147,8.0,5.4113574e-05
60,147,9.0,7.382104e-05
60,147,10.0,0.00028104588
60,147,11.0,0.000328945
60,147,12.0,0.0010633194
60,147,13.0,0.00094180915
60,147,14.0,0.0008899809
60,148,0.0,7.3666684e-05
60,148,1.0,9.852203e-05
60,148,2.0,6.5014305e-05
60,148,3.0,0.0005336971
60,148,4.0,0.00026541462
60,148,5.0,0.00053239416
60,148,6.0,0.00068734656
60,148,7.0,0.00042455384
60,148,8.0,0.00055757316
60,148,9.0,0.0012942557
60,148,10.0,0.0016586479
60,148,11.0,0.0013894239
60,148,12.0,0.0019753843
60,148,13.0,0.001763575
60,148,14.0,0.003357403
60,149,0.0,0.0005943227
60,149,1.0,0.00074724486
60,149,2.0,0.0009672122
60,149,3.0,0.0017184067
60,149,4.0,0.0021183165
60,149,5.0,0.0027689969
60,149,6.0,0.002831416
60,149,7.0,0.0019130366
60,149,8.0,0.0030145347
60,149,9.0,0.0032589275
60,149,10.0,0.003951754
60,149,11.0,0.0038754884
60,149,12.0,0.013010996
60,149,13.0,0.008381294
60,149,14.0,0.008958724
60,150,0.0,0.004739754
60,150,1.0,0.0042410586
60,150,2.0,0.0067928815
60,150,3.0,0.005318819
60,150,4.0,0.0058937087
60,150,5.0,0.0053899353
60,150,6.0,0.009047932
60,150,7.0,0.0071086446
60,150,8.0,0.0071854955
60,150,9.0,0.014032942
60,150,10.0,0.0150255915
60,150,11.0,0.01654462
60,150,12.0,0.02102086
60,150,13.0,0.04530098
60,150,14.0,0.019597292
60,151,0.0,0.008910199
60,151,1.0,0.011326975
60,151,2.0,0.016794952
60,151,3.0,0.019954454
60,151,4.0,0.015774587
60,151,5.0,0.01617432
60,151,6.0,0.02195775
60,151,7.0,0.02163572
60,151,8.0,0.041253347
60,151,9.0,0.042297307
60,151,10.0,0.051960647
60,151,11.0,0.051236033
60,151,12.0,0.041471098
60,151,13.0,0.032618422
60,151,14.0,0.035602123
60,152,0.0,0.015973484
60,152,1.0,0.011510844
60,152,2.0,0.022611493
60,152,3.0,0.033526212
60,152,4.0,0.032821227
60,152,5.0,0.035186104
60,152,6.0,0.043137636
60,152,7.0,0.039330926
60,152,8.0,0.044653695
60,152,9.0,0.047194075
60,152,10.0,0.036986277
60,152,11.0,0.043493424
60,152,12.0,0.06401215
60,152,13.0,0.03259218
60,152,14.0,0.030587161
60,153,0.0,0.0070752664
60,153,1.0,0.016774487
60,153,2.0,0.028916739
60,153,3.0,0.026171062
60,153,4.0,0.026374405
60,153,5.0,0.02626997
60,153,6.0,0.025577461
60,153,7.0,0.032444272
60,153,8.0,0.03264555
60,153,9.0,0.017372321
60,153,10.0,0.026484907
60,153,11.0,0.05552475
60,153,12.0,0.038564168
60,153,13.0,0.032556508
60,153,14.0,0.026121797
60,154,0.0,0.007316184
60,154,1.0,0.012034554
60,154,2.0,0.015090533
60,154,3.0,0.01812754
60,154,4.0,0.025333056
60,154,5.0,0.02400539
60,154,6.0,0.015739089
60,154,7.0,0.030882638
60,154,8.0,0.017733539
60,154,9.0,0.015827104
60,154,10.0,0.0152252335
60,154,11.0,0.015222412
60,154,12.0,0.012820804
60,154,13.0,0.01181712
60,154,14.0,0.013601049
60,155,0.0,0.00243926
60,155,1.0,0.004181651
60,155,2.0,0.005283259
60,155,3.0,0.005099768
60,155,4.0,0.00594956
60,155,5.0,0.005279335
60,155,6.0,0.008153875
60,155,7.0,0.0040867436
60,155,8.0,0.0042137564
60,155,9.0,0.0065035694
60,155,10.0,0.00886032
60,155,11.0,0.006668139
60,155,12.0,0.0037640403
60,155,13.0,0.0032931762
60,155,14.0,0.0025149635
60,156,0.0,0.00087890757
60,156,1.0,0.0010891901
60,156,2.0,0.00203965
60,156,3.0,0.0021799307
60,156,4.0,0.0012920422
60,156,5.0,0.0011105946
60,156,6.0,0.0013205415
60,156,7.0,0.0015446753
60,156,8.0,0.0018467775
60,156,9.0,0.0011790872
60,156,10.0,0.00093429803
60,156,11.0,0.0017526847
60,156,12.0,0.00075695274
60,156,13.0,0.0008792267
60,156,14.0,0.0004851175
60,157,0.0,4.780711e-05
60,157,1.0,5.3037245e-05
60,157,2.0,0.00033879897
60,157,3.0,0.00022553102
60,157,4.0,0.0003238
60,157,5.0,0.0004967151
60,157,6.0,0.00029929806
60,157,7.0,0.00016906684
60,157,8.0,0.00010005958
60,157,9.0,0.00012987187
60,157,10.0,0.000105666106
60,157,11.0,0.00011062751
60,157,12.0,0.00012319833
60,157,13.0,0.00014222942
60,157,14.0,7.1912466e-05
60,158,0.0,2.3974244e-05
60,158,1.0,1.9720663e-05
60,158,2.0,9.26955e-05
60,158,3.0,9.1001326e-05
60,158,4.0,0.00011322304
60,158,5.0,0.00010056238
60,158,6.0,6.732577e-05
60,158,7.0,1.8227769e-05
60,158,8.0,6.9758776e-06
60,158,9.0,5.4997136e-06
60,158,10.0,4.9771124e-06
60,158,11.0,2.8456856e-07
60,158,12.0,8.054967e-06
60,158,13.0,5.9450376e-06
60,158,14.0,5.5666274e-06
60,159,0.0,7.5675143e-06
60,159,1.0,2.4579642e-06
60,159,2.0,6.428478e-06
60,159,3.0,1.140359e-05
60,159,4.0,7.126316e-06
60,159,5.0,1.7208315e-06
60,159,6.0,9.83946e-07
60,159,7.0,2.2389645e-06
60,159,8.0,9.236118e-08
60,159,9.0,2.7373939e-09
60,159,10.0,1.661171e-07
60,159,11.0,3.5001665e-07
60,159,12.0,5.2782815e-07
60,159,13.0,3.3827862e-06
60,159,14.0,4.828112e-07
60,160,0.0,5.392369e-09
60,160,1.0,1.89061e-08
60,160,2.0,5.7426004e-08
60,160,3.0,1.467953e-09
60,160,4.0,7.733462e-09
60,160,5.0,2.195041e-09
60,160,6.0,9.6454515e-09
60,160,7.0,2.205427e-09
60,160,8.0,5.864313e-13
60,160,9.0,2.9704343e-09
60,160,10.0,2.5737044e-08
60,160,11.0,4.6969078e-08
60,160,12.0,6.773236e-08
60,160,13.0,1.0405146e-08
60,160,14.0,1.7866725e-08
60,161,0.0,4.5343304e-10
60,161,1.0,1.6644071e-10
60,161,2.0,6.8392757e-12
60,161,3.0,5.214387e-11
60,161,4.0,3.1963866e-11
60,161,5.0,1.3871049e-09
60,161,6.0,2.0197234e-10
60,161,7.0,8.648713e-10
60,161,8.0,2.6305293e-09
60,161,9.0,3.3769268e-10
60,161,10.0,3.051987e-10
60,161,11.0,1.2252766e-11
60,161,12.0,1.9963657e-10
60,161,13.0,2.4589494e-10
60,161,14.0,2.1374146e-10
60,162,0.0,1.5508861e-10
60,162,1.0,2.504313e-10
60,162,2.0,3.6749473e-10
60,162,3.0,2.3170592e-09
60,162,4.0,2.9449432e-10
60,162,5.0,3.066631e-10
60,162,6.0,5.8181918e-11
60,162,7.0,2.0320026e-10
60,162,8.0,8.921899e-10
60,162,9.0,8.0001006e-10
60,162,10.0,6.474211e-10
60,162,11.0,3.1996873e-08
60,162,12.0,1.7225585e-09
60,162,13.0,4.640616e-13
60,162,14.0,1.6310672e-09
60,163,0.0,3.2294184e-10
60,163,1.0,4.94385e-10
60,163,2.0,2.2029303e-10
60,163,3.0,1.4140679e-10
60,163,4.0,6.112577e-11
60,163,5.0,1.7932609e-11
60,163,6.0,4.9729217e-11
60,163,7.0,1.4187852e-10
60,163,8.0,3.085188e-10
60,163,9.0,6.657058e-10
60,163,10.0,7.3493933e-10
60,163,11.0,2.1555921e-10
60,163,12.0,2.988542e-10
60,163,13.0,2.1531371e-10
60,163,14.0,1.2559291e-10
60,164,0.0,7.4374513e-11
60,164,1.0,2.1298958e-09
60,164,2.0,1.866199e-09
60,164,3.0,1.4504502e-09
60,164,4.0,6.15094e-10
60,164,5.0,2.0473443e-09
60,164,6.0,1.1235998e-09
60,164,7.0,1.0154557e-09
60,164,8.0,2.271655e-09
60,164,9.0,1.8149553e-09
60,164,10.0,1.7497823e-09
60,164,11.0,3.588757e-09
60,164,12.0,1.884121e-08
60,164,13.0,6.385334e-10
60,164,14.0,2.9398999e-09
61,144,0.0,2.5418484e-10
61,144,1.0,1.5163214e-10
61,144,2.0,3.2367178e-10
61,144,3.0,8.5933893e-10
61,144,4.0,1.8514742e-09
61,144,5.0,5.561311e-10
61,144,6.0,1.3965079e-10
61,144,7.0,7.086669e-11
61,144,8.0,6.428759e-11
61,144,9.0,3.9927252e-11
61,144,10.0,9.612949e-11
61,144,11.0,6.637318e-10
61,144,12.0,8.6040154e-11
61,144,13.0,2.8917227e-10
61,144,14.0,2.003977e-11
61,145,0.0,9.517974e-12
61,145,1.0,1.481443e-09
61,145,2.0,6.8889666e-10
61,145,3.0,6.942462e-10
61,145,4.0,1.4256727e-08
61,145,5.0,1.218395e-12
61,145,6.0,2.7327818e-15
61,145,7.0,9.3189595e-11
61,145,8.0,3.970181e-10
61,145,9.0,2.511114e-10
61,145,10.0,5.763079e-09
61,145,11.0,4.628023e-09
61,145,12.0,7.3585613e-09
61,145,13.0,1.612104e-08
61,145,14.0,9.916697e-09
61,146,0.0,0.0
61,146,1.0,1.9510662e-09
61,146,2.0,3.4288117e-11
61,146,3.0,8.4601365e-10
61,146,4.0,2.0132347e-09
61,146,5.0,1.593826e-09
61,146,6.0,9.725974e-09
61,146,7.0,7.395592e-09
61,146,8.0,4.816973e-09
61,146,9.0,2.6002067e-09
61,146,10.0,4.945182e-10
61,146,11.0,9.80942e-10
61,146,12.0,9.099451e-09
61,146,13.0,3.245873e-08
61,146,14.0,2.4807338e-08
61,147,0.0,3.623872e-10
61,147,1.0,3.7425636e-11
61,147,2.0,7.685679e-10
61,147,3.0,1.0225834e-09
61,147,4.0,4.051386e-09
61,147,5.0,2.4342325e-08
61,147,6.0,3.3617734e-08
61,147,7.0,1.4214765e-08
61,147,8.0,5.5486606e-09
61,147,9.0,1.4443253e-11
61,147,10.0,0.0
61,147,11.0,6.6018757e-10
61,147,12.0,1.2551252e-11
61,147,13.0,9.471609e-13
61,147,14.0,4.49874e-12
61,148,0.0,3.9921504e-12
61,148,1.0,0.0
61,148,2.0,5.783131e-10
61,148,3.0,9.2202306e-08
61,148,4.0,1.662101e-08
61,148,5.0,2.5737805e-09
61,148,6.0,4.4174658e-10
61,148,7.0,2.2629343e-10
61,148,8.0,4.2235694e-11
61,148,9.0,5.2177364e-12
61,148,10.0,3.83981e-11
61,148,11.0,4.848255e-11
61,148,12.0,1.9661314e-11
61,148,13.0,4.7494296e-07
61,148,14.0,2.7465878e-06
61,149,0.0,2.017367e-07
61,149,1.0,5.3403898e-08
61,149,2.0,2.86336e-08
61,149,3.0,2.1652673e-08
61,149,4.0,1.3519949e-07
61,149,5.0,1.5947705e-08
61,149,6.0,1.576262e-09
61,149,7.0,1.0284518e-07
61,149,8.0,1.4583505e-08
61,149,9.0,8.806421e-07
61,149,10.0,9.576351e-06
61,149,11.0,1.33770845e-05
61,149,12.0,3.0847652e-05
61,149,13.0,6.276141e-05
61,149,14.0,9.6338386e-05
61,150,0.0,2.5971585e-06
61,150,1.0,1.4863055e-07
61,150,2.0,8.3033586e-07
61,150,3.0,1.2114423e-05
61,150,4.0,2.5246833e-05
61,150,5.0,7.8108176e-05
61,150,6.0,0.00011508469
61,150,7.0,8.080056e-05
61,150,8.0,0.00015917441
61,150,9.0,5.973092e-05
61,150,10.0,0.00011201287
61,150,11.0,0.00028331016
61,150,12.0,0.00036467737
61,150,13.0,0.00056271255
61,150,14.0,0.0003182967
61,151,0.0,9.059913e-05
61,151,1.0,0.00013258439
61,151,2.0,9.1236034e-05
61,151,3.0,0.000105802625
61,151,4.0,0.00017244756
61,151,5.0,0.0006312567
61,151,6.0,0.00044404587
61,151,7.0,0.00075098977
61,151,8.0,0.000951214
61,151,9.0,0.001091283
61,151,10.0,0.0013269293
61,151,11.0,0.0016317072
61,151,12.0,0.0019369412
61,151,13.0,0.0014126764
61,151,14.0,0.0015369005
61,152,0.0,0.00040253508
61,152,1.0,0.00024930303
61,152,2.0,0.00069863553
61,152,3.0,0.00087230274
61,152,4.0,0.0020127017
61,152,5.0,0.0017505367
61,152,6.0,0.002124532
61,152,7.0,0.0019775247
61,152,8.0,0.004821025
61,152,9.0,0.0030483752
61,152,10.0,0.005035545
61,152,11.0,0.005369372
61,152,12.0,0.0062319296
61,152,13.0,0.0064193304
61,152,14.0,0.005484961
61,153,0.0,0.0010010955
61,153,1.0,0.0016032332
61,153,2.0,0.0028727723
61,153,3.0,0.0029043804
61,153,4.0,0.0037922356
61,153,5.0,0.0064166985
61,153,6.0,0.010220658
61,153,7.0,0.010929825
61,153,8.0,0.011655747
61,153,9.0,0.010545063
61,153,10.0,0.010847828
61,153,11.0,0.011919247
61,153,12.0,0.011156236
61,153,13.0,0.014112506
61,153,14.0,0.019459885
61,154,0.0,0.0012324784
61,154,1.0,0.0043954337
61,154,2.0,0.0044060573
61,154,3.0,0.009390344
61,154,4.0,0.012619629
61,154,5.0,0.0144818565
61,154,6.0,0.014823104
61,154,7.0,0.014429963
61,154,8.0,0.015140817
61,154,9.0,0.01345687
61,154,10.0,0.011807693
61,154,11.0,0.011770961
61,154,12.0,0.014256562
61,154,13.0,0.01513865
61,154,14.0,0.021125305
61,155,0.0,0.0015417596
61,155,1.0,0.0036327455
61,155,2.0,0.0041021374
61,155,3.0,0.007037903
61,155,4.0,0.01499594
61,155,5.0,0.020678753
61,155,6.0,0.019676805
61,155,7.0,0.0147117
61,155,8.0,0.009857795
61,155,9.0,0.009619194
61,155,10.0,0.008116327
61,155,11.0,0.01022591
61,155,12.0,0.01800445
61,155,13.0,0.018659497
61,155,14.0,0.011584676
61,156,0.0,0.0017171083
61,156,1.0,0.0018037206
61,156,2.0,0.0038329838
61,156,3.0,0.0054335874
61,156,4.0,0.0074154227
61,156,5.0,0.0077070324
61,156,6.0,0.007775563
61,156,7.0,0.0073481738
61,156,8.0,0.006501307
61,156,9.0,0.005861314
61,156,10.0,0.0049485466
61,156,11.0,0.0049036243
61,156,12.0,0.005117382
61,156,13.0,0.003389735
61,156,14.0,0.0027327281
61,157,0.0,0.000496084
61,157,1.0,0.0010001638
61,157,2.0,0.0015148136
61,157,3.0,0.0022614168
61,157,4.0,0.0027975338
61,157,5.0,0.0039478503
61,157,6.0,0.0039026719
61,157,7.0,0.0035268813
61,157,8.0,0.0024718295
61,157,9.0,0.0016205872
61,157,10.0,0.0015324416
61,157,11.0,0.0014910473
61,157,12.0,0.0012139507
61,157,13.0,0.0015317705
61,157,14.0,0.0017878072
61,158,0.0,0.0002476933
61,158,1.0,0.0008025537
61,158,2.0,0.0011904411
61,158,3.0,0.0015785695
61,158,4.0,0.0013919423
61,158,5.0,0.0010421437
61,158,6.0,0.0008678036
61,158,7.0,0.0009332256
61,158,8.0,0.0010603141
61,158,9.0,0.0010740118
61,158,10.0,0.0011532933
61,158,11.0,0.0009246526
61,158,12.0,0.0005690136
61,158,13.0,0.00056375994
61,158,14.0,0.0005133957
61,159,0.0,2.1073798e-05
61,159,1.0,0.00021641406
61,159,2.0,0.00019024427
61,159,3.0,0.00032327042
61,159,4.0,0.00034465204
61,159,5.0,0.0004407178
61,159,6.0,0.00016035044
61,159,7.0,0.0002697088
61,159,8.0,0.00016248156
61,159,9.0,0.00011622633
61,159,10.0,0.00016357156
61,159,11.0,7.504477e-05
61,159,12.0,5.0671162e-05
61,159,13.0,0.0002994186
61,159,14.0,0.0001219325
61,160,0.0,5.7815364e-06
61,160,1.0,5.427444e-06
61,160,2.0,2.999937e-05
61,160,3.0,8.301364e-05
61,160,4.0,9.8627366e-05
61,160,5.0,8.104159e-05
61,160,6.0,2.2596256e-05
61,160,7.0,3.053024e-05
61,160,8.0,2.2269787e-05
61,160,9.0,1.8981618e-05
61,160,10.0,1.5811003e-05
61,160,11.0,1.9576613e-05
61,160,12.0,2.0242176e-05
61,160,13.0,6.764685e-05
61,160,14.0,9.020759e-06
61,161,0.0,7.080542e-08
61,161,1.0,1.9854357e-07
61,161,2.0,2.6870435e-07
61,161,3.0,6.8958855e-08
61,161,4.0,9.912235e-08
61,161,5.0,2.8277398e-08
61,161,6.0,9.954449e-09
61,161,7.0,9.39432e-10
61,161,8.0,1.7587592e-08
61,161,9.0,5.1004037e-08
61,161,10.0,6.8185464e-08
61,161,11.0,2.6656869e-08
61,161,12.0,2.2809088e-09
61,161,13.0,3.4326597e-09
61,161,14.0,2.0633901e-07
61,162,0.0,3.55877e-08
61,162,1.0,1.2058675e-08
61,162,2.0,1.5340511e-08
61,162,3.0,2.3573782e-10
61,162,4.0,5.545987e-11
61,162,5.0,3.339371e-09
61,162,6.0,2.3244768e-08
61,162,7.0,4.3509488e-08
61,162,8.0,7.781804e-09
61,162,9.0,5.0424456e-11
61,162,10.0,1.4428582e-11
61,162,11.0,4.5152326e-10
61,162,12.0,1.9708515e-09
61,162,13.0,5.497047e-09
61,162,14.0,3.6264552e-08
61,163,0.0,2.4027505e-08
61,163,1.0,7.374529e-08
61,163,2.0,3.1837905e-07
61,163,3.0,4.2885244e-11
61,163,4.0,3.8686707e-11
61,163,5.0,1.0939938e-09
61,163,6.0,9.445601e-10
61,163,7.0,1.3562236e-09
61,163,8.0,8.00407e-09
61,163,9.0,1.432882e-08
61,163,10.0,1.1741498e-08
61,163,11.0,1.7770024e-08
61,163,12.0,1.8811677e-09
61,163,13.0,9.2315194e-10
61,163,14.0,5.039596e-08
61,164,0.0,7.075551e-10
61,164,1.0,4.3325687e-10
61,164,2.0,1.0301074e-08
61,164,3.0,9.286331e-09
61,164,4.0,3.2110041e-09
61,164,5.0,4.1616896e-10
61,164,6.0,1.3066022e-09
61,164,7.0,2.436221e-09
61,164,8.0,3.280839e-09
61,164,9.0,9.036053e-09
61,164,10.0,6.0371347e-10
61,164,11.0,6.7487227e-10
61,164,12.0,3.623645e-09
61,164,13.0,7.153982e-10
61,164,14.0,7.349686e-09
61,165,0.0,1.5659116e-09
61,165,1.0,4.202235e-09
61,165,2.0,3.720644e-09
61,165,3.0,2.2973379e-09
61,165,4.0,1.3332754e-09
61,165,5.0,6.851434e-10
61,165,6.0,6.758042e-10
61,165,7.0,8.4078744e-10
61,165,8.0,6.420366e-10
61,165,9.0,5.3218135e-10
61,165,10.0,1.0321362e-09
61,165,11.0,2.1687534e-09
61,165,12.0,7.9764355e-09
61,165,13.0,1.6205792e-08
61,165,14.0,9.8602735e-09
61,166,0.0,1.5392338e-11
61,166,1.0,2.5879218e-10
61,166,2.0,7.321969e-12
61,166,3.0,2.9892191e-10
61,166,4.0,1.0602668e-09
61,166,5.0,2.0841182e-09
61,166,6.0,4.566602e-09
61,166,7.0,4.928237e-09
61,166,8.0,4.8315467e-09
61,166,9.0,1.7913415e-09
61,166,10.0,5.5025085e-11
61,166,11.0,3.8370873e-12
61,166,12.0,9.050871e-11
61,166,13.0,5.911398e-10
61,166,14.0,1.0305243e-09
62,146,0.0,3.031656e-10
62,146,1.0,1.2372343e-11
62,146,2.0,9.3483945e-12
62,146,3.0,1.13647095e-11
62,146,4.0,1.6108985e-13
62,146,5.0,2.572714e-13
62,146,6.0,2.7535092e-13
62,146,7.0,2.636838e-13
62,146,8.0,2.0530177e-13
62,146,9.0,4.6011365e-14
62,146,10.0,7.780345e-17
62,146,11.0,7.1456753e-16
62,146,12.0,3.6054766e-13
62,146,13.0,4.1652688e-11
62,146,14.0,2.296615e-12
62,147,0.0,9.950751e-12
62,147,1.0,1.6260321e-10
62,147,2.0,2.7566799e-12
62,147,3.0,0.0
62,147,4.0,8.058541e-13
62,147,5.0,0.0
62,147,6.0,2.9655464e-10
62,147,7.0,3.9197462e-10
62,147,8.0,3.4638575e-17
62,147,9.0,6.916323e-13
62,147,10.0,9.940225e-10
62,147,11.0,1.7927944e-11
62,147,12.0,2.6478219e-11
62,147,13.0,1.4567998e-08
62,147,14.0,2.2501975e-10
62,148,0.0,8.373198e-10
62,148,1.0,2.4974658e-10
62,148,2.0,0.0
62,148,3.0,2.5417489e-14
62,148,4.0,2.3727992e-13
62,148,5.0,1.0500012e-11
62,148,6.0,4.1610625e-11
62,148,7.0,5.07328e-11
62,148,8.0,1.0005318e-11
62,148,9.0,1.4753007e-12
62,148,10.0,6.6377667e-12
62,148,11.0,4.606621e-10
62,148,12.0,1.6253151e-09
62,148,13.0,9.2771607e-10
62,148,14.0,9.197724e-10
62,149,0.0,2.735357e-15
62,149,1.0,4.766123e-13
62,149,2.0,0.0
62,149,3.0,1.53545e-14
62,149,4.0,0.0
62,149,5.0,9.231472e-13
62,149,6.0,7.9908614e-11
62,149,7.0,1.1315488e-15
62,149,8.0,1.1408387e-13
62,149,9.0,1.0283747e-09
62,149,10.0,8.2161105e-09
62,149,11.0,1.9268409e-08
62,149,12.0,2.4338435e-08
62,149,13.0,8.1567186e-10
62,149,14.0,4.0877453e-08
62,150,0.0,1.2477084e-12
62,150,1.0,1.3504346e-24
62,150,2.0,0.0
62,150,3.0,7.9809673e-16
62,150,4.0,3.127048e-10
62,150,5.0,1.1949951e-10
62,150,6.0,2.966471e-11
62,150,7.0,3.399801e-13
62,150,8.0,9.338426e-12
62,150,9.0,3.4412504e-11
62,150,10.0,3.7942675e-14
62,150,11.0,0.0
62,150,12.0,1.9040485e-09
62,150,13.0,3.7037918e-07
62,150,14.0,1.914024e-06
62,151,0.0,3.1698671e-10
62,151,1.0,4.318967e-09
62,151,2.0,2.0158364e-09
62,151,3.0,1.5016711e-09
62,151,4.0,5.337247e-09
62,151,5.0,1.3136896e-07
62,151,6.0,4.3239097e-06
62,151,7.0,4.1246153e-07
62,151,8.0,1.3545647e-09
62,151,9.0,1.2685352e-06
62,151,10.0,2.416976e-08
62,151,11.0,2.3015116e-05
62,151,12.0,2.3487166e-05
62,151,13.0,6.245733e-05
62,151,14.0,4.789567e-05
62,152,0.0,1.0365947e-09
62,152,1.0,6.9473046e-08
62,152,2.0,1.4026501e-06
62,152,3.0,9.540456e-06
62,152,4.0,3.0659583e-05
62,152,5.0,2.8794713e-05
62,152,6.0,0.00019826174
62,152,7.0,8.4639985e-05
62,152,8.0,5.7534264e-05
62,152,9.0,0.00011607101
62,152,10.0,0.00014119467
62,152,11.0,0.0001168193
62,152,12.0,0.0001253311
62,152,13.0,0.0001579103
62,152,14.0,0.00030754137
62,153,0.0,2.6116644e-05
62,153,1.0,8.400607e-05
62,153,2.0,4.16223e-05
62,153,3.0,0.00020159213
62,153,4.0,0.00042080626
62,153,5.0,0.0006491676
62,153,6.0,0.0011324028
62,153,7.0,0.00087518553
62,153,8.0,0.00066507194
62,153,9.0,0.0010608416
62,153,10.0,0.0012871085
62,153,11.0,0.0005221619
62,153,12.0,0.0010714375
62,153,13.0,0.0013154546
62,153,14.0,0.00059043855
62,154,0.0,0.0001191996
62,154,1.0,0.0003675087
62,154,2.0,0.000516801
62,154,3.0,0.0014058861
62,154,4.0,0.0022179794
62,154,5.0,0.0012739111
62,154,6.0,0.0031056113
62,154,7.0,0.001813046
62,154,8.0,0.0023934592
62,154,9.0,0.0036384084
62,154,10.0,0.0046325577
62,154,11.0,0.0036906316
62,154,12.0,0.0038622725
62,154,13.0,0.0029282996
62,154,14.0,0.0030564182
62,155,0.0,0.00079573353
62,155,1.0,0.0005212993
62,155,2.0,0.001379972
62,155,3.0,0.0032186953
62,155,4.0,0.004519443
62,155,5.0,0.0049949693
62,155,6.0,0.0064190067
62,155,7.0,0.0068952013
62,155,8.0,0.0054063476
62,155,9.0,0.0070723775
62,155,10.0,0.0044297003
62,155,11.0,0.002375632
62,155,12.0,0.003183527
62,155,13.0,0.00438158
62,155,14.0,0.0036686312
62,156,0.0,0.0005375815
62,156,1.0,0.0019679465
62,156,2.0,0.002892073
62,156,3.0,0.004355614
62,156,4.0,0.0060208323
62,156,5.0,0.0073378193
62,156,6.0,0.0071294922
62,156,7.0,0.0077584507
62,156,8.0,0.008596836
62,156,9.0,0.0076052463
62,156,10.0,0.006408234
62,156,11.0,0.006923899
62,156,12.0,0.00673076
62,156,13.0,0.004421439
62,156,14.0,0.004313113
62,157,0.0,0.0004500907
62,157,1.0,0.00136589
62,157,2.0,0.0035214005
62,157,3.0,0.003825479
62,157,4.0,0.0068006385
62,157,5.0,0.008551336
62,157,6.0,0.00863047
62,157,7.0,0.007026459
62,157,8.0,0.0060275784
62,157,9.0,0.006182158
62,157,10.0,0.0056343786
62,157,11.0,0.0044006365
62,157,12.0,0.0017997536
62,157,13.0,0.004065205
62,157,14.0,0.0025672272
62,158,0.0,0.00015948983
62,158,1.0,0.000659767
62,158,2.0,0.0025673907
62,158,3.0,0.003736164
62,158,4.0,0.0050195567
62,158,5.0,0.005314933
62,158,6.0,0.004469649
62,158,7.0,0.004000343
62,158,8.0,0.003576
62,158,9.0,0.0026469952
62,158,10.0,0.0027852044
62,158,11.0,0.001993295
62,158,12.0,0.0017221692
62,158,13.0,0.0015934395
62,158,14.0,0.0013580475
62,159,0.0,0.00011509833
62,159,1.0,0.00027275228
62,159,2.0,0.0009196276
62,159,3.0,0.0018172443
62,159,4.0,0.0031135192
62,159,5.0,0.0026242184
62,159,6.0,0.0020724097
62,159,7.0,0.0023416155
62,159,8.0,0.002351319
62,159,9.0,0.0026071137
62,159,10.0,0.0016143891
62,159,11.0,0.0011053423
62,159,12.0,0.00046743377
62,159,13.0,0.00060313084
62,159,14.0,0.00083715416
62,160,0.0,3.815058e-05
62,160,1.0,0.00027925812
62,160,2.0,0.0008408721
62,160,3.0,0.001214096
62,160,4.0,0.001560756
62,160,5.0,0.0018612966
62,160,6.0,0.0016623238
62,160,7.0,0.0013939417
62,160,8.0,0.0012317509
62,160,9.0,0.0011206539
62,160,10.0,0.00092518714
62,160,11.0,0.0009536864
62,160,12.0,0.0005557034
62,160,13.0,0.00030167514
62,160,14.0,0.00042973936
62,161,0.0,6.0763828e-06
62,161,1.0,3.4785477e-05
62,161,2.0,0.0001181208
62,161,3.0,0.0002551413
62,161,4.0,0.000112823414
62,161,5.0,0.00010863698
62,161,6.0,9.997082e-05
62,161,7.0,0.00013497604
62,161,8.0,0.00011567951
62,161,9.0,0.00014586917
62,161,10.0,0.00011541094
62,161,11.0,9.6537755e-05
62,161,12.0,0.000118084354
62,161,13.0,3.521605e-05
62,161,14.0,3.8462284e-05
62,162,0.0,2.2335489e-07
62,162,1.0,1.3938355e-06
62,162,2.0,4.890507e-06
62,162,3.0,2.5967809e-05
62,162,4.0,2.8655299e-05
62,162,5.0,1.724788e-05
62,162,6.0,1.7187036e-05
62,162,7.0,1.3352566e-05
62,162,8.0,2.4904632e-05
62,162,9.0,4.2291387e-05
62,162,10.0,3.8865684e-05
62,162,11.0,1.7394748e-05
62,162,12.0,1.08318345e-05
62,162,13.0,4.7410717e-07
62,162,14.0,2.0439022e-07
62,163,0.0,1.2480137e-08
62,163,1.0,9.836992e-09
62,163,2.0,4.0580275e-08
62,163,3.0,1.5386965e-07
62,163,4.0,5.6626984e-08
62,163,5.0,4.3132644e-08
62,163,6.0,8.941197e-08
62,163,7.0,4.856834e-07
62,163,8.0,2.3789826e-07
62,163,9.0,1.519482e-08
62,163,10.0,5.11867e-08
62,163,11.0,1.3317772e-07
62,163,12.0,1.7384922e-07
62,163,13.0,3.278946e-07
62,163,14.0,4.818872e-07
62,164,0.0,1.0508419e-08
62,164,1.0,7.937392e-08
62,164,2.0,5.556654e-11
62,164,3.0,1.6631763e-09
62,164,4.0,2.4406426e-09
62,164,5.0,6.636517e-11
62,164,6.0,7.699567e-11
62,164,7.0,1.5904893e-10
62,164,8.0,2.2132622e-09
62,164,9.0,1.6294354e-08
62,164,10.0,1.4544602e-08
62,164,11.0,6.458137e-10
62,164,12.0,1.6626345e-08
62,164,13.0,1.9222426e-07
62,164,14.0,4.1090353e-09
62,165,0.0,5.643488e-12
62,165,1.0,1.3123147e-13
62,165,2.0,9.445424e-11
62,165,3.0,1.5208976e-09
62,165,4.0,4.4567257e-09
62,165,5.0,3.4945558e-10
62,165,6.0,1.1525509e-09
62,165,7.0,2.9748248e-09
62,165,8.0,3.621414e-10
62,165,9.0,1.418984e-10
62,165,10.0,1.3644083e-10
62,165,11.0,9.970431e-11
62,165,12.0,1.0422738e-12
62,165,13.0,2.2551344e-10
62,165,14.0,7.3502837e-10
62,166,0.0,3.7369538e-11
62,166,1.0,8.161804e-12
62,166,2.0,1.0981186e-11
62,166,3.0,1.5298333e-10
62,166,4.0,7.124921e-11
62,166,5.0,3.4471922e-11
62,166,6.0,2.7971141e-11
62,166,7.0,2.7399832e-11
62,166,8.0,1.273893e-10
62,166,9.0,1.2462104e-09
62,166,10.0,1.8442548e-11
62,166,11.0,5.528103e-10
62,166,12.0,1.5365548e-09
62,166,13.0,4.4517954e-13
62,166,14.0,6.178156e-09
62,167,0.0,4.0317654e-13
62,167,1.0,6.512615e-20
62,167,2.0,3.5169506e-11
62,167,3.0,1.0077393e-10
62,167,4.0,4.3482558e-11
62,167,5.0,1.13844656e-10
62,167,6.0,8.948448e-11
62,167,7.0,1.02620266e-10
62,167,8.0,1.6719685e-10
62,167,9.0,1.0067812e-11
62,167,10.0,9.532674e-11
62,167,11.0,1.2585058e-12
62,167,12.0,8.5889344e-14
62,167,13.0,5.1623406e-12
62,167,14.0,1.7441272e-13
62,168,0.0,8.3441733e-13
62,168,1.0,5.790582e-12
62,168,2.0,4.613919e-13
62,168,3.0,1.084765e-12
62,168,4.0,2.3546285e-11
62,168,5.0,2.2198281e-11
62,168,6.0,4.9225047e-12
62,168,7.0,9.006611e-12
62,168,8.0,1.8133743e-11
62,168,9.0,8.539568e-12
62,168,10.0,6.1496576e-12
62,168,11.0,1.9865713e-10
62,168,12.0,1.1130707e-11
62,168,13.0,1.3935812e-10
62,168,14.0,3.2407067e-11
63,149,0.0,1.5663111e-11
63,149,1.0,3.1050775e-13
63,149,2.0,5.828349e-11
63,149,3.0,1.2112693e-10
63,149,4.0,1.1486864e-11
63,149,5.0,3.771093e-12
63,149,6.0,1.210533e-11
63,149,7.0,2.779038e-11
63,149,8.0,3.5274058e-11
63,149,9.0,1.3951398e-10
63,149,10.0,9.954306e-10
63,149,11.0,1.0180407e-09
63,149,12.0,1.3724509e-10
63,149,13.0,5.640697e-09
63,149,14.0,1.8273506e-10
63,150,0.0,2.742789e-12
63,150,1.0,2.2688957e-09
63,150,2.0,1.7040993e-09
63,150,3.0,1.0088719e-10
63,150,4.0,2.9078375e-11
63,150,5.0,3.4455553e-12
63,150,6.0,9.175642e-11
63,150,7.0,3.7199588e-10
63,150,8.0,5.446599e-13
63,150,9.0,1.6785294e-10
63,150,10.0,3.0117078e-09
63,150,11.0,1.08786195e-10
63,150,12.0,5.863515e-14
63,150,13.0,5.135923e-10
63,150,14.0,1.3973417e-08
63,151,0.0,6.188232e-10
63,151,1.0,1.5986115e-09
63,151,2.0,4.495508e-09
63,151,3.0,4.4263798e-10
63,151,4.0,5.299698e-09
63,151,5.0,1.7105727e-08
63,151,6.0,6.174063e-10
63,151,7.0,5.325223e-10
63,151,8.0,2.0093156e-09
63,151,9.0,4.700662e-08
63,151,10.0,4.266236e-08
63,151,11.0,0.0
63,151,12.0,1.8867696e-14
63,151,13.0,9.86084e-10
63,151,14.0,2.9227568e-08
63,152,0.0,3.0200706e-10
63,152,1.0,7.977653e-12
63,152,2.0,5.716964e-12
63,152,3.0,3.4746826e-08
63,152,4.0,2.3161417e-09
63,152,5.0,1.3180701e-08
63,152,6.0,5.438107e-09
63,152,7.0,8.5147694e-10
63,152,8.0,1.6080431e-10
63,152,9.0,6.2988594e-11
63,152,10.0,3.1105818e-14
63,152,11.0,1.3219601e-13
63,152,12.0,1.0951574e-23
63,152,13.0,8.08979e-10
63,152,14.0,1.3601263e-08
63,153,0.0,1.532989e-09
63,153,1.0,2.454978e-11
63,153,2.0,1.0054676e-12
63,153,3.0,7.03107e-10
63,153,4.0,6.898657e-08
63,153,5.0,1.7641216e-07
63,153,6.0,8.768604e-07
63,153,7.0,2.359816e-06
63,153,8.0,1.7196703e-06
63,153,9.0,1.1447614e-06
63,153,10.0,5.9745133e-07
63,153,11.0,5.042005e-07
63,153,12.0,8.30629e-07
63,153,13.0,2.0633875e-06
63,153,14.0,7.48976e-06
63,154,0.0,2.5994163e-08
63,154,1.0,7.8952394e-07
63,154,2.0,1.945467e-06
63,154,3.0,1.4590528e-06
63,154,4.0,8.433645e-06
63,154,5.0,4.924587e-06
63,154,6.0,9.854e-06
63,154,7.0,4.397313e-06
63,154,8.0,9.6802905e-06
63,154,9.0,9.372043e-06
63,154,10.0,1.1046313e-05
63,154,11.0,1.6189153e-05
63,154,12.0,1.732667e-05
63,154,13.0,2.291332e-05
63,154,14.0,3.762759e-05
63,155,0.0,9.4565894e-07
63,155,1.0,4.909911e-07
63,155,2.0,5.108612e-06
63,155,3.0,1.8085124e-05
63,155,4.0,3.8621085e-05
63,155,5.0,0.00011022512
63,155,6.0,0.00014758899
63,155,7.0,0.00019700098
63,155,8.0,0.00014687075
63,155,9.0,0.00012846266
63,155,10.0,0.000116477684
63,155,11.0,0.00014783726
63,155,12.0,0.00016086655
63,155,13.0,0.00013785846
63,155,14.0,0.000158304
63,156,0.0,2.5948063e-07
63,156,1.0,1.1825742e-05
63,156,2.0,8.969459e-06
63,156,3.0,0.00010928565
63,156,4.0,0.00017378885
63,156,5.0,0.00014893807
63,156,6.0,0.00019170779
63,156,7.0,0.00025669739
63,156,8.0,0.00043914435
63,156,9.0,0.00047912414
63,156,10.0,0.00038455302
63,156,11.0,0.00020932707
63,156,12.0,0.00014903508
63,156,13.0,0.00039261326
63,156,14.0,0.00037299152
63,157,0.0,1.6791469e-06
63,157,1.0,1.2275834e-05
63,157,2.0,2.8812548e-05
63,157,3.0,0.00012710683
63,157,4.0,0.00013080705
63,157,5.0,0.00032977024
63,157,6.0,0.00062421407
63,157,7.0,0.0007951744
63,157,8.0,0.0008423825
63,157,9.0,0.0005557384
63,157,10.0,0.00033789309
63,157,11.0,0.0004333607
63,157,12.0,0.00047729837
63,157,13.0,0.0007264687
63,157,14.0,0.00050460926
63,158,0.0,4.915413e-05
63,158,1.0,1.251109e-05
63,158,2.0,5.5891738e-05
63,158,3.0,0.0006167432
63,158,4.0,0.00080614956
63,158,5.0,0.00092293875
63,158,6.0,0.000827855
63,158,7.0,0.0008105588
63,158,8.0,0.000727268
63,158,9.0,0.00055624975
63,158,10.0,0.0005970428
63,158,11.0,0.0008905414
63,158,12.0,0.000779143
63,158,13.0,0.00075919315
63,158,14.0,0.0011307142
63,159,0.0,1.1287876e-05
63,159,1.0,4.6531648e-05
63,159,2.0,0.00022213442
63,159,3.0,0.00034153843
63,159,4.0,0.0006393302
63,159,5.0,0.00048374812
63,159,6.0,0.0005855065
63,159,7.0,0.0007844198
63,159,8.0,0.00091183325
63,159,9.0,0.0009228885
63,159,10.0,0.00086887437
63,159,11.0,0.00072433834
63,159,12.0,0.000591525
63,159,13.0,0.00073399744
63,159,14.0,0.000857927
63,160,0.0,1.3968824e-05
63,160,1.0,1.8295605e-05
63,160,2.0,0.00016720791
63,160,3.0,0.0002797419
63,160,4.0,0.00021696213
63,160,5.0,0.0003229382
63,160,6.0,0.0005259379
63,160,7.0,0.0004956506
63,160,8.0,0.0004928856
63,160,9.0,0.0005959001
63,160,10.0,0.00057876436
63,160,11.0,0.0006871308
63,160,12.0,0.0007794266
63,160,13.0,0.00062935526
63,160,14.0,0.0005947942
63,161,0.0,2.0004833e-05
63,161,1.0,1.4089245e-05
63,161,2.0,9.452853e-05
63,161,3.0,0.00030084673
63,161,4.0,0.0007225625
63,161,5.0,0.0006653048
63,161,6.0,0.00044856363
63,161,7.0,0.0003170683
63,161,8.0,0.00027638488
63,161,9.0,0.00030290926
63,161,10.0,0.0005256095
63,161,11.0,0.00081800355
63,161,12.0,0.0004407856
63,161,13.0,0.0003482315
63,161,14.0,0.00014081546
63,162,0.0,8.7756625e-06
63,162,1.0,1.3828434e-05
63,162,2.0,3.617207e-05
63,162,3.0,0.0002306937
63,162,4.0,0.00019232644
63,162,5.0,0.00024712237
63,162,6.0,0.00024657353
63,162,7.0,0.00018081795
63,162,8.0,0.00015475841
63,162,9.0,0.000249716
63,162,10.0,0.00022636716
63,162,11.0,0.0004812093
63,162,12.0,0.00055730774
63,162,13.0,0.000259032
63,162,14.0,0.00020423866
63,163,0.0,1.8350474e-07
63,163,1.0,1.2992342e-05
63,163,2.0,4.752911e-06
63,163,3.0,5.2253604e-06
63,163,4.0,2.8921368e-05
63,163,5.0,4.9854218e-05
63,163,6.0,5.590146e-05
63,163,7.0,8.324518e-05
63,163,8.0,6.628737e-05
63,163,9.0,5.8195994e-05
63,163,10.0,3.5050864e-05
63,163,11.0,1.7731454e-05
63,163,12.0,5.344416e-05
63,163,13.0,2.9212631e-05
63,163,14.0,2.7011849e-05
63,164,0.0,1.60326e-08
63,164,1.0,2.5513044e-12
63,164,2.0,1.3725562e-08
63,164,3.0,9.402137e-08
63,164,4.0,1.2019533e-05
63,164,5.0,3.7857355e-06
63,164,6.0,6.831121e-06
63,164,7.0,3.8442267e-06
63,164,8.0,2.306004e-07
63,164,9.0,9.1717385e-07
63,164,10.0,3.8523262e-07
63,164,11.0,7.218904e-07
63,164,12.0,1.554578e-06
63,164,13.0,3.279498e-06
63,164,14.0,6.9733017e-07
63,165,0.0,4.910631e-08
63,165,1.0,7.96214e-11
63,165,2.0,3.567947e-11
63,165,3.0,5.168983e-09
63,165,4.0,4.1867523e-09
63,165,5.0,1.0178871e-09
63,165,6.0,3.5310047e-10
63,165,7.0,2.766892e-10
63,165,8.0,1.5056102e-08
63,165,9.0,1.0178983e-09
63,165,10.0,2.9435743e-10
63,165,11.0,1.3713242e-09
63,165,12.0,1.3822892e-09
63,165,13.0,3.7268655e-09
63,165,14.0,9.8532285e-09
63,166,0.0,1.5923474e-13
63,166,1.0,8.0904583e-10
63,166,2.0,1.879072e-09
63,166,3.0,3.0652967e-09
63,166,4.0,6.4889794e-10
63,166,5.0,1.1887406e-10
63,166,6.0,2.0301494e-09
63,166,7.0,7.3467175e-09
63,166,8.0,7.605459e-09
63,166,9.0,9.1150215e-10
63,166,10.0,1.2531864e-10
63,166,11.0,5.291264e-11
63,166,12.0,1.7961351e-11
63,166,13.0,1.3930762e-11
63,166,14.0,1.9800316e-11
63,167,0.0,6.4690397e-12
63,167,1.0,3.4322548e-14
63,167,2.0,5.593331e-09
63,167,3.0,2.378826e-09
63,167,4.0,1.3216634e-09
63,167,5.0,5.188815e-10
63,167,6.0,2.9676128e-10
63,167,7.0,6.3351684e-09
63,167,8.0,5.590562e-11
63,167,9.0,1.2551629e-10
63,167,10.0,1.2520247e-09
63,167,11.0,2.0981214e-10
63,167,12.0,7.7559903e-10
63,167,13.0,1.4804472e-08
63,167,14.0,1.5488094e-08
63,168,0.0,9.31417e-12
63,168,1.0,1.13552146e-13
63,168,2.0,1.4858148e-10
63,168,3.0,3.7161316e-10
63,168,4.0,5.061575e-11
63,168,5.0,2.9176363e-11
63,168,6.0,5.579648e-11
63,168,7.0,1.2291496e-10
63,168,8.0,1.8583872e-10
63,168,9.0,3.339926e-10
63,168,10.0,3.201903e-09
63,168,11.0,5.7879905e-09
63,168,12.0,4.510336e-10
63,168,13.0,1.8604415e-10
63,168,14.0,9.526896e-10
63,169,0.0,5.3096477e-10
63,169,1.0,3.4068117e-09
63,169,2.0,2.5007502e-08
63,169,3.0,1.4921075e-09
63,169,4.0,1.6138026e-09
63,169,5.0,5.035657e-10
63,169,6.0,1.2382652e-09
63,169,7.0,2.1778481e-09
63,169,8.0,1.5579972e-09
63,169,9.0,4.0743453e-10
63,169,10.0,3.9975426e-10
63,169,11.0,4.357283e-10
63,169,12.0,1.0335809e-09
63,169,13.0,3.6562562e-09
63,169,14.0,6.6944716e-09
63,170,0.0,2.9836472e-12
63,170,1.0,1.2557801e-12
63,170,2.0,5.880444e-11
63,170,3.0,4.073563e-11
63,170,4.0,2.6483676e-10
63,170,5.0,5.727717e-10
63,170,6.0,7.831418e-10
63,170,7.0,4.5100195e-09
63,170,8.0,1.3420869e-09
63,170,9.0,1.4677897e-09
63,170,10.0,6.671313e-10
63,170,11.0,4.098099e-09
63,170,12.0,1.1173407e-09
63,170,13.0,8.191457e-10
63,170,14.0,1.3580688e-09
64,151,0.0,9.6259595e-18
64,151,1.0,3.7379136e-13
64,151,2.0,2.6670902e-11
64,151,3.0,8.556423e-12
64,151,4.0,1.4989961e-12
64,151,5.0,4.3984472e-13
64,151,6.0,9.138641e-13
64,151,7.0,2.7460417e-12
64,151,8.0,5.0965764e-12
64,151,9.0,4.121075e-12
64,151,10.0,8.6983177e-13
64,151,11.0,1.351695e-12
64,151,12.0,7.896423e-11
64,151,13.0,1.0156837e-10
64,151,14.0,4.187223e-11
64,152,0.0,1.08547685e-11
64,152,1.0,4.6196998e-11
64,152,2.0,1.5558421e-10
64,152,3.0,6.895888e-10
64,152,4.0,3.6559e-10
64,152,5.0,4.4951855e-12
64,152,6.0,3.216402e-13
64,152,7.0,2.479494e-13
64,152,8.0,1.6835298e-13
64,152,9.0,3.9509493e-14
64,152,10.0,1.636739e-15
64,152,11.0,2.0227277e-13
64,152,12.0,6.2411787e-10
64,152,13.0,6.495711e-10
64,152,14.0,3.0498912e-09
64,153,0.0,1.5474315e-12
64,153,1.0,1.825715e-11
64,153,2.0,1.8672892e-10
64,153,3.0,5.2829435e-10
64,153,4.0,6.2761957e-10
64,153,5.0,4.383363e-10
64,153,6.0,4.4854143e-10
64,153,7.0,5.8735483e-10
64,153,8.0,8.2799906e-10
64,153,9.0,1.0014384e-09
64,153,10.0,9.2452e-10
64,153,11.0,1.1081933e-09
64,153,12.0,1.5742527e-09
64,153,13.0,1.6459492e-09
64,153,14.0,1.6208439e-10
64,154,0.0,3.663651e-10
64,154,1.0,4.433482e-10
64,154,2.0,9.1106234e-10
64,154,3.0,1.4824341e-09
64,154,4.0,1.5439358e-09
64,154,5.0,1.3848389e-09
64,154,6.0,1.5314612e-09
64,154,7.0,1.6108987e-09
64,154,8.0,1.1250985e-09
64,154,9.0,7.7914497e-10
64,154,10.0,1.0380906e-09
64,154,11.0,1.829132e-09
64,154,12.0,1.1300134e-08
64,154,13.0,4.247744e-09
64,154,14.0,3.7545636e-08
64,155,0.0,0.0
64,155,1.0,4.1363166e-11
64,155,2.0,2.7627484e-08
64,155,3.0,2.117965e-09
64,155,4.0,7.6866036e-10
64,155,5.0,6.2501115e-09
64,155,6.0,2.3812762e-08
64,155,7.0,4.0844117e-08
64,155,8.0,1.2632755e-07
64,155,9.0,1.2674485e-08
64,155,10.0,1.04375744e-07
64,155,11.0,2.7639837e-09
64,155,12.0,1.7300326e-07
64,155,13.0,1.5186349e-07
64,155,14.0,1.5261098e-06
64,156,0.0,1.4769833e-10
64,156,1.0,4.4203094e-10
64,156,2.0,3.2142006e-10
64,156,3.0,2.710321e-09
64,156,4.0,1.06882e-11
64,156,5.0,4.194226e-12
64,156,6.0,8.232686e-09
64,156,7.0,5.4475047e-09
64,156,8.0,4.794896e-10
64,156,9.0,3.0440017e-12
64,156,10.0,5.9188947e-12
64,156,11.0,3.3341867e-09
64,156,12.0,5.2592558e-08
64,156,13.0,4.1524624e-09
64,156,14.0,5.962935e-08
64,157,0.0,1.1095359e-08
64,157,1.0,8.9079945e-11
64,157,2.0,8.5634035e-11
64,157,3.0,1.4376155e-09
64,157,4.0,8.423274e-07
64,157,5.0,3.3123847e-06
64,157,6.0,5.2584005e-07
64,157,7.0,1.1012398e-06
64,157,8.0,1.5190269e-06
64,157,9.0,1.990516e-06
64,157,10.0,1.3156412e-06
64,157,11.0,1.668981e-06
64,157,12.0,2.4290386e-05
64,157,13.0,3.6292746e-05
64,157,14.0,3.194823e-05
64,158,0.0,6.739893e-09
64,158,1.0,2.0841944e-11
64,158,2.0,9.3303065e-12
64,158,3.0,1.9696565e-06
64,158,4.0,6.4401984e-06
64,158,5.0,8.313537e-06
64,158,6.0,7.497003e-06
64,158,7.0,7.5172384e-06
64,158,8.0,9.031609e-06
64,158,9.0,7.677077e-06
64,158,10.0,7.735415e-06
64,158,11.0,9.521541e-06
64,158,12.0,4.5874494e-06
64,158,13.0,5.3690087e-06
64,158,14.0,4.822289e-05
64,159,0.0,7.3552883e-07
64,159,1.0,6.5905783e-06
64,159,2.0,5.3355467e-07
64,159,3.0,1.25995e-06
64,159,4.0,2.2532508e-05
64,159,5.0,0.00011742553
64,159,6.0,0.00012383572
64,159,7.0,0.000116654286
64,159,8.0,0.00022488221
64,159,9.0,0.00020966033
64,159,10.0,0.00018250658
64,159,11.0,0.00017625208
64,159,12.0,0.0003191098
64,159,13.0,0.00011831813
64,159,14.0,0.00012636895
64,160,0.0,2.1126202e-06
64,160,1.0,7.657349e-06
64,160,2.0,1.8554116e-06
64,160,3.0,4.1464835e-05
64,160,4.0,6.20321e-05
64,160,5.0,6.9810696e-05
64,160,6.0,5.6865963e-05
64,160,7.0,6.211245e-05
64,160,8.0,6.9243244e-05
64,160,9.0,7.8876954e-05
64,160,10.0,9.8767145e-05
64,160,11.0,0.00011691673
64,160,12.0,0.00018527344
64,160,13.0,0.00014968762
64,160,14.0,0.000115249146
64,161,0.0,3.368849e-05
64,161,1.0,3.3600765e-05
64,161,2.0,3.8393693e-05
64,161,3.0,4.8127866e-05
64,161,4.0,0.00011875648
64,161,5.0,0.00018851052
64,161,6.0,0.000490091
64,161,7.0,0.000708057
64,161,8.0,0.0004020901
64,161,9.0,0.00045995394
64,161,10.0,0.0008285134
64,161,11.0,0.0005330325
64,161,12.0,0.00065826514
64,161,13.0,0.00049781526
64,161,14.0,0.00023105789
64,162,0.0,2.5905457e-08
64,162,1.0,1.2668e-05
64,162,2.0,4.346641e-06
64,162,3.0,2.001281e-05
64,162,4.0,6.796843e-05
64,162,5.0,0.00010932899
64,162,6.0,0.0001422466
64,162,7.0,0.00017792702
64,162,8.0,0.00026853097
64,162,9.0,0.00045219122
64,162,10.0,0.0006378255
64,162,11.0,0.0006174431
64,162,12.0,0.00053270947
64,162,13.0,0.00018916199
64,162,14.0,0.00025267247
64,163,0.0,7.1597896e-07
64,163,1.0,2.9169055e-07
64,163,2.0,3.2269334e-05
64,163,3.0,1.1017577e-05
64,163,4.0,0.00030246034
64,163,5.0,0.00019250579
64,163,6.0,0.00025999465
64,163,7.0,0.00045019612
64,163,8.0,0.00032775922
64,163,9.0,0.0002966159
64,163,10.0,0.0004428133
64,163,11.0,0.00012661525
64,163,12.0,5.5697405e-05
64,163,13.0,4.625989e-05
64,163,14.0,3.60765e-05
64,164,0.0,1.4105325e-14
64,164,1.0,3.159304e-10
64,164,2.0,0.0
64,164,3.0,5.281552e-09
64,164,4.0,1.6075392e-05
64,164,5.0,2.1358941e-05
64,164,6.0,5.2705414e-05
64,164,7.0,6.27664e-05
64,164,8.0,3.4804532e-05
64,164,9.0,5.2600753e-05
64,164,10.0,5.037823e-05
64,164,11.0,4.22105e-05
64,164,12.0,3.5462035e-05
64,164,13.0,1.566094e-05
64,164,14.0,6.75015e-05
64,165,0.0,2.5940377e-08
64,165,1.0,6.175716e-10
64,165,2.0,6.0429045e-12
64,165,3.0,4.1496492e-10
64,165,4.0,4.5830305e-11
64,165,5.0,4.9649366e-08
64,165,6.0,3.767044e-06
64,165,7.0,5.1761176e-06
64,165,8.0,8.273436e-06
64,165,9.0,1.135532e-05
64,165,10.0,2.1322412e-05
64,165,11.0,3.7699442e-06
64,165,12.0,7.184554e-06
64,165,13.0,9.629774e-06
64,165,14.0,2.1944219e-05
64,166,0.0,2.1759341e-08
64,166,1.0,5.7573653e-09
64,166,2.0,2.930075e-09
64,166,3.0,1.6655665e-09
64,166,4.0,5.516964e-08
64,166,5.0,4.725467e-08
64,166,6.0,3.7783936e-09
64,166,7.0,9.850772e-09
64,166,8.0,1.607032e-10
64,166,9.0,9.387412e-08
64,166,10.0,1.033853e-07
64,166,11.0,2.1383553e-09
64,166,12.0,1.8593779e-08
64,166,13.0,2.5946573e-08
64,166,14.0,2.4116504e-08
64,167,0.0,1.8251282e-10
64,167,1.0,8.459311e-13
64,167,2.0,1.4524283e-09
64,167,3.0,1.9772609e-10
64,167,4.0,4.3618673e-09
64,167,5.0,7.436746e-09
64,167,6.0,2.4496827e-09
64,167,7.0,1.181903e-09
64,167,8.0,2.234469e-09
64,167,9.0,3.292916e-09
64,167,10.0,1.4750369e-10
64,167,11.0,1.1214242e-08
64,167,12.0,1.7948817e-09
64,167,13.0,5.3826954e-10
64,167,14.0,3.8031347e-09
64,168,0.0,9.663123e-11
64,168,1.0,4.8260773e-09
64,168,2.0,3.361622e-09
64,168,3.0,3.0297156e-09
64,168,4.0,4.2069694e-09
64,168,5.0,2.5955904e-09
64,168,6.0,1.7201132e-09
64,168,7.0,5.2706145e-08
64,168,8.0,3.002855e-10
64,168,9.0,2.9659025e-08
64,168,10.0,7.65194e-10
64,168,11.0,1.2354563e-10
64,168,12.0,2.884744e-09
64,168,13.0,1.39454865e-08
64,168,14.0,1.1389944e-08
64,169,0.0,7.9897146e-13
64,169,1.0,1.2274075e-17
64,169,2.0,1.6767874e-12
64,169,3.0,3.0375719e-10
64,169,4.0,1.8498116e-09
64,169,5.0,2.641959e-11
64,169,6.0,4.875519e-12
64,169,7.0,4.938853e-12
64,169,8.0,6.4672625e-12
64,169,9.0,4.021395e-12
64,169,10.0,1.3060911e-12
64,169,11.0,7.285753e-13
64,169,12.0,6.599093e-15
64,169,13.0,9.052913e-12
64,169,14.0,1.2976576e-11
64,170,0.0,2.9192565e-10
64,170,1.0,1.4175423e-10
64,170,2.0,3.0875952e-10
64,170,3.0,1.0858253e-10
64,170,4.0,5.3991106e-10
64,170,5.0,4.8949794e-10
64,170,6.0,2.384843e-10
64,170,7.0,7.2099443e-10
64,170,8.0,1.5438006e-09
64,170,9.0,1.9077e-09
64,170,10.0,1.8052474e-09
64,170,11.0,2.404334e-09
64,170,12.0,7.886062e-09
64,170,13.0,4.2796775e-09
64,170,14.0,4.188157e-09
64,171,0.0,5.1979384e-13
64,171,1.0,1.3043707e-13
64,171,2.0,3.7326157e-14
64,171,3.0,2.9168098e-14
64,171,4.0,5.439429e-12
64,171,5.0,1.2826051e-10
64,171,6.0,7.1777884e-10
64,171,7.0,2.1006723e-09
64,171,8.0,2.6844902e-09
64,171,9.0,2.63856e-09
64,171,10.0,1.8531379e-09
64,171,11.0,2.057355e-09
64,171,12.0,2.2043818e-09
64,171,13.0,8.913919e-11
64,171,14.0,1.5373745e-10
64,172,0.0,3.6560832e-12
64,172,1.0,7.545571e-12
64,172,2.0,3.9923538e-12
64,172,3.0,4.9055243e-12
64,172,4.0,3.877199e-11
64,172,5.0,1.9508331e-14
64,172,6.0,2.9115384e-16
64,172,7.0,6.0949786e-13
64,172,8.0,3.065475e-12
64,172,9.0,2.6433398e-12
64,172,10.0,4.75257e-12
64,172,11.0,2.288464e-11
64,172,12.0,3.7588186e-13
64,172,13.0,5.5269817e-11
64,172,14.0,3.6390244e-12
65,154,0.0,9.8329975e-14
65,154,1.0,3.1898236e-13
65,154,2.0,2.7880424e-11
65,154,3.0,1.3150888e-11
65,154,4.0,9.037892e-11
65,154,5.0,4.368172e-10
65,154,6.0,3.6070107e-12
65,154,7.0,7.811999e-12
65,154,8.0,2.0389412e-11
65,154,9.0,1.2809271e-11
65,154,10.0,4.4937014e-12
65,154,11.0,2.3472515e-12
65,154,12.0,1.1305828e-12
65,154,13.0,8.853926e-13
65,154,14.0,3.030545e-11
65,155,0.0,2.3748668e-14
65,155,1.0,5.1167274e-12
65,155,2.0,3.3539848e-11
65,155,3.0,4.146457e-12
65,155,4.0,5.5742168e-11
65,155,5.0,5.4137206e-10
65,155,6.0,2.8864003e-11
65,155,7.0,7.2560387e-12
65,155,8.0,1.4235408e-11
65,155,9.0,3.1384315e-11
65,155,10.0,4.023915e-10
65,155,11.0,9.02765e-10
65,155,12.0,8.895813e-10
65,155,13.0,4.5907975e-10
65,155,14.0,1.989695e-11
65,156,0.0,7.083743e-12
65,156,1.0,1.4203958e-12
65,156,2.0,4.5592546e-10
65,156,3.0,2.8638256e-09
65,156,4.0,3.3285685e-10
65,156,5.0,4.7749876e-10
65,156,6.0,7.721599e-09
65,156,7.0,2.4743676e-08
65,156,8.0,2.87914e-08
65,156,9.0,1.3215483e-08
65,156,10.0,3.058946e-09
65,156,11.0,5.736115e-10
65,156,12.0,1.2747654e-10
65,156,13.0,1.4496955e-10
65,156,14.0,1.5695358e-09
65,157,0.0,2.0361622e-11
65,157,1.0,1.2071979e-09
65,157,2.0,3.6935063e-10
65,157,3.0,2.7781408e-10
65,157,4.0,4.629559e-10
65,157,5.0,4.880626e-10
65,157,6.0,1.9533164e-09
65,157,7.0,6.2716627e-09
65,157,8.0,1.07396945e-08
65,157,9.0,1.443554e-08
65,157,10.0,5.221139e-09
65,157,11.0,6.3759757e-09
65,157,12.0,2.824827e-08
65,157,13.0,2.14249e-08
65,157,14.0,3.5881838e-09
65,158,0.0,3.7706477e-10
65,158,1.0,6.1994023e-09
65,158,2.0,7.756002e-09
65,158,3.0,1.8852508e-09
65,158,4.0,3.865681e-09
65,158,5.0,1.0617929e-08
65,158,6.0,9.682003e-09
65,158,7.0,4.504465e-11
65,158,8.0,2.5179052e-09
65,158,9.0,9.243202e-09
65,158,10.0,2.4475074e-08
65,158,11.0,2.5974735e-08
65,158,12.0,4.9331945e-08
65,158,13.0,6.6525274e-10
65,158,14.0,3.2606462e-09
65,159,0.0,6.9930534e-11
65,159,1.0,6.401102e-11
65,159,2.0,1.2901342e-09
65,159,3.0,9.1139934e-10
65,159,4.0,5.3040666e-10
65,159,5.0,3.5984216e-10
65,159,6.0,5.098725e-10
65,159,7.0,4.6225633e-08
65,159,8.0,2.1941344e-09
65,159,9.0,7.46344e-10
65,159,10.0,1.3926235e-10
65,159,11.0,1.8757782e-11
65,159,12.0,3.810909e-10
65,159,13.0,3.4403822e-09
65,159,14.0,1.47497925e-08
65,160,0.0,2.1790034e-09
65,160,1.0,1.2185338e-09
65,160,2.0,1.166346e-09
65,160,3.0,5.471997e-09
65,160,4.0,1.0386808e-09
65,160,5.0,3.292071e-10
65,160,6.0,3.019948e-11
65,160,7.0,4.4946927e-10
65,160,8.0,4.6453414e-09
65,160,9.0,1.3958317e-08
65,160,10.0,5.1403073e-09
65,160,11.0,1.1639831e-09
65,160,12.0,2.146656e-09
65,160,13.0,6.4285885e-08
65,160,14.0,3.6274633e-07
65,161,0.0,3.104877e-14
65,161,1.0,3.2959663e-17
65,161,2.0,0.0
65,161,3.0,1.6433747e-14
65,161,4.0,5.6531863e-14
65,161,5.0,0.0
65,161,6.0,4.5091944e-10
65,161,7.0,8.286737e-10
65,161,8.0,1.2013948e-09
65,161,9.0,1.725259e-08
65,161,10.0,7.2649226e-10
65,161,11.0,1.5204074e-10
65,161,12.0,2.7603255e-08
65,161,13.0,4.0932184e-07
65,161,14.0,4.334464e-06
65,162,0.0,9.09515e-09
65,162,1.0,1.7396443e-08
65,162,2.0,8.039361e-14
65,162,3.0,3.0912295e-12
65,162,4.0,7.937099e-14
65,162,5.0,1.6250463e-09
65,162,6.0,1.4424302e-06
65,162,7.0,8.036843e-07
65,162,8.0,1.5701136e-07
65,162,9.0,3.7105203e-06
65,162,10.0,7.915005e-06
65,162,11.0,9.386019e-06
65,162,12.0,1.9445635e-05
65,162,13.0,4.143507e-05
65,162,14.0,0.00014676244
65,163,0.0,7.806464e-08
65,163,1.0,7.437909e-09
65,163,2.0,7.549479e-09
65,163,3.0,6.6820727e-10
65,163,4.0,3.6196884e-10
65,163,5.0,6.8358177e-06
65,163,6.0,2.1191094e-05
65,163,7.0,0.00011303717
65,163,8.0,5.546958e-05
65,163,9.0,4.0829862e-05
65,163,10.0,6.773603e-05
65,163,11.0,4.6273984e-05
65,163,12.0,4.406812e-05
65,163,13.0,5.293675e-05
65,163,14.0,8.894034e-05
65,164,0.0,5.681773e-08
65,164,1.0,7.26936e-12
65,164,2.0,2.5509778e-10
65,164,3.0,9.16501e-07
65,164,4.0,1.5606473e-05
65,164,5.0,2.7378142e-05
65,164,6.0,3.4000725e-06
65,164,7.0,0.00014000127
65,164,8.0,0.00017455603
65,164,9.0,7.817594e-05
65,164,10.0,6.691733e-05
65,164,11.0,6.647819e-05
65,164,12.0,4.54988e-05
65,164,13.0,5.569363e-05
65,164,14.0,5.4260217e-05
65,165,0.0,5.5808425e-09
65,165,1.0,2.1831026e-08
65,165,2.0,2.2313165e-07
65,165,3.0,7.1136715e-11
65,165,4.0,1.2638229e-09
65,165,5.0,1.3852548e-08
65,165,6.0,1.4647268e-06
65,165,7.0,1.4519114e-06
65,165,8.0,3.7653779e-06
65,165,9.0,2.4033048e-05
65,165,10.0,3.105158e-05
65,165,11.0,2.6302328e-05
65,165,12.0,4.9225662e-05
65,165,13.0,3.4906556e-05
65,165,14.0,4.7788275e-05
65,166,0.0,2.349183e-09
65,166,1.0,1.888381e-12
65,166,2.0,4.1909719e-16
65,166,3.0,4.1612123e-09
65,166,4.0,5.0223434e-06
65,166,5.0,5.857138e-06
65,166,6.0,4.6696787e-06
65,166,7.0,6.2797176e-07
65,166,8.0,1.358086e-07
65,166,9.0,1.03494085e-05
65,166,10.0,1.052178e-05
65,166,11.0,2.2211201e-05
65,166,12.0,6.631823e-07
65,166,13.0,2.2131303e-06
65,166,14.0,3.1075126e-06
65,167,0.0,3.333854e-11
65,167,1.0,2.214136e-11
65,167,2.0,1.637043e-11
65,167,3.0,4.219021e-20
65,167,4.0,2.3459445e-09
65,167,5.0,8.312389e-11
65,167,6.0,1.0260051e-08
65,167,7.0,4.0075912e-07
65,167,8.0,1.4087391e-07
65,167,9.0,1.7815193e-08
65,167,10.0,2.1862384e-08
65,167,11.0,2.4819901e-11
65,167,12.0,0.0
65,167,13.0,1.891411e-08
65,167,14.0,3.0010042e-06
65,168,0.0,8.517223e-08
65,168,1.0,1.5566522e-08
65,168,2.0,4.3602966e-09
65,168,3.0,1.12817006e-07
65,168,4.0,2.6506118e-08
65,168,5.0,1.2895081e-06
65,168,6.0,3.650989e-05
65,168,7.0,1.4494825e-05
65,168,8.0,5.899743e-06
65,168,9.0,2.7441768e-06
65,168,10.0,2.4123333e-06
65,168,11.0,5.916476e-08
65,168,12.0,8.860475e-16
65,168,13.0,1.0109234e-14
65,168,14.0,5.358037e-09
65,169,0.0,6.064583e-14
65,169,1.0,1.0094854e-14
65,169,2.0,1.7811862e-10
65,169,3.0,0.0
65,169,4.0,0.0
65,169,5.0,1.608141e-14
65,169,6.0,4.074305e-12
65,169,7.0,5.0418355e-16
65,169,8.0,7.5926904e-11
65,169,9.0,8.893995e-11
65,169,10.0,2.6211538e-11
65,169,11.0,1.4809351e-10
65,169,12.0,6.7238215e-11
65,169,13.0,8.8449734e-11
65,169,14.0,6.2098438e-09
65,170,0.0,2.147574e-11
65,170,1.0,1.1346812e-11
65,170,2.0,5.784573e-11
65,170,3.0,5.19451e-10
65,170,4.0,3.4531994e-10
65,170,5.0,3.1229325e-11
65,170,6.0,2.679724e-10
65,170,7.0,5.484044e-10
65,170,8.0,8.691921e-11
65,170,9.0,1.3979345e-09
65,170,10.0,1.1116716e-11
65,170,11.0,3.7439082e-10
65,170,12.0,2.4907915e-10
65,170,13.0,3.4854755e-10
65,170,14.0,2.4459321e-09
65,171,0.0,1.5115591e-11
65,171,1.0,1.6195303e-20
65,171,2.0,7.5343655e-11
65,171,3.0,7.6801504e-10
65,171,4.0,4.5350798e-10
65,171,5.0,1.2837557e-11
65,171,6.0,3.8973388e-10
65,171,7.0,1.8675033e-09
65,171,8.0,6.219773e-10
65,171,9.0,2.1948532e-10
65,171,10.0,4.3485344e-11
65,171,11.0,1.0894625e-10
65,171,12.0,1.1143252e-11
65,171,13.0,9.593282e-11
65,171,14.0,5.108377e-09
65,172,0.0,2.8230626e-10
65,172,1.0,1.0342198e-11
65,172,2.0,1.803433e-11
65,172,3.0,9.57714e-10
65,172,4.0,2.3751723e-09
65,172,5.0,1.4976935e-11
65,172,6.0,3.890575e-10
65,172,7.0,9.323576e-11
65,172,8.0,2.9728286e-11
65,172,9.0,1.979202e-10
65,172,10.0,7.840926e-10
65,172,11.0,2.27656e-10
65,172,12.0,1.3528806e-10
65,172,13.0,1.831135e-10
65,172,14.0,2.6246702e-10
66,157,0.0,1.914635e-13
66,157,1.0,1.2000517e-10
66,157,2.0,5.452065e-10
66,157,3.0,2.0922595e-11
66,157,4.0,2.1199185e-09
66,157,5.0,4.707038e-10
66,157,6.0,1.698136e-09
66,157,7.0,2.854288e-09
66,157,8.0,1.329874e-09
66,157,9.0,8.6161916e-10
66,157,10.0,8.045172e-10
66,157,11.0,2.3900768e-09
66,157,12.0,4.5838067e-09
66,157,13.0,3.596579e-09
66,157,14.0,1.1531256e-09
66,158,0.0,6.8975124e-11
66,158,1.0,2.4796847e-11
66,158,2.0,2.436669e-13
66,158,3.0,3.278359e-11
66,158,4.0,1.5101547e-12
66,158,5.0,6.975272e-13
66,158,6.0,6.549891e-13
66,158,7.0,8.1176797e-13
66,158,8.0,2.564674e-12
66,158,9.0,1.0721678e-11
66,158,10.0,1.6773713e-11
66,158,11.0,4.1481086e-11
66,158,12.0,1.8291728e-09
66,158,13.0,3.7912937e-10
66,158,14.0,5.2796123e-09
66,159,0.0,2.879019e-10
66,159,1.0,1.3488849e-10
66,159,2.0,7.522535e-10
66,159,3.0,2.3217112e-08
66,159,4.0,1.844796e-08
66,159,5.0,2.1333983e-08
66,159,6.0,1.7483186e-08
66,159,7.0,1.960614e-08
66,159,8.0,2.0120668e-08
66,159,9.0,2.049548e-08
66,159,10.0,1.8454054e-08
66,159,11.0,1.4350637e-08
66,159,12.0,1.05928875e-08
66,159,13.0,1.927963e-08
66,159,14.0,6.2481798e-09
66,160,0.0,9.0467905e-10
66,160,1.0,2.9228428e-10
66,160,2.0,3.2924565e-09
66,160,3.0,2.5646082e-10
66,160,4.0,2.3261561e-10
66,160,5.0,1.0345809e-10
66,160,6.0,2.971171e-11
66,160,7.0,1.1258866e-11
66,160,8.0,8.821738e-12
66,160,9.0,1.4167012e-11
66,160,10.0,5.07448e-11
66,160,11.0,7.9702883e-10
66,160,12.0,7.194737e-09
66,160,13.0,2.2743813e-09
66,160,14.0,1.2570393e-08
66,161,0.0,5.240128e-10
66,161,1.0,3.809489e-10
66,161,2.0,2.9399498e-09
66,161,3.0,8.0754436e-10
66,161,4.0,6.728878e-10
66,161,5.0,1.7786444e-11
66,161,6.0,5.305317e-09
66,161,7.0,1.1232961e-07
66,161,8.0,1.07912435e-07
66,161,9.0,1.107813e-07
66,161,10.0,9.783427e-09
66,161,11.0,1.900898e-09
66,161,12.0,7.549926e-09
66,161,13.0,1.9879696e-09
66,161,14.0,4.058343e-07
66,162,0.0,1.6449932e-11
66,162,1.0,2.072319e-10
66,162,2.0,4.577572e-10
66,162,3.0,1.599234e-10
66,162,4.0,3.767038e-10
66,162,5.0,9.516997e-10
66,162,6.0,3.1447583e-10
66,162,7.0,1.0747201e-09
66,162,8.0,6.5434524e-10
66,162,9.0,2.2842158e-12
66,162,10.0,5.992567e-39
66,162,11.0,5.809845e-14
66,162,12.0,9.883838e-16
66,162,13.0,0.0
66,162,14.0,2.9582354e-09
66,163,0.0,1.9402153e-09
66,163,1.0,1.0668979e-08
66,163,2.0,1.5583748e-11
66,163,3.0,1.6373388e-16
66,163,4.0,0.0
66,163,5.0,1.9158557e-09
66,163,6.0,2.5120295e-11
66,163,7.0,3.1953018e-08
66,163,8.0,6.2370824e-09
66,163,9.0,6.8639255e-10
66,163,10.0,1.337917e-09
66,163,11.0,2.8114226e-08
66,163,12.0,8.3030527e-10
66,163,13.0,4.9946767e-08
66,163,14.0,8.1885594e-07
66,164,0.0,1.2502374e-12
66,164,1.0,0.0
66,164,2.0,0.0
66,164,3.0,2.957932e-12
66,164,4.0,5.982621e-15
66,164,5.0,3.801264e-11
66,164,6.0,3.0277872e-10
66,164,7.0,3.781329e-08
66,164,8.0,2.0219828e-08
66,164,9.0,1.4222793e-08
66,164,10.0,1.2340309e-09
66,164,11.0,1.020601e-12
66,164,12.0,1.4193153e-09
66,164,13.0,1.2910826e-07
66,164,14.0,3.1139186e-06
66,165,0.0,8.545468e-12
66,165,1.0,1.8369144e-08
66,165,2.0,3.3480514e-09
66,165,3.0,2.1855037e-08
66,165,4.0,7.61346e-09
66,165,5.0,4.5136737e-08
66,165,6.0,1.1936271e-07
66,165,7.0,5.1028775e-07
66,165,8.0,1.1519039e-05
66,165,9.0,3.1686443e-05
66,165,10.0,1.8141596e-05
66,165,11.0,9.341658e-05
66,165,12.0,1.6989128e-05
66,165,13.0,1.717566e-06
66,165,14.0,1.00997195e-05
66,166,0.0,6.4432293e-10
66,166,1.0,2.2665158e-13
66,166,2.0,6.815447e-09
66,166,3.0,3.17968e-09
66,166,4.0,2.3514728e-09
66,166,5.0,2.2343238e-09
66,166,6.0,3.2149684e-13
66,166,7.0,1.1786537e-09
66,166,8.0,3.9602804e-07
66,166,9.0,7.812721e-07
66,166,10.0,8.8299685e-06
66,166,11.0,2.0564903e-06
66,166,12.0,2.0393855e-07
66,166,13.0,1.9935155e-06
66,166,14.0,3.3313045e-06
66,167,0.0,7.656194e-09
66,167,1.0,4.8434774e-08
66,167,2.0,1.8443304e-09
66,167,3.0,1.3124135e-06
66,167,4.0,6.5444247e-06
66,167,5.0,4.6851823e-05
66,167,6.0,5.9995506e-05
66,167,7.0,1.6437709e-05
66,167,8.0,2.1247363e-06
66,167,9.0,7.3900003e-07
66,167,10.0,1.145429e-06
66,167,11.0,5.9614586e-06
66,167,12.0,1.565048e-06
66,167,13.0,5.4429525e-05
66,167,14.0,1.7534123e-05
66,168,0.0,4.7724804e-08
66,168,1.0,5.9346245e-10
66,168,2.0,6.657079e-16
66,168,3.0,2.137948e-09
66,168,4.0,1.6241376e-08
66,168,5.0,1.4646645e-09
66,168,6.0,3.6602874e-11
66,168,7.0,0.0
66,168,8.0,6.687609e-15
66,168,9.0,4.0759485e-09
66,168,10.0,9.669074e-10
66,168,11.0,8.462496e-08
66,168,12.0,2.181235e-05
66,168,13.0,9.208857e-06
66,168,14.0,5.2638984e-06
66,169,0.0,4.241026e-09
66,169,1.0,8.653641e-09
66,169,2.0,2.1223332e-09
66,169,3.0,1.9225448e-08
66,169,4.0,5.19459e-09
66,169,5.0,1.1398836e-09
66,169,6.0,4.996557e-09
66,169,7.0,2.503839e-09
66,169,8.0,7.482252e-09
66,169,9.0,5.736469e-12
66,169,10.0,1.899268e-08
66,169,11.0,1.3379551e-07
66,169,12.0,8.913019e-08
66,169,13.0,4.3664014e-10
66,169,14.0,6.721761e-08
66,170,0.0,8.82692e-10
66,170,1.0,1.8571052e-09
66,170,2.0,5.5469915e-08
66,170,3.0,1.796955e-08
66,170,4.0,1.4613039e-08
66,170,5.0,2.0847414e-08
66,170,6.0,2.9054755e-08
66,170,7.0,5.508458e-08
66,170,8.0,4.482644e-08
66,170,9.0,3.1399225e-08
66,170,10.0,9.3155235e-09
66,170,11.0,8.209785e-11
66,170,12.0,1.5694276e-08
66,170,13.0,2.617294e-07
66,170,14.0,2.3141729e-07
66,171,0.0,4.52825e-11
66,171,1.0,1.8870824e-10
66,171,2.0,2.3726788e-11
66,171,3.0,3.270551e-11
66,171,4.0,4.870169e-09
66,171,5.0,1.804104e-10
66,171,6.0,3.574325e-09
66,171,7.0,5.853131e-09
66,171,8.0,3.1224558e-09
66,171,9.0,5.535323e-10
66,171,10.0,1.9743762e-11
66,171,11.0,1.5708783e-11
66,171,12.0,2.5747965e-10
66,171,13.0,1.7441579e-09
66,171,14.0,8.608934e-09
66,172,0.0,2.6378108e-10
66,172,1.0,1.5248788e-09
66,172,2.0,1.3604448e-09
66,172,3.0,2.597927e-10
66,172,4.0,1.034796e-09
66,172,5.0,1.4316404e-10
66,172,6.0,1.4132878e-10
66,172,7.0,1.0185058e-09
66,172,8.0,6.0945266e-10
66,172,9.0,1.1764e-09
66,172,10.0,7.428255e-09
66,172,11.0,6.410141e-09
66,172,12.0,2.5023787e-09
66,172,13.0,4.7219277e-09
66,172,14.0,7.267076e-10
67,160,0.0,5.468326e-13
67,160,1.0,1.8749926e-09
67,160,2.0,1.5878794e-09
67,160,3.0,3.0017033e-10
67,160,4.0,1.3776805e-09
67,160,5.0,1.107527e-08
67,160,6.0,8.600924e-09
67,160,7.0,5.20315e-09
67,160,8.0,4.0482315e-09
67,160,9.0,3.4603602e-09
67,160,10.0,2.9138914e-09
67,160,11.0,2.4621551e-09
67,160,12.0,2.4915785e-09
67,160,13.0,4.0404853e-09
67,160,14.0,1.7510493e-09
67,161,0.0,8.180342e-12
67,161,1.0,2.9522283e-13
67,161,2.0,6.0689377e-13
67,161,3.0,1.6530822e-09
67,161,4.0,3.963766e-09
67,161,5.0,4.6101643e-09
67,161,6.0,6.758435e-09
67,161,7.0,1.7017063e-08
67,161,8.0,1.516945e-08
67,161,9.0,5.7231926e-09
67,161,10.0,1.7567788e-09
67,161,11.0,3.3170602e-09
67,161,12.0,1.9442483e-08
67,161,13.0,4.5311537e-09
67,161,14.0,7.832538e-10
67,162,0.0,6.1536505e-12
67,162,1.0,8.439843e-09
67,162,2.0,2.0862116e-09
67,162,3.0,1.2661434e-08
67,162,4.0,1.6783137e-09
67,162,5.0,2.598213e-09
67,162,6.0,6.6628203e-10
67,162,7.0,4.1226092e-10
67,162,8.0,9.0448093e-10
67,162,9.0,1.5924283e-09
67,162,10.0,1.3368379e-09
67,162,11.0,1.6878999e-09
67,162,12.0,6.530828e-09
67,162,13.0,1.5614141e-09
67,162,14.0,2.3746027e-10
67,163,0.0,1.6195201e-09
67,163,1.0,1.7813452e-09
67,163,2.0,1.7867362e-09
67,163,3.0,2.058022e-10
67,163,4.0,6.386792e-10
67,163,5.0,3.8265098e-09
67,163,6.0,3.3963605e-09
67,163,7.0,7.768544e-09
67,163,8.0,1.0460772e-08
67,163,9.0,3.9863344e-09
67,163,10.0,1.226903e-09
67,163,11.0,5.7541163e-09
67,163,12.0,3.4224552e-08
67,163,13.0,7.2752e-09
67,163,14.0,1.7426134e-09
67,164,0.0,8.560595e-11
67,164,1.0,1.9081006e-09
67,164,2.0,5.1039843e-09
67,164,3.0,1.0948863e-08
67,164,4.0,4.2507335e-09
67,164,5.0,1.693161e-09
67,164,6.0,3.0594005e-09
67,164,7.0,3.6314848e-08
67,164,8.0,1.5994353e-08
67,164,9.0,3.641934e-09
67,164,10.0,1.1122872e-08
67,164,11.0,2.4118302e-08
67,164,12.0,3.260859e-09
67,164,13.0,5.1490505e-09
67,164,14.0,7.844878e-09
67,165,0.0,1.4661901e-10
67,165,1.0,8.763266e-12
67,165,2.0,6.463062e-10
67,165,3.0,1.3698704e-09
67,165,4.0,1.2336749e-08
67,165,5.0,4.1433927e-09
67,165,6.0,4.1162194e-09
67,165,7.0,7.816714e-09
67,165,8.0,6.010969e-08
67,165,9.0,2.256673e-08
67,165,10.0,7.787721e-09
67,165,11.0,9.850539e-09
67,165,12.0,1.1668244e-08
67,165,13.0,9.134134e-10
67,165,14.0,4.1677464e-11
67,166,0.0,2.5394611e-10
67,166,1.0,1.191273e-09
67,166,2.0,5.789781e-09
67,166,3.0,7.132271e-11
67,166,4.0,1.5679804e-09
67,166,5.0,6.7835613e-09
67,166,6.0,8.779365e-10
67,166,7.0,4.0084757e-08
67,166,8.0,1.7259024e-08
67,166,9.0,8.080386e-11
67,166,10.0,3.341268e-09
67,166,11.0,1.1579621e-08
67,166,12.0,1.5467302e-08
67,166,13.0,6.2914403e-09
67,166,14.0,1.915249e-09
67,167,0.0,1.8023345e-11
67,167,1.0,2.1209944e-12
67,167,2.0,8.145361e-09
67,167,3.0,1.1874624e-11
67,167,4.0,1.1441685e-09
67,167,5.0,3.93973e-09
67,167,6.0,9.261536e-09
67,167,7.0,8.16567e-09
67,167,8.0,5.2675897e-10
67,167,9.0,4.3160683e-10
67,167,10.0,3.4666263e-11
67,167,11.0,8.003643e-11
67,167,12.0,4.8653602e-11
67,167,13.0,3.3506492e-10
67,167,14.0,4.1311676e-08
67,168,0.0,8.6859536e-10
67,168,1.0,7.206408e-09
67,168,2.0,6.113111e-09
67,168,3.0,1.0499128e-08
67,168,4.0,2.7857205e-09
67,168,5.0,5.404526e-10
67,168,6.0,5.258826e-09
67,168,7.0,8.67339e-09
67,168,8.0,4.4451025e-09
67,168,9.0,5.4910143e-10
67,168,10.0,4.699749e-09
67,168,11.0,1.8206924e-07
67,168,12.0,1.5013262e-08
67,168,13.0,3.521579e-07
67,168,14.0,3.1505164e-07
67,169,0.0,0.0
67,169,1.0,0.0
67,169,2.0,0.0
67,169,3.0,0.0
67,169,4.0,9.654593e-14
67,169,5.0,4.717054e-14
67,169,6.0,2.6415415e-14
67,169,7.0,9.0894035e-13
67,169,8.0,3.4753715e-12
67,169,9.0,0.0
67,169,10.0,6.057686e-17
67,169,11.0,2.0148985e-11
67,169,12.0,3.9362368e-11
67,169,13.0,2.9896496e-10
67,169,14.0,4.1818047e-09
67,170,0.0,8.153184e-10
67,170,1.0,1.1858485e-09
67,170,2.0,2.1319897e-08
67,170,3.0,2.0968092e-09
67,170,4.0,2.8916907e-09
67,170,5.0,1.5395138e-08
67,170,6.0,5.011145e-09
67,170,7.0,1.96825e-08
67,170,8.0,7.119223e-11
67,170,9.0,1.3576439e-10
67,170,10.0,2.1151141e-08
67,170,11.0,2.5761757e-09
67,170,12.0,2.434567e-09
67,170,13.0,7.3844697e-10
67,170,14.0,9.378735e-09
67,171,0.0,2.8020145e-10
67,171,1.0,1.3641065e-09
67,171,2.0,2.368232e-08
67,171,3.0,1.8104586e-08
67,171,4.0,7.314586e-08
67,171,5.0,1.5465751e-08
67,171,6.0,1.0192573e-08
67,171,7.0,9.753192e-09
67,171,8.0,4.215099e-09
67,171,9.0,3.5917298e-09
67,171,10.0,2.957503e-09
67,171,11.0,1.5537744e-09
67,171,12.0,2.853865e-09
67,171,13.0,1.2884107e-08
67,171,14.0,8.443278e-09
67,172,0.0,2.6648736e-10
67,172,1.0,8.708219e-11
67,172,2.0,2.4478813e-10
67,172,3.0,1.2341533e-11
67,172,4.0,2.2862468e-19
67,172,5.0,2.002384e-13
67,172,6.0,1.3765471e-10
67,172,7.0,3.4000535e-11
67,172,8.0,3.1520647e-11
67,172,9.0,1.4974909e-09
67,172,10.0,5.5845284e-10
67,172,11.0,5.2624367e-11
67,172,12.0,9.7062886e-11
67,172,13.0,7.131677e-10
67,172,14.0,1.1961124e-09
68,163,0.0,1.5844172e-10
68,163,1.0,5.394892e-11
68,163,2.0,2.7233233e-09
68,163,3.0,6.912237e-09
68,163,4.0,2.011365e-09
68,163,5.0,1.4052898e-07
68,163,6.0,8.609215e-11
68,163,7.0,1.3416721e-08
68,163,8.0,4.7181596e-09
68,163,9.0,1.2756926e-08
68,163,10.0,1.2339328e-08
68,163,11.0,4.9120734e-09
68,163,12.0,9.547968e-12
68,163,13.0,3.791572e-13
68,163,14.0,8.286756e-10
68,164,0.0,1.595862e-08
68,164,1.0,6.4938777e-10
68,164,2.0,8.6407566e-09
68,164,3.0,1.0852286e-09
68,164,4.0,7.9107235e-11
68,164,5.0,1.1758321e-10
68,164,6.0,1.5430433e-10
68,164,7.0,9.308904e-11
68,164,8.0,3.5592554e-10
68,164,9.0,8.555161e-10
68,164,10.0,4.884265e-10
68,164,11.0,5.252531e-10
68,164,12.0,9.338821e-09
68,164,13.0,2.4919409e-08
68,164,14.0,2.9093686e-10
68,165,0.0,1.0592959e-11
68,165,1.0,3.292919e-08
68,165,2.0,9.1441926e-08
68,165,3.0,1.7446414e-08
68,165,4.0,7.356089e-10
68,165,5.0,3.1862908e-09
68,165,6.0,4.731204e-09
68,165,7.0,9.1833305e-09
68,165,8.0,1.1230427e-08
68,165,9.0,9.588096e-09
68,165,10.0,4.805349e-09
68,165,11.0,8.6453517e-10
68,165,12.0,1.921029e-09
68,165,13.0,2.3671806e-08
68,165,14.0,2.849482e-08
68,166,0.0,3.4025074e-10
68,166,1.0,1.7298548e-08
68,166,2.0,4.8692126e-09
68,166,3.0,1.06389715e-08
68,166,4.0,4.1680366e-08
68,166,5.0,6.22914e-08
68,166,6.0,2.9055728e-08
68,166,7.0,1.8751455e-08
68,166,8.0,9.1807095e-09
68,166,9.0,6.400653e-09
68,166,10.0,7.6439814e-09
68,166,11.0,1.4038849e-08
68,166,12.0,4.5495863e-08
68,166,13.0,7.2501216e-08
68,166,14.0,3.690897e-08
68,167,0.0,1.2434831e-09
68,167,1.0,7.5997625e-10
68,167,2.0,4.3629497e-10
68,167,3.0,8.3440577e-10
68,167,4.0,1.6270839e-11
68,167,5.0,1.5077932e-11
68,167,6.0,9.1174596e-11
68,167,7.0,5.963515e-10
68,167,8.0,3.3673107e-09
68,167,9.0,1.0886028e-08
68,167,10.0,1.9311809e-08
68,167,11.0,1.46093875e-08
68,167,12.0,1.2807825e-08
68,167,13.0,1.8696769e-08
68,167,14.0,4.726929e-08
68,168,0.0,1.1487903e-08
68,168,1.0,7.0387074e-08
68,168,2.0,1.03897335e-08
68,168,3.0,6.738168e-08
68,168,4.0,5.516086e-09
68,168,5.0,9.170129e-09
68,168,6.0,3.2275512e-08
68,168,7.0,1.05232495e-07
68,168,8.0,2.8624103e-07
68,168,9.0,2.8301665e-07
68,168,10.0,2.1602607e-07
68,168,11.0,3.0691925e-07
68,168,12.0,1.02833084e-07
68,168,13.0,1.830485e-08
68,168,14.0,1.1871536e-08
68,169,0.0,4.5140675e-10
68,169,1.0,2.0782882e-09
68,169,2.0,4.457328e-09
68,169,3.0,1.1792034e-10
68,169,4.0,9.0889065e-09
68,169,5.0,1.8195668e-09
68,169,6.0,2.8105667e-09
68,169,7.0,1.0801795e-08
68,169,8.0,1.2212705e-08
68,169,9.0,6.235196e-09
68,169,10.0,5.0915436e-09
68,169,11.0,1.0293422e-08
68,169,12.0,3.918671e-09
68,169,13.0,6.8150263e-09
68,169,14.0,7.6955775e-09
68,170,0.0,1.9332756e-08
68,170,1.0,1.0899793e-08
68,170,2.0,2.9396293e-08
68,170,3.0,2.3864644e-09
68,170,4.0,1.2497234e-08
68,170,5.0,9.355681e-09
68,170,6.0,3.0945453e-09
68,170,7.0,1.5232147e-09
68,170,8.0,2.0384137e-09
68,170,9.0,3.2069298e-09
68,170,10.0,7.275813e-09
68,170,11.0,1.165755e-08
68,170,12.0,1.5890926e-08
68,170,13.0,1.8013955e-08
68,170,14.0,9.211661e-09
68,171,0.0,2.5140012e-10
68,171,1.0,4.5605097e-10
68,171,2.0,7.059441e-10
68,171,3.0,5.66146e-10
68,171,4.0,7.1020456e-10
68,171,5.0,1.814398e-09
68,171,6.0,5.7238e-09
68,171,7.0,5.1299516e-09
68,171,8.0,3.9378043e-09
68,171,9.0,3.6348609e-09
68,171,10.0,3.385617e-09
68,171,11.0,1.9830375e-09
68,171,12.0,1.4055981e-09
68,171,13.0,1.2350204e-09
68,171,14.0,1.3143067e-09
68,172,0.0,1.6384905e-09
68,172,1.0,1.13012474e-10
68,172,2.0,9.207458e-11
68,172,3.0,2.5275844e-11
68,172,4.0,5.5157944e-11
68,172,5.0,5.425467e-10
68,172,6.0,1.9268627e-09
68,172,7.0,1.9887554e-09
68,172,8.0,5.196088e-09
68,172,9.0,1.0866092e-08
68,172,10.0,1.6793544e-08
68,172,11.0,8.795639e-09
68,172,12.0,2.9113034e-09
68,172,13.0,3.6654104e-09
68,172,14.0,1.1236563e-08
69,166,0.0,9.1775676e-10
69,166,1.0,2.113096e-09
69,166,2.0,2.2795374e-09
69,166,3.0,1.0989988e-09
69,166,4.0,7.501554e-09
69,166,5.0,1.6839581e-09
69,166,6.0,4.4323616e-09
69,166,7.0,1.7673612e-08
69,166,8.0,5.2824475e-08
69,166,9.0,7.320972e-08
69,166,10.0,5.831094e-08
69,166,11.0,4.6612783e-08
69,166,12.0,4.4498016e-08
69,166,13.0,2.1963082e-09
69,166,14.0,1.6018948e-09
69,167,0.0,1.2267046e-09
69,167,1.0,5.6036443e-11
69,167,2.0,5.523908e-11
69,167,3.0,5.2268682e-14
69,167,4.0,8.612301e-14
69,167,5.0,8.197259e-10
69,167,6.0,1.4362305e-08
69,167,7.0,3.4701717e-09
69,167,8.0,6.371094e-08
69,167,9.0,7.970331e-08
69,167,10.0,1.6153367e-08
69,167,11.0,3.4937278e-10
69,167,12.0,1.1755551e-09
69,167,13.0,2.4224116e-09
69,167,14.0,9.487823e-10
69,168,0.0,3.360544e-09
69,168,1.0,3.2742202e-09
69,168,2.0,9.697577e-09
69,168,3.0,1.0109112e-08
69,168,4.0,9.887905e-09
69,168,5.0,2.7633507e-09
69,168,6.0,3.73602e-09
69,168,7.0,4.1356483e-09
69,168,8.0,3.003667e-09
69,168,9.0,3.8061745e-09
69,168,10.0,9.649514e-09
69,168,11.0,6.701426e-09
69,168,12.0,5.803687e-09
69,168,13.0,1.6218587e-08
69,168,14.0,1.04271995e-08
69,169,0.0,9.155406e-10
69,169,1.0,6.0068883e-10
69,169,2.0,7.7609913e-10
69,169,3.0,3.6934492e-10
69,169,4.0,2.8972583e-10
69,169,5.0,4.486528e-10
69,169,6.0,3.7604186e-10
69,169,7.0,5.693625e-10
69,169,8.0,2.1191562e-09
69,169,9.0,3.2380953e-09
69,169,10.0,3.4952838e-10
69,169,11.0,6.2601074e-10
69,169,12.0,4.3448398e-10
69,169,13.0,8.78948e-11
69,169,14.0,4.3283757e-10
69,170,0.0,1.5162946e-10
69,170,1.0,9.764959e-09
69,170,2.0,1.1876182e-08
69,170,3.0,1.7889507e-08
69,170,4.0,1.2449264e-08
69,170,5.0,5.768737e-10
69,170,6.0,5.358662e-10
69,170,7.0,7.790622e-10
69,170,8.0,7.865447e-10
69,170,9.0,1.8788362e-09
69,170,10.0,5.7089227e-09
69,170,11.0,3.4225334e-09
69,170,12.0,7.971921e-10
69,170,13.0,4.9249876e-10
69,170,14.0,2.7987201e-10
69,171,0.0,2.4106508e-11
69,171,1.0,1.1578274e-10
69,171,2.0,2.0467639e-10
69,171,3.0,2.8608388e-10
69,171,4.0,3.2340844e-10
69,171,5.0,2.8062935e-10
69,171,6.0,2.324933e-10
69,171,7.0,1.532437e-10
69,171,8.0,1.2246718e-10
69,171,9.0,9.781514e-11
69,171,10.0,5.6171373e-11
69,171,11.0,3.9651332e-10
69,171,12.0,7.598459e-10
69,171,13.0,5.235738e-10
69,171,14.0,6.762267e-10
69,172,0.0,8.5883195e-15
69,172,1.0,5.139113e-12
69,172,2.0,4.2959945e-11
69,172,3.0,1.3368735e-10
69,172,4.0,3.634827e-11
69,172,5.0,7.715882e-11
69,172,6.0,9.917656e-11
69,172,7.0,9.090775e-11
69,172,8.0,6.7397546e-11
69,172,9.0,3.4790282e-11
69,172,10.0,1.26370876e-11
69,172,11.0,6.7066634e-12
69,172,12.0,9.676689e-12
69,172,13.0,1.5181151e-11
69,172,14.0,1.649157e-11
70,168,0.0,1.6023174e-10
70,168,1.0,6.5368697e-09
70,168,2.0,5.979212e-10
70,168,3.0,6.3262764e-09
70,168,4.0,7.09879e-09
70,168,5.0,2.4851639e-09
70,168,6.0,1.947023e-09
70,168,7.0,1.7068056e-09
70,168,8.0,1.5386065e-09
70,168,9.0,1.6662735e-09
70,168,10.0,4.5080113e-09
70,168,11.0,6.591848e-09
70,168,12.0,1.8031431e-09
70,168,13.0,3.5904257e-08
70,168,14.0,8.9771274e-11
70,169,0.0,4.5750886e-10
70,169,1.0,2.0841973e-09
70,169,2.0,1.1143674e-09
70,169,3.0,5.0285065e-09
70,169,4.0,8.176305e-09
70,169,5.0,4.9309956e-10
70,169,6.0,3.5377667e-10
70,169,7.0,7.92844e-10
70,169,8.0,2.2891828e-09
70,169,9.0,3.489595e-09
70,169,10.0,1.4417625e-09
70,169,11.0,5.441105e-10
70,169,12.0,8.7525556e-11
70,169,13.0,1.1810984e-10
70,169,14.0,1.4366085e-10
70,170,0.0,2.6237763e-09
70,170,1.0,4.2315125e-09
70,170,2.0,1.1048423e-08
70,170,3.0,1.927875e-08
70,170,4.0,2.1162245e-08
70,170,5.0,5.683288e-09
70,170,6.0,8.7656916e-11
70,170,7.0,8.750031e-11
70,170,8.0,9.771406e-11
70,170,9.0,3.6945152e-11
70,170,10.0,9.981027e-11
70,170,11.0,2.5551308e-10
70,170,12.0,2.5183782e-09
70,170,13.0,2.1717959e-09
70,170,14.0,7.1839146e-10
70,171,0.0,1.1696248e-09
70,171,1.0,1.6493695e-09
70,171,2.0,1.6094951e-09
70,171,3.0,4.40737e-10
70,171,4.0,1.749951e-10
70,171,5.0,1.8699098e-09
70,171,6.0,3.2335636e-09
70,171,7.0,5.158605e-09
70,171,8.0,5.60775e-09
70,171,9.0,2.9292266e-09
70,171,10.0,3.32883e-09
70,171,11.0,2.9688805e-09
70,171,12.0,1.1331617e-09
70,171,13.0,1.9847772e-09
70,171,14.0,1.6074132e-09
70,172,0.0,2.3849882e-09
70,172,1.0,4.960242e-08
70,172,2.0,1.3528163e-08
70,172,3.0,3.0038994e-09
70,172,4.0,4.2764947e-09
70,172,5.0,9.211411e-09
70,172,6.0,1.4924282e-08
70,172,7.0,1.1579764e-08
70,172,8.0,5.3686344e-09
70,172,9.0,5.350307e-09
70,172,10.0,9.820159e-09
70,172,11.0,3.3507746e-08
70,172,12.0,4.687054e-08
70,172,13.0,2.455443e-08
70,172,14.0,4.216262e-08
71,172,0.0,4.4539268e-11
71,172,1.0,1.3055115e-10
71,172,2.0,6.926706e-11
71,172,3.0,3.223075e-11
71,172,4.0,1.8338055e-10
71,172,5.0,1.4475732e-10
71,172,6.0,7.581958e-11
71,172,7.0,6.494384e-11
71,172,8.0,3.8624527e-11
71,172,9.0,1.8525428e-11
71,172,10.0,1.1921123e-11
71,172,11.0,7.680072e-12
71,172,12.0,1.1061128e-12
71,172,13.0,4.0336213e-15
71,172,14.0,1.8759723e-13
