Z_physical,A_physical,E_physical,Yield_pred
23,66,0.0,0.0
23,66,1.0,1.06236094e-07
23,66,2.0,1.891602e-08
23,66,3.0,2.9349188e-09
23,66,4.0,3.548485e-08
23,66,5.0,8.736316e-08
23,66,6.0,5.504854e-09
23,66,7.0,4.66129e-12
23,66,8.0,8.5157265e-10
23,66,9.0,0.0
23,66,10.0,0.0
23,66,11.0,0.0
23,66,12.0,1.7246172e-07
23,66,13.0,3.5533913e-07
23,66,14.0,6.1474495e-08
24,66,0.0,2.3512396e-08
24,66,1.0,7.569932e-10
24,66,2.0,1.5542871e-07
24,66,3.0,7.527973e-09
24,66,4.0,0.0
24,66,5.0,1.5251042e-09
24,66,6.0,0.0
24,66,7.0,0.0
24,66,8.0,0.0
24,66,9.0,0.0
24,66,10.0,0.0
24,66,11.0,0.0
24,66,12.0,0.0
24,66,13.0,0.0
24,66,14.0,0.0
24,67,0.0,3.7099002e-07
24,67,1.0,1.1712018e-06
24,67,2.0,4.035276e-06
24,67,3.0,1.0767257e-06
24,67,4.0,0.0
24,67,5.0,0.0
24,67,6.0,0.0
24,67,7.0,0.0
24,67,8.0,0.0
24,67,9.0,4.109235e-08
24,67,10.0,1.3196666e-08
24,67,11.0,0.0
24,67,12.0,0.0
24,67,13.0,0.0
24,67,14.0,0.0
24,68,0.0,7.0414963e-09
24,68,1.0,0.0
24,68,2.0,0.0
24,68,3.0,1.3533366e-07
24,68,4.0,1.3601768e-07
24,68,5.0,1.678175e-07
24,68,6.0,3.4207386e-07
24,68,7.0,5.9937486e-07
24,68,8.0,6.668906e-07
24,68,9.0,3.5563875e-07
24,68,10.0,2.8075124e-08
24,68,11.0,4.0381623e-10
24,68,12.0,4.383387e-10
24,68,13.0,2.1677748e-07
24,68,14.0,7.6276325e-07
24,69,0.0,0.0
24,69,1.0,0.0
24,69,2.0,1.3220597e-07
24,69,3.0,0.0
24,69,4.0,5.5838547e-09
24,69,5.0,7.058457e-08
24,69,6.0,6.554542e-08
24,69,7.0,2.1040448e-08
24,69,8.0,1.5909679e-08
24,69,9.0,1.4303464e-07
24,69,10.0,6.323404e-07
24,69,11.0,6.925826e-07
24,69,12.0,6.153985e-07
24,69,13.0,2.9048758e-07
24,69,14.0,2.6673055e-07
24,70,0.0,0.0
24,70,1.0,0.0
24,70,2.0,0.0
24,70,3.0,0.0
24,70,4.0,3.259074e-10
24,70,5.0,1.4218754e-09
24,70,6.0,3.6355705e-09
24,70,7.0,2.624983e-09
24,70,8.0,4.6471764e-09
24,70,9.0,7.255643e-08
24,70,10.0,2.9761491e-08
24,70,11.0,5.0998732e-08
24,70,12.0,1.9962508e-07
24,70,13.0,4.2152348e-07
24,70,14.0,3.5938783e-07
25,66,0.0,3.428968e-08
25,66,1.0,0.0
25,66,2.0,2.8518687e-07
25,66,3.0,3.3899419e-06
25,66,4.0,3.3930005e-06
25,66,5.0,1.560746e-06
25,66,6.0,1.1584325e-06
25,66,7.0,1.2560689e-06
25,66,8.0,1.440087e-06
25,66,9.0,1.8952679e-06
25,66,10.0,1.2450053e-06
25,66,11.0,4.5862107e-06
25,66,12.0,4.4276003e-06
25,66,13.0,4.740742e-06
25,66,14.0,2.1562028e-06
25,67,0.0,3.64699e-07
25,67,1.0,3.2133252e-07
25,67,2.0,4.261636e-07
25,67,3.0,6.689068e-07
25,67,4.0,1.228397e-06
25,67,5.0,1.2333047e-06
25,67,6.0,1.2865218e-06
25,67,7.0,1.5484721e-06
25,67,8.0,7.1558406e-07
25,67,9.0,5.3498347e-08
25,67,10.0,6.0312124e-09
25,67,11.0,1.223142e-07
25,67,12.0,2.886447e-07
25,67,13.0,7.591461e-07
25,67,14.0,1.4862574e-06
25,68,0.0,2.6524955e-07
25,68,1.0,1.8974823e-08
25,68,2.0,3.525282e-08
25,68,3.0,5.092585e-07
25,68,4.0,1.7708514e-07
25,68,5.0,3.5486877e-07
25,68,6.0,8.464224e-07
25,68,7.0,4.9929633e-07
25,68,8.0,3.5553887e-07
25,68,9.0,2.5205998e-06
25,68,10.0,1.9752115e-06
25,68,11.0,6.877012e-07
25,68,12.0,7.381662e-08
25,68,13.0,3.7311413e-08
25,68,14.0,1.5562052e-09
25,69,0.0,1.9413103e-07
25,69,1.0,1.6869087e-07
25,69,2.0,0.0
25,69,3.0,0.0
25,69,4.0,0.0
25,69,5.0,0.0
25,69,6.0,0.0
25,69,7.0,1.815266e-07
25,69,8.0,1.5862425e-06
25,69,9.0,1.5581775e-06
25,69,10.0,3.2859236e-07
25,69,11.0,0.0
25,69,12.0,0.0
25,69,13.0,0.0
25,69,14.0,0.0
25,70,0.0,0.0
25,70,1.0,1.2699496e-07
25,70,2.0,4.391527e-08
25,70,3.0,5.736979e-07
25,70,4.0,1.9875158e-08
25,70,5.0,0.0
25,70,6.0,0.0
25,70,7.0,0.0
25,70,8.0,0.0
25,70,9.0,0.0
25,70,10.0,0.0
25,70,11.0,0.0
25,70,12.0,0.0
25,70,13.0,0.0
25,70,14.0,0.0
25,71,0.0,0.0
25,71,1.0,2.8374868e-07
25,71,2.0,6.777623e-08
25,71,3.0,0.0
25,71,4.0,0.0
25,71,5.0,0.0
25,71,6.0,0.0
25,71,7.0,4.0474767e-08
25,71,8.0,2.8682135e-07
25,71,9.0,4.1223507e-07
25,71,10.0,3.1247492e-07
25,71,11.0,3.8695353e-07
25,71,12.0,0.0
25,71,13.0,0.0
25,71,14.0,0.0
25,72,0.0,0.0
25,72,1.0,1.0890249e-08
25,72,2.0,9.324291e-08
25,72,3.0,1.2011414e-07
25,72,4.0,4.0806245e-08
25,72,5.0,0.0
25,72,6.0,5.908682e-12
25,72,7.0,6.5459585e-07
25,72,8.0,1.4191736e-06
25,72,9.0,1.4100073e-06
25,72,10.0,2.436753e-08
25,72,11.0,9.3774895e-07
25,72,12.0,1.8843124e-06
25,72,13.0,1.513883e-06
25,72,14.0,1.3045112e-06
25,73,0.0,0.0
25,73,1.0,3.2713194e-07
25,73,2.0,3.5118984e-07
25,73,3.0,3.7964423e-07
25,73,4.0,3.8868373e-07
25,73,5.0,1.1885057e-08
25,73,6.0,0.0
25,73,7.0,0.0
25,73,8.0,0.0
25,73,9.0,0.0
25,73,10.0,3.3034652e-07
25,73,11.0,1.3369021e-08
25,73,12.0,0.0
25,73,13.0,9.4779445e-08
25,73,14.0,2.528779e-07
26,66,0.0,4.264026e-08
26,66,1.0,0.0
26,66,2.0,0.0
26,66,3.0,1.6193874e-07
26,66,4.0,0.0
26,66,5.0,1.5875378e-06
26,66,6.0,1.1583352e-06
26,66,7.0,1.8779639e-06
26,66,8.0,3.5998735e-06
26,66,9.0,5.2904934e-06
26,66,10.0,5.5295422e-06
26,66,11.0,1.3034238e-05
26,66,12.0,2.0917123e-05
26,66,13.0,1.7489838e-05
26,66,14.0,2.6927655e-05
26,67,0.0,1.8393153e-07
26,67,1.0,2.3505922e-09
26,67,2.0,2.6724003e-08
26,67,3.0,2.6932457e-06
26,67,4.0,3.3906472e-06
26,67,5.0,1.7429699e-06
26,67,6.0,0.0
26,67,7.0,0.0
26,67,8.0,0.0
26,67,9.0,0.0
26,67,10.0,0.0
26,67,11.0,8.435746e-08
26,67,12.0,3.3551632e-07
26,67,13.0,2.1082437e-06
26,67,14.0,4.891914e-06
26,68,0.0,8.5686536e-10
26,68,1.0,0.0
26,68,2.0,0.0
26,68,3.0,0.0
26,68,4.0,0.0
26,68,5.0,0.0
26,68,6.0,0.0
26,68,7.0,0.0
26,68,8.0,0.0
26,68,9.0,0.0
26,68,10.0,0.0
26,68,11.0,0.0
26,68,12.0,0.0
26,68,13.0,0.0
26,68,14.0,1.6984472e-08
26,69,0.0,5.521545e-09
26,69,1.0,8.3479506e-08
26,69,2.0,3.2654234e-06
26,69,3.0,2.47247e-06
26,69,4.0,3.5193423e-07
26,69,5.0,3.9634667e-08
26,69,6.0,1.0199413e-07
26,69,7.0,1.0750851e-08
26,69,8.0,0.0
26,69,9.0,0.0
26,69,10.0,0.0
26,69,11.0,0.0
26,69,12.0,0.0
26,69,13.0,1.3361398e-08
26,69,14.0,3.6865964e-07
26,70,0.0,1.0018454e-11
26,70,1.0,8.193966e-09
26,70,2.0,0.0
26,70,3.0,0.0
26,70,4.0,0.0
26,70,5.0,0.0
26,70,6.0,0.0
26,70,7.0,0.0
26,70,8.0,0.0
26,70,9.0,0.0
26,70,10.0,0.0
26,70,11.0,0.0
26,70,12.0,0.0
26,70,13.0,0.0
26,70,14.0,0.0
26,71,0.0,1.3789851e-09
26,71,1.0,4.587928e-07
26,71,2.0,1.3693963e-06
26,71,3.0,2.2107668e-06
26,71,4.0,2.2186077e-06
26,71,5.0,1.7271805e-06
26,71,6.0,1.4664557e-06
26,71,7.0,7.2414633e-07
26,71,8.0,1.7997164e-07
26,71,9.0,1.1132188e-08
26,71,10.0,0.0
26,71,11.0,1.021729e-07
26,71,12.0,1.7662067e-09
26,71,13.0,7.482631e-08
26,71,14.0,2.3222783e-07
26,72,0.0,0.0
26,72,1.0,6.5505965e-09
26,72,2.0,9.9371015e-08
26,72,3.0,2.7008953e-08
26,72,4.0,0.0
26,72,5.0,0.0
26,72,6.0,0.0
26,72,7.0,0.0
26,72,8.0,0.0
26,72,9.0,0.0
26,72,10.0,3.8276893e-10
26,72,11.0,0.0
26,72,12.0,0.0
26,72,13.0,0.0
26,72,14.0,0.0
26,73,0.0,3.110655e-09
26,73,1.0,3.0515626e-08
26,73,2.0,0.0
26,73,3.0,4.5473564e-10
26,73,4.0,1.742151e-08
26,73,5.0,6.672023e-08
26,73,6.0,1.3986428e-07
26,73,7.0,6.556503e-08
26,73,8.0,5.4690292e-09
26,73,9.0,0.0
26,73,10.0,0.0
26,73,11.0,4.4049115e-09
26,73,12.0,2.7516973e-07
26,73,13.0,1.9501046e-07
26,73,14.0,5.35583e-08
26,74,0.0,0.0
26,74,1.0,5.444839e-09
26,74,2.0,8.090173e-08
26,74,3.0,9.371895e-08
26,74,4.0,3.9419345e-12
26,74,5.0,1.0049124e-09
26,74,6.0,0.0
26,74,7.0,0.0
26,74,8.0,0.0
26,74,9.0,2.058809e-09
26,74,10.0,1.2077505e-08
26,74,11.0,7.428121e-09
26,74,12.0,1.0814504e-09
26,74,13.0,3.2154868e-14
26,74,14.0,1.5675756e-09
26,75,0.0,0.0
26,75,1.0,0.0
26,75,2.0,0.0
26,75,3.0,0.0
26,75,4.0,0.0
26,75,5.0,0.0
26,75,6.0,0.0
26,75,7.0,0.0
26,75,8.0,0.0
26,75,9.0,8.7969546e-08
26,75,10.0,1.01417264e-07
26,75,11.0,2.8121528e-07
26,75,12.0,2.73453e-07
26,75,13.0,8.3424034e-08
26,75,14.0,3.3894507e-09
26,76,0.0,0.0
26,76,1.0,0.0
26,76,2.0,7.8732164e-08
26,76,3.0,0.0
26,76,4.0,0.0
26,76,5.0,6.2989494e-09
26,76,6.0,5.7195515e-09
26,76,7.0,1.7078463e-06
26,76,8.0,3.6984187e-07
26,76,9.0,3.1219443e-07
26,76,10.0,3.451186e-08
26,76,11.0,3.6056585e-07
26,76,12.0,0.0
26,76,13.0,0.0
26,76,14.0,4.2085162e-08
27,66,0.0,4.542841e-06
27,66,1.0,1.9735888e-08
27,66,2.0,2.9464458e-08
27,66,3.0,4.1860146e-09
27,66,4.0,0.0
27,66,5.0,1.4840151e-06
27,66,6.0,1.646765e-06
27,66,7.0,3.2876342e-06
27,66,8.0,7.667638e-06
27,66,9.0,1.2841919e-05
27,66,10.0,1.3549864e-05
27,66,11.0,6.046218e-07
27,66,12.0,7.5305906e-07
27,66,13.0,5.4926767e-07
27,66,14.0,7.0495624e-08
27,67,0.0,8.042705e-07
27,67,1.0,8.513435e-08
27,67,2.0,2.4740143e-07
27,67,3.0,1.0483809e-06
27,67,4.0,3.3292412e-08
27,67,5.0,3.1536713e-06
27,67,6.0,4.0001496e-06
27,67,7.0,1.0025693e-05
27,67,8.0,1.0824206e-05
27,67,9.0,7.023047e-06
27,67,10.0,7.942267e-06
27,67,11.0,1.25592405e-05
27,67,12.0,1.5067729e-05
27,67,13.0,1.427455e-05
27,67,14.0,1.5165582e-05
27,68,0.0,0.0
27,68,1.0,0.0
27,68,2.0,0.0
27,68,3.0,3.3994306e-07
27,68,4.0,4.3287766e-08
27,68,5.0,5.808305e-06
27,68,6.0,7.919985e-06
27,68,7.0,7.1842505e-06
27,68,8.0,5.6422937e-06
27,68,9.0,3.942006e-06
27,68,10.0,1.1041794e-05
27,68,11.0,2.6130565e-05
27,68,12.0,2.3712948e-05
27,68,13.0,1.925232e-05
27,68,14.0,1.707514e-05
27,69,0.0,1.3211726e-06
27,69,1.0,2.429918e-07
27,69,2.0,2.3860298e-07
27,69,3.0,1.6511643e-06
27,69,4.0,2.4671345e-07
27,69,5.0,1.122211e-05
27,69,6.0,9.8698165e-06
27,69,7.0,4.9105547e-05
27,69,8.0,4.359675e-05
27,69,9.0,4.8419748e-05
27,69,10.0,9.36383e-05
27,69,11.0,0.00012573949
27,69,12.0,0.0001104983
27,69,13.0,9.166817e-05
27,69,14.0,8.242688e-05
27,70,0.0,2.3857042e-06
27,70,1.0,2.4192025e-06
27,70,2.0,3.8631197e-07
27,70,3.0,5.655134e-07
27,70,4.0,3.099797e-06
27,70,5.0,9.025951e-06
27,70,6.0,1.4872154e-05
27,70,7.0,2.4473175e-05
27,70,8.0,3.5632776e-05
27,70,9.0,4.583144e-05
27,70,10.0,4.70706e-05
27,70,11.0,4.0740815e-05
27,70,12.0,4.0181676e-05
27,70,13.0,3.3563163e-05
27,70,14.0,3.0356163e-05
27,71,0.0,0.0
27,71,1.0,1.7438731e-07
27,71,2.0,7.522105e-10
27,71,3.0,4.7774678e-09
27,71,4.0,4.567512e-07
27,71,5.0,1.1806079e-06
27,71,6.0,1.635464e-06
27,71,7.0,1.7021713e-06
27,71,8.0,1.6934383e-06
27,71,9.0,1.5573089e-06
27,71,10.0,3.634886e-07
27,71,11.0,1.42427785e-08
27,71,12.0,1.3735554e-07
27,71,13.0,8.097443e-07
27,71,14.0,2.0057134e-06
27,72,0.0,0.0
27,72,1.0,9.7209405e-09
27,72,2.0,0.0
27,72,3.0,0.0
27,72,4.0,0.0
27,72,5.0,0.0
27,72,6.0,0.0
27,72,7.0,0.0
27,72,8.0,2.9149902e-10
27,72,9.0,0.0
27,72,10.0,0.0
27,72,11.0,0.0
27,72,12.0,3.916949e-10
27,72,13.0,8.996321e-09
27,72,14.0,1.1790632e-08
27,73,0.0,0.0
27,73,1.0,8.783051e-10
27,73,2.0,1.026262e-07
27,73,3.0,2.404904e-07
27,73,4.0,1.5419788e-06
27,73,5.0,8.966139e-07
27,73,6.0,6.1340296e-07
27,73,7.0,6.2934095e-07
27,73,8.0,2.8128107e-07
27,73,9.0,6.1802155e-08
27,73,10.0,2.5022823e-08
27,73,11.0,1.900101e-07
27,73,12.0,4.1192724e-08
27,73,13.0,1.13259055e-07
27,73,14.0,5.113439e-07
27,74,0.0,0.0
27,74,1.0,0.0
27,74,2.0,2.6681732e-09
27,74,3.0,0.0
27,74,4.0,0.0
27,74,5.0,0.0
27,74,6.0,0.0
27,74,7.0,0.0
27,74,8.0,6.63161e-08
27,74,9.0,8.0756486e-08
27,74,10.0,2.1989906e-07
27,74,11.0,2.0426046e-07
27,74,12.0,2.4308372e-07
27,74,13.0,4.9851354e-07
27,74,14.0,3.9810052e-07
27,75,0.0,0.0
27,75,1.0,6.255187e-07
27,75,2.0,2.7108227e-08
27,75,3.0,0.0
27,75,4.0,0.0
27,75,5.0,0.0
27,75,6.0,9.430289e-10
27,75,7.0,6.794923e-08
27,75,8.0,2.5924027e-08
27,75,9.0,4.305857e-07
27,75,10.0,1.6451459e-06
27,75,11.0,1.5739429e-06
27,75,12.0,1.5610431e-06
27,75,13.0,9.564675e-07
27,75,14.0,1.8905491e-06
27,76,0.0,1.4104045e-07
27,76,1.0,6.058422e-09
27,76,2.0,0.0
27,76,3.0,0.0
27,76,4.0,0.0
27,76,5.0,0.0
27,76,6.0,1.397495e-12
27,76,7.0,1.9684534e-11
27,76,8.0,1.0492112e-09
27,76,9.0,3.810518e-08
27,76,10.0,2.8209027e-07
27,76,11.0,1.1029883e-06
27,76,12.0,6.7514924e-07
27,76,13.0,2.006904e-07
27,76,14.0,6.6416746e-08
27,77,0.0,0.0
27,77,1.0,0.0
27,77,2.0,3.4636205e-10
27,77,3.0,0.0
27,77,4.0,1.3313532e-07
27,77,5.0,4.4797872e-07
27,77,6.0,6.5908216e-07
27,77,7.0,5.892398e-07
27,77,8.0,8.85321e-08
27,77,9.0,8.136512e-09
27,77,10.0,3.111807e-07
27,77,11.0,1.3193106e-06
27,77,12.0,4.693724e-06
27,77,13.0,3.7284115e-06
27,77,14.0,2.387256e-06
27,78,0.0,0.0
27,78,1.0,0.0
27,78,2.0,0.0
27,78,3.0,0.0
27,78,4.0,5.1662394e-12
27,78,5.0,2.6137934e-07
27,78,6.0,8.390968e-07
27,78,7.0,1.5811224e-06
27,78,8.0,1.3388462e-06
27,78,9.0,3.888592e-07
27,78,10.0,8.382363e-07
27,78,11.0,1.2581648e-06
27,78,12.0,5.099242e-07
27,78,13.0,2.250027e-07
27,78,14.0,4.1240835e-07
28,66,0.0,0.0
28,66,1.0,1.1127206e-07
28,66,2.0,4.3860092e-07
28,66,3.0,1.1724703e-06
28,66,4.0,6.282999e-06
28,66,5.0,9.807369e-07
28,66,6.0,2.5194674e-10
28,66,7.0,0.0
28,66,8.0,1.710174e-09
28,66,9.0,9.058654e-09
28,66,10.0,6.598252e-09
28,66,11.0,0.0
28,66,12.0,7.0021535e-08
28,66,13.0,2.0859459e-09
28,66,14.0,3.0599466e-08
28,67,0.0,0.0
28,67,1.0,0.0
28,67,2.0,0.0
28,67,3.0,0.0
28,67,4.0,2.381941e-10
28,67,5.0,0.0
28,67,6.0,0.0
28,67,7.0,2.4907315e-10
28,67,8.0,1.4776851e-06
28,67,9.0,4.24842e-06
28,67,10.0,7.559033e-06
28,67,11.0,6.331902e-06
28,67,12.0,1.2083087e-05
28,67,13.0,1.0065566e-05
28,67,14.0,1.2073939e-05
28,68,0.0,8.139919e-09
28,68,1.0,0.0
28,68,2.0,0.0
28,68,3.0,0.0
28,68,4.0,0.0
28,68,5.0,0.0
28,68,6.0,1.8630669e-06
28,68,7.0,4.3861348e-07
28,68,8.0,2.5524807e-07
28,68,9.0,8.28005e-06
28,68,10.0,4.7148633e-06
28,68,11.0,1.0227242e-06
28,68,12.0,1.1333025e-05
28,68,13.0,8.5631245e-06
28,68,14.0,7.005633e-07
28,69,0.0,1.15987e-07
28,69,1.0,7.827529e-07
28,69,2.0,5.35731e-07
28,69,3.0,2.5305294e-06
28,69,4.0,3.6607696e-06
28,69,5.0,2.0409253e-07
28,69,6.0,2.471022e-06
28,69,7.0,1.5081214e-06
28,69,8.0,2.2468925e-05
28,69,9.0,9.160496e-06
28,69,10.0,2.18498e-05
28,69,11.0,8.980612e-06
28,69,12.0,2.0158748e-05
28,69,13.0,4.8914593e-05
28,69,14.0,3.5674515e-05
28,70,0.0,0.0
28,70,1.0,0.0
28,70,2.0,5.765814e-06
28,70,3.0,1.1505023e-05
28,70,4.0,8.706415e-05
28,70,5.0,0.00021941222
28,70,6.0,0.00049902825
28,70,7.0,0.00038563006
28,70,8.0,0.00024218894
28,70,9.0,0.00026888322
28,70,10.0,0.00039957758
28,70,11.0,0.00031705786
28,70,12.0,0.0002671619
28,70,13.0,0.00028395583
28,70,14.0,0.00035360633
28,71,0.0,0.0
28,71,1.0,1.5074451e-07
28,71,2.0,2.6535445e-06
28,71,3.0,1.1441269e-06
28,71,4.0,3.7407066e-05
28,71,5.0,0.00010183797
28,71,6.0,0.00028062906
28,71,7.0,0.00036292349
28,71,8.0,0.00039635177
28,71,9.0,0.0003548038
28,71,10.0,0.00030742257
28,71,11.0,0.00033077845
28,71,12.0,0.00027437333
28,71,13.0,0.0003059737
28,71,14.0,0.00034875056
28,72,0.0,1.5897182e-05
28,72,1.0,5.1196483e-05
28,72,2.0,0.00013844647
28,72,3.0,0.000108393426
28,72,4.0,0.00016108295
28,72,5.0,0.00028956044
28,72,6.0,0.0003032403
28,72,7.0,0.0003041919
28,72,8.0,0.00029289082
28,72,9.0,0.00017478433
28,72,10.0,0.00011638241
28,72,11.0,0.00016996366
28,72,12.0,0.00029919116
28,72,13.0,0.0002717134
28,72,14.0,0.00012288816
28,73,0.0,1.2127349e-07
28,73,1.0,7.2733696e-06
28,73,2.0,1.2507766e-05
28,73,3.0,1.5093636e-05
28,73,4.0,1.8265311e-05
28,73,5.0,2.9266974e-05
28,73,6.0,7.731815e-05
28,73,7.0,0.00010491981
28,73,8.0,9.543737e-05
28,73,9.0,7.4644755e-05
28,73,10.0,9.411486e-05
28,73,11.0,5.6882884e-05
28,73,12.0,4.8411206e-05
28,73,13.0,3.4824603e-05
28,73,14.0,2.2657636e-05
28,74,0.0,0.0
28,74,1.0,8.198334e-09
28,74,2.0,8.758497e-06
28,74,3.0,7.078406e-05
28,74,4.0,7.031423e-05
28,74,5.0,6.901364e-05
28,74,6.0,8.185204e-05
28,74,7.0,0.00014277264
28,74,8.0,0.00011182412
28,74,9.0,7.3827534e-05
28,74,10.0,8.4526284e-05
28,74,11.0,0.0001675834
28,74,12.0,0.00017945128
28,74,13.0,0.00010436677
28,74,14.0,5.2850777e-05
28,75,0.0,1.5990105e-07
28,75,1.0,1.1774403e-06
28,75,2.0,0.0
28,75,3.0,0.0
28,75,4.0,1.5720424e-08
28,75,5.0,5.739642e-13
28,75,6.0,1.6534327e-09
28,75,7.0,6.470823e-08
28,75,8.0,6.3772276e-08
28,75,9.0,2.5951728e-08
28,75,10.0,1.264958e-09
28,75,11.0,0.0
28,75,12.0,6.366417e-09
28,75,13.0,1.4066116e-07
28,75,14.0,1.0113984e-06
28,76,0.0,0.0
28,76,1.0,0.0
28,76,2.0,0.0
28,76,3.0,7.411968e-09
28,76,4.0,7.1504076e-08
28,76,5.0,9.2068453e-10
28,76,6.0,1.1179915e-10
28,76,7.0,9.0119876e-08
28,76,8.0,1.204964e-07
28,76,9.0,6.811879e-08
28,76,10.0,4.78991e-08
28,76,11.0,5.5786334e-08
28,76,12.0,2.4629884e-08
28,76,13.0,0.0
28,76,14.0,0.0
28,77,0.0,0.0
28,77,1.0,0.0
28,77,2.0,0.0
28,77,3.0,0.0
28,77,4.0,0.0
28,77,5.0,3.02085e-13
28,77,6.0,9.000961e-09
28,77,7.0,2.634258e-08
28,77,8.0,0.0
28,77,9.0,0.0
28,77,10.0,0.0
28,77,11.0,1.7520325e-07
28,77,12.0,6.9709637e-07
28,77,13.0,3.9417222e-07
28,77,14.0,2.0482598e-07
28,78,0.0,2.1742692e-07
28,78,1.0,0.0
28,78,2.0,1.2213142e-08
28,78,3.0,0.0
28,78,4.0,0.0
28,78,5.0,0.0
28,78,6.0,0.0
28,78,7.0,0.0
28,78,8.0,0.0
28,78,9.0,2.574625e-09
28,78,10.0,1.4563718e-08
28,78,11.0,3.329388e-08
28,78,12.0,2.3627537e-08
28,78,13.0,6.7768284e-09
28,78,14.0,1.6858746e-08
28,79,0.0,0.0
28,79,1.0,0.0
28,79,2.0,0.0
28,79,3.0,0.0
28,79,4.0,0.0
28,79,5.0,1.7700165e-07
28,79,6.0,1.8782222e-06
28,79,7.0,1.3883943e-06
28,79,8.0,7.342034e-07
28,79,9.0,3.9614642e-07
28,79,10.0,1.0730743e-06
28,79,11.0,2.9766866e-06
28,79,12.0,8.8126484e-07
28,79,13.0,4.677767e-09
28,79,14.0,1.9903912e-14
28,80,0.0,0.0
28,80,1.0,0.0
28,80,2.0,6.291047e-10
28,80,3.0,1.968907e-09
28,80,4.0,0.0
28,80,5.0,1.9209012e-10
28,80,6.0,1.4815237e-09
28,80,7.0,2.0413832e-08
28,80,8.0,4.7191232e-08
28,80,9.0,1.6432834e-08
28,80,10.0,1.3848478e-09
28,80,11.0,3.4333406e-12
28,80,12.0,1.3233715e-09
28,80,13.0,4.6097437e-08
28,80,14.0,1.7224207e-07
28,81,0.0,0.0
28,81,1.0,0.0
28,81,2.0,0.0
28,81,3.0,0.0
28,81,4.0,0.0
28,81,5.0,0.0
28,81,6.0,0.0
28,81,7.0,3.5984682e-09
28,81,8.0,9.53916e-09
28,81,9.0,2.7528496e-10
28,81,10.0,9.734265e-09
28,81,11.0,3.0034824e-09
28,81,12.0,0.0
28,81,13.0,0.0
28,81,14.0,0.0
28,82,0.0,0.0
28,82,1.0,0.0
28,82,2.0,0.0
28,82,3.0,1.6806021e-12
28,82,4.0,6.6835135e-08
28,82,5.0,2.757273e-07
28,82,6.0,1.9402169e-08
28,82,7.0,2.1921686e-07
28,82,8.0,6.247959e-07
28,82,9.0,8.9902485e-08
28,82,10.0,0.0
28,82,11.0,0.0
28,82,12.0,0.0
28,82,13.0,1.8178266e-09
28,82,14.0,6.989026e-08
29,66,0.0,1.218361e-07
29,66,1.0,5.0406993e-07
29,66,2.0,1.6234277e-06
29,66,3.0,8.171915e-07
29,66,4.0,1.4539245e-06
29,66,5.0,6.075481e-07
29,66,6.0,5.2043775e-10
29,66,7.0,1.619564e-06
29,66,8.0,1.270403e-06
29,66,9.0,0.0
29,66,10.0,0.0
29,66,11.0,1.3805504e-07
29,66,12.0,2.8480492e-06
29,66,13.0,2.1441604e-06
29,66,14.0,4.40003e-07
29,67,0.0,0.0
29,67,1.0,0.0
29,67,2.0,0.0
29,67,3.0,6.5577257e-07
29,67,4.0,3.4922543e-06
29,67,5.0,2.7640815e-06
29,67,6.0,1.2344393e-07
29,67,7.0,0.0
29,67,8.0,0.0
29,67,9.0,0.0
29,67,10.0,0.0
29,67,11.0,0.0
29,67,12.0,0.0
29,67,13.0,0.0
29,67,14.0,5.0907385e-08
29,68,0.0,2.119e-08
29,68,1.0,0.0
29,68,2.0,3.010306e-08
29,68,3.0,0.0
29,68,4.0,0.0
29,68,5.0,0.0
29,68,6.0,1.9567335e-07
29,68,7.0,9.043372e-10
29,68,8.0,0.0
29,68,9.0,0.0
29,68,10.0,0.0
29,68,11.0,7.8736545e-10
29,68,12.0,2.4342855e-08
29,68,13.0,8.958848e-10
29,68,14.0,5.224078e-09
29,69,0.0,1.5632093e-08
29,69,1.0,7.1037033e-07
29,69,2.0,7.9196417e-07
29,69,3.0,0.0
29,69,4.0,6.215852e-06
29,69,5.0,3.97663e-06
29,69,6.0,2.5664997e-06
29,69,7.0,2.6602563e-06
29,69,8.0,4.063119e-06
29,69,9.0,6.6634857e-06
29,69,10.0,8.728439e-06
29,69,11.0,7.58615e-06
29,69,12.0,1.5589596e-05
29,69,13.0,7.4866657e-06
29,69,14.0,6.777984e-06
29,70,0.0,0.0
29,70,1.0,1.34413325e-08
29,70,2.0,3.103858e-08
29,70,3.0,0.0
29,70,4.0,5.494065e-06
29,70,5.0,1.8291816e-05
29,70,6.0,2.5146957e-05
29,70,7.0,1.3478945e-05
29,70,8.0,1.2237497e-05
29,70,9.0,2.166771e-05
29,70,10.0,6.154888e-05
29,70,11.0,7.1271024e-05
29,70,12.0,7.2573755e-05
29,70,13.0,8.241438e-05
29,70,14.0,9.370805e-05
29,71,0.0,6.0363864e-06
29,71,1.0,5.917554e-06
29,71,2.0,7.4332743e-06
29,71,3.0,9.4696225e-05
29,71,4.0,0.00013927254
29,71,5.0,0.00023464095
29,71,6.0,0.00023010059
29,71,7.0,0.00024290323
29,71,8.0,0.00047680247
29,71,9.0,0.0006418869
29,71,10.0,0.00057223195
29,71,11.0,0.0004939109
29,71,12.0,0.0003697976
29,71,13.0,0.00033199505
29,71,14.0,0.00032135184
29,72,0.0,1.0491079e-05
29,72,1.0,5.9111726e-06
29,72,2.0,3.2529937e-05
29,72,3.0,0.000101181126
29,72,4.0,0.0001284626
29,72,5.0,0.00019317043
29,72,6.0,0.00035453142
29,72,7.0,0.0007858499
29,72,8.0,0.00096730713
29,72,9.0,0.0009212267
29,72,10.0,0.00082598184
29,72,11.0,0.00069354917
29,72,12.0,0.00066828344
29,72,13.0,0.00080210355
29,72,14.0,0.00079055864
29,73,0.0,2.6401742e-06
29,73,1.0,2.0530779e-05
29,73,2.0,7.4878226e-05
29,73,3.0,0.0001575981
29,73,4.0,0.0004479078
29,73,5.0,0.00061067694
29,73,6.0,0.00090285257
29,73,7.0,0.0011016135
29,73,8.0,0.0010407597
29,73,9.0,0.00081864314
29,73,10.0,0.00057270296
29,73,11.0,0.0005069012
29,73,12.0,0.00066209835
29,73,13.0,0.0008506006
29,73,14.0,0.0007517325
29,74,0.0,2.504762e-06
29,74,1.0,1.2616338e-05
29,74,2.0,2.7795419e-05
29,74,3.0,3.2181517e-05
29,74,4.0,0.000119976015
29,74,5.0,0.00022170626
29,74,6.0,0.00020941344
29,74,7.0,0.00021792775
29,74,8.0,0.00021957017
29,74,9.0,0.00024400512
29,74,10.0,0.00028809335
29,74,11.0,0.00042184308
29,74,12.0,0.00069731346
29,74,13.0,0.00086151203
29,74,14.0,0.0006508431
29,75,0.0,3.140868e-05
29,75,1.0,1.743738e-05
29,75,2.0,4.8154347e-05
29,75,3.0,0.00013238074
29,75,4.0,0.00022808633
29,75,5.0,0.00022394971
29,75,6.0,0.0002318671
29,75,7.0,0.00020868298
29,75,8.0,0.00023948724
29,75,9.0,0.00028403904
29,75,10.0,0.00029586477
29,75,11.0,0.00039309505
29,75,12.0,0.00061464263
29,75,13.0,0.0006898775
29,75,14.0,0.00037474599
29,76,0.0,3.599436e-06
29,76,1.0,6.7682918e-06
29,76,2.0,6.2415485e-05
29,76,3.0,1.2018221e-05
29,76,4.0,3.1711963e-05
29,76,5.0,0.00014019442
29,76,6.0,0.00023013249
29,76,7.0,0.00024091781
29,76,8.0,0.00022357723
29,76,9.0,0.00023356546
29,76,10.0,0.0002737565
29,76,11.0,0.00032066257
29,76,12.0,0.0002814287
29,76,13.0,0.00026116802
29,76,14.0,0.00015196009
29,77,0.0,7.3889973e-06
29,77,1.0,8.204222e-05
29,77,2.0,2.6572881e-05
29,77,3.0,6.629845e-05
29,77,4.0,0.00021515647
29,77,5.0,0.0002743554
29,77,6.0,0.00027122852
29,77,7.0,0.00031632243
29,77,8.0,0.00030331535
29,77,9.0,0.00025404393
29,77,10.0,0.00022126127
29,77,11.0,0.00024370542
29,77,12.0,0.00025702707
29,77,13.0,0.00025383628
29,77,14.0,0.00016981825
29,78,0.0,9.345935e-07
29,78,1.0,5.502334e-06
29,78,2.0,1.9512713e-06
29,78,3.0,1.7589029e-05
29,78,4.0,4.297629e-05
29,78,5.0,4.252546e-05
29,78,6.0,4.5501536e-05
29,78,7.0,8.884569e-05
29,78,8.0,9.365957e-05
29,78,9.0,9.4801755e-05
29,78,10.0,8.738422e-05
29,78,11.0,7.509144e-05
29,78,12.0,0.00016771366
29,78,13.0,0.00021736875
29,78,14.0,6.777528e-05
29,79,0.0,2.241546e-06
29,79,1.0,5.3170406e-06
29,79,2.0,2.2399865e-05
29,79,3.0,2.0338295e-05
29,79,4.0,4.1257033e-05
29,79,5.0,3.8729788e-05
29,79,6.0,1.3160102e-05
29,79,7.0,2.8676217e-05
29,79,8.0,2.915085e-05
29,79,9.0,2.276808e-05
29,79,10.0,6.0314684e-05
29,79,11.0,9.0038426e-05
29,79,12.0,0.00017563331
29,79,13.0,0.00017439283
29,79,14.0,6.2337975e-05
29,80,0.0,2.2010145e-06
29,80,1.0,4.8897846e-07
29,80,2.0,1.0590555e-06
29,80,3.0,4.051823e-06
29,80,4.0,7.0476494e-06
29,80,5.0,9.85743e-06
29,80,6.0,1.2236029e-06
29,80,7.0,9.89873e-08
29,80,8.0,7.415055e-08
29,80,9.0,1.1741332e-12
29,80,10.0,2.2383468e-08
29,80,11.0,3.9872953e-06
29,80,12.0,3.388763e-06
29,80,13.0,2.767108e-06
29,80,14.0,1.3052824e-07
29,81,0.0,0.0
29,81,1.0,0.0
29,81,2.0,2.717274e-08
29,81,3.0,1.2328232e-07
29,81,4.0,2.9912387e-06
29,81,5.0,3.057306e-06
29,81,6.0,3.9713536e-06
29,81,7.0,0.0
29,81,8.0,2.6818478e-11
29,81,9.0,2.2408918e-07
29,81,10.0,2.9512395e-07
29,81,11.0,2.4670373e-07
29,81,12.0,2.7259782e-07
29,81,13.0,1.4455027e-07
29,81,14.0,2.2048935e-07
29,82,0.0,3.0672817e-07
29,82,1.0,2.4960636e-06
29,82,2.0,0.0
29,82,3.0,3.8755527e-07
29,82,4.0,8.8521006e-08
29,82,5.0,4.487615e-07
29,82,6.0,3.140867e-09
29,82,7.0,6.205833e-08
29,82,8.0,1.8791751e-06
29,82,9.0,5.1181028e-06
29,82,10.0,1.2602881e-06
29,82,11.0,1.7155524e-07
29,82,12.0,9.4564575e-07
29,82,13.0,3.251418e-06
29,82,14.0,1.2954058e-06
29,83,0.0,0.0
29,83,1.0,1.9356155e-06
29,83,2.0,4.5818056e-06
29,83,3.0,1.2926973e-05
29,83,4.0,1.5846637e-05
29,83,5.0,4.7444864e-06
29,83,6.0,3.328437e-06
29,83,7.0,3.6022461e-06
29,83,8.0,2.3160902e-07
29,83,9.0,1.164566e-09
29,83,10.0,6.096614e-07
29,83,11.0,2.6057912e-06
29,83,12.0,2.4196595e-06
29,83,13.0,2.257074e-06
29,83,14.0,6.016218e-07
29,84,0.0,5.152762e-06
29,84,1.0,8.1479175e-07
29,84,2.0,4.759329e-06
29,84,3.0,3.2867456e-06
29,84,4.0,1.490401e-06
29,84,5.0,2.9689255e-07
29,84,6.0,1.1118512e-08
29,84,7.0,5.4258265e-07
29,84,8.0,1.12283395e-07
29,84,9.0,0.0
29,84,10.0,4.6330934e-10
29,84,11.0,7.2857665e-07
29,84,12.0,2.291654e-06
29,84,13.0,7.739542e-07
29,84,14.0,4.0012296e-07
30,66,0.0,3.3493873e-08
30,66,1.0,6.36887e-07
30,66,2.0,5.5006325e-07
30,66,3.0,0.0
30,66,4.0,1.5741088e-09
30,66,5.0,8.415045e-07
30,66,6.0,4.8879673e-07
30,66,7.0,7.229433e-07
30,66,8.0,4.084028e-10
30,66,9.0,0.0
30,66,10.0,0.0
30,66,11.0,1.2813e-07
30,66,12.0,0.0
30,66,13.0,0.0
30,66,14.0,2.1690946e-07
30,67,0.0,0.0
30,67,1.0,1.3966515e-07
30,67,2.0,1.176867e-08
30,67,3.0,0.0
30,67,4.0,3.4963001e-09
30,67,5.0,3.119477e-08
30,67,6.0,1.7154503e-07
30,67,7.0,3.035417e-07
30,67,8.0,3.521681e-07
30,67,9.0,4.6800674e-06
30,67,10.0,2.8855827e-06
30,67,11.0,1.216156e-06
30,67,12.0,2.5280405e-08
30,67,13.0,5.6074305e-09
30,67,14.0,4.308094e-08
30,68,0.0,3.423417e-06
30,68,1.0,8.3385424e-07
30,68,2.0,4.9544216e-08
30,68,3.0,0.0
30,68,4.0,3.715316e-09
30,68,5.0,4.4837205e-09
30,68,6.0,0.0
30,68,7.0,7.381895e-07
30,68,8.0,1.2179069e-06
30,68,9.0,9.048541e-07
30,68,10.0,5.3740013e-08
30,68,11.0,4.468642e-08
30,68,12.0,4.5114797e-12
30,68,13.0,5.6007906e-08
30,68,14.0,2.4832792e-07
30,69,0.0,3.3215567e-08
30,69,1.0,4.883946e-07
30,69,2.0,2.4395894e-07
30,69,3.0,3.9165644e-09
30,69,4.0,1.9841596e-06
30,69,5.0,6.398637e-07
30,69,6.0,1.0832196e-06
30,69,7.0,7.3204825e-07
30,69,8.0,7.4194236e-07
30,69,9.0,1.2919936e-06
30,69,10.0,3.1479433e-07
30,69,11.0,9.604589e-07
30,69,12.0,1.1166846e-06
30,69,13.0,4.3251637e-07
30,69,14.0,1.1537295e-06
30,70,0.0,0.0
30,70,1.0,0.0
30,70,2.0,0.0
30,70,3.0,0.0
30,70,4.0,0.0
30,70,5.0,0.0
30,70,6.0,1.8341284e-10
30,70,7.0,0.0
30,70,8.0,5.859545e-07
30,70,9.0,8.004848e-13
30,70,10.0,4.4104584e-07
30,70,11.0,1.2314821e-10
30,70,12.0,6.6823225e-07
30,70,13.0,2.7343463e-06
30,70,14.0,1.0146279e-06
30,71,0.0,1.0320238e-09
30,71,1.0,2.2836277e-06
30,71,2.0,5.8309064e-07
30,71,3.0,7.1126096e-06
30,71,4.0,2.6661678e-06
30,71,5.0,1.6002737e-06
30,71,6.0,2.6821215e-06
30,71,7.0,3.945412e-08
30,71,8.0,6.476612e-08
30,71,9.0,1.0886511e-06
30,71,10.0,3.6760989e-07
30,71,11.0,1.5219405e-05
30,71,12.0,0.00014813984
30,71,13.0,0.0001856258
30,71,14.0,3.7281712e-05
30,72,0.0,3.1212778e-07
30,72,1.0,6.846905e-06
30,72,2.0,3.7184625e-05
30,72,3.0,1.4355002e-05
30,72,4.0,7.530652e-05
30,72,5.0,0.00021600883
30,72,6.0,0.00010724801
30,72,7.0,2.4009541e-05
30,72,8.0,0.00015106714
30,72,9.0,0.00033608227
30,72,10.0,0.00018353973
30,72,11.0,0.00017750103
30,72,12.0,0.00020002708
30,72,13.0,0.00014761943
30,72,14.0,0.0001326711
30,73,0.0,1.4256816e-05
30,73,1.0,1.1682894e-05
30,73,2.0,0.00017996159
30,73,3.0,0.00036907702
30,73,4.0,0.0009044976
30,73,5.0,0.0012835211
30,73,6.0,0.000980023
30,73,7.0,0.00092311925
30,73,8.0,0.0010963525
30,73,9.0,0.0022536274
30,73,10.0,0.0012434813
30,73,11.0,0.0009803688
30,73,12.0,0.0013583002
30,73,13.0,0.0012646666
30,73,14.0,0.00087379664
30,74,0.0,0.000115914874
30,74,1.0,0.0005026983
30,74,2.0,0.0005109664
30,74,3.0,0.0011808054
30,74,4.0,0.0018084587
30,74,5.0,0.0026713475
30,74,6.0,0.0030099899
30,74,7.0,0.0032210415
30,74,8.0,0.0032471814
30,74,9.0,0.0030236826
30,74,10.0,0.0034390902
30,74,11.0,0.0031386416
30,74,12.0,0.002661337
30,74,13.0,0.0024241891
30,74,14.0,0.0021497626
30,75,0.0,0.0001037579
30,75,1.0,0.0006522942
30,75,2.0,0.0016806744
30,75,3.0,0.0030121168
30,75,4.0,0.0048557376
30,75,5.0,0.004115235
30,75,6.0,0.0044734827
30,75,7.0,0.0052831443
30,75,8.0,0.0051501496
30,75,9.0,0.0040681628
30,75,10.0,0.0037900961
30,75,11.0,0.004050879
30,75,12.0,0.0041994057
30,75,13.0,0.004117946
30,75,14.0,0.0029248348
30,76,0.0,0.00074996724
30,76,1.0,0.003239172
30,76,2.0,0.00405776
30,76,3.0,0.00706983
30,76,4.0,0.009655323
30,76,5.0,0.009407573
30,76,6.0,0.007984576
30,76,7.0,0.0066514774
30,76,8.0,0.0054646893
30,76,9.0,0.0051826774
30,76,10.0,0.005513255
30,76,11.0,0.0051946887
30,76,12.0,0.0050923796
30,76,13.0,0.004679202
30,76,14.0,0.0040887697
30,77,0.0,0.0006278234
30,77,1.0,0.0012778331
30,77,2.0,0.0031039543
30,77,3.0,0.0055774376
30,77,4.0,0.009291872
30,77,5.0,0.010194964
30,77,6.0,0.010505931
30,77,7.0,0.010260424
30,77,8.0,0.009185337
30,77,9.0,0.007617445
30,77,10.0,0.006897517
30,77,11.0,0.007290922
30,77,12.0,0.0053681554
30,77,13.0,0.004473679
30,77,14.0,0.004296544
30,78,0.0,0.0018768429
30,78,1.0,0.0031359266
30,78,2.0,0.0068696598
30,78,3.0,0.008374775
30,78,4.0,0.013861156
30,78,5.0,0.011929237
30,78,6.0,0.011792912
30,78,7.0,0.011212492
30,78,8.0,0.010598773
30,78,9.0,0.009467731
30,78,10.0,0.008268164
30,78,11.0,0.007161301
30,78,12.0,0.008208915
30,78,13.0,0.0073874746
30,78,14.0,0.005014327
30,79,0.0,0.00061517284
30,79,1.0,0.0008877269
30,79,2.0,0.0023072497
30,79,3.0,0.0036419868
30,79,4.0,0.005089108
30,79,5.0,0.0063230097
30,79,6.0,0.005482853
30,79,7.0,0.0049597574
30,79,8.0,0.0051938063
30,79,9.0,0.0050390484
30,79,10.0,0.0044936365
30,79,11.0,0.005265107
30,79,12.0,0.0052731633
30,79,13.0,0.0046468196
30,79,14.0,0.0036596016
30,80,0.0,2.4884324e-05
30,80,1.0,0.00028214327
30,80,2.0,0.00039020326
30,80,3.0,0.00076101185
30,80,4.0,0.00083867286
30,80,5.0,0.00068043463
30,80,6.0,0.00076706574
30,80,7.0,0.0008930082
30,80,8.0,0.0008336925
30,80,9.0,0.00080589263
30,80,10.0,0.0003155188
30,80,11.0,0.00028817164
30,80,12.0,0.00046048118
30,80,13.0,0.00039728777
30,80,14.0,0.00029001583
30,81,0.0,3.4096647e-06
30,81,1.0,8.58572e-06
30,81,2.0,1.9314746e-05
30,81,3.0,2.4984634e-05
30,81,4.0,5.546494e-05
30,81,5.0,7.096716e-05
30,81,6.0,6.820717e-05
30,81,7.0,5.935144e-05
30,81,8.0,5.7375626e-05
30,81,9.0,6.365754e-05
30,81,10.0,9.57899e-05
30,81,11.0,5.9358794e-05
30,81,12.0,8.261797e-05
30,81,13.0,8.294139e-05
30,81,14.0,0.0001374535
30,82,0.0,0.0
30,82,1.0,1.6326857e-07
30,82,2.0,1.8680382e-08
30,82,3.0,0.0
30,82,4.0,0.0
30,82,5.0,0.0
30,82,6.0,3.5433473e-08
30,82,7.0,6.774781e-08
30,82,8.0,1.6768466e-09
30,82,9.0,0.0
30,82,10.0,0.0
30,82,11.0,0.0
30,82,12.0,1.0801596e-06
30,82,13.0,1.2727337e-07
30,82,14.0,0.0
30,83,0.0,3.3074193e-07
30,83,1.0,1.8504131e-06
30,83,2.0,0.0
30,83,3.0,4.7277442e-07
30,83,4.0,1.5028355e-07
30,83,5.0,0.0
30,83,6.0,0.0
30,83,7.0,0.0
30,83,8.0,0.0
30,83,9.0,2.9620665e-07
30,83,10.0,1.251946e-06
30,83,11.0,2.1816827e-06
30,83,12.0,3.5587245e-06
30,83,13.0,2.9903717e-07
30,83,14.0,2.4248381e-08
30,84,0.0,0.0
30,84,1.0,0.0
30,84,2.0,6.407465e-09
30,84,3.0,0.0
30,84,4.0,0.0
30,84,5.0,0.0
30,84,6.0,0.0
30,84,7.0,6.7505e-10
30,84,8.0,4.34597e-09
30,84,9.0,7.951481e-09
30,84,10.0,1.1536767e-09
30,84,11.0,0.0
30,84,12.0,5.499753e-09
30,84,13.0,8.643931e-08
30,84,14.0,3.662272e-07
30,85,0.0,2.0129869e-09
30,85,1.0,6.778516e-07
30,85,2.0,0.0
30,85,3.0,0.0
30,85,4.0,0.0
30,85,5.0,0.0
30,85,6.0,0.0
30,85,7.0,0.0
30,85,8.0,0.0
30,85,9.0,0.0
30,85,10.0,2.3274366e-08
30,85,11.0,3.2493816e-13
30,85,12.0,0.0
30,85,13.0,0.0
30,85,14.0,0.0
30,86,0.0,0.0
30,86,1.0,5.556943e-08
30,86,2.0,4.848275e-09
30,86,3.0,1.4132497e-06
30,86,4.0,7.005463e-07
30,86,5.0,1.9535545e-08
30,86,6.0,1.2271507e-08
30,86,7.0,7.5967455e-09
30,86,8.0,5.4286597e-09
30,86,9.0,0.0
30,86,10.0,0.0
30,86,11.0,3.029531e-07
30,86,12.0,1.2444212e-06
30,86,13.0,1.5767948e-06
30,86,14.0,1.3286602e-06
31,67,0.0,0.0
31,67,1.0,8.1758834e-08
31,67,2.0,0.0
31,67,3.0,7.3081715e-08
31,67,4.0,4.0458104e-08
31,67,5.0,0.0
31,67,6.0,0.0
31,67,7.0,0.0
31,67,8.0,0.0
31,67,9.0,1.844346e-08
31,67,10.0,1.0269944e-07
31,67,11.0,1.5520345e-07
31,67,12.0,3.400175e-07
31,67,13.0,1.1347321e-07
31,67,14.0,0.0
31,68,0.0,0.0
31,68,1.0,6.294607e-10
31,68,2.0,1.8101261e-07
31,68,3.0,1.6666597e-07
31,68,4.0,0.0
31,68,5.0,1.2304369e-08
31,68,6.0,1.8394668e-07
31,68,7.0,0.0
31,68,8.0,0.0
31,68,9.0,0.0
31,68,10.0,0.0
31,68,11.0,0.0
31,68,12.0,0.0
31,68,13.0,0.0
31,68,14.0,2.6905061e-08
31,69,0.0,1.15699834e-07
31,69,1.0,0.0
31,69,2.0,0.0
31,69,3.0,0.0
31,69,4.0,0.0
31,69,5.0,4.05659e-07
31,69,6.0,2.7955366e-07
31,69,7.0,7.0701947e-07
31,69,8.0,1.721346e-08
31,69,9.0,0.0
31,69,10.0,7.854316e-09
31,69,11.0,4.2104308e-08
31,69,12.0,0.0
31,69,13.0,0.0
31,69,14.0,0.0
31,70,0.0,0.0
31,70,1.0,2.2406587e-07
31,70,2.0,3.0253932e-06
31,70,3.0,2.608519e-06
31,70,4.0,1.6024724e-07
31,70,5.0,1.2683564e-06
31,70,6.0,1.8979819e-06
31,70,7.0,3.2517968e-07
31,70,8.0,8.4575163e-07
31,70,9.0,8.4726423e-07
31,70,10.0,8.301921e-07
31,70,11.0,4.7381125e-08
31,70,12.0,1.7001724e-08
31,70,13.0,1.7745595e-07
31,70,14.0,8.166205e-07
31,71,0.0,9.5298554e-07
31,71,1.0,3.870945e-06
31,71,2.0,3.8129585e-07
31,71,3.0,3.7925025e-07
31,71,4.0,2.045806e-09
31,71,5.0,5.3323547e-06
31,71,6.0,1.7576808e-06
31,71,7.0,9.3944024e-08
31,71,8.0,2.4276579e-08
31,71,9.0,5.638665e-07
31,71,10.0,4.048417e-06
31,71,11.0,2.5067193e-06
31,71,12.0,2.2751092e-07
31,71,13.0,1.9773904e-07
31,71,14.0,1.1668415e-06
31,72,0.0,3.011406e-08
31,72,1.0,5.862243e-08
31,72,2.0,2.3299741e-07
31,72,3.0,0.0
31,72,4.0,0.0
31,72,5.0,0.0
31,72,6.0,0.0
31,72,7.0,0.0
31,72,8.0,0.0
31,72,9.0,0.0
31,72,10.0,0.0
31,72,11.0,0.0
31,72,12.0,6.1696293e-09
31,72,13.0,1.0980357e-08
31,72,14.0,1.9392871e-08
31,73,0.0,5.148801e-07
31,73,1.0,0.0
31,73,2.0,0.0
31,73,3.0,7.4410374e-14
31,73,4.0,5.5335745e-06
31,73,5.0,2.4806353e-05
31,73,6.0,5.7705325e-05
31,73,7.0,5.515213e-05
31,73,8.0,5.1654304e-05
31,73,9.0,5.187447e-05
31,73,10.0,5.4302338e-05
31,73,11.0,6.336575e-05
31,73,12.0,7.330396e-05
31,73,13.0,5.1566538e-05
31,73,14.0,1.6849668e-05
31,74,0.0,4.0488274e-07
31,74,1.0,8.850142e-09
31,74,2.0,9.133862e-08
31,74,3.0,1.2020636e-05
31,74,4.0,4.12638e-05
31,74,5.0,4.633707e-05
31,74,6.0,0.00010077195
31,74,7.0,0.00016914535
31,74,8.0,0.00020770976
31,74,9.0,0.00022584485
31,74,10.0,0.00018819906
31,74,11.0,0.00012634834
31,74,12.0,7.669757e-05
31,74,13.0,6.751321e-05
31,74,14.0,6.737748e-05
31,75,0.0,1.4691498e-05
31,75,1.0,0.00016287586
31,75,2.0,0.00036205066
31,75,3.0,0.0010123929
31,75,4.0,0.0015548557
31,75,5.0,0.0015827505
31,75,6.0,0.0020503781
31,75,7.0,0.0021078133
31,75,8.0,0.0019224811
31,75,9.0,0.0015295114
31,75,10.0,0.0013495883
31,75,11.0,0.0014441176
31,75,12.0,0.0015947396
31,75,13.0,0.0017021248
31,75,14.0,0.0016238765
31,76,0.0,0.00025856678
31,76,1.0,0.0007211936
31,76,2.0,0.0013923679
31,76,3.0,0.002889454
31,76,4.0,0.003889818
31,76,5.0,0.0040080543
31,76,6.0,0.004163012
31,76,7.0,0.0038589353
31,76,8.0,0.0037569222
31,76,9.0,0.0036629008
31,76,10.0,0.0031179183
31,76,11.0,0.0026466455
31,76,12.0,0.0029929695
31,76,13.0,0.003478248
31,76,14.0,0.0034453152
31,77,0.0,0.0009882934
31,77,1.0,0.002142091
31,77,2.0,0.0049602943
31,77,3.0,0.007654562
31,77,4.0,0.0111902105
31,77,5.0,0.011603206
31,77,6.0,0.012727932
31,77,7.0,0.010912708
31,77,8.0,0.009003046
31,77,9.0,0.008446461
31,77,10.0,0.0076921745
31,77,11.0,0.0072797164
31,77,12.0,0.007657669
31,77,13.0,0.008338356
31,77,14.0,0.007629693
31,78,0.0,0.0013385236
31,78,1.0,0.0033444134
31,78,2.0,0.0062871273
31,78,3.0,0.010124133
31,78,4.0,0.0126282945
31,78,5.0,0.015992012
31,78,6.0,0.015969304
31,78,7.0,0.015350427
31,78,8.0,0.01457553
31,78,9.0,0.013578782
31,78,10.0,0.012709817
31,78,11.0,0.011998066
31,78,12.0,0.013376863
31,78,13.0,0.013311887
31,78,14.0,0.010817336
31,79,0.0,0.003125958
31,79,1.0,0.00744004
31,79,2.0,0.014346002
31,79,3.0,0.022610305
31,79,4.0,0.030607097
31,79,5.0,0.035115793
31,79,6.0,0.03463916
31,79,7.0,0.02969964
31,79,8.0,0.024300724
31,79,9.0,0.022226384
31,79,10.0,0.02202552
31,79,11.0,0.022755407
31,79,12.0,0.02250129
31,79,13.0,0.019598616
31,79,14.0,0.017530367
31,80,0.0,0.0021839864
31,80,1.0,0.004490823
31,80,2.0,0.010922264
31,80,3.0,0.015448439
31,80,4.0,0.022043163
31,80,5.0,0.024138309
31,80,6.0,0.022153957
31,80,7.0,0.019800663
31,80,8.0,0.018342648
31,80,9.0,0.017033707
31,80,10.0,0.01619775
31,80,11.0,0.015717618
31,80,12.0,0.016655738
31,80,13.0,0.014159391
31,80,14.0,0.010633379
31,81,0.0,0.0014286423
31,81,1.0,0.003533017
31,81,2.0,0.005394355
31,81,3.0,0.007820515
31,81,4.0,0.009419107
31,81,5.0,0.01151194
31,81,6.0,0.012627451
31,81,7.0,0.011150549
31,81,8.0,0.010891643
31,81,9.0,0.009641836
31,81,10.0,0.008529768
31,81,11.0,0.006308677
31,81,12.0,0.006020642
31,81,13.0,0.006507119
31,81,14.0,0.004094182
31,82,0.0,0.00039862376
31,82,1.0,0.0006441912
31,82,2.0,0.00089514017
31,82,3.0,0.0011219312
31,82,4.0,0.00095532724
31,82,5.0,0.0014538177
31,82,6.0,0.0017707672
31,82,7.0,0.0016421103
31,82,8.0,0.0014162771
31,82,9.0,0.0014053759
31,82,10.0,0.0013822971
31,82,11.0,0.0011284811
31,82,12.0,0.0009872352
31,82,13.0,0.0011753703
31,82,14.0,0.0012086418
31,83,0.0,9.6210635e-05
31,83,1.0,0.00011143333
31,83,2.0,6.656439e-05
31,83,3.0,4.986352e-05
31,83,4.0,3.5478322e-05
31,83,5.0,3.5193123e-05
31,83,6.0,0.000109691224
31,83,7.0,0.00019592304
31,83,8.0,0.00020016085
31,83,9.0,0.00022099742
31,83,10.0,0.00020608227
31,83,11.0,0.00041520625
31,83,12.0,0.00036392154
31,83,13.0,0.0004064178
31,83,14.0,0.00029861557
31,84,0.0,1.3167996e-06
31,84,1.0,4.594091e-06
31,84,2.0,6.5594676e-08
31,84,3.0,1.3844382e-07
31,84,4.0,3.2074986e-06
31,84,5.0,8.273053e-06
31,84,6.0,7.3326546e-06
31,84,7.0,8.48584e-06
31,84,8.0,1.8589975e-05
31,84,9.0,1.8092445e-05
31,84,10.0,5.7847064e-06
31,84,11.0,1.3954847e-06
31,84,12.0,1.3017336e-05
31,84,13.0,7.774386e-06
31,84,14.0,5.252224e-07
31,85,0.0,1.7429506e-06
31,85,1.0,1.0063419e-08
31,85,2.0,0.0
31,85,3.0,8.0464037e-07
31,85,4.0,5.683543e-07
31,85,5.0,2.5537935e-07
31,85,6.0,1.8688267e-07
31,85,7.0,1.3906744e-06
31,85,8.0,6.419162e-06
31,85,9.0,3.8741755e-06
31,85,10.0,2.0011205e-06
31,85,11.0,3.6358576e-06
31,85,12.0,2.141082e-06
31,85,13.0,2.904624e-07
31,85,14.0,3.990674e-07
31,86,0.0,0.0
31,86,1.0,1.1706365e-08
31,86,2.0,7.758767e-08
31,86,3.0,0.0
31,86,4.0,4.947083e-09
31,86,5.0,1.0706548e-06
31,86,6.0,1.6627855e-06
31,86,7.0,2.081107e-06
31,86,8.0,1.9948925e-06
31,86,9.0,1.0583908e-06
31,86,10.0,8.034694e-12
31,86,11.0,0.0
31,86,12.0,0.0
31,86,13.0,5.7510427e-08
31,86,14.0,3.5531375e-08
31,87,0.0,2.1424357e-07
31,87,1.0,5.757489e-07
31,87,2.0,2.0401785e-05
31,87,3.0,1.682721e-05
31,87,4.0,7.05135e-06
31,87,5.0,4.8624365e-06
31,87,6.0,2.2387214e-06
31,87,7.0,5.0472266e-07
31,87,8.0,1.4365256e-07
31,87,9.0,3.8037285e-08
31,87,10.0,0.0
31,87,11.0,0.0
31,87,12.0,0.0
31,87,13.0,1.2703971e-08
31,87,14.0,2.514867e-07
31,88,0.0,0.0
31,88,1.0,8.912248e-07
31,88,2.0,2.0404245e-06
31,88,3.0,1.0780533e-06
31,88,4.0,3.7457428e-07
31,88,5.0,9.574858e-07
31,88,6.0,1.3686666e-06
31,88,7.0,2.1191547e-06
31,88,8.0,3.6446277e-06
31,88,9.0,4.378848e-06
31,88,10.0,1.8811627e-06
31,88,11.0,1.77341e-07
31,88,12.0,5.8313443e-08
31,88,13.0,1.8092703e-07
31,88,14.0,2.288453e-07
31,89,0.0,1.8842994e-07
31,89,1.0,1.3046132e-06
31,89,2.0,6.2485117e-07
31,89,3.0,6.744851e-07
31,89,4.0,2.1136095e-06
31,89,5.0,7.4375002e-06
31,89,6.0,1.0195643e-05
31,89,7.0,8.396867e-06
31,89,8.0,4.4954086e-06
31,89,9.0,3.0018107e-06
31,89,10.0,6.824679e-07
31,89,11.0,1.4940643e-07
31,89,12.0,1.4483089e-06
31,89,13.0,3.1347786e-06
31,89,14.0,2.8803024e-06
32,69,0.0,1.2122129e-06
32,69,1.0,0.0
32,69,2.0,2.7873004e-06
32,69,3.0,1.3014746e-06
32,69,4.0,7.9871427e-07
32,69,5.0,1.1339572e-07
32,69,6.0,0.0
32,69,7.0,0.0
32,69,8.0,1.8109617e-09
32,69,9.0,2.0043542e-08
32,69,10.0,1.9295936e-08
32,69,11.0,0.0
32,69,12.0,0.0
32,69,13.0,0.0
32,69,14.0,0.0
32,70,0.0,2.4186704e-09
32,70,1.0,0.0
32,70,2.0,0.0
32,70,3.0,6.3393685e-08
32,70,4.0,0.0
32,70,5.0,3.355225e-08
32,70,6.0,5.296036e-08
32,70,7.0,3.8318667e-08
32,70,8.0,0.0
32,70,9.0,6.063064e-07
32,70,10.0,9.935164e-07
32,70,11.0,2.737565e-07
32,70,12.0,0.0
32,70,13.0,0.0
32,70,14.0,0.0
32,71,0.0,0.0
32,71,1.0,0.0
32,71,2.0,0.0
32,71,3.0,3.9232842e-07
32,71,4.0,3.8543018e-07
32,71,5.0,4.2651314e-07
32,71,6.0,2.2038037e-06
32,71,7.0,1.6975923e-07
32,71,8.0,9.456638e-08
32,71,9.0,8.35681e-08
32,71,10.0,1.2283947e-07
32,71,11.0,0.0
32,71,12.0,0.0
32,71,13.0,0.0
32,71,14.0,0.0
32,72,0.0,2.633785e-07
32,72,1.0,7.6308126e-10
32,72,2.0,1.8886227e-07
32,72,3.0,1.1910716e-07
32,72,4.0,3.0361454e-07
32,72,5.0,1.0436181e-06
32,72,6.0,4.31269e-06
32,72,7.0,1.6517844e-06
32,72,8.0,1.7802433e-06
32,72,9.0,1.6432391e-06
32,72,10.0,0.0
32,72,11.0,1.5808767e-07
32,72,12.0,2.6574655e-08
32,72,13.0,0.0
32,72,14.0,9.1611525e-08
32,73,0.0,4.4350747e-07
32,73,1.0,2.1047114e-07
32,73,2.0,1.0819498e-06
32,73,3.0,0.0
32,73,4.0,1.211727e-06
32,73,5.0,1.4980241e-06
32,73,6.0,2.3913128e-07
32,73,7.0,4.2483492e-07
32,73,8.0,5.700525e-07
32,73,9.0,1.51782e-06
32,73,10.0,4.6053565e-06
32,73,11.0,1.6627519e-06
32,73,12.0,4.5020056e-07
32,73,13.0,8.374719e-07
32,73,14.0,1.5210172e-06
32,74,0.0,7.555955e-08
32,74,1.0,1.8538394e-08
32,74,2.0,1.281381e-08
32,74,3.0,4.5723445e-07
32,74,4.0,1.8726578e-07
32,74,5.0,1.0198769e-06
32,74,6.0,0.0
32,74,7.0,1.0292241e-07
32,74,8.0,8.9585023e-07
32,74,9.0,8.2855945e-07
32,74,10.0,1.1179059e-06
32,74,11.0,3.3135854e-07
32,74,12.0,0.0
32,74,13.0,0.0
32,74,14.0,0.0
32,75,0.0,1.5162071e-06
32,75,1.0,0.0
32,75,2.0,2.7980903e-08
32,75,3.0,7.691654e-07
32,75,4.0,1.0673167e-05
32,75,5.0,1.52165585e-05
32,75,6.0,3.979644e-05
32,75,7.0,6.687658e-05
32,75,8.0,5.3673288e-05
32,75,9.0,3.4788492e-05
32,75,10.0,3.062689e-05
32,75,11.0,5.007539e-05
32,75,12.0,4.6046393e-05
32,75,13.0,2.0784226e-05
32,75,14.0,1.9176097e-05
32,76,0.0,8.2477745e-06
32,76,1.0,7.4072627e-06
32,76,2.0,1.9433995e-05
32,76,3.0,4.078107e-05
32,76,4.0,4.1058913e-05
32,76,5.0,4.1927775e-05
32,76,6.0,2.3242932e-05
32,76,7.0,2.4475508e-05
32,76,8.0,4.618257e-05
32,76,9.0,0.0001478538
32,76,10.0,0.00012644622
32,76,11.0,0.00016838443
32,76,12.0,0.0004453272
32,76,13.0,0.00034941742
32,76,14.0,0.0003579096
32,77,0.0,0.00012161854
32,77,1.0,0.0001866528
32,77,2.0,0.00047474419
32,77,3.0,0.0005369825
32,77,4.0,0.00074029254
32,77,5.0,0.0011158397
32,77,6.0,0.001079305
32,77,7.0,0.0010642493
32,77,8.0,0.0008687454
32,77,9.0,0.0010263403
32,77,10.0,0.0012242263
32,77,11.0,0.0017258786
32,77,12.0,0.0015041496
32,77,13.0,0.001415513
32,77,14.0,0.0015860433
32,78,0.0,0.0008915084
32,78,1.0,0.0014214163
32,78,2.0,0.0017006892
32,78,3.0,0.0021158166
32,78,4.0,0.0037385456
32,78,5.0,0.0034422877
32,78,6.0,0.0038463408
32,78,7.0,0.0038543672
32,78,8.0,0.0031284988
32,78,9.0,0.0024206294
32,78,10.0,0.0035656057
32,78,11.0,0.0038381754
32,78,12.0,0.0040704072
32,78,13.0,0.004175125
32,78,14.0,0.0036896279
32,79,0.0,0.0026123791
32,79,1.0,0.0074797072
32,79,2.0,0.011117614
32,79,3.0,0.016244467
32,79,4.0,0.01898712
32,79,5.0,0.01850858
32,79,6.0,0.015707
32,79,7.0,0.012973129
32,79,8.0,0.013864311
32,79,9.0,0.01616809
32,79,10.0,0.017189622
32,79,11.0,0.018707307
32,79,12.0,0.016645638
32,79,13.0,0.015750626
32,79,14.0,0.014755282
32,80,0.0,0.009977649
32,80,1.0,0.01919442
32,80,2.0,0.030956859
32,80,3.0,0.036983415
32,80,4.0,0.040285315
32,80,5.0,0.046964128
32,80,6.0,0.045025244
32,80,7.0,0.039242484
32,80,8.0,0.034394976
32,80,9.0,0.032760046
32,80,10.0,0.03541635
32,80,11.0,0.04158684
32,80,12.0,0.040411204
32,80,13.0,0.036556296
32,80,14.0,0.030067319
32,81,0.0,0.019306496
32,81,1.0,0.025021262
32,81,2.0,0.035468783
32,81,3.0,0.04455287
32,81,4.0,0.04793522
32,81,5.0,0.049884267
32,81,6.0,0.045145903
32,81,7.0,0.041497752
32,81,8.0,0.041169535
32,81,9.0,0.037480384
32,81,10.0,0.039516404
32,81,11.0,0.03724309
32,81,12.0,0.034500927
32,81,13.0,0.030401867
32,81,14.0,0.026727192
32,82,0.0,0.017113216
32,82,1.0,0.025794247
32,82,2.0,0.031923454
32,82,3.0,0.042352237
32,82,4.0,0.049935196
32,82,5.0,0.04906832
32,82,6.0,0.04354302
32,82,7.0,0.036145687
32,82,8.0,0.0317083
32,82,9.0,0.03081946
32,82,10.0,0.03097066
32,82,11.0,0.033387993
32,82,12.0,0.03360988
32,82,13.0,0.0315057
32,82,14.0,0.02612277
32,83,0.0,0.007038295
32,83,1.0,0.009949875
32,83,2.0,0.009875926
32,83,3.0,0.012412738
32,83,4.0,0.015200826
32,83,5.0,0.015343528
32,83,6.0,0.014236459
32,83,7.0,0.01382598
32,83,8.0,0.01284823
32,83,9.0,0.012069992
32,83,10.0,0.012641418
32,83,11.0,0.010594959
32,83,12.0,0.009730744
32,83,13.0,0.009795634
32,83,14.0,0.010915904
32,84,0.0,0.001336855
32,84,1.0,0.0020384495
32,84,2.0,0.0021011573
32,84,3.0,0.0038700264
32,84,4.0,0.0042211404
32,84,5.0,0.004570071
32,84,6.0,0.004419069
32,84,7.0,0.004249048
32,84,8.0,0.003557154
32,84,9.0,0.0034567302
32,84,10.0,0.0028637003
32,84,11.0,0.0034409245
32,84,12.0,0.003671218
32,84,13.0,0.003406245
32,84,14.0,0.002452812
32,85,0.0,0.00025810165
32,85,1.0,0.0006504437
32,85,2.0,0.0006740588
32,85,3.0,0.0005734015
32,85,4.0,0.0005210124
32,85,5.0,0.00035940701
32,85,6.0,0.00027628467
32,85,7.0,0.00025822665
32,85,8.0,0.00029358658
32,85,9.0,0.00044125892
32,85,10.0,0.0007695497
32,85,11.0,0.00081705785
32,85,12.0,0.000639714
32,85,13.0,0.0007135978
32,85,14.0,0.00082914095
32,86,0.0,6.653632e-05
32,86,1.0,6.6932175e-06
32,86,2.0,1.9217781e-05
32,86,3.0,1.5654432e-05
32,86,4.0,3.0062588e-06
32,86,5.0,2.2741267e-07
32,86,6.0,2.664232e-06
32,86,7.0,7.873566e-06
32,86,8.0,8.04733e-06
32,86,9.0,8.440913e-06
32,86,10.0,1.911526e-05
32,86,11.0,4.693642e-05
32,86,12.0,1.0956533e-05
32,86,13.0,2.6669135e-05
32,86,14.0,5.267356e-05
32,87,0.0,2.0709778e-10
32,87,1.0,5.7182437e-09
32,87,2.0,0.0
32,87,3.0,0.0
32,87,4.0,2.179624e-08
32,87,5.0,1.4081279e-08
32,87,6.0,5.4190035e-09
32,87,7.0,9.856316e-09
32,87,8.0,5.349475e-08
32,87,9.0,2.0875027e-07
32,87,10.0,2.9196232e-07
32,87,11.0,4.7787267e-08
32,87,12.0,0.0
32,87,13.0,0.0
32,87,14.0,8.800438e-06
32,88,0.0,0.0
32,88,1.0,4.573682e-07
32,88,2.0,0.0
32,88,3.0,4.1651138e-08
32,88,4.0,7.31134e-07
32,88,5.0,3.3561269e-06
32,88,6.0,2.6364435e-06
32,88,7.0,2.9557418e-06
32,88,8.0,8.8596323e-07
32,88,9.0,2.9625246e-08
32,88,10.0,9.9097e-08
32,88,11.0,6.1196346e-08
32,88,12.0,2.49587e-07
32,88,13.0,2.972176e-07
32,88,14.0,4.317723e-07
32,89,0.0,1.0535574e-05
32,89,1.0,1.0042e-12
32,89,2.0,0.0
32,89,3.0,0.0
32,89,4.0,4.0699124e-08
32,89,5.0,1.0011892e-06
32,89,6.0,1.7179337e-06
32,89,7.0,6.0029035e-14
32,89,8.0,0.0
32,89,9.0,0.0
32,89,10.0,0.0
32,89,11.0,0.0
32,89,12.0,0.0
32,89,13.0,0.0
32,89,14.0,8.676059e-08
32,90,0.0,6.42279e-08
32,90,1.0,2.906282e-08
32,90,2.0,0.0
32,90,3.0,2.0643256e-07
32,90,4.0,2.4479434e-07
32,90,5.0,3.8069622e-08
32,90,6.0,1.0077048e-08
32,90,7.0,6.18759e-08
32,90,8.0,4.9478797e-07
32,90,9.0,1.4452016e-06
32,90,10.0,5.315858e-06
32,90,11.0,8.1064877e-07
32,90,12.0,3.5767719e-06
32,90,13.0,1.883653e-06
32,90,14.0,1.4159123e-06
32,91,0.0,0.0
32,91,1.0,1.2083805e-07
32,91,2.0,2.4865515e-06
32,91,3.0,8.3102e-06
32,91,4.0,4.9318834e-07
32,91,5.0,0.0
32,91,6.0,0.0
32,91,7.0,5.6491785e-07
32,91,8.0,1.345762e-07
32,91,9.0,6.758761e-07
32,91,10.0,1.3562448e-06
32,91,11.0,7.991427e-07
32,91,12.0,1.6249043e-06
32,91,13.0,2.1958629e-06
32,91,14.0,4.797473e-07
33,72,0.0,3.1414364e-09
33,72,1.0,0.0
33,72,2.0,4.88486e-09
33,72,3.0,1.307042e-06
33,72,4.0,3.690478e-08
33,72,5.0,0.0
33,72,6.0,0.0
33,72,7.0,0.0
33,72,8.0,0.0
33,72,9.0,0.0
33,72,10.0,8.404086e-09
33,72,11.0,2.8812009e-08
33,72,12.0,1.221975e-06
33,72,13.0,5.464729e-07
33,72,14.0,2.356247e-11
33,73,0.0,0.0
33,73,1.0,2.1892022e-09
33,73,2.0,0.0
33,73,3.0,0.0
33,73,4.0,0.0
33,73,5.0,0.0
33,73,6.0,0.0
33,73,7.0,0.0
33,73,8.0,0.0
33,73,9.0,7.624613e-08
33,73,10.0,7.851921e-08
33,73,11.0,3.6709216e-12
33,73,12.0,0.0
33,73,13.0,0.0
33,73,14.0,0.0
33,74,0.0,0.0
33,74,1.0,1.3171095e-07
33,74,2.0,2.0090142e-06
33,74,3.0,2.9238365e-08
33,74,4.0,0.0
33,74,5.0,0.0
33,74,6.0,0.0
33,74,7.0,3.0600593e-09
33,74,8.0,3.159484e-08
33,74,9.0,2.4805749e-09
33,74,10.0,1.3999867e-09
33,74,11.0,0.0
33,74,12.0,0.0
33,74,13.0,0.0
33,74,14.0,0.0
33,75,0.0,0.0
33,75,1.0,1.2004656e-07
33,75,2.0,6.6798685e-07
33,75,3.0,0.0
33,75,4.0,0.0
33,75,5.0,0.0
33,75,6.0,5.96547e-07
33,75,7.0,9.222393e-07
33,75,8.0,3.009118e-07
33,75,9.0,5.4633546e-08
33,75,10.0,3.694057e-08
33,75,11.0,1.2260782e-07
33,75,12.0,3.7365746e-06
33,75,13.0,1.928465e-06
33,75,14.0,5.2775214e-08
33,76,0.0,1.6780575e-07
33,76,1.0,9.708382e-07
33,76,2.0,1.0013636e-06
33,76,3.0,2.2826791e-06
33,76,4.0,1.1767133e-06
33,76,5.0,1.6165998e-06
33,76,6.0,2.7768306e-06
33,76,7.0,2.0337473e-06
33,76,8.0,8.7740216e-07
33,76,9.0,1.0846655e-06
33,76,10.0,1.5727052e-06
33,76,11.0,3.038937e-07
33,76,12.0,4.2183532e-09
33,76,13.0,4.1702486e-09
33,76,14.0,1.1587472e-07
33,77,0.0,0.0
33,77,1.0,6.6351187e-09
33,77,2.0,8.154733e-09
33,77,3.0,0.0
33,77,4.0,0.0
33,77,5.0,0.0
33,77,6.0,0.0
33,77,7.0,0.0
33,77,8.0,3.177831e-09
33,77,9.0,8.104103e-07
33,77,10.0,9.840032e-07
33,77,11.0,9.686552e-07
33,77,12.0,1.4347468e-06
33,77,13.0,1.2769673e-06
33,77,14.0,3.228672e-06
33,78,0.0,2.3747838e-05
33,78,1.0,2.5898868e-05
33,78,2.0,6.366851e-05
33,78,3.0,1.5948233e-05
33,78,4.0,2.066099e-05
33,78,5.0,2.459268e-05
33,78,6.0,2.2508515e-05
33,78,7.0,2.4922037e-05
33,78,8.0,3.3164604e-05
33,78,9.0,4.630257e-05
33,78,10.0,6.7959816e-05
33,78,11.0,5.4114113e-05
33,78,12.0,3.1020056e-05
33,78,13.0,2.0723288e-05
33,78,14.0,2.8565033e-05
33,79,0.0,0.00010738203
33,79,1.0,0.00010459702
33,79,2.0,4.222132e-05
33,79,3.0,0.0001578197
33,79,4.0,0.0003230875
33,79,5.0,0.0003494712
33,79,6.0,0.00028851998
33,79,7.0,0.00043468812
33,79,8.0,0.000520124
33,79,9.0,0.0005821469
33,79,10.0,0.0005268035
33,79,11.0,0.0007773143
33,79,12.0,0.00085886265
33,79,13.0,0.0008166331
33,79,14.0,0.00090186996
33,80,0.0,0.0012571181
33,80,1.0,0.0019311532
33,80,2.0,0.0024712463
33,80,3.0,0.0025686382
33,80,4.0,0.0041880584
33,80,5.0,0.0045585446
33,80,6.0,0.004038563
33,80,7.0,0.0041453787
33,80,8.0,0.004384887
33,80,9.0,0.004214865
33,80,10.0,0.0047456846
33,80,11.0,0.0051651974
33,80,12.0,0.0052243327
33,80,13.0,0.005121994
33,80,14.0,0.0049010394
33,81,0.0,0.008023045
33,81,1.0,0.011744579
33,81,2.0,0.019080328
33,81,3.0,0.020343212
33,81,4.0,0.029990066
33,81,5.0,0.03163998
33,81,6.0,0.027776532
33,81,7.0,0.02666637
33,81,8.0,0.02528369
33,81,9.0,0.023459326
33,81,10.0,0.02510158
33,81,11.0,0.028642785
33,81,12.0,0.029869448
33,81,13.0,0.03035049
33,81,14.0,0.032189913
33,82,0.0,0.017788298
33,82,1.0,0.026672095
33,82,2.0,0.034418445
33,82,3.0,0.049369067
33,82,4.0,0.059612025
33,82,5.0,0.060706742
33,82,6.0,0.06285662
33,82,7.0,0.06032997
33,82,8.0,0.05818323
33,82,9.0,0.05387641
33,82,10.0,0.054887492
33,82,11.0,0.056352057
33,82,12.0,0.054402657
33,82,13.0,0.055170678
33,82,14.0,0.056832254
33,83,0.0,0.035566702
33,83,1.0,0.05015853
33,83,2.0,0.07560091
33,83,3.0,0.09652638
33,83,4.0,0.10520281
33,83,5.0,0.106306985
33,83,6.0,0.104040325
33,83,7.0,0.1026959
33,83,8.0,0.09813214
33,83,9.0,0.09033215
33,83,10.0,0.09208144
33,83,11.0,0.092487
33,83,12.0,0.09576106
33,83,13.0,0.098668456
33,83,14.0,0.09873541
33,84,0.0,0.03445493
33,84,1.0,0.04527473
33,84,2.0,0.05367957
33,84,3.0,0.064479254
33,84,4.0,0.07725211
33,84,5.0,0.08475107
33,84,6.0,0.08402106
33,84,7.0,0.07899417
33,84,8.0,0.07535689
33,84,9.0,0.076739796
33,84,10.0,0.07075394
33,84,11.0,0.06969085
33,84,12.0,0.070363745
33,84,13.0,0.06771302
33,84,14.0,0.061930083
33,85,0.0,0.019072417
33,85,1.0,0.03504587
33,85,2.0,0.042004123
33,85,3.0,0.054654475
33,85,4.0,0.05772285
33,85,5.0,0.059326578
33,85,6.0,0.058795355
33,85,7.0,0.057448186
33,85,8.0,0.052886248
33,85,9.0,0.04851369
33,85,10.0,0.04923843
33,85,11.0,0.04830914
33,85,12.0,0.045346905
33,85,13.0,0.042062726
33,85,14.0,0.037862692
33,86,0.0,0.0058818725
33,86,1.0,0.0108768195
33,86,2.0,0.013200618
33,86,3.0,0.017232697
33,86,4.0,0.02013063
33,86,5.0,0.020624148
33,86,6.0,0.020169552
33,86,7.0,0.018936569
33,86,8.0,0.016355112
33,86,9.0,0.013619166
33,86,10.0,0.01217509
33,86,11.0,0.011415478
33,86,12.0,0.011408014
33,86,13.0,0.0108694425
33,86,14.0,0.009986624
33,87,0.0,0.0018211913
33,87,1.0,0.0020380628
33,87,2.0,0.0032755595
33,87,3.0,0.0036965427
33,87,4.0,0.0048376494
33,87,5.0,0.005065383
33,87,6.0,0.0047135763
33,87,7.0,0.004383888
33,87,8.0,0.0039375015
33,87,9.0,0.0033700601
33,87,10.0,0.0030177624
33,87,11.0,0.0026180258
33,87,12.0,0.0022312931
33,87,13.0,0.0020173353
33,87,14.0,0.0019006715
33,88,0.0,0.0001289813
33,88,1.0,0.00022478697
33,88,2.0,0.00053002645
33,88,3.0,0.00060351234
33,88,4.0,0.00067805365
33,88,5.0,0.0007306981
33,88,6.0,0.00064436515
33,88,7.0,0.00051181595
33,88,8.0,0.00040983563
33,88,9.0,0.00030691244
33,88,10.0,0.00024076103
33,88,11.0,0.00021782459
33,88,12.0,0.00023667687
33,88,13.0,0.00022859646
33,88,14.0,0.00021163623
33,89,0.0,1.8645827e-05
33,89,1.0,3.371547e-05
33,89,2.0,0.000139565
33,89,3.0,0.00018207495
33,89,4.0,0.00012389981
33,89,5.0,0.00012030833
33,89,6.0,0.000114846676
33,89,7.0,0.00010756572
33,89,8.0,9.017599e-05
33,89,9.0,6.9370624e-05
33,89,10.0,8.129421e-05
33,89,11.0,7.48474e-05
33,89,12.0,2.962309e-05
33,89,13.0,1.5637203e-05
33,89,14.0,1.1095706e-05
33,90,0.0,0.0
33,90,1.0,6.6212785e-08
33,90,2.0,2.5141023e-07
33,90,3.0,2.7505894e-06
33,90,4.0,3.6011984e-06
33,90,5.0,2.9946925e-06
33,90,6.0,1.592218e-06
33,90,7.0,3.3754438e-07
33,90,8.0,3.1471848e-07
33,90,9.0,1.8084116e-06
33,90,10.0,3.1791978e-06
33,90,11.0,1.7891823e-06
33,90,12.0,3.3538194e-07
33,90,13.0,0.0
33,90,14.0,2.863702e-11
33,91,0.0,0.0
33,91,1.0,0.0
33,91,2.0,6.883456e-08
33,91,3.0,3.5894943e-06
33,91,4.0,2.4074002e-06
33,91,5.0,5.911039e-07
33,91,6.0,8.952901e-08
33,91,7.0,7.6820946e-08
33,91,8.0,1.2612163e-07
33,91,9.0,3.07029e-06
33,91,10.0,1.5587118e-05
33,91,11.0,3.5499124e-06
33,91,12.0,4.074362e-09
33,91,13.0,1.2843499e-08
33,91,14.0,3.655789e-07
33,92,0.0,1.7220705e-07
33,92,1.0,9.042918e-09
33,92,2.0,2.3767603e-07
33,92,3.0,3.2744072e-06
33,92,4.0,2.2313172e-06
33,92,5.0,5.325256e-07
33,92,6.0,4.5530018e-07
33,92,7.0,6.8841575e-07
33,92,8.0,5.422657e-07
33,92,9.0,9.4757235e-07
33,92,10.0,4.522821e-06
33,92,11.0,2.1129355e-07
33,92,12.0,0.0
33,92,13.0,3.0478202e-09
33,92,14.0,5.9571196e-08
33,93,0.0,2.1501928e-07
33,93,1.0,4.0690097e-08
33,93,2.0,1.4950498e-06
33,93,3.0,4.0183636e-07
33,93,4.0,1.284432e-07
33,93,5.0,0.0
33,93,6.0,0.0
33,93,7.0,0.0
33,93,8.0,5.517272e-08
33,93,9.0,2.0277885e-06
33,93,10.0,2.2069853e-06
33,93,11.0,3.9239477e-08
33,93,12.0,2.0443748e-08
33,93,13.0,4.6404645e-07
33,93,14.0,2.2997908e-06
33,94,0.0,1.1607886e-07
33,94,1.0,2.3462793e-08
33,94,2.0,4.1025262e-07
33,94,3.0,7.6644346e-07
33,94,4.0,2.6320964e-07
33,94,5.0,2.7079406e-07
33,94,6.0,2.684631e-07
33,94,7.0,1.4543555e-07
33,94,8.0,3.3374567e-07
33,94,9.0,8.183586e-09
33,94,10.0,0.0
33,94,11.0,3.350684e-08
33,94,12.0,9.054472e-12
33,94,13.0,0.0
33,94,14.0,0.0
33,95,0.0,5.3524385e-09
33,95,1.0,3.128752e-07
33,95,2.0,1.1410261e-06
33,95,3.0,1.3765687e-06
33,95,4.0,3.8341474e-07
33,95,5.0,3.6663403e-09
33,95,6.0,4.458921e-10
33,95,7.0,1.2630997e-13
33,95,8.0,1.7330738e-09
33,95,9.0,8.2365506e-07
33,95,10.0,1.0808292e-07
33,95,11.0,5.732762e-08
33,95,12.0,1.5204307e-07
33,95,13.0,3.0705024e-07
33,95,14.0,1.7959301e-06
34,74,0.0,0.0
34,74,1.0,7.435719e-10
34,74,2.0,0.0
34,74,3.0,3.6644516e-09
34,74,4.0,0.0
34,74,5.0,0.0
34,74,6.0,0.0
34,74,7.0,0.0
34,74,8.0,0.0
34,74,9.0,4.113168e-07
34,74,10.0,4.5697504e-07
34,74,11.0,1.8821874e-13
34,74,12.0,0.0
34,74,13.0,1.0599824e-12
34,74,14.0,0.0
34,75,0.0,3.975874e-06
34,75,1.0,0.0
34,75,2.0,0.0
34,75,3.0,7.2935064e-10
34,75,4.0,3.2768063e-10
34,75,5.0,1.7969004e-08
34,75,6.0,5.043403e-09
34,75,7.0,2.153383e-08
34,75,8.0,2.0010782e-07
34,75,9.0,1.4782071e-07
34,75,10.0,5.92888e-07
34,75,11.0,1.0586939e-06
34,75,12.0,1.6255999e-07
34,75,13.0,1.7231821e-08
34,75,14.0,6.606145e-08
34,76,0.0,0.0
34,76,1.0,0.0
34,76,2.0,0.0
34,76,3.0,5.4408783e-11
34,76,4.0,0.0
34,76,5.0,0.0
34,76,6.0,2.863983e-09
34,76,7.0,4.703894e-08
34,76,8.0,1.3404464e-10
34,76,9.0,1.1796912e-08
34,76,10.0,8.393166e-08
34,76,11.0,3.1438205e-08
34,76,12.0,3.799249e-08
34,76,13.0,1.4894541e-08
34,76,14.0,0.0
34,77,0.0,5.900547e-09
34,77,1.0,9.016138e-08
34,77,2.0,5.1602502e-08
34,77,3.0,6.812999e-07
34,77,4.0,1.3188037e-06
34,77,5.0,1.3378778e-06
34,77,6.0,5.2060423e-06
34,77,7.0,9.768155e-06
34,77,8.0,1.124106e-06
34,77,9.0,1.0178939e-06
34,77,10.0,9.956555e-07
34,77,11.0,3.0384552e-07
34,77,12.0,1.0371725e-07
34,77,13.0,6.2659984e-07
34,77,14.0,6.4253175e-07
34,78,0.0,0.0
34,78,1.0,0.0
34,78,2.0,5.292405e-07
34,78,3.0,0.0
34,78,4.0,0.0
34,78,5.0,0.0
34,78,6.0,3.0761365e-09
34,78,7.0,1.6103348e-07
34,78,8.0,8.3762046e-08
34,78,9.0,4.3171977e-09
34,78,10.0,1.0354034e-09
34,78,11.0,5.6107986e-08
34,78,12.0,6.268788e-07
34,78,13.0,9.2639476e-07
34,78,14.0,1.0071304e-06
34,79,0.0,0.0
34,79,1.0,3.4713243e-10
34,79,2.0,8.1821906e-07
34,79,3.0,3.6998379e-06
34,79,4.0,1.8749823e-06
34,79,5.0,4.3005744e-07
34,79,6.0,2.1650875e-07
34,79,7.0,8.406855e-07
34,79,8.0,4.6391e-06
34,79,9.0,1.6415732e-05
34,79,10.0,1.6697606e-05
34,79,11.0,1.684604e-05
34,79,12.0,1.5125038e-05
34,79,13.0,1.340501e-05
34,79,14.0,1.0369672e-05
34,80,0.0,7.414149e-06
34,80,1.0,0.0
34,80,2.0,4.3594414e-06
34,80,3.0,3.1401365e-07
34,80,4.0,3.1363007e-07
34,80,5.0,1.226866e-06
34,80,6.0,2.180882e-06
34,80,7.0,9.978283e-06
34,80,8.0,2.8476623e-05
34,80,9.0,4.8153048e-05
34,80,10.0,0.0001383729
34,80,11.0,0.00012347194
34,80,12.0,0.0001069742
34,80,13.0,0.00012556618
34,80,14.0,0.00013878869
34,81,0.0,0.0018932574
34,81,1.0,0.0023924657
34,81,2.0,0.0019748565
34,81,3.0,0.0024578078
34,81,4.0,0.0035578678
34,81,5.0,0.0038223146
34,81,6.0,0.0035888697
34,81,7.0,0.004001574
34,81,8.0,0.004355559
34,81,9.0,0.0046205046
34,81,10.0,0.0038038958
34,81,11.0,0.0039677727
34,81,12.0,0.003202582
34,81,13.0,0.003217197
34,81,14.0,0.004138357
34,82,0.0,0.0069581787
34,82,1.0,0.006812893
34,82,2.0,0.008991532
34,82,3.0,0.011274169
34,82,4.0,0.012170236
34,82,5.0,0.011532121
34,82,6.0,0.010868771
34,82,7.0,0.012524889
34,82,8.0,0.0147009045
34,82,9.0,0.015976936
34,82,10.0,0.018245328
34,82,11.0,0.020032836
34,82,12.0,0.018289194
34,82,13.0,0.017996106
34,82,14.0,0.020016396
34,83,0.0,0.041077547
34,83,1.0,0.043215092
34,83,2.0,0.046678863
34,83,3.0,0.047098488
34,83,4.0,0.052900337
34,83,5.0,0.059946287
34,83,6.0,0.057408854
34,83,7.0,0.056735016
34,83,8.0,0.056001037
34,83,9.0,0.053019673
34,83,10.0,0.05579725
34,83,11.0,0.058194038
34,83,12.0,0.061590336
34,83,13.0,0.06612751
34,83,14.0,0.0742917
34,84,0.0,0.07726291
34,84,1.0,0.08803903
34,84,2.0,0.102462575
34,84,3.0,0.11667781
34,84,4.0,0.12901779
34,84,5.0,0.12497008
34,84,6.0,0.12100984
34,84,7.0,0.12038452
34,84,8.0,0.11906013
34,84,9.0,0.120760605
34,84,10.0,0.13589798
34,84,11.0,0.12706864
34,84,12.0,0.124865025
34,84,13.0,0.1247354
34,84,14.0,0.13166612
34,85,0.0,0.14280136
34,85,1.0,0.13911384
34,85,2.0,0.15078841
34,85,3.0,0.15505028
34,85,4.0,0.17171691
34,85,5.0,0.16910715
34,85,6.0,0.16086261
34,85,7.0,0.15586258
34,85,8.0,0.15166554
34,85,9.0,0.15007505
34,85,10.0,0.15094446
34,85,11.0,0.14802176
34,85,12.0,0.15137948
34,85,13.0,0.14995764
34,85,14.0,0.15282065
34,86,0.0,0.14829761
34,86,1.0,0.13333204
34,86,2.0,0.14420289
34,86,3.0,0.15089762
34,86,4.0,0.14303146
34,86,5.0,0.13809411
34,86,6.0,0.13699435
34,86,7.0,0.14047927
34,86,8.0,0.14079037
34,86,9.0,0.14885068
34,86,10.0,0.1531121
34,86,11.0,0.13434383
34,86,12.0,0.12317554
34,86,13.0,0.1165922
34,86,14.0,0.111552395
34,87,0.0,0.100261316
34,87,1.0,0.10187652
34,87,2.0,0.09113233
34,87,3.0,0.07983541
34,87,4.0,0.07674469
34,87,5.0,0.07593571
34,87,6.0,0.07772474
34,87,7.0,0.0765657
34,87,8.0,0.07355448
34,87,9.0,0.07088914
34,87,10.0,0.068271525
34,87,11.0,0.06644416
34,87,12.0,0.055456266
34,87,13.0,0.053264063
34,87,14.0,0.0543204
34,88,0.0,0.03249117
34,88,1.0,0.03752077
34,88,2.0,0.04076539
34,88,3.0,0.040434945
34,88,4.0,0.03443363
34,88,5.0,0.0313208
34,88,6.0,0.029951401
34,88,7.0,0.03004894
34,88,8.0,0.030487522
34,88,9.0,0.030491212
34,88,10.0,0.028554637
34,88,11.0,0.024101814
34,88,12.0,0.02221696
34,88,13.0,0.02572635
34,88,14.0,0.025307812
34,89,0.0,0.0052710944
34,89,1.0,0.008004761
34,89,2.0,0.007918461
34,89,3.0,0.0096652
34,89,4.0,0.009844008
34,89,5.0,0.010080544
34,89,6.0,0.010646873
34,89,7.0,0.009926795
34,89,8.0,0.0090198135
34,89,9.0,0.0067619537
34,89,10.0,0.005358884
34,89,11.0,0.0049796626
34,89,12.0,0.0062496983
34,89,13.0,0.005289363
34,89,14.0,0.00534558
34,90,0.0,0.00070617325
34,90,1.0,0.0009965169
34,90,2.0,0.0007385318
34,90,3.0,0.0010878154
34,90,4.0,0.0017401959
34,90,5.0,0.0015378769
34,90,6.0,0.001237407
34,90,7.0,0.0012132482
34,90,8.0,0.0014075987
34,90,9.0,0.0015308694
34,90,10.0,0.0012493894
34,90,11.0,0.0010313523
34,90,12.0,0.0012550076
34,90,13.0,0.001611343
34,90,14.0,0.0014073005
34,91,0.0,0.0001072094
34,91,1.0,0.00013586823
34,91,2.0,7.956996e-05
34,91,3.0,5.2492156e-05
34,91,4.0,8.7039334e-05
34,91,5.0,8.9484485e-05
34,91,6.0,7.939448e-05
34,91,7.0,0.00011828606
34,91,8.0,0.00015655167
34,91,9.0,0.00012343227
34,91,10.0,9.998854e-05
34,91,11.0,7.236717e-05
34,91,12.0,0.000105791645
34,91,13.0,0.00018488242
34,91,14.0,0.00021532968
34,92,0.0,3.9866563e-06
34,92,1.0,1.2116237e-06
34,92,2.0,2.1304045e-06
34,92,3.0,1.1482745e-05
34,92,4.0,1.5120997e-05
34,92,5.0,4.0065934e-06
34,92,6.0,5.5320593e-06
34,92,7.0,1.1824514e-05
34,92,8.0,2.2239368e-05
34,92,9.0,2.0507763e-05
34,92,10.0,1.38238565e-05
34,92,11.0,2.1570102e-05
34,92,12.0,6.718942e-08
34,92,13.0,0.0
34,92,14.0,0.0
34,93,0.0,0.0
34,93,1.0,0.0
34,93,2.0,0.0
34,93,3.0,0.0
34,93,4.0,0.0
34,93,5.0,0.0
34,93,6.0,0.0
34,93,7.0,0.0
34,93,8.0,0.0
34,93,9.0,0.0
34,93,10.0,0.0
34,93,11.0,0.0
34,93,12.0,0.0
34,93,13.0,0.0
34,93,14.0,0.0
34,94,0.0,4.821797e-12
34,94,1.0,2.4543432e-09
34,94,2.0,2.894568e-11
34,94,3.0,0.0
34,94,4.0,0.0
34,94,5.0,0.0
34,94,6.0,0.0
34,94,7.0,2.0663924e-07
34,94,8.0,1.3803556e-06
34,94,9.0,9.505493e-08
34,94,10.0,0.0
34,94,11.0,3.619388e-07
34,94,12.0,2.174322e-06
34,94,13.0,7.800682e-07
34,94,14.0,1.4141525e-06
34,95,0.0,0.0
34,95,1.0,0.0
34,95,2.0,0.0
34,95,3.0,0.0
34,95,4.0,0.0
34,95,5.0,0.0
34,95,6.0,0.0
34,95,7.0,3.6102968e-08
34,95,8.0,2.3952406e-08
34,95,9.0,1.6048042e-10
34,95,10.0,0.0
34,95,11.0,0.0
34,95,12.0,0.0
34,95,13.0,0.0
34,95,14.0,0.0
34,96,0.0,7.6512987e-07
34,96,1.0,1.9329377e-07
34,96,2.0,5.7093456e-07
34,96,3.0,1.3679289e-07
34,96,4.0,2.7687253e-07
34,96,5.0,1.7325073e-06
34,96,6.0,4.8770444e-06
34,96,7.0,3.5419987e-06
34,96,8.0,1.5368636e-06
34,96,9.0,1.207057e-06
34,96,10.0,1.5521641e-06
34,96,11.0,2.2480283e-06
34,96,12.0,1.5793905e-06
34,96,13.0,2.774515e-06
34,96,14.0,1.6527279e-06
35,77,0.0,0.0
35,77,1.0,0.0
35,77,2.0,4.6811103e-08
35,77,3.0,0.0
35,77,4.0,0.0
35,77,5.0,3.681791e-08
35,77,6.0,4.6960955e-07
35,77,7.0,8.333685e-07
35,77,8.0,8.253572e-07
35,77,9.0,4.7516954e-07
35,77,10.0,4.4504684e-09
35,77,11.0,0.0
35,77,12.0,0.0
35,77,13.0,0.0
35,77,14.0,3.4052817e-07
35,78,0.0,9.573998e-07
35,78,1.0,0.0
35,78,2.0,2.9494561e-08
35,78,3.0,2.2186024e-09
35,78,4.0,1.1922369e-06
35,78,5.0,4.6546666e-06
35,78,6.0,6.466577e-06
35,78,7.0,5.876595e-06
35,78,8.0,2.8903883e-06
35,78,9.0,2.2215422e-06
35,78,10.0,1.2137137e-06
35,78,11.0,2.6301525e-06
35,78,12.0,2.5281684e-06
35,78,13.0,2.1889525e-06
35,78,14.0,2.1383796e-06
35,79,0.0,2.2083357e-07
35,79,1.0,0.0
35,79,2.0,1.2706482e-08
35,79,3.0,7.366257e-08
35,79,4.0,1.3684727e-06
35,79,5.0,1.2941132e-07
35,79,6.0,0.0
35,79,7.0,0.0
35,79,8.0,0.0
35,79,9.0,5.7516295e-14
35,79,10.0,1.3082237e-07
35,79,11.0,7.063844e-06
35,79,12.0,1.8707393e-06
35,79,13.0,1.8448573e-07
35,79,14.0,0.0
35,80,0.0,8.9618214e-07
35,80,1.0,1.2907767e-08
35,80,2.0,5.6793102e-08
35,80,3.0,1.6364752e-06
35,80,4.0,1.2938654e-06
35,80,5.0,2.3191565e-06
35,80,6.0,1.488363e-06
35,80,7.0,5.951555e-07
35,80,8.0,1.1890311e-06
35,80,9.0,2.9229677e-06
35,80,10.0,6.271342e-06
35,80,11.0,6.8988866e-06
35,80,12.0,2.5325194e-06
35,80,13.0,1.5822417e-06
35,80,14.0,3.4914087e-06
35,81,0.0,1.1829774e-05
35,81,1.0,3.2825424e-06
35,81,2.0,3.6739914e-06
35,81,3.0,4.3227286e-05
35,81,4.0,4.02791e-05
35,81,5.0,4.0840285e-05
35,81,6.0,4.3646298e-05
35,81,7.0,2.9022653e-05
35,81,8.0,1.8383693e-05
35,81,9.0,4.967123e-05
35,81,10.0,4.6669982e-05
35,81,11.0,4.0920615e-05
35,81,12.0,4.517659e-05
35,81,13.0,5.968835e-05
35,81,14.0,0.00013177731
35,82,0.0,0.00012052463
35,82,1.0,9.675306e-05
35,82,2.0,0.00026591643
35,82,3.0,0.00058331917
35,82,4.0,0.0008327909
35,82,5.0,0.0008611975
35,82,6.0,0.00052125857
35,82,7.0,0.00022037432
35,82,8.0,0.0004020524
35,82,9.0,0.00048600827
35,82,10.0,0.0005911869
35,82,11.0,0.00071820006
35,82,12.0,0.0005716236
35,82,13.0,0.0006856143
35,82,14.0,0.0012991736
35,83,0.0,0.0030517576
35,83,1.0,0.0028827458
35,83,2.0,0.002968013
35,83,3.0,0.0034840703
35,83,4.0,0.0036249906
35,83,5.0,0.004100477
35,83,6.0,0.0042191697
35,83,7.0,0.0040345155
35,83,8.0,0.0054466585
35,83,9.0,0.0040562605
35,83,10.0,0.0032581603
35,83,11.0,0.0034809369
35,83,12.0,0.0047220667
35,83,13.0,0.0063198786
35,83,14.0,0.007339062
35,84,0.0,0.011463302
35,84,1.0,0.008170546
35,84,2.0,0.0072466233
35,84,3.0,0.0076367664
35,84,4.0,0.008147234
35,84,5.0,0.009472013
35,84,6.0,0.011452099
35,84,7.0,0.01268396
35,84,8.0,0.015119678
35,84,9.0,0.014287572
35,84,10.0,0.014792948
35,84,11.0,0.01721664
35,84,12.0,0.021307819
35,84,13.0,0.023232404
35,84,14.0,0.026757354
35,85,0.0,0.0691734
35,85,1.0,0.061339654
35,85,2.0,0.064408384
35,85,3.0,0.067392536
35,85,4.0,0.06927623
35,85,5.0,0.07531918
35,85,6.0,0.08481966
35,85,7.0,0.09229371
35,85,8.0,0.08638815
35,85,9.0,0.08102567
35,85,10.0,0.08031701
35,85,11.0,0.081174895
35,85,12.0,0.08058352
35,85,13.0,0.0852185
35,85,14.0,0.09784085
35,86,0.0,0.108504415
35,86,1.0,0.107214615
35,86,2.0,0.120415315
35,86,3.0,0.12983976
35,86,4.0,0.13871202
35,86,5.0,0.14467272
35,86,6.0,0.14898936
35,86,7.0,0.15712762
35,86,8.0,0.16282143
35,86,9.0,0.15715836
35,86,10.0,0.14722212
35,86,11.0,0.14186776
35,86,12.0,0.15157509
35,86,13.0,0.16288278
35,86,14.0,0.16402633
35,87,0.0,0.21732722
35,87,1.0,0.22280276
35,87,2.0,0.22390467
35,87,3.0,0.22842929
35,87,4.0,0.24180554
35,87,5.0,0.25482717
35,87,6.0,0.25712204
35,87,7.0,0.25874165
35,87,8.0,0.24580313
35,87,9.0,0.22872166
35,87,10.0,0.2212408
35,87,11.0,0.22706993
35,87,12.0,0.23367648
35,87,13.0,0.23502995
35,87,14.0,0.24558683
35,88,0.0,0.20186853
35,88,1.0,0.23011771
35,88,2.0,0.24037927
35,88,3.0,0.2505451
35,88,4.0,0.26044163
35,88,5.0,0.27759323
35,88,6.0,0.26768944
35,88,7.0,0.26166913
35,88,8.0,0.2487171
35,88,9.0,0.22357596
35,88,10.0,0.21597451
35,88,11.0,0.21167544
35,88,12.0,0.21858141
35,88,13.0,0.2098458
35,88,14.0,0.20212738
35,89,0.0,0.16714466
35,89,1.0,0.18405634
35,89,2.0,0.1912402
35,89,3.0,0.20785554
35,89,4.0,0.2174176
35,89,5.0,0.20157531
35,89,6.0,0.18271357
35,89,7.0,0.1663028
35,89,8.0,0.15326557
35,89,9.0,0.14018019
35,89,10.0,0.13076323
35,89,11.0,0.13463283
35,89,12.0,0.13463566
35,89,13.0,0.13475284
35,89,14.0,0.12619457
35,90,0.0,0.06467089
35,90,1.0,0.083037935
35,90,2.0,0.09195508
35,90,3.0,0.09913376
35,90,4.0,0.10062295
35,90,5.0,0.09324546
35,90,6.0,0.079385035
35,90,7.0,0.07202883
35,90,8.0,0.07350122
35,90,9.0,0.07511092
35,90,10.0,0.0734675
35,90,11.0,0.06605223
35,90,12.0,0.062342994
35,90,13.0,0.053579867
35,90,14.0,0.053422835
35,91,0.0,0.016203497
35,91,1.0,0.020840207
35,91,2.0,0.027821615
35,91,3.0,0.03132391
35,91,4.0,0.030767292
35,91,5.0,0.029628035
35,91,6.0,0.02829327
35,91,7.0,0.02576951
35,91,8.0,0.02369667
35,91,9.0,0.022897765
35,91,10.0,0.023722116
35,91,11.0,0.025912525
35,91,12.0,0.021581832
35,91,13.0,0.018075494
35,91,14.0,0.015338828
35,92,0.0,0.0024298243
35,92,1.0,0.0021938067
35,92,2.0,0.0039185043
35,92,3.0,0.005153118
35,92,4.0,0.0055799037
35,92,5.0,0.0048973933
35,92,6.0,0.0040696515
35,92,7.0,0.0034710714
35,92,8.0,0.003092138
35,92,9.0,0.0030753643
35,92,10.0,0.0037791636
35,92,11.0,0.004284809
35,92,12.0,0.0046482277
35,92,13.0,0.004206538
35,92,14.0,0.0030130236
35,93,0.0,0.00025360816
35,93,1.0,0.00040948554
35,93,2.0,0.00059236353
35,93,3.0,0.0005980307
35,93,4.0,0.00063857075
35,93,5.0,0.000600875
35,93,6.0,0.0005328019
35,93,7.0,0.00046720082
35,93,8.0,0.00033868325
35,93,9.0,0.00032049272
35,93,10.0,0.00042271608
35,93,11.0,0.00072072365
35,93,12.0,0.0005600318
35,93,13.0,0.00071134313
35,93,14.0,0.00054301764
35,94,0.0,1.8178443e-05
35,94,1.0,6.0148654e-05
35,94,2.0,2.8273393e-05
35,94,3.0,1.5516696e-05
35,94,4.0,1.8531515e-05
35,94,5.0,3.294174e-05
35,94,6.0,4.0369414e-05
35,94,7.0,2.7960592e-05
35,94,8.0,1.797066e-05
35,94,9.0,9.3939825e-06
35,94,10.0,3.7611526e-06
35,94,11.0,3.8097476e-06
35,94,12.0,1.9270403e-06
35,94,13.0,3.431527e-05
35,94,14.0,5.0452127e-05
35,95,0.0,3.5432433e-09
35,95,1.0,1.0642466e-07
35,95,2.0,5.916862e-09
35,95,3.0,1.7850548e-06
35,95,4.0,5.6042277e-06
35,95,5.0,1.4284528e-06
35,95,6.0,0.0
35,95,7.0,0.0
35,95,8.0,0.0
35,95,9.0,1.9327167e-07
35,95,10.0,1.8904316e-06
35,95,11.0,5.3676936e-06
35,95,12.0,5.648473e-09
35,95,13.0,5.8531856e-12
35,95,14.0,7.8574594e-08
35,96,0.0,3.5590847e-13
35,96,1.0,1.6870441e-08
35,96,2.0,2.0793684e-06
35,96,3.0,6.4275156e-08
35,96,4.0,0.0
35,96,5.0,6.864389e-09
35,96,6.0,1.7643616e-08
35,96,7.0,5.0823875e-08
35,96,8.0,1.364879e-07
35,96,9.0,0.0
35,96,10.0,0.0
35,96,11.0,0.0
35,96,12.0,0.0
35,96,13.0,1.5588522e-09
35,96,14.0,2.0982559e-07
35,97,0.0,0.0
35,97,1.0,0.0
35,97,2.0,0.0
35,97,3.0,4.5233857e-09
35,97,4.0,2.3842983e-07
35,97,5.0,1.3115557e-07
35,97,6.0,5.4151748e-08
35,97,7.0,1.6142388e-06
35,97,8.0,6.393709e-06
35,97,9.0,5.722984e-06
35,97,10.0,1.7669844e-06
35,97,11.0,3.0701233e-06
35,97,12.0,4.7911414e-07
35,97,13.0,0.0
35,97,14.0,2.372326e-08
35,98,0.0,0.0
35,98,1.0,0.0
35,98,2.0,2.3660544e-07
35,98,3.0,2.562002e-06
35,98,4.0,6.2425715e-07
35,98,5.0,3.31315e-13
35,98,6.0,0.0
35,98,7.0,0.0
35,98,8.0,0.0
35,98,9.0,5.5061108e-08
35,98,10.0,3.4219113e-08
35,98,11.0,3.3149448e-07
35,98,12.0,6.2377194e-07
35,98,13.0,2.6369048e-07
35,98,14.0,3.3627932e-09
35,99,0.0,0.0
35,99,1.0,0.0
35,99,2.0,1.0746627e-07
35,99,3.0,4.0510912e-07
35,99,4.0,9.766671e-07
35,99,5.0,1.7222627e-09
35,99,6.0,1.534606e-07
35,99,7.0,3.6231822e-07
35,99,8.0,3.6057e-07
35,99,9.0,3.003167e-07
35,99,10.0,5.517712e-07
35,99,11.0,9.9190075e-08
35,99,12.0,0.0
35,99,13.0,1.1779954e-09
35,99,14.0,6.7825124e-07
35,100,0.0,6.876799e-10
35,100,1.0,0.0
35,100,2.0,0.0
35,100,3.0,0.0
35,100,4.0,1.2651004e-08
35,100,5.0,5.739658e-09
35,100,6.0,7.223878e-07
35,100,7.0,8.214717e-07
35,100,8.0,1.1135462e-06
35,100,9.0,4.174957e-06
35,100,10.0,1.084506e-07
35,100,11.0,5.5819186e-08
35,100,12.0,3.1095183e-06
35,100,13.0,5.5198433e-07
35,100,14.0,5.7350608e-08
36,79,0.0,3.8006765e-06
36,79,1.0,0.0
36,79,2.0,0.0
36,79,3.0,1.4773746e-08
36,79,4.0,1.7413853e-07
36,79,5.0,5.387337e-07
36,79,6.0,3.3490787e-07
36,79,7.0,1.4815501e-08
36,79,8.0,6.366664e-08
36,79,9.0,3.089311e-07
36,79,10.0,3.9133727e-07
36,79,11.0,2.8112186e-08
36,79,12.0,1.5446778e-08
36,79,13.0,2.7777418e-08
36,79,14.0,2.8060006e-07
36,80,0.0,0.0
36,80,1.0,0.0
36,80,2.0,0.0
36,80,3.0,0.0
36,80,4.0,0.0
36,80,5.0,0.0
36,80,6.0,0.0
36,80,7.0,2.164702e-08
36,80,8.0,6.472267e-07
36,80,9.0,3.964357e-07
36,80,10.0,0.0
36,80,11.0,0.0
36,80,12.0,0.0
36,80,13.0,0.0
36,80,14.0,0.0
36,81,0.0,0.0
36,81,1.0,0.0
36,81,2.0,0.0
36,81,3.0,0.0
36,81,4.0,2.1824795e-07
36,81,5.0,4.508661e-07
36,81,6.0,5.3105543e-07
36,81,7.0,1.3832424e-06
36,81,8.0,0.0
36,81,9.0,3.4474772e-09
36,81,10.0,2.361761e-10
36,81,11.0,0.0
36,81,12.0,0.0
36,81,13.0,0.0
36,81,14.0,0.0
36,82,0.0,0.0
36,82,1.0,0.0
36,82,2.0,0.0
36,82,3.0,0.0
36,82,4.0,0.0
36,82,5.0,4.705307e-10
36,82,6.0,0.0
36,82,7.0,0.0
36,82,8.0,1.0513655e-06
36,82,9.0,3.3742666e-07
36,82,10.0,4.7459315e-07
36,82,11.0,8.3875733e-07
36,82,12.0,1.5176513e-06
36,82,13.0,5.250256e-06
36,82,14.0,1.4519184e-05
36,83,0.0,9.246901e-06
36,83,1.0,8.4165e-06
36,83,2.0,5.4117413e-06
36,83,3.0,4.24912e-06
36,83,4.0,1.244548e-06
36,83,5.0,1.9795779e-07
36,83,6.0,1.7983454e-07
36,83,7.0,1.1214486e-05
36,83,8.0,2.5167563e-05
36,83,9.0,4.7753667e-05
36,83,10.0,6.0944345e-05
36,83,11.0,3.8397488e-05
36,83,12.0,4.094482e-05
36,83,13.0,4.6934263e-05
36,83,14.0,7.264798e-05
36,84,0.0,1.5773314e-05
36,84,1.0,0.00010314839
36,84,2.0,2.3654935e-05
36,84,3.0,7.914545e-06
36,84,4.0,6.9536286e-06
36,84,5.0,1.7238292e-05
36,84,6.0,6.253557e-05
36,84,7.0,0.00015152324
36,84,8.0,0.00022178145
36,84,9.0,0.0002578279
36,84,10.0,0.00025492828
36,84,11.0,0.0002577902
36,84,12.0,0.00029771266
36,84,13.0,0.00025056463
36,84,14.0,0.0004836903
36,85,0.0,0.002558401
36,85,1.0,0.0022386524
36,85,2.0,0.0016178711
36,85,3.0,0.0014506009
36,85,4.0,0.0016781662
36,85,5.0,0.0017498197
36,85,6.0,0.0019018847
36,85,7.0,0.0024645387
36,85,8.0,0.002851699
36,85,9.0,0.004055858
36,85,10.0,0.003624012
36,85,11.0,0.0036341911
36,85,12.0,0.0039446927
36,85,13.0,0.004627901
36,85,14.0,0.0068401853
36,86,0.0,0.020328969
36,86,1.0,0.021843016
36,86,2.0,0.016846105
36,86,3.0,0.01304263
36,86,4.0,0.010439569
36,86,5.0,0.009396323
36,86,6.0,0.010599557
36,86,7.0,0.013985152
36,86,8.0,0.015669977
36,86,9.0,0.016348813
36,86,10.0,0.018136665
36,86,11.0,0.021014107
36,86,12.0,0.02248784
36,86,13.0,0.02235841
36,86,14.0,0.024263326
36,87,0.0,0.070489995
36,87,1.0,0.060554653
36,87,2.0,0.061292518
36,87,3.0,0.06360978
36,87,4.0,0.06597252
36,87,5.0,0.07001559
36,87,6.0,0.060966007
36,87,7.0,0.06253809
36,87,8.0,0.06861893
36,87,9.0,0.07210472
36,87,10.0,0.069098555
36,87,11.0,0.062866256
36,87,12.0,0.06977005
36,87,13.0,0.081131585
36,87,14.0,0.09449709
36,88,0.0,0.2727023
36,88,1.0,0.24093051
36,88,2.0,0.21524887
36,88,3.0,0.21096084
36,88,4.0,0.21200278
36,88,5.0,0.19844009
36,88,6.0,0.20133363
36,88,7.0,0.21015951
36,88,8.0,0.21944411
36,88,9.0,0.23272108
36,88,10.0,0.24308671
36,88,11.0,0.24254745
36,88,12.0,0.21853843
36,88,13.0,0.21102977
36,88,14.0,0.23098725
36,89,0.0,0.49650878
36,89,1.0,0.4586093
36,89,2.0,0.41504332
36,89,3.0,0.37183362
36,89,4.0,0.35779706
36,89,5.0,0.36846033
36,89,6.0,0.38565007
36,89,7.0,0.39597678
36,89,8.0,0.39926174
36,89,9.0,0.3841373
36,89,10.0,0.3575603
36,89,11.0,0.35950026
36,89,12.0,0.3684799
36,89,13.0,0.37832034
36,89,14.0,0.40388522
36,90,0.0,0.65314853
36,90,1.0,0.5969216
36,90,2.0,0.55741596
36,90,3.0,0.4963728
36,90,4.0,0.49015442
36,90,5.0,0.47640833
36,90,6.0,0.46540377
36,90,7.0,0.46571624
36,90,8.0,0.46300533
36,90,9.0,0.47451767
36,90,10.0,0.412925
36,90,11.0,0.39710906
36,90,12.0,0.37701538
36,90,13.0,0.38028556
36,90,14.0,0.38915825
36,91,0.0,0.51152843
36,91,1.0,0.44542533
36,91,2.0,0.3816768
36,91,3.0,0.35061446
36,91,4.0,0.32780084
36,91,5.0,0.31137568
36,91,6.0,0.31034145
36,91,7.0,0.3124112
36,91,8.0,0.30850807
36,91,9.0,0.30419642
36,91,10.0,0.28756428
36,91,11.0,0.26110142
36,91,12.0,0.25405484
36,91,13.0,0.24630927
36,91,14.0,0.24293156
36,92,0.0,0.26176077
36,92,1.0,0.22817285
36,92,2.0,0.19656514
36,92,3.0,0.17375965
36,92,4.0,0.17192748
36,92,5.0,0.17794484
36,92,6.0,0.17128944
36,92,7.0,0.16223545
36,92,8.0,0.16270605
36,92,9.0,0.16197278
36,92,10.0,0.15537514
36,92,11.0,0.15083073
36,92,12.0,0.1362255
36,92,13.0,0.10976351
36,92,14.0,0.10453081
36,93,0.0,0.070730224
36,93,1.0,0.06573231
36,93,2.0,0.060580112
36,93,3.0,0.059495695
36,93,4.0,0.048505172
36,93,5.0,0.045665637
36,93,6.0,0.049215738
36,93,7.0,0.05113126
36,93,8.0,0.050982293
36,93,9.0,0.049734127
36,93,10.0,0.0496196
36,93,11.0,0.04658724
36,93,12.0,0.034175977
36,93,13.0,0.030340848
36,93,14.0,0.028893473
36,94,0.0,0.017054401
36,94,1.0,0.018856248
36,94,2.0,0.015838802
36,94,3.0,0.014431285
36,94,4.0,0.013622025
36,94,5.0,0.014526749
36,94,6.0,0.015936444
36,94,7.0,0.014000791
36,94,8.0,0.014042742
36,94,9.0,0.013048696
36,94,10.0,0.012411812
36,94,11.0,0.011242777
36,94,12.0,0.009690273
36,94,13.0,0.0101965545
36,94,14.0,0.010846281
36,95,0.0,0.00188407
36,95,1.0,0.0037063498
36,95,2.0,0.0036919252
36,95,3.0,0.0030762458
36,95,4.0,0.0026206137
36,95,5.0,0.0023869795
36,95,6.0,0.0027464698
36,95,7.0,0.0027931428
36,95,8.0,0.002245962
36,95,9.0,0.0017732189
36,95,10.0,0.0016852105
36,95,11.0,0.0020548115
36,95,12.0,0.0022197356
36,95,13.0,0.0018235485
36,95,14.0,0.0016740137
36,96,0.0,0.00033751669
36,96,1.0,0.00022315855
36,96,2.0,0.0001955441
36,96,3.0,0.00020126568
36,96,4.0,0.00023950498
36,96,5.0,0.0001938174
36,96,6.0,0.0001594199
36,96,7.0,0.0002016512
36,96,8.0,0.00022928188
36,96,9.0,0.0003217166
36,96,10.0,0.00046716264
36,96,11.0,0.00016238193
36,96,12.0,0.00011152015
36,96,13.0,0.00016112807
36,96,14.0,0.00029352476
36,97,0.0,9.938826e-06
36,97,1.0,8.52107e-05
36,97,2.0,8.510544e-05
36,97,3.0,2.0374986e-05
36,97,4.0,5.936205e-06
36,97,5.0,1.6125503e-05
36,97,6.0,2.4018256e-05
36,97,7.0,3.6634115e-06
36,97,8.0,2.0109071e-07
36,97,9.0,1.5518908e-07
36,97,10.0,8.6302543e-07
36,97,11.0,2.0421887e-06
36,97,12.0,5.73441e-06
36,97,13.0,4.8060956e-06
36,97,14.0,3.1824045e-06
36,98,0.0,3.642818e-07
36,98,1.0,1.7232229e-06
36,98,2.0,3.5347345e-08
36,98,3.0,3.3529252e-06
36,98,4.0,2.89166e-06
36,98,5.0,4.2477955e-06
36,98,6.0,3.7198572e-06
36,98,7.0,4.527304e-06
36,98,8.0,6.8454356e-06
36,98,9.0,8.28165e-06
36,98,10.0,5.783843e-06
36,98,11.0,4.3860408e-07
36,98,12.0,3.7671622e-08
36,98,13.0,5.3864806e-06
36,98,14.0,4.553335e-06
36,99,0.0,0.0
36,99,1.0,1.0345075e-06
36,99,2.0,0.0
36,99,3.0,0.0
36,99,4.0,0.0
36,99,5.0,0.0
36,99,6.0,0.0
36,99,7.0,0.0
36,99,8.0,0.0
36,99,9.0,3.282463e-08
36,99,10.0,1.3227792e-07
36,99,11.0,4.2303998e-07
36,99,12.0,1.7822948e-06
36,99,13.0,3.0142896e-06
36,99,14.0,8.69461e-06
36,100,0.0,4.7273643e-09
36,100,1.0,0.0
36,100,2.0,0.0
36,100,3.0,0.0
36,100,4.0,0.0
36,100,5.0,2.2470884e-08
36,100,6.0,8.287061e-08
36,100,7.0,4.4547552e-09
36,100,8.0,0.0
36,100,9.0,0.0
36,100,10.0,0.0
36,100,11.0,0.0
36,100,12.0,0.0
36,100,13.0,0.0
36,100,14.0,0.0
36,101,0.0,0.0
36,101,1.0,5.2282502e-08
36,101,2.0,6.827084e-07
36,101,3.0,2.74129e-08
36,101,4.0,0.0
36,101,5.0,0.0
36,101,6.0,7.4647566e-08
36,101,7.0,8.434152e-07
36,101,8.0,2.2014348e-07
36,101,9.0,3.4451753e-07
36,101,10.0,1.572786e-07
36,101,11.0,5.736456e-07
36,101,12.0,2.017685e-06
36,101,13.0,1.7797443e-06
36,101,14.0,4.173915e-07
36,102,0.0,0.0
36,102,1.0,0.0
36,102,2.0,1.5430532e-11
36,102,3.0,0.0
36,102,4.0,0.0
36,102,5.0,0.0
36,102,6.0,0.0
36,102,7.0,0.0
36,102,8.0,0.0
36,102,9.0,0.0
36,102,10.0,0.0
36,102,11.0,0.0
36,102,12.0,0.0
36,102,13.0,0.0
36,102,14.0,0.0
37,81,0.0,8.396876e-07
37,81,1.0,0.0
37,81,2.0,1.006323e-06
37,81,3.0,6.937314e-07
37,81,4.0,2.0694422e-07
37,81,5.0,5.801663e-07
37,81,6.0,2.8803092e-07
37,81,7.0,1.2324934e-07
37,81,8.0,4.0944818e-07
37,81,9.0,3.3429974e-06
37,81,10.0,4.0544055e-06
37,81,11.0,1.042935e-06
37,81,12.0,1.270945e-07
37,81,13.0,0.0
37,81,14.0,0.0
37,82,0.0,0.0
37,82,1.0,0.0
37,82,2.0,0.0
37,82,3.0,0.0
37,82,4.0,2.7759157e-08
37,82,5.0,1.8966433e-14
37,82,6.0,1.4029537e-12
37,82,7.0,0.0
37,82,8.0,0.0
37,82,9.0,0.0
37,82,10.0,0.0
37,82,11.0,5.586103e-07
37,82,12.0,4.5657086e-07
37,82,13.0,9.1382184e-08
37,82,14.0,0.0
37,83,0.0,7.0984686e-07
37,83,1.0,5.8202036e-06
37,83,2.0,5.830626e-08
37,83,3.0,1.6224095e-07
37,83,4.0,3.7349807e-07
37,83,5.0,2.4023686e-07
37,83,6.0,9.166263e-07
37,83,7.0,2.244949e-06
37,83,8.0,2.433755e-06
37,83,9.0,7.243506e-07
37,83,10.0,0.0
37,83,11.0,3.115322e-07
37,83,12.0,3.2269512e-07
37,83,13.0,2.6244887e-08
37,83,14.0,2.6888168e-07
37,84,0.0,1.6014708e-08
37,84,1.0,0.0
37,84,2.0,2.7385235e-07
37,84,3.0,1.5453193e-06
37,84,4.0,3.0286799e-06
37,84,5.0,8.181997e-06
37,84,6.0,7.3994056e-06
37,84,7.0,2.310444e-06
37,84,8.0,1.1965233e-06
37,84,9.0,9.014304e-07
37,84,10.0,3.4448585e-06
37,84,11.0,2.2914978e-06
37,84,12.0,0.0
37,84,13.0,0.0
37,84,14.0,2.2916122e-08
37,85,0.0,0.0
37,85,1.0,0.0
37,85,2.0,0.0
37,85,3.0,0.0
37,85,4.0,0.0
37,85,5.0,0.0
37,85,6.0,1.0421627e-07
37,85,7.0,1.4820183e-08
37,85,8.0,0.0
37,85,9.0,0.0
37,85,10.0,0.0
37,85,11.0,3.860011e-08
37,85,12.0,2.1448602e-06
37,85,13.0,8.3835275e-06
37,85,14.0,4.9426577e-05
37,86,0.0,1.5371364e-06
37,86,1.0,8.809221e-06
37,86,2.0,1.612637e-06
37,86,3.0,4.57291e-06
37,86,4.0,1.3801145e-05
37,86,5.0,2.5943444e-05
37,86,6.0,9.0673944e-05
37,86,7.0,0.0001238762
37,86,8.0,0.00017030878
37,86,9.0,0.00021964686
37,86,10.0,0.00022841868
37,86,11.0,0.00038291566
37,86,12.0,0.00046170372
37,86,13.0,0.0004308164
37,86,14.0,0.00035608458
37,87,0.0,0.0028611547
37,87,1.0,0.0019298972
37,87,2.0,0.0019227386
37,87,3.0,0.0019540032
37,87,4.0,0.0022323825
37,87,5.0,0.0026823413
37,87,6.0,0.003527652
37,87,7.0,0.0039123865
37,87,8.0,0.0038203415
37,87,9.0,0.004186407
37,87,10.0,0.005078985
37,87,11.0,0.0047070268
37,87,12.0,0.00497696
37,87,13.0,0.005987191
37,87,14.0,0.0080440305
37,88,0.0,0.009830796
37,88,1.0,0.008176389
37,88,2.0,0.007567361
37,88,3.0,0.0073984372
37,88,4.0,0.0067341747
37,88,5.0,0.0066044778
37,88,6.0,0.0082100425
37,88,7.0,0.00955611
37,88,8.0,0.011462281
37,88,9.0,0.012852188
37,88,10.0,0.013375272
37,88,11.0,0.013409319
37,88,12.0,0.016729692
37,88,13.0,0.017854005
37,88,14.0,0.021339046
37,89,0.0,0.070236415
37,89,1.0,0.05924533
37,89,2.0,0.06183358
37,89,3.0,0.058083694
37,89,4.0,0.055363122
37,89,5.0,0.05464702
37,89,6.0,0.065008655
37,89,7.0,0.07731349
37,89,8.0,0.08727871
37,89,9.0,0.089930646
37,89,10.0,0.08863688
37,89,11.0,0.08558365
37,89,12.0,0.09533685
37,89,13.0,0.10945737
37,89,14.0,0.1193939
37,90,0.0,0.13347101
37,90,1.0,0.12960379
37,90,2.0,0.13826719
37,90,3.0,0.13953322
37,90,4.0,0.14249898
37,90,5.0,0.14239237
37,90,6.0,0.14251448
37,90,7.0,0.14276527
37,90,8.0,0.14409994
37,90,9.0,0.14228004
37,90,10.0,0.13898116
37,90,11.0,0.14045733
37,90,12.0,0.14596973
37,90,13.0,0.16646539
37,90,14.0,0.19837523
37,91,0.0,0.3871087
37,91,1.0,0.32932824
37,91,2.0,0.33239442
37,91,3.0,0.33957264
37,91,4.0,0.35204175
37,91,5.0,0.35887423
37,91,6.0,0.37061095
37,91,7.0,0.39080855
37,91,8.0,0.40916762
37,91,9.0,0.40486684
37,91,10.0,0.39147902
37,91,11.0,0.37130004
37,91,12.0,0.36677665
37,91,13.0,0.3845771
37,91,14.0,0.4167087
37,92,0.0,0.47444123
37,92,1.0,0.43764845
37,92,2.0,0.42174152
37,92,3.0,0.45151028
37,92,4.0,0.46887285
37,92,5.0,0.47602046
37,92,6.0,0.47781655
37,92,7.0,0.4804409
37,92,8.0,0.4787685
37,92,9.0,0.46661323
37,92,10.0,0.42856613
37,92,11.0,0.3975188
37,92,12.0,0.39593986
37,92,13.0,0.413001
37,92,14.0,0.4240689
37,93,0.0,0.49607623
37,93,1.0,0.44600284
37,93,2.0,0.463553
37,93,3.0,0.48057333
37,93,4.0,0.48641244
37,93,5.0,0.46909177
37,93,6.0,0.452287
37,93,7.0,0.4485861
37,93,8.0,0.44131875
37,93,9.0,0.40989578
37,93,10.0,0.37544617
37,93,11.0,0.3519449
37,93,12.0,0.35168004
37,93,13.0,0.35991776
37,93,14.0,0.35001546
37,94,0.0,0.23562424
37,94,1.0,0.26018545
37,94,2.0,0.28713036
37,94,3.0,0.3021378
37,94,4.0,0.32206467
37,94,5.0,0.32104158
37,94,6.0,0.30494297
37,94,7.0,0.2840448
37,94,8.0,0.2578921
37,94,9.0,0.23863176
37,94,10.0,0.22948618
37,94,11.0,0.2407683
37,94,12.0,0.24577215
37,94,13.0,0.22804591
37,94,14.0,0.20998119
37,95,0.0,0.10234063
37,95,1.0,0.10052183
37,95,2.0,0.11593903
37,95,3.0,0.12518983
37,95,4.0,0.12800106
37,95,5.0,0.12464486
37,95,6.0,0.12053193
37,95,7.0,0.11474562
37,95,8.0,0.105369434
37,95,9.0,0.095447145
37,95,10.0,0.09200941
37,95,11.0,0.095614925
37,95,12.0,0.09866799
37,95,13.0,0.09217437
37,95,14.0,0.080731705
37,96,0.0,0.026839375
37,96,1.0,0.034989506
37,96,2.0,0.03707477
37,96,3.0,0.042826273
37,96,4.0,0.046287246
37,96,5.0,0.045522735
37,96,6.0,0.041734114
37,96,7.0,0.036701478
37,96,8.0,0.03410551
37,96,9.0,0.034679953
37,96,10.0,0.03665573
37,96,11.0,0.037797075
37,96,12.0,0.033211675
37,96,13.0,0.031414
37,96,14.0,0.026267624
37,97,0.0,0.0035892732
37,97,1.0,0.004653478
37,97,2.0,0.0053791697
37,97,3.0,0.00808984
37,97,4.0,0.008809495
37,97,5.0,0.00797178
37,97,6.0,0.0064864033
37,97,7.0,0.0053083845
37,97,8.0,0.0049302955
37,97,9.0,0.0052909926
37,97,10.0,0.006502776
37,97,11.0,0.008242442
37,97,12.0,0.0077971313
37,97,13.0,0.0056647677
37,97,14.0,0.0048816204
37,98,0.0,0.00033069536
37,98,1.0,0.00032559168
37,98,2.0,0.0006669093
37,98,3.0,0.00092456886
37,98,4.0,0.0010286127
37,98,5.0,0.00084961776
37,98,6.0,0.0007538181
37,98,7.0,0.0008078287
37,98,8.0,0.0008289811
37,98,9.0,0.0009208296
37,98,10.0,0.0011151698
37,98,11.0,0.0011490199
37,98,12.0,0.0014128851
37,98,13.0,0.0011548608
37,98,14.0,0.0008120143
37,99,0.0,4.4316253e-05
37,99,1.0,1.9442994e-05
37,99,2.0,8.420809e-05
37,99,3.0,8.28233e-05
37,99,4.0,0.00015522505
37,99,5.0,0.00015231894
37,99,6.0,0.00011857046
37,99,7.0,0.00015666247
37,99,8.0,0.00020186832
37,99,9.0,0.00025902898
37,99,10.0,0.00026856785
37,99,11.0,0.00031384756
37,99,12.0,0.00029199803
37,99,13.0,0.00020481994
37,99,14.0,7.559812e-05
37,100,0.0,2.8791032e-06
37,100,1.0,1.3055404e-06
37,100,2.0,4.348968e-06
37,100,3.0,2.5114218e-06
37,100,4.0,1.6780326e-06
37,100,5.0,1.449083e-06
37,100,6.0,1.5789685e-06
37,100,7.0,9.638146e-07
37,100,8.0,1.1184279e-07
37,100,9.0,2.1444196e-10
37,100,10.0,1.0593876e-09
37,100,11.0,3.7592062e-07
37,100,12.0,2.0459506e-06
37,100,13.0,0.0
37,100,14.0,0.0
37,101,0.0,0.0
37,101,1.0,1.5454013e-07
37,101,2.0,1.870156e-11
37,101,3.0,3.7177972e-07
37,101,4.0,1.8571096e-06
37,101,5.0,9.728348e-07
37,101,6.0,6.1072865e-07
37,101,7.0,1.2629498e-06
37,101,8.0,1.3748046e-06
37,101,9.0,6.6672385e-07
37,101,10.0,8.20207e-08
37,101,11.0,1.4454572e-08
37,101,12.0,2.2143453e-07
37,101,13.0,3.2321444e-07
37,101,14.0,1.4945625e-06
37,102,0.0,0.0
37,102,1.0,2.4886049e-08
37,102,2.0,0.0
37,102,3.0,0.0
37,102,4.0,0.0
37,102,5.0,0.0
37,102,6.0,0.0
37,102,7.0,0.0
37,102,8.0,0.0
37,102,9.0,0.0
37,102,10.0,0.0
37,102,11.0,0.0
37,102,12.0,3.2345795e-09
37,102,13.0,2.6731637e-08
37,102,14.0,1.9569275e-09
37,103,0.0,9.423816e-09
37,103,1.0,5.0139825e-08
37,103,2.0,3.1134874e-08
37,103,3.0,2.7050225e-08
37,103,4.0,2.7161454e-07
37,103,5.0,8.868528e-07
37,103,6.0,4.1492382e-07
37,103,7.0,4.3684782e-08
37,103,8.0,1.1991224e-09
37,103,9.0,0.0
37,103,10.0,0.0
37,103,11.0,0.0
37,103,12.0,4.5893333e-07
37,103,13.0,1.6058933e-06
37,103,14.0,2.7490339e-07
37,104,0.0,0.0
37,104,1.0,0.0
37,104,2.0,4.337455e-10
37,104,3.0,0.0
37,104,4.0,0.0
37,104,5.0,0.0
37,104,6.0,2.4590571e-08
37,104,7.0,1.13823055e-10
37,104,8.0,0.0
37,104,9.0,0.0
37,104,10.0,0.0
37,104,11.0,0.0
37,104,12.0,0.0
37,104,13.0,3.5093406e-09
37,104,14.0,0.0
37,105,0.0,5.9553322e-09
37,105,1.0,1.8404887e-09
37,105,2.0,2.7704297e-09
37,105,3.0,9.593869e-10
37,105,4.0,0.0
37,105,5.0,0.0
37,105,6.0,0.0
37,105,7.0,0.0
37,105,8.0,0.0
37,105,9.0,0.0
37,105,10.0,0.0
37,105,11.0,0.0
37,105,12.0,0.0
37,105,13.0,0.0
37,105,14.0,4.7489924e-12
38,83,0.0,8.507332e-10
38,83,1.0,4.7594816e-07
38,83,2.0,1.6156066e-07
38,83,3.0,1.70431e-08
38,83,4.0,0.0
38,83,5.0,4.7995226e-09
38,83,6.0,8.638147e-07
38,83,7.0,4.796087e-06
38,83,8.0,3.6921092e-06
38,83,9.0,3.2567211e-06
38,83,10.0,1.2946417e-06
38,83,11.0,1.41599426e-08
38,83,12.0,5.5799884e-08
38,83,13.0,8.2903387e-07
38,83,14.0,1.2965698e-06
38,84,0.0,1.8790297e-06
38,84,1.0,1.1257434e-06
38,84,2.0,1.1729578e-06
38,84,3.0,5.366299e-07
38,84,4.0,4.3499075e-08
38,84,5.0,6.148262e-09
38,84,6.0,1.6616555e-07
38,84,7.0,1.0004009e-06
38,84,8.0,1.2198785e-05
38,84,9.0,1.449627e-05
38,84,10.0,1.5035155e-05
38,84,11.0,7.649733e-06
38,84,12.0,1.08717495e-05
38,84,13.0,1.0330572e-05
38,84,14.0,7.23295e-07
38,85,0.0,0.0
38,85,1.0,0.0
38,85,2.0,0.0
38,85,3.0,0.0
38,85,4.0,0.0
38,85,5.0,0.0
38,85,6.0,0.0
38,85,7.0,0.0
38,85,8.0,0.0
38,85,9.0,0.0
38,85,10.0,0.0
38,85,11.0,0.0
38,85,12.0,0.0
38,85,13.0,0.0
38,85,14.0,2.3263932e-10
38,86,0.0,1.3662822e-07
38,86,1.0,0.0
38,86,2.0,0.0
38,86,3.0,0.0
38,86,4.0,0.0
38,86,5.0,0.0
38,86,6.0,9.1040075e-12
38,86,7.0,5.189079e-07
38,86,8.0,8.7125505e-07
38,86,9.0,7.118734e-07
38,86,10.0,9.1968883e-07
38,86,11.0,2.8538102e-06
38,86,12.0,1.060937e-06
38,86,13.0,1.914899e-07
38,86,14.0,4.1328596e-07
38,87,0.0,0.0
38,87,1.0,3.6637522e-09
38,87,2.0,0.0
38,87,3.0,0.0
38,87,4.0,0.0
38,87,5.0,0.0
38,87,6.0,0.0
38,87,7.0,0.0
38,87,8.0,0.0
38,87,9.0,1.599288e-06
38,87,10.0,6.4068304e-06
38,87,11.0,9.765219e-06
38,87,12.0,1.4654606e-05
38,87,13.0,1.8912879e-05
38,87,14.0,2.0457855e-05
38,88,0.0,7.150653e-06
38,88,1.0,1.1497983e-05
38,88,2.0,4.191867e-06
38,88,3.0,2.0565265e-05
38,88,4.0,3.4197954e-05
38,88,5.0,3.0112162e-05
38,88,6.0,2.339898e-05
38,88,7.0,2.0429294e-05
38,88,8.0,3.060162e-05
38,88,9.0,3.418643e-05
38,88,10.0,4.5229634e-05
38,88,11.0,9.237058e-05
38,88,12.0,0.00018189312
38,88,13.0,0.00026323344
38,88,14.0,0.0002937646
38,89,0.0,0.0014173549
38,89,1.0,0.0012510831
38,89,2.0,0.0019105134
38,89,3.0,0.0012073242
38,89,4.0,0.001147151
38,89,5.0,0.0010662875
38,89,6.0,0.0010279382
38,89,7.0,0.0011797063
38,89,8.0,0.0014469653
38,89,9.0,0.0017384178
38,89,10.0,0.0021354859
38,89,11.0,0.0025342663
38,89,12.0,0.0024852166
38,89,13.0,0.002953712
38,89,14.0,0.0036889291
38,90,0.0,0.0077713807
38,90,1.0,0.0061395485
38,90,2.0,0.0055183205
38,90,3.0,0.004974368
38,90,4.0,0.0046143928
38,90,5.0,0.0037171014
38,90,6.0,0.0044389297
38,90,7.0,0.0055649085
38,90,8.0,0.0062890877
38,90,9.0,0.007183801
38,90,10.0,0.008853789
38,90,11.0,0.009083745
38,90,12.0,0.009644475
38,90,13.0,0.010679007
38,90,14.0,0.014095181
38,91,0.0,0.035385378
38,91,1.0,0.02791613
38,91,2.0,0.027832944
38,91,3.0,0.026442109
38,91,4.0,0.02871026
38,91,5.0,0.03306477
38,91,6.0,0.039356556
38,91,7.0,0.046679806
38,91,8.0,0.050371207
38,91,9.0,0.052429717
38,91,10.0,0.052303027
38,91,11.0,0.05347991
38,91,12.0,0.052116845
38,91,13.0,0.050732575
38,91,14.0,0.0638002
38,92,0.0,0.16592272
38,92,1.0,0.17143387
38,92,2.0,0.14973742
38,92,3.0,0.13686176
38,92,4.0,0.1338275
38,92,5.0,0.13121088
38,92,6.0,0.12578282
38,92,7.0,0.13089994
38,92,8.0,0.13936299
38,92,9.0,0.14787628
38,92,10.0,0.15117526
38,92,11.0,0.15561038
38,92,12.0,0.16227701
38,92,13.0,0.16794841
38,92,14.0,0.18370979
38,93,0.0,0.334885
38,93,1.0,0.35711497
38,93,2.0,0.34365523
38,93,3.0,0.31826237
38,93,4.0,0.2994114
38,93,5.0,0.29868028
38,93,6.0,0.30075696
38,93,7.0,0.30618283
38,93,8.0,0.3150063
38,93,9.0,0.32261482
38,93,10.0,0.33159727
38,93,11.0,0.3280552
38,93,12.0,0.32945535
38,93,13.0,0.33528182
38,93,14.0,0.3545172
38,94,0.0,0.70752215
38,94,1.0,0.66028994
38,94,2.0,0.6142808
38,94,3.0,0.6094712
38,94,4.0,0.5381649
38,94,5.0,0.5168171
38,94,6.0,0.5284146
38,94,7.0,0.5278673
38,94,8.0,0.533183
38,94,9.0,0.5337741
38,94,10.0,0.48949006
38,94,11.0,0.4990641
38,94,12.0,0.4653036
38,94,13.0,0.43333074
38,94,14.0,0.4572108
38,95,0.0,0.6972921
38,95,1.0,0.7176307
38,95,2.0,0.6512088
38,95,3.0,0.5881902
38,95,4.0,0.5629336
38,95,5.0,0.56828505
38,95,6.0,0.5560186
38,95,7.0,0.54632294
38,95,8.0,0.5338224
38,95,9.0,0.51477474
38,95,10.0,0.50999796
38,95,11.0,0.48538136
38,95,12.0,0.44063562
38,95,13.0,0.43452686
38,95,14.0,0.4366589
38,96,0.0,0.5964039
38,96,1.0,0.6460276
38,96,2.0,0.56635326
38,96,3.0,0.5262689
38,96,4.0,0.44990528
38,96,5.0,0.41358986
38,96,6.0,0.4124755
38,96,7.0,0.39846238
38,96,8.0,0.3844822
38,96,9.0,0.3693862
38,96,10.0,0.35437688
38,96,11.0,0.3180011
38,96,12.0,0.30468854
38,96,13.0,0.29391408
38,96,14.0,0.28009808
38,97,0.0,0.26070812
38,97,1.0,0.27749893
38,97,2.0,0.26046655
38,97,3.0,0.23195517
38,97,4.0,0.22207375
38,97,5.0,0.20713043
38,97,6.0,0.20062095
38,97,7.0,0.19636838
38,97,8.0,0.1870937
38,97,9.0,0.177979
38,97,10.0,0.17415906
38,97,11.0,0.17150888
38,97,12.0,0.15534244
38,97,13.0,0.14137822
38,97,14.0,0.12721169
38,98,0.0,0.117079094
38,98,1.0,0.114221945
38,98,2.0,0.09776053
38,98,3.0,0.08547676
38,98,4.0,0.080936305
38,98,5.0,0.08474193
38,98,6.0,0.07796495
38,98,7.0,0.07450728
38,98,8.0,0.07364732
38,98,9.0,0.075792454
38,98,10.0,0.07497235
38,98,11.0,0.0668484
38,98,12.0,0.061897572
38,98,13.0,0.055969186
38,98,14.0,0.052084055
38,99,0.0,0.019040633
38,99,1.0,0.024029605
38,99,2.0,0.023429655
38,99,3.0,0.020947602
38,99,4.0,0.017964138
38,99,5.0,0.014891258
38,99,6.0,0.01426311
38,99,7.0,0.013863823
38,99,8.0,0.013815218
38,99,9.0,0.015560672
38,99,10.0,0.017520841
38,99,11.0,0.015884835
38,99,12.0,0.014196057
38,99,13.0,0.013487073
38,99,14.0,0.012996033
38,100,0.0,0.0025772434
38,100,1.0,0.003377157
38,100,2.0,0.0032658454
38,100,3.0,0.0029694326
38,100,4.0,0.0031608762
38,100,5.0,0.0029204483
38,100,6.0,0.0026164153
38,100,7.0,0.0025585524
38,100,8.0,0.0026772714
38,100,9.0,0.0026080303
38,100,10.0,0.0027194375
38,100,11.0,0.002894505
38,100,12.0,0.002572739
38,100,13.0,0.0019695892
38,100,14.0,0.0019377458
38,101,0.0,0.00055233785
38,101,1.0,0.0002708803
38,101,2.0,0.00031544207
38,101,3.0,0.00033842112
38,101,4.0,0.00040023183
38,101,5.0,0.00035725496
38,101,6.0,0.00031515592
38,101,7.0,0.00025862022
38,101,8.0,0.00022655018
38,101,9.0,0.00026377145
38,101,10.0,0.0003774613
38,101,11.0,0.0005523403
38,101,12.0,0.0005525114
38,101,13.0,0.00041491317
38,101,14.0,0.00033076454
38,102,0.0,7.132794e-05
38,102,1.0,8.072094e-06
38,102,2.0,7.7898096e-07
38,102,3.0,1.482502e-06
38,102,4.0,7.156478e-06
38,102,5.0,9.577873e-06
38,102,6.0,1.3725403e-05
38,102,7.0,1.9165169e-05
38,102,8.0,3.192399e-05
38,102,9.0,4.748432e-05
38,102,10.0,3.7757793e-05
38,102,11.0,9.810291e-06
38,102,12.0,1.0830975e-05
38,102,13.0,2.8895802e-05
38,102,14.0,3.760613e-05
38,103,0.0,0.0
38,103,1.0,0.0
38,103,2.0,0.0
38,103,3.0,2.8044453e-09
38,103,4.0,2.9222002e-07
38,103,5.0,4.3151294e-10
38,103,6.0,0.0
38,103,7.0,0.0
38,103,8.0,0.0
38,103,9.0,0.0
38,103,10.0,0.0
38,103,11.0,0.0
38,103,12.0,0.0
38,103,13.0,0.0
38,103,14.0,1.9483076e-08
38,104,0.0,9.595539e-09
38,104,1.0,0.0
38,104,2.0,1.9777707e-08
38,104,3.0,1.3028364e-06
38,104,4.0,4.255297e-07
38,104,5.0,6.315129e-08
38,104,6.0,0.0
38,104,7.0,0.0
38,104,8.0,1.1981019e-06
38,104,9.0,9.32067e-07
38,104,10.0,4.870586e-07
38,104,11.0,7.242485e-07
38,104,12.0,5.1871357e-06
38,104,13.0,3.7931302e-06
38,104,14.0,6.3011403e-06
38,105,0.0,1.8756542e-07
38,105,1.0,2.9304954e-07
38,105,2.0,6.239874e-11
38,105,3.0,0.0
38,105,4.0,0.0
38,105,5.0,0.0
38,105,6.0,8.134045e-09
38,105,7.0,4.8193846e-07
38,105,8.0,4.1492532e-07
38,105,9.0,1.3102786e-08
38,105,10.0,0.0
38,105,11.0,0.0
38,105,12.0,0.0
38,105,13.0,0.0
38,105,14.0,0.0
38,106,0.0,7.885909e-08
38,106,1.0,2.0963431e-07
38,106,2.0,7.84548e-09
38,106,3.0,1.7161703e-08
38,106,4.0,3.694654e-08
38,106,5.0,4.889161e-09
38,106,6.0,3.0656743e-08
38,106,7.0,1.6044214e-07
38,106,8.0,1.6342373e-07
38,106,9.0,1.3271878e-07
38,106,10.0,2.3372905e-07
38,106,11.0,1.1868191e-06
38,106,12.0,3.8766035e-09
38,106,13.0,3.0054116e-07
38,106,14.0,8.706181e-07
38,107,0.0,1.457488e-07
38,107,1.0,2.5683761e-08
38,107,2.0,0.0
38,107,3.0,0.0
38,107,4.0,0.0
38,107,5.0,0.0
38,107,6.0,0.0
38,107,7.0,0.0
38,107,8.0,0.0
38,107,9.0,0.0
38,107,10.0,0.0
38,107,11.0,0.0
38,107,12.0,0.0
38,107,13.0,0.0
38,107,14.0,0.0
39,86,0.0,1.7467724e-05
39,86,1.0,2.8780216e-06
39,86,2.0,4.9425887e-07
39,86,3.0,1.450532e-07
39,86,4.0,1.1662226e-08
39,86,5.0,2.3531085e-07
39,86,6.0,7.792293e-07
39,86,7.0,3.6187853e-06
39,86,8.0,3.3218946e-06
39,86,9.0,4.2396906e-07
39,86,10.0,3.3282328e-07
39,86,11.0,3.2204542e-07
39,86,12.0,0.0
39,86,13.0,0.0
39,86,14.0,5.758533e-11
39,87,0.0,7.873158e-09
39,87,1.0,0.0
39,87,2.0,4.0483363e-07
39,87,3.0,1.0153341e-06
39,87,4.0,4.3741153e-07
39,87,5.0,9.9071954e-08
39,87,6.0,4.9932364e-10
39,87,7.0,0.0
39,87,8.0,0.0
39,87,9.0,0.0
39,87,10.0,5.9509947e-08
39,87,11.0,7.807756e-08
39,87,12.0,7.000252e-12
39,87,13.0,0.0
39,87,14.0,0.0
39,88,0.0,0.0
39,88,1.0,0.0
39,88,2.0,1.7116403e-06
39,88,3.0,1.8350657e-07
39,88,4.0,0.0
39,88,5.0,0.0
39,88,6.0,0.0
39,88,7.0,4.6745566e-08
39,88,8.0,3.9221757e-07
39,88,9.0,2.0031446e-06
39,88,10.0,1.1781616e-06
39,88,11.0,4.768386e-07
39,88,12.0,0.0
39,88,13.0,0.0
39,88,14.0,1.1111907e-07
39,89,0.0,0.0
39,89,1.0,0.0
39,89,2.0,0.0
39,89,3.0,0.0
39,89,4.0,0.0
39,89,5.0,0.0
39,89,6.0,0.0
39,89,7.0,0.0
39,89,8.0,7.88632e-08
39,89,9.0,3.1130998e-07
39,89,10.0,0.0
39,89,11.0,0.0
39,89,12.0,0.0
39,89,13.0,0.0
39,89,14.0,0.0
39,90,0.0,1.6214528e-06
39,90,1.0,1.2185162e-06
39,90,2.0,1.8422528e-06
39,90,3.0,1.7922858e-06
39,90,4.0,2.1429464e-06
39,90,5.0,4.5039924e-06
39,90,6.0,1.6880883e-06
39,90,7.0,9.962576e-08
39,90,8.0,4.1422027e-08
39,90,9.0,5.6959885e-07
39,90,10.0,2.9709452e-06
39,90,11.0,9.354658e-06
39,90,12.0,8.090918e-05
39,90,13.0,0.00016269289
39,90,14.0,0.00022519403
39,91,0.0,0.00040867756
39,91,1.0,0.00035786373
39,91,2.0,0.00044804416
39,91,3.0,0.00059924007
39,91,4.0,0.0006953469
39,91,5.0,0.0008407608
39,91,6.0,0.0009408758
39,91,7.0,0.00093500933
39,91,8.0,0.0010503466
39,91,9.0,0.0009545978
39,91,10.0,0.0009503683
39,91,11.0,0.0008490559
39,91,12.0,0.0011198882
39,91,13.0,0.0017242966
39,91,14.0,0.0022402143
39,92,0.0,0.0042857537
39,92,1.0,0.002432749
39,92,2.0,0.0028698603
39,92,3.0,0.0038688097
39,92,4.0,0.0039102687
39,92,5.0,0.0044245203
39,92,6.0,0.0051552374
39,92,7.0,0.0063342196
39,92,8.0,0.0073598353
39,92,9.0,0.0070271753
39,92,10.0,0.0056487387
39,92,11.0,0.0073390636
39,92,12.0,0.007979289
39,92,13.0,0.009278483
39,92,14.0,0.0099938745
39,93,0.0,0.01949167
39,93,1.0,0.018822497
39,93,2.0,0.019850856
39,93,3.0,0.023207583
39,93,4.0,0.02589313
39,93,5.0,0.029232068
39,93,6.0,0.031046879
39,93,7.0,0.03362692
39,93,8.0,0.03795083
39,93,9.0,0.038673
39,93,10.0,0.04126731
39,93,11.0,0.038702264
39,93,12.0,0.039480813
39,93,13.0,0.044167478
39,93,14.0,0.052265882
39,94,0.0,0.04561731
39,94,1.0,0.04541304
39,94,2.0,0.053447176
39,94,3.0,0.065749764
39,94,4.0,0.07019189
39,94,5.0,0.06938406
39,94,6.0,0.07288269
39,94,7.0,0.079413645
39,94,8.0,0.08081828
39,94,9.0,0.07868766
39,94,10.0,0.08629962
39,94,11.0,0.093337156
39,94,12.0,0.11010505
39,94,13.0,0.11805225
39,94,14.0,0.1291965
39,95,0.0,0.18437512
39,95,1.0,0.1926436
39,95,2.0,0.22257425
39,95,3.0,0.23691228
39,95,4.0,0.2675324
39,95,5.0,0.2743312
39,95,6.0,0.2785106
39,95,7.0,0.27440453
39,95,8.0,0.26238742
39,95,9.0,0.26213187
39,95,10.0,0.2684043
39,95,11.0,0.2719654
39,95,12.0,0.28944615
39,95,13.0,0.30442128
39,95,14.0,0.32142752
39,96,0.0,0.26850918
39,96,1.0,0.26641327
39,96,2.0,0.3639203
39,96,3.0,0.38232896
39,96,4.0,0.3919038
39,96,5.0,0.38628873
39,96,6.0,0.37412804
39,96,7.0,0.378405
39,96,8.0,0.37700894
39,96,9.0,0.3574677
39,96,10.0,0.3674666
39,96,11.0,0.40342543
39,96,12.0,0.37587154
39,96,13.0,0.3710023
39,96,14.0,0.38715136
39,97,0.0,0.48562783
39,97,1.0,0.4947751
39,97,2.0,0.5173571
39,97,3.0,0.5552899
39,97,4.0,0.57436407
39,97,5.0,0.5694078
39,97,6.0,0.5440455
39,97,7.0,0.5328388
39,97,8.0,0.5338969
39,97,9.0,0.54106444
39,97,10.0,0.5389623
39,97,11.0,0.52420664
39,97,12.0,0.49276283
39,97,13.0,0.46899912
39,97,14.0,0.46330848
39,98,0.0,0.3691085
39,98,1.0,0.40857542
39,98,2.0,0.5178274
39,98,3.0,0.5486033
39,98,4.0,0.5458454
39,98,5.0,0.52659816
39,98,6.0,0.48267815
39,98,7.0,0.43549573
39,98,8.0,0.41808066
39,98,9.0,0.41475263
39,98,10.0,0.41464826
39,98,11.0,0.41318142
39,98,12.0,0.40366855
39,98,13.0,0.40308747
39,98,14.0,0.38574037
39,99,0.0,0.28762504
39,99,1.0,0.30146757
39,99,2.0,0.35592818
39,99,3.0,0.38766283
39,99,4.0,0.39007747
39,99,5.0,0.36295208
39,99,6.0,0.33392298
39,99,7.0,0.30133018
39,99,8.0,0.2704945
39,99,9.0,0.2580267
39,99,10.0,0.2668281
39,99,11.0,0.27632922
39,99,12.0,0.26440793
39,99,13.0,0.23792318
39,99,14.0,0.21456972
39,100,0.0,0.09800807
39,100,1.0,0.13849661
39,100,2.0,0.16344231
39,100,3.0,0.18040805
39,100,4.0,0.17687714
39,100,5.0,0.16249442
39,100,6.0,0.1439223
39,100,7.0,0.12878038
39,100,8.0,0.121776685
39,100,9.0,0.121521965
39,100,10.0,0.1222947
39,100,11.0,0.12571102
39,100,12.0,0.13186044
39,100,13.0,0.1167437
39,100,14.0,0.0919068
39,101,0.0,0.029332038
39,101,1.0,0.03688961
39,101,2.0,0.046702776
39,101,3.0,0.05670308
39,101,4.0,0.055750325
39,101,5.0,0.054043982
39,101,6.0,0.050833497
39,101,7.0,0.04584657
39,101,8.0,0.042944334
39,101,9.0,0.041203495
39,101,10.0,0.04139468
39,101,11.0,0.041372873
39,101,12.0,0.04260922
39,101,13.0,0.039783753
39,101,14.0,0.03179881
39,102,0.0,0.0058679343
39,102,1.0,0.007887387
39,102,2.0,0.0111050075
39,102,3.0,0.013831994
39,102,4.0,0.014069932
39,102,5.0,0.012735
39,102,6.0,0.011141333
39,102,7.0,0.009453357
39,102,8.0,0.007658033
39,102,9.0,0.0072802543
39,102,10.0,0.008275754
39,102,11.0,0.009348669
39,102,12.0,0.010530762
39,102,13.0,0.007832018
39,102,14.0,0.005068198
39,103,0.0,0.0004625697
39,103,1.0,0.0013243862
39,103,2.0,0.0013223751
39,103,3.0,0.0020914953
39,103,4.0,0.00218565
39,103,5.0,0.0019397379
39,103,6.0,0.0016381894
39,103,7.0,0.0013097901
39,103,8.0,0.001085944
39,103,9.0,0.0008795404
39,103,10.0,0.00086181186
39,103,11.0,0.0011268402
39,103,12.0,0.0016092937
39,103,13.0,0.001641247
39,103,14.0,0.0011176342
39,104,0.0,1.6910551e-05
39,104,1.0,2.248011e-05
39,104,2.0,6.305699e-05
39,104,3.0,8.465991e-05
39,104,4.0,9.8820885e-05
39,104,5.0,0.00011008696
39,104,6.0,0.000121983314
39,104,7.0,0.00012361372
39,104,8.0,8.0620914e-05
39,104,9.0,5.6306493e-05
39,104,10.0,2.31595e-05
39,104,11.0,1.0189886e-05
39,104,12.0,3.2529293e-05
39,104,13.0,5.1737497e-05
39,104,14.0,0.00011431292
39,105,0.0,0.0
39,105,1.0,4.564194e-08
39,105,2.0,1.618132e-07
39,105,3.0,5.612058e-07
39,105,4.0,2.3053578e-06
39,105,5.0,1.7675703e-06
39,105,6.0,2.6506498e-06
39,105,7.0,1.2767582e-05
39,105,8.0,1.7969067e-05
39,105,9.0,6.6344264e-06
39,105,10.0,3.0217734e-06
39,105,11.0,1.4259318e-05
39,105,12.0,6.2031155e-05
39,105,13.0,5.8198846e-05
39,105,14.0,1.7044851e-05
39,106,0.0,1.082408e-08
39,106,1.0,0.0
39,106,2.0,0.0
39,106,3.0,2.1117008e-09
39,106,4.0,3.638274e-07
39,106,5.0,2.2316244e-06
39,106,6.0,7.4395643e-06
39,106,7.0,1.9423287e-05
39,106,8.0,1.9292534e-05
39,106,9.0,7.4943546e-06
39,106,10.0,5.8173496e-06
39,106,11.0,1.3709701e-05
39,106,12.0,2.0362933e-05
39,106,13.0,1.0259305e-05
39,106,14.0,5.0440656e-07
39,107,0.0,3.3830725e-06
39,107,1.0,0.0
39,107,2.0,0.0
39,107,3.0,8.440486e-09
39,107,4.0,1.101414e-07
39,107,5.0,1.8208317e-07
39,107,6.0,2.2994655e-07
39,107,7.0,4.3148825e-07
39,107,8.0,4.7479293e-07
39,107,9.0,1.9221838e-07
39,107,10.0,7.972125e-08
39,107,11.0,1.2129524e-07
39,107,12.0,5.7772405e-07
39,107,13.0,8.4252304e-07
39,107,14.0,1.6615699e-06
39,108,0.0,1.0343354e-05
39,108,1.0,0.0
39,108,2.0,1.3680392e-07
39,108,3.0,2.9352285e-07
39,108,4.0,7.003018e-07
39,108,5.0,9.504683e-07
39,108,6.0,1.3528435e-06
39,108,7.0,1.3443643e-06
39,108,8.0,1.0555709e-06
39,108,9.0,1.2178976e-06
39,108,10.0,1.2175474e-06
39,108,11.0,2.9342023e-06
39,108,12.0,3.5717119e-06
39,108,13.0,2.7607875e-06
39,108,14.0,1.7827904e-06
39,109,0.0,8.467099e-09
39,109,1.0,3.6654374e-06
39,109,2.0,5.2926307e-06
39,109,3.0,1.15629e-06
39,109,4.0,1.2352128e-06
39,109,5.0,1.7058964e-06
39,109,6.0,4.6496632e-07
39,109,7.0,1.8974796e-07
39,109,8.0,2.6640376e-07
39,109,9.0,4.824606e-07
39,109,10.0,5.259444e-08
39,109,11.0,0.0
39,109,12.0,0.0
39,109,13.0,0.0
39,109,14.0,1.4470432e-07
40,88,0.0,2.4269704e-07
40,88,1.0,1.7016331e-08
40,88,2.0,0.0
40,88,3.0,1.1167575e-07
40,88,4.0,8.922787e-06
40,88,5.0,2.2296534e-05
40,88,6.0,4.1421754e-05
40,88,7.0,6.2506966e-05
40,88,8.0,8.719239e-05
40,88,9.0,7.354644e-05
40,88,10.0,0.00015846686
40,88,11.0,0.00017229625
40,88,12.0,0.00015346844
40,88,13.0,0.000116984884
40,88,14.0,2.0955013e-05
40,89,0.0,0.0
40,89,1.0,1.5359142e-07
40,89,2.0,2.6639618e-10
40,89,3.0,4.5095646e-08
40,89,4.0,0.0
40,89,5.0,0.0
40,89,6.0,0.0
40,89,7.0,0.0
40,89,8.0,0.0
40,89,9.0,0.0
40,89,10.0,0.0
40,89,11.0,1.6151575e-09
40,89,12.0,0.0
40,89,13.0,0.0
40,89,14.0,0.0
40,90,0.0,6.926326e-06
40,90,1.0,4.191404e-07
40,90,2.0,6.8588326e-07
40,90,3.0,3.92483e-08
40,90,4.0,1.1194826e-06
40,90,5.0,2.6003832e-07
40,90,6.0,2.4582375e-08
40,90,7.0,3.7063185e-08
40,90,8.0,5.5200033e-08
40,90,9.0,1.5449794e-07
40,90,10.0,9.64215e-07
40,90,11.0,7.2770445e-07
40,90,12.0,3.8578787e-06
40,90,13.0,1.2042087e-05
40,90,14.0,5.2600817e-06
40,91,0.0,6.6263777e-09
40,91,1.0,0.0
40,91,2.0,0.0
40,91,3.0,0.0
40,91,4.0,0.0
40,91,5.0,0.0
40,91,6.0,1.759909e-06
40,91,7.0,4.871552e-06
40,91,8.0,2.948408e-06
40,91,9.0,1.6889924e-06
40,91,10.0,4.898754e-06
40,91,11.0,8.412734e-06
40,91,12.0,1.4649164e-06
40,91,13.0,6.492911e-08
40,91,14.0,5.8554184e-07
40,92,0.0,0.0
40,92,1.0,0.0
40,92,2.0,0.0
40,92,3.0,0.0
40,92,4.0,0.0
40,92,5.0,0.0
40,92,6.0,0.0
40,92,7.0,0.0
40,92,8.0,0.0
40,92,9.0,8.7747626e-10
40,92,10.0,5.936782e-07
40,92,11.0,2.7110028e-07
40,92,12.0,1.3237694e-06
40,92,13.0,3.1205452e-06
40,92,14.0,6.114443e-06
40,93,0.0,0.000107187196
40,93,1.0,2.5327305e-05
40,93,2.0,2.4189821e-05
40,93,3.0,0.00012702412
40,93,4.0,0.00012373061
40,93,5.0,7.9145975e-05
40,93,6.0,0.00011477877
40,93,7.0,0.00012838887
40,93,8.0,0.00012656846
40,93,9.0,0.00014966953
40,93,10.0,0.00014526675
40,93,11.0,0.00027498422
40,93,12.0,0.00027081725
40,93,13.0,0.00034369781
40,93,14.0,0.0004617179
40,94,0.0,0.00055171695
40,94,1.0,0.0006374107
40,94,2.0,0.0003932578
40,94,3.0,0.00070895517
40,94,4.0,0.0006992217
40,94,5.0,0.0006742769
40,94,6.0,0.001375659
40,94,7.0,0.0013976094
40,94,8.0,0.0011090803
40,94,9.0,0.0009839615
40,94,10.0,0.0010190252
40,94,11.0,0.0012089959
40,94,12.0,0.001633852
40,94,13.0,0.0023494111
40,94,14.0,0.0034198985
40,95,0.0,0.012257019
40,95,1.0,0.009322379
40,95,2.0,0.013117514
40,95,3.0,0.011524766
40,95,4.0,0.010086273
40,95,5.0,0.010670905
40,95,6.0,0.010551343
40,95,7.0,0.013296392
40,95,8.0,0.015402475
40,95,9.0,0.0177414
40,95,10.0,0.018322708
40,95,11.0,0.019894669
40,95,12.0,0.020862596
40,95,13.0,0.023888133
40,95,14.0,0.024769474
40,96,0.0,0.04138022
40,96,1.0,0.035491403
40,96,2.0,0.03666975
40,96,3.0,0.039065607
40,96,4.0,0.035060883
40,96,5.0,0.038997144
40,96,6.0,0.041123364
40,96,7.0,0.043577418
40,96,8.0,0.047545273
40,96,9.0,0.052326236
40,96,10.0,0.056289107
40,96,11.0,0.060724977
40,96,12.0,0.06620175
40,96,13.0,0.06644271
40,96,14.0,0.073586054
40,97,0.0,0.14763623
40,97,1.0,0.15840718
40,97,2.0,0.15974912
40,97,3.0,0.1464653
40,97,4.0,0.13926221
40,97,5.0,0.1451543
40,97,6.0,0.1423719
40,97,7.0,0.15362555
40,97,8.0,0.16751897
40,97,9.0,0.17737491
40,97,10.0,0.18036915
40,97,11.0,0.17711094
40,97,12.0,0.1746724
40,97,13.0,0.18125048
40,97,14.0,0.20772588
40,98,0.0,0.36939958
40,98,1.0,0.3789218
40,98,2.0,0.369808
40,98,3.0,0.35143375
40,98,4.0,0.33116
40,98,5.0,0.33201876
40,98,6.0,0.3311318
40,98,7.0,0.3302213
40,98,8.0,0.33111966
40,98,9.0,0.33313078
40,98,10.0,0.32311285
40,98,11.0,0.3174126
40,98,12.0,0.31588525
40,98,13.0,0.3226664
40,98,14.0,0.3485609
40,99,0.0,0.5312203
40,99,1.0,0.5793501
40,99,2.0,0.5687677
40,99,3.0,0.54732037
40,99,4.0,0.49892676
40,99,5.0,0.4900731
40,99,6.0,0.4900174
40,99,7.0,0.48337844
40,99,8.0,0.47579628
40,99,9.0,0.46416843
40,99,10.0,0.46650624
40,99,11.0,0.45648244
40,99,12.0,0.4460915
40,99,13.0,0.45125428
40,99,14.0,0.4665188
40,100,0.0,0.7101668
40,100,1.0,0.74287367
40,100,2.0,0.79856277
40,100,3.0,0.74734575
40,100,4.0,0.6046656
40,100,5.0,0.56152564
40,100,6.0,0.5511367
40,100,7.0,0.5252868
40,100,8.0,0.5347884
40,100,9.0,0.5413717
40,100,10.0,0.53164524
40,100,11.0,0.4734334
40,100,12.0,0.43573797
40,100,13.0,0.40166694
40,100,14.0,0.38386846
40,101,0.0,0.4735899
40,101,1.0,0.5097211
40,101,2.0,0.4723746
40,101,3.0,0.45963195
40,101,4.0,0.40112263
40,101,5.0,0.36418805
40,101,6.0,0.3567544
40,101,7.0,0.34905094
40,101,8.0,0.33176965
40,101,9.0,0.3129804
40,101,10.0,0.3091106
40,101,11.0,0.3053698
40,101,12.0,0.27743313
40,101,13.0,0.2590723
40,101,14.0,0.24716227
40,102,0.0,0.2687477
40,102,1.0,0.2588438
40,102,2.0,0.2585009
40,102,3.0,0.24610753
40,102,4.0,0.22386502
40,102,5.0,0.20109512
40,102,6.0,0.17816706
40,102,7.0,0.1726897
40,102,8.0,0.17382878
40,102,9.0,0.1763526
40,102,10.0,0.16958217
40,102,11.0,0.15411183
40,102,12.0,0.13367209
40,102,13.0,0.12334957
40,102,14.0,0.119060256
40,103,0.0,0.062457744
40,103,1.0,0.060838237
40,103,2.0,0.06661186
40,103,3.0,0.063891664
40,103,4.0,0.052601043
40,103,5.0,0.046378557
40,103,6.0,0.044440348
40,103,7.0,0.046553552
40,103,8.0,0.049962316
40,103,9.0,0.053102035
40,103,10.0,0.051832654
40,103,11.0,0.046283398
40,103,12.0,0.040955648
40,103,13.0,0.033433706
40,103,14.0,0.032110583
40,104,0.0,0.021210704
40,104,1.0,0.017222982
40,104,2.0,0.013200475
40,104,3.0,0.012254823
40,104,4.0,0.011979329
40,104,5.0,0.012542009
40,104,6.0,0.013416866
40,104,7.0,0.01197514
40,104,8.0,0.010322326
40,104,9.0,0.010157143
40,104,10.0,0.010884402
40,104,11.0,0.010536556
40,104,12.0,0.012076363
40,104,13.0,0.0096620405
40,104,14.0,0.009723283
40,105,0.0,0.0029386703
40,105,1.0,0.0032341424
40,105,2.0,0.0035213532
40,105,3.0,0.0030191503
40,105,4.0,0.0034116167
40,105,5.0,0.003633749
40,105,6.0,0.0039645853
40,105,7.0,0.0040579983
40,105,8.0,0.0039930176
40,105,9.0,0.0037623937
40,105,10.0,0.0033057355
40,105,11.0,0.0037415272
40,105,12.0,0.003619966
40,105,13.0,0.0030738763
40,105,14.0,0.0028548362
40,106,0.0,0.00028874588
40,106,1.0,0.00036280585
40,106,2.0,0.00030491524
40,106,3.0,0.00045938478
40,106,4.0,0.00042529838
40,106,5.0,0.00040064054
40,106,6.0,0.00035462383
40,106,7.0,0.00025393828
40,106,8.0,0.00023006144
40,106,9.0,0.00028056552
40,106,10.0,0.00024348432
40,106,11.0,0.00051099603
40,106,12.0,0.00055046676
40,106,13.0,0.00048776044
40,106,14.0,0.00043561292
40,107,0.0,1.6846912e-05
40,107,1.0,0.00012868317
40,107,2.0,0.0001309063
40,107,3.0,1.541436e-05
40,107,4.0,3.162948e-05
40,107,5.0,6.138751e-05
40,107,6.0,9.008643e-05
40,107,7.0,0.00010892088
40,107,8.0,0.000114146875
40,107,9.0,0.00010417441
40,107,10.0,0.000117131196
40,107,11.0,0.0001527534
40,107,12.0,0.0002008793
40,107,13.0,0.00017856213
40,107,14.0,6.641043e-05
40,108,0.0,6.5549966e-07
40,108,1.0,1.222204e-06
40,108,2.0,4.967221e-06
40,108,3.0,8.940679e-08
40,108,4.0,3.521613e-07
40,108,5.0,1.3729234e-06
40,108,6.0,2.9210794e-06
40,108,7.0,1.1391934e-05
40,108,8.0,9.857371e-06
40,108,9.0,7.1857476e-06
40,108,10.0,5.7932907e-06
40,108,11.0,4.2658116e-06
40,108,12.0,4.2597458e-06
40,108,13.0,5.653937e-06
40,108,14.0,6.0584257e-06
40,109,0.0,1.3633068e-06
40,109,1.0,4.3401792e-07
40,109,2.0,0.0
40,109,3.0,1.945181e-10
40,109,4.0,0.0
40,109,5.0,3.4142288e-06
40,109,6.0,1.8428364e-05
40,109,7.0,2.7103673e-05
40,109,8.0,6.242438e-06
40,109,9.0,3.4513414e-06
40,109,10.0,1.6176766e-06
40,109,11.0,4.1978794e-07
40,109,12.0,1.0138397e-07
40,109,13.0,7.71459e-08
40,109,14.0,4.0786782e-07
40,110,0.0,0.0
40,110,1.0,0.0
40,110,2.0,7.492722e-08
40,110,3.0,4.6097437e-08
40,110,4.0,7.17093e-08
40,110,5.0,0.0
40,110,6.0,0.0
40,110,7.0,7.1188055e-08
40,110,8.0,4.0106976e-09
40,110,9.0,0.0
40,110,10.0,1.960876e-07
40,110,11.0,1.2698583e-06
40,110,12.0,0.0
40,110,13.0,0.0
40,110,14.0,1.2859309e-08
40,111,0.0,0.0
40,111,1.0,4.3876448e-11
40,111,2.0,9.3148344e-08
40,111,3.0,0.0
40,111,4.0,0.0
40,111,5.0,1.02725075e-07
40,111,6.0,0.0
40,111,7.0,0.0
40,111,8.0,0.0
40,111,9.0,0.0
40,111,10.0,3.2165577e-08
40,111,11.0,0.0
40,111,12.0,0.0
40,111,13.0,0.0
40,111,14.0,0.0
40,112,0.0,1.4671348e-07
40,112,1.0,0.0
40,112,2.0,0.0
40,112,3.0,0.0
40,112,4.0,0.0
40,112,5.0,0.0
40,112,6.0,0.0
40,112,7.0,0.0
40,112,8.0,0.0
40,112,9.0,0.0
40,112,10.0,0.0
40,112,11.0,0.0
40,112,12.0,0.0
40,112,13.0,0.0
40,112,14.0,0.0
41,90,0.0,0.0
41,90,1.0,0.0
41,90,2.0,7.671889e-08
41,90,3.0,9.726085e-09
41,90,4.0,0.0
41,90,5.0,0.0
41,90,6.0,0.0
41,90,7.0,0.0
41,90,8.0,0.0
41,90,9.0,0.0
41,90,10.0,0.0
41,90,11.0,5.6625876e-08
41,90,12.0,1.377135e-07
41,90,13.0,1.2239544e-09
41,90,14.0,0.0
41,91,0.0,2.0551995e-07
41,91,1.0,0.0
41,91,2.0,0.0
41,91,3.0,0.0
41,91,4.0,0.0
41,91,5.0,0.0
41,91,6.0,0.0
41,91,7.0,0.0
41,91,8.0,0.0
41,91,9.0,0.0
41,91,10.0,0.0
41,91,11.0,0.0
41,91,12.0,4.4200355e-11
41,91,13.0,0.0
41,91,14.0,0.0
41,92,0.0,4.531613e-07
41,92,1.0,0.0
41,92,2.0,0.0
41,92,3.0,0.0
41,92,4.0,2.5143535e-07
41,92,5.0,2.2861038e-06
41,92,6.0,8.34657e-07
41,92,7.0,5.422346e-08
41,92,8.0,3.410688e-08
41,92,9.0,3.5247825e-07
41,92,10.0,1.2978484e-07
41,92,11.0,8.9834504e-07
41,92,12.0,1.5398333e-05
41,92,13.0,2.782132e-05
41,92,14.0,8.29289e-06
41,93,0.0,6.0177786e-07
41,93,1.0,2.3073277e-08
41,93,2.0,0.0
41,93,3.0,3.9133095e-08
41,93,4.0,3.5044783e-07
41,93,5.0,3.2993574e-07
41,93,6.0,4.9897904e-09
41,93,7.0,1.4016446e-08
41,93,8.0,1.1018101e-07
41,93,9.0,0.0
41,93,10.0,0.0
41,93,11.0,4.475149e-06
41,93,12.0,2.379258e-05
41,93,13.0,1.592574e-05
41,93,14.0,3.4010766e-06
41,94,0.0,1.2441865e-06
41,94,1.0,0.0
41,94,2.0,2.4329927e-08
41,94,3.0,5.0517572e-09
41,94,4.0,0.0
41,94,5.0,7.867221e-10
41,94,6.0,2.108574e-09
41,94,7.0,0.0
41,94,8.0,2.4957615e-07
41,94,9.0,1.921941e-05
41,94,10.0,5.4127708e-05
41,94,11.0,5.7786863e-05
41,94,12.0,3.1604184e-05
41,94,13.0,2.6076359e-05
41,94,14.0,1.211147e-05
41,95,0.0,1.3207925e-05
41,95,1.0,2.9890676e-05
41,95,2.0,6.512016e-05
41,95,3.0,1.6915808e-05
41,95,4.0,2.8601968e-05
41,95,5.0,5.404831e-05
41,95,6.0,5.422597e-05
41,95,7.0,0.00011168876
41,95,8.0,0.0003006281
41,95,9.0,0.00048272294
41,95,10.0,0.000496259
41,95,11.0,0.0005825017
41,95,12.0,0.00046627945
41,95,13.0,0.0003886254
41,95,14.0,0.00042163036
41,96,0.0,0.00040396475
41,96,1.0,0.00024893577
41,96,2.0,0.00031220017
41,96,3.0,0.00037750672
41,96,4.0,0.00047922254
41,96,5.0,0.0010712366
41,96,6.0,0.0019578729
41,96,7.0,0.0018887346
41,96,8.0,0.0017236789
41,96,9.0,0.0018537926
41,96,10.0,0.001984696
41,96,11.0,0.0015957941
41,96,12.0,0.0019056301
41,96,13.0,0.0022886707
41,96,14.0,0.0028150515
41,97,0.0,0.004720736
41,97,1.0,0.0042361794
41,97,2.0,0.005226141
41,97,3.0,0.0074658045
41,97,4.0,0.0096918885
41,97,5.0,0.010002396
41,97,6.0,0.009883353
41,97,7.0,0.010590948
41,97,8.0,0.011677853
41,97,9.0,0.012749909
41,97,10.0,0.014399323
41,97,11.0,0.01436186
41,97,12.0,0.017775167
41,97,13.0,0.021307785
41,97,14.0,0.02498879
41,98,0.0,0.0122156255
41,98,1.0,0.013146212
41,98,2.0,0.017767893
41,98,3.0,0.022226706
41,98,4.0,0.025242504
41,98,5.0,0.024800962
41,98,6.0,0.025300033
41,98,7.0,0.028042665
41,98,8.0,0.03010851
41,98,9.0,0.031689014
41,98,10.0,0.034713745
41,98,11.0,0.0374963
41,98,12.0,0.043479446
41,98,13.0,0.044216134
41,98,14.0,0.046345096
41,99,0.0,0.058278933
41,99,1.0,0.08415376
41,99,2.0,0.10026091
41,99,3.0,0.111423075
41,99,4.0,0.11469147
41,99,5.0,0.11644652
41,99,6.0,0.12126373
41,99,7.0,0.12812674
41,99,8.0,0.13322479
41,99,9.0,0.13448638
41,99,10.0,0.14132676
41,99,11.0,0.14182833
41,99,12.0,0.1386174
41,99,13.0,0.14062329
41,99,14.0,0.15743186
41,100,0.0,0.10571339
41,100,1.0,0.13499668
41,100,2.0,0.16482612
41,100,3.0,0.18316583
41,100,4.0,0.18000808
41,100,5.0,0.17609672
41,100,6.0,0.17252265
41,100,7.0,0.17089114
41,100,8.0,0.17077343
41,100,9.0,0.17785786
41,100,10.0,0.19146913
41,100,11.0,0.19414538
41,100,12.0,0.20173398
41,100,13.0,0.19583249
41,100,14.0,0.21268462
41,101,0.0,0.28463534
41,101,1.0,0.30231398
41,101,2.0,0.3635605
41,101,3.0,0.40894985
41,101,4.0,0.40221784
41,101,5.0,0.38057205
41,101,6.0,0.3667022
41,101,7.0,0.35129207
41,101,8.0,0.35187164
41,101,9.0,0.35965908
41,101,10.0,0.36300674
41,101,11.0,0.36468384
41,101,12.0,0.36500278
41,101,13.0,0.35224438
41,101,14.0,0.35336998
41,102,0.0,0.2483801
41,102,1.0,0.3163079
41,102,2.0,0.37763277
41,102,3.0,0.38205016
41,102,4.0,0.3838272
41,102,5.0,0.3755893
41,102,6.0,0.33199772
41,102,7.0,0.29844972
41,102,8.0,0.28998202
41,102,9.0,0.29044336
41,102,10.0,0.29382113
41,102,11.0,0.31329292
41,102,12.0,0.30017436
41,102,13.0,0.29053608
41,102,14.0,0.2861707
41,103,0.0,0.2347921
41,103,1.0,0.27361405
41,103,2.0,0.32430387
41,103,3.0,0.3396324
41,103,4.0,0.35381812
41,103,5.0,0.33563608
41,103,6.0,0.29915756
41,103,7.0,0.2655093
41,103,8.0,0.2490584
41,103,9.0,0.25155425
41,103,10.0,0.264632
41,103,11.0,0.27579632
41,103,12.0,0.26290235
41,103,13.0,0.2420679
41,103,14.0,0.22691326
41,104,0.0,0.0926471
41,104,1.0,0.119838566
41,104,2.0,0.15266399
41,104,3.0,0.15287802
41,104,4.0,0.15541165
41,104,5.0,0.16101028
41,104,6.0,0.16556442
41,104,7.0,0.14938898
41,104,8.0,0.13563062
41,104,9.0,0.13506919
41,104,10.0,0.13830984
41,104,11.0,0.1396237
41,104,12.0,0.13803586
41,104,13.0,0.1247049
41,104,14.0,0.109761424
41,105,0.0,0.033916708
41,105,1.0,0.04736967
41,105,2.0,0.06771643
41,105,3.0,0.07150948
41,105,4.0,0.076510236
41,105,5.0,0.08019151
41,105,6.0,0.07182684
41,105,7.0,0.06572017
41,105,8.0,0.064615846
41,105,9.0,0.06330063
41,105,10.0,0.06464339
41,105,11.0,0.060879413
41,105,12.0,0.05850951
41,105,13.0,0.05622173
41,105,14.0,0.058054972
41,106,0.0,0.0052140458
41,106,1.0,0.010760726
41,106,2.0,0.014308681
41,106,3.0,0.019125624
41,106,4.0,0.01908195
41,106,5.0,0.01790901
41,106,6.0,0.021100463
41,106,7.0,0.021872671
41,106,8.0,0.017905781
41,106,9.0,0.016719708
41,106,10.0,0.017040566
41,106,11.0,0.022298532
41,106,12.0,0.025169443
41,106,13.0,0.027283525
41,106,14.0,0.023781093
41,107,0.0,0.0014906408
41,107,1.0,0.004195466
41,107,2.0,0.0068589095
41,107,3.0,0.008323637
41,107,4.0,0.00985415
41,107,5.0,0.0097382935
41,107,6.0,0.010233498
41,107,7.0,0.009300419
41,107,8.0,0.007363539
41,107,9.0,0.0061538015
41,107,10.0,0.0076904437
41,107,11.0,0.007830183
41,107,12.0,0.008616278
41,107,13.0,0.008899949
41,107,14.0,0.00941741
41,108,0.0,0.00021528355
41,108,1.0,0.001329635
41,108,2.0,0.0012955306
41,108,3.0,0.001043072
41,108,4.0,0.001670906
41,108,5.0,0.0020464303
41,108,6.0,0.0026207222
41,108,7.0,0.0025344186
41,108,8.0,0.0020619447
41,108,9.0,0.0018401849
41,108,10.0,0.002387536
41,108,11.0,0.0022723796
41,108,12.0,0.002903339
41,108,13.0,0.0032810702
41,108,14.0,0.0031113462
41,109,0.0,0.000187308
41,109,1.0,0.00018577788
41,109,2.0,0.00019764941
41,109,3.0,0.00049884815
41,109,4.0,0.0009411155
41,109,5.0,0.00090537814
41,109,6.0,0.0007128696
41,109,7.0,0.00059036276
41,109,8.0,0.0005087715
41,109,9.0,0.0005770038
41,109,10.0,0.00050877675
41,109,11.0,0.00052441534
41,109,12.0,0.0007187619
41,109,13.0,0.00084103784
41,109,14.0,0.0007717137
41,110,0.0,4.9272745e-05
41,110,1.0,6.7552566e-05
41,110,2.0,9.357309e-05
41,110,3.0,0.00013067304
41,110,4.0,0.00024564212
41,110,5.0,0.00023680794
41,110,6.0,0.00015492905
41,110,7.0,9.927225e-05
41,110,8.0,6.607985e-05
41,110,9.0,4.88218e-05
41,110,10.0,0.00011893818
41,110,11.0,0.00012555446
41,110,12.0,0.00018549123
41,110,13.0,0.00017069318
41,110,14.0,0.00015476457
41,111,0.0,1.569752e-07
41,111,1.0,1.1588247e-06
41,111,2.0,2.2962611e-05
41,111,3.0,3.330438e-05
41,111,4.0,4.0498417e-05
41,111,5.0,4.1622945e-05
41,111,6.0,2.3304021e-05
41,111,7.0,9.348824e-06
41,111,8.0,4.2195525e-06
41,111,9.0,1.9957993e-06
41,111,10.0,9.034886e-07
41,111,11.0,1.5532214e-05
41,111,12.0,2.6945754e-05
41,111,13.0,5.2854204e-05
41,111,14.0,7.116605e-05
41,112,0.0,0.0
41,112,1.0,1.1943623e-06
41,112,2.0,2.0983498e-06
41,112,3.0,1.5631202e-06
41,112,4.0,1.765455e-07
41,112,5.0,5.745069e-07
41,112,6.0,4.0603995e-06
41,112,7.0,1.0447629e-05
41,112,8.0,1.3150282e-06
41,112,9.0,6.013676e-08
41,112,10.0,6.195456e-07
41,112,11.0,1.638569e-06
41,112,12.0,1.192234e-06
41,112,13.0,6.918736e-07
41,112,14.0,7.76532e-07
41,113,0.0,0.0
41,113,1.0,0.0
41,113,2.0,5.1636636e-07
41,113,3.0,8.5296494e-07
41,113,4.0,6.782982e-08
41,113,5.0,2.4018378e-09
41,113,6.0,8.056074e-09
41,113,7.0,3.2608998e-08
41,113,8.0,2.3801005e-07
41,113,9.0,3.8460566e-06
41,113,10.0,1.3754243e-06
41,113,11.0,3.78864e-08
41,113,12.0,1.2865722e-07
41,113,13.0,7.548769e-07
41,113,14.0,2.1160733e-06
41,114,0.0,0.0
41,114,1.0,1.2775749e-07
41,114,2.0,5.9911263e-06
41,114,3.0,5.3275835e-06
41,114,4.0,5.2943017e-07
41,114,5.0,5.204683e-07
41,114,6.0,6.004111e-07
41,114,7.0,8.1784276e-07
41,114,8.0,5.5565843e-06
41,114,9.0,1.3886359e-05
41,114,10.0,4.409473e-06
41,114,11.0,6.4054757e-07
41,114,12.0,5.117864e-08
41,114,13.0,1.7411014e-07
41,114,14.0,1.1442936e-06
41,115,0.0,0.0
41,115,1.0,0.0
41,115,2.0,0.0
41,115,3.0,8.5000416e-08
41,115,4.0,6.6483167e-06
41,115,5.0,8.438308e-06
41,115,6.0,3.5626401e-06
41,115,7.0,8.9000685e-07
41,115,8.0,2.41149e-07
41,115,9.0,0.0
41,115,10.0,1.6888664e-09
41,115,11.0,0.0
41,115,12.0,0.0
41,115,13.0,0.0
41,115,14.0,5.181791e-10
42,92,0.0,0.0
42,92,1.0,0.0
42,92,2.0,1.4081447e-08
42,92,3.0,7.3662636e-07
42,92,4.0,0.0
42,92,5.0,7.2698176e-06
42,92,6.0,1.4317295e-06
42,92,7.0,4.0862265e-06
42,92,8.0,1.1380067e-06
42,92,9.0,1.5044245e-06
42,92,10.0,2.2518418e-06
42,92,11.0,2.8806703e-06
42,92,12.0,6.272933e-06
42,92,13.0,1.368338e-06
42,92,14.0,5.987719e-08
42,93,0.0,3.7820092e-07
42,93,1.0,4.1487993e-07
42,93,2.0,1.0082744e-07
42,93,3.0,0.0
42,93,4.0,3.665291e-09
42,93,5.0,4.1213113e-07
42,93,6.0,4.475149e-08
42,93,7.0,5.803331e-08
42,93,8.0,1.9589898e-07
42,93,9.0,1.356582e-07
42,93,10.0,1.3505193e-07
42,93,11.0,5.815707e-07
42,93,12.0,8.8414873e-07
42,93,13.0,2.6981065e-06
42,93,14.0,1.4153546e-06
42,94,0.0,0.0
42,94,1.0,0.0
42,94,2.0,7.094972e-08
42,94,3.0,2.969887e-07
42,94,4.0,0.0
42,94,5.0,0.0
42,94,6.0,1.214715e-07
42,94,7.0,3.283766e-07
42,94,8.0,9.425711e-07
42,94,9.0,2.6951086e-06
42,94,10.0,1.477768e-06
42,94,11.0,2.0908715e-08
42,94,12.0,0.0
42,94,13.0,1.6385246e-06
42,94,14.0,1.1909275e-06
42,95,0.0,1.4548897e-10
42,95,1.0,1.9231884e-06
42,95,2.0,8.164515e-06
42,95,3.0,2.9180571e-06
42,95,4.0,2.5976585e-06
42,95,5.0,2.515598e-06
42,95,6.0,2.0800499e-06
42,95,7.0,3.0794e-06
42,95,8.0,2.6789219e-06
42,95,9.0,0.0
42,95,10.0,0.0
42,95,11.0,0.0
42,95,12.0,0.0
42,95,13.0,0.0
42,95,14.0,0.0
42,96,0.0,0.0
42,96,1.0,1.07912626e-07
42,96,2.0,6.8879746e-09
42,96,3.0,0.0
42,96,4.0,0.0
42,96,5.0,1.1150343e-08
42,96,6.0,6.405628e-10
42,96,7.0,4.0134104e-08
42,96,8.0,3.7298258e-07
42,96,9.0,2.3250417e-08
42,96,10.0,0.0
42,96,11.0,0.0
42,96,12.0,0.0
42,96,13.0,0.0
42,96,14.0,0.0
42,97,0.0,2.5590393e-06
42,97,1.0,2.098215e-05
42,97,2.0,2.5720572e-06
42,97,3.0,1.43823345e-05
42,97,4.0,3.5097168e-05
42,97,5.0,4.0947663e-05
42,97,6.0,4.5714194e-05
42,97,7.0,5.5685876e-05
42,97,8.0,5.7658395e-05
42,97,9.0,7.850286e-05
42,97,10.0,0.00012488496
42,97,11.0,0.00014295185
42,97,12.0,0.00010287261
42,97,13.0,7.383583e-05
42,97,14.0,7.812257e-05
42,98,0.0,1.8981757e-05
42,98,1.0,1.4513624e-06
42,98,2.0,1.1684458e-05
42,98,3.0,6.897344e-06
42,98,4.0,2.5569705e-05
42,98,5.0,3.949816e-05
42,98,6.0,5.02276e-05
42,98,7.0,0.00013341154
42,98,8.0,0.00019685089
42,98,9.0,0.00021045774
42,98,10.0,0.00031456584
42,98,11.0,0.0002112144
42,98,12.0,0.00019975523
42,98,13.0,0.00025192258
42,98,14.0,0.0004887426
42,99,0.0,0.0012480897
42,99,1.0,0.0011521116
42,99,2.0,0.0009305933
42,99,3.0,0.0015043515
42,99,4.0,0.001359492
42,99,5.0,0.0016530718
42,99,6.0,0.001732163
42,99,7.0,0.0020459194
42,99,8.0,0.0024968814
42,99,9.0,0.0025568795
42,99,10.0,0.0027098039
42,99,11.0,0.0031265381
42,99,12.0,0.0028351378
42,99,13.0,0.0027859253
42,99,14.0,0.0036996757
42,100,0.0,0.012669536
42,100,1.0,0.008885405
42,100,2.0,0.0073323646
42,100,3.0,0.0063361544
42,100,4.0,0.006334759
42,100,5.0,0.0065583694
42,100,6.0,0.006468334
42,100,7.0,0.007112309
42,100,8.0,0.007317149
42,100,9.0,0.007905506
42,100,10.0,0.009212369
42,100,11.0,0.0109271165
42,100,12.0,0.011819285
42,100,13.0,0.012947113
42,100,14.0,0.01649862
42,101,0.0,0.027936537
42,101,1.0,0.028008219
42,101,2.0,0.033981305
42,101,3.0,0.030479675
42,101,4.0,0.029271765
42,101,5.0,0.028628005
42,101,6.0,0.026426269
42,101,7.0,0.027240314
42,101,8.0,0.030265031
42,101,9.0,0.030703763
42,101,10.0,0.031720836
42,101,11.0,0.033970807
42,101,12.0,0.03707518
42,101,13.0,0.040993944
42,101,14.0,0.0457971
42,102,0.0,0.08953282
42,102,1.0,0.099536955
42,102,2.0,0.10942733
42,102,3.0,0.10959884
42,102,4.0,0.107209206
42,102,5.0,0.094615065
42,102,6.0,0.086516805
42,102,7.0,0.08790065
42,102,8.0,0.09189425
42,102,9.0,0.0970092
42,102,10.0,0.09983001
42,102,11.0,0.099142894
42,102,12.0,0.10288315
42,102,13.0,0.107567884
42,102,14.0,0.11513634
42,103,0.0,0.13433233
42,103,1.0,0.13011366
42,103,2.0,0.1393208
42,103,3.0,0.15648317
42,103,4.0,0.1579403
42,103,5.0,0.15947323
42,103,6.0,0.15478891
42,103,7.0,0.14648342
42,103,8.0,0.14254977
42,103,9.0,0.14213659
42,103,10.0,0.14688705
42,103,11.0,0.15231827
42,103,12.0,0.14848481
42,103,13.0,0.14495693
42,103,14.0,0.14896129
42,104,0.0,0.16810803
42,104,1.0,0.19055521
42,104,2.0,0.20006055
42,104,3.0,0.19792299
42,104,4.0,0.19066538
42,104,5.0,0.18016131
42,104,6.0,0.17716286
42,104,7.0,0.16461138
42,104,8.0,0.14610419
42,104,9.0,0.14490055
42,104,10.0,0.15453795
42,104,11.0,0.14957005
42,104,12.0,0.16585724
42,104,13.0,0.15151285
42,104,14.0,0.16346802
42,105,0.0,0.11905584
42,105,1.0,0.12331922
42,105,2.0,0.13426736
42,105,3.0,0.13708764
42,105,4.0,0.13686167
42,105,5.0,0.13158675
42,105,6.0,0.1264528
42,105,7.0,0.12296174
42,105,8.0,0.12201743
42,105,9.0,0.12611258
42,105,10.0,0.12927942
42,105,11.0,0.12666956
42,105,12.0,0.123568594
42,105,13.0,0.13076828
42,105,14.0,0.13739896
42,106,0.0,0.054949485
42,106,1.0,0.0898983
42,106,2.0,0.09512976
42,106,3.0,0.09541689
42,106,4.0,0.09796382
42,106,5.0,0.09906942
42,106,6.0,0.0963434
42,106,7.0,0.105577216
42,106,8.0,0.09914072
42,106,9.0,0.09211095
42,106,10.0,0.08941312
42,106,11.0,0.10433327
42,106,12.0,0.10275646
42,106,13.0,0.09419624
42,106,14.0,0.097601004
42,107,0.0,0.020230839
42,107,1.0,0.03063932
42,107,2.0,0.033743095
42,107,3.0,0.033958513
42,107,4.0,0.034702435
42,107,5.0,0.03854567
42,107,6.0,0.040571097
42,107,7.0,0.041059844
42,107,8.0,0.04108561
42,107,9.0,0.04512417
42,107,10.0,0.052038282
42,107,11.0,0.048437085
42,107,12.0,0.045967724
42,107,13.0,0.044135466
42,107,14.0,0.046143357
42,108,0.0,0.005491918
42,108,1.0,0.00940009
42,108,2.0,0.01242522
42,108,3.0,0.01420415
42,108,4.0,0.014794305
42,108,5.0,0.013669406
42,108,6.0,0.015351703
42,108,7.0,0.015379422
42,108,8.0,0.011700553
42,108,9.0,0.012409455
42,108,10.0,0.011974035
42,108,11.0,0.014364943
42,108,12.0,0.018061854
42,108,13.0,0.020593496
42,108,14.0,0.020227972
42,109,0.0,0.0019034967
42,109,1.0,0.0033331658
42,109,2.0,0.004878487
42,109,3.0,0.0063013933
42,109,4.0,0.0062964982
42,109,5.0,0.005088765
42,109,6.0,0.004886522
42,109,7.0,0.0059153223
42,109,8.0,0.0072483714
42,109,9.0,0.009658005
42,109,10.0,0.012000352
42,109,11.0,0.014496102
42,109,12.0,0.016211405
42,109,13.0,0.015195004
42,109,14.0,0.013637894
42,110,0.0,0.0007295791
42,110,1.0,0.00048827258
42,110,2.0,0.0005970647
42,110,3.0,0.00087249454
42,110,4.0,0.0014395453
42,110,5.0,0.0016057765
42,110,6.0,0.0014694401
42,110,7.0,0.0015385746
42,110,8.0,0.0016663813
42,110,9.0,0.0023976841
42,110,10.0,0.0030386779
42,110,11.0,0.003315211
42,110,12.0,0.0034195988
42,110,13.0,0.0037097929
42,110,14.0,0.004009626
42,111,0.0,2.3527995e-05
42,111,1.0,0.0002688594
42,111,2.0,0.00029051266
42,111,3.0,0.00047813088
42,111,4.0,0.0004910764
42,111,5.0,0.00037996983
42,111,6.0,0.000296592
42,111,7.0,0.0003291799
42,111,8.0,0.0004093885
42,111,9.0,0.00051752146
42,111,10.0,0.00069942477
42,111,11.0,0.0007793421
42,111,12.0,0.0011448631
42,111,13.0,0.0011452666
42,111,14.0,0.00062763545
42,112,0.0,4.2869615e-07
42,112,1.0,5.485918e-06
42,112,2.0,3.6239876e-06
42,112,3.0,9.389627e-06
42,112,4.0,4.6529196e-05
42,112,5.0,4.7008045e-05
42,112,6.0,2.6561902e-05
42,112,7.0,1.4010005e-05
42,112,8.0,7.879593e-06
42,112,9.0,6.483968e-06
42,112,10.0,6.973337e-06
42,112,11.0,2.0944306e-05
42,112,12.0,3.3566765e-05
42,112,13.0,3.273854e-05
42,112,14.0,4.8260932e-05
42,113,0.0,1.5036384e-06
42,113,1.0,0.0
42,113,2.0,0.0
42,113,3.0,0.0
42,113,4.0,0.0
42,113,5.0,8.1466005e-08
42,113,6.0,4.694068e-06
42,113,7.0,4.232361e-07
42,113,8.0,1.4517111e-09
42,113,9.0,0.0
42,113,10.0,5.787067e-10
42,113,11.0,3.210405e-07
42,113,12.0,2.50051e-06
42,113,13.0,5.4333336e-06
42,113,14.0,2.3671677e-07
42,114,0.0,0.0
42,114,1.0,1.843982e-07
42,114,2.0,4.4139853e-07
42,114,3.0,6.4105126e-07
42,114,4.0,0.0
42,114,5.0,0.0
42,114,6.0,0.0
42,114,7.0,4.3033065e-08
42,114,8.0,3.1206366e-07
42,114,9.0,4.886705e-07
42,114,10.0,6.1758635e-07
42,114,11.0,1.0194806e-06
42,114,12.0,5.526329e-07
42,114,13.0,2.7960164e-07
42,114,14.0,8.6768246e-08
42,115,0.0,3.6290865e-07
42,115,1.0,9.72186e-08
42,115,2.0,5.819118e-07
42,115,3.0,0.0
42,115,4.0,0.0
42,115,5.0,2.93892e-06
42,115,6.0,1.0608869e-06
42,115,7.0,8.726377e-07
42,115,8.0,4.0017466e-07
42,115,9.0,8.3889836e-07
42,115,10.0,5.4023417e-06
42,115,11.0,3.2490345e-07
42,115,12.0,0.0
42,115,13.0,0.0
42,115,14.0,9.379815e-09
42,116,0.0,1.660796e-07
42,116,1.0,2.228573e-06
42,116,2.0,1.2281397e-06
42,116,3.0,3.1391228e-06
42,116,4.0,1.7843909e-06
42,116,5.0,9.58119e-07
42,116,6.0,7.995273e-07
42,116,7.0,1.7475357e-07
42,116,8.0,4.9338496e-08
42,116,9.0,1.6207501e-07
42,116,10.0,5.467154e-07
42,116,11.0,9.694722e-09
42,116,12.0,0.0
42,116,13.0,0.0
42,116,14.0,9.700375e-08
42,117,0.0,2.0740893e-06
42,117,1.0,0.0
42,117,2.0,0.0
42,117,3.0,0.0
42,117,4.0,0.0
42,117,5.0,0.0
42,117,6.0,0.0
42,117,7.0,7.601649e-08
42,117,8.0,1.1431349e-07
42,117,9.0,0.0
42,117,10.0,0.0
42,117,11.0,0.0
42,117,12.0,0.0
42,117,13.0,0.0
42,117,14.0,0.0
43,95,0.0,2.6248776e-07
43,95,1.0,0.0
43,95,2.0,1.6900375e-07
43,95,3.0,3.2796873e-07
43,95,4.0,0.0
43,95,5.0,0.0
43,95,6.0,0.0
43,95,7.0,1.6494187e-10
43,95,8.0,4.8964168e-08
43,95,9.0,1.9286591e-07
43,95,10.0,5.0779448e-08
43,95,11.0,0.0
43,95,12.0,0.0
43,95,13.0,0.0
43,95,14.0,0.0
43,96,0.0,3.77317e-07
43,96,1.0,2.7450164e-06
43,96,2.0,0.0
43,96,3.0,0.0
43,96,4.0,0.0
43,96,5.0,0.0
43,96,6.0,5.659645e-08
43,96,7.0,2.4217209e-06
43,96,8.0,4.4561734e-06
43,96,9.0,6.7677156e-06
43,96,10.0,2.185672e-06
43,96,11.0,0.0
43,96,12.0,0.0
43,96,13.0,0.0
43,96,14.0,0.0
43,97,0.0,4.3569463e-07
43,97,1.0,0.0
43,97,2.0,2.2042304e-08
43,97,3.0,5.7789755e-08
43,97,4.0,3.8813447e-08
43,97,5.0,2.1569452e-08
43,97,6.0,5.5453427e-07
43,97,7.0,7.163368e-07
43,97,8.0,3.1077684e-07
43,97,9.0,2.6682294e-08
43,97,10.0,0.0
43,97,11.0,1.04966e-08
43,97,12.0,0.0
43,97,13.0,0.0
43,97,14.0,0.0
43,98,0.0,0.0
43,98,1.0,0.0
43,98,2.0,0.0
43,98,3.0,0.0
43,98,4.0,5.740199e-10
43,98,5.0,0.0
43,98,6.0,0.0
43,98,7.0,2.4591294e-08
43,98,8.0,3.476878e-08
43,98,9.0,0.0
43,98,10.0,0.0
43,98,11.0,0.0
43,98,12.0,3.1272285e-07
43,98,13.0,1.9877887e-06
43,98,14.0,1.7674307e-06
43,99,0.0,0.0
43,99,1.0,6.9257624e-07
43,99,2.0,1.4610109e-06
43,99,3.0,1.7683893e-06
43,99,4.0,5.047072e-07
43,99,5.0,1.5932118e-06
43,99,6.0,6.3008497e-07
43,99,7.0,5.7222746e-07
43,99,8.0,5.368928e-07
43,99,9.0,1.25336745e-08
43,99,10.0,5.25502e-08
43,99,11.0,7.194355e-06
43,99,12.0,1.4452167e-05
43,99,13.0,8.427014e-06
43,99,14.0,4.3983673e-06
43,100,0.0,5.726308e-06
43,100,1.0,1.7720411e-05
43,100,2.0,2.0842577e-05
43,100,3.0,2.3957478e-05
43,100,4.0,6.529997e-05
43,100,5.0,9.061936e-05
43,100,6.0,7.3420655e-05
43,100,7.0,0.0001367218
43,100,8.0,0.00014052709
43,100,9.0,0.000111265545
43,100,10.0,0.00013399245
43,100,11.0,0.00025041224
43,100,12.0,0.00020806382
43,100,13.0,0.0002856619
43,100,14.0,0.0004537924
43,101,0.0,0.00033213655
43,101,1.0,0.0008677949
43,101,2.0,0.0007314327
43,101,3.0,0.00082300545
43,101,4.0,0.00058951665
43,101,5.0,0.00045810136
43,101,6.0,0.000581566
43,101,7.0,0.0007533948
43,101,8.0,0.0009477992
43,101,9.0,0.0011776226
43,101,10.0,0.0015169511
43,101,11.0,0.0016552467
43,101,12.0,0.0014844354
43,101,13.0,0.0015382551
43,101,14.0,0.0023070613
43,102,0.0,0.0021770915
43,102,1.0,0.0025292393
43,102,2.0,0.002949203
43,102,3.0,0.0036757118
43,102,4.0,0.0033981677
43,102,5.0,0.003052262
43,102,6.0,0.0033432867
43,102,7.0,0.003752187
43,102,8.0,0.004135623
43,102,9.0,0.004595199
43,102,10.0,0.0048541157
43,102,11.0,0.0039414275
43,102,12.0,0.0043390775
43,102,13.0,0.005860568
43,102,14.0,0.005898135
43,103,0.0,0.00843
43,103,1.0,0.010863033
43,103,2.0,0.014372359
43,103,3.0,0.015719794
43,103,4.0,0.016075052
43,103,5.0,0.0152375335
43,103,6.0,0.012927278
43,103,7.0,0.0109340325
43,103,8.0,0.011630728
43,103,9.0,0.014093041
43,103,10.0,0.017363504
43,103,11.0,0.019688956
43,103,12.0,0.01922362
43,103,13.0,0.017723331
43,103,14.0,0.016153047
43,104,0.0,0.009581816
43,104,1.0,0.011254794
43,104,2.0,0.0132986205
43,104,3.0,0.014655497
43,104,4.0,0.015788475
43,104,5.0,0.014058429
43,104,6.0,0.017731255
43,104,7.0,0.020530025
43,104,8.0,0.02234428
43,104,9.0,0.026161313
43,104,10.0,0.028175823
43,104,11.0,0.031167991
43,104,12.0,0.03106977
43,104,13.0,0.032229472
43,104,14.0,0.030685468
43,105,0.0,0.013266126
43,105,1.0,0.015692094
43,105,2.0,0.024062056
43,105,3.0,0.028553218
43,105,4.0,0.029631795
43,105,5.0,0.036611624
43,105,6.0,0.037444435
43,105,7.0,0.03417669
43,105,8.0,0.03368568
43,105,9.0,0.03891186
43,105,10.0,0.045399357
43,105,11.0,0.05592375
43,105,12.0,0.0568483
43,105,13.0,0.05480013
43,105,14.0,0.051719654
43,106,0.0,0.008381843
43,106,1.0,0.011241046
43,106,2.0,0.016484508
43,106,3.0,0.022397535
43,106,4.0,0.027410509
43,106,5.0,0.031348933
43,106,6.0,0.033841275
43,106,7.0,0.035060063
43,106,8.0,0.037586387
43,106,9.0,0.040338438
43,106,10.0,0.051224105
43,106,11.0,0.05853384
43,106,12.0,0.065766804
43,106,13.0,0.06916677
43,106,14.0,0.06899172
43,107,0.0,0.0052069975
43,107,1.0,0.011261116
43,107,2.0,0.016568812
43,107,3.0,0.023261411
43,107,4.0,0.034483757
43,107,5.0,0.04021622
43,107,6.0,0.043308716
43,107,7.0,0.04436328
43,107,8.0,0.04467111
43,107,9.0,0.048101466
43,107,10.0,0.06361293
43,107,11.0,0.0749066
43,107,12.0,0.08616955
43,107,13.0,0.08786465
43,107,14.0,0.08926913
43,108,0.0,0.0020005684
43,108,1.0,0.003928187
43,108,2.0,0.00914268
43,108,3.0,0.01520638
43,108,4.0,0.020824328
43,108,5.0,0.027683914
43,108,6.0,0.031499617
43,108,7.0,0.034822047
43,108,8.0,0.038009048
43,108,9.0,0.0456028
43,108,10.0,0.055051498
43,108,11.0,0.07624796
43,108,12.0,0.081220165
43,108,13.0,0.08224503
43,108,14.0,0.07723986
43,109,0.0,0.0019972646
43,109,1.0,0.0033276067
43,109,2.0,0.01147078
43,109,3.0,0.016791321
43,109,4.0,0.022116218
43,109,5.0,0.028978474
43,109,6.0,0.032196555
43,109,7.0,0.036979873
43,109,8.0,0.043256894
43,109,9.0,0.04369325
43,109,10.0,0.054273896
43,109,11.0,0.07227912
43,109,12.0,0.08436127
43,109,13.0,0.08705822
43,109,14.0,0.081345014
43,110,0.0,0.00045597454
43,110,1.0,0.002098171
43,110,2.0,0.005082358
43,110,3.0,0.009119816
43,110,4.0,0.015789643
43,110,5.0,0.018747006
43,110,6.0,0.021556925
43,110,7.0,0.025724884
43,110,8.0,0.027739847
43,110,9.0,0.030786673
43,110,10.0,0.04019646
43,110,11.0,0.05083805
43,110,12.0,0.055636294
43,110,13.0,0.0567904
43,110,14.0,0.052215423
43,111,0.0,0.000251875
43,111,1.0,0.0015958912
43,111,2.0,0.004744256
43,111,3.0,0.0054193214
43,111,4.0,0.008102211
43,111,5.0,0.013620639
43,111,6.0,0.018278247
43,111,7.0,0.019115953
43,111,8.0,0.018624367
43,111,9.0,0.018877268
43,111,10.0,0.02191997
43,111,11.0,0.029354934
43,111,12.0,0.03347995
43,111,13.0,0.036634717
43,111,14.0,0.03955167
43,112,0.0,2.0671985e-05
43,112,1.0,0.0004444378
43,112,2.0,0.0012331055
43,112,3.0,0.0020099294
43,112,4.0,0.0029085493
43,112,5.0,0.004081341
43,112,6.0,0.0052712085
43,112,7.0,0.0056530116
43,112,8.0,0.0057506957
43,112,9.0,0.006729336
43,112,10.0,0.008877409
43,112,11.0,0.010343693
43,112,12.0,0.011212598
43,112,13.0,0.011570407
43,112,14.0,0.0127254445
43,113,0.0,5.526596e-05
43,113,1.0,0.00019656036
43,113,2.0,0.0010287983
43,113,3.0,0.0016823824
43,113,4.0,0.002004427
43,113,5.0,0.001991195
43,113,6.0,0.0018244137
43,113,7.0,0.0016944493
43,113,8.0,0.0018902087
43,113,9.0,0.0025192383
43,113,10.0,0.003703897
43,113,11.0,0.0048751794
43,113,12.0,0.0052827285
43,113,13.0,0.0052075256
43,113,14.0,0.0050564143
43,114,0.0,1.0172542e-06
43,114,1.0,6.6898894e-05
43,114,2.0,0.00032173688
43,114,3.0,0.0004147154
43,114,4.0,0.00060249184
43,114,5.0,0.0007021298
43,114,6.0,0.00064646965
43,114,7.0,0.00056144304
43,114,8.0,0.0005879209
43,114,9.0,0.0007839966
43,114,10.0,0.0013569436
43,114,11.0,0.0016495287
43,114,12.0,0.0016628064
43,114,13.0,0.0014459023
43,114,14.0,0.0012528353
43,115,0.0,0.0
43,115,1.0,7.311608e-06
43,115,2.0,4.2599913e-05
43,115,3.0,6.912895e-05
43,115,4.0,7.330069e-05
43,115,5.0,7.581722e-05
43,115,6.0,0.00012778625
43,115,7.0,0.00017529693
43,115,8.0,0.00017240152
43,115,9.0,0.00013893809
43,115,10.0,0.00015215114
43,115,11.0,0.00019413645
43,115,12.0,0.0002270415
43,115,13.0,0.00021462397
43,115,14.0,0.00022433518
43,116,0.0,0.0
43,116,1.0,0.0
43,116,2.0,1.8393919e-06
43,116,3.0,3.3942874e-06
43,116,4.0,3.7271698e-06
43,116,5.0,3.015937e-06
43,116,6.0,4.972266e-06
43,116,7.0,1.4199368e-05
43,116,8.0,1.6572174e-05
43,116,9.0,1.7389279e-05
43,116,10.0,3.6782192e-05
43,116,11.0,4.18005e-05
43,116,12.0,4.547731e-05
43,116,13.0,4.3958316e-05
43,116,14.0,2.9998218e-05
43,117,0.0,0.0
43,117,1.0,0.0
43,117,2.0,2.1714372e-06
43,117,3.0,1.6312256e-07
43,117,4.0,4.8948027e-07
43,117,5.0,3.8035772e-10
43,117,6.0,0.0
43,117,7.0,0.0
43,117,8.0,0.0
43,117,9.0,0.0
43,117,10.0,1.3446562e-07
43,117,11.0,4.120528e-07
43,117,12.0,1.1188137e-06
43,117,13.0,2.9159773e-06
43,117,14.0,9.130625e-07
43,118,0.0,9.097989e-08
43,118,1.0,1.8081876e-10
43,118,2.0,3.426974e-07
43,118,3.0,0.0
43,118,4.0,0.0
43,118,5.0,1.8912814e-07
43,118,6.0,2.1332055e-06
43,118,7.0,2.4450352e-07
43,118,8.0,0.0
43,118,9.0,0.0
43,118,10.0,1.5126291e-07
43,118,11.0,5.659135e-09
43,118,12.0,0.0
43,118,13.0,0.0
43,118,14.0,0.0
43,119,0.0,0.0
43,119,1.0,0.0
43,119,2.0,1.0979204e-09
43,119,3.0,2.3671043e-06
43,119,4.0,4.8670904e-06
43,119,5.0,7.928228e-06
43,119,6.0,4.628775e-06
43,119,7.0,5.540284e-07
43,119,8.0,1.5834445e-06
43,119,9.0,0.0
43,119,10.0,0.0
43,119,11.0,4.2257917e-09
43,119,12.0,3.2323044e-10
43,119,13.0,1.6599453e-09
43,119,14.0,0.0
43,120,0.0,4.722608e-07
43,120,1.0,0.0
43,120,2.0,2.6486777e-08
43,120,3.0,0.0
43,120,4.0,3.0365777e-07
43,120,5.0,2.2295299e-06
43,120,6.0,4.6205014e-06
43,120,7.0,1.5140598e-05
43,120,8.0,1.3048563e-05
43,120,9.0,1.7807736e-06
43,120,10.0,3.538398e-08
43,120,11.0,4.4490864e-08
43,120,12.0,1.8307516e-07
43,120,13.0,3.983806e-06
43,120,14.0,1.9019693e-05
44,98,0.0,7.2107906e-09
44,98,1.0,0.0
44,98,2.0,0.0
44,98,3.0,0.0
44,98,4.0,5.0015103e-09
44,98,5.0,0.0
44,98,6.0,0.0
44,98,7.0,0.0
44,98,8.0,0.0
44,98,9.0,0.0
44,98,10.0,0.0
44,98,11.0,0.0
44,98,12.0,6.177764e-07
44,98,13.0,2.0540058e-06
44,98,14.0,3.1202308e-06
44,99,0.0,5.2698277e-09
44,99,1.0,2.1950603e-08
44,99,2.0,2.6194623e-08
44,99,3.0,2.3091167e-07
44,99,4.0,2.2603675e-08
44,99,5.0,8.194424e-08
44,99,6.0,5.374296e-07
44,99,7.0,1.4294562e-08
44,99,8.0,0.0
44,99,9.0,0.0
44,99,10.0,1.2266995e-09
44,99,11.0,0.0
44,99,12.0,0.0
44,99,13.0,0.0
44,99,14.0,0.0
44,100,0.0,2.3260982e-07
44,100,1.0,8.72898e-09
44,100,2.0,7.561188e-09
44,100,3.0,0.0
44,100,4.0,0.0
44,100,5.0,0.0
44,100,6.0,0.0
44,100,7.0,0.0
44,100,8.0,0.0
44,100,9.0,0.0
44,100,10.0,7.1594357e-09
44,100,11.0,4.8584557e-08
44,100,12.0,4.8776076e-07
44,100,13.0,2.3624013e-06
44,100,14.0,5.370431e-07
44,101,0.0,0.0
44,101,1.0,0.0
44,101,2.0,0.0
44,101,3.0,0.0
44,101,4.0,4.4151384e-12
44,101,5.0,0.0
44,101,6.0,0.0
44,101,7.0,5.1819153e-09
44,101,8.0,4.752663e-09
44,101,9.0,0.0
44,101,10.0,1.7491542e-08
44,101,11.0,1.577768e-07
44,101,12.0,1.6189279e-07
44,101,13.0,1.7872211e-09
44,101,14.0,0.0
44,102,0.0,6.5079244e-06
44,102,1.0,1.2429342e-07
44,102,2.0,4.5759873e-07
44,102,3.0,1.1470858e-07
44,102,4.0,5.7189955e-06
44,102,5.0,1.7350183e-05
44,102,6.0,1.1257524e-05
44,102,7.0,3.9971214e-06
44,102,8.0,3.3332117e-06
44,102,9.0,8.197052e-06
44,102,10.0,3.1029627e-05
44,102,11.0,7.4092866e-05
44,102,12.0,8.900884e-05
44,102,13.0,1.9868165e-05
44,102,14.0,2.040599e-05
44,103,0.0,5.9442187e-05
44,103,1.0,0.00018396489
44,103,2.0,9.0245005e-05
44,103,3.0,7.0462935e-05
44,103,4.0,7.9578436e-05
44,103,5.0,0.00015186466
44,103,6.0,0.00017690477
44,103,7.0,0.00012917709
44,103,8.0,0.00013621988
44,103,9.0,0.00013638979
44,103,10.0,0.000103153354
44,103,11.0,6.39263e-05
44,103,12.0,6.331814e-05
44,103,13.0,7.4929674e-05
44,103,14.0,7.648674e-05
44,104,0.0,0.00036298664
44,104,1.0,0.00014204696
44,104,2.0,0.00020842544
44,104,3.0,0.00025487307
44,104,4.0,0.00039329843
44,104,5.0,0.00029197385
44,104,6.0,0.00027315452
44,104,7.0,0.00027012586
44,104,8.0,0.00028522077
44,104,9.0,0.00051010086
44,104,10.0,0.0003812755
44,104,11.0,0.00023615042
44,104,12.0,0.00046875214
44,104,13.0,0.00059962063
44,104,14.0,0.000586734
44,105,0.0,0.00106903
44,105,1.0,0.00084970327
44,105,2.0,0.0012230335
44,105,3.0,0.0015862832
44,105,4.0,0.0012482547
44,105,5.0,0.0013156545
44,105,6.0,0.0017647496
44,105,7.0,0.0017175659
44,105,8.0,0.0015395922
44,105,9.0,0.001516969
44,105,10.0,0.0016522637
44,105,11.0,0.0021718917
44,105,12.0,0.002365197
44,105,13.0,0.0020218228
44,105,14.0,0.0022436702
44,106,0.0,0.00081222126
44,106,1.0,0.0023894196
44,106,2.0,0.0019194821
44,106,3.0,0.0018821354
44,106,4.0,0.0030084883
44,106,5.0,0.003327258
44,106,6.0,0.002875891
44,106,7.0,0.0037499487
44,106,8.0,0.0037940692
44,106,9.0,0.0032039138
44,106,10.0,0.003915993
44,106,11.0,0.0032172094
44,106,12.0,0.004295949
44,106,13.0,0.0058896546
44,106,14.0,0.0066013495
44,107,0.0,0.0023190135
44,107,1.0,0.0021873948
44,107,2.0,0.0038202913
44,107,3.0,0.005011081
44,107,4.0,0.005944255
44,107,5.0,0.00657304
44,107,6.0,0.008541746
44,107,7.0,0.009325401
44,107,8.0,0.008486471
44,107,9.0,0.009402072
44,107,10.0,0.0127669135
44,107,11.0,0.015619852
44,107,12.0,0.017711803
44,107,13.0,0.01891683
44,107,14.0,0.020023372
44,108,0.0,0.0024152691
44,108,1.0,0.0045870147
44,108,2.0,0.004294946
44,108,3.0,0.0048201545
44,108,4.0,0.0077485084
44,108,5.0,0.013507361
44,108,6.0,0.015350037
44,108,7.0,0.01599662
44,108,8.0,0.01804279
44,108,9.0,0.018157883
44,108,10.0,0.02177408
44,108,11.0,0.030964145
44,108,12.0,0.032114394
44,108,13.0,0.037330512
44,108,14.0,0.03915047
44,109,0.0,0.0012537428
44,109,1.0,0.0019201676
44,109,2.0,0.0039086645
44,109,3.0,0.007143217
44,109,4.0,0.009829164
44,109,5.0,0.016925441
44,109,6.0,0.021808371
44,109,7.0,0.024985887
44,109,8.0,0.026290558
44,109,9.0,0.031595174
44,109,10.0,0.03954597
44,109,11.0,0.04374194
44,109,12.0,0.049392384
44,109,13.0,0.051771827
44,109,14.0,0.052617025
44,110,0.0,0.0020261179
44,110,1.0,0.0041099726
44,110,2.0,0.0071583665
44,110,3.0,0.012115791
44,110,4.0,0.019168444
44,110,5.0,0.028581662
44,110,6.0,0.030738521
44,110,7.0,0.03517944
44,110,8.0,0.03512518
44,110,9.0,0.036505707
44,110,10.0,0.04287233
44,110,11.0,0.060830828
44,110,12.0,0.067607604
44,110,13.0,0.06995066
44,110,14.0,0.074968904
44,111,0.0,0.002328705
44,111,1.0,0.005070493
44,111,2.0,0.008380705
44,111,3.0,0.016310953
44,111,4.0,0.02052704
44,111,5.0,0.036855023
44,111,6.0,0.034635555
44,111,7.0,0.037007947
44,111,8.0,0.04636184
44,111,9.0,0.05691937
44,111,10.0,0.06859306
44,111,11.0,0.0812479
44,111,12.0,0.08811216
44,111,13.0,0.08930485
44,111,14.0,0.090085484
44,112,0.0,0.0013596008
44,112,1.0,0.004531019
44,112,2.0,0.008764019
44,112,3.0,0.015671037
44,112,4.0,0.019911071
44,112,5.0,0.022133337
44,112,6.0,0.03068307
44,112,7.0,0.03174593
44,112,8.0,0.032390054
44,112,9.0,0.03611546
44,112,10.0,0.044777695
44,112,11.0,0.06420671
44,112,12.0,0.064759284
44,112,13.0,0.0645406
44,112,14.0,0.06523376
44,113,0.0,0.0009108928
44,113,1.0,0.0032457025
44,113,2.0,0.00499284
44,113,3.0,0.011447346
44,113,4.0,0.0164884
44,113,5.0,0.019361863
44,113,6.0,0.022507725
44,113,7.0,0.024165917
44,113,8.0,0.028329464
44,113,9.0,0.03400893
44,113,10.0,0.037369296
44,113,11.0,0.044963766
44,113,12.0,0.048521243
44,113,13.0,0.05094013
44,113,14.0,0.0484482
44,114,0.0,0.0003123738
44,114,1.0,0.0014754472
44,114,2.0,0.0031973862
44,114,3.0,0.003499544
44,114,4.0,0.0045662806
44,114,5.0,0.0062634526
44,114,6.0,0.007675608
44,114,7.0,0.006383928
44,114,8.0,0.0045649307
44,114,9.0,0.0047618123
44,114,10.0,0.0075729843
44,114,11.0,0.007757453
44,114,12.0,0.01551515
44,114,13.0,0.015966563
44,114,14.0,0.015759986
44,115,0.0,0.000100115896
44,115,1.0,0.00037424458
44,115,2.0,0.0013434923
44,115,3.0,0.0010452125
44,115,4.0,0.0019889337
44,115,5.0,0.0025199056
44,115,6.0,0.002748178
44,115,7.0,0.002828787
44,115,8.0,0.0030284743
44,115,9.0,0.00337336
44,115,10.0,0.0037222826
44,115,11.0,0.0052155117
44,115,12.0,0.0069653955
44,115,13.0,0.0073123886
44,115,14.0,0.005332613
44,116,0.0,1.7146938e-06
44,116,1.0,1.889734e-05
44,116,2.0,0.00015766422
44,116,3.0,0.00019973888
44,116,4.0,0.00028285893
44,116,5.0,0.00041363895
44,116,6.0,0.0005215357
44,116,7.0,0.00074097264
44,116,8.0,0.00070715975
44,116,9.0,0.00073922396
44,116,10.0,0.0008226614
44,116,11.0,0.0010025781
44,116,12.0,0.0010820448
44,116,13.0,0.0011078266
44,116,14.0,0.0010553789
44,117,0.0,2.017057e-05
44,117,1.0,6.117302e-11
44,117,2.0,2.4737332e-07
44,117,3.0,1.8338897e-05
44,117,4.0,1.7917147e-05
44,117,5.0,1.4788948e-05
44,117,6.0,3.9914565e-05
44,117,7.0,7.016361e-05
44,117,8.0,0.000102643644
44,117,9.0,0.0001294446
44,117,10.0,0.00017594795
44,117,11.0,0.000425692
44,117,12.0,0.00069191324
44,117,13.0,0.0006587123
44,117,14.0,0.00038209755
44,118,0.0,0.0
44,118,1.0,2.6988458e-09
44,118,2.0,0.0
44,118,3.0,1.8392886e-07
44,118,4.0,1.3090026e-07
44,118,5.0,1.6023827e-07
44,118,6.0,2.1309262e-08
44,118,7.0,0.0
44,118,8.0,0.0
44,118,9.0,0.0
44,118,10.0,4.573449e-09
44,118,11.0,6.501433e-08
44,118,12.0,0.0
44,118,13.0,2.3214278e-11
44,118,14.0,1.2517607e-09
44,119,0.0,4.479978e-07
44,119,1.0,5.5515366e-06
44,119,2.0,5.2670146e-07
44,119,3.0,3.2088708e-06
44,119,4.0,1.1354872e-06
44,119,5.0,5.8340396e-07
44,119,6.0,1.4218756e-07
44,119,7.0,3.667184e-07
44,119,8.0,1.763177e-06
44,119,9.0,1.8839734e-07
44,119,10.0,0.0
44,119,11.0,0.0
44,119,12.0,0.0
44,119,13.0,5.422639e-07
44,119,14.0,0.0
44,120,0.0,0.0
44,120,1.0,4.152204e-07
44,120,2.0,0.0
44,120,3.0,0.0
44,120,4.0,0.0
44,120,5.0,3.0111583e-08
44,120,6.0,2.9860695e-07
44,120,7.0,4.6034978e-07
44,120,8.0,2.2731034e-07
44,120,9.0,1.3996876e-07
44,120,10.0,7.049091e-10
44,120,11.0,0.0
44,120,12.0,0.0
44,120,13.0,0.0
44,120,14.0,0.0
44,121,0.0,9.020343e-07
44,121,1.0,1.017574e-06
44,121,2.0,0.0
44,121,3.0,0.0
44,121,4.0,0.0
44,121,5.0,0.0
44,121,6.0,0.0
44,121,7.0,0.0
44,121,8.0,0.0
44,121,9.0,0.0
44,121,10.0,0.0
44,121,11.0,6.988503e-08
44,121,12.0,5.1878544e-07
44,121,13.0,1.1913569e-06
44,121,14.0,0.0
44,122,0.0,4.383563e-07
44,122,1.0,1.1077695e-07
44,122,2.0,1.180609e-07
44,122,3.0,1.6045296e-10
44,122,4.0,0.0
44,122,5.0,0.0
44,122,6.0,0.0
44,122,7.0,0.0
44,122,8.0,0.0
44,122,9.0,5.850869e-13
44,122,10.0,1.6067482e-08
44,122,11.0,0.0
44,122,12.0,0.0
44,122,13.0,0.0
44,122,14.0,0.0
44,123,0.0,7.944077e-09
44,123,1.0,0.0
44,123,2.0,1.189664e-06
44,123,3.0,1.6107145e-06
44,123,4.0,8.198484e-08
44,123,5.0,1.1953029e-09
44,123,6.0,2.697042e-11
44,123,7.0,1.0353092e-10
44,123,8.0,3.1643696e-10
44,123,9.0,3.6091117e-07
44,123,10.0,1.2991605e-06
44,123,11.0,2.438708e-06
44,123,12.0,2.810011e-06
44,123,13.0,1.7395187e-06
44,123,14.0,6.69301e-07
44,124,0.0,5.999573e-06
44,124,1.0,3.467557e-08
44,124,2.0,0.0
44,124,3.0,0.0
44,124,4.0,0.0
44,124,5.0,7.301347e-10
44,124,6.0,0.0
44,124,7.0,0.0
44,124,8.0,0.0
44,124,9.0,0.0
44,124,10.0,0.0
44,124,11.0,0.0
44,124,12.0,7.868338e-08
44,124,13.0,1.9116516e-08
44,124,14.0,6.985367e-08
45,100,0.0,9.724806e-08
45,100,1.0,5.0127136e-07
45,100,2.0,1.2626161e-06
45,100,3.0,5.5975084e-07
45,100,4.0,3.9863446e-09
45,100,5.0,0.0
45,100,6.0,0.0
45,100,7.0,0.0
45,100,8.0,0.0
45,100,9.0,6.7753683e-09
45,100,10.0,0.0
45,100,11.0,0.0
45,100,12.0,1.8816591e-08
45,100,13.0,8.532525e-08
45,100,14.0,6.8111305e-08
45,101,0.0,0.0
45,101,1.0,2.653208e-07
45,101,2.0,1.4887198e-07
45,101,3.0,1.3256258e-06
45,101,4.0,3.5599235e-06
45,101,5.0,2.9779176e-06
45,101,6.0,1.8977908e-06
45,101,7.0,1.2734174e-06
45,101,8.0,8.7074795e-07
45,101,9.0,1.797792e-07
45,101,10.0,0.0
45,101,11.0,1.3292225e-07
45,101,12.0,1.7688901e-06
45,101,13.0,4.4438325e-06
45,101,14.0,0.0
45,102,0.0,1.503345e-06
45,102,1.0,5.899206e-08
45,102,2.0,1.5921818e-06
45,102,3.0,1.1021296e-07
45,102,4.0,2.133519e-08
45,102,5.0,1.8178004e-10
45,102,6.0,0.0
45,102,7.0,0.0
45,102,8.0,0.0
45,102,9.0,0.0
45,102,10.0,0.0
45,102,11.0,0.0
45,102,12.0,0.0
45,102,13.0,0.0
45,102,14.0,0.0
45,103,0.0,8.969638e-09
45,103,1.0,7.79651e-07
45,103,2.0,1.2635829e-08
45,103,3.0,8.552072e-07
45,103,4.0,2.7523682e-12
45,103,5.0,0.0
45,103,6.0,0.0
45,103,7.0,0.0
45,103,8.0,0.0
45,103,9.0,0.0
45,103,10.0,0.0
45,103,11.0,0.0
45,103,12.0,2.1304959e-07
45,103,13.0,2.1690248e-06
45,103,14.0,3.794805e-08
45,104,0.0,2.4184744e-06
45,104,1.0,8.615256e-08
45,104,2.0,5.738977e-07
45,104,3.0,0.0
45,104,4.0,3.1505624e-06
45,104,5.0,3.9684446e-06
45,104,6.0,2.3880157e-06
45,104,7.0,1.4054436e-07
45,104,8.0,1.8974212e-08
45,104,9.0,3.2658133e-07
45,104,10.0,0.0
45,104,11.0,0.0
45,104,12.0,0.0
45,104,13.0,0.0
45,104,14.0,3.6516624e-08
45,105,0.0,0.0
45,105,1.0,9.108368e-09
45,105,2.0,0.0
45,105,3.0,4.789007e-06
45,105,4.0,7.459375e-06
45,105,5.0,4.8683423e-06
45,105,6.0,2.2971346e-06
45,105,7.0,3.526225e-07
45,105,8.0,7.1473323e-06
45,105,9.0,4.3879527e-06
45,105,10.0,2.6362065e-07
45,105,11.0,7.693594e-06
45,105,12.0,6.0105813e-06
45,105,13.0,1.4397577e-05
45,105,14.0,7.3092156e-06
45,106,0.0,0.0
45,106,1.0,0.0
45,106,2.0,2.0957704e-07
45,106,3.0,4.504142e-06
45,106,4.0,1.3119973e-05
45,106,5.0,1.6559277e-05
45,106,6.0,6.966589e-05
45,106,7.0,1.7472988e-05
45,106,8.0,8.814216e-06
45,106,9.0,1.1449917e-05
45,106,10.0,1.2880723e-06
45,106,11.0,1.4875501e-05
45,106,12.0,7.565979e-05
45,106,13.0,8.0630074e-05
45,106,14.0,4.680285e-05
45,107,0.0,0.0
45,107,1.0,1.4409499e-06
45,107,2.0,1.3185876e-05
45,107,3.0,1.9313784e-06
45,107,4.0,4.7499298e-06
45,107,5.0,4.5713197e-05
45,107,6.0,2.3619716e-05
45,107,7.0,3.8677626e-05
45,107,8.0,1.562648e-05
45,107,9.0,3.2229087e-05
45,107,10.0,8.1609e-05
45,107,11.0,0.00019425416
45,107,12.0,0.00045555734
45,107,13.0,0.00044893115
45,107,14.0,0.0003578641
45,108,0.0,0.0
45,108,1.0,5.543791e-06
45,108,2.0,3.294795e-05
45,108,3.0,8.338028e-05
45,108,4.0,0.00017839756
45,108,5.0,0.00025920413
45,108,6.0,0.00042995505
45,108,7.0,0.0005805958
45,108,8.0,0.0005264389
45,108,9.0,0.00043449036
45,108,10.0,0.00074107345
45,108,11.0,0.0010116566
45,108,12.0,0.0017032129
45,108,13.0,0.0020147753
45,108,14.0,0.0018050738
45,109,0.0,9.357763e-07
45,109,1.0,4.3951015e-05
45,109,2.0,0.00028959816
45,109,3.0,0.00024661704
45,109,4.0,0.00058694225
45,109,5.0,0.001038522
45,109,6.0,0.001419974
45,109,7.0,0.0013210749
45,109,8.0,0.0018269183
45,109,9.0,0.0024211365
45,109,10.0,0.0035512676
45,109,11.0,0.0048633213
45,109,12.0,0.0055984277
45,109,13.0,0.0062281876
45,109,14.0,0.007064231
45,110,0.0,7.3316856e-05
45,110,1.0,0.00025187404
45,110,2.0,0.00064980873
45,110,3.0,0.0015222221
45,110,4.0,0.0018255595
45,110,5.0,0.0030814875
45,110,6.0,0.004118289
45,110,7.0,0.005237167
45,110,8.0,0.0064360937
45,110,9.0,0.007176608
45,110,10.0,0.0097282585
45,110,11.0,0.013749956
45,110,12.0,0.016581632
45,110,13.0,0.019592015
45,110,14.0,0.01927032
45,111,0.0,0.00054936745
45,111,1.0,0.0008068159
45,111,2.0,0.001728484
45,111,3.0,0.00429125
45,111,4.0,0.0069636093
45,111,5.0,0.009767722
45,111,6.0,0.013414595
45,111,7.0,0.019646794
45,111,8.0,0.022109192
45,111,9.0,0.023579462
45,111,10.0,0.024185574
45,111,11.0,0.031531133
45,111,12.0,0.04264487
45,111,13.0,0.047538184
45,111,14.0,0.051729344
45,112,0.0,0.0009156198
45,112,1.0,0.0013659239
45,112,2.0,0.0042742766
45,112,3.0,0.009932862
45,112,4.0,0.013950673
45,112,5.0,0.018659603
45,112,6.0,0.02684716
45,112,7.0,0.030609958
45,112,8.0,0.030691562
45,112,9.0,0.033512678
45,112,10.0,0.043729294
45,112,11.0,0.053523835
45,112,12.0,0.062740184
45,112,13.0,0.06972009
45,112,14.0,0.0736531
45,113,0.0,0.0013533955
45,113,1.0,0.0029382152
45,113,2.0,0.008855616
45,113,3.0,0.016607463
45,113,4.0,0.031140462
45,113,5.0,0.033687484
45,113,6.0,0.033732127
45,113,7.0,0.036499012
45,113,8.0,0.042703535
45,113,9.0,0.0510262
45,113,10.0,0.063207895
45,113,11.0,0.08022137
45,113,12.0,0.08624916
45,113,13.0,0.08631958
45,113,14.0,0.08738966
45,114,0.0,0.0009836137
45,114,1.0,0.0021594889
45,114,2.0,0.0069229556
45,114,3.0,0.013906924
45,114,4.0,0.021756923
45,114,5.0,0.027998751
45,114,6.0,0.032841504
45,114,7.0,0.036091473
45,114,8.0,0.042269535
45,114,9.0,0.0519738
45,114,10.0,0.057358406
45,114,11.0,0.070686325
45,114,12.0,0.083380416
45,114,13.0,0.084064834
45,114,14.0,0.08835943
45,115,0.0,0.0011500223
45,115,1.0,0.0019776693
45,115,2.0,0.005405165
45,115,3.0,0.010481202
45,115,4.0,0.018486848
45,115,5.0,0.026753534
45,115,6.0,0.03195433
45,115,7.0,0.033972386
45,115,8.0,0.035483517
45,115,9.0,0.04081459
45,115,10.0,0.050500806
45,115,11.0,0.06569911
45,115,12.0,0.07288025
45,115,13.0,0.07516284
45,115,14.0,0.07109113
45,116,0.0,0.0004721266
45,116,1.0,0.0009976503
45,116,2.0,0.0031190307
45,116,3.0,0.0070562637
45,116,4.0,0.010126306
45,116,5.0,0.012328605
45,116,6.0,0.015467774
45,116,7.0,0.018908037
45,116,8.0,0.020871393
45,116,9.0,0.021417348
45,116,10.0,0.026575604
45,116,11.0,0.03290588
45,116,12.0,0.03355774
45,116,13.0,0.035318844
45,116,14.0,0.035356965
45,117,0.0,0.00012764089
45,117,1.0,0.00046225113
45,117,2.0,0.0015472587
45,117,3.0,0.0028862713
45,117,4.0,0.0049677235
45,117,5.0,0.0066240435
45,117,6.0,0.008978783
45,117,7.0,0.010451671
45,117,8.0,0.010904137
45,117,9.0,0.012075302
45,117,10.0,0.014303873
45,117,11.0,0.01633755
45,117,12.0,0.016964583
45,117,13.0,0.016415467
45,117,14.0,0.017531255
45,118,0.0,2.3389816e-06
45,118,1.0,0.0003001137
45,118,2.0,0.00053423323
45,118,3.0,0.0012584225
45,118,4.0,0.0019650375
45,118,5.0,0.0025803267
45,118,6.0,0.0031477527
45,118,7.0,0.003349408
45,118,8.0,0.0034270177
45,118,9.0,0.0039052868
45,118,10.0,0.005328812
45,118,11.0,0.0067375503
45,118,12.0,0.0072381217
45,118,13.0,0.0073211943
45,118,14.0,0.0076359157
45,119,0.0,1.318172e-10
45,119,1.0,3.8010992e-07
45,119,2.0,8.04678e-05
45,119,3.0,0.00017475813
45,119,4.0,0.00027744655
45,119,5.0,0.00034101144
45,119,6.0,0.00038465054
45,119,7.0,0.00057805795
45,119,8.0,0.00061657804
45,119,9.0,0.0007636592
45,119,10.0,0.0014053107
45,119,11.0,0.002048087
45,119,12.0,0.0021045275
45,119,13.0,0.0022667511
45,119,14.0,0.0013787396
45,120,0.0,0.0
45,120,1.0,4.412505e-07
45,120,2.0,9.537121e-06
45,120,3.0,2.0240024e-05
45,120,4.0,4.577318e-05
45,120,5.0,8.5254986e-05
45,120,6.0,6.947312e-05
45,120,7.0,5.6681307e-05
45,120,8.0,4.535944e-05
45,120,9.0,4.318313e-05
45,120,10.0,0.000109344226
45,120,11.0,0.00017741788
45,120,12.0,0.000189217
45,120,13.0,0.00032105637
45,120,14.0,0.00018147062
45,121,0.0,0.0
45,121,1.0,0.0
45,121,2.0,3.725558e-09
45,121,3.0,3.9357833e-08
45,121,4.0,7.435276e-08
45,121,5.0,6.1153617e-07
45,121,6.0,1.2851111e-06
45,121,7.0,2.7437002e-07
45,121,8.0,5.721361e-08
45,121,9.0,1.5797285e-09
45,121,10.0,4.3067193e-06
45,121,11.0,7.5248327e-06
45,121,12.0,1.2176826e-05
45,121,13.0,1.1728858e-05
45,121,14.0,2.7652948e-05
45,122,0.0,0.0
45,122,1.0,0.0
45,122,2.0,9.117242e-08
45,122,3.0,1.0583491e-06
45,122,4.0,1.5081032e-07
45,122,5.0,0.0
45,122,6.0,1.5987861e-09
45,122,7.0,0.0
45,122,8.0,0.0
45,122,9.0,0.0
45,122,10.0,2.2416138e-08
45,122,11.0,1.7461994e-07
45,122,12.0,1.4431407e-07
45,122,13.0,8.768446e-08
45,122,14.0,1.491565e-06
45,123,0.0,1.4672636e-06
45,123,1.0,5.6447943e-06
45,123,2.0,4.8466754e-06
45,123,3.0,6.8485394e-07
45,123,4.0,0.0
45,123,5.0,1.1581465e-06
45,123,6.0,4.961258e-07
45,123,7.0,0.0
45,123,8.0,0.0
45,123,9.0,0.0
45,123,10.0,3.125479e-07
45,123,11.0,5.920394e-07
45,123,12.0,1.3768322e-07
45,123,13.0,7.167161e-11
45,123,14.0,0.0
45,124,0.0,9.751241e-07
45,124,1.0,3.992743e-06
45,124,2.0,2.5245508e-06
45,124,3.0,0.0
45,124,4.0,0.0
45,124,5.0,0.0
45,124,6.0,0.0
45,124,7.0,0.0
45,124,8.0,0.0
45,124,9.0,0.0
45,124,10.0,0.0
45,124,11.0,3.2346439e-09
45,124,12.0,2.951664e-07
45,124,13.0,5.057285e-07
45,124,14.0,2.7667447e-08
45,125,0.0,0.0
45,125,1.0,0.0
45,125,2.0,3.0741948e-08
45,125,3.0,4.3192763e-06
45,125,4.0,0.0
45,125,5.0,0.0
45,125,6.0,0.0
45,125,7.0,0.0
45,125,8.0,0.0
45,125,9.0,0.0
45,125,10.0,0.0
45,125,11.0,0.0
45,125,12.0,0.0
45,125,13.0,0.0
45,125,14.0,0.0
45,126,0.0,1.4702886e-08
45,126,1.0,1.0529623e-08
45,126,2.0,3.6995561e-07
45,126,3.0,7.987616e-08
45,126,4.0,0.0
45,126,5.0,0.0
45,126,6.0,0.0
45,126,7.0,0.0
45,126,8.0,0.0
45,126,9.0,0.0
45,126,10.0,0.0
45,126,11.0,0.0
45,126,12.0,0.0
45,126,13.0,0.0
45,126,14.0,0.0
45,127,0.0,4.2919083e-07
45,127,1.0,8.3358045e-06
45,127,2.0,8.2875595e-06
45,127,3.0,4.1228628e-07
45,127,4.0,1.5200999e-07
45,127,5.0,1.4848259e-09
45,127,6.0,3.6859642e-09
45,127,7.0,7.1842784e-08
45,127,8.0,2.1275766e-09
45,127,9.0,0.0
45,127,10.0,0.0
45,127,11.0,9.7427566e-11
45,127,12.0,0.0
45,127,13.0,0.0
45,127,14.0,0.0
45,128,0.0,1.3156591e-06
45,128,1.0,8.5328884e-07
45,128,2.0,3.6595923e-06
45,128,3.0,9.526583e-07
45,128,4.0,2.1865972e-07
45,128,5.0,0.0
45,128,6.0,5.0273317e-11
45,128,7.0,5.7728704e-07
45,128,8.0,2.0320344e-06
45,128,9.0,2.8289745e-07
45,128,10.0,1.2768292e-07
45,128,11.0,3.6641445e-08
45,128,12.0,2.5536145e-10
45,128,13.0,2.7335605e-09
45,128,14.0,3.1055972e-08
46,102,0.0,6.8015197e-07
46,102,1.0,0.0
46,102,2.0,0.0
46,102,3.0,0.0
46,102,4.0,1.047867e-06
46,102,5.0,2.0248951e-08
46,102,6.0,1.4232966e-05
46,102,7.0,1.2583521e-05
46,102,8.0,2.663477e-05
46,102,9.0,9.171137e-05
46,102,10.0,8.599135e-05
46,102,11.0,0.00012555644
46,102,12.0,4.069889e-05
46,102,13.0,1.8318025e-05
46,102,14.0,2.3692164e-06
46,103,0.0,3.8644566e-06
46,103,1.0,6.33152e-08
46,103,2.0,4.8717897e-08
46,103,3.0,1.995931e-07
46,103,4.0,4.2462142e-07
46,103,5.0,3.5300367e-08
46,103,6.0,6.10433e-07
46,103,7.0,1.1632425e-06
46,103,8.0,7.92941e-07
46,103,9.0,1.3091067e-06
46,103,10.0,3.1283062e-06
46,103,11.0,3.7811833e-06
46,103,12.0,1.7971577e-06
46,103,13.0,4.4383933e-07
46,103,14.0,5.7272916e-07
46,104,0.0,0.0
46,104,1.0,1.7449219e-09
46,104,2.0,0.0
46,104,3.0,0.0
46,104,4.0,3.7754018e-09
46,104,5.0,1.3399922e-07
46,104,6.0,3.4530237e-07
46,104,7.0,3.2920277e-06
46,104,8.0,6.0507023e-06
46,104,9.0,5.189863e-06
46,104,10.0,7.4839586e-06
46,104,11.0,1.764545e-06
46,104,12.0,4.745648e-08
46,104,13.0,3.8699397e-08
46,104,14.0,2.6858574e-08
46,105,0.0,5.7438974e-06
46,105,1.0,7.6004034e-07
46,105,2.0,8.981926e-07
46,105,3.0,1.323326e-07
46,105,4.0,4.3876977e-08
46,105,5.0,5.222938e-08
46,105,6.0,1.6223437e-07
46,105,7.0,3.36016e-07
46,105,8.0,1.008092e-06
46,105,9.0,2.0758682e-06
46,105,10.0,9.031274e-07
46,105,11.0,4.7540055e-08
46,105,12.0,7.048204e-07
46,105,13.0,3.460561e-07
46,105,14.0,1.9058245e-08
46,106,0.0,7.360012e-08
46,106,1.0,8.168857e-09
46,106,2.0,0.0
46,106,3.0,0.0
46,106,4.0,0.0
46,106,5.0,0.0
46,106,6.0,0.0
46,106,7.0,1.4530525e-09
46,106,8.0,2.73618e-07
46,106,9.0,5.8956476e-07
46,106,10.0,1.4475316e-06
46,106,11.0,3.072324e-06
46,106,12.0,5.7773796e-08
46,106,13.0,3.8906272e-08
46,106,14.0,5.687912e-08
46,107,0.0,8.9317005e-08
46,107,1.0,1.967055e-06
46,107,2.0,1.4269678e-05
46,107,3.0,3.1545476e-06
46,107,4.0,4.163677e-06
46,107,5.0,1.9531094e-06
46,107,6.0,1.8959137e-06
46,107,7.0,1.2745529e-06
46,107,8.0,1.2660589e-06
46,107,9.0,1.6896367e-06
46,107,10.0,1.8818336e-06
46,107,11.0,1.8008751e-06
46,107,12.0,1.9519957e-06
46,107,13.0,3.1031022e-06
46,107,14.0,3.7123275e-06
46,108,0.0,0.0
46,108,1.0,0.0
46,108,2.0,0.0
46,108,3.0,0.0
46,108,4.0,0.0
46,108,5.0,0.0
46,108,6.0,3.248157e-07
46,108,7.0,1.8945005e-06
46,108,8.0,9.370611e-06
46,108,9.0,3.4545057e-05
46,108,10.0,5.940193e-05
46,108,11.0,1.8242707e-05
46,108,12.0,1.3767108e-05
46,108,13.0,3.2653481e-06
46,108,14.0,4.0390137e-06
46,109,0.0,1.8339287e-10
46,109,1.0,4.02001e-10
46,109,2.0,0.0
46,109,3.0,0.0
46,109,4.0,1.2310211e-08
46,109,5.0,5.007831e-06
46,109,6.0,2.4345827e-05
46,109,7.0,1.5485626e-05
46,109,8.0,1.2741221e-05
46,109,9.0,1.7177392e-05
46,109,10.0,3.293465e-05
46,109,11.0,2.4115754e-05
46,109,12.0,3.4696484e-05
46,109,13.0,3.731506e-05
46,109,14.0,2.1982549e-05
46,110,0.0,0.0
46,110,1.0,8.191674e-07
46,110,2.0,8.559565e-06
46,110,3.0,1.1812064e-05
46,110,4.0,7.1238e-06
46,110,5.0,1.0224333e-06
46,110,6.0,8.169448e-06
46,110,7.0,4.0919596e-05
46,110,8.0,9.3640505e-05
46,110,9.0,6.147812e-05
46,110,10.0,0.0001799207
46,110,11.0,0.0001526192
46,110,12.0,0.00033937948
46,110,13.0,0.00038564834
46,110,14.0,0.00029855684
46,111,0.0,1.0782475e-06
46,111,1.0,1.1395752e-05
46,111,2.0,4.4876917e-05
46,111,3.0,0.00015970411
46,111,4.0,0.00025699617
46,111,5.0,0.00029107
46,111,6.0,0.0004681967
46,111,7.0,0.00041118643
46,111,8.0,0.00037703343
46,111,9.0,0.0007805541
46,111,10.0,0.0012693115
46,111,11.0,0.002464066
46,111,12.0,0.0030227893
46,111,13.0,0.003178549
46,111,14.0,0.003528799
46,112,0.0,1.2221738e-05
46,112,1.0,0.00025910008
46,112,2.0,0.0003234693
46,112,3.0,0.0005835824
46,112,4.0,0.0009471214
46,112,5.0,0.0020421613
46,112,6.0,0.0024578888
46,112,7.0,0.0026744239
46,112,8.0,0.0030496814
46,112,9.0,0.0031841185
46,112,10.0,0.004614966
46,112,11.0,0.006366551
46,112,12.0,0.011007797
46,112,13.0,0.012605021
46,112,14.0,0.010968464
46,113,0.0,0.0001724656
46,113,1.0,0.0004804333
46,113,2.0,0.0009973085
46,113,3.0,0.0026286899
46,113,4.0,0.0038186521
46,113,5.0,0.0056203147
46,113,6.0,0.0066586235
46,113,7.0,0.008023446
46,113,8.0,0.00887369
46,113,9.0,0.010548176
46,113,10.0,0.013931405
46,113,11.0,0.017366607
46,113,12.0,0.023057744
46,113,13.0,0.027148748
46,113,14.0,0.028201234
46,114,0.0,0.00042479517
46,114,1.0,0.0011038561
46,114,2.0,0.0022677863
46,114,3.0,0.005951096
46,114,4.0,0.010249134
46,114,5.0,0.015626054
46,114,6.0,0.021050835
46,114,7.0,0.026394602
46,114,8.0,0.028806597
46,114,9.0,0.02830815
46,114,10.0,0.03566125
46,114,11.0,0.048493523
46,114,12.0,0.059138734
46,114,13.0,0.063046
46,114,14.0,0.057460777
46,115,0.0,0.0017405383
46,115,1.0,0.002706662
46,115,2.0,0.005752854
46,115,3.0,0.010061123
46,115,4.0,0.017181868
46,115,5.0,0.023027949
46,115,6.0,0.028720442
46,115,7.0,0.030891495
46,115,8.0,0.037573542
46,115,9.0,0.047195725
46,115,10.0,0.06141652
46,115,11.0,0.07182671
46,115,12.0,0.076408215
46,115,13.0,0.08181837
46,115,14.0,0.08075584
46,116,0.0,0.0017128565
46,116,1.0,0.006377161
46,116,2.0,0.010395771
46,116,3.0,0.017563568
46,116,4.0,0.028190762
46,116,5.0,0.035277247
46,116,6.0,0.03525711
46,116,7.0,0.042167474
46,116,8.0,0.04848974
46,116,9.0,0.05638653
46,116,10.0,0.06599384
46,116,11.0,0.073275715
46,116,12.0,0.07655354
46,116,13.0,0.07993362
46,116,14.0,0.08024949
46,117,0.0,0.001498777
46,117,1.0,0.0036081178
46,117,2.0,0.007748884
46,117,3.0,0.015699692
46,117,4.0,0.021681346
46,117,5.0,0.02978327
46,117,6.0,0.037907332
46,117,7.0,0.04073662
46,117,8.0,0.041699752
46,117,9.0,0.04786416
46,117,10.0,0.058799997
46,117,11.0,0.0706817
46,117,12.0,0.07768254
46,117,13.0,0.0808237
46,117,14.0,0.07312717
46,118,0.0,0.0010579396
46,118,1.0,0.0023629963
46,118,2.0,0.004282798
46,118,3.0,0.0071433885
46,118,4.0,0.010366143
46,118,5.0,0.013827948
46,118,6.0,0.016298577
46,118,7.0,0.018014306
46,118,8.0,0.019584583
46,118,9.0,0.02180991
46,118,10.0,0.027449766
46,118,11.0,0.033671897
46,118,12.0,0.03543041
46,118,13.0,0.037976407
46,118,14.0,0.03468504
46,119,0.0,0.00042307947
46,119,1.0,0.0010181664
46,119,2.0,0.0027241025
46,119,3.0,0.0045426697
46,119,4.0,0.0072266664
46,119,5.0,0.009400111
46,119,6.0,0.011897514
46,119,7.0,0.013206719
46,119,8.0,0.014518033
46,119,9.0,0.016323414
46,119,10.0,0.019074969
46,119,11.0,0.024289105
46,119,12.0,0.027892374
46,119,13.0,0.027149303
46,119,14.0,0.025173603
46,120,0.0,7.5255615e-05
46,120,1.0,0.00019154468
46,120,2.0,0.00075477175
46,120,3.0,0.0008337426
46,120,4.0,0.0016706568
46,120,5.0,0.0016114401
46,120,6.0,0.0013672544
46,120,7.0,0.0012202002
46,120,8.0,0.001356892
46,120,9.0,0.0021635038
46,120,10.0,0.003031219
46,120,11.0,0.0034283847
46,120,12.0,0.00454348
46,120,13.0,0.0042758584
46,120,14.0,0.005073544
46,121,0.0,3.829336e-05
46,121,1.0,9.548987e-05
46,121,2.0,0.00045509028
46,121,3.0,0.00068547786
46,121,4.0,0.0010704552
46,121,5.0,0.0008039787
46,121,6.0,0.000896825
46,121,7.0,0.001007028
46,121,8.0,0.0010946686
46,121,9.0,0.0012796524
46,121,10.0,0.0016645029
46,121,11.0,0.0024601694
46,121,12.0,0.0037161
46,121,13.0,0.004369822
46,121,14.0,0.002717096
46,122,0.0,5.132979e-08
46,122,1.0,1.886913e-05
46,122,2.0,3.8845326e-05
46,122,3.0,5.1764433e-05
46,122,4.0,3.9072514e-05
46,122,5.0,9.076127e-05
46,122,6.0,0.00013727524
46,122,7.0,0.00013779892
46,122,8.0,0.00014002198
46,122,9.0,0.00015554712
46,122,10.0,0.0001400488
46,122,11.0,0.00031950322
46,122,12.0,0.000550089
46,122,13.0,0.0007740312
46,122,14.0,0.000659968
46,123,0.0,1.5332037e-07
46,123,1.0,1.4435306e-06
46,123,2.0,4.057555e-06
46,123,3.0,1.3648085e-05
46,123,4.0,9.678726e-06
46,123,5.0,1.1864844e-05
46,123,6.0,2.3519833e-05
46,123,7.0,3.972571e-05
46,123,8.0,4.1945434e-05
46,123,9.0,5.8368856e-05
46,123,10.0,0.00011044245
46,123,11.0,0.00022102948
46,123,12.0,0.00026619268
46,123,13.0,0.00020939113
46,123,14.0,6.381615e-05
46,124,0.0,3.312245e-08
46,124,1.0,2.1315849e-07
46,124,2.0,1.6154062e-06
46,124,3.0,3.719448e-06
46,124,4.0,1.9490126e-06
46,124,5.0,3.6573778e-07
46,124,6.0,9.37511e-10
46,124,7.0,1.2498366e-10
46,124,8.0,1.9442073e-06
46,124,9.0,2.4393826e-06
46,124,10.0,1.1946754e-05
46,124,11.0,4.4128133e-06
46,124,12.0,1.124544e-05
46,124,13.0,2.2332497e-05
46,124,14.0,2.3559134e-05
46,125,0.0,5.4460112e-14
46,125,1.0,4.4579255e-07
46,125,2.0,5.0207976e-09
46,125,3.0,0.0
46,125,4.0,1.5717558e-06
46,125,5.0,2.4133898e-08
46,125,6.0,0.0
46,125,7.0,0.0
46,125,8.0,0.0
46,125,9.0,0.0
46,125,10.0,0.0
46,125,11.0,3.1567635e-07
46,125,12.0,1.4347252e-05
46,125,13.0,2.5831796e-05
46,125,14.0,2.4114345e-06
46,126,0.0,0.0
46,126,1.0,4.985774e-09
46,126,2.0,3.0675665e-08
46,126,3.0,1.2012325e-08
46,126,4.0,0.0
46,126,5.0,0.0
46,126,6.0,0.0
46,126,7.0,0.0
46,126,8.0,0.0
46,126,9.0,0.0
46,126,10.0,0.0
46,126,11.0,0.0
46,126,12.0,0.0
46,126,13.0,9.964743e-09
46,126,14.0,0.0
46,127,0.0,7.3283396e-10
46,127,1.0,0.0
46,127,2.0,0.0
46,127,3.0,0.0
46,127,4.0,0.0
46,127,5.0,0.0
46,127,6.0,2.3183306e-08
46,127,7.0,1.095827e-07
46,127,8.0,1.5006084e-07
46,127,9.0,1.2589286e-08
46,127,10.0,2.5235267e-09
46,127,11.0,5.578026e-06
46,127,12.0,6.1739365e-06
46,127,13.0,1.5190624e-05
46,127,14.0,4.327765e-06
46,128,0.0,3.2542766e-07
46,128,1.0,6.5772842e-06
46,128,2.0,2.4002297e-06
46,128,3.0,6.7598825e-07
46,128,4.0,6.218591e-07
46,128,5.0,5.6483464e-07
46,128,6.0,2.3101919e-07
46,128,7.0,6.1076086e-08
46,128,8.0,1.2878298e-08
46,128,9.0,0.0
46,128,10.0,0.0
46,128,11.0,0.0
46,128,12.0,0.0
46,128,13.0,2.456392e-09
46,128,14.0,3.0958252e-13
46,129,0.0,0.0
46,129,1.0,0.0
46,129,2.0,0.0
46,129,3.0,0.0
46,129,4.0,2.4177936e-11
46,129,5.0,1.4417758e-06
46,129,6.0,0.0
46,129,7.0,0.0
46,129,8.0,0.0
46,129,9.0,2.0441797e-07
46,129,10.0,8.530955e-08
46,129,11.0,0.0
46,129,12.0,7.566411e-08
46,129,13.0,5.466736e-06
46,129,14.0,1.581297e-07
46,130,0.0,1.3494468e-08
46,130,1.0,0.0
46,130,2.0,0.0
46,130,3.0,0.0
46,130,4.0,0.0
46,130,5.0,0.0
46,130,6.0,0.0
46,130,7.0,0.0
46,130,8.0,0.0
46,130,9.0,0.0
46,130,10.0,0.0
46,130,11.0,0.0
46,130,12.0,0.0
46,130,13.0,0.0
46,130,14.0,0.0
46,131,0.0,0.0
46,131,1.0,0.0
46,131,2.0,6.6554335e-08
46,131,3.0,5.492931e-07
46,131,4.0,1.9866663e-06
46,131,5.0,2.1095167e-08
46,131,6.0,0.0
46,131,7.0,0.0
46,131,8.0,0.0
46,131,9.0,0.0
46,131,10.0,0.0
46,131,11.0,0.0
46,131,12.0,0.0
46,131,13.0,0.0
46,131,14.0,0.0
47,105,0.0,1.1385342e-05
47,105,1.0,1.8689159e-06
47,105,2.0,5.634123e-07
47,105,3.0,2.2522433e-07
47,105,4.0,5.717466e-07
47,105,5.0,7.3468805e-06
47,105,6.0,5.5149026e-06
47,105,7.0,1.9015323e-06
47,105,8.0,4.991491e-06
47,105,9.0,5.8951537e-07
47,105,10.0,1.2803628e-07
47,105,11.0,9.793776e-09
47,105,12.0,0.0
47,105,13.0,0.0
47,105,14.0,0.0
47,106,0.0,0.0
47,106,1.0,9.2157325e-07
47,106,2.0,1.5620958e-06
47,106,3.0,8.6804414e-07
47,106,4.0,5.621784e-07
47,106,5.0,4.4945915e-07
47,106,6.0,1.3373888e-08
47,106,7.0,0.0
47,106,8.0,0.0
47,106,9.0,0.0
47,106,10.0,0.0
47,106,11.0,0.0
47,106,12.0,1.7066122e-07
47,106,13.0,1.5837549e-07
47,106,14.0,0.0
47,107,0.0,7.299037e-07
47,107,1.0,5.6510676e-09
47,107,2.0,2.3036291e-08
47,107,3.0,5.0636295e-08
47,107,4.0,1.9254243e-07
47,107,5.0,5.1891025e-09
47,107,6.0,2.2789708e-07
47,107,7.0,7.0169165e-08
47,107,8.0,0.0
47,107,9.0,0.0
47,107,10.0,0.0
47,107,11.0,9.311022e-07
47,107,12.0,6.791074e-07
47,107,13.0,6.4616046e-08
47,107,14.0,6.865064e-07
47,108,0.0,3.0773242e-07
47,108,1.0,0.0
47,108,2.0,0.0
47,108,3.0,0.0
47,108,4.0,0.0
47,108,5.0,0.0
47,108,6.0,0.0
47,108,7.0,0.0
47,108,8.0,0.0
47,108,9.0,0.0
47,108,10.0,0.0
47,108,11.0,0.0
47,108,12.0,0.0
47,108,13.0,0.0
47,108,14.0,0.0
47,109,0.0,1.7221047e-06
47,109,1.0,3.0269966e-08
47,109,2.0,3.001794e-07
47,109,3.0,6.087914e-07
47,109,4.0,2.0142913e-07
47,109,5.0,0.0
47,109,6.0,0.0
47,109,7.0,0.0
47,109,8.0,2.5745058e-08
47,109,9.0,1.1796685e-09
47,109,10.0,3.4820677e-10
47,109,11.0,6.105571e-11
47,109,12.0,1.2511599e-08
47,109,13.0,0.0
47,109,14.0,0.0
47,110,0.0,5.5793694e-06
47,110,1.0,1.7121001e-06
47,110,2.0,4.6465952e-06
47,110,3.0,8.818673e-07
47,110,4.0,1.7565623e-09
47,110,5.0,0.0
47,110,6.0,0.0
47,110,7.0,0.0
47,110,8.0,2.108775e-08
47,110,9.0,1.9467818e-07
47,110,10.0,9.35218e-08
47,110,11.0,0.0
47,110,12.0,1.9164795e-11
47,110,13.0,0.0
47,110,14.0,3.7607103e-07
47,111,0.0,4.5951347e-07
47,111,1.0,8.821817e-08
47,111,2.0,2.4794813e-08
47,111,3.0,6.1160165e-08
47,111,4.0,1.7895121e-07
47,111,5.0,0.0
47,111,6.0,0.0
47,111,7.0,8.5205166e-08
47,111,8.0,7.905358e-10
47,111,9.0,1.9900776e-08
47,111,10.0,5.5441006e-07
47,111,11.0,1.0599765e-06
47,111,12.0,1.1446095e-06
47,111,13.0,7.491457e-06
47,111,14.0,3.5366605e-07
47,112,0.0,0.0
47,112,1.0,0.0
47,112,2.0,9.045377e-07
47,112,3.0,3.4229986e-09
47,112,4.0,5.0367817e-06
47,112,5.0,1.3627683e-05
47,112,6.0,9.957485e-06
47,112,7.0,1.958182e-06
47,112,8.0,6.4556816e-06
47,112,9.0,1.5230622e-05
47,112,10.0,2.3334054e-05
47,112,11.0,5.3321273e-05
47,112,12.0,0.000102245984
47,112,13.0,0.00020144746
47,112,14.0,0.00018484247
47,113,0.0,3.9870022e-07
47,113,1.0,0.0
47,113,2.0,0.0
47,113,3.0,2.7248157e-05
47,113,4.0,3.6433482e-06
47,113,5.0,2.7967131e-05
47,113,6.0,6.501636e-05
47,113,7.0,7.825731e-05
47,113,8.0,0.00015307243
47,113,9.0,0.0002456984
47,113,10.0,0.00038453453
47,113,11.0,0.00059012946
47,113,12.0,0.0010282997
47,113,13.0,0.0012194955
47,113,14.0,0.001278744
47,114,0.0,2.9280986e-10
47,114,1.0,1.2487162e-05
47,114,2.0,1.7986593e-05
47,114,3.0,0.00013539153
47,114,4.0,7.9686346e-05
47,114,5.0,0.00046722818
47,114,6.0,0.00046653143
47,114,7.0,0.00065452827
47,114,8.0,0.0010861725
47,114,9.0,0.0011061858
47,114,10.0,0.0015238562
47,114,11.0,0.002446188
47,114,12.0,0.003171886
47,114,13.0,0.003725598
47,114,14.0,0.0028509335
47,115,0.0,5.276166e-05
47,115,1.0,0.0001242679
47,115,2.0,0.00025122054
47,115,3.0,0.00067640364
47,115,4.0,0.0005749286
47,115,5.0,0.00129409
47,115,6.0,0.0022873809
47,115,7.0,0.003347172
47,115,8.0,0.0046571307
47,115,9.0,0.00509275
47,115,10.0,0.007024851
47,115,11.0,0.010958762
47,115,12.0,0.015631022
47,115,13.0,0.016938884
47,115,14.0,0.012664485
47,116,0.0,0.00028192787
47,116,1.0,0.0003986293
47,116,2.0,0.0008273936
47,116,3.0,0.001866008
47,116,4.0,0.0032636365
47,116,5.0,0.0050148843
47,116,6.0,0.0072747595
47,116,7.0,0.009238531
47,116,8.0,0.009990878
47,116,9.0,0.011098019
47,116,10.0,0.014202907
47,116,11.0,0.024904026
47,116,12.0,0.03071947
47,116,13.0,0.03107976
47,116,14.0,0.029254466
47,117,0.0,0.00033738257
47,117,1.0,0.0012845101
47,117,2.0,0.002840947
47,117,3.0,0.0069764312
47,117,4.0,0.010771134
47,117,5.0,0.01537946
47,117,6.0,0.022157071
47,117,7.0,0.02426515
47,117,8.0,0.026302135
47,117,9.0,0.030049438
47,117,10.0,0.03867163
47,117,11.0,0.054884784
47,117,12.0,0.060272355
47,117,13.0,0.064462505
47,117,14.0,0.06571569
47,118,0.0,0.0004089676
47,118,1.0,0.0014195079
47,118,2.0,0.0039866893
47,118,3.0,0.00817251
47,118,4.0,0.015865296
47,118,5.0,0.018110875
47,118,6.0,0.021997439
47,118,7.0,0.028570483
47,118,8.0,0.033716183
47,118,9.0,0.038173176
47,118,10.0,0.045260508
47,118,11.0,0.054628853
47,118,12.0,0.06887011
47,118,13.0,0.07798107
47,118,14.0,0.0802219
47,119,0.0,0.0009173684
47,119,1.0,0.0021174264
47,119,2.0,0.005969459
47,119,3.0,0.009044227
47,119,4.0,0.015496092
47,119,5.0,0.022093307
47,119,6.0,0.02999154
47,119,7.0,0.0339457
47,119,8.0,0.04034823
47,119,9.0,0.045296792
47,119,10.0,0.049830493
47,119,11.0,0.067501254
47,119,12.0,0.08289232
47,119,13.0,0.087387845
47,119,14.0,0.08721821
47,120,0.0,0.00045998965
47,120,1.0,0.0011329186
47,120,2.0,0.0030921241
47,120,3.0,0.005868153
47,120,4.0,0.010002383
47,120,5.0,0.016898347
47,120,6.0,0.019573038
47,120,7.0,0.023477843
47,120,8.0,0.026177311
47,120,9.0,0.029194914
47,120,10.0,0.035011534
47,120,11.0,0.048739552
47,120,12.0,0.0533495
47,120,13.0,0.056388963
47,120,14.0,0.05654101
47,121,0.0,0.0003106844
47,121,1.0,0.00097557175
47,121,2.0,0.002126386
47,121,3.0,0.0041708862
47,121,4.0,0.0069023236
47,121,5.0,0.009736158
47,121,6.0,0.012296339
47,121,7.0,0.0140899
47,121,8.0,0.016396122
47,121,9.0,0.01911804
47,121,10.0,0.02719158
47,121,11.0,0.034867063
47,121,12.0,0.040377956
47,121,13.0,0.04500803
47,121,14.0,0.04307756
47,122,0.0,4.4644195e-05
47,122,1.0,0.00028465028
47,122,2.0,0.00039557615
47,122,3.0,0.00181222
47,122,4.0,0.0041237287
47,122,5.0,0.00552937
47,122,6.0,0.0065265913
47,122,7.0,0.0074791615
47,122,8.0,0.008516969
47,122,9.0,0.009574897
47,122,10.0,0.012022252
47,122,11.0,0.014627442
47,122,12.0,0.015423721
47,122,13.0,0.016915781
47,122,14.0,0.016070643
47,123,0.0,2.8140825e-05
47,123,1.0,0.00040128222
47,123,2.0,0.0006972936
47,123,3.0,0.0011642663
47,123,4.0,0.0022928675
47,123,5.0,0.0038446349
47,123,6.0,0.0040957895
47,123,7.0,0.00482652
47,123,8.0,0.005546601
47,123,9.0,0.0065515703
47,123,10.0,0.007738895
47,123,11.0,0.008604143
47,123,12.0,0.009049875
47,123,13.0,0.0090164775
47,123,14.0,0.008329494
47,124,0.0,1.9546128e-06
47,124,1.0,1.6765116e-05
47,124,2.0,0.00022714803
47,124,3.0,0.00069548126
47,124,4.0,0.0013903994
47,124,5.0,0.0019792898
47,124,6.0,0.0025561217
47,124,7.0,0.002445022
47,124,8.0,0.0024642139
47,124,9.0,0.0029678813
47,124,10.0,0.0039921436
47,124,11.0,0.004809899
47,124,12.0,0.0050194007
47,124,13.0,0.004614665
47,124,14.0,0.003379596
47,125,0.0,1.4602933e-05
47,125,1.0,2.0355656e-05
47,125,2.0,0.00012937796
47,125,3.0,0.0007503526
47,125,4.0,0.0011190325
47,125,5.0,0.0013909703
47,125,6.0,0.0015869483
47,125,7.0,0.0009136206
47,125,8.0,0.0009318956
47,125,9.0,0.0010663111
47,125,10.0,0.0013502045
47,125,11.0,0.0018151776
47,125,12.0,0.0018922442
47,125,13.0,0.0017319234
47,125,14.0,0.0013074544
47,126,0.0,1.0946119e-05
47,126,1.0,1.5183895e-06
47,126,2.0,3.90524e-05
47,126,3.0,0.00012081475
47,126,4.0,0.00031821852
47,126,5.0,0.00041663527
47,126,6.0,0.0004909579
47,126,7.0,0.0005833221
47,126,8.0,0.00043960536
47,126,9.0,0.00049290556
47,126,10.0,0.0006205167
47,126,11.0,0.0005492142
47,126,12.0,0.00040457776
47,126,13.0,0.00040038463
47,126,14.0,0.00042453894
47,127,0.0,3.016728e-06
47,127,1.0,2.2199743e-05
47,127,2.0,3.4560842e-05
47,127,3.0,8.5320804e-05
47,127,4.0,9.034528e-05
47,127,5.0,0.00013394233
47,127,6.0,6.95228e-05
47,127,7.0,9.6419004e-05
47,127,8.0,3.3772925e-05
47,127,9.0,2.0048868e-05
47,127,10.0,3.3344662e-05
47,127,11.0,4.9093254e-05
47,127,12.0,9.473318e-05
47,127,13.0,0.00013363111
47,127,14.0,7.4127325e-05
47,128,0.0,2.6829683e-10
47,128,1.0,4.4767066e-09
47,128,2.0,2.4366227e-06
47,128,3.0,4.805352e-06
47,128,4.0,3.132706e-05
47,128,5.0,1.5586463e-07
47,128,6.0,1.0493274e-08
47,128,7.0,0.0
47,128,8.0,0.0
47,128,9.0,0.0
47,128,10.0,0.0
47,128,11.0,2.0547034e-06
47,128,12.0,2.9628864e-06
47,128,13.0,6.895022e-06
47,128,14.0,2.782753e-06
47,129,0.0,0.0
47,129,1.0,0.0
47,129,2.0,1.3165668e-13
47,129,3.0,5.828302e-07
47,129,4.0,3.0345652e-06
47,129,5.0,0.0
47,129,6.0,0.0
47,129,7.0,0.0
47,129,8.0,0.0
47,129,9.0,5.115935e-07
47,129,10.0,1.8048611e-06
47,129,11.0,2.6692715e-06
47,129,12.0,2.2630338e-06
47,129,13.0,7.8186495e-06
47,129,14.0,2.0621494e-05
47,130,0.0,0.0
47,130,1.0,0.0
47,130,2.0,1.6146191e-10
47,130,3.0,0.0
47,130,4.0,0.0
47,130,5.0,0.0
47,130,6.0,0.0
47,130,7.0,0.0
47,130,8.0,0.0
47,130,9.0,0.0
47,130,10.0,0.0
47,130,11.0,0.0
47,130,12.0,0.0
47,130,13.0,0.0
47,130,14.0,0.0
47,131,0.0,0.0
47,131,1.0,0.0
47,131,2.0,0.0
47,131,3.0,0.0
47,131,4.0,1.2253523e-07
47,131,5.0,4.805258e-07
47,131,6.0,6.760776e-07
47,131,7.0,8.82591e-08
47,131,8.0,1.6643443e-07
47,131,9.0,1.3243053e-07
47,131,10.0,1.47238e-09
47,131,11.0,0.0
47,131,12.0,1.1009905e-09
47,131,13.0,2.2382471e-07
47,131,14.0,1.3757222e-05
47,132,0.0,7.645288e-07
47,132,1.0,0.0
47,132,2.0,9.887683e-07
47,132,3.0,0.0
47,132,4.0,0.0
47,132,5.0,0.0
47,132,6.0,5.122002e-10
47,132,7.0,6.464272e-07
47,132,8.0,3.032487e-06
47,132,9.0,4.4452036e-06
47,132,10.0,3.970316e-06
47,132,11.0,5.676326e-06
47,132,12.0,1.054111e-05
47,132,13.0,1.2520466e-05
47,132,14.0,1.5194395e-05
47,133,0.0,3.2481182e-07
47,133,1.0,3.6559422e-07
47,133,2.0,1.1536324e-06
47,133,3.0,3.5991463e-06
47,133,4.0,7.106729e-07
47,133,5.0,2.2523894e-08
47,133,6.0,9.885902e-07
47,133,7.0,7.037386e-07
47,133,8.0,4.8653663e-07
47,133,9.0,1.3456528e-07
47,133,10.0,4.2199776e-08
47,133,11.0,1.3108617e-07
47,133,12.0,2.2172433e-07
47,133,13.0,1.0317752e-07
47,133,14.0,0.0
48,108,0.0,4.620513e-07
48,108,1.0,5.528699e-07
48,108,2.0,0.0
48,108,3.0,4.402954e-07
48,108,4.0,4.801065e-07
48,108,5.0,3.730447e-07
48,108,6.0,3.1409064e-07
48,108,7.0,1.0606336e-08
48,108,8.0,0.0
48,108,9.0,0.0
48,108,10.0,5.307825e-09
48,108,11.0,0.0
48,108,12.0,0.0
48,108,13.0,0.0
48,108,14.0,1.9938446e-07
48,109,0.0,2.2423315e-07
48,109,1.0,1.9414217e-06
48,109,2.0,1.0775566e-05
48,109,3.0,3.5903615e-06
48,109,4.0,4.891147e-06
48,109,5.0,3.0121544e-06
48,109,6.0,1.4070441e-06
48,109,7.0,6.737219e-07
48,109,8.0,2.501713e-07
48,109,9.0,5.812392e-08
48,109,10.0,2.5181622e-08
48,109,11.0,2.2368216e-09
48,109,12.0,0.0
48,109,13.0,0.0
48,109,14.0,0.0
48,110,0.0,7.867523e-07
48,110,1.0,4.7340613e-06
48,110,2.0,2.47764e-08
48,110,3.0,0.0
48,110,4.0,7.973002e-07
48,110,5.0,6.7311464e-07
48,110,6.0,1.9910826e-06
48,110,7.0,2.8520567e-06
48,110,8.0,2.791905e-06
48,110,9.0,2.261881e-06
48,110,10.0,2.3812079e-06
48,110,11.0,6.8249926e-07
48,110,12.0,1.0022409e-06
48,110,13.0,6.9349267e-07
48,110,14.0,2.1712786e-07
48,111,0.0,2.7938434e-06
48,111,1.0,4.091006e-06
48,111,2.0,1.1269112e-05
48,111,3.0,1.6653343e-05
48,111,4.0,7.973637e-06
48,111,5.0,7.3069114e-06
48,111,6.0,6.829625e-06
48,111,7.0,7.5030116e-06
48,111,8.0,7.649079e-06
48,111,9.0,5.808995e-06
48,111,10.0,3.2909638e-06
48,111,11.0,2.1283765e-06
48,111,12.0,2.1614974e-06
48,111,13.0,2.1023611e-06
48,111,14.0,1.4455626e-06
48,112,0.0,0.0
48,112,1.0,0.0
48,112,2.0,0.0
48,112,3.0,0.0
48,112,4.0,0.0
48,112,5.0,0.0
48,112,6.0,0.0
48,112,7.0,4.9014726e-08
48,112,8.0,3.687372e-08
48,112,9.0,0.0
48,112,10.0,0.0
48,112,11.0,0.0
48,112,12.0,0.0
48,112,13.0,3.0000077e-08
48,112,14.0,3.5402073e-07
48,113,0.0,7.7539346e-07
48,113,1.0,7.696446e-07
48,113,2.0,2.6259943e-06
48,113,3.0,5.8514556e-06
48,113,4.0,2.396444e-06
48,113,5.0,1.2752621e-06
48,113,6.0,1.8116946e-06
48,113,7.0,2.0158202e-06
48,113,8.0,2.5725772e-06
48,113,9.0,4.6447917e-06
48,113,10.0,6.712166e-06
48,113,11.0,2.8711968e-06
48,113,12.0,1.1234237e-06
48,113,13.0,2.3859068e-06
48,113,14.0,9.477532e-06
48,114,0.0,1.2077961e-08
48,114,1.0,0.0
48,114,2.0,9.374099e-11
48,114,3.0,0.0
48,114,4.0,0.0
48,114,5.0,4.4422427e-06
48,114,6.0,3.632274e-06
48,114,7.0,3.501288e-06
48,114,8.0,3.1013683e-06
48,114,9.0,1.4140686e-07
48,114,10.0,4.3447126e-06
48,114,11.0,1.0139532e-05
48,114,12.0,4.18696e-05
48,114,13.0,5.4922068e-05
48,114,14.0,7.333128e-05
48,115,0.0,9.416413e-06
48,115,1.0,1.1045229e-05
48,115,2.0,3.2882965e-06
48,115,3.0,2.2432534e-05
48,115,4.0,1.4657046e-05
48,115,5.0,8.67591e-06
48,115,6.0,1.7459744e-05
48,115,7.0,2.2667804e-05
48,115,8.0,6.078071e-05
48,115,9.0,0.00013725089
48,115,10.0,0.00017433564
48,115,11.0,0.0003650277
48,115,12.0,0.0009881863
48,115,13.0,0.0014356229
48,115,14.0,0.0014944007
48,116,0.0,2.3373339e-06
48,116,1.0,2.2169423e-05
48,116,2.0,9.0577436e-05
48,116,3.0,0.00020007112
48,116,4.0,0.00031960855
48,116,5.0,0.0004886981
48,116,6.0,0.00048430014
48,116,7.0,0.00043432935
48,116,8.0,0.00078164396
48,116,9.0,0.0017189962
48,116,10.0,0.0019860072
48,116,11.0,0.002703619
48,116,12.0,0.0041258573
48,116,13.0,0.0050038793
48,116,14.0,0.0049361866
48,117,0.0,2.9625733e-05
48,117,1.0,0.00026060137
48,117,2.0,0.00039831028
48,117,3.0,0.0005241022
48,117,4.0,0.0010139351
48,117,5.0,0.0010006466
48,117,6.0,0.0018650598
48,117,7.0,0.002801324
48,117,8.0,0.002902325
48,117,9.0,0.0042278203
48,117,10.0,0.005840509
48,117,11.0,0.008061386
48,117,12.0,0.008627385
48,117,13.0,0.009141836
48,117,14.0,0.010099509
48,118,0.0,0.00016635552
48,118,1.0,0.0005796856
48,118,2.0,0.0009776653
48,118,3.0,0.0012945187
48,118,4.0,0.0028195227
48,118,5.0,0.003964251
48,118,6.0,0.008207218
48,118,7.0,0.008833617
48,118,8.0,0.009501192
48,118,9.0,0.011003466
48,118,10.0,0.014103082
48,118,11.0,0.021869903
48,118,12.0,0.03216242
48,118,13.0,0.03592443
48,118,14.0,0.034156714
48,119,0.0,0.0008880258
48,119,1.0,0.0026909355
48,119,2.0,0.0039553703
48,119,3.0,0.0073522013
48,119,4.0,0.010121403
48,119,5.0,0.014422062
48,119,6.0,0.019778928
48,119,7.0,0.023679178
48,119,8.0,0.026732124
48,119,9.0,0.030832902
48,119,10.0,0.03796269
48,119,11.0,0.043991145
48,119,12.0,0.05233727
48,119,13.0,0.054080844
48,119,14.0,0.054295734
48,120,0.0,0.00080165826
48,120,1.0,0.0014823533
48,120,2.0,0.004354418
48,120,3.0,0.006449274
48,120,4.0,0.01185271
48,120,5.0,0.018786166
48,120,6.0,0.029196266
48,120,7.0,0.03694739
48,120,8.0,0.038745187
48,120,9.0,0.04242768
48,120,10.0,0.050896134
48,120,11.0,0.061303906
48,120,12.0,0.06543324
48,120,13.0,0.06609869
48,120,14.0,0.06338623
48,121,0.0,0.0005507863
48,121,1.0,0.002310038
48,121,2.0,0.0027753722
48,121,3.0,0.0048626
48,121,4.0,0.009895
48,121,5.0,0.017616563
48,121,6.0,0.023699878
48,121,7.0,0.029083826
48,121,8.0,0.03509919
48,121,9.0,0.045185406
48,121,10.0,0.0552056
48,121,11.0,0.06338025
48,121,12.0,0.07388857
48,121,13.0,0.082346655
48,121,14.0,0.07769401
48,122,0.0,0.0016405885
48,122,1.0,0.0029403542
48,122,2.0,0.0051871645
48,122,3.0,0.010182823
48,122,4.0,0.0142931
48,122,5.0,0.024326514
48,122,6.0,0.026563449
48,122,7.0,0.028947737
48,122,8.0,0.032009535
48,122,9.0,0.034260053
48,122,10.0,0.041342836
48,122,11.0,0.051080246
48,122,12.0,0.054708347
48,122,13.0,0.054601654
48,122,14.0,0.05788965
48,123,0.0,0.000545502
48,123,1.0,0.0019917425
48,123,2.0,0.0044604223
48,123,3.0,0.006844102
48,123,4.0,0.014396799
48,123,5.0,0.015815508
48,123,6.0,0.02093423
48,123,7.0,0.024617916
48,123,8.0,0.0275691
48,123,9.0,0.029903878
48,123,10.0,0.031244177
48,123,11.0,0.040674616
48,123,12.0,0.057307247
48,123,13.0,0.05724006
48,123,14.0,0.05393064
48,124,0.0,0.0017173239
48,124,1.0,0.0021142068
48,124,2.0,0.005477452
48,124,3.0,0.009836411
48,124,4.0,0.01282969
48,124,5.0,0.013982473
48,124,6.0,0.013871129
48,124,7.0,0.013705858
48,124,8.0,0.016287949
48,124,9.0,0.01727334
48,124,10.0,0.020972677
48,124,11.0,0.024057487
48,124,12.0,0.025163068
48,124,13.0,0.024664048
48,124,14.0,0.02771316
48,125,0.0,0.001873878
48,125,1.0,0.0029977364
48,125,2.0,0.004649147
48,125,3.0,0.009385864
48,125,4.0,0.012460538
48,125,5.0,0.013195368
48,125,6.0,0.014220953
48,125,7.0,0.016282693
48,125,8.0,0.018034354
48,125,9.0,0.018472675
48,125,10.0,0.023176908
48,125,11.0,0.022632083
48,125,12.0,0.025705194
48,125,13.0,0.02732433
48,125,14.0,0.025180306
48,126,0.0,0.0018396074
48,126,1.0,0.0020887342
48,126,2.0,0.004712074
48,126,3.0,0.0062143505
48,126,4.0,0.0073942416
48,126,5.0,0.007962418
48,126,6.0,0.007003457
48,126,7.0,0.005782483
48,126,8.0,0.005992256
48,126,9.0,0.006230434
48,126,10.0,0.008007749
48,126,11.0,0.008387906
48,126,12.0,0.009503172
48,126,13.0,0.0077777724
48,126,14.0,0.0067914776
48,127,0.0,0.0005133968
48,127,1.0,0.0007366912
48,127,2.0,0.001126667
48,127,3.0,0.0011933271
48,127,4.0,0.0016022066
48,127,5.0,0.0016203992
48,127,6.0,0.0014336524
48,127,7.0,0.001719816
48,127,8.0,0.0016786444
48,127,9.0,0.0016995571
48,127,10.0,0.0021552655
48,127,11.0,0.0014951808
48,127,12.0,0.0014489194
48,127,13.0,0.0015487998
48,127,14.0,0.0011944443
48,128,0.0,0.000467563
48,128,1.0,0.0008115329
48,128,2.0,0.0005953274
48,128,3.0,0.0009152134
48,128,4.0,0.0008567004
48,128,5.0,0.00078958605
48,128,6.0,0.0007276405
48,128,7.0,0.0007585205
48,128,8.0,0.0006545279
48,128,9.0,0.0006777281
48,128,10.0,0.00045446557
48,128,11.0,0.0005953516
48,128,12.0,0.000588969
48,128,13.0,0.0005288203
48,128,14.0,0.00055625633
48,129,0.0,2.8223432e-05
48,129,1.0,6.0989816e-05
48,129,2.0,4.7179197e-05
48,129,3.0,4.440295e-05
48,129,4.0,5.119489e-05
48,129,5.0,8.15217e-05
48,129,6.0,9.070104e-05
48,129,7.0,4.550157e-05
48,129,8.0,1.17050795e-05
48,129,9.0,5.4796974e-06
48,129,10.0,7.1864524e-06
48,129,11.0,8.789316e-06
48,129,12.0,1.4317045e-05
48,129,13.0,0.000106023486
48,129,14.0,0.00014335295
48,130,0.0,3.5286612e-05
48,130,1.0,2.7945343e-05
48,130,2.0,2.0369625e-05
48,130,3.0,2.8726625e-05
48,130,4.0,2.2442697e-05
48,130,5.0,1.8879731e-05
48,130,6.0,1.0859153e-05
48,130,7.0,1.5529871e-05
48,130,8.0,2.0594256e-05
48,130,9.0,3.092336e-05
48,130,10.0,2.1050551e-05
48,130,11.0,2.7041237e-06
48,130,12.0,1.2195414e-07
48,130,13.0,7.719118e-07
48,130,14.0,3.4205016e-06
48,131,0.0,5.087451e-08
48,131,1.0,7.883608e-07
48,131,2.0,0.0
48,131,3.0,0.0
48,131,4.0,0.0
48,131,5.0,0.0
48,131,6.0,4.6661373e-09
48,131,7.0,1.5434744e-06
48,131,8.0,2.1087485e-06
48,131,9.0,1.1066797e-06
48,131,10.0,9.2573447e-07
48,131,11.0,5.6413796e-07
48,131,12.0,2.119425e-10
48,131,13.0,8.030773e-12
48,131,14.0,1.0130594e-08
48,132,0.0,2.129532e-10
48,132,1.0,0.0
48,132,2.0,0.0
48,132,3.0,0.0
48,132,4.0,6.3438095e-09
48,132,5.0,3.3631082e-08
48,132,6.0,0.0
48,132,7.0,0.0
48,132,8.0,0.0
48,132,9.0,0.0
48,132,10.0,0.0
48,132,11.0,0.0
48,132,12.0,0.0
48,132,13.0,0.0
48,132,14.0,0.0
48,133,0.0,6.6236566e-07
48,133,1.0,1.29777e-07
48,133,2.0,1.9988471e-07
48,133,3.0,1.3216898e-06
48,133,4.0,2.6463442e-06
48,133,5.0,1.8968886e-06
48,133,6.0,1.5373952e-06
48,133,7.0,1.2056008e-06
48,133,8.0,8.226231e-07
48,133,9.0,1.7662435e-06
48,133,10.0,3.370895e-07
48,133,11.0,0.0
48,133,12.0,0.0
48,133,13.0,0.0
48,133,14.0,2.9615752e-09
48,134,0.0,7.772848e-07
48,134,1.0,6.225431e-09
48,134,2.0,5.599053e-06
48,134,3.0,1.4810624e-06
48,134,4.0,6.4830186e-07
48,134,5.0,3.8222847e-06
48,134,6.0,5.180747e-06
48,134,7.0,2.1189232e-06
48,134,8.0,5.868385e-09
48,134,9.0,1.4739152e-08
48,134,10.0,6.517182e-08
48,134,11.0,2.9700404e-08
48,134,12.0,1.8437262e-08
48,134,13.0,2.275039e-09
48,134,14.0,1.232782e-07
48,135,0.0,2.225065e-06
48,135,1.0,6.775831e-07
48,135,2.0,3.2062355e-06
48,135,3.0,1.4336174e-05
48,135,4.0,5.631243e-06
48,135,5.0,2.6296502e-06
48,135,6.0,3.8119472e-06
48,135,7.0,1.1400313e-05
48,135,8.0,1.2149105e-05
48,135,9.0,4.339569e-06
48,135,10.0,6.378129e-07
48,135,11.0,3.2271825e-07
48,135,12.0,3.8635342e-08
48,135,13.0,2.3038365e-09
48,135,14.0,4.5585216e-09
48,136,0.0,3.7930026e-06
48,136,1.0,1.3337776e-05
48,136,2.0,1.0857511e-05
48,136,3.0,2.7893265e-07
48,136,4.0,8.956363e-08
48,136,5.0,1.816491e-08
48,136,6.0,8.213326e-07
48,136,7.0,1.7485055e-06
48,136,8.0,6.8962254e-06
48,136,9.0,2.3534957e-07
48,136,10.0,1.4083762e-06
48,136,11.0,3.834794e-07
48,136,12.0,0.0
48,136,13.0,0.0
48,136,14.0,0.0
49,110,0.0,2.8812009e-08
49,110,1.0,2.2755998e-08
49,110,2.0,8.292996e-07
49,110,3.0,8.2996183e-07
49,110,4.0,3.5937703e-06
49,110,5.0,2.50502e-06
49,110,6.0,8.388625e-07
49,110,7.0,1.284305e-07
49,110,8.0,4.556379e-08
49,110,9.0,9.9319635e-08
49,110,10.0,4.238141e-07
49,110,11.0,4.5051968e-07
49,110,12.0,1.3811349e-07
49,110,13.0,7.172767e-08
49,110,14.0,1.6290043e-06
49,111,0.0,1.1398392e-09
49,111,1.0,4.5911426e-07
49,111,2.0,3.7570142e-06
49,111,3.0,4.56397e-07
49,111,4.0,1.8753651e-07
49,111,5.0,1.8730425e-08
49,111,6.0,5.4071068e-09
49,111,7.0,6.774082e-08
49,111,8.0,0.0
49,111,9.0,0.0
49,111,10.0,0.0
49,111,11.0,0.0
49,111,12.0,0.0
49,111,13.0,0.0
49,111,14.0,0.0
49,112,0.0,7.018949e-10
49,112,1.0,2.1434478e-06
49,112,2.0,4.0736204e-06
49,112,3.0,1.6476064e-06
49,112,4.0,3.1181987e-06
49,112,5.0,1.5366545e-06
49,112,6.0,4.7992117e-08
49,112,7.0,0.0
49,112,8.0,0.0
49,112,9.0,0.0
49,112,10.0,6.719042e-11
49,112,11.0,0.0
49,112,12.0,0.0
49,112,13.0,0.0
49,112,14.0,0.0
49,113,0.0,5.9042655e-09
49,113,1.0,0.0
49,113,2.0,4.10439e-08
49,113,3.0,7.2564006e-07
49,113,4.0,3.81914e-06
49,113,5.0,1.3019932e-06
49,113,6.0,5.05938e-10
49,113,7.0,0.0
49,113,8.0,0.0
49,113,9.0,0.0
49,113,10.0,2.2368216e-09
49,113,11.0,0.0
49,113,12.0,0.0
49,113,13.0,0.0
49,113,14.0,0.0
49,114,0.0,1.966106e-09
49,114,1.0,6.8748477e-07
49,114,2.0,3.7537968e-06
49,114,3.0,4.5871207e-07
49,114,4.0,1.8104172e-06
49,114,5.0,6.185527e-07
49,114,6.0,2.170375e-07
49,114,7.0,6.155324e-08
49,114,8.0,5.568499e-08
49,114,9.0,3.443071e-07
49,114,10.0,5.8480975e-07
49,114,11.0,1.1534466e-07
49,114,12.0,3.0771352e-09
49,114,13.0,0.0
49,114,14.0,2.9613275e-08
49,115,0.0,3.930102e-06
49,115,1.0,0.0
49,115,2.0,1.3543813e-07
49,115,3.0,2.0723023e-07
49,115,4.0,1.07654e-06
49,115,5.0,3.034867e-08
49,115,6.0,0.0
49,115,7.0,4.771565e-08
49,115,8.0,3.6672262e-07
49,115,9.0,2.67518e-07
49,115,10.0,3.851733e-06
49,115,11.0,2.0967896e-07
49,115,12.0,2.7185968e-06
49,115,13.0,1.08213835e-05
49,115,14.0,5.9248773e-06
49,116,0.0,0.0
49,116,1.0,0.0
49,116,2.0,0.0
49,116,3.0,2.481015e-07
49,116,4.0,5.80902e-06
49,116,5.0,1.8472804e-06
49,116,6.0,6.4246647e-06
49,116,7.0,5.211417e-06
49,116,8.0,2.494568e-06
49,116,9.0,9.647281e-06
49,116,10.0,1.2711398e-05
49,116,11.0,6.136882e-05
49,116,12.0,4.8635946e-05
49,116,13.0,6.1703155e-05
49,116,14.0,3.1829408e-05
49,117,0.0,6.229844e-06
49,117,1.0,0.0
49,117,2.0,0.0
49,117,3.0,0.0
49,117,4.0,1.2710105e-06
49,117,5.0,3.5484288e-06
49,117,6.0,4.5335078e-06
49,117,7.0,9.394259e-06
49,117,8.0,1.5196988e-05
49,117,9.0,1.1250144e-05
49,117,10.0,2.2818938e-05
49,117,11.0,0.00014060034
49,117,12.0,0.000111985195
49,117,13.0,0.00019770162
49,117,14.0,0.0001769986
49,118,0.0,7.661838e-06
49,118,1.0,1.2246206e-06
49,118,2.0,8.464222e-06
49,118,3.0,1.626784e-05
49,118,4.0,4.3048225e-05
49,118,5.0,0.00010267612
49,118,6.0,0.00014283229
49,118,7.0,0.00016002255
49,118,8.0,0.00018099857
49,118,9.0,0.00031762687
49,118,10.0,0.00049530837
49,118,11.0,0.00037683075
49,118,12.0,0.0005242392
49,118,13.0,0.0005316449
49,118,14.0,0.00068337703
49,119,0.0,7.912049e-05
49,119,1.0,2.925259e-05
49,119,2.0,0.00010650425
49,119,3.0,0.00015490282
49,119,4.0,0.0003885688
49,119,5.0,0.0008806404
49,119,6.0,0.0016547717
49,119,7.0,0.0018760591
49,119,8.0,0.0016757497
49,119,9.0,0.0019813755
49,119,10.0,0.0026948026
49,119,11.0,0.0030039095
49,119,12.0,0.003509017
49,119,13.0,0.0038783983
49,119,14.0,0.0041207382
49,120,0.0,8.614986e-05
49,120,1.0,0.00025110427
49,120,2.0,0.0005071786
49,120,3.0,0.0007821559
49,120,4.0,0.0015414932
49,120,5.0,0.0027436556
49,120,6.0,0.002725733
49,120,7.0,0.0038507846
49,120,8.0,0.0057390826
49,120,9.0,0.0060860473
49,120,10.0,0.0073397984
49,120,11.0,0.00941153
49,120,12.0,0.012045795
49,120,13.0,0.01245216
49,120,14.0,0.010816967
49,121,0.0,0.00026702802
49,121,1.0,0.0012388274
49,121,2.0,0.0016049822
49,121,3.0,0.0031685643
49,121,4.0,0.004051754
49,121,5.0,0.0069985082
49,121,6.0,0.009887921
49,121,7.0,0.0109071
49,121,8.0,0.011847837
49,121,9.0,0.014486215
49,121,10.0,0.018885517
49,121,11.0,0.0308212
49,121,12.0,0.038594007
49,121,13.0,0.03964967
49,121,14.0,0.035773456
49,122,0.0,0.0003588574
49,122,1.0,0.00092210446
49,122,2.0,0.0023546363
49,122,3.0,0.0039894856
49,122,4.0,0.0072499556
49,122,5.0,0.009651824
49,122,6.0,0.012612656
49,122,7.0,0.015300776
49,122,8.0,0.018115785
49,122,9.0,0.022437505
49,122,10.0,0.025887579
49,122,11.0,0.036421176
49,122,12.0,0.049156483
49,122,13.0,0.05491361
49,122,14.0,0.05894721
49,123,0.0,0.0004883406
49,123,1.0,0.0028656328
49,123,2.0,0.006089991
49,123,3.0,0.010222931
49,123,4.0,0.013776055
49,123,5.0,0.020191148
49,123,6.0,0.025849393
49,123,7.0,0.026750896
49,123,8.0,0.030359492
49,123,9.0,0.03753448
49,123,10.0,0.047090832
49,123,11.0,0.06477472
49,123,12.0,0.076928906
49,123,13.0,0.082714155
49,123,14.0,0.08404776
49,124,0.0,0.00056403567
49,124,1.0,0.0017473911
49,124,2.0,0.0044897045
49,124,3.0,0.00718487
49,124,4.0,0.01400407
49,124,5.0,0.018824132
49,124,6.0,0.02234161
49,124,7.0,0.027466774
49,124,8.0,0.031326402
49,124,9.0,0.037134863
49,124,10.0,0.046219375
49,124,11.0,0.062391505
49,124,12.0,0.07346654
49,124,13.0,0.08135793
49,124,14.0,0.08068109
49,125,0.0,0.0015602084
49,125,1.0,0.004303273
49,125,2.0,0.0063689407
49,125,3.0,0.014674211
49,125,4.0,0.019235414
49,125,5.0,0.02595311
49,125,6.0,0.028966442
49,125,7.0,0.03257355
49,125,8.0,0.03649922
49,125,9.0,0.042123195
49,125,10.0,0.05168566
49,125,11.0,0.0633078
49,125,12.0,0.07049393
49,125,13.0,0.07291367
49,125,14.0,0.07227111
49,126,0.0,0.0025397735
49,126,1.0,0.00351405
49,126,2.0,0.01097866
49,126,3.0,0.013425534
49,126,4.0,0.017798377
49,126,5.0,0.022904024
49,126,6.0,0.030940486
49,126,7.0,0.033455938
49,126,8.0,0.034949288
49,126,9.0,0.03985354
49,126,10.0,0.049224682
49,126,11.0,0.05971819
49,126,12.0,0.062213495
49,126,13.0,0.060843635
49,126,14.0,0.057852354
49,127,0.0,0.0061421515
49,127,1.0,0.009490981
49,127,2.0,0.017638296
49,127,3.0,0.020111026
49,127,4.0,0.029445946
49,127,5.0,0.034058835
49,127,6.0,0.037582863
49,127,7.0,0.03718529
49,127,8.0,0.035921425
49,127,9.0,0.040226087
49,127,10.0,0.04565354
49,127,11.0,0.054027908
49,127,12.0,0.05660484
49,127,13.0,0.05524457
49,127,14.0,0.047399055
49,128,0.0,0.0061155874
49,128,1.0,0.010188872
49,128,2.0,0.020079235
49,128,3.0,0.02295787
49,128,4.0,0.026037242
49,128,5.0,0.035297092
49,128,6.0,0.03814563
49,128,7.0,0.0357324
49,128,8.0,0.03327479
49,128,9.0,0.031908136
49,128,10.0,0.035499834
49,128,11.0,0.041012354
49,128,12.0,0.041898634
49,128,13.0,0.041398536
49,128,14.0,0.03549255
49,129,0.0,0.011875303
49,129,1.0,0.017330956
49,129,2.0,0.021650245
49,129,3.0,0.02625493
49,129,4.0,0.029851947
49,129,5.0,0.034730833
49,129,6.0,0.033965394
49,129,7.0,0.032367267
49,129,8.0,0.030432973
49,129,9.0,0.02740378
49,129,10.0,0.02762617
49,129,11.0,0.029900782
49,129,12.0,0.02909517
49,129,13.0,0.024571352
49,129,14.0,0.02042011
49,130,0.0,0.005444893
49,130,1.0,0.0052498085
49,130,2.0,0.0071388884
49,130,3.0,0.009408191
49,130,4.0,0.013197587
49,130,5.0,0.011059863
49,130,6.0,0.008865588
49,130,7.0,0.00870451
49,130,8.0,0.00754465
49,130,9.0,0.0068571395
49,130,10.0,0.0066663027
49,130,11.0,0.0064584957
49,130,12.0,0.005331884
49,130,13.0,0.00487532
49,130,14.0,0.0042375824
49,131,0.0,0.00091696985
49,131,1.0,0.0015356807
49,131,2.0,0.0013409343
49,131,3.0,0.0023225532
49,131,4.0,0.0018806197
49,131,5.0,0.0014860363
49,131,6.0,0.0011009742
49,131,7.0,0.00089599565
49,131,8.0,0.0006475589
49,131,9.0,0.00068253145
49,131,10.0,0.00080732023
49,131,11.0,0.0008359567
49,131,12.0,0.00063096697
49,131,13.0,0.0005393993
49,131,14.0,0.00047462777
49,132,0.0,8.0541686e-05
49,132,1.0,8.3504296e-05
49,132,2.0,0.00013111733
49,132,3.0,8.357823e-05
49,132,4.0,3.525334e-05
49,132,5.0,3.1213585e-05
49,132,6.0,1.5796151e-05
49,132,7.0,1.1584534e-05
49,132,8.0,1.8793968e-05
49,132,9.0,2.6102347e-05
49,132,10.0,2.0676514e-05
49,132,11.0,1.9466721e-05
49,132,12.0,1.982852e-05
49,132,13.0,8.379312e-06
49,132,14.0,2.70807e-06
49,133,0.0,5.361249e-06
49,133,1.0,5.36292e-07
49,133,2.0,3.7728362e-06
49,133,3.0,9.956638e-06
49,133,4.0,7.044362e-07
49,133,5.0,0.0
49,133,6.0,0.0
49,133,7.0,3.536156e-07
49,133,8.0,2.3758547e-07
49,133,9.0,6.718639e-07
49,133,10.0,9.421637e-07
49,133,11.0,4.2454155e-07
49,133,12.0,0.0
49,133,13.0,0.0
49,133,14.0,0.0
49,134,0.0,3.057696e-09
49,134,1.0,2.4576865e-09
49,134,2.0,2.2700661e-07
49,134,3.0,2.3595075e-07
49,134,4.0,4.4439643e-09
49,134,5.0,0.0
49,134,6.0,8.8861134e-07
49,134,7.0,8.4657864e-07
49,134,8.0,3.8775097e-10
49,134,9.0,0.0
49,134,10.0,0.0
49,134,11.0,8.122046e-07
49,134,12.0,4.2602345e-08
49,134,13.0,3.6002656e-09
49,134,14.0,1.7766119e-10
49,135,0.0,0.0
49,135,1.0,0.0
49,135,2.0,1.5237654e-07
49,135,3.0,0.0
49,135,4.0,2.2115575e-08
49,135,5.0,1.2161834e-06
49,135,6.0,8.124668e-07
49,135,7.0,1.4148543e-06
49,135,8.0,1.283331e-07
49,135,9.0,1.17854e-08
49,135,10.0,0.0
49,135,11.0,0.0
49,135,12.0,0.0
49,135,13.0,0.0
49,135,14.0,0.0
49,136,0.0,0.0
49,136,1.0,0.0
49,136,2.0,5.215804e-09
49,136,3.0,4.066497e-07
49,136,4.0,8.323263e-07
49,136,5.0,9.854413e-07
49,136,6.0,1.5642438e-05
49,136,7.0,1.3387885e-05
49,136,8.0,9.920762e-06
49,136,9.0,1.2490343e-05
49,136,10.0,5.5072305e-06
49,136,11.0,1.6889913e-07
49,136,12.0,0.0
49,136,13.0,0.0
49,136,14.0,0.0
49,137,0.0,2.7520225e-06
49,137,1.0,3.8216635e-06
49,137,2.0,1.14446394e-07
49,137,3.0,0.0
49,137,4.0,0.0
49,137,5.0,6.968607e-08
49,137,6.0,5.0041063e-08
49,137,7.0,5.7674595e-14
49,137,8.0,0.0
49,137,9.0,0.0
49,137,10.0,1.019279e-07
49,137,11.0,2.6893819e-08
49,137,12.0,4.8269952e-09
49,137,13.0,2.3966864e-08
49,137,14.0,3.6740855e-07
49,138,0.0,6.5141654e-07
49,138,1.0,1.3203473e-06
49,138,2.0,5.6801175e-05
49,138,3.0,0.00013813456
49,138,4.0,0.00013360259
49,138,5.0,0.00025075284
49,138,6.0,0.00030672262
49,138,7.0,0.00017170487
49,138,8.0,0.00025790432
49,138,9.0,0.00021397983
49,138,10.0,0.00020238216
49,138,11.0,0.00037072893
49,138,12.0,0.0004492071
49,138,13.0,0.0003247484
49,138,14.0,0.00026658896
50,113,0.0,1.3511578e-06
50,113,1.0,4.391052e-09
50,113,2.0,2.3800372e-07
50,113,3.0,2.8187989e-08
50,113,4.0,0.0
50,113,5.0,0.0
50,113,6.0,1.5342258e-07
50,113,7.0,2.4431475e-07
50,113,8.0,1.6442306e-07
50,113,9.0,7.475405e-07
50,113,10.0,9.086992e-07
50,113,11.0,8.5046844e-07
50,113,12.0,2.1183514e-06
50,113,13.0,2.054408e-06
50,113,14.0,9.824471e-08
50,114,0.0,3.3526865e-07
50,114,1.0,1.0042604e-06
50,114,2.0,7.134818e-07
50,114,3.0,7.1598683e-09
50,114,4.0,3.0252586e-08
50,114,5.0,2.1395131e-07
50,114,6.0,2.5058623e-06
50,114,7.0,8.843107e-06
50,114,8.0,1.0372454e-05
50,114,9.0,1.656059e-05
50,114,10.0,7.173664e-06
50,114,11.0,1.992475e-06
50,114,12.0,3.601876e-07
50,114,13.0,6.017663e-07
50,114,14.0,1.3718667e-06
50,115,0.0,7.8204316e-08
50,115,1.0,1.9201574e-08
50,115,2.0,2.6818844e-07
50,115,3.0,3.647644e-07
50,115,4.0,3.2655802e-07
50,115,5.0,1.1251647e-06
50,115,6.0,1.5609822e-06
50,115,7.0,1.7445393e-06
50,115,8.0,1.5993171e-06
50,115,9.0,9.65498e-07
50,115,10.0,5.0373524e-07
50,115,11.0,9.3310683e-07
50,115,12.0,1.6537385e-06
50,115,13.0,4.38845e-06
50,115,14.0,3.903778e-06
50,116,0.0,1.6652631e-06
50,116,1.0,9.7414334e-11
50,116,2.0,6.923915e-08
50,116,3.0,0.0
50,116,4.0,2.1581658e-07
50,116,5.0,1.10981624e-07
50,116,6.0,1.1348033e-06
50,116,7.0,5.3187284e-07
50,116,8.0,4.177926e-07
50,116,9.0,2.993185e-07
50,116,10.0,2.8797126e-07
50,116,11.0,5.329171e-07
50,116,12.0,1.0819414e-08
50,116,13.0,0.0
50,116,14.0,0.0
50,117,0.0,0.0
50,117,1.0,0.0
50,117,2.0,2.9438481e-06
50,117,3.0,3.1526763e-06
50,117,4.0,9.1631733e-07
50,117,5.0,1.2152256e-07
50,117,6.0,9.107732e-07
50,117,7.0,1.2391306e-06
50,117,8.0,1.5465358e-06
50,117,9.0,2.0253792e-06
50,117,10.0,7.772416e-07
50,117,11.0,9.976168e-08
50,117,12.0,2.0382397e-06
50,117,13.0,4.656691e-06
50,117,14.0,8.955017e-06
50,118,0.0,0.0
50,118,1.0,0.0
50,118,2.0,0.0
50,118,3.0,0.0
50,118,4.0,4.843578e-09
50,118,5.0,0.0
50,118,6.0,0.0
50,118,7.0,0.0
50,118,8.0,0.0
50,118,9.0,6.591694e-09
50,118,10.0,3.986156e-06
50,118,11.0,1.4962802e-05
50,118,12.0,8.981976e-07
50,118,13.0,3.5686476e-06
50,118,14.0,3.9349575e-06
50,119,0.0,1.5901268e-06
50,119,1.0,1.7581673e-09
50,119,2.0,3.4971495e-07
50,119,3.0,1.9781474e-07
50,119,4.0,3.1778747e-08
50,119,5.0,1.0559623e-06
50,119,6.0,1.0899908e-05
50,119,7.0,2.2744709e-05
50,119,8.0,2.67206e-05
50,119,9.0,8.8273315e-05
50,119,10.0,7.085195e-05
50,119,11.0,0.00012689947
50,119,12.0,0.0001555132
50,119,13.0,0.00018931528
50,119,14.0,0.00013821862
50,120,0.0,0.0
50,120,1.0,6.149548e-06
50,120,2.0,1.4105707e-05
50,120,3.0,3.6583656e-06
50,120,4.0,1.8710618e-05
50,120,5.0,5.4805518e-05
50,120,6.0,0.00012339775
50,120,7.0,0.00014893676
50,120,8.0,0.0002202646
50,120,9.0,0.00041140468
50,120,10.0,0.00049020705
50,120,11.0,0.00026251946
50,120,12.0,0.00053283444
50,120,13.0,0.0004858094
50,120,14.0,0.00074305467
50,121,0.0,7.174471e-09
50,121,1.0,3.5724659e-06
50,121,2.0,5.081507e-05
50,121,3.0,9.7575954e-05
50,121,4.0,0.0001311121
50,121,5.0,0.00022459692
50,121,6.0,0.0004635857
50,121,7.0,0.00056896737
50,121,8.0,0.00038151955
50,121,9.0,0.0004170897
50,121,10.0,0.001085208
50,121,11.0,0.0018672713
50,121,12.0,0.0019618475
50,121,13.0,0.0020042434
50,121,14.0,0.0013301398
50,122,0.0,6.8859124e-05
50,122,1.0,0.00020557524
50,122,2.0,0.00034099974
50,122,3.0,0.0006176978
50,122,4.0,0.0009470156
50,122,5.0,0.0019377293
50,122,6.0,0.0033121305
50,122,7.0,0.0044285567
50,122,8.0,0.0049016527
50,122,9.0,0.0058160475
50,122,10.0,0.0065149283
50,122,11.0,0.007480543
50,122,12.0,0.00904304
50,122,13.0,0.008985455
50,122,14.0,0.008765575
50,123,0.0,0.00025372038
50,123,1.0,0.0012202266
50,123,2.0,0.0011801409
50,123,3.0,0.0026848812
50,123,4.0,0.0031117739
50,123,5.0,0.004242364
50,123,6.0,0.005933021
50,123,7.0,0.00787097
50,123,8.0,0.010795182
50,123,9.0,0.012512864
50,123,10.0,0.020127019
50,123,11.0,0.024952298
50,123,12.0,0.030504093
50,123,13.0,0.02972943
50,123,14.0,0.030147534
50,124,0.0,0.0003986528
50,124,1.0,0.0019077462
50,124,2.0,0.0035733087
50,124,3.0,0.0054130047
50,124,4.0,0.009620566
50,124,5.0,0.0131818745
50,124,6.0,0.020238876
50,124,7.0,0.024717504
50,124,8.0,0.02722879
50,124,9.0,0.027671797
50,124,10.0,0.02501186
50,124,11.0,0.029355725
50,124,12.0,0.04756196
50,124,13.0,0.047663257
50,124,14.0,0.045958936
50,125,0.0,0.0016803324
50,125,1.0,0.0023708637
50,125,2.0,0.0038557877
50,125,3.0,0.0049180007
50,125,4.0,0.008511867
50,125,5.0,0.012766716
50,125,6.0,0.020573935
50,125,7.0,0.025389915
50,125,8.0,0.026672466
50,125,9.0,0.029339863
50,125,10.0,0.03501669
50,125,11.0,0.03966762
50,125,12.0,0.050458916
50,125,13.0,0.05927036
50,125,14.0,0.0611218
50,126,0.0,0.0024202212
50,126,1.0,0.0061996924
50,126,2.0,0.010031491
50,126,3.0,0.014915352
50,126,4.0,0.021443116
50,126,5.0,0.03038035
50,126,6.0,0.039427813
50,126,7.0,0.045559227
50,126,8.0,0.04436793
50,126,9.0,0.04485182
50,126,10.0,0.05141907
50,126,11.0,0.075510755
50,126,12.0,0.08502647
50,126,13.0,0.08729882
50,126,14.0,0.0838706
50,127,0.0,0.0142657235
50,127,1.0,0.017625514
50,127,2.0,0.024300482
50,127,3.0,0.031384893
50,127,4.0,0.045180857
50,127,5.0,0.056533538
50,127,6.0,0.06817312
50,127,7.0,0.07151009
50,127,8.0,0.077987604
50,127,9.0,0.08987802
50,127,10.0,0.09984122
50,127,11.0,0.11099451
50,127,12.0,0.1168086
50,127,13.0,0.12468182
50,127,14.0,0.12077565
50,128,0.0,0.050437286
50,128,1.0,0.06377454
50,128,2.0,0.07418437
50,128,3.0,0.103718035
50,128,4.0,0.116377525
50,128,5.0,0.13021068
50,128,6.0,0.14142129
50,128,7.0,0.14686395
50,128,8.0,0.14467147
50,128,9.0,0.1431791
50,128,10.0,0.13958544
50,128,11.0,0.16623732
50,128,12.0,0.1711975
50,128,13.0,0.17283255
50,128,14.0,0.17626965
50,129,0.0,0.085774556
50,129,1.0,0.10893008
50,129,2.0,0.12828122
50,129,3.0,0.14730291
50,129,4.0,0.16885178
50,129,5.0,0.17054403
50,129,6.0,0.17390902
50,129,7.0,0.17891398
50,129,8.0,0.17799886
50,129,9.0,0.1630489
50,129,10.0,0.16441812
50,129,11.0,0.16756089
50,129,12.0,0.16363257
50,129,13.0,0.16592516
50,129,14.0,0.16705538
50,130,0.0,0.17737901
50,130,1.0,0.17940666
50,130,2.0,0.17991503
50,130,3.0,0.18614775
50,130,4.0,0.20082052
50,130,5.0,0.17811252
50,130,6.0,0.15001753
50,130,7.0,0.14201191
50,130,8.0,0.13666376
50,130,9.0,0.12848249
50,130,10.0,0.12438024
50,130,11.0,0.13175966
50,130,12.0,0.13620824
50,130,13.0,0.12541127
50,130,14.0,0.11121646
50,131,0.0,0.13857776
50,131,1.0,0.12195249
50,131,2.0,0.12726094
50,131,3.0,0.11587709
50,131,4.0,0.116679505
50,131,5.0,0.1042081
50,131,6.0,0.08416449
50,131,7.0,0.074144535
50,131,8.0,0.06833791
50,131,9.0,0.071691774
50,131,10.0,0.07559941
50,131,11.0,0.07006307
50,131,12.0,0.060056113
50,131,13.0,0.054445505
50,131,14.0,0.059784345
50,132,0.0,0.08426313
50,132,1.0,0.06320031
50,132,2.0,0.054246876
50,132,3.0,0.059223413
50,132,4.0,0.050027873
50,132,5.0,0.040364932
50,132,6.0,0.034495782
50,132,7.0,0.033760946
50,132,8.0,0.033208154
50,132,9.0,0.029578118
50,132,10.0,0.027182994
50,132,11.0,0.025523365
50,132,12.0,0.019993993
50,132,13.0,0.016789796
50,132,14.0,0.01783154
50,133,0.0,0.011452372
50,133,1.0,0.008660973
50,133,2.0,0.007187488
50,133,3.0,0.0043207714
50,133,4.0,0.003580472
50,133,5.0,0.003083844
50,133,6.0,0.0034883977
50,133,7.0,0.0035269063
50,133,8.0,0.0034271495
50,133,9.0,0.0038461734
50,133,10.0,0.0027318737
50,133,11.0,0.002032039
50,133,12.0,0.002012168
50,133,13.0,0.0016289992
50,133,14.0,0.0021703823
50,134,0.0,0.0011832259
50,134,1.0,0.001890411
50,134,2.0,0.0012109439
50,134,3.0,0.00071488885
50,134,4.0,0.00062580686
50,134,5.0,0.0003467316
50,134,6.0,0.00037896115
50,134,7.0,0.00040841167
50,134,8.0,0.0003314496
50,134,9.0,0.000288327
50,134,10.0,0.00030331733
50,134,11.0,0.00028669124
50,134,12.0,0.00035584488
50,134,13.0,0.00024080637
50,134,14.0,0.00028157237
50,135,0.0,1.3575095e-05
50,135,1.0,7.644224e-05
50,135,2.0,2.49394e-05
50,135,3.0,1.3229323e-05
50,135,4.0,3.4325196e-06
50,135,5.0,3.8141347e-06
50,135,6.0,4.510368e-06
50,135,7.0,2.8830964e-06
50,135,8.0,7.88065e-06
50,135,9.0,1.0859713e-06
50,135,10.0,0.0
50,135,11.0,0.0
50,135,12.0,0.0
50,135,13.0,3.942893e-07
50,135,14.0,4.6190044e-07
50,136,0.0,5.831039e-06
50,136,1.0,3.286993e-05
50,136,2.0,1.896072e-05
50,136,3.0,7.947122e-06
50,136,4.0,1.024242e-05
50,136,5.0,2.1316482e-05
50,136,6.0,8.179024e-06
50,136,7.0,2.8255553e-07
50,136,8.0,1.5865635e-07
50,136,9.0,6.595994e-07
50,136,10.0,1.8427073e-06
50,136,11.0,1.6345123e-06
50,136,12.0,1.8819184e-06
50,136,13.0,4.055747e-08
50,136,14.0,6.375688e-07
50,137,0.0,4.3162045e-06
50,137,1.0,1.0250618e-06
50,137,2.0,5.981427e-06
50,137,3.0,2.585126e-07
50,137,4.0,1.2260004e-08
50,137,5.0,4.4482565e-10
50,137,6.0,0.0
50,137,7.0,3.5186147e-08
50,137,8.0,3.2222176e-06
50,137,9.0,1.0975534e-05
50,137,10.0,1.9631636e-06
50,137,11.0,4.981148e-07
50,137,12.0,0.0
50,137,13.0,0.0
50,137,14.0,7.944352e-08
50,138,0.0,0.0
50,138,1.0,0.0
50,138,2.0,0.0
50,138,3.0,0.0
50,138,4.0,1.8731089e-07
50,138,5.0,3.1308554e-07
50,138,6.0,5.4588327e-07
50,138,7.0,1.1874512e-06
50,138,8.0,1.0323282e-06
50,138,9.0,4.6892104e-08
50,138,10.0,0.0
50,138,11.0,0.0
50,138,12.0,0.0
50,138,13.0,3.1902003e-10
50,138,14.0,2.6672796e-11
50,139,0.0,1.0493265e-05
50,139,1.0,8.172943e-06
50,139,2.0,4.354893e-06
50,139,3.0,9.409653e-07
50,139,4.0,8.740438e-08
50,139,5.0,7.608884e-09
50,139,6.0,5.282682e-07
50,139,7.0,0.0
50,139,8.0,0.0
50,139,9.0,5.6002514e-10
50,139,10.0,7.060615e-07
50,139,11.0,1.0353727e-09
50,139,12.0,0.0
50,139,13.0,0.0
50,139,14.0,0.0
50,140,0.0,0.0
50,140,1.0,0.0
50,140,2.0,0.0
50,140,3.0,0.0
50,140,4.0,0.0
50,140,5.0,0.0
50,140,6.0,0.0
50,140,7.0,0.0
50,140,8.0,0.0
50,140,9.0,0.0
50,140,10.0,0.0
50,140,11.0,0.0
50,140,12.0,0.0
50,140,13.0,0.0
50,140,14.0,0.0
51,116,0.0,3.1936823e-05
51,116,1.0,8.340593e-05
51,116,2.0,0.00019653274
51,116,3.0,0.00025546542
51,116,4.0,0.00021357783
51,116,5.0,0.00019359402
51,116,6.0,0.00015878551
51,116,7.0,0.0001157749
51,116,8.0,7.7728575e-05
51,116,9.0,7.1725866e-05
51,116,10.0,8.678912e-05
51,116,11.0,5.9280464e-05
51,116,12.0,1.2914034e-05
51,116,13.0,3.957776e-05
51,116,14.0,6.8831476e-05
51,117,0.0,3.8934277e-06
51,117,1.0,1.8012184e-05
51,117,2.0,2.123983e-06
51,117,3.0,7.159936e-06
51,117,4.0,6.2094914e-06
51,117,5.0,2.8483524e-05
51,117,6.0,4.666721e-06
51,117,7.0,5.534406e-06
51,117,8.0,2.5902639e-06
51,117,9.0,1.0457633e-06
51,117,10.0,4.501208e-07
51,117,11.0,0.0
51,117,12.0,0.0
51,117,13.0,0.0
51,117,14.0,0.0
51,118,0.0,0.0
51,118,1.0,0.0
51,118,2.0,0.0
51,118,3.0,0.0
51,118,4.0,0.0
51,118,5.0,0.0
51,118,6.0,0.0
51,118,7.0,0.0
51,118,8.0,0.0
51,118,9.0,0.0
51,118,10.0,0.0
51,118,11.0,0.0
51,118,12.0,0.0
51,118,13.0,0.0
51,118,14.0,0.0
51,119,0.0,3.8496458e-07
51,119,1.0,0.0
51,119,2.0,0.0
51,119,3.0,0.0
51,119,4.0,1.00317386e-07
51,119,5.0,0.0
51,119,6.0,1.2071736e-08
51,119,7.0,0.0
51,119,8.0,0.0
51,119,9.0,0.0
51,119,10.0,0.0
51,119,11.0,0.0
51,119,12.0,8.421358e-08
51,119,13.0,3.9685588e-07
51,119,14.0,1.2988934e-07
51,120,0.0,3.7049023e-08
51,120,1.0,1.9821694e-07
51,120,2.0,8.5780606e-08
51,120,3.0,8.8954e-08
51,120,4.0,1.3084394e-06
51,120,5.0,4.3516093e-06
51,120,6.0,2.7673002e-06
51,120,7.0,3.488033e-07
51,120,8.0,9.1728324e-08
51,120,9.0,1.4315127e-07
51,120,10.0,4.723908e-07
51,120,11.0,2.518879e-07
51,120,12.0,8.555869e-08
51,120,13.0,0.0
51,120,14.0,0.0
51,121,0.0,2.2056258e-07
51,121,1.0,0.0
51,121,2.0,1.5194128e-06
51,121,3.0,3.2569521e-06
51,121,4.0,8.880406e-07
51,121,5.0,0.0
51,121,6.0,0.0
51,121,7.0,0.0
51,121,8.0,0.0
51,121,9.0,0.0
51,121,10.0,0.0
51,121,11.0,0.0
51,121,12.0,3.2589617e-06
51,121,13.0,1.3891009e-06
51,121,14.0,7.025521e-06
51,122,0.0,2.1041383e-06
51,122,1.0,2.1026587e-07
51,122,2.0,2.4894796e-08
51,122,3.0,2.3590914e-08
51,122,4.0,1.5198771e-06
51,122,5.0,5.634029e-06
51,122,6.0,3.431289e-06
51,122,7.0,5.971602e-07
51,122,8.0,4.6364795e-07
51,122,9.0,2.0089171e-06
51,122,10.0,5.872791e-06
51,122,11.0,1.7182718e-05
51,122,12.0,1.0835591e-05
51,122,13.0,3.195656e-05
51,122,14.0,5.2799605e-05
51,123,0.0,0.0
51,123,1.0,6.657263e-06
51,123,2.0,1.8568238e-05
51,123,3.0,1.3297973e-05
51,123,4.0,9.29537e-05
51,123,5.0,0.00010167783
51,123,6.0,7.752493e-05
51,123,7.0,8.0552556e-05
51,123,8.0,5.520681e-05
51,123,9.0,0.0001018483
51,123,10.0,8.509861e-05
51,123,11.0,0.00022014767
51,123,12.0,0.00048472604
51,123,13.0,0.0005812014
51,123,14.0,0.0005354046
51,124,0.0,6.620271e-06
51,124,1.0,2.0616933e-05
51,124,2.0,1.4218304e-05
51,124,3.0,3.1503077e-05
51,124,4.0,8.888358e-05
51,124,5.0,0.00023439036
51,124,6.0,0.000434712
51,124,7.0,0.00040101667
51,124,8.0,0.0005272848
51,124,9.0,0.00050323445
51,124,10.0,0.0010154612
51,124,11.0,0.001324338
51,124,12.0,0.0022390275
51,124,13.0,0.0030590587
51,124,14.0,0.002765529
51,125,0.0,6.562407e-05
51,125,1.0,5.2224703e-05
51,125,2.0,0.00022532104
51,125,3.0,0.0006528393
51,125,4.0,0.0019822929
51,125,5.0,0.0022059344
51,125,6.0,0.0026890533
51,125,7.0,0.003983622
51,125,8.0,0.00492081
51,125,9.0,0.0068831122
51,125,10.0,0.0068329377
51,125,11.0,0.013709108
51,125,12.0,0.014876789
51,125,13.0,0.01594196
51,125,14.0,0.015325523
51,126,0.0,0.00011039523
51,126,1.0,0.0003671742
51,126,2.0,0.0006799867
51,126,3.0,0.0018626491
51,126,4.0,0.0035957075
51,126,5.0,0.0054620043
51,126,6.0,0.0072767623
51,126,7.0,0.008377011
51,126,8.0,0.007067088
51,126,9.0,0.010264004
51,126,10.0,0.01541458
51,126,11.0,0.026070356
51,126,12.0,0.031212857
51,126,13.0,0.03294819
51,126,14.0,0.03224951
51,127,0.0,0.00084501924
51,127,1.0,0.0038257723
51,127,2.0,0.0064260326
51,127,3.0,0.009461279
51,127,4.0,0.014565302
51,127,5.0,0.019338949
51,127,6.0,0.022792714
51,127,7.0,0.023226278
51,127,8.0,0.027590308
51,127,9.0,0.03489346
51,127,10.0,0.043197405
51,127,11.0,0.055600975
51,127,12.0,0.06590041
51,127,13.0,0.07211178
51,127,14.0,0.07874518
51,128,0.0,0.0032330197
51,128,1.0,0.0054068402
51,128,2.0,0.011593164
51,128,3.0,0.017684339
51,128,4.0,0.022775294
51,128,5.0,0.027807517
51,128,6.0,0.031277105
51,128,7.0,0.038737316
51,128,8.0,0.043410126
51,128,9.0,0.049269505
51,128,10.0,0.062262334
51,128,11.0,0.07445897
51,128,12.0,0.085235216
51,128,13.0,0.09693983
51,128,14.0,0.10180653
51,129,0.0,0.020457083
51,129,1.0,0.023200996
51,129,2.0,0.04048982
51,129,3.0,0.06359955
51,129,4.0,0.08116575
51,129,5.0,0.106113836
51,129,6.0,0.12087078
51,129,7.0,0.12644681
51,129,8.0,0.12510024
51,129,9.0,0.13176504
51,129,10.0,0.14449884
51,129,11.0,0.16445926
51,129,12.0,0.17955047
51,129,13.0,0.19797084
51,129,14.0,0.21047235
51,130,0.0,0.057071608
51,130,1.0,0.08027021
51,130,2.0,0.11856369
51,130,3.0,0.15426697
51,130,4.0,0.18728626
51,130,5.0,0.20929915
51,130,6.0,0.21508437
51,130,7.0,0.2134181
51,130,8.0,0.21441095
51,130,9.0,0.22532298
51,130,10.0,0.25175256
51,130,11.0,0.2841565
51,130,12.0,0.2933008
51,130,13.0,0.2991929
51,130,14.0,0.2931279
51,131,0.0,0.23979896
51,131,1.0,0.2915523
51,131,2.0,0.3461196
51,131,3.0,0.4059824
51,131,4.0,0.44645005
51,131,5.0,0.45547274
51,131,6.0,0.45190662
51,131,7.0,0.43694764
51,131,8.0,0.42241365
51,131,9.0,0.42950353
51,131,10.0,0.43883088
51,131,11.0,0.44561663
51,131,12.0,0.42738175
51,131,13.0,0.40988225
51,131,14.0,0.4087637
51,132,0.0,0.29655108
51,132,1.0,0.3653454
51,132,2.0,0.40656808
51,132,3.0,0.44123778
51,132,4.0,0.43995318
51,132,5.0,0.43021467
51,132,6.0,0.4271407
51,132,7.0,0.4050015
51,132,8.0,0.37899795
51,132,9.0,0.35554144
51,132,10.0,0.3483624
51,132,11.0,0.35616952
51,132,12.0,0.33368078
51,132,13.0,0.3103394
51,132,14.0,0.30482832
51,133,0.0,0.38248432
51,133,1.0,0.33834124
51,133,2.0,0.38002616
51,133,3.0,0.37578842
51,133,4.0,0.3257412
51,133,5.0,0.30210945
51,133,6.0,0.2681954
51,133,7.0,0.24040563
51,133,8.0,0.22505784
51,133,9.0,0.21532086
51,133,10.0,0.19670163
51,133,11.0,0.17416283
51,133,12.0,0.1613598
51,133,13.0,0.14628045
51,133,14.0,0.14237155
51,134,0.0,0.08458621
51,134,1.0,0.087309636
51,134,2.0,0.09134634
51,134,3.0,0.08530018
51,134,4.0,0.07592563
51,134,5.0,0.067957774
51,134,6.0,0.056295104
51,134,7.0,0.04917793
51,134,8.0,0.046613697
51,134,9.0,0.045280483
51,134,10.0,0.04526497
51,134,11.0,0.039409265
51,134,12.0,0.034499712
51,134,13.0,0.032940935
51,134,14.0,0.03609169
51,135,0.0,0.021960756
51,135,1.0,0.020441614
51,135,2.0,0.021191953
51,135,3.0,0.01781948
51,135,4.0,0.014722545
51,135,5.0,0.013172834
51,135,6.0,0.011790604
51,135,7.0,0.010677061
51,135,8.0,0.009847289
51,135,9.0,0.009874233
51,135,10.0,0.009247646
51,135,11.0,0.0070429067
51,135,12.0,0.0054558427
51,135,13.0,0.0054251724
51,135,14.0,0.005505693
51,136,0.0,0.003993667
51,136,1.0,0.004023735
51,136,2.0,0.0036383613
51,136,3.0,0.0025793803
51,136,4.0,0.0023709268
51,136,5.0,0.0015757525
51,136,6.0,0.0009684978
51,136,7.0,0.00083698775
51,136,8.0,0.0007505665
51,136,9.0,0.0004910027
51,136,10.0,0.00032474488
51,136,11.0,0.0002790447
51,136,12.0,0.0003124733
51,136,13.0,0.00026842387
51,136,14.0,0.0002330134
51,137,0.0,0.00015423
51,137,1.0,0.0003186174
51,137,2.0,0.000118438256
51,137,3.0,9.718567e-05
51,137,4.0,3.5669236e-05
51,137,5.0,3.4776356e-05
51,137,6.0,2.8315404e-05
51,137,7.0,4.8000973e-05
51,137,8.0,5.2379128e-05
51,137,9.0,5.85438e-05
51,137,10.0,7.755829e-05
51,137,11.0,0.000100174875
51,137,12.0,0.00014122442
51,137,13.0,0.00010090969
51,137,14.0,0.00010223655
51,138,0.0,1.0183028e-05
51,138,1.0,5.3893077e-06
51,138,2.0,7.89061e-06
51,138,3.0,4.924483e-06
51,138,4.0,5.0087247e-06
51,138,5.0,4.7621147e-06
51,138,6.0,9.827944e-07
51,138,7.0,0.0
51,138,8.0,1.7480532e-07
51,138,9.0,6.966471e-07
51,138,10.0,0.0
51,138,11.0,1.3550684e-07
51,138,12.0,1.3367254e-06
51,138,13.0,5.2399464e-06
51,138,14.0,1.3763026e-05
51,139,0.0,3.2252976e-06
51,139,1.0,3.604879e-06
51,139,2.0,1.5886803e-08
51,139,3.0,1.0143411e-06
51,139,4.0,6.6680564e-06
51,139,5.0,3.925192e-06
51,139,6.0,3.0883996e-07
51,139,7.0,1.4167155e-07
51,139,8.0,4.3638212e-07
51,139,9.0,2.5728528e-10
51,139,10.0,0.0
51,139,11.0,0.0
51,139,12.0,1.4259444e-07
51,139,13.0,0.0
51,139,14.0,0.0
51,140,0.0,5.1920364e-07
51,140,1.0,8.2909315e-07
51,140,2.0,1.0745307e-07
51,140,3.0,0.0
51,140,4.0,0.0
51,140,5.0,0.0
51,140,6.0,0.0
51,140,7.0,0.0
51,140,8.0,1.3726854e-07
51,140,9.0,2.2879942e-06
51,140,10.0,3.5863893e-06
51,140,11.0,2.8426518e-08
51,140,12.0,0.0
51,140,13.0,7.2009128e-09
51,140,14.0,2.7086858e-07
51,141,0.0,0.0
51,141,1.0,0.0
51,141,2.0,5.629602e-07
51,141,3.0,7.0022315e-06
51,141,4.0,2.8963765e-07
51,141,5.0,0.0
51,141,6.0,0.0
51,141,7.0,9.043422e-09
51,141,8.0,0.0
51,141,9.0,0.0
51,141,10.0,0.0
51,141,11.0,0.0
51,141,12.0,0.0
51,141,13.0,0.0
51,141,14.0,0.0
51,142,0.0,5.152883e-09
51,142,1.0,2.3500186e-06
51,142,2.0,5.91838e-06
51,142,3.0,8.680954e-06
51,142,4.0,1.3015762e-07
51,142,5.0,1.4334074e-08
51,142,6.0,0.0
51,142,7.0,0.0
51,142,8.0,0.0
51,142,9.0,1.0605273e-07
51,142,10.0,1.950386e-06
51,142,11.0,4.1319076e-05
51,142,12.0,7.364087e-06
51,142,13.0,5.156902e-06
51,142,14.0,5.520059e-06
51,143,0.0,0.0
51,143,1.0,4.2335863e-08
51,143,2.0,0.0
51,143,3.0,3.7315076e-06
51,143,4.0,1.0100949e-06
51,143,5.0,3.7116448e-07
51,143,6.0,2.3040452e-07
51,143,7.0,6.506623e-07
51,143,8.0,7.4901425e-07
51,143,9.0,1.2164512e-06
51,143,10.0,5.1956645e-06
51,143,11.0,1.0468433e-05
51,143,12.0,1.1004848e-05
51,143,13.0,1.4430142e-05
51,143,14.0,2.4078793e-06
52,119,0.0,0.0
52,119,1.0,3.6353986e-06
52,119,2.0,0.0
52,119,3.0,2.6053104e-07
52,119,4.0,1.4778766e-08
52,119,5.0,2.8436006e-07
52,119,6.0,4.8783977e-07
52,119,7.0,5.3387714e-07
52,119,8.0,7.117896e-07
52,119,9.0,7.832307e-07
52,119,10.0,1.5789144e-06
52,119,11.0,1.4905191e-06
52,119,12.0,0.0
52,119,13.0,3.437605e-09
52,119,14.0,8.046443e-08
52,120,0.0,2.4382612e-07
52,120,1.0,0.0
52,120,2.0,1.3302186e-12
52,120,3.0,9.478195e-09
52,120,4.0,9.539767e-06
52,120,5.0,1.1056482e-05
52,120,6.0,3.4305365e-06
52,120,7.0,5.565014e-08
52,120,8.0,0.0
52,120,9.0,0.0
52,120,10.0,1.1987841e-09
52,120,11.0,6.608162e-08
52,120,12.0,4.163475e-07
52,120,13.0,8.131578e-07
52,120,14.0,2.1684664e-06
52,121,0.0,0.0
52,121,1.0,3.1432046e-07
52,121,2.0,3.4851823e-07
52,121,3.0,1.1530459e-08
52,121,4.0,1.6319268e-09
52,121,5.0,5.0038222e-09
52,121,6.0,0.0
52,121,7.0,0.0
52,121,8.0,0.0
52,121,9.0,0.0
52,121,10.0,0.0
52,121,11.0,0.0
52,121,12.0,1.9215032e-09
52,121,13.0,3.395711e-08
52,121,14.0,0.0
52,122,0.0,2.1310943e-07
52,122,1.0,2.4756473e-06
52,122,2.0,0.0
52,122,3.0,0.0
52,122,4.0,0.0
52,122,5.0,0.0
52,122,6.0,7.9296425e-10
52,122,7.0,4.0575827e-08
52,122,8.0,7.7509367e-07
52,122,9.0,5.006934e-07
52,122,10.0,6.4245896e-08
52,122,11.0,5.407326e-08
52,122,12.0,7.34352e-09
52,122,13.0,0.0
52,122,14.0,0.0
52,123,0.0,0.0
52,123,1.0,0.0
52,123,2.0,0.0
52,123,3.0,0.0
52,123,4.0,0.0
52,123,5.0,0.0
52,123,6.0,0.0
52,123,7.0,0.0
52,123,8.0,0.0
52,123,9.0,0.0
52,123,10.0,0.0
52,123,11.0,0.0
52,123,12.0,0.0
52,123,13.0,0.0
52,123,14.0,3.047386e-09
52,124,0.0,0.0
52,124,1.0,0.0
52,124,2.0,0.0
52,124,3.0,0.0
52,124,4.0,0.0
52,124,5.0,0.0
52,124,6.0,0.0
52,124,7.0,0.0
52,124,8.0,0.0
52,124,9.0,1.9003971e-06
52,124,10.0,1.1534001e-06
52,124,11.0,2.925988e-06
52,124,12.0,7.4160907e-06
52,124,13.0,9.6081685e-06
52,124,14.0,1.8874176e-05
52,125,0.0,6.6322077e-06
52,125,1.0,6.2371514e-06
52,125,2.0,1.0150636e-05
52,125,3.0,4.0262166e-05
52,125,4.0,6.0279162e-05
52,125,5.0,4.8836697e-05
52,125,6.0,2.9066894e-05
52,125,7.0,3.0985462e-05
52,125,8.0,3.4595538e-05
52,125,9.0,5.436298e-05
52,125,10.0,6.80774e-05
52,125,11.0,0.00011309557
52,125,12.0,9.269072e-05
52,125,13.0,0.00012475983
52,125,14.0,0.00017885411
52,126,0.0,1.6076086e-05
52,126,1.0,1.3859347e-05
52,126,2.0,0.00010090114
52,126,3.0,6.0397677e-05
52,126,4.0,0.00010484618
52,126,5.0,0.00013044017
52,126,6.0,0.0002177156
52,126,7.0,0.00021247112
52,126,8.0,0.00053157425
52,126,9.0,0.0008814015
52,126,10.0,0.0019640322
52,126,11.0,0.0027327992
52,126,12.0,0.00404389
52,126,13.0,0.0041792435
52,126,14.0,0.0037346284
52,127,0.0,9.479799e-06
52,127,1.0,5.641416e-05
52,127,2.0,5.577294e-05
52,127,3.0,8.8061264e-05
52,127,4.0,0.00025619142
52,127,5.0,0.000248639
52,127,6.0,0.00055922143
52,127,7.0,0.000682189
52,127,8.0,0.0013414356
52,127,9.0,0.0018707096
52,127,10.0,0.0035381038
52,127,11.0,0.006162497
52,127,12.0,0.00831011
52,127,13.0,0.009445805
52,127,14.0,0.012016721
52,128,0.0,5.6529858e-05
52,128,1.0,0.00010383476
52,128,2.0,0.00037976663
52,128,3.0,0.0016155577
52,128,4.0,0.0013504635
52,128,5.0,0.0021444934
52,128,6.0,0.0040660487
52,128,7.0,0.0060345135
52,128,8.0,0.008291107
52,128,9.0,0.008592695
52,128,10.0,0.008099649
52,128,11.0,0.012689642
52,128,12.0,0.016942535
52,128,13.0,0.020786794
52,128,14.0,0.018501334
52,129,0.0,0.00034031196
52,129,1.0,0.0014330484
52,129,2.0,0.001870711
52,129,3.0,0.0032855384
52,129,4.0,0.006228374
52,129,5.0,0.012327382
52,129,6.0,0.014196764
52,129,7.0,0.014963236
52,129,8.0,0.018019443
52,129,9.0,0.02677162
52,129,10.0,0.03565455
52,129,11.0,0.041091233
52,129,12.0,0.04328621
52,129,13.0,0.04887117
52,129,14.0,0.051321905
52,130,0.0,0.0050064307
52,130,1.0,0.010715984
52,130,2.0,0.019087382
52,130,3.0,0.027927725
52,130,4.0,0.029396167
52,130,5.0,0.037514158
52,130,6.0,0.036324833
52,130,7.0,0.042096045
52,130,8.0,0.05157535
52,130,9.0,0.065524936
52,130,10.0,0.07461511
52,130,11.0,0.08563702
52,130,12.0,0.092732765
52,130,13.0,0.095615536
52,130,14.0,0.10018817
52,131,0.0,0.039905485
52,131,1.0,0.055273373
52,131,2.0,0.083126284
52,131,3.0,0.101278976
52,131,4.0,0.12380726
52,131,5.0,0.1509195
52,131,6.0,0.16075738
52,131,7.0,0.16343191
52,131,8.0,0.17282292
52,131,9.0,0.18352796
52,131,10.0,0.20577408
52,131,11.0,0.22044604
52,131,12.0,0.23933983
52,131,13.0,0.23721676
52,131,14.0,0.23225246
52,132,0.0,0.24412143
52,132,1.0,0.29980722
52,132,2.0,0.35354644
52,132,3.0,0.33062515
52,132,4.0,0.3978643
52,132,5.0,0.4032144
52,132,6.0,0.3862232
52,132,7.0,0.38341027
52,132,8.0,0.39298204
52,132,9.0,0.41245547
52,132,10.0,0.41131288
52,132,11.0,0.46970102
52,132,12.0,0.44825646
52,132,13.0,0.42876408
52,132,14.0,0.40328574
52,133,0.0,0.5027765
52,133,1.0,0.5796189
52,133,2.0,0.61434543
52,133,3.0,0.6531927
52,133,4.0,0.6068238
52,133,5.0,0.60619247
52,133,6.0,0.57876533
52,133,7.0,0.5698243
52,133,8.0,0.60775083
52,133,9.0,0.5857644
52,133,10.0,0.5762785
52,133,11.0,0.5325961
52,133,12.0,0.5029725
52,133,13.0,0.50497127
52,133,14.0,0.49637797
52,134,0.0,0.9596623
52,134,1.0,0.9289265
52,134,2.0,0.8738992
52,134,3.0,0.82689863
52,134,4.0,0.79688174
52,134,5.0,0.73094
52,134,6.0,0.6739425
52,134,7.0,0.6289415
52,134,8.0,0.603194
52,134,9.0,0.5765724
52,134,10.0,0.551576
52,134,11.0,0.50126874
52,134,12.0,0.43054506
52,134,13.0,0.40150806
52,134,14.0,0.37264967
52,135,0.0,0.48790592
52,135,1.0,0.436156
52,135,2.0,0.3770291
52,135,3.0,0.33032456
52,135,4.0,0.2873099
52,135,5.0,0.27396035
52,135,6.0,0.25714794
52,135,7.0,0.2381482
52,135,8.0,0.23354247
52,135,9.0,0.19773225
52,135,10.0,0.17471135
52,135,11.0,0.16059242
52,135,12.0,0.14990199
52,135,13.0,0.14905877
52,135,14.0,0.14760849
52,136,0.0,0.24218088
52,136,1.0,0.2085293
52,136,2.0,0.1751922
52,136,3.0,0.15527713
52,136,4.0,0.12741643
52,136,5.0,0.11338738
52,136,6.0,0.099216595
52,136,7.0,0.08609023
52,136,8.0,0.07937446
52,136,9.0,0.07499894
52,136,10.0,0.083751805
52,136,11.0,0.06549716
52,136,12.0,0.05116863
52,136,13.0,0.043557256
52,136,14.0,0.03966087
52,137,0.0,0.050323494
52,137,1.0,0.04365195
52,137,2.0,0.038571447
52,137,3.0,0.026645675
52,137,4.0,0.01918178
52,137,5.0,0.018467417
52,137,6.0,0.015562839
52,137,7.0,0.012383536
52,137,8.0,0.01240527
52,137,9.0,0.012431782
52,137,10.0,0.010227408
52,137,11.0,0.007495412
52,137,12.0,0.0068821446
52,137,13.0,0.007881378
52,137,14.0,0.008932722
52,138,0.0,0.010440312
52,138,1.0,0.008388894
52,138,2.0,0.0063336757
52,138,3.0,0.004385334
52,138,4.0,0.004048629
52,138,5.0,0.0031799816
52,138,6.0,0.0026638864
52,138,7.0,0.0025480043
52,138,8.0,0.003141325
52,138,9.0,0.003401064
52,138,10.0,0.003738791
52,138,11.0,0.0013057647
52,138,12.0,0.0010423292
52,138,13.0,0.0013680613
52,138,14.0,0.0015388142
52,139,0.0,0.002000104
52,139,1.0,0.00097559334
52,139,2.0,0.000491263
52,139,3.0,0.00032957713
52,139,4.0,0.00030740708
52,139,5.0,0.00025547616
52,139,6.0,0.0003277074
52,139,7.0,0.00019068019
52,139,8.0,0.00012441717
52,139,9.0,0.00011246713
52,139,10.0,0.0001508093
52,139,11.0,7.14972e-05
52,139,12.0,0.00012449379
52,139,13.0,0.000121725636
52,139,14.0,9.175511e-05
52,140,0.0,0.00015531215
52,140,1.0,6.499978e-05
52,140,2.0,4.276834e-05
52,140,3.0,6.379195e-05
52,140,4.0,1.8383194e-05
52,140,5.0,2.7755095e-05
52,140,6.0,5.376858e-05
52,140,7.0,5.0687482e-05
52,140,8.0,6.5642824e-05
52,140,9.0,0.00010142119
52,140,10.0,0.00010336099
52,140,11.0,2.9546507e-05
52,140,12.0,2.0531064e-05
52,140,13.0,1.9710546e-05
52,140,14.0,9.217886e-06
52,141,0.0,0.0
52,141,1.0,4.4004722e-10
52,141,2.0,1.9063818e-07
52,141,3.0,5.4973857e-09
52,141,4.0,0.0
52,141,5.0,4.4382527e-06
52,141,6.0,1.5944157e-07
52,141,7.0,5.86195e-07
52,141,8.0,5.113736e-06
52,141,9.0,5.038913e-06
52,141,10.0,5.786062e-07
52,141,11.0,1.0008432e-06
52,141,12.0,4.7322283e-06
52,141,13.0,7.553166e-06
52,141,14.0,6.90597e-06
52,142,0.0,5.455974e-09
52,142,1.0,2.817643e-07
52,142,2.0,1.3240626e-08
52,142,3.0,0.0
52,142,4.0,0.0
52,142,5.0,0.0
52,142,6.0,0.0
52,142,7.0,7.633087e-09
52,142,8.0,3.2082028e-07
52,142,9.0,1.3114054e-07
52,142,10.0,0.0
52,142,11.0,0.0
52,142,12.0,0.0
52,142,13.0,1.0973965e-06
52,142,14.0,5.9958813e-07
52,143,0.0,1.3081459e-06
52,143,1.0,1.153157e-07
52,143,2.0,1.0475576e-06
52,143,3.0,1.7503658e-07
52,143,4.0,4.472261e-06
52,143,5.0,2.7631684e-06
52,143,6.0,1.0619289e-06
52,143,7.0,2.519202e-06
52,143,8.0,1.6973664e-06
52,143,9.0,4.622835e-06
52,143,10.0,2.3009513e-06
52,143,11.0,1.2860799e-06
52,143,12.0,4.134399e-07
52,143,13.0,4.1979225e-09
52,143,14.0,0.0
52,144,0.0,1.3433464e-09
52,144,1.0,0.0
52,144,2.0,1.954207e-06
52,144,3.0,1.7922547e-07
52,144,4.0,4.1271853e-10
52,144,5.0,7.579982e-08
52,144,6.0,4.5113762e-07
52,144,7.0,8.490868e-08
52,144,8.0,0.0
52,144,9.0,0.0
52,144,10.0,1.8945508e-08
52,144,11.0,0.0
52,144,12.0,0.0
52,144,13.0,0.0
52,144,14.0,6.789138e-08
52,145,0.0,0.0
52,145,1.0,0.0
52,145,2.0,1.3046188e-08
52,145,3.0,5.513697e-09
52,145,4.0,0.0
52,145,5.0,0.0
52,145,6.0,0.0
52,145,7.0,0.0
52,145,8.0,0.0
52,145,9.0,0.0
52,145,10.0,0.0
52,145,11.0,6.1912957e-12
52,145,12.0,0.0
52,145,13.0,9.522041e-10
52,145,14.0,1.72273e-13
53,122,0.0,6.0923213e-07
53,122,1.0,4.416171e-08
53,122,2.0,0.0
53,122,3.0,0.0
53,122,4.0,0.0
53,122,5.0,0.0
53,122,6.0,0.0
53,122,7.0,0.0
53,122,8.0,0.0
53,122,9.0,0.0
53,122,10.0,0.0
53,122,11.0,0.0
53,122,12.0,0.0
53,122,13.0,0.0
53,122,14.0,0.0
53,123,0.0,0.0
53,123,1.0,1.3730171e-07
53,123,2.0,0.0
53,123,3.0,0.0
53,123,4.0,0.0
53,123,5.0,0.0
53,123,6.0,0.0
53,123,7.0,0.0
53,123,8.0,0.0
53,123,9.0,0.0
53,123,10.0,0.0
53,123,11.0,0.0
53,123,12.0,0.0
53,123,13.0,0.0
53,123,14.0,0.0
53,124,0.0,0.0
53,124,1.0,1.5441755e-07
53,124,2.0,2.6288228e-07
53,124,3.0,3.3050533e-08
53,124,4.0,0.0
53,124,5.0,0.0
53,124,6.0,0.0
53,124,7.0,0.0
53,124,8.0,0.0
53,124,9.0,0.0
53,124,10.0,0.0
53,124,11.0,7.240604e-08
53,124,12.0,1.3225417e-07
53,124,13.0,0.0
53,124,14.0,0.0
53,125,0.0,0.0
53,125,1.0,0.0
53,125,2.0,0.0
53,125,3.0,0.0
53,125,4.0,0.0
53,125,5.0,0.0
53,125,6.0,0.0
53,125,7.0,0.0
53,125,8.0,0.0
53,125,9.0,0.0
53,125,10.0,0.0
53,125,11.0,0.0
53,125,12.0,1.3922142e-08
53,125,13.0,0.0
53,125,14.0,0.0
53,126,0.0,0.0
53,126,1.0,0.0
53,126,2.0,0.0
53,126,3.0,0.0
53,126,4.0,0.0
53,126,5.0,0.0
53,126,6.0,0.0
53,126,7.0,4.6573075e-07
53,126,8.0,4.7592005e-07
53,126,9.0,1.7511688e-07
53,126,10.0,0.0
53,126,11.0,0.0
53,126,12.0,0.0
53,126,13.0,1.7471725e-06
53,126,14.0,9.995649e-08
53,127,0.0,0.0
53,127,1.0,0.0
53,127,2.0,0.0
53,127,3.0,0.0
53,127,4.0,0.0
53,127,5.0,7.058222e-07
53,127,6.0,7.776805e-06
53,127,7.0,5.4570323e-06
53,127,8.0,7.148247e-06
53,127,9.0,7.808004e-06
53,127,10.0,4.9642058e-05
53,127,11.0,4.305478e-05
53,127,12.0,0.000117211515
53,127,13.0,0.0001879365
53,127,14.0,0.00016623369
53,128,0.0,0.0
53,128,1.0,0.0
53,128,2.0,4.4724486e-13
53,128,3.0,3.3710325e-08
53,128,4.0,2.059845e-05
53,128,5.0,8.1103235e-06
53,128,6.0,6.1878764e-06
53,128,7.0,1.0672093e-05
53,128,8.0,1.948295e-05
53,128,9.0,8.992934e-05
53,128,10.0,7.259247e-05
53,128,11.0,0.00021600354
53,128,12.0,0.0005139921
53,128,13.0,0.0007579738
53,128,14.0,0.0008546176
53,129,0.0,6.183068e-08
53,129,1.0,9.97245e-06
53,129,2.0,1.4295092e-05
53,129,3.0,6.88194e-05
53,129,4.0,0.00020935388
53,129,5.0,0.00013053107
53,129,6.0,0.0002904534
53,129,7.0,0.00044839364
53,129,8.0,0.0007338702
53,129,9.0,0.0012997926
53,129,10.0,0.0025280337
53,129,11.0,0.0046858517
53,129,12.0,0.0057674972
53,129,13.0,0.0055765337
53,129,14.0,0.004997939
53,130,0.0,1.3337995e-13
53,130,1.0,1.0168887e-05
53,130,2.0,8.422086e-05
53,130,3.0,0.00012232197
53,130,4.0,0.00029457026
53,130,5.0,0.00062823645
53,130,6.0,0.00089421566
53,130,7.0,0.0014806379
53,130,8.0,0.0023633982
53,130,9.0,0.003239253
53,130,10.0,0.0049470416
53,130,11.0,0.007665213
53,130,12.0,0.0088326875
53,130,13.0,0.008485017
53,130,14.0,0.008914757
53,131,0.0,0.00017563177
53,131,1.0,0.0010840213
53,131,2.0,0.002554423
53,131,3.0,0.0047084824
53,131,4.0,0.005088134
53,131,5.0,0.0075921817
53,131,6.0,0.009470082
53,131,7.0,0.0123663535
53,131,8.0,0.015075354
53,131,9.0,0.016557727
53,131,10.0,0.02375831
53,131,11.0,0.027974132
53,131,12.0,0.03092178
53,131,13.0,0.031542793
53,131,14.0,0.033662267
53,132,0.0,0.002507633
53,132,1.0,0.0044739647
53,132,2.0,0.014245131
53,132,3.0,0.01805815
53,132,4.0,0.022234553
53,132,5.0,0.02737188
53,132,6.0,0.031810135
53,132,7.0,0.033732492
53,132,8.0,0.035242125
53,132,9.0,0.03964432
53,132,10.0,0.050702903
53,132,11.0,0.06397859
53,132,12.0,0.07094997
53,132,13.0,0.07292814
53,132,14.0,0.07324453
53,133,0.0,0.04044569
53,133,1.0,0.07903488
53,133,2.0,0.109993905
53,133,3.0,0.12435724
53,133,4.0,0.13578217
53,133,5.0,0.15054221
53,133,6.0,0.15739329
53,133,7.0,0.16240881
53,133,8.0,0.17081013
53,133,9.0,0.18975177
53,133,10.0,0.21679829
53,133,11.0,0.23996446
53,133,12.0,0.2532915
53,133,13.0,0.25386435
53,133,14.0,0.2501566
53,134,0.0,0.14108486
53,134,1.0,0.19426106
53,134,2.0,0.24990803
53,134,3.0,0.30534017
53,134,4.0,0.35803983
53,134,5.0,0.38513646
53,134,6.0,0.401796
53,134,7.0,0.39509758
53,134,8.0,0.3963153
53,134,9.0,0.40670016
53,134,10.0,0.41557154
53,134,11.0,0.42378405
53,134,12.0,0.42075124
53,134,13.0,0.41827664
53,134,14.0,0.41358247
53,135,0.0,0.4233456
53,135,1.0,0.47048998
53,135,2.0,0.57784057
53,135,3.0,0.6675983
53,135,4.0,0.7027304
53,135,5.0,0.72873
53,135,6.0,0.73621386
53,135,7.0,0.7236616
53,135,8.0,0.6980148
53,135,9.0,0.6784729
53,135,10.0,0.6857665
53,135,11.0,0.6394963
53,135,12.0,0.57611734
53,135,13.0,0.53370965
53,135,14.0,0.51446867
53,136,0.0,0.41211742
53,136,1.0,0.48835233
53,136,2.0,0.57138044
53,136,3.0,0.6241953
53,136,4.0,0.63066214
53,136,5.0,0.5870629
53,136,6.0,0.5394062
53,136,7.0,0.5192277
53,136,8.0,0.50245994
53,136,9.0,0.48541957
53,136,10.0,0.46627474
53,136,11.0,0.42281145
53,136,12.0,0.38364428
53,136,13.0,0.3773932
53,136,14.0,0.39634407
53,137,0.0,0.39417747
53,137,1.0,0.41456467
53,137,2.0,0.43318775
53,137,3.0,0.38220856
53,137,4.0,0.34374166
53,137,5.0,0.3219428
53,137,6.0,0.30590895
53,137,7.0,0.2896238
53,137,8.0,0.27487272
53,137,9.0,0.25032818
53,137,10.0,0.22980793
53,137,11.0,0.22011033
53,137,12.0,0.19746213
53,137,13.0,0.18068825
53,137,14.0,0.17514741
53,138,0.0,0.1967974
53,138,1.0,0.17364186
53,138,2.0,0.16715722
53,138,3.0,0.15293896
53,138,4.0,0.13459432
53,138,5.0,0.11959176
53,138,6.0,0.111140616
53,138,7.0,0.10326207
53,138,8.0,0.09229767
53,138,9.0,0.08260947
53,138,10.0,0.08140198
53,138,11.0,0.07212636
53,138,12.0,0.06268601
53,138,13.0,0.055455163
53,138,14.0,0.0581531
53,139,0.0,0.072931044
53,139,1.0,0.07704504
53,139,2.0,0.07138637
53,139,3.0,0.05510045
53,139,4.0,0.046651695
53,139,5.0,0.040833727
53,139,6.0,0.04380697
53,139,7.0,0.042959392
53,139,8.0,0.04031373
53,139,9.0,0.037591018
53,139,10.0,0.031286463
53,139,11.0,0.024024399
53,139,12.0,0.01723545
53,139,13.0,0.018071456
53,139,14.0,0.019121129
53,140,0.0,0.028295167
53,140,1.0,0.025042174
53,140,2.0,0.020746911
53,140,3.0,0.015217155
53,140,4.0,0.013349397
53,140,5.0,0.011370414
53,140,6.0,0.00783865
53,140,7.0,0.006993185
53,140,8.0,0.006276733
53,140,9.0,0.0049461774
53,140,10.0,0.0033250274
53,140,11.0,0.0035824084
53,140,12.0,0.0034875101
53,140,13.0,0.0036859985
53,140,14.0,0.0022570812
53,141,0.0,0.0037489608
53,141,1.0,0.0031818445
53,141,2.0,0.0017374449
53,141,3.0,0.0017747703
53,141,4.0,0.0014528472
53,141,5.0,0.0008396871
53,141,6.0,0.00065351406
53,141,7.0,0.00066243694
53,141,8.0,0.00085853797
53,141,9.0,0.0009220657
53,141,10.0,0.0005606973
53,141,11.0,0.00025880482
53,141,12.0,0.0003668317
53,141,13.0,0.0004187459
53,141,14.0,0.0006705463
53,142,0.0,0.00040635848
53,142,1.0,0.0003552381
53,142,2.0,0.00028946664
53,142,3.0,0.0002524853
53,142,4.0,0.0002572568
53,142,5.0,0.000104529376
53,142,6.0,5.3385967e-05
53,142,7.0,3.2902837e-05
53,142,8.0,5.062466e-05
53,142,9.0,4.2272233e-05
53,142,10.0,3.545044e-05
53,142,11.0,3.1563937e-05
53,142,12.0,6.444457e-05
53,142,13.0,0.00011370926
53,142,14.0,6.3755506e-05
53,143,0.0,1.2136393e-05
53,143,1.0,5.8282235e-06
53,143,2.0,4.2564334e-05
53,143,3.0,9.736815e-06
53,143,4.0,1.428537e-05
53,143,5.0,7.3833444e-06
53,143,6.0,2.8981362e-06
53,143,7.0,1.6426469e-06
53,143,8.0,9.0221977e-07
53,143,9.0,2.0761568e-06
53,143,10.0,5.2706064e-06
53,143,11.0,1.1588118e-05
53,143,12.0,2.9351843e-06
53,143,13.0,2.3416503e-06
53,143,14.0,3.7411407e-06
53,144,0.0,0.0
53,144,1.0,0.0
53,144,2.0,3.0220272e-07
53,144,3.0,5.4585765e-08
53,144,4.0,3.8263772e-07
53,144,5.0,2.787235e-07
53,144,6.0,4.833276e-06
53,144,7.0,6.6226517e-06
53,144,8.0,5.049985e-06
53,144,9.0,3.2108612e-06
53,144,10.0,1.4731853e-06
53,144,11.0,5.3308595e-06
53,144,12.0,4.259684e-06
53,144,13.0,2.8937927e-06
53,144,14.0,1.3741817e-06
53,145,0.0,0.0
53,145,1.0,0.0
53,145,2.0,0.0
53,145,3.0,0.0
53,145,4.0,0.0
53,145,5.0,0.0
53,145,6.0,0.0
53,145,7.0,0.0
53,145,8.0,0.0
53,145,9.0,0.0
53,145,10.0,1.7320875e-10
53,145,11.0,5.636135e-07
53,145,12.0,1.2676608e-10
53,145,13.0,4.192675e-08
53,145,14.0,4.5098906e-07
53,146,0.0,2.9832806e-06
53,146,1.0,3.2118337e-06
53,146,2.0,2.4404892e-07
53,146,3.0,0.0
53,146,4.0,1.105738e-07
53,146,5.0,3.0973234e-07
53,146,6.0,9.5286154e-08
53,146,7.0,2.2456623e-09
53,146,8.0,2.9005083e-08
53,146,9.0,3.8101095e-07
53,146,10.0,9.207418e-08
53,146,11.0,1.3047438e-06
53,146,12.0,2.67576e-07
53,146,13.0,9.386282e-08
53,146,14.0,6.4671787e-07
53,147,0.0,7.3895535e-07
53,147,1.0,2.0165305e-06
53,147,2.0,3.505556e-06
53,147,3.0,8.073456e-08
53,147,4.0,3.026967e-07
53,147,5.0,1.8748055e-07
53,147,6.0,3.0092284e-07
53,147,7.0,2.9560792e-07
53,147,8.0,1.6377734e-07
53,147,9.0,3.2245748e-07
53,147,10.0,1.4976823e-08
53,147,11.0,0.0
53,147,12.0,0.0
53,147,13.0,0.0
53,147,14.0,0.0
53,148,0.0,3.3913034e-07
53,148,1.0,0.0
53,148,2.0,0.0
53,148,3.0,0.0
53,148,4.0,3.857103e-08
53,148,5.0,0.0
53,148,6.0,0.0
53,148,7.0,0.0
53,148,8.0,0.0
53,148,9.0,0.0
53,148,10.0,0.0
53,148,11.0,0.0
53,148,12.0,0.0
53,148,13.0,3.5097133e-07
53,148,14.0,1.3926372e-07
54,125,0.0,0.0
54,125,1.0,0.0
54,125,2.0,0.0
54,125,3.0,0.0
54,125,4.0,0.0
54,125,5.0,0.0
54,125,6.0,5.590396e-11
54,125,7.0,0.0
54,125,8.0,0.0
54,125,9.0,2.6436067e-09
54,125,10.0,9.969434e-09
54,125,11.0,0.0
54,125,12.0,7.170785e-08
54,125,13.0,0.0
54,125,14.0,1.6624965e-09
54,126,0.0,2.488853e-07
54,126,1.0,0.0
54,126,2.0,1.3131451e-07
54,126,3.0,0.0
54,126,4.0,0.0
54,126,5.0,4.5643024e-08
54,126,6.0,1.7716691e-07
54,126,7.0,8.1126854e-07
54,126,8.0,1.487842e-07
54,126,9.0,0.0
54,126,10.0,0.0
54,126,11.0,0.0
54,126,12.0,0.0
54,126,13.0,4.367778e-08
54,126,14.0,0.0
54,127,0.0,0.0
54,127,1.0,0.0
54,127,2.0,0.0
54,127,3.0,3.5442698e-09
54,127,4.0,0.0
54,127,5.0,0.0
54,127,6.0,0.0
54,127,7.0,0.0
54,127,8.0,0.0
54,127,9.0,0.0
54,127,10.0,0.0
54,127,11.0,0.0
54,127,12.0,0.0
54,127,13.0,0.0
54,127,14.0,0.0
54,128,0.0,0.0
54,128,1.0,0.0
54,128,2.0,0.0
54,128,3.0,0.0
54,128,4.0,0.0
54,128,5.0,0.0
54,128,6.0,0.0
54,128,7.0,0.0
54,128,8.0,0.0
54,128,9.0,0.0
54,128,10.0,0.0
54,128,11.0,0.0
54,128,12.0,6.723044e-09
54,128,13.0,5.052572e-07
54,128,14.0,5.408998e-09
54,129,0.0,0.0
54,129,1.0,0.0
54,129,2.0,0.0
54,129,3.0,0.0
54,129,4.0,1.8046258e-07
54,129,5.0,7.1034715e-06
54,129,6.0,6.6732086e-06
54,129,7.0,4.3588484e-06
54,129,8.0,6.109558e-06
54,129,9.0,3.173966e-06
54,129,10.0,7.250841e-06
54,129,11.0,2.7032327e-05
54,129,12.0,5.217665e-06
54,129,13.0,8.368688e-06
54,129,14.0,2.8616323e-06
54,130,0.0,0.0
54,130,1.0,0.0
54,130,2.0,0.0
54,130,3.0,1.4652121e-05
54,130,4.0,3.2695472e-05
54,130,5.0,0.000100048004
54,130,6.0,6.8820445e-05
54,130,7.0,4.943953e-05
54,130,8.0,8.2380764e-05
54,130,9.0,7.0081034e-05
54,130,10.0,5.082006e-05
54,130,11.0,0.00016661566
54,130,12.0,0.00052564405
54,130,13.0,0.0005864761
54,130,14.0,0.0004508255
54,131,0.0,1.15564006e-07
54,131,1.0,0.0
54,131,2.0,2.473136e-06
54,131,3.0,1.1002593e-05
54,131,4.0,2.3705123e-05
54,131,5.0,0.00013742228
54,131,6.0,0.00018743605
54,131,7.0,0.00020808534
54,131,8.0,0.00028191556
54,131,9.0,0.00061250344
54,131,10.0,0.0012540051
54,131,11.0,0.001536807
54,131,12.0,0.002217997
54,131,13.0,0.0013793977
54,131,14.0,0.0017164527
54,132,0.0,0.0
54,132,1.0,2.7040214e-06
54,132,2.0,7.036843e-05
54,132,3.0,0.00038253824
54,132,4.0,0.00027399967
54,132,5.0,0.00014044018
54,132,6.0,0.0003326615
54,132,7.0,0.00065781735
54,132,8.0,0.00089423923
54,132,9.0,0.0011623097
54,132,10.0,0.0023644737
54,132,11.0,0.0036870013
54,132,12.0,0.005272391
54,132,13.0,0.005298819
54,132,14.0,0.005376878
54,133,0.0,0.0010711172
54,133,1.0,0.0007756634
54,133,2.0,0.0009484207
54,133,3.0,0.0011324312
54,133,4.0,0.002271015
54,133,5.0,0.0033386431
54,133,6.0,0.004676177
54,133,7.0,0.0055999192
54,133,8.0,0.0056851404
54,133,9.0,0.008326268
54,133,10.0,0.01303732
54,133,11.0,0.017276412
54,133,12.0,0.020892365
54,133,13.0,0.022643732
54,133,14.0,0.027382221
54,134,0.0,0.005210983
54,134,1.0,0.0043396032
54,134,2.0,0.0056523005
54,134,3.0,0.008221143
54,134,4.0,0.010132104
54,134,5.0,0.016430942
54,134,6.0,0.020873873
54,134,7.0,0.022763135
54,134,8.0,0.025837457
54,134,9.0,0.028023241
54,134,10.0,0.033278156
54,134,11.0,0.03494743
54,134,12.0,0.045662887
54,134,13.0,0.047817037
54,134,14.0,0.049838893
54,135,0.0,0.04034967
54,135,1.0,0.052093737
54,135,2.0,0.05774234
54,135,3.0,0.06642137
54,135,4.0,0.084990196
54,135,5.0,0.08923831
54,135,6.0,0.10232343
54,135,7.0,0.10992075
54,135,8.0,0.114542246
54,135,9.0,0.12264663
54,135,10.0,0.14079499
54,135,11.0,0.15446176
54,135,12.0,0.16315044
54,135,13.0,0.1781321
54,135,14.0,0.18389435
54,136,0.0,0.28496695
54,136,1.0,0.2538043
54,136,2.0,0.29656097
54,136,3.0,0.30728623
54,136,4.0,0.30882156
54,136,5.0,0.3239531
54,136,6.0,0.35205185
54,136,7.0,0.34140366
54,136,8.0,0.38864878
54,136,9.0,0.37668493
54,136,10.0,0.36083198
54,136,11.0,0.37437358
54,136,12.0,0.36956504
54,136,13.0,0.35803965
54,136,14.0,0.35126334
54,137,0.0,0.4543472
54,137,1.0,0.46259227
54,137,2.0,0.49621564
54,137,3.0,0.4902947
54,137,4.0,0.5276114
54,137,5.0,0.52542084
54,137,6.0,0.51187414
54,137,7.0,0.50474244
54,137,8.0,0.5080405
54,137,9.0,0.5096322
54,137,10.0,0.520884
54,137,11.0,0.5159581
54,137,12.0,0.49246594
54,137,13.0,0.49607646
54,137,14.0,0.5164411
54,138,0.0,0.73794293
54,138,1.0,0.6824968
54,138,2.0,0.6779582
54,138,3.0,0.69009
54,138,4.0,0.67530435
54,138,5.0,0.63135487
54,138,6.0,0.56090873
54,138,7.0,0.5125061
54,138,8.0,0.5060128
54,138,9.0,0.4993245
54,138,10.0,0.5075029
54,138,11.0,0.49725178
54,138,12.0,0.4373185
54,138,13.0,0.41685438
54,138,14.0,0.42413482
54,139,0.0,0.6654472
54,139,1.0,0.56948715
54,139,2.0,0.46651444
54,139,3.0,0.41896257
54,139,4.0,0.39098972
54,139,5.0,0.3655659
54,139,6.0,0.3453256
54,139,7.0,0.330214
54,139,8.0,0.31739613
54,139,9.0,0.30260268
54,139,10.0,0.2702761
54,139,11.0,0.25939146
54,139,12.0,0.25796282
54,139,13.0,0.26396632
54,139,14.0,0.27453977
54,140,0.0,0.48255375
54,140,1.0,0.42217657
54,140,2.0,0.3411025
54,140,3.0,0.2760668
54,140,4.0,0.2416357
54,140,5.0,0.22929461
54,140,6.0,0.2289947
54,140,7.0,0.21577515
54,140,8.0,0.2076493
54,140,9.0,0.20363407
54,140,10.0,0.16821305
54,140,11.0,0.14557257
54,140,12.0,0.13170126
54,140,13.0,0.113490775
54,140,14.0,0.1162422
54,141,0.0,0.20647709
54,141,1.0,0.1525046
54,141,2.0,0.12114153
54,141,3.0,0.08818123
54,141,4.0,0.06831096
54,141,5.0,0.061756596
54,141,6.0,0.05020731
54,141,7.0,0.047392167
54,141,8.0,0.039688706
54,141,9.0,0.034088746
54,141,10.0,0.030406518
54,141,11.0,0.027282739
54,141,12.0,0.029419638
54,141,13.0,0.030847464
54,141,14.0,0.03411292
54,142,0.0,0.07030431
54,142,1.0,0.053844042
54,142,2.0,0.038515624
54,142,3.0,0.029547289
54,142,4.0,0.022985253
54,142,5.0,0.017419279
54,142,6.0,0.018602299
54,142,7.0,0.016349452
54,142,8.0,0.020174777
54,142,9.0,0.016320663
54,142,10.0,0.0131645
54,142,11.0,0.011267991
54,142,12.0,0.008664451
54,142,13.0,0.007839273
54,142,14.0,0.008016756
54,143,0.0,0.014670756
54,143,1.0,0.0083789015
54,143,2.0,0.004387225
54,143,3.0,0.0035866166
54,143,4.0,0.0027609998
54,143,5.0,0.0017282383
54,143,6.0,0.0014785597
54,143,7.0,0.0014995482
54,143,8.0,0.0018150221
54,143,9.0,0.0016708232
54,143,10.0,0.001163489
54,143,11.0,0.0010966613
54,143,12.0,0.0013401599
54,143,13.0,0.0013123524
54,143,14.0,0.0015109482
54,144,0.0,0.001433723
54,144,1.0,0.0011963263
54,144,2.0,0.0010883261
54,144,3.0,0.001187211
54,144,4.0,0.00039989184
54,144,5.0,0.0002592668
54,144,6.0,0.00036295192
54,144,7.0,0.0004587476
54,144,8.0,0.00027278266
54,144,9.0,0.00034059474
54,144,10.0,0.00034784133
54,144,11.0,0.0004421349
54,144,12.0,0.00032377223
54,144,13.0,0.000247377
54,144,14.0,0.00034434273
54,145,0.0,2.0408179e-05
54,145,1.0,4.2939424e-05
54,145,2.0,1.0483658e-05
54,145,3.0,2.2951352e-05
54,145,4.0,1.2047843e-05
54,145,5.0,3.2407683e-05
54,145,6.0,9.85998e-06
54,145,7.0,8.199514e-06
54,145,8.0,1.4424445e-05
54,145,9.0,1.5538782e-05
54,145,10.0,2.3595253e-06
54,145,11.0,3.109636e-06
54,145,12.0,2.1845494e-06
54,145,13.0,4.2959555e-06
54,145,14.0,6.7279384e-06
54,146,0.0,2.243331e-06
54,146,1.0,5.9025774e-06
54,146,2.0,4.2426173e-08
54,146,3.0,1.9137663e-06
54,146,4.0,1.0049862e-06
54,146,5.0,5.4928973e-06
54,146,6.0,8.016218e-06
54,146,7.0,1.6446644e-06
54,146,8.0,1.5576491e-08
54,146,9.0,1.5633744e-07
54,146,10.0,1.0363002e-06
54,146,11.0,2.4754106e-06
54,146,12.0,1.4197263e-05
54,146,13.0,2.8391669e-05
54,146,14.0,3.489884e-05
54,147,0.0,0.0
54,147,1.0,0.0
54,147,2.0,0.0
54,147,3.0,0.0
54,147,4.0,0.0
54,147,5.0,3.4373116e-07
54,147,6.0,4.5891557e-07
54,147,7.0,9.142806e-07
54,147,8.0,1.3084682e-06
54,147,9.0,8.665856e-07
54,147,10.0,1.73575e-06
54,147,11.0,3.5828252e-06
54,147,12.0,9.7665186e-08
54,147,13.0,2.3625658e-08
54,147,14.0,1.7775137e-07
54,148,0.0,4.3458053e-07
54,148,1.0,4.609003e-07
54,148,2.0,0.0
54,148,3.0,0.0
54,148,4.0,3.2434238e-07
54,148,5.0,5.6609295e-08
54,148,6.0,0.0
54,148,7.0,0.0
54,148,8.0,0.0
54,148,9.0,0.0
54,148,10.0,0.0
54,148,11.0,0.0
54,148,12.0,0.0
54,148,13.0,0.0
54,148,14.0,0.0
54,149,0.0,6.668e-07
54,149,1.0,9.9612246e-12
54,149,2.0,0.0
54,149,3.0,8.589414e-08
54,149,4.0,7.1042825e-07
54,149,5.0,5.600854e-07
54,149,6.0,1.2955894e-07
54,149,7.0,1.4721203e-07
54,149,8.0,7.571158e-07
54,149,9.0,5.8154437e-09
54,149,10.0,4.7941484e-07
54,149,11.0,3.5311746e-06
54,149,12.0,1.0038976e-06
54,149,13.0,6.0204184e-07
54,149,14.0,1.0015137e-06
54,150,0.0,5.4082665e-07
54,150,1.0,1.3235348e-07
54,150,2.0,0.0
54,150,3.0,0.0
54,150,4.0,0.0
54,150,5.0,0.0
54,150,6.0,0.0
54,150,7.0,0.0
54,150,8.0,0.0
54,150,9.0,3.1081877e-11
54,150,10.0,5.315468e-08
54,150,11.0,2.081708e-08
54,150,12.0,9.024834e-12
54,150,13.0,2.6924234e-08
54,150,14.0,3.7649838e-07
55,128,0.0,6.8350863e-09
55,128,1.0,2.1512606e-06
55,128,2.0,5.17768e-07
55,128,3.0,5.4245227e-08
55,128,4.0,0.0
55,128,5.0,0.0
55,128,6.0,0.0
55,128,7.0,2.0144086e-09
55,128,8.0,0.0
55,128,9.0,2.1055698e-08
55,128,10.0,6.8403314e-09
55,128,11.0,3.153117e-07
55,128,12.0,2.660863e-07
55,128,13.0,5.5712485e-07
55,128,14.0,0.0
55,129,0.0,0.0
55,129,1.0,0.0
55,129,2.0,0.0
55,129,3.0,0.0
55,129,4.0,0.0
55,129,5.0,0.0
55,129,6.0,0.0
55,129,7.0,0.0
55,129,8.0,0.0
55,129,9.0,0.0
55,129,10.0,0.0
55,129,11.0,4.554009e-09
55,129,12.0,0.0
55,129,13.0,0.0
55,129,14.0,3.875647e-12
55,130,0.0,0.0
55,130,1.0,0.0
55,130,2.0,0.0
55,130,3.0,0.0
55,130,4.0,0.0
55,130,5.0,0.0
55,130,6.0,0.0
55,130,7.0,0.0
55,130,8.0,0.0
55,130,9.0,0.0
55,130,10.0,0.0
55,130,11.0,0.0
55,130,12.0,8.474213e-09
55,130,13.0,8.8406885e-08
55,130,14.0,1.9933145e-08
55,131,0.0,0.0
55,131,1.0,0.0
55,131,2.0,0.0
55,131,3.0,0.0
55,131,4.0,0.0
55,131,5.0,0.0
55,131,6.0,0.0
55,131,7.0,0.0
55,131,8.0,0.0
55,131,9.0,1.2966207e-06
55,131,10.0,0.0
55,131,11.0,0.0
55,131,12.0,0.0
55,131,13.0,0.0
55,131,14.0,0.0
55,132,0.0,0.0
55,132,1.0,0.0
55,132,2.0,0.0
55,132,3.0,0.0
55,132,4.0,0.0
55,132,5.0,0.0
55,132,6.0,0.0
55,132,7.0,2.9091015e-07
55,132,8.0,1.4490274e-07
55,132,9.0,1.1234641e-06
55,132,10.0,1.8863742e-07
55,132,11.0,0.0
55,132,12.0,3.405202e-07
55,132,13.0,4.0513705e-06
55,132,14.0,9.316675e-06
55,133,0.0,0.0
55,133,1.0,0.0
55,133,2.0,0.0
55,133,3.0,2.6353504e-07
55,133,4.0,0.0
55,133,5.0,2.896788e-06
55,133,6.0,4.561466e-06
55,133,7.0,1.5651149e-05
55,133,8.0,1.38893665e-05
55,133,9.0,5.587369e-06
55,133,10.0,5.723235e-05
55,133,11.0,0.0002434458
55,133,12.0,0.00033320443
55,133,13.0,0.00030665039
55,133,14.0,0.00028900584
55,134,0.0,2.5021922e-07
55,134,1.0,8.0927475e-07
55,134,2.0,1.2352774e-06
55,134,3.0,3.6447393e-06
55,134,4.0,7.329563e-06
55,134,5.0,3.367455e-05
55,134,6.0,3.12313e-05
55,134,7.0,5.334878e-05
55,134,8.0,0.00010371305
55,134,9.0,0.000371358
55,134,10.0,0.0003844914
55,134,11.0,0.0004534352
55,134,12.0,0.00055054063
55,134,13.0,0.00083716435
55,134,14.0,0.00096326886
55,135,0.0,0.00012094516
55,135,1.0,0.00012328218
55,135,2.0,8.2534825e-05
55,135,3.0,0.00046746593
55,135,4.0,0.001315276
55,135,5.0,0.0018075883
55,135,6.0,0.002429994
55,135,7.0,0.002807474
55,135,8.0,0.0027268643
55,135,9.0,0.0032444273
55,135,10.0,0.0049997624
55,135,11.0,0.007852066
55,135,12.0,0.009113492
55,135,13.0,0.0099784145
55,135,14.0,0.009967744
55,136,0.0,0.0011054423
55,136,1.0,0.002992017
55,136,2.0,0.0036038845
55,136,3.0,0.0064461343
55,136,4.0,0.010705876
55,136,5.0,0.014877707
55,136,6.0,0.017893115
55,136,7.0,0.017631993
55,136,8.0,0.017549472
55,136,9.0,0.019952457
55,136,10.0,0.022549633
55,136,11.0,0.025368752
55,136,12.0,0.029119186
55,136,13.0,0.031112278
55,136,14.0,0.03268872
55,137,0.0,0.020605149
55,137,1.0,0.030486606
55,137,2.0,0.045713913
55,137,3.0,0.06244852
55,137,4.0,0.075932875
55,137,5.0,0.093709156
55,137,6.0,0.10073711
55,137,7.0,0.10764274
55,137,8.0,0.11961904
55,137,9.0,0.12615198
55,137,10.0,0.14835697
55,137,11.0,0.15519391
55,137,12.0,0.15868549
55,137,13.0,0.16006394
55,137,14.0,0.16260657
55,138,0.0,0.07072149
55,138,1.0,0.08843516
55,138,2.0,0.1164758
55,138,3.0,0.1468962
55,138,4.0,0.1631854
55,138,5.0,0.18648243
55,138,6.0,0.19959627
55,138,7.0,0.20798321
55,138,8.0,0.23199674
55,138,9.0,0.23472504
55,138,10.0,0.22591622
55,138,11.0,0.23701581
55,138,12.0,0.2448962
55,138,13.0,0.241531
55,138,14.0,0.23787288
55,139,0.0,0.23544686
55,139,1.0,0.28428805
55,139,2.0,0.3511048
55,139,3.0,0.4027618
55,139,4.0,0.44868168
55,139,5.0,0.45431915
55,139,6.0,0.4455246
55,139,7.0,0.4283225
55,139,8.0,0.43305105
55,139,9.0,0.45265323
55,139,10.0,0.44586632
55,139,11.0,0.4289616
55,139,12.0,0.40133354
55,139,13.0,0.39379206
55,139,14.0,0.41917244
55,140,0.0,0.34576178
55,140,1.0,0.38683307
55,140,2.0,0.46805114
55,140,3.0,0.4838571
55,140,4.0,0.48403877
55,140,5.0,0.47232437
55,140,6.0,0.46623045
55,140,7.0,0.47371218
55,140,8.0,0.47003174
55,140,9.0,0.44316453
55,140,10.0,0.40365532
55,140,11.0,0.3872907
55,140,12.0,0.38610604
55,140,13.0,0.3858229
55,140,14.0,0.37946337
55,141,0.0,0.5107541
55,141,1.0,0.6045451
55,141,2.0,0.64281344
55,141,3.0,0.5917558
55,141,4.0,0.50797856
55,141,5.0,0.4797731
55,141,6.0,0.4469452
55,141,7.0,0.44005114
55,141,8.0,0.45092946
55,141,9.0,0.45104527
55,141,10.0,0.4022102
55,141,11.0,0.3615993
55,141,12.0,0.33716443
55,141,13.0,0.32278088
55,141,14.0,0.3294647
55,142,0.0,0.37152377
55,142,1.0,0.35957858
55,142,2.0,0.35277212
55,142,3.0,0.31621945
55,142,4.0,0.28450772
55,142,5.0,0.2581095
55,142,6.0,0.23798954
55,142,7.0,0.22327285
55,142,8.0,0.21379967
55,142,9.0,0.21052083
55,142,10.0,0.20539562
55,142,11.0,0.18578227
55,142,12.0,0.15899523
55,142,13.0,0.14767279
55,142,14.0,0.15501201
55,143,0.0,0.19424528
55,143,1.0,0.21386622
55,143,2.0,0.18654142
55,143,3.0,0.14727084
55,143,4.0,0.12473041
55,143,5.0,0.10713842
55,143,6.0,0.096836746
55,143,7.0,0.09203801
55,143,8.0,0.08298173
55,143,9.0,0.0766392
55,143,10.0,0.071013965
55,143,11.0,0.061243165
55,143,12.0,0.050471723
55,143,13.0,0.050929714
55,143,14.0,0.055228055
55,144,0.0,0.075299986
55,144,1.0,0.059681986
55,144,2.0,0.056045733
55,144,3.0,0.049252454
55,144,4.0,0.040226016
55,144,5.0,0.034405436
55,144,6.0,0.03161355
55,144,7.0,0.029169241
55,144,8.0,0.027083684
55,144,9.0,0.023461169
55,144,10.0,0.02071359
55,144,11.0,0.014705126
55,144,12.0,0.014071501
55,144,13.0,0.015850417
55,144,14.0,0.018658565
55,145,0.0,0.015463199
55,145,1.0,0.015496619
55,145,2.0,0.014546311
55,145,3.0,0.008926802
55,145,4.0,0.005477572
55,145,5.0,0.0046871947
55,145,6.0,0.0043248525
55,145,7.0,0.004140296
55,145,8.0,0.003757139
55,145,9.0,0.0028375722
55,145,10.0,0.0023063212
55,145,11.0,0.0027419757
55,145,12.0,0.0029250623
55,145,13.0,0.0028183423
55,145,14.0,0.0028957222
55,146,0.0,0.004233002
55,146,1.0,0.0025080694
55,146,2.0,0.0021207728
55,146,3.0,0.0009235304
55,146,4.0,0.00075378985
55,146,5.0,0.0006268638
55,146,6.0,0.00039577016
55,146,7.0,0.0003703878
55,146,8.0,0.00022280833
55,146,9.0,0.00012608893
55,146,10.0,0.00017648704
55,146,11.0,0.0003126729
55,146,12.0,0.00035689364
55,146,13.0,0.00031389642
55,146,14.0,0.00049951446
55,147,0.0,0.00022974581
55,147,1.0,0.00026493633
55,147,2.0,0.00022617907
55,147,3.0,0.00016067064
55,147,4.0,6.694959e-05
55,147,5.0,4.9379378e-05
55,147,6.0,6.804613e-05
55,147,7.0,7.03789e-05
55,147,8.0,6.233616e-05
55,147,9.0,4.172014e-05
55,147,10.0,9.541766e-05
55,147,11.0,7.781772e-05
55,147,12.0,2.962685e-05
55,147,13.0,2.63523e-05
55,147,14.0,4.0243816e-05
55,148,0.0,6.0104094e-06
55,148,1.0,1.8903829e-06
55,148,2.0,0.0
55,148,3.0,4.2748866e-06
55,148,4.0,1.0529631e-05
55,148,5.0,2.8283564e-06
55,148,6.0,3.097628e-06
55,148,7.0,3.837604e-06
55,148,8.0,1.7316264e-06
55,148,9.0,1.2198575e-06
55,148,10.0,1.3040685e-06
55,148,11.0,4.8247884e-06
55,148,12.0,2.7577084e-06
55,148,13.0,1.2490917e-06
55,148,14.0,5.9336315e-07
55,149,0.0,6.1835606e-11
55,149,1.0,3.046431e-07
55,149,2.0,0.0
55,149,3.0,1.0426338e-08
55,149,4.0,4.849921e-06
55,149,5.0,2.7932842e-06
55,149,6.0,2.6218704e-06
55,149,7.0,1.2440598e-06
55,149,8.0,5.751632e-07
55,149,9.0,1.5436592e-06
55,149,10.0,2.6656762e-06
55,149,11.0,4.3803652e-07
55,149,12.0,1.9094093e-06
55,149,13.0,4.939719e-06
55,149,14.0,7.235186e-07
55,150,0.0,1.4742611e-06
55,150,1.0,7.3169417e-06
55,150,2.0,2.8655613e-05
55,150,3.0,8.122683e-05
55,150,4.0,1.4823987e-05
55,150,5.0,1.3903392e-05
55,150,6.0,1.0930663e-05
55,150,7.0,2.570834e-06
55,150,8.0,1.6838344e-07
55,150,9.0,0.0
55,150,10.0,0.0
55,150,11.0,0.0
55,150,12.0,8.773441e-09
55,150,13.0,3.2684663e-06
55,150,14.0,4.4985845e-06
55,151,0.0,3.4792026e-06
55,151,1.0,9.99078e-06
55,151,2.0,5.4121553e-08
55,151,3.0,1.8289319e-08
55,151,4.0,2.2202908e-06
55,151,5.0,1.2782489e-05
55,151,6.0,1.0761634e-06
55,151,7.0,4.7120997e-07
55,151,8.0,6.891666e-07
55,151,9.0,1.6186073e-06
55,151,10.0,7.654591e-06
55,151,11.0,6.2444205e-06
55,151,12.0,5.1853235e-06
55,151,13.0,4.243954e-06
55,151,14.0,3.127879e-06
55,152,0.0,1.5583063e-06
55,152,1.0,2.5277373e-07
55,152,2.0,1.1323552e-06
55,152,3.0,3.5469554e-08
55,152,4.0,0.0
55,152,5.0,0.0
55,152,6.0,4.432438e-06
55,152,7.0,6.0084317e-06
55,152,8.0,3.8074338e-06
55,152,9.0,8.3667445e-08
55,152,10.0,6.261293e-07
55,152,11.0,2.971712e-06
55,152,12.0,4.1822145e-06
55,152,13.0,4.2930183e-06
55,152,14.0,3.0894257e-06
56,131,0.0,0.0
56,131,1.0,1.8176197e-08
56,131,2.0,0.0
56,131,3.0,0.0
56,131,4.0,2.2941766e-09
56,131,5.0,1.3832506e-09
56,131,6.0,0.0
56,131,7.0,0.0
56,131,8.0,1.0120428e-07
56,131,9.0,1.4969492e-09
56,131,10.0,4.971664e-07
56,131,11.0,2.5943356e-07
56,131,12.0,0.0
56,131,13.0,0.0
56,131,14.0,0.0
56,132,0.0,0.0
56,132,1.0,5.968384e-09
56,132,2.0,0.0
56,132,3.0,0.0
56,132,4.0,0.0
56,132,5.0,0.0
56,132,6.0,6.954485e-09
56,132,7.0,4.56812e-09
56,132,8.0,9.7235754e-11
56,132,9.0,0.0
56,132,10.0,0.0
56,132,11.0,1.3938205e-07
56,132,12.0,3.2067796e-08
56,132,13.0,3.3733288e-06
56,132,14.0,2.7788326e-07
56,133,0.0,4.411615e-09
56,133,1.0,0.0
56,133,2.0,1.7602533e-06
56,133,3.0,1.0699824e-08
56,133,4.0,1.3480927e-08
56,133,5.0,4.6785888e-07
56,133,6.0,3.1537e-08
56,133,7.0,0.0
56,133,8.0,0.0
56,133,9.0,2.813081e-07
56,133,10.0,1.5362293e-06
56,133,11.0,7.069178e-08
56,133,12.0,0.0
56,133,13.0,0.0
56,133,14.0,0.0
56,134,0.0,0.0
56,134,1.0,0.0
56,134,2.0,0.0
56,134,3.0,0.0
56,134,4.0,0.0
56,134,5.0,0.0
56,134,6.0,0.0
56,134,7.0,0.0
56,134,8.0,0.0
56,134,9.0,0.0
56,134,10.0,0.0
56,134,11.0,0.0
56,134,12.0,0.0
56,134,13.0,0.0
56,134,14.0,0.0
56,135,0.0,0.0
56,135,1.0,0.0
56,135,2.0,1.6974269e-06
56,135,3.0,5.372479e-08
56,135,4.0,2.7736964e-09
56,135,5.0,1.6688224e-09
56,135,6.0,0.0
56,135,7.0,0.0
56,135,8.0,7.304062e-08
56,135,9.0,1.202272e-06
56,135,10.0,1.8697818e-07
56,135,11.0,5.065789e-08
56,135,12.0,2.7614044e-07
56,135,13.0,1.2229063e-05
56,135,14.0,2.8171018e-05
56,136,0.0,2.824955e-06
56,136,1.0,0.0
56,136,2.0,0.0
56,136,3.0,1.7633359e-09
56,136,4.0,0.0
56,136,5.0,8.2107556e-07
56,136,6.0,2.5310244e-06
56,136,7.0,1.4263691e-06
56,136,8.0,1.6239475e-05
56,136,9.0,4.2639076e-05
56,136,10.0,6.6627734e-05
56,136,11.0,4.367853e-05
56,136,12.0,0.00011846082
56,136,13.0,0.00018568928
56,136,14.0,0.00027078832
56,137,0.0,7.2845783e-06
56,137,1.0,1.0982937e-05
56,137,2.0,6.702233e-05
56,137,3.0,0.00012435635
56,137,4.0,0.00047161337
56,137,5.0,0.00059662684
56,137,6.0,0.0010689066
56,137,7.0,0.0018261375
56,137,8.0,0.0024858888
56,137,9.0,0.0032059415
56,137,10.0,0.0040276907
56,137,11.0,0.00438887
56,137,12.0,0.004471592
56,137,13.0,0.0066016885
56,137,14.0,0.008191916
56,138,0.0,0.001468776
56,138,1.0,0.0020306287
56,138,2.0,0.0025704224
56,138,3.0,0.0038177837
56,138,4.0,0.0040899394
56,138,5.0,0.0041370452
56,138,6.0,0.004844824
56,138,7.0,0.006045793
56,138,8.0,0.007921923
56,138,9.0,0.008886395
56,138,10.0,0.011217338
56,138,11.0,0.014878898
56,138,12.0,0.01638005
56,138,13.0,0.016911121
56,138,14.0,0.016369464
56,139,0.0,0.017127711
56,139,1.0,0.015738549
56,139,2.0,0.021671375
56,139,3.0,0.022397736
56,139,4.0,0.025151126
56,139,5.0,0.028834892
56,139,6.0,0.03449264
56,139,7.0,0.0381293
56,139,8.0,0.045343313
56,139,9.0,0.050434586
56,139,10.0,0.056480184
56,139,11.0,0.062039126
56,139,12.0,0.062603526
56,139,13.0,0.066214636
56,139,14.0,0.07008528
56,140,0.0,0.0705428
56,140,1.0,0.084690616
56,140,2.0,0.08239065
56,140,3.0,0.087155335
56,140,4.0,0.09692337
56,140,5.0,0.105154015
56,140,6.0,0.10957199
56,140,7.0,0.111879416
56,140,8.0,0.119361214
56,140,9.0,0.1332839
56,140,10.0,0.14481819
56,140,11.0,0.14742231
56,140,12.0,0.14562158
56,140,13.0,0.15404952
56,140,14.0,0.16713741
56,141,0.0,0.20018241
56,141,1.0,0.18708867
56,141,2.0,0.21696447
56,141,3.0,0.22644581
56,141,4.0,0.2357728
56,141,5.0,0.2505733
56,141,6.0,0.26966384
56,141,7.0,0.27262142
56,141,8.0,0.26577175
56,141,9.0,0.27820528
56,141,10.0,0.2819702
56,141,11.0,0.28050187
56,141,12.0,0.2877324
56,141,13.0,0.2890061
56,141,14.0,0.2969627
56,142,0.0,0.4313696
56,142,1.0,0.4268178
56,142,2.0,0.41667196
56,142,3.0,0.44320375
56,142,4.0,0.43740666
56,142,5.0,0.42375907
56,142,6.0,0.4220912
56,142,7.0,0.4101504
56,142,8.0,0.41341108
56,142,9.0,0.41912007
56,142,10.0,0.39127263
56,142,11.0,0.35424864
56,142,12.0,0.34981522
56,142,13.0,0.36869034
56,142,14.0,0.40315956
56,143,0.0,0.53463715
56,143,1.0,0.5338827
56,143,2.0,0.47076535
56,143,3.0,0.43971533
56,143,4.0,0.4202053
56,143,5.0,0.4197706
56,143,6.0,0.41547638
56,143,7.0,0.39332736
56,143,8.0,0.38323376
56,143,9.0,0.37529996
56,143,10.0,0.3623477
56,143,11.0,0.36096263
56,143,12.0,0.33922547
56,143,13.0,0.34968212
56,143,14.0,0.400837
56,144,0.0,0.5911215
56,144,1.0,0.5360085
56,144,2.0,0.45163462
56,144,3.0,0.3858635
56,144,4.0,0.31427702
56,144,5.0,0.29016712
56,144,6.0,0.27070042
56,144,7.0,0.2670223
56,144,8.0,0.2590992
56,144,9.0,0.25205657
56,144,10.0,0.22295207
56,144,11.0,0.19663979
56,144,12.0,0.18771537
56,144,13.0,0.17978694
56,144,14.0,0.17710507
56,145,0.0,0.3019894
56,145,1.0,0.22314736
56,145,2.0,0.17863567
56,145,3.0,0.14500824
56,145,4.0,0.12662594
56,145,5.0,0.12298213
56,145,6.0,0.102073096
56,145,7.0,0.0942216
56,145,8.0,0.09141665
56,145,9.0,0.08600414
56,145,10.0,0.074158594
56,145,11.0,0.07123827
56,145,12.0,0.0732803
56,145,13.0,0.073423766
56,145,14.0,0.080328986
56,146,0.0,0.13583101
56,146,1.0,0.121474996
56,146,2.0,0.08956009
56,146,3.0,0.06583974
56,146,4.0,0.061049722
56,146,5.0,0.05359027
56,146,6.0,0.04922739
56,146,7.0,0.044082735
56,146,8.0,0.03869056
56,146,9.0,0.036059067
56,146,10.0,0.030805113
56,146,11.0,0.025831303
56,146,12.0,0.02244447
56,146,13.0,0.020565294
56,146,14.0,0.020623485
56,147,0.0,0.031847626
56,147,1.0,0.021259699
56,147,2.0,0.017989354
56,147,3.0,0.013494906
56,147,4.0,0.007887025
56,147,5.0,0.006145894
56,147,6.0,0.005788085
56,147,7.0,0.006882066
56,147,8.0,0.0075382628
56,147,9.0,0.006897802
56,147,10.0,0.0065523223
56,147,11.0,0.005248269
56,147,12.0,0.0055523966
56,147,13.0,0.006377153
56,147,14.0,0.006492441
56,148,0.0,0.0060526542
56,148,1.0,0.0049860543
56,148,2.0,0.002771512
56,148,3.0,0.0023319426
56,148,4.0,0.0019542566
56,148,5.0,0.0023952664
56,148,6.0,0.003208185
56,148,7.0,0.0027724952
56,148,8.0,0.0023638937
56,148,9.0,0.002206188
56,148,10.0,0.0020552445
56,148,11.0,0.00097132986
56,148,12.0,0.00043272006
56,148,13.0,0.0007857057
56,148,14.0,0.0007440062
56,149,0.0,0.0014625742
56,149,1.0,0.0005860352
56,149,2.0,0.00037877535
56,149,3.0,0.00022632853
56,149,4.0,0.00010381887
56,149,5.0,3.573502e-05
56,149,6.0,3.1961375e-05
56,149,7.0,4.2491392e-05
56,149,8.0,4.5657187e-05
56,149,9.0,3.98437e-05
56,149,10.0,2.3027626e-05
56,149,11.0,2.1965454e-05
56,149,12.0,6.1313825e-05
56,149,13.0,5.9839655e-05
56,149,14.0,7.916586e-05
56,150,0.0,5.735018e-05
56,150,1.0,1.8800174e-05
56,150,2.0,3.7864298e-05
56,150,3.0,1.758573e-05
56,150,4.0,3.2095766e-05
56,150,5.0,3.413663e-05
56,150,6.0,1.3660734e-05
56,150,7.0,1.586691e-05
56,150,8.0,3.5740883e-05
56,150,9.0,5.0906066e-05
56,150,10.0,3.7043377e-05
56,150,11.0,9.6282665e-06
56,150,12.0,8.552631e-06
56,150,13.0,5.8865226e-06
56,150,14.0,3.4299453e-06
56,151,0.0,8.670703e-09
56,151,1.0,4.3571877e-06
56,151,2.0,1.900267e-06
56,151,3.0,2.6429642e-08
56,151,4.0,4.0880207e-07
56,151,5.0,4.3447197e-09
56,151,6.0,0.0
56,151,7.0,0.0
56,151,8.0,0.0
56,151,9.0,0.0
56,151,10.0,0.0
56,151,11.0,0.0
56,151,12.0,0.0
56,151,13.0,1.2809124e-07
56,151,14.0,1.6043223e-06
56,152,0.0,3.8300527e-07
56,152,1.0,0.0
56,152,2.0,0.0
56,152,3.0,3.6538248e-07
56,152,4.0,3.2591927e-06
56,152,5.0,3.6252688e-06
56,152,6.0,3.151755e-06
56,152,7.0,1.4386166e-06
56,152,8.0,1.0047415e-06
56,152,9.0,9.4755165e-07
56,152,10.0,5.0083526e-07
56,152,11.0,3.7594614e-07
56,152,12.0,3.1317498e-07
56,152,13.0,6.4472964e-08
56,152,14.0,0.0
56,153,0.0,1.8467812e-06
56,153,1.0,4.221343e-06
56,153,2.0,4.4566477e-06
56,153,3.0,3.1242753e-06
56,153,4.0,8.196453e-07
56,153,5.0,6.780243e-07
56,153,6.0,1.1116132e-06
56,153,7.0,1.0918941e-06
56,153,8.0,1.7529869e-06
56,153,9.0,1.0431553e-06
56,153,10.0,5.035911e-07
56,153,11.0,1.181585e-07
56,153,12.0,5.179592e-08
56,153,13.0,1.7627998e-07
56,153,14.0,0.0
56,154,0.0,0.0
56,154,1.0,1.0900026e-06
56,154,2.0,6.3415113e-09
56,154,3.0,6.131938e-08
56,154,4.0,1.2939033e-06
56,154,5.0,5.9348343e-07
56,154,6.0,6.395248e-08
56,154,7.0,5.7776584e-09
56,154,8.0,2.9132967e-09
56,154,9.0,3.4112502e-16
56,154,10.0,0.0
56,154,11.0,2.3857165e-09
56,154,12.0,9.400506e-10
56,154,13.0,0.0
56,154,14.0,0.0
57,133,0.0,1.7202602e-07
57,133,1.0,0.0
57,133,2.0,1.2095954e-07
57,133,3.0,3.5324647e-06
57,133,4.0,5.4687494e-06
57,133,5.0,1.6797145e-08
57,133,6.0,2.225583e-06
57,133,7.0,0.0
57,133,8.0,0.0
57,133,9.0,0.0
57,133,10.0,0.0
57,133,11.0,0.0
57,133,12.0,0.0
57,133,13.0,2.9649473e-07
57,133,14.0,1.5935953e-07
57,134,0.0,0.0
57,134,1.0,6.4531164e-08
57,134,2.0,1.8241749e-09
57,134,3.0,3.3763616e-08
57,134,4.0,0.0
57,134,5.0,0.0
57,134,6.0,0.0
57,134,7.0,0.0
57,134,8.0,0.0
57,134,9.0,0.0
57,134,10.0,0.0
57,134,11.0,0.0
57,134,12.0,0.0
57,134,13.0,0.0
57,134,14.0,0.0
57,135,0.0,1.5952581e-08
57,135,1.0,1.1237879e-06
57,135,2.0,0.0
57,135,3.0,0.0
57,135,4.0,0.0
57,135,5.0,0.0
57,135,6.0,0.0
57,135,7.0,0.0
57,135,8.0,0.0
57,135,9.0,0.0
57,135,10.0,0.0
57,135,11.0,0.0
57,135,12.0,0.0
57,135,13.0,2.7010222e-07
57,135,14.0,0.0
57,136,0.0,0.0
57,136,1.0,0.0
57,136,2.0,0.0
57,136,3.0,0.0
57,136,4.0,0.0
57,136,5.0,0.0
57,136,6.0,0.0
57,136,7.0,0.0
57,136,8.0,0.0
57,136,9.0,0.0
57,136,10.0,0.0
57,136,11.0,3.8944286e-08
57,136,12.0,7.351465e-07
57,136,13.0,2.4456174e-06
57,136,14.0,2.780535e-07
57,137,0.0,0.0
57,137,1.0,0.0
57,137,2.0,0.0
57,137,3.0,0.0
57,137,4.0,0.0
57,137,5.0,0.0
57,137,6.0,0.0
57,137,7.0,1.7885577e-07
57,137,8.0,2.8888553e-06
57,137,9.0,3.907709e-06
57,137,10.0,1.5208492e-05
57,137,11.0,3.549793e-05
57,137,12.0,8.998025e-05
57,137,13.0,0.00015798793
57,137,14.0,7.288873e-05
57,138,0.0,5.1237566e-07
57,138,1.0,0.0
57,138,2.0,2.6155712e-08
57,138,3.0,3.163571e-09
57,138,4.0,7.672505e-06
57,138,5.0,2.0933101e-05
57,138,6.0,3.1723425e-06
57,138,7.0,4.6525798e-07
57,138,8.0,2.64175e-05
57,138,9.0,3.3815162e-05
57,138,10.0,4.7647314e-05
57,138,11.0,4.0740277e-05
57,138,12.0,0.00010776089
57,138,13.0,0.00011654389
57,138,14.0,6.2809624e-05
57,139,0.0,2.7650189e-05
57,139,1.0,2.4624626e-06
57,139,2.0,1.2161526e-05
57,139,3.0,0.00010261526
57,139,4.0,0.00035064295
57,139,5.0,0.000717581
57,139,6.0,0.0008126532
57,139,7.0,0.0004263238
57,139,8.0,0.00064991234
57,139,9.0,0.0010795158
57,139,10.0,0.0015406528
57,139,11.0,0.0017786669
57,139,12.0,0.0024918055
57,139,13.0,0.0026089908
57,139,14.0,0.0022987772
57,140,0.0,0.00019415974
57,140,1.0,0.0004594385
57,140,2.0,0.0013583754
57,140,3.0,0.0011668027
57,140,4.0,0.0010443411
57,140,5.0,0.0013038659
57,140,6.0,0.0017285083
57,140,7.0,0.0027212382
57,140,8.0,0.0038691664
57,140,9.0,0.0034736947
57,140,10.0,0.00347058
57,140,11.0,0.0036351713
57,140,12.0,0.0044433824
57,140,13.0,0.005530934
57,140,14.0,0.0057348628
57,141,0.0,0.0036856784
57,141,1.0,0.00724119
57,141,2.0,0.0091562355
57,141,3.0,0.013130618
57,141,4.0,0.014863269
57,141,5.0,0.016792862
57,141,6.0,0.019527668
57,141,7.0,0.023999475
57,141,8.0,0.026097415
57,141,9.0,0.028405752
57,141,10.0,0.0371809
57,141,11.0,0.043832168
57,141,12.0,0.0456193
57,141,13.0,0.04480331
57,141,14.0,0.04994197
57,142,0.0,0.012742794
57,142,1.0,0.022668459
57,142,2.0,0.02830678
57,142,3.0,0.03527778
57,142,4.0,0.041034926
57,142,5.0,0.046513077
57,142,6.0,0.050113536
57,142,7.0,0.05694031
57,142,8.0,0.062448688
57,142,9.0,0.06323308
57,142,10.0,0.06442149
57,142,11.0,0.07248352
57,142,12.0,0.07484247
57,142,13.0,0.07772268
57,142,14.0,0.08458794
57,143,0.0,0.10291852
57,143,1.0,0.12157098
57,143,2.0,0.13473313
57,143,3.0,0.14969182
57,143,4.0,0.14980057
57,143,5.0,0.1530502
57,143,6.0,0.17463279
57,143,7.0,0.18271904
57,143,8.0,0.17655185
57,143,9.0,0.18637657
57,143,10.0,0.19264852
57,143,11.0,0.20139036
57,143,12.0,0.1920337
57,143,13.0,0.19412543
57,143,14.0,0.21086541
57,144,0.0,0.15092228
57,144,1.0,0.17461313
57,144,2.0,0.20521404
57,144,3.0,0.21595778
57,144,4.0,0.22565322
57,144,5.0,0.22252333
57,144,6.0,0.23144467
57,144,7.0,0.24013811
57,144,8.0,0.24659419
57,144,9.0,0.24416639
57,144,10.0,0.2437787
57,144,11.0,0.22807062
57,144,12.0,0.2214644
57,144,13.0,0.22076681
57,144,14.0,0.23649436
57,145,0.0,0.27690956
57,145,1.0,0.29935935
57,145,2.0,0.34039402
57,145,3.0,0.33126265
57,145,4.0,0.30613226
57,145,5.0,0.2965863
57,145,6.0,0.28161523
57,145,7.0,0.27902693
57,145,8.0,0.26902246
57,145,9.0,0.267072
57,145,10.0,0.27259672
57,145,11.0,0.27600065
57,145,12.0,0.25477704
57,145,13.0,0.24636462
57,145,14.0,0.2539468
57,146,0.0,0.25362915
57,146,1.0,0.24386437
57,146,2.0,0.2668654
57,146,3.0,0.25699955
57,146,4.0,0.23469259
57,146,5.0,0.22235948
57,146,6.0,0.22021265
57,146,7.0,0.20273167
57,146,8.0,0.19046949
57,146,9.0,0.18559518
57,146,10.0,0.19100845
57,146,11.0,0.17924634
57,146,12.0,0.16120173
57,146,13.0,0.15135089
57,146,14.0,0.14931422
57,147,0.0,0.20282476
57,147,1.0,0.193277
57,147,2.0,0.18550093
57,147,3.0,0.15595718
57,147,4.0,0.14174242
57,147,5.0,0.13090172
57,147,6.0,0.1180496
57,147,7.0,0.1136897
57,147,8.0,0.10843426
57,147,9.0,0.101149365
57,147,10.0,0.09176043
57,147,11.0,0.07494613
57,147,12.0,0.06866354
57,147,13.0,0.066853665
57,147,14.0,0.068933584
57,148,0.0,0.076910295
57,148,1.0,0.068073094
57,148,2.0,0.06544499
57,148,3.0,0.055174228
57,148,4.0,0.04434604
57,148,5.0,0.038553376
57,148,6.0,0.03401064
57,148,7.0,0.031628117
57,148,8.0,0.033312358
57,148,9.0,0.03252416
57,148,10.0,0.03038862
57,148,11.0,0.027885633
57,148,12.0,0.025860377
57,148,13.0,0.02124716
57,148,14.0,0.018858768
57,149,0.0,0.02436425
57,149,1.0,0.019320184
57,149,2.0,0.01746155
57,149,3.0,0.020474717
57,149,4.0,0.017689563
57,149,5.0,0.0127711585
57,149,6.0,0.010676174
57,149,7.0,0.0095067
57,149,8.0,0.0071127657
57,149,9.0,0.0060647465
57,149,10.0,0.0059459424
57,149,11.0,0.0046094307
57,149,12.0,0.004378144
57,149,13.0,0.004287752
57,149,14.0,0.0031016448
57,150,0.0,0.0035997676
57,150,1.0,0.003278062
57,150,2.0,0.0023541604
57,150,3.0,0.0020819758
57,150,4.0,0.0020430975
57,150,5.0,0.0021039085
57,150,6.0,0.0015535972
57,150,7.0,0.0011290455
57,150,8.0,0.00090922
57,150,9.0,0.0009669026
57,150,10.0,0.0010349044
57,150,11.0,0.0008128872
57,150,12.0,0.0005940218
57,150,13.0,0.0005497104
57,150,14.0,0.0006690572
57,151,0.0,0.0002946571
57,151,1.0,0.0003117658
57,151,2.0,0.00020796493
57,151,3.0,0.00033626525
57,151,4.0,0.000283536
57,151,5.0,0.00025546877
57,151,6.0,0.00019027588
57,151,7.0,8.926434e-05
57,151,8.0,0.00015463705
57,151,9.0,0.00022015232
57,151,10.0,0.0002136675
57,151,11.0,0.00011075588
57,151,12.0,0.0001493532
57,151,13.0,0.00011226507
57,151,14.0,5.2948057e-05
57,152,0.0,7.674974e-06
57,152,1.0,3.0861631e-06
57,152,2.0,1.1522656e-06
57,152,3.0,3.4142467e-06
57,152,4.0,4.9855447e-07
57,152,5.0,0.0
57,152,6.0,0.0
57,152,7.0,0.0
57,152,8.0,0.0
57,152,9.0,0.0
57,152,10.0,8.0215166e-08
57,152,11.0,4.7966893e-09
57,152,12.0,3.7963887e-06
57,152,13.0,1.8577386e-05
57,152,14.0,4.1648093e-07
57,153,0.0,1.6227247e-09
57,153,1.0,0.0
57,153,2.0,0.0
57,153,3.0,0.0
57,153,4.0,0.0
57,153,5.0,0.0
57,153,6.0,0.0
57,153,7.0,0.0
57,153,8.0,0.0
57,153,9.0,0.0
57,153,10.0,0.0
57,153,11.0,0.0
57,153,12.0,0.0
57,153,13.0,3.8789113e-07
57,153,14.0,0.0
57,154,0.0,3.4963573e-08
57,154,1.0,0.0
57,154,2.0,0.0
57,154,3.0,1.6791665e-07
57,154,4.0,1.9179207e-07
57,154,5.0,0.0
57,154,6.0,6.17269e-07
57,154,7.0,0.0
57,154,8.0,0.0
57,154,9.0,0.0
57,154,10.0,0.0
57,154,11.0,0.0
57,154,12.0,0.0
57,154,13.0,1.7330207e-06
57,154,14.0,3.118239e-08
57,155,0.0,0.0
57,155,1.0,0.0
57,155,2.0,4.4912203e-09
57,155,3.0,0.0
57,155,4.0,1.1678115e-08
57,155,5.0,0.0
57,155,6.0,0.0
57,155,7.0,0.0
57,155,8.0,0.0
57,155,9.0,0.0
57,155,10.0,0.0
57,155,11.0,0.0
57,155,12.0,8.949053e-10
57,155,13.0,4.060922e-08
57,155,14.0,5.8892437e-07
57,156,0.0,1.5791886e-07
57,156,1.0,1.2462386e-06
57,156,2.0,6.229539e-07
57,156,3.0,1.7525817e-06
57,156,4.0,8.2544474e-08
57,156,5.0,0.0
57,156,6.0,0.0
57,156,7.0,6.934251e-07
57,156,8.0,1.1328927e-06
57,156,9.0,4.0403155e-08
57,156,10.0,1.1695654e-08
57,156,11.0,1.1642687e-06
57,156,12.0,1.6692122e-06
57,156,13.0,6.1054e-07
57,156,14.0,3.4430496e-08
57,157,0.0,2.2406283e-07
57,157,1.0,2.9553894e-06
57,157,2.0,4.0681807e-06
57,157,3.0,1.1926786e-06
57,157,4.0,4.769864e-06
57,157,5.0,5.3658805e-06
57,157,6.0,1.6716322e-05
57,157,7.0,1.0801335e-05
57,157,8.0,2.1483827e-06
57,157,9.0,3.774596e-06
57,157,10.0,5.9685235e-08
57,157,11.0,0.0
57,157,12.0,1.802658e-09
57,157,13.0,4.756078e-08
57,157,14.0,1.769384e-10
58,135,0.0,1.4788958e-10
58,135,1.0,1.12226714e-10
58,135,2.0,0.0
58,135,3.0,1.0992708e-06
58,135,4.0,0.0
58,135,5.0,0.0
58,135,6.0,0.0
58,135,7.0,0.0
58,135,8.0,0.0
58,135,9.0,0.0
58,135,10.0,0.0
58,135,11.0,0.0
58,135,12.0,0.0
58,135,13.0,0.0
58,135,14.0,0.0
58,136,0.0,0.0
58,136,1.0,0.0
58,136,2.0,1.2964131e-07
58,136,3.0,2.9310959e-06
58,136,4.0,4.3987184e-06
58,136,5.0,4.320953e-07
58,136,6.0,4.9817594e-09
58,136,7.0,0.0
58,136,8.0,0.0
58,136,9.0,0.0
58,136,10.0,0.0
58,136,11.0,0.0
58,136,12.0,0.0
58,136,13.0,0.0
58,136,14.0,0.0
58,137,0.0,0.0
58,137,1.0,2.9121895e-07
58,137,2.0,3.6998387e-08
58,137,3.0,0.0
58,137,4.0,0.0
58,137,5.0,0.0
58,137,6.0,0.0
58,137,7.0,9.380206e-14
58,137,8.0,5.023449e-08
58,137,9.0,5.67743e-09
58,137,10.0,1.0402617e-08
58,137,11.0,0.0
58,137,12.0,0.0
58,137,13.0,1.3228665e-09
58,137,14.0,5.5098726e-13
58,138,0.0,0.0
58,138,1.0,0.0
58,138,2.0,0.0
58,138,3.0,0.0
58,138,4.0,0.0
58,138,5.0,0.0
58,138,6.0,1.4223856e-08
58,138,7.0,2.2351282e-08
58,138,8.0,5.7041834e-08
58,138,9.0,1.5142199e-06
58,138,10.0,1.3816293e-05
58,138,11.0,1.2635087e-05
58,138,12.0,5.9977783e-06
58,138,13.0,2.8571176e-06
58,138,14.0,1.1917052e-06
58,139,0.0,0.0
58,139,1.0,0.0
58,139,2.0,1.9666278e-10
58,139,3.0,0.0
58,139,4.0,0.0
58,139,5.0,0.0
58,139,6.0,0.0
58,139,7.0,1.5816848e-07
58,139,8.0,8.864789e-09
58,139,9.0,0.0
58,139,10.0,0.0
58,139,11.0,0.0
58,139,12.0,0.0
58,139,13.0,0.0
58,139,14.0,0.0
58,140,0.0,0.0
58,140,1.0,1.1556834e-06
58,140,2.0,0.0
58,140,3.0,0.0
58,140,4.0,0.0
58,140,5.0,0.0
58,140,6.0,1.9830587e-07
58,140,7.0,1.9415319e-07
58,140,8.0,2.3298806e-07
58,140,9.0,1.985925e-07
58,140,10.0,2.4995032e-07
58,140,11.0,1.9377666e-07
58,140,12.0,0.0
58,140,13.0,3.5067913e-08
58,140,14.0,2.145361e-07
58,141,0.0,1.7336674e-08
58,141,1.0,2.0375755e-06
58,141,2.0,1.5386355e-05
58,141,3.0,5.5253993e-05
58,141,4.0,9.9738994e-05
58,141,5.0,9.3424096e-05
58,141,6.0,0.00016743035
58,141,7.0,0.00022136747
58,141,8.0,9.765939e-05
58,141,9.0,3.9192266e-05
58,141,10.0,4.9255937e-05
58,141,11.0,5.309706e-05
58,141,12.0,7.272598e-05
58,141,13.0,9.8296754e-05
58,141,14.0,0.00010430153
58,142,0.0,0.0003443398
58,142,1.0,0.00019862974
58,142,2.0,0.00018375223
58,142,3.0,0.00030267102
58,142,4.0,0.00031915624
58,142,5.0,0.00025845028
58,142,6.0,0.0002786698
58,142,7.0,0.0004871388
58,142,8.0,0.0004002334
58,142,9.0,0.00077035476
58,142,10.0,0.0008913489
58,142,11.0,0.0009652654
58,142,12.0,0.0011321161
58,142,13.0,0.0011766461
58,142,14.0,0.0011685184
58,143,0.0,0.0013700903
58,143,1.0,0.0016180491
58,143,2.0,0.0017352407
58,143,3.0,0.0015117723
58,143,4.0,0.0020812093
58,143,5.0,0.0031427687
58,143,6.0,0.0036327932
58,143,7.0,0.0044309134
58,143,8.0,0.004432627
58,143,9.0,0.0042881332
58,143,10.0,0.0050469465
58,143,11.0,0.0068524233
58,143,12.0,0.008522301
58,143,13.0,0.010109595
58,143,14.0,0.00989817
58,144,0.0,0.007346062
58,144,1.0,0.013488446
58,144,2.0,0.01686805
58,144,3.0,0.014976054
58,144,4.0,0.014659124
58,144,5.0,0.015187381
58,144,6.0,0.016056966
58,144,7.0,0.016856158
58,144,8.0,0.020430036
58,144,9.0,0.022151496
58,144,10.0,0.021590741
58,144,11.0,0.02434971
58,144,12.0,0.026871843
58,144,13.0,0.031011635
58,144,14.0,0.035873227
58,145,0.0,0.023957605
58,145,1.0,0.032226868
58,145,2.0,0.03967495
58,145,3.0,0.044992503
58,145,4.0,0.04950104
58,145,5.0,0.049883626
58,145,6.0,0.04974754
58,145,7.0,0.056950565
58,145,8.0,0.061735526
58,145,9.0,0.059520263
58,145,10.0,0.059600353
58,145,11.0,0.06005325
58,145,12.0,0.06375401
58,145,13.0,0.07448502
58,145,14.0,0.08269375
58,146,0.0,0.083093345
58,146,1.0,0.09135853
58,146,2.0,0.07590309
58,146,3.0,0.087194584
58,146,4.0,0.08710172
58,146,5.0,0.11283284
58,146,6.0,0.10605835
58,146,7.0,0.10948341
58,146,8.0,0.12145648
58,146,9.0,0.12909281
58,146,10.0,0.12382833
58,146,11.0,0.12345095
58,146,12.0,0.12690486
58,146,13.0,0.13264225
58,146,14.0,0.14230719
58,147,0.0,0.11665921
58,147,1.0,0.12776765
58,147,2.0,0.14036678
58,147,3.0,0.14683898
58,147,4.0,0.14042035
58,147,5.0,0.14075632
58,147,6.0,0.14006923
58,147,7.0,0.14108552
58,147,8.0,0.14274889
58,147,9.0,0.14461122
58,147,10.0,0.14797734
58,147,11.0,0.1637706
58,147,12.0,0.1527183
58,147,13.0,0.15192237
58,147,14.0,0.15416138
58,148,0.0,0.14503174
58,148,1.0,0.15442449
58,148,2.0,0.14592898
58,148,3.0,0.14192142
58,148,4.0,0.12941822
58,148,5.0,0.15359667
58,148,6.0,0.13642973
58,148,7.0,0.13406217
58,148,8.0,0.13597281
58,148,9.0,0.13279153
58,148,10.0,0.12128009
58,148,11.0,0.11433016
58,148,12.0,0.10790477
58,148,13.0,0.10153532
58,148,14.0,0.09872701
58,149,0.0,0.14257306
58,149,1.0,0.13482498
58,149,2.0,0.116209365
58,149,3.0,0.111228675
58,149,4.0,0.11494904
58,149,5.0,0.10705538
58,149,6.0,0.09706965
58,149,7.0,0.09170387
58,149,8.0,0.086927935
58,149,9.0,0.08058223
58,149,10.0,0.07391582
58,149,11.0,0.07059058
58,149,12.0,0.074276514
58,149,13.0,0.0721099
58,149,14.0,0.058260616
58,150,0.0,0.06691622
58,150,1.0,0.06023545
58,150,2.0,0.07307705
58,150,3.0,0.066004775
58,150,4.0,0.055334274
58,150,5.0,0.05210429
58,150,6.0,0.04794429
58,150,7.0,0.04390638
58,150,8.0,0.042137597
58,150,9.0,0.039206337
58,150,10.0,0.03223664
58,150,11.0,0.025963178
58,150,12.0,0.023187561
58,150,13.0,0.023819486
58,150,14.0,0.020624237
58,151,0.0,0.017645508
58,151,1.0,0.014644369
58,151,2.0,0.014102757
58,151,3.0,0.012984401
58,151,4.0,0.012748488
58,151,5.0,0.012514601
58,151,6.0,0.010690344
58,151,7.0,0.009380831
58,151,8.0,0.0074965744
58,151,9.0,0.006134947
58,151,10.0,0.005601222
58,151,11.0,0.004740999
58,151,12.0,0.0034258189
58,151,13.0,0.0026359814
58,151,14.0,0.0025651772
58,152,0.0,0.004343733
58,152,1.0,0.0044866153
58,152,2.0,0.003497446
58,152,3.0,0.0033712892
58,152,4.0,0.0034976518
58,152,5.0,0.0032867373
58,152,6.0,0.0024971112
58,152,7.0,0.0016377135
58,152,8.0,0.0013255236
58,152,9.0,0.0009141317
58,152,10.0,0.0006393952
58,152,11.0,0.0004742185
58,152,12.0,0.0004445874
58,152,13.0,0.0005473944
58,152,14.0,0.000631411
58,153,0.0,0.00016145172
58,153,1.0,0.00024262867
58,153,2.0,0.00053849554
58,153,3.0,0.0002480261
58,153,4.0,0.00016251973
58,153,5.0,0.00015609458
58,153,6.0,0.00010219863
58,153,7.0,5.0659124e-05
58,153,8.0,3.769585e-05
58,153,9.0,5.1409897e-05
58,153,10.0,1.3860309e-05
58,153,11.0,4.885704e-06
58,153,12.0,1.22508645e-05
58,153,13.0,1.4405573e-05
58,153,14.0,2.3373465e-05
58,154,0.0,6.3337015e-05
58,154,1.0,4.1796648e-05
58,154,2.0,9.342375e-06
58,154,3.0,3.3531403e-05
58,154,4.0,6.1198702e-06
58,154,5.0,1.7784046e-08
58,154,6.0,0.0
58,154,7.0,0.0
58,154,8.0,0.0
58,154,9.0,0.0
58,154,10.0,0.0
58,154,11.0,0.0
58,154,12.0,0.0
58,154,13.0,9.419552e-09
58,154,14.0,2.6907258e-06
58,155,0.0,3.7950926e-08
58,155,1.0,1.5021261e-06
58,155,2.0,3.2447729e-06
58,155,3.0,7.573216e-07
58,155,4.0,1.1107148e-08
58,155,5.0,2.897576e-11
58,155,6.0,2.3768205e-06
58,155,7.0,7.817044e-07
58,155,8.0,7.752359e-08
58,155,9.0,7.616536e-07
58,155,10.0,2.178267e-06
58,155,11.0,1.1818795e-09
58,155,12.0,0.0
58,155,13.0,0.0
58,155,14.0,0.0
58,156,0.0,0.0
58,156,1.0,0.0
58,156,2.0,2.419311e-09
58,156,3.0,7.358255e-09
58,156,4.0,9.991271e-08
58,156,5.0,0.0
58,156,6.0,0.0
58,156,7.0,0.0
58,156,8.0,0.0
58,156,9.0,0.0
58,156,10.0,1.7505384e-07
58,156,11.0,7.164931e-10
58,156,12.0,1.9546362e-10
58,156,13.0,3.0234377e-09
58,156,14.0,0.0
58,157,0.0,8.4762524e-07
58,157,1.0,4.8407423e-06
58,157,2.0,4.4381878e-07
58,157,3.0,1.2815114e-07
58,157,4.0,0.0
58,157,5.0,3.558223e-08
58,157,6.0,0.0
58,157,7.0,8.50044e-07
58,157,8.0,1.8566644e-07
58,157,9.0,5.5581756e-07
58,157,10.0,1.7965663e-08
58,157,11.0,0.0
58,157,12.0,0.0
58,157,13.0,0.0
58,157,14.0,0.0
58,158,0.0,0.0
58,158,1.0,2.0755024e-07
58,158,2.0,3.1373602e-07
58,158,3.0,0.0
58,158,4.0,1.1984805e-07
58,158,5.0,0.0
58,158,6.0,0.0
58,158,7.0,0.0
58,158,8.0,0.0
58,158,9.0,0.0
58,158,10.0,7.465472e-07
58,158,11.0,0.0
58,158,12.0,1.655895e-07
58,158,13.0,5.2211124e-10
58,158,14.0,0.0
58,159,0.0,5.638462e-07
58,159,1.0,8.100504e-07
58,159,2.0,2.0545706e-06
58,159,3.0,2.8303903e-06
58,159,4.0,2.151587e-06
58,159,5.0,1.5014804e-06
58,159,6.0,7.6700724e-07
58,159,7.0,4.303141e-06
58,159,8.0,9.572566e-07
58,159,9.0,1.7131762e-07
58,159,10.0,6.464315e-08
58,159,11.0,1.2141705e-07
58,159,12.0,1.1170675e-06
58,159,13.0,8.7138494e-07
58,159,14.0,6.257834e-07
58,160,0.0,2.2629892e-07
58,160,1.0,4.4904496e-07
58,160,2.0,6.034747e-07
58,160,3.0,0.0
58,160,4.0,2.6879674e-09
58,160,5.0,0.0
58,160,6.0,0.0
58,160,7.0,0.0
58,160,8.0,0.0
58,160,9.0,5.7919832e-11
58,160,10.0,3.9760383e-08
58,160,11.0,1.7620119e-08
58,160,12.0,6.493117e-09
58,160,13.0,0.0
58,160,14.0,0.0
59,138,0.0,0.0
59,138,1.0,9.219793e-06
59,138,2.0,8.8775036e-11
59,138,3.0,0.0
59,138,4.0,1.0275109e-08
59,138,5.0,1.0734527e-08
59,138,6.0,5.070338e-07
59,138,7.0,5.319407e-06
59,138,8.0,2.8298052e-06
59,138,9.0,1.4713645e-07
59,138,10.0,2.9270453e-07
59,138,11.0,0.0
59,138,12.0,0.0
59,138,13.0,0.0
59,138,14.0,0.0
59,139,0.0,0.0
59,139,1.0,0.0
59,139,2.0,0.0
59,139,3.0,0.0
59,139,4.0,0.0
59,139,5.0,0.0
59,139,6.0,0.0
59,139,7.0,0.0
59,139,8.0,0.0
59,139,9.0,0.0
59,139,10.0,0.0
59,139,11.0,0.0
59,139,12.0,0.0
59,139,13.0,0.0
59,139,14.0,0.0
59,140,0.0,0.0
59,140,1.0,0.0
59,140,2.0,0.0
59,140,3.0,0.0
59,140,4.0,0.0
59,140,5.0,0.0
59,140,6.0,0.0
59,140,7.0,0.0
59,140,8.0,0.0
59,140,9.0,0.0
59,140,10.0,0.0
59,140,11.0,0.0
59,140,12.0,0.0
59,140,13.0,8.575182e-10
59,140,14.0,5.76135e-08
59,141,0.0,0.0
59,141,1.0,4.1220343e-07
59,141,2.0,0.0
59,141,3.0,0.0
59,141,4.0,0.0
59,141,5.0,0.0
59,141,6.0,0.0
59,141,7.0,0.0
59,141,8.0,0.0
59,141,9.0,0.0
59,141,10.0,1.0795487e-07
59,141,11.0,5.519679e-07
59,141,12.0,7.846422e-07
59,141,13.0,5.1297803e-07
59,141,14.0,3.5315702e-06
59,142,0.0,1.0738644e-07
59,142,1.0,2.9327043e-07
59,142,2.0,0.0
59,142,3.0,0.0
59,142,4.0,0.0
59,142,5.0,0.0
59,142,6.0,4.3688567e-07
59,142,7.0,0.0
59,142,8.0,0.0
59,142,9.0,0.0
59,142,10.0,0.0
59,142,11.0,2.0166413e-08
59,142,12.0,6.032128e-06
59,142,13.0,1.0798944e-05
59,142,14.0,3.7045313e-05
59,143,0.0,1.4672223e-06
59,143,1.0,2.5253044e-07
59,143,2.0,0.0
59,143,3.0,0.0
59,143,4.0,0.0
59,143,5.0,8.772323e-07
59,143,6.0,2.7704955e-06
59,143,7.0,1.5515329e-06
59,143,8.0,8.0749635e-07
59,143,9.0,1.6837455e-06
59,143,10.0,5.1079937e-06
59,143,11.0,1.3376398e-05
59,143,12.0,1.3102771e-05
59,143,13.0,1.5196312e-05
59,143,14.0,6.369742e-05
59,144,0.0,2.9112713e-05
59,144,1.0,3.5669811e-06
59,144,2.0,3.647119e-06
59,144,3.0,6.4127835e-06
59,144,4.0,1.6908598e-05
59,144,5.0,9.879208e-06
59,144,6.0,7.274146e-05
59,144,7.0,0.00014265755
59,144,8.0,0.00017600956
59,144,9.0,0.00011945525
59,144,10.0,0.00010807149
59,144,11.0,0.00016186059
59,144,12.0,0.00034702773
59,144,13.0,0.00043007458
59,144,14.0,0.0005576242
59,145,0.0,8.350791e-05
59,145,1.0,8.701236e-05
59,145,2.0,0.00012298969
59,145,3.0,0.00027451705
59,145,4.0,0.0002270353
59,145,5.0,0.00028208105
59,145,6.0,0.000386967
59,145,7.0,0.00050327036
59,145,8.0,0.00054761075
59,145,9.0,0.00073380413
59,145,10.0,0.0008033707
59,145,11.0,0.0015312461
59,145,12.0,0.0017814309
59,145,13.0,0.0026438974
59,145,14.0,0.0036918325
59,146,0.0,0.00065600977
59,146,1.0,0.0008879411
59,146,2.0,0.0012058958
59,146,3.0,0.0014819459
59,146,4.0,0.0015974029
59,146,5.0,0.0014505178
59,146,6.0,0.0017260025
59,146,7.0,0.0019410021
59,146,8.0,0.0026273306
59,146,9.0,0.0034960296
59,146,10.0,0.004031028
59,146,11.0,0.0062012956
59,146,12.0,0.0077148355
59,146,13.0,0.00932477
59,146,14.0,0.010080862
59,147,0.0,0.0030168605
59,147,1.0,0.0045186626
59,147,2.0,0.009022512
59,147,3.0,0.008810619
59,147,4.0,0.012924717
59,147,5.0,0.013347356
59,147,6.0,0.013347464
59,147,7.0,0.013879487
59,147,8.0,0.0146976095
59,147,9.0,0.016559424
59,147,10.0,0.01677225
59,147,11.0,0.017033944
59,147,12.0,0.019038577
59,147,13.0,0.02078534
59,147,14.0,0.02282015
59,148,0.0,0.0067943353
59,148,1.0,0.0109400395
59,148,2.0,0.015769904
59,148,3.0,0.017466461
59,148,4.0,0.022477586
59,148,5.0,0.029084345
59,148,6.0,0.02956829
59,148,7.0,0.03002271
59,148,8.0,0.031317286
59,148,9.0,0.032557353
59,148,10.0,0.03453075
59,148,11.0,0.03650519
59,148,12.0,0.0369518
59,148,13.0,0.038092762
59,148,14.0,0.040320322
59,149,0.0,0.02132682
59,149,1.0,0.02921552
59,149,2.0,0.0395663
59,149,3.0,0.050585464
59,149,4.0,0.059118766
59,149,5.0,0.06014945
59,149,6.0,0.05930832
59,149,7.0,0.05747283
59,149,8.0,0.055830263
59,149,9.0,0.054338526
59,149,10.0,0.0537842
59,149,11.0,0.051837716
59,149,12.0,0.056178533
59,149,13.0,0.0588054
59,149,14.0,0.05841363
59,150,0.0,0.029978164
59,150,1.0,0.041211274
59,150,2.0,0.04468209
59,150,3.0,0.056631576
59,150,4.0,0.06474457
59,150,5.0,0.066922754
59,150,6.0,0.05983396
59,150,7.0,0.05259386
59,150,8.0,0.051958367
59,150,9.0,0.057004154
59,150,10.0,0.056574006
59,150,11.0,0.051838722
59,150,12.0,0.049664933
59,150,13.0,0.04861098
59,150,14.0,0.047367252
59,151,0.0,0.03102162
59,151,1.0,0.036067035
59,151,2.0,0.04009589
59,151,3.0,0.060967613
59,151,4.0,0.073604606
59,151,5.0,0.07028147
59,151,6.0,0.05632118
59,151,7.0,0.047082677
59,151,8.0,0.043760054
59,151,9.0,0.03669818
59,151,10.0,0.028534021
59,151,11.0,0.026572293
59,151,12.0,0.026155429
59,151,13.0,0.026380954
59,151,14.0,0.024607915
59,152,0.0,0.015244476
59,152,1.0,0.017380329
59,152,2.0,0.02198439
59,152,3.0,0.030352088
59,152,4.0,0.030927949
59,152,5.0,0.03257769
59,152,6.0,0.028500937
59,152,7.0,0.023325525
59,152,8.0,0.018404081
59,152,9.0,0.016272357
59,152,10.0,0.013143569
59,152,11.0,0.013644061
59,152,12.0,0.013964072
59,152,13.0,0.012683195
59,152,14.0,0.009775575
59,153,0.0,0.006114127
59,153,1.0,0.00741151
59,153,2.0,0.010322726
59,153,3.0,0.014079813
59,153,4.0,0.014019688
59,153,5.0,0.0134738535
59,153,6.0,0.008594258
59,153,7.0,0.0057969894
59,153,8.0,0.0033662228
59,153,9.0,0.0027714146
59,153,10.0,0.0032523116
59,153,11.0,0.0038293123
59,153,12.0,0.0041091936
59,153,13.0,0.003800684
59,153,14.0,0.0025635
59,154,0.0,0.0012564309
59,154,1.0,0.0011477462
59,154,2.0,0.0015517618
59,154,3.0,0.0021984577
59,154,4.0,0.0017759601
59,154,5.0,0.0015727777
59,154,6.0,0.0013650486
59,154,7.0,0.00093630585
59,154,8.0,0.0007647423
59,154,9.0,0.000750097
59,154,10.0,0.00052827474
59,154,11.0,0.00029501974
59,154,12.0,0.00050416193
59,154,13.0,0.00050189084
59,154,14.0,0.00014605846
59,155,0.0,0.00012773139
59,155,1.0,4.8375045e-05
59,155,2.0,0.00010775971
59,155,3.0,0.0003170354
59,155,4.0,0.0001727738
59,155,5.0,0.00012882767
59,155,6.0,5.4763932e-05
59,155,7.0,2.749418e-05
59,155,8.0,4.6174835e-05
59,155,9.0,3.0025045e-05
59,155,10.0,7.916776e-06
59,155,11.0,7.528107e-06
59,155,12.0,6.0126536e-06
59,155,13.0,6.4922906e-06
59,155,14.0,1.3146126e-05
59,156,0.0,7.820149e-06
59,156,1.0,1.7582724e-06
59,156,2.0,7.164382e-07
59,156,3.0,1.9935324e-06
59,156,4.0,8.1274317e-07
59,156,5.0,5.925857e-06
59,156,6.0,7.800342e-06
59,156,7.0,6.86636e-06
59,156,8.0,2.6065704e-06
59,156,9.0,6.272864e-07
59,156,10.0,1.6652051e-07
59,156,11.0,4.0513518e-10
59,156,12.0,0.0
59,156,13.0,2.2859326e-09
59,156,14.0,1.4093406e-06
59,157,0.0,8.085469e-08
59,157,1.0,0.0
59,157,2.0,0.0
59,157,3.0,0.0
59,157,4.0,0.0
59,157,5.0,7.676808e-10
59,157,6.0,1.6149634e-06
59,157,7.0,2.3052103e-06
59,157,8.0,4.166144e-07
59,157,9.0,4.850432e-07
59,157,10.0,2.8084062e-06
59,157,11.0,2.633695e-07
59,157,12.0,0.0
59,157,13.0,2.6077706e-07
59,157,14.0,4.6910372e-06
59,158,0.0,3.531849e-07
59,158,1.0,4.7591143e-06
59,158,2.0,7.3714186e-06
59,158,3.0,2.6521752e-06
59,158,4.0,9.964093e-07
59,158,5.0,2.282898e-07
59,158,6.0,2.5743844e-07
59,158,7.0,8.620809e-07
59,158,8.0,9.301607e-08
59,158,9.0,0.0
59,158,10.0,5.370912e-12
59,158,11.0,5.382283e-07
59,158,12.0,5.706628e-07
59,158,13.0,3.181486e-07
59,158,14.0,3.7705348e-08
59,159,0.0,0.0
59,159,1.0,0.0
59,159,2.0,0.0
59,159,3.0,0.0
59,159,4.0,0.0
59,159,5.0,0.0
59,159,6.0,4.5684673e-10
59,159,7.0,0.0
59,159,8.0,7.783684e-12
59,159,9.0,2.2563442e-07
59,159,10.0,0.0
59,159,11.0,2.8500216e-08
59,159,12.0,3.7044563e-06
59,159,13.0,1.0718094e-06
59,159,14.0,0.0
59,160,0.0,0.0
59,160,1.0,2.858561e-07
59,160,2.0,0.0
59,160,3.0,6.6318854e-08
59,160,4.0,5.6268437e-08
59,160,5.0,8.0339476e-08
59,160,6.0,1.2612508e-06
59,160,7.0,5.7801486e-07
59,160,8.0,2.8050738e-07
59,160,9.0,1.9169498e-07
59,160,10.0,1.9015856e-07
59,160,11.0,4.0196676e-07
59,160,12.0,0.0
59,160,13.0,2.2241564e-07
59,160,14.0,3.1240572e-07
59,161,0.0,3.8819607e-08
59,161,1.0,8.563285e-09
59,161,2.0,2.538407e-07
59,161,3.0,2.633661e-07
59,161,4.0,6.9889535e-07
59,161,5.0,3.0253327e-06
59,161,6.0,1.1336399e-06
59,161,7.0,6.2620245e-07
59,161,8.0,9.826857e-07
59,161,9.0,9.102437e-07
59,161,10.0,5.6315514e-08
59,161,11.0,3.046889e-07
59,161,12.0,1.7159445e-07
59,161,13.0,5.763287e-10
59,161,14.0,7.666487e-08
59,162,0.0,1.3397795e-09
59,162,1.0,0.0
59,162,2.0,3.1459313e-09
59,162,3.0,0.0
59,162,4.0,0.0
59,162,5.0,3.327134e-09
59,162,6.0,0.0
59,162,7.0,1.3699742e-11
59,162,8.0,1.4874323e-09
59,162,9.0,3.3824747e-09
59,162,10.0,1.2904279e-08
59,162,11.0,0.0
59,162,12.0,5.7844307e-09
59,162,13.0,1.149705e-06
59,162,14.0,1.5127605e-06
60,141,0.0,6.5367453e-07
60,141,1.0,7.015895e-06
60,141,2.0,0.0
60,141,3.0,0.0
60,141,4.0,1.6749767e-06
60,141,5.0,5.0952815e-07
60,141,6.0,0.0
60,141,7.0,0.0
60,141,8.0,1.9640284e-07
60,141,9.0,3.6811772e-07
60,141,10.0,0.0
60,141,11.0,6.280525e-08
60,141,12.0,0.0
60,141,13.0,0.0
60,141,14.0,4.66674e-07
60,142,0.0,5.27863e-08
60,142,1.0,5.156059e-14
60,142,2.0,0.0
60,142,3.0,1.9664188e-10
60,142,4.0,1.362875e-07
60,142,5.0,5.6232034e-07
60,142,6.0,9.420322e-07
60,142,7.0,4.7548022e-07
60,142,8.0,1.5381197e-07
60,142,9.0,3.6706896e-07
60,142,10.0,2.0727678e-06
60,142,11.0,3.496981e-06
60,142,12.0,2.1532587e-06
60,142,13.0,1.4231947e-06
60,142,14.0,2.0105624e-06
60,143,0.0,2.04662e-09
60,143,1.0,4.088201e-08
60,143,2.0,0.0
60,143,3.0,0.0
60,143,4.0,0.0
60,143,5.0,0.0
60,143,6.0,0.0
60,143,7.0,9.653447e-09
60,143,8.0,2.3017134e-07
60,143,9.0,3.0858313e-08
60,143,10.0,0.0
60,143,11.0,0.0
60,143,12.0,0.0
60,143,13.0,0.0
60,143,14.0,4.9302076e-07
60,144,0.0,0.0
60,144,1.0,0.0
60,144,2.0,0.0
60,144,3.0,0.0
60,144,4.0,3.2337266e-07
60,144,5.0,3.501971e-07
60,144,6.0,1.8032084e-07
60,144,7.0,3.452358e-08
60,144,8.0,4.070983e-08
60,144,9.0,8.239006e-09
60,144,10.0,1.2898739e-06
60,144,11.0,1.3586823e-07
60,144,12.0,2.1172018e-12
60,144,13.0,0.0
60,144,14.0,0.0
60,145,0.0,0.0
60,145,1.0,0.0
60,145,2.0,0.0
60,145,3.0,0.0
60,145,4.0,0.0
60,145,5.0,3.198144e-06
60,145,6.0,4.1617673e-06
60,145,7.0,6.0353835e-07
60,145,8.0,5.9253097e-10
60,145,9.0,6.986247e-09
60,145,10.0,1.883068e-07
60,145,11.0,1.7203425e-06
60,145,12.0,3.451995e-06
60,145,13.0,2.4730202e-06
60,145,14.0,6.5836043e-06
60,146,0.0,1.0617867e-06
60,146,1.0,2.0876769e-07
60,146,2.0,9.51812e-07
60,146,3.0,3.4211922e-09
60,146,4.0,0.0
60,146,5.0,0.0
60,146,6.0,0.0
60,146,7.0,3.5849528e-08
60,146,8.0,2.6160228e-06
60,146,9.0,1.8249148e-05
60,146,10.0,2.625585e-05
60,146,11.0,1.4318647e-05
60,146,12.0,2.2136841e-05
60,146,13.0,2.2371689e-05
60,146,14.0,2.69606e-05
60,147,0.0,4.211611e-05
60,147,1.0,3.9193746e-05
60,147,2.0,7.6855584e-05
60,147,3.0,5.9845628e-05
60,147,4.0,0.00013381474
60,147,5.0,0.00016821267
60,147,6.0,0.00015603102
60,147,7.0,0.0001278555
60,147,8.0,0.0001668191
60,147,9.0,0.00020695511
60,147,10.0,0.00023032198
60,147,11.0,0.00040348418
60,147,12.0,0.0006331647
60,147,13.0,0.0005682548
60,147,14.0,0.0006371141
60,148,0.0,0.00040722237
60,148,1.0,0.00026962967
60,148,2.0,0.00028973565
60,148,3.0,0.00027954226
60,148,4.0,0.00070606085
60,148,5.0,0.0005733819
60,148,6.0,0.00051255745
60,148,7.0,0.00052464777
60,148,8.0,0.0006192799
60,148,9.0,0.00088690396
60,148,10.0,0.0011923562
60,148,11.0,0.002074674
60,148,12.0,0.002532322
60,148,13.0,0.0029540113
60,148,14.0,0.003044209
60,149,0.0,0.001165207
60,149,1.0,0.0014990964
60,149,2.0,0.0010723557
60,149,3.0,0.0021509263
60,149,4.0,0.0030008014
60,149,5.0,0.0031698674
60,149,6.0,0.0035911293
60,149,7.0,0.0045855143
60,149,8.0,0.005010723
60,149,9.0,0.0041435314
60,149,10.0,0.0048995162
60,149,11.0,0.0073467204
60,149,12.0,0.008744581
60,149,13.0,0.010323184
60,149,14.0,0.0097469445
60,150,0.0,0.0054451306
60,150,1.0,0.006078823
60,150,2.0,0.005627303
60,150,3.0,0.0076071806
60,150,4.0,0.010279385
60,150,5.0,0.013436868
60,150,6.0,0.013512026
60,150,7.0,0.013482449
60,150,8.0,0.013916603
60,150,9.0,0.01569578
60,150,10.0,0.018024707
60,150,11.0,0.017859312
60,150,12.0,0.018653683
60,150,13.0,0.019602317
60,150,14.0,0.019878449
60,151,0.0,0.009146354
60,151,1.0,0.014422758
60,151,2.0,0.01627964
60,151,3.0,0.025308685
60,151,4.0,0.029968696
60,151,5.0,0.03507163
60,151,6.0,0.036544465
60,151,7.0,0.03582373
60,151,8.0,0.031963926
60,151,9.0,0.030968346
60,151,10.0,0.02903093
60,151,11.0,0.030557876
60,151,12.0,0.03642985
60,151,13.0,0.037672862
60,151,14.0,0.033610225
60,152,0.0,0.013756266
60,152,1.0,0.017755484
60,152,2.0,0.022693822
60,152,3.0,0.031924143
60,152,4.0,0.035993833
60,152,5.0,0.040255256
60,152,6.0,0.03809084
60,152,7.0,0.035799008
60,152,8.0,0.033557355
60,152,9.0,0.033083085
60,152,10.0,0.032871027
60,152,11.0,0.03164071
60,152,12.0,0.031376988
60,152,13.0,0.029100168
60,152,14.0,0.025253708
60,153,0.0,0.011709388
60,153,1.0,0.021125386
60,153,2.0,0.026262354
60,153,3.0,0.035111383
60,153,4.0,0.043670636
60,153,5.0,0.047666036
60,153,6.0,0.0436907
60,153,7.0,0.035219356
60,153,8.0,0.034956124
60,153,9.0,0.031628422
60,153,10.0,0.03006313
60,153,11.0,0.03445921
60,153,12.0,0.032168347
60,153,13.0,0.030942878
60,153,14.0,0.026850006
60,154,0.0,0.007809666
60,154,1.0,0.0102983415
60,154,2.0,0.015669072
60,154,3.0,0.019537948
60,154,4.0,0.019636694
60,154,5.0,0.017796118
60,154,6.0,0.012337345
60,154,7.0,0.010268879
60,154,8.0,0.008919253
60,154,9.0,0.0093592685
60,154,10.0,0.009144105
60,154,11.0,0.00950099
60,154,12.0,0.009073814
60,154,13.0,0.00941295
60,154,14.0,0.007848745
60,155,0.0,0.0019737247
60,155,1.0,0.0036923583
60,155,2.0,0.0042100726
60,155,3.0,0.0065088235
60,155,4.0,0.0061668414
60,155,5.0,0.0038887495
60,155,6.0,0.0036249422
60,155,7.0,0.0032470932
60,155,8.0,0.002785796
60,155,9.0,0.0022225732
60,155,10.0,0.0021950575
60,155,11.0,0.002396764
60,155,12.0,0.0019928608
60,155,13.0,0.0021591075
60,155,14.0,0.0017789238
60,156,0.0,0.00042674248
60,156,1.0,0.00082202704
60,156,2.0,0.0010324306
60,156,3.0,0.0012510008
60,156,4.0,0.000896122
60,156,5.0,0.00085897645
60,156,6.0,0.0006479605
60,156,7.0,0.00043192186
60,156,8.0,0.00045478335
60,156,9.0,0.00037374964
60,156,10.0,0.0003222891
60,156,11.0,0.00031352873
60,156,12.0,0.00032173758
60,156,13.0,0.00027232055
60,156,14.0,0.00039244996
60,157,0.0,9.9290184e-05
60,157,1.0,0.00019239559
60,157,2.0,0.00014268949
60,157,3.0,0.00024784115
60,157,4.0,0.00035741224
60,157,5.0,0.000536301
60,157,6.0,0.0005582038
60,157,7.0,0.00036271565
60,157,8.0,0.0003362052
60,157,9.0,0.00029526596
60,157,10.0,0.00020072081
60,157,11.0,0.00016108522
60,157,12.0,0.00014741022
60,157,13.0,9.372087e-05
60,157,14.0,7.1609946e-05
60,158,0.0,2.8402379e-05
60,158,1.0,7.4583163e-06
60,158,2.0,1.2941589e-05
60,158,3.0,2.5031615e-05
60,158,4.0,2.9111729e-05
60,158,5.0,6.638984e-06
60,158,6.0,1.4858967e-06
60,158,7.0,3.7748757e-06
60,158,8.0,1.11058525e-05
60,158,9.0,8.885777e-06
60,158,10.0,1.2394035e-05
60,158,11.0,1.9857729e-05
60,158,12.0,2.0235197e-05
60,158,13.0,1.1904017e-05
60,158,14.0,8.319353e-06
60,159,0.0,5.7429196e-07
60,159,1.0,7.4886493e-06
60,159,2.0,1.9362418e-05
60,159,3.0,1.4924304e-05
60,159,4.0,2.2640183e-05
60,159,5.0,3.7690344e-05
60,159,6.0,2.5258227e-05
60,159,7.0,1.697065e-05
60,159,8.0,7.2160066e-07
60,159,9.0,1.3922875e-07
60,159,10.0,0.0
60,159,11.0,0.0
60,159,12.0,7.578093e-07
60,159,13.0,1.1144863e-06
60,159,14.0,1.17517025e-07
60,160,0.0,7.386164e-07
60,160,1.0,1.7933596e-07
60,160,2.0,7.4412156e-08
60,160,3.0,0.0
60,160,4.0,8.852127e-09
60,160,5.0,5.289694e-07
60,160,6.0,2.8395274e-08
60,160,7.0,2.8180445e-09
60,160,8.0,3.4167442e-08
60,160,9.0,7.673808e-08
60,160,10.0,5.3223136e-08
60,160,11.0,9.2989016e-10
60,160,12.0,0.0
60,160,13.0,0.0
60,160,14.0,0.0
60,161,0.0,0.0
60,161,1.0,3.3219052e-07
60,161,2.0,0.0
60,161,3.0,0.0
60,161,4.0,0.0
60,161,5.0,6.916669e-07
60,161,6.0,1.9270963e-07
60,161,7.0,1.3672597e-07
60,161,8.0,5.0988277e-08
60,161,9.0,3.7773496e-08
60,161,10.0,9.220282e-07
60,161,11.0,0.0
60,161,12.0,0.0
60,161,13.0,0.0
60,161,14.0,0.0
60,162,0.0,1.2046099e-08
60,162,1.0,1.00886e-06
60,162,2.0,0.0
60,162,3.0,0.0
60,162,4.0,0.0
60,162,5.0,0.0
60,162,6.0,0.0
60,162,7.0,0.0
60,162,8.0,1.3537271e-08
60,162,9.0,1.0828527e-06
60,162,10.0,2.6141556e-06
60,162,11.0,2.566361e-07
60,162,12.0,2.8988162e-12
60,162,13.0,3.9118822e-10
60,162,14.0,0.0
60,163,0.0,0.0
60,163,1.0,0.0
60,163,2.0,8.721377e-08
60,163,3.0,1.9671468e-07
60,163,4.0,1.6696647e-06
60,163,5.0,3.7880006e-06
60,163,6.0,3.5771612e-07
60,163,7.0,3.4378033e-06
60,163,8.0,1.6946992e-06
60,163,9.0,1.738125e-06
60,163,10.0,2.717375e-06
60,163,11.0,2.260123e-06
60,163,12.0,8.418112e-07
60,163,13.0,2.0514837e-07
60,163,14.0,4.053609e-07
60,164,0.0,2.0247505e-07
60,164,1.0,6.22948e-07
60,164,2.0,0.0
60,164,3.0,0.0
60,164,4.0,3.937976e-08
60,164,5.0,0.0
60,164,6.0,0.0
60,164,7.0,0.0
60,164,8.0,0.0
60,164,9.0,0.0
60,164,10.0,0.0
60,164,11.0,0.0
60,164,12.0,0.0
60,164,13.0,0.0
60,164,14.0,0.0
61,144,0.0,3.341426e-10
61,144,1.0,0.0
61,144,2.0,4.545194e-08
61,144,3.0,0.0
61,144,4.0,0.0
61,144,5.0,0.0
61,144,6.0,0.0
61,144,7.0,0.0
61,144,8.0,0.0
61,144,9.0,0.0
61,144,10.0,0.0
61,144,11.0,0.0
61,144,12.0,0.0
61,144,13.0,0.0
61,144,14.0,0.0
61,145,0.0,3.7157797e-06
61,145,1.0,0.0
61,145,2.0,1.1479071e-06
61,145,3.0,1.3044408e-07
61,145,4.0,0.0
61,145,5.0,0.0
61,145,6.0,2.6124608e-08
61,145,7.0,1.1159648e-07
61,145,8.0,4.7106955e-08
61,145,9.0,2.2221712e-08
61,145,10.0,3.962678e-08
61,145,11.0,2.0462139e-08
61,145,12.0,2.7410766e-07
61,145,13.0,2.474598e-07
61,145,14.0,0.0
61,146,0.0,9.912971e-09
61,146,1.0,0.0
61,146,2.0,7.216765e-09
61,146,3.0,0.0
61,146,4.0,0.0
61,146,5.0,0.0
61,146,6.0,0.0
61,146,7.0,0.0
61,146,8.0,0.0
61,146,9.0,0.0
61,146,10.0,0.0
61,146,11.0,0.0
61,146,12.0,0.0
61,146,13.0,0.0
61,146,14.0,0.0
61,147,0.0,0.0
61,147,1.0,0.0
61,147,2.0,0.0
61,147,3.0,0.0
61,147,4.0,0.0
61,147,5.0,0.0
61,147,6.0,0.0
61,147,7.0,0.0
61,147,8.0,0.0
61,147,9.0,0.0
61,147,10.0,0.0
61,147,11.0,0.0
61,147,12.0,0.0
61,147,13.0,0.0
61,147,14.0,0.0
61,148,0.0,2.8393896e-07
61,148,1.0,6.5362775e-07
61,148,2.0,1.2509263e-10
61,148,3.0,0.0
61,148,4.0,0.0
61,148,5.0,0.0
61,148,6.0,0.0
61,148,7.0,0.0
61,148,8.0,0.0
61,148,9.0,0.0
61,148,10.0,0.0
61,148,11.0,0.0
61,148,12.0,0.0
61,148,13.0,3.9801574e-08
61,148,14.0,1.637514e-09
61,149,0.0,4.4543335e-06
61,149,1.0,1.3879917e-07
61,149,2.0,0.0
61,149,3.0,2.2396623e-08
61,149,4.0,0.0
61,149,5.0,0.0
61,149,6.0,0.0
61,149,7.0,0.0
61,149,8.0,0.0
61,149,9.0,0.0
61,149,10.0,7.3738826e-10
61,149,11.0,2.0740463e-06
61,149,12.0,1.2683576e-05
61,149,13.0,3.6477886e-05
61,149,14.0,6.3935535e-05
61,150,0.0,2.3412963e-06
61,150,1.0,1.234476e-05
61,150,2.0,1.8521202e-07
61,150,3.0,1.4392585e-05
61,150,4.0,1.8640751e-06
61,150,5.0,3.0953117e-05
61,150,6.0,0.00011257082
61,150,7.0,0.0001614304
61,150,8.0,0.00018454346
61,150,9.0,0.00020736511
61,150,10.0,0.00031875508
61,150,11.0,0.0004509257
61,150,12.0,0.0006774649
61,150,13.0,0.0010178578
61,150,14.0,0.0007513889
61,151,0.0,2.488662e-05
61,151,1.0,4.273356e-05
61,151,2.0,4.4387776e-05
61,151,3.0,9.764212e-05
61,151,4.0,0.00022856388
61,151,5.0,0.00045967352
61,151,6.0,0.000678906
61,151,7.0,0.00081963546
61,151,8.0,0.0009814345
61,151,9.0,0.0012789312
61,151,10.0,0.0017293511
61,151,11.0,0.002080139
61,151,12.0,0.002398929
61,151,13.0,0.0029456932
61,151,14.0,0.003354736
61,152,0.0,0.00020307982
61,152,1.0,0.00074717985
61,152,2.0,0.0011965346
61,152,3.0,0.0016662508
61,152,4.0,0.002566782
61,152,5.0,0.003194433
61,152,6.0,0.003990734
61,152,7.0,0.004235322
61,152,8.0,0.004522022
61,152,9.0,0.0042876448
61,152,10.0,0.0044498374
61,152,11.0,0.0053055
61,152,12.0,0.0067015095
61,152,13.0,0.0072429236
61,152,14.0,0.006523534
61,153,0.0,0.0008815064
61,153,1.0,0.0021858115
61,153,2.0,0.0034607765
61,153,3.0,0.004526528
61,153,4.0,0.0072699892
61,153,5.0,0.009787668
61,153,6.0,0.009685567
61,153,7.0,0.009059501
61,153,8.0,0.009154348
61,153,9.0,0.009581868
61,153,10.0,0.009373401
61,153,11.0,0.010320084
61,153,12.0,0.010867888
61,153,13.0,0.011024375
61,153,14.0,0.010097856
61,154,0.0,0.0016038101
61,154,1.0,0.0042135217
61,154,2.0,0.0073960726
61,154,3.0,0.009595564
61,154,4.0,0.012944189
61,154,5.0,0.016386455
61,154,6.0,0.015342336
61,154,7.0,0.01337715
61,154,8.0,0.01293097
61,154,9.0,0.014528906
61,154,10.0,0.012896
61,154,11.0,0.014000124
61,154,12.0,0.014453482
61,154,13.0,0.015290155
61,154,14.0,0.013610068
61,155,0.0,0.002450461
61,155,1.0,0.0042440514
61,155,2.0,0.008880165
61,155,3.0,0.011323894
61,155,4.0,0.013722016
61,155,5.0,0.016183205
61,155,6.0,0.013739183
61,155,7.0,0.012773025
61,155,8.0,0.0123872515
61,155,9.0,0.011457513
61,155,10.0,0.009367778
61,155,11.0,0.008951193
61,155,12.0,0.008907715
61,155,13.0,0.009390865
61,155,14.0,0.0076340553
61,156,0.0,0.0015334457
61,156,1.0,0.002054905
61,156,2.0,0.005711016
61,156,3.0,0.011705795
61,156,4.0,0.013136506
61,156,5.0,0.012273701
61,156,6.0,0.012318989
61,156,7.0,0.010537241
61,156,8.0,0.008080273
61,156,9.0,0.0069971667
61,156,10.0,0.0069943755
61,156,11.0,0.007895326
61,156,12.0,0.008135887
61,156,13.0,0.007414683
61,156,14.0,0.0060946434
61,157,0.0,0.00033909458
61,157,1.0,0.0009312187
61,157,2.0,0.0021564234
61,157,3.0,0.0037417694
61,157,4.0,0.0051973965
61,157,5.0,0.0072858734
61,157,6.0,0.006413264
61,157,7.0,0.0057233567
61,157,8.0,0.0038097422
61,157,9.0,0.0033504812
61,157,10.0,0.003221206
61,157,11.0,0.0028262532
61,157,12.0,0.0027010995
61,157,13.0,0.0027091054
61,157,14.0,0.0014409447
61,158,0.0,0.00015395938
61,158,1.0,0.0006441875
61,158,2.0,0.001066682
61,158,3.0,0.001581162
61,158,4.0,0.0020493567
61,158,5.0,0.0019767375
61,158,6.0,0.0026341474
61,158,7.0,0.0021116522
61,158,8.0,0.0019390925
61,158,9.0,0.0011442138
61,158,10.0,0.0008245209
61,158,11.0,0.0008390954
61,158,12.0,0.0011387407
61,158,13.0,0.0012591284
61,158,14.0,0.00064970844
61,159,0.0,4.1043742e-05
61,159,1.0,8.4641244e-05
61,159,2.0,0.00027694253
61,159,3.0,0.00031669522
61,159,4.0,0.00054736406
61,159,5.0,0.0004401405
61,159,6.0,0.0005804101
61,159,7.0,0.00032129325
61,159,8.0,0.00019105364
61,159,9.0,0.00029330433
61,159,10.0,0.0002475255
61,159,11.0,0.00019203499
61,159,12.0,0.00018262267
61,159,13.0,0.00023605116
61,159,14.0,0.00019820537
61,160,0.0,1.1962853e-06
61,160,1.0,1.6490701e-05
61,160,2.0,6.874833e-05
61,160,3.0,4.881871e-05
61,160,4.0,5.3070988e-05
61,160,5.0,4.434077e-05
61,160,6.0,1.6966127e-05
61,160,7.0,4.000541e-05
61,160,8.0,9.636421e-06
61,160,9.0,1.6342254e-05
61,160,10.0,3.28801e-05
61,160,11.0,4.194692e-05
61,160,12.0,3.3601416e-05
61,160,13.0,2.6592385e-05
61,160,14.0,4.1342482e-06
61,161,0.0,2.34866e-06
61,161,1.0,8.1441647e-07
61,161,2.0,3.5101245e-06
61,161,3.0,4.7051913e-06
61,161,4.0,2.3620137e-07
61,161,5.0,8.4729794e-07
61,161,6.0,2.929037e-06
61,161,7.0,1.06045256e-07
61,161,8.0,2.950991e-09
61,161,9.0,2.0441797e-07
61,161,10.0,1.2148599e-06
61,161,11.0,2.2492309e-06
61,161,12.0,3.5136352e-06
61,161,13.0,1.2603504e-06
61,161,14.0,8.451919e-09
61,162,0.0,5.4471866e-06
61,162,1.0,0.0
61,162,2.0,0.0
61,162,3.0,1.000811e-06
61,162,4.0,4.351623e-07
61,162,5.0,5.856341e-06
61,162,6.0,8.250151e-06
61,162,7.0,1.1386219e-06
61,162,8.0,6.201038e-08
61,162,9.0,1.1431736e-06
61,162,10.0,1.8637136e-06
61,162,11.0,6.517717e-06
61,162,12.0,5.844065e-06
61,162,13.0,3.3809306e-06
61,162,14.0,1.3921093e-06
61,163,0.0,7.8325587e-07
61,163,1.0,0.0
61,163,2.0,3.7005488e-10
61,163,3.0,0.0
61,163,4.0,0.0
61,163,5.0,0.0
61,163,6.0,0.0
61,163,7.0,5.9180433e-08
61,163,8.0,6.236019e-08
61,163,9.0,1.6480215e-07
61,163,10.0,3.5382428e-07
61,163,11.0,1.2441494e-06
61,163,12.0,2.3887339e-09
61,163,13.0,0.0
61,163,14.0,4.1445713e-08
61,164,0.0,1.6893456e-07
61,164,1.0,1.5055345e-07
61,164,2.0,0.0
61,164,3.0,1.6834992e-08
61,164,4.0,7.980909e-09
61,164,5.0,0.0
61,164,6.0,0.0
61,164,7.0,3.7393198e-07
61,164,8.0,2.9316666e-08
61,164,9.0,0.0
61,164,10.0,0.0
61,164,11.0,8.917659e-08
61,164,12.0,0.0
61,164,13.0,0.0
61,164,14.0,0.0
61,165,0.0,0.0
61,165,1.0,0.0
61,165,2.0,5.884547e-09
61,165,3.0,4.2874655e-09
61,165,4.0,4.629556e-07
61,165,5.0,4.0341046e-09
61,165,6.0,0.0
61,165,7.0,6.1284644e-10
61,165,8.0,0.0
61,165,9.0,0.0
61,165,10.0,0.0
61,165,11.0,0.0
61,165,12.0,1.245314e-15
61,165,13.0,4.3821304e-14
61,165,14.0,6.281477e-07
61,166,0.0,0.0
61,166,1.0,0.0
61,166,2.0,1.3069453e-07
61,166,3.0,1.3792687e-06
61,166,4.0,2.336e-09
61,166,5.0,0.0
61,166,6.0,0.0
61,166,7.0,0.0
61,166,8.0,0.0
61,166,9.0,0.0
61,166,10.0,2.5483661e-08
61,166,11.0,0.0
61,166,12.0,0.0
61,166,13.0,4.5262962e-07
61,166,14.0,1.4925973e-06
62,146,0.0,1.0438606e-06
62,146,1.0,2.7356801e-08
62,146,2.0,0.0
62,146,3.0,1.5912844e-11
62,146,4.0,0.0
62,146,5.0,0.0
62,146,6.0,0.0
62,146,7.0,2.4126423e-09
62,146,8.0,8.017722e-08
62,146,9.0,9.0301675e-08
62,146,10.0,4.894731e-09
62,146,11.0,2.6672629e-09
62,146,12.0,1.0702249e-09
62,146,13.0,1.2773222e-06
62,146,14.0,9.982802e-06
62,147,0.0,8.4417925e-06
62,147,1.0,1.0676598e-06
62,147,2.0,4.204901e-06
62,147,3.0,4.6418522e-10
62,147,4.0,0.0
62,147,5.0,0.0
62,147,6.0,0.0
62,147,7.0,0.0
62,147,8.0,6.021266e-07
62,147,9.0,7.736593e-07
62,147,10.0,6.5505986e-07
62,147,11.0,0.0
62,147,12.0,0.0
62,147,13.0,0.0
62,147,14.0,0.0
62,148,0.0,2.9599965e-11
62,148,1.0,0.0
62,148,2.0,2.3423885e-07
62,148,3.0,1.2219388e-07
62,148,4.0,0.0
62,148,5.0,0.0
62,148,6.0,1.1481087e-12
62,148,7.0,0.0
62,148,8.0,0.0
62,148,9.0,1.06253566e-07
62,148,10.0,2.5104666e-07
62,148,11.0,5.2166826e-07
62,148,12.0,4.1823648e-07
62,148,13.0,8.6039313e-07
62,148,14.0,1.5601233e-06
62,149,0.0,4.248565e-08
62,149,1.0,0.0
62,149,2.0,0.0
62,149,3.0,0.0
62,149,4.0,0.0
62,149,5.0,0.0
62,149,6.0,0.0
62,149,7.0,0.0
62,149,8.0,0.0
62,149,9.0,0.0
62,149,10.0,0.0
62,149,11.0,0.0
62,149,12.0,3.1323083e-10
62,149,13.0,1.2653439e-07
62,149,14.0,2.1030476e-07
62,150,0.0,0.0
62,150,1.0,0.0
62,150,2.0,0.0
62,150,3.0,3.6123668e-10
62,150,4.0,1.1279677e-06
62,150,5.0,1.053338e-06
62,150,6.0,4.1119043e-07
62,150,7.0,1.2389371e-07
62,150,8.0,5.792998e-09
62,150,9.0,0.0
62,150,10.0,0.0
62,150,11.0,3.858581e-12
62,150,12.0,5.4417444e-07
62,150,13.0,1.1231e-06
62,150,14.0,2.470694e-06
62,151,0.0,0.0
62,151,1.0,0.0
62,151,2.0,3.4136707e-07
62,151,3.0,0.0
62,151,4.0,0.0
62,151,5.0,0.0
62,151,6.0,0.0
62,151,7.0,0.0
62,151,8.0,0.0
62,151,9.0,0.0
62,151,10.0,0.0
62,151,11.0,2.1266627e-07
62,151,12.0,2.8663944e-05
62,151,13.0,5.3560285e-05
62,151,14.0,7.853521e-05
62,152,0.0,0.0
62,152,1.0,3.0231922e-06
62,152,2.0,1.3278893e-05
62,152,3.0,1.4394952e-05
62,152,4.0,5.4233442e-05
62,152,5.0,3.980173e-05
62,152,6.0,2.5488738e-05
62,152,7.0,2.132455e-05
62,152,8.0,1.994204e-05
62,152,9.0,5.308296e-05
62,152,10.0,0.00017296681
62,152,11.0,0.0003107168
62,152,12.0,0.0003763212
62,152,13.0,0.0004055958
62,152,14.0,0.00040401192
62,153,0.0,6.8164605e-05
62,153,1.0,4.490974e-05
62,153,2.0,0.00014048867
62,153,3.0,0.0003625133
62,153,4.0,0.00043590524
62,153,5.0,0.00077344436
62,153,6.0,0.0009840684
62,153,7.0,0.0012340654
62,153,8.0,0.0012053963
62,153,9.0,0.0015508623
62,153,10.0,0.001089177
62,153,11.0,0.0008397193
62,153,12.0,0.0011280947
62,153,13.0,0.0011016403
62,153,14.0,0.0006852458
62,154,0.0,9.520055e-05
62,154,1.0,0.00028306816
62,154,2.0,0.00058732205
62,154,3.0,0.0015212732
62,154,4.0,0.0023811257
62,154,5.0,0.0026227506
62,154,6.0,0.0032134454
62,154,7.0,0.0033039735
62,154,8.0,0.0032588674
62,154,9.0,0.0030795133
62,154,10.0,0.002874608
62,154,11.0,0.003305241
62,154,12.0,0.003314855
62,154,13.0,0.0033217887
62,154,14.0,0.0026882265
62,155,0.0,0.00055880425
62,155,1.0,0.0007762899
62,155,2.0,0.0015807538
62,155,3.0,0.0029179133
62,155,4.0,0.0038904706
62,155,5.0,0.0048809713
62,155,6.0,0.004840859
62,155,7.0,0.005408922
62,155,8.0,0.0046442347
62,155,9.0,0.0034695044
62,155,10.0,0.0043893936
62,155,11.0,0.004710575
62,155,12.0,0.004749628
62,155,13.0,0.0044591636
62,155,14.0,0.0029398564
62,156,0.0,0.000340384
62,156,1.0,0.0009239956
62,156,2.0,0.0020670146
62,156,3.0,0.004005234
62,156,4.0,0.006383738
62,156,5.0,0.007167902
62,156,6.0,0.0071159326
62,156,7.0,0.0064771506
62,156,8.0,0.0053782244
62,156,9.0,0.0051520085
62,156,10.0,0.0053234864
62,156,11.0,0.0051843897
62,156,12.0,0.005328391
62,156,13.0,0.0049320357
62,156,14.0,0.0037260947
62,157,0.0,0.0003079982
62,157,1.0,0.0010120827
62,157,2.0,0.0022351046
62,157,3.0,0.004043708
62,157,4.0,0.006078559
62,157,5.0,0.008495933
62,157,6.0,0.006554435
62,157,7.0,0.006241895
62,157,8.0,0.005402949
62,157,9.0,0.004955154
62,157,10.0,0.0045446493
62,157,11.0,0.0044239084
62,157,12.0,0.004887035
62,157,13.0,0.003915288
62,157,14.0,0.0033383514
62,158,0.0,0.00033547144
62,158,1.0,0.00068782986
62,158,2.0,0.0012602635
62,158,3.0,0.00228019
62,158,4.0,0.003645569
62,158,5.0,0.0033784069
62,158,6.0,0.0029137204
62,158,7.0,0.0024869323
62,158,8.0,0.0022679742
62,158,9.0,0.0020363757
62,158,10.0,0.0023692744
62,158,11.0,0.0027705992
62,158,12.0,0.002718448
62,158,13.0,0.0020675627
62,158,14.0,0.0014917204
62,159,0.0,7.804553e-05
62,159,1.0,0.0003417667
62,159,2.0,0.0010388973
62,159,3.0,0.0016038487
62,159,4.0,0.0025001375
62,159,5.0,0.0027235353
62,159,6.0,0.0032393546
62,159,7.0,0.002522562
62,159,8.0,0.0021400745
62,159,9.0,0.0017469411
62,159,10.0,0.0015212415
62,159,11.0,0.0016143959
62,159,12.0,0.0019538375
62,159,13.0,0.0016949315
62,159,14.0,0.0008061461
62,160,0.0,2.2405708e-05
62,160,1.0,0.00013387375
62,160,2.0,0.0005903716
62,160,3.0,0.00069473375
62,160,4.0,0.0010432308
62,160,5.0,0.0015139543
62,160,6.0,0.0010326551
62,160,7.0,0.00053436705
62,160,8.0,0.0003861537
62,160,9.0,0.0002865512
62,160,10.0,0.0003521386
62,160,11.0,0.0003639
62,160,12.0,0.00029112483
62,160,13.0,0.00024695642
62,160,14.0,0.00016984978
62,161,0.0,1.2519149e-06
62,161,1.0,6.7624414e-06
62,161,2.0,0.00013450583
62,161,3.0,0.0004912071
62,161,4.0,0.00033354395
62,161,5.0,0.00049392134
62,161,6.0,0.00042000046
62,161,7.0,0.00039912565
62,161,8.0,0.00016072697
62,161,9.0,7.376675e-05
62,161,10.0,5.6347108e-05
62,161,11.0,4.0795396e-05
62,161,12.0,8.047081e-05
62,161,13.0,4.4510543e-05
62,161,14.0,2.7148739e-05
62,162,0.0,1.5263386e-07
62,162,1.0,6.999064e-07
62,162,2.0,2.5496684e-07
62,162,3.0,6.0805996e-07
62,162,4.0,4.8057236e-06
62,162,5.0,5.1807206e-07
62,162,6.0,3.4815296e-06
62,162,7.0,1.12191564e-07
62,162,8.0,1.0346126e-07
62,162,9.0,3.3196482e-10
62,162,10.0,1.5654815e-10
62,162,11.0,0.0
62,162,12.0,0.0
62,162,13.0,0.0
62,162,14.0,0.0
62,163,0.0,2.3153342e-07
62,163,1.0,0.0
62,163,2.0,2.3712994e-09
62,163,3.0,2.7276133e-07
62,163,4.0,3.8395753e-09
62,163,5.0,0.0
62,163,6.0,0.0
62,163,7.0,0.0
62,163,8.0,0.0
62,163,9.0,0.0
62,163,10.0,1.6744702e-08
62,163,11.0,2.4969223e-08
62,163,12.0,6.1973606e-07
62,163,13.0,4.9857735e-10
62,163,14.0,0.0
62,164,0.0,1.6480381e-07
62,164,1.0,7.3594765e-07
62,164,2.0,6.65788e-09
62,164,3.0,8.267934e-09
62,164,4.0,0.0
62,164,5.0,0.0
62,164,6.0,0.0
62,164,7.0,0.0
62,164,8.0,1.6066358e-10
62,164,9.0,2.8188194e-07
62,164,10.0,1.806056e-09
62,164,11.0,0.0
62,164,12.0,0.0
62,164,13.0,0.0
62,164,14.0,0.0
62,165,0.0,1.834108e-06
62,165,1.0,5.2007967e-06
62,165,2.0,9.712483e-07
62,165,3.0,3.4601175e-08
62,165,4.0,1.2050792e-07
62,165,5.0,1.346737e-09
62,165,6.0,4.726984e-13
62,165,7.0,3.3230632e-09
62,165,8.0,7.3460467e-07
62,165,9.0,2.0289099e-07
62,165,10.0,1.5928576e-08
62,165,11.0,4.8476007e-10
62,165,12.0,4.42397e-08
62,165,13.0,2.8500617e-09
62,165,14.0,0.0
62,166,0.0,9.4452446e-08
62,166,1.0,7.194458e-07
62,166,2.0,1.5850414e-07
62,166,3.0,0.0
62,166,4.0,0.0
62,166,5.0,0.0
62,166,6.0,2.2909101e-10
62,166,7.0,5.410118e-07
62,166,8.0,4.9323337e-08
62,166,9.0,2.0258542e-09
62,166,10.0,4.8826685e-09
62,166,11.0,1.1463041e-10
62,166,12.0,0.0
62,166,13.0,0.0
62,166,14.0,0.0
62,167,0.0,1.5665691e-07
62,167,1.0,2.2934712e-07
62,167,2.0,5.1537114e-07
62,167,3.0,3.9091196e-06
62,167,4.0,0.0
62,167,5.0,0.0
62,167,6.0,1.0724404e-08
62,167,7.0,0.0
62,167,8.0,0.0
62,167,9.0,8.14198e-08
62,167,10.0,3.54075e-08
62,167,11.0,2.0475716e-07
62,167,12.0,4.7302898e-08
62,167,13.0,2.155064e-08
62,167,14.0,5.0632057e-08
62,168,0.0,2.8041123e-07
62,168,1.0,0.0
62,168,2.0,3.8209277e-10
62,168,3.0,2.1777629e-09
62,168,4.0,5.646766e-08
62,168,5.0,2.436154e-08
62,168,6.0,0.0
62,168,7.0,0.0
62,168,8.0,0.0
62,168,9.0,0.0
62,168,10.0,0.0
62,168,11.0,9.010923e-07
62,168,12.0,2.1551008e-07
62,168,13.0,8.494733e-09
62,168,14.0,1.34327065e-08
63,149,0.0,5.303697e-06
63,149,1.0,0.0
63,149,2.0,1.1181378e-09
63,149,3.0,2.9976764e-08
63,149,4.0,4.7088935e-08
63,149,5.0,0.0
63,149,6.0,0.0
63,149,7.0,0.0
63,149,8.0,0.0
63,149,9.0,0.0
63,149,10.0,2.7720313e-08
63,149,11.0,0.0
63,149,12.0,0.0
63,149,13.0,0.0
63,149,14.0,0.0
63,150,0.0,0.0
63,150,1.0,0.0
63,150,2.0,0.0
63,150,3.0,0.0
63,150,4.0,0.0
63,150,5.0,0.0
63,150,6.0,0.0
63,150,7.0,0.0
63,150,8.0,0.0
63,150,9.0,0.0
63,150,10.0,0.0
63,150,11.0,0.0
63,150,12.0,0.0
63,150,13.0,0.0
63,150,14.0,0.0
63,151,0.0,0.0
63,151,1.0,0.0
63,151,2.0,0.0
63,151,3.0,0.0
63,151,4.0,2.7496801e-08
63,151,5.0,0.0
63,151,6.0,0.0
63,151,7.0,0.0
63,151,8.0,0.0
63,151,9.0,0.0
63,151,10.0,0.0
63,151,11.0,0.0
63,151,12.0,0.0
63,151,13.0,0.0
63,151,14.0,0.0
63,152,0.0,0.0
63,152,1.0,0.0
63,152,2.0,0.0
63,152,3.0,1.9624471e-07
63,152,4.0,8.515471e-07
63,152,5.0,0.0
63,152,6.0,0.0
63,152,7.0,0.0
63,152,8.0,4.7395158e-08
63,152,9.0,5.44692e-09
63,152,10.0,0.0
63,152,11.0,0.0
63,152,12.0,0.0
63,152,13.0,0.0
63,152,14.0,0.0
63,153,0.0,1.6714138e-10
63,153,1.0,1.5333146e-07
63,153,2.0,0.0
63,153,3.0,1.2839002e-06
63,153,4.0,0.0
63,153,5.0,1.6352906e-06
63,153,6.0,1.6415149e-06
63,153,7.0,6.2065544e-07
63,153,8.0,2.0857898e-07
63,153,9.0,6.552628e-08
63,153,10.0,9.356258e-08
63,153,11.0,3.7864837e-07
63,153,12.0,1.0774737e-06
63,153,13.0,1.5652923e-06
63,153,14.0,8.715124e-07
63,154,0.0,0.0
63,154,1.0,2.1987904e-07
63,154,2.0,0.0
63,154,3.0,1.7158166e-07
63,154,4.0,2.5523649e-08
63,154,5.0,2.5173802e-06
63,154,6.0,1.986616e-06
63,154,7.0,1.1982947e-06
63,154,8.0,1.4929276e-07
63,154,9.0,9.2627374e-08
63,154,10.0,1.08950346e-07
63,154,11.0,1.0012616e-06
63,154,12.0,5.0498925e-06
63,154,13.0,1.1117275e-05
63,154,14.0,1.0882382e-05
63,155,0.0,0.0
63,155,1.0,1.798041e-08
63,155,2.0,5.887973e-09
63,155,3.0,3.9159218e-07
63,155,4.0,5.441865e-06
63,155,5.0,3.3836626e-05
63,155,6.0,5.2830434e-05
63,155,7.0,8.587123e-05
63,155,8.0,8.824127e-05
63,155,9.0,6.256734e-05
63,155,10.0,3.066938e-05
63,155,11.0,3.634116e-05
63,155,12.0,7.326504e-05
63,155,13.0,0.00010854637
63,155,14.0,0.00013119628
63,156,0.0,3.651141e-06
63,156,1.0,3.1908232e-06
63,156,2.0,1.1175724e-05
63,156,3.0,4.0419014e-05
63,156,4.0,7.979172e-05
63,156,5.0,7.072491e-05
63,156,6.0,0.00010365765
63,156,7.0,0.00015619931
63,156,8.0,0.00018557106
63,156,9.0,0.00019665886
63,156,10.0,0.00020484865
63,156,11.0,0.0002854831
63,156,12.0,0.00037078685
63,156,13.0,0.00037485553
63,156,14.0,0.00032844165
63,157,0.0,6.646426e-06
63,157,1.0,7.784798e-06
63,157,2.0,5.915214e-06
63,157,3.0,6.295858e-05
63,157,4.0,0.000111937145
63,157,5.0,0.0003000943
63,157,6.0,0.0004936579
63,157,7.0,0.00056323846
63,157,8.0,0.00061869406
63,157,9.0,0.0006937352
63,157,10.0,0.0007653233
63,157,11.0,0.0007080777
63,157,12.0,0.0006420814
63,157,13.0,0.00057184283
63,157,14.0,0.00047616326
63,158,0.0,1.2486927e-05
63,158,1.0,3.7976442e-05
63,158,2.0,6.902473e-05
63,158,3.0,0.00020219095
63,158,4.0,0.0006534867
63,158,5.0,0.000878386
63,158,6.0,0.0011817745
63,158,7.0,0.0010570594
63,158,8.0,0.00093520596
63,158,9.0,0.000952486
63,158,10.0,0.001267686
63,158,11.0,0.0016365466
63,158,12.0,0.001584512
63,158,13.0,0.001358339
63,158,14.0,0.0012523921
63,159,0.0,2.540965e-05
63,159,1.0,5.963629e-05
63,159,2.0,0.00017867588
63,159,3.0,0.00050253636
63,159,4.0,0.0004145367
63,159,5.0,0.0012742531
63,159,6.0,0.0015238795
63,159,7.0,0.001679007
63,159,8.0,0.0016835382
63,159,9.0,0.001523747
63,159,10.0,0.0013374903
63,159,11.0,0.0010909316
63,159,12.0,0.0010212027
63,159,13.0,0.0009443092
63,159,14.0,0.000831032
63,160,0.0,1.1475898e-05
63,160,1.0,2.6781487e-05
63,160,2.0,0.00019383078
63,160,3.0,0.00048654072
63,160,4.0,0.0011440655
63,160,5.0,0.0014392848
63,160,6.0,0.0017838243
63,160,7.0,0.0015026061
63,160,8.0,0.0013348575
63,160,9.0,0.0012061604
63,160,10.0,0.0010712089
63,160,11.0,0.0010967792
63,160,12.0,0.0013878724
63,160,13.0,0.0016332787
63,160,14.0,0.0014638948
63,161,0.0,2.7135979e-05
63,161,1.0,1.8686129e-05
63,161,2.0,6.878463e-05
63,161,3.0,0.0005364071
63,161,4.0,0.0005956575
63,161,5.0,0.0009806227
63,161,6.0,0.0009546573
63,161,7.0,0.0008307923
63,161,8.0,0.00067369547
63,161,9.0,0.00050905417
63,161,10.0,0.0004897238
63,161,11.0,0.00048988883
63,161,12.0,0.0005625444
63,161,13.0,0.0005546275
63,161,14.0,0.00027215775
63,162,0.0,7.986849e-06
63,162,1.0,1.7149909e-05
63,162,2.0,1.1576923e-05
63,162,3.0,0.00029784837
63,162,4.0,0.0004372493
63,162,5.0,0.00063274015
63,162,6.0,0.00061375095
63,162,7.0,0.0005261675
63,162,8.0,0.00040559395
63,162,9.0,0.00037728765
63,162,10.0,0.00033417213
63,162,11.0,0.00023029679
63,162,12.0,0.00019720894
63,162,13.0,0.00020161484
63,162,14.0,0.00019676279
63,163,0.0,3.4885062e-07
63,163,1.0,2.291496e-07
63,163,2.0,1.1369082e-06
63,163,3.0,5.3607513e-05
63,163,4.0,0.000281937
63,163,5.0,0.00018509418
63,163,6.0,0.000109248766
63,163,7.0,7.684644e-05
63,163,8.0,8.596547e-05
63,163,9.0,0.00010752664
63,163,10.0,8.773418e-05
63,163,11.0,0.00010573153
63,163,12.0,0.00013501721
63,163,13.0,0.00011234378
63,163,14.0,5.2381198e-05
63,164,0.0,8.220174e-08
63,164,1.0,3.7096956e-10
63,164,2.0,5.316437e-06
63,164,3.0,1.654418e-05
63,164,4.0,2.3135972e-05
63,164,5.0,4.3370383e-05
63,164,6.0,2.292784e-05
63,164,7.0,8.214485e-06
63,164,8.0,1.3136389e-06
63,164,9.0,6.374662e-06
63,164,10.0,1.5462796e-05
63,164,11.0,1.08717495e-05
63,164,12.0,7.853548e-06
63,164,13.0,8.7283615e-06
63,164,14.0,1.2232434e-05
63,165,0.0,4.88997e-07
63,165,1.0,0.0
63,165,2.0,4.764262e-08
63,165,3.0,2.8975048e-06
63,165,4.0,7.842081e-08
63,165,5.0,4.9175094e-07
63,165,6.0,2.5500465e-06
63,165,7.0,1.517711e-06
63,165,8.0,5.834512e-07
63,165,9.0,1.1885057e-07
63,165,10.0,2.5200714e-07
63,165,11.0,6.6547884e-08
63,165,12.0,2.5527354e-08
63,165,13.0,4.604987e-07
63,165,14.0,4.389235e-06
63,166,0.0,5.528203e-08
63,166,1.0,1.3136773e-06
63,166,2.0,0.0
63,166,3.0,0.0
63,166,4.0,0.0
63,166,5.0,1.5478867e-07
63,166,6.0,0.0
63,166,7.0,4.8684377e-09
63,166,8.0,1.7706252e-07
63,166,9.0,2.3019281e-06
63,166,10.0,9.148521e-07
63,166,11.0,6.084124e-08
63,166,12.0,2.8159494e-07
63,166,13.0,2.775055e-08
63,166,14.0,1.6828733e-06
63,167,0.0,1.19157e-06
63,167,1.0,0.0
63,167,2.0,0.0
63,167,3.0,0.0
63,167,4.0,0.0
63,167,5.0,1.477296e-09
63,167,6.0,0.0
63,167,7.0,1.2512102e-07
63,167,8.0,2.7472444e-08
63,167,9.0,2.5268386e-07
63,167,10.0,1.079768e-06
63,167,11.0,8.5910324e-07
63,167,12.0,0.0
63,167,13.0,1.6379699e-09
63,167,14.0,9.438146e-07
63,168,0.0,0.0
63,168,1.0,0.0
63,168,2.0,0.0
63,168,3.0,0.0
63,168,4.0,0.0
63,168,5.0,0.0
63,168,6.0,0.0
63,168,7.0,0.0
63,168,8.0,0.0
63,168,9.0,0.0
63,168,10.0,0.0
63,168,11.0,6.167735e-06
63,168,12.0,8.789261e-06
63,168,13.0,2.9212838e-06
63,168,14.0,7.8518946e-07
63,169,0.0,9.201026e-07
63,169,1.0,0.0
63,169,2.0,0.0
63,169,3.0,0.0
63,169,4.0,0.0
63,169,5.0,0.0
63,169,6.0,0.0
63,169,7.0,9.2693035e-08
63,169,8.0,3.6257393e-06
63,169,9.0,7.7657063e-07
63,169,10.0,7.5269804e-07
63,169,11.0,3.2643632e-07
63,169,12.0,7.511568e-09
63,169,13.0,7.1980786e-08
63,169,14.0,0.0
63,170,0.0,4.5606552e-07
63,170,1.0,0.0
63,170,2.0,0.0
63,170,3.0,0.0
63,170,4.0,0.0
63,170,5.0,0.0
63,170,6.0,0.0
63,170,7.0,0.0
63,170,8.0,1.5457198e-07
63,170,9.0,0.0
63,170,10.0,0.0
63,170,11.0,0.0
63,170,12.0,0.0
63,170,13.0,1.1689559e-08
63,170,14.0,3.626968e-10
64,151,0.0,2.4097469e-07
64,151,1.0,3.800885e-07
64,151,2.0,3.0389622e-06
64,151,3.0,0.0
64,151,4.0,2.9002825e-07
64,151,5.0,3.549549e-07
64,151,6.0,1.798395e-08
64,151,7.0,9.33886e-08
64,151,8.0,2.8297177e-07
64,151,9.0,7.0415456e-07
64,151,10.0,1.5639946e-06
64,151,11.0,7.279944e-07
64,151,12.0,2.491569e-06
64,151,13.0,8.0410763e-07
64,151,14.0,2.8150861e-08
64,152,0.0,0.0
64,152,1.0,8.8994604e-08
64,152,2.0,0.0
64,152,3.0,0.0
64,152,4.0,0.0
64,152,5.0,1.3075308e-07
64,152,6.0,1.2999835e-06
64,152,7.0,1.5203047e-07
64,152,8.0,4.5656603e-07
64,152,9.0,6.319088e-07
64,152,10.0,4.4230157e-07
64,152,11.0,2.9212006e-07
64,152,12.0,1.0336376e-07
64,152,13.0,2.9664443e-08
64,152,14.0,5.1760715e-08
64,153,0.0,2.113097e-08
64,153,1.0,3.7144126e-08
64,153,2.0,0.0
64,153,3.0,0.0
64,153,4.0,0.0
64,153,5.0,2.6313987e-07
64,153,6.0,5.8991844e-07
64,153,7.0,1.4586301e-07
64,153,8.0,2.3105792e-10
64,153,9.0,4.8954907e-09
64,153,10.0,1.7957548e-07
64,153,11.0,2.661554e-07
64,153,12.0,8.605621e-08
64,153,13.0,2.906028e-07
64,153,14.0,4.3315294e-09
64,154,0.0,7.1470577e-12
64,154,1.0,1.00758086e-07
64,154,2.0,2.4141759e-08
64,154,3.0,0.0
64,154,4.0,0.0
64,154,5.0,3.7598827e-08
64,154,6.0,4.6013616e-07
64,154,7.0,1.162508e-07
64,154,8.0,0.0
64,154,9.0,0.0
64,154,10.0,0.0
64,154,11.0,4.8782027e-09
64,154,12.0,0.0
64,154,13.0,0.0
64,154,14.0,0.0
64,155,0.0,2.576415e-07
64,155,1.0,0.0
64,155,2.0,0.0
64,155,3.0,0.0
64,155,4.0,0.0
64,155,5.0,0.0
64,155,6.0,0.0
64,155,7.0,1.3596063e-08
64,155,8.0,5.5540426e-07
64,155,9.0,1.8768984e-06
64,155,10.0,4.5285055e-06
64,155,11.0,5.2837618e-06
64,155,12.0,6.2530185e-06
64,155,13.0,6.2246704e-06
64,155,14.0,3.585879e-06
64,156,0.0,4.099751e-08
64,156,1.0,8.855354e-09
64,156,2.0,4.916466e-10
64,156,3.0,0.0
64,156,4.0,0.0
64,156,5.0,0.0
64,156,6.0,0.0
64,156,7.0,0.0
64,156,8.0,0.0
64,156,9.0,0.0
64,156,10.0,0.0
64,156,11.0,0.0
64,156,12.0,0.0
64,156,13.0,1.1932755e-08
64,156,14.0,7.422135e-06
64,157,0.0,0.0
64,157,1.0,3.7691347e-08
64,157,2.0,8.4640794e-07
64,157,3.0,3.004341e-06
64,157,4.0,8.510696e-06
64,157,5.0,7.74073e-06
64,157,6.0,1.7961497e-06
64,157,7.0,3.1227617e-07
64,157,8.0,8.225867e-09
64,157,9.0,3.3481304e-09
64,157,10.0,9.4761634e-07
64,157,11.0,9.027306e-06
64,157,12.0,1.4036431e-05
64,157,13.0,1.4363726e-05
64,157,14.0,1.6016817e-05
64,158,0.0,1.8243618e-08
64,158,1.0,2.2900698e-08
64,158,2.0,1.1408687e-10
64,158,3.0,2.7576905e-07
64,158,4.0,2.334236e-06
64,158,5.0,4.4081585e-06
64,158,6.0,3.218521e-06
64,158,7.0,1.2523473e-05
64,158,8.0,1.5728634e-05
64,158,9.0,4.268509e-05
64,158,10.0,8.600473e-05
64,158,11.0,7.731041e-05
64,158,12.0,4.8057773e-05
64,158,13.0,3.557416e-05
64,158,14.0,6.7335044e-05
64,159,0.0,3.5089972e-06
64,159,1.0,3.0430097e-06
64,159,2.0,9.708324e-06
64,159,3.0,5.0426324e-06
64,159,4.0,1.8993763e-06
64,159,5.0,7.306968e-07
64,159,6.0,1.8486265e-06
64,159,7.0,1.426617e-07
64,159,8.0,5.818469e-06
64,159,9.0,2.8953962e-05
64,159,10.0,0.000100379664
64,159,11.0,0.0001222015
64,159,12.0,0.00019392617
64,159,13.0,0.00021247723
64,159,14.0,0.00023446283
64,160,0.0,0.0
64,160,1.0,3.814276e-07
64,160,2.0,8.56791e-08
64,160,3.0,5.5686756e-05
64,160,4.0,5.375386e-05
64,160,5.0,5.6199366e-05
64,160,6.0,0.00013038483
64,160,7.0,0.00022470551
64,160,8.0,0.00020743805
64,160,9.0,0.00014373806
64,160,10.0,0.00013237297
64,160,11.0,0.00014886832
64,160,12.0,0.00022107236
64,160,13.0,0.00015181072
64,160,14.0,0.00014089241
64,161,0.0,2.4749008e-07
64,161,1.0,2.5154125e-06
64,161,2.0,7.6771e-06
64,161,3.0,2.756134e-05
64,161,4.0,5.3665506e-05
64,161,5.0,9.6882904e-05
64,161,6.0,7.042657e-05
64,161,7.0,0.00017620352
64,161,8.0,9.795365e-05
64,161,9.0,7.234672e-05
64,161,10.0,0.00010044931
64,161,11.0,0.00030404687
64,161,12.0,0.00028778962
64,161,13.0,0.00023173568
64,161,14.0,0.00024366325
64,162,0.0,1.4363967e-08
64,162,1.0,5.8446562e-06
64,162,2.0,2.9475126e-05
64,162,3.0,9.382918e-05
64,162,4.0,0.00015482538
64,162,5.0,0.000209177
64,162,6.0,0.0001519812
64,162,7.0,0.00026292348
64,162,8.0,0.00029276806
64,162,9.0,0.0002803625
64,162,10.0,0.00024016772
64,162,11.0,0.00010251127
64,162,12.0,0.00019663761
64,162,13.0,0.000274197
64,162,14.0,0.00024924427
64,163,0.0,2.1453315e-07
64,163,1.0,1.33607e-07
64,163,2.0,4.6934824e-06
64,163,3.0,2.7159693e-05
64,163,4.0,6.682953e-05
64,163,5.0,0.00011175467
64,163,6.0,6.868716e-05
64,163,7.0,0.00020705945
64,163,8.0,0.00016251378
64,163,9.0,0.0001379622
64,163,10.0,0.00021209128
64,163,11.0,0.00029824505
64,163,12.0,0.0002466407
64,163,13.0,0.00023591204
64,163,14.0,0.00017652416
64,164,0.0,0.0
64,164,1.0,0.0
64,164,2.0,0.0
64,164,3.0,1.0012893e-05
64,164,4.0,3.892601e-05
64,164,5.0,1.7202008e-05
64,164,6.0,2.5239517e-05
64,164,7.0,3.197781e-05
64,164,8.0,8.006375e-05
64,164,9.0,0.00012469033
64,164,10.0,0.000120204946
64,164,11.0,0.00012441089
64,164,12.0,0.00010867258
64,164,13.0,9.339054e-05
64,164,14.0,4.1623065e-05
64,165,0.0,1.2333389e-09
64,165,1.0,4.6745663e-07
64,165,2.0,0.0
64,165,3.0,0.0
64,165,4.0,3.0241056e-06
64,165,5.0,5.6057315e-06
64,165,6.0,2.6797e-06
64,165,7.0,5.614356e-06
64,165,8.0,3.4751734e-05
64,165,9.0,3.570309e-05
64,165,10.0,2.8440525e-05
64,165,11.0,8.090116e-05
64,165,12.0,7.3666706e-05
64,165,13.0,5.47099e-05
64,165,14.0,1.5622576e-05
64,166,0.0,0.0
64,166,1.0,5.0133633e-07
64,166,2.0,1.0452946e-11
64,166,3.0,0.0
64,166,4.0,0.0
64,166,5.0,1.1355551e-08
64,166,6.0,6.116666e-07
64,166,7.0,1.5743352e-06
64,166,8.0,4.2710017e-06
64,166,9.0,7.70036e-06
64,166,10.0,2.60071e-06
64,166,11.0,7.3754507e-07
64,166,12.0,7.826467e-08
64,166,13.0,2.41551e-08
64,166,14.0,1.4384244e-07
64,167,0.0,0.0
64,167,1.0,0.0
64,167,2.0,1.6815629e-11
64,167,3.0,0.0
64,167,4.0,8.518803e-07
64,167,5.0,3.1718657e-06
64,167,6.0,4.6600968e-07
64,167,7.0,1.07362966e-10
64,167,8.0,1.5515556e-07
64,167,9.0,2.6213138e-06
64,167,10.0,5.8550477e-06
64,167,11.0,3.0021117e-06
64,167,12.0,3.188249e-06
64,167,13.0,7.062902e-07
64,167,14.0,4.008829e-07
64,168,0.0,6.7362116e-11
64,168,1.0,1.2127066e-09
64,168,2.0,3.8431665e-08
64,168,3.0,0.0
64,168,4.0,0.0
64,168,5.0,0.0
64,168,6.0,0.0
64,168,7.0,3.8370525e-09
64,168,8.0,2.0674985e-07
64,168,9.0,1.4107579e-06
64,168,10.0,2.5941213e-06
64,168,11.0,1.785125e-06
64,168,12.0,2.569063e-07
64,168,13.0,6.355268e-07
64,168,14.0,1.2834967e-06
64,169,0.0,0.0
64,169,1.0,1.8458259e-08
64,169,2.0,2.2188462e-06
64,169,3.0,7.230006e-08
64,169,4.0,8.5570116e-07
64,169,5.0,1.2338212e-08
64,169,6.0,0.0
64,169,7.0,0.0
64,169,8.0,1.3800326e-07
64,169,9.0,0.0
64,169,10.0,9.635343e-08
64,169,11.0,1.256005e-07
64,169,12.0,4.089894e-07
64,169,13.0,2.2477509e-07
64,169,14.0,2.0164082e-08
64,170,0.0,4.992469e-07
64,170,1.0,2.4600226e-06
64,170,2.0,0.0
64,170,3.0,0.0
64,170,4.0,0.0
64,170,5.0,0.0
64,170,6.0,0.0
64,170,7.0,0.0
64,170,8.0,6.891189e-10
64,170,9.0,1.3271438e-08
64,170,10.0,1.3149004e-07
64,170,11.0,1.9397164e-13
64,170,12.0,5.1635413e-07
64,170,13.0,0.0
64,170,14.0,1.7509616e-07
64,171,0.0,9.095355e-09
64,171,1.0,1.2912151e-06
64,171,2.0,3.0825967e-07
64,171,3.0,0.0
64,171,4.0,0.0
64,171,5.0,0.0
64,171,6.0,0.0
64,171,7.0,0.0
64,171,8.0,0.0
64,171,9.0,0.0
64,171,10.0,0.0
64,171,11.0,0.0
64,171,12.0,0.0
64,171,13.0,0.0
64,171,14.0,2.6234066e-09
64,172,0.0,1.523798e-08
64,172,1.0,4.091169e-09
64,172,2.0,0.0
64,172,3.0,0.0
64,172,4.0,3.7106426e-10
64,172,5.0,3.0550853e-09
64,172,6.0,7.744383e-09
64,172,7.0,1.9275351e-08
64,172,8.0,6.481137e-08
64,172,9.0,8.007273e-12
64,172,10.0,0.0
64,172,11.0,2.2351794e-07
64,172,12.0,2.2568218e-09
64,172,13.0,6.2033314e-07
64,172,14.0,0.0
65,154,0.0,1.6863358e-07
65,154,1.0,0.0
65,154,2.0,0.0
65,154,3.0,0.0
65,154,4.0,0.0
65,154,5.0,0.0
65,154,6.0,9.278903e-09
65,154,7.0,1.2242287e-09
65,154,8.0,0.0
65,154,9.0,0.0
65,154,10.0,4.876734e-07
65,154,11.0,0.0
65,154,12.0,1.03813115e-07
65,154,13.0,4.360363e-09
65,154,14.0,5.518259e-09
65,155,0.0,2.6127746e-06
65,155,1.0,6.112886e-09
65,155,2.0,1.1214795e-06
65,155,3.0,0.0
65,155,4.0,3.0009954e-08
65,155,5.0,2.9601588e-07
65,155,6.0,9.335177e-09
65,155,7.0,2.1986672e-08
65,155,8.0,1.4472583e-10
65,155,9.0,0.0
65,155,10.0,0.0
65,155,11.0,1.5826792e-07
65,155,12.0,4.3884563e-09
65,155,13.0,3.036719e-08
65,155,14.0,1.5091848e-07
65,156,0.0,2.0881174e-08
65,156,1.0,0.0
65,156,2.0,1.0881451e-10
65,156,3.0,5.7369375e-06
65,156,4.0,2.423737e-07
65,156,5.0,1.0391023e-11
65,156,6.0,0.0
65,156,7.0,0.0
65,156,8.0,0.0
65,156,9.0,4.4454242e-11
65,156,10.0,0.0
65,156,11.0,0.0
65,156,12.0,0.0
65,156,13.0,0.0
65,156,14.0,2.5673843e-08
65,157,0.0,1.5382541e-08
65,157,1.0,1.1013107e-09
65,157,2.0,1.2084962e-06
65,157,3.0,3.3340828e-07
65,157,4.0,0.0
65,157,5.0,9.423429e-09
65,157,6.0,0.0
65,157,7.0,0.0
65,157,8.0,9.3058415e-11
65,157,9.0,6.833966e-08
65,157,10.0,6.2723307e-09
65,157,11.0,1.7080647e-07
65,157,12.0,3.9111253e-08
65,157,13.0,6.42178e-07
65,157,14.0,7.645873e-07
65,158,0.0,0.0
65,158,1.0,0.0
65,158,2.0,0.0
65,158,3.0,1.2968568e-10
65,158,4.0,1.1261958e-11
65,158,5.0,3.379687e-09
65,158,6.0,0.0
65,158,7.0,0.0
65,158,8.0,1.6975328e-06
65,158,9.0,4.165861e-08
65,158,10.0,3.009263e-09
65,158,11.0,5.6139e-07
65,158,12.0,3.7562273e-07
65,158,13.0,1.1591296e-09
65,158,14.0,9.508451e-09
65,159,0.0,9.54438e-08
65,159,1.0,6.652417e-09
65,159,2.0,0.0
65,159,3.0,0.0
65,159,4.0,0.0
65,159,5.0,0.0
65,159,6.0,0.0
65,159,7.0,2.5168015e-07
65,159,8.0,5.998787e-10
65,159,9.0,0.0
65,159,10.0,5.2698277e-09
65,159,11.0,2.8003717e-08
65,159,12.0,2.7824173e-13
65,159,13.0,3.3526454e-10
65,159,14.0,2.1436743e-11
65,160,0.0,7.185892e-12
65,160,1.0,0.0
65,160,2.0,0.0
65,160,3.0,0.0
65,160,4.0,0.0
65,160,5.0,3.8786072e-07
65,160,6.0,0.0
65,160,7.0,5.9769707e-07
65,160,8.0,1.3863884e-06
65,160,9.0,1.1683055e-06
65,160,10.0,2.6633807e-06
65,160,11.0,7.071956e-08
65,160,12.0,1.5178481e-06
65,160,13.0,4.9003725e-06
65,160,14.0,8.822156e-07
65,161,0.0,0.0
65,161,1.0,0.0
65,161,2.0,0.0
65,161,3.0,0.0
65,161,4.0,0.0
65,161,5.0,1.9115524e-10
65,161,6.0,1.6642797e-10
65,161,7.0,1.5550689e-06
65,161,8.0,7.304447e-12
65,161,9.0,4.462048e-07
65,161,10.0,2.344419e-06
65,161,11.0,1.6252734e-05
65,161,12.0,1.14017475e-05
65,161,13.0,2.4648069e-05
65,161,14.0,4.1480125e-05
65,162,0.0,0.0
65,162,1.0,0.0
65,162,2.0,0.0
65,162,3.0,0.0
65,162,4.0,0.0
65,162,5.0,3.5102155e-07
65,162,6.0,3.88346e-07
65,162,7.0,3.7104044e-06
65,162,8.0,1.6207161e-05
65,162,9.0,5.3528183e-05
65,162,10.0,5.0513197e-05
65,162,11.0,4.8798014e-05
65,162,12.0,4.509746e-05
65,162,13.0,4.3209464e-05
65,162,14.0,3.821568e-05
65,163,0.0,9.32619e-09
65,163,1.0,0.0
65,163,2.0,9.2991886e-10
65,163,3.0,0.0
65,163,4.0,2.3801954e-07
65,163,5.0,1.4503105e-07
65,163,6.0,1.4964737e-06
65,163,7.0,1.2770122e-05
65,163,8.0,3.6747093e-05
65,163,9.0,1.571474e-05
65,163,10.0,1.1977593e-05
65,163,11.0,1.9590527e-05
65,163,12.0,4.166155e-05
65,163,13.0,7.968201e-05
65,163,14.0,6.558004e-05
65,164,0.0,1.8986898e-07
65,164,1.0,0.0
65,164,2.0,0.0
65,164,3.0,0.0
65,164,4.0,0.0
65,164,5.0,3.4426853e-06
65,164,6.0,3.0442916e-05
65,164,7.0,2.034101e-05
65,164,8.0,2.5835034e-05
65,164,9.0,4.7631234e-05
65,164,10.0,4.3610715e-05
65,164,11.0,4.5131117e-05
65,164,12.0,8.1747254e-05
65,164,13.0,7.331331e-05
65,164,14.0,7.460563e-05
65,165,0.0,9.882497e-07
65,165,1.0,0.0
65,165,2.0,0.0
65,165,3.0,0.0
65,165,4.0,0.0
65,165,5.0,5.5983305e-06
65,165,6.0,2.0565743e-05
65,165,7.0,1.3025621e-05
65,165,8.0,2.180741e-05
65,165,9.0,2.3348468e-05
65,165,10.0,2.2003947e-05
65,165,11.0,1.3594817e-05
65,165,12.0,5.9116785e-05
65,165,13.0,0.00012366835
65,165,14.0,4.4267028e-05
65,166,0.0,5.124806e-11
65,166,1.0,5.235208e-07
65,166,2.0,1.9557647e-09
65,166,3.0,0.0
65,166,4.0,3.2625826e-09
65,166,5.0,2.2331345e-05
65,166,6.0,1.8385756e-05
65,166,7.0,5.701687e-05
65,166,8.0,1.5990134e-05
65,166,9.0,5.0675953e-06
65,166,10.0,3.852132e-06
65,166,11.0,6.5757436e-06
65,166,12.0,4.8769543e-06
65,166,13.0,2.0801622e-06
65,166,14.0,2.2669677e-05
65,167,0.0,0.0
65,167,1.0,0.0
65,167,2.0,0.0
65,167,3.0,1.0807712e-06
65,167,4.0,0.0
65,167,5.0,0.0
65,167,6.0,3.998546e-09
65,167,7.0,1.5104363e-06
65,167,8.0,2.2319134e-06
65,167,9.0,2.3628559e-06
65,167,10.0,1.4414461e-06
65,167,11.0,2.7124252e-06
65,167,12.0,5.72151e-06
65,167,13.0,5.861356e-06
65,167,14.0,1.3191851e-05
65,168,0.0,8.958629e-09
65,168,1.0,0.0
65,168,2.0,0.0
65,168,3.0,0.0
65,168,4.0,2.8737064e-09
65,168,5.0,1.1630207e-06
65,168,6.0,9.2608883e-07
65,168,7.0,3.2060916e-09
65,168,8.0,0.0
65,168,9.0,0.0
65,168,10.0,3.0863878e-13
65,168,11.0,7.938643e-09
65,168,12.0,1.6379471e-07
65,168,13.0,8.171095e-09
65,168,14.0,1.0504632e-06
65,169,0.0,0.0
65,169,1.0,0.0
65,169,2.0,0.0
65,169,3.0,0.0
65,169,4.0,0.0
65,169,5.0,3.7420064e-06
65,169,6.0,1.860827e-06
65,169,7.0,6.7484615e-07
65,169,8.0,8.929466e-07
65,169,9.0,5.5422197e-07
65,169,10.0,3.7071995e-08
65,169,11.0,0.0
65,169,12.0,0.0
65,169,13.0,8.1161244e-07
65,169,14.0,1.899764e-07
65,170,0.0,0.0
65,170,1.0,0.0
65,170,2.0,0.0
65,170,3.0,0.0
65,170,4.0,4.875356e-07
65,170,5.0,9.626899e-07
65,170,6.0,3.2775193e-07
65,170,7.0,2.5674586e-08
65,170,8.0,6.78472e-07
65,170,9.0,4.504292e-06
65,170,10.0,6.0629554e-06
65,170,11.0,2.608699e-06
65,170,12.0,9.563894e-07
65,170,13.0,1.9128797e-06
65,170,14.0,1.6413063e-07
65,171,0.0,0.0
65,171,1.0,0.0
65,171,2.0,0.0
65,171,3.0,0.0
65,171,4.0,0.0
65,171,5.0,0.0
65,171,6.0,0.0
65,171,7.0,0.0
65,171,8.0,2.2775465e-07
65,171,9.0,9.0906434e-07
65,171,10.0,1.2413345e-06
65,171,11.0,3.4183904e-07
65,171,12.0,9.285045e-09
65,171,13.0,2.4110808e-08
65,171,14.0,2.2294867e-07
65,172,0.0,2.5957854e-07
65,172,1.0,0.0
65,172,2.0,1.2311441e-08
65,172,3.0,0.0
65,172,4.0,2.0242007e-06
65,172,5.0,1.9954328e-07
65,172,6.0,3.7705112e-07
65,172,7.0,5.296393e-08
65,172,8.0,2.0820478e-07
65,172,9.0,2.9582037e-07
65,172,10.0,2.7437588e-10
65,172,11.0,0.0
65,172,12.0,2.3022892e-08
65,172,13.0,2.0931935e-08
65,172,14.0,0.0
66,157,0.0,4.7284195e-07
66,157,1.0,1.1677958e-07
66,157,2.0,5.8642065e-09
66,157,3.0,0.0
66,157,4.0,0.0
66,157,5.0,0.0
66,157,6.0,0.0
66,157,7.0,0.0
66,157,8.0,1.8158053e-07
66,157,9.0,5.7068513e-07
66,157,10.0,5.826026e-09
66,157,11.0,3.2116517e-08
66,157,12.0,2.3997127e-09
66,157,13.0,0.0
66,157,14.0,2.0169975e-07
66,158,0.0,4.0655266e-09
66,158,1.0,0.0
66,158,2.0,0.0
66,158,3.0,0.0
66,158,4.0,0.0
66,158,5.0,4.14579e-08
66,158,6.0,3.59992e-09
66,158,7.0,1.682744e-09
66,158,8.0,7.631353e-18
66,158,9.0,0.0
66,158,10.0,8.768014e-09
66,158,11.0,1.136935e-07
66,158,12.0,1.0001108e-07
66,158,13.0,2.3253671e-08
66,158,14.0,3.3285212e-07
66,159,0.0,3.517367e-08
66,159,1.0,1.710846e-06
66,159,2.0,4.3617306e-06
66,159,3.0,1.4843554e-05
66,159,4.0,3.6490146e-06
66,159,5.0,7.720609e-06
66,159,6.0,1.796127e-05
66,159,7.0,8.09508e-06
66,159,8.0,6.494578e-06
66,159,9.0,1.5040088e-06
66,159,10.0,0.0
66,159,11.0,0.0
66,159,12.0,0.0
66,159,13.0,2.4037476e-07
66,159,14.0,5.097163e-08
66,160,0.0,3.394529e-07
66,160,1.0,1.546422e-06
66,160,2.0,0.0
66,160,3.0,2.1116994e-08
66,160,4.0,9.865805e-07
66,160,5.0,2.1294758e-07
66,160,6.0,1.1490349e-07
66,160,7.0,1.9682444e-08
66,160,8.0,1.0896213e-08
66,160,9.0,2.3645157e-08
66,160,10.0,3.5247645e-08
66,160,11.0,9.896953e-09
66,160,12.0,1.7840551e-10
66,160,13.0,0.0
66,160,14.0,1.1377937e-11
66,161,0.0,0.0
66,161,1.0,1.7101473e-07
66,161,2.0,0.0
66,161,3.0,0.0
66,161,4.0,0.0
66,161,5.0,4.758745e-06
66,161,6.0,3.0206186e-06
66,161,7.0,2.1312107e-06
66,161,8.0,1.7011893e-05
66,161,9.0,4.664555e-06
66,161,10.0,2.6556913e-08
66,161,11.0,0.0
66,161,12.0,1.1550557e-05
66,161,13.0,1.7074632e-05
66,161,14.0,5.8660858e-06
66,162,0.0,8.4212637e-10
66,162,1.0,0.0
66,162,2.0,0.0
66,162,3.0,2.817196e-07
66,162,4.0,7.548357e-08
66,162,5.0,2.7729955e-08
66,162,6.0,5.0035325e-08
66,162,7.0,8.479113e-08
66,162,8.0,7.043255e-08
66,162,9.0,8.689085e-08
66,162,10.0,2.6597974e-07
66,162,11.0,4.956637e-07
66,162,12.0,5.226801e-07
66,162,13.0,1.4677892e-07
66,162,14.0,1.8169265e-08
66,163,0.0,7.0255752e-09
66,163,1.0,3.0318623e-07
66,163,2.0,0.0
66,163,3.0,0.0
66,163,4.0,0.0
66,163,5.0,0.0
66,163,6.0,0.0
66,163,7.0,5.9806895e-12
66,163,8.0,1.0292546e-07
66,163,9.0,1.9108745e-06
66,163,10.0,6.7188475e-06
66,163,11.0,5.141633e-07
66,163,12.0,8.4011994e-08
66,163,13.0,6.4222763e-06
66,163,14.0,4.0163783e-07
66,164,0.0,0.0
66,164,1.0,0.0
66,164,2.0,0.0
66,164,3.0,0.0
66,164,4.0,0.0
66,164,5.0,1.1458989e-07
66,164,6.0,3.533825e-07
66,164,7.0,2.0195667e-08
66,164,8.0,2.7824506e-06
66,164,9.0,7.590318e-07
66,164,10.0,5.704767e-07
66,164,11.0,1.711017e-06
66,164,12.0,2.0241075e-06
66,164,13.0,1.7850899e-06
66,164,14.0,2.7240678e-06
66,165,0.0,5.8170734e-08
66,165,1.0,0.0
66,165,2.0,0.0
66,165,3.0,0.0
66,165,4.0,0.0
66,165,5.0,5.2043156e-08
66,165,6.0,1.0078532e-08
66,165,7.0,5.731994e-07
66,165,8.0,2.3209673e-06
66,165,9.0,7.350258e-07
66,165,10.0,1.5359708e-06
66,165,11.0,1.627643e-06
66,165,12.0,1.716734e-06
66,165,13.0,1.4601632e-05
66,165,14.0,9.925228e-06
66,166,0.0,1.19591395e-08
66,166,1.0,0.0
66,166,2.0,0.0
66,166,3.0,4.021355e-06
66,166,4.0,1.8026434e-06
66,166,5.0,6.0498646e-06
66,166,6.0,1.476152e-06
66,166,7.0,2.2478729e-07
66,166,8.0,1.8327687e-06
66,166,9.0,1.2704054e-05
66,166,10.0,2.5935504e-05
66,166,11.0,3.9527346e-05
66,166,12.0,3.1866723e-05
66,166,13.0,1.8066112e-05
66,166,14.0,1.8254246e-05
66,167,0.0,0.0
66,167,1.0,3.7913255e-09
66,167,2.0,0.0
66,167,3.0,1.9675566e-07
66,167,4.0,3.6572243e-07
66,167,5.0,6.185712e-06
66,167,6.0,2.7620428e-05
66,167,7.0,3.757796e-05
66,167,8.0,2.349513e-05
66,167,9.0,8.239138e-06
66,167,10.0,9.315188e-06
66,167,11.0,2.2670003e-05
66,167,12.0,2.8176393e-05
66,167,13.0,1.970822e-05
66,167,14.0,6.4726023e-06
66,168,0.0,0.0
66,168,1.0,0.0
66,168,2.0,2.1265215e-13
66,168,3.0,0.0
66,168,4.0,9.481422e-08
66,168,5.0,1.0728844e-07
66,168,6.0,1.2074783e-07
66,168,7.0,8.7753017e-07
66,168,8.0,1.4567632e-06
66,168,9.0,4.5542552e-07
66,168,10.0,1.4096721e-08
66,168,11.0,5.008951e-07
66,168,12.0,2.4274636e-06
66,168,13.0,2.360312e-06
66,168,14.0,2.8646111e-06
66,169,0.0,2.7120299e-08
66,169,1.0,0.0
66,169,2.0,0.0
66,169,3.0,0.0
66,169,4.0,5.4908593e-08
66,169,5.0,0.0
66,169,6.0,0.0
66,169,7.0,1.473013e-06
66,169,8.0,4.8551556e-07
66,169,9.0,3.5732612e-07
66,169,10.0,4.1815437e-07
66,169,11.0,1.0314666e-06
66,169,12.0,1.6908695e-06
66,169,13.0,2.9525177e-06
66,169,14.0,7.3149095e-06
66,170,0.0,0.0
66,170,1.0,0.0
66,170,2.0,0.0
66,170,3.0,3.9851744e-07
66,170,4.0,9.231727e-07
66,170,5.0,2.159274e-07
66,170,6.0,8.1982904e-07
66,170,7.0,2.4919377e-06
66,170,8.0,2.8075965e-07
66,170,9.0,1.9985177e-07
66,170,10.0,2.1629967e-07
66,170,11.0,3.6359125e-08
66,170,12.0,2.5575786e-10
66,170,13.0,2.718834e-07
66,170,14.0,4.734216e-06
66,171,0.0,0.0
66,171,1.0,0.0
66,171,2.0,0.0
66,171,3.0,0.0
66,171,4.0,0.0
66,171,5.0,9.625808e-10
66,171,6.0,4.1375017e-08
66,171,7.0,1.5370802e-07
66,171,8.0,6.8091255e-10
66,171,9.0,0.0
66,171,10.0,0.0
66,171,11.0,7.610148e-10
66,171,12.0,6.8088404e-08
66,171,13.0,8.142035e-09
66,171,14.0,1.10674385e-07
66,172,0.0,1.3875991e-09
66,172,1.0,0.0
66,172,2.0,0.0
66,172,3.0,6.761649e-07
66,172,4.0,0.0
66,172,5.0,0.0
66,172,6.0,0.0
66,172,7.0,1.8179988e-07
66,172,8.0,1.2044966e-06
66,172,9.0,1.6329304e-06
66,172,10.0,1.3028236e-06
66,172,11.0,6.752925e-07
66,172,12.0,5.5840474e-07
66,172,13.0,1.1972521e-06
66,172,14.0,9.3124544e-07
67,160,0.0,0.0
67,160,1.0,0.0
67,160,2.0,0.0
67,160,3.0,0.0
67,160,4.0,3.894264e-10
67,160,5.0,0.0
67,160,6.0,4.2308695e-10
67,160,7.0,2.6692208e-08
67,160,8.0,0.0
67,160,9.0,1.3704798e-09
67,160,10.0,6.509191e-08
67,160,11.0,0.0
67,160,12.0,1.4501408e-09
67,160,13.0,5.6212746e-09
67,160,14.0,1.0115284e-10
67,161,0.0,0.0
67,161,1.0,1.7955836e-08
67,161,2.0,0.0
67,161,3.0,9.3464845e-09
67,161,4.0,2.6507087e-07
67,161,5.0,8.259904e-08
67,161,6.0,0.0
67,161,7.0,3.7627196e-13
67,161,8.0,7.614785e-07
67,161,9.0,7.5172926e-07
67,161,10.0,2.1433613e-07
67,161,11.0,4.609165e-07
67,161,12.0,1.0456446e-06
67,161,13.0,1.8650755e-06
67,161,14.0,4.1703774e-07
67,162,0.0,2.8981205e-08
67,162,1.0,2.7563615e-10
67,162,2.0,1.08736305e-10
67,162,3.0,1.0061801e-08
67,162,4.0,0.0
67,162,5.0,3.2851253e-06
67,162,6.0,2.6650585e-07
67,162,7.0,0.0
67,162,8.0,2.558884e-07
67,162,9.0,1.2882974e-07
67,162,10.0,2.4989251e-06
67,162,11.0,0.0
67,162,12.0,0.0
67,162,13.0,0.0
67,162,14.0,1.7365746e-06
67,163,0.0,0.0
67,163,1.0,8.0249225e-07
67,163,2.0,0.0
67,163,3.0,0.0
67,163,4.0,5.329647e-10
67,163,5.0,7.558595e-07
67,163,6.0,5.4932165e-08
67,163,7.0,3.977554e-11
67,163,8.0,0.0
67,163,9.0,0.0
67,163,10.0,0.0
67,163,11.0,0.0
67,163,12.0,0.0
67,163,13.0,0.0
67,163,14.0,1.8001878e-06
67,164,0.0,1.2631608e-08
67,164,1.0,3.0560796e-09
67,164,2.0,2.8036197e-07
67,164,3.0,0.0
67,164,4.0,0.0
67,164,5.0,2.7934261e-08
67,164,6.0,2.5746394e-07
67,164,7.0,1.8217175e-07
67,164,8.0,9.124968e-07
67,164,9.0,1.5526671e-06
67,164,10.0,0.0
67,164,11.0,0.0
67,164,12.0,0.0
67,164,13.0,1.3087057e-09
67,164,14.0,6.850761e-07
67,165,0.0,1.4181339e-08
67,165,1.0,1.3809648e-07
67,165,2.0,6.200483e-07
67,165,3.0,0.0
67,165,4.0,2.6726218e-07
67,165,5.0,3.288982e-06
67,165,6.0,1.1237269e-07
67,165,7.0,0.0
67,165,8.0,0.0
67,165,9.0,3.4774743e-09
67,165,10.0,7.2831494e-07
67,165,11.0,2.6746454e-07
67,165,12.0,5.7972255e-08
67,165,13.0,5.0718607e-09
67,165,14.0,1.1858429e-07
67,166,0.0,0.0
67,166,1.0,3.2179683e-09
67,166,2.0,5.0946154e-09
67,166,3.0,1.9984293e-06
67,166,4.0,6.841135e-08
67,166,5.0,3.4474147e-07
67,166,6.0,2.7435237e-06
67,166,7.0,7.3632975e-07
67,166,8.0,7.740975e-08
67,166,9.0,1.3532271e-07
67,166,10.0,0.0
67,166,11.0,2.6659677e-08
67,166,12.0,1.9022975e-06
67,166,13.0,5.9844706e-06
67,166,14.0,8.982576e-06
67,167,0.0,9.47612e-09
67,167,1.0,0.0
67,167,2.0,0.0
67,167,3.0,8.2352365e-08
67,167,4.0,0.0
67,167,5.0,1.8393698e-12
67,167,6.0,3.1172278e-06
67,167,7.0,0.0
67,167,8.0,0.0
67,167,9.0,0.0
67,167,10.0,1.2300963e-07
67,167,11.0,2.7458974e-08
67,167,12.0,6.238359e-08
67,167,13.0,4.579519e-07
67,167,14.0,1.5188853e-06
67,168,0.0,0.0
67,168,1.0,0.0
67,168,2.0,1.3696044e-11
67,168,3.0,1.744502e-07
67,168,4.0,1.4767072e-07
67,168,5.0,5.423323e-07
67,168,6.0,0.0
67,168,7.0,0.0
67,168,8.0,2.383243e-10
67,168,9.0,9.070089e-08
67,168,10.0,4.455469e-07
67,168,11.0,3.9319357e-06
67,168,12.0,1.2704501e-06
67,168,13.0,5.5316725e-08
67,168,14.0,4.974864e-07
67,169,0.0,5.0696073e-08
67,169,1.0,1.9531345e-07
67,169,2.0,0.0
67,169,3.0,9.732402e-07
67,169,4.0,1.0015835e-06
67,169,5.0,0.0
67,169,6.0,6.743154e-08
67,169,7.0,6.6454118e-09
67,169,8.0,0.0
67,169,9.0,3.5462548e-09
67,169,10.0,2.7604512e-08
67,169,11.0,1.6338221e-08
67,169,12.0,4.5917417e-08
67,169,13.0,2.1408019e-07
67,169,14.0,1.1722921e-06
67,170,0.0,2.8080308e-07
67,170,1.0,3.168429e-08
67,170,2.0,1.3798551e-07
67,170,3.0,5.7125294e-07
67,170,4.0,0.0
67,170,5.0,0.0
67,170,6.0,1.3143342e-07
67,170,7.0,1.19589885e-08
67,170,8.0,1.2925886e-07
67,170,9.0,1.3616427e-07
67,170,10.0,1.0713904e-07
67,170,11.0,7.641957e-07
67,170,12.0,1.4065055e-06
67,170,13.0,9.2161645e-07
67,170,14.0,7.34506e-07
67,171,0.0,0.0
67,171,1.0,0.0
67,171,2.0,5.4394955e-06
67,171,3.0,0.0
67,171,4.0,3.497312e-07
67,171,5.0,4.49209e-07
67,171,6.0,4.169957e-10
67,171,7.0,0.0
67,171,8.0,7.1562184e-10
67,171,9.0,8.439507e-08
67,171,10.0,9.090882e-08
67,171,11.0,1.13064004e-07
67,171,12.0,3.8770438e-07
67,171,13.0,6.2727844e-07
67,171,14.0,1.5217466e-07
67,172,0.0,3.311416e-07
67,172,1.0,6.152611e-08
67,172,2.0,0.0
67,172,3.0,3.9336797e-07
67,172,4.0,5.486053e-07
67,172,5.0,1.4446911e-06
67,172,6.0,1.0912234e-07
67,172,7.0,3.5708208e-09
67,172,8.0,8.438058e-11
67,172,9.0,1.6323073e-08
67,172,10.0,3.6935546e-08
67,172,11.0,3.842683e-08
67,172,12.0,2.1757035e-08
67,172,13.0,1.517519e-08
67,172,14.0,2.574684e-07
68,163,0.0,4.1377752e-06
68,163,1.0,7.90953e-08
68,163,2.0,4.7289464e-07
68,163,3.0,0.0
68,163,4.0,0.0
68,163,5.0,0.0
68,163,6.0,0.0
68,163,7.0,0.0
68,163,8.0,7.734604e-09
68,163,9.0,6.123298e-08
68,163,10.0,3.402116e-07
68,163,11.0,3.6734704e-07
68,163,12.0,3.6323183e-07
68,163,13.0,8.697857e-07
68,163,14.0,3.356851e-06
68,164,0.0,9.164554e-08
68,164,1.0,0.0
68,164,2.0,0.0
68,164,3.0,0.0
68,164,4.0,2.5243608e-08
68,164,5.0,1.3529967e-06
68,164,6.0,2.7736246e-07
68,164,7.0,3.4546126e-08
68,164,8.0,2.2026592e-08
68,164,9.0,0.0
68,164,10.0,0.0
68,164,11.0,0.0
68,164,12.0,0.0
68,164,13.0,0.0
68,164,14.0,1.0654413e-08
68,165,0.0,3.6480788e-08
68,165,1.0,7.6622484e-07
68,165,2.0,7.466248e-07
68,165,3.0,0.0
68,165,4.0,6.96126e-07
68,165,5.0,5.6552394e-09
68,165,6.0,0.0
68,165,7.0,0.0
68,165,8.0,0.0
68,165,9.0,0.0
68,165,10.0,0.0
68,165,11.0,2.7091782e-09
68,165,12.0,1.8471897e-07
68,165,13.0,3.8911455e-07
68,165,14.0,5.7944057e-08
68,166,0.0,0.0
68,166,1.0,0.0
68,166,2.0,0.0
68,166,3.0,0.0
68,166,4.0,3.3425545e-07
68,166,5.0,9.250529e-09
68,166,6.0,1.6650462e-07
68,166,7.0,0.0
68,166,8.0,4.782716e-10
68,166,9.0,3.0651316e-07
68,166,10.0,8.649263e-07
68,166,11.0,3.7461437e-08
68,166,12.0,0.0
68,166,13.0,0.0
68,166,14.0,2.5082358e-08
68,167,0.0,0.0
68,167,1.0,1.0467421e-07
68,167,2.0,0.0
68,167,3.0,1.2051833e-06
68,167,4.0,0.0
68,167,5.0,9.7945705e-09
68,167,6.0,1.5132494e-07
68,167,7.0,1.691523e-07
68,167,8.0,0.0
68,167,9.0,0.0
68,167,10.0,0.0
68,167,11.0,0.0
68,167,12.0,0.0
68,167,13.0,0.0
68,167,14.0,7.2473387e-09
68,168,0.0,7.779425e-07
68,168,1.0,3.4345064e-08
68,168,2.0,7.795421e-14
68,168,3.0,2.4728686e-07
68,168,4.0,2.3185054e-09
68,168,5.0,2.0009791e-08
68,168,6.0,9.789649e-07
68,168,7.0,1.1467555e-06
68,168,8.0,6.193081e-07
68,168,9.0,4.0582896e-07
68,168,10.0,3.8199508e-07
68,168,11.0,2.4433726e-07
68,168,12.0,1.5050179e-07
68,168,13.0,9.059536e-09
68,168,14.0,0.0
68,169,0.0,0.0
68,169,1.0,0.0
68,169,2.0,0.0
68,169,3.0,1.3036565e-07
68,169,4.0,0.0
68,169,5.0,0.0
68,169,6.0,0.0
68,169,7.0,5.100816e-07
68,169,8.0,7.7094506e-07
68,169,9.0,4.701935e-07
68,169,10.0,5.2234103e-08
68,169,11.0,0.0
68,169,12.0,1.0422152e-09
68,169,13.0,2.8904592e-09
68,169,14.0,5.421177e-08
68,170,0.0,7.709218e-08
68,170,1.0,0.0
68,170,2.0,0.0
68,170,3.0,0.0
68,170,4.0,2.6612957e-08
68,170,5.0,4.0231217e-07
68,170,6.0,3.1945646e-07
68,170,7.0,2.7613869e-08
68,170,8.0,1.7765408e-09
68,170,9.0,0.0
68,170,10.0,0.0
68,170,11.0,1.3938636e-08
68,170,12.0,0.0
68,170,13.0,0.0
68,170,14.0,0.0
68,171,0.0,3.0274722e-07
68,171,1.0,2.2139234e-06
68,171,2.0,1.0222756e-06
68,171,3.0,7.439308e-09
68,171,4.0,5.050495e-08
68,171,5.0,3.197659e-13
68,171,6.0,1.8180783e-07
68,171,7.0,6.716348e-08
68,171,8.0,0.0
68,171,9.0,0.0
68,171,10.0,2.7213227e-09
68,171,11.0,1.4138269e-06
68,171,12.0,1.5803357e-06
68,171,13.0,1.3525845e-07
68,171,14.0,3.2731676e-10
68,172,0.0,0.0
68,172,1.0,0.0
68,172,2.0,0.0
68,172,3.0,0.0
68,172,4.0,0.0
68,172,5.0,0.0
68,172,6.0,0.0
68,172,7.0,0.0
68,172,8.0,0.0
68,172,9.0,0.0
68,172,10.0,0.0
68,172,11.0,0.0
68,172,12.0,1.6828129e-10
68,172,13.0,5.803921e-08
68,172,14.0,2.78253e-07
69,166,0.0,0.0
69,166,1.0,9.644013e-08
69,166,2.0,2.5521717e-07
69,166,3.0,0.0
69,166,4.0,3.6933407e-09
69,166,5.0,8.069927e-07
69,166,6.0,4.381571e-06
69,166,7.0,5.171135e-06
69,166,8.0,2.0293671e-06
69,166,9.0,4.5367096e-07
69,166,10.0,1.2031498e-07
69,166,11.0,1.4615023e-09
69,166,12.0,0.0
69,166,13.0,0.0
69,166,14.0,0.0
69,167,0.0,3.8187898e-07
69,167,1.0,2.0413927e-07
69,167,2.0,0.0
69,167,3.0,3.8865764e-07
69,167,4.0,0.0
69,167,5.0,1.06374685e-07
69,167,6.0,1.7664796e-07
69,167,7.0,1.7311976e-06
69,167,8.0,6.429182e-06
69,167,9.0,5.607153e-06
69,167,10.0,9.556086e-07
69,167,11.0,0.0
69,167,12.0,8.53183e-11
69,167,13.0,2.4805749e-09
69,167,14.0,1.76077e-08
69,168,0.0,8.0207364e-08
69,168,1.0,6.70843e-08
69,168,2.0,7.5164246e-07
69,168,3.0,8.932537e-08
69,168,4.0,0.0
69,168,5.0,1.5783405e-08
69,168,6.0,7.2327486e-09
69,168,7.0,1.19703e-07
69,168,8.0,4.067587e-07
69,168,9.0,4.1008144e-07
69,168,10.0,4.936879e-07
69,168,11.0,7.8994157e-07
69,168,12.0,5.270796e-07
69,168,13.0,1.4808154e-07
69,168,14.0,0.0
69,169,0.0,1.2061835e-07
69,169,1.0,0.0
69,169,2.0,9.1015045e-07
69,169,3.0,9.965999e-06
69,169,4.0,1.3057318e-07
69,169,5.0,1.8178572e-06
69,169,6.0,1.0180282e-07
69,169,7.0,0.0
69,169,8.0,0.0
69,169,9.0,0.0
69,169,10.0,0.0
69,169,11.0,9.4621505e-11
69,169,12.0,1.0457164e-07
69,169,13.0,3.0494147e-07
69,169,14.0,3.2366618e-08
69,170,0.0,2.4148283e-09
69,170,1.0,0.0
69,170,2.0,1.3218247e-06
69,170,3.0,1.0804667e-06
69,170,4.0,0.0
69,170,5.0,0.0
69,170,6.0,7.289641e-08
69,170,7.0,2.0010877e-07
69,170,8.0,2.0295467e-07
69,170,9.0,1.8904554e-07
69,170,10.0,5.0258272e-08
69,170,11.0,0.0
69,170,12.0,0.0
69,170,13.0,0.0
69,170,14.0,0.0
69,171,0.0,6.0305474e-08
69,171,1.0,0.0
69,171,2.0,1.3519872e-05
69,171,3.0,3.7876956e-07
69,171,4.0,2.4200054e-07
69,171,5.0,0.0
69,171,6.0,0.0
69,171,7.0,2.4655162e-07
69,171,8.0,1.4219972e-08
69,171,9.0,0.0
69,171,10.0,0.0
69,171,11.0,1.0246748e-09
69,171,12.0,1.3115772e-07
69,171,13.0,7.038765e-08
69,171,14.0,4.8558087e-07
69,172,0.0,0.0
69,172,1.0,4.84863e-08
69,172,2.0,0.0
69,172,3.0,0.0
69,172,4.0,5.788964e-10
69,172,5.0,1.2550792e-08
69,172,6.0,2.174101e-08
69,172,7.0,1.2496844e-08
69,172,8.0,5.783302e-09
69,172,9.0,1.8301055e-08
69,172,10.0,3.7596885e-07
69,172,11.0,4.2444177e-07
69,172,12.0,4.385131e-07
69,172,13.0,2.1402901e-07
69,172,14.0,2.412766e-07
70,168,0.0,1.195264e-07
70,168,1.0,0.0
70,168,2.0,0.0
70,168,3.0,9.916195e-12
70,168,4.0,3.349737e-07
70,168,5.0,3.246916e-06
70,168,6.0,6.260494e-06
70,168,7.0,5.883283e-06
70,168,8.0,2.268876e-06
70,168,9.0,1.662599e-06
70,168,10.0,1.408018e-06
70,168,11.0,7.110765e-07
70,168,12.0,9.685922e-07
70,168,13.0,3.6060571e-06
70,168,14.0,5.37793e-07
70,169,0.0,1.566047e-07
70,169,1.0,5.2690467e-07
70,169,2.0,6.3030005e-11
70,169,3.0,0.0
70,169,4.0,1.684289e-07
70,169,5.0,1.0668726e-07
70,169,6.0,0.0
70,169,7.0,0.0
70,169,8.0,0.0
70,169,9.0,1.036939e-07
70,169,10.0,1.379685e-07
70,169,11.0,3.719426e-08
70,169,12.0,4.092597e-09
70,169,13.0,3.8512532e-10
70,169,14.0,0.0
70,170,0.0,1.7918778e-07
70,170,1.0,1.89265e-06
70,170,2.0,2.230658e-06
70,170,3.0,2.9769163e-07
70,170,4.0,2.2976106e-07
70,170,5.0,3.8473337e-13
70,170,6.0,0.0
70,170,7.0,0.0
70,170,8.0,0.0
70,170,9.0,0.0
70,170,10.0,0.0
70,170,11.0,0.0
70,170,12.0,2.064191e-07
70,170,13.0,1.3512915e-06
70,170,14.0,1.3782153e-06
70,171,0.0,0.0
70,171,1.0,1.5698723e-09
70,171,2.0,5.2144003e-07
70,171,3.0,0.0
70,171,4.0,0.0
70,171,5.0,0.0
70,171,6.0,0.0
70,171,7.0,1.9707053e-10
70,171,8.0,4.363472e-08
70,171,9.0,5.075231e-09
70,171,10.0,0.0
70,171,11.0,0.0
70,171,12.0,0.0
70,171,13.0,2.1918788e-07
70,171,14.0,1.0630442e-09
70,172,0.0,7.206464e-08
70,172,1.0,9.649725e-11
70,172,2.0,2.098384e-09
70,172,3.0,2.8079146e-09
70,172,4.0,2.2780903e-06
70,172,5.0,8.1792035e-07
70,172,6.0,3.1526515e-08
70,172,7.0,5.434376e-10
70,172,8.0,1.2465531e-11
70,172,9.0,0.0
70,172,10.0,0.0
70,172,11.0,0.0
70,172,12.0,0.0
70,172,13.0,0.0
70,172,14.0,6.0528964e-09
71,172,0.0,0.0
71,172,1.0,0.0
71,172,2.0,8.399592e-08
71,172,3.0,1.02360396e-07
71,172,4.0,1.0905156e-06
71,172,5.0,2.7402138e-09
71,172,6.0,1.6424242e-07
71,172,7.0,9.3155506e-07
71,172,8.0,9.635713e-07
71,172,9.0,3.0349725e-07
71,172,10.0,3.7517054e-07
71,172,11.0,3.8709956e-07
71,172,12.0,3.136225e-07
71,172,13.0,6.036754e-07
71,172,14.0,2.5695508e-07
