Z_physical,A_physical,E_physical,Yield_pred
23,66,0.0,2.0390425e-08
23,66,1.0,1.0817213e-08
23,66,2.0,9.576163e-08
23,66,3.0,2.198878e-07
23,66,4.0,7.798415e-08
23,66,5.0,1.7728695e-07
23,66,6.0,5.083879e-09
23,66,7.0,1.14947545e-08
23,66,8.0,1.2180138e-07
23,66,9.0,5.459238e-09
23,66,10.0,5.048414e-08
23,66,11.0,8.314281e-09
23,66,12.0,1.2781177e-07
23,66,13.0,3.8377848e-09
23,66,14.0,1.7283673e-09
24,66,0.0,5.5321316e-09
24,66,1.0,0.0
24,66,2.0,2.1979113e-10
24,66,3.0,1.2942353e-08
24,66,4.0,4.896308e-10
24,66,5.0,8.481502e-10
24,66,6.0,8.517874e-08
24,66,7.0,1.1099048e-09
24,66,8.0,1.4084506e-10
24,66,9.0,1.3613171e-08
24,66,10.0,7.050729e-09
24,66,11.0,6.4905556e-09
24,66,12.0,4.2906827e-08
24,66,13.0,8.429716e-08
24,66,14.0,6.586161e-09
24,67,0.0,0.0
24,67,1.0,2.9077636e-08
24,67,2.0,7.104655e-10
24,67,3.0,3.9484163e-08
24,67,4.0,7.099978e-08
24,67,5.0,6.97753e-08
24,67,6.0,6.82778e-09
24,67,7.0,0.0
24,67,8.0,0.0
24,67,9.0,1.4244852e-09
24,67,10.0,1.8329142e-09
24,67,11.0,1.3348895e-08
24,67,12.0,5.976807e-08
24,67,13.0,2.0525011e-08
24,67,14.0,1.0472414e-14
24,68,0.0,1.1129797e-09
24,68,1.0,2.754947e-08
24,68,2.0,5.695516e-08
24,68,3.0,1.5576084e-08
24,68,4.0,5.4889636e-08
24,68,5.0,2.553287e-09
24,68,6.0,6.2525096e-10
24,68,7.0,1.654913e-08
24,68,8.0,1.0302063e-08
24,68,9.0,4.791681e-09
24,68,10.0,2.2796416e-11
24,68,11.0,3.4459832e-10
24,68,12.0,1.3850703e-13
24,68,13.0,0.0
24,68,14.0,1.203123e-10
24,69,0.0,1.5345844e-08
24,69,1.0,1.4849039e-07
24,69,2.0,1.15577464e-07
24,69,3.0,5.6532222e-08
24,69,4.0,2.8991726e-08
24,69,5.0,3.913871e-08
24,69,6.0,3.6796543e-08
24,69,7.0,5.1936077e-08
24,69,8.0,8.310925e-08
24,69,9.0,6.461853e-08
24,69,10.0,6.2226624e-09
24,69,11.0,6.5574135e-08
24,69,12.0,6.65729e-08
24,69,13.0,2.4224072e-08
24,69,14.0,5.8493105e-10
24,70,0.0,1.8664015e-09
24,70,1.0,4.2276316e-08
24,70,2.0,1.806708e-09
24,70,3.0,9.5518686e-14
24,70,4.0,0.0
24,70,5.0,3.1385777e-10
24,70,6.0,6.265787e-09
24,70,7.0,4.201779e-09
24,70,8.0,2.9221208e-09
24,70,9.0,3.9548892e-11
24,70,10.0,1.2969134e-08
24,70,11.0,5.8465123e-08
24,70,12.0,2.9278104e-09
24,70,13.0,2.8255513e-09
24,70,14.0,1.2905218e-08
25,66,0.0,6.2886596e-10
25,66,1.0,3.1744736e-09
25,66,2.0,3.303685e-08
25,66,3.0,7.784683e-08
25,66,4.0,3.2752124e-07
25,66,5.0,6.0094436e-07
25,66,6.0,2.393264e-07
25,66,7.0,3.250394e-07
25,66,8.0,1.0167591e-07
25,66,9.0,1.4842908e-07
25,66,10.0,1.1867772e-08
25,66,11.0,9.4357326e-08
25,66,12.0,1.8218172e-07
25,66,13.0,2.9361905e-08
25,66,14.0,6.3614664e-08
25,67,0.0,0.0
25,67,1.0,0.0
25,67,2.0,0.0
25,67,3.0,1.8701278e-09
25,67,4.0,2.3104282e-07
25,67,5.0,6.5163783e-07
25,67,6.0,2.5927086e-08
25,67,7.0,5.9153006e-08
25,67,8.0,2.339978e-07
25,67,9.0,1.1310179e-07
25,67,10.0,1.7066344e-07
25,67,11.0,3.84896e-07
25,67,12.0,2.0681047e-07
25,67,13.0,9.2606015e-08
25,67,14.0,2.5380743e-08
25,68,0.0,1.952007e-08
25,68,1.0,2.1855633e-09
25,68,2.0,4.587681e-09
25,68,3.0,2.8286573e-08
25,68,4.0,7.088786e-08
25,68,5.0,3.6528075e-08
25,68,6.0,3.913904e-08
25,68,7.0,1.5987814e-08
25,68,8.0,4.1084306e-08
25,68,9.0,2.636372e-07
25,68,10.0,2.0974623e-07
25,68,11.0,2.4372264e-07
25,68,12.0,1.9546977e-07
25,68,13.0,2.453166e-07
25,68,14.0,4.5639453e-08
25,69,0.0,6.390069e-08
25,69,1.0,4.2120534e-09
25,69,2.0,2.9489927e-08
25,69,3.0,6.0737676e-08
25,69,4.0,4.4200615e-07
25,69,5.0,1.7098597e-07
25,69,6.0,2.2977062e-09
25,69,7.0,2.1855472e-08
25,69,8.0,1.5465519e-08
25,69,9.0,4.5677805e-08
25,69,10.0,5.533472e-08
25,69,11.0,5.055731e-09
25,69,12.0,4.2631867e-11
25,69,13.0,3.6034633e-09
25,69,14.0,2.4483675e-09
25,70,0.0,5.0620363e-10
25,70,1.0,5.7978102e-08
25,70,2.0,1.1474618e-09
25,70,3.0,0.0
25,70,4.0,3.7755647e-09
25,70,5.0,1.5851136e-08
25,70,6.0,7.636465e-09
25,70,7.0,6.68511e-09
25,70,8.0,0.0
25,70,9.0,2.3453088e-09
25,70,10.0,0.0
25,70,11.0,2.6080388e-10
25,70,12.0,2.3353394e-07
25,70,13.0,5.411394e-07
25,70,14.0,1.9941384e-08
25,71,0.0,7.3915323e-09
25,71,1.0,3.6315615e-08
25,71,2.0,1.0332205e-08
25,71,3.0,0.0
25,71,4.0,5.8257803e-09
25,71,5.0,3.408136e-08
25,71,6.0,3.0476682e-10
25,71,7.0,1.1880246e-08
25,71,8.0,9.943838e-08
25,71,9.0,4.9614016e-07
25,71,10.0,6.036587e-08
25,71,11.0,1.4413324e-07
25,71,12.0,1.1394217e-09
25,71,13.0,1.1304977e-08
25,71,14.0,4.1055415e-08
25,72,0.0,9.589213e-09
25,72,1.0,1.0039506e-11
25,72,2.0,1.2947906e-07
25,72,3.0,3.3968274e-07
25,72,4.0,0.0
25,72,5.0,4.4343224e-07
25,72,6.0,1.1199484e-08
25,72,7.0,3.2547376e-08
25,72,8.0,1.2511853e-08
25,72,9.0,0.0
25,72,10.0,3.2421742e-11
25,72,11.0,1.4637547e-07
25,72,12.0,2.527288e-07
25,72,13.0,1.6785621e-07
25,72,14.0,2.257891e-13
25,73,0.0,2.9854053e-09
25,73,1.0,1.5525795e-07
25,73,2.0,2.8144095e-08
25,73,3.0,1.16530146e-07
25,73,4.0,6.7500125e-08
25,73,5.0,2.1369942e-08
25,73,6.0,1.7069815e-10
25,73,7.0,8.088519e-10
25,73,8.0,0.0
25,73,9.0,0.0
25,73,10.0,1.0374416e-10
25,73,11.0,8.4800034e-10
25,73,12.0,3.094943e-07
25,73,13.0,6.319283e-07
25,73,14.0,4.5025267e-10
26,66,0.0,0.0
26,66,1.0,0.0
26,66,2.0,0.0
26,66,3.0,6.598982e-09
26,66,4.0,0.0
26,66,5.0,2.4420422e-07
26,66,6.0,7.5260033e-07
26,66,7.0,3.657067e-06
26,66,8.0,5.4829325e-06
26,66,9.0,2.2324364e-06
26,66,10.0,2.267736e-06
26,66,11.0,8.132834e-06
26,66,12.0,1.0210332e-05
26,66,13.0,1.6237625e-05
26,66,14.0,1.203046e-05
26,67,0.0,4.038452e-11
26,67,1.0,7.7488e-08
26,67,2.0,2.316464e-08
26,67,3.0,2.3147653e-09
26,67,4.0,1.456622e-07
26,67,5.0,1.1126622e-07
26,67,6.0,2.5180936e-08
26,67,7.0,1.9471838e-07
26,67,8.0,2.0272795e-10
26,67,9.0,3.926652e-07
26,67,10.0,6.286923e-08
26,67,11.0,6.96023e-07
26,67,12.0,1.3346374e-06
26,67,13.0,4.998454e-07
26,67,14.0,1.9657396e-06
26,68,0.0,5.3885156e-08
26,68,1.0,1.4316577e-17
26,68,2.0,7.4640795e-08
26,68,3.0,1.2235024e-09
26,68,4.0,6.028236e-08
26,68,5.0,6.6923495e-11
26,68,6.0,0.0
26,68,7.0,2.4693167e-10
26,68,8.0,1.1289608e-09
26,68,9.0,0.0
26,68,10.0,7.633936e-10
26,68,11.0,1.3121193e-08
26,68,12.0,4.2022776e-08
26,68,13.0,1.4804543e-07
26,68,14.0,1.2597003e-07
26,69,0.0,6.1973946e-09
26,69,1.0,3.376758e-08
26,69,2.0,7.320423e-09
26,69,3.0,1.6605538e-11
26,69,4.0,5.40944e-09
26,69,5.0,3.7247062e-08
26,69,6.0,7.003975e-08
26,69,7.0,2.451481e-09
26,69,8.0,1.0343849e-07
26,69,9.0,1.9752133e-07
26,69,10.0,2.2644569e-07
26,69,11.0,2.3216165e-07
26,69,12.0,5.1313026e-07
26,69,13.0,1.210175e-07
26,69,14.0,5.3187016e-08
26,70,0.0,5.0136144e-08
26,70,1.0,1.6730064e-08
26,70,2.0,1.3678772e-07
26,70,3.0,1.1039223e-07
26,70,4.0,7.2978e-08
26,70,5.0,3.3656363e-08
26,70,6.0,1.4334549e-08
26,70,7.0,3.3825525e-08
26,70,8.0,6.6281103e-10
26,70,9.0,2.4475074e-07
26,70,10.0,2.4726285e-08
26,70,11.0,3.6116203e-09
26,70,12.0,0.0
26,70,13.0,3.1766095e-07
26,70,14.0,5.430447e-07
26,71,0.0,1.1994901e-07
26,71,1.0,1.9612105e-09
26,71,2.0,6.1239495e-13
26,71,3.0,2.3383662e-09
26,71,4.0,5.236241e-10
26,71,5.0,6.46353e-09
26,71,6.0,2.2342693e-08
26,71,7.0,2.6553794e-08
26,71,8.0,5.2293903e-09
26,71,9.0,0.0
26,71,10.0,9.780632e-10
26,71,11.0,3.1400734e-08
26,71,12.0,1.6342157e-07
26,71,13.0,2.7375522e-08
26,71,14.0,2.5521505e-08
26,72,0.0,4.0395843e-08
26,72,1.0,0.0
26,72,2.0,3.0087274e-10
26,72,3.0,1.2101533e-08
26,72,4.0,2.8155394e-09
26,72,5.0,2.8281302e-10
26,72,6.0,6.362639e-09
26,72,7.0,1.3450447e-08
26,72,8.0,9.883648e-09
26,72,9.0,7.3042092e-09
26,72,10.0,1.7852004e-08
26,72,11.0,5.6670135e-09
26,72,12.0,3.2431405e-08
26,72,13.0,1.1440949e-07
26,72,14.0,1.021191e-08
26,73,0.0,0.0
26,73,1.0,1.1648354e-07
26,73,2.0,4.0831907e-07
26,73,3.0,5.196643e-08
26,73,4.0,1.274403e-08
26,73,5.0,8.686607e-08
26,73,6.0,4.0461103e-08
26,73,7.0,1.5301186e-08
26,73,8.0,3.664223e-08
26,73,9.0,1.697533e-08
26,73,10.0,1.1995056e-07
26,73,11.0,2.4686114e-08
26,73,12.0,1.7195697e-08
26,73,13.0,4.1965425e-08
26,73,14.0,5.9034626e-12
26,74,0.0,1.7174201e-14
26,74,1.0,1.9755837e-09
26,74,2.0,8.481707e-09
26,74,3.0,0.0
26,74,4.0,1.58093e-11
26,74,5.0,1.1372567e-08
26,74,6.0,3.1361665e-08
26,74,7.0,3.5080717e-08
26,74,8.0,9.87542e-10
26,74,9.0,1.2321815e-09
26,74,10.0,3.7645935e-11
26,74,11.0,2.8809405e-08
26,74,12.0,3.7963357e-09
26,74,13.0,3.0083942e-07
26,74,14.0,1.0204295e-07
26,75,0.0,6.6089053e-12
26,75,1.0,3.6743377e-09
26,75,2.0,7.569392e-10
26,75,3.0,6.9882895e-09
26,75,4.0,2.3974027e-09
26,75,5.0,2.6327282e-10
26,75,6.0,2.8955632e-10
26,75,7.0,1.6593487e-09
26,75,8.0,8.515468e-15
26,75,9.0,1.1285646e-08
26,75,10.0,8.472851e-08
26,75,11.0,1.9779516e-09
26,75,12.0,2.2285018e-08
26,75,13.0,3.6020477e-08
26,75,14.0,2.6665557e-08
26,76,0.0,0.0
26,76,1.0,0.0
26,76,2.0,0.0
26,76,3.0,0.0
26,76,4.0,4.603917e-09
26,76,5.0,6.035989e-11
26,76,6.0,2.020563e-10
26,76,7.0,1.5654849e-09
26,76,8.0,1.127471e-11
26,76,9.0,2.398179e-09
26,76,10.0,8.4760704e-10
26,76,11.0,1.4772791e-09
26,76,12.0,1.741242e-08
26,76,13.0,1.3318425e-08
26,76,14.0,1.8554765e-08
27,66,0.0,1.414423e-09
27,66,1.0,6.46244e-14
27,66,2.0,8.3646395e-10
27,66,3.0,0.0
27,66,4.0,0.0
27,66,5.0,3.578806e-11
27,66,6.0,1.5450594e-07
27,66,7.0,5.716021e-07
27,66,8.0,1.1939369e-07
27,66,9.0,4.1113378e-07
27,66,10.0,5.1120634e-07
27,66,11.0,1.4157376e-07
27,66,12.0,3.1766572e-07
27,66,13.0,9.945574e-08
27,66,14.0,7.812053e-08
27,67,0.0,0.0
27,67,1.0,0.0
27,67,2.0,0.0
27,67,3.0,0.0
27,67,4.0,0.0
27,67,5.0,5.7149346e-10
27,67,6.0,1.8229107e-07
27,67,7.0,1.3267303e-06
27,67,8.0,1.3699682e-06
27,67,9.0,1.5961898e-06
27,67,10.0,4.9328905e-06
27,67,11.0,2.0356313e-06
27,67,12.0,2.1010542e-06
27,67,13.0,2.3733655e-06
27,67,14.0,1.3987548e-05
27,68,0.0,0.0
27,68,1.0,0.0
27,68,2.0,0.0
27,68,3.0,0.0
27,68,4.0,9.503557e-17
27,68,5.0,6.5295665e-11
27,68,6.0,4.804257e-09
27,68,7.0,1.908578e-07
27,68,8.0,2.4113851e-06
27,68,9.0,1.8791658e-06
27,68,10.0,2.4937933e-06
27,68,11.0,1.2842831e-05
27,68,12.0,4.0951545e-05
27,68,13.0,3.3664524e-05
27,68,14.0,3.7962087e-05
27,69,0.0,1.4825412e-13
27,69,1.0,0.0
27,69,2.0,0.0
27,69,3.0,2.9782886e-12
27,69,4.0,1.9273977e-12
27,69,5.0,3.5459632e-06
27,69,6.0,7.101432e-06
27,69,7.0,1.7680408e-05
27,69,8.0,5.5142747e-05
27,69,9.0,3.291289e-05
27,69,10.0,4.049764e-05
27,69,11.0,5.5320896e-05
27,69,12.0,5.1285493e-05
27,69,13.0,8.300671e-05
27,69,14.0,5.9770224e-05
27,70,0.0,0.0
27,70,1.0,0.0
27,70,2.0,0.0
27,70,3.0,0.0
27,70,4.0,1.1557022e-06
27,70,5.0,7.5144317e-06
27,70,6.0,3.1537968e-06
27,70,7.0,2.3000216e-06
27,70,8.0,3.7468926e-06
27,70,9.0,2.784423e-06
27,70,10.0,1.6654585e-06
27,70,11.0,1.0886953e-05
27,70,12.0,1.3022932e-05
27,70,13.0,1.5836868e-05
27,70,14.0,2.4187508e-05
27,71,0.0,2.8909971e-08
27,71,1.0,2.7511252e-08
27,71,2.0,2.4253713e-12
27,71,3.0,1.7929871e-07
27,71,4.0,1.6233906e-07
27,71,5.0,1.7118673e-08
27,71,6.0,1.9536218e-08
27,71,7.0,3.020947e-08
27,71,8.0,8.265911e-08
27,71,9.0,8.942358e-08
27,71,10.0,4.8563044e-07
27,71,11.0,8.6316805e-07
27,71,12.0,2.1539254e-06
27,71,13.0,1.753098e-06
27,71,14.0,2.4212407e-06
27,72,0.0,1.3524897e-08
27,72,1.0,4.902515e-14
27,72,2.0,2.347056e-08
27,72,3.0,1.6774602e-09
27,72,4.0,2.030765e-09
27,72,5.0,7.362891e-07
27,72,6.0,2.403988e-07
27,72,7.0,3.4429283e-06
27,72,8.0,2.2039055e-06
27,72,9.0,8.508586e-07
27,72,10.0,8.760855e-08
27,72,11.0,9.23203e-08
27,72,12.0,5.1944204e-07
27,72,13.0,5.9544686e-07
27,72,14.0,3.0032152e-06
27,73,0.0,2.5845223e-10
27,73,1.0,0.0
27,73,2.0,1.1662811e-08
27,73,3.0,0.0
27,73,4.0,2.5069125e-08
27,73,5.0,7.8639864e-08
27,73,6.0,1.8268683e-07
27,73,7.0,2.3576953e-07
27,73,8.0,4.385119e-07
27,73,9.0,1.6483301e-07
27,73,10.0,1.6726535e-09
27,73,11.0,1.14016956e-07
27,73,12.0,2.4855981e-07
27,73,13.0,2.213912e-06
27,73,14.0,1.4939247e-06
27,74,0.0,3.4349365e-10
27,74,1.0,1.8008826e-08
27,74,2.0,8.8305245e-11
27,74,3.0,4.883856e-09
27,74,4.0,6.852817e-10
27,74,5.0,0.0
27,74,6.0,0.0
27,74,7.0,6.1601635e-10
27,74,8.0,0.0
27,74,9.0,0.0
27,74,10.0,0.0
27,74,11.0,2.1835978e-08
27,74,12.0,1.0010358e-07
27,74,13.0,4.4961332e-08
27,74,14.0,3.608744e-07
27,75,0.0,7.753229e-08
27,75,1.0,1.2777665e-08
27,75,2.0,1.9397689e-07
27,75,3.0,4.67003e-07
27,75,4.0,2.0751426e-07
27,75,5.0,5.4216525e-07
27,75,6.0,1.04895534e-07
27,75,7.0,2.7174002e-07
27,75,8.0,2.6001944e-08
27,75,9.0,2.4357685e-06
27,75,10.0,3.0325234e-07
27,75,11.0,1.1168877e-07
27,75,12.0,1.6854136e-07
27,75,13.0,9.3817727e-07
27,75,14.0,1.9351232e-07
27,76,0.0,1.1033774e-08
27,76,1.0,0.0
27,76,2.0,2.953358e-07
27,76,3.0,8.129721e-06
27,76,4.0,7.750185e-07
27,76,5.0,1.770296e-07
27,76,6.0,2.1877218e-10
27,76,7.0,6.0403255e-10
27,76,8.0,2.2564645e-06
27,76,9.0,1.0171663e-06
27,76,10.0,1.701808e-10
27,76,11.0,3.861e-08
27,76,12.0,2.067203e-07
27,76,13.0,3.9340115e-08
27,76,14.0,0.0
27,77,0.0,2.816e-09
27,77,1.0,5.942876e-07
27,77,2.0,6.908645e-08
27,77,3.0,3.3174243e-07
27,77,4.0,1.00029794e-07
27,77,5.0,5.988572e-08
27,77,6.0,1.877195e-07
27,77,7.0,3.9750294e-08
27,77,8.0,1.3420318e-07
27,77,9.0,8.998741e-09
27,77,10.0,1.8001234e-07
27,77,11.0,1.2486969e-07
27,77,12.0,2.1453258e-07
27,77,13.0,4.9515813e-07
27,77,14.0,9.396452e-08
27,78,0.0,3.959447e-08
27,78,1.0,5.311774e-08
27,78,2.0,8.854592e-08
27,78,3.0,2.1109726e-18
27,78,4.0,3.3824037e-08
27,78,5.0,1.2095563e-07
27,78,6.0,3.4767037e-08
27,78,7.0,6.0412255e-08
27,78,8.0,6.431935e-10
27,78,9.0,3.5188403e-08
27,78,10.0,6.582153e-09
27,78,11.0,5.433091e-08
27,78,12.0,7.663449e-08
27,78,13.0,6.4017094e-09
27,78,14.0,4.5580666e-08
28,66,0.0,0.0
28,66,1.0,0.0
28,66,2.0,0.0
28,66,3.0,2.6213002e-11
28,66,4.0,2.7644527e-15
28,66,5.0,0.0
28,66,6.0,0.0
28,66,7.0,0.0
28,66,8.0,0.0
28,66,9.0,0.0
28,66,10.0,0.0
28,66,11.0,0.0
28,66,12.0,0.0
28,66,13.0,2.2631868e-08
28,66,14.0,3.4207417e-07
28,67,0.0,5.6165725e-09
28,67,1.0,2.3184788e-07
28,67,2.0,7.4723205e-10
28,67,3.0,8.881301e-08
28,67,4.0,6.5056895e-08
28,67,5.0,1.8936923e-06
28,67,6.0,8.474173e-07
28,67,7.0,1.6590835e-07
28,67,8.0,7.589224e-07
28,67,9.0,1.5758434e-06
28,67,10.0,2.6834107e-06
28,67,11.0,2.951348e-06
28,67,12.0,1.8072126e-06
28,67,13.0,1.6541303e-08
28,67,14.0,0.0
28,68,0.0,0.0
28,68,1.0,0.0
28,68,2.0,0.0
28,68,3.0,0.0
28,68,4.0,3.169989e-09
28,68,5.0,9.0418965e-08
28,68,6.0,3.4708407e-07
28,68,7.0,7.296567e-07
28,68,8.0,2.127433e-06
28,68,9.0,7.449126e-06
28,68,10.0,2.4708965e-05
28,68,11.0,2.3188097e-05
28,68,12.0,5.83108e-05
28,68,13.0,3.84813e-05
28,68,14.0,6.276019e-06
28,69,0.0,1.6036866e-09
28,69,1.0,0.0
28,69,2.0,8.402032e-08
28,69,3.0,7.89227e-07
28,69,4.0,5.822449e-07
28,69,5.0,1.2242201e-07
28,69,6.0,3.4711177e-06
28,69,7.0,3.0318046e-05
28,69,8.0,8.700468e-05
28,69,9.0,5.2199695e-05
28,69,10.0,9.678547e-05
28,69,11.0,8.000507e-05
28,69,12.0,9.645049e-05
28,69,13.0,0.00011665246
28,69,14.0,0.00011343228
28,70,0.0,0.0
28,70,1.0,7.48213e-09
28,70,2.0,6.842038e-06
28,70,3.0,7.317984e-05
28,70,4.0,9.474938e-05
28,70,5.0,0.00016318246
28,70,6.0,0.0002726137
28,70,7.0,0.00030484822
28,70,8.0,0.00029168167
28,70,9.0,0.00037016228
28,70,10.0,0.00054648373
28,70,11.0,0.0007585195
28,70,12.0,0.0008141771
28,70,13.0,0.0006435348
28,70,14.0,0.0003802492
28,71,0.0,2.574471e-10
28,71,1.0,2.7936275e-07
28,71,2.0,1.4675317e-05
28,71,3.0,0.00013837132
28,71,4.0,0.00019052364
28,71,5.0,0.0003406251
28,71,6.0,0.00024924517
28,71,7.0,0.00043821553
28,71,8.0,0.0003812217
28,71,9.0,0.0004133915
28,71,10.0,0.00043736678
28,71,11.0,0.00040349635
28,71,12.0,0.0005862528
28,71,13.0,0.0003987227
28,71,14.0,0.00035281648
28,72,0.0,4.288938e-06
28,72,1.0,1.0061397e-05
28,72,2.0,6.785432e-05
28,72,3.0,0.000108355336
28,72,4.0,0.00014549497
28,72,5.0,0.0003713363
28,72,6.0,0.0005112994
28,72,7.0,0.00038253702
28,72,8.0,0.00039795163
28,72,9.0,0.0003177704
28,72,10.0,0.00043004748
28,72,11.0,0.0004297866
28,72,12.0,0.00030028485
28,72,13.0,0.000540686
28,72,14.0,0.0002757363
28,73,0.0,3.5792582e-06
28,73,1.0,7.065954e-06
28,73,2.0,2.8050692e-05
28,73,3.0,5.544032e-05
28,73,4.0,9.876087e-05
28,73,5.0,0.00013374852
28,73,6.0,9.818757e-05
28,73,7.0,5.2803556e-05
28,73,8.0,8.494231e-05
28,73,9.0,0.00017175602
28,73,10.0,6.9062495e-05
28,73,11.0,3.2150037e-05
28,73,12.0,0.00013424426
28,73,13.0,0.00013548885
28,73,14.0,0.00014739015
28,74,0.0,6.162911e-09
28,74,1.0,0.0
28,74,2.0,4.5593115e-06
28,74,3.0,1.9394112e-05
28,74,4.0,4.0062707e-05
28,74,5.0,3.2720047e-05
28,74,6.0,4.7480862e-05
28,74,7.0,5.189483e-05
28,74,8.0,4.5461544e-05
28,74,9.0,2.7448466e-05
28,74,10.0,4.6944882e-05
28,74,11.0,7.8169636e-05
28,74,12.0,6.300077e-05
28,74,13.0,4.425078e-05
28,74,14.0,5.512494e-05
28,75,0.0,3.4510368e-08
28,75,1.0,2.6656853e-08
28,75,2.0,2.0001423e-09
28,75,3.0,3.0262772e-08
28,75,4.0,2.5977203e-09
28,75,5.0,1.6926982e-08
28,75,6.0,9.761466e-08
28,75,7.0,6.4349365e-08
28,75,8.0,5.429783e-08
28,75,9.0,7.3968565e-08
28,75,10.0,3.2967673e-08
28,75,11.0,1.2926121e-06
28,75,12.0,5.3004004e-07
28,75,13.0,1.3751692e-06
28,75,14.0,9.941798e-07
28,76,0.0,6.792295e-08
28,76,1.0,7.436287e-08
28,76,2.0,4.2550977e-07
28,76,3.0,3.6074568e-09
28,76,4.0,3.8888985e-09
28,76,5.0,7.061282e-10
28,76,6.0,1.5528437e-08
28,76,7.0,0.0
28,76,8.0,0.0
28,76,9.0,1.2709749e-08
28,76,10.0,2.088944e-08
28,76,11.0,7.806261e-08
28,76,12.0,9.2012303e-10
28,76,13.0,2.115135e-10
28,76,14.0,8.3161666e-10
28,77,0.0,3.09766e-08
28,77,1.0,6.134645e-08
28,77,2.0,6.263527e-08
28,77,3.0,2.6536439e-08
28,77,4.0,5.074481e-08
28,77,5.0,2.7856643e-08
28,77,6.0,1.4880335e-08
28,77,7.0,6.807656e-08
28,77,8.0,9.477881e-09
28,77,9.0,5.424188e-08
28,77,10.0,1.6643718e-07
28,77,11.0,2.3632376e-08
28,77,12.0,1.6492152e-08
28,77,13.0,2.6252803e-08
28,77,14.0,3.101921e-08
28,78,0.0,1.8226837e-09
28,78,1.0,1.4640018e-09
28,78,2.0,7.9549975e-09
28,78,3.0,2.5050843e-08
28,78,4.0,6.489388e-08
28,78,5.0,1.5890643e-07
28,78,6.0,1.1433609e-07
28,78,7.0,6.565966e-08
28,78,8.0,1.5211751e-07
28,78,9.0,1.7284489e-07
28,78,10.0,4.661574e-08
28,78,11.0,8.749267e-09
28,78,12.0,6.9234605e-09
28,78,13.0,1.4795007e-11
28,78,14.0,0.0
28,79,0.0,6.201786e-08
28,79,1.0,1.6911596e-08
28,79,2.0,3.2508975e-08
28,79,3.0,3.0897218e-07
28,79,4.0,6.695613e-08
28,79,5.0,3.765818e-08
28,79,6.0,1.0787562e-07
28,79,7.0,6.5830974e-08
28,79,8.0,9.854822e-08
28,79,9.0,2.9318508e-07
28,79,10.0,1.4393359e-08
28,79,11.0,1.739932e-09
28,79,12.0,1.772787e-08
28,79,13.0,5.603867e-08
28,79,14.0,2.09226e-08
28,80,0.0,0.0
28,80,1.0,0.0
28,80,2.0,2.2298625e-10
28,80,3.0,2.0918264e-10
28,80,4.0,2.387412e-09
28,80,5.0,1.1962361e-09
28,80,6.0,3.2166306e-10
28,80,7.0,0.0
28,80,8.0,0.0
28,80,9.0,2.888708e-10
28,80,10.0,4.503802e-09
28,80,11.0,3.149955e-08
28,80,12.0,1.4758026e-09
28,80,13.0,1.2278659e-10
28,80,14.0,2.2306819e-13
28,81,0.0,1.2752997e-07
28,81,1.0,4.5706265e-09
28,81,2.0,1.627447e-08
28,81,3.0,8.289472e-08
28,81,4.0,2.094578e-07
28,81,5.0,3.1117298e-07
28,81,6.0,2.8846753e-07
28,81,7.0,1.6052073e-07
28,81,8.0,5.908973e-08
28,81,9.0,1.1302494e-08
28,81,10.0,4.5550927e-08
28,81,11.0,4.23463e-08
28,81,12.0,9.334101e-16
28,81,13.0,1.4370189e-08
28,81,14.0,3.320615e-09
28,82,0.0,3.0837107e-08
28,82,1.0,1.2467208e-08
28,82,2.0,8.1203204e-08
28,82,3.0,1.5518896e-07
28,82,4.0,1.17006806e-07
28,82,5.0,1.1592907e-07
28,82,6.0,3.6085975e-08
28,82,7.0,9.753367e-09
28,82,8.0,1.5155964e-09
28,82,9.0,5.277613e-08
28,82,10.0,1.6955306e-09
28,82,11.0,1.44452805e-08
28,82,12.0,1.6993242e-08
28,82,13.0,7.608518e-10
28,82,14.0,5.249873e-09
29,66,0.0,1.0974602e-08
29,66,1.0,2.455928e-09
29,66,2.0,0.0
29,66,3.0,1.1292958e-08
29,66,4.0,1.4245545e-07
29,66,5.0,1.8861233e-07
29,66,6.0,5.1027094e-09
29,66,7.0,9.24675e-08
29,66,8.0,3.3659326e-08
29,66,9.0,3.3916898e-08
29,66,10.0,6.923642e-08
29,66,11.0,0.0
29,66,12.0,6.222895e-08
29,66,13.0,1.9817727e-09
29,66,14.0,2.8719093e-12
29,67,0.0,2.7340274e-12
29,67,1.0,5.225465e-08
29,67,2.0,2.3248917e-08
29,67,3.0,0.0
29,67,4.0,2.8805979e-12
29,67,5.0,1.9211846e-08
29,67,6.0,5.2402482e-09
29,67,7.0,6.7214095e-10
29,67,8.0,4.389044e-09
29,67,9.0,1.1400819e-08
29,67,10.0,2.543397e-07
29,67,11.0,4.001675e-08
29,67,12.0,2.3107837e-08
29,67,13.0,5.091551e-08
29,67,14.0,1.2077223e-09
29,68,0.0,0.0
29,68,1.0,0.0
29,68,2.0,0.0
29,68,3.0,0.0
29,68,4.0,0.0
29,68,5.0,2.0974054e-10
29,68,6.0,0.0
29,68,7.0,0.0
29,68,8.0,9.865764e-10
29,68,9.0,0.0
29,68,10.0,4.9565042e-08
29,68,11.0,1.4888689e-12
29,68,12.0,7.173105e-11
29,68,13.0,1.8446597e-08
29,68,14.0,7.305266e-08
29,69,0.0,1.0613238e-09
29,69,1.0,0.0
29,69,2.0,8.252205e-08
29,69,3.0,1.0351414e-07
29,69,4.0,6.359806e-06
29,69,5.0,2.1437957e-06
29,69,6.0,7.8777913e-07
29,69,7.0,3.7671848e-07
29,69,8.0,5.116509e-07
29,69,9.0,1.6613406e-08
29,69,10.0,1.8319938e-08
29,69,11.0,5.2107707e-06
29,69,12.0,1.5176548e-05
29,69,13.0,1.0184013e-05
29,69,14.0,4.279368e-06
29,70,0.0,0.0
29,70,1.0,6.979986e-11
29,70,2.0,0.0
29,70,3.0,0.0
29,70,4.0,1.8407374e-05
29,70,5.0,7.0695605e-05
29,70,6.0,1.6878628e-05
29,70,7.0,7.4266274e-05
29,70,8.0,1.8729397e-05
29,70,9.0,2.0627154e-05
29,70,10.0,2.5708277e-05
29,70,11.0,5.0267467e-05
29,70,12.0,0.00014888673
29,70,13.0,0.00012880785
29,70,14.0,0.000105924555
29,71,0.0,8.629567e-08
29,71,1.0,2.093726e-07
29,71,2.0,6.0685827e-05
29,71,3.0,7.683927e-05
29,71,4.0,0.00012947027
29,71,5.0,0.00021759975
29,71,6.0,0.0004198177
29,71,7.0,0.00038702085
29,71,8.0,0.00017437921
29,71,9.0,0.00019512865
29,71,10.0,0.00019346504
29,71,11.0,0.00026513892
29,71,12.0,0.00029691265
29,71,13.0,0.00027888568
29,71,14.0,0.0002663034
29,72,0.0,2.9431908e-06
29,72,1.0,2.054678e-05
29,72,2.0,3.308476e-05
29,72,3.0,6.217865e-05
29,72,4.0,0.0002011571
29,72,5.0,0.00038189863
29,72,6.0,0.0005321656
29,72,7.0,0.0005192195
29,72,8.0,0.00033904193
29,72,9.0,0.00024771882
29,72,10.0,0.00060178735
29,72,11.0,0.00074489915
29,72,12.0,0.0006983801
29,72,13.0,0.0010205241
29,72,14.0,0.00047853088
29,73,0.0,2.0958612e-05
29,73,1.0,0.00010540077
29,73,2.0,0.0002569267
29,73,3.0,0.0002547978
29,73,4.0,0.00057030725
29,73,5.0,0.0009788203
29,73,6.0,0.0013326817
29,73,7.0,0.0013058817
29,73,8.0,0.0010237767
29,73,9.0,0.00078718347
29,73,10.0,0.0011745396
29,73,11.0,0.0010877408
29,73,12.0,0.0013774027
29,73,13.0,0.0011906258
29,73,14.0,0.0014063381
29,74,0.0,9.503438e-06
29,74,1.0,9.352484e-05
29,74,2.0,0.00018832879
29,74,3.0,0.00015012287
29,74,4.0,0.00038375374
29,74,5.0,0.0005647032
29,74,6.0,0.0008268056
29,74,7.0,0.0009710283
29,74,8.0,0.00082703633
29,74,9.0,0.0006908825
29,74,10.0,0.00082068524
29,74,11.0,0.0010853277
29,74,12.0,0.0010224871
29,74,13.0,0.0009990514
29,74,14.0,0.0015027254
29,75,0.0,2.1464808e-05
29,75,1.0,9.9451194e-05
29,75,2.0,0.00018821316
29,75,3.0,0.00015464619
29,75,4.0,0.0002618052
29,75,5.0,0.0006799086
29,75,6.0,0.00067524164
29,75,7.0,0.0007223228
29,75,8.0,0.00057576346
29,75,9.0,0.00076730375
29,75,10.0,0.0006537628
29,75,11.0,0.0009182297
29,75,12.0,0.0008340709
29,75,13.0,0.0006126394
29,75,14.0,0.0008843002
29,76,0.0,5.223198e-06
29,76,1.0,6.991967e-05
29,76,2.0,0.00012424687
29,76,3.0,0.00015226136
29,76,4.0,0.00031602825
29,76,5.0,0.0004968496
29,76,6.0,0.00063372793
29,76,7.0,0.0007925569
29,76,8.0,0.00043311383
29,76,9.0,0.00033958672
29,76,10.0,0.0004904199
29,76,11.0,0.0003857199
29,76,12.0,0.00038388613
29,76,13.0,0.00028630844
29,76,14.0,0.00032629044
29,77,0.0,5.7699476e-06
29,77,1.0,0.00011439774
29,77,2.0,0.00018428452
29,77,3.0,0.00016046072
29,77,4.0,0.00021499583
29,77,5.0,0.00024606727
29,77,6.0,0.00033386628
29,77,7.0,0.00041453683
29,77,8.0,0.00031452408
29,77,9.0,0.00029742584
29,77,10.0,0.0003793217
29,77,11.0,0.00043682856
29,77,12.0,0.000355828
29,77,13.0,0.00034112018
29,77,14.0,0.00030551833
29,78,0.0,5.759437e-07
29,78,1.0,9.983594e-06
29,78,2.0,1.4509136e-05
29,78,3.0,5.326146e-05
29,78,4.0,4.4961816e-05
29,78,5.0,9.268459e-05
29,78,6.0,0.0001761945
29,78,7.0,0.00010324499
29,78,8.0,0.0001636218
29,78,9.0,8.211664e-05
29,78,10.0,0.00015964174
29,78,11.0,8.552174e-05
29,78,12.0,6.911796e-05
29,78,13.0,0.0001000237
29,78,14.0,9.2609785e-05
29,79,0.0,1.4546113e-06
29,79,1.0,1.5766835e-05
29,79,2.0,1.5149522e-05
29,79,3.0,3.652272e-05
29,79,4.0,4.7362566e-05
29,79,5.0,2.2510441e-05
29,79,6.0,2.8707233e-05
29,79,7.0,3.6412515e-05
29,79,8.0,2.4526566e-05
29,79,9.0,5.757355e-06
29,79,10.0,1.2567412e-05
29,79,11.0,1.0389354e-05
29,79,12.0,1.9003695e-05
29,79,13.0,3.5473662e-05
29,79,14.0,3.7090907e-05
29,80,0.0,4.6150537e-09
29,80,1.0,1.2097495e-06
29,80,2.0,9.854424e-08
29,80,3.0,9.870267e-07
29,80,4.0,1.4529543e-06
29,80,5.0,2.548133e-08
29,80,6.0,8.033484e-07
29,80,7.0,2.7094604e-06
29,80,8.0,8.3812644e-11
29,80,9.0,2.0210315e-07
29,80,10.0,2.4418324e-07
29,80,11.0,5.963921e-08
29,80,12.0,1.4846636e-08
29,80,13.0,6.592609e-07
29,80,14.0,8.260972e-08
29,81,0.0,1.6893728e-10
29,81,1.0,4.593351e-07
29,81,2.0,2.8427942e-07
29,81,3.0,8.1259105e-07
29,81,4.0,1.3505442e-07
29,81,5.0,0.0
29,81,6.0,6.691942e-08
29,81,7.0,1.9693034e-09
29,81,8.0,2.620596e-07
29,81,9.0,3.1267876e-07
29,81,10.0,6.1905865e-07
29,81,11.0,5.047089e-08
29,81,12.0,1.7747476e-08
29,81,13.0,1.1486023e-12
29,81,14.0,1.14533885e-08
29,82,0.0,0.0
29,82,1.0,0.0
29,82,2.0,3.493518e-10
29,82,3.0,6.8468275e-08
29,82,4.0,1.2447106e-07
29,82,5.0,8.909806e-10
29,82,6.0,8.351294e-09
29,82,7.0,4.0211554e-10
29,82,8.0,0.0
29,82,9.0,4.6178193e-11
29,82,10.0,3.146349e-08
29,82,11.0,1.8537824e-07
29,82,12.0,7.455468e-10
29,82,13.0,0.0
29,82,14.0,3.3827264e-11
29,83,0.0,4.27312e-07
29,83,1.0,0.0
29,83,2.0,9.4927755e-09
29,83,3.0,6.6725674e-11
29,83,4.0,3.1631046e-07
29,83,5.0,7.3693585e-08
29,83,6.0,1.5574756e-08
29,83,7.0,1.7644287e-07
29,83,8.0,4.2090306e-07
29,83,9.0,9.2771023e-07
29,83,10.0,1.1413387e-07
29,83,11.0,3.420742e-08
29,83,12.0,2.459585e-07
29,83,13.0,1.3427257e-07
29,83,14.0,9.657783e-09
29,84,0.0,8.3555356e-08
29,84,1.0,0.0
29,84,2.0,0.0
29,84,3.0,3.6398475e-08
29,84,4.0,0.0
29,84,5.0,0.0
29,84,6.0,2.5816682e-08
29,84,7.0,0.0
29,84,8.0,7.899272e-10
29,84,9.0,1.0276853e-08
29,84,10.0,1.8032496e-14
29,84,11.0,7.951885e-13
29,84,12.0,8.36292e-12
29,84,13.0,2.0003234e-14
29,84,14.0,9.330118e-09
30,66,0.0,1.0922442e-15
30,66,1.0,2.9995378e-11
30,66,2.0,1.2413566e-08
30,66,3.0,2.5142118e-08
30,66,4.0,2.6528262e-08
30,66,5.0,5.4036676e-08
30,66,6.0,4.4707164e-08
30,66,7.0,5.5370855e-08
30,66,8.0,2.3818796e-09
30,66,9.0,1.0943319e-08
30,66,10.0,1.4218612e-09
30,66,11.0,6.7896494e-10
30,66,12.0,0.0
30,66,13.0,0.0
30,66,14.0,0.0
30,67,0.0,1.4027671e-08
30,67,1.0,3.4550833e-08
30,67,2.0,5.2179296e-08
30,67,3.0,4.359721e-08
30,67,4.0,5.3516775e-08
30,67,5.0,3.2012544e-08
30,67,6.0,3.6932917e-08
30,67,7.0,8.8443166e-08
30,67,8.0,1.6320552e-08
30,67,9.0,1.2429517e-09
30,67,10.0,5.9921035e-10
30,67,11.0,9.679699e-10
30,67,12.0,1.087156e-08
30,67,13.0,9.501033e-09
30,67,14.0,7.3683726e-09
30,68,0.0,0.0
30,68,1.0,5.893103e-10
30,68,2.0,4.6793885e-10
30,68,3.0,1.1513682e-09
30,68,4.0,1.6690397e-13
30,68,5.0,2.8937732e-08
30,68,6.0,2.9249645e-09
30,68,7.0,7.508249e-09
30,68,8.0,1.8050569e-09
30,68,9.0,1.7380097e-08
30,68,10.0,7.526559e-08
30,68,11.0,1.212745e-07
30,68,12.0,4.302403e-07
30,68,13.0,1.5228744e-07
30,68,14.0,5.063004e-08
30,69,0.0,3.82084e-09
30,69,1.0,0.0
30,69,2.0,8.5099785e-09
30,69,3.0,1.138043e-09
30,69,4.0,0.0
30,69,5.0,0.0
30,69,6.0,1.9130204e-14
30,69,7.0,1.0829483e-08
30,69,8.0,3.737128e-09
30,69,9.0,8.506448e-10
30,69,10.0,3.367638e-09
30,69,11.0,2.4173066e-10
30,69,12.0,3.135823e-10
30,69,13.0,2.099443e-10
30,69,14.0,2.2033481e-07
30,70,0.0,0.0
30,70,1.0,0.0
30,70,2.0,0.0
30,70,3.0,0.0
30,70,4.0,0.0
30,70,5.0,0.0
30,70,6.0,0.0
30,70,7.0,6.17975e-08
30,70,8.0,3.8663052e-07
30,70,9.0,2.9587986e-07
30,70,10.0,9.938151e-10
30,70,11.0,7.589926e-09
30,70,12.0,4.8673396e-08
30,70,13.0,2.9290577e-08
30,70,14.0,1.6827784e-13
30,71,0.0,2.1152283e-08
30,71,1.0,1.7298678e-08
30,71,2.0,2.0776821e-07
30,71,3.0,1.3513326e-06
30,71,4.0,8.814427e-06
30,71,5.0,6.516353e-06
30,71,6.0,7.573917e-06
30,71,7.0,4.4829676e-07
30,71,8.0,1.4119474e-08
30,71,9.0,3.3632973e-06
30,71,10.0,2.3127648e-05
30,71,11.0,1.6776212e-05
30,71,12.0,1.2869795e-05
30,71,13.0,9.763047e-06
30,71,14.0,3.855848e-06
30,72,0.0,1.9471065e-06
30,72,1.0,3.209253e-06
30,72,2.0,3.152567e-05
30,72,3.0,2.5428531e-05
30,72,4.0,0.00010396824
30,72,5.0,0.00011084883
30,72,6.0,9.700714e-05
30,72,7.0,0.00011096162
30,72,8.0,0.00011360468
30,72,9.0,0.00017105644
30,72,10.0,0.00017797523
30,72,11.0,0.00020686249
30,72,12.0,0.00018259783
30,72,13.0,0.0001495806
30,72,14.0,0.00015766328
30,73,0.0,4.6054934e-06
30,73,1.0,5.940347e-06
30,73,2.0,2.997088e-05
30,73,3.0,0.000255561
30,73,4.0,0.00050289935
30,73,5.0,0.000550747
30,73,6.0,0.00056228106
30,73,7.0,0.00033991146
30,73,8.0,0.0003449822
30,73,9.0,0.0004266169
30,73,10.0,0.000651
30,73,11.0,0.00067624263
30,73,12.0,0.0005438731
30,73,13.0,0.0006682087
30,73,14.0,0.0008569798
30,74,0.0,6.1461455e-05
30,74,1.0,0.0002926643
30,74,2.0,0.0007470259
30,74,3.0,0.0014468601
30,74,4.0,0.0027002154
30,74,5.0,0.0035474603
30,74,6.0,0.0031497611
30,74,7.0,0.0027249476
30,74,8.0,0.0019799327
30,74,9.0,0.0021389753
30,74,10.0,0.00375118
30,74,11.0,0.00424752
30,74,12.0,0.0035513756
30,74,13.0,0.003285418
30,74,14.0,0.0025627573
30,75,0.0,0.00019582275
30,75,1.0,0.00083705614
30,75,2.0,0.0020663226
30,75,3.0,0.0034265432
30,75,4.0,0.0049733953
30,75,5.0,0.006515837
30,75,6.0,0.0059979865
30,75,7.0,0.004328017
30,75,8.0,0.004095235
30,75,9.0,0.0039404067
30,75,10.0,0.0032416107
30,75,11.0,0.0036812401
30,75,12.0,0.003990042
30,75,13.0,0.0033430618
30,75,14.0,0.0033642834
30,76,0.0,0.0009959895
30,76,1.0,0.00290564
30,76,2.0,0.0040511684
30,76,3.0,0.007452986
30,76,4.0,0.009566452
30,76,5.0,0.011052868
30,76,6.0,0.010315377
30,76,7.0,0.0074221366
30,76,8.0,0.0076442612
30,76,9.0,0.0064211586
30,76,10.0,0.0060899076
30,76,11.0,0.0070161405
30,76,12.0,0.006325118
30,76,13.0,0.005290427
30,76,14.0,0.00506378
30,77,0.0,0.0008452105
30,77,1.0,0.0032007229
30,77,2.0,0.004882469
30,77,3.0,0.005906099
30,77,4.0,0.008873973
30,77,5.0,0.0126076965
30,77,6.0,0.011689311
30,77,7.0,0.009951155
30,77,8.0,0.006154205
30,77,9.0,0.006659991
30,77,10.0,0.007819973
30,77,11.0,0.008305121
30,77,12.0,0.007599844
30,77,13.0,0.0064871777
30,77,14.0,0.0051384466
30,78,0.0,0.0016424312
30,78,1.0,0.0026979595
30,78,2.0,0.005476354
30,78,3.0,0.009977664
30,78,4.0,0.011300802
30,78,5.0,0.014280703
30,78,6.0,0.011484898
30,78,7.0,0.0070486884
30,78,8.0,0.0062438603
30,78,9.0,0.0059822574
30,78,10.0,0.008049731
30,78,11.0,0.009188645
30,78,12.0,0.009472174
30,78,13.0,0.006315709
30,78,14.0,0.005251678
30,79,0.0,0.00035188327
30,79,1.0,0.0010194844
30,79,2.0,0.0025833081
30,79,3.0,0.0030728779
30,79,4.0,0.0048181075
30,79,5.0,0.0044726953
30,79,6.0,0.006492324
30,79,7.0,0.0031413876
30,79,8.0,0.0024589265
30,79,9.0,0.002752764
30,79,10.0,0.0029780976
30,79,11.0,0.0037313083
30,79,12.0,0.0031365058
30,79,13.0,0.0031780445
30,79,14.0,0.001853956
30,80,0.0,0.00012440266
30,80,1.0,0.00026590636
30,80,2.0,0.0007076558
30,80,3.0,0.0009264196
30,80,4.0,0.0010826179
30,80,5.0,0.0010850469
30,80,6.0,0.0010183303
30,80,7.0,0.0008343986
30,80,8.0,0.0005447935
30,80,9.0,0.0007410685
30,80,10.0,0.0010437061
30,80,11.0,0.0010506274
30,80,12.0,0.000622073
30,80,13.0,0.00048694632
30,80,14.0,0.00031649458
30,81,0.0,2.5543643e-06
30,81,1.0,1.4705565e-08
30,81,2.0,3.7259534e-07
30,81,3.0,1.125802e-06
30,81,4.0,8.668939e-06
30,81,5.0,1.2948329e-05
30,81,6.0,3.173909e-06
30,81,7.0,2.4715414e-06
30,81,8.0,8.4796475e-06
30,81,9.0,1.7187132e-05
30,81,10.0,2.1046912e-05
30,81,11.0,1.6825075e-05
30,81,12.0,7.081572e-05
30,81,13.0,1.5522812e-05
30,81,14.0,8.829913e-06
30,82,0.0,1.7755076e-07
30,82,1.0,4.385566e-07
30,82,2.0,2.4481621e-06
30,82,3.0,1.606762e-06
30,82,4.0,4.014378e-06
30,82,5.0,1.0565014e-06
30,82,6.0,3.8555035e-07
30,82,7.0,8.5266686e-07
30,82,8.0,3.2054024e-07
30,82,9.0,1.8961448e-07
30,82,10.0,8.259687e-07
30,82,11.0,1.2503685e-07
30,82,12.0,5.1488854e-08
30,82,13.0,1.565551e-06
30,82,14.0,5.162122e-06
30,83,0.0,1.9712921e-08
30,83,1.0,4.0639114e-07
30,83,2.0,1.820357e-09
30,83,3.0,2.9182097e-12
30,83,4.0,1.0919578e-11
30,83,5.0,2.6093543e-14
30,83,6.0,0.0
30,83,7.0,1.330882e-12
30,83,8.0,3.880316e-07
30,83,9.0,6.6134294e-07
30,83,10.0,1.88612e-08
30,83,11.0,3.6709206e-08
30,83,12.0,1.5399748e-07
30,83,13.0,1.0020209e-06
30,83,14.0,4.687987e-07
30,84,0.0,2.0673187e-07
30,84,1.0,2.80975e-08
30,84,2.0,5.929085e-09
30,84,3.0,8.947855e-09
30,84,4.0,2.1471468e-08
30,84,5.0,3.5639243e-08
30,84,6.0,9.633071e-08
30,84,7.0,2.866732e-08
30,84,8.0,4.1442895e-08
30,84,9.0,1.016284e-07
30,84,10.0,7.671908e-08
30,84,11.0,7.855954e-09
30,84,12.0,2.6885388e-08
30,84,13.0,2.0067748e-11
30,84,14.0,1.5041045e-09
30,85,0.0,5.396862e-10
30,85,1.0,3.1450536e-08
30,85,2.0,8.838673e-10
30,85,3.0,3.490492e-09
30,85,4.0,3.1244676e-10
30,85,5.0,8.970616e-10
30,85,6.0,1.16106676e-07
30,85,7.0,1.869331e-08
30,85,8.0,0.0
30,85,9.0,3.8721356e-13
30,85,10.0,1.0834843e-09
30,85,11.0,0.0
30,85,12.0,1.4151773e-08
30,85,13.0,8.8625045e-11
30,85,14.0,8.6016314e-08
30,86,0.0,1.12488e-09
30,86,1.0,3.1309386e-09
30,86,2.0,5.3835264e-10
30,86,3.0,1.5074978e-08
30,86,4.0,2.2816097e-08
30,86,5.0,7.364865e-09
30,86,6.0,4.8805568e-08
30,86,7.0,1.0395265e-08
30,86,8.0,6.124775e-09
30,86,9.0,8.736174e-08
30,86,10.0,1.2495285e-07
30,86,11.0,3.2859894e-08
30,86,12.0,3.4186137e-08
30,86,13.0,4.2035023e-08
30,86,14.0,2.7057803e-10
31,67,0.0,3.8969478e-10
31,67,1.0,2.5073637e-08
31,67,2.0,0.0
31,67,3.0,1.5821348e-08
31,67,4.0,1.80565e-08
31,67,5.0,6.5886887e-09
31,67,6.0,6.5131525e-11
31,67,7.0,1.8615488e-10
31,67,8.0,2.4248385e-08
31,67,9.0,3.5603567e-09
31,67,10.0,9.94975e-09
31,67,11.0,0.0
31,67,12.0,7.026997e-08
31,67,13.0,1.530664e-07
31,67,14.0,1.149451e-07
31,68,0.0,0.0
31,68,1.0,3.807244e-09
31,68,2.0,4.5229043e-09
31,68,3.0,6.470838e-07
31,68,4.0,9.90103e-09
31,68,5.0,7.954617e-08
31,68,6.0,4.6224457e-07
31,68,7.0,0.0
31,68,8.0,1.6821228e-10
31,68,9.0,7.08436e-09
31,68,10.0,1.464986e-07
31,68,11.0,3.222505e-08
31,68,12.0,2.6097027e-08
31,68,13.0,1.7476681e-07
31,68,14.0,4.9863903e-08
31,69,0.0,1.4245195e-07
31,69,1.0,7.9252395e-08
31,69,2.0,4.04941e-12
31,69,3.0,2.4761235e-07
31,69,4.0,2.1278014e-08
31,69,5.0,1.306356e-08
31,69,6.0,1.6483426e-09
31,69,7.0,4.340011e-09
31,69,8.0,8.632736e-09
31,69,9.0,4.3832613e-09
31,69,10.0,6.8821135e-09
31,69,11.0,6.252115e-07
31,69,12.0,2.593556e-07
31,69,13.0,8.68112e-08
31,69,14.0,2.7506333e-09
31,70,0.0,1.0936631e-07
31,70,1.0,2.30797e-08
31,70,2.0,5.440901e-08
31,70,3.0,1.5865042e-07
31,70,4.0,1.6217909e-07
31,70,5.0,4.135527e-07
31,70,6.0,2.2470836e-07
31,70,7.0,2.4860087e-09
31,70,8.0,1.0211215e-09
31,70,9.0,0.0
31,70,10.0,1.7124488e-10
31,70,11.0,3.2298705e-10
31,70,12.0,2.4243494e-09
31,70,13.0,1.4747158e-08
31,70,14.0,3.7314226e-08
31,71,0.0,2.3435184e-07
31,71,1.0,1.0281234e-08
31,71,2.0,9.459458e-09
31,71,3.0,0.0
31,71,4.0,6.419442e-08
31,71,5.0,2.6843363e-08
31,71,6.0,6.401384e-08
31,71,7.0,1.9207738e-09
31,71,8.0,1.3917132e-09
31,71,9.0,5.8546533e-07
31,71,10.0,0.0
31,71,11.0,2.646142e-08
31,71,12.0,1.8429863e-09
31,71,13.0,1.1240698e-09
31,71,14.0,2.8287353e-08
31,72,0.0,2.8578904e-09
31,72,1.0,0.0
31,72,2.0,0.0
31,72,3.0,1.9996252e-08
31,72,4.0,2.9504744e-07
31,72,5.0,6.206862e-07
31,72,6.0,3.8665823e-07
31,72,7.0,5.708272e-08
31,72,8.0,2.5710019e-08
31,72,9.0,5.583618e-08
31,72,10.0,7.509842e-07
31,72,11.0,2.8917118e-06
31,72,12.0,4.607793e-06
31,72,13.0,4.548138e-09
31,72,14.0,1.6532994e-07
31,73,0.0,3.760246e-08
31,73,1.0,0.0
31,73,2.0,2.625231e-08
31,73,3.0,2.816352e-07
31,73,4.0,2.5687714e-06
31,73,5.0,1.9085643e-05
31,73,6.0,6.4062624e-05
31,73,7.0,0.000103162594
31,73,8.0,2.481915e-05
31,73,9.0,2.5675756e-05
31,73,10.0,5.22195e-05
31,73,11.0,6.868833e-05
31,73,12.0,3.2764165e-05
31,73,13.0,1.8567103e-05
31,73,14.0,2.29613e-05
31,74,0.0,2.1838764e-08
31,74,1.0,4.774495e-10
31,74,2.0,9.3978105e-07
31,74,3.0,1.7252443e-05
31,74,4.0,0.00011521331
31,74,5.0,0.000114848786
31,74,6.0,0.00040614494
31,74,7.0,0.00015967205
31,74,8.0,8.956676e-05
31,74,9.0,0.00013948759
31,74,10.0,0.00014968327
31,74,11.0,0.00013090776
31,74,12.0,0.00013100474
31,74,13.0,0.00027617198
31,74,14.0,0.00026460827
31,75,0.0,4.9230926e-05
31,75,1.0,0.00014217827
31,75,2.0,0.00034843496
31,75,3.0,0.0005930963
31,75,4.0,0.000780404
31,75,5.0,0.0015827818
31,75,6.0,0.0019681004
31,75,7.0,0.0020354805
31,75,8.0,0.0007103746
31,75,9.0,0.00081180467
31,75,10.0,0.0013416222
31,75,11.0,0.0011346623
31,75,12.0,0.0011197001
31,75,13.0,0.0013001277
31,75,14.0,0.00095261337
31,76,0.0,6.263655e-05
31,76,1.0,0.0005360993
31,76,2.0,0.0009420307
31,76,3.0,0.0015105006
31,76,4.0,0.0026755678
31,76,5.0,0.0034692683
31,76,6.0,0.003910454
31,76,7.0,0.0032288816
31,76,8.0,0.0015487649
31,76,9.0,0.0019353091
31,76,10.0,0.0023492482
31,76,11.0,0.0025517673
31,76,12.0,0.002348096
31,76,13.0,0.0032348973
31,76,14.0,0.0028267635
31,77,0.0,0.0007140381
31,77,1.0,0.0026343523
31,77,2.0,0.005004987
31,77,3.0,0.0065367655
31,77,4.0,0.010682955
31,77,5.0,0.011869947
31,77,6.0,0.010718976
31,77,7.0,0.010354566
31,77,8.0,0.0058856835
31,77,9.0,0.005402153
31,77,10.0,0.0067591984
31,77,11.0,0.008207549
31,77,12.0,0.010221655
31,77,13.0,0.010599882
31,77,14.0,0.008379881
31,78,0.0,0.00090818934
31,78,1.0,0.0043689106
31,78,2.0,0.006561674
31,78,3.0,0.008975836
31,78,4.0,0.013277371
31,78,5.0,0.017550284
31,78,6.0,0.017989045
31,78,7.0,0.015272025
31,78,8.0,0.0098999925
31,78,9.0,0.008647704
31,78,10.0,0.011728328
31,78,11.0,0.011272699
31,78,12.0,0.011659315
31,78,13.0,0.010292365
31,78,14.0,0.008646453
31,79,0.0,0.0035488866
31,79,1.0,0.0077508795
31,79,2.0,0.017623918
31,79,3.0,0.023374332
31,79,4.0,0.024048425
31,79,5.0,0.030065577
31,79,6.0,0.028753446
31,79,7.0,0.025689948
31,79,8.0,0.015668234
31,79,9.0,0.016528742
31,79,10.0,0.015354827
31,79,11.0,0.017367639
31,79,12.0,0.019114252
31,79,13.0,0.019046443
31,79,14.0,0.016285561
31,80,0.0,0.002423202
31,80,1.0,0.004855282
31,80,2.0,0.009365824
31,80,3.0,0.012361286
31,80,4.0,0.019941388
31,80,5.0,0.01728218
31,80,6.0,0.017748034
31,80,7.0,0.015810475
31,80,8.0,0.009231027
31,80,9.0,0.010190255
31,80,10.0,0.010106803
31,80,11.0,0.013318409
31,80,12.0,0.0158816
31,80,13.0,0.012850199
31,80,14.0,0.009126912
31,81,0.0,0.0009174505
31,81,1.0,0.0021895359
31,81,2.0,0.0041791596
31,81,3.0,0.0056654587
31,81,4.0,0.007649104
31,81,5.0,0.008222399
31,81,6.0,0.0072090016
31,81,7.0,0.0053789755
31,81,8.0,0.004372702
31,81,9.0,0.0028977715
31,81,10.0,0.003393613
31,81,11.0,0.0041821096
31,81,12.0,0.0041941656
31,81,13.0,0.0049776495
31,81,14.0,0.0034569676
31,82,0.0,0.00025391113
31,82,1.0,0.0002813796
31,82,2.0,0.00089989835
31,82,3.0,0.0011498447
31,82,4.0,0.00071609137
31,82,5.0,0.0014796654
31,82,6.0,0.0010676659
31,82,7.0,0.0009565054
31,82,8.0,0.00074360834
31,82,9.0,0.00069753703
31,82,10.0,0.0006675121
31,82,11.0,0.0013533094
31,82,12.0,0.0010167068
31,82,13.0,0.00071362575
31,82,14.0,0.0007251375
31,83,0.0,1.160136e-05
31,83,1.0,2.1359649e-05
31,83,2.0,0.00011187122
31,83,3.0,0.00010063688
31,83,4.0,0.0001148802
31,83,5.0,0.00011245491
31,83,6.0,0.00017739696
31,83,7.0,0.00015154238
31,83,8.0,5.8260586e-05
31,83,9.0,5.1013278e-05
31,83,10.0,5.6104185e-05
31,83,11.0,6.397521e-05
31,83,12.0,8.45903e-05
31,83,13.0,6.497882e-05
31,83,14.0,0.000115824136
31,84,0.0,4.1241853e-07
31,84,1.0,9.731314e-10
31,84,2.0,0.0
31,84,3.0,2.3899114e-08
31,84,4.0,1.17344285e-07
31,84,5.0,8.5588925e-07
31,84,6.0,1.6177705e-06
31,84,7.0,4.6087156e-09
31,84,8.0,1.5738156e-07
31,84,9.0,3.0807176e-11
31,84,10.0,1.0781341e-10
31,84,11.0,2.025954e-06
31,84,12.0,6.3250636e-06
31,84,13.0,5.2518326e-06
31,84,14.0,2.127712e-06
31,85,0.0,3.3702598e-08
31,85,1.0,1.8329752e-07
31,85,2.0,3.5335643e-09
31,85,3.0,3.0805019e-09
31,85,4.0,8.8364935e-08
31,85,5.0,1.0864401e-07
31,85,6.0,1.7298391e-06
31,85,7.0,4.6222162e-08
31,85,8.0,9.6788455e-08
31,85,9.0,5.9338156e-08
31,85,10.0,7.663064e-10
31,85,11.0,0.0
31,85,12.0,2.7864402e-09
31,85,13.0,2.1145492e-07
31,85,14.0,6.8065134e-07
31,86,0.0,4.980464e-09
31,86,1.0,4.7418855e-08
31,86,2.0,1.3925768e-08
31,86,3.0,0.0
31,86,4.0,5.9200977e-07
31,86,5.0,6.8185835e-07
31,86,6.0,1.4455336e-08
31,86,7.0,0.0
31,86,8.0,1.7801522e-11
31,86,9.0,2.3465496e-10
31,86,10.0,4.9130805e-10
31,86,11.0,2.7068455e-11
31,86,12.0,4.0781908e-10
31,86,13.0,2.031574e-14
31,86,14.0,1.3903623e-08
31,87,0.0,1.492262e-08
31,87,1.0,4.5577186e-09
31,87,2.0,1.5385494e-08
31,87,3.0,5.4223848e-09
31,87,4.0,1.0467246e-08
31,87,5.0,3.2774437e-08
31,87,6.0,0.0
31,87,7.0,9.902934e-11
31,87,8.0,2.0535234e-08
31,87,9.0,1.0467693e-09
31,87,10.0,3.5151457e-10
31,87,11.0,3.9812692e-10
31,87,12.0,1.2325335e-10
31,87,13.0,7.0182026e-08
31,87,14.0,3.1541006e-08
31,88,0.0,2.3070996e-08
31,88,1.0,3.796915e-08
31,88,2.0,1.9792037e-07
31,88,3.0,4.4541997e-09
31,88,4.0,0.0
31,88,5.0,4.375027e-08
31,88,6.0,1.7536468e-07
31,88,7.0,3.300473e-08
31,88,8.0,4.513373e-10
31,88,9.0,1.2122431e-10
31,88,10.0,5.998314e-10
31,88,11.0,2.844917e-12
31,88,12.0,6.4156597e-10
31,88,13.0,8.17668e-09
31,88,14.0,2.7205934e-08
31,89,0.0,8.178025e-10
31,89,1.0,4.0320852e-10
31,89,2.0,2.670461e-07
31,89,3.0,7.418642e-08
31,89,4.0,2.6400878e-08
31,89,5.0,8.2215394e-07
31,89,6.0,4.8181926e-07
31,89,7.0,6.7214893e-07
31,89,8.0,1.6145967e-07
31,89,9.0,5.2104e-07
31,89,10.0,2.9792832e-07
31,89,11.0,4.0000515e-07
31,89,12.0,3.68294e-07
31,89,13.0,8.6130615e-07
31,89,14.0,2.8783742e-07
32,69,0.0,3.6432513e-11
32,69,1.0,1.24205775e-08
32,69,2.0,1.4515268e-07
32,69,3.0,3.6745645e-10
32,69,4.0,4.806321e-09
32,69,5.0,1.4937949e-09
32,69,6.0,4.97396e-07
32,69,7.0,3.2302373e-07
32,69,8.0,2.3073003e-08
32,69,9.0,7.885939e-09
32,69,10.0,9.1140914e-11
32,69,11.0,3.0166333e-08
32,69,12.0,2.8385858e-10
32,69,13.0,2.7686725e-10
32,69,14.0,0.0
32,70,0.0,1.4266425e-09
32,70,1.0,3.5306467e-08
32,70,2.0,4.7979064e-08
32,70,3.0,5.38645e-08
32,70,4.0,2.0153674e-07
32,70,5.0,1.1747998e-08
32,70,6.0,7.769572e-09
32,70,7.0,8.273604e-10
32,70,8.0,0.0
32,70,9.0,1.577918e-08
32,70,10.0,1.2983256e-07
32,70,11.0,4.2692925e-08
32,70,12.0,3.5543792e-08
32,70,13.0,7.4231444e-08
32,70,14.0,2.0569135e-07
32,71,0.0,0.0
32,71,1.0,0.0
32,71,2.0,5.82054e-11
32,71,3.0,9.539033e-08
32,71,4.0,1.7485955e-07
32,71,5.0,2.4849746e-07
32,71,6.0,5.9011153e-08
32,71,7.0,2.260899e-09
32,71,8.0,1.11133005e-08
32,71,9.0,1.2223165e-08
32,71,10.0,3.7805054e-13
32,71,11.0,1.6062134e-10
32,71,12.0,5.354012e-09
32,71,13.0,8.476463e-08
32,71,14.0,9.425316e-09
32,72,0.0,5.5979693e-11
32,72,1.0,0.0
32,72,2.0,0.0
32,72,3.0,3.123411e-09
32,72,4.0,1.0381235e-07
32,72,5.0,1.4410239e-07
32,72,6.0,2.032541e-08
32,72,7.0,6.5290084e-10
32,72,8.0,1.1314521e-08
32,72,9.0,8.533398e-08
32,72,10.0,1.8513342e-07
32,72,11.0,2.5880527e-07
32,72,12.0,1.5548844e-08
32,72,13.0,1.6739699e-07
32,72,14.0,3.373072e-07
32,73,0.0,1.6887586e-14
32,73,1.0,0.0
32,73,2.0,7.0825344e-14
32,73,3.0,0.0
32,73,4.0,9.537616e-15
32,73,5.0,3.7625875e-10
32,73,6.0,1.428203e-11
32,73,7.0,3.2079724e-11
32,73,8.0,0.0
32,73,9.0,0.0
32,73,10.0,0.0
32,73,11.0,0.0
32,73,12.0,0.0
32,73,13.0,0.0
32,73,14.0,1.4658648e-09
32,74,0.0,0.0
32,74,1.0,0.0
32,74,2.0,0.0
32,74,3.0,1.141457e-09
32,74,4.0,1.202605e-07
32,74,5.0,2.579064e-07
32,74,6.0,1.7593439e-07
32,74,7.0,1.7575655e-09
32,74,8.0,8.406416e-09
32,74,9.0,1.6023947e-08
32,74,10.0,8.112803e-09
32,74,11.0,6.354402e-08
32,74,12.0,5.664244e-08
32,74,13.0,3.8104804e-09
32,74,14.0,2.8173368e-09
32,75,0.0,7.74869e-07
32,75,1.0,9.342507e-08
32,75,2.0,2.655051e-05
32,75,3.0,1.692666e-05
32,75,4.0,3.2105192e-05
32,75,5.0,5.181856e-05
32,75,6.0,5.109226e-05
32,75,7.0,2.5063675e-05
32,75,8.0,8.084251e-05
32,75,9.0,0.00023243991
32,75,10.0,0.00015219438
32,75,11.0,0.0001823403
32,75,12.0,5.3591884e-05
32,75,13.0,5.221342e-05
32,75,14.0,2.3483335e-05
32,76,0.0,2.068334e-06
32,76,1.0,2.89799e-05
32,76,2.0,8.423524e-06
32,76,3.0,6.726142e-05
32,76,4.0,9.4515824e-05
32,76,5.0,0.00012502688
32,76,6.0,4.968492e-05
32,76,7.0,4.860255e-05
32,76,8.0,8.493403e-05
32,76,9.0,0.00010805875
32,76,10.0,0.00016374142
32,76,11.0,0.00012809758
32,76,12.0,0.00013715704
32,76,13.0,0.00015425748
32,76,14.0,0.0001238155
32,77,0.0,0.00021877036
32,77,1.0,0.00036321965
32,77,2.0,0.00038834437
32,77,3.0,0.0009318727
32,77,4.0,0.0009812475
32,77,5.0,0.001278401
32,77,6.0,0.0010426097
32,77,7.0,0.00070548704
32,77,8.0,0.00053947687
32,77,9.0,0.0012502013
32,77,10.0,0.0018368507
32,77,11.0,0.00097188365
32,77,12.0,0.0013043808
32,77,13.0,0.0014350667
32,77,14.0,0.0013263666
32,78,0.0,0.0006129955
32,78,1.0,0.0011078977
32,78,2.0,0.0032089094
32,78,3.0,0.004417675
32,78,4.0,0.0033828951
32,78,5.0,0.00265787
32,78,6.0,0.002645336
32,78,7.0,0.003327159
32,78,8.0,0.0025353215
32,78,9.0,0.0037018051
32,78,10.0,0.0033976543
32,78,11.0,0.004066335
32,78,12.0,0.0035479292
32,78,13.0,0.0041539385
32,78,14.0,0.0035024965
32,79,0.0,0.0029905248
32,79,1.0,0.008016055
32,79,2.0,0.0075055854
32,79,3.0,0.0135724535
32,79,4.0,0.01727822
32,79,5.0,0.0179164
32,79,6.0,0.012652141
32,79,7.0,0.011141922
32,79,8.0,0.01072584
32,79,9.0,0.011246397
32,79,10.0,0.010581161
32,79,11.0,0.011225597
32,79,12.0,0.0129139
32,79,13.0,0.01308346
32,79,14.0,0.0133461645
32,80,0.0,0.010500947
32,80,1.0,0.020554157
32,80,2.0,0.032035463
32,80,3.0,0.051098585
32,80,4.0,0.05929569
32,80,5.0,0.05941473
32,80,6.0,0.053011194
32,80,7.0,0.041748345
32,80,8.0,0.033806294
32,80,9.0,0.035437312
32,80,10.0,0.044230048
32,80,11.0,0.03644838
32,80,12.0,0.03444744
32,80,13.0,0.035438344
32,80,14.0,0.037840504
32,81,0.0,0.02075756
32,81,1.0,0.028023012
32,81,2.0,0.040059764
32,81,3.0,0.059382603
32,81,4.0,0.06456789
32,81,5.0,0.0686543
32,81,6.0,0.06379814
32,81,7.0,0.05031675
32,81,8.0,0.052074704
32,81,9.0,0.04249978
32,81,10.0,0.04564966
32,81,11.0,0.050498113
32,81,12.0,0.04308394
32,81,13.0,0.04660625
32,81,14.0,0.042537954
32,82,0.0,0.018171018
32,82,1.0,0.022607094
32,82,2.0,0.027630646
32,82,3.0,0.034832932
32,82,4.0,0.04031161
32,82,5.0,0.043470073
32,82,6.0,0.03733462
32,82,7.0,0.028873648
32,82,8.0,0.027283328
32,82,9.0,0.029230246
32,82,10.0,0.029716605
32,82,11.0,0.025907436
32,82,12.0,0.0265467
32,82,13.0,0.02462306
32,82,14.0,0.021388872
32,83,0.0,0.0067975824
32,83,1.0,0.0072457907
32,83,2.0,0.00836593
32,83,3.0,0.00985484
32,83,4.0,0.014408321
32,83,5.0,0.015105614
32,83,6.0,0.013114417
32,83,7.0,0.008985723
32,83,8.0,0.011017232
32,83,9.0,0.015243504
32,83,10.0,0.012430657
32,83,11.0,0.012223562
32,83,12.0,0.009621077
32,83,13.0,0.013364452
32,83,14.0,0.009174335
32,84,0.0,0.0014204759
32,84,1.0,0.001778094
32,84,2.0,0.0020779895
32,84,3.0,0.004058166
32,84,4.0,0.004362972
32,84,5.0,0.004373953
32,84,6.0,0.003355999
32,84,7.0,0.0019303432
32,84,8.0,0.0022676599
32,84,9.0,0.002516026
32,84,10.0,0.0036106892
32,84,11.0,0.0034299102
32,84,12.0,0.0028400111
32,84,13.0,0.002572195
32,84,14.0,0.0020112374
32,85,0.0,0.00013322866
32,85,1.0,0.00020511409
32,85,2.0,0.00023123292
32,85,3.0,0.00042496144
32,85,4.0,0.00040126598
32,85,5.0,0.00038687763
32,85,6.0,0.00042571206
32,85,7.0,0.00028597956
32,85,8.0,0.00028642942
32,85,9.0,0.0003308904
32,85,10.0,0.0004688286
32,85,11.0,0.00029022343
32,85,12.0,0.0003724412
32,85,13.0,0.00032304227
32,85,14.0,0.00036616254
32,86,0.0,1.4801304e-07
32,86,1.0,2.7181723e-06
32,86,2.0,5.16995e-06
32,86,3.0,1.0271452e-06
32,86,4.0,5.5986634e-06
32,86,5.0,1.4551037e-05
32,86,6.0,1.8270423e-05
32,86,7.0,1.895865e-05
32,86,8.0,2.6179645e-05
32,86,9.0,2.2930355e-05
32,86,10.0,5.773425e-05
32,86,11.0,2.9563926e-05
32,86,12.0,1.0675874e-05
32,86,13.0,1.73885e-05
32,86,14.0,6.294005e-05
32,87,0.0,1.4637866e-08
32,87,1.0,1.457309e-12
32,87,2.0,3.042966e-07
32,87,3.0,1.1380186e-07
32,87,4.0,1.5526613e-08
32,87,5.0,3.953294e-12
32,87,6.0,1.09785596e-07
32,87,7.0,4.7630664e-08
32,87,8.0,1.4623812e-07
32,87,9.0,6.295684e-08
32,87,10.0,9.24517e-08
32,87,11.0,7.7678246e-11
32,87,12.0,1.3335156e-09
32,87,13.0,9.2349346e-08
32,87,14.0,5.6373517e-07
32,88,0.0,1.2761366e-07
32,88,1.0,0.0
32,88,2.0,1.4023344e-07
32,88,3.0,4.2310067e-08
32,88,4.0,1.3545524e-09
32,88,5.0,1.3396262e-07
32,88,6.0,3.0784322e-09
32,88,7.0,4.968319e-09
32,88,8.0,0.0
32,88,9.0,0.0
32,88,10.0,0.0
32,88,11.0,5.939619e-08
32,88,12.0,1.36071625e-08
32,88,13.0,3.402366e-07
32,88,14.0,5.1768666e-11
32,89,0.0,1.616909e-08
32,89,1.0,2.9881384e-08
32,89,2.0,9.0754165e-10
32,89,3.0,3.1575723e-08
32,89,4.0,9.4457484e-08
32,89,5.0,4.4385136e-08
32,89,6.0,8.507953e-08
32,89,7.0,1.0611465e-09
32,89,8.0,1.691973e-08
32,89,9.0,6.138735e-09
32,89,10.0,4.058776e-08
32,89,11.0,5.8661076e-09
32,89,12.0,1.7016497e-08
32,89,13.0,2.6841613e-08
32,89,14.0,2.5822265e-08
32,90,0.0,8.651135e-08
32,90,1.0,2.2443292e-08
32,90,2.0,7.370451e-10
32,90,3.0,2.1449627e-09
32,90,4.0,4.6845945e-09
32,90,5.0,2.3041107e-08
32,90,6.0,7.9588524e-08
32,90,7.0,3.7644327e-08
32,90,8.0,9.609329e-09
32,90,9.0,1.3292555e-07
32,90,10.0,8.4487226e-08
32,90,11.0,4.6010865e-10
32,90,12.0,2.7459273e-09
32,90,13.0,2.2879498e-09
32,90,14.0,7.8319026e-08
32,91,0.0,5.5628192e-08
32,91,1.0,2.3572235e-09
32,91,2.0,3.0621575e-08
32,91,3.0,4.5129062e-10
32,91,4.0,0.0
32,91,5.0,0.0
32,91,6.0,7.814404e-11
32,91,7.0,7.921637e-08
32,91,8.0,1.03148684e-10
32,91,9.0,2.0229278e-10
32,91,10.0,0.0
32,91,11.0,0.0
32,91,12.0,0.0
32,91,13.0,4.2833906e-10
32,91,14.0,1.2264375e-08
33,72,0.0,4.5642685e-09
33,72,1.0,4.228686e-08
33,72,2.0,7.423305e-08
33,72,3.0,9.261277e-09
33,72,4.0,4.699508e-08
33,72,5.0,4.8768e-08
33,72,6.0,6.2572056e-08
33,72,7.0,1.4894448e-07
33,72,8.0,0.0
33,72,9.0,0.0
33,72,10.0,0.0
33,72,11.0,2.4536828e-09
33,72,12.0,1.0462189e-08
33,72,13.0,4.032524e-08
33,72,14.0,1.443821e-09
33,73,0.0,1.6002153e-09
33,73,1.0,4.7439546e-08
33,73,2.0,7.719086e-09
33,73,3.0,6.3180856e-09
33,73,4.0,1.2218811e-07
33,73,5.0,2.1918173e-07
33,73,6.0,7.363335e-08
33,73,7.0,4.8357884e-07
33,73,8.0,4.1183568e-09
33,73,9.0,3.493793e-08
33,73,10.0,5.1383402e-08
33,73,11.0,1.8494328e-09
33,73,12.0,0.0
33,73,13.0,5.798997e-10
33,73,14.0,2.2209232e-08
33,74,0.0,0.0
33,74,1.0,4.3106367e-09
33,74,2.0,6.2105045e-08
33,74,3.0,0.0
33,74,4.0,3.3044156e-08
33,74,5.0,0.0
33,74,6.0,7.6266676e-10
33,74,7.0,3.3604425e-07
33,74,8.0,4.3149045e-10
33,74,9.0,6.2515273e-09
33,74,10.0,3.0557604e-08
33,74,11.0,2.2944059e-08
33,74,12.0,2.8096e-09
33,74,13.0,6.9220654e-08
33,74,14.0,2.8749875e-08
33,75,0.0,2.6364972e-13
33,75,1.0,1.5324267e-07
33,75,2.0,1.1376641e-07
33,75,3.0,5.8705836e-09
33,75,4.0,2.9727147e-09
33,75,5.0,1.160542e-11
33,75,6.0,5.517404e-08
33,75,7.0,8.851594e-08
33,75,8.0,3.3311087e-09
33,75,9.0,6.47643e-09
33,75,10.0,4.0536314e-08
33,75,11.0,5.769401e-08
33,75,12.0,7.2776544e-08
33,75,13.0,5.1662656e-08
33,75,14.0,9.4606584e-08
33,76,0.0,6.0093113e-09
33,76,1.0,4.605366e-08
33,76,2.0,1.0057373e-06
33,76,3.0,2.3058285e-06
33,76,4.0,4.433114e-07
33,76,5.0,1.5278566e-08
33,76,6.0,3.8231e-09
33,76,7.0,1.1175214e-07
33,76,8.0,1.0746245e-06
33,76,9.0,4.480437e-08
33,76,10.0,5.490906e-10
33,76,11.0,1.494436e-08
33,76,12.0,5.9911734e-08
33,76,13.0,3.4892573e-06
33,76,14.0,1.9708764e-06
33,77,0.0,0.0
33,77,1.0,2.648821e-07
33,77,2.0,0.0
33,77,3.0,0.0
33,77,4.0,3.929564e-09
33,77,5.0,1.0714152e-08
33,77,6.0,1.9993479e-07
33,77,7.0,3.4404543e-08
33,77,8.0,0.0
33,77,9.0,7.083194e-08
33,77,10.0,0.0
33,77,11.0,1.0957508e-07
33,77,12.0,1.4892428e-05
33,77,13.0,1.772161e-05
33,77,14.0,1.0712713e-05
33,78,0.0,7.823391e-06
33,78,1.0,3.627887e-05
33,78,2.0,1.2398577e-05
33,78,3.0,3.7593534e-05
33,78,4.0,4.2002517e-05
33,78,5.0,2.066098e-05
33,78,6.0,5.0095037e-05
33,78,7.0,7.0098766e-05
33,78,8.0,4.8639024e-05
33,78,9.0,3.950678e-05
33,78,10.0,0.000100644305
33,78,11.0,2.0230424e-05
33,78,12.0,1.2029669e-05
33,78,13.0,1.1208565e-05
33,78,14.0,0.000112625414
33,79,0.0,6.812026e-05
33,79,1.0,0.0003862831
33,79,2.0,0.00035838468
33,79,3.0,0.00050236715
33,79,4.0,0.00065122935
33,79,5.0,0.00028952467
33,79,6.0,0.0004596964
33,79,7.0,0.00061118545
33,79,8.0,0.00043699483
33,79,9.0,0.0004893185
33,79,10.0,0.0006020244
33,79,11.0,0.00028615707
33,79,12.0,0.00046670524
33,79,13.0,0.00064672256
33,79,14.0,0.000986737
33,80,0.0,0.001965602
33,80,1.0,0.002872289
33,80,2.0,0.0052884463
33,80,3.0,0.0052924193
33,80,4.0,0.006008222
33,80,5.0,0.004589495
33,80,6.0,0.0056377463
33,80,7.0,0.005210326
33,80,8.0,0.003947228
33,80,9.0,0.0036909708
33,80,10.0,0.0054864
33,80,11.0,0.004427912
33,80,12.0,0.005480738
33,80,13.0,0.008329354
33,80,14.0,0.009039123
33,81,0.0,0.008762564
33,81,1.0,0.014731931
33,81,2.0,0.023076229
33,81,3.0,0.031365354
33,81,4.0,0.03567729
33,81,5.0,0.030243885
33,81,6.0,0.034897722
33,81,7.0,0.033298746
33,81,8.0,0.023092177
33,81,9.0,0.021396613
33,81,10.0,0.026784798
33,81,11.0,0.026756711
33,81,12.0,0.029008353
33,81,13.0,0.030201025
33,81,14.0,0.026011579
33,82,0.0,0.024279209
33,82,1.0,0.03560967
33,82,2.0,0.043248672
33,82,3.0,0.060160507
33,82,4.0,0.06775178
33,82,5.0,0.061445683
33,82,6.0,0.06694199
33,82,7.0,0.059151977
33,82,8.0,0.047467917
33,82,9.0,0.046370313
33,82,10.0,0.058991883
33,82,11.0,0.0586407
33,82,12.0,0.062460538
33,82,13.0,0.052253067
33,82,14.0,0.05272133
33,83,0.0,0.03833552
33,83,1.0,0.058410596
33,83,2.0,0.07698799
33,83,3.0,0.09515707
33,83,4.0,0.098326415
33,83,5.0,0.102255814
33,83,6.0,0.09718426
33,83,7.0,0.0908326
33,83,8.0,0.072788335
33,83,9.0,0.08792548
33,83,10.0,0.08401963
33,83,11.0,0.078097835
33,83,12.0,0.08034744
33,83,13.0,0.07670741
33,83,14.0,0.079217546
33,84,0.0,0.028372735
33,84,1.0,0.039794695
33,84,2.0,0.060095876
33,84,3.0,0.064065345
33,84,4.0,0.06402895
33,84,5.0,0.06896452
33,84,6.0,0.074876964
33,84,7.0,0.060464628
33,84,8.0,0.056304432
33,84,9.0,0.052451644
33,84,10.0,0.052178144
33,84,11.0,0.05165243
33,84,12.0,0.047128987
33,84,13.0,0.04979204
33,84,14.0,0.04719516
33,85,0.0,0.018324425
33,85,1.0,0.022695448
33,85,2.0,0.035557084
33,85,3.0,0.036803536
33,85,4.0,0.036797818
33,85,5.0,0.03613446
33,85,6.0,0.039182857
33,85,7.0,0.032065578
33,85,8.0,0.023641502
33,85,9.0,0.035262648
33,85,10.0,0.02967049
33,85,11.0,0.029980147
33,85,12.0,0.028956989
33,85,13.0,0.02773827
33,85,14.0,0.02446074
33,86,0.0,0.005273475
33,86,1.0,0.008839082
33,86,2.0,0.010962417
33,86,3.0,0.011585579
33,86,4.0,0.010981715
33,86,5.0,0.012566335
33,86,6.0,0.012656706
33,86,7.0,0.012859879
33,86,8.0,0.012844121
33,86,9.0,0.014675549
33,86,10.0,0.016722927
33,86,11.0,0.015714621
33,86,12.0,0.01445244
33,86,13.0,0.012788837
33,86,14.0,0.007894897
33,87,0.0,0.001299151
33,87,1.0,0.0011205855
33,87,2.0,0.0022648338
33,87,3.0,0.0024198452
33,87,4.0,0.0026605914
33,87,5.0,0.0021173065
33,87,6.0,0.0028428962
33,87,7.0,0.0022344
33,87,8.0,0.0018348345
33,87,9.0,0.0022146322
33,87,10.0,0.0026779133
33,87,11.0,0.002615943
33,87,12.0,0.0027978932
33,87,13.0,0.0028129811
33,87,14.0,0.002448985
33,88,0.0,0.00017279582
33,88,1.0,0.000108276865
33,88,2.0,0.00011397327
33,88,3.0,0.00056560634
33,88,4.0,0.0007147241
33,88,5.0,0.0004638662
33,88,6.0,0.0005119432
33,88,7.0,0.00038374442
33,88,8.0,0.00035660615
33,88,9.0,0.00042109948
33,88,10.0,0.0003551367
33,88,11.0,0.0005069088
33,88,12.0,0.00040501246
33,88,13.0,0.00027603423
33,88,14.0,0.00034635648
33,89,0.0,1.1741487e-06
33,89,1.0,1.4970988e-05
33,89,2.0,4.2929198e-05
33,89,3.0,3.5970334e-05
33,89,4.0,4.41958e-05
33,89,5.0,7.2026494e-05
33,89,6.0,6.952909e-05
33,89,7.0,3.3258064e-05
33,89,8.0,1.1567971e-05
33,89,9.0,9.323851e-06
33,89,10.0,5.562788e-06
33,89,11.0,3.536811e-05
33,89,12.0,0.000109273584
33,89,13.0,0.00012757168
33,89,14.0,7.57617e-05
33,90,0.0,4.1566995e-08
33,90,1.0,6.2604606e-08
33,90,2.0,0.0
33,90,3.0,6.3853443e-09
33,90,4.0,1.8865765e-07
33,90,5.0,8.565046e-08
33,90,6.0,3.847621e-08
33,90,7.0,1.7893578e-06
33,90,8.0,2.4934156e-06
33,90,9.0,7.4707445e-06
33,90,10.0,2.2336208e-06
33,90,11.0,1.9557017e-06
33,90,12.0,2.4113194e-06
33,90,13.0,5.3734943e-06
33,90,14.0,9.232408e-06
33,91,0.0,7.984113e-07
33,91,1.0,3.821164e-07
33,91,2.0,3.304705e-07
33,91,3.0,1.5597901e-07
33,91,4.0,1.9646016e-07
33,91,5.0,1.9758053e-07
33,91,6.0,6.0321696e-07
33,91,7.0,2.526334e-07
33,91,8.0,3.2587398e-06
33,91,9.0,5.0253193e-06
33,91,10.0,1.5727387e-06
33,91,11.0,1.304857e-06
33,91,12.0,2.6953484e-07
33,91,13.0,1.345521e-06
33,91,14.0,4.1424522e-07
33,92,0.0,0.0
33,92,1.0,1.3311496e-09
33,92,2.0,1.1520281e-09
33,92,3.0,2.6020097e-10
33,92,4.0,7.996993e-08
33,92,5.0,1.6154225e-08
33,92,6.0,1.4660724e-08
33,92,7.0,2.1475909e-08
33,92,8.0,8.6649734e-08
33,92,9.0,7.193342e-07
33,92,10.0,3.169183e-07
33,92,11.0,1.5386408e-07
33,92,12.0,9.839912e-08
33,92,13.0,5.0765794e-07
33,92,14.0,2.2848322e-07
33,93,0.0,8.580754e-09
33,93,1.0,1.6029237e-07
33,93,2.0,0.0
33,93,3.0,1.020731e-08
33,93,4.0,9.173024e-09
33,93,5.0,8.498377e-10
33,93,6.0,3.836923e-08
33,93,7.0,2.2429343e-09
33,93,8.0,1.0357538e-07
33,93,9.0,5.3911164e-09
33,93,10.0,1.7917211e-10
33,93,11.0,7.1158945e-09
33,93,12.0,2.473149e-09
33,93,13.0,1.3806346e-10
33,93,14.0,5.5660152e-08
33,94,0.0,0.0
33,94,1.0,1.0877004e-09
33,94,2.0,0.0
33,94,3.0,0.0
33,94,4.0,3.4845948e-09
33,94,5.0,1.0641862e-09
33,94,6.0,1.7909361e-09
33,94,7.0,0.0
33,94,8.0,6.7060274e-11
33,94,9.0,0.0
33,94,10.0,5.6410382e-08
33,94,11.0,2.6540854e-13
33,94,12.0,0.0
33,94,13.0,0.0
33,94,14.0,1.2411992e-10
33,95,0.0,1.9804631e-09
33,95,1.0,1.4533443e-08
33,95,2.0,6.536364e-09
33,95,3.0,0.0
33,95,4.0,5.20317e-08
33,95,5.0,8.29072e-10
33,95,6.0,0.0
33,95,7.0,4.5900737e-09
33,95,8.0,4.3075527e-08
33,95,9.0,7.714964e-09
33,95,10.0,1.3278205e-07
33,95,11.0,3.046489e-07
33,95,12.0,5.901648e-07
33,95,13.0,5.32132e-07
33,95,14.0,4.9507648e-08
34,74,0.0,7.149156e-08
34,74,1.0,2.853123e-10
34,74,2.0,5.4804186e-08
34,74,3.0,1.7501494e-08
34,74,4.0,5.366857e-09
34,74,5.0,2.3449875e-09
34,74,6.0,5.8625926e-09
34,74,7.0,1.8829641e-07
34,74,8.0,1.1270603e-07
34,74,9.0,3.603513e-08
34,74,10.0,1.8801532e-07
34,74,11.0,7.195708e-08
34,74,12.0,0.0
34,74,13.0,4.426584e-15
34,74,14.0,3.984758e-09
34,75,0.0,9.5580065e-11
34,75,1.0,0.0
34,75,2.0,5.0799325e-09
34,75,3.0,2.264497e-09
34,75,4.0,1.5040138e-08
34,75,5.0,1.9417705e-08
34,75,6.0,9.209953e-09
34,75,7.0,1.3121339e-08
34,75,8.0,2.7756531e-08
34,75,9.0,2.023364e-08
34,75,10.0,2.0525253e-09
34,75,11.0,7.688992e-09
34,75,12.0,1.9758975e-10
34,75,13.0,1.1566783e-08
34,75,14.0,2.2542695e-08
34,76,0.0,0.0
34,76,1.0,0.0
34,76,2.0,0.0
34,76,3.0,0.0
34,76,4.0,3.9797818e-10
34,76,5.0,2.5711014e-10
34,76,6.0,1.3122216e-12
34,76,7.0,0.0
34,76,8.0,1.1862621e-08
34,76,9.0,1.1683795e-09
34,76,10.0,3.5965027e-08
34,76,11.0,2.738203e-09
34,76,12.0,6.855813e-08
34,76,13.0,1.5706813e-07
34,76,14.0,4.6012826e-08
34,77,0.0,1.4742421e-09
34,77,1.0,5.1855444e-13
34,77,2.0,1.4318411e-07
34,77,3.0,2.0956986e-07
34,77,4.0,5.5177725e-07
34,77,5.0,3.4521275e-07
34,77,6.0,4.404327e-07
34,77,7.0,1.2740742e-08
34,77,8.0,1.7946803e-09
34,77,9.0,8.750418e-08
34,77,10.0,1.6973145e-07
34,77,11.0,3.782668e-08
34,77,12.0,1.6207699e-07
34,77,13.0,4.99693e-07
34,77,14.0,1.5878976e-07
34,78,0.0,0.0
34,78,1.0,0.0
34,78,2.0,1.238667e-08
34,78,3.0,7.6688e-11
34,78,4.0,1.0120306e-08
34,78,5.0,3.3965488e-08
34,78,6.0,8.9745954e-11
34,78,7.0,1.2899187e-09
34,78,8.0,1.3777973e-08
34,78,9.0,6.1021455e-10
34,78,10.0,1.123938e-08
34,78,11.0,5.132728e-08
34,78,12.0,1.6347002e-07
34,78,13.0,2.1401775e-08
34,78,14.0,4.174148e-08
34,79,0.0,0.0
34,79,1.0,0.0
34,79,2.0,0.0
34,79,3.0,2.332239e-09
34,79,4.0,0.0
34,79,5.0,1.4360911e-10
34,79,6.0,1.2300742e-07
34,79,7.0,9.132813e-06
34,79,8.0,2.6003629e-05
34,79,9.0,6.394337e-05
34,79,10.0,5.3912176e-05
34,79,11.0,1.7143135e-05
34,79,12.0,1.1329234e-05
34,79,13.0,3.7577777e-06
34,79,14.0,5.709258e-07
34,80,0.0,3.4750592e-05
34,80,1.0,6.2888306e-05
34,80,2.0,9.752109e-05
34,80,3.0,8.275064e-05
34,80,4.0,5.4946737e-05
34,80,5.0,9.809377e-05
34,80,6.0,6.814198e-05
34,80,7.0,0.00011997803
34,80,8.0,5.3617125e-05
34,80,9.0,3.11181e-05
34,80,10.0,5.2582855e-05
34,80,11.0,1.7942613e-05
34,80,12.0,0.00011464769
34,80,13.0,0.00013446546
34,80,14.0,0.0002136004
34,81,0.0,0.0013445301
34,81,1.0,0.0020478703
34,81,2.0,0.0024508904
34,81,3.0,0.0022931485
34,81,4.0,0.0023559255
34,81,5.0,0.0024319238
34,81,6.0,0.0019425575
34,81,7.0,0.0017967315
34,81,8.0,0.0019516359
34,81,9.0,0.0023762186
34,81,10.0,0.0037576465
34,81,11.0,0.0039182277
34,81,12.0,0.0027701082
34,81,13.0,0.0038595935
34,81,14.0,0.0059563546
34,82,0.0,0.0064126747
34,82,1.0,0.008064584
34,82,2.0,0.011555925
34,82,3.0,0.009357027
34,82,4.0,0.012454461
34,82,5.0,0.0114074685
34,82,6.0,0.012346038
34,82,7.0,0.011475712
34,82,8.0,0.01388143
34,82,9.0,0.013624101
34,82,10.0,0.015519657
34,82,11.0,0.01630496
34,82,12.0,0.017233338
34,82,13.0,0.020746766
34,82,14.0,0.020118061
34,83,0.0,0.04051363
34,83,1.0,0.04572449
34,83,2.0,0.04598967
34,83,3.0,0.055806015
34,83,4.0,0.056314837
34,83,5.0,0.05115462
34,83,6.0,0.0531069
34,83,7.0,0.0527338
34,83,8.0,0.055087335
34,83,9.0,0.053381316
34,83,10.0,0.057138953
34,83,11.0,0.054481518
34,83,12.0,0.055516817
34,83,13.0,0.07142
34,83,14.0,0.0704453
34,84,0.0,0.053369243
34,84,1.0,0.068210736
34,84,2.0,0.08751935
34,84,3.0,0.09430102
34,84,4.0,0.10477811
34,84,5.0,0.09932505
34,84,6.0,0.09549509
34,84,7.0,0.10139487
34,84,8.0,0.11437506
34,84,9.0,0.108070716
34,84,10.0,0.1076723
34,84,11.0,0.102626055
34,84,12.0,0.099392906
34,84,13.0,0.11452584
34,84,14.0,0.12753758
34,85,0.0,0.14997484
34,85,1.0,0.16827834
34,85,2.0,0.16217007
34,85,3.0,0.14585167
34,85,4.0,0.16759653
34,85,5.0,0.1824906
34,85,6.0,0.17784323
34,85,7.0,0.1895543
34,85,8.0,0.17441943
34,85,9.0,0.19559832
34,85,10.0,0.17592508
34,85,11.0,0.17106396
34,85,12.0,0.16550584
34,85,13.0,0.1791536
34,85,14.0,0.18032524
34,86,0.0,0.14482585
34,86,1.0,0.14833839
34,86,2.0,0.15446296
34,86,3.0,0.15533277
34,86,4.0,0.15304486
34,86,5.0,0.16199996
34,86,6.0,0.1550715
34,86,7.0,0.15766546
34,86,8.0,0.1755354
34,86,9.0,0.17004952
34,86,10.0,0.15731926
34,86,11.0,0.15163194
34,86,12.0,0.14095639
34,86,13.0,0.13354175
34,86,14.0,0.13095114
34,87,0.0,0.10662889
34,87,1.0,0.08217298
34,87,2.0,0.08380407
34,87,3.0,0.10950242
34,87,4.0,0.115355685
34,87,5.0,0.10948708
34,87,6.0,0.08943966
34,87,7.0,0.084556095
34,87,8.0,0.09650183
34,87,9.0,0.09917067
34,87,10.0,0.081154704
34,87,11.0,0.07451659
34,87,12.0,0.07006961
34,87,13.0,0.07514786
34,87,14.0,0.067185715
34,88,0.0,0.038557306
34,88,1.0,0.038471576
34,88,2.0,0.040350314
34,88,3.0,0.041137215
34,88,4.0,0.04493629
34,88,5.0,0.052100334
34,88,6.0,0.050766848
34,88,7.0,0.043534685
34,88,8.0,0.03207154
34,88,9.0,0.03005062
34,88,10.0,0.03521451
34,88,11.0,0.03367664
34,88,12.0,0.03171752
34,88,13.0,0.030028636
34,88,14.0,0.028876372
34,89,0.0,0.0067134197
34,89,1.0,0.008183055
34,89,2.0,0.0069811577
34,89,3.0,0.007774985
34,89,4.0,0.00920916
34,89,5.0,0.009166372
34,89,6.0,0.007404921
34,89,7.0,0.008027785
34,89,8.0,0.0077920007
34,89,9.0,0.009263412
34,89,10.0,0.011888194
34,89,11.0,0.011158767
34,89,12.0,0.009354058
34,89,13.0,0.006910844
34,89,14.0,0.0057416554
34,90,0.0,0.0006973654
34,90,1.0,0.000965937
34,90,2.0,0.00054133765
34,90,3.0,0.00053894916
34,90,4.0,0.00067078724
34,90,5.0,0.00066562375
34,90,6.0,0.00089658186
34,90,7.0,0.0008044856
34,90,8.0,0.000802412
34,90,9.0,0.0008048441
34,90,10.0,0.0008865501
34,90,11.0,0.0010486551
34,90,12.0,0.0014116914
34,90,13.0,0.0013647401
34,90,14.0,0.0012480492
34,91,0.0,0.0001039224
34,91,1.0,4.2999764e-05
34,91,2.0,3.121855e-05
34,91,3.0,7.246939e-05
34,91,4.0,4.4147066e-05
34,91,5.0,4.8063004e-05
34,91,6.0,0.00011879894
34,91,7.0,6.946081e-05
34,91,8.0,6.61827e-05
34,91,9.0,5.7467725e-05
34,91,10.0,3.5895948e-05
34,91,11.0,0.00011750224
34,91,12.0,7.33896e-05
34,91,13.0,5.1916988e-05
34,91,14.0,0.00010152032
34,92,0.0,7.4294854e-07
34,92,1.0,3.664286e-08
34,92,2.0,1.4794598e-06
34,92,3.0,3.1905925e-06
34,92,4.0,9.715741e-07
34,92,5.0,5.4533285e-07
34,92,6.0,1.1350135e-08
34,92,7.0,8.1247364e-08
34,92,8.0,4.218352e-09
34,92,9.0,8.045167e-07
34,92,10.0,1.8516864e-09
34,92,11.0,4.2280885e-08
34,92,12.0,0.0
34,92,13.0,0.0
34,92,14.0,1.2232314e-12
34,93,0.0,5.7983893e-08
34,93,1.0,9.037111e-08
34,93,2.0,4.7955496e-08
34,93,3.0,1.1898306e-07
34,93,4.0,2.3232813e-07
34,93,5.0,1.7108924e-07
34,93,6.0,2.1547766e-07
34,93,7.0,5.358098e-08
34,93,8.0,2.5926244e-07
34,93,9.0,6.259281e-08
34,93,10.0,1.1294527e-07
34,93,11.0,6.574968e-08
34,93,12.0,1.01244225e-07
34,93,13.0,1.00916466e-07
34,93,14.0,1.6605732e-08
34,94,0.0,8.858479e-09
34,94,1.0,2.5597186e-07
34,94,2.0,4.3164584e-07
34,94,3.0,1.7115242e-07
34,94,4.0,6.6544123e-07
34,94,5.0,1.8295243e-07
34,94,6.0,3.0616818e-07
34,94,7.0,3.8178857e-07
34,94,8.0,6.7270037e-07
34,94,9.0,6.0240717e-07
34,94,10.0,1.280585e-06
34,94,11.0,1.354176e-07
34,94,12.0,7.165588e-08
34,94,13.0,9.5300415e-08
34,94,14.0,1.4181406e-07
34,95,0.0,1.9376044e-10
34,95,1.0,4.3308397e-08
34,95,2.0,4.063052e-09
34,95,3.0,7.272332e-09
34,95,4.0,1.7628448e-08
34,95,5.0,5.975485e-08
34,95,6.0,2.2420785e-08
34,95,7.0,5.8706185e-08
34,95,8.0,2.8025682e-09
34,95,9.0,2.7900537e-09
34,95,10.0,3.3551655e-09
34,95,11.0,3.6342773e-09
34,95,12.0,2.7669693e-09
34,95,13.0,3.3274514e-09
34,95,14.0,3.4698044e-09
34,96,0.0,3.1406978e-11
34,96,1.0,5.1989613e-09
34,96,2.0,1.1139677e-09
34,96,3.0,8.5288755e-12
34,96,4.0,9.381178e-10
34,96,5.0,7.390917e-11
34,96,6.0,6.1103442e-09
34,96,7.0,1.25458754e-08
34,96,8.0,4.8923473e-11
34,96,9.0,1.099557e-09
34,96,10.0,1.4267046e-08
34,96,11.0,1.1766842e-08
34,96,12.0,1.3599637e-09
34,96,13.0,1.2239803e-08
34,96,14.0,1.3551187e-11
35,77,0.0,0.0
35,77,1.0,0.0
35,77,2.0,0.0
35,77,3.0,0.0
35,77,4.0,0.0
35,77,5.0,0.0
35,77,6.0,0.0
35,77,7.0,0.0
35,77,8.0,4.2550065e-12
35,77,9.0,1.5544113e-10
35,77,10.0,3.6915136e-08
35,77,11.0,0.0
35,77,12.0,0.0
35,77,13.0,0.0
35,77,14.0,3.397384e-12
35,78,0.0,2.6998997e-10
35,78,1.0,2.2133593e-09
35,78,2.0,2.5454655e-08
35,78,3.0,0.0
35,78,4.0,0.0
35,78,5.0,0.0
35,78,6.0,0.0
35,78,7.0,1.367412e-08
35,78,8.0,2.6504637e-07
35,78,9.0,2.9339897e-06
35,78,10.0,8.8868734e-07
35,78,11.0,2.222573e-06
35,78,12.0,1.8877314e-07
35,78,13.0,2.3533998e-07
35,78,14.0,2.192541e-08
35,79,0.0,0.0
35,79,1.0,1.0418357e-08
35,79,2.0,1.4948317e-06
35,79,3.0,2.2320253e-07
35,79,4.0,4.9045315e-07
35,79,5.0,3.2330973e-07
35,79,6.0,5.5538686e-07
35,79,7.0,9.4898274e-07
35,79,8.0,3.4254017e-06
35,79,9.0,9.770702e-06
35,79,10.0,5.4308043e-07
35,79,11.0,2.6431294e-06
35,79,12.0,3.6930635e-06
35,79,13.0,5.3421836e-06
35,79,14.0,2.1327771e-06
35,80,0.0,4.8660117e-12
35,80,1.0,1.11954614e-08
35,80,2.0,1.0115494e-07
35,80,3.0,7.8642664e-08
35,80,4.0,1.4644827e-06
35,80,5.0,8.277796e-07
35,80,6.0,6.019651e-09
35,80,7.0,3.2439712e-10
35,80,8.0,5.547905e-07
35,80,9.0,1.8007158e-08
35,80,10.0,2.6166485e-06
35,80,11.0,4.920502e-07
35,80,12.0,1.9052629e-06
35,80,13.0,1.977984e-06
35,80,14.0,1.0614243e-06
35,81,0.0,0.0
35,81,1.0,3.95055e-09
35,81,2.0,4.8684615e-06
35,81,3.0,2.7713234e-06
35,81,4.0,2.4398034e-07
35,81,5.0,7.00952e-08
35,81,6.0,9.354586e-09
35,81,7.0,8.297672e-07
35,81,8.0,1.1813765e-05
35,81,9.0,5.0915964e-06
35,81,10.0,1.6586266e-05
35,81,11.0,4.4816392e-05
35,81,12.0,2.8389475e-05
35,81,13.0,6.35359e-05
35,81,14.0,0.000101083075
35,82,0.0,1.5287695e-05
35,82,1.0,3.4877452e-05
35,82,2.0,0.0002598148
35,82,3.0,0.00028034052
35,82,4.0,9.1466325e-05
35,82,5.0,0.00012218648
35,82,6.0,0.000104597166
35,82,7.0,0.00010391148
35,82,8.0,0.00025446055
35,82,9.0,0.00020450825
35,82,10.0,0.00034762546
35,82,11.0,0.0002132738
35,82,12.0,0.00027784356
35,82,13.0,0.0005447206
35,82,14.0,0.0008172615
35,83,0.0,0.0019524933
35,83,1.0,0.0022433912
35,83,2.0,0.0019456848
35,83,3.0,0.0026387416
35,83,4.0,0.0034402383
35,83,5.0,0.0025298796
35,83,6.0,0.0025878511
35,83,7.0,0.0031098442
35,83,8.0,0.002230416
35,83,9.0,0.003554309
35,83,10.0,0.0038996744
35,83,11.0,0.0037506712
35,83,12.0,0.0041706096
35,83,13.0,0.0056960555
35,83,14.0,0.0057929987
35,84,0.0,0.010516335
35,84,1.0,0.008970978
35,84,2.0,0.006107721
35,84,3.0,0.006229566
35,84,4.0,0.007837892
35,84,5.0,0.008680416
35,84,6.0,0.009048526
35,84,7.0,0.0093883835
35,84,8.0,0.0120678
35,84,9.0,0.017897977
35,84,10.0,0.017655082
35,84,11.0,0.016557084
35,84,12.0,0.018094065
35,84,13.0,0.022232812
35,84,14.0,0.024412908
35,85,0.0,0.06184172
35,85,1.0,0.048102845
35,85,2.0,0.06257824
35,85,3.0,0.058448054
35,85,4.0,0.05637438
35,85,5.0,0.056442223
35,85,6.0,0.05894298
35,85,7.0,0.056287803
35,85,8.0,0.07739479
35,85,9.0,0.07230054
35,85,10.0,0.07862759
35,85,11.0,0.084103376
35,85,12.0,0.08185947
35,85,13.0,0.075812206
35,85,14.0,0.09542078
35,86,0.0,0.10785324
35,86,1.0,0.10753658
35,86,2.0,0.10548466
35,86,3.0,0.12120797
35,86,4.0,0.13295966
35,86,5.0,0.13039652
35,86,6.0,0.13753805
35,86,7.0,0.14697659
35,86,8.0,0.14730445
35,86,9.0,0.16957663
35,86,10.0,0.14299604
35,86,11.0,0.15835619
35,86,12.0,0.14941397
35,86,13.0,0.15421773
35,86,14.0,0.167561
35,87,0.0,0.21898739
35,87,1.0,0.197605
35,87,2.0,0.19071509
35,87,3.0,0.21498
35,87,4.0,0.23683706
35,87,5.0,0.23070483
35,87,6.0,0.21927267
35,87,7.0,0.24282661
35,87,8.0,0.255297
35,87,9.0,0.24291067
35,87,10.0,0.22857517
35,87,11.0,0.2130944
35,87,12.0,0.21926916
35,87,13.0,0.20315446
35,87,14.0,0.23372696
35,88,0.0,0.21729353
35,88,1.0,0.20150226
35,88,2.0,0.22463553
35,88,3.0,0.23586579
35,88,4.0,0.23294847
35,88,5.0,0.23910263
35,88,6.0,0.2491439
35,88,7.0,0.27626777
35,88,8.0,0.27096325
35,88,9.0,0.23763713
35,88,10.0,0.24162261
35,88,11.0,0.23607759
35,88,12.0,0.22267981
35,88,13.0,0.2236442
35,88,14.0,0.23357378
35,89,0.0,0.16042075
35,89,1.0,0.13465738
35,89,2.0,0.15869905
35,89,3.0,0.17094223
35,89,4.0,0.16826469
35,89,5.0,0.15955985
35,89,6.0,0.1710958
35,89,7.0,0.14866646
35,89,8.0,0.16112185
35,89,9.0,0.16637702
35,89,10.0,0.16336682
35,89,11.0,0.14523089
35,89,12.0,0.13304898
35,89,13.0,0.13960317
35,89,14.0,0.13510424
35,90,0.0,0.062395625
35,90,1.0,0.06594234
35,90,2.0,0.0871843
35,90,3.0,0.100043684
35,90,4.0,0.09631934
35,90,5.0,0.10461833
35,90,6.0,0.110072516
35,90,7.0,0.07689625
35,90,8.0,0.069496654
35,90,9.0,0.07642167
35,90,10.0,0.08407813
35,90,11.0,0.07465341
35,90,12.0,0.07486683
35,90,13.0,0.07186948
35,90,14.0,0.061811805
35,91,0.0,0.017459825
35,91,1.0,0.0193062
35,91,2.0,0.022892278
35,91,3.0,0.023276301
35,91,4.0,0.023228692
35,91,5.0,0.027011879
35,91,6.0,0.02721263
35,91,7.0,0.01937738
35,91,8.0,0.02244304
35,91,9.0,0.023970364
35,91,10.0,0.022404667
35,91,11.0,0.022782901
35,91,12.0,0.026006738
35,91,13.0,0.024572445
35,91,14.0,0.019884301
35,92,0.0,0.003379436
35,92,1.0,0.0032982065
35,92,2.0,0.004106124
35,92,3.0,0.004527774
35,92,4.0,0.00578255
35,92,5.0,0.006010823
35,92,6.0,0.0053135757
35,92,7.0,0.005231143
35,92,8.0,0.0037074052
35,92,9.0,0.0042577717
35,92,10.0,0.0054637017
35,92,11.0,0.005030838
35,92,12.0,0.0039130514
35,92,13.0,0.003512877
35,92,14.0,0.003956988
35,93,0.0,0.0005657476
35,93,1.0,0.00032140163
35,93,2.0,0.0007569504
35,93,3.0,0.00072628784
35,93,4.0,0.0010576883
35,93,5.0,0.0011263661
35,93,6.0,0.0006130819
35,93,7.0,0.00044731522
35,93,8.0,0.00063844107
35,93,9.0,0.0008081288
35,93,10.0,0.0009627245
35,93,11.0,0.0010371545
35,93,12.0,0.0011370269
35,93,13.0,0.0007894933
35,93,14.0,0.00057901465
35,94,0.0,2.1984484e-05
35,94,1.0,1.684044e-05
35,94,2.0,3.5753445e-05
35,94,3.0,4.8197984e-05
35,94,4.0,2.809943e-05
35,94,5.0,1.4606993e-05
35,94,6.0,2.2714179e-05
35,94,7.0,4.5850233e-05
35,94,8.0,4.2544645e-05
35,94,9.0,8.063391e-05
35,94,10.0,0.00010281459
35,94,11.0,0.00017955144
35,94,12.0,0.00011992952
35,94,13.0,0.00012253833
35,94,14.0,7.7142766e-05
35,95,0.0,9.497688e-08
35,95,1.0,8.169405e-09
35,95,2.0,4.8720292e-08
35,95,3.0,4.04711e-07
35,95,4.0,4.0916344e-08
35,95,5.0,3.02946e-09
35,95,6.0,2.4250908e-09
35,95,7.0,0.0
35,95,8.0,1.7512379e-08
35,95,9.0,7.02995e-07
35,95,10.0,1.7984674e-07
35,95,11.0,1.0171866e-09
35,95,12.0,8.578264e-07
35,95,13.0,2.0412648e-07
35,95,14.0,1.5493638e-06
35,96,0.0,3.3829092e-08
35,96,1.0,7.427947e-11
35,96,2.0,4.1962997e-07
35,96,3.0,4.7276237e-07
35,96,4.0,2.853806e-08
35,96,5.0,2.4793405e-07
35,96,6.0,4.479829e-07
35,96,7.0,2.3031254e-07
35,96,8.0,1.4073777e-07
35,96,9.0,3.6819035e-08
35,96,10.0,1.9045862e-07
35,96,11.0,1.2041402e-08
35,96,12.0,1.9246504e-09
35,96,13.0,1.3251442e-07
35,96,14.0,1.8642952e-07
35,97,0.0,1.3185616e-08
35,97,1.0,7.8733954e-08
35,97,2.0,4.224785e-08
35,97,3.0,4.8454226e-08
35,97,4.0,4.231971e-09
35,97,5.0,1.8719112e-07
35,97,6.0,6.63247e-07
35,97,7.0,5.401887e-07
35,97,8.0,4.206163e-08
35,97,9.0,9.035696e-09
35,97,10.0,6.66065e-08
35,97,11.0,5.606122e-07
35,97,12.0,4.7142507e-08
35,97,13.0,3.9086945e-07
35,97,14.0,1.9869894e-07
35,98,0.0,9.236956e-08
35,98,1.0,1.7400181e-07
35,98,2.0,9.9970805e-08
35,98,3.0,2.9669538e-08
35,98,4.0,1.1904003e-08
35,98,5.0,6.4075127e-09
35,98,6.0,6.776498e-10
35,98,7.0,9.844283e-08
35,98,8.0,5.2196474e-09
35,98,9.0,7.951265e-10
35,98,10.0,9.801165e-11
35,98,11.0,1.4530573e-09
35,98,12.0,1.594679e-07
35,98,13.0,2.9525355e-08
35,98,14.0,4.9940474e-09
35,99,0.0,2.2512944e-15
35,99,1.0,3.0843978e-09
35,99,2.0,6.5810605e-07
35,99,3.0,1.2462567e-08
35,99,4.0,3.61601e-09
35,99,5.0,4.0333555e-07
35,99,6.0,7.990986e-08
35,99,7.0,2.4000948e-07
35,99,8.0,8.1808835e-09
35,99,9.0,2.9634519e-08
35,99,10.0,9.613141e-08
35,99,11.0,4.6414492e-08
35,99,12.0,5.350042e-08
35,99,13.0,6.195087e-07
35,99,14.0,5.167793e-09
35,100,0.0,1.7548167e-09
35,100,1.0,6.9748096e-10
35,100,2.0,1.8083627e-08
35,100,3.0,5.001962e-08
35,100,4.0,7.594386e-09
35,100,5.0,2.0656563e-08
35,100,6.0,2.541144e-12
35,100,7.0,6.559075e-08
35,100,8.0,3.636205e-08
35,100,9.0,6.849199e-08
35,100,10.0,2.5714053e-07
35,100,11.0,5.530986e-07
35,100,12.0,8.091514e-08
35,100,13.0,1.9724894e-07
35,100,14.0,1.0531445e-07
36,79,0.0,1.2495278e-09
36,79,1.0,1.278134e-07
36,79,2.0,3.140081e-07
36,79,3.0,1.3961868e-08
36,79,4.0,2.1025494e-07
36,79,5.0,3.05397e-08
36,79,6.0,0.0
36,79,7.0,7.1943174e-10
36,79,8.0,6.574315e-11
36,79,9.0,1.683782e-08
36,79,10.0,4.6384717e-08
36,79,11.0,2.0407924e-08
36,79,12.0,1.37135685e-11
36,79,13.0,0.0
36,79,14.0,0.0
36,80,0.0,2.1047039e-11
36,80,1.0,5.523028e-08
36,80,2.0,0.0
36,80,3.0,0.0
36,80,4.0,5.9885092e-09
36,80,5.0,1.64833e-15
36,80,6.0,4.1118028e-08
36,80,7.0,5.1666742e-08
36,80,8.0,7.438304e-10
36,80,9.0,1.2494093e-08
36,80,10.0,0.0
36,80,11.0,1.6025994e-09
36,80,12.0,3.6275804e-08
36,80,13.0,1.8595402e-07
36,80,14.0,4.385505e-07
36,81,0.0,1.8069688e-08
36,81,1.0,2.9653827e-07
36,81,2.0,1.06568166e-07
36,81,3.0,1.1165163e-07
36,81,4.0,8.577766e-12
36,81,5.0,8.466518e-08
36,81,6.0,1.6472557e-08
36,81,7.0,1.2301838e-07
36,81,8.0,1.128601e-07
36,81,9.0,3.508564e-07
36,81,10.0,1.360473e-07
36,81,11.0,1.9994155e-07
36,81,12.0,9.610082e-08
36,81,13.0,7.70554e-08
36,81,14.0,1.39089655e-08
36,82,0.0,0.0
36,82,1.0,0.0
36,82,2.0,0.0
36,82,3.0,0.0
36,82,4.0,4.619995e-09
36,82,5.0,1.2168794e-08
36,82,6.0,1.8763924e-08
36,82,7.0,5.693181e-07
36,82,8.0,2.4945379e-08
36,82,9.0,0.0
36,82,10.0,0.0
36,82,11.0,0.0
36,82,12.0,0.0
36,82,13.0,0.0
36,82,14.0,4.3989695e-07
36,83,0.0,3.5635333e-07
36,83,1.0,5.684415e-07
36,83,2.0,1.5698025e-06
36,83,3.0,9.414507e-08
36,83,4.0,1.0113332e-06
36,83,5.0,2.3285977e-06
36,83,6.0,9.718256e-06
36,83,7.0,5.875407e-06
36,83,8.0,9.7916345e-06
36,83,9.0,1.303353e-05
36,83,10.0,5.9408603e-07
36,83,11.0,1.2186435e-07
36,83,12.0,3.3324845e-06
36,83,13.0,3.776547e-05
36,83,14.0,8.0414975e-05
36,84,0.0,0.00018097815
36,84,1.0,5.2767125e-05
36,84,2.0,3.286847e-05
36,84,3.0,6.913073e-06
36,84,4.0,2.053776e-05
36,84,5.0,7.503769e-05
36,84,6.0,8.0124075e-05
36,84,7.0,0.000110614375
36,84,8.0,0.0003113013
36,84,9.0,0.00055351324
36,84,10.0,0.00036615637
36,84,11.0,0.0006089869
36,84,12.0,0.0007896983
36,84,13.0,0.0006400158
36,84,14.0,0.00056041445
36,85,0.0,0.0026741754
36,85,1.0,0.0024840725
36,85,2.0,0.0021771856
36,85,3.0,0.0017774408
36,85,4.0,0.0021049336
36,85,5.0,0.0017342202
36,85,6.0,0.0017545808
36,85,7.0,0.0029281185
36,85,8.0,0.003604592
36,85,9.0,0.003512625
36,85,10.0,0.0034515026
36,85,11.0,0.0037222332
36,85,12.0,0.003948469
36,85,13.0,0.0042098854
36,85,14.0,0.0057440503
36,86,0.0,0.017045232
36,86,1.0,0.014507535
36,86,2.0,0.012671796
36,86,3.0,0.01411693
36,86,4.0,0.010901979
36,86,5.0,0.009270943
36,86,6.0,0.012982794
36,86,7.0,0.018562892
36,86,8.0,0.020744713
36,86,9.0,0.020730453
36,86,10.0,0.019641511
36,86,11.0,0.023941392
36,86,12.0,0.022006344
36,86,13.0,0.026312597
36,86,14.0,0.035806898
36,87,0.0,0.076658286
36,87,1.0,0.07677506
36,87,2.0,0.058117
36,87,3.0,0.05779272
36,87,4.0,0.05363189
36,87,5.0,0.059242077
36,87,6.0,0.060179565
36,87,7.0,0.076282665
36,87,8.0,0.08982784
36,87,9.0,0.08192177
36,87,10.0,0.08194905
36,87,11.0,0.08358637
36,87,12.0,0.082904324
36,87,13.0,0.098289035
36,87,14.0,0.13129942
36,88,0.0,0.2419289
36,88,1.0,0.2304282
36,88,2.0,0.20041913
36,88,3.0,0.17756484
36,88,4.0,0.17349428
36,88,5.0,0.16919509
36,88,6.0,0.1922782
36,88,7.0,0.21671902
36,88,8.0,0.21675263
36,88,9.0,0.18937403
36,88,10.0,0.1818373
36,88,11.0,0.18429749
36,88,12.0,0.19966853
36,88,13.0,0.22266419
36,88,14.0,0.24103804
36,89,0.0,0.47306266
36,89,1.0,0.46984154
36,89,2.0,0.39342612
36,89,3.0,0.37845334
36,89,4.0,0.37216058
36,89,5.0,0.39860445
36,89,6.0,0.41205707
36,89,7.0,0.42003083
36,89,8.0,0.4509906
36,89,9.0,0.3559671
36,89,10.0,0.35715678
36,89,11.0,0.34841365
36,89,12.0,0.36401105
36,89,13.0,0.39049828
36,89,14.0,0.4158964
36,90,0.0,0.6019452
36,90,1.0,0.53457403
36,90,2.0,0.5035799
36,90,3.0,0.49971217
36,90,4.0,0.47175655
36,90,5.0,0.4547702
36,90,6.0,0.4747243
36,90,7.0,0.4815637
36,90,8.0,0.51149064
36,90,9.0,0.49174747
36,90,10.0,0.449951
36,90,11.0,0.4139649
36,90,12.0,0.40151975
36,90,13.0,0.41912198
36,90,14.0,0.44273984
36,91,0.0,0.43120676
36,91,1.0,0.40574783
36,91,2.0,0.36927015
36,91,3.0,0.35811272
36,91,4.0,0.3453307
36,91,5.0,0.3406129
36,91,6.0,0.34819528
36,91,7.0,0.36712143
36,91,8.0,0.35465547
36,91,9.0,0.3186611
36,91,10.0,0.29827696
36,91,11.0,0.27480984
36,91,12.0,0.27220088
36,91,13.0,0.26644385
36,91,14.0,0.2604631
36,92,0.0,0.26053882
36,92,1.0,0.24034795
36,92,2.0,0.21975727
36,92,3.0,0.20588475
36,92,4.0,0.19429888
36,92,5.0,0.1849445
36,92,6.0,0.17862594
36,92,7.0,0.1753537
36,92,8.0,0.17746913
36,92,9.0,0.19330178
36,92,10.0,0.17490655
36,92,11.0,0.15070803
36,92,12.0,0.13544911
36,92,13.0,0.12838197
36,92,14.0,0.13344103
36,93,0.0,0.052627858
36,93,1.0,0.048888113
36,93,2.0,0.04907879
36,93,3.0,0.04865908
36,93,4.0,0.052835803
36,93,5.0,0.054270085
36,93,6.0,0.050002784
36,93,7.0,0.05086121
36,93,8.0,0.050639
36,93,9.0,0.0477515
36,93,10.0,0.042124767
36,93,11.0,0.051485434
36,93,12.0,0.048552927
36,93,13.0,0.040096976
36,93,14.0,0.030713607
36,94,0.0,0.016796608
36,94,1.0,0.019113885
36,94,2.0,0.017799273
36,94,3.0,0.011868451
36,94,4.0,0.014602317
36,94,5.0,0.013815679
36,94,6.0,0.013926474
36,94,7.0,0.012749192
36,94,8.0,0.012352168
36,94,9.0,0.0114680575
36,94,10.0,0.012479328
36,94,11.0,0.0132444175
36,94,12.0,0.012353232
36,94,13.0,0.013405758
36,94,14.0,0.0112571465
36,95,0.0,0.00143451
36,95,1.0,0.001515172
36,95,2.0,0.0021869547
36,95,3.0,0.002317907
36,95,4.0,0.0017199861
36,95,5.0,0.0022989674
36,95,6.0,0.0016867116
36,95,7.0,0.001508138
36,95,8.0,0.0016601887
36,95,9.0,0.001807881
36,95,10.0,0.0019644476
36,95,11.0,0.0018128026
36,95,12.0,0.0013293544
36,95,13.0,0.0012818322
36,95,14.0,0.0012599957
36,96,0.0,0.00013379063
36,96,1.0,0.00015277197
36,96,2.0,0.0001227468
36,96,3.0,0.0001131371
36,96,4.0,0.00011617804
36,96,5.0,0.00015423866
36,96,6.0,0.00023972224
36,96,7.0,0.00019547252
36,96,8.0,0.00018698027
36,96,9.0,0.00025464615
36,96,10.0,0.00021582418
36,96,11.0,0.0002410205
36,96,12.0,0.00024300627
36,96,13.0,0.0003887325
36,96,14.0,0.0003821936
36,97,0.0,1.9967686e-06
36,97,1.0,3.384031e-06
36,97,2.0,3.7722104e-06
36,97,3.0,6.5026034e-06
36,97,4.0,5.026869e-06
36,97,5.0,4.61719e-06
36,97,6.0,6.3404436e-06
36,97,7.0,7.5184876e-06
36,97,8.0,1.2622373e-06
36,97,9.0,2.4313174e-06
36,97,10.0,4.4938292e-06
36,97,11.0,6.458888e-06
36,97,12.0,4.7553162e-06
36,97,13.0,9.10499e-06
36,97,14.0,1.1269828e-05
36,98,0.0,7.7156336e-08
36,98,1.0,4.2435544e-09
36,98,2.0,4.8593183e-09
36,98,3.0,2.265045e-09
36,98,4.0,6.879205e-11
36,98,5.0,0.0
36,98,6.0,0.0
36,98,7.0,0.0
36,98,8.0,0.0
36,98,9.0,0.0
36,98,10.0,6.359295e-11
36,98,11.0,2.6874555e-10
36,98,12.0,0.0
36,98,13.0,1.01396855e-08
36,98,14.0,5.1615837e-07
36,99,0.0,1.4935705e-07
36,99,1.0,2.4046741e-07
36,99,2.0,8.189641e-08
36,99,3.0,1.326794e-09
36,99,4.0,1.9923785e-08
36,99,5.0,6.925881e-08
36,99,6.0,2.381175e-07
36,99,7.0,2.6966825e-08
36,99,8.0,1.5408182e-07
36,99,9.0,1.8326372e-07
36,99,10.0,9.102388e-09
36,99,11.0,9.2030055e-09
36,99,12.0,2.366176e-07
36,99,13.0,1.1203804e-07
36,99,14.0,3.8630898e-07
36,100,0.0,6.788634e-08
36,100,1.0,1.12664246e-07
36,100,2.0,1.1797134e-07
36,100,3.0,1.5972905e-08
36,100,4.0,5.8777023e-09
36,100,5.0,1.2716313e-08
36,100,6.0,3.03556e-08
36,100,7.0,2.9036514e-08
36,100,8.0,2.949905e-08
36,100,9.0,2.9261761e-08
36,100,10.0,1.9423195e-08
36,100,11.0,6.0841515e-08
36,100,12.0,5.215872e-08
36,100,13.0,9.058255e-08
36,100,14.0,1.685245e-08
36,101,0.0,4.0635506e-08
36,101,1.0,3.782377e-08
36,101,2.0,6.9017894e-08
36,101,3.0,1.8917075e-07
36,101,4.0,3.496071e-09
36,101,5.0,9.819757e-09
36,101,6.0,1.7301016e-08
36,101,7.0,5.417983e-10
36,101,8.0,1.2676675e-08
36,101,9.0,1.4761763e-07
36,101,10.0,3.3567883e-08
36,101,11.0,4.2802082e-08
36,101,12.0,2.9829668e-08
36,101,13.0,1.2420426e-07
36,101,14.0,2.7338675e-07
36,102,0.0,5.4456535e-07
36,102,1.0,2.2254593e-08
36,102,2.0,3.295018e-08
36,102,3.0,1.2207652e-08
36,102,4.0,1.3680753e-08
36,102,5.0,2.9676546e-08
36,102,6.0,1.4062779e-07
36,102,7.0,4.944186e-06
36,102,8.0,9.38339e-07
36,102,9.0,8.53721e-07
36,102,10.0,8.5723184e-07
36,102,11.0,9.032365e-07
36,102,12.0,3.2295588e-07
36,102,13.0,9.912631e-09
36,102,14.0,2.5167461e-09
37,81,0.0,8.608107e-10
37,81,1.0,6.477893e-09
37,81,2.0,5.4015353e-10
37,81,3.0,4.163451e-14
37,81,4.0,0.0
37,81,5.0,9.9090644e-14
37,81,6.0,2.694952e-08
37,81,7.0,7.0108683e-07
37,81,8.0,1.8751122e-08
37,81,9.0,7.0537124e-07
37,81,10.0,6.677968e-07
37,81,11.0,1.7981759e-07
37,81,12.0,1.5056345e-07
37,81,13.0,9.616004e-08
37,81,14.0,2.1746119e-07
37,82,0.0,7.628872e-09
37,82,1.0,1.461704e-07
37,82,2.0,4.425909e-07
37,82,3.0,0.0
37,82,4.0,0.0
37,82,5.0,0.0
37,82,6.0,1.8578436e-11
37,82,7.0,0.0
37,82,8.0,1.2015215e-10
37,82,9.0,0.0
37,82,10.0,4.9505657e-09
37,82,11.0,1.7657675e-10
37,82,12.0,5.740057e-10
37,82,13.0,1.7201364e-10
37,82,14.0,7.0830386e-12
37,83,0.0,0.0
37,83,1.0,6.900586e-15
37,83,2.0,1.2274612e-07
37,83,3.0,1.8600291e-08
37,83,4.0,0.0
37,83,5.0,0.0
37,83,6.0,3.452662e-10
37,83,7.0,0.0
37,83,8.0,0.0
37,83,9.0,0.0
37,83,10.0,8.8356766e-11
37,83,11.0,2.0775397e-09
37,83,12.0,0.0
37,83,13.0,1.3447618e-08
37,83,14.0,1.3346971e-08
37,84,0.0,4.2181061e-10
37,84,1.0,1.816399e-07
37,84,2.0,1.2174698e-07
37,84,3.0,5.430852e-07
37,84,4.0,1.429352e-08
37,84,5.0,5.7830005e-07
37,84,6.0,6.9014844e-10
37,84,7.0,0.0
37,84,8.0,2.642481e-10
37,84,9.0,5.143949e-10
37,84,10.0,8.570131e-09
37,84,11.0,5.110991e-09
37,84,12.0,2.274514e-08
37,84,13.0,0.0
37,84,14.0,9.8103406e-08
37,85,0.0,7.0302104e-11
37,85,1.0,1.7247273e-10
37,85,2.0,0.0
37,85,3.0,1.8614156e-08
37,85,4.0,6.574381e-08
37,85,5.0,7.9641255e-10
37,85,6.0,0.0
37,85,7.0,0.0
37,85,8.0,0.0
37,85,9.0,0.0
37,85,10.0,1.762105e-05
37,85,11.0,4.1244424e-05
37,85,12.0,4.0750136e-05
37,85,13.0,2.0148327e-05
37,85,14.0,3.2536398e-05
37,86,0.0,8.925272e-06
37,86,1.0,5.4964312e-05
37,86,2.0,9.9482604e-05
37,86,3.0,6.4634485e-05
37,86,4.0,4.2306016e-05
37,86,5.0,1.6853402e-05
37,86,6.0,3.6654543e-05
37,86,7.0,6.648201e-05
37,86,8.0,8.466167e-05
37,86,9.0,8.2626124e-05
37,86,10.0,0.00021319608
37,86,11.0,0.00020431231
37,86,12.0,0.0001584073
37,86,13.0,0.00016275715
37,86,14.0,0.00030377033
37,87,0.0,0.0024303994
37,87,1.0,0.0019555218
37,87,2.0,0.0022197908
37,87,3.0,0.0017489289
37,87,4.0,0.0015408061
37,87,5.0,0.0013217445
37,87,6.0,0.0014054643
37,87,7.0,0.0021327764
37,87,8.0,0.0026875664
37,87,9.0,0.0024022232
37,87,10.0,0.0023685403
37,87,11.0,0.0023088232
37,87,12.0,0.0024624444
37,87,13.0,0.0030649274
37,87,14.0,0.00461146
37,88,0.0,0.011000685
37,88,1.0,0.009284067
37,88,2.0,0.012119217
37,88,3.0,0.011061493
37,88,4.0,0.010262517
37,88,5.0,0.008589331
37,88,6.0,0.007859752
37,88,7.0,0.0128635345
37,88,8.0,0.013160439
37,88,9.0,0.012047457
37,88,10.0,0.012135662
37,88,11.0,0.012826752
37,88,12.0,0.013543973
37,88,13.0,0.01435
37,88,14.0,0.020634783
37,89,0.0,0.060702257
37,89,1.0,0.063855626
37,89,2.0,0.059962798
37,89,3.0,0.056062024
37,89,4.0,0.052408095
37,89,5.0,0.05162965
37,89,6.0,0.05547511
37,89,7.0,0.06611666
37,89,8.0,0.05923754
37,89,9.0,0.066322476
37,89,10.0,0.057751685
37,89,11.0,0.064755596
37,89,12.0,0.06347937
37,89,13.0,0.08409541
37,89,14.0,0.08531655
37,90,0.0,0.14308466
37,90,1.0,0.13892126
37,90,2.0,0.14914566
37,90,3.0,0.15419644
37,90,4.0,0.1531063
37,90,5.0,0.14675832
37,90,6.0,0.15592507
37,90,7.0,0.16807316
37,90,8.0,0.1687848
37,90,9.0,0.20016901
37,90,10.0,0.18588345
37,90,11.0,0.1935065
37,90,12.0,0.19687614
37,90,13.0,0.22176376
37,90,14.0,0.20552196
37,91,0.0,0.31383017
37,91,1.0,0.30426538
37,91,2.0,0.30293646
37,91,3.0,0.30557045
37,91,4.0,0.3007343
37,91,5.0,0.2980634
37,91,6.0,0.31092
37,91,7.0,0.34732863
37,91,8.0,0.3277621
37,91,9.0,0.33477765
37,91,10.0,0.31476143
37,91,11.0,0.31970856
37,91,12.0,0.31960872
37,91,13.0,0.34189403
37,91,14.0,0.3707443
37,92,0.0,0.4408786
37,92,1.0,0.42844263
37,92,2.0,0.44373685
37,92,3.0,0.42246228
37,92,4.0,0.43467307
37,92,5.0,0.43708113
37,92,6.0,0.4329844
37,92,7.0,0.4406614
37,92,8.0,0.43617368
37,92,9.0,0.47326642
37,92,10.0,0.43739828
37,92,11.0,0.42017764
37,92,12.0,0.42047408
37,92,13.0,0.4397319
37,92,14.0,0.4216902
37,93,0.0,0.415286
37,93,1.0,0.40896234
37,93,2.0,0.44864076
37,93,3.0,0.47701263
37,93,4.0,0.42414638
37,93,5.0,0.45623174
37,93,6.0,0.4428452
37,93,7.0,0.421795
37,93,8.0,0.39930436
37,93,9.0,0.39887387
37,93,10.0,0.42586824
37,93,11.0,0.3680037
37,93,12.0,0.35662812
37,93,13.0,0.35375294
37,93,14.0,0.3405589
37,94,0.0,0.24116543
37,94,1.0,0.25114912
37,94,2.0,0.30786154
37,94,3.0,0.31548652
37,94,4.0,0.32452175
37,94,5.0,0.3209493
37,94,6.0,0.32578447
37,94,7.0,0.29477206
37,94,8.0,0.2270277
37,94,9.0,0.25138196
37,94,10.0,0.25389677
37,94,11.0,0.26337516
37,94,12.0,0.2574719
37,94,13.0,0.22565667
37,94,14.0,0.19767305
37,95,0.0,0.09884984
37,95,1.0,0.09977659
37,95,2.0,0.12885173
37,95,3.0,0.126628
37,95,4.0,0.13450593
37,95,5.0,0.14496431
37,95,6.0,0.14680801
37,95,7.0,0.12920496
37,95,8.0,0.11812194
37,95,9.0,0.14388512
37,95,10.0,0.1384725
37,95,11.0,0.14753059
37,95,12.0,0.1254724
37,95,13.0,0.11106532
37,95,14.0,0.10331709
37,96,0.0,0.029539185
37,96,1.0,0.028971635
37,96,2.0,0.045669653
37,96,3.0,0.045523185
37,96,4.0,0.04692623
37,96,5.0,0.044395622
37,96,6.0,0.046983507
37,96,7.0,0.040837653
37,96,8.0,0.033920895
37,96,9.0,0.039022148
37,96,10.0,0.0397236
37,96,11.0,0.03714161
37,96,12.0,0.036386926
37,96,13.0,0.032062225
37,96,14.0,0.025350923
37,97,0.0,0.006579427
37,97,1.0,0.0057983953
37,97,2.0,0.011924751
37,97,3.0,0.009763203
37,97,4.0,0.01102063
37,97,5.0,0.007717405
37,97,6.0,0.0074810353
37,97,7.0,0.007435216
37,97,8.0,0.0074777366
37,97,9.0,0.0076326802
37,97,10.0,0.008788157
37,97,11.0,0.007825953
37,97,12.0,0.010431945
37,97,13.0,0.009893993
37,97,14.0,0.0070472877
37,98,0.0,0.0009815707
37,98,1.0,0.0009115996
37,98,2.0,0.0016647913
37,98,3.0,0.0020991967
37,98,4.0,0.0028572767
37,98,5.0,0.002144797
37,98,6.0,0.0012695005
37,98,7.0,0.0014258784
37,98,8.0,0.0011855885
37,98,9.0,0.0016042496
37,98,10.0,0.0018500662
37,98,11.0,0.0011672425
37,98,12.0,0.0015004248
37,98,13.0,0.001070326
37,98,14.0,0.0007241982
37,99,0.0,5.925944e-05
37,99,1.0,0.00011829891
37,99,2.0,0.000101441554
37,99,3.0,0.0002127623
37,99,4.0,0.00012022954
37,99,5.0,7.439711e-05
37,99,6.0,0.00012476754
37,99,7.0,0.00011404252
37,99,8.0,0.0001450009
37,99,9.0,0.00016964757
37,99,10.0,0.00019077798
37,99,11.0,0.000110336456
37,99,12.0,0.00017711475
37,99,13.0,0.00017613334
37,99,14.0,9.152186e-05
37,100,0.0,2.9614006e-07
37,100,1.0,1.4476878e-08
37,100,2.0,4.3461053e-08
37,100,3.0,3.3260598e-08
37,100,4.0,4.46056e-07
37,100,5.0,1.0847583e-06
37,100,6.0,3.7769647e-07
37,100,7.0,3.830358e-06
37,100,8.0,1.6160084e-06
37,100,9.0,6.6718997e-07
37,100,10.0,4.8237763e-07
37,100,11.0,1.7872271e-05
37,100,12.0,1.2164241e-05
37,100,13.0,3.3787153e-06
37,100,14.0,1.8813267e-06
37,101,0.0,0.0
37,101,1.0,1.210407e-07
37,101,2.0,5.809169e-07
37,101,3.0,2.7694036e-08
37,101,4.0,2.971993e-07
37,101,5.0,6.5858085e-06
37,101,6.0,6.6231104e-07
37,101,7.0,7.112483e-08
37,101,8.0,7.6462776e-08
37,101,9.0,6.725716e-07
37,101,10.0,5.5873886e-07
37,101,11.0,5.974711e-08
37,101,12.0,0.0
37,101,13.0,2.2366808e-07
37,101,14.0,7.2874644e-07
37,102,0.0,2.6419342e-10
37,102,1.0,0.0
37,102,2.0,1.4654325e-11
37,102,3.0,0.0
37,102,4.0,3.945112e-08
37,102,5.0,7.945624e-07
37,102,6.0,2.025109e-06
37,102,7.0,4.0104505e-06
37,102,8.0,2.6716796e-07
37,102,9.0,4.8037765e-07
37,102,10.0,7.4840864e-07
37,102,11.0,1.7714177e-07
37,102,12.0,1.6785523e-07
37,102,13.0,4.3240317e-07
37,102,14.0,6.3353367e-09
37,103,0.0,1.8626906e-10
37,103,1.0,1.4837179e-08
37,103,2.0,0.0
37,103,3.0,0.0
37,103,4.0,0.0
37,103,5.0,1.2924859e-08
37,103,6.0,2.407083e-07
37,103,7.0,2.513356e-07
37,103,8.0,3.6625185e-08
37,103,9.0,1.1628448e-07
37,103,10.0,7.909223e-10
37,103,11.0,2.758895e-07
37,103,12.0,2.0281313e-06
37,103,13.0,3.2646005e-07
37,103,14.0,1.0404833e-07
37,104,0.0,5.405677e-10
37,104,1.0,1.0170714e-07
37,104,2.0,7.3605115e-08
37,104,3.0,6.0892806e-09
37,104,4.0,4.106236e-09
37,104,5.0,0.0
37,104,6.0,2.1121146e-08
37,104,7.0,1.3997885e-08
37,104,8.0,1.6928574e-08
37,104,9.0,3.5078273e-08
37,104,10.0,4.5560217e-08
37,104,11.0,2.1712045e-08
37,104,12.0,1.0319667e-07
37,104,13.0,8.3794056e-08
37,104,14.0,3.287124e-08
37,105,0.0,1.7250156e-07
37,105,1.0,8.9590756e-08
37,105,2.0,1.8201213e-12
37,105,3.0,0.0
37,105,4.0,1.3899704e-07
37,105,5.0,1.1777796e-07
37,105,6.0,1.9339467e-07
37,105,7.0,6.639924e-09
37,105,8.0,9.566886e-08
37,105,9.0,9.709471e-07
37,105,10.0,5.292156e-08
37,105,11.0,4.8936833e-08
37,105,12.0,2.4751048e-07
37,105,13.0,2.0179652e-07
37,105,14.0,1.968616e-08
38,83,0.0,2.9996695e-08
38,83,1.0,4.0284206e-08
38,83,2.0,9.735619e-08
38,83,3.0,1.312497e-07
38,83,4.0,8.609759e-07
38,83,5.0,2.4395486e-06
38,83,6.0,1.2399407e-06
38,83,7.0,2.0964399e-06
38,83,8.0,3.4704658e-06
38,83,9.0,2.467008e-06
38,83,10.0,1.6885742e-06
38,83,11.0,1.3301682e-06
38,83,12.0,7.813683e-07
38,83,13.0,3.1421533e-07
38,83,14.0,1.2964209e-08
38,84,0.0,8.893811e-07
38,84,1.0,1.3554146e-06
38,84,2.0,2.0345915e-08
38,84,3.0,8.602137e-09
38,84,4.0,1.1422273e-08
38,84,5.0,1.2498461e-08
38,84,6.0,4.1746432e-07
38,84,7.0,3.4350458e-07
38,84,8.0,2.1909412e-09
38,84,9.0,0.0
38,84,10.0,1.2892244e-10
38,84,11.0,3.8824106e-07
38,84,12.0,4.0974676e-08
38,84,13.0,5.8154688e-12
38,84,14.0,1.422938e-09
38,85,0.0,1.7458957e-07
38,85,1.0,5.126893e-07
38,85,2.0,2.661015e-06
38,85,3.0,6.2415165e-06
38,85,4.0,7.275654e-06
38,85,5.0,4.7488434e-06
38,85,6.0,3.088211e-06
38,85,7.0,1.451194e-06
38,85,8.0,3.7529828e-06
38,85,9.0,2.6001373e-06
38,85,10.0,1.8614527e-06
38,85,11.0,5.4939155e-06
38,85,12.0,3.598647e-06
38,85,13.0,3.4721772e-06
38,85,14.0,9.502447e-07
38,86,0.0,4.4415374e-11
38,86,1.0,6.576437e-08
38,86,2.0,3.540667e-10
38,86,3.0,0.0
38,86,4.0,3.1441787e-11
38,86,5.0,3.9646142e-10
38,86,6.0,2.8068536e-08
38,86,7.0,2.5101026e-09
38,86,8.0,1.07538464e-10
38,86,9.0,0.0
38,86,10.0,0.0
38,86,11.0,0.0
38,86,12.0,1.6090634e-07
38,86,13.0,1.9772692e-07
38,86,14.0,1.2044249e-05
38,87,0.0,1.27475505e-05
38,87,1.0,6.4764704e-06
38,87,2.0,7.8000685e-06
38,87,3.0,3.9104166e-06
38,87,4.0,4.125039e-07
38,87,5.0,1.656357e-08
38,87,6.0,3.0619118e-09
38,87,7.0,3.679021e-07
38,87,8.0,7.5562484e-06
38,87,9.0,2.8916993e-06
38,87,10.0,5.094555e-06
38,87,11.0,1.4310821e-05
38,87,12.0,1.0517318e-05
38,87,13.0,7.864179e-06
38,87,14.0,1.7547214e-05
38,88,0.0,3.499758e-05
38,88,1.0,2.6390355e-05
38,88,2.0,1.8293318e-05
38,88,3.0,3.331135e-05
38,88,4.0,4.358353e-05
38,88,5.0,3.1513435e-05
38,88,6.0,2.5305857e-05
38,88,7.0,9.2770766e-05
38,88,8.0,8.781443e-05
38,88,9.0,7.046396e-05
38,88,10.0,5.0493123e-05
38,88,11.0,3.92621e-05
38,88,12.0,5.2374955e-05
38,88,13.0,5.1391922e-05
38,88,14.0,9.3859104e-05
38,89,0.0,0.001511213
38,89,1.0,0.00092120824
38,89,2.0,0.00083867175
38,89,3.0,0.0007671705
38,89,4.0,0.00083016796
38,89,5.0,0.00067483075
38,89,6.0,0.0009923581
38,89,7.0,0.0007940561
38,89,8.0,0.0010747145
38,89,9.0,0.001124898
38,89,10.0,0.001353065
38,89,11.0,0.0015013488
38,89,12.0,0.0016003558
38,89,13.0,0.0022224826
38,89,14.0,0.0030054804
38,90,0.0,0.008609338
38,90,1.0,0.00825253
38,90,2.0,0.006025051
38,90,3.0,0.0048555606
38,90,4.0,0.005228266
38,90,5.0,0.0063131773
38,90,6.0,0.0068832547
38,90,7.0,0.01082043
38,90,8.0,0.01137158
38,90,9.0,0.0077825915
38,90,10.0,0.007664952
38,90,11.0,0.010073424
38,90,12.0,0.014234079
38,90,13.0,0.014500515
38,90,14.0,0.016361954
38,91,0.0,0.0394607
38,91,1.0,0.036770403
38,91,2.0,0.041012567
38,91,3.0,0.06289677
38,91,4.0,0.03645286
38,91,5.0,0.030634705
38,91,6.0,0.028930353
38,91,7.0,0.03152482
38,91,8.0,0.04293852
38,91,9.0,0.03923281
38,91,10.0,0.03467991
38,91,11.0,0.034990795
38,91,12.0,0.032901082
38,91,13.0,0.035680316
38,91,14.0,0.04645128
38,92,0.0,0.19390161
38,92,1.0,0.1712199
38,92,2.0,0.14826164
38,92,3.0,0.1378832
38,92,4.0,0.12039256
38,92,5.0,0.11962381
38,92,6.0,0.13420793
38,92,7.0,0.15189153
38,92,8.0,0.18514778
38,92,9.0,0.17888668
38,92,10.0,0.14413147
38,92,11.0,0.14093302
38,92,12.0,0.15039548
38,92,13.0,0.1567761
38,92,14.0,0.17516288
38,93,0.0,0.37620166
38,93,1.0,0.4021722
38,93,2.0,0.3970249
38,93,3.0,0.3451127
38,93,4.0,0.31017968
38,93,5.0,0.30273733
38,93,6.0,0.30795577
38,93,7.0,0.3339193
38,93,8.0,0.33444032
38,93,9.0,0.34068102
38,93,10.0,0.35429862
38,93,11.0,0.32651564
38,93,12.0,0.31626546
38,93,13.0,0.31645906
38,93,14.0,0.33883944
38,94,0.0,0.71677125
38,94,1.0,0.7399857
38,94,2.0,0.59114873
38,94,3.0,0.55352676
38,94,4.0,0.52646196
38,94,5.0,0.5280079
38,94,6.0,0.47908294
38,94,7.0,0.5375764
38,94,8.0,0.57358336
38,94,9.0,0.5746539
38,94,10.0,0.5662147
38,94,11.0,0.5381133
38,94,12.0,0.48809484
38,94,13.0,0.48876402
38,94,14.0,0.46706402
38,95,0.0,0.64958227
38,95,1.0,0.6468746
38,95,2.0,0.6491787
38,95,3.0,0.6083156
38,95,4.0,0.57168496
38,95,5.0,0.5605935
38,95,6.0,0.5581683
38,95,7.0,0.5714524
38,95,8.0,0.5946228
38,95,9.0,0.56660944
38,95,10.0,0.522194
38,95,11.0,0.5432362
38,95,12.0,0.49851218
38,95,13.0,0.48637602
38,95,14.0,0.5110686
38,96,0.0,0.5465798
38,96,1.0,0.48752594
38,96,2.0,0.49939314
38,96,3.0,0.44565606
38,96,4.0,0.42608395
38,96,5.0,0.41997385
38,96,6.0,0.4183292
38,96,7.0,0.4136355
38,96,8.0,0.4093485
38,96,9.0,0.4322386
38,96,10.0,0.43000403
38,96,11.0,0.40385738
38,96,12.0,0.37202862
38,96,13.0,0.3468535
38,96,14.0,0.3223001
38,97,0.0,0.24561691
38,97,1.0,0.23730136
38,97,2.0,0.2571079
38,97,3.0,0.24475071
38,97,4.0,0.2534078
38,97,5.0,0.23941582
38,97,6.0,0.22128084
38,97,7.0,0.20726666
38,97,8.0,0.19648387
38,97,9.0,0.1999358
38,97,10.0,0.17531101
38,97,11.0,0.16881946
38,97,12.0,0.16162106
38,97,13.0,0.15580465
38,97,14.0,0.13776644
38,98,0.0,0.105033055
38,98,1.0,0.098081365
38,98,2.0,0.097543806
38,98,3.0,0.08811519
38,98,4.0,0.08765631
38,98,5.0,0.08407504
38,98,6.0,0.082424656
38,98,7.0,0.09170948
38,98,8.0,0.07791305
38,98,9.0,0.07261386
38,98,10.0,0.07941902
38,98,11.0,0.0862758
38,98,12.0,0.072832815
38,98,13.0,0.06198308
38,98,14.0,0.06187129
38,99,0.0,0.018328952
38,99,1.0,0.024740005
38,99,2.0,0.022080878
38,99,3.0,0.022325266
38,99,4.0,0.02011037
38,99,5.0,0.020369222
38,99,6.0,0.017110983
38,99,7.0,0.015735436
38,99,8.0,0.014748028
38,99,9.0,0.012881963
38,99,10.0,0.013766931
38,99,11.0,0.015167088
38,99,12.0,0.016725656
38,99,13.0,0.012553857
38,99,14.0,0.01062226
38,100,0.0,0.0023148912
38,100,1.0,0.0023142125
38,100,2.0,0.002111066
38,100,3.0,0.0026347765
38,100,4.0,0.0020180754
38,100,5.0,0.001976929
38,100,6.0,0.001751826
38,100,7.0,0.0016853135
38,100,8.0,0.0020299023
38,100,9.0,0.0023693743
38,100,10.0,0.0019795683
38,100,11.0,0.002133038
38,100,12.0,0.0021091248
38,100,13.0,0.0019056173
38,100,14.0,0.0020274422
38,101,0.0,0.00025164094
38,101,1.0,0.00015233459
38,101,2.0,0.00027065384
38,101,3.0,0.00024922175
38,101,4.0,0.0002439116
38,101,5.0,0.00030442257
38,101,6.0,0.0003464287
38,101,7.0,0.00021376685
38,101,8.0,0.00022584548
38,101,9.0,0.00031202118
38,101,10.0,0.0005167569
38,101,11.0,0.00033063546
38,101,12.0,0.00022638479
38,101,13.0,0.00041202098
38,101,14.0,0.0003095417
38,102,0.0,3.648205e-05
38,102,1.0,6.2628383e-06
38,102,2.0,9.733651e-06
38,102,3.0,3.7659747e-06
38,102,4.0,1.2544166e-05
38,102,5.0,3.0627976e-05
38,102,6.0,1.43722045e-05
38,102,7.0,1.0546354e-05
38,102,8.0,8.557523e-06
38,102,9.0,9.855486e-06
38,102,10.0,6.4481196e-06
38,102,11.0,7.4565396e-06
38,102,12.0,1.4134637e-05
38,102,13.0,2.8744513e-05
38,102,14.0,1.5763688e-05
38,103,0.0,1.7035454e-09
38,103,1.0,0.0
38,103,2.0,5.1820387e-10
38,103,3.0,1.1471086e-11
38,103,4.0,1.3239026e-11
38,103,5.0,0.0
38,103,6.0,1.0917995e-10
38,103,7.0,2.457013e-10
38,103,8.0,1.4774212e-09
38,103,9.0,2.7022817e-09
38,103,10.0,6.6067534e-09
38,103,11.0,8.169507e-09
38,103,12.0,5.7005685e-09
38,103,13.0,1.8568983e-08
38,103,14.0,5.1306145e-08
38,104,0.0,1.282702e-08
38,104,1.0,1.4270998e-07
38,104,2.0,1.9997312e-07
38,104,3.0,2.0049782e-07
38,104,4.0,5.329945e-07
38,104,5.0,1.1927763e-06
38,104,6.0,8.03254e-08
38,104,7.0,1.1950246e-11
38,104,8.0,0.0
38,104,9.0,0.0
38,104,10.0,9.08618e-09
38,104,11.0,8.65197e-09
38,104,12.0,1.7869029e-13
38,104,13.0,0.0
38,104,14.0,4.1711473e-14
38,105,0.0,0.0
38,105,1.0,6.6804422e-12
38,105,2.0,2.6625033e-08
38,105,3.0,5.8529346e-09
38,105,4.0,1.2529134e-09
38,105,5.0,3.3482863e-09
38,105,6.0,6.223834e-08
38,105,7.0,4.0571706e-09
38,105,8.0,4.450373e-08
38,105,9.0,3.8609292e-07
38,105,10.0,2.0146645e-07
38,105,11.0,5.666446e-07
38,105,12.0,4.5091508e-07
38,105,13.0,1.968616e-08
38,105,14.0,8.868062e-09
38,106,0.0,8.4431595e-10
38,106,1.0,4.4036108e-14
38,106,2.0,1.1663797e-09
38,106,3.0,6.945505e-11
38,106,4.0,9.353226e-09
38,106,5.0,8.253944e-10
38,106,6.0,1.269869e-09
38,106,7.0,0.0
38,106,8.0,2.979728e-09
38,106,9.0,4.0012247e-09
38,106,10.0,2.8352153e-08
38,106,11.0,4.3514543e-08
38,106,12.0,1.1085429e-07
38,106,13.0,8.2601595e-08
38,106,14.0,1.904684e-07
38,107,0.0,1.4245583e-08
38,107,1.0,1.6018175e-08
38,107,2.0,2.7710266e-07
38,107,3.0,3.1796696e-09
38,107,4.0,3.3540395e-08
38,107,5.0,7.868694e-09
38,107,6.0,7.803615e-10
38,107,7.0,0.0
38,107,8.0,1.2534866e-07
38,107,9.0,2.5515747e-09
38,107,10.0,2.3323592e-09
38,107,11.0,2.5377793e-09
38,107,12.0,1.04166356e-08
38,107,13.0,1.5369626e-09
38,107,14.0,1.9798737e-08
39,86,0.0,1.02764936e-07
39,86,1.0,2.2963556e-10
39,86,2.0,8.5701356e-07
39,86,3.0,1.3120932e-06
39,86,4.0,5.4673603e-07
39,86,5.0,1.9234617e-08
39,86,6.0,3.222333e-08
39,86,7.0,1.0037588e-10
39,86,8.0,6.195089e-08
39,86,9.0,1.1037969e-09
39,86,10.0,1.7396109e-09
39,86,11.0,4.7756483e-11
39,86,12.0,1.161747e-09
39,86,13.0,1.679242e-09
39,86,14.0,3.0652217e-08
39,87,0.0,4.1663055e-09
39,87,1.0,5.9358536e-09
39,87,2.0,1.0823663e-12
39,87,3.0,0.0
39,87,4.0,1.7222922e-08
39,87,5.0,8.104043e-09
39,87,6.0,1.2158754e-09
39,87,7.0,2.6713573e-07
39,87,8.0,1.7800282e-07
39,87,9.0,2.816527e-07
39,87,10.0,6.2231638e-09
39,87,11.0,6.6635174e-08
39,87,12.0,7.415414e-09
39,87,13.0,2.8416544e-08
39,87,14.0,2.0440307e-08
39,88,0.0,1.0849999e-08
39,88,1.0,1.4037776e-07
39,88,2.0,9.2010794e-07
39,88,3.0,8.642894e-07
39,88,4.0,4.7080312e-07
39,88,5.0,3.593764e-08
39,88,6.0,5.6040537e-09
39,88,7.0,1.2332833e-10
39,88,8.0,1.2101946e-08
39,88,9.0,7.873974e-09
39,88,10.0,3.8747035e-07
39,88,11.0,2.4629307e-07
39,88,12.0,1.1848514e-07
39,88,13.0,1.552711e-08
39,88,14.0,9.266994e-08
39,89,0.0,0.0
39,89,1.0,2.915283e-12
39,89,2.0,0.0
39,89,3.0,1.07586405e-11
39,89,4.0,6.9203866e-12
39,89,5.0,0.0
39,89,6.0,0.0
39,89,7.0,0.0
39,89,8.0,0.0
39,89,9.0,0.0
39,89,10.0,4.6280166e-09
39,89,11.0,1.1074497e-07
39,89,12.0,2.0032056e-07
39,89,13.0,2.2234834e-08
39,89,14.0,4.5855316e-07
39,90,0.0,2.0775688e-06
39,90,1.0,7.3026104e-07
39,90,2.0,6.541084e-05
39,90,3.0,6.666063e-05
39,90,4.0,1.6038648e-05
39,90,5.0,9.156998e-06
39,90,6.0,2.9024602e-06
39,90,7.0,1.0304069e-06
39,90,8.0,2.0253651e-06
39,90,9.0,1.5705322e-06
39,90,10.0,1.9997466e-05
39,90,11.0,1.0514742e-05
39,90,12.0,5.0296035e-06
39,90,13.0,1.7997494e-05
39,90,14.0,6.172087e-05
39,91,0.0,0.00024554797
39,91,1.0,0.00051505055
39,91,2.0,0.00037701268
39,91,3.0,0.00042712243
39,91,4.0,0.0004147145
39,91,5.0,0.0005384265
39,91,6.0,0.00059186877
39,91,7.0,0.0005027993
39,91,8.0,0.00048416358
39,91,9.0,0.0005548351
39,91,10.0,0.00058961794
39,91,11.0,0.00050663203
39,91,12.0,0.0007301045
39,91,13.0,0.00078633
39,91,14.0,0.001468429
39,92,0.0,0.004431324
39,92,1.0,0.002619034
39,92,2.0,0.003439749
39,92,3.0,0.0029155216
39,92,4.0,0.0029955306
39,92,5.0,0.0026571667
39,92,6.0,0.0027740218
39,92,7.0,0.0029431514
39,92,8.0,0.0046128524
39,92,9.0,0.0051592817
39,92,10.0,0.0036952535
39,92,11.0,0.004261226
39,92,12.0,0.0043549235
39,92,13.0,0.0058205477
39,92,14.0,0.008220016
39,93,0.0,0.017163724
39,93,1.0,0.017306127
39,93,2.0,0.019628374
39,93,3.0,0.018778816
39,93,4.0,0.021672161
39,93,5.0,0.018078042
39,93,6.0,0.018628962
39,93,7.0,0.019719915
39,93,8.0,0.02228879
39,93,9.0,0.024545629
39,93,10.0,0.026286868
39,93,11.0,0.027805516
39,93,12.0,0.027131641
39,93,13.0,0.03023785
39,93,14.0,0.03821256
39,94,0.0,0.0596798
39,94,1.0,0.062092543
39,94,2.0,0.06668059
39,94,3.0,0.06020428
39,94,4.0,0.06994757
39,94,5.0,0.06733081
39,94,6.0,0.06806361
39,94,7.0,0.07908718
39,94,8.0,0.090893164
39,94,9.0,0.10184385
39,94,10.0,0.08732715
39,94,11.0,0.092580296
39,94,12.0,0.0878127
39,94,13.0,0.09971794
39,94,14.0,0.11399595
39,95,0.0,0.18611899
39,95,1.0,0.19991548
39,95,2.0,0.2179768
39,95,3.0,0.2069054
39,95,4.0,0.2074995
39,95,5.0,0.22504017
39,95,6.0,0.22632499
39,95,7.0,0.21831508
39,95,8.0,0.22813365
39,95,9.0,0.2549403
39,95,10.0,0.2534704
39,95,11.0,0.254437
39,95,12.0,0.25399572
39,95,13.0,0.25774518
39,95,14.0,0.26978844
39,96,0.0,0.30307162
39,96,1.0,0.2586281
39,96,2.0,0.29296878
39,96,3.0,0.3496147
39,96,4.0,0.3492166
39,96,5.0,0.33055535
39,96,6.0,0.32973418
39,96,7.0,0.3329054
39,96,8.0,0.32855052
39,96,9.0,0.33954403
39,96,10.0,0.36445943
39,96,11.0,0.32900217
39,96,12.0,0.31500465
39,96,13.0,0.3373673
39,96,14.0,0.36730844
39,97,0.0,0.41249105
39,97,1.0,0.44581032
39,97,2.0,0.52085024
39,97,3.0,0.53285724
39,97,4.0,0.5369776
39,97,5.0,0.55409825
39,97,6.0,0.5384852
39,97,7.0,0.49550107
39,97,8.0,0.4660379
39,97,9.0,0.50303316
39,97,10.0,0.47895774
39,97,11.0,0.4757191
39,97,12.0,0.46228173
39,97,13.0,0.5014923
39,97,14.0,0.47096717
39,98,0.0,0.35457572
39,98,1.0,0.40744135
39,98,2.0,0.4158912
39,98,3.0,0.4325717
39,98,4.0,0.45575044
39,98,5.0,0.39234945
39,98,6.0,0.40294167
39,98,7.0,0.4121559
39,98,8.0,0.39588588
39,98,9.0,0.43491715
39,98,10.0,0.41925886
39,98,11.0,0.4206382
39,98,12.0,0.39035344
39,98,13.0,0.3759999
39,98,14.0,0.37012833
39,99,0.0,0.2427552
39,99,1.0,0.28181463
39,99,2.0,0.37308607
39,99,3.0,0.39165753
39,99,4.0,0.34897602
39,99,5.0,0.33246362
39,99,6.0,0.33420897
39,99,7.0,0.29467824
39,99,8.0,0.25453457
39,99,9.0,0.26265198
39,99,10.0,0.30859986
39,99,11.0,0.28246054
39,99,12.0,0.29279906
39,99,13.0,0.2673386
39,99,14.0,0.27037778
39,100,0.0,0.08977363
39,100,1.0,0.12696813
39,100,2.0,0.13441953
39,100,3.0,0.13581711
39,100,4.0,0.14070635
39,100,5.0,0.14736392
39,100,6.0,0.14989103
39,100,7.0,0.13313735
39,100,8.0,0.11890189
39,100,9.0,0.11820531
39,100,10.0,0.13442567
39,100,11.0,0.12548214
39,100,12.0,0.13029292
39,100,13.0,0.11069269
39,100,14.0,0.091382444
39,101,0.0,0.031615082
39,101,1.0,0.03673832
39,101,2.0,0.042901445
39,101,3.0,0.042246208
39,101,4.0,0.046758994
39,101,5.0,0.05079716
39,101,6.0,0.049694803
39,101,7.0,0.04791424
39,101,8.0,0.034232516
39,101,9.0,0.030232318
39,101,10.0,0.028131336
39,101,11.0,0.038110644
39,101,12.0,0.04050262
39,101,13.0,0.02957507
39,101,14.0,0.025360929
39,102,0.0,0.006674544
39,102,1.0,0.0061128614
39,102,2.0,0.007878381
39,102,3.0,0.009112252
39,102,4.0,0.009088217
39,102,5.0,0.010396102
39,102,6.0,0.0099666985
39,102,7.0,0.00819086
39,102,8.0,0.004906277
39,102,9.0,0.0050413716
39,102,10.0,0.0057115955
39,102,11.0,0.0077095428
39,102,12.0,0.006849451
39,102,13.0,0.008837017
39,102,14.0,0.005716623
39,103,0.0,0.00070560985
39,103,1.0,0.0014844143
39,103,2.0,0.0019326365
39,103,3.0,0.0017805757
39,103,4.0,0.0016376285
39,103,5.0,0.0012112008
39,103,6.0,0.0014414974
39,103,7.0,0.0010035337
39,103,8.0,0.00059543777
39,103,9.0,0.0007445364
39,103,10.0,0.00082885404
39,103,11.0,0.0010971788
39,103,12.0,0.0012910622
39,103,13.0,0.001080111
39,103,14.0,0.0008395872
39,104,0.0,2.1512573e-05
39,104,1.0,5.1418156e-05
39,104,2.0,1.9895935e-05
39,104,3.0,9.422676e-05
39,104,4.0,5.3383825e-05
39,104,5.0,0.00011399662
39,104,6.0,5.5485445e-05
39,104,7.0,6.218103e-05
39,104,8.0,0.00010664175
39,104,9.0,0.00012095668
39,104,10.0,0.000100839694
39,104,11.0,0.00012681204
39,104,12.0,9.021159e-05
39,104,13.0,8.5654756e-05
39,104,14.0,8.716583e-05
39,105,0.0,0.0
39,105,1.0,5.533186e-07
39,105,2.0,1.9476039e-07
39,105,3.0,1.7556494e-06
39,105,4.0,7.2626617e-06
39,105,5.0,7.589074e-06
39,105,6.0,1.0006141e-05
39,105,7.0,2.386215e-06
39,105,8.0,1.7927838e-06
39,105,9.0,2.1857084e-06
39,105,10.0,5.0419526e-06
39,105,11.0,3.5339967e-06
39,105,12.0,1.3268699e-05
39,105,13.0,8.4285775e-06
39,105,14.0,1.1337477e-05
39,106,0.0,5.8209673e-07
39,106,1.0,0.0
39,106,2.0,0.0
39,106,3.0,2.8353977e-08
39,106,4.0,1.5811788e-13
39,106,5.0,0.0
39,106,6.0,3.885668e-10
39,106,7.0,1.5027352e-12
39,106,8.0,1.9017476e-08
39,106,9.0,3.756642e-08
39,106,10.0,1.10470225e-07
39,106,11.0,8.1497205e-08
39,106,12.0,0.0
39,106,13.0,3.2398265e-07
39,106,14.0,2.156483e-09
39,107,0.0,1.5316935e-08
39,107,1.0,3.0773354e-08
39,107,2.0,1.380623e-07
39,107,3.0,4.8568086e-07
39,107,4.0,3.19316e-08
39,107,5.0,2.997118e-10
39,107,6.0,2.459901e-07
39,107,7.0,1.1214801e-05
39,107,8.0,3.208503e-07
39,107,9.0,5.1174798e-09
39,107,10.0,3.3428327e-09
39,107,11.0,1.2799886e-08
39,107,12.0,1.5022023e-07
39,107,13.0,1.17233974e-07
39,107,14.0,5.887979e-07
39,108,0.0,2.7833784e-09
39,108,1.0,5.705347e-11
39,108,2.0,7.836982e-08
39,108,3.0,1.2336697e-09
39,108,4.0,5.143794e-08
39,108,5.0,0.0
39,108,6.0,4.9246554e-09
39,108,7.0,1.15501265e-07
39,108,8.0,3.9337117e-08
39,108,9.0,9.79356e-09
39,108,10.0,7.919483e-07
39,108,11.0,1.9318257e-07
39,108,12.0,1.1379132e-08
39,108,13.0,4.89826e-07
39,108,14.0,1.5487252e-06
39,109,0.0,0.0
39,109,1.0,7.711551e-08
39,109,2.0,1.297812e-07
39,109,3.0,1.615778e-07
39,109,4.0,3.611641e-07
39,109,5.0,2.5213674e-07
39,109,6.0,7.464632e-07
39,109,7.0,1.3827005e-06
39,109,8.0,2.3833216e-07
39,109,9.0,5.4683435e-11
39,109,10.0,4.7226468e-08
39,109,11.0,1.7096684e-06
39,109,12.0,2.4437898e-06
39,109,13.0,4.082076e-06
39,109,14.0,2.606167e-06
40,88,0.0,5.3424563e-09
40,88,1.0,5.44974e-08
40,88,2.0,1.9470623e-07
40,88,3.0,3.833166e-08
40,88,4.0,5.2809686e-09
40,88,5.0,9.261804e-08
40,88,6.0,1.8344329e-07
40,88,7.0,2.2915545e-07
40,88,8.0,3.9460377e-09
40,88,9.0,2.5617926e-08
40,88,10.0,2.068554e-08
40,88,11.0,2.910294e-09
40,88,12.0,3.5772538e-07
40,88,13.0,3.250183e-07
40,88,14.0,4.7431882e-08
40,89,0.0,2.861713e-09
40,89,1.0,1.9193773e-07
40,89,2.0,1.8625845e-07
40,89,3.0,2.810789e-07
40,89,4.0,7.374158e-08
40,89,5.0,8.517518e-08
40,89,6.0,1.16906534e-07
40,89,7.0,1.0040312e-07
40,89,8.0,7.079726e-08
40,89,9.0,4.4171177e-08
40,89,10.0,5.2871666e-08
40,89,11.0,4.6318996e-07
40,89,12.0,8.7482266e-07
40,89,13.0,2.8790407e-07
40,89,14.0,0.0
40,90,0.0,1.3260717e-07
40,90,1.0,3.5576866e-06
40,90,2.0,5.586195e-07
40,90,3.0,2.9039984e-07
40,90,4.0,7.642052e-07
40,90,5.0,2.456111e-07
40,90,6.0,1.0077189e-06
40,90,7.0,9.2176515e-06
40,90,8.0,9.146168e-06
40,90,9.0,3.1514028e-07
40,90,10.0,5.960318e-09
40,90,11.0,1.874004e-11
40,90,12.0,0.0
40,90,13.0,0.0
40,90,14.0,1.6807367e-06
40,91,0.0,0.0
40,91,1.0,0.0
40,91,2.0,0.0
40,91,3.0,0.0
40,91,4.0,0.0
40,91,5.0,0.0
40,91,6.0,0.0
40,91,7.0,1.5526821e-07
40,91,8.0,1.9318085e-08
40,91,9.0,4.6941198e-09
40,91,10.0,2.728253e-08
40,91,11.0,1.5640909e-09
40,91,12.0,5.0103e-08
40,91,13.0,3.835714e-08
40,91,14.0,0.0
40,92,0.0,4.0335494e-06
40,92,1.0,5.744951e-06
40,92,2.0,5.0224475e-08
40,92,3.0,6.357658e-07
40,92,4.0,4.7334294e-07
40,92,5.0,1.4402249e-06
40,92,6.0,6.1822e-06
40,92,7.0,1.114646e-05
40,92,8.0,6.00659e-06
40,92,9.0,2.1678532e-06
40,92,10.0,5.3120954e-07
40,92,11.0,4.8727725e-07
40,92,12.0,9.919036e-07
40,92,13.0,5.5159626e-07
40,92,14.0,6.7705864e-06
40,93,0.0,0.00017759229
40,93,1.0,0.0001271156
40,93,2.0,0.00010892332
40,93,3.0,0.00022494617
40,93,4.0,0.00028133334
40,93,5.0,0.00028942904
40,93,6.0,0.00035161016
40,93,7.0,0.00017088951
40,93,8.0,0.0003193839
40,93,9.0,0.00030273496
40,93,10.0,0.00024416007
40,93,11.0,0.0002974396
40,93,12.0,0.00025899
40,93,13.0,0.0005435677
40,93,14.0,0.00034617796
40,94,0.0,0.0013654283
40,94,1.0,0.001093652
40,94,2.0,0.0011065953
40,94,3.0,0.0016147052
40,94,4.0,0.001993325
40,94,5.0,0.0018870125
40,94,6.0,0.001662516
40,94,7.0,0.0017443903
40,94,8.0,0.0018432231
40,94,9.0,0.0018686653
40,94,10.0,0.0020725394
40,94,11.0,0.0020625137
40,94,12.0,0.002413061
40,94,13.0,0.0020878876
40,94,14.0,0.0036585135
40,95,0.0,0.010318175
40,95,1.0,0.007255331
40,95,2.0,0.008031492
40,95,3.0,0.010465387
40,95,4.0,0.009408836
40,95,5.0,0.008331974
40,95,6.0,0.005965687
40,95,7.0,0.008360068
40,95,8.0,0.009233484
40,95,9.0,0.009679282
40,95,10.0,0.010296907
40,95,11.0,0.008548774
40,95,12.0,0.0076754107
40,95,13.0,0.0099694505
40,95,14.0,0.014175
40,96,0.0,0.049104363
40,96,1.0,0.05595371
40,96,2.0,0.056260448
40,96,3.0,0.051176835
40,96,4.0,0.05208363
40,96,5.0,0.052933875
40,96,6.0,0.051298436
40,96,7.0,0.052412577
40,96,8.0,0.059903275
40,96,9.0,0.059026908
40,96,10.0,0.057481635
40,96,11.0,0.05477332
40,96,12.0,0.053195577
40,96,13.0,0.06428772
40,96,14.0,0.07451859
40,97,0.0,0.14505059
40,97,1.0,0.15247
40,97,2.0,0.14133258
40,97,3.0,0.1570198
40,97,4.0,0.1463758
40,97,5.0,0.1454989
40,97,6.0,0.14052229
40,97,7.0,0.15273789
40,97,8.0,0.16919452
40,97,9.0,0.16266952
40,97,10.0,0.16307692
40,97,11.0,0.1611655
40,97,12.0,0.15474829
40,97,13.0,0.16406392
40,97,14.0,0.16485067
40,98,0.0,0.34118718
40,98,1.0,0.37632146
40,98,2.0,0.3217921
40,98,3.0,0.33722007
40,98,4.0,0.31705934
40,98,5.0,0.31773683
40,98,6.0,0.31349522
40,98,7.0,0.35461494
40,98,8.0,0.35740876
40,98,9.0,0.36567625
40,98,10.0,0.35536417
40,98,11.0,0.3540309
40,98,12.0,0.35325176
40,98,13.0,0.35613292
40,98,14.0,0.3558366
40,99,0.0,0.57020855
40,99,1.0,0.56987387
40,99,2.0,0.5601086
40,99,3.0,0.510987
40,99,4.0,0.45593348
40,99,5.0,0.44333386
40,99,6.0,0.44826552
40,99,7.0,0.45404947
40,99,8.0,0.51607835
40,99,9.0,0.54114825
40,99,10.0,0.4938422
40,99,11.0,0.44626525
40,99,12.0,0.44828823
40,99,13.0,0.43740904
40,99,14.0,0.44542748
40,100,0.0,0.7076561
40,100,1.0,0.77715325
40,100,2.0,0.6366839
40,100,3.0,0.573267
40,100,4.0,0.5657421
40,100,5.0,0.53231055
40,100,6.0,0.5428959
40,100,7.0,0.55241615
40,100,8.0,0.54121566
40,100,9.0,0.5051618
40,100,10.0,0.52371126
40,100,11.0,0.5063581
40,100,12.0,0.4596733
40,100,13.0,0.432016
40,100,14.0,0.4491609
40,101,0.0,0.44257423
40,101,1.0,0.4710401
40,101,2.0,0.48882732
40,101,3.0,0.45265082
40,101,4.0,0.43021247
40,101,5.0,0.41168222
40,101,6.0,0.37988764
40,101,7.0,0.38451627
40,101,8.0,0.3722883
40,101,9.0,0.36694592
40,101,10.0,0.33815637
40,101,11.0,0.33739704
40,101,12.0,0.32273456
40,101,13.0,0.3252128
40,101,14.0,0.32480723
40,102,0.0,0.24284196
40,102,1.0,0.22865494
40,102,2.0,0.24485195
40,102,3.0,0.22903004
40,102,4.0,0.18867175
40,102,5.0,0.18270291
40,102,6.0,0.20466904
40,102,7.0,0.17332616
40,102,8.0,0.15553899
40,102,9.0,0.16030946
40,102,10.0,0.16903834
40,102,11.0,0.15895723
40,102,12.0,0.13533029
40,102,13.0,0.13498214
40,102,14.0,0.1303571
40,103,0.0,0.05794665
40,103,1.0,0.074295536
40,103,2.0,0.05776257
40,103,3.0,0.06062302
40,103,4.0,0.059252057
40,103,5.0,0.059168722
40,103,6.0,0.061601695
40,103,7.0,0.056427702
40,103,8.0,0.0563882
40,103,9.0,0.05585429
40,103,10.0,0.05889032
40,103,11.0,0.052238923
40,103,12.0,0.052466042
40,103,13.0,0.052103505
40,103,14.0,0.044883955
40,104,0.0,0.0119553795
40,104,1.0,0.011338353
40,104,2.0,0.014074225
40,104,3.0,0.016785782
40,104,4.0,0.015322197
40,104,5.0,0.013490575
40,104,6.0,0.011861209
40,104,7.0,0.010175356
40,104,8.0,0.0077658
40,104,9.0,0.010060391
40,104,10.0,0.010967471
40,104,11.0,0.009903623
40,104,12.0,0.01189499
40,104,13.0,0.012217766
40,104,14.0,0.011128266
40,105,0.0,0.0014070637
40,105,1.0,0.0015000649
40,105,2.0,0.0016221469
40,105,3.0,0.001453313
40,105,4.0,0.0013433294
40,105,5.0,0.0014350764
40,105,6.0,0.0018928734
40,105,7.0,0.001263848
40,105,8.0,0.0015022659
40,105,9.0,0.0017110218
40,105,10.0,0.002377256
40,105,11.0,0.0022475303
40,105,12.0,0.0021439346
40,105,13.0,0.0026370126
40,105,14.0,0.0025334565
40,106,0.0,9.415769e-05
40,106,1.0,0.00018341289
40,106,2.0,0.0002447919
40,106,3.0,0.00016618561
40,106,4.0,0.00011231067
40,106,5.0,0.00013493729
40,106,6.0,0.0001298154
40,106,7.0,0.0004021737
40,106,8.0,0.00041368778
40,106,9.0,0.00026667424
40,106,10.0,0.00015436947
40,106,11.0,0.00026593107
40,106,12.0,0.0003632347
40,106,13.0,0.0003680346
40,106,14.0,0.00036059157
40,107,0.0,9.585075e-07
40,107,1.0,1.821992e-05
40,107,2.0,6.978627e-05
40,107,3.0,4.3691824e-05
40,107,4.0,2.9818006e-05
40,107,5.0,9.155321e-06
40,107,6.0,2.1169772e-05
40,107,7.0,2.789475e-05
40,107,8.0,6.1119504e-06
40,107,9.0,5.846666e-06
40,107,10.0,1.1457905e-05
40,107,11.0,2.1773176e-05
40,107,12.0,2.4585179e-05
40,107,13.0,8.431363e-05
40,107,14.0,4.7014288e-05
40,108,0.0,3.0684817e-16
40,108,1.0,1.0666559e-05
40,108,2.0,6.1723554e-06
40,108,3.0,1.7094824e-06
40,108,4.0,2.1214106e-07
40,108,5.0,4.166446e-07
40,108,6.0,2.824946e-07
40,108,7.0,1.106371e-06
40,108,8.0,2.2778959e-06
40,108,9.0,6.235014e-06
40,108,10.0,1.5151172e-05
40,108,11.0,7.655635e-06
40,108,12.0,6.9884504e-06
40,108,13.0,1.4770087e-06
40,108,14.0,5.401344e-08
40,109,0.0,1.8962191e-06
40,109,1.0,4.3031238e-07
40,109,2.0,1.5615347e-08
40,109,3.0,3.601886e-07
40,109,4.0,4.7572268e-08
40,109,5.0,1.6453869e-07
40,109,6.0,2.8644152e-07
40,109,7.0,5.516276e-07
40,109,8.0,1.9279275e-06
40,109,9.0,7.4147147e-07
40,109,10.0,2.6258468e-07
40,109,11.0,7.593518e-08
40,109,12.0,6.428883e-09
40,109,13.0,6.9559998e-09
40,109,14.0,7.081288e-11
40,110,0.0,2.2583595e-09
40,110,1.0,1.532416e-08
40,110,2.0,1.8394198e-08
40,110,3.0,5.867427e-12
40,110,4.0,0.0
40,110,5.0,8.1156737e-10
40,110,6.0,2.4872309e-11
40,110,7.0,1.6736379e-12
40,110,8.0,1.29087305e-11
40,110,9.0,4.184497e-08
40,110,10.0,1.2063045e-07
40,110,11.0,3.3504364e-08
40,110,12.0,4.8467496e-07
40,110,13.0,2.0555486e-08
40,110,14.0,8.9344084e-08
40,111,0.0,2.9864847e-10
40,111,1.0,0.0
40,111,2.0,1.8327635e-08
40,111,3.0,8.4213454e-08
40,111,4.0,1.92348e-07
40,111,5.0,1.9575585e-07
40,111,6.0,4.7177984e-08
40,111,7.0,2.5048294e-07
40,111,8.0,1.805223e-08
40,111,9.0,3.7008124e-07
40,111,10.0,1.572921e-07
40,111,11.0,8.6054044e-08
40,111,12.0,9.90387e-09
40,111,13.0,1.7122166e-07
40,111,14.0,1.5564952e-08
40,112,0.0,0.0
40,112,1.0,3.4275926e-11
40,112,2.0,2.1424396e-15
40,112,3.0,0.0
40,112,4.0,8.268248e-11
40,112,5.0,0.0
40,112,6.0,9.859595e-11
40,112,7.0,1.5775774e-07
40,112,8.0,0.0
40,112,9.0,0.0
40,112,10.0,0.0
40,112,11.0,0.0
40,112,12.0,8.4521257e-10
40,112,13.0,3.9149985e-12
40,112,14.0,4.0452455e-09
41,90,0.0,0.0
41,90,1.0,0.0
41,90,2.0,6.135731e-11
41,90,3.0,4.7504471e-07
41,90,4.0,2.863825e-07
41,90,5.0,1.0395444e-07
41,90,6.0,1.7184384e-10
41,90,7.0,0.0
41,90,8.0,0.0
41,90,9.0,0.0
41,90,10.0,0.0
41,90,11.0,0.0
41,90,12.0,2.1176188e-15
41,90,13.0,3.7942893e-08
41,90,14.0,6.9272614e-09
41,91,0.0,0.0
41,91,1.0,0.0
41,91,2.0,1.0689317e-08
41,91,3.0,5.1670725e-07
41,91,4.0,3.3189406e-07
41,91,5.0,1.9302884e-07
41,91,6.0,2.0751195e-07
41,91,7.0,1.5284463e-06
41,91,8.0,5.6559895e-07
41,91,9.0,3.1188964e-08
41,91,10.0,0.0
41,91,11.0,7.3552864e-10
41,91,12.0,1.17234e-08
41,91,13.0,5.744871e-07
41,91,14.0,2.1161693e-08
41,92,0.0,0.0
41,92,1.0,0.0
41,92,2.0,0.0
41,92,3.0,1.613237e-08
41,92,4.0,2.3602728e-07
41,92,5.0,4.6376593e-07
41,92,6.0,4.3955902e-07
41,92,7.0,8.4159905e-07
41,92,8.0,5.3297324e-08
41,92,9.0,7.523796e-08
41,92,10.0,1.1551322e-07
41,92,11.0,5.159692e-08
41,92,12.0,8.326808e-08
41,92,13.0,3.2393682e-08
41,92,14.0,2.418425e-07
41,93,0.0,0.0
41,93,1.0,0.0
41,93,2.0,0.0
41,93,3.0,3.2414988e-08
41,93,4.0,5.2635667e-14
41,93,5.0,3.242469e-09
41,93,6.0,1.6044044e-07
41,93,7.0,2.9778832e-08
41,93,8.0,1.02948725e-08
41,93,9.0,0.0
41,93,10.0,2.1078364e-08
41,93,11.0,4.141694e-09
41,93,12.0,3.4217017e-08
41,93,13.0,9.535345e-08
41,93,14.0,1.0152319e-06
41,94,0.0,4.3535553e-07
41,94,1.0,3.8175795e-08
41,94,2.0,1.6440638e-06
41,94,3.0,3.935557e-06
41,94,4.0,6.605676e-06
41,94,5.0,3.588041e-06
41,94,6.0,1.675612e-06
41,94,7.0,3.1724078e-06
41,94,8.0,4.4438216e-06
41,94,9.0,6.7320225e-06
41,94,10.0,7.4135796e-06
41,94,11.0,2.7863534e-06
41,94,12.0,3.0712224e-06
41,94,13.0,4.0071614e-06
41,94,14.0,1.3775937e-05
41,95,0.0,5.2484133e-06
41,95,1.0,6.267511e-06
41,95,2.0,1.1448412e-05
41,95,3.0,2.4086974e-05
41,95,4.0,3.2787866e-05
41,95,5.0,4.5135526e-05
41,95,6.0,2.6799356e-05
41,95,7.0,2.9371593e-05
41,95,8.0,5.9792874e-05
41,95,9.0,7.915519e-05
41,95,10.0,9.821556e-05
41,95,11.0,8.3025996e-05
41,95,12.0,9.661134e-05
41,95,13.0,0.00016083657
41,95,14.0,0.00014617095
41,96,0.0,0.00025306322
41,96,1.0,0.00032864796
41,96,2.0,0.00055739115
41,96,3.0,0.000860937
41,96,4.0,0.000992758
41,96,5.0,0.00077525096
41,96,6.0,0.0009768361
41,96,7.0,0.0006478553
41,96,8.0,0.0010971781
41,96,9.0,0.0012942569
41,96,10.0,0.0016761479
41,96,11.0,0.0017947359
41,96,12.0,0.0016803028
41,96,13.0,0.001859014
41,96,14.0,0.0023184435
41,97,0.0,0.0047609326
41,97,1.0,0.004982734
41,97,2.0,0.0045900643
41,97,3.0,0.0065729246
41,97,4.0,0.007235085
41,97,5.0,0.0073830443
41,97,6.0,0.007172415
41,97,7.0,0.005110662
41,97,8.0,0.006885597
41,97,9.0,0.008724149
41,97,10.0,0.011132899
41,97,11.0,0.011993867
41,97,12.0,0.012806376
41,97,13.0,0.013482396
41,97,14.0,0.023047438
41,98,0.0,0.014529717
41,98,1.0,0.017056555
41,98,2.0,0.022790907
41,98,3.0,0.020646209
41,98,4.0,0.02769252
41,98,5.0,0.023336707
41,98,6.0,0.027535938
41,98,7.0,0.029561147
41,98,8.0,0.035773642
41,98,9.0,0.033948377
41,98,10.0,0.032028448
41,98,11.0,0.03583636
41,98,12.0,0.04475142
41,98,13.0,0.053393457
41,98,14.0,0.053820875
41,99,0.0,0.07084836
41,99,1.0,0.07699283
41,99,2.0,0.09017934
41,99,3.0,0.098128796
41,99,4.0,0.10452626
41,99,5.0,0.110249765
41,99,6.0,0.09858757
41,99,7.0,0.0926527
41,99,8.0,0.0940541
41,99,9.0,0.10917416
41,99,10.0,0.11473735
41,99,11.0,0.12055345
41,99,12.0,0.12985513
41,99,13.0,0.14420483
41,99,14.0,0.13577898
41,100,0.0,0.14470553
41,100,1.0,0.14745541
41,100,2.0,0.20957887
41,100,3.0,0.2250133
41,100,4.0,0.2326017
41,100,5.0,0.21512456
41,100,6.0,0.22418061
41,100,7.0,0.21953744
41,100,8.0,0.21221071
41,100,9.0,0.22550778
41,100,10.0,0.2244519
41,100,11.0,0.20585386
41,100,12.0,0.21377996
41,100,13.0,0.22210366
41,100,14.0,0.23693873
41,101,0.0,0.33598998
41,101,1.0,0.3914543
41,101,2.0,0.43613783
41,101,3.0,0.429163
41,101,4.0,0.3974095
41,101,5.0,0.41243783
41,101,6.0,0.3842379
41,101,7.0,0.39501747
41,101,8.0,0.34799466
41,101,9.0,0.35038346
41,101,10.0,0.365857
41,101,11.0,0.35932913
41,101,12.0,0.3445811
41,101,13.0,0.3616459
41,101,14.0,0.33372766
41,102,0.0,0.29470283
41,102,1.0,0.38199887
41,102,2.0,0.4150734
41,102,3.0,0.43574336
41,102,4.0,0.41946635
41,102,5.0,0.39112875
41,102,6.0,0.383226
41,102,7.0,0.38310176
41,102,8.0,0.34641308
41,102,9.0,0.34767404
41,102,10.0,0.35112652
41,102,11.0,0.34064212
41,102,12.0,0.3151697
41,102,13.0,0.32586098
41,102,14.0,0.29869452
41,103,0.0,0.22706269
41,103,1.0,0.32227072
41,103,2.0,0.36203232
41,103,3.0,0.36255482
41,103,4.0,0.35268873
41,103,5.0,0.34654713
41,103,6.0,0.3068508
41,103,7.0,0.27402017
41,103,8.0,0.24325824
41,103,9.0,0.2142604
41,103,10.0,0.21748777
41,103,11.0,0.22694805
41,103,12.0,0.21507908
41,103,13.0,0.24806862
41,103,14.0,0.21527854
41,104,0.0,0.08822653
41,104,1.0,0.1329003
41,104,2.0,0.12612568
41,104,3.0,0.13472858
41,104,4.0,0.1490563
41,104,5.0,0.13892333
41,104,6.0,0.13762885
41,104,7.0,0.15177903
41,104,8.0,0.11286014
41,104,9.0,0.10339354
41,104,10.0,0.11418124
41,104,11.0,0.120979555
41,104,12.0,0.14565922
41,104,13.0,0.13484515
41,104,14.0,0.12556586
41,105,0.0,0.027815746
41,105,1.0,0.04868009
41,105,2.0,0.056192067
41,105,3.0,0.057736605
41,105,4.0,0.06160277
41,105,5.0,0.06698709
41,105,6.0,0.06253124
41,105,7.0,0.06346216
41,105,8.0,0.048340112
41,105,9.0,0.04593125
41,105,10.0,0.053380243
41,105,11.0,0.058206934
41,105,12.0,0.065586366
41,105,13.0,0.07021721
41,105,14.0,0.06527213
41,106,0.0,0.0058613955
41,106,1.0,0.009131189
41,106,2.0,0.011080258
41,106,3.0,0.016637603
41,106,4.0,0.01909258
41,106,5.0,0.019396594
41,106,6.0,0.022166763
41,106,7.0,0.021375805
41,106,8.0,0.0150109725
41,106,9.0,0.015741596
41,106,10.0,0.017402807
41,106,11.0,0.020483995
41,106,12.0,0.02076848
41,106,13.0,0.021882433
41,106,14.0,0.022888292
41,107,0.0,0.0009434436
41,107,1.0,0.0021786897
41,107,2.0,0.0031813679
41,107,3.0,0.0044525736
41,107,4.0,0.0041814647
41,107,5.0,0.0044325115
41,107,6.0,0.006220692
41,107,7.0,0.005437564
41,107,8.0,0.0029819414
41,107,9.0,0.0028811728
41,107,10.0,0.0036498702
41,107,11.0,0.005499275
41,107,12.0,0.005786216
41,107,13.0,0.0063060466
41,107,14.0,0.006174522
41,108,0.0,0.00019126135
41,108,1.0,0.00036047882
41,108,2.0,0.00051275716
41,108,3.0,0.0006765079
41,108,4.0,0.0007478587
41,108,5.0,0.00081089145
41,108,6.0,0.0009940143
41,108,7.0,0.00077452953
41,108,8.0,0.001065763
41,108,9.0,0.00079763157
41,108,10.0,0.0013703462
41,108,11.0,0.0016841061
41,108,12.0,0.0012522149
41,108,13.0,0.0017679767
41,108,14.0,0.0017968761
41,109,0.0,7.208229e-05
41,109,1.0,0.0002641604
41,109,2.0,0.00024469616
41,109,3.0,0.00026705256
41,109,4.0,0.00023061234
41,109,5.0,0.00019613927
41,109,6.0,0.00026490568
41,109,7.0,0.0003422132
41,109,8.0,0.0001928129
41,109,9.0,0.00024836336
41,109,10.0,0.00028777192
41,109,11.0,0.0003553523
41,109,12.0,0.000268483
41,109,13.0,0.00020267113
41,109,14.0,0.00019017368
41,110,0.0,8.275539e-07
41,110,1.0,7.022123e-05
41,110,2.0,1.6058206e-05
41,110,3.0,1.8249943e-05
41,110,4.0,6.085288e-05
41,110,5.0,0.00016345966
41,110,6.0,9.2165385e-05
41,110,7.0,6.7021625e-05
41,110,8.0,6.3924446e-05
41,110,9.0,6.515055e-05
41,110,10.0,8.3537045e-05
41,110,11.0,8.071377e-05
41,110,12.0,8.32158e-05
41,110,13.0,6.828326e-05
41,110,14.0,0.0001245993
41,111,0.0,4.985475e-08
41,111,1.0,2.2937778e-07
41,111,2.0,8.224861e-09
41,111,3.0,1.2914171e-07
41,111,4.0,3.567186e-07
41,111,5.0,5.65941e-06
41,111,6.0,3.376987e-06
41,111,7.0,1.8685457e-06
41,111,8.0,7.3509426e-07
41,111,9.0,7.546513e-08
41,111,10.0,1.2611603e-06
41,111,11.0,9.2537124e-07
41,111,12.0,8.376122e-06
41,111,13.0,1.4036657e-06
41,111,14.0,9.994004e-06
41,112,0.0,4.99953e-08
41,112,1.0,1.11198695e-07
41,112,2.0,0.0
41,112,3.0,1.9326096e-08
41,112,4.0,0.0
41,112,5.0,0.0
41,112,6.0,1.14181994e-07
41,112,7.0,2.2010163e-08
41,112,8.0,7.581202e-08
41,112,9.0,0.0
41,112,10.0,0.0
41,112,11.0,9.7646264e-08
41,112,12.0,6.616427e-08
41,112,13.0,7.0317724e-10
41,112,14.0,7.767895e-09
41,113,0.0,4.3439004e-09
41,113,1.0,0.0
41,113,2.0,1.0064077e-10
41,113,3.0,1.9277975e-07
41,113,4.0,1.0010814e-08
41,113,5.0,0.0
41,113,6.0,1.1606562e-09
41,113,7.0,4.389795e-08
41,113,8.0,0.0
41,113,9.0,2.2162736e-10
41,113,10.0,0.0
41,113,11.0,0.0
41,113,12.0,0.0
41,113,13.0,0.0
41,113,14.0,1.8966084e-09
41,114,0.0,0.0
41,114,1.0,2.0799893e-08
41,114,2.0,0.0
41,114,3.0,4.1329002e-09
41,114,4.0,1.1752654e-07
41,114,5.0,4.721899e-09
41,114,6.0,7.92971e-11
41,114,7.0,0.0
41,114,8.0,2.2998687e-07
41,114,9.0,7.8259717e-07
41,114,10.0,2.1936413e-07
41,114,11.0,2.7590534e-08
41,114,12.0,0.0
41,114,13.0,9.834935e-09
41,114,14.0,1.5303892e-13
41,115,0.0,2.5242945e-13
41,115,1.0,5.5974436e-08
41,115,2.0,1.0424627e-08
41,115,3.0,4.0921905e-11
41,115,4.0,0.0
41,115,5.0,3.148539e-09
41,115,6.0,1.8141696e-08
41,115,7.0,5.983524e-07
41,115,8.0,2.4057488e-07
41,115,9.0,8.89136e-07
41,115,10.0,3.666358e-07
41,115,11.0,3.0608285e-07
41,115,12.0,9.3130474e-08
41,115,13.0,9.7548885e-09
41,115,14.0,8.23469e-08
42,92,0.0,3.3314747e-09
42,92,1.0,1.7131343e-08
42,92,2.0,2.7210227e-08
42,92,3.0,0.0
42,92,4.0,0.0
42,92,5.0,0.0
42,92,6.0,1.1447614e-09
42,92,7.0,3.5184904e-11
42,92,8.0,0.0
42,92,9.0,3.2681857e-10
42,92,10.0,0.0
42,92,11.0,0.0
42,92,12.0,0.0
42,92,13.0,0.0
42,92,14.0,5.1372417e-08
42,93,0.0,5.0109476e-11
42,93,1.0,1.7324613e-09
42,93,2.0,0.0
42,93,3.0,1.3855034e-09
42,93,4.0,6.477909e-08
42,93,5.0,2.3110296e-08
42,93,6.0,1.8499372e-09
42,93,7.0,2.1787204e-07
42,93,8.0,5.67349e-15
42,93,9.0,0.0
42,93,10.0,8.197001e-10
42,93,11.0,8.63861e-09
42,93,12.0,7.3572096e-08
42,93,13.0,3.0795793e-08
42,93,14.0,0.0
42,94,0.0,1.0540483e-10
42,94,1.0,0.0
42,94,2.0,0.0
42,94,3.0,0.0
42,94,4.0,0.0
42,94,5.0,0.0
42,94,6.0,0.0
42,94,7.0,0.0
42,94,8.0,0.0
42,94,9.0,0.0
42,94,10.0,0.0
42,94,11.0,0.0
42,94,12.0,0.0
42,94,13.0,0.0
42,94,14.0,1.6827778e-08
42,95,0.0,0.0
42,95,1.0,3.283239e-10
42,95,2.0,3.5938304e-11
42,95,3.0,0.0
42,95,4.0,0.0
42,95,5.0,1.9378823e-09
42,95,6.0,1.9799533e-08
42,95,7.0,4.3347775e-08
42,95,8.0,4.2436796e-09
42,95,9.0,0.0
42,95,10.0,0.0
42,95,11.0,0.0
42,95,12.0,0.0
42,95,13.0,6.0432926e-16
42,95,14.0,2.6904415e-08
42,96,0.0,7.7689165e-08
42,96,1.0,8.815939e-07
42,96,2.0,6.948251e-08
42,96,3.0,0.0
42,96,4.0,1.8040333e-11
42,96,5.0,4.445691e-09
42,96,6.0,1.9567487e-07
42,96,7.0,2.4753892e-06
42,96,8.0,1.2145006e-06
42,96,9.0,4.9565455e-07
42,96,10.0,1.7239417e-08
42,96,11.0,1.2334546e-08
42,96,12.0,1.2082965e-07
42,96,13.0,1.8449808e-06
42,96,14.0,1.2466491e-05
42,97,0.0,6.475904e-06
42,97,1.0,1.26936575e-05
42,97,2.0,1.2082847e-06
42,97,3.0,5.883029e-06
42,97,4.0,5.310727e-06
42,97,5.0,3.992018e-07
42,97,6.0,2.592323e-07
42,97,7.0,7.907685e-07
42,97,8.0,2.6149894e-06
42,97,9.0,8.173851e-06
42,97,10.0,2.2035421e-07
42,97,11.0,2.3341302e-08
42,97,12.0,3.920912e-05
42,97,13.0,7.755582e-05
42,97,14.0,5.6096265e-05
42,98,0.0,0.00021974812
42,98,1.0,0.00037223287
42,98,2.0,0.00045549384
42,98,3.0,0.00027795773
42,98,4.0,0.000504161
42,98,5.0,0.000611425
42,98,6.0,0.0006657678
42,98,7.0,0.000460365
42,98,8.0,0.0003517084
42,98,9.0,0.0005901781
42,98,10.0,0.0004975621
42,98,11.0,0.0003400077
42,98,12.0,0.00020713158
42,98,13.0,0.00051967107
42,98,14.0,0.00078750314
42,99,0.0,0.001430463
42,99,1.0,0.0029625662
42,99,2.0,0.003382168
42,99,3.0,0.0029588772
42,99,4.0,0.0028773483
42,99,5.0,0.002237221
42,99,6.0,0.0018198361
42,99,7.0,0.0017187766
42,99,8.0,0.0024793737
42,99,9.0,0.0027110467
42,99,10.0,0.0024854469
42,99,11.0,0.0027779266
42,99,12.0,0.0022290333
42,99,13.0,0.002312161
42,99,14.0,0.0034295435
42,100,0.0,0.01046449
42,100,1.0,0.011020828
42,100,2.0,0.011147259
42,100,3.0,0.009987008
42,100,4.0,0.00999775
42,100,5.0,0.010750546
42,100,6.0,0.011274278
42,100,7.0,0.011427776
42,100,8.0,0.012544287
42,100,9.0,0.013430803
42,100,10.0,0.012783656
42,100,11.0,0.014098864
42,100,12.0,0.01518419
42,100,13.0,0.016799778
42,100,14.0,0.012534513
42,101,0.0,0.04113828
42,101,1.0,0.045487948
42,101,2.0,0.04883483
42,101,3.0,0.047331195
42,101,4.0,0.046222575
42,101,5.0,0.040928394
42,101,6.0,0.046235267
42,101,7.0,0.039449632
42,101,8.0,0.040310383
42,101,9.0,0.045251463
42,101,10.0,0.0501114
42,101,11.0,0.051479932
42,101,12.0,0.04859105
42,101,13.0,0.044641055
42,101,14.0,0.040339712
42,102,0.0,0.08594899
42,102,1.0,0.089976825
42,102,2.0,0.09282347
42,102,3.0,0.08711206
42,102,4.0,0.086308256
42,102,5.0,0.096497
42,102,6.0,0.10726346
42,102,7.0,0.09156601
42,102,8.0,0.09693364
42,102,9.0,0.08704262
42,102,10.0,0.09515458
42,102,11.0,0.09904396
42,102,12.0,0.08146067
42,102,13.0,0.08376141
42,102,14.0,0.08792178
42,103,0.0,0.15796149
42,103,1.0,0.1699987
42,103,2.0,0.18462169
42,103,3.0,0.17649992
42,103,4.0,0.1784712
42,103,5.0,0.16680817
42,103,6.0,0.16410103
42,103,7.0,0.16275705
42,103,8.0,0.16129746
42,103,9.0,0.15860663
42,103,10.0,0.14603013
42,103,11.0,0.15177612
42,103,12.0,0.13463221
42,103,13.0,0.13081686
42,103,14.0,0.120388664
42,104,0.0,0.17399853
42,104,1.0,0.17945607
42,104,2.0,0.17249092
42,104,3.0,0.16508518
42,104,4.0,0.1949802
42,104,5.0,0.17493609
42,104,6.0,0.18015732
42,104,7.0,0.1752372
42,104,8.0,0.15616226
42,104,9.0,0.19483928
42,104,10.0,0.16634001
42,104,11.0,0.15446848
42,104,12.0,0.15599258
42,104,13.0,0.1673866
42,104,14.0,0.16449456
42,105,0.0,0.098839164
42,105,1.0,0.12531032
42,105,2.0,0.13133572
42,105,3.0,0.14925389
42,105,4.0,0.14827406
42,105,5.0,0.14121473
42,105,6.0,0.13106135
42,105,7.0,0.11159091
42,105,8.0,0.11604856
42,105,9.0,0.1203948
42,105,10.0,0.13803582
42,105,11.0,0.13802913
42,105,12.0,0.13062291
42,105,13.0,0.12977675
42,105,14.0,0.121661484
42,106,0.0,0.05017239
42,106,1.0,0.07381168
42,106,2.0,0.082182825
42,106,3.0,0.09343602
42,106,4.0,0.08017218
42,106,5.0,0.08611105
42,106,6.0,0.08958039
42,106,7.0,0.08324204
42,106,8.0,0.082631744
42,106,9.0,0.08467055
42,106,10.0,0.09044801
42,106,11.0,0.097652756
42,106,12.0,0.098919794
42,106,13.0,0.10087762
42,106,14.0,0.1089912
42,107,0.0,0.017718002
42,107,1.0,0.023089867
42,107,2.0,0.029665606
42,107,3.0,0.034446895
42,107,4.0,0.037998892
42,107,5.0,0.0446959
42,107,6.0,0.045146197
42,107,7.0,0.040146336
42,107,8.0,0.037165355
42,107,9.0,0.030531457
42,107,10.0,0.043557357
42,107,11.0,0.044818103
42,107,12.0,0.044648487
42,107,13.0,0.042585384
42,107,14.0,0.03900598
42,108,0.0,0.0065697962
42,108,1.0,0.0062581603
42,108,2.0,0.010003974
42,108,3.0,0.011497153
42,108,4.0,0.016089005
42,108,5.0,0.015594639
42,108,6.0,0.019001268
42,108,7.0,0.01870179
42,108,8.0,0.02058519
42,108,9.0,0.02272381
42,108,10.0,0.026086826
42,108,11.0,0.021952687
42,108,12.0,0.023751516
42,108,13.0,0.024942514
42,108,14.0,0.025341745
42,109,0.0,0.0018695971
42,109,1.0,0.0029265133
42,109,2.0,0.003296534
42,109,3.0,0.004089753
42,109,4.0,0.0044433936
42,109,5.0,0.005288526
42,109,6.0,0.0047720154
42,109,7.0,0.005382189
42,109,8.0,0.005546982
42,109,9.0,0.008450821
42,109,10.0,0.008841443
42,109,11.0,0.00870265
42,109,12.0,0.0088061
42,109,13.0,0.010404092
42,109,14.0,0.011628481
42,110,0.0,0.00018952836
42,110,1.0,0.0005273698
42,110,2.0,0.0005251329
42,110,3.0,0.0006744797
42,110,4.0,0.0007885359
42,110,5.0,0.0010548491
42,110,6.0,0.0009815737
42,110,7.0,0.0010216524
42,110,8.0,0.00087719323
42,110,9.0,0.0016574201
42,110,10.0,0.0018230822
42,110,11.0,0.0025990747
42,110,12.0,0.003416455
42,110,13.0,0.0026594778
42,110,14.0,0.002376243
42,111,0.0,3.722571e-05
42,111,1.0,8.627256e-05
42,111,2.0,7.3251125e-05
42,111,3.0,8.594068e-05
42,111,4.0,0.0001369827
42,111,5.0,0.00018549534
42,111,6.0,0.00022422927
42,111,7.0,0.00021551645
42,111,8.0,0.00019199138
42,111,9.0,0.0002290304
42,111,10.0,0.00031758306
42,111,11.0,0.00027196805
42,111,12.0,0.00052647054
42,111,13.0,0.00051473087
42,111,14.0,0.00039355535
42,112,0.0,4.631598e-10
42,112,1.0,2.3389964e-08
42,112,2.0,8.781573e-06
42,112,3.0,4.629974e-06
42,112,4.0,1.3297407e-05
42,112,5.0,1.0559917e-05
42,112,6.0,3.5814006e-05
42,112,7.0,2.3297156e-05
42,112,8.0,1.9243475e-05
42,112,9.0,7.746884e-06
42,112,10.0,2.3721479e-05
42,112,11.0,1.7747494e-05
42,112,12.0,3.412547e-05
42,112,13.0,9.814536e-05
42,112,14.0,0.00012777514
42,113,0.0,0.0
42,113,1.0,0.0
42,113,2.0,8.3340194e-17
42,113,3.0,0.0
42,113,4.0,4.2692476e-09
42,113,5.0,1.4983492e-07
42,113,6.0,1.6339541e-07
42,113,7.0,7.8442994e-08
42,113,8.0,1.9188377e-13
42,113,9.0,0.0
42,113,10.0,1.3435369e-11
42,113,11.0,4.3019423e-07
42,113,12.0,1.0632114e-05
42,113,13.0,8.4623425e-06
42,113,14.0,1.672775e-05
42,114,0.0,1.4684563e-08
42,114,1.0,8.42548e-09
42,114,2.0,4.9122025e-07
42,114,3.0,7.04992e-08
42,114,4.0,1.2834849e-07
42,114,5.0,4.0217472e-08
42,114,6.0,9.859483e-07
42,114,7.0,2.4514188e-07
42,114,8.0,3.795433e-07
42,114,9.0,1.2452637e-07
42,114,10.0,2.5830036e-09
42,114,11.0,1.0741295e-08
42,114,12.0,1.2531645e-09
42,114,13.0,4.500657e-09
42,114,14.0,1.2242855e-08
42,115,0.0,7.778256e-09
42,115,1.0,2.4695396e-10
42,115,2.0,4.9061106e-09
42,115,3.0,1.17757494e-07
42,115,4.0,7.013732e-08
42,115,5.0,7.930647e-08
42,115,6.0,8.588885e-08
42,115,7.0,1.1402879e-11
42,115,8.0,2.89375e-09
42,115,9.0,3.427958e-09
42,115,10.0,5.9354022e-08
42,115,11.0,1.8555617e-07
42,115,12.0,5.955509e-08
42,115,13.0,2.097408e-08
42,115,14.0,5.4103714e-07
42,116,0.0,5.8990977e-09
42,116,1.0,1.6532264e-08
42,116,2.0,3.370221e-09
42,116,3.0,3.285291e-08
42,116,4.0,1.9393203e-08
42,116,5.0,5.667247e-09
42,116,6.0,5.2187115e-08
42,116,7.0,8.0782175e-10
42,116,8.0,2.7182676e-09
42,116,9.0,1.4608223e-08
42,116,10.0,4.959859e-09
42,116,11.0,6.0520593e-09
42,116,12.0,2.2101208e-08
42,116,13.0,4.3159663e-09
42,116,14.0,1.535801e-08
42,117,0.0,1.9109698e-09
42,117,1.0,1.3665378e-08
42,117,2.0,3.7640498e-07
42,117,3.0,2.991814e-07
42,117,4.0,8.4379174e-08
42,117,5.0,5.0337754e-08
42,117,6.0,2.7240163e-09
42,117,7.0,2.1046475e-08
42,117,8.0,9.6838235e-09
42,117,9.0,1.1743828e-08
42,117,10.0,4.291769e-09
42,117,11.0,4.524811e-09
42,117,12.0,3.093576e-10
42,117,13.0,6.245439e-11
42,117,14.0,4.8580695e-09
43,95,0.0,3.6751255e-09
43,95,1.0,6.188989e-09
43,95,2.0,1.3664533e-07
43,95,3.0,4.755475e-07
43,95,4.0,9.783803e-12
43,95,5.0,2.5094374e-07
43,95,6.0,4.7182564e-08
43,95,7.0,1.2356587e-07
43,95,8.0,6.8912156e-09
43,95,9.0,5.4624185e-09
43,95,10.0,9.588636e-09
43,95,11.0,4.5141006e-09
43,95,12.0,4.9235606e-08
43,95,13.0,1.6916098e-07
43,95,14.0,2.0518675e-08
43,96,0.0,1.6673052e-10
43,96,1.0,0.0
43,96,2.0,3.396042e-08
43,96,3.0,6.8974245e-08
43,96,4.0,1.2299005e-08
43,96,5.0,3.0353956e-08
43,96,6.0,2.1878591e-07
43,96,7.0,1.2663213e-07
43,96,8.0,6.532004e-07
43,96,9.0,5.247349e-07
43,96,10.0,5.251138e-07
43,96,11.0,6.804705e-07
43,96,12.0,1.9601694e-06
43,96,13.0,8.0453265e-07
43,96,14.0,6.2583844e-08
43,97,0.0,0.0
43,97,1.0,0.0
43,97,2.0,0.0
43,97,3.0,0.0
43,97,4.0,4.234774e-10
43,97,5.0,0.0
43,97,6.0,0.0
43,97,7.0,2.9872716e-08
43,97,8.0,0.0
43,97,9.0,1.0989924e-07
43,97,10.0,1.4176005e-07
43,97,11.0,0.0
43,97,12.0,9.781711e-09
43,97,13.0,3.303013e-11
43,97,14.0,1.593823e-11
43,98,0.0,0.0
43,98,1.0,0.0
43,98,2.0,0.0
43,98,3.0,3.9407087e-08
43,98,4.0,1.9551078e-07
43,98,5.0,7.36714e-09
43,98,6.0,3.122507e-08
43,98,7.0,1.4777812e-08
43,98,8.0,0.0
43,98,9.0,1.9302335e-09
43,98,10.0,1.5374648e-07
43,98,11.0,1.1687112e-06
43,98,12.0,8.749509e-08
43,98,13.0,6.755455e-08
43,98,14.0,7.07451e-07
43,99,0.0,3.6331205e-10
43,99,1.0,1.1163449e-08
43,99,2.0,3.877112e-09
43,99,3.0,0.0
43,99,4.0,0.0
43,99,5.0,0.0
43,99,6.0,5.6690916e-14
43,99,7.0,1.4378612e-15
43,99,8.0,0.0
43,99,9.0,6.870382e-11
43,99,10.0,6.0414327e-09
43,99,11.0,5.8571516e-07
43,99,12.0,3.3458844e-06
43,99,13.0,6.433732e-06
43,99,14.0,6.6653206e-06
43,100,0.0,1.1766872e-05
43,100,1.0,2.82021e-05
43,100,2.0,3.5003548e-05
43,100,3.0,6.124226e-05
43,100,4.0,0.00013093074
43,100,5.0,3.476163e-05
43,100,6.0,2.2176804e-05
43,100,7.0,1.9237345e-05
43,100,8.0,7.3167303e-06
43,100,9.0,1.8727327e-05
43,100,10.0,4.453787e-05
43,100,11.0,0.00012827538
43,100,12.0,7.079239e-05
43,100,13.0,0.00016817117
43,100,14.0,0.00024055182
43,101,0.0,0.00018670975
43,101,1.0,0.00050278206
43,101,2.0,0.00067840255
43,101,3.0,0.00060530927
43,101,4.0,0.0005030505
43,101,5.0,0.00053814804
43,101,6.0,0.0007142896
43,101,7.0,0.00073764526
43,101,8.0,0.0010970193
43,101,9.0,0.0015399553
43,101,10.0,0.0014844337
43,101,11.0,0.0020767553
43,101,12.0,0.0022563173
43,101,13.0,0.00224758
43,101,14.0,0.0016997622
43,102,0.0,0.002017235
43,102,1.0,0.0013363552
43,102,2.0,0.0019097964
43,102,3.0,0.0031749373
43,102,4.0,0.0031423115
43,102,5.0,0.003605783
43,102,6.0,0.0051770853
43,102,7.0,0.0043379604
43,102,8.0,0.0038564682
43,102,9.0,0.0043365844
43,102,10.0,0.0040550195
43,102,11.0,0.004663015
43,102,12.0,0.005996427
43,102,13.0,0.00586852
43,102,14.0,0.007226025
43,103,0.0,0.009465313
43,103,1.0,0.008666907
43,103,2.0,0.010337953
43,103,3.0,0.01385077
43,103,4.0,0.013672211
43,103,5.0,0.014513839
43,103,6.0,0.01395589
43,103,7.0,0.012069893
43,103,8.0,0.011208356
43,103,9.0,0.010402842
43,103,10.0,0.013386709
43,103,11.0,0.015403076
43,103,12.0,0.015558172
43,103,13.0,0.014178365
43,103,14.0,0.013818027
43,104,0.0,0.011998002
43,104,1.0,0.014581216
43,104,2.0,0.021248717
43,104,3.0,0.026154522
43,104,4.0,0.027242944
43,104,5.0,0.029157301
43,104,6.0,0.025515664
43,104,7.0,0.0272745
43,104,8.0,0.021845715
43,104,9.0,0.023631241
43,104,10.0,0.027834019
43,104,11.0,0.035329532
43,104,12.0,0.030133856
43,104,13.0,0.037321966
43,104,14.0,0.04046069
43,105,0.0,0.013155558
43,105,1.0,0.02164709
43,105,2.0,0.027895467
43,105,3.0,0.034206014
43,105,4.0,0.030243745
43,105,5.0,0.04353055
43,105,6.0,0.046826396
43,105,7.0,0.038904775
43,105,8.0,0.03300203
43,105,9.0,0.033804875
43,105,10.0,0.038378812
43,105,11.0,0.0438
43,105,12.0,0.043242548
43,105,13.0,0.045354873
43,105,14.0,0.056724053
43,106,0.0,0.007944948
43,106,1.0,0.0156091945
43,106,2.0,0.021899272
43,106,3.0,0.037414674
43,106,4.0,0.03612297
43,106,5.0,0.05047488
43,106,6.0,0.043342493
43,106,7.0,0.052298658
43,106,8.0,0.044427697
43,106,9.0,0.038360167
43,106,10.0,0.049851324
43,106,11.0,0.058866926
43,106,12.0,0.07340346
43,106,13.0,0.06857391
43,106,14.0,0.058259983
43,107,0.0,0.004580895
43,107,1.0,0.012634054
43,107,2.0,0.022120941
43,107,3.0,0.02341303
43,107,4.0,0.029084291
43,107,5.0,0.03895275
43,107,6.0,0.05514798
43,107,7.0,0.057792746
43,107,8.0,0.04987529
43,107,9.0,0.05387607
43,107,10.0,0.076603904
43,107,11.0,0.069791235
43,107,12.0,0.08713382
43,107,13.0,0.0897569
43,107,14.0,0.08978208
43,108,0.0,0.0028127045
43,108,1.0,0.0038298275
43,108,2.0,0.010664381
43,108,3.0,0.014698881
43,108,4.0,0.022340424
43,108,5.0,0.0316358
43,108,6.0,0.038655963
43,108,7.0,0.036989972
43,108,8.0,0.035793718
43,108,9.0,0.034468282
43,108,10.0,0.045268167
43,108,11.0,0.07223295
43,108,12.0,0.074801095
43,108,13.0,0.08561605
43,108,14.0,0.07356728
43,109,0.0,0.0013526215
43,109,1.0,0.0037318177
43,109,2.0,0.006696618
43,109,3.0,0.010819103
43,109,4.0,0.016313616
43,109,5.0,0.019213328
43,109,6.0,0.028127356
43,109,7.0,0.034718223
43,109,8.0,0.029272659
43,109,9.0,0.031028299
43,109,10.0,0.043881036
43,109,11.0,0.058670595
43,109,12.0,0.08904073
43,109,13.0,0.09873069
43,109,14.0,0.08758182
43,110,0.0,0.00027367746
43,110,1.0,0.0014322272
43,110,2.0,0.00297267
43,110,3.0,0.0034313153
43,110,4.0,0.009883321
43,110,5.0,0.010666225
43,110,6.0,0.01454428
43,110,7.0,0.016811969
43,110,8.0,0.015329477
43,110,9.0,0.016575716
43,110,10.0,0.02434085
43,110,11.0,0.03232269
43,110,12.0,0.038278624
43,110,13.0,0.045204088
43,110,14.0,0.03634442
43,111,0.0,0.00020749478
43,111,1.0,0.00072534743
43,111,2.0,0.0014658709
43,111,3.0,0.0024952905
43,111,4.0,0.0047697173
43,111,5.0,0.0054578464
43,111,6.0,0.007728458
43,111,7.0,0.008706471
43,111,8.0,0.009221655
43,111,9.0,0.009319759
43,111,10.0,0.012796763
43,111,11.0,0.017833414
43,111,12.0,0.02114622
43,111,13.0,0.025946997
43,111,14.0,0.023819031
43,112,0.0,6.875833e-05
43,112,1.0,0.00036565666
43,112,2.0,0.0006715145
43,112,3.0,0.00081360067
43,112,4.0,0.00076315866
43,112,5.0,0.0016666853
43,112,6.0,0.002881224
43,112,7.0,0.003342496
43,112,8.0,0.002747773
43,112,9.0,0.0028683213
43,112,10.0,0.003826392
43,112,11.0,0.0037663456
43,112,12.0,0.0062061106
43,112,13.0,0.00689541
43,112,14.0,0.0094039
43,113,0.0,5.8320666e-06
43,113,1.0,8.8457775e-05
43,113,2.0,0.00021538344
43,113,3.0,0.00022214101
43,113,4.0,0.00028175983
43,113,5.0,0.00036694272
43,113,6.0,0.00064013165
43,113,7.0,0.0006575115
43,113,8.0,0.0005603769
43,113,9.0,0.0008275586
43,113,10.0,0.001051492
43,113,11.0,0.0016301534
43,113,12.0,0.0016048837
43,113,13.0,0.0022593888
43,113,14.0,0.002055385
43,114,0.0,1.561784e-07
43,114,1.0,3.7422756e-06
43,114,2.0,1.9795378e-05
43,114,3.0,2.2362667e-05
43,114,4.0,1.7610824e-05
43,114,5.0,3.4606786e-05
43,114,6.0,9.2742426e-05
43,114,7.0,9.343576e-05
43,114,8.0,9.896777e-05
43,114,9.0,8.714502e-05
43,114,10.0,0.000119292046
43,114,11.0,0.0002833727
43,114,12.0,0.00021603271
43,114,13.0,0.00040436434
43,114,14.0,0.00035517308
43,115,0.0,1.4684881e-08
43,115,1.0,1.1403499e-06
43,115,2.0,8.14805e-06
43,115,3.0,2.5621005e-06
43,115,4.0,4.6450361e-07
43,115,5.0,3.4914103e-07
43,115,6.0,1.4389764e-06
43,115,7.0,1.073635e-05
43,115,8.0,6.5730555e-06
43,115,9.0,3.8321696e-06
43,115,10.0,1.7654225e-05
43,115,11.0,4.4682616e-05
43,115,12.0,6.6220586e-05
43,115,13.0,5.0932806e-05
43,115,14.0,6.768065e-05
43,116,0.0,5.6199587e-11
43,116,1.0,0.0
43,116,2.0,1.1155628e-11
43,116,3.0,0.0
43,116,4.0,0.0
43,116,5.0,0.0
43,116,6.0,0.0
43,116,7.0,0.0
43,116,8.0,0.0
43,116,9.0,0.0
43,116,10.0,0.0
43,116,11.0,0.0
43,116,12.0,9.858801e-08
43,116,13.0,1.5001235e-06
43,116,14.0,1.7449491e-07
43,117,0.0,2.9621705e-09
43,117,1.0,3.1651086e-07
43,117,2.0,1.243608e-06
43,117,3.0,0.0
43,117,4.0,0.0
43,117,5.0,0.0
43,117,6.0,1.4232175e-11
43,117,7.0,2.305404e-08
43,117,8.0,3.35085e-08
43,117,9.0,0.0
43,117,10.0,3.6517178e-09
43,117,11.0,1.8807776e-07
43,117,12.0,9.340978e-08
43,117,13.0,2.5961446e-08
43,117,14.0,1.0099033e-08
43,118,0.0,1.2829692e-06
43,118,1.0,5.9262504e-08
43,118,2.0,0.0
43,118,3.0,6.8202245e-12
43,118,4.0,4.526873e-12
43,118,5.0,6.1225956e-07
43,118,6.0,5.171427e-09
43,118,7.0,1.7561975e-08
43,118,8.0,2.339482e-10
43,118,9.0,2.390814e-07
43,118,10.0,1.1665952e-07
43,118,11.0,9.6598235e-08
43,118,12.0,3.313356e-07
43,118,13.0,2.5833925e-12
43,118,14.0,0.0
43,119,0.0,5.134639e-12
43,119,1.0,8.910778e-10
43,119,2.0,6.4338764e-08
43,119,3.0,0.0
43,119,4.0,0.0
43,119,5.0,1.297323e-07
43,119,6.0,1.2697929e-09
43,119,7.0,1.6764575e-07
43,119,8.0,4.481811e-07
43,119,9.0,1.0758428e-07
43,119,10.0,1.3973356e-08
43,119,11.0,3.4226136e-07
43,119,12.0,7.1998464e-08
43,119,13.0,1.668147e-07
43,119,14.0,2.6636755e-07
43,120,0.0,2.135309e-08
43,120,1.0,9.841219e-07
43,120,2.0,1.8612485e-10
43,120,3.0,0.0
43,120,4.0,1.8564018e-09
43,120,5.0,0.0
43,120,6.0,2.0485622e-10
43,120,7.0,5.3258027e-08
43,120,8.0,2.3762571e-07
43,120,9.0,1.9169669e-08
43,120,10.0,0.0
43,120,11.0,1.3561113e-08
43,120,12.0,1.2798451e-08
43,120,13.0,6.755133e-07
43,120,14.0,9.4019487e-07
44,98,0.0,5.942825e-11
44,98,1.0,2.0204862e-11
44,98,2.0,3.0658292e-08
44,98,3.0,9.06635e-08
44,98,4.0,1.7988914e-09
44,98,5.0,3.7582743e-07
44,98,6.0,3.2941e-09
44,98,7.0,1.063853e-09
44,98,8.0,9.3627805e-12
44,98,9.0,0.0
44,98,10.0,0.0
44,98,11.0,0.0
44,98,12.0,2.3456096e-08
44,98,13.0,0.0
44,98,14.0,6.8524975e-10
44,99,0.0,7.363655e-08
44,99,1.0,5.705103e-08
44,99,2.0,7.98753e-08
44,99,3.0,8.3422685e-07
44,99,4.0,3.489818e-07
44,99,5.0,4.5487346e-07
44,99,6.0,5.6695857e-08
44,99,7.0,2.5026402e-08
44,99,8.0,3.123151e-08
44,99,9.0,2.7418677e-08
44,99,10.0,1.6922737e-08
44,99,11.0,1.4463667e-08
44,99,12.0,4.976366e-09
44,99,13.0,1.4119319e-08
44,99,14.0,6.78708e-08
44,100,0.0,6.2897044e-07
44,100,1.0,2.4278048e-08
44,100,2.0,1.8429193e-13
44,100,3.0,4.7122106e-07
44,100,4.0,5.94382e-07
44,100,5.0,6.6438366e-07
44,100,6.0,1.3504115e-06
44,100,7.0,4.8843155e-08
44,100,8.0,1.7160994e-08
44,100,9.0,6.000854e-09
44,100,10.0,5.3487907e-09
44,100,11.0,2.379891e-08
44,100,12.0,1.0687083e-07
44,100,13.0,4.8861756e-07
44,100,14.0,1.8155183e-07
44,101,0.0,8.8075076e-08
44,101,1.0,1.5052882e-07
44,101,2.0,0.0
44,101,3.0,0.0
44,101,4.0,0.0
44,101,5.0,0.0
44,101,6.0,0.0
44,101,7.0,4.507867e-09
44,101,8.0,2.81711e-07
44,101,9.0,2.6546857e-07
44,101,10.0,1.3473681e-06
44,101,11.0,5.0643075e-06
44,101,12.0,4.4278863e-06
44,101,13.0,7.811441e-06
44,101,14.0,1.15161565e-05
44,102,0.0,4.238002e-06
44,102,1.0,1.345634e-06
44,102,2.0,5.0573584e-07
44,102,3.0,1.651284e-06
44,102,4.0,1.1855112e-05
44,102,5.0,1.16007795e-05
44,102,6.0,2.0694812e-05
44,102,7.0,1.0444316e-05
44,102,8.0,4.309338e-06
44,102,9.0,1.0774657e-05
44,102,10.0,1.3281533e-05
44,102,11.0,1.1964289e-05
44,102,12.0,9.638205e-06
44,102,13.0,2.496308e-06
44,102,14.0,3.8120186e-06
44,103,0.0,6.937428e-05
44,103,1.0,0.00014283152
44,103,2.0,0.0001836411
44,103,3.0,0.00012654146
44,103,4.0,0.00015046315
44,103,5.0,0.00017017972
44,103,6.0,0.00012200696
44,103,7.0,0.00012172441
44,103,8.0,7.680445e-05
44,103,9.0,0.00015011834
44,103,10.0,0.0001458205
44,103,11.0,0.00010203521
44,103,12.0,0.00012755222
44,103,13.0,8.215382e-05
44,103,14.0,0.00014257307
44,104,0.0,0.00013443279
44,104,1.0,0.00013351464
44,104,2.0,0.00014070474
44,104,3.0,0.00013172493
44,104,4.0,0.00020475188
44,104,5.0,0.00022432102
44,104,6.0,0.00018585371
44,104,7.0,0.00030200416
44,104,8.0,0.00026007192
44,104,9.0,0.00026154253
44,104,10.0,0.0006720768
44,104,11.0,0.00051813986
44,104,12.0,0.00037058748
44,104,13.0,0.00038486
44,104,14.0,0.00033489135
44,105,0.0,0.00031752125
44,105,1.0,0.0013794886
44,105,2.0,0.0013634065
44,105,3.0,0.0016011668
44,105,4.0,0.0016298328
44,105,5.0,0.0016468044
44,105,6.0,0.0016508036
44,105,7.0,0.0014262799
44,105,8.0,0.00115138
44,105,9.0,0.0017311228
44,105,10.0,0.002034452
44,105,11.0,0.0021600283
44,105,12.0,0.0031782351
44,105,13.0,0.003103201
44,105,14.0,0.0023479403
44,106,0.0,0.0007724926
44,106,1.0,0.0011015533
44,106,2.0,0.001738202
44,106,3.0,0.0023438383
44,106,4.0,0.003135081
44,106,5.0,0.0031659096
44,106,6.0,0.0029571876
44,106,7.0,0.0030657079
44,106,8.0,0.002315388
44,106,9.0,0.0029889802
44,106,10.0,0.0041415687
44,106,11.0,0.0063541452
44,106,12.0,0.0074853543
44,106,13.0,0.0063712657
44,106,14.0,0.006623606
44,107,0.0,0.0016951943
44,107,1.0,0.0028588688
44,107,2.0,0.003723067
44,107,3.0,0.0044765747
44,107,4.0,0.008035983
44,107,5.0,0.008099329
44,107,6.0,0.009421592
44,107,7.0,0.007519919
44,107,8.0,0.0075864377
44,107,9.0,0.008300747
44,107,10.0,0.014080656
44,107,11.0,0.014967488
44,107,12.0,0.018114703
44,107,13.0,0.016841894
44,107,14.0,0.016411005
44,108,0.0,0.00226097
44,108,1.0,0.0026771598
44,108,2.0,0.0031594413
44,108,3.0,0.0059853042
44,108,4.0,0.007274355
44,108,5.0,0.010689972
44,108,6.0,0.014385658
44,108,7.0,0.0151430685
44,108,8.0,0.0154431965
44,108,9.0,0.021307247
44,108,10.0,0.020608814
44,108,11.0,0.025403086
44,108,12.0,0.03104607
44,108,13.0,0.032761447
44,108,14.0,0.031915024
44,109,0.0,0.0011814262
44,109,1.0,0.002895977
44,109,2.0,0.007465189
44,109,3.0,0.010686953
44,109,4.0,0.012437266
44,109,5.0,0.015569298
44,109,6.0,0.01848687
44,109,7.0,0.027902823
44,109,8.0,0.024054235
44,109,9.0,0.023071464
44,109,10.0,0.028797215
44,109,11.0,0.034610953
44,109,12.0,0.049942583
44,109,13.0,0.05625549
44,109,14.0,0.057912696
44,110,0.0,0.0011915395
44,110,1.0,0.0040471614
44,110,2.0,0.011370534
44,110,3.0,0.012626841
44,110,4.0,0.018492306
44,110,5.0,0.03091821
44,110,6.0,0.03366668
44,110,7.0,0.03334765
44,110,8.0,0.03003481
44,110,9.0,0.037829153
44,110,10.0,0.04547886
44,110,11.0,0.06362184
44,110,12.0,0.07453356
44,110,13.0,0.06884941
44,110,14.0,0.071312286
44,111,0.0,0.0026152194
44,111,1.0,0.004270001
44,111,2.0,0.00975264
44,111,3.0,0.021588868
44,111,4.0,0.02271664
44,111,5.0,0.028398687
44,111,6.0,0.029144872
44,111,7.0,0.031682044
44,111,8.0,0.0355729
44,111,9.0,0.044031385
44,111,10.0,0.05475186
44,111,11.0,0.07733191
44,111,12.0,0.07085049
44,111,13.0,0.072282955
44,111,14.0,0.077215195
44,112,0.0,0.0008679052
44,112,1.0,0.004182684
44,112,2.0,0.005057544
44,112,3.0,0.009712636
44,112,4.0,0.009288375
44,112,5.0,0.014129808
44,112,6.0,0.019939017
44,112,7.0,0.01993462
44,112,8.0,0.018134702
44,112,9.0,0.026069181
44,112,10.0,0.035668563
44,112,11.0,0.04150663
44,112,12.0,0.04036052
44,112,13.0,0.04072458
44,112,14.0,0.040985916
44,113,0.0,0.0010829979
44,113,1.0,0.0024342975
44,113,2.0,0.0023207783
44,113,3.0,0.0053611235
44,113,4.0,0.008794098
44,113,5.0,0.012189845
44,113,6.0,0.012778444
44,113,7.0,0.012502012
44,113,8.0,0.012439771
44,113,9.0,0.0130980015
44,113,10.0,0.015808163
44,113,11.0,0.022169508
44,113,12.0,0.030452345
44,113,13.0,0.02759133
44,113,14.0,0.026433686
44,114,0.0,0.00015279278
44,114,1.0,0.00075888
44,114,2.0,0.0015031685
44,114,3.0,0.001980723
44,114,4.0,0.0028823486
44,114,5.0,0.00429528
44,114,6.0,0.0048387293
44,114,7.0,0.004436859
44,114,8.0,0.0033935427
44,114,9.0,0.0037993155
44,114,10.0,0.005133753
44,114,11.0,0.0069370223
44,114,12.0,0.010429964
44,114,13.0,0.010461164
44,114,14.0,0.009582456
44,115,0.0,0.0001407984
44,115,1.0,0.00017783228
44,115,2.0,0.0003155074
44,115,3.0,0.00036920517
44,115,4.0,0.00076890236
44,115,5.0,0.0010600671
44,115,6.0,0.0010790318
44,115,7.0,0.0010978718
44,115,8.0,0.0008475438
44,115,9.0,0.001331963
44,115,10.0,0.002003876
44,115,11.0,0.0026189534
44,115,12.0,0.003070537
44,115,13.0,0.003018165
44,115,14.0,0.003222167
44,116,0.0,2.6363026e-07
44,116,1.0,7.805855e-05
44,116,2.0,6.455044e-05
44,116,3.0,0.00012247109
44,116,4.0,0.00012436105
44,116,5.0,0.00014800177
44,116,6.0,0.00011068408
44,116,7.0,0.00014325017
44,116,8.0,0.000119844095
44,116,9.0,0.00015822012
44,116,10.0,0.000245709
44,116,11.0,0.00043063163
44,116,12.0,0.000363457
44,116,13.0,0.0005185363
44,116,14.0,0.0005392836
44,117,0.0,0.0
44,117,1.0,3.0985788e-08
44,117,2.0,3.5207472e-07
44,117,3.0,1.8792747e-06
44,117,4.0,9.190371e-06
44,117,5.0,9.247861e-06
44,117,6.0,1.6596356e-06
44,117,7.0,1.0699412e-06
44,117,8.0,2.4260296e-06
44,117,9.0,9.08498e-06
44,117,10.0,1.683115e-05
44,117,11.0,1.9296904e-05
44,117,12.0,4.131263e-05
44,117,13.0,3.114622e-05
44,117,14.0,3.4140987e-05
44,118,0.0,1.0829989e-12
44,118,1.0,3.296284e-15
44,118,2.0,0.0
44,118,3.0,0.0
44,118,4.0,0.0
44,118,5.0,0.0
44,118,6.0,0.0
44,118,7.0,0.0
44,118,8.0,0.0
44,118,9.0,1.3166289e-09
44,118,10.0,1.5038196e-08
44,118,11.0,5.8616556e-10
44,118,12.0,2.1659213e-08
44,118,13.0,1.752162e-06
44,118,14.0,2.1956664e-06
44,119,0.0,1.5973252e-07
44,119,1.0,9.695349e-09
44,119,2.0,4.847954e-11
44,119,3.0,6.830947e-08
44,119,4.0,3.978621e-08
44,119,5.0,4.0369017e-08
44,119,6.0,1.0632784e-08
44,119,7.0,6.041759e-09
44,119,8.0,8.764983e-08
44,119,9.0,5.1708835e-08
44,119,10.0,5.7259903e-08
44,119,11.0,4.4894012e-08
44,119,12.0,1.8791417e-07
44,119,13.0,1.2118078e-07
44,119,14.0,2.0257314e-08
44,120,0.0,6.856658e-09
44,120,1.0,7.8392555e-09
44,120,2.0,3.0447738e-09
44,120,3.0,9.47811e-09
44,120,4.0,7.943758e-09
44,120,5.0,2.1896211e-10
44,120,6.0,5.8404206e-09
44,120,7.0,3.3376132e-08
44,120,8.0,1.0252175e-12
44,120,9.0,4.076415e-09
44,120,10.0,1.8173106e-10
44,120,11.0,9.5916395e-09
44,120,12.0,2.8135125e-09
44,120,13.0,2.9783697e-08
44,120,14.0,2.2872582e-08
44,121,0.0,1.11137005e-07
44,121,1.0,2.8487575e-11
44,121,2.0,3.9822496e-08
44,121,3.0,1.11038354e-07
44,121,4.0,1.6429925e-07
44,121,5.0,1.6250978e-07
44,121,6.0,8.582069e-08
44,121,7.0,3.0496141e-09
44,121,8.0,3.3530638e-09
44,121,9.0,1.890806e-08
44,121,10.0,4.0393466e-08
44,121,11.0,2.2908304e-07
44,121,12.0,1.687358e-07
44,121,13.0,1.7105297e-08
44,121,14.0,4.3009268e-10
44,122,0.0,1.9470113e-08
44,122,1.0,2.4931895e-08
44,122,2.0,1.7958842e-08
44,122,3.0,4.89639e-08
44,122,4.0,2.2786235e-08
44,122,5.0,2.4603393e-09
44,122,6.0,3.6317316e-10
44,122,7.0,7.2215833e-09
44,122,8.0,5.141251e-13
44,122,9.0,1.9774057e-10
44,122,10.0,1.9304025e-08
44,122,11.0,6.037184e-08
44,122,12.0,1.0822871e-07
44,122,13.0,1.0752197e-07
44,122,14.0,9.767649e-09
44,123,0.0,2.0659436e-07
44,123,1.0,1.3483871e-07
44,123,2.0,3.8854592e-10
44,123,3.0,8.8474955e-08
44,123,4.0,1.6985311e-07
44,123,5.0,7.4462235e-08
44,123,6.0,3.6374608e-08
44,123,7.0,1.8628303e-07
44,123,8.0,3.0132975e-07
44,123,9.0,1.3639132e-07
44,123,10.0,7.3253624e-08
44,123,11.0,9.803069e-09
44,123,12.0,5.231318e-08
44,123,13.0,5.550967e-09
44,123,14.0,3.898123e-09
44,124,0.0,4.901179e-08
44,124,1.0,2.352559e-10
44,124,2.0,0.0
44,124,3.0,3.327138e-13
44,124,4.0,1.2228367e-09
44,124,5.0,4.0788915e-08
44,124,6.0,5.4218578e-08
44,124,7.0,2.6430518e-08
44,124,8.0,5.3990636e-08
44,124,9.0,2.602685e-08
44,124,10.0,6.15959e-08
44,124,11.0,8.567434e-08
44,124,12.0,3.8144265e-07
44,124,13.0,9.84064e-08
44,124,14.0,3.2035373e-08
45,100,0.0,7.877164e-09
45,100,1.0,0.0
45,100,2.0,1.6169434e-10
45,100,3.0,1.9943185e-08
45,100,4.0,0.0
45,100,5.0,1.557542e-08
45,100,6.0,2.1597153e-10
45,100,7.0,7.015207e-09
45,100,8.0,6.53049e-08
45,100,9.0,1.9834579e-07
45,100,10.0,1.0927017e-06
45,100,11.0,1.6127851e-06
45,100,12.0,1.0184765e-06
45,100,13.0,1.625725e-07
45,100,14.0,6.4446226e-08
45,101,0.0,0.0
45,101,1.0,1.825731e-15
45,101,2.0,6.606449e-12
45,101,3.0,3.0586256e-09
45,101,4.0,1.3960151e-10
45,101,5.0,0.0
45,101,6.0,0.0
45,101,7.0,0.0
45,101,8.0,8.179892e-08
45,101,9.0,4.4671623e-08
45,101,10.0,1.2455719e-07
45,101,11.0,6.349013e-08
45,101,12.0,2.8533267e-09
45,101,13.0,1.871333e-08
45,101,14.0,5.8828366e-11
45,102,0.0,6.6330153e-12
45,102,1.0,0.0
45,102,2.0,2.2419693e-08
45,102,3.0,3.3906926e-07
45,102,4.0,3.360093e-07
45,102,5.0,9.552651e-07
45,102,6.0,3.9568826e-07
45,102,7.0,4.4202454e-11
45,102,8.0,1.736278e-08
45,102,9.0,0.0
45,102,10.0,0.0
45,102,11.0,3.1280553e-08
45,102,12.0,6.247589e-09
45,102,13.0,3.8030854e-09
45,102,14.0,1.9115062e-06
45,103,0.0,1.0017139e-08
45,103,1.0,0.0
45,103,2.0,1.0611642e-06
45,103,3.0,5.2022664e-10
45,103,4.0,1.6153841e-07
45,103,5.0,1.3668645e-09
45,103,6.0,0.0
45,103,7.0,7.1628214e-08
45,103,8.0,0.0
45,103,9.0,0.0
45,103,10.0,0.0
45,103,11.0,1.7115543e-07
45,103,12.0,3.9823712e-07
45,103,13.0,0.0
45,103,14.0,0.0
45,104,0.0,0.0
45,104,1.0,0.0
45,104,2.0,0.0
45,104,3.0,0.0
45,104,4.0,0.0
45,104,5.0,0.0
45,104,6.0,0.0
45,104,7.0,0.0
45,104,8.0,0.0
45,104,9.0,1.9851742e-09
45,104,10.0,4.10733e-08
45,104,11.0,3.3911448e-07
45,104,12.0,1.0093739e-07
45,104,13.0,8.289062e-10
45,104,14.0,1.45492285e-08
45,105,0.0,0.0
45,105,1.0,0.0
45,105,2.0,5.4388966e-10
45,105,3.0,8.1814894e-10
45,105,4.0,2.3698283e-06
45,105,5.0,2.852345e-06
45,105,6.0,3.0753174e-06
45,105,7.0,4.2255006e-06
45,105,8.0,2.0342666e-12
45,105,9.0,1.4374915e-07
45,105,10.0,6.544997e-07
45,105,11.0,1.8992301e-06
45,105,12.0,4.071131e-06
45,105,13.0,2.1702663e-05
45,105,14.0,4.5482593e-06
45,106,0.0,1.4572457e-08
45,106,1.0,2.0718796e-06
45,106,2.0,7.293556e-06
45,106,3.0,3.6309695e-05
45,106,4.0,6.361852e-06
45,106,5.0,1.0113985e-05
45,106,6.0,1.6524604e-05
45,106,7.0,6.5287546e-05
45,106,8.0,2.4338258e-05
45,106,9.0,5.01782e-06
45,106,10.0,7.905232e-06
45,106,11.0,5.2022096e-05
45,106,12.0,5.2972748e-05
45,106,13.0,5.524168e-05
45,106,14.0,4.6584657e-05
45,107,0.0,2.3355055e-06
45,107,1.0,1.1384957e-06
45,107,2.0,5.6327386e-05
45,107,3.0,1.2977688e-05
45,107,4.0,7.4696894e-05
45,107,5.0,4.6350004e-05
45,107,6.0,0.00012234075
45,107,7.0,0.00026413164
45,107,8.0,0.0001418752
45,107,9.0,0.00020457778
45,107,10.0,0.0002571866
45,107,11.0,0.00050516584
45,107,12.0,0.00068815576
45,107,13.0,0.00042411598
45,107,14.0,0.00034119768
45,108,0.0,9.729704e-06
45,108,1.0,5.2869196e-05
45,108,2.0,0.00014420762
45,108,3.0,0.00027630353
45,108,4.0,0.0005087508
45,108,5.0,0.00053816446
45,108,6.0,0.0005597259
45,108,7.0,0.00046672078
45,108,8.0,0.00037428807
45,108,9.0,0.0005594056
45,108,10.0,0.0016020314
45,108,11.0,0.0017469162
45,108,12.0,0.0013315375
45,108,13.0,0.0022617185
45,108,14.0,0.001723193
45,109,0.0,3.1746753e-05
45,109,1.0,2.67382e-05
45,109,2.0,9.3143186e-05
45,109,3.0,0.00031220663
45,109,4.0,0.00101305
45,109,5.0,0.0013573581
45,109,6.0,0.002476805
45,109,7.0,0.0031160905
45,109,8.0,0.0015111697
45,109,9.0,0.002205565
45,109,10.0,0.003724138
45,109,11.0,0.0062727006
45,109,12.0,0.009276859
45,109,13.0,0.010073095
45,109,14.0,0.0066349776
45,110,0.0,5.2811865e-05
45,110,1.0,0.00017170899
45,110,2.0,0.00070904323
45,110,3.0,0.003027075
45,110,4.0,0.0023491606
45,110,5.0,0.005177021
45,110,6.0,0.008473944
45,110,7.0,0.008739503
45,110,8.0,0.0050390013
45,110,9.0,0.006339134
45,110,10.0,0.012556785
45,110,11.0,0.02005644
45,110,12.0,0.02664243
45,110,13.0,0.025000218
45,110,14.0,0.026653312
45,111,0.0,0.00035126775
45,111,1.0,0.0012473797
45,111,2.0,0.0028762342
45,111,3.0,0.005594379
45,111,4.0,0.008947747
45,111,5.0,0.014992249
45,111,6.0,0.023055105
45,111,7.0,0.02320384
45,111,8.0,0.02110366
45,111,9.0,0.023094606
45,111,10.0,0.041095458
45,111,11.0,0.053168595
45,111,12.0,0.06196185
45,111,13.0,0.07772501
45,111,14.0,0.06098973
45,112,0.0,0.00074306416
45,112,1.0,0.0023757606
45,112,2.0,0.0048939046
45,112,3.0,0.011017718
45,112,4.0,0.012567252
45,112,5.0,0.023821937
45,112,6.0,0.028806316
45,112,7.0,0.027602486
45,112,8.0,0.02622196
45,112,9.0,0.033309303
45,112,10.0,0.059912946
45,112,11.0,0.066495076
45,112,12.0,0.076698445
45,112,13.0,0.077800356
45,112,14.0,0.07991189
45,113,0.0,0.0009293039
45,113,1.0,0.0033877378
45,113,2.0,0.008371158
45,113,3.0,0.011345131
45,113,4.0,0.017311882
45,113,5.0,0.026530176
45,113,6.0,0.03209583
45,113,7.0,0.04119576
45,113,8.0,0.035392854
45,113,9.0,0.03847459
45,113,10.0,0.056106165
45,113,11.0,0.070219554
45,113,12.0,0.08247418
45,113,13.0,0.093210176
45,113,14.0,0.10111947
45,114,0.0,0.001249111
45,114,1.0,0.0021824434
45,114,2.0,0.006489096
45,114,3.0,0.010774562
45,114,4.0,0.0144016445
45,114,5.0,0.020045305
45,114,6.0,0.03153483
45,114,7.0,0.02975828
45,114,8.0,0.034162544
45,114,9.0,0.03432623
45,114,10.0,0.050138265
45,114,11.0,0.07487728
45,114,12.0,0.0817102
45,114,13.0,0.086418785
45,114,14.0,0.08297942
45,115,0.0,0.0006287513
45,115,1.0,0.0030897337
45,115,2.0,0.005829081
45,115,3.0,0.007866368
45,115,4.0,0.012362136
45,115,5.0,0.019556694
45,115,6.0,0.023795072
45,115,7.0,0.023267366
45,115,8.0,0.023237715
45,115,9.0,0.024276223
45,115,10.0,0.032540005
45,115,11.0,0.047559354
45,115,12.0,0.05720581
45,115,13.0,0.062406383
45,115,14.0,0.057633795
45,116,0.0,0.00029809636
45,116,1.0,0.0014566171
45,116,2.0,0.002323056
45,116,3.0,0.0043130047
45,116,4.0,0.0062589985
45,116,5.0,0.010059902
45,116,6.0,0.011168659
45,116,7.0,0.012656742
45,116,8.0,0.013418057
45,116,9.0,0.0103591215
45,116,10.0,0.021284219
45,116,11.0,0.026229791
45,116,12.0,0.031135835
45,116,13.0,0.03193802
45,116,14.0,0.029906848
45,117,0.0,0.00016508544
45,117,1.0,0.00066934054
45,117,2.0,0.0020874138
45,117,3.0,0.0038170693
45,117,4.0,0.0053565027
45,117,5.0,0.006974736
45,117,6.0,0.0077793277
45,117,7.0,0.008924965
45,117,8.0,0.006718009
45,117,9.0,0.007261343
45,117,10.0,0.009391008
45,117,11.0,0.012669666
45,117,12.0,0.012961285
45,117,13.0,0.015704598
45,117,14.0,0.014531419
45,118,0.0,1.6993135e-05
45,118,1.0,0.00013312728
45,118,2.0,0.00047766676
45,118,3.0,0.00091645366
45,118,4.0,0.001640692
45,118,5.0,0.0028540008
45,118,6.0,0.003658997
45,118,7.0,0.0036261652
45,118,8.0,0.0035601824
45,118,9.0,0.0027169725
45,118,10.0,0.0050350525
45,118,11.0,0.0051441505
45,118,12.0,0.00608379
45,118,13.0,0.0060645887
45,118,14.0,0.0061037736
45,119,0.0,3.1143718e-06
45,119,1.0,4.170381e-05
45,119,2.0,6.8983005e-05
45,119,3.0,0.0001737491
45,119,4.0,0.00028307212
45,119,5.0,0.00036851125
45,119,6.0,0.0006992496
45,119,7.0,0.00084638974
45,119,8.0,0.00071186916
45,119,9.0,0.0005563458
45,119,10.0,0.0009944038
45,119,11.0,0.0018646871
45,119,12.0,0.0021645701
45,119,13.0,0.002044618
45,119,14.0,0.0017989667
45,120,0.0,2.6720718e-07
45,120,1.0,2.4401375e-05
45,120,2.0,2.425814e-05
45,120,3.0,3.950663e-05
45,120,4.0,5.528978e-05
45,120,5.0,9.5950134e-05
45,120,6.0,0.00021174183
45,120,7.0,0.0003167109
45,120,8.0,0.00020278404
45,120,9.0,0.00019817497
45,120,10.0,0.00016099871
45,120,11.0,0.00020566427
45,120,12.0,0.00018075801
45,120,13.0,0.0002565141
45,120,14.0,0.0003593778
45,121,0.0,0.0
45,121,1.0,3.3914534e-06
45,121,2.0,4.3186924e-06
45,121,3.0,2.751265e-06
45,121,4.0,9.0451556e-07
45,121,5.0,3.8391954e-06
45,121,6.0,1.1363843e-05
45,121,7.0,4.423774e-06
45,121,8.0,3.6863394e-06
45,121,9.0,9.232107e-07
45,121,10.0,3.0385095e-06
45,121,11.0,1.208328e-05
45,121,12.0,2.8367529e-05
45,121,13.0,2.6419732e-05
45,121,14.0,2.2952365e-05
45,122,0.0,0.0
45,122,1.0,9.4083575e-08
45,122,2.0,5.355934e-06
45,122,3.0,7.1141826e-06
45,122,4.0,1.4666918e-07
45,122,5.0,0.0
45,122,6.0,2.728469e-13
45,122,7.0,3.646755e-06
45,122,8.0,1.4802744e-07
45,122,9.0,8.013383e-07
45,122,10.0,6.2655104e-08
45,122,11.0,2.3649422e-08
45,122,12.0,8.547219e-09
45,122,13.0,3.0005034e-09
45,122,14.0,6.3922734e-08
45,123,0.0,0.0
45,123,1.0,1.8241941e-07
45,123,2.0,1.5649917e-06
45,123,3.0,0.0
45,123,4.0,0.0
45,123,5.0,3.137515e-08
45,123,6.0,7.631105e-08
45,123,7.0,9.92768e-09
45,123,8.0,1.1022338e-11
45,123,9.0,2.7641653e-11
45,123,10.0,8.013297e-09
45,123,11.0,1.4258398e-11
45,123,12.0,1.8536311e-10
45,123,13.0,3.2781184e-11
45,123,14.0,1.8611527e-11
45,124,0.0,1.2619946e-08
45,124,1.0,2.5355583e-08
45,124,2.0,2.3165958e-09
45,124,3.0,1.6674092e-07
45,124,4.0,1.8775586e-08
45,124,5.0,2.7025052e-07
45,124,6.0,5.3871247e-08
45,124,7.0,4.274116e-07
45,124,8.0,3.8824294e-07
45,124,9.0,1.6897313e-07
45,124,10.0,2.3941533e-08
45,124,11.0,3.6200696e-09
45,124,12.0,2.0340432e-08
45,124,13.0,6.669004e-10
45,124,14.0,3.7787268e-07
45,125,0.0,6.209754e-08
45,125,1.0,5.81838e-07
45,125,2.0,1.1978053e-06
45,125,3.0,8.153466e-07
45,125,4.0,1.6243587e-13
45,125,5.0,3.9853756e-08
45,125,6.0,3.5207816e-07
45,125,7.0,1.4020235e-11
45,125,8.0,1.4630054e-07
45,125,9.0,4.8915944e-10
45,125,10.0,2.2182487e-09
45,125,11.0,7.596617e-09
45,125,12.0,1.3025292e-08
45,125,13.0,9.340787e-08
45,125,14.0,3.858013e-08
45,126,0.0,0.0
45,126,1.0,7.669655e-08
45,126,2.0,1.8320249e-07
45,126,3.0,0.0
45,126,4.0,2.8017508e-10
45,126,5.0,0.0
45,126,6.0,1.6247505e-07
45,126,7.0,3.919047e-07
45,126,8.0,5.5083547e-08
45,126,9.0,1.8765178e-07
45,126,10.0,6.567356e-09
45,126,11.0,3.2815493e-11
45,126,12.0,3.7221434e-07
45,126,13.0,5.019173e-10
45,126,14.0,7.605237e-07
45,127,0.0,0.0
45,127,1.0,2.8007835e-12
45,127,2.0,1.9678073e-07
45,127,3.0,4.415411e-08
45,127,4.0,1.4198409e-10
45,127,5.0,4.185192e-09
45,127,6.0,1.4388852e-13
45,127,7.0,1.4916989e-08
45,127,8.0,5.855032e-11
45,127,9.0,4.1084984e-09
45,127,10.0,3.4538424e-11
45,127,11.0,1.9949332e-11
45,127,12.0,0.0
45,127,13.0,0.0
45,127,14.0,0.0
45,128,0.0,0.0
45,128,1.0,0.0
45,128,2.0,3.046056e-07
45,128,3.0,4.789176e-07
45,128,4.0,2.7181285e-10
45,128,5.0,2.379961e-10
45,128,6.0,0.0
45,128,7.0,0.0
45,128,8.0,5.698174e-15
45,128,9.0,4.9850595e-09
45,128,10.0,3.170946e-09
45,128,11.0,4.510491e-09
45,128,12.0,1.893402e-08
45,128,13.0,3.1905124e-08
45,128,14.0,8.4614614e-11
46,102,0.0,5.9223122e-08
46,102,1.0,3.6511384e-08
46,102,2.0,0.0
46,102,3.0,0.0
46,102,4.0,1.9339576e-07
46,102,5.0,0.0
46,102,6.0,9.619228e-10
46,102,7.0,0.0
46,102,8.0,7.66108e-11
46,102,9.0,1.7990882e-10
46,102,10.0,1.0782708e-09
46,102,11.0,3.6505419e-09
46,102,12.0,0.0
46,102,13.0,2.7139544e-07
46,102,14.0,1.0014872e-08
46,103,0.0,2.6402713e-09
46,103,1.0,1.2324084e-08
46,103,2.0,1.4614454e-07
46,103,3.0,6.4181435e-08
46,103,4.0,1.2920497e-09
46,103,5.0,2.4028395e-09
46,103,6.0,1.1876584e-08
46,103,7.0,8.474229e-09
46,103,8.0,4.1777348e-08
46,103,9.0,1.7508124e-13
46,103,10.0,7.905668e-10
46,103,11.0,5.075569e-08
46,103,12.0,2.1458644e-09
46,103,13.0,3.5617312e-10
46,103,14.0,2.4491595e-08
46,104,0.0,1.5052973e-11
46,104,1.0,3.941173e-09
46,104,2.0,0.0
46,104,3.0,0.0
46,104,4.0,0.0
46,104,5.0,4.5135754e-13
46,104,6.0,7.418289e-10
46,104,7.0,4.0878607e-09
46,104,8.0,1.424065e-07
46,104,9.0,1.9073521e-08
46,104,10.0,5.2432863e-08
46,104,11.0,5.6958235e-08
46,104,12.0,6.018336e-08
46,104,13.0,4.2846086e-08
46,104,14.0,5.2189584e-08
46,105,0.0,4.302968e-09
46,105,1.0,9.447024e-10
46,105,2.0,1.8148405e-08
46,105,3.0,1.6741467e-08
46,105,4.0,5.082143e-08
46,105,5.0,2.130428e-08
46,105,6.0,4.5077404e-11
46,105,7.0,2.1347616e-12
46,105,8.0,8.6906227e-10
46,105,9.0,1.3469217e-08
46,105,10.0,1.60615e-08
46,105,11.0,5.349313e-09
46,105,12.0,2.8652352e-08
46,105,13.0,7.7666975e-08
46,105,14.0,2.7805527e-08
46,106,0.0,6.548244e-09
46,106,1.0,3.847676e-09
46,106,2.0,1.05210125e-08
46,106,3.0,1.5900038e-07
46,106,4.0,1.6781371e-07
46,106,5.0,7.345766e-08
46,106,6.0,4.3746059e-07
46,106,7.0,1.4986782e-08
46,106,8.0,6.763272e-09
46,106,9.0,9.60343e-09
46,106,10.0,1.37864e-09
46,106,11.0,2.401735e-09
46,106,12.0,2.1353258e-15
46,106,13.0,0.0
46,106,14.0,8.364632e-09
46,107,0.0,0.0
46,107,1.0,0.0
46,107,2.0,6.0896093e-09
46,107,3.0,4.735772e-14
46,107,4.0,0.0
46,107,5.0,1.6981536e-12
46,107,6.0,1.4912805e-08
46,107,7.0,0.0
46,107,8.0,2.4530358e-08
46,107,9.0,1.8268368e-07
46,107,10.0,3.0975875e-07
46,107,11.0,1.3141185e-06
46,107,12.0,2.7729998e-06
46,107,13.0,1.4337879e-06
46,107,14.0,2.396088e-06
46,108,0.0,0.0
46,108,1.0,0.0
46,108,2.0,0.0
46,108,3.0,0.0
46,108,4.0,1.262772e-11
46,108,5.0,2.8475032e-08
46,108,6.0,7.041826e-08
46,108,7.0,1.5937185e-07
46,108,8.0,4.129117e-06
46,108,9.0,3.740151e-06
46,108,10.0,1.761781e-05
46,108,11.0,1.21437515e-05
46,108,12.0,3.1691832e-06
46,108,13.0,5.994363e-06
46,108,14.0,1.246998e-05
46,109,0.0,0.0
46,109,1.0,5.707797e-07
46,109,2.0,1.2278175e-06
46,109,3.0,5.1534776e-06
46,109,4.0,8.178955e-06
46,109,5.0,5.156179e-06
46,109,6.0,4.8162124e-06
46,109,7.0,5.550182e-06
46,109,8.0,6.528444e-07
46,109,9.0,6.6415982e-06
46,109,10.0,8.688275e-05
46,109,11.0,0.00013189063
46,109,12.0,0.00012017412
46,109,13.0,0.0001533517
46,109,14.0,0.00013044626
46,110,0.0,8.448673e-09
46,110,1.0,4.1507116e-07
46,110,2.0,2.6411473e-05
46,110,3.0,8.6183434e-05
46,110,4.0,4.537419e-05
46,110,5.0,8.806525e-05
46,110,6.0,0.0001004998
46,110,7.0,0.00012077056
46,110,8.0,0.0001292392
46,110,9.0,0.00022301286
46,110,10.0,0.00050489197
46,110,11.0,0.0005422652
46,110,12.0,0.0005729528
46,110,13.0,0.00065315084
46,110,14.0,0.00081782375
46,111,0.0,2.2443352e-05
46,111,1.0,8.679358e-05
46,111,2.0,0.00022120305
46,111,3.0,0.0004848725
46,111,4.0,0.0007407427
46,111,5.0,0.0011706138
46,111,6.0,0.0015769867
46,111,7.0,0.0017033356
46,111,8.0,0.0010778361
46,111,9.0,0.0010784741
46,111,10.0,0.003061975
46,111,11.0,0.0040540732
46,111,12.0,0.0042343475
46,111,13.0,0.005490948
46,111,14.0,0.0044554695
46,112,0.0,9.97074e-05
46,112,1.0,0.00025289023
46,112,2.0,0.00084382773
46,112,3.0,0.0013697494
46,112,4.0,0.0030243353
46,112,5.0,0.0041825036
46,112,6.0,0.005638735
46,112,7.0,0.00494858
46,112,8.0,0.0047751633
46,112,9.0,0.009151701
46,112,10.0,0.008998781
46,112,11.0,0.013345083
46,112,12.0,0.015052717
46,112,13.0,0.01669258
46,112,14.0,0.012846892
46,113,0.0,0.00042090556
46,113,1.0,0.0015025039
46,113,2.0,0.0030116772
46,113,3.0,0.005393215
46,113,4.0,0.007740726
46,113,5.0,0.010177517
46,113,6.0,0.0114755
46,113,7.0,0.01374916
46,113,8.0,0.011459116
46,113,9.0,0.014980735
46,113,10.0,0.019593034
46,113,11.0,0.028754113
46,113,12.0,0.033039935
46,113,13.0,0.033367824
46,113,14.0,0.028657168
46,114,0.0,0.0005275469
46,114,1.0,0.0020301286
46,114,2.0,0.0039176675
46,114,3.0,0.0089720795
46,114,4.0,0.013291169
46,114,5.0,0.018151138
46,114,6.0,0.028657459
46,114,7.0,0.026295
46,114,8.0,0.021305365
46,114,9.0,0.030513456
46,114,10.0,0.039513934
46,114,11.0,0.055459302
46,114,12.0,0.061458044
46,114,13.0,0.06424441
46,114,14.0,0.059240848
46,115,0.0,0.0011525798
46,115,1.0,0.0051791193
46,115,2.0,0.008533715
46,115,3.0,0.017895002
46,115,4.0,0.020596977
46,115,5.0,0.028581943
46,115,6.0,0.03463522
46,115,7.0,0.0369689
46,115,8.0,0.029983617
46,115,9.0,0.02933534
46,115,10.0,0.0538221
46,115,11.0,0.06646324
46,115,12.0,0.081661634
46,115,13.0,0.080369756
46,115,14.0,0.08018307
46,116,0.0,0.0012676282
46,116,1.0,0.00550751
46,116,2.0,0.008716312
46,116,3.0,0.013791757
46,116,4.0,0.024931276
46,116,5.0,0.030642606
46,116,6.0,0.032288317
46,116,7.0,0.03715329
46,116,8.0,0.03333619
46,116,9.0,0.03816303
46,116,10.0,0.053738162
46,116,11.0,0.067980535
46,116,12.0,0.07084423
46,116,13.0,0.06649083
46,116,14.0,0.06561007
46,117,0.0,0.00080967287
46,117,1.0,0.0027083065
46,117,2.0,0.006243185
46,117,3.0,0.012007595
46,117,4.0,0.020428838
46,117,5.0,0.026608745
46,117,6.0,0.027477281
46,117,7.0,0.032683764
46,117,8.0,0.027569305
46,117,9.0,0.027178794
46,117,10.0,0.033292316
46,117,11.0,0.042967696
46,117,12.0,0.052124754
46,117,13.0,0.055301737
46,117,14.0,0.050762895
46,118,0.0,0.00062413997
46,118,1.0,0.0017641167
46,118,2.0,0.0032167921
46,118,3.0,0.0038902708
46,118,4.0,0.005751075
46,118,5.0,0.009157797
46,118,6.0,0.012397724
46,118,7.0,0.010063088
46,118,8.0,0.011398824
46,118,9.0,0.013713306
46,118,10.0,0.015759006
46,118,11.0,0.022811856
46,118,12.0,0.022113906
46,118,13.0,0.02312974
46,118,14.0,0.021014925
46,119,0.0,0.00025326767
46,119,1.0,0.0003288047
46,119,2.0,0.0011302076
46,119,3.0,0.0015006547
46,119,4.0,0.001956386
46,119,5.0,0.0035387783
46,119,6.0,0.004657478
46,119,7.0,0.0037670515
46,119,8.0,0.003873789
46,119,9.0,0.0050687306
46,119,10.0,0.008474037
46,119,11.0,0.009218708
46,119,12.0,0.010535124
46,119,13.0,0.012269123
46,119,14.0,0.011457512
46,120,0.0,5.9154238e-05
46,120,1.0,4.730583e-05
46,120,2.0,0.0003155084
46,120,3.0,0.00032909962
46,120,4.0,0.0003099893
46,120,5.0,0.00029126563
46,120,6.0,0.0005230351
46,120,7.0,0.0006874943
46,120,8.0,0.0007798687
46,120,9.0,0.0011234591
46,120,10.0,0.0015699695
46,120,11.0,0.0023215131
46,120,12.0,0.0036730587
46,120,13.0,0.002378561
46,120,14.0,0.003419049
46,121,0.0,5.0226754e-06
46,121,1.0,3.648216e-05
46,121,2.0,8.712325e-05
46,121,3.0,0.000105651554
46,121,4.0,0.00013650958
46,121,5.0,0.00023347177
46,121,6.0,0.00036687998
46,121,7.0,0.00037945696
46,121,8.0,0.0004671566
46,121,9.0,0.0003918112
46,121,10.0,0.0007087074
46,121,11.0,0.0009918805
46,121,12.0,0.0010107511
46,121,13.0,0.0007789331
46,121,14.0,0.00039376173
46,122,0.0,2.0625033e-11
46,122,1.0,3.7660614e-06
46,122,2.0,1.8978797e-05
46,122,3.0,2.80207e-05
46,122,4.0,6.0653416e-05
46,122,5.0,7.0447e-05
46,122,6.0,2.0790405e-05
46,122,7.0,2.6162568e-05
46,122,8.0,2.559124e-05
46,122,9.0,0.000115138166
46,122,10.0,0.00015539808
46,122,11.0,0.00012976749
46,122,12.0,0.00017253059
46,122,13.0,0.00019960785
46,122,14.0,0.0003018432
46,123,0.0,0.0
46,123,1.0,0.0
46,123,2.0,2.1469834e-06
46,123,3.0,1.3755975e-05
46,123,4.0,2.117273e-05
46,123,5.0,1.3047137e-05
46,123,6.0,1.823442e-05
46,123,7.0,1.2268573e-05
46,123,8.0,8.6483315e-06
46,123,9.0,1.8729057e-05
46,123,10.0,4.0078077e-05
46,123,11.0,2.7842327e-05
46,123,12.0,1.255979e-05
46,123,13.0,1.519492e-05
46,123,14.0,1.218874e-05
46,124,0.0,1.3272133e-09
46,124,1.0,2.7804101e-09
46,124,2.0,7.21836e-08
46,124,3.0,4.8136545e-08
46,124,4.0,7.2409605e-08
46,124,5.0,1.2399132e-08
46,124,6.0,1.0583566e-09
46,124,7.0,5.2425983e-13
46,124,8.0,9.1889206e-08
46,124,9.0,2.7229174e-08
46,124,10.0,1.4547334e-08
46,124,11.0,3.4685765e-08
46,124,12.0,1.1387804e-08
46,124,13.0,5.764876e-08
46,124,14.0,3.7753122e-07
46,125,0.0,1.8271553e-08
46,125,1.0,5.9439287e-08
46,125,2.0,4.4687148e-10
46,125,3.0,1.3963553e-08
46,125,4.0,8.267306e-08
46,125,5.0,7.151085e-08
46,125,6.0,1.5462378e-08
46,125,7.0,5.573795e-08
46,125,8.0,1.4520234e-07
46,125,9.0,2.6368988e-07
46,125,10.0,5.06994e-07
46,125,11.0,4.5485467e-07
46,125,12.0,2.2335927e-07
46,125,13.0,5.544275e-08
46,125,14.0,8.668986e-09
46,126,0.0,4.898745e-08
46,126,1.0,9.643309e-08
46,126,2.0,6.393232e-08
46,126,3.0,1.3535029e-07
46,126,4.0,6.424539e-08
46,126,5.0,2.3801599e-07
46,126,6.0,3.8030798e-08
46,126,7.0,1.7585862e-07
46,126,8.0,2.3100388e-07
46,126,9.0,2.0800381e-07
46,126,10.0,7.710723e-08
46,126,11.0,2.1014493e-07
46,126,12.0,2.264556e-07
46,126,13.0,1.9395485e-07
46,126,14.0,2.5868357e-07
46,127,0.0,5.587516e-08
46,127,1.0,1.951672e-09
46,127,2.0,0.0
46,127,3.0,0.0
46,127,4.0,0.0
46,127,5.0,4.4364765e-10
46,127,6.0,1.0660398e-08
46,127,7.0,3.5477186e-08
46,127,8.0,3.6702886e-08
46,127,9.0,2.0339213e-08
46,127,10.0,1.4167092e-08
46,127,11.0,1.4970514e-07
46,127,12.0,1.090927e-07
46,127,13.0,1.5555e-07
46,127,14.0,5.3356725e-08
46,128,0.0,3.7166263e-08
46,128,1.0,1.030694e-12
46,128,2.0,0.0
46,128,3.0,0.0
46,128,4.0,1.1427938e-12
46,128,5.0,2.7872176e-09
46,128,6.0,2.9784777e-08
46,128,7.0,4.506293e-09
46,128,8.0,9.047741e-08
46,128,9.0,5.6185133e-08
46,128,10.0,1.0833027e-08
46,128,11.0,8.492142e-09
46,128,12.0,5.6727398e-08
46,128,13.0,1.0301696e-07
46,128,14.0,3.3415596e-08
46,129,0.0,1.0346685e-09
46,129,1.0,3.898476e-09
46,129,2.0,7.6922746e-10
46,129,3.0,6.2030214e-10
46,129,4.0,2.006639e-09
46,129,5.0,3.680695e-11
46,129,6.0,4.793214e-11
46,129,7.0,9.464709e-10
46,129,8.0,3.903814e-11
46,129,9.0,9.777792e-11
46,129,10.0,4.8601557e-12
46,129,11.0,8.630864e-10
46,129,12.0,2.533116e-08
46,129,13.0,2.6769928e-09
46,129,14.0,2.6660514e-09
46,130,0.0,0.0
46,130,1.0,0.0
46,130,2.0,1.3895993e-08
46,130,3.0,0.0
46,130,4.0,0.0
46,130,5.0,0.0
46,130,6.0,5.171807e-11
46,130,7.0,0.0
46,130,8.0,0.0
46,130,9.0,0.0
46,130,10.0,1.4499584e-11
46,130,11.0,8.483751e-10
46,130,12.0,7.5419043e-10
46,130,13.0,1.7570478e-09
46,130,14.0,1.1043906e-09
46,131,0.0,0.0
46,131,1.0,8.001098e-07
46,131,2.0,2.470208e-10
46,131,3.0,6.01916e-08
46,131,4.0,5.2523385e-12
46,131,5.0,0.0
46,131,6.0,3.437414e-08
46,131,7.0,2.5559493e-07
46,131,8.0,4.7165645e-07
46,131,9.0,2.7272745e-07
46,131,10.0,1.06442364e-07
46,131,11.0,1.8255635e-08
46,131,12.0,3.2137262e-09
46,131,13.0,1.1809129e-17
46,131,14.0,8.697617e-09
47,105,0.0,0.0
47,105,1.0,2.1150028e-10
47,105,2.0,1.3037436e-10
47,105,3.0,0.0
47,105,4.0,0.0
47,105,5.0,0.0
47,105,6.0,0.0
47,105,7.0,4.080089e-08
47,105,8.0,0.0
47,105,9.0,0.0
47,105,10.0,0.0
47,105,11.0,0.0
47,105,12.0,0.0
47,105,13.0,1.1209489e-09
47,105,14.0,0.0
47,106,0.0,0.0
47,106,1.0,0.0
47,106,2.0,0.0
47,106,3.0,0.0
47,106,4.0,0.0
47,106,5.0,0.0
47,106,6.0,0.0
47,106,7.0,2.7067348e-10
47,106,8.0,2.4601246e-11
47,106,9.0,0.0
47,106,10.0,3.6977083e-16
47,106,11.0,2.1820217e-09
47,106,12.0,0.0
47,106,13.0,3.341795e-08
47,106,14.0,1.9950486e-09
47,107,0.0,0.0
47,107,1.0,0.0
47,107,2.0,0.0
47,107,3.0,0.0
47,107,4.0,2.467494e-07
47,107,5.0,0.0
47,107,6.0,0.0
47,107,7.0,7.770051e-10
47,107,8.0,0.0
47,107,9.0,0.0
47,107,10.0,0.0
47,107,11.0,0.0
47,107,12.0,2.58337e-10
47,107,13.0,2.261711e-07
47,107,14.0,1.2492512e-07
47,108,0.0,2.0754301e-08
47,108,1.0,4.2568456e-07
47,108,2.0,1.2827252e-07
47,108,3.0,5.6791696e-09
47,108,4.0,0.0
47,108,5.0,0.0
47,108,6.0,0.0
47,108,7.0,0.0
47,108,8.0,7.206503e-12
47,108,9.0,0.0
47,108,10.0,2.1524379e-08
47,108,11.0,8.750782e-08
47,108,12.0,1.0638126e-07
47,108,13.0,2.2880356e-07
47,108,14.0,9.764381e-07
47,109,0.0,9.38308e-09
47,109,1.0,8.119072e-07
47,109,2.0,2.4509337e-08
47,109,3.0,1.5088599e-06
47,109,4.0,3.6135315e-08
47,109,5.0,3.3765772e-07
47,109,6.0,2.2820552e-07
47,109,7.0,1.2937005e-07
47,109,8.0,4.0278444e-08
47,109,9.0,4.427382e-07
47,109,10.0,2.1887279e-09
47,109,11.0,7.68439e-08
47,109,12.0,3.565334e-06
47,109,13.0,1.407973e-06
47,109,14.0,4.560476e-06
47,110,0.0,5.2751545e-07
47,110,1.0,1.2958507e-06
47,110,2.0,1.7445617e-06
47,110,3.0,1.7136567e-06
47,110,4.0,1.7872397e-07
47,110,5.0,1.8658358e-07
47,110,6.0,4.0085936e-08
47,110,7.0,3.9960142e-07
47,110,8.0,2.1371264e-07
47,110,9.0,1.324751e-09
47,110,10.0,1.2792221e-11
47,110,11.0,1.4076721e-07
47,110,12.0,1.4912443e-07
47,110,13.0,1.4080607e-06
47,110,14.0,6.309254e-06
47,111,0.0,1.4977502e-11
47,111,1.0,0.0
47,111,2.0,0.0
47,111,3.0,3.02915e-12
47,111,4.0,5.255116e-07
47,111,5.0,8.4572054e-07
47,111,6.0,4.087535e-06
47,111,7.0,5.107568e-06
47,111,8.0,3.4459642e-06
47,111,9.0,5.560541e-07
47,111,10.0,1.1492426e-07
47,111,11.0,6.7532455e-06
47,111,12.0,4.193633e-06
47,111,13.0,4.7688177e-06
47,111,14.0,4.4557237e-06
47,112,0.0,0.0
47,112,1.0,3.1492906e-09
47,112,2.0,5.9426975e-07
47,112,3.0,8.373243e-07
47,112,4.0,3.013816e-06
47,112,5.0,1.08815875e-05
47,112,6.0,4.0571795e-05
47,112,7.0,3.113693e-05
47,112,8.0,1.1184372e-05
47,112,9.0,3.506462e-05
47,112,10.0,9.633707e-05
47,112,11.0,0.00016290054
47,112,12.0,3.5609803e-05
47,112,13.0,0.00022589522
47,112,14.0,0.00013393928
47,113,0.0,4.3469325e-10
47,113,1.0,1.2550273e-05
47,113,2.0,1.862586e-05
47,113,3.0,4.6275483e-05
47,113,4.0,8.64274e-05
47,113,5.0,3.86677e-05
47,113,6.0,9.024084e-05
47,113,7.0,0.00010637535
47,113,8.0,4.0920582e-05
47,113,9.0,0.00010296743
47,113,10.0,0.00021136721
47,113,11.0,0.00038001148
47,113,12.0,0.000569898
47,113,13.0,0.001144932
47,113,14.0,0.0008690194
47,114,0.0,1.0936744e-05
47,114,1.0,5.5458433e-05
47,114,2.0,0.000440526
47,114,3.0,0.00062422734
47,114,4.0,0.0004912134
47,114,5.0,0.0008161497
47,114,6.0,0.0018476073
47,114,7.0,0.00090572593
47,114,8.0,0.0011703396
47,114,9.0,0.0010071474
47,114,10.0,0.0021743304
47,114,11.0,0.0030718131
47,114,12.0,0.0033157761
47,114,13.0,0.0050773844
47,114,14.0,0.0068697445
47,115,0.0,9.299781e-05
47,115,1.0,0.0006715911
47,115,2.0,0.0011856868
47,115,3.0,0.0012104681
47,115,4.0,0.001287798
47,115,5.0,0.002260386
47,115,6.0,0.0037295232
47,115,7.0,0.004153172
47,115,8.0,0.003211202
47,115,9.0,0.003662926
47,115,10.0,0.006307802
47,115,11.0,0.0087960465
47,115,12.0,0.012281103
47,115,13.0,0.015453931
47,115,14.0,0.016302122
47,116,0.0,0.00039013918
47,116,1.0,0.0011130966
47,116,2.0,0.002302823
47,116,3.0,0.0027972108
47,116,4.0,0.00727886
47,116,5.0,0.009215041
47,116,6.0,0.011292037
47,116,7.0,0.015505059
47,116,8.0,0.013871381
47,116,9.0,0.015656527
47,116,10.0,0.021807251
47,116,11.0,0.031093117
47,116,12.0,0.032787193
47,116,13.0,0.04004006
47,116,14.0,0.037935484
47,117,0.0,0.00063273194
47,117,1.0,0.0035598818
47,117,2.0,0.0045493194
47,117,3.0,0.008331263
47,117,4.0,0.015012956
47,117,5.0,0.02494303
47,117,6.0,0.023551838
47,117,7.0,0.02811118
47,117,8.0,0.022713158
47,117,9.0,0.030185536
47,117,10.0,0.03879445
47,117,11.0,0.05420414
47,117,12.0,0.06546437
47,117,13.0,0.07364898
47,117,14.0,0.06612816
47,118,0.0,0.0007053482
47,118,1.0,0.0029882295
47,118,2.0,0.008070848
47,118,3.0,0.013675872
47,118,4.0,0.017577622
47,118,5.0,0.028038315
47,118,6.0,0.034956735
47,118,7.0,0.035472747
47,118,8.0,0.034636844
47,118,9.0,0.038535267
47,118,10.0,0.059707787
47,118,11.0,0.07415744
47,118,12.0,0.082147405
47,118,13.0,0.095987685
47,118,14.0,0.08834515
47,119,0.0,0.0011261213
47,119,1.0,0.003154687
47,119,2.0,0.007122736
47,119,3.0,0.00922659
47,119,4.0,0.020601891
47,119,5.0,0.026431223
47,119,6.0,0.03256736
47,119,7.0,0.03487781
47,119,8.0,0.03526162
47,119,9.0,0.042496923
47,119,10.0,0.057699252
47,119,11.0,0.082065895
47,119,12.0,0.09998796
47,119,13.0,0.09038959
47,119,14.0,0.08999085
47,120,0.0,0.00053860876
47,120,1.0,0.0016335618
47,120,2.0,0.004413634
47,120,3.0,0.0072274497
47,120,4.0,0.012842416
47,120,5.0,0.01960085
47,120,6.0,0.022264753
47,120,7.0,0.024508333
47,120,8.0,0.022075519
47,120,9.0,0.021936389
47,120,10.0,0.030830795
47,120,11.0,0.04728249
47,120,12.0,0.06084277
47,120,13.0,0.062136848
47,120,14.0,0.05991201
47,121,0.0,0.00027059953
47,121,1.0,0.0009553807
47,121,2.0,0.0027248375
47,121,3.0,0.005007857
47,121,4.0,0.008438255
47,121,5.0,0.012879005
47,121,6.0,0.015934955
47,121,7.0,0.02084669
47,121,8.0,0.015852597
47,121,9.0,0.015527484
47,121,10.0,0.023493126
47,121,11.0,0.029721264
47,121,12.0,0.036456537
47,121,13.0,0.036509827
47,121,14.0,0.03189395
47,122,0.0,0.00011089752
47,122,1.0,0.0004832353
47,122,2.0,0.0010493897
47,122,3.0,0.0017729807
47,122,4.0,0.0034879786
47,122,5.0,0.006928184
47,122,6.0,0.007686799
47,122,7.0,0.010089608
47,122,8.0,0.00669973
47,122,9.0,0.0073273256
47,122,10.0,0.00992847
47,122,11.0,0.013812825
47,122,12.0,0.016598655
47,122,13.0,0.014767309
47,122,14.0,0.017409327
47,123,0.0,2.7780465e-05
47,123,1.0,0.00027663363
47,123,2.0,0.00059354724
47,123,3.0,0.0012322202
47,123,4.0,0.0019308527
47,123,5.0,0.0029414338
47,123,6.0,0.0023804323
47,123,7.0,0.0033387763
47,123,8.0,0.0025975683
47,123,9.0,0.0027023752
47,123,10.0,0.004235266
47,123,11.0,0.0059513873
47,123,12.0,0.007073673
47,123,13.0,0.008676203
47,123,14.0,0.00802909
47,124,0.0,1.4249607e-05
47,124,1.0,6.017806e-05
47,124,2.0,0.00011131712
47,124,3.0,0.00031015003
47,124,4.0,0.0005344039
47,124,5.0,0.00073257234
47,124,6.0,0.0009383746
47,124,7.0,0.001284674
47,124,8.0,0.00070850726
47,124,9.0,0.0009538055
47,124,10.0,0.0013444398
47,124,11.0,0.002131759
47,124,12.0,0.0019067515
47,124,13.0,0.0023622348
47,124,14.0,0.0016920702
47,125,0.0,5.4711772e-06
47,125,1.0,2.2648943e-05
47,125,2.0,0.00027555512
47,125,3.0,0.00015448613
47,125,4.0,7.613489e-05
47,125,5.0,0.000121630845
47,125,6.0,0.0001501337
47,125,7.0,0.00014109448
47,125,8.0,5.9135826e-05
47,125,9.0,0.00010786375
47,125,10.0,0.00025185608
47,125,11.0,0.00045238822
47,125,12.0,0.0006975368
47,125,13.0,0.00056175387
47,125,14.0,0.00037045378
47,126,0.0,2.2530448e-06
47,126,1.0,3.4610082e-08
47,126,2.0,3.7445025e-06
47,126,3.0,5.7176916e-05
47,126,4.0,7.788928e-06
47,126,5.0,2.917897e-05
47,126,6.0,3.509192e-05
47,126,7.0,2.2446035e-05
47,126,8.0,5.1492175e-06
47,126,9.0,1.4466348e-05
47,126,10.0,3.5957324e-05
47,126,11.0,3.5837576e-05
47,126,12.0,0.00026924806
47,126,13.0,0.00018011847
47,126,14.0,4.8685142e-05
47,127,0.0,4.787093e-07
47,127,1.0,1.318297e-06
47,127,2.0,1.7461932e-06
47,127,3.0,0.0
47,127,4.0,5.131085e-10
47,127,5.0,5.719466e-07
47,127,6.0,6.903155e-07
47,127,7.0,1.0744979e-07
47,127,8.0,1.3355822e-07
47,127,9.0,1.2124826e-06
47,127,10.0,7.2814004e-07
47,127,11.0,6.5891896e-07
47,127,12.0,8.984947e-06
47,127,13.0,4.6402506e-06
47,127,14.0,2.367525e-06
47,128,0.0,4.9654276e-09
47,128,1.0,2.8016094e-08
47,128,2.0,3.682953e-09
47,128,3.0,3.2623116e-06
47,128,4.0,1.0479464e-08
47,128,5.0,1.9473717e-07
47,128,6.0,8.269947e-07
47,128,7.0,1.1784705e-06
47,128,8.0,3.227956e-08
47,128,9.0,2.3416145e-07
47,128,10.0,5.1442644e-06
47,128,11.0,3.9647307e-06
47,128,12.0,4.650801e-06
47,128,13.0,1.557562e-05
47,128,14.0,2.3646204e-05
47,129,0.0,8.450658e-07
47,129,1.0,3.002291e-06
47,129,2.0,1.1899477e-06
47,129,3.0,3.926858e-07
47,129,4.0,1.9740295e-07
47,129,5.0,5.7879287e-08
47,129,6.0,1.2960442e-07
47,129,7.0,3.1174977e-08
47,129,8.0,4.0968498e-08
47,129,9.0,1.6541578e-06
47,129,10.0,1.803672e-06
47,129,11.0,4.4755084e-06
47,129,12.0,2.4784295e-06
47,129,13.0,1.1193843e-06
47,129,14.0,2.9186224e-06
47,130,0.0,2.1716272e-10
47,130,1.0,1.7105654e-08
47,130,2.0,1.6906256e-07
47,130,3.0,1.2290359e-09
47,130,4.0,1.3693877e-08
47,130,5.0,4.8592875e-07
47,130,6.0,4.9093496e-10
47,130,7.0,4.7295767e-09
47,130,8.0,5.7718864e-08
47,130,9.0,0.0
47,130,10.0,1.4294144e-08
47,130,11.0,5.84099e-07
47,130,12.0,3.914391e-06
47,130,13.0,2.7895015e-07
47,130,14.0,2.305495e-07
47,131,0.0,1.4407453e-10
47,131,1.0,8.86157e-08
47,131,2.0,3.4536217e-07
47,131,3.0,1.7634102e-08
47,131,4.0,2.2005638e-08
47,131,5.0,5.3544044e-12
47,131,6.0,1.0572732e-09
47,131,7.0,6.9581794e-09
47,131,8.0,3.501472e-11
47,131,9.0,7.188395e-09
47,131,10.0,2.0704874e-08
47,131,11.0,9.042105e-09
47,131,12.0,4.7597233e-08
47,131,13.0,5.599214e-07
47,131,14.0,1.353528e-07
47,132,0.0,1.724612e-07
47,132,1.0,5.827927e-09
47,132,2.0,3.6314046e-12
47,132,3.0,0.0
47,132,4.0,1.723834e-08
47,132,5.0,0.0
47,132,6.0,5.973753e-09
47,132,7.0,0.0
47,132,8.0,0.0
47,132,9.0,0.0
47,132,10.0,0.0
47,132,11.0,0.0
47,132,12.0,0.0
47,132,13.0,0.0
47,132,14.0,1.1320031e-10
47,133,0.0,0.0
47,133,1.0,0.0
47,133,2.0,0.0
47,133,3.0,0.0
47,133,4.0,2.8813063e-09
47,133,5.0,1.3364819e-07
47,133,6.0,4.401399e-09
47,133,7.0,3.8107146e-08
47,133,8.0,6.624855e-09
47,133,9.0,7.1701834e-08
47,133,10.0,2.4121146e-06
47,133,11.0,3.486191e-07
47,133,12.0,2.4252967e-07
47,133,13.0,6.136227e-07
47,133,14.0,3.196018e-07
48,108,0.0,3.8356486e-08
48,108,1.0,1.280419e-08
48,108,2.0,1.2384991e-08
48,108,3.0,1.0205978e-08
48,108,4.0,1.4184717e-07
48,108,5.0,3.2169e-07
48,108,6.0,2.5742924e-07
48,108,7.0,0.0
48,108,8.0,1.7138307e-08
48,108,9.0,6.877861e-08
48,108,10.0,2.0313239e-08
48,108,11.0,1.5604265e-07
48,108,12.0,2.6129123e-06
48,108,13.0,1.1151155e-08
48,108,14.0,6.142006e-11
48,109,0.0,5.4504202e-08
48,109,1.0,1.01638584e-07
48,109,2.0,3.4482753e-07
48,109,3.0,2.8452018e-07
48,109,4.0,5.1795958e-08
48,109,5.0,3.2167744e-08
48,109,6.0,3.732447e-08
48,109,7.0,2.3096754e-10
48,109,8.0,1.3058923e-07
48,109,9.0,2.6784912e-08
48,109,10.0,6.0711855e-08
48,109,11.0,1.0830983e-07
48,109,12.0,7.048321e-08
48,109,13.0,2.5369479e-08
48,109,14.0,3.9105547e-08
48,110,0.0,7.706039e-10
48,110,1.0,3.038227e-11
48,110,2.0,5.927877e-09
48,110,3.0,1.0662399e-08
48,110,4.0,4.0217135e-08
48,110,5.0,4.4517243e-08
48,110,6.0,2.2824066e-08
48,110,7.0,8.7691134e-08
48,110,8.0,8.60229e-08
48,110,9.0,1.4905321e-09
48,110,10.0,1.6521463e-10
48,110,11.0,1.0513584e-08
48,110,12.0,2.9191149e-08
48,110,13.0,6.9814454e-10
48,110,14.0,2.9343193e-08
48,111,0.0,6.4534295e-10
48,111,1.0,4.4286065e-08
48,111,2.0,5.411426e-10
48,111,3.0,6.5260073e-15
48,111,4.0,2.8642793e-09
48,111,5.0,3.0636993e-10
48,111,6.0,1.38880605e-08
48,111,7.0,3.4470098e-09
48,111,8.0,1.1231444e-08
48,111,9.0,1.7414098e-09
48,111,10.0,0.0
48,111,11.0,6.2357017e-09
48,111,12.0,0.0
48,111,13.0,0.0
48,111,14.0,3.4914663e-13
48,112,0.0,0.0
48,112,1.0,0.0
48,112,2.0,0.0
48,112,3.0,0.0
48,112,4.0,0.0
48,112,5.0,0.0
48,112,6.0,0.0
48,112,7.0,0.0
48,112,8.0,3.625389e-10
48,112,9.0,1.9999282e-09
48,112,10.0,0.0
48,112,11.0,0.0
48,112,12.0,1.4298275e-09
48,112,13.0,3.0576805e-07
48,112,14.0,2.6121836e-07
48,113,0.0,1.810135e-07
48,113,1.0,1.2311473e-07
48,113,2.0,5.064963e-10
48,113,3.0,3.159719e-08
48,113,4.0,0.0
48,113,5.0,1.8116837e-07
48,113,6.0,1.4804273e-07
48,113,7.0,4.3226855e-08
48,113,8.0,0.0
48,113,9.0,9.75751e-10
48,113,10.0,5.147618e-07
48,113,11.0,3.4117493e-06
48,113,12.0,7.07308e-06
48,113,13.0,2.256876e-05
48,113,14.0,3.7519612e-06
48,114,0.0,1.9406922e-12
48,114,1.0,8.0790363e-07
48,114,2.0,3.644719e-08
48,114,3.0,5.0336624e-11
48,114,4.0,3.782398e-07
48,114,5.0,2.222772e-06
48,114,6.0,1.7487428e-06
48,114,7.0,2.684383e-06
48,114,8.0,8.473346e-06
48,114,9.0,3.6160847e-05
48,114,10.0,4.7024238e-05
48,114,11.0,0.00012876
48,114,12.0,0.00032418213
48,114,13.0,0.00032986724
48,114,14.0,0.00019049755
48,115,0.0,1.5361742e-05
48,115,1.0,1.2110422e-05
48,115,2.0,7.250104e-05
48,115,3.0,0.00012408821
48,115,4.0,0.00010564571
48,115,5.0,0.00030663694
48,115,6.0,0.0003223266
48,115,7.0,0.00036442993
48,115,8.0,0.00032179756
48,115,9.0,0.00040342117
48,115,10.0,0.0005851005
48,115,11.0,0.0013309298
48,115,12.0,0.001602707
48,115,13.0,0.0015521394
48,115,14.0,0.0017970655
48,116,0.0,7.925468e-06
48,116,1.0,0.00010067431
48,116,2.0,0.000238577
48,116,3.0,0.0006865564
48,116,4.0,0.0009867807
48,116,5.0,0.0015287921
48,116,6.0,0.0018339553
48,116,7.0,0.0017877484
48,116,8.0,0.0014892595
48,116,9.0,0.0020837362
48,116,10.0,0.0038061703
48,116,11.0,0.0050699515
48,116,12.0,0.0072224275
48,116,13.0,0.006509526
48,116,14.0,0.005898575
48,117,0.0,0.0001255302
48,117,1.0,0.0006302984
48,117,2.0,0.001192248
48,117,3.0,0.0030132835
48,117,4.0,0.005589394
48,117,5.0,0.008109826
48,117,6.0,0.007545462
48,117,7.0,0.006156589
48,117,8.0,0.0065029147
48,117,9.0,0.009119075
48,117,10.0,0.012868713
48,117,11.0,0.017272245
48,117,12.0,0.019080484
48,117,13.0,0.017349407
48,117,14.0,0.01306781
48,118,0.0,0.0002834365
48,118,1.0,0.0014749037
48,118,2.0,0.0030499708
48,118,3.0,0.004545476
48,118,4.0,0.007738745
48,118,5.0,0.011038827
48,118,6.0,0.012718785
48,118,7.0,0.014743639
48,118,8.0,0.014139059
48,118,9.0,0.01807195
48,118,10.0,0.027686102
48,118,11.0,0.037984572
48,118,12.0,0.03833087
48,118,13.0,0.040135197
48,118,14.0,0.03683024
48,119,0.0,0.0005892254
48,119,1.0,0.0024227782
48,119,2.0,0.0051618386
48,119,3.0,0.009106853
48,119,4.0,0.016447509
48,119,5.0,0.020217119
48,119,6.0,0.022597449
48,119,7.0,0.026793038
48,119,8.0,0.023110904
48,119,9.0,0.025947528
48,119,10.0,0.03777703
48,119,11.0,0.054406773
48,119,12.0,0.06771249
48,119,13.0,0.06721224
48,119,14.0,0.05852155
48,120,0.0,0.00089621317
48,120,1.0,0.0023109263
48,120,2.0,0.0062171514
48,120,3.0,0.014319385
48,120,4.0,0.018095586
48,120,5.0,0.021223973
48,120,6.0,0.027031329
48,120,7.0,0.029699603
48,120,8.0,0.03069234
48,120,9.0,0.031077504
48,120,10.0,0.0450149
48,120,11.0,0.058498334
48,120,12.0,0.06766751
48,120,13.0,0.066046834
48,120,14.0,0.062881686
48,121,0.0,0.0007265996
48,121,1.0,0.001729444
48,121,2.0,0.0043705925
48,121,3.0,0.008034342
48,121,4.0,0.01291676
48,121,5.0,0.01657043
48,121,6.0,0.02014507
48,121,7.0,0.028408542
48,121,8.0,0.024075117
48,121,9.0,0.023240432
48,121,10.0,0.032323997
48,121,11.0,0.041861337
48,121,12.0,0.054476112
48,121,13.0,0.06387498
48,121,14.0,0.059058707
48,122,0.0,0.0007498538
48,122,1.0,0.0019288408
48,122,2.0,0.0038274203
48,122,3.0,0.004596991
48,122,4.0,0.00815413
48,122,5.0,0.011619471
48,122,6.0,0.019991113
48,122,7.0,0.018203454
48,122,8.0,0.018135043
48,122,9.0,0.018535474
48,122,10.0,0.024734406
48,122,11.0,0.036693368
48,122,12.0,0.040066436
48,122,13.0,0.04197545
48,122,14.0,0.045341637
48,123,0.0,0.0005602612
48,123,1.0,0.0014180848
48,123,2.0,0.0024791101
48,123,3.0,0.004597353
48,123,4.0,0.007694706
48,123,5.0,0.009041544
48,123,6.0,0.012783021
48,123,7.0,0.0151658105
48,123,8.0,0.010793427
48,123,9.0,0.01139934
48,123,10.0,0.022457773
48,123,11.0,0.0287235
48,123,12.0,0.030255176
48,123,13.0,0.032873306
48,123,14.0,0.03293341
48,124,0.0,0.00062065636
48,124,1.0,0.0021458184
48,124,2.0,0.0024773623
48,124,3.0,0.0049801455
48,124,4.0,0.0062465747
48,124,5.0,0.0061670262
48,124,6.0,0.008539186
48,124,7.0,0.0088993255
48,124,8.0,0.009385435
48,124,9.0,0.009514799
48,124,10.0,0.009991761
48,124,11.0,0.011297245
48,124,12.0,0.012465962
48,124,13.0,0.0134560345
48,124,14.0,0.015794402
48,125,0.0,0.0010711572
48,125,1.0,0.0012907609
48,125,2.0,0.00341429
48,125,3.0,0.005496372
48,125,4.0,0.0041995593
48,125,5.0,0.0054839007
48,125,6.0,0.0069047282
48,125,7.0,0.00706412
48,125,8.0,0.0062525338
48,125,9.0,0.008176126
48,125,10.0,0.010089639
48,125,11.0,0.008556065
48,125,12.0,0.008132155
48,125,13.0,0.008558436
48,125,14.0,0.009915458
48,126,0.0,0.0009537774
48,126,1.0,0.0016460157
48,126,2.0,0.0034949782
48,126,3.0,0.003722033
48,126,4.0,0.0033341723
48,126,5.0,0.0035950667
48,126,6.0,0.0036158666
48,126,7.0,0.0027434193
48,126,8.0,0.002242542
48,126,9.0,0.0027986409
48,126,10.0,0.002742029
48,126,11.0,0.0027017456
48,126,12.0,0.0030005036
48,126,13.0,0.0022524078
48,126,14.0,0.0015793768
48,127,0.0,0.00042702453
48,127,1.0,0.0007522096
48,127,2.0,0.0013766638
48,127,3.0,0.001420868
48,127,4.0,0.0013875408
48,127,5.0,0.001512639
48,127,6.0,0.0015167857
48,127,7.0,0.0012604027
48,127,8.0,0.0011498663
48,127,9.0,0.0012128983
48,127,10.0,0.0016999298
48,127,11.0,0.0016554253
48,127,12.0,0.0013343962
48,127,13.0,0.0013387594
48,127,14.0,0.0012134636
48,128,0.0,0.00023689652
48,128,1.0,0.00042689688
48,128,2.0,0.0009207535
48,128,3.0,0.0008100437
48,128,4.0,0.0006800627
48,128,5.0,0.00059581205
48,128,6.0,0.0004367088
48,128,7.0,0.00032495684
48,128,8.0,0.0005517372
48,128,9.0,0.0002951252
48,128,10.0,0.0001965935
48,128,11.0,0.00021173524
48,128,12.0,0.0002463836
48,128,13.0,0.00025301444
48,128,14.0,0.00029893374
48,129,0.0,7.183306e-05
48,129,1.0,0.0001254957
48,129,2.0,0.00015793476
48,129,3.0,0.00019005577
48,129,4.0,0.00016527633
48,129,5.0,0.0001970152
48,129,6.0,0.00023787342
48,129,7.0,0.00017658148
48,129,8.0,0.000108438915
48,129,9.0,9.937346e-05
48,129,10.0,0.00012119837
48,129,11.0,0.000113982744
48,129,12.0,9.384189e-05
48,129,13.0,0.0001213983
48,129,14.0,9.566557e-05
48,130,0.0,5.194e-05
48,130,1.0,7.2705698e-06
48,130,2.0,1.9330157e-05
48,130,3.0,4.991909e-05
48,130,4.0,3.616535e-05
48,130,5.0,1.9743316e-05
48,130,6.0,1.583356e-05
48,130,7.0,5.4635884e-06
48,130,8.0,6.2406384e-06
48,130,9.0,7.678076e-06
48,130,10.0,1.5066009e-05
48,130,11.0,2.4750386e-07
48,130,12.0,1.2841682e-08
48,130,13.0,1.6790268e-07
48,130,14.0,3.2399819e-06
48,131,0.0,1.777484e-06
48,131,1.0,1.6034237e-06
48,131,2.0,0.0
48,131,3.0,5.508998e-13
48,131,4.0,4.39651e-10
48,131,5.0,1.425287e-09
48,131,6.0,0.0
48,131,7.0,0.0
48,131,8.0,0.0
48,131,9.0,0.0
48,131,10.0,4.4944377e-09
48,131,11.0,4.2053885e-09
48,131,12.0,6.2723576e-10
48,131,13.0,4.4871133e-09
48,131,14.0,8.386806e-08
48,132,0.0,8.9909244e-09
48,132,1.0,2.1329766e-10
48,132,2.0,5.1551616e-09
48,132,3.0,2.417191e-09
48,132,4.0,0.0
48,132,5.0,4.46578e-09
48,132,6.0,1.7662562e-07
48,132,7.0,3.7405007e-07
48,132,8.0,4.1514912e-07
48,132,9.0,7.2491204e-08
48,132,10.0,6.719991e-09
48,132,11.0,2.79377e-08
48,132,12.0,1.5483322e-07
48,132,13.0,2.0246992e-08
48,132,14.0,1.0382385e-08
48,133,0.0,1.9533904e-07
48,133,1.0,2.8327654e-09
48,133,2.0,2.8055248e-07
48,133,3.0,6.885053e-08
48,133,4.0,4.5359488e-07
48,133,5.0,4.956924e-07
48,133,6.0,2.2752793e-07
48,133,7.0,1.5511627e-07
48,133,8.0,5.9211356e-08
48,133,9.0,4.6223665e-08
48,133,10.0,1.2829273e-07
48,133,11.0,5.2795226e-08
48,133,12.0,4.9812208e-08
48,133,13.0,2.9350943e-08
48,133,14.0,2.5399206e-08
48,134,0.0,5.8329434e-08
48,134,1.0,1.3997435e-09
48,134,2.0,4.466393e-08
48,134,3.0,7.576954e-08
48,134,4.0,4.8811984e-07
48,134,5.0,3.9268207e-07
48,134,6.0,5.82157e-07
48,134,7.0,7.911353e-07
48,134,8.0,2.3174461e-07
48,134,9.0,3.0465353e-07
48,134,10.0,1.2518277e-07
48,134,11.0,3.678166e-08
48,134,12.0,3.087041e-08
48,134,13.0,9.577291e-10
48,134,14.0,1.18844525e-08
48,135,0.0,1.3344502e-06
48,135,1.0,1.09324975e-14
48,135,2.0,5.2063367e-09
48,135,3.0,1.6031079e-08
48,135,4.0,8.390833e-09
48,135,5.0,4.609619e-10
48,135,6.0,6.014591e-11
48,135,7.0,5.3150955e-09
48,135,8.0,6.6651e-08
48,135,9.0,1.5784271e-10
48,135,10.0,6.7721995e-11
48,135,11.0,2.7879798e-10
48,135,12.0,0.0
48,135,13.0,8.28133e-10
48,135,14.0,7.1493877e-09
48,136,0.0,7.3733037e-09
48,136,1.0,5.6294407e-08
48,136,2.0,9.801819e-08
48,136,3.0,9.57746e-08
48,136,4.0,1.3308745e-07
48,136,5.0,2.5125664e-07
48,136,6.0,1.6160759e-07
48,136,7.0,2.8237338e-07
48,136,8.0,3.4718124e-07
48,136,9.0,4.4002525e-07
48,136,10.0,2.8160753e-07
48,136,11.0,1.6294925e-07
48,136,12.0,3.3077477e-08
48,136,13.0,9.436631e-08
48,136,14.0,3.076726e-08
49,110,0.0,1.1125176e-08
49,110,1.0,0.0
49,110,2.0,1.5299382e-12
49,110,3.0,0.0
49,110,4.0,0.0
49,110,5.0,0.0
49,110,6.0,0.0
49,110,7.0,0.0
49,110,8.0,0.0
49,110,9.0,7.529902e-10
49,110,10.0,1.1820979e-07
49,110,11.0,0.0
49,110,12.0,6.549963e-07
49,110,13.0,9.130736e-08
49,110,14.0,1.5554244e-06
49,111,0.0,0.0
49,111,1.0,0.0
49,111,2.0,0.0
49,111,3.0,0.0
49,111,4.0,6.138083e-11
49,111,5.0,6.0190025e-10
49,111,6.0,0.0
49,111,7.0,3.0555888e-10
49,111,8.0,0.0
49,111,9.0,0.0
49,111,10.0,0.0
49,111,11.0,1.4497775e-09
49,111,12.0,0.0
49,111,13.0,8.831545e-08
49,111,14.0,1.8245133e-09
49,112,0.0,0.0
49,112,1.0,4.5770246e-08
49,112,2.0,0.0
49,112,3.0,5.9535283e-09
49,112,4.0,4.0715724e-07
49,112,5.0,0.0
49,112,6.0,7.646208e-13
49,112,7.0,2.0843345e-09
49,112,8.0,1.1695629e-11
49,112,9.0,1.2416426e-10
49,112,10.0,8.713359e-08
49,112,11.0,4.8961546e-08
49,112,12.0,6.327108e-08
49,112,13.0,5.9851956e-08
49,112,14.0,0.0
49,113,0.0,0.0
49,113,1.0,1.2591761e-09
49,113,2.0,0.0
49,113,3.0,0.0
49,113,4.0,0.0
49,113,5.0,3.48092e-09
49,113,6.0,3.1314213e-12
49,113,7.0,1.9286719e-09
49,113,8.0,2.8640278e-12
49,113,9.0,6.0476594e-08
49,113,10.0,4.551711e-12
49,113,11.0,7.703004e-08
49,113,12.0,2.7050777e-07
49,113,13.0,9.4126074e-07
49,113,14.0,3.9492147e-07
49,114,0.0,4.5378193e-10
49,114,1.0,0.0
49,114,2.0,1.1800953e-08
49,114,3.0,3.4146754e-07
49,114,4.0,1.7963445e-07
49,114,5.0,0.0
49,114,6.0,3.5647618e-10
49,114,7.0,0.0
49,114,8.0,0.0
49,114,9.0,0.0
49,114,10.0,3.5048036e-08
49,114,11.0,6.684406e-08
49,114,12.0,0.0
49,114,13.0,8.9148616e-10
49,114,14.0,1.215932e-07
49,115,0.0,0.0
49,115,1.0,0.0
49,115,2.0,0.0
49,115,3.0,0.0
49,115,4.0,0.0
49,115,5.0,0.0
49,115,6.0,0.0
49,115,7.0,0.0
49,115,8.0,0.0
49,115,9.0,0.0
49,115,10.0,0.0
49,115,11.0,0.0
49,115,12.0,7.027408e-08
49,115,13.0,3.836554e-10
49,115,14.0,4.3000804e-07
49,116,0.0,0.0
49,116,1.0,0.0
49,116,2.0,0.0
49,116,3.0,0.0
49,116,4.0,0.0
49,116,5.0,6.3163115e-09
49,116,6.0,2.2867389e-11
49,116,7.0,1.1464347e-08
49,116,8.0,4.687496e-08
49,116,9.0,1.7474846e-07
49,116,10.0,6.2393287e-06
49,116,11.0,1.3233223e-05
49,116,12.0,3.9948056e-05
49,116,13.0,3.1851196e-05
49,116,14.0,1.4958181e-05
49,117,0.0,0.0
49,117,1.0,8.337452e-09
49,117,2.0,0.0
49,117,3.0,1.231784e-10
49,117,4.0,2.69005e-07
49,117,5.0,1.6249094e-05
49,117,6.0,2.3997502e-05
49,117,7.0,1.406346e-05
49,117,8.0,1.1558753e-05
49,117,9.0,1.2414489e-05
49,117,10.0,1.8915052e-05
49,117,11.0,0.00010892535
49,117,12.0,0.00017178402
49,117,13.0,0.00024120296
49,117,14.0,0.00027836036
49,118,0.0,2.0795854e-07
49,118,1.0,5.711793e-06
49,118,2.0,3.855723e-06
49,118,3.0,2.0147556e-05
49,118,4.0,0.0001581949
49,118,5.0,6.1395825e-05
49,118,6.0,7.562375e-05
49,118,7.0,0.00018843613
49,118,8.0,0.00020917137
49,118,9.0,0.00023535492
49,118,10.0,0.0002393051
49,118,11.0,0.00054109277
49,118,12.0,0.0007506155
49,118,13.0,0.0008346099
49,118,14.0,0.0009496576
49,119,0.0,2.9221137e-05
49,119,1.0,5.8942325e-05
49,119,2.0,0.00014894072
49,119,3.0,0.00031972793
49,119,4.0,0.00031786165
49,119,5.0,0.0004961942
49,119,6.0,0.00075767504
49,119,7.0,0.00078922755
49,119,8.0,0.0007895686
49,119,9.0,0.0012660357
49,119,10.0,0.0022711554
49,119,11.0,0.0039193663
49,119,12.0,0.0051478515
49,119,13.0,0.0066706724
49,119,14.0,0.0048310966
49,120,0.0,6.4083324e-05
49,120,1.0,0.0003093954
49,120,2.0,0.00064132875
49,120,3.0,0.0009649677
49,120,4.0,0.002516664
49,120,5.0,0.0032857829
49,120,6.0,0.004682757
49,120,7.0,0.0049044895
49,120,8.0,0.00468737
49,120,9.0,0.0086121475
49,120,10.0,0.012502694
49,120,11.0,0.016440364
49,120,12.0,0.02055105
49,120,13.0,0.016157847
49,120,14.0,0.020005325
49,121,0.0,0.0004332352
49,121,1.0,0.0005296814
49,121,2.0,0.0017084609
49,121,3.0,0.0028872744
49,121,4.0,0.006615373
49,121,5.0,0.0075921025
49,121,6.0,0.0108448425
49,121,7.0,0.012448764
49,121,8.0,0.013696851
49,121,9.0,0.0191717
49,121,10.0,0.026124096
49,121,11.0,0.02792969
49,121,12.0,0.03416024
49,121,13.0,0.03955087
49,121,14.0,0.037911024
49,122,0.0,0.00043091053
49,122,1.0,0.0013154357
49,122,2.0,0.0031812105
49,122,3.0,0.006394107
49,122,4.0,0.008583
49,122,5.0,0.015429085
49,122,6.0,0.021218518
49,122,7.0,0.024417141
49,122,8.0,0.023948316
49,122,9.0,0.0294268
49,122,10.0,0.045598187
49,122,11.0,0.05636031
49,122,12.0,0.06858573
49,122,13.0,0.079137936
49,122,14.0,0.073175974
49,123,0.0,0.0006317832
49,123,1.0,0.002106451
49,123,2.0,0.005184781
49,123,3.0,0.0074650133
49,123,4.0,0.012801626
49,123,5.0,0.019108038
49,123,6.0,0.019603841
49,123,7.0,0.025758227
49,123,8.0,0.023580054
49,123,9.0,0.025317926
49,123,10.0,0.038583234
49,123,11.0,0.056142855
49,123,12.0,0.068052396
49,123,13.0,0.07954208
49,123,14.0,0.08187991
49,124,0.0,0.00036893043
49,124,1.0,0.0013007906
49,124,2.0,0.0023953582
49,124,3.0,0.0059053497
49,124,4.0,0.010003416
49,124,5.0,0.0141514
49,124,6.0,0.0201239
49,124,7.0,0.027581051
49,124,8.0,0.025214223
49,124,9.0,0.029616946
49,124,10.0,0.040306352
49,124,11.0,0.047221925
49,124,12.0,0.066547826
49,124,13.0,0.06749644
49,124,14.0,0.06916901
49,125,0.0,0.0010514673
49,125,1.0,0.002799963
49,125,2.0,0.0062297587
49,125,3.0,0.010008752
49,125,4.0,0.013790428
49,125,5.0,0.02707053
49,125,6.0,0.028862145
49,125,7.0,0.031471305
49,125,8.0,0.024942392
49,125,9.0,0.030851744
49,125,10.0,0.041474693
49,125,11.0,0.046762362
49,125,12.0,0.049189176
49,125,13.0,0.0575152
49,125,14.0,0.054117896
49,126,0.0,0.002166628
49,126,1.0,0.005353001
49,126,2.0,0.007072966
49,126,3.0,0.012646597
49,126,4.0,0.021140337
49,126,5.0,0.024526777
49,126,6.0,0.030950516
49,126,7.0,0.03615534
49,126,8.0,0.03235163
49,126,9.0,0.033123057
49,126,10.0,0.03781153
49,126,11.0,0.046574894
49,126,12.0,0.059908602
49,126,13.0,0.06681873
49,126,14.0,0.05787475
49,127,0.0,0.0079048
49,127,1.0,0.010851246
49,127,2.0,0.016667102
49,127,3.0,0.032979716
49,127,4.0,0.041630156
49,127,5.0,0.044214413
49,127,6.0,0.05251465
49,127,7.0,0.050419122
49,127,8.0,0.038927127
49,127,9.0,0.037130456
49,127,10.0,0.0486687
49,127,11.0,0.061168198
49,127,12.0,0.06571185
49,127,13.0,0.048582874
49,127,14.0,0.047977753
49,128,0.0,0.006914036
49,128,1.0,0.01648907
49,128,2.0,0.017767495
49,128,3.0,0.026336648
49,128,4.0,0.036587723
49,128,5.0,0.039359044
49,128,6.0,0.041872963
49,128,7.0,0.037346266
49,128,8.0,0.034262296
49,128,9.0,0.026623528
49,128,10.0,0.03345625
49,128,11.0,0.0443247
49,128,12.0,0.040999033
49,128,13.0,0.038367815
49,128,14.0,0.034941595
49,129,0.0,0.011057514
49,129,1.0,0.023997288
49,129,2.0,0.025769236
49,129,3.0,0.025607105
49,129,4.0,0.02587182
49,129,5.0,0.026954982
49,129,6.0,0.023090575
49,129,7.0,0.022553321
49,129,8.0,0.016406314
49,129,9.0,0.013444019
49,129,10.0,0.019358302
49,129,11.0,0.019873597
49,129,12.0,0.022667022
49,129,13.0,0.017774109
49,129,14.0,0.015835827
49,130,0.0,0.0068455352
49,130,1.0,0.010871187
49,130,2.0,0.012302636
49,130,3.0,0.010488849
49,130,4.0,0.010034182
49,130,5.0,0.006089988
49,130,6.0,0.006981552
49,130,7.0,0.0060895416
49,130,8.0,0.0063755037
49,130,9.0,0.0051203915
49,130,10.0,0.004967051
49,130,11.0,0.0048900675
49,130,12.0,0.0047988105
49,130,13.0,0.0041708797
49,130,14.0,0.00457079
49,131,0.0,0.0013637906
49,131,1.0,0.0038433732
49,131,2.0,0.0039737117
49,131,3.0,0.0025340496
49,131,4.0,0.002387889
49,131,5.0,0.0017344026
49,131,6.0,0.0010594488
49,131,7.0,0.0007602635
49,131,8.0,0.001116165
49,131,9.0,0.00096878107
49,131,10.0,0.000769483
49,131,11.0,0.0007015926
49,131,12.0,0.000556408
49,131,13.0,0.0004317938
49,131,14.0,0.0005158333
49,132,0.0,0.00022435609
49,132,1.0,0.00014031559
49,132,2.0,0.00033868526
49,132,3.0,0.00022715527
49,132,4.0,0.00019910115
49,132,5.0,9.15541e-05
49,132,6.0,7.132048e-05
49,132,7.0,0.00012269703
49,132,8.0,0.00011116617
49,132,9.0,6.846975e-05
49,132,10.0,0.00010314679
49,132,11.0,0.00010751958
49,132,12.0,5.6586166e-05
49,132,13.0,1.1819098e-05
49,132,14.0,2.5145506e-05
49,133,0.0,7.68212e-06
49,133,1.0,3.088479e-06
49,133,2.0,1.4120064e-05
49,133,3.0,4.9053033e-05
49,133,4.0,2.3199074e-05
49,133,5.0,5.465587e-07
49,133,6.0,8.269228e-07
49,133,7.0,9.359336e-08
49,133,8.0,7.251369e-06
49,133,9.0,2.0399673e-05
49,133,10.0,2.7685046e-05
49,133,11.0,2.1267226e-06
49,133,12.0,1.1998046e-09
49,133,13.0,7.622966e-07
49,133,14.0,1.8693592e-07
49,134,0.0,5.8846584e-08
49,134,1.0,0.0
49,134,2.0,2.8658664e-09
49,134,3.0,4.07484e-07
49,134,4.0,3.8988085e-07
49,134,5.0,5.3270984e-08
49,134,6.0,0.0
49,134,7.0,0.0
49,134,8.0,1.906037e-08
49,134,9.0,2.2469712e-10
49,134,10.0,6.201854e-11
49,134,11.0,0.0
49,134,12.0,1.09518375e-11
49,134,13.0,1.0488233e-07
49,134,14.0,7.5412494e-08
49,135,0.0,3.2201633e-10
49,135,1.0,0.0
49,135,2.0,0.0
49,135,3.0,7.5789774e-09
49,135,4.0,2.1528193e-08
49,135,5.0,0.0
49,135,6.0,8.8155067e-10
49,135,7.0,1.8452027e-07
49,135,8.0,2.1836293e-07
49,135,9.0,1.1027821e-07
49,135,10.0,2.403781e-07
49,135,11.0,2.1552773e-07
49,135,12.0,1.6960662e-09
49,135,13.0,1.2342361e-08
49,135,14.0,4.3148526e-07
49,136,0.0,1.12231224e-10
49,136,1.0,0.0
49,136,2.0,2.3615623e-11
49,136,3.0,3.0153064e-11
49,136,4.0,1.1872655e-09
49,136,5.0,0.0
49,136,6.0,0.0
49,136,7.0,0.0
49,136,8.0,3.5453804e-13
49,136,9.0,9.487889e-08
49,136,10.0,4.9049227e-09
49,136,11.0,1.0823725e-07
49,136,12.0,7.914265e-08
49,136,13.0,7.1994527e-10
49,136,14.0,2.433972e-07
49,137,0.0,0.0
49,137,1.0,0.0
49,137,2.0,0.0
49,137,3.0,1.4287286e-11
49,137,4.0,1.133169e-09
49,137,5.0,2.6024949e-09
49,137,6.0,2.1703895e-07
49,137,7.0,1.8658679e-07
49,137,8.0,8.392506e-08
49,137,9.0,2.2924785e-07
49,137,10.0,8.7834586e-08
49,137,11.0,5.646058e-08
49,137,12.0,2.7759683e-07
49,137,13.0,6.116858e-07
49,137,14.0,1.3825548e-09
49,138,0.0,1.4860346e-10
49,138,1.0,2.0775036e-10
49,138,2.0,5.747023e-08
49,138,3.0,1.9775626e-09
49,138,4.0,1.2810212e-07
49,138,5.0,2.2976968e-08
49,138,6.0,6.7507614e-08
49,138,7.0,2.0973068e-06
49,138,8.0,4.5987588e-07
49,138,9.0,3.0536523e-07
49,138,10.0,1.93862e-06
49,138,11.0,1.7585835e-05
49,138,12.0,1.3142126e-05
49,138,13.0,3.592677e-06
49,138,14.0,4.8311502e-08
50,113,0.0,1.1351727e-09
50,113,1.0,8.801629e-10
50,113,2.0,2.5117505e-11
50,113,3.0,9.494151e-09
50,113,4.0,1.4205677e-08
50,113,5.0,1.1111881e-08
50,113,6.0,3.710567e-08
50,113,7.0,6.206144e-08
50,113,8.0,1.8043693e-08
50,113,9.0,4.0510777e-08
50,113,10.0,6.305782e-08
50,113,11.0,7.8453155e-09
50,113,12.0,5.477128e-09
50,113,13.0,3.0800584e-09
50,113,14.0,6.896831e-10
50,114,0.0,0.0
50,114,1.0,2.2814838e-10
50,114,2.0,0.0
50,114,3.0,0.0
50,114,4.0,0.0
50,114,5.0,2.7734492e-08
50,114,6.0,1.1798806e-09
50,114,7.0,1.0532281e-07
50,114,8.0,3.0224563e-09
50,114,9.0,8.168193e-08
50,114,10.0,3.596806e-11
50,114,11.0,1.1701196e-09
50,114,12.0,3.4354943e-13
50,114,13.0,1.1956939e-08
50,114,14.0,1.6135882e-09
50,115,0.0,2.573641e-08
50,115,1.0,6.574315e-11
50,115,2.0,0.0
50,115,3.0,0.0
50,115,4.0,0.0
50,115,5.0,4.508392e-09
50,115,6.0,1.8531117e-07
50,115,7.0,2.381833e-08
50,115,8.0,0.0
50,115,9.0,9.59788e-09
50,115,10.0,1.9825874e-09
50,115,11.0,1.0099153e-08
50,115,12.0,4.4556367e-10
50,115,13.0,6.6380823e-10
50,115,14.0,7.330513e-12
50,116,0.0,0.0
50,116,1.0,7.900999e-08
50,116,2.0,1.15154135e-08
50,116,3.0,0.0
50,116,4.0,5.3670037e-12
50,116,5.0,1.2628322e-08
50,116,6.0,2.1818116e-07
50,116,7.0,1.883738e-06
50,116,8.0,7.546567e-08
50,116,9.0,4.045306e-09
50,116,10.0,1.2903806e-09
50,116,11.0,5.9885092e-09
50,116,12.0,4.5731465e-08
50,116,13.0,0.0
50,116,14.0,1.0336492e-10
50,117,0.0,0.0
50,117,1.0,0.0
50,117,2.0,0.0
50,117,3.0,0.0
50,117,4.0,0.0
50,117,5.0,0.0
50,117,6.0,0.0
50,117,7.0,0.0
50,117,8.0,0.0
50,117,9.0,0.0
50,117,10.0,0.0
50,117,11.0,1.7891973e-09
50,117,12.0,0.0
50,117,13.0,8.6612756e-10
50,117,14.0,7.548811e-09
50,118,0.0,0.0
50,118,1.0,0.0
50,118,2.0,0.0
50,118,3.0,0.0
50,118,4.0,0.0
50,118,5.0,9.260899e-11
50,118,6.0,0.0
50,118,7.0,0.0
50,118,8.0,4.078179e-09
50,118,9.0,6.4446226e-08
50,118,10.0,2.4938095e-07
50,118,11.0,2.3033324e-06
50,118,12.0,9.186603e-07
50,118,13.0,2.6723264e-05
50,118,14.0,1.9817197e-05
50,119,0.0,1.2316959e-10
50,119,1.0,0.0
50,119,2.0,4.9343264e-16
50,119,3.0,6.446259e-10
50,119,4.0,1.5433322e-07
50,119,5.0,4.8758043e-06
50,119,6.0,3.9247498e-05
50,119,7.0,1.6168897e-05
50,119,8.0,2.1547767e-06
50,119,9.0,9.775474e-06
50,119,10.0,2.8783492e-05
50,119,11.0,9.8370954e-05
50,119,12.0,0.00020342889
50,119,13.0,0.00021823808
50,119,14.0,0.00015581097
50,120,0.0,5.0612336e-08
50,120,1.0,1.3919169e-05
50,120,2.0,4.640068e-05
50,120,3.0,9.7525015e-05
50,120,4.0,6.789319e-05
50,120,5.0,9.191676e-05
50,120,6.0,0.0001384279
50,120,7.0,0.0001909215
50,120,8.0,0.00023659994
50,120,9.0,0.00037937902
50,120,10.0,0.00058081996
50,120,11.0,0.000718998
50,120,12.0,0.0009075054
50,120,13.0,0.0012617777
50,120,14.0,0.0007175772
50,121,0.0,1.3419391e-05
50,121,1.0,7.929027e-05
50,121,2.0,0.00029324033
50,121,3.0,0.00022493204
50,121,4.0,0.000318049
50,121,5.0,0.0004748004
50,121,6.0,0.00092175865
50,121,7.0,0.0009957196
50,121,8.0,0.0011075938
50,121,9.0,0.0013145237
50,121,10.0,0.0025670915
50,121,11.0,0.0034050436
50,121,12.0,0.0049401917
50,121,13.0,0.004986603
50,121,14.0,0.0054218527
50,122,0.0,2.9158766e-05
50,122,1.0,0.00017979434
50,122,2.0,0.00063740194
50,122,3.0,0.0012180534
50,122,4.0,0.0022498495
50,122,5.0,0.0035020313
50,122,6.0,0.003154941
50,122,7.0,0.003926136
50,122,8.0,0.0035791
50,122,9.0,0.0061218627
50,122,10.0,0.010139891
50,122,11.0,0.012666799
50,122,12.0,0.018121144
50,122,13.0,0.019325996
50,122,14.0,0.01250105
50,123,0.0,0.00024321272
50,123,1.0,0.00043480273
50,123,2.0,0.0025343322
50,123,3.0,0.0020394968
50,123,4.0,0.0025348414
50,123,5.0,0.0056155995
50,123,6.0,0.006679751
50,123,7.0,0.007491442
50,123,8.0,0.0077980524
50,123,9.0,0.008105961
50,123,10.0,0.015586454
50,123,11.0,0.022070637
50,123,12.0,0.023053912
50,123,13.0,0.025334423
50,123,14.0,0.025737623
50,124,0.0,0.00046509862
50,124,1.0,0.001421824
50,124,2.0,0.0023356003
50,124,3.0,0.0051221442
50,124,4.0,0.007051934
50,124,5.0,0.01361892
50,124,6.0,0.01547673
50,124,7.0,0.016567612
50,124,8.0,0.017288988
50,124,9.0,0.023111936
50,124,10.0,0.03351773
50,124,11.0,0.038856376
50,124,12.0,0.04672291
50,124,13.0,0.048861485
50,124,14.0,0.04802508
50,125,0.0,0.00089853525
50,125,1.0,0.0025743113
50,125,2.0,0.00393821
50,125,3.0,0.004495753
50,125,4.0,0.008567517
50,125,5.0,0.013270356
50,125,6.0,0.01730588
50,125,7.0,0.02460791
50,125,8.0,0.01992327
50,125,9.0,0.023846261
50,125,10.0,0.028777577
50,125,11.0,0.04015316
50,125,12.0,0.045694143
50,125,13.0,0.049070537
50,125,14.0,0.04897328
50,126,0.0,0.0054208976
50,126,1.0,0.009179629
50,126,2.0,0.01044894
50,126,3.0,0.015748516
50,126,4.0,0.02087493
50,126,5.0,0.026624842
50,126,6.0,0.032508362
50,126,7.0,0.03901383
50,126,8.0,0.032053348
50,126,9.0,0.03977026
50,126,10.0,0.04878687
50,126,11.0,0.061448127
50,126,12.0,0.059661176
50,126,13.0,0.07652641
50,126,14.0,0.073437124
50,127,0.0,0.010604242
50,127,1.0,0.019606564
50,127,2.0,0.02919795
50,127,3.0,0.030949365
50,127,4.0,0.048480626
50,127,5.0,0.040584996
50,127,6.0,0.04848038
50,127,7.0,0.048801154
50,127,8.0,0.06152327
50,127,9.0,0.053312294
50,127,10.0,0.06316631
50,127,11.0,0.06822531
50,127,12.0,0.07212597
50,127,13.0,0.08750316
50,127,14.0,0.09398496
50,128,0.0,0.05184116
50,128,1.0,0.07048459
50,128,2.0,0.08627926
50,128,3.0,0.10083931
50,128,4.0,0.10721297
50,128,5.0,0.12857558
50,128,6.0,0.13652466
50,128,7.0,0.12357167
50,128,8.0,0.11161052
50,128,9.0,0.12723865
50,128,10.0,0.14213544
50,128,11.0,0.13365065
50,128,12.0,0.13763256
50,128,13.0,0.14349973
50,128,14.0,0.14146875
50,129,0.0,0.08778309
50,129,1.0,0.10770717
50,129,2.0,0.124658
50,129,3.0,0.12418291
50,129,4.0,0.12404541
50,129,5.0,0.1405295
50,129,6.0,0.17230651
50,129,7.0,0.1566574
50,129,8.0,0.13674821
50,129,9.0,0.14837907
50,129,10.0,0.1485756
50,129,11.0,0.15206626
50,129,12.0,0.14998294
50,129,13.0,0.14712617
50,129,14.0,0.14091328
50,130,0.0,0.19840832
50,130,1.0,0.22129846
50,130,2.0,0.2230271
50,130,3.0,0.2030586
50,130,4.0,0.19755243
50,130,5.0,0.19071275
50,130,6.0,0.18422554
50,130,7.0,0.17159958
50,130,8.0,0.16084191
50,130,9.0,0.15830377
50,130,10.0,0.16077495
50,130,11.0,0.13707791
50,130,12.0,0.13045608
50,130,13.0,0.114318006
50,130,14.0,0.11076893
50,131,0.0,0.14102046
50,131,1.0,0.15578496
50,131,2.0,0.14367753
50,131,3.0,0.15150996
50,131,4.0,0.13284698
50,131,5.0,0.11286901
50,131,6.0,0.10918227
50,131,7.0,0.08798578
50,131,8.0,0.093814574
50,131,9.0,0.09237227
50,131,10.0,0.077694125
50,131,11.0,0.07579684
50,131,12.0,0.07191549
50,131,13.0,0.06686533
50,131,14.0,0.06054268
50,132,0.0,0.09342844
50,132,1.0,0.081750974
50,132,2.0,0.078047976
50,132,3.0,0.0696077
50,132,4.0,0.050313737
50,132,5.0,0.039394327
50,132,6.0,0.029922018
50,132,7.0,0.032056607
50,132,8.0,0.030918071
50,132,9.0,0.02889595
50,132,10.0,0.02294421
50,132,11.0,0.020453405
50,132,12.0,0.020236952
50,132,13.0,0.018387066
50,132,14.0,0.01603212
50,133,0.0,0.012160163
50,133,1.0,0.013864917
50,133,2.0,0.009726961
50,133,3.0,0.008230093
50,133,4.0,0.008272504
50,133,5.0,0.00542714
50,133,6.0,0.004273319
50,133,7.0,0.0043028174
50,133,8.0,0.0048200833
50,133,9.0,0.0040337276
50,133,10.0,0.004664272
50,133,11.0,0.005283723
50,133,12.0,0.0036127572
50,133,13.0,0.0023853334
50,133,14.0,0.0023536673
50,134,0.0,0.0024388444
50,134,1.0,0.0017086071
50,134,2.0,0.001404146
50,134,3.0,0.0012079118
50,134,4.0,0.00076291786
50,134,5.0,0.0006585121
50,134,6.0,0.00027485745
50,134,7.0,0.00023058044
50,134,8.0,0.00018406232
50,134,9.0,0.00017711165
50,134,10.0,0.00027194232
50,134,11.0,0.0003050525
50,134,12.0,0.00011151317
50,134,13.0,0.0001237354
50,134,14.0,0.00025219514
50,135,0.0,0.00015303162
50,135,1.0,0.0002902983
50,135,2.0,0.00018598326
50,135,3.0,8.4414474e-05
50,135,4.0,3.7396498e-05
50,135,5.0,2.27203e-06
50,135,6.0,1.9762872e-06
50,135,7.0,1.789877e-06
50,135,8.0,3.2224845e-05
50,135,9.0,2.1492548e-05
50,135,10.0,1.195893e-05
50,135,11.0,3.6113056e-06
50,135,12.0,1.7122965e-06
50,135,13.0,1.1471235e-07
50,135,14.0,1.1107043e-06
50,136,0.0,1.3080771e-06
50,136,1.0,0.0
50,136,2.0,4.8591793e-09
50,136,3.0,9.593769e-11
50,136,4.0,1.1104923e-07
50,136,5.0,1.178295e-07
50,136,6.0,0.0
50,136,7.0,0.0
50,136,8.0,0.0
50,136,9.0,1.4799394e-08
50,136,10.0,0.0
50,136,11.0,0.0
50,136,12.0,1.1791777e-08
50,136,13.0,0.0
50,136,14.0,1.6106251e-15
50,137,0.0,4.8348028e-08
50,137,1.0,2.6915725e-10
50,137,2.0,0.0
50,137,3.0,6.376186e-16
50,137,4.0,0.0
50,137,5.0,0.0
50,137,6.0,0.0
50,137,7.0,0.0
50,137,8.0,3.2906759e-12
50,137,9.0,1.4828309e-07
50,137,10.0,1.4604477e-07
50,137,11.0,1.3673346e-07
50,137,12.0,2.136596e-09
50,137,13.0,6.500932e-08
50,137,14.0,5.0960377e-08
50,138,0.0,1.027807e-08
50,138,1.0,9.032915e-10
50,138,2.0,1.1419507e-08
50,138,3.0,8.446782e-09
50,138,4.0,0.0
50,138,5.0,4.819338e-10
50,138,6.0,4.6153055e-08
50,138,7.0,5.4648503e-08
50,138,8.0,5.118972e-07
50,138,9.0,1.904043e-07
50,138,10.0,3.3659697e-07
50,138,11.0,1.4655308e-07
50,138,12.0,1.3128259e-07
50,138,13.0,2.1384301e-07
50,138,14.0,7.7480244e-08
50,139,0.0,7.372545e-09
50,139,1.0,9.367634e-09
50,139,2.0,8.259099e-11
50,139,3.0,3.0757323e-15
50,139,4.0,2.6824984e-09
50,139,5.0,6.0267685e-12
50,139,6.0,0.0
50,139,7.0,4.472588e-11
50,139,8.0,1.023033e-12
50,139,9.0,0.0
50,139,10.0,0.0
50,139,11.0,0.0
50,139,12.0,2.8518817e-14
50,139,13.0,4.4250792e-10
50,139,14.0,2.3516999e-14
50,140,0.0,2.395677e-07
50,140,1.0,2.3727821e-07
50,140,2.0,2.8181933e-08
50,140,3.0,1.437914e-07
50,140,4.0,8.72336e-07
50,140,5.0,1.8671785e-06
50,140,6.0,5.962138e-07
50,140,7.0,1.2653373e-07
50,140,8.0,6.237947e-07
50,140,9.0,6.8620506e-07
50,140,10.0,8.0628575e-07
50,140,11.0,4.869432e-07
50,140,12.0,6.3621844e-14
50,140,13.0,7.9210174e-08
50,140,14.0,1.6071871e-06
51,116,0.0,1.2900614e-11
51,116,1.0,3.391839e-13
51,116,2.0,1.2950581e-13
51,116,3.0,2.9248577e-07
51,116,4.0,7.941131e-08
51,116,5.0,1.1287996e-08
51,116,6.0,8.567792e-08
51,116,7.0,2.31787e-09
51,116,8.0,4.554281e-09
51,116,9.0,7.202386e-07
51,116,10.0,1.1036408e-07
51,116,11.0,1.8547732e-07
51,116,12.0,1.3384495e-07
51,116,13.0,2.3913797e-06
51,116,14.0,4.2789025e-06
51,117,0.0,0.0
51,117,1.0,1.0563246e-10
51,117,2.0,1.7574038e-09
51,117,3.0,6.676186e-07
51,117,4.0,1.7917268e-08
51,117,5.0,3.9642305e-13
51,117,6.0,0.0
51,117,7.0,0.0
51,117,8.0,1.1909143e-10
51,117,9.0,1.2614203e-09
51,117,10.0,1.892248e-08
51,117,11.0,1.3661652e-07
51,117,12.0,4.355071e-07
51,117,13.0,2.9409333e-07
51,117,14.0,1.3000877e-07
51,118,0.0,4.9249792e-08
51,118,1.0,0.0
51,118,2.0,0.0
51,118,3.0,7.976407e-09
51,118,4.0,1.7697553e-06
51,118,5.0,0.0
51,118,6.0,0.0
51,118,7.0,7.974798e-09
51,118,8.0,1.6321506e-09
51,118,9.0,5.948559e-08
51,118,10.0,2.2018695e-07
51,118,11.0,6.9444255e-08
51,118,12.0,6.224116e-08
51,118,13.0,0.0
51,118,14.0,0.0
51,119,0.0,0.0
51,119,1.0,0.0
51,119,2.0,0.0
51,119,3.0,0.0
51,119,4.0,0.0
51,119,5.0,0.0
51,119,6.0,0.0
51,119,7.0,0.0
51,119,8.0,0.0
51,119,9.0,1.6726382e-08
51,119,10.0,5.700318e-10
51,119,11.0,3.9153326e-07
51,119,12.0,3.798168e-07
51,119,13.0,1.4325535e-06
51,119,14.0,1.5382888e-07
51,120,0.0,0.0
51,120,1.0,0.0
51,120,2.0,0.0
51,120,3.0,3.498731e-08
51,120,4.0,5.5367417e-07
51,120,5.0,0.0
51,120,6.0,0.0
51,120,7.0,0.0
51,120,8.0,0.0
51,120,9.0,7.335613e-08
51,120,10.0,1.5541017e-06
51,120,11.0,2.0223397e-06
51,120,12.0,3.6618997e-06
51,120,13.0,1.6143665e-06
51,120,14.0,1.3332019e-07
51,121,0.0,0.0
51,121,1.0,0.0
51,121,2.0,5.8409784e-09
51,121,3.0,0.0
51,121,4.0,0.0
51,121,5.0,4.716234e-12
51,121,6.0,0.0
51,121,7.0,0.0
51,121,8.0,0.0
51,121,9.0,1.1949581e-08
51,121,10.0,3.154686e-07
51,121,11.0,9.341706e-06
51,121,12.0,2.217977e-05
51,121,13.0,8.515915e-06
51,121,14.0,2.2096663e-06
51,122,0.0,2.9817923e-07
51,122,1.0,2.1270489e-07
51,122,2.0,1.0992874e-07
51,122,3.0,1.3423966e-06
51,122,4.0,4.302582e-06
51,122,5.0,1.582321e-05
51,122,6.0,1.4347553e-05
51,122,7.0,3.628497e-05
51,122,8.0,8.47594e-05
51,122,9.0,8.0892525e-05
51,122,10.0,0.0002102917
51,122,11.0,0.00019934463
51,122,12.0,8.459466e-05
51,122,13.0,6.833338e-05
51,122,14.0,0.00014949654
51,123,0.0,5.711619e-06
51,123,1.0,1.1053831e-06
51,123,2.0,3.1504358e-05
51,123,3.0,3.1307267e-05
51,123,4.0,9.7673736e-05
51,123,5.0,0.0002378241
51,123,6.0,0.00017231562
51,123,7.0,0.00018389942
51,123,8.0,0.00024337076
51,123,9.0,0.00031766447
51,123,10.0,0.00048692268
51,123,11.0,0.0015240718
51,123,12.0,0.0014372143
51,123,13.0,0.0019683226
51,123,14.0,0.0022334359
51,124,0.0,6.5100826e-06
51,124,1.0,6.702869e-05
51,124,2.0,5.2832987e-05
51,124,3.0,0.000232438
51,124,4.0,0.0004321442
51,124,5.0,0.00093096605
51,124,6.0,0.0008487347
51,124,7.0,0.0009194288
51,124,8.0,0.001093438
51,124,9.0,0.0014328996
51,124,10.0,0.0023013356
51,124,11.0,0.002706605
51,124,12.0,0.0043148305
51,124,13.0,0.006276804
51,124,14.0,0.005263842
51,125,0.0,8.584554e-05
51,125,1.0,0.00018619066
51,125,2.0,0.00061325147
51,125,3.0,0.00086582
51,125,4.0,0.0017799905
51,125,5.0,0.0015417817
51,125,6.0,0.002548672
51,125,7.0,0.003054683
51,125,8.0,0.003173105
51,125,9.0,0.0042155883
51,125,10.0,0.006145079
51,125,11.0,0.0095812585
51,125,12.0,0.013677064
51,125,13.0,0.016615668
51,125,14.0,0.013362883
51,126,0.0,0.00025396663
51,126,1.0,0.00044896457
51,126,2.0,0.00076223514
51,126,3.0,0.0013980434
51,126,4.0,0.002653089
51,126,5.0,0.0038477415
51,126,6.0,0.0051466855
51,126,7.0,0.0061217193
51,126,8.0,0.0061836177
51,126,9.0,0.006377892
51,126,10.0,0.010348481
51,126,11.0,0.01503588
51,126,12.0,0.022347353
51,126,13.0,0.026344404
51,126,14.0,0.025063619
51,127,0.0,0.00090268196
51,127,1.0,0.002162264
51,127,2.0,0.0032304733
51,127,3.0,0.0049271607
51,127,4.0,0.0069192797
51,127,5.0,0.010126767
51,127,6.0,0.011578357
51,127,7.0,0.014070119
51,127,8.0,0.013361111
51,127,9.0,0.015436758
51,127,10.0,0.02245971
51,127,11.0,0.029773341
51,127,12.0,0.04345507
51,127,13.0,0.055247746
51,127,14.0,0.05049174
51,128,0.0,0.0036738575
51,128,1.0,0.0063314675
51,128,2.0,0.009685011
51,128,3.0,0.0134819895
51,128,4.0,0.014145825
51,128,5.0,0.019656131
51,128,6.0,0.024932997
51,128,7.0,0.0249094
51,128,8.0,0.022070507
51,128,9.0,0.03156151
51,128,10.0,0.039610967
51,128,11.0,0.058438703
51,128,12.0,0.08049276
51,128,13.0,0.06875447
51,128,14.0,0.07041942
51,129,0.0,0.017097078
51,129,1.0,0.035734426
51,129,2.0,0.04230816
51,129,3.0,0.048492156
51,129,4.0,0.06949975
51,129,5.0,0.10761347
51,129,6.0,0.11731509
51,129,7.0,0.109729156
51,129,8.0,0.10222986
51,129,9.0,0.094701335
51,129,10.0,0.1067707
51,129,11.0,0.12936442
51,129,12.0,0.16632323
51,129,13.0,0.17465134
51,129,14.0,0.1673617
51,130,0.0,0.072625265
51,130,1.0,0.13461801
51,130,2.0,0.1765181
51,130,3.0,0.19403903
51,130,4.0,0.21681589
51,130,5.0,0.24559171
51,130,6.0,0.2484974
51,130,7.0,0.25933066
51,130,8.0,0.24869347
51,130,9.0,0.23400655
51,130,10.0,0.2721298
51,130,11.0,0.30528343
51,130,12.0,0.31617206
51,130,13.0,0.33850804
51,130,14.0,0.31509387
51,131,0.0,0.23987918
51,131,1.0,0.3535077
51,131,2.0,0.3791836
51,131,3.0,0.4199114
51,131,4.0,0.47241023
51,131,5.0,0.455615
51,131,6.0,0.4152845
51,131,7.0,0.38488778
51,131,8.0,0.36791763
51,131,9.0,0.35550782
51,131,10.0,0.36462507
51,131,11.0,0.3982424
51,131,12.0,0.4134631
51,131,13.0,0.39583662
51,131,14.0,0.38505396
51,132,0.0,0.36259392
51,132,1.0,0.43555337
51,132,2.0,0.47411835
51,132,3.0,0.4497349
51,132,4.0,0.44026747
51,132,5.0,0.42545336
51,132,6.0,0.3742633
51,132,7.0,0.3616717
51,132,8.0,0.3499822
51,132,9.0,0.3580974
51,132,10.0,0.3646412
51,132,11.0,0.33803436
51,132,12.0,0.3324561
51,132,13.0,0.3214577
51,132,14.0,0.28513652
51,133,0.0,0.35200563
51,133,1.0,0.3274883
51,133,2.0,0.346741
51,133,3.0,0.32073736
51,133,4.0,0.27365184
51,133,5.0,0.23901835
51,133,6.0,0.19597746
51,133,7.0,0.20916076
51,133,8.0,0.16432023
51,133,9.0,0.17128134
51,133,10.0,0.16491593
51,133,11.0,0.15616232
51,133,12.0,0.13016589
51,133,13.0,0.13562758
51,133,14.0,0.11300417
51,134,0.0,0.09486437
51,134,1.0,0.1057068
51,134,2.0,0.10590584
51,134,3.0,0.09713053
51,134,4.0,0.086509876
51,134,5.0,0.06648337
51,134,6.0,0.053372048
51,134,7.0,0.055918444
51,134,8.0,0.055374216
51,134,9.0,0.05819398
51,134,10.0,0.053992193
51,134,11.0,0.052103583
51,134,12.0,0.04550702
51,134,13.0,0.030347755
51,134,14.0,0.028626468
51,135,0.0,0.018937008
51,135,1.0,0.021772664
51,135,2.0,0.0241298
51,135,3.0,0.019031126
51,135,4.0,0.012997183
51,135,5.0,0.011615248
51,135,6.0,0.010467884
51,135,7.0,0.0089990115
51,135,8.0,0.0074237827
51,135,9.0,0.008654919
51,135,10.0,0.0075643556
51,135,11.0,0.006416471
51,135,12.0,0.006555756
51,135,13.0,0.006044975
51,135,14.0,0.00703678
51,136,0.0,0.001945856
51,136,1.0,0.0021866378
51,136,2.0,0.0029321956
51,136,3.0,0.0020800822
51,136,4.0,0.0016956853
51,136,5.0,0.0012682101
51,136,6.0,0.00086392404
51,136,7.0,0.00044990933
51,136,8.0,0.00043702527
51,136,9.0,0.00075611245
51,136,10.0,0.00039107123
51,136,11.0,0.00031454675
51,136,12.0,0.00038378022
51,136,13.0,0.00030306695
51,136,14.0,0.00024871778
51,137,0.0,0.00014869169
51,137,1.0,7.627704e-05
51,137,2.0,0.00011349748
51,137,3.0,0.00014443026
51,137,4.0,0.00011224495
51,137,5.0,0.00012516142
51,137,6.0,9.195078e-05
51,137,7.0,3.762402e-05
51,137,8.0,2.5150946e-05
51,137,9.0,2.8892984e-05
51,137,10.0,1.0559741e-05
51,137,11.0,1.8544926e-05
51,137,12.0,2.2804012e-05
51,137,13.0,2.9903167e-05
51,137,14.0,2.108843e-05
51,138,0.0,2.707769e-06
51,138,1.0,2.2749826e-10
51,138,2.0,4.6622193e-07
51,138,3.0,1.4892286e-06
51,138,4.0,2.373315e-06
51,138,5.0,3.968291e-06
51,138,6.0,6.640125e-06
51,138,7.0,7.5580097e-06
51,138,8.0,1.7592514e-06
51,138,9.0,3.9121464e-06
51,138,10.0,3.0246608e-06
51,138,11.0,3.0186604e-06
51,138,12.0,7.522227e-07
51,138,13.0,1.4140344e-06
51,138,14.0,1.1654519e-06
51,139,0.0,2.0645112e-09
51,139,1.0,1.1368889e-11
51,139,2.0,9.108576e-10
51,139,3.0,0.0
51,139,4.0,1.1451805e-08
51,139,5.0,7.8239015e-07
51,139,6.0,1.5325961e-06
51,139,7.0,2.5443828e-07
51,139,8.0,3.7142635e-07
51,139,9.0,4.756058e-07
51,139,10.0,1.9319465e-07
51,139,11.0,1.6399885e-07
51,139,12.0,4.9977766e-16
51,139,13.0,3.435127e-10
51,139,14.0,2.1718762e-07
51,140,0.0,1.3555721e-08
51,140,1.0,1.5932294e-09
51,140,2.0,2.1077321e-08
51,140,3.0,3.9103558e-08
51,140,4.0,9.398319e-09
51,140,5.0,0.0
51,140,6.0,0.0
51,140,7.0,1.1715655e-10
51,140,8.0,2.578644e-13
51,140,9.0,0.0
51,140,10.0,2.5385039e-09
51,140,11.0,8.867953e-09
51,140,12.0,0.0
51,140,13.0,3.0025316e-10
51,140,14.0,0.0
51,141,0.0,5.919182e-07
51,141,1.0,5.9277596e-07
51,141,2.0,1.5429795e-07
51,141,3.0,4.201491e-07
51,141,4.0,7.0486195e-09
51,141,5.0,1.2834873e-10
51,141,6.0,0.0
51,141,7.0,2.0151066e-07
51,141,8.0,5.568697e-13
51,141,9.0,0.0
51,141,10.0,1.0286624e-07
51,141,11.0,9.0004455e-08
51,141,12.0,1.238639e-07
51,141,13.0,1.01021804e-07
51,141,14.0,3.3778274e-08
51,142,0.0,1.9146247e-09
51,142,1.0,3.9410546e-13
51,142,2.0,3.3962067e-07
51,142,3.0,3.556931e-07
51,142,4.0,1.295089e-08
51,142,5.0,1.456313e-08
51,142,6.0,2.074956e-08
51,142,7.0,1.0956717e-08
51,142,8.0,5.160918e-07
51,142,9.0,2.6227733e-08
51,142,10.0,1.3901613e-06
51,142,11.0,7.0500863e-07
51,142,12.0,1.4528894e-06
51,142,13.0,5.747807e-07
51,142,14.0,6.6379435e-08
51,143,0.0,3.456443e-08
51,143,1.0,8.762386e-11
51,143,2.0,1.9455048e-07
51,143,3.0,4.151531e-08
51,143,4.0,8.11975e-07
51,143,5.0,5.2470006e-07
51,143,6.0,1.5148529e-06
51,143,7.0,1.7938821e-06
51,143,8.0,3.1828668e-07
51,143,9.0,2.1600647e-06
51,143,10.0,5.3791433e-07
51,143,11.0,1.7567478e-06
51,143,12.0,1.5570159e-06
51,143,13.0,2.322989e-06
51,143,14.0,1.3988252e-06
52,119,0.0,1.4809042e-07
52,119,1.0,3.7991165e-07
52,119,2.0,5.94949e-09
52,119,3.0,4.050261e-08
52,119,4.0,1.4774279e-10
52,119,5.0,3.6233094e-10
52,119,6.0,2.6234945e-09
52,119,7.0,3.959528e-09
52,119,8.0,4.6691557e-09
52,119,9.0,1.1077392e-07
52,119,10.0,4.8215725e-07
52,119,11.0,6.845566e-08
52,119,12.0,4.1516003e-08
52,119,13.0,3.0688363e-09
52,119,14.0,8.665154e-08
52,120,0.0,3.2436984e-09
52,120,1.0,0.0
52,120,2.0,1.1773578e-08
52,120,3.0,1.756601e-07
52,120,4.0,6.9451323e-07
52,120,5.0,2.0207356e-06
52,120,6.0,1.3461322e-07
52,120,7.0,9.4513933e-07
52,120,8.0,1.7483305e-07
52,120,9.0,2.7523479e-08
52,120,10.0,8.107712e-08
52,120,11.0,6.11024e-08
52,120,12.0,1.5802779e-07
52,120,13.0,1.4374654e-09
52,120,14.0,0.0
52,121,0.0,0.0
52,121,1.0,1.0340342e-07
52,121,2.0,7.4907645e-09
52,121,3.0,3.072823e-08
52,121,4.0,8.5107175e-09
52,121,5.0,8.119662e-10
52,121,6.0,5.269648e-08
52,121,7.0,2.1169207e-14
52,121,8.0,7.6043744e-10
52,121,9.0,7.043115e-08
52,121,10.0,7.9742286e-08
52,121,11.0,6.006554e-10
52,121,12.0,4.5507256e-10
52,121,13.0,2.3880635e-09
52,121,14.0,3.7494097e-08
52,122,0.0,0.0
52,122,1.0,0.0
52,122,2.0,0.0
52,122,3.0,0.0
52,122,4.0,0.0
52,122,5.0,6.8575306e-12
52,122,6.0,0.0
52,122,7.0,0.0
52,122,8.0,5.588935e-09
52,122,9.0,0.0
52,122,10.0,0.0
52,122,11.0,0.0
52,122,12.0,0.0
52,122,13.0,1.7673271e-10
52,122,14.0,8.3756894e-17
52,123,0.0,0.0
52,123,1.0,6.5045316e-09
52,123,2.0,3.119764e-08
52,123,3.0,1.1509475e-07
52,123,4.0,0.0
52,123,5.0,0.0
52,123,6.0,0.0
52,123,7.0,0.0
52,123,8.0,4.2897005e-11
52,123,9.0,4.4063656e-11
52,123,10.0,7.1458666e-09
52,123,11.0,3.664223e-08
52,123,12.0,1.6493887e-08
52,123,13.0,1.0943587e-07
52,123,14.0,6.490525e-07
52,124,0.0,5.0554454e-09
52,124,1.0,1.1655195e-07
52,124,2.0,2.0353775e-05
52,124,3.0,6.106669e-07
52,124,4.0,1.0296076e-07
52,124,5.0,2.8133366e-07
52,124,6.0,4.0355883e-07
52,124,7.0,4.076828e-06
52,124,8.0,1.2822089e-05
52,124,9.0,2.556547e-05
52,124,10.0,3.0125942e-05
52,124,11.0,3.5689194e-05
52,124,12.0,0.00010168397
52,124,13.0,0.00024875
52,124,14.0,8.739684e-05
52,125,0.0,0.0
52,125,1.0,4.1680298e-07
52,125,2.0,2.1013908e-07
52,125,3.0,3.0019685e-06
52,125,4.0,5.5499163e-07
52,125,5.0,1.1900036e-06
52,125,6.0,2.1710415e-05
52,125,7.0,3.786791e-05
52,125,8.0,3.290416e-05
52,125,9.0,0.000112743015
52,125,10.0,0.000160264
52,125,11.0,0.00025817967
52,125,12.0,0.0002638407
52,125,13.0,0.00044805947
52,125,14.0,0.0002649662
52,126,0.0,4.142805e-06
52,126,1.0,3.2345033e-05
52,126,2.0,5.9230944e-05
52,126,3.0,8.093235e-05
52,126,4.0,0.000159398
52,126,5.0,0.00032869886
52,126,6.0,0.0005741536
52,126,7.0,0.000725427
52,126,8.0,0.00081494614
52,126,9.0,0.0010857373
52,126,10.0,0.0012852205
52,126,11.0,0.002637211
52,126,12.0,0.0035820429
52,126,13.0,0.003815163
52,126,14.0,0.0042538685
52,127,0.0,3.4395776e-05
52,127,1.0,7.472668e-05
52,127,2.0,0.00016797365
52,127,3.0,0.00021943115
52,127,4.0,0.0004940962
52,127,5.0,0.00048630656
52,127,6.0,0.00094938744
52,127,7.0,0.0011459655
52,127,8.0,0.0012654437
52,127,9.0,0.0013842263
52,127,10.0,0.0029274435
52,127,11.0,0.0048769093
52,127,12.0,0.005710746
52,127,13.0,0.0065792836
52,127,14.0,0.0075335205
52,128,0.0,0.00012456001
52,128,1.0,0.00049540534
52,128,2.0,0.0010926655
52,128,3.0,0.0014797378
52,128,4.0,0.0023113422
52,128,5.0,0.0033872516
52,128,6.0,0.0054027396
52,128,7.0,0.0054321974
52,128,8.0,0.005972701
52,128,9.0,0.008587512
52,128,10.0,0.012981542
52,128,11.0,0.016352853
52,128,12.0,0.023309052
52,128,13.0,0.024380594
52,128,14.0,0.021838102
52,129,0.0,0.0006945598
52,129,1.0,0.0012313632
52,129,2.0,0.0020996071
52,129,3.0,0.0028411502
52,129,4.0,0.006713604
52,129,5.0,0.007013283
52,129,6.0,0.00718428
52,129,7.0,0.0106146615
52,129,8.0,0.009629282
52,129,9.0,0.009789217
52,129,10.0,0.020640567
52,129,11.0,0.0251244
52,129,12.0,0.025499662
52,129,13.0,0.03776504
52,129,14.0,0.040671308
52,130,0.0,0.0070781256
52,130,1.0,0.021105105
52,130,2.0,0.020561185
52,130,3.0,0.0206703
52,130,4.0,0.028895415
52,130,5.0,0.03629249
52,130,6.0,0.042647764
52,130,7.0,0.044153124
52,130,8.0,0.045464482
52,130,9.0,0.04597407
52,130,10.0,0.052122593
52,130,11.0,0.07839116
52,130,12.0,0.07951355
52,130,13.0,0.08589749
52,130,14.0,0.07322869
52,131,0.0,0.050763916
52,131,1.0,0.06355687
52,131,2.0,0.067740604
52,131,3.0,0.092431806
52,131,4.0,0.09951438
52,131,5.0,0.10428445
52,131,6.0,0.1171302
52,131,7.0,0.13542756
52,131,8.0,0.14096889
52,131,9.0,0.16180858
52,131,10.0,0.19227086
52,131,11.0,0.21093479
52,131,12.0,0.2241581
52,131,13.0,0.22129284
52,131,14.0,0.21568482
52,132,0.0,0.21802792
52,132,1.0,0.26193368
52,132,2.0,0.27393818
52,132,3.0,0.30144405
52,132,4.0,0.31186643
52,132,5.0,0.31700656
52,132,6.0,0.35451305
52,132,7.0,0.3498528
52,132,8.0,0.37150237
52,132,9.0,0.3808936
52,132,10.0,0.39936447
52,132,11.0,0.3788572
52,132,12.0,0.39087033
52,132,13.0,0.42896026
52,132,14.0,0.44786727
52,133,0.0,0.5054233
52,133,1.0,0.5395708
52,133,2.0,0.55689615
52,133,3.0,0.55592936
52,133,4.0,0.558883
52,133,5.0,0.58952475
52,133,6.0,0.58006376
52,133,7.0,0.60146797
52,133,8.0,0.65364194
52,133,9.0,0.6519734
52,133,10.0,0.6610199
52,133,11.0,0.59159184
52,133,12.0,0.5602383
52,133,13.0,0.5482871
52,133,14.0,0.5582801
52,134,0.0,0.9309227
52,134,1.0,0.90063393
52,134,2.0,0.84634525
52,134,3.0,0.8231205
52,134,4.0,0.7002259
52,134,5.0,0.7877227
52,134,6.0,0.6855102
52,134,7.0,0.5957078
52,134,8.0,0.6479976
52,134,9.0,0.6120689
52,134,10.0,0.58947915
52,134,11.0,0.54529446
52,134,12.0,0.49951807
52,134,13.0,0.5461001
52,134,14.0,0.49520913
52,135,0.0,0.4906893
52,135,1.0,0.51094925
52,135,2.0,0.46523693
52,135,3.0,0.37279764
52,135,4.0,0.34256557
52,135,5.0,0.30084914
52,135,6.0,0.29345405
52,135,7.0,0.27747273
52,135,8.0,0.29964364
52,135,9.0,0.2849516
52,135,10.0,0.24427362
52,135,11.0,0.23658551
52,135,12.0,0.21075526
52,135,13.0,0.20035373
52,135,14.0,0.18752596
52,136,0.0,0.23072079
52,136,1.0,0.22101243
52,136,2.0,0.18459865
52,136,3.0,0.15035875
52,136,4.0,0.122058764
52,136,5.0,0.095645405
52,136,6.0,0.08334373
52,136,7.0,0.0934527
52,136,8.0,0.083594196
52,136,9.0,0.07960537
52,136,10.0,0.070623375
52,136,11.0,0.060392316
52,136,12.0,0.04377354
52,136,13.0,0.046169717
52,136,14.0,0.048837144
52,137,0.0,0.055660084
52,137,1.0,0.04400922
52,137,2.0,0.039287493
52,137,3.0,0.028301138
52,137,4.0,0.022124093
52,137,5.0,0.01909675
52,137,6.0,0.018000929
52,137,7.0,0.015287619
52,137,8.0,0.017936666
52,137,9.0,0.014787195
52,137,10.0,0.012232658
52,137,11.0,0.010553791
52,137,12.0,0.008895538
52,137,13.0,0.006092819
52,137,14.0,0.006274149
52,138,0.0,0.011497739
52,138,1.0,0.008197175
52,138,2.0,0.0049037496
52,138,3.0,0.0038521423
52,138,4.0,0.004374918
52,138,5.0,0.0027945547
52,138,6.0,0.0030715493
52,138,7.0,0.003466134
52,138,8.0,0.0023259418
52,138,9.0,0.002269931
52,138,10.0,0.0026943092
52,138,11.0,0.0025339823
52,138,12.0,0.0019405094
52,138,13.0,0.0015530691
52,138,14.0,0.0019865239
52,139,0.0,0.0014091142
52,139,1.0,0.0011197374
52,139,2.0,0.0007159445
52,139,3.0,0.0003617953
52,139,4.0,0.00047472297
52,139,5.0,0.00051779073
52,139,6.0,0.00036046072
52,139,7.0,0.00031873005
52,139,8.0,0.00027606462
52,139,9.0,0.00017109014
52,139,10.0,0.00014839575
52,139,11.0,0.00019462805
52,139,12.0,0.00020649015
52,139,13.0,0.00010255527
52,139,14.0,9.116004e-05
52,140,0.0,4.0101473e-05
52,140,1.0,4.066872e-05
52,140,2.0,5.7338206e-05
52,140,3.0,5.553194e-05
52,140,4.0,7.811019e-05
52,140,5.0,3.8599963e-05
52,140,6.0,9.96156e-05
52,140,7.0,0.000118094315
52,140,8.0,9.774356e-05
52,140,9.0,5.691076e-05
52,140,10.0,2.3727984e-05
52,140,11.0,5.308776e-05
52,140,12.0,1.14449285e-05
52,140,13.0,1.3698133e-05
52,140,14.0,3.288806e-05
52,141,0.0,8.914451e-09
52,141,1.0,1.03587084e-07
52,141,2.0,0.0
52,141,3.0,0.0
52,141,4.0,0.0
52,141,5.0,0.0
52,141,6.0,0.0
52,141,7.0,8.2981e-09
52,141,8.0,8.249907e-09
52,141,9.0,0.0
52,141,10.0,0.0
52,141,11.0,1.216342e-10
52,141,12.0,3.1388003e-11
52,141,13.0,6.4129246e-10
52,141,14.0,2.858468e-08
52,142,0.0,0.0
52,142,1.0,0.0
52,142,2.0,0.0
52,142,3.0,0.0
52,142,4.0,2.6885015e-11
52,142,5.0,0.0
52,142,6.0,1.1375525e-09
52,142,7.0,6.6341854e-10
52,142,8.0,1.3574559e-09
52,142,9.0,0.0
52,142,10.0,1.7161764e-10
52,142,11.0,5.4422986e-09
52,142,12.0,8.278064e-08
52,142,13.0,2.3959223e-07
52,142,14.0,4.7933957e-10
52,143,0.0,0.0
52,143,1.0,5.0483107e-10
52,143,2.0,3.506794e-11
52,143,3.0,0.0
52,143,4.0,0.0
52,143,5.0,1.0657646e-08
52,143,6.0,8.073057e-12
52,143,7.0,3.283642e-09
52,143,8.0,1.7351903e-10
52,143,9.0,6.5718375e-11
52,143,10.0,0.0
52,143,11.0,1.7373e-14
52,143,12.0,3.6699515e-09
52,143,13.0,4.2588927e-12
52,143,14.0,3.6139133e-10
52,144,0.0,5.0134947e-08
52,144,1.0,4.7080615e-09
52,144,2.0,1.704562e-10
52,144,3.0,4.971133e-12
52,144,4.0,9.173327e-08
52,144,5.0,1.1289819e-06
52,144,6.0,1.5059726e-06
52,144,7.0,1.8838263e-07
52,144,8.0,2.7059712e-06
52,144,9.0,4.889922e-07
52,144,10.0,1.3050573e-07
52,144,11.0,2.38574e-07
52,144,12.0,5.4292318e-08
52,144,13.0,1.0563958e-07
52,144,14.0,4.5511097e-17
52,145,0.0,0.0
52,145,1.0,2.4766269e-08
52,145,2.0,8.229185e-09
52,145,3.0,1.05976286e-08
52,145,4.0,1.04748965e-08
52,145,5.0,7.3913505e-08
52,145,6.0,1.0350657e-07
52,145,7.0,9.1743956e-08
52,145,8.0,4.524801e-08
52,145,9.0,8.113108e-09
52,145,10.0,7.875868e-13
52,145,11.0,8.861418e-09
52,145,12.0,4.9777085e-09
52,145,13.0,1.05628534e-10
52,145,14.0,3.0277504e-15
53,122,0.0,0.0
53,122,1.0,1.5511814e-11
53,122,2.0,7.423635e-07
53,122,3.0,1.03065106e-13
53,122,4.0,0.0
53,122,5.0,1.24111225e-11
53,122,6.0,9.851502e-10
53,122,7.0,3.8148187e-09
53,122,8.0,3.2270558e-10
53,122,9.0,5.083071e-08
53,122,10.0,1.3224471e-07
53,122,11.0,6.2848414e-08
53,122,12.0,6.387099e-08
53,122,13.0,3.5741164e-07
53,122,14.0,2.1828949e-07
53,123,0.0,9.781946e-17
53,123,1.0,0.0
53,123,2.0,8.537368e-09
53,123,3.0,1.3380074e-07
53,123,4.0,1.1601791e-08
53,123,5.0,1.161699e-08
53,123,6.0,2.1603505e-12
53,123,7.0,1.6285465e-08
53,123,8.0,0.0
53,123,9.0,3.3546127e-10
53,123,10.0,9.7219335e-09
53,123,11.0,1.6196969e-08
53,123,12.0,1.537724e-07
53,123,13.0,1.6717513e-07
53,123,14.0,1.415903e-07
53,124,0.0,0.0
53,124,1.0,2.457808e-07
53,124,2.0,9.659751e-07
53,124,3.0,3.2245269e-09
53,124,4.0,8.225527e-10
53,124,5.0,7.3223416e-10
53,124,6.0,2.507782e-10
53,124,7.0,7.5116735e-16
53,124,8.0,0.0
53,124,9.0,0.0
53,124,10.0,2.0246164e-06
53,124,11.0,5.0580593e-07
53,124,12.0,8.809458e-08
53,124,13.0,2.3915845e-08
53,124,14.0,3.1365335e-10
53,125,0.0,0.0
53,125,1.0,2.1284736e-08
53,125,2.0,1.5735756e-08
53,125,3.0,5.4410286e-08
53,125,4.0,2.1748956e-08
53,125,5.0,0.0
53,125,6.0,0.0
53,125,7.0,0.0
53,125,8.0,2.2148599e-09
53,125,9.0,0.0
53,125,10.0,0.0
53,125,11.0,1.0704113e-08
53,125,12.0,2.492014e-11
53,125,13.0,0.0
53,125,14.0,0.0
53,126,0.0,0.0
53,126,1.0,7.111237e-08
53,126,2.0,0.0
53,126,3.0,0.0
53,126,4.0,1.8887691e-08
53,126,5.0,0.0
53,126,6.0,8.6822055e-08
53,126,7.0,0.0
53,126,8.0,0.0
53,126,9.0,0.0
53,126,10.0,0.0
53,126,11.0,5.7212074e-10
53,126,12.0,4.7302566e-09
53,126,13.0,6.5400053e-07
53,126,14.0,4.7585843e-07
53,127,0.0,0.0
53,127,1.0,0.0
53,127,2.0,1.5161403e-07
53,127,3.0,1.126621e-08
53,127,4.0,2.730007e-07
53,127,5.0,7.927999e-08
53,127,6.0,2.6084301e-08
53,127,7.0,1.0301025e-05
53,127,8.0,4.195815e-06
53,127,9.0,1.7022197e-05
53,127,10.0,2.5196532e-05
53,127,11.0,4.8242822e-05
53,127,12.0,8.436477e-05
53,127,13.0,0.00010631836
53,127,14.0,9.238958e-05
53,128,0.0,5.691034e-12
53,128,1.0,1.9316133e-08
53,128,2.0,4.71509e-12
53,128,3.0,0.0
53,128,4.0,7.538583e-09
53,128,5.0,1.5894346e-05
53,128,6.0,2.1740461e-05
53,128,7.0,4.839305e-05
53,128,8.0,4.0858406e-05
53,128,9.0,2.313908e-05
53,128,10.0,5.1452258e-05
53,128,11.0,9.6189935e-05
53,128,12.0,0.00037946377
53,128,13.0,0.0005621524
53,128,14.0,0.00065446174
53,129,0.0,1.0549157e-07
53,129,1.0,9.129362e-07
53,129,2.0,4.940593e-05
53,129,3.0,4.617317e-05
53,129,4.0,0.00021384726
53,129,5.0,0.00027408113
53,129,6.0,0.00028109286
53,129,7.0,0.0005607862
53,129,8.0,0.0007983085
53,129,9.0,0.0005566261
53,129,10.0,0.00090904563
53,129,11.0,0.0019531988
53,129,12.0,0.003115425
53,129,13.0,0.0031817926
53,129,14.0,0.0033834998
53,130,0.0,9.433594e-06
53,130,1.0,5.5857574e-05
53,130,2.0,0.00011845686
53,130,3.0,0.00034296382
53,130,4.0,0.0003908407
53,130,5.0,0.00078873057
53,130,6.0,0.0011487055
53,130,7.0,0.0027098947
53,130,8.0,0.0026170423
53,130,9.0,0.0018329873
53,130,10.0,0.0025445982
53,130,11.0,0.00470786
53,130,12.0,0.0071521844
53,130,13.0,0.0086513115
53,130,14.0,0.007435771
53,131,0.0,0.000376855
53,131,1.0,0.0010004335
53,131,2.0,0.001647397
53,131,3.0,0.0024651035
53,131,4.0,0.0034038187
53,131,5.0,0.0046573845
53,131,6.0,0.0066290796
53,131,7.0,0.009837238
53,131,8.0,0.008547705
53,131,9.0,0.010118215
53,131,10.0,0.012912763
53,131,11.0,0.016295673
53,131,12.0,0.026735896
53,131,13.0,0.023210382
53,131,14.0,0.023877643
53,132,0.0,0.0057621365
53,132,1.0,0.009011692
53,132,2.0,0.00921481
53,132,3.0,0.014164699
53,132,4.0,0.01917345
53,132,5.0,0.019655805
53,132,6.0,0.022507206
53,132,7.0,0.036782935
53,132,8.0,0.027863225
53,132,9.0,0.031008016
53,132,10.0,0.03833141
53,132,11.0,0.053016845
53,132,12.0,0.05586232
53,132,13.0,0.06443502
53,132,14.0,0.07422235
53,133,0.0,0.03524238
53,133,1.0,0.07591394
53,133,2.0,0.07909081
53,133,3.0,0.092518
53,133,4.0,0.118980795
53,133,5.0,0.13998389
53,133,6.0,0.15611424
53,133,7.0,0.15036997
53,133,8.0,0.13081013
53,133,9.0,0.15431063
53,133,10.0,0.16010274
53,133,11.0,0.21874623
53,133,12.0,0.23091602
53,133,13.0,0.22727278
53,133,14.0,0.22655123
53,134,0.0,0.1454319
53,134,1.0,0.24409539
53,134,2.0,0.22921456
53,134,3.0,0.25837234
53,134,4.0,0.27855113
53,134,5.0,0.30561727
53,134,6.0,0.33376044
53,134,7.0,0.40365452
53,134,8.0,0.34495288
53,134,9.0,0.36302972
53,134,10.0,0.39506477
53,134,11.0,0.4153578
53,134,12.0,0.4307875
53,134,13.0,0.4460583
53,134,14.0,0.4063933
53,135,0.0,0.3857364
53,135,1.0,0.52214396
53,135,2.0,0.6563861
53,135,3.0,0.6823809
53,135,4.0,0.7125494
53,135,5.0,0.69851375
53,135,6.0,0.6606628
53,135,7.0,0.66303015
53,135,8.0,0.6171851
53,135,9.0,0.63032407
53,135,10.0,0.6676614
53,135,11.0,0.68361545
53,135,12.0,0.6360876
53,135,13.0,0.61777073
53,135,14.0,0.5594673
53,136,0.0,0.38034898
53,136,1.0,0.5689593
53,136,2.0,0.5754503
53,136,3.0,0.5878195
53,136,4.0,0.58602256
53,136,5.0,0.56386566
53,136,6.0,0.5123359
53,136,7.0,0.46059746
53,136,8.0,0.44887552
53,136,9.0,0.45614412
53,136,10.0,0.44032314
53,136,11.0,0.41480544
53,136,12.0,0.3995746
53,136,13.0,0.3891508
53,136,14.0,0.36733893
53,137,0.0,0.36076567
53,137,1.0,0.35264093
53,137,2.0,0.42878285
53,137,3.0,0.40524045
53,137,4.0,0.3481257
53,137,5.0,0.3064244
53,137,6.0,0.28920582
53,137,7.0,0.2434294
53,137,8.0,0.22112642
53,137,9.0,0.24000628
53,137,10.0,0.21937735
53,137,11.0,0.18328005
53,137,12.0,0.16922887
53,137,13.0,0.16725574
53,137,14.0,0.15047185
53,138,0.0,0.19320227
53,138,1.0,0.16003752
53,138,2.0,0.14243945
53,138,3.0,0.15908878
53,138,4.0,0.12220116
53,138,5.0,0.10683676
53,138,6.0,0.08994659
53,138,7.0,0.104729995
53,138,8.0,0.092173405
53,138,9.0,0.11465497
53,138,10.0,0.090551
53,138,11.0,0.08338797
53,138,12.0,0.0713394
53,138,13.0,0.07601568
53,138,14.0,0.07309433
53,139,0.0,0.07542721
53,139,1.0,0.061441533
53,139,2.0,0.07282968
53,139,3.0,0.075091414
53,139,4.0,0.060804415
53,139,5.0,0.05302247
53,139,6.0,0.044283096
53,139,7.0,0.034486517
53,139,8.0,0.035412382
53,139,9.0,0.034761697
53,139,10.0,0.036021993
53,139,11.0,0.026340405
53,139,12.0,0.02172873
53,139,13.0,0.021855032
53,139,14.0,0.023212615
53,140,0.0,0.031120446
53,140,1.0,0.020087544
53,140,2.0,0.024298014
53,140,3.0,0.018076574
53,140,4.0,0.010989825
53,140,5.0,0.005697618
53,140,6.0,0.005491128
53,140,7.0,0.0069543743
53,140,8.0,0.0060027
53,140,9.0,0.0056933863
53,140,10.0,0.0051954677
53,140,11.0,0.0045372657
53,140,12.0,0.003590187
53,140,13.0,0.003254643
53,140,14.0,0.0034165375
53,141,0.0,0.0033583622
53,141,1.0,0.0020572657
53,141,2.0,0.002155907
53,141,3.0,0.0016400958
53,141,4.0,0.0013796823
53,141,5.0,0.0011860601
53,141,6.0,0.00081745716
53,141,7.0,0.0005967974
53,141,8.0,0.0006622249
53,141,9.0,0.00091871334
53,141,10.0,0.0010463577
53,141,11.0,0.0007543311
53,141,12.0,0.00035514918
53,141,13.0,0.0004098824
53,141,14.0,0.00035506577
53,142,0.0,0.00026011904
53,142,1.0,0.00010946578
53,142,2.0,0.00019135831
53,142,3.0,0.000268154
53,142,4.0,0.00017699364
53,142,5.0,0.00011845131
53,142,6.0,0.00011576771
53,142,7.0,6.034047e-05
53,142,8.0,7.462642e-05
53,142,9.0,8.2202954e-05
53,142,10.0,4.272456e-05
53,142,11.0,2.8099728e-05
53,142,12.0,2.3773611e-05
53,142,13.0,1.8303792e-05
53,142,14.0,2.5694615e-05
53,143,0.0,2.5049743e-05
53,143,1.0,3.072293e-05
53,143,2.0,1.7710705e-05
53,143,3.0,1.2739605e-05
53,143,4.0,3.3324577e-05
53,143,5.0,2.8062803e-05
53,143,6.0,2.1621283e-05
53,143,7.0,1.2478738e-05
53,143,8.0,1.01616815e-05
53,143,9.0,1.2092102e-05
53,143,10.0,1.0334207e-05
53,143,11.0,1.7658316e-05
53,143,12.0,7.998073e-06
53,143,13.0,4.76917e-06
53,143,14.0,7.897406e-06
53,144,0.0,0.0
53,144,1.0,1.7841123e-07
53,144,2.0,1.3484375e-07
53,144,3.0,6.4523405e-08
53,144,4.0,1.0264046e-07
53,144,5.0,3.331142e-08
53,144,6.0,1.1096407e-08
53,144,7.0,5.6260916e-09
53,144,8.0,6.54346e-07
53,144,9.0,1.0520925e-07
53,144,10.0,6.7969415e-07
53,144,11.0,1.0179683e-06
53,144,12.0,1.3454551e-06
53,144,13.0,5.4476565e-08
53,144,14.0,4.356425e-07
53,145,0.0,1.8575241e-08
53,145,1.0,1.8789237e-09
53,145,2.0,7.924902e-08
53,145,3.0,7.214004e-08
53,145,4.0,1.6584661e-07
53,145,5.0,3.9600997e-07
53,145,6.0,9.400365e-07
53,145,7.0,2.9180499e-06
53,145,8.0,1.4178551e-08
53,145,9.0,2.4272776e-07
53,145,10.0,1.6339574e-09
53,145,11.0,2.264296e-07
53,145,12.0,3.714443e-07
53,145,13.0,8.7658336e-08
53,145,14.0,4.0168405e-08
53,146,0.0,1.08381016e-07
53,146,1.0,2.2982974e-08
53,146,2.0,1.260713e-07
53,146,3.0,4.6598157e-06
53,146,4.0,2.708218e-07
53,146,5.0,6.245439e-07
53,146,6.0,4.8423277e-07
53,146,7.0,4.7642672e-07
53,146,8.0,3.3051485e-11
53,146,9.0,7.343054e-08
53,146,10.0,9.88662e-08
53,146,11.0,2.1657511e-08
53,146,12.0,6.1131817e-07
53,146,13.0,0.0
53,146,14.0,1.3986798e-09
53,147,0.0,2.589722e-07
53,147,1.0,1.1305892e-08
53,147,2.0,3.4014255e-07
53,147,3.0,3.2697848e-08
53,147,4.0,6.135993e-08
53,147,5.0,1.466676e-08
53,147,6.0,2.0312022e-08
53,147,7.0,8.992906e-09
53,147,8.0,8.434082e-08
53,147,9.0,5.6215157e-08
53,147,10.0,4.9642324e-07
53,147,11.0,6.1964e-08
53,147,12.0,2.2617135e-08
53,147,13.0,4.675924e-08
53,147,14.0,1.0277608e-06
53,148,0.0,2.7003438e-07
53,148,1.0,1.2088374e-07
53,148,2.0,9.300858e-07
53,148,3.0,2.623535e-08
53,148,4.0,8.529535e-09
53,148,5.0,5.741229e-08
53,148,6.0,3.1570358e-12
53,148,7.0,2.6166842e-09
53,148,8.0,0.0
53,148,9.0,4.1223427e-07
53,148,10.0,5.049157e-07
53,148,11.0,1.2290932e-08
53,148,12.0,3.6328504e-07
53,148,13.0,8.6098375e-08
53,148,14.0,8.372832e-08
54,125,0.0,3.3437697e-08
54,125,1.0,1.2451181e-08
54,125,2.0,7.5689e-08
54,125,3.0,2.695604e-08
54,125,4.0,5.8534675e-07
54,125,5.0,6.551116e-07
54,125,6.0,1.0874352e-12
54,125,7.0,3.0389633e-09
54,125,8.0,2.4883443e-08
54,125,9.0,1.2438611e-10
54,125,10.0,1.5706813e-07
54,125,11.0,3.757221e-08
54,125,12.0,3.8231175e-08
54,125,13.0,1.7743119e-07
54,125,14.0,5.2998967e-08
54,126,0.0,0.0
54,126,1.0,2.298466e-14
54,126,2.0,5.1015792e-08
54,126,3.0,4.870622e-08
54,126,4.0,1.6131347e-08
54,126,5.0,2.9201588e-10
54,126,6.0,9.2915425e-11
54,126,7.0,1.5541821e-09
54,126,8.0,1.4808193e-08
54,126,9.0,1.5620165e-09
54,126,10.0,8.535779e-08
54,126,11.0,8.678093e-09
54,126,12.0,2.8830321e-10
54,126,13.0,1.5661434e-11
54,126,14.0,6.7240618e-09
54,127,0.0,0.0
54,127,1.0,0.0
54,127,2.0,0.0
54,127,3.0,0.0
54,127,4.0,0.0
54,127,5.0,6.000041e-09
54,127,6.0,5.429469e-09
54,127,7.0,0.0
54,127,8.0,0.0
54,127,9.0,2.9406925e-11
54,127,10.0,2.244157e-11
54,127,11.0,1.0478477e-08
54,127,12.0,3.1888135e-07
54,127,13.0,1.2825555e-07
54,127,14.0,0.0
54,128,0.0,0.0
54,128,1.0,7.2843562e-09
54,128,2.0,0.0
54,128,3.0,0.0
54,128,4.0,0.0
54,128,5.0,0.0
54,128,6.0,0.0
54,128,7.0,0.0
54,128,8.0,0.0
54,128,9.0,0.0
54,128,10.0,0.0
54,128,11.0,1.626863e-08
54,128,12.0,1.8048918e-09
54,128,13.0,2.3689283e-06
54,128,14.0,2.8538223e-06
54,129,0.0,5.515645e-12
54,129,1.0,2.569571e-10
54,129,2.0,4.9123328e-09
54,129,3.0,8.791307e-08
54,129,4.0,3.9646935e-07
54,129,5.0,2.1744438e-07
54,129,6.0,2.8283242e-09
54,129,7.0,6.8301034e-07
54,129,8.0,2.8145364e-06
54,129,9.0,3.200774e-06
54,129,10.0,4.1172567e-05
54,129,11.0,4.7978763e-05
54,129,12.0,4.3889733e-05
54,129,13.0,5.6404082e-05
54,129,14.0,4.1093368e-05
54,130,0.0,1.3387132e-08
54,130,1.0,3.872539e-10
54,130,2.0,1.5922451e-07
54,130,3.0,2.8086024e-06
54,130,4.0,2.981945e-05
54,130,5.0,1.1519585e-05
54,130,6.0,1.8662931e-05
54,130,7.0,4.948944e-05
54,130,8.0,0.00011607795
54,130,9.0,0.00010089849
54,130,10.0,0.00035165375
54,130,11.0,0.0004360435
54,130,12.0,0.0006749755
54,130,13.0,0.000965647
54,130,14.0,0.00068080804
54,131,0.0,4.0054846e-13
54,131,1.0,1.5964817e-05
54,131,2.0,9.177634e-05
54,131,3.0,3.5854035e-05
54,131,4.0,0.00012255597
54,131,5.0,0.00012671229
54,131,6.0,0.00020605158
54,131,7.0,0.00011499122
54,131,8.0,0.00033815045
54,131,9.0,0.00073694676
54,131,10.0,0.00057632464
54,131,11.0,0.0013643511
54,131,12.0,0.0017844833
54,131,13.0,0.0020790084
54,131,14.0,0.0021997811
54,132,0.0,1.5093977e-05
54,132,1.0,0.0001360126
54,132,2.0,0.00021434636
54,132,3.0,0.00027458908
54,132,4.0,0.0004992722
54,132,5.0,0.00093904394
54,132,6.0,0.0010824807
54,132,7.0,0.0012170596
54,132,8.0,0.0015534585
54,132,9.0,0.0015508217
54,132,10.0,0.0035869963
54,132,11.0,0.004715419
54,132,12.0,0.006293747
54,132,13.0,0.007565585
54,132,14.0,0.0066643944
54,133,0.0,0.0007838998
54,133,1.0,0.0004841062
54,133,2.0,0.00067116943
54,133,3.0,0.0010044273
54,133,4.0,0.0017193775
54,133,5.0,0.0025741206
54,133,6.0,0.0030949845
54,133,7.0,0.004339444
54,133,8.0,0.0033366408
54,133,9.0,0.005293893
54,133,10.0,0.009093141
54,133,11.0,0.011296208
54,133,12.0,0.013375242
54,133,13.0,0.016386034
54,133,14.0,0.01956773
54,134,0.0,0.004923165
54,134,1.0,0.0052014356
54,134,2.0,0.007614491
54,134,3.0,0.010310559
54,134,4.0,0.013986041
54,134,5.0,0.018964298
54,134,6.0,0.019905765
54,134,7.0,0.019795218
54,134,8.0,0.023048243
54,134,9.0,0.025872467
54,134,10.0,0.030587569
54,134,11.0,0.039816942
54,134,12.0,0.042506855
54,134,13.0,0.03984515
54,134,14.0,0.044734035
54,135,0.0,0.03128042
54,135,1.0,0.04270197
54,135,2.0,0.04716419
54,135,3.0,0.05859196
54,135,4.0,0.072221614
54,135,5.0,0.08061158
54,135,6.0,0.092079796
54,135,7.0,0.100470684
54,135,8.0,0.110277735
54,135,9.0,0.12754002
54,135,10.0,0.1401162
54,135,11.0,0.16835353
54,135,12.0,0.16379745
54,135,13.0,0.1743349
54,135,14.0,0.18961178
54,136,0.0,0.2615867
54,136,1.0,0.234512
54,136,2.0,0.2707615
54,136,3.0,0.29663023
54,136,4.0,0.3261601
54,136,5.0,0.31650826
54,136,6.0,0.34398112
54,136,7.0,0.3345397
54,136,8.0,0.33533224
54,136,9.0,0.36086488
54,136,10.0,0.36850613
54,136,11.0,0.38585147
54,136,12.0,0.39155602
54,136,13.0,0.3936152
54,136,14.0,0.36385667
54,137,0.0,0.4566726
54,137,1.0,0.4989211
54,137,2.0,0.46682134
54,137,3.0,0.47307736
54,137,4.0,0.47841522
54,137,5.0,0.49957162
54,137,6.0,0.5023869
54,137,7.0,0.57497156
54,137,8.0,0.5837981
54,137,9.0,0.5629236
54,137,10.0,0.49325678
54,137,11.0,0.5074618
54,137,12.0,0.52669865
54,137,13.0,0.5113623
54,137,14.0,0.54009455
54,138,0.0,0.79153126
54,138,1.0,0.72665846
54,138,2.0,0.65892816
54,138,3.0,0.7065736
54,138,4.0,0.6664324
54,138,5.0,0.639958
54,138,6.0,0.6211288
54,138,7.0,0.5717273
54,138,8.0,0.57730377
54,138,9.0,0.51361805
54,138,10.0,0.539415
54,138,11.0,0.44995597
54,138,12.0,0.48164886
54,138,13.0,0.47694996
54,138,14.0,0.48831904
54,139,0.0,0.6794625
54,139,1.0,0.6202485
54,139,2.0,0.53117007
54,139,3.0,0.461801
54,139,4.0,0.40502036
54,139,5.0,0.40981185
54,139,6.0,0.41895312
54,139,7.0,0.40790528
54,139,8.0,0.42354923
54,139,9.0,0.40327674
54,139,10.0,0.3592593
54,139,11.0,0.31034827
54,139,12.0,0.30324003
54,139,13.0,0.31604832
54,139,14.0,0.32180148
54,140,0.0,0.49379277
54,140,1.0,0.4091311
54,140,2.0,0.31348982
54,140,3.0,0.3190037
54,140,4.0,0.287963
54,140,5.0,0.23909178
54,140,6.0,0.20708692
54,140,7.0,0.18872479
54,140,8.0,0.22535801
54,140,9.0,0.20143588
54,140,10.0,0.15837571
54,140,11.0,0.14188719
54,140,12.0,0.12752892
54,140,13.0,0.12760165
54,140,14.0,0.14158021
54,141,0.0,0.2013589
54,141,1.0,0.14229214
54,141,2.0,0.15706035
54,141,3.0,0.10817658
54,141,4.0,0.088214405
54,141,5.0,0.072713025
54,141,6.0,0.069711015
54,141,7.0,0.0635
54,141,8.0,0.06732101
54,141,9.0,0.062208746
54,141,10.0,0.056321036
54,141,11.0,0.045333274
54,141,12.0,0.03959686
54,141,13.0,0.042413637
54,141,14.0,0.039669883
54,142,0.0,0.06743105
54,142,1.0,0.048675496
54,142,2.0,0.035952356
54,142,3.0,0.025811393
54,142,4.0,0.024382059
54,142,5.0,0.020428065
54,142,6.0,0.012769866
54,142,7.0,0.014653044
54,142,8.0,0.016753627
54,142,9.0,0.013975266
54,142,10.0,0.013470405
54,142,11.0,0.010405246
54,142,12.0,0.010471602
54,142,13.0,0.006466211
54,142,14.0,0.0091569675
54,143,0.0,0.013687074
54,143,1.0,0.0071505806
54,143,2.0,0.0036940307
54,143,3.0,0.0035036206
54,143,4.0,0.003307098
54,143,5.0,0.0028832718
54,143,6.0,0.0024947661
54,143,7.0,0.0019307659
54,143,8.0,0.0023290429
54,143,9.0,0.0026462602
54,143,10.0,0.0020381317
54,143,11.0,0.001642368
54,143,12.0,0.0012755926
54,143,13.0,0.0016064558
54,143,14.0,0.001628521
54,144,0.0,0.0015731611
54,144,1.0,0.00088281016
54,144,2.0,0.0008910564
54,144,3.0,0.0004950527
54,144,4.0,0.00025317902
54,144,5.0,0.00018632124
54,144,6.0,0.00019839786
54,144,7.0,0.00010778415
54,144,8.0,0.00023630001
54,144,9.0,0.00017569569
54,144,10.0,0.0003390166
54,144,11.0,0.00014306724
54,144,12.0,0.00018370137
54,144,13.0,0.00014271762
54,144,14.0,0.000113875736
54,145,0.0,0.00010198348
54,145,1.0,0.00015116148
54,145,2.0,5.7378234e-05
54,145,3.0,0.000102799866
54,145,4.0,2.5994059e-05
54,145,5.0,1.6880056e-05
54,145,6.0,2.5806441e-05
54,145,7.0,1.4255829e-05
54,145,8.0,8.117313e-05
54,145,9.0,2.5738742e-05
54,145,10.0,3.909431e-06
54,145,11.0,1.5379988e-05
54,145,12.0,2.6256757e-05
54,145,13.0,1.979552e-05
54,145,14.0,4.598449e-05
54,146,0.0,2.6761091e-07
54,146,1.0,6.8625883e-09
54,146,2.0,1.5206992e-09
54,146,3.0,4.4838888e-08
54,146,4.0,2.7382372e-08
54,146,5.0,3.5280988e-12
54,146,6.0,0.0
54,146,7.0,0.0
54,146,8.0,6.820778e-08
54,146,9.0,1.08978256e-07
54,146,10.0,1.5528126e-07
54,146,11.0,3.2664406e-07
54,146,12.0,4.2688976e-07
54,146,13.0,1.02803256e-07
54,146,14.0,1.4162941e-06
54,147,0.0,1.4630991e-09
54,147,1.0,1.1544589e-06
54,147,2.0,3.0581455e-07
54,147,3.0,9.3160345e-08
54,147,4.0,8.489401e-09
54,147,5.0,1.5373146e-08
54,147,6.0,2.60965e-07
54,147,7.0,1.4437271e-08
54,147,8.0,2.1664005e-07
54,147,9.0,2.6559814e-09
54,147,10.0,1.509104e-08
54,147,11.0,1.4833333e-08
54,147,12.0,3.518963e-08
54,147,13.0,6.387987e-07
54,147,14.0,1.542831e-07
54,148,0.0,0.0
54,148,1.0,0.0
54,148,2.0,3.3166156e-08
54,148,3.0,6.679022e-10
54,148,4.0,4.029726e-10
54,148,5.0,3.566739e-08
54,148,6.0,4.458379e-11
54,148,7.0,3.2510705e-08
54,148,8.0,4.2850742e-10
54,148,9.0,3.1452834e-09
54,148,10.0,4.5975235e-13
54,148,11.0,6.3089667e-09
54,148,12.0,1.5332024e-07
54,148,13.0,7.350342e-08
54,148,14.0,1.3602958e-08
54,149,0.0,0.0
54,149,1.0,0.0
54,149,2.0,4.1084306e-08
54,149,3.0,6.143618e-12
54,149,4.0,0.0
54,149,5.0,0.0
54,149,6.0,6.1168555e-09
54,149,7.0,0.0
54,149,8.0,0.0
54,149,9.0,0.0
54,149,10.0,0.0
54,149,11.0,0.0
54,149,12.0,0.0
54,149,13.0,0.0
54,149,14.0,3.1095905e-08
54,150,0.0,1.2070609e-07
54,150,1.0,6.4640766e-08
54,150,2.0,1.478489e-10
54,150,3.0,2.1934915e-10
54,150,4.0,1.0151736e-08
54,150,5.0,1.940653e-08
54,150,6.0,2.8884871e-08
54,150,7.0,0.0
54,150,8.0,2.0816816e-10
54,150,9.0,7.432194e-09
54,150,10.0,4.6170565e-09
54,150,11.0,3.5042524e-07
54,150,12.0,4.7174552e-08
54,150,13.0,4.202214e-09
54,150,14.0,1.415903e-07
55,128,0.0,2.0289983e-09
55,128,1.0,3.841797e-09
55,128,2.0,5.3168767e-09
55,128,3.0,0.0
55,128,4.0,1.7790862e-10
55,128,5.0,1.0636155e-08
55,128,6.0,0.0
55,128,7.0,5.8077565e-09
55,128,8.0,2.4237268e-08
55,128,9.0,0.0
55,128,10.0,0.0
55,128,11.0,0.0
55,128,12.0,0.0
55,128,13.0,5.6096888e-11
55,128,14.0,5.7146826e-07
55,129,0.0,4.175958e-09
55,129,1.0,1.4027924e-07
55,129,2.0,0.0
55,129,3.0,3.426783e-09
55,129,4.0,3.971561e-09
55,129,5.0,1.0749225e-07
55,129,6.0,5.0025598e-08
55,129,7.0,3.7295028e-08
55,129,8.0,0.0
55,129,9.0,0.0
55,129,10.0,0.0
55,129,11.0,0.0
55,129,12.0,0.0
55,129,13.0,0.0
55,129,14.0,2.3965455e-10
55,130,0.0,0.0
55,130,1.0,0.0
55,130,2.0,0.0
55,130,3.0,0.0
55,130,4.0,0.0
55,130,5.0,1.657663e-07
55,130,6.0,0.0
55,130,7.0,0.0
55,130,8.0,0.0
55,130,9.0,0.0
55,130,10.0,0.0
55,130,11.0,0.0
55,130,12.0,0.0
55,130,13.0,0.0
55,130,14.0,0.0
55,131,0.0,0.0
55,131,1.0,0.0
55,131,2.0,0.0
55,131,3.0,4.786945e-09
55,131,4.0,0.0
55,131,5.0,0.0
55,131,6.0,5.4823923e-10
55,131,7.0,3.8310763e-08
55,131,8.0,0.0
55,131,9.0,4.6119095e-11
55,131,10.0,4.119484e-08
55,131,11.0,6.947226e-11
55,131,12.0,0.0
55,131,13.0,0.0
55,131,14.0,0.0
55,132,0.0,0.0
55,132,1.0,2.9224706e-12
55,132,2.0,0.0
55,132,3.0,2.911746e-11
55,132,4.0,0.0
55,132,5.0,0.0
55,132,6.0,0.0
55,132,7.0,1.3882549e-11
55,132,8.0,2.2949495e-18
55,132,9.0,0.0
55,132,10.0,0.0
55,132,11.0,2.1893307e-07
55,132,12.0,7.4668615e-06
55,132,13.0,7.884996e-05
55,132,14.0,2.8557428e-05
55,133,0.0,1.4413588e-07
55,133,1.0,0.0
55,133,2.0,0.0
55,133,3.0,2.3348282e-08
55,133,4.0,0.0
55,133,5.0,2.2400911e-07
55,133,6.0,4.3083455e-06
55,133,7.0,1.566249e-05
55,133,8.0,1.1749806e-05
55,133,9.0,1.5091681e-05
55,133,10.0,2.5142332e-05
55,133,11.0,8.012448e-05
55,133,12.0,0.0001289661
55,133,13.0,0.00019717672
55,133,14.0,0.0001388367
55,134,0.0,1.8845809e-07
55,134,1.0,2.2935614e-08
55,134,2.0,8.2796936e-07
55,134,3.0,2.0973866e-05
55,134,4.0,3.7800168e-05
55,134,5.0,0.0001510952
55,134,6.0,3.5978974e-05
55,134,7.0,0.0002261953
55,134,8.0,0.00012699862
55,134,9.0,0.00015418892
55,134,10.0,0.00022219014
55,134,11.0,0.00056002336
55,134,12.0,0.0008938956
55,134,13.0,0.0008489867
55,134,14.0,0.0011481172
55,135,0.0,5.2398627e-05
55,135,1.0,0.0002053421
55,135,2.0,0.00018416086
55,135,3.0,0.0006031734
55,135,4.0,0.00092981727
55,135,5.0,0.0014176336
55,135,6.0,0.0017557706
55,135,7.0,0.0023781213
55,135,8.0,0.0017814419
55,135,9.0,0.0020800265
55,135,10.0,0.0031079098
55,135,11.0,0.004835681
55,135,12.0,0.0082625095
55,135,13.0,0.010249286
55,135,14.0,0.00851498
55,136,0.0,0.0012939672
55,136,1.0,0.003475315
55,136,2.0,0.004144405
55,136,3.0,0.006048118
55,136,4.0,0.008126953
55,136,5.0,0.009600118
55,136,6.0,0.011838067
55,136,7.0,0.013965951
55,136,8.0,0.012999556
55,136,9.0,0.018845165
55,136,10.0,0.023523092
55,136,11.0,0.026336858
55,136,12.0,0.03584124
55,136,13.0,0.049132
55,136,14.0,0.038150143
55,137,0.0,0.017976528
55,137,1.0,0.023411054
55,137,2.0,0.042691983
55,137,3.0,0.056127194
55,137,4.0,0.06924383
55,137,5.0,0.0785318
55,137,6.0,0.091513515
55,137,7.0,0.092462584
55,137,8.0,0.08323845
55,137,9.0,0.10364268
55,137,10.0,0.122517586
55,137,11.0,0.12046928
55,137,12.0,0.14081538
55,137,13.0,0.14832175
55,137,14.0,0.15686582
55,138,0.0,0.06695984
55,138,1.0,0.10132733
55,138,2.0,0.12516497
55,138,3.0,0.1299455
55,138,4.0,0.14463848
55,138,5.0,0.1826413
55,138,6.0,0.21100752
55,138,7.0,0.18816175
55,138,8.0,0.19912642
55,138,9.0,0.22260933
55,138,10.0,0.26094648
55,138,11.0,0.24930167
55,138,12.0,0.25309798
55,138,13.0,0.2887723
55,138,14.0,0.251999
55,139,0.0,0.21438822
55,139,1.0,0.26176718
55,139,2.0,0.3394208
55,139,3.0,0.3452715
55,139,4.0,0.36495164
55,139,5.0,0.38104817
55,139,6.0,0.39511585
55,139,7.0,0.3503398
55,139,8.0,0.34057632
55,139,9.0,0.36249924
55,139,10.0,0.41965827
55,139,11.0,0.41898218
55,139,12.0,0.45773393
55,139,13.0,0.43795046
55,139,14.0,0.39550334
55,140,0.0,0.36087954
55,140,1.0,0.37912172
55,140,2.0,0.43846434
55,140,3.0,0.45534614
55,140,4.0,0.44246998
55,140,5.0,0.4347453
55,140,6.0,0.45138565
55,140,7.0,0.40614435
55,140,8.0,0.41774365
55,140,9.0,0.42666164
55,140,10.0,0.4636008
55,140,11.0,0.41775778
55,140,12.0,0.41382143
55,140,13.0,0.39656934
55,140,14.0,0.39283878
55,141,0.0,0.52608895
55,141,1.0,0.4982774
55,141,2.0,0.56967807
55,141,3.0,0.51638645
55,141,4.0,0.47644797
55,141,5.0,0.46661428
55,141,6.0,0.45657462
55,141,7.0,0.4323047
55,141,8.0,0.41371346
55,141,9.0,0.4469337
55,141,10.0,0.42875683
55,141,11.0,0.39404827
55,141,12.0,0.40388036
55,141,13.0,0.38866398
55,141,14.0,0.33146775
55,142,0.0,0.4466064
55,142,1.0,0.41511607
55,142,2.0,0.38888186
55,142,3.0,0.33371887
55,142,4.0,0.28082478
55,142,5.0,0.2762706
55,142,6.0,0.29320318
55,142,7.0,0.26131377
55,142,8.0,0.29551664
55,142,9.0,0.2871038
55,142,10.0,0.25970834
55,142,11.0,0.22536206
55,142,12.0,0.22414255
55,142,13.0,0.23492622
55,142,14.0,0.23072945
55,143,0.0,0.23130661
55,143,1.0,0.20137058
55,143,2.0,0.19420268
55,143,3.0,0.1544928
55,143,4.0,0.13829982
55,143,5.0,0.13461944
55,143,6.0,0.11613988
55,143,7.0,0.09111264
55,143,8.0,0.1089142
55,143,9.0,0.10459562
55,143,10.0,0.10796443
55,143,11.0,0.09520353
55,143,12.0,0.090074785
55,143,13.0,0.08477853
55,143,14.0,0.08596118
55,144,0.0,0.090332136
55,144,1.0,0.06611383
55,144,2.0,0.0678846
55,144,3.0,0.05494117
55,144,4.0,0.04424902
55,144,5.0,0.034331165
55,144,6.0,0.024605474
55,144,7.0,0.028079359
55,144,8.0,0.03424598
55,144,9.0,0.034758635
55,144,10.0,0.029180642
55,144,11.0,0.021687612
55,144,12.0,0.018454427
55,144,13.0,0.014033926
55,144,14.0,0.016810076
55,145,0.0,0.014298282
55,145,1.0,0.00936544
55,145,2.0,0.010337458
55,145,3.0,0.007994734
55,145,4.0,0.0063383603
55,145,5.0,0.003666581
55,145,6.0,0.0039974675
55,145,7.0,0.004003251
55,145,8.0,0.0057113804
55,145,9.0,0.004500739
55,145,10.0,0.0046979752
55,145,11.0,0.0030466851
55,145,12.0,0.0025021497
55,145,13.0,0.0024075245
55,145,14.0,0.0036993958
55,146,0.0,0.0032322714
55,146,1.0,0.001289921
55,146,2.0,0.0011172453
55,146,3.0,0.0010516184
55,146,4.0,0.00090436556
55,146,5.0,0.00050582376
55,146,6.0,0.00046131568
55,146,7.0,0.0005065539
55,146,8.0,0.0006288062
55,146,9.0,0.00039547763
55,146,10.0,0.00023423803
55,146,11.0,0.00027672225
55,146,12.0,0.00024755514
55,146,13.0,0.00027836883
55,146,14.0,0.00047987278
55,147,0.0,0.00033214188
55,147,1.0,0.00016679968
55,147,2.0,0.0001684911
55,147,3.0,7.2266e-05
55,147,4.0,3.0934614e-05
55,147,5.0,2.986332e-05
55,147,6.0,2.3877845e-05
55,147,7.0,3.5194706e-05
55,147,8.0,2.76371e-05
55,147,9.0,6.977613e-05
55,147,10.0,3.8418086e-05
55,147,11.0,4.6413148e-05
55,147,12.0,1.752255e-05
55,147,13.0,2.0800381e-07
55,147,14.0,9.3533845e-06
55,148,0.0,2.16894e-05
55,148,1.0,3.9935285e-06
55,148,2.0,8.763069e-07
55,148,3.0,6.344061e-07
55,148,4.0,9.53038e-10
55,148,5.0,1.5509094e-09
55,148,6.0,0.0
55,148,7.0,2.498076e-13
55,148,8.0,2.0927315e-09
55,148,9.0,2.7480198e-08
55,148,10.0,0.0
55,148,11.0,1.1985414e-09
55,148,12.0,3.2852971e-09
55,148,13.0,0.0
55,148,14.0,1.5813109e-08
55,149,0.0,9.734938e-07
55,149,1.0,5.0069974e-07
55,149,2.0,6.898435e-10
55,149,3.0,3.769106e-12
55,149,4.0,0.0
55,149,5.0,0.0
55,149,6.0,0.0
55,149,7.0,0.0
55,149,8.0,1.3105423e-09
55,149,9.0,3.985358e-07
55,149,10.0,4.439399e-09
55,149,11.0,6.996311e-09
55,149,12.0,5.1991503e-07
55,149,13.0,7.477658e-07
55,149,14.0,1.4269295e-06
55,150,0.0,8.6118814e-07
55,150,1.0,1.4475947e-07
55,150,2.0,8.7542285e-09
55,150,3.0,2.2934726e-08
55,150,4.0,4.5393904e-08
55,150,5.0,2.7548195e-08
55,150,6.0,1.9900766e-07
55,150,7.0,0.0
55,150,8.0,2.180452e-07
55,150,9.0,9.4705655e-08
55,150,10.0,5.974802e-08
55,150,11.0,0.0
55,150,12.0,3.081497e-07
55,150,13.0,2.419785e-06
55,150,14.0,1.3980205e-06
55,151,0.0,4.2832102e-07
55,151,1.0,5.261078e-10
55,151,2.0,6.628139e-08
55,151,3.0,3.7974021e-07
55,151,4.0,2.130605e-07
55,151,5.0,5.313568e-08
55,151,6.0,7.0191284e-08
55,151,7.0,2.756233e-10
55,151,8.0,1.728879e-08
55,151,9.0,2.0471618e-06
55,151,10.0,4.2798382e-07
55,151,11.0,3.732057e-06
55,151,12.0,6.418128e-07
55,151,13.0,3.0170033e-06
55,151,14.0,2.0557533e-08
55,152,0.0,2.8304779e-08
55,152,1.0,1.0472301e-13
55,152,2.0,1.9009262e-07
55,152,3.0,2.515529e-10
55,152,4.0,4.6401297e-08
55,152,5.0,2.9272964e-08
55,152,6.0,1.0515425e-07
55,152,7.0,5.750387e-08
55,152,8.0,0.0
55,152,9.0,0.0
55,152,10.0,2.806542e-07
55,152,11.0,3.8423693e-07
55,152,12.0,2.0800946e-06
55,152,13.0,3.3948492e-08
55,152,14.0,8.011277e-13
56,131,0.0,1.3844799e-08
56,131,1.0,3.1766731e-07
56,131,2.0,9.566592e-09
56,131,3.0,3.650374e-09
56,131,4.0,2.6916437e-08
56,131,5.0,2.8111508e-10
56,131,6.0,1.8692842e-15
56,131,7.0,1.684115e-11
56,131,8.0,1.9792954e-09
56,131,9.0,2.4425224e-09
56,131,10.0,2.4119155e-08
56,131,11.0,1.9474044e-08
56,131,12.0,3.5169723e-08
56,131,13.0,7.6292444e-08
56,131,14.0,6.483768e-08
56,132,0.0,9.600504e-10
56,132,1.0,1.01111e-07
56,132,2.0,4.6241578e-07
56,132,3.0,2.3372776e-07
56,132,4.0,5.759866e-08
56,132,5.0,1.8751503e-08
56,132,6.0,1.2133475e-08
56,132,7.0,3.5402362e-08
56,132,8.0,9.1614085e-09
56,132,9.0,7.1463298e-09
56,132,10.0,6.510304e-08
56,132,11.0,2.481243e-08
56,132,12.0,2.2180402e-08
56,132,13.0,1.799967e-07
56,132,14.0,3.3686394e-09
56,133,0.0,0.0
56,133,1.0,0.0
56,133,2.0,0.0
56,133,3.0,0.0
56,133,4.0,0.0
56,133,5.0,0.0
56,133,6.0,0.0
56,133,7.0,0.0
56,133,8.0,0.0
56,133,9.0,0.0
56,133,10.0,0.0
56,133,11.0,0.0
56,133,12.0,0.0
56,133,13.0,0.0
56,133,14.0,0.0
56,134,0.0,1.609861e-08
56,134,1.0,1.9779842e-08
56,134,2.0,2.198796e-10
56,134,3.0,0.0
56,134,4.0,0.0
56,134,5.0,2.5675823e-10
56,134,6.0,2.0254278e-08
56,134,7.0,3.8438333e-09
56,134,8.0,6.1833343e-09
56,134,9.0,0.0
56,134,10.0,0.0
56,134,11.0,1.6139368e-12
56,134,12.0,5.0211957e-10
56,134,13.0,3.0343794e-09
56,134,14.0,3.045376e-07
56,135,0.0,4.3827632e-11
56,135,1.0,0.0
56,135,2.0,1.2218731e-08
56,135,3.0,4.910831e-07
56,135,4.0,4.5015096e-08
56,135,5.0,6.1418484e-07
56,135,6.0,1.0544468e-09
56,135,7.0,2.7401845e-06
56,135,8.0,4.4675567e-06
56,135,9.0,3.89061e-06
56,135,10.0,3.9916675e-05
56,135,11.0,6.572898e-05
56,135,12.0,5.7933357e-05
56,135,13.0,3.3938024e-05
56,135,14.0,6.3533655e-05
56,136,0.0,4.906078e-07
56,136,1.0,4.110583e-07
56,136,2.0,1.2380505e-06
56,136,3.0,4.199111e-07
56,136,4.0,5.0412295e-06
56,136,5.0,4.4410476e-06
56,136,6.0,8.8261084e-05
56,136,7.0,0.0001481089
56,136,8.0,0.00012911159
56,136,9.0,0.000179078
56,136,10.0,0.0001935414
56,136,11.0,0.00039551608
56,136,12.0,0.00035683668
56,136,13.0,0.0005230005
56,136,14.0,0.00039552944
56,137,0.0,0.000155732
56,137,1.0,0.00011228213
56,137,2.0,6.5624175e-05
56,137,3.0,0.00015867021
56,137,4.0,0.00021238014
56,137,5.0,0.0002776276
56,137,6.0,0.00047368847
56,137,7.0,0.0005666413
56,137,8.0,0.0006713991
56,137,9.0,0.0006162802
56,137,10.0,0.0013391078
56,137,11.0,0.0017775424
56,137,12.0,0.0025863913
56,137,13.0,0.0034923041
56,137,14.0,0.0033768078
56,138,0.0,0.001313464
56,138,1.0,0.0024246376
56,138,2.0,0.0025543086
56,138,3.0,0.0037543413
56,138,4.0,0.005918419
56,138,5.0,0.0072103054
56,138,6.0,0.008101977
56,138,7.0,0.010284844
56,138,8.0,0.011597371
56,138,9.0,0.011836733
56,138,10.0,0.014657392
56,138,11.0,0.015291455
56,138,12.0,0.01876843
56,138,13.0,0.021846406
56,138,14.0,0.019048754
56,139,0.0,0.010411298
56,139,1.0,0.011840121
56,139,2.0,0.01257422
56,139,3.0,0.018933304
56,139,4.0,0.023634912
56,139,5.0,0.025948277
56,139,6.0,0.03293693
56,139,7.0,0.030353293
56,139,8.0,0.033268016
56,139,9.0,0.03714619
56,139,10.0,0.043695036
56,139,11.0,0.053525023
56,139,12.0,0.063515805
56,139,13.0,0.06556974
56,139,14.0,0.057763103
56,140,0.0,0.068557486
56,140,1.0,0.08828636
56,140,2.0,0.09217181
56,140,3.0,0.09642421
56,140,4.0,0.11334792
56,140,5.0,0.11631962
56,140,6.0,0.13020588
56,140,7.0,0.13095964
56,140,8.0,0.14658524
56,140,9.0,0.14594927
56,140,10.0,0.14151534
56,140,11.0,0.14752293
56,140,12.0,0.15214942
56,140,13.0,0.1591665
56,140,14.0,0.16615875
56,141,0.0,0.18177432
56,141,1.0,0.15218183
56,141,2.0,0.1956181
56,141,3.0,0.2097915
56,141,4.0,0.23454359
56,141,5.0,0.25939512
56,141,6.0,0.26957402
56,141,7.0,0.2726873
56,141,8.0,0.26930305
56,141,9.0,0.29462692
56,141,10.0,0.28741607
56,141,11.0,0.2786839
56,141,12.0,0.29536062
56,141,13.0,0.31840998
56,141,14.0,0.34400114
56,142,0.0,0.50080276
56,142,1.0,0.49411026
56,142,2.0,0.4181633
56,142,3.0,0.4205097
56,142,4.0,0.40232995
56,142,5.0,0.39929095
56,142,6.0,0.39398617
56,142,7.0,0.4129588
56,142,8.0,0.4874995
56,142,9.0,0.43233803
56,142,10.0,0.3875142
56,142,11.0,0.37614095
56,142,12.0,0.35014713
56,142,13.0,0.36398426
56,142,14.0,0.43142122
56,143,0.0,0.52940255
56,143,1.0,0.47356305
56,143,2.0,0.4592938
56,143,3.0,0.40502834
56,143,4.0,0.38469094
56,143,5.0,0.40191507
56,143,6.0,0.3957612
56,143,7.0,0.43726802
56,143,8.0,0.43295896
56,143,9.0,0.39166462
56,143,10.0,0.37132302
56,143,11.0,0.32264453
56,143,12.0,0.32249963
56,143,13.0,0.38573268
56,143,14.0,0.3974773
56,144,0.0,0.58261395
56,144,1.0,0.5250906
56,144,2.0,0.4122138
56,144,3.0,0.371016
56,144,4.0,0.35123268
56,144,5.0,0.3044297
56,144,6.0,0.3016119
56,144,7.0,0.3383192
56,144,8.0,0.31511715
56,144,9.0,0.2998735
56,144,10.0,0.25039673
56,144,11.0,0.21591038
56,144,12.0,0.18000758
56,144,13.0,0.21035182
56,144,14.0,0.24153537
56,145,0.0,0.3061699
56,145,1.0,0.25990653
56,145,2.0,0.18268526
56,145,3.0,0.17603475
56,145,4.0,0.1524237
56,145,5.0,0.12754367
56,145,6.0,0.122115344
56,145,7.0,0.11843979
56,145,8.0,0.13618141
56,145,9.0,0.12210047
56,145,10.0,0.117973134
56,145,11.0,0.109869406
56,145,12.0,0.0951177
56,145,13.0,0.08912474
56,145,14.0,0.0957377
56,146,0.0,0.13163923
56,146,1.0,0.10348678
56,146,2.0,0.088532135
56,146,3.0,0.06418091
56,146,4.0,0.048171043
56,146,5.0,0.045786697
56,146,6.0,0.048566185
56,146,7.0,0.046210837
56,146,8.0,0.045190804
56,146,9.0,0.036411624
56,146,10.0,0.033798512
56,146,11.0,0.028437862
56,146,12.0,0.023960255
56,146,13.0,0.02603352
56,146,14.0,0.026190585
56,147,0.0,0.039471604
56,147,1.0,0.035468556
56,147,2.0,0.015468797
56,147,3.0,0.009368782
56,147,4.0,0.00673318
56,147,5.0,0.005349699
56,147,6.0,0.005456683
56,147,7.0,0.0049278303
56,147,8.0,0.0056571206
56,147,9.0,0.0050469944
56,147,10.0,0.0031308369
56,147,11.0,0.0020504468
56,147,12.0,0.002361371
56,147,13.0,0.0022385186
56,147,14.0,0.0043280856
56,148,0.0,0.0054612844
56,148,1.0,0.0056019225
56,148,2.0,0.0032232886
56,148,3.0,0.0028638234
56,148,4.0,0.001591847
56,148,5.0,0.0015614796
56,148,6.0,0.0020801008
56,148,7.0,0.0023948227
56,148,8.0,0.0022057022
56,148,9.0,0.0014350478
56,148,10.0,0.0016499875
56,148,11.0,0.0019931637
56,148,12.0,0.0013909794
56,148,13.0,0.000920746
56,148,14.0,0.000605482
56,149,0.0,0.0010274749
56,149,1.0,0.0008190362
56,149,2.0,0.00039826662
56,149,3.0,0.00029785954
56,149,4.0,0.00015262673
56,149,5.0,0.00015687602
56,149,6.0,0.000107292944
56,149,7.0,0.00012697681
56,149,8.0,0.00010810045
56,149,9.0,0.00011685766
56,149,10.0,6.672102e-05
56,149,11.0,0.00012420389
56,149,12.0,9.248532e-05
56,149,13.0,4.9070433e-05
56,149,14.0,9.2733244e-05
56,150,0.0,3.903516e-05
56,150,1.0,6.023864e-05
56,150,2.0,4.849626e-05
56,150,3.0,5.9912443e-05
56,150,4.0,5.6814162e-05
56,150,5.0,1.8923687e-05
56,150,6.0,1.1392663e-05
56,150,7.0,2.1473268e-05
56,150,8.0,2.5139136e-05
56,150,9.0,4.576524e-05
56,150,10.0,8.116163e-06
56,150,11.0,4.498444e-06
56,150,12.0,7.5849606e-08
56,150,13.0,8.1262854e-08
56,150,14.0,5.3166143e-08
56,151,0.0,3.4930911e-09
56,151,1.0,2.287879e-08
56,151,2.0,3.531875e-08
56,151,3.0,8.033166e-08
56,151,4.0,3.3370438e-07
56,151,5.0,6.0618976e-07
56,151,6.0,1.2809708e-06
56,151,7.0,5.047667e-07
56,151,8.0,1.3982677e-06
56,151,9.0,1.8929514e-07
56,151,10.0,2.3344151e-07
56,151,11.0,2.8631314e-07
56,151,12.0,2.9110586e-07
56,151,13.0,1.4723466e-07
56,151,14.0,1.8110224e-08
56,152,0.0,1.3771809e-10
56,152,1.0,9.386636e-10
56,152,2.0,1.25139135e-11
56,152,3.0,3.5220052e-07
56,152,4.0,6.8677366e-07
56,152,5.0,3.61143e-07
56,152,6.0,0.0
56,152,7.0,5.6315916e-09
56,152,8.0,2.1332461e-08
56,152,9.0,1.8035717e-09
56,152,10.0,1.7830983e-07
56,152,11.0,1.1408872e-07
56,152,12.0,2.0125258e-08
56,152,13.0,0.0
56,152,14.0,0.0
56,153,0.0,3.7163622e-10
56,153,1.0,3.518381e-08
56,153,2.0,4.1601886e-09
56,153,3.0,1.070612e-08
56,153,4.0,2.0009285e-08
56,153,5.0,8.4458286e-08
56,153,6.0,6.89433e-08
56,153,7.0,2.99729e-10
56,153,8.0,7.144108e-10
56,153,9.0,8.748296e-08
56,153,10.0,6.2082535e-08
56,153,11.0,1.1703773e-07
56,153,12.0,3.7796533e-11
56,153,13.0,7.600405e-10
56,153,14.0,3.625356e-08
56,154,0.0,2.967686e-07
56,154,1.0,2.2825835e-08
56,154,2.0,7.50205e-08
56,154,3.0,8.8743553e-07
56,154,4.0,5.670682e-07
56,154,5.0,1.8069464e-07
56,154,6.0,1.5130193e-07
56,154,7.0,2.5587147e-07
56,154,8.0,5.77091e-08
56,154,9.0,1.2860675e-08
56,154,10.0,1.381339e-09
56,154,11.0,1.9751027e-08
56,154,12.0,1.1164945e-07
56,154,13.0,8.2197823e-07
56,154,14.0,2.9209315e-07
57,133,0.0,1.7320131e-09
57,133,1.0,6.950583e-07
57,133,2.0,6.159469e-07
57,133,3.0,4.887079e-07
57,133,4.0,3.6941807e-07
57,133,5.0,1.8997213e-08
57,133,6.0,6.3627237e-09
57,133,7.0,1.5166533e-07
57,133,8.0,1.7461588e-10
57,133,9.0,0.0
57,133,10.0,7.548619e-09
57,133,11.0,2.4502353e-09
57,133,12.0,2.4740157e-08
57,133,13.0,9.282643e-08
57,133,14.0,5.6702426e-08
57,134,0.0,2.0873975e-07
57,134,1.0,1.764505e-08
57,134,2.0,2.44149e-08
57,134,3.0,1.3322003e-06
57,134,4.0,1.076189e-06
57,134,5.0,1.8424448e-07
57,134,6.0,8.399197e-09
57,134,7.0,1.533997e-07
57,134,8.0,2.582518e-08
57,134,9.0,2.0530706e-09
57,134,10.0,7.24125e-07
57,134,11.0,5.2940806e-07
57,134,12.0,2.187069e-08
57,134,13.0,4.305771e-08
57,134,14.0,5.441708e-08
57,135,0.0,9.766273e-08
57,135,1.0,1.0421306e-06
57,135,2.0,9.694288e-07
57,135,3.0,3.1531948e-07
57,135,4.0,2.0265026e-07
57,135,5.0,1.1148862e-07
57,135,6.0,5.35685e-07
57,135,7.0,3.632314e-08
57,135,8.0,3.6614768e-08
57,135,9.0,6.568314e-08
57,135,10.0,6.642256e-07
57,135,11.0,4.8653675e-07
57,135,12.0,5.1293375e-07
57,135,13.0,8.9362135e-07
57,135,14.0,3.799299e-07
57,136,0.0,2.1494525e-08
57,136,1.0,4.0038678e-08
57,136,2.0,3.2658704e-07
57,136,3.0,7.196022e-08
57,136,4.0,1.1425698e-08
57,136,5.0,1.1303905e-14
57,136,6.0,1.01351844e-07
57,136,7.0,1.3326114e-07
57,136,8.0,3.1753655e-07
57,136,9.0,6.6111625e-07
57,136,10.0,9.117678e-07
57,136,11.0,1.1091225e-06
57,136,12.0,1.2813521e-06
57,136,13.0,3.7767106e-07
57,136,14.0,3.200305e-06
57,137,0.0,2.5957302e-08
57,137,1.0,1.0501583e-08
57,137,2.0,3.776886e-09
57,137,3.0,9.5892e-10
57,137,4.0,2.422083e-08
57,137,5.0,1.1742422e-10
57,137,6.0,1.5641007e-08
57,137,7.0,7.7619933e-07
57,137,8.0,2.9644133e-07
57,137,9.0,1.1491612e-06
57,137,10.0,8.548585e-08
57,137,11.0,3.129981e-05
57,137,12.0,2.7295584e-05
57,137,13.0,1.889195e-05
57,137,14.0,3.176894e-05
57,138,0.0,5.4034055e-10
57,138,1.0,5.136982e-09
57,138,2.0,0.0
57,138,3.0,1.1298274e-07
57,138,4.0,6.78892e-06
57,138,5.0,1.0348316e-05
57,138,6.0,4.4345416e-05
57,138,7.0,3.2310695e-06
57,138,8.0,1.5465066e-05
57,138,9.0,7.6952776e-05
57,138,10.0,0.00012457253
57,138,11.0,0.0001471242
57,138,12.0,0.0001415291
57,138,13.0,0.00026278355
57,138,14.0,0.00035493812
57,139,0.0,6.9824573e-06
57,139,1.0,3.2869093e-06
57,139,2.0,3.906178e-05
57,139,3.0,4.471243e-05
57,139,4.0,0.00012957418
57,139,5.0,0.00021001621
57,139,6.0,0.0003717424
57,139,7.0,0.00016579415
57,139,8.0,0.00027903134
57,139,9.0,0.000946134
57,139,10.0,0.00096400606
57,139,11.0,0.0010701563
57,139,12.0,0.0014701023
57,139,13.0,0.0017999712
57,139,14.0,0.0021755483
57,140,0.0,0.00042816982
57,140,1.0,0.00020214163
57,140,2.0,0.00055973046
57,140,3.0,0.0008794442
57,140,4.0,0.0013611729
57,140,5.0,0.001470229
57,140,6.0,0.002007774
57,140,7.0,0.0022714753
57,140,8.0,0.0027923554
57,140,9.0,0.0032140927
57,140,10.0,0.003318432
57,140,11.0,0.0043983217
57,140,12.0,0.0052356822
57,140,13.0,0.006969366
57,140,14.0,0.0064642644
57,141,0.0,0.003722253
57,141,1.0,0.0028614216
57,141,2.0,0.0051806984
57,141,3.0,0.0075215143
57,141,4.0,0.01011158
57,141,5.0,0.011331595
57,141,6.0,0.012532066
57,141,7.0,0.0139166
57,141,8.0,0.014404891
57,141,9.0,0.018501638
57,141,10.0,0.020398965
57,141,11.0,0.023885328
57,141,12.0,0.02901478
57,141,13.0,0.033627793
57,141,14.0,0.03551712
57,142,0.0,0.012889116
57,142,1.0,0.013613361
57,142,2.0,0.017863963
57,142,3.0,0.028481731
57,142,4.0,0.030573647
57,142,5.0,0.03181079
57,142,6.0,0.040105317
57,142,7.0,0.036996398
57,142,8.0,0.048294447
57,142,9.0,0.052569374
57,142,10.0,0.05230996
57,142,11.0,0.05972236
57,142,12.0,0.06250799
57,142,13.0,0.06580813
57,142,14.0,0.07338195
57,143,0.0,0.08472569
57,143,1.0,0.07185538
57,143,2.0,0.09584665
57,143,3.0,0.11952675
57,143,4.0,0.14022046
57,143,5.0,0.14176811
57,143,6.0,0.12688002
57,143,7.0,0.115565784
57,143,8.0,0.1411064
57,143,9.0,0.14562021
57,143,10.0,0.16389225
57,143,11.0,0.16633758
57,143,12.0,0.16336517
57,143,13.0,0.17999163
57,143,14.0,0.17409676
57,144,0.0,0.14811449
57,144,1.0,0.122493
57,144,2.0,0.14598131
57,144,3.0,0.1615433
57,144,4.0,0.17108908
57,144,5.0,0.16752715
57,144,6.0,0.17427123
57,144,7.0,0.18428783
57,144,8.0,0.20531505
57,144,9.0,0.19996645
57,144,10.0,0.20343821
57,144,11.0,0.21686165
57,144,12.0,0.2135715
57,144,13.0,0.20391847
57,144,14.0,0.22504352
57,145,0.0,0.24761036
57,145,1.0,0.20267317
57,145,2.0,0.21564211
57,145,3.0,0.24379241
57,145,4.0,0.2368981
57,145,5.0,0.22754969
57,145,6.0,0.21763663
57,145,7.0,0.212873
57,145,8.0,0.24778883
57,145,9.0,0.23737279
57,145,10.0,0.23264131
57,145,11.0,0.21530333
57,145,12.0,0.20840698
57,145,13.0,0.21764864
57,145,14.0,0.22196114
57,146,0.0,0.21944538
57,146,1.0,0.1892231
57,146,2.0,0.18900716
57,146,3.0,0.201304
57,146,4.0,0.2007151
57,146,5.0,0.18787187
57,146,6.0,0.16412131
57,146,7.0,0.17957154
57,146,8.0,0.18860808
57,146,9.0,0.17929994
57,146,10.0,0.16009803
57,146,11.0,0.15742578
57,146,12.0,0.16222845
57,146,13.0,0.15467219
57,146,14.0,0.13384454
57,147,0.0,0.15489094
57,147,1.0,0.16628933
57,147,2.0,0.16909869
57,147,3.0,0.17177077
57,147,4.0,0.1388038
57,147,5.0,0.13555619
57,147,6.0,0.12641087
57,147,7.0,0.12381131
57,147,8.0,0.118846476
57,147,9.0,0.09413754
57,147,10.0,0.090285555
57,147,11.0,0.08457371
57,147,12.0,0.08114079
57,147,13.0,0.08301987
57,147,14.0,0.07477208
57,148,0.0,0.08279612
57,148,1.0,0.07344301
57,148,2.0,0.0712442
57,148,3.0,0.06919325
57,148,4.0,0.060442682
57,148,5.0,0.04950868
57,148,6.0,0.053155858
57,148,7.0,0.053263295
57,148,8.0,0.04550569
57,148,9.0,0.041243747
57,148,10.0,0.035067115
57,148,11.0,0.034235768
57,148,12.0,0.03218057
57,148,13.0,0.029560441
57,148,14.0,0.02833431
57,149,0.0,0.025620095
57,149,1.0,0.028793005
57,149,2.0,0.025455792
57,149,3.0,0.023215877
57,149,4.0,0.023770215
57,149,5.0,0.02248727
57,149,6.0,0.01983698
57,149,7.0,0.015938688
57,149,8.0,0.015795395
57,149,9.0,0.012890024
57,149,10.0,0.012123367
57,149,11.0,0.011455396
57,149,12.0,0.009572168
57,149,13.0,0.0067917197
57,149,14.0,0.0059602456
57,150,0.0,0.00663157
57,150,1.0,0.005582771
57,150,2.0,0.006208301
57,150,3.0,0.00522755
57,150,4.0,0.004489142
57,150,5.0,0.004329037
57,150,6.0,0.0038727683
57,150,7.0,0.0043103527
57,150,8.0,0.0024321894
57,150,9.0,0.0022244428
57,150,10.0,0.0032080433
57,150,11.0,0.002427487
57,150,12.0,0.0020595554
57,150,13.0,0.0010658603
57,150,14.0,0.0007701317
57,151,0.0,0.00032106726
57,151,1.0,0.00048647306
57,151,2.0,0.00067875965
57,151,3.0,0.0008600811
57,151,4.0,0.0004904559
57,151,5.0,0.0005211113
57,151,6.0,0.0006463806
57,151,7.0,0.00025072487
57,151,8.0,0.00026123485
57,151,9.0,0.00024127057
57,151,10.0,0.00021556672
57,151,11.0,0.00029448356
57,151,12.0,0.00021249583
57,151,13.0,4.5624118e-05
57,151,14.0,6.3455605e-05
57,152,0.0,7.475102e-05
57,152,1.0,5.9504022e-05
57,152,2.0,6.839921e-05
57,152,3.0,8.526869e-05
57,152,4.0,3.7112924e-05
57,152,5.0,1.7044275e-05
57,152,6.0,1.8716011e-05
57,152,7.0,9.041187e-06
57,152,8.0,9.681241e-06
57,152,9.0,6.15234e-06
57,152,10.0,1.3304418e-05
57,152,11.0,2.5714535e-06
57,152,12.0,3.459279e-06
57,152,13.0,2.46948e-08
57,152,14.0,1.6660206e-08
57,153,0.0,3.959079e-08
57,153,1.0,3.0915538e-18
57,153,2.0,9.460438e-10
57,153,3.0,4.8409583e-09
57,153,4.0,4.7752247e-09
57,153,5.0,8.631548e-08
57,153,6.0,0.0
57,153,7.0,0.0
57,153,8.0,0.0
57,153,9.0,0.0
57,153,10.0,0.0
57,153,11.0,0.0
57,153,12.0,0.0
57,153,13.0,0.0
57,153,14.0,0.0
57,154,0.0,2.2413804e-09
57,154,1.0,0.0
57,154,2.0,2.109676e-09
57,154,3.0,0.0
57,154,4.0,0.0
57,154,5.0,6.1710786e-10
57,154,6.0,1.1088398e-07
57,154,7.0,7.367416e-10
57,154,8.0,0.0
57,154,9.0,0.0
57,154,10.0,2.2977062e-09
57,154,11.0,1.6229561e-09
57,154,12.0,3.2977907e-10
57,154,13.0,2.817139e-07
57,154,14.0,0.0
57,155,0.0,2.513474e-08
57,155,1.0,1.10858425e-08
57,155,2.0,1.305657e-12
57,155,3.0,7.159273e-08
57,155,4.0,2.312896e-09
57,155,5.0,2.6130577e-08
57,155,6.0,1.0439126e-06
57,155,7.0,9.946909e-08
57,155,8.0,8.538638e-09
57,155,9.0,9.299037e-07
57,155,10.0,1.3411747e-06
57,155,11.0,1.652625e-11
57,155,12.0,3.83006e-09
57,155,13.0,4.055169e-07
57,155,14.0,6.015542e-08
57,156,0.0,5.9334532e-08
57,156,1.0,1.9260018e-09
57,156,2.0,3.6722803e-08
57,156,3.0,5.7319497e-08
57,156,4.0,2.4924793e-07
57,156,5.0,5.5815923e-07
57,156,6.0,1.5919542e-10
57,156,7.0,2.9922867e-07
57,156,8.0,0.0
57,156,9.0,1.10797e-06
57,156,10.0,9.243829e-07
57,156,11.0,2.7149916e-08
57,156,12.0,4.8873394e-09
57,156,13.0,1.09515504e-07
57,156,14.0,1.3310445e-09
57,157,0.0,3.6079886e-10
57,157,1.0,3.3089464e-08
57,157,2.0,2.0728483e-09
57,157,3.0,4.7872106e-08
57,157,4.0,2.8874362e-07
57,157,5.0,2.2353674e-09
57,157,6.0,2.362763e-07
57,157,7.0,1.9263392e-07
57,157,8.0,2.6021155e-07
57,157,9.0,6.384663e-09
57,157,10.0,1.3230093e-07
57,157,11.0,5.1268767e-08
57,157,12.0,2.0501716e-08
57,157,13.0,1.0716002e-07
57,157,14.0,1.0269584e-07
58,135,0.0,9.8834885e-11
58,135,1.0,1.679522e-08
58,135,2.0,9.196094e-12
58,135,3.0,0.0
58,135,4.0,0.0
58,135,5.0,0.0
58,135,6.0,0.0
58,135,7.0,0.0
58,135,8.0,0.0
58,135,9.0,9.829789e-11
58,135,10.0,1.9377202e-19
58,135,11.0,2.274492e-12
58,135,12.0,2.0819821e-09
58,135,13.0,1.2036743e-08
58,135,14.0,2.0246992e-08
58,136,0.0,6.2002065e-10
58,136,1.0,3.3239758e-10
58,136,2.0,1.8411338e-08
58,136,3.0,2.7032359e-08
58,136,4.0,3.9921764e-09
58,136,5.0,9.847265e-12
58,136,6.0,1.3429985e-10
58,136,7.0,9.6512694e-11
58,136,8.0,9.434233e-10
58,136,9.0,3.201717e-10
58,136,10.0,2.2733053e-11
58,136,11.0,0.0
58,136,12.0,2.254993e-15
58,136,13.0,5.5921962e-08
58,136,14.0,2.8731456e-08
58,137,0.0,8.226992e-10
58,137,1.0,2.3495703e-09
58,137,2.0,2.082129e-09
58,137,3.0,7.801584e-09
58,137,4.0,2.0791543e-13
58,137,5.0,0.0
58,137,6.0,1.0900526e-08
58,137,7.0,5.9163334e-11
58,137,8.0,1.11142086e-07
58,137,9.0,0.0
58,137,10.0,1.509461e-08
58,137,11.0,8.191758e-09
58,137,12.0,3.3150048e-08
58,137,13.0,1.4644054e-08
58,137,14.0,1.4896724e-12
58,138,0.0,8.492434e-11
58,138,1.0,1.9424824e-09
58,138,2.0,5.427324e-08
58,138,3.0,0.0
58,138,4.0,4.1212006e-10
58,138,5.0,2.0495305e-10
58,138,6.0,1.05409645e-08
58,138,7.0,7.112483e-08
58,138,8.0,9.8424484e-11
58,138,9.0,2.783561e-09
58,138,10.0,4.949103e-08
58,138,11.0,0.0
58,138,12.0,0.0
58,138,13.0,6.744089e-09
58,138,14.0,5.396615e-08
58,139,0.0,9.848568e-10
58,139,1.0,0.0
58,139,2.0,0.0
58,139,3.0,0.0
58,139,4.0,1.3507767e-09
58,139,5.0,1.3331935e-11
58,139,6.0,7.1886404e-08
58,139,7.0,2.6340684e-08
58,139,8.0,2.0156496e-12
58,139,9.0,0.0
58,139,10.0,2.0387704e-07
58,139,11.0,1.7874108e-08
58,139,12.0,2.0620217e-10
58,139,13.0,0.0
58,139,14.0,0.0
58,140,0.0,1.7787837e-08
58,140,1.0,2.1774582e-09
58,140,2.0,7.847988e-08
58,140,3.0,2.63608e-10
58,140,4.0,2.8927419e-08
58,140,5.0,9.353416e-11
58,140,6.0,1.2932319e-09
58,140,7.0,2.3752565e-07
58,140,8.0,1.5157045e-08
58,140,9.0,1.2535821e-06
58,140,10.0,4.2125057e-06
58,140,11.0,1.0009864e-05
58,140,12.0,1.6586358e-05
58,140,13.0,2.384553e-05
58,140,14.0,3.9655915e-05
58,141,0.0,1.2666351e-05
58,141,1.0,3.8256366e-07
58,141,2.0,2.2824565e-06
58,141,3.0,2.3188493e-06
58,141,4.0,4.559051e-05
58,141,5.0,6.25787e-05
58,141,6.0,5.5620487e-05
58,141,7.0,7.608103e-05
58,141,8.0,8.1990846e-05
58,141,9.0,0.00015155174
58,141,10.0,0.00010193734
58,141,11.0,0.00011383914
58,141,12.0,0.00014848697
58,141,13.0,0.00014059542
58,141,14.0,0.0001277952
58,142,0.0,0.000110437046
58,142,1.0,0.00020137044
58,142,2.0,0.00014450519
58,142,3.0,0.00016238668
58,142,4.0,0.00020933895
58,142,5.0,0.0003395596
58,142,6.0,0.00037899162
58,142,7.0,0.00065401115
58,142,8.0,0.0006321819
58,142,9.0,0.00092344015
58,142,10.0,0.0010416893
58,142,11.0,0.0015835387
58,142,12.0,0.0015581272
58,142,13.0,0.0021863666
58,142,14.0,0.002313871
58,143,0.0,0.0009508348
58,143,1.0,0.0006283448
58,143,2.0,0.00068847364
58,143,3.0,0.0010751553
58,143,4.0,0.0017312721
58,143,5.0,0.002490274
58,143,6.0,0.0029023972
58,143,7.0,0.003501568
58,143,8.0,0.005160794
58,143,9.0,0.0058232863
58,143,10.0,0.0066746827
58,143,11.0,0.0077690408
58,143,12.0,0.008943051
58,143,13.0,0.00978895
58,143,14.0,0.00975157
58,144,0.0,0.007168112
58,144,1.0,0.0106643215
58,144,2.0,0.010213145
58,144,3.0,0.010891425
58,144,4.0,0.015105856
58,144,5.0,0.015304071
58,144,6.0,0.01701032
58,144,7.0,0.021861734
58,144,8.0,0.022124825
58,144,9.0,0.024091586
58,144,10.0,0.022469962
58,144,11.0,0.019352516
58,144,12.0,0.022802593
58,144,13.0,0.028249452
58,144,14.0,0.032515217
58,145,0.0,0.018956082
58,145,1.0,0.025507849
58,145,2.0,0.027958084
58,145,3.0,0.03541418
58,145,4.0,0.03934629
58,145,5.0,0.04298751
58,145,6.0,0.049461313
58,145,7.0,0.05388463
58,145,8.0,0.055078987
58,145,9.0,0.059183367
58,145,10.0,0.056197625
58,145,11.0,0.054144293
58,145,12.0,0.061976448
58,145,13.0,0.075119466
58,145,14.0,0.08683294
58,146,0.0,0.07779835
58,146,1.0,0.09019594
58,146,2.0,0.093836606
58,146,3.0,0.10249366
58,146,4.0,0.099308774
58,146,5.0,0.103773616
58,146,6.0,0.09719347
58,146,7.0,0.115954064
58,146,8.0,0.12188501
58,146,9.0,0.11259376
58,146,10.0,0.10328516
58,146,11.0,0.10413804
58,146,12.0,0.10486213
58,146,13.0,0.106753245
58,146,14.0,0.11875052
58,147,0.0,0.10526356
58,147,1.0,0.111046605
58,147,2.0,0.119186394
58,147,3.0,0.118728146
58,147,4.0,0.12307026
58,147,5.0,0.12835784
58,147,6.0,0.13562684
58,147,7.0,0.14605306
58,147,8.0,0.13641867
58,147,9.0,0.1316373
58,147,10.0,0.13081749
58,147,11.0,0.12550668
58,147,12.0,0.12679347
58,147,13.0,0.13955514
58,147,14.0,0.14417425
58,148,0.0,0.14399332
58,148,1.0,0.15364535
58,148,2.0,0.14555356
58,148,3.0,0.14727263
58,148,4.0,0.12106634
58,148,5.0,0.13555492
58,148,6.0,0.12987834
58,148,7.0,0.12249937
58,148,8.0,0.11256073
58,148,9.0,0.09987211
58,148,10.0,0.09425547
58,148,11.0,0.089602835
58,148,12.0,0.08596568
58,148,13.0,0.08858965
58,148,14.0,0.088062726
58,149,0.0,0.11644014
58,149,1.0,0.12489316
58,149,2.0,0.12611811
58,149,3.0,0.10939526
58,149,4.0,0.11430788
58,149,5.0,0.11483147
58,149,6.0,0.11356376
58,149,7.0,0.10141333
58,149,8.0,0.09027943
58,149,9.0,0.08666781
58,149,10.0,0.08518847
58,149,11.0,0.08411027
58,149,12.0,0.08322748
58,149,13.0,0.07718625
58,149,14.0,0.07792061
58,150,0.0,0.079951204
58,150,1.0,0.07995382
58,150,2.0,0.072047524
58,150,3.0,0.06257367
58,150,4.0,0.06395163
58,150,5.0,0.0604422
58,150,6.0,0.053158984
58,150,7.0,0.044303585
58,150,8.0,0.03939136
58,150,9.0,0.042615075
58,150,10.0,0.034850083
58,150,11.0,0.032096572
58,150,12.0,0.0220017
58,150,13.0,0.021127135
58,150,14.0,0.018788131
58,151,0.0,0.024456235
58,151,1.0,0.0338903
58,151,2.0,0.024859134
58,151,3.0,0.022831209
58,151,4.0,0.023793275
58,151,5.0,0.02403659
58,151,6.0,0.017733974
58,151,7.0,0.014826846
58,151,8.0,0.011969808
58,151,9.0,0.009468543
58,151,10.0,0.008277822
58,151,11.0,0.007519898
58,151,12.0,0.0073578735
58,151,13.0,0.007157721
58,151,14.0,0.005103547
58,152,0.0,0.004512805
58,152,1.0,0.0063098115
58,152,2.0,0.0055373637
58,152,3.0,0.003321277
58,152,4.0,0.003585528
58,152,5.0,0.002566969
58,152,6.0,0.002350973
58,152,7.0,0.002340503
58,152,8.0,0.0017295178
58,152,9.0,0.0016389798
58,152,10.0,0.0013645928
58,152,11.0,0.002168468
58,152,12.0,0.0007751936
58,152,13.0,0.0007117972
58,152,14.0,0.0007353227
58,153,0.0,0.0003474108
58,153,1.0,0.00092373346
58,153,2.0,0.0013030517
58,153,3.0,0.0007100479
58,153,4.0,0.00050199445
58,153,5.0,0.00040363602
58,153,6.0,0.00024303795
58,153,7.0,0.00024214582
58,153,8.0,0.00026591035
58,153,9.0,0.00012872685
58,153,10.0,0.0001158447
58,153,11.0,8.203209e-05
58,153,12.0,7.8003424e-05
58,153,13.0,6.3578205e-05
58,153,14.0,0.00020640033
58,154,0.0,9.9889694e-05
58,154,1.0,3.4032342e-05
58,154,2.0,4.1516152e-05
58,154,3.0,2.4175586e-05
58,154,4.0,1.8878425e-05
58,154,5.0,5.031224e-06
58,154,6.0,4.870729e-06
58,154,7.0,3.9744896e-06
58,154,8.0,1.5013929e-07
58,154,9.0,1.9385173e-08
58,154,10.0,3.22988e-08
58,154,11.0,0.0
58,154,12.0,0.0
58,154,13.0,1.05687466e-10
58,154,14.0,2.5720723e-07
58,155,0.0,4.25861e-08
58,155,1.0,2.4208104e-08
58,155,2.0,1.36824095e-14
58,155,3.0,3.82227e-12
58,155,4.0,2.2954518e-09
58,155,5.0,6.2265055e-09
58,155,6.0,1.9585906e-08
58,155,7.0,2.673401e-09
58,155,8.0,3.5240675e-09
58,155,9.0,2.5083615e-08
58,155,10.0,9.419045e-09
58,155,11.0,1.8270066e-10
58,155,12.0,2.722791e-08
58,155,13.0,9.333465e-08
58,155,14.0,7.9778495e-08
58,156,0.0,1.1197279e-08
58,156,1.0,0.0
58,156,2.0,0.0
58,156,3.0,1.2427022e-09
58,156,4.0,1.6032637e-09
58,156,5.0,1.292358e-09
58,156,6.0,0.0
58,156,7.0,0.0
58,156,8.0,1.4242918e-09
58,156,9.0,3.088124e-08
58,156,10.0,5.7691793e-08
58,156,11.0,0.0
58,156,12.0,0.0
58,156,13.0,0.0
58,156,14.0,0.0
58,157,0.0,6.0369407e-13
58,157,1.0,1.1992735e-10
58,157,2.0,8.2623913e-10
58,157,3.0,2.9173847e-08
58,157,4.0,5.312984e-08
58,157,5.0,5.4875102e-08
58,157,6.0,3.8125684e-08
58,157,7.0,1.5724388e-09
58,157,8.0,8.2836e-09
58,157,9.0,1.6495449e-08
58,157,10.0,9.3972945e-09
58,157,11.0,4.8201663e-08
58,157,12.0,9.06691e-08
58,157,13.0,1.3650016e-08
58,157,14.0,1.3847185e-09
58,158,0.0,2.0354256e-14
58,158,1.0,2.168519e-08
58,158,2.0,6.663374e-10
58,158,3.0,6.2733463e-09
58,158,4.0,2.296848e-10
58,158,5.0,2.611371e-11
58,158,6.0,1.1105615e-10
58,158,7.0,1.1910863e-10
58,158,8.0,4.354541e-14
58,158,9.0,3.1614142e-08
58,158,10.0,5.6238003e-10
58,158,11.0,0.0
58,158,12.0,0.0
58,158,13.0,1.0057739e-07
58,158,14.0,1.156891e-08
58,159,0.0,0.0
58,159,1.0,0.0
58,159,2.0,0.0
58,159,3.0,1.23321735e-08
58,159,4.0,1.1144644e-07
58,159,5.0,1.07621105e-07
58,159,6.0,7.990079e-08
58,159,7.0,1.1591267e-08
58,159,8.0,1.0321698e-09
58,159,9.0,5.885709e-13
58,159,10.0,4.464777e-10
58,159,11.0,1.2928205e-09
58,159,12.0,2.0827574e-08
58,159,13.0,5.3020624e-08
58,159,14.0,1.00030615e-08
58,160,0.0,2.0550346e-13
58,160,1.0,0.0
58,160,2.0,0.0
58,160,3.0,5.772418e-10
58,160,4.0,9.973999e-09
58,160,5.0,2.3955655e-09
58,160,6.0,1.4755092e-10
58,160,7.0,1.4085758e-09
58,160,8.0,0.0
58,160,9.0,0.0
58,160,10.0,1.0750264e-10
58,160,11.0,3.601549e-08
58,160,12.0,2.1170071e-07
58,160,13.0,2.7848597e-07
58,160,14.0,1.2344595e-08
59,138,0.0,5.858248e-10
59,138,1.0,1.3740415e-08
59,138,2.0,8.107158e-10
59,138,3.0,0.0
59,138,4.0,0.0
59,138,5.0,1.5816862e-11
59,138,6.0,4.5412095e-13
59,138,7.0,0.0
59,138,8.0,1.05679604e-10
59,138,9.0,1.0875113e-08
59,138,10.0,6.0558e-08
59,138,11.0,8.175553e-09
59,138,12.0,2.6008882e-09
59,138,13.0,1.21610615e-08
59,138,14.0,2.4141924e-09
59,139,0.0,4.6638057e-08
59,139,1.0,8.404637e-09
59,139,2.0,1.1784164e-07
59,139,3.0,1.015029e-08
59,139,4.0,2.1516207e-09
59,139,5.0,4.160683e-09
59,139,6.0,1.9655353e-09
59,139,7.0,3.37658e-08
59,139,8.0,0.0
59,139,9.0,0.0
59,139,10.0,9.627854e-09
59,139,11.0,6.352374e-10
59,139,12.0,1.6685104e-09
59,139,13.0,1.2094245e-12
59,139,14.0,6.213835e-08
59,140,0.0,0.0
59,140,1.0,0.0
59,140,2.0,0.0
59,140,3.0,0.0
59,140,4.0,0.0
59,140,5.0,1.0348341e-08
59,140,6.0,0.0
59,140,7.0,0.0
59,140,8.0,4.659305e-08
59,140,9.0,2.4875414e-08
59,140,10.0,2.831883e-12
59,140,11.0,1.9449883e-08
59,140,12.0,1.1995016e-08
59,140,13.0,6.950139e-08
59,140,14.0,3.197148e-08
59,141,0.0,5.644933e-09
59,141,1.0,0.0
59,141,2.0,1.1701652e-10
59,141,3.0,0.0
59,141,4.0,0.0
59,141,5.0,0.0
59,141,6.0,0.0
59,141,7.0,0.0
59,141,8.0,0.0
59,141,9.0,0.0
59,141,10.0,0.0
59,141,11.0,0.0
59,141,12.0,0.0
59,141,13.0,7.8030325e-08
59,141,14.0,1.4295347e-07
59,142,0.0,3.4995906e-10
59,142,1.0,0.0
59,142,2.0,0.0
59,142,3.0,0.0
59,142,4.0,0.0
59,142,5.0,0.0
59,142,6.0,0.0
59,142,7.0,0.0
59,142,8.0,1.0895185e-08
59,142,9.0,6.0926073e-12
59,142,10.0,2.1128875e-08
59,142,11.0,1.3235212e-09
59,142,12.0,1.1073629e-07
59,142,13.0,1.2644458e-05
59,142,14.0,2.1662701e-05
59,143,0.0,4.4179894e-12
59,143,1.0,0.0
59,143,2.0,0.0
59,143,3.0,0.0
59,143,4.0,0.0
59,143,5.0,0.0
59,143,6.0,1.8302309e-07
59,143,7.0,2.8526842e-06
59,143,8.0,2.837856e-06
59,143,9.0,3.1922893e-06
59,143,10.0,1.03519815e-05
59,143,11.0,1.9386605e-05
59,143,12.0,8.493703e-05
59,143,13.0,6.889214e-05
59,143,14.0,0.000112467664
59,144,0.0,3.7269118e-08
59,144,1.0,3.8652595e-10
59,144,2.0,8.240173e-11
59,144,3.0,9.470372e-08
59,144,4.0,1.05867075e-05
59,144,5.0,2.4889123e-05
59,144,6.0,6.899225e-05
59,144,7.0,7.3240844e-05
59,144,8.0,9.819845e-05
59,144,9.0,9.954626e-05
59,144,10.0,9.503614e-05
59,144,11.0,7.771998e-05
59,144,12.0,0.00015946024
59,144,13.0,0.00019351275
59,144,14.0,0.00025777868
59,145,0.0,0.00010196528
59,145,1.0,5.9347654e-05
59,145,2.0,0.00012058471
59,145,3.0,0.0001040602
59,145,4.0,0.00020057261
59,145,5.0,0.0003435001
59,145,6.0,0.00039831805
59,145,7.0,0.00046772507
59,145,8.0,0.00053265714
59,145,9.0,0.00069781876
59,145,10.0,0.0009196592
59,145,11.0,0.0012698945
59,145,12.0,0.0017444586
59,145,13.0,0.001813571
59,145,14.0,0.0021353601
59,146,0.0,0.00035175984
59,146,1.0,0.00038282078
59,146,2.0,0.0006892687
59,146,3.0,0.0009389455
59,146,4.0,0.0012381141
59,146,5.0,0.0016814517
59,146,6.0,0.001959097
59,146,7.0,0.0026152772
59,146,8.0,0.00306674
59,146,9.0,0.004149686
59,146,10.0,0.0058286306
59,146,11.0,0.006536168
59,146,12.0,0.0076812706
59,146,13.0,0.008761451
59,146,14.0,0.008543101
59,147,0.0,0.0026973211
59,147,1.0,0.00296506
59,147,2.0,0.0039709164
59,147,3.0,0.00586547
59,147,4.0,0.008785482
59,147,5.0,0.010935448
59,147,6.0,0.014962484
59,147,7.0,0.0136194285
59,147,8.0,0.015174705
59,147,9.0,0.01411178
59,147,10.0,0.014053772
59,147,11.0,0.018028578
59,147,12.0,0.019507397
59,147,13.0,0.020875094
59,147,14.0,0.021394646
59,148,0.0,0.010420742
59,148,1.0,0.009763558
59,148,2.0,0.014030956
59,148,3.0,0.018482078
59,148,4.0,0.021172991
59,148,5.0,0.024162062
59,148,6.0,0.034241423
59,148,7.0,0.030174702
59,148,8.0,0.028782291
59,148,9.0,0.025881743
59,148,10.0,0.028556412
59,148,11.0,0.029919686
59,148,12.0,0.036646806
59,148,13.0,0.031975683
59,148,14.0,0.032850508
59,149,0.0,0.02473834
59,149,1.0,0.028228667
59,149,2.0,0.030416392
59,149,3.0,0.03804112
59,149,4.0,0.04489978
59,149,5.0,0.053699944
59,149,6.0,0.051849734
59,149,7.0,0.06421603
59,149,8.0,0.054878753
59,149,9.0,0.051678963
59,149,10.0,0.049782578
59,149,11.0,0.054082513
59,149,12.0,0.053140696
59,149,13.0,0.050229
59,149,14.0,0.04801341
59,150,0.0,0.030818947
59,150,1.0,0.034177855
59,150,2.0,0.046771523
59,150,3.0,0.05604313
59,150,4.0,0.06838063
59,150,5.0,0.07253328
59,150,6.0,0.0706185
59,150,7.0,0.07139707
59,150,8.0,0.0589778
59,150,9.0,0.05468208
59,150,10.0,0.056964252
59,150,11.0,0.049902722
59,150,12.0,0.049798135
59,150,13.0,0.0531626
59,150,14.0,0.04433722
59,151,0.0,0.036142442
59,151,1.0,0.042361695
59,151,2.0,0.051417578
59,151,3.0,0.057153136
59,151,4.0,0.07021818
59,151,5.0,0.06174855
59,151,6.0,0.066700056
59,151,7.0,0.05574934
59,151,8.0,0.044551697
59,151,9.0,0.04420115
59,151,10.0,0.041780923
59,151,11.0,0.036606155
59,151,12.0,0.03455302
59,151,13.0,0.03278531
59,151,14.0,0.031644534
59,152,0.0,0.019142617
59,152,1.0,0.02400319
59,152,2.0,0.03045077
59,152,3.0,0.030007796
59,152,4.0,0.036275327
59,152,5.0,0.03601362
59,152,6.0,0.038840175
59,152,7.0,0.023170449
59,152,8.0,0.023532515
59,152,9.0,0.018842315
59,152,10.0,0.016390987
59,152,11.0,0.01553426
59,152,12.0,0.013217273
59,152,13.0,0.012877392
59,152,14.0,0.010631481
59,153,0.0,0.004482982
59,153,1.0,0.007708547
59,153,2.0,0.012419468
59,153,3.0,0.011871165
59,153,4.0,0.016953176
59,153,5.0,0.014428429
59,153,6.0,0.010939831
59,153,7.0,0.0075356057
59,153,8.0,0.0054131616
59,153,9.0,0.005493098
59,153,10.0,0.004030012
59,153,11.0,0.003654208
59,153,12.0,0.003210059
59,153,13.0,0.002826901
59,153,14.0,0.0026999223
59,154,0.0,0.0015042822
59,154,1.0,0.002346101
59,154,2.0,0.0024567593
59,154,3.0,0.0026815566
59,154,4.0,0.0017041628
59,154,5.0,0.0018067405
59,154,6.0,0.0015730344
59,154,7.0,0.0006569862
59,154,8.0,0.0007373273
59,154,9.0,0.00060601893
59,154,10.0,0.0004864389
59,154,11.0,0.00037498836
59,154,12.0,0.00045226695
59,154,13.0,0.00030241496
59,154,14.0,0.00022837704
59,155,0.0,0.00014558532
59,155,1.0,0.00021572274
59,155,2.0,0.0001285173
59,155,3.0,0.000135935
59,155,4.0,0.00011917602
59,155,5.0,0.000104852625
59,155,6.0,8.601279e-05
59,155,7.0,5.903781e-05
59,155,8.0,7.043875e-06
59,155,9.0,2.969623e-05
59,155,10.0,1.7496463e-05
59,155,11.0,1.140177e-05
59,155,12.0,5.999961e-06
59,155,13.0,1.803999e-05
59,155,14.0,1.2913446e-05
59,156,0.0,2.4279035e-07
59,156,1.0,7.258868e-06
59,156,2.0,1.0638797e-05
59,156,3.0,2.1699783e-05
59,156,4.0,1.8552546e-06
59,156,5.0,5.3223353e-06
59,156,6.0,1.3892172e-05
59,156,7.0,1.735994e-06
59,156,8.0,1.0851911e-06
59,156,9.0,1.0707751e-12
59,156,10.0,3.4138807e-08
59,156,11.0,1.8660629e-09
59,156,12.0,3.119736e-08
59,156,13.0,1.5094448e-08
59,156,14.0,0.0
59,157,0.0,4.5964157e-08
59,157,1.0,2.0465793e-08
59,157,2.0,2.3493774e-07
59,157,3.0,1.3063755e-07
59,157,4.0,1.6278011e-07
59,157,5.0,1.8707988e-08
59,157,6.0,4.8632003e-08
59,157,7.0,1.7141988e-10
59,157,8.0,9.716215e-09
59,157,9.0,1.0503499e-09
59,157,10.0,2.1761666e-09
59,157,11.0,1.0463422e-08
59,157,12.0,1.12682965e-08
59,157,13.0,5.5430155e-10
59,157,14.0,5.0389555e-09
59,158,0.0,9.698616e-08
59,158,1.0,2.2402007e-08
59,158,2.0,8.13949e-08
59,158,3.0,1.1001853e-08
59,158,4.0,8.1227813e-07
59,158,5.0,5.4574446e-07
59,158,6.0,4.869178e-09
59,158,7.0,5.9802254e-08
59,158,8.0,4.5731454e-09
59,158,9.0,9.094392e-09
59,158,10.0,3.0948215e-09
59,158,11.0,0.0
59,158,12.0,1.0071112e-09
59,158,13.0,6.075569e-09
59,158,14.0,0.0
59,159,0.0,1.8628977e-08
59,159,1.0,5.1101228e-08
59,159,2.0,2.4501398e-08
59,159,3.0,1.0430011e-09
59,159,4.0,2.29561e-13
59,159,5.0,0.0
59,159,6.0,1.0418357e-08
59,159,7.0,1.2471744e-09
59,159,8.0,5.5116207e-11
59,159,9.0,2.797345e-10
59,159,10.0,6.330598e-09
59,159,11.0,5.9237704e-09
59,159,12.0,3.441117e-08
59,159,13.0,1.6741643e-08
59,159,14.0,3.119568e-08
59,160,0.0,0.0
59,160,1.0,8.000179e-13
59,160,2.0,0.0
59,160,3.0,0.0
59,160,4.0,1.1564996e-11
59,160,5.0,8.080566e-14
59,160,6.0,0.0
59,160,7.0,3.3349785e-09
59,160,8.0,5.2050183e-08
59,160,9.0,1.8152462e-09
59,160,10.0,1.06404434e-10
59,160,11.0,7.956142e-08
59,160,12.0,2.0786477e-08
59,160,13.0,1.0846071e-08
59,160,14.0,7.712118e-09
59,161,0.0,0.0
59,161,1.0,4.3324944e-09
59,161,2.0,2.9101025e-11
59,161,3.0,0.0
59,161,4.0,2.7452476e-08
59,161,5.0,3.9902015e-10
59,161,6.0,2.1817173e-09
59,161,7.0,1.2965083e-07
59,161,8.0,7.7287304e-14
59,161,9.0,5.9656573e-09
59,161,10.0,0.0
59,161,11.0,2.045886e-08
59,161,12.0,1.9124862e-09
59,161,13.0,1.03658936e-10
59,161,14.0,2.1469164e-10
59,162,0.0,9.940634e-08
59,162,1.0,7.738546e-11
59,162,2.0,7.771051e-09
59,162,3.0,1.2649638e-08
59,162,4.0,1.2106314e-07
59,162,5.0,4.1691672e-10
59,162,6.0,2.748885e-08
59,162,7.0,6.151177e-10
59,162,8.0,1.9338213e-08
59,162,9.0,3.6678657e-10
59,162,10.0,3.2781127e-09
59,162,11.0,9.7819566e-08
59,162,12.0,1.0480065e-06
59,162,13.0,6.4174253e-07
59,162,14.0,4.6664543e-12
60,141,0.0,1.4487135e-09
60,141,1.0,5.823078e-09
60,141,2.0,1.1754187e-08
60,141,3.0,1.3658433e-11
60,141,4.0,1.6899309e-09
60,141,5.0,7.739034e-09
60,141,6.0,3.022422e-08
60,141,7.0,9.135427e-09
60,141,8.0,1.16491705e-08
60,141,9.0,1.8176646e-10
60,141,10.0,4.6906787e-11
60,141,11.0,2.955943e-10
60,141,12.0,9.598116e-08
60,141,13.0,2.5423004e-09
60,141,14.0,5.8350067e-09
60,142,0.0,2.5536942e-10
60,142,1.0,6.501135e-11
60,142,2.0,6.8399174e-08
60,142,3.0,0.0
60,142,4.0,0.0
60,142,5.0,9.6754445e-12
60,142,6.0,3.1748392e-11
60,142,7.0,0.0
60,142,8.0,1.4909114e-10
60,142,9.0,7.1488865e-10
60,142,10.0,0.0
60,142,11.0,5.0944378e-09
60,142,12.0,1.19126696e-07
60,142,13.0,1.2875196e-06
60,142,14.0,1.987225e-07
60,143,0.0,3.6570407e-09
60,143,1.0,1.4252976e-07
60,143,2.0,0.0
60,143,3.0,0.0
60,143,4.0,2.1259392e-09
60,143,5.0,3.0046724e-08
60,143,6.0,3.4406862e-09
60,143,7.0,1.797947e-07
60,143,8.0,1.667911e-07
60,143,9.0,2.4674682e-09
60,143,10.0,4.0602015e-09
60,143,11.0,2.3616474e-08
60,143,12.0,1.17105635e-07
60,143,13.0,1.6399705e-08
60,143,14.0,4.6185345e-08
60,144,0.0,1.363135e-11
60,144,1.0,0.0
60,144,2.0,0.0
60,144,3.0,7.427329e-17
60,144,4.0,0.0
60,144,5.0,2.0768322e-12
60,144,6.0,9.0779266e-11
60,144,7.0,0.0
60,144,8.0,0.0
60,144,9.0,0.0
60,144,10.0,2.3179192e-08
60,144,11.0,7.005669e-08
60,144,12.0,1.1037635e-07
60,144,13.0,8.1749e-07
60,144,14.0,5.3992505e-07
60,145,0.0,0.0
60,145,1.0,0.0
60,145,2.0,0.0
60,145,3.0,1.7625206e-07
60,145,4.0,4.2785735e-09
60,145,5.0,8.1701046e-07
60,145,6.0,9.705953e-13
60,145,7.0,1.2170314e-08
60,145,8.0,9.460032e-10
60,145,9.0,1.9779869e-09
60,145,10.0,1.6489287e-09
60,145,11.0,3.2364443e-07
60,145,12.0,3.997865e-08
60,145,13.0,1.0836065e-08
60,145,14.0,3.4406899e-06
60,146,0.0,0.0
60,146,1.0,0.0
60,146,2.0,0.0
60,146,3.0,0.0
60,146,4.0,0.0
60,146,5.0,0.0
60,146,6.0,0.0
60,146,7.0,3.295674e-06
60,146,8.0,4.3209966e-06
60,146,9.0,2.289114e-06
60,146,10.0,1.4459009e-05
60,146,11.0,2.472035e-05
60,146,12.0,2.1387192e-05
60,146,13.0,4.741268e-05
60,146,14.0,0.00011212267
60,147,0.0,3.4690554e-05
60,147,1.0,3.4492467e-05
60,147,2.0,3.4234847e-05
60,147,3.0,7.197054e-05
60,147,4.0,9.869334e-05
60,147,5.0,0.00010865037
60,147,6.0,0.00013639843
60,147,7.0,0.00020645843
60,147,8.0,0.00019460703
60,147,9.0,0.00018496708
60,147,10.0,0.0001907565
60,147,11.0,0.00031779864
60,147,12.0,0.0005102771
60,147,13.0,0.0007107663
60,147,14.0,0.0007454443
60,148,0.0,8.686854e-05
60,148,1.0,0.00022675618
60,148,2.0,0.0001972024
60,148,3.0,0.00016246241
60,148,4.0,0.0006800941
60,148,5.0,0.0010144261
60,148,6.0,0.00149102
60,148,7.0,0.0015469406
60,148,8.0,0.0014917771
60,148,9.0,0.0015147623
60,148,10.0,0.0016681791
60,148,11.0,0.0022782888
60,148,12.0,0.003701067
60,148,13.0,0.0040496374
60,148,14.0,0.004471475
60,149,0.0,0.0011620786
60,149,1.0,0.0011693895
60,149,2.0,0.0010268125
60,149,3.0,0.0017114716
60,149,4.0,0.0031853293
60,149,5.0,0.0043585845
60,149,6.0,0.0046386127
60,149,7.0,0.005452233
60,149,8.0,0.005236773
60,149,9.0,0.0044491617
60,149,10.0,0.004333976
60,149,11.0,0.006729177
60,149,12.0,0.007475976
60,149,13.0,0.008916591
60,149,14.0,0.009072007
60,150,0.0,0.0040333937
60,150,1.0,0.0048084506
60,150,2.0,0.007887319
60,150,3.0,0.009708159
60,150,4.0,0.0091582
60,150,5.0,0.010395272
60,150,6.0,0.0113544995
60,150,7.0,0.010396145
60,150,8.0,0.011867281
60,150,9.0,0.013683688
60,150,10.0,0.013808291
60,150,11.0,0.01643412
60,150,12.0,0.0136458725
60,150,13.0,0.018648854
60,150,14.0,0.017119557
60,151,0.0,0.0072901733
60,151,1.0,0.014723278
60,151,2.0,0.016821032
60,151,3.0,0.021591479
60,151,4.0,0.022378473
60,151,5.0,0.03244459
60,151,6.0,0.036235023
60,151,7.0,0.030599542
60,151,8.0,0.026677705
60,151,9.0,0.024260934
60,151,10.0,0.029657537
60,151,11.0,0.033785585
60,151,12.0,0.035130635
60,151,13.0,0.03723131
60,151,14.0,0.0332485
60,152,0.0,0.017618379
60,152,1.0,0.023364998
60,152,2.0,0.028556883
60,152,3.0,0.031190336
60,152,4.0,0.04115231
60,152,5.0,0.04399432
60,152,6.0,0.044317216
60,152,7.0,0.040345635
60,152,8.0,0.028284675
60,152,9.0,0.026166968
60,152,10.0,0.026512792
60,152,11.0,0.025983693
60,152,12.0,0.026913824
60,152,13.0,0.025655344
60,152,14.0,0.024871854
60,153,0.0,0.014843133
60,153,1.0,0.020868234
60,153,2.0,0.030541934
60,153,3.0,0.03959721
60,153,4.0,0.04241944
60,153,5.0,0.0458235
60,153,6.0,0.042603716
60,153,7.0,0.03160829
60,153,8.0,0.026859533
60,153,9.0,0.024771484
60,153,10.0,0.025100734
60,153,11.0,0.024023829
60,153,12.0,0.023645133
60,153,13.0,0.021288311
60,153,14.0,0.018775273
60,154,0.0,0.011377829
60,154,1.0,0.0122228265
60,154,2.0,0.016775249
60,154,3.0,0.021542357
60,154,4.0,0.020317787
60,154,5.0,0.01958671
60,154,6.0,0.019412175
60,154,7.0,0.012555948
60,154,8.0,0.011038729
60,154,9.0,0.010153344
60,154,10.0,0.008068887
60,154,11.0,0.008494585
60,154,12.0,0.0068752076
60,154,13.0,0.006138303
60,154,14.0,0.006890867
60,155,0.0,0.0033942852
60,155,1.0,0.0034250983
60,155,2.0,0.006595202
60,155,3.0,0.007733754
60,155,4.0,0.0073916805
60,155,5.0,0.008021138
60,155,6.0,0.0067566754
60,155,7.0,0.0055565806
60,155,8.0,0.0043306807
60,155,9.0,0.004423353
60,155,10.0,0.0040152227
60,155,11.0,0.0039963494
60,155,12.0,0.0036053455
60,155,13.0,0.0032255864
60,155,14.0,0.002572673
60,156,0.0,0.0007605533
60,156,1.0,0.0008950809
60,156,2.0,0.0016747786
60,156,3.0,0.0018751005
60,156,4.0,0.0012854321
60,156,5.0,0.0012827414
60,156,6.0,0.001241922
60,156,7.0,0.0006178883
60,156,8.0,0.0006044676
60,156,9.0,0.0005793569
60,156,10.0,0.0002633472
60,156,11.0,0.00038789146
60,156,12.0,0.00044938625
60,156,13.0,0.000366151
60,156,14.0,5.6493012e-05
60,157,0.0,8.060424e-05
60,157,1.0,0.00030571313
60,157,2.0,0.00054836005
60,157,3.0,0.0005359385
60,157,4.0,0.0005003515
60,157,5.0,0.0005310644
60,157,6.0,0.0005455104
60,157,7.0,0.00045748038
60,157,8.0,0.00026165947
60,157,9.0,0.00024238182
60,157,10.0,0.00029935795
60,157,11.0,0.0002849487
60,157,12.0,0.0001786786
60,157,13.0,0.0002661758
60,157,14.0,0.00021271515
60,158,0.0,2.7698357e-05
60,158,1.0,4.4575998e-05
60,158,2.0,6.3301915e-05
60,158,3.0,9.30235e-05
60,158,4.0,0.00015689507
60,158,5.0,0.00016269197
60,158,6.0,0.00010955217
60,158,7.0,6.526248e-05
60,158,8.0,2.652076e-05
60,158,9.0,2.93271e-05
60,158,10.0,7.399808e-05
60,158,11.0,4.2717285e-05
60,158,12.0,5.1602805e-05
60,158,13.0,5.1965017e-05
60,158,14.0,4.428873e-05
60,159,0.0,1.314914e-05
60,159,1.0,6.676446e-06
60,159,2.0,2.9855737e-05
60,159,3.0,2.0795764e-05
60,159,4.0,1.2640629e-05
60,159,5.0,1.5664567e-05
60,159,6.0,2.3830402e-05
60,159,7.0,1.4922659e-05
60,159,8.0,1.5312688e-05
60,159,9.0,5.9666155e-07
60,159,10.0,3.2062786e-08
60,159,11.0,8.61247e-09
60,159,12.0,1.5573028e-07
60,159,13.0,4.417855e-06
60,159,14.0,1.1631406e-06
60,160,0.0,9.403668e-09
60,160,1.0,5.492664e-10
60,160,2.0,0.0
60,160,3.0,5.900836e-11
60,160,4.0,2.3935698e-10
60,160,5.0,4.8073043e-12
60,160,6.0,0.0
60,160,7.0,0.0
60,160,8.0,0.0
60,160,9.0,6.36789e-11
60,160,10.0,1.9700034e-08
60,160,11.0,1.7311988e-08
60,160,12.0,1.8648554e-10
60,160,13.0,1.12902736e-10
60,160,14.0,4.2570907e-08
60,161,0.0,0.0
60,161,1.0,7.388207e-09
60,161,2.0,2.3064525e-08
60,161,3.0,3.080847e-09
60,161,4.0,1.8596271e-14
60,161,5.0,4.6136914e-12
60,161,6.0,3.0783037e-10
60,161,7.0,2.9797247e-14
60,161,8.0,0.0
60,161,9.0,0.0
60,161,10.0,4.795603e-11
60,161,11.0,4.0076845e-10
60,161,12.0,0.0
60,161,13.0,0.0
60,161,14.0,0.0
60,162,0.0,1.0183895e-09
60,162,1.0,0.0
60,162,2.0,1.733709e-10
60,162,3.0,1.2658165e-09
60,162,4.0,5.770177e-09
60,162,5.0,5.3488257e-08
60,162,6.0,4.1824015e-09
60,162,7.0,4.017517e-10
60,162,8.0,8.2284574e-10
60,162,9.0,5.202526e-10
60,162,10.0,8.482129e-09
60,162,11.0,2.1231639e-08
60,162,12.0,3.914616e-09
60,162,13.0,3.921892e-10
60,162,14.0,1.5831441e-08
60,163,0.0,3.2301928e-09
60,163,1.0,0.0
60,163,2.0,9.017775e-11
60,163,3.0,9.9003146e-11
60,163,4.0,5.0181694e-09
60,163,5.0,1.0681299e-08
60,163,6.0,3.397724e-09
60,163,7.0,8.7177493e-10
60,163,8.0,1.7837648e-08
60,163,9.0,6.068097e-08
60,163,10.0,3.8173845e-08
60,163,11.0,3.0634823e-08
60,163,12.0,2.2040263e-09
60,163,13.0,2.69104e-09
60,163,14.0,0.0
60,164,0.0,0.0
60,164,1.0,0.0
60,164,2.0,0.0
60,164,3.0,0.0
60,164,4.0,0.0
60,164,5.0,0.0
60,164,6.0,0.0
60,164,7.0,0.0
60,164,8.0,0.0
60,164,9.0,0.0
60,164,10.0,0.0
60,164,11.0,0.0
60,164,12.0,0.0
60,164,13.0,0.0
60,164,14.0,5.5287615e-11
61,144,0.0,6.641642e-08
61,144,1.0,5.330527e-12
61,144,2.0,5.13785e-09
61,144,3.0,1.5291062e-09
61,144,4.0,6.3662776e-11
61,144,5.0,2.619564e-09
61,144,6.0,1.9711013e-09
61,144,7.0,0.0
61,144,8.0,1.6331118e-10
61,144,9.0,6.580759e-09
61,144,10.0,2.0670534e-08
61,144,11.0,3.3510683e-09
61,144,12.0,0.0
61,144,13.0,1.0655417e-09
61,144,14.0,2.327442e-09
61,145,0.0,1.0404595e-08
61,145,1.0,1.04031214e-10
61,145,2.0,9.0712673e-11
61,145,3.0,1.5240985e-09
61,145,4.0,9.315653e-12
61,145,5.0,1.0355387e-09
61,145,6.0,2.4865123e-09
61,145,7.0,0.0
61,145,8.0,2.2035278e-09
61,145,9.0,2.913928e-07
61,145,10.0,9.02407e-08
61,145,11.0,5.216695e-10
61,145,12.0,0.0
61,145,13.0,6.390548e-08
61,145,14.0,6.404573e-14
61,146,0.0,2.3290896e-07
61,146,1.0,2.3944635e-09
61,146,2.0,1.7805553e-09
61,146,3.0,0.0
61,146,4.0,5.5471343e-09
61,146,5.0,1.189599e-08
61,146,6.0,1.9957773e-07
61,146,7.0,9.9028476e-08
61,146,8.0,2.4731908e-09
61,146,9.0,2.728071e-07
61,146,10.0,3.4747802e-07
61,146,11.0,7.760992e-09
61,146,12.0,2.5814254e-08
61,146,13.0,5.611283e-10
61,146,14.0,4.9822148e-08
61,147,0.0,5.778863e-09
61,147,1.0,1.3560065e-08
61,147,2.0,2.6831865e-08
61,147,3.0,2.4355715e-09
61,147,4.0,9.970685e-10
61,147,5.0,6.176807e-08
61,147,6.0,3.4838724e-08
61,147,7.0,5.0471694e-08
61,147,8.0,5.1661218e-09
61,147,9.0,1.4163032e-07
61,147,10.0,2.1281165e-08
61,147,11.0,3.9283535e-08
61,147,12.0,2.5852498e-07
61,147,13.0,6.4360925e-08
61,147,14.0,9.9642804e-08
61,148,0.0,2.5546548e-08
61,148,1.0,0.0
61,148,2.0,1.7075318e-09
61,148,3.0,1.4146592e-07
61,148,4.0,7.865386e-08
61,148,5.0,1.613055e-10
61,148,6.0,2.0765436e-08
61,148,7.0,1.0227046e-11
61,148,8.0,0.0
61,148,9.0,0.0
61,148,10.0,1.8426366e-10
61,148,11.0,4.0105192e-08
61,148,12.0,5.930374e-09
61,148,13.0,6.376845e-10
61,148,14.0,1.15584085e-08
61,149,0.0,0.0
61,149,1.0,1.5291884e-07
61,149,2.0,1.6055324e-07
61,149,3.0,3.061961e-09
61,149,4.0,1.0969431e-07
61,149,5.0,2.0435825e-08
61,149,6.0,3.586798e-06
61,149,7.0,5.1393927e-06
61,149,8.0,4.8188684e-07
61,149,9.0,5.0958465e-06
61,149,10.0,1.6205735e-06
61,149,11.0,1.6274142e-05
61,149,12.0,5.8985643e-05
61,149,13.0,0.00017248835
61,149,14.0,0.000112970716
61,150,0.0,1.5534407e-06
61,150,1.0,5.8216763e-08
61,150,2.0,1.1145425e-09
61,150,3.0,2.510969e-06
61,150,4.0,0.00017893889
61,150,5.0,6.2164174e-05
61,150,6.0,0.0001381491
61,150,7.0,0.00016392415
61,150,8.0,0.00012608367
61,150,9.0,0.00018641022
61,150,10.0,0.00031512702
61,150,11.0,0.000448794
61,150,12.0,0.0005316637
61,150,13.0,0.00061474176
61,150,14.0,0.000557511
61,151,0.0,3.4485598e-05
61,151,1.0,0.00010665645
61,151,2.0,0.00024860248
61,151,3.0,0.00045412165
61,151,4.0,0.0013836164
61,151,5.0,0.0010348305
61,151,6.0,0.0016669449
61,151,7.0,0.0017348651
61,151,8.0,0.001640228
61,151,9.0,0.0011496311
61,151,10.0,0.0010084163
61,151,11.0,0.0022676135
61,151,12.0,0.0032064174
61,151,13.0,0.0032459588
61,151,14.0,0.003809707
61,152,0.0,0.00013867964
61,152,1.0,0.00062254176
61,152,2.0,0.0014355414
61,152,3.0,0.0030123307
61,152,4.0,0.0032397162
61,152,5.0,0.003623218
61,152,6.0,0.0035400533
61,152,7.0,0.0039652884
61,152,8.0,0.0038087072
61,152,9.0,0.004641012
61,152,10.0,0.004752857
61,152,11.0,0.0061060884
61,152,12.0,0.007779028
61,152,13.0,0.009084028
61,152,14.0,0.007866651
61,153,0.0,0.00083221076
61,153,1.0,0.0018745383
61,153,2.0,0.0054582823
61,153,3.0,0.0060319426
61,153,4.0,0.009328587
61,153,5.0,0.010153546
61,153,6.0,0.0155525645
61,153,7.0,0.009102408
61,153,8.0,0.01104746
61,153,9.0,0.009105785
61,153,10.0,0.012382473
61,153,11.0,0.01366221
61,153,12.0,0.013011157
61,153,13.0,0.012073974
61,153,14.0,0.011397469
61,154,0.0,0.002363366
61,154,1.0,0.0036707632
61,154,2.0,0.0075693503
61,154,3.0,0.012593699
61,154,4.0,0.018641395
61,154,5.0,0.020974515
61,154,6.0,0.018456828
61,154,7.0,0.013931985
61,154,8.0,0.01122198
61,154,9.0,0.011806914
61,154,10.0,0.012531124
61,154,11.0,0.015047461
61,154,12.0,0.015373477
61,154,13.0,0.0150920125
61,154,14.0,0.010473011
61,155,0.0,0.0013123553
61,155,1.0,0.003972327
61,155,2.0,0.008733028
61,155,3.0,0.012760902
61,155,4.0,0.01691477
61,155,5.0,0.020610662
61,155,6.0,0.021882372
61,155,7.0,0.015985422
61,155,8.0,0.013687432
61,155,9.0,0.007847612
61,155,10.0,0.008468594
61,155,11.0,0.0076413183
61,155,12.0,0.0073587
61,155,13.0,0.0062620924
61,155,14.0,0.0045871683
61,156,0.0,0.0011429696
61,156,1.0,0.0034401754
61,156,2.0,0.005842713
61,156,3.0,0.0091221705
61,156,4.0,0.00900935
61,156,5.0,0.010857749
61,156,6.0,0.012813062
61,156,7.0,0.010724502
61,156,8.0,0.006873341
61,156,9.0,0.0042483094
61,156,10.0,0.005108304
61,156,11.0,0.0063838135
61,156,12.0,0.0062332647
61,156,13.0,0.005958778
61,156,14.0,0.0029041716
61,157,0.0,0.0006876732
61,157,1.0,0.0012865796
61,157,2.0,0.0026116038
61,157,3.0,0.004228337
61,157,4.0,0.0042295707
61,157,5.0,0.005630191
61,157,6.0,0.0064707706
61,157,7.0,0.0051092696
61,157,8.0,0.0034119047
61,157,9.0,0.0029754527
61,157,10.0,0.0025663383
61,157,11.0,0.0028688784
61,157,12.0,0.002460268
61,157,13.0,0.001958616
61,157,14.0,0.0011485798
61,158,0.0,0.00019991503
61,158,1.0,0.00049193203
61,158,2.0,0.0019364825
61,158,3.0,0.0024481963
61,158,4.0,0.0025513137
61,158,5.0,0.0029628978
61,158,6.0,0.0028862604
61,158,7.0,0.00209623
61,158,8.0,0.0010892585
61,158,9.0,0.0008643419
61,158,10.0,0.00086703274
61,158,11.0,0.00088959496
61,158,12.0,0.001086749
61,158,13.0,0.0012137004
61,158,14.0,0.00084827776
61,159,0.0,2.2328148e-05
61,159,1.0,0.00013743434
61,159,2.0,0.00029071
61,159,3.0,0.00040250117
61,159,4.0,0.0006005452
61,159,5.0,0.0007305364
61,159,6.0,0.00063256174
61,159,7.0,0.0004640241
61,159,8.0,0.00016356273
61,159,9.0,0.0001982345
61,159,10.0,0.00014855087
61,159,11.0,0.00029142274
61,159,12.0,0.00015865623
61,159,13.0,0.00014778858
61,159,14.0,5.6807803e-05
61,160,0.0,9.412397e-06
61,160,1.0,4.6743968e-05
61,160,2.0,8.738229e-05
61,160,3.0,5.9933147e-05
61,160,4.0,5.5117962e-05
61,160,5.0,7.503361e-05
61,160,6.0,0.00019448725
61,160,7.0,0.0001847402
61,160,8.0,8.722805e-05
61,160,9.0,6.1513565e-05
61,160,10.0,6.145103e-05
61,160,11.0,3.9585815e-05
61,160,12.0,1.6397555e-05
61,160,13.0,3.314057e-05
61,160,14.0,1.9049285e-05
61,161,0.0,6.719661e-08
61,161,1.0,4.05135e-08
61,161,2.0,9.394661e-08
61,161,3.0,2.0313003e-11
61,161,4.0,2.6971591e-08
61,161,5.0,1.0101836e-09
61,161,6.0,8.163126e-08
61,161,7.0,3.2215692e-09
61,161,8.0,3.79938e-08
61,161,9.0,1.034883e-08
61,161,10.0,1.4312386e-12
61,161,11.0,2.8527216e-09
61,161,12.0,4.4876163e-07
61,161,13.0,1.06915934e-07
61,161,14.0,1.03450176e-07
61,162,0.0,2.9021932e-08
61,162,1.0,4.1529927e-07
61,162,2.0,1.7567421e-06
61,162,3.0,6.3073635e-09
61,162,4.0,2.1664961e-08
61,162,5.0,1.4917793e-08
61,162,6.0,1.3042389e-07
61,162,7.0,1.6193548e-08
61,162,8.0,6.139107e-08
61,162,9.0,4.855778e-07
61,162,10.0,1.7975307e-08
61,162,11.0,5.453993e-08
61,162,12.0,8.0912855e-08
61,162,13.0,3.1014196e-08
61,162,14.0,1.09483e-09
61,163,0.0,0.0
61,163,1.0,0.0
61,163,2.0,8.915651e-11
61,163,3.0,8.957071e-09
61,163,4.0,3.5693695e-08
61,163,5.0,8.618546e-09
61,163,6.0,8.2530754e-08
61,163,7.0,2.1839405e-08
61,163,8.0,1.0346384e-08
61,163,9.0,1.11909614e-07
61,163,10.0,1.4167092e-08
61,163,11.0,5.1397313e-09
61,163,12.0,3.1146545e-09
61,163,13.0,1.6278398e-07
61,163,14.0,2.9962046e-09
61,164,0.0,0.0
61,164,1.0,8.95241e-12
61,164,2.0,0.0
61,164,3.0,0.0
61,164,4.0,0.0
61,164,5.0,0.0
61,164,6.0,0.0
61,164,7.0,0.0
61,164,8.0,7.414784e-12
61,164,9.0,2.161996e-09
61,164,10.0,5.866907e-09
61,164,11.0,1.098125e-08
61,164,12.0,2.4261615e-10
61,164,13.0,0.0
61,164,14.0,2.241336e-12
61,165,0.0,0.0
61,165,1.0,0.0
61,165,2.0,0.0
61,165,3.0,0.0
61,165,4.0,0.0
61,165,5.0,3.5007854e-11
61,165,6.0,0.0
61,165,7.0,0.0
61,165,8.0,4.8832193e-12
61,165,9.0,1.0493165e-09
61,165,10.0,2.9908975e-09
61,165,11.0,6.763628e-09
61,165,12.0,2.1767536e-12
61,165,13.0,0.0
61,165,14.0,0.0
61,166,0.0,0.0
61,166,1.0,0.0
61,166,2.0,0.0
61,166,3.0,0.0
61,166,4.0,0.0
61,166,5.0,0.0
61,166,6.0,0.0
61,166,7.0,0.0
61,166,8.0,0.0
61,166,9.0,1.6821263e-08
61,166,10.0,1.8436235e-09
61,166,11.0,8.3388514e-08
61,166,12.0,6.1574403e-09
61,166,13.0,7.0399715e-08
61,166,14.0,3.435198e-11
62,146,0.0,1.2126364e-07
62,146,1.0,6.238291e-11
62,146,2.0,4.172305e-09
62,146,3.0,6.540967e-08
62,146,4.0,1.1846763e-07
62,146,5.0,1.6135887e-07
62,146,6.0,1.08309116e-07
62,146,7.0,1.0801619e-07
62,146,8.0,2.0355259e-08
62,146,9.0,6.593882e-08
62,146,10.0,1.0276853e-08
62,146,11.0,1.5350282e-12
62,146,12.0,2.2126283e-09
62,146,13.0,5.410222e-10
62,146,14.0,1.0843626e-13
62,147,0.0,5.109478e-09
62,147,1.0,3.2918257e-07
62,147,2.0,5.2086342e-08
62,147,3.0,2.7482583e-10
62,147,4.0,5.620595e-09
62,147,5.0,5.4573974e-08
62,147,6.0,6.574675e-08
62,147,7.0,1.3648103e-07
62,147,8.0,6.987207e-08
62,147,9.0,1.2803492e-09
62,147,10.0,3.0222857e-08
62,147,11.0,8.0986496e-07
62,147,12.0,1.7279437e-07
62,147,13.0,3.7207442e-08
62,147,14.0,2.9007043e-07
62,148,0.0,0.0
62,148,1.0,0.0
62,148,2.0,0.0
62,148,3.0,6.0058422e-15
62,148,4.0,1.965113e-09
62,148,5.0,0.0
62,148,6.0,0.0
62,148,7.0,0.0
62,148,8.0,0.0
62,148,9.0,0.0
62,148,10.0,1.8887315e-10
62,148,11.0,2.5708472e-11
62,148,12.0,1.3249834e-12
62,148,13.0,8.58894e-09
62,148,14.0,3.6843792e-10
62,149,0.0,0.0
62,149,1.0,0.0
62,149,2.0,8.126555e-10
62,149,3.0,2.3578284e-09
62,149,4.0,1.0279299e-07
62,149,5.0,3.0573588e-08
62,149,6.0,9.560064e-14
62,149,7.0,0.0
62,149,8.0,5.048976e-12
62,149,9.0,1.3982919e-10
62,149,10.0,0.0
62,149,11.0,1.754546e-07
62,149,12.0,1.17591625e-07
62,149,13.0,7.903696e-08
62,149,14.0,6.066115e-08
62,150,0.0,0.0
62,150,1.0,0.0
62,150,2.0,8.496675e-08
62,150,3.0,7.6384475e-07
62,150,4.0,1.1064767e-06
62,150,5.0,6.107268e-07
62,150,6.0,7.4667815e-07
62,150,7.0,7.535387e-10
62,150,8.0,0.0
62,150,9.0,0.0
62,150,10.0,0.0
62,150,11.0,2.3637342e-11
62,150,12.0,1.0416648e-07
62,150,13.0,4.6331272e-07
62,150,14.0,1.4092451e-06
62,151,0.0,0.0
62,151,1.0,0.0
62,151,2.0,6.557534e-09
62,151,3.0,1.4833389e-09
62,151,4.0,3.5720953e-07
62,151,5.0,2.402694e-07
62,151,6.0,4.9824694e-06
62,151,7.0,3.6037616e-06
62,151,8.0,8.349152e-08
62,151,9.0,5.8929976e-07
62,151,10.0,1.8426903e-06
62,151,11.0,7.008498e-05
62,151,12.0,6.297304e-05
62,151,13.0,8.177059e-05
62,151,14.0,8.919341e-05
62,152,0.0,0.0
62,152,1.0,0.0
62,152,2.0,1.5970586e-07
62,152,3.0,1.1509818e-05
62,152,4.0,0.00016604859
62,152,5.0,0.00034651253
62,152,6.0,0.0004632734
62,152,7.0,0.00015123269
62,152,8.0,0.00011913992
62,152,9.0,0.0005037879
62,152,10.0,0.00064584095
62,152,11.0,0.00091725733
62,152,12.0,0.0006669912
62,152,13.0,0.00045310232
62,152,14.0,0.00057890476
62,153,0.0,6.0075214e-05
62,153,1.0,9.026926e-05
62,153,2.0,0.00032794624
62,153,3.0,0.00088029867
62,153,4.0,0.0013581566
62,153,5.0,0.0017969958
62,153,6.0,0.0016739453
62,153,7.0,0.001771427
62,153,8.0,0.0013034283
62,153,9.0,0.0016076474
62,153,10.0,0.0016286834
62,153,11.0,0.0019051618
62,153,12.0,0.0019487324
62,153,13.0,0.0021766264
62,153,14.0,0.0020916965
62,154,0.0,0.00017086494
62,154,1.0,0.00050651206
62,154,2.0,0.001137837
62,154,3.0,0.0027592953
62,154,4.0,0.004330689
62,154,5.0,0.005264655
62,154,6.0,0.0053075277
62,154,7.0,0.004157111
62,154,8.0,0.0036963827
62,154,9.0,0.0041072844
62,154,10.0,0.006137184
62,154,11.0,0.0061883293
62,154,12.0,0.0045282254
62,154,13.0,0.003838921
62,154,14.0,0.0032367208
62,155,0.0,0.0009393567
62,155,1.0,0.0024567265
62,155,2.0,0.0026871401
62,155,3.0,0.004630274
62,155,4.0,0.0073035187
62,155,5.0,0.008288395
62,155,6.0,0.008993579
62,155,7.0,0.0071410383
62,155,8.0,0.0049359924
62,155,9.0,0.0050014798
62,155,10.0,0.00801673
62,155,11.0,0.008081121
62,155,12.0,0.0068395142
62,155,13.0,0.006457294
62,155,14.0,0.005492588
62,156,0.0,0.0007311211
62,156,1.0,0.0023860103
62,156,2.0,0.0050713853
62,156,3.0,0.0087866075
62,156,4.0,0.01284011
62,156,5.0,0.0129497815
62,156,6.0,0.013635756
62,156,7.0,0.011225132
62,156,8.0,0.006512614
62,156,9.0,0.0061746454
62,156,10.0,0.008009836
62,156,11.0,0.008255752
62,156,12.0,0.006380979
62,156,13.0,0.0052261828
62,156,14.0,0.0038215884
62,157,0.0,0.0009299353
62,157,1.0,0.002530086
62,157,2.0,0.005642042
62,157,3.0,0.0073916083
62,157,4.0,0.00869222
62,157,5.0,0.010195838
62,157,6.0,0.010200532
62,157,7.0,0.009169495
62,157,8.0,0.0059262724
62,157,9.0,0.0059465896
62,157,10.0,0.006646328
62,157,11.0,0.007528026
62,157,12.0,0.0061478764
62,157,13.0,0.0049821595
62,157,14.0,0.0045864517
62,158,0.0,0.00038221283
62,158,1.0,0.0012150854
62,158,2.0,0.002987248
62,158,3.0,0.005024043
62,158,4.0,0.0057424014
62,158,5.0,0.0070146816
62,158,6.0,0.0072859805
62,158,7.0,0.004300723
62,158,8.0,0.0026103095
62,158,9.0,0.0024301677
62,158,10.0,0.0031054711
62,158,11.0,0.0033565806
62,158,12.0,0.0024061424
62,158,13.0,0.0024962341
62,158,14.0,0.0017080752
62,159,0.0,0.00020391637
62,159,1.0,0.0005880507
62,159,2.0,0.0021325822
62,159,3.0,0.0031967447
62,159,4.0,0.0034963116
62,159,5.0,0.0035786945
62,159,6.0,0.004521263
62,159,7.0,0.0040793177
62,159,8.0,0.0031374071
62,159,9.0,0.0021350451
62,159,10.0,0.0026438166
62,159,11.0,0.0028276383
62,159,12.0,0.0028537454
62,159,13.0,0.0035231702
62,159,14.0,0.0021267973
62,160,0.0,8.92732e-05
62,160,1.0,0.0002850796
62,160,2.0,0.0008723999
62,160,3.0,0.0014510286
62,160,4.0,0.0016056615
62,160,5.0,0.0018205042
62,160,6.0,0.0018210931
62,160,7.0,0.0013848611
62,160,8.0,0.00064662297
62,160,9.0,0.00060818315
62,160,10.0,0.0009581465
62,160,11.0,0.000744653
62,160,12.0,0.00044950843
62,160,13.0,0.0006341094
62,160,14.0,0.0005452985
62,161,0.0,2.0528978e-05
62,161,1.0,7.222461e-05
62,161,2.0,0.0002444833
62,161,3.0,0.0002268638
62,161,4.0,0.000307961
62,161,5.0,0.00039656693
62,161,6.0,0.00042692784
62,161,7.0,0.0003611918
62,161,8.0,0.0002987652
62,161,9.0,0.00011756112
62,161,10.0,0.00014533491
62,161,11.0,0.00013805715
62,161,12.0,0.00015360296
62,161,13.0,0.00010562379
62,161,14.0,0.000118036325
62,162,0.0,1.4932965e-05
62,162,1.0,1.18871285e-05
62,162,2.0,1.35104765e-05
62,162,3.0,3.5274712e-05
62,162,4.0,1.9504105e-05
62,162,5.0,5.076555e-05
62,162,6.0,8.176777e-05
62,162,7.0,2.5673155e-05
62,162,8.0,3.8888604e-05
62,162,9.0,5.655666e-05
62,162,10.0,3.0235475e-05
62,162,11.0,1.7321773e-06
62,162,12.0,1.0477684e-06
62,162,13.0,1.6887081e-07
62,162,14.0,6.49827e-07
62,163,0.0,1.1209134e-07
62,163,1.0,3.3141554e-08
62,163,2.0,8.412273e-08
62,163,3.0,7.648909e-08
62,163,4.0,9.396263e-07
62,163,5.0,1.1149298e-07
62,163,6.0,1.9999229e-07
62,163,7.0,1.6421754e-07
62,163,8.0,2.183448e-08
62,163,9.0,5.962906e-09
62,163,10.0,7.409224e-09
62,163,11.0,4.3305892e-08
62,163,12.0,7.109472e-12
62,163,13.0,5.865349e-10
62,163,14.0,1.4272494e-08
62,164,0.0,1.614251e-07
62,164,1.0,1.3443302e-08
62,164,2.0,1.4278352e-07
62,164,3.0,2.483648e-07
62,164,4.0,2.0925245e-07
62,164,5.0,2.0928201e-08
62,164,6.0,5.4677227e-09
62,164,7.0,8.379239e-09
62,164,8.0,3.8567105e-09
62,164,9.0,0.0
62,164,10.0,0.0
62,164,11.0,8.969639e-10
62,164,12.0,0.0
62,164,13.0,6.586709e-11
62,164,14.0,1.0490377e-10
62,165,0.0,8.009975e-10
62,165,1.0,8.566711e-11
62,165,2.0,3.3323358e-10
62,165,3.0,1.240866e-08
62,165,4.0,2.2392841e-08
62,165,5.0,5.7756244e-09
62,165,6.0,3.3743357e-09
62,165,7.0,3.0652498e-09
62,165,8.0,7.033867e-09
62,165,9.0,6.230099e-09
62,165,10.0,8.993891e-10
62,165,11.0,1.8959574e-09
62,165,12.0,1.572171e-09
62,165,13.0,2.5824423e-09
62,165,14.0,5.037342e-08
62,166,0.0,5.616508e-10
62,166,1.0,0.0
62,166,2.0,7.6556006e-10
62,166,3.0,3.805028e-12
62,166,4.0,1.1200254e-09
62,166,5.0,1.3452108e-11
62,166,6.0,0.0
62,166,7.0,1.5388363e-09
62,166,8.0,0.0
62,166,9.0,0.0
62,166,10.0,7.428852e-15
62,166,11.0,2.1913385e-08
62,166,12.0,1.7428885e-09
62,166,13.0,0.0
62,166,14.0,0.0
62,167,0.0,0.0
62,167,1.0,2.6759968e-11
62,167,2.0,7.938778e-10
62,167,3.0,1.4099566e-08
62,167,4.0,2.1127203e-08
62,167,5.0,8.7634024e-09
62,167,6.0,1.30388145e-08
62,167,7.0,4.5456588e-08
62,167,8.0,4.33177e-08
62,167,9.0,6.524447e-07
62,167,10.0,1.0781886e-07
62,167,11.0,3.964392e-07
62,167,12.0,1.3741624e-07
62,167,13.0,2.614577e-08
62,167,14.0,1.3126469e-09
62,168,0.0,0.0
62,168,1.0,0.0
62,168,2.0,0.0
62,168,3.0,0.0
62,168,4.0,0.0
62,168,5.0,0.0
62,168,6.0,0.0
62,168,7.0,0.0
62,168,8.0,0.0
62,168,9.0,1.4130763e-09
62,168,10.0,1.989761e-12
62,168,11.0,0.0
62,168,12.0,1.179731e-16
62,168,13.0,0.0
62,168,14.0,0.0
63,149,0.0,3.8367385e-09
63,149,1.0,6.8064e-08
63,149,2.0,7.321503e-10
63,149,3.0,0.0
63,149,4.0,7.644161e-09
63,149,5.0,1.9145611e-07
63,149,6.0,2.568779e-07
63,149,7.0,2.2400175e-07
63,149,8.0,2.3343391e-07
63,149,9.0,4.4388307e-07
63,149,10.0,4.3434017e-07
63,149,11.0,9.41967e-07
63,149,12.0,3.114401e-07
63,149,13.0,1.5534934e-07
63,149,14.0,1.3006262e-08
63,150,0.0,1.341795e-09
63,150,1.0,0.0
63,150,2.0,2.5483676e-10
63,150,3.0,0.0
63,150,4.0,0.0
63,150,5.0,5.491943e-09
63,150,6.0,4.929655e-07
63,150,7.0,4.889305e-07
63,150,8.0,4.2557836e-08
63,150,9.0,1.0210489e-07
63,150,10.0,3.7771745e-08
63,150,11.0,2.9961776e-11
63,150,12.0,6.768429e-07
63,150,13.0,4.108126e-07
63,150,14.0,4.8989665e-07
63,151,0.0,2.8950165e-08
63,151,1.0,3.582855e-08
63,151,2.0,0.0
63,151,3.0,2.33428e-09
63,151,4.0,4.6866226e-08
63,151,5.0,6.930921e-08
63,151,6.0,6.024889e-08
63,151,7.0,5.3298037e-09
63,151,8.0,1.776838e-08
63,151,9.0,7.686456e-07
63,151,10.0,1.01289565e-07
63,151,11.0,2.4286164e-08
63,151,12.0,4.1236568e-08
63,151,13.0,2.491961e-07
63,151,14.0,4.8033193e-08
63,152,0.0,0.0
63,152,1.0,0.0
63,152,2.0,1.5684401e-08
63,152,3.0,1.5076674e-07
63,152,4.0,6.274249e-08
63,152,5.0,4.4869756e-07
63,152,6.0,2.6377256e-09
63,152,7.0,2.3608147e-09
63,152,8.0,0.0
63,152,9.0,5.3779325e-10
63,152,10.0,1.2686362e-12
63,152,11.0,1.667472e-08
63,152,12.0,3.9704875e-09
63,152,13.0,1.9897162e-09
63,152,14.0,5.0251975e-07
63,153,0.0,1.0329949e-09
63,153,1.0,0.0
63,153,2.0,2.635745e-08
63,153,3.0,6.777241e-09
63,153,4.0,2.6694643e-06
63,153,5.0,1.04879865e-08
63,153,6.0,2.3480165e-07
63,153,7.0,5.7815257e-08
63,153,8.0,8.344526e-09
63,153,9.0,5.401133e-08
63,153,10.0,7.9858006e-07
63,153,11.0,9.25308e-06
63,153,12.0,6.67618e-06
63,153,13.0,3.2200048e-06
63,153,14.0,7.564732e-07
63,154,0.0,3.3192071e-09
63,154,1.0,4.3782367e-07
63,154,2.0,2.698082e-06
63,154,3.0,3.533966e-05
63,154,4.0,2.0426789e-05
63,154,5.0,4.7544956e-05
63,154,6.0,2.3383262e-05
63,154,7.0,5.6400786e-05
63,154,8.0,1.4529493e-05
63,154,9.0,2.827594e-05
63,154,10.0,1.0787689e-05
63,154,11.0,1.78593e-05
63,154,12.0,9.2482966e-05
63,154,13.0,0.00011519515
63,154,14.0,4.4356395e-05
63,155,0.0,2.7771252e-09
63,155,1.0,4.7615873e-07
63,155,2.0,3.8734437e-05
63,155,3.0,7.640551e-05
63,155,4.0,8.173487e-05
63,155,5.0,7.710514e-05
63,155,6.0,0.00013092294
63,155,7.0,0.00012446019
63,155,8.0,0.000114294
63,155,9.0,9.169013e-05
63,155,10.0,8.244888e-05
63,155,11.0,6.232206e-05
63,155,12.0,0.00017326296
63,155,13.0,0.0002460154
63,155,14.0,9.731238e-05
63,156,0.0,2.2747452e-06
63,156,1.0,4.2949654e-05
63,156,2.0,0.00010318669
63,156,3.0,0.00015958698
63,156,4.0,0.00028621306
63,156,5.0,0.0003919591
63,156,6.0,0.0004174355
63,156,7.0,0.00016611809
63,156,8.0,0.00015153733
63,156,9.0,0.0002165998
63,156,10.0,0.0002119052
63,156,11.0,0.00024704865
63,156,12.0,0.00021857176
63,156,13.0,0.0002589832
63,156,14.0,0.0005313178
63,157,0.0,2.5864363e-06
63,157,1.0,5.9645892e-05
63,157,2.0,7.860595e-05
63,157,3.0,0.00015752923
63,157,4.0,0.00021316884
63,157,5.0,0.00028708982
63,157,6.0,0.00038179068
63,157,7.0,0.0003207447
63,157,8.0,0.00024646203
63,157,9.0,0.00029738076
63,157,10.0,0.00032200242
63,157,11.0,0.00035732734
63,157,12.0,0.0005020136
63,157,13.0,0.0003710051
63,157,14.0,0.0005476415
63,158,0.0,1.25328625e-05
63,158,1.0,8.224356e-05
63,158,2.0,0.00017338226
63,158,3.0,0.00021629294
63,158,4.0,0.00056255725
63,158,5.0,0.0011304916
63,158,6.0,0.00084425363
63,158,7.0,0.00061963487
63,158,8.0,0.00061153097
63,158,9.0,0.0007663125
63,158,10.0,0.00083445036
63,158,11.0,0.00086848944
63,158,12.0,0.0010532441
63,158,13.0,0.0007093069
63,158,14.0,0.0007259129
63,159,0.0,6.381566e-06
63,159,1.0,8.076027e-05
63,159,2.0,0.00020389327
63,159,3.0,0.00070602825
63,159,4.0,0.00066073355
63,159,5.0,0.0011912785
63,159,6.0,0.0011883436
63,159,7.0,0.0010216244
63,159,8.0,0.000788532
63,159,9.0,0.0008565754
63,159,10.0,0.00097302656
63,159,11.0,0.0008461345
63,159,12.0,0.0009122874
63,159,13.0,0.0007887822
63,159,14.0,0.0007110967
63,160,0.0,4.487032e-06
63,160,1.0,0.00011953655
63,160,2.0,0.00018105778
63,160,3.0,0.00036595983
63,160,4.0,0.00056087313
63,160,5.0,0.00094398274
63,160,6.0,0.0011292971
63,160,7.0,0.0008003764
63,160,8.0,0.00071412476
63,160,9.0,0.00066706125
63,160,10.0,0.0008119463
63,160,11.0,0.00079808035
63,160,12.0,0.0007852807
63,160,13.0,0.0009349147
63,160,14.0,0.0007504925
63,161,0.0,4.9914074e-06
63,161,1.0,3.421567e-05
63,161,2.0,7.894257e-05
63,161,3.0,0.00036489614
63,161,4.0,0.0004885348
63,161,5.0,0.0008241977
63,161,6.0,0.0008616394
63,161,7.0,0.00076032785
63,161,8.0,0.00048140401
63,161,9.0,0.00048627786
63,161,10.0,0.00038273775
63,161,11.0,0.0005989268
63,161,12.0,0.0006189579
63,161,13.0,0.000675626
63,161,14.0,0.00042405556
63,162,0.0,1.1883799e-05
63,162,1.0,1.42691915e-05
63,162,2.0,2.8634018e-05
63,162,3.0,0.000111187015
63,162,4.0,0.00014235203
63,162,5.0,0.00024078286
63,162,6.0,0.00028052693
63,162,7.0,0.0002701162
63,162,8.0,0.00022690678
63,162,9.0,0.00022471219
63,162,10.0,0.00024716224
63,162,11.0,0.00028734875
63,162,12.0,0.00020685283
63,162,13.0,0.00015799615
63,162,14.0,0.00015521474
63,163,0.0,2.7409534e-08
63,163,1.0,1.863863e-06
63,163,2.0,3.63988e-05
63,163,3.0,2.0218613e-05
63,163,4.0,9.034154e-05
63,163,5.0,6.3250074e-05
63,163,6.0,4.041099e-05
63,163,7.0,5.001647e-05
63,163,8.0,3.2205346e-05
63,163,9.0,7.308067e-05
63,163,10.0,5.510157e-05
63,163,11.0,6.1932486e-05
63,163,12.0,0.00011383599
63,163,13.0,0.00011801156
63,163,14.0,9.659687e-05
63,164,0.0,4.925847e-09
63,164,1.0,1.0079639e-09
63,164,2.0,3.0027272e-09
63,164,3.0,8.120263e-08
63,164,4.0,1.5178973e-06
63,164,5.0,3.1176517e-06
63,164,6.0,1.1769533e-06
63,164,7.0,6.0160073e-07
63,164,8.0,2.9235366e-08
63,164,9.0,1.3475802e-06
63,164,10.0,4.8629963e-06
63,164,11.0,1.0806337e-05
63,164,12.0,2.1630215e-06
63,164,13.0,1.7038592e-06
63,164,14.0,3.6278159e-06
63,165,0.0,3.651516e-08
63,165,1.0,1.0913121e-08
63,165,2.0,2.4926788e-11
63,165,3.0,1.021833e-08
63,165,4.0,2.0197964e-10
63,165,5.0,1.5851302e-08
63,165,6.0,3.0298345e-08
63,165,7.0,8.5075746e-10
63,165,8.0,2.6711612e-07
63,165,9.0,3.37857e-08
63,165,10.0,2.0156294e-08
63,165,11.0,4.2100594e-09
63,165,12.0,2.2828935e-08
63,165,13.0,3.261531e-08
63,165,14.0,5.067177e-09
63,166,0.0,2.0275998e-10
63,166,1.0,1.6442936e-08
63,166,2.0,1.2452381e-10
63,166,3.0,4.9902953e-09
63,166,4.0,8.5865304e-10
63,166,5.0,6.106638e-09
63,166,6.0,2.2000254e-08
63,166,7.0,4.386152e-09
63,166,8.0,3.9041275e-08
63,166,9.0,3.0543006e-08
63,166,10.0,1.5030103e-08
63,166,11.0,2.6931973e-08
63,166,12.0,9.737816e-09
63,166,13.0,4.5229893e-08
63,166,14.0,4.900666e-07
63,167,0.0,0.0
63,167,1.0,1.1765764e-08
63,167,2.0,4.1513655e-09
63,167,3.0,1.4812599e-09
63,167,4.0,2.6229265e-09
63,167,5.0,6.359919e-10
63,167,6.0,1.0048966e-09
63,167,7.0,2.6952182e-10
63,167,8.0,2.7524447e-09
63,167,9.0,1.3917675e-09
63,167,10.0,8.950982e-11
63,167,11.0,8.073865e-11
63,167,12.0,0.0
63,167,13.0,0.0
63,167,14.0,1.604484e-08
63,168,0.0,1.788046e-10
63,168,1.0,6.599672e-11
63,168,2.0,3.1206726e-09
63,168,3.0,0.0
63,168,4.0,8.589224e-15
63,168,5.0,1.0332556e-09
63,168,6.0,2.6064064e-09
63,168,7.0,2.8767515e-08
63,168,8.0,1.0105896e-07
63,168,9.0,1.15948545e-07
63,168,10.0,8.6118746e-08
63,168,11.0,6.8180114e-08
63,168,12.0,6.689958e-08
63,168,13.0,2.1364464e-08
63,168,14.0,3.8510933e-08
63,169,0.0,3.442838e-10
63,169,1.0,9.3780805e-09
63,169,2.0,5.7301392e-08
63,169,3.0,1.373737e-07
63,169,4.0,8.4529805e-09
63,169,5.0,4.358678e-08
63,169,6.0,1.6392199e-10
63,169,7.0,2.0659165e-10
63,169,8.0,6.870951e-09
63,169,9.0,4.2463252e-08
63,169,10.0,7.192863e-09
63,169,11.0,1.4600779e-08
63,169,12.0,5.151029e-09
63,169,13.0,5.7777023e-11
63,169,14.0,8.748397e-11
63,170,0.0,5.2348238e-08
63,170,1.0,8.942313e-11
63,170,2.0,1.2817396e-08
63,170,3.0,3.2789391e-09
63,170,4.0,9.195167e-09
63,170,5.0,6.4138326e-09
63,170,6.0,2.671983e-09
63,170,7.0,1.5537228e-08
63,170,8.0,5.2049363e-12
63,170,9.0,2.6731788e-08
63,170,10.0,7.8808505e-08
63,170,11.0,1.924416e-08
63,170,12.0,1.2609091e-14
63,170,13.0,3.7079266e-09
63,170,14.0,4.070208e-08
64,151,0.0,1.2538811e-08
64,151,1.0,2.2168487e-08
64,151,2.0,7.2846382e-09
64,151,3.0,3.1832598e-10
64,151,4.0,1.4361272e-08
64,151,5.0,7.3807054e-15
64,151,6.0,9.507908e-10
64,151,7.0,5.399296e-09
64,151,8.0,0.0
64,151,9.0,0.0
64,151,10.0,7.485789e-10
64,151,11.0,4.7271853e-10
64,151,12.0,2.3397697e-09
64,151,13.0,7.4775366e-11
64,151,14.0,4.1184793e-09
64,152,0.0,8.295298e-08
64,152,1.0,1.6778518e-08
64,152,2.0,1.8449617e-08
64,152,3.0,8.997101e-08
64,152,4.0,6.0631913e-09
64,152,5.0,6.337958e-08
64,152,6.0,2.3269797e-08
64,152,7.0,7.633836e-09
64,152,8.0,1.5221026e-07
64,152,9.0,6.720607e-08
64,152,10.0,1.4192734e-07
64,152,11.0,2.1458785e-08
64,152,12.0,5.523419e-09
64,152,13.0,6.27217e-09
64,152,14.0,5.5837743e-09
64,153,0.0,1.2613446e-09
64,153,1.0,2.7386995e-06
64,153,2.0,8.100452e-07
64,153,3.0,1.741227e-07
64,153,4.0,1.4845432e-07
64,153,5.0,5.2672434e-08
64,153,6.0,1.287961e-07
64,153,7.0,4.7839993e-10
64,153,8.0,6.0410876e-08
64,153,9.0,8.436493e-09
64,153,10.0,2.2605045e-08
64,153,11.0,9.6124246e-08
64,153,12.0,8.619548e-08
64,153,13.0,9.703573e-07
64,153,14.0,1.5627208e-07
64,154,0.0,0.0
64,154,1.0,1.2240451e-09
64,154,2.0,6.1464667e-10
64,154,3.0,6.1603413e-13
64,154,4.0,0.0
64,154,5.0,1.7528173e-08
64,154,6.0,1.9601225e-07
64,154,7.0,1.1399798e-06
64,154,8.0,5.605341e-07
64,154,9.0,6.7345394e-07
64,154,10.0,1.3113466e-07
64,154,11.0,4.26501e-08
64,154,12.0,1.7440464e-09
64,154,13.0,5.6664764e-12
64,154,14.0,1.880792e-08
64,155,0.0,9.019868e-11
64,155,1.0,8.191159e-10
64,155,2.0,4.534816e-09
64,155,3.0,1.13719105e-08
64,155,4.0,5.229504e-08
64,155,5.0,4.3981885e-08
64,155,6.0,2.2919664e-07
64,155,7.0,6.37609e-07
64,155,8.0,6.706586e-11
64,155,9.0,2.0817617e-09
64,155,10.0,1.1974707e-07
64,155,11.0,2.6918107e-07
64,155,12.0,1.0522126e-08
64,155,13.0,3.995206e-10
64,155,14.0,4.6897813e-07
64,156,0.0,1.6323036e-13
64,156,1.0,1.13233416e-10
64,156,2.0,0.0
64,156,3.0,2.2168054e-08
64,156,4.0,7.636032e-08
64,156,5.0,3.7430436e-07
64,156,6.0,9.1992024e-07
64,156,7.0,2.8459356e-08
64,156,8.0,1.0925346e-08
64,156,9.0,1.5893585e-07
64,156,10.0,4.865587e-07
64,156,11.0,2.1403866e-07
64,156,12.0,4.0000565e-08
64,156,13.0,1.0170148e-09
64,156,14.0,1.0549505e-06
64,157,0.0,0.0
64,157,1.0,1.5006525e-09
64,157,2.0,2.9796402e-08
64,157,3.0,3.7471585e-07
64,157,4.0,4.2643205e-07
64,157,5.0,1.247018e-05
64,157,6.0,1.9251615e-05
64,157,7.0,1.0237048e-05
64,157,8.0,8.168331e-06
64,157,9.0,1.5728499e-06
64,157,10.0,2.1776103e-09
64,157,11.0,5.0444e-08
64,157,12.0,5.883442e-06
64,157,13.0,5.7911275e-05
64,157,14.0,2.6087098e-05
64,158,0.0,0.0
64,158,1.0,0.0
64,158,2.0,7.323348e-09
64,158,3.0,2.044099e-06
64,158,4.0,1.6381387e-05
64,158,5.0,3.5635774e-05
64,158,6.0,6.0137954e-05
64,158,7.0,4.4177614e-05
64,158,8.0,3.075145e-05
64,158,9.0,3.935907e-05
64,158,10.0,8.558032e-05
64,158,11.0,5.4570468e-05
64,158,12.0,4.5921483e-05
64,158,13.0,2.8955259e-05
64,158,14.0,4.3273274e-05
64,159,0.0,1.8205141e-07
64,159,1.0,3.4347845e-06
64,159,2.0,1.1366293e-05
64,159,3.0,1.1565714e-05
64,159,4.0,2.7156522e-05
64,159,5.0,8.783827e-05
64,159,6.0,6.870128e-05
64,159,7.0,0.00012643603
64,159,8.0,7.664208e-05
64,159,9.0,0.000106948886
64,159,10.0,0.00018409773
64,159,11.0,0.000122622
64,159,12.0,0.0002518822
64,159,13.0,0.0001621565
64,159,14.0,0.00018804923
64,160,0.0,5.422891e-07
64,160,1.0,6.949749e-06
64,160,2.0,1.4290487e-05
64,160,3.0,4.2081003e-05
64,160,4.0,0.000116143354
64,160,5.0,0.00021542424
64,160,6.0,0.00032701556
64,160,7.0,0.00033149915
64,160,8.0,0.00018521091
64,160,9.0,0.00011048483
64,160,10.0,0.0001411231
64,160,11.0,0.00019155786
64,160,12.0,0.00024651468
64,160,13.0,0.00032649538
64,160,14.0,0.00022718956
64,161,0.0,2.0807345e-06
64,161,1.0,9.379673e-06
64,161,2.0,5.4946242e-05
64,161,3.0,0.00013280696
64,161,4.0,0.00019100546
64,161,5.0,0.00035170565
64,161,6.0,0.00040916534
64,161,7.0,0.0004228909
64,161,8.0,0.00033839978
64,161,9.0,0.00015074313
64,161,10.0,0.00019679614
64,161,11.0,0.000443248
64,161,12.0,0.0005200776
64,161,13.0,0.00033976958
64,161,14.0,0.00019336688
64,162,0.0,6.8489975e-08
64,162,1.0,1.1833415e-05
64,162,2.0,4.1272626e-05
64,162,3.0,7.597708e-05
64,162,4.0,0.00016529397
64,162,5.0,0.0002740354
64,162,6.0,0.0003246246
64,162,7.0,0.00029143988
64,162,8.0,0.00032085745
64,162,9.0,0.00037251873
64,162,10.0,0.00031471698
64,162,11.0,0.0003267488
64,162,12.0,0.00035362242
64,162,13.0,0.00033777114
64,162,14.0,0.0002819717
64,163,0.0,1.2571473e-08
64,163,1.0,4.9979503e-06
64,163,2.0,8.120886e-06
64,163,3.0,4.1543717e-05
64,163,4.0,0.00012393355
64,163,5.0,0.0002121225
64,163,6.0,0.00030825596
64,163,7.0,0.00034126878
64,163,8.0,0.0003007444
64,163,9.0,0.00026963878
64,163,10.0,0.00036836986
64,163,11.0,0.00038090567
64,163,12.0,0.00026603113
64,163,13.0,0.000274817
64,163,14.0,0.0002036186
64,164,0.0,2.1185605e-11
64,164,1.0,5.2904277e-09
64,164,2.0,6.596139e-08
64,164,3.0,4.294496e-06
64,164,4.0,2.454591e-05
64,164,5.0,1.7117916e-05
64,164,6.0,5.3887954e-05
64,164,7.0,5.235316e-05
64,164,8.0,6.551924e-05
64,164,9.0,0.00010039939
64,164,10.0,0.000116965086
64,164,11.0,9.36668e-05
64,164,12.0,7.023293e-05
64,164,13.0,5.5856224e-05
64,164,14.0,4.8395126e-05
64,165,0.0,3.4528234e-11
64,165,1.0,7.2034295e-10
64,165,2.0,2.0055319e-11
64,165,3.0,3.5322534e-13
64,165,4.0,1.6153169e-06
64,165,5.0,1.1729543e-05
64,165,6.0,5.5735552e-05
64,165,7.0,5.8507492e-05
64,165,8.0,7.144199e-05
64,165,9.0,9.2383394e-05
64,165,10.0,0.00010411358
64,165,11.0,0.00013123684
64,165,12.0,6.893298e-05
64,165,13.0,7.367747e-05
64,165,14.0,2.3532233e-05
64,166,0.0,0.0
64,166,1.0,3.6669976e-11
64,166,2.0,7.964051e-08
64,166,3.0,1.509675e-11
64,166,4.0,8.0953994e-11
64,166,5.0,0.0
64,166,6.0,0.0
64,166,7.0,0.0
64,166,8.0,5.1522613e-09
64,166,9.0,0.0
64,166,10.0,9.055268e-12
64,166,11.0,1.08617344e-10
64,166,12.0,1.5830102e-15
64,166,13.0,3.525997e-10
64,166,14.0,1.3766741e-07
64,167,0.0,1.1127058e-07
64,167,1.0,1.1510071e-07
64,167,2.0,1.9845716e-09
64,167,3.0,4.1328057e-08
64,167,4.0,6.597562e-08
64,167,5.0,3.698217e-08
64,167,6.0,5.8206946e-09
64,167,7.0,3.251359e-08
64,167,8.0,9.614117e-12
64,167,9.0,7.0283748e-09
64,167,10.0,5.7274536e-07
64,167,11.0,7.8475426e-07
64,167,12.0,4.8437956e-09
64,167,13.0,4.245247e-09
64,167,14.0,9.850013e-09
64,168,0.0,1.6384249e-07
64,168,1.0,1.0088828e-08
64,168,2.0,2.7283575e-10
64,168,3.0,4.4304628e-08
64,168,4.0,3.445316e-10
64,168,5.0,4.4450102e-10
64,168,6.0,1.3374107e-10
64,168,7.0,1.6540698e-10
64,168,8.0,4.121851e-09
64,168,9.0,1.5071877e-13
64,168,10.0,9.918542e-10
64,168,11.0,1.1516032e-07
64,168,12.0,4.7699114e-08
64,168,13.0,4.8568745e-07
64,168,14.0,6.347027e-09
64,169,0.0,1.2423897e-07
64,169,1.0,2.9210813e-07
64,169,2.0,6.499136e-08
64,169,3.0,9.4493995e-09
64,169,4.0,4.0743426e-08
64,169,5.0,4.4042377e-08
64,169,6.0,1.3335429e-08
64,169,7.0,2.2699416e-09
64,169,8.0,3.595818e-09
64,169,9.0,3.0580372e-09
64,169,10.0,1.1848321e-09
64,169,11.0,5.089733e-08
64,169,12.0,8.452386e-08
64,169,13.0,8.512467e-08
64,169,14.0,1.2236194e-07
64,170,0.0,3.5576516e-08
64,170,1.0,7.157252e-07
64,170,2.0,1.3302829e-09
64,170,3.0,1.571801e-08
64,170,4.0,2.2652552e-08
64,170,5.0,4.112801e-08
64,170,6.0,1.6895514e-08
64,170,7.0,1.12815336e-07
64,170,8.0,6.861472e-08
64,170,9.0,1.3090091e-08
64,170,10.0,1.2482686e-08
64,170,11.0,2.345587e-08
64,170,12.0,3.9798305e-08
64,170,13.0,2.7249156e-09
64,170,14.0,1.4248722e-09
64,171,0.0,2.6763164e-10
64,171,1.0,1.2457063e-07
64,171,2.0,6.997921e-08
64,171,3.0,4.9540496e-08
64,171,4.0,6.7206564e-08
64,171,5.0,4.942975e-08
64,171,6.0,1.2957114e-08
64,171,7.0,4.535758e-08
64,171,8.0,8.620987e-08
64,171,9.0,2.1220353e-07
64,171,10.0,2.0948931e-07
64,171,11.0,1.6430606e-07
64,171,12.0,1.7146058e-07
64,171,13.0,3.610552e-07
64,171,14.0,6.6418533e-09
64,172,0.0,0.0
64,172,1.0,1.6492152e-12
64,172,2.0,5.575001e-09
64,172,3.0,1.295639e-08
64,172,4.0,5.831154e-08
64,172,5.0,1.3013523e-08
64,172,6.0,2.0711641e-09
64,172,7.0,1.7138225e-07
64,172,8.0,3.7967204e-08
64,172,9.0,1.0052959e-07
64,172,10.0,8.453995e-10
64,172,11.0,6.752787e-09
64,172,12.0,2.2920146e-09
64,172,13.0,2.1563628e-11
64,172,14.0,6.5441665e-09
65,154,0.0,1.7256921e-10
65,154,1.0,2.4830832e-10
65,154,2.0,6.366816e-08
65,154,3.0,2.4297032e-07
65,154,4.0,1.7827455e-09
65,154,5.0,5.189698e-09
65,154,6.0,5.325418e-09
65,154,7.0,0.0
65,154,8.0,1.0893533e-08
65,154,9.0,1.9702198e-09
65,154,10.0,8.22064e-09
65,154,11.0,1.158674e-08
65,154,12.0,2.2125033e-07
65,154,13.0,5.6359326e-09
65,154,14.0,6.3323746e-09
65,155,0.0,1.2791503e-09
65,155,1.0,4.2239083e-09
65,155,2.0,1.0159938e-08
65,155,3.0,2.0654099e-08
65,155,4.0,1.5851281e-09
65,155,5.0,4.3841606e-09
65,155,6.0,7.853965e-09
65,155,7.0,4.7810794e-08
65,155,8.0,1.9895487e-07
65,155,9.0,1.334117e-07
65,155,10.0,7.3244074e-08
65,155,11.0,4.4445315e-08
65,155,12.0,3.791244e-08
65,155,13.0,1.0797571e-07
65,155,14.0,1.8415449e-09
65,156,0.0,8.4467146e-08
65,156,1.0,7.979526e-09
65,156,2.0,8.221773e-09
65,156,3.0,2.6504637e-07
65,156,4.0,3.059068e-08
65,156,5.0,4.2386784e-08
65,156,6.0,1.8349802e-08
65,156,7.0,1.634332e-07
65,156,8.0,5.7292123e-08
65,156,9.0,4.3772992e-08
65,156,10.0,1.9285324e-07
65,156,11.0,1.016318e-07
65,156,12.0,2.0125567e-07
65,156,13.0,1.8927133e-07
65,156,14.0,6.096676e-08
65,157,0.0,1.8912837e-10
65,157,1.0,3.2483335e-11
65,157,2.0,5.160821e-09
65,157,3.0,1.5988402e-07
65,157,4.0,2.2913173e-07
65,157,5.0,1.2310286e-08
65,157,6.0,1.841473e-08
65,157,7.0,1.8674523e-07
65,157,8.0,7.2561164e-07
65,157,9.0,6.810118e-08
65,157,10.0,6.364666e-08
65,157,11.0,5.9935326e-07
65,157,12.0,4.984261e-07
65,157,13.0,1.764829e-07
65,157,14.0,9.29406e-08
65,158,0.0,1.496032e-08
65,158,1.0,3.57516e-09
65,158,2.0,1.5522345e-07
65,158,3.0,8.9932e-08
65,158,4.0,9.14477e-08
65,158,5.0,2.902925e-07
65,158,6.0,2.9732907e-09
65,158,7.0,1.6918169e-09
65,158,8.0,5.441793e-08
65,158,9.0,2.8266115e-07
65,158,10.0,2.7875487e-07
65,158,11.0,3.747258e-08
65,158,12.0,5.4732062e-08
65,158,13.0,3.9379776e-07
65,158,14.0,4.896914e-07
65,159,0.0,7.441711e-08
65,159,1.0,1.3498739e-09
65,159,2.0,1.2176928e-09
65,159,3.0,9.527456e-08
65,159,4.0,6.358866e-07
65,159,5.0,2.8536489e-08
65,159,6.0,6.59982e-08
65,159,7.0,2.702371e-09
65,159,8.0,1.7757758e-07
65,159,9.0,6.851629e-13
65,159,10.0,4.4477435e-08
65,159,11.0,4.689862e-09
65,159,12.0,4.3431393e-07
65,159,13.0,6.363645e-07
65,159,14.0,4.9548754e-07
65,160,0.0,7.336622e-08
65,160,1.0,1.0550516e-08
65,160,2.0,1.4694424e-08
65,160,3.0,1.7871526e-08
65,160,4.0,7.779628e-08
65,160,5.0,3.2169464e-08
65,160,6.0,9.321068e-09
65,160,7.0,4.090674e-08
65,160,8.0,2.0222315e-09
65,160,9.0,2.5384098e-08
65,160,10.0,5.4478694e-08
65,160,11.0,1.7402852e-09
65,160,12.0,5.0911507e-07
65,160,13.0,1.0321932e-07
65,160,14.0,7.432155e-08
65,161,0.0,0.0
65,161,1.0,0.0
65,161,2.0,0.0
65,161,3.0,1.1975217e-09
65,161,4.0,5.709725e-08
65,161,5.0,3.4387686e-08
65,161,6.0,0.0
65,161,7.0,4.8016017e-07
65,161,8.0,8.935544e-06
65,161,9.0,9.789611e-06
65,161,10.0,5.022751e-06
65,161,11.0,6.435554e-07
65,161,12.0,4.3148725e-07
65,161,13.0,7.102703e-06
65,161,14.0,1.094585e-05
65,162,0.0,3.276624e-10
65,162,1.0,0.0
65,162,2.0,0.0
65,162,3.0,0.0
65,162,4.0,0.0
65,162,5.0,0.0
65,162,6.0,7.829391e-08
65,162,7.0,7.4535037e-06
65,162,8.0,8.367068e-06
65,162,9.0,1.2099376e-05
65,162,10.0,2.0309632e-05
65,162,11.0,1.7295724e-05
65,162,12.0,1.0647937e-05
65,162,13.0,2.1041986e-05
65,162,14.0,9.3743e-06
65,163,0.0,2.3935567e-12
65,163,1.0,0.0
65,163,2.0,0.0
65,163,3.0,1.406443e-12
65,163,4.0,2.5424878e-08
65,163,5.0,1.9666033e-06
65,163,6.0,6.925167e-06
65,163,7.0,1.6548222e-05
65,163,8.0,2.7198364e-05
65,163,9.0,5.0111437e-05
65,163,10.0,7.267954e-05
65,163,11.0,3.950485e-05
65,163,12.0,3.440785e-05
65,163,13.0,4.148382e-05
65,163,14.0,0.0001831332
65,164,0.0,7.82675e-09
65,164,1.0,0.0
65,164,2.0,4.3157356e-11
65,164,3.0,2.229786e-07
65,164,4.0,7.510284e-06
65,164,5.0,3.0739884e-05
65,164,6.0,1.1653331e-05
65,164,7.0,2.8316708e-05
65,164,8.0,2.1694914e-05
65,164,9.0,3.252759e-05
65,164,10.0,3.8496855e-05
65,164,11.0,6.79923e-05
65,164,12.0,7.938097e-05
65,164,13.0,6.0517563e-05
65,164,14.0,4.550129e-05
65,165,0.0,0.0
65,165,1.0,2.6111472e-08
65,165,2.0,0.0
65,165,3.0,9.2440774e-07
65,165,4.0,2.1959725e-06
65,165,5.0,7.968237e-06
65,165,6.0,1.1473643e-05
65,165,7.0,3.2378153e-05
65,165,8.0,2.8332977e-05
65,165,9.0,4.203235e-05
65,165,10.0,6.509783e-05
65,165,11.0,7.6812816e-05
65,165,12.0,6.459252e-05
65,165,13.0,6.472657e-05
65,165,14.0,6.295914e-05
65,166,0.0,0.0
65,166,1.0,2.0906823e-15
65,166,2.0,0.0
65,166,3.0,3.4124138e-08
65,166,4.0,2.4080675e-06
65,166,5.0,4.728539e-06
65,166,6.0,5.1372053e-06
65,166,7.0,7.162023e-06
65,166,8.0,7.0785095e-06
65,166,9.0,2.2218574e-05
65,166,10.0,1.7328903e-05
65,166,11.0,1.933796e-05
65,166,12.0,1.0072966e-05
65,166,13.0,5.15616e-06
65,166,14.0,1.16383e-05
65,167,0.0,0.0
65,167,1.0,3.502673e-11
65,167,2.0,1.770682e-08
65,167,3.0,0.0
65,167,4.0,1.7395003e-07
65,167,5.0,4.0961304e-06
65,167,6.0,1.4500899e-05
65,167,7.0,7.5052058e-06
65,167,8.0,9.385295e-07
65,167,9.0,8.3129225e-07
65,167,10.0,1.463419e-06
65,167,11.0,5.04074e-07
65,167,12.0,7.8893663e-07
65,167,13.0,2.654071e-06
65,167,14.0,4.008005e-06
65,168,0.0,0.0
65,168,1.0,8.9131393e-13
65,168,2.0,0.0
65,168,3.0,0.0
65,168,4.0,0.0
65,168,5.0,0.0
65,168,6.0,1.2926547e-05
65,168,7.0,3.242764e-06
65,168,8.0,3.3731806e-06
65,168,9.0,1.0154873e-06
65,168,10.0,1.3548844e-06
65,168,11.0,1.1567572e-06
65,168,12.0,8.733328e-08
65,168,13.0,5.848802e-07
65,168,14.0,1.5667754e-06
65,169,0.0,0.0
65,169,1.0,0.0
65,169,2.0,0.0
65,169,3.0,3.305882e-09
65,169,4.0,1.0720807e-08
65,169,5.0,9.547567e-10
65,169,6.0,3.682851e-07
65,169,7.0,1.335467e-08
65,169,8.0,1.2686917e-11
65,169,9.0,2.5378913e-10
65,169,10.0,1.4463356e-09
65,169,11.0,8.1772955e-10
65,169,12.0,1.6668073e-12
65,169,13.0,2.9852675e-08
65,169,14.0,1.6649544e-08
65,170,0.0,6.356597e-12
65,170,1.0,4.3536038e-13
65,170,2.0,1.1749249e-07
65,170,3.0,1.2150711e-12
65,170,4.0,4.644346e-10
65,170,5.0,3.0636755e-08
65,170,6.0,6.752876e-09
65,170,7.0,3.803778e-09
65,170,8.0,9.1833074e-09
65,170,9.0,5.9936845e-08
65,170,10.0,3.4942287e-09
65,170,11.0,0.0
65,170,12.0,0.0
65,170,13.0,2.4239375e-13
65,170,14.0,2.5734284e-09
65,171,0.0,1.4569927e-12
65,171,1.0,0.0
65,171,2.0,0.0
65,171,3.0,2.859848e-09
65,171,4.0,5.189479e-09
65,171,5.0,4.7623305e-10
65,171,6.0,2.7867604e-09
65,171,7.0,3.674273e-08
65,171,8.0,1.97728e-10
65,171,9.0,3.283699e-10
65,171,10.0,8.938098e-09
65,171,11.0,2.0928423e-09
65,171,12.0,4.1781254e-09
65,171,13.0,8.9275104e-10
65,171,14.0,1.509526e-08
65,172,0.0,0.0
65,172,1.0,5.0212976e-09
65,172,2.0,5.9469865e-09
65,172,3.0,0.0
65,172,4.0,1.2705358e-10
65,172,5.0,8.0681073e-10
65,172,6.0,1.7543642e-13
65,172,7.0,4.274996e-08
65,172,8.0,2.2920288e-08
65,172,9.0,6.177554e-08
65,172,10.0,4.5861825e-10
65,172,11.0,1.6301924e-09
65,172,12.0,0.0
65,172,13.0,1.7600301e-07
65,172,14.0,2.1261162e-07
66,157,0.0,3.760144e-10
66,157,1.0,1.6010878e-08
66,157,2.0,3.9905004e-09
66,157,3.0,1.2631117e-09
66,157,4.0,5.0292663e-09
66,157,5.0,7.68483e-08
66,157,6.0,2.8359707e-08
66,157,7.0,1.7369272e-08
66,157,8.0,3.3097656e-08
66,157,9.0,1.8427547e-08
66,157,10.0,1.345268e-08
66,157,11.0,2.6464388e-08
66,157,12.0,1.6834473e-08
66,157,13.0,5.450461e-09
66,157,14.0,2.780604e-08
66,158,0.0,0.0
66,158,1.0,9.716368e-10
66,158,2.0,1.8047404e-08
66,158,3.0,2.8797016e-08
66,158,4.0,1.4483173e-08
66,158,5.0,9.296916e-08
66,158,6.0,2.8959427e-08
66,158,7.0,1.3572652e-08
66,158,8.0,3.7166576e-09
66,158,9.0,3.179064e-09
66,158,10.0,0.0
66,158,11.0,0.0
66,158,12.0,0.0
66,158,13.0,0.0
66,158,14.0,0.0
66,159,0.0,1.1527609e-08
66,159,1.0,1.6945034e-08
66,159,2.0,5.7868164e-08
66,159,3.0,6.652548e-08
66,159,4.0,3.3439676e-07
66,159,5.0,2.0806707e-08
66,159,6.0,5.5220446e-09
66,159,7.0,2.2391314e-08
66,159,8.0,3.1239917e-08
66,159,9.0,6.2532033e-09
66,159,10.0,3.2188174e-09
66,159,11.0,5.787173e-10
66,159,12.0,1.4125001e-10
66,159,13.0,1.6496691e-09
66,159,14.0,6.698075e-09
66,160,0.0,1.4010469e-08
66,160,1.0,5.464161e-13
66,160,2.0,3.776916e-08
66,160,3.0,1.0099546e-07
66,160,4.0,1.0210094e-08
66,160,5.0,1.0565789e-08
66,160,6.0,7.0792066e-09
66,160,7.0,5.875062e-09
66,160,8.0,2.8932709e-08
66,160,9.0,1.8691214e-08
66,160,10.0,8.000287e-10
66,160,11.0,0.0
66,160,12.0,1.912853e-08
66,160,13.0,7.786652e-09
66,160,14.0,7.576301e-08
66,161,0.0,3.757768e-08
66,161,1.0,2.0087214e-08
66,161,2.0,1.0560359e-09
66,161,3.0,4.8888996e-08
66,161,4.0,1.5421537e-07
66,161,5.0,2.3168445e-08
66,161,6.0,3.471941e-08
66,161,7.0,1.18864726e-07
66,161,8.0,6.053408e-08
66,161,9.0,5.225213e-09
66,161,10.0,1.103523e-09
66,161,11.0,2.8783538e-09
66,161,12.0,9.507459e-09
66,161,13.0,1.46856e-07
66,161,14.0,1.1993134e-07
66,162,0.0,0.0
66,162,1.0,0.0
66,162,2.0,0.0
66,162,3.0,2.8182778e-10
66,162,4.0,4.6971643e-10
66,162,5.0,5.822276e-10
66,162,6.0,3.0131857e-09
66,162,7.0,0.0
66,162,8.0,3.0957095e-11
66,162,9.0,9.325828e-12
66,162,10.0,0.0
66,162,11.0,4.5360615e-10
66,162,12.0,0.0
66,162,13.0,1.5332662e-10
66,162,14.0,1.0365842e-08
66,163,0.0,2.977034e-07
66,163,1.0,2.0895033e-08
66,163,2.0,1.5119626e-08
66,163,3.0,2.4677194e-08
66,163,4.0,1.7670798e-08
66,163,5.0,4.7600404e-09
66,163,6.0,2.5437842e-08
66,163,7.0,2.6340285e-07
66,163,8.0,4.330947e-08
66,163,9.0,1.3715693e-07
66,163,10.0,8.12208e-09
66,163,11.0,3.7137553e-08
66,163,12.0,2.2485973e-07
66,163,13.0,5.7016854e-07
66,163,14.0,1.0559139e-07
66,164,0.0,0.0
66,164,1.0,0.0
66,164,2.0,0.0
66,164,3.0,0.0
66,164,4.0,0.0
66,164,5.0,0.0
66,164,6.0,0.0
66,164,7.0,0.0
66,164,8.0,0.0
66,164,9.0,0.0
66,164,10.0,0.0
66,164,11.0,6.5290875e-09
66,164,12.0,1.0118998e-06
66,164,13.0,7.641393e-06
66,164,14.0,2.985363e-06
66,165,0.0,0.0
66,165,1.0,0.0
66,165,2.0,0.0
66,165,3.0,0.0
66,165,4.0,0.0
66,165,5.0,0.0
66,165,6.0,0.0
66,165,7.0,3.1217468e-07
66,165,8.0,8.634765e-06
66,165,9.0,4.4557696e-06
66,165,10.0,2.8294202e-05
66,165,11.0,1.9247336e-05
66,165,12.0,2.0782203e-05
66,165,13.0,1.4919239e-05
66,165,14.0,1.3754843e-05
66,166,0.0,0.0
66,166,1.0,0.0
66,166,2.0,0.0
66,166,3.0,0.0
66,166,4.0,8.3791115e-14
66,166,5.0,0.0
66,166,6.0,0.0
66,166,7.0,0.0
66,166,8.0,5.4809737e-12
66,166,9.0,1.7410051e-06
66,166,10.0,2.8137379e-06
66,166,11.0,1.2177923e-05
66,166,12.0,4.6669097e-06
66,166,13.0,1.3556466e-06
66,166,14.0,9.969e-07
66,167,0.0,0.0
66,167,1.0,0.0
66,167,2.0,4.0066167e-10
66,167,3.0,3.9613726e-09
66,167,4.0,2.7100027e-08
66,167,5.0,1.397749e-05
66,167,6.0,6.3402326e-06
66,167,7.0,6.030469e-06
66,167,8.0,8.143442e-06
66,167,9.0,1.5857019e-06
66,167,10.0,7.34323e-06
66,167,11.0,8.255532e-06
66,167,12.0,8.177779e-06
66,167,13.0,1.567184e-05
66,167,14.0,2.9432424e-05
66,168,0.0,0.0
66,168,1.0,0.0
66,168,2.0,0.0
66,168,3.0,2.2657496e-09
66,168,4.0,1.5398213e-10
66,168,5.0,1.2253613e-10
66,168,6.0,3.613995e-11
66,168,7.0,4.5897415e-09
66,168,8.0,1.0907052e-07
66,168,9.0,5.0622393e-08
66,168,10.0,0.0
66,168,11.0,5.640369e-07
66,168,12.0,9.46593e-06
66,168,13.0,1.414742e-05
66,168,14.0,1.4477257e-05
66,169,0.0,8.2176566e-10
66,169,1.0,4.9515165e-08
66,169,2.0,0.0
66,169,3.0,0.0
66,169,4.0,0.0
66,169,5.0,0.0
66,169,6.0,0.0
66,169,7.0,0.0
66,169,8.0,1.0107585e-11
66,169,9.0,0.0
66,169,10.0,2.4095473e-06
66,169,11.0,3.6835817e-07
66,169,12.0,6.383894e-07
66,169,13.0,5.144778e-07
66,169,14.0,4.0397316e-07
66,170,0.0,5.608036e-12
66,170,1.0,4.7471357e-08
66,170,2.0,1.2468212e-07
66,170,3.0,5.8334358e-08
66,170,4.0,8.0478515e-08
66,170,5.0,4.794771e-09
66,170,6.0,3.0220125e-08
66,170,7.0,7.572818e-08
66,170,8.0,2.3748846e-07
66,170,9.0,1.2143339e-07
66,170,10.0,3.3601005e-08
66,170,11.0,2.8421736e-09
66,170,12.0,2.6465113e-07
66,170,13.0,7.8565984e-07
66,170,14.0,5.7385057e-07
66,171,0.0,3.8700882e-09
66,171,1.0,5.7267584e-07
66,171,2.0,6.477314e-07
66,171,3.0,5.8438236e-08
66,171,4.0,4.681233e-08
66,171,5.0,3.0718823e-08
66,171,6.0,2.743824e-08
66,171,7.0,9.086956e-09
66,171,8.0,1.1653449e-08
66,171,9.0,1.542192e-08
66,171,10.0,8.5190655e-09
66,171,11.0,4.0756763e-08
66,171,12.0,1.753395e-13
66,171,13.0,0.0
66,171,14.0,2.6965672e-09
66,172,0.0,6.937764e-11
66,172,1.0,3.28e-08
66,172,2.0,1.1461309e-08
66,172,3.0,1.4693311e-08
66,172,4.0,4.3952927e-08
66,172,5.0,2.2781814e-08
66,172,6.0,5.920956e-10
66,172,7.0,2.3839366e-12
66,172,8.0,9.087396e-15
66,172,9.0,1.304648e-07
66,172,10.0,1.2049214e-08
66,172,11.0,0.0
66,172,12.0,0.0
66,172,13.0,1.6423019e-07
66,172,14.0,2.6231098e-07
67,160,0.0,1.2082151e-08
67,160,1.0,5.271375e-09
67,160,2.0,1.92029e-08
67,160,3.0,1.3028813e-07
67,160,4.0,1.4791951e-07
67,160,5.0,2.722952e-07
67,160,6.0,8.986206e-08
67,160,7.0,2.7705042e-08
67,160,8.0,2.54316e-08
67,160,9.0,2.1905014e-07
67,160,10.0,4.952004e-07
67,160,11.0,2.3348962e-07
67,160,12.0,4.809304e-07
67,160,13.0,1.6374737e-07
67,160,14.0,1.2278755e-07
67,161,0.0,4.3790674e-08
67,161,1.0,2.0782144e-08
67,161,2.0,3.433355e-09
67,161,3.0,4.3293688e-10
67,161,4.0,4.859189e-10
67,161,5.0,6.559359e-09
67,161,6.0,5.741738e-09
67,161,7.0,5.646874e-09
67,161,8.0,5.6915617e-10
67,161,9.0,4.362695e-07
67,161,10.0,8.1235873e-07
67,161,11.0,7.0464324e-07
67,161,12.0,7.10168e-07
67,161,13.0,7.51912e-09
67,161,14.0,1.8218858e-09
67,162,0.0,1.8349802e-08
67,162,1.0,1.4850842e-07
67,162,2.0,2.9150172e-08
67,162,3.0,4.9395066e-10
67,162,4.0,1.506611e-13
67,162,5.0,1.4483217e-09
67,162,6.0,2.8134204e-09
67,162,7.0,1.0965401e-08
67,162,8.0,0.0
67,162,9.0,2.45355e-08
67,162,10.0,6.479894e-08
67,162,11.0,8.24617e-08
67,162,12.0,1.3197459e-07
67,162,13.0,1.1349933e-07
67,162,14.0,8.190853e-08
67,163,0.0,1.17475096e-07
67,163,1.0,2.3743287e-09
67,163,2.0,1.6050448e-07
67,163,3.0,2.1073776e-08
67,163,4.0,8.703811e-08
67,163,5.0,8.5182833e-10
67,163,6.0,8.002978e-10
67,163,7.0,1.4746201e-12
67,163,8.0,7.004705e-09
67,163,9.0,3.5140323e-07
67,163,10.0,1.7427008e-07
67,163,11.0,1.4673276e-08
67,163,12.0,5.2366392e-08
67,163,13.0,2.139707e-09
67,163,14.0,3.748765e-09
67,164,0.0,6.0516503e-09
67,164,1.0,1.6476335e-09
67,164,2.0,2.2896856e-13
67,164,3.0,7.804143e-14
67,164,4.0,3.7222178e-10
67,164,5.0,2.2998561e-11
67,164,6.0,2.0080184e-11
67,164,7.0,0.0
67,164,8.0,4.803569e-09
67,164,9.0,5.803603e-08
67,164,10.0,3.720074e-08
67,164,11.0,3.6390308e-08
67,164,12.0,8.753269e-08
67,164,13.0,1.6048536e-07
67,164,14.0,1.7070748e-07
67,165,0.0,1.4995025e-07
67,165,1.0,1.0930569e-08
67,165,2.0,8.3285423e-10
67,165,3.0,5.8029994e-09
67,165,4.0,6.3616197e-09
67,165,5.0,0.0
67,165,6.0,2.2877884e-10
67,165,7.0,8.250733e-09
67,165,8.0,8.216278e-08
67,165,9.0,5.106597e-09
67,165,10.0,2.1845326e-11
67,165,11.0,1.3589899e-08
67,165,12.0,4.9483146e-09
67,165,13.0,1.3188696e-08
67,165,14.0,8.284523e-08
67,166,0.0,1.2414548e-08
67,166,1.0,1.0096871e-08
67,166,2.0,1.7437247e-09
67,166,3.0,4.5526026e-08
67,166,4.0,3.888018e-09
67,166,5.0,3.5468865e-08
67,166,6.0,1.483189e-08
67,166,7.0,8.172273e-09
67,166,8.0,1.2164833e-07
67,166,9.0,9.617632e-08
67,166,10.0,1.8393822e-08
67,166,11.0,2.5022608e-08
67,166,12.0,2.7950582e-08
67,166,13.0,3.7629994e-07
67,166,14.0,3.4592237e-08
67,167,0.0,2.0806501e-08
67,167,1.0,3.923034e-08
67,167,2.0,1.11990595e-07
67,167,3.0,1.2446545e-08
67,167,4.0,2.3924238e-09
67,167,5.0,8.5786285e-09
67,167,6.0,1.04703894e-07
67,167,7.0,6.426593e-07
67,167,8.0,2.7075953e-07
67,167,9.0,3.3843666e-08
67,167,10.0,1.6493887e-08
67,167,11.0,2.4299902e-07
67,167,12.0,7.333033e-07
67,167,13.0,9.305464e-07
67,167,14.0,2.7366457e-06
67,168,0.0,1.5913706e-08
67,168,1.0,5.7639003e-08
67,168,2.0,2.3957368e-08
67,168,3.0,1.8247414e-07
67,168,4.0,6.0739524e-08
67,168,5.0,8.6230266e-08
67,168,6.0,5.5750924e-08
67,168,7.0,1.9663783e-08
67,168,8.0,1.922683e-08
67,168,9.0,3.1925609e-09
67,168,10.0,1.7975863e-08
67,168,11.0,0.0
67,168,12.0,1.4169561e-07
67,168,13.0,1.6166332e-07
67,168,14.0,2.7418147e-07
67,169,0.0,0.0
67,169,1.0,0.0
67,169,2.0,1.2568501e-12
67,169,3.0,0.0
67,169,4.0,0.0
67,169,5.0,9.339195e-12
67,169,6.0,1.3993101e-10
67,169,7.0,6.2990485e-12
67,169,8.0,0.0
67,169,9.0,0.0
67,169,10.0,0.0
67,169,11.0,4.191319e-10
67,169,12.0,9.080634e-09
67,169,13.0,4.298044e-08
67,169,14.0,6.030167e-09
67,170,0.0,3.9138492e-09
67,170,1.0,8.949634e-08
67,170,2.0,3.5719643e-09
67,170,3.0,1.8916518e-08
67,170,4.0,9.2264756e-08
67,170,5.0,2.1315805e-09
67,170,6.0,1.941356e-11
67,170,7.0,3.441885e-10
67,170,8.0,0.0
67,170,9.0,0.0
67,170,10.0,0.0
67,170,11.0,5.65682e-17
67,170,12.0,4.098109e-09
67,170,13.0,6.3896883e-09
67,170,14.0,2.498802e-07
67,171,0.0,4.133082e-08
67,171,1.0,1.06684936e-07
67,171,2.0,1.6335763e-07
67,171,3.0,1.0753896e-07
67,171,4.0,2.3021272e-08
67,171,5.0,6.854749e-11
67,171,6.0,3.6926885e-08
67,171,7.0,3.5978114e-09
67,171,8.0,9.555642e-09
67,171,9.0,1.7165108e-09
67,171,10.0,6.7083192e-09
67,171,11.0,1.7504896e-09
67,171,12.0,6.4872076e-08
67,171,13.0,2.0893376e-08
67,171,14.0,9.792313e-08
67,172,0.0,2.345203e-08
67,172,1.0,2.3429898e-08
67,172,2.0,1.5844904e-08
67,172,3.0,2.6601436e-08
67,172,4.0,5.0541576e-08
67,172,5.0,2.2920288e-08
67,172,6.0,3.7994496e-09
67,172,7.0,2.2830262e-07
67,172,8.0,1.4136621e-08
67,172,9.0,1.5310338e-10
67,172,10.0,1.4756039e-09
67,172,11.0,1.7186212e-08
67,172,12.0,7.936364e-11
67,172,13.0,1.2855637e-08
67,172,14.0,2.2531677e-07
68,163,0.0,7.714669e-09
68,163,1.0,1.0197386e-08
68,163,2.0,4.84846e-08
68,163,3.0,1.6666716e-07
68,163,4.0,7.0401256e-08
68,163,5.0,6.818967e-08
68,163,6.0,1.8463068e-07
68,163,7.0,6.7783095e-09
68,163,8.0,3.9869228e-08
68,163,9.0,3.9108198e-08
68,163,10.0,1.3274473e-07
68,163,11.0,4.808281e-07
68,163,12.0,1.06517554e-07
68,163,13.0,7.481695e-10
68,163,14.0,5.122783e-11
68,164,0.0,2.5320151e-08
68,164,1.0,8.1392434e-11
68,164,2.0,1.1151626e-07
68,164,3.0,5.32096e-09
68,164,4.0,8.755199e-09
68,164,5.0,1.951462e-09
68,164,6.0,4.411523e-10
68,164,7.0,2.8567126e-08
68,164,8.0,1.8739472e-08
68,164,9.0,5.305729e-08
68,164,10.0,2.841837e-08
68,164,11.0,1.7752425e-08
68,164,12.0,5.214744e-09
68,164,13.0,8.432548e-08
68,164,14.0,4.338754e-08
68,165,0.0,3.3181102e-08
68,165,1.0,4.223872e-08
68,165,2.0,1.3267014e-07
68,165,3.0,1.0788161e-08
68,165,4.0,1.1373097e-07
68,165,5.0,5.8157184e-07
68,165,6.0,1.619249e-07
68,165,7.0,8.426004e-09
68,165,8.0,2.587738e-07
68,165,9.0,3.0573999e-09
68,165,10.0,2.5728895e-07
68,165,11.0,3.671138e-07
68,165,12.0,2.1011569e-07
68,165,13.0,2.4164638e-08
68,165,14.0,6.752908e-08
68,166,0.0,3.117442e-08
68,166,1.0,4.291516e-09
68,166,2.0,1.3860629e-08
68,166,3.0,1.0461819e-08
68,166,4.0,1.6044426e-07
68,166,5.0,5.297149e-08
68,166,6.0,2.5747312e-08
68,166,7.0,4.614705e-08
68,166,8.0,2.456124e-07
68,166,9.0,4.3106546e-08
68,166,10.0,1.9367334e-09
68,166,11.0,7.8226975e-08
68,166,12.0,1.4084694e-07
68,166,13.0,2.058661e-08
68,166,14.0,4.0865422e-07
68,167,0.0,3.733183e-08
68,167,1.0,4.699811e-10
68,167,2.0,3.3434136e-10
68,167,3.0,3.6382816e-10
68,167,4.0,0.0
68,167,5.0,2.029503e-09
68,167,6.0,0.0
68,167,7.0,7.791829e-14
68,167,8.0,1.2813189e-09
68,167,9.0,1.2424777e-09
68,167,10.0,4.1790237e-08
68,167,11.0,1.1461309e-08
68,167,12.0,4.8443717e-08
68,167,13.0,1.16386145e-08
68,167,14.0,1.8761822e-08
68,168,0.0,0.0
68,168,1.0,3.0499298e-10
68,168,2.0,3.7579113e-09
68,168,3.0,1.1968646e-11
68,168,4.0,0.0
68,168,5.0,0.0
68,168,6.0,0.0
68,168,7.0,0.0
68,168,8.0,1.0096031e-08
68,168,9.0,6.072292e-12
68,168,10.0,4.2192158e-10
68,168,11.0,2.730599e-14
68,168,12.0,7.483401e-10
68,168,13.0,1.8667976e-08
68,168,14.0,1.4176227e-08
68,169,0.0,9.338176e-08
68,169,1.0,7.1362356e-09
68,169,2.0,6.424947e-09
68,169,3.0,3.793868e-08
68,169,4.0,7.739723e-09
68,169,5.0,0.0
68,169,6.0,0.0
68,169,7.0,4.0929238e-10
68,169,8.0,0.0
68,169,9.0,0.0
68,169,10.0,8.222528e-08
68,169,11.0,3.1124387e-08
68,169,12.0,1.5599367e-08
68,169,13.0,1.4340952e-08
68,169,14.0,7.157603e-08
68,170,0.0,1.1555281e-11
68,170,1.0,2.7225635e-08
68,170,2.0,1.3042014e-12
68,170,3.0,7.569106e-09
68,170,4.0,6.287491e-08
68,170,5.0,5.782059e-12
68,170,6.0,2.6576579e-09
68,170,7.0,2.902803e-08
68,170,8.0,2.5360747e-09
68,170,9.0,1.2641418e-10
68,170,10.0,5.736702e-10
68,170,11.0,1.4069532e-11
68,170,12.0,3.632525e-10
68,170,13.0,7.5844016e-09
68,170,14.0,7.558787e-08
68,171,0.0,9.283806e-09
68,171,1.0,3.3133166e-10
68,171,2.0,4.9226286e-11
68,171,3.0,6.5888632e-09
68,171,4.0,2.965307e-11
68,171,5.0,4.9020576e-11
68,171,6.0,6.0902962e-12
68,171,7.0,0.0
68,171,8.0,2.0237282e-08
68,171,9.0,8.054468e-09
68,171,10.0,7.3364745e-09
68,171,11.0,4.5881137e-08
68,171,12.0,1.3398034e-10
68,171,13.0,4.2579257e-13
68,171,14.0,9.805121e-08
68,172,0.0,1.8845091e-13
68,172,1.0,4.9950716e-10
68,172,2.0,3.251388e-08
68,172,3.0,1.1477626e-07
68,172,4.0,1.12690635e-07
68,172,5.0,2.469574e-08
68,172,6.0,3.5004692e-08
68,172,7.0,2.2042924e-08
68,172,8.0,2.6803635e-08
68,172,9.0,1.6691115e-07
68,172,10.0,9.885225e-08
68,172,11.0,1.3725635e-07
68,172,12.0,5.42005e-09
68,172,13.0,4.833767e-09
68,172,14.0,2.1318584e-07
69,166,0.0,0.0
69,166,1.0,5.680147e-11
69,166,2.0,4.0854442e-10
69,166,3.0,2.5977299e-08
69,166,4.0,2.5882338e-09
69,166,5.0,3.8426697e-09
69,166,6.0,3.9594683e-09
69,166,7.0,6.403591e-08
69,166,8.0,2.493165e-10
69,166,9.0,1.1898993e-11
69,166,10.0,3.0409155e-09
69,166,11.0,4.9234817e-08
69,166,12.0,4.695134e-08
69,166,13.0,6.3198597e-09
69,166,14.0,1.4727068e-08
69,167,0.0,1.672533e-08
69,167,1.0,2.1239244e-13
69,167,2.0,5.8562057e-09
69,167,3.0,2.3802498e-07
69,167,4.0,5.5686506e-08
69,167,5.0,1.7804804e-14
69,167,6.0,1.1541143e-08
69,167,7.0,8.093458e-09
69,167,8.0,2.3858244e-09
69,167,9.0,7.2079587e-09
69,167,10.0,1.3724956e-07
69,167,11.0,1.6054463e-07
69,167,12.0,2.4051165e-08
69,167,13.0,3.5600916e-08
69,167,14.0,3.0229833e-07
69,168,0.0,5.915807e-10
69,168,1.0,1.6004708e-07
69,168,2.0,1.0852661e-08
69,168,3.0,1.1780828e-07
69,168,4.0,2.4031602e-08
69,168,5.0,2.517355e-08
69,168,6.0,3.989543e-09
69,168,7.0,8.348508e-08
69,168,8.0,9.627066e-11
69,168,9.0,4.4675286e-08
69,168,10.0,2.2343032e-07
69,168,11.0,4.899761e-07
69,168,12.0,1.836748e-07
69,168,13.0,5.217339e-07
69,168,14.0,3.9652394e-07
69,169,0.0,8.731594e-09
69,169,1.0,1.9658438e-08
69,169,2.0,1.09491104e-07
69,169,3.0,4.8080395e-08
69,169,4.0,9.253199e-08
69,169,5.0,9.520928e-08
69,169,6.0,5.4463785e-09
69,169,7.0,2.920606e-08
69,169,8.0,1.3708219e-08
69,169,9.0,5.6070803e-08
69,169,10.0,2.4819244e-07
69,169,11.0,3.114291e-07
69,169,12.0,2.386448e-07
69,169,13.0,7.8801776e-08
69,169,14.0,4.9845966e-07
69,170,0.0,4.373252e-09
69,170,1.0,1.3493826e-08
69,170,2.0,4.1390635e-08
69,170,3.0,1.7583609e-07
69,170,4.0,2.8971536e-10
69,170,5.0,4.3729795e-10
69,170,6.0,1.7581481e-09
69,170,7.0,1.1286299e-08
69,170,8.0,5.354938e-10
69,170,9.0,1.1908895e-08
69,170,10.0,5.0659597e-09
69,170,11.0,2.59109e-09
69,170,12.0,5.8729825e-09
69,170,13.0,2.1522896e-12
69,170,14.0,0.0
69,171,0.0,1.7911986e-09
69,171,1.0,4.065598e-08
69,171,2.0,3.340213e-09
69,171,3.0,3.307835e-08
69,171,4.0,8.9717883e-10
69,171,5.0,6.7012895e-10
69,171,6.0,5.3115445e-10
69,171,7.0,3.0366845e-08
69,171,8.0,2.415626e-10
69,171,9.0,0.0
69,171,10.0,0.0
69,171,11.0,0.0
69,171,12.0,0.0
69,171,13.0,9.82654e-08
69,171,14.0,4.991294e-10
69,172,0.0,1.12549195e-07
69,172,1.0,5.2460546e-08
69,172,2.0,2.3299998e-07
69,172,3.0,2.3220706e-07
69,172,4.0,1.7044633e-07
69,172,5.0,2.8530732e-08
69,172,6.0,7.15218e-08
69,172,7.0,5.2226834e-10
69,172,8.0,5.563467e-08
69,172,9.0,2.506205e-10
69,172,10.0,3.3658465e-09
69,172,11.0,7.328867e-08
69,172,12.0,2.740505e-09
69,172,13.0,1.9716689e-08
69,172,14.0,0.0
70,168,0.0,1.2011831e-08
70,168,1.0,2.1698021e-07
70,168,2.0,6.790489e-08
70,168,3.0,4.986788e-08
70,168,4.0,1.0350176e-08
70,168,5.0,3.6504456e-08
70,168,6.0,7.216822e-09
70,168,7.0,1.7647602e-09
70,168,8.0,4.8258713e-11
70,168,9.0,5.2038374e-11
70,168,10.0,6.8086385e-09
70,168,11.0,2.8648393e-09
70,168,12.0,1.1684697e-14
70,168,13.0,1.1441281e-09
70,168,14.0,5.6005706e-10
70,169,0.0,7.608864e-14
70,169,1.0,1.063266e-08
70,169,2.0,1.834905e-08
70,169,3.0,2.778813e-09
70,169,4.0,1.4147907e-08
70,169,5.0,3.076283e-08
70,169,6.0,4.42686e-08
70,169,7.0,2.1881175e-09
70,169,8.0,8.998191e-09
70,169,9.0,1.3517707e-07
70,169,10.0,1.8067061e-07
70,169,11.0,2.2274628e-07
70,169,12.0,1.3232325e-07
70,169,13.0,8.2901714e-08
70,169,14.0,5.5556118e-08
70,170,0.0,3.9534616e-09
70,170,1.0,2.0321356e-09
70,170,2.0,0.0
70,170,3.0,0.0
70,170,4.0,8.08534e-08
70,170,5.0,5.398135e-08
70,170,6.0,3.3640962e-08
70,170,7.0,5.1428435e-09
70,170,8.0,9.788552e-08
70,170,9.0,5.826682e-08
70,170,10.0,5.675505e-09
70,170,11.0,6.9712667e-09
70,170,12.0,1.8490051e-07
70,170,13.0,1.0995835e-08
70,170,14.0,1.8542302e-14
70,171,0.0,3.8405754e-09
70,171,1.0,8.865121e-12
70,171,2.0,1.196988e-09
70,171,3.0,5.680105e-08
70,171,4.0,5.4038367e-08
70,171,5.0,1.0867372e-08
70,171,6.0,4.6671365e-09
70,171,7.0,8.3739143e-10
70,171,8.0,7.973289e-09
70,171,9.0,2.815163e-10
70,171,10.0,1.8938493e-07
70,171,11.0,8.185502e-10
70,171,12.0,5.42781e-09
70,171,13.0,9.478339e-09
70,171,14.0,6.7983656e-08
70,172,0.0,2.2818434e-09
70,172,1.0,2.3852767e-11
70,172,2.0,2.7315696e-08
70,172,3.0,2.6336988e-08
70,172,4.0,0.0
70,172,5.0,1.796069e-08
70,172,6.0,4.300372e-09
70,172,7.0,1.2647037e-17
70,172,8.0,2.0154921e-11
70,172,9.0,1.334366e-10
70,172,10.0,2.736218e-09
70,172,11.0,2.7280505e-08
70,172,12.0,4.8214073e-08
70,172,13.0,7.483568e-09
70,172,14.0,9.114058e-09
71,172,0.0,6.481637e-08
71,172,1.0,1.4964673e-08
71,172,2.0,2.8492333e-09
71,172,3.0,3.5868613e-08
71,172,4.0,6.27699e-08
71,172,5.0,4.2850742e-10
71,172,6.0,1.5267286e-11
71,172,7.0,0.0
71,172,8.0,3.40876e-10
71,172,9.0,5.7718563e-10
71,172,10.0,2.9553795e-09
71,172,11.0,2.1587474e-09
71,172,12.0,2.955475e-09
71,172,13.0,4.0851798e-09
71,172,14.0,2.1129805e-09
