Z_physical,A_physical,E_physical,Yield_pred
23,66,0.0,1.5249525e-07
23,66,1.0,2.8936807e-08
23,66,2.0,1.2973699e-08
23,66,3.0,2.742795e-08
23,66,4.0,6.697499e-08
23,66,5.0,8.45212e-08
23,66,6.0,3.4972366e-08
23,66,7.0,2.2713726e-09
23,66,8.0,0.0
23,66,9.0,0.0
23,66,10.0,0.0
23,66,11.0,0.0
23,66,12.0,0.0
23,66,13.0,3.024828e-11
23,66,14.0,1.1161531e-09
24,66,0.0,0.0
24,66,1.0,2.6155902e-10
24,66,2.0,4.2486e-08
24,66,3.0,2.3130171e-07
24,66,4.0,5.479691e-07
24,66,5.0,9.805548e-07
24,66,6.0,1.4122803e-06
24,66,7.0,1.5325235e-06
24,66,8.0,1.1217759e-06
24,66,9.0,5.003005e-07
24,66,10.0,1.4247118e-07
24,66,11.0,2.8340304e-08
24,66,12.0,5.9936234e-09
24,66,13.0,2.2633428e-09
24,66,14.0,9.317889e-10
24,67,0.0,0.0
24,67,1.0,0.0
24,67,2.0,2.3192956e-14
24,67,3.0,4.5938664e-10
24,67,4.0,4.6218656e-09
24,67,5.0,7.1804416e-09
24,67,6.0,1.7947461e-09
24,67,7.0,3.9446135e-13
24,67,8.0,0.0
24,67,9.0,0.0
24,67,10.0,0.0
24,67,11.0,0.0
24,67,12.0,1.01377615e-10
24,67,13.0,4.441247e-09
24,67,14.0,1.1974328e-08
24,68,0.0,0.0
24,68,1.0,0.0
24,68,2.0,4.5019518e-12
24,68,3.0,7.8271384e-10
24,68,4.0,6.586553e-09
24,68,5.0,2.1852044e-08
24,68,6.0,3.4021895e-08
24,68,7.0,2.2738629e-08
24,68,8.0,3.703369e-09
24,68,9.0,2.09897e-11
24,68,10.0,0.0
24,68,11.0,0.0
24,68,12.0,0.0
24,68,13.0,5.3446334e-11
24,68,14.0,1.1865182e-09
24,69,0.0,1.2715181e-09
24,69,1.0,2.8066112e-09
24,69,2.0,4.4929327e-09
24,69,3.0,2.0377882e-09
24,69,4.0,3.690244e-12
24,69,5.0,0.0
24,69,6.0,0.0
24,69,7.0,0.0
24,69,8.0,0.0
24,69,9.0,0.0
24,69,10.0,0.0
24,69,11.0,0.0
24,69,12.0,0.0
24,69,13.0,0.0
24,69,14.0,0.0
24,70,0.0,3.826347e-09
24,70,1.0,6.1527174e-08
24,70,2.0,1.5207665e-07
24,70,3.0,1.7767866e-07
24,70,4.0,1.2772315e-07
24,70,5.0,4.655847e-08
24,70,6.0,3.5590106e-09
24,70,7.0,0.0
24,70,8.0,0.0
24,70,9.0,0.0
24,70,10.0,0.0
24,70,11.0,0.0
24,70,12.0,0.0
24,70,13.0,0.0
24,70,14.0,0.0
25,66,0.0,6.0695726e-10
25,66,1.0,7.5208245e-10
25,66,2.0,3.732399e-08
25,66,3.0,5.748504e-07
25,66,4.0,2.721905e-06
25,66,5.0,5.798539e-06
25,66,6.0,6.6170105e-06
25,66,7.0,5.090667e-06
25,66,8.0,3.2833173e-06
25,66,9.0,2.2821941e-06
25,66,10.0,2.0224004e-06
25,66,11.0,2.0866546e-06
25,66,12.0,2.2139736e-06
25,66,13.0,2.1841774e-06
25,66,14.0,1.9883473e-06
25,67,0.0,1.8716927e-10
25,67,1.0,3.1628186e-11
25,67,2.0,8.249391e-09
25,67,3.0,1.3315808e-07
25,67,4.0,4.516966e-07
25,67,5.0,5.433178e-07
25,67,6.0,3.5305698e-07
25,67,7.0,1.7948211e-07
25,67,8.0,1.1990369e-07
25,67,9.0,1.4356091e-07
25,67,10.0,2.2525822e-07
25,67,11.0,3.435731e-07
25,67,12.0,4.3402662e-07
25,67,13.0,4.889371e-07
25,67,14.0,5.985294e-07
25,68,0.0,0.0
25,68,1.0,1.7348955e-13
25,68,2.0,4.1962447e-09
25,68,3.0,5.695274e-08
25,68,4.0,1.0563923e-07
25,68,5.0,7.681639e-08
25,68,6.0,3.8140485e-08
25,68,7.0,2.6548214e-08
25,68,8.0,3.668724e-08
25,68,9.0,6.243493e-08
25,68,10.0,8.993974e-08
25,68,11.0,9.121003e-08
25,68,12.0,7.867066e-08
25,68,13.0,8.316645e-08
25,68,14.0,1.3763291e-07
25,69,0.0,2.7000038e-13
25,69,1.0,0.0
25,69,2.0,1.00115716e-13
25,69,3.0,0.0
25,69,4.0,0.0
25,69,5.0,0.0
25,69,6.0,0.0
25,69,7.0,0.0
25,69,8.0,0.0
25,69,9.0,0.0
25,69,10.0,0.0
25,69,11.0,0.0
25,69,12.0,0.0
25,69,13.0,0.0
25,69,14.0,0.0
25,70,0.0,9.758967e-10
25,70,1.0,4.959542e-09
25,70,2.0,7.166457e-09
25,70,3.0,2.4848756e-09
25,70,4.0,1.2058103e-10
25,70,5.0,1.4645379e-13
25,70,6.0,1.1242042e-14
25,70,7.0,1.5166167e-12
25,70,8.0,4.0727703e-12
25,70,9.0,0.0
25,70,10.0,0.0
25,70,11.0,0.0
25,70,12.0,0.0
25,70,13.0,1.6539447e-11
25,70,14.0,7.921162e-09
25,71,0.0,1.2349979e-09
25,71,1.0,4.5918998e-11
25,71,2.0,0.0
25,71,3.0,0.0
25,71,4.0,0.0
25,71,5.0,0.0
25,71,6.0,0.0
25,71,7.0,0.0
25,71,8.0,0.0
25,71,9.0,0.0
25,71,10.0,0.0
25,71,11.0,0.0
25,71,12.0,0.0
25,71,13.0,0.0
25,71,14.0,0.0
25,72,0.0,7.295642e-13
25,72,1.0,4.7737647e-10
25,72,2.0,8.4342006e-10
25,72,3.0,5.3372445e-10
25,72,4.0,6.4954303e-10
25,72,5.0,1.1813572e-09
25,72,6.0,1.2619629e-09
25,72,7.0,2.5374744e-10
25,72,8.0,3.3457584e-19
25,72,9.0,0.0
25,72,10.0,0.0
25,72,11.0,0.0
25,72,12.0,3.1926545e-11
25,72,13.0,9.109222e-09
25,72,14.0,9.6953734e-08
25,73,0.0,0.0
25,73,1.0,0.0
25,73,2.0,0.0
25,73,3.0,0.0
25,73,4.0,0.0
25,73,5.0,0.0
25,73,6.0,0.0
25,73,7.0,0.0
25,73,8.0,0.0
25,73,9.0,0.0
25,73,10.0,0.0
25,73,11.0,0.0
25,73,12.0,0.0
25,73,13.0,0.0
25,73,14.0,1.3101256e-10
26,66,0.0,2.72227e-07
26,66,1.0,5.4936294e-07
26,66,2.0,1.8028918e-06
26,66,3.0,5.4597567e-06
26,66,4.0,1.2062697e-05
26,66,5.0,1.8491706e-05
26,66,6.0,2.1920589e-05
26,66,7.0,2.4047957e-05
26,66,8.0,2.8453338e-05
26,66,9.0,3.9210627e-05
26,66,10.0,5.614175e-05
26,66,11.0,7.46364e-05
26,66,12.0,8.627744e-05
26,66,13.0,8.494631e-05
26,66,14.0,7.570821e-05
26,67,0.0,1.00551505e-08
26,67,1.0,1.7020328e-10
26,67,2.0,3.2398573e-09
26,67,3.0,9.251903e-08
26,67,4.0,6.4749054e-07
26,67,5.0,1.7748595e-06
26,67,6.0,2.4930455e-06
26,67,7.0,2.4926603e-06
26,67,8.0,2.4272756e-06
26,67,9.0,2.9859536e-06
26,67,10.0,4.6806e-06
26,67,11.0,7.3461356e-06
26,67,12.0,9.904733e-06
26,67,13.0,1.0541832e-05
26,67,14.0,8.864421e-06
26,68,0.0,4.748916e-10
26,68,1.0,1.3146758e-09
26,68,2.0,1.823346e-08
26,68,3.0,1.3448467e-07
26,68,4.0,4.5074398e-07
26,68,5.0,9.133182e-07
26,68,6.0,1.5549887e-06
26,68,7.0,2.8686216e-06
26,68,8.0,6.2989843e-06
26,68,9.0,1.3149829e-05
26,68,10.0,2.2207128e-05
26,68,11.0,2.8403421e-05
26,68,12.0,2.728765e-05
26,68,13.0,2.155836e-05
26,68,14.0,1.5072835e-05
26,69,0.0,2.3027742e-09
26,69,1.0,4.5805734e-10
26,69,2.0,1.0132701e-08
26,69,3.0,1.078923e-07
26,69,4.0,3.4897755e-07
26,69,5.0,5.2690206e-07
26,69,6.0,6.0948025e-07
26,69,7.0,8.335032e-07
26,69,8.0,1.6535723e-06
26,69,9.0,3.4902632e-06
26,69,10.0,6.0639004e-06
26,69,11.0,7.762213e-06
26,69,12.0,7.1470818e-06
26,69,13.0,5.3717813e-06
26,69,14.0,3.7237182e-06
26,70,0.0,9.275578e-09
26,70,1.0,1.24719906e-08
26,70,2.0,3.1864307e-08
26,70,3.0,6.1017424e-08
26,70,4.0,6.8020306e-08
26,70,5.0,6.932551e-08
26,70,6.0,1.063623e-07
26,70,7.0,3.032731e-07
26,70,8.0,1.0488599e-06
26,70,9.0,2.6711969e-06
26,70,10.0,4.3860355e-06
26,70,11.0,4.4102953e-06
26,70,12.0,2.943699e-06
26,70,13.0,1.4771122e-06
26,70,14.0,6.286683e-07
26,71,0.0,6.397259e-12
26,71,1.0,1.4698397e-10
26,71,2.0,2.5582148e-09
26,71,3.0,7.087168e-09
26,71,4.0,6.8162813e-09
26,71,5.0,6.456444e-09
26,71,6.0,1.8029406e-08
26,71,7.0,9.598506e-08
26,71,8.0,3.5310188e-07
26,71,9.0,7.264033e-07
26,71,10.0,7.9396455e-07
26,71,11.0,5.288456e-07
26,71,12.0,2.7246222e-07
26,71,13.0,1.4044608e-07
26,71,14.0,1.003312e-07
26,72,0.0,0.0
26,72,1.0,0.0
26,72,2.0,0.0
26,72,3.0,1.0842017e-12
26,72,4.0,1.3606264e-18
26,72,5.0,0.0
26,72,6.0,0.0
26,72,7.0,8.411096e-12
26,72,8.0,5.164052e-09
26,72,9.0,4.8111175e-08
26,72,10.0,1.0239869e-07
26,72,11.0,6.9761484e-08
26,72,12.0,1.9128336e-08
26,72,13.0,2.2060593e-09
26,72,14.0,1.6808424e-10
26,73,0.0,0.0
26,73,1.0,6.7710376e-10
26,73,2.0,4.2532777e-09
26,73,3.0,5.1563585e-09
26,73,4.0,5.130475e-09
26,73,5.0,1.8623656e-08
26,73,6.0,1.02785805e-07
26,73,7.0,3.3673942e-07
26,73,8.0,5.554293e-07
26,73,9.0,4.5540926e-07
26,73,10.0,2.4098108e-07
26,73,11.0,1.1134722e-07
26,73,12.0,7.068945e-08
26,73,13.0,8.6262666e-08
26,73,14.0,1.5215974e-07
26,74,0.0,0.0
26,74,1.0,0.0
26,74,2.0,5.753979e-10
26,74,3.0,5.3414135e-09
26,74,4.0,5.7201848e-09
26,74,5.0,3.1488898e-09
26,74,6.0,3.4497993e-09
26,74,7.0,1.728852e-08
26,74,8.0,9.312857e-08
26,74,9.0,2.6998708e-07
26,74,10.0,3.7329067e-07
26,74,11.0,2.3744293e-07
26,74,12.0,8.0446334e-08
26,74,13.0,1.5090878e-08
26,74,14.0,1.6440602e-09
26,75,0.0,3.1122483e-11
26,75,1.0,6.8820827e-10
26,75,2.0,1.2314315e-10
26,75,3.0,4.94363e-14
26,75,4.0,0.0
26,75,5.0,3.2775891e-12
26,75,6.0,3.5720083e-11
26,75,7.0,3.3292688e-14
26,75,8.0,0.0
26,75,9.0,0.0
26,75,10.0,0.0
26,75,11.0,0.0
26,75,12.0,0.0
26,75,13.0,0.0
26,75,14.0,0.0
26,76,0.0,0.0
26,76,1.0,2.1903807e-11
26,76,2.0,9.816582e-09
26,76,3.0,2.3921348e-08
26,76,4.0,9.793794e-09
26,76,5.0,8.142352e-10
26,76,6.0,1.4514204e-11
26,76,7.0,3.705698e-11
26,76,8.0,8.983422e-10
26,76,9.0,4.5842263e-09
26,76,10.0,4.3139354e-09
26,76,11.0,3.307488e-10
26,76,12.0,0.0
26,76,13.0,0.0
26,76,14.0,0.0
27,66,0.0,2.586114e-08
27,66,1.0,5.2924984e-09
27,66,2.0,8.005222e-09
27,66,3.0,7.417195e-08
27,66,4.0,5.7627403e-07
27,66,5.0,2.242968e-06
27,66,6.0,4.6523237e-06
27,66,7.0,5.4827738e-06
27,66,8.0,4.552147e-06
27,66,9.0,3.2991609e-06
27,66,10.0,2.6232356e-06
27,66,11.0,2.646147e-06
27,66,12.0,3.089221e-06
27,66,13.0,3.7341679e-06
27,66,14.0,4.333341e-06
27,67,0.0,1.11530305e-08
27,67,1.0,1.5311331e-09
27,67,2.0,1.8529667e-08
27,67,3.0,3.116012e-07
27,67,4.0,1.9960437e-06
27,67,5.0,5.7032807e-06
27,67,6.0,8.658725e-06
27,67,7.0,9.331704e-06
27,67,8.0,9.043389e-06
27,67,9.0,9.658739e-06
27,67,10.0,1.2149761e-05
27,67,11.0,1.6256035e-05
27,67,12.0,2.1218915e-05
27,67,13.0,2.5602929e-05
27,67,14.0,2.8694845e-05
27,68,0.0,9.826932e-09
27,68,1.0,1.8846671e-07
27,68,2.0,2.3641057e-06
27,68,3.0,1.2112894e-05
27,68,4.0,3.2134605e-05
27,68,5.0,5.088492e-05
27,68,6.0,5.9780636e-05
27,68,7.0,6.216336e-05
27,68,8.0,6.592213e-05
27,68,9.0,7.4514996e-05
27,68,10.0,8.506166e-05
27,68,11.0,9.373418e-05
27,68,12.0,9.672011e-05
27,68,13.0,9.568054e-05
27,68,14.0,9.58169e-05
27,69,0.0,4.8885862e-08
27,69,1.0,5.61547e-07
27,69,2.0,4.1038365e-06
27,69,3.0,1.4501592e-05
27,69,4.0,2.7229973e-05
27,69,5.0,3.5018536e-05
27,69,6.0,3.7811304e-05
27,69,7.0,4.066074e-05
27,69,8.0,4.6952133e-05
27,69,9.0,5.524672e-05
27,69,10.0,6.270841e-05
27,69,11.0,6.6016226e-05
27,69,12.0,6.6528606e-05
27,69,13.0,6.840089e-05
27,69,14.0,7.451158e-05
27,70,0.0,6.1985034e-10
27,70,1.0,3.6844284e-07
27,70,2.0,4.492299e-06
27,70,3.0,1.5467118e-05
27,70,4.0,2.8064273e-05
27,70,5.0,3.6847752e-05
27,70,6.0,4.3600045e-05
27,70,7.0,5.1817537e-05
27,70,8.0,5.997786e-05
27,70,9.0,6.4754706e-05
27,70,10.0,6.2912746e-05
27,70,11.0,5.7278234e-05
27,70,12.0,5.329166e-05
27,70,13.0,5.419088e-05
27,70,14.0,6.235863e-05
27,71,0.0,5.452653e-08
27,71,1.0,7.733446e-07
27,71,2.0,3.5218716e-06
27,71,3.0,7.5411235e-06
27,71,4.0,1.0618686e-05
27,71,5.0,1.2600993e-05
27,71,6.0,1.4958174e-05
27,71,7.0,1.740612e-05
27,71,8.0,1.8719056e-05
27,71,9.0,1.7553282e-05
27,71,10.0,1.4863151e-05
27,71,11.0,1.2867015e-05
27,71,12.0,1.27104795e-05
27,71,13.0,1.5267522e-05
27,71,14.0,2.1060621e-05
27,72,0.0,0.0
27,72,1.0,1.1215196e-08
27,72,2.0,3.1570036e-07
27,72,3.0,1.3139567e-06
27,72,4.0,2.7619144e-06
27,72,5.0,4.5597176e-06
27,72,6.0,6.3934904e-06
27,72,7.0,7.551263e-06
27,72,8.0,7.1583886e-06
27,72,9.0,5.531894e-06
27,72,10.0,4.061481e-06
27,72,11.0,3.396138e-06
27,72,12.0,3.8136693e-06
27,72,13.0,5.57585e-06
27,72,14.0,8.944783e-06
27,73,0.0,3.611987e-10
27,73,1.0,1.952824e-08
27,73,2.0,1.4310251e-07
27,73,3.0,4.1689293e-07
27,73,4.0,8.4018717e-07
27,73,5.0,1.3671278e-06
27,73,6.0,1.7591938e-06
27,73,7.0,1.6819946e-06
27,73,8.0,1.1354181e-06
27,73,9.0,6.408173e-07
27,73,10.0,4.014947e-07
27,73,11.0,3.9929267e-07
27,73,12.0,6.724582e-07
27,73,13.0,1.3783914e-06
27,73,14.0,2.7188428e-06
27,74,0.0,4.620529e-13
27,74,1.0,4.4581654e-09
27,74,2.0,6.647562e-08
27,74,3.0,3.0856074e-07
27,74,4.0,7.883861e-07
27,74,5.0,1.2626056e-06
27,74,6.0,1.3595558e-06
27,74,7.0,9.4420557e-07
27,74,8.0,4.7201593e-07
27,74,9.0,2.2250498e-07
27,74,10.0,1.5272857e-07
27,74,11.0,2.1313558e-07
27,74,12.0,4.4840934e-07
27,74,13.0,1.0135153e-06
27,74,14.0,2.074511e-06
27,75,0.0,6.042658e-09
27,75,1.0,1.1444219e-08
27,75,2.0,4.1269004e-08
27,75,3.0,1.6095615e-07
27,75,4.0,3.9317877e-07
27,75,5.0,5.8910706e-07
27,75,6.0,5.1804335e-07
27,75,7.0,2.680186e-07
27,75,8.0,1.01884794e-07
27,75,9.0,4.350808e-08
27,75,10.0,4.187375e-08
27,75,11.0,8.6540815e-08
27,75,12.0,2.2005793e-07
27,75,13.0,5.0350707e-07
27,75,14.0,9.4085914e-07
27,76,0.0,4.5096755e-08
27,76,1.0,8.1603055e-08
27,76,2.0,1.8393301e-07
27,76,3.0,3.7964267e-07
27,76,4.0,5.07836e-07
27,76,5.0,3.9181415e-07
27,76,6.0,1.4777524e-07
27,76,7.0,2.5487221e-08
27,76,8.0,1.9620363e-09
27,76,9.0,2.1533758e-10
27,76,10.0,4.9979065e-10
27,76,11.0,3.902889e-09
27,76,12.0,2.1314266e-08
27,76,13.0,7.298806e-08
27,76,14.0,1.9795449e-07
27,77,0.0,1.3899891e-09
27,77,1.0,3.8786302e-10
27,77,2.0,1.0905706e-09
27,77,3.0,5.0773865e-09
27,77,4.0,1.0262624e-08
27,77,5.0,5.694041e-09
27,77,6.0,3.4112194e-10
27,77,7.0,0.0
27,77,8.0,0.0
27,77,9.0,0.0
27,77,10.0,0.0
27,77,11.0,0.0
27,77,12.0,3.684883e-11
27,77,13.0,5.608947e-10
27,77,14.0,3.5331e-09
27,78,0.0,2.1889929e-11
27,78,1.0,3.616719e-11
27,78,2.0,9.663572e-11
27,78,3.0,3.60685e-12
27,78,4.0,0.0
27,78,5.0,0.0
27,78,6.0,0.0
27,78,7.0,0.0
27,78,8.0,0.0
27,78,9.0,0.0
27,78,10.0,0.0
27,78,11.0,0.0
27,78,12.0,0.0
27,78,13.0,0.0
27,78,14.0,0.0
28,66,0.0,1.177095e-08
28,66,1.0,1.7884432e-09
28,66,2.0,2.7653553e-09
28,66,3.0,3.127747e-08
28,66,4.0,2.1142965e-07
28,66,5.0,6.540773e-07
28,66,6.0,1.0560871e-06
28,66,7.0,1.1048204e-06
28,66,8.0,1.0188473e-06
28,66,9.0,1.093544e-06
28,66,10.0,1.6234451e-06
28,66,11.0,2.6681853e-06
28,66,12.0,3.8355674e-06
28,66,13.0,4.3352893e-06
28,66,14.0,3.6294612e-06
28,67,0.0,1.8293504e-07
28,67,1.0,2.6494577e-08
28,67,2.0,6.5584885e-08
28,67,3.0,4.7030196e-07
28,67,4.0,1.8911074e-06
28,67,5.0,4.185657e-06
28,67,6.0,5.767902e-06
28,67,7.0,5.6062545e-06
28,67,8.0,4.8500874e-06
28,67,9.0,4.68156e-06
28,67,10.0,6.029798e-06
28,67,11.0,9.447527e-06
28,67,12.0,1.4676165e-05
28,67,13.0,2.0186273e-05
28,67,14.0,2.3152885e-05
28,68,0.0,0.0
28,68,1.0,0.0
28,68,2.0,2.7036074e-07
28,68,3.0,5.5947744e-06
28,68,4.0,2.4054958e-05
28,68,5.0,5.043201e-05
28,68,6.0,7.510697e-05
28,68,7.0,9.8250406e-05
28,68,8.0,0.0001269988
28,68,9.0,0.0001559569
28,68,10.0,0.00017065498
28,68,11.0,0.00015809697
28,68,12.0,0.00012171923
28,68,13.0,8.292878e-05
28,68,14.0,5.39311e-05
28,69,0.0,3.448532e-08
28,69,1.0,7.6423754e-07
28,69,2.0,8.445372e-06
28,69,3.0,3.497124e-05
28,69,4.0,7.50518e-05
28,69,5.0,0.00010319472
28,69,6.0,0.00011083077
28,69,7.0,0.000110263485
28,69,8.0,0.0001168871
28,69,9.0,0.00013964073
28,69,10.0,0.000172054
28,69,11.0,0.00020061631
28,69,12.0,0.00020861272
28,69,13.0,0.00019144765
28,69,14.0,0.00016353377
28,70,0.0,6.0398366e-07
28,70,1.0,1.5917756e-05
28,70,2.0,9.3086805e-05
28,70,3.0,0.00024099117
28,70,4.0,0.00039764473
28,70,5.0,0.00051670725
28,70,6.0,0.000617513
28,70,7.0,0.0007195106
28,70,8.0,0.0007884178
28,70,9.0,0.0007765691
28,70,10.0,0.00065988774
28,70,11.0,0.0004931377
28,70,12.0,0.00034163514
28,70,13.0,0.0002318469
28,70,14.0,0.00016320363
28,71,0.0,5.5678635e-07
28,71,1.0,1.4289926e-05
28,71,2.0,8.9532e-05
28,71,3.0,0.00024955958
28,71,4.0,0.00041754328
28,71,5.0,0.0005254969
28,71,6.0,0.0005896531
28,71,7.0,0.00066379807
28,71,8.0,0.00076951104
28,71,9.0,0.0008710763
28,71,10.0,0.0009138193
28,71,11.0,0.000852782
28,71,12.0,0.00071962347
28,71,13.0,0.00057396974
28,71,14.0,0.0004494571
28,72,0.0,1.3796712e-07
28,72,1.0,1.31331835e-05
28,72,2.0,8.874284e-05
28,72,3.0,0.00024755564
28,72,4.0,0.00044817218
28,72,5.0,0.00066121586
28,72,6.0,0.0008940176
28,72,7.0,0.0010972248
28,72,8.0,0.0011888022
28,72,9.0,0.0011053572
28,72,10.0,0.000892905
28,72,11.0,0.0006596203
28,72,12.0,0.00046785115
28,72,13.0,0.0003333585
28,72,14.0,0.00024020293
28,73,0.0,2.0406296e-07
28,73,1.0,8.468821e-06
28,73,2.0,5.465553e-05
28,73,3.0,0.00014374961
28,73,4.0,0.00023292344
28,73,5.0,0.00030210262
28,73,6.0,0.00037302737
28,73,7.0,0.00045572803
28,73,8.0,0.00052157586
28,73,9.0,0.0005297692
28,73,10.0,0.0004572399
28,73,11.0,0.00034445775
28,73,12.0,0.00023857907
28,73,13.0,0.00015990628
28,73,14.0,0.0001083054
28,74,0.0,1.4851723e-10
28,74,1.0,6.54224e-07
28,74,2.0,7.311273e-06
28,74,3.0,2.6387062e-05
28,74,4.0,5.7967227e-05
28,74,5.0,0.000102875034
28,74,6.0,0.00016457326
28,74,7.0,0.00022857077
28,74,8.0,0.0002641584
28,74,9.0,0.00024500277
28,74,10.0,0.00019019497
28,74,11.0,0.00013274366
28,74,12.0,8.926745e-05
28,74,13.0,6.143614e-05
28,74,14.0,4.268341e-05
28,75,0.0,2.1322679e-08
28,75,1.0,8.402368e-07
28,75,2.0,5.250384e-06
28,75,3.0,1.3994448e-05
28,75,4.0,2.3296598e-05
28,75,5.0,3.3323973e-05
28,75,6.0,4.626209e-05
28,75,7.0,5.7767124e-05
28,75,8.0,5.9660597e-05
28,75,9.0,4.700647e-05
28,75,10.0,2.904057e-05
28,75,11.0,1.5303081e-05
28,75,12.0,7.659089e-06
28,75,13.0,4.145882e-06
28,75,14.0,2.4548053e-06
28,76,0.0,1.2898363e-08
28,76,1.0,1.9032063e-07
28,76,2.0,5.9707116e-07
28,76,3.0,1.1716653e-06
28,76,4.0,2.2200145e-06
28,76,5.0,4.7225462e-06
28,76,6.0,1.0294135e-05
28,76,7.0,1.8923995e-05
28,76,8.0,2.666643e-05
28,76,9.0,2.7107482e-05
28,76,10.0,2.1216874e-05
28,76,11.0,1.4459037e-05
28,76,12.0,9.6685535e-06
28,76,13.0,7.127448e-06
28,76,14.0,5.859682e-06
28,77,0.0,9.4627626e-07
28,77,1.0,2.3639332e-06
28,77,2.0,3.9376587e-06
28,77,3.0,5.1797733e-06
28,77,4.0,6.683193e-06
28,77,5.0,9.705631e-06
28,77,6.0,1.3658672e-05
28,77,7.0,1.6017759e-05
28,77,8.0,1.3754358e-05
28,77,9.0,8.7068765e-06
28,77,10.0,4.6470836e-06
28,77,11.0,2.5222068e-06
28,77,12.0,1.779484e-06
28,77,13.0,1.7317192e-06
28,77,14.0,2.098654e-06
28,78,0.0,1.9708015e-09
28,78,1.0,5.700374e-08
28,78,2.0,1.5864188e-07
28,78,3.0,1.8278587e-07
28,78,4.0,1.7296114e-07
28,78,5.0,2.4049717e-07
28,78,6.0,6.137116e-07
28,78,7.0,1.6172002e-06
28,78,8.0,3.0546828e-06
28,78,9.0,3.5704475e-06
28,78,10.0,2.5727206e-06
28,78,11.0,1.2986503e-06
28,78,12.0,5.1041593e-07
28,78,13.0,1.8729413e-07
28,78,14.0,7.723142e-08
28,79,0.0,0.0
28,79,1.0,1.2610419e-13
28,79,2.0,6.523134e-11
28,79,3.0,2.2980791e-10
28,79,4.0,1.6788199e-09
28,79,5.0,8.84537e-09
28,79,6.0,2.070827e-08
28,79,7.0,1.514386e-08
28,79,8.0,1.8928596e-09
28,79,9.0,1.8981208e-12
28,79,10.0,0.0
28,79,11.0,0.0
28,79,12.0,2.0645112e-13
28,79,13.0,1.6747747e-09
28,79,14.0,3.149659e-08
28,80,0.0,1.1111088e-09
28,80,1.0,8.376234e-10
28,80,2.0,7.776457e-10
28,80,3.0,1.2492424e-10
28,80,4.0,1.5541526e-13
28,80,5.0,0.0
28,80,6.0,3.4912732e-11
28,80,7.0,6.041759e-09
28,80,8.0,5.8714054e-08
28,80,9.0,1.4848858e-07
28,80,10.0,1.284536e-07
28,80,11.0,4.8228234e-08
28,80,12.0,7.748285e-09
28,80,13.0,3.5605097e-10
28,80,14.0,4.6931057e-13
28,81,0.0,0.0
28,81,1.0,0.0
28,81,2.0,0.0
28,81,3.0,0.0
28,81,4.0,0.0
28,81,5.0,0.0
28,81,6.0,0.0
28,81,7.0,0.0
28,81,8.0,0.0
28,81,9.0,0.0
28,81,10.0,0.0
28,81,11.0,0.0
28,81,12.0,0.0
28,81,13.0,0.0
28,81,14.0,0.0
28,82,0.0,0.0
28,82,1.0,6.8264305e-10
28,82,2.0,4.742767e-08
28,82,3.0,1.589031e-07
28,82,4.0,1.9343699e-07
28,82,5.0,1.7840088e-07
28,82,6.0,2.2730634e-07
28,82,7.0,4.898194e-07
28,82,8.0,1.0745568e-06
28,82,9.0,1.7348711e-06
28,82,10.0,1.7306268e-06
28,82,11.0,1.0560439e-06
28,82,12.0,4.4178958e-07
28,82,13.0,1.3956299e-07
28,82,14.0,4.0299295e-08
29,66,0.0,1.5304913e-09
29,66,1.0,1.8464553e-14
29,66,2.0,0.0
29,66,3.0,8.031486e-17
29,66,4.0,3.1333502e-11
29,66,5.0,1.4843221e-09
29,66,6.0,2.9651217e-08
29,66,7.0,2.3696694e-07
29,66,8.0,8.076756e-07
29,66,9.0,1.3446099e-06
29,66,10.0,1.1318914e-06
29,66,11.0,5.7092456e-07
29,66,12.0,2.0041652e-07
29,66,13.0,6.097023e-08
29,66,14.0,2.3544791e-08
29,67,0.0,1.2653572e-07
29,67,1.0,4.2351225e-08
29,67,2.0,4.2396643e-08
29,67,3.0,8.727666e-08
29,67,4.0,2.4314323e-07
29,67,5.0,8.5960704e-07
29,67,6.0,2.6857272e-06
29,67,7.0,5.8629303e-06
29,67,8.0,8.334084e-06
29,67,9.0,7.6491315e-06
29,67,10.0,5.2774235e-06
29,67,11.0,3.1853267e-06
29,67,12.0,2.004159e-06
29,67,13.0,1.480646e-06
29,67,14.0,1.159794e-06
29,68,0.0,6.119283e-11
29,68,1.0,7.1933757e-09
29,68,2.0,1.2832464e-07
29,68,3.0,8.311019e-07
29,68,4.0,3.4105383e-06
29,68,5.0,9.609914e-06
29,68,6.0,1.8450486e-05
29,68,7.0,2.4053055e-05
29,68,8.0,2.138287e-05
29,68,9.0,1.4644977e-05
29,68,10.0,8.720283e-06
29,68,11.0,5.201484e-06
29,68,12.0,3.3831564e-06
29,68,13.0,2.2497607e-06
29,68,14.0,1.3944664e-06
29,69,0.0,4.4113277e-09
29,69,1.0,1.9023972e-07
29,69,2.0,1.7643243e-06
29,69,3.0,8.128197e-06
29,69,4.0,2.3046612e-05
29,69,5.0,4.3650456e-05
29,69,6.0,5.7561552e-05
29,69,7.0,5.4478638e-05
29,69,8.0,4.2278618e-05
29,69,9.0,3.0648716e-05
29,69,10.0,2.3671295e-05
29,69,11.0,2.050779e-05
29,69,12.0,1.863252e-05
29,69,13.0,1.6489981e-05
29,69,14.0,1.3208812e-05
29,70,0.0,7.246014e-08
29,70,1.0,4.1298595e-06
29,70,2.0,3.2811156e-05
29,70,3.0,0.000115821706
29,70,4.0,0.00024720925
29,70,5.0,0.00036519414
29,70,6.0,0.0004006102
29,70,7.0,0.00036607086
29,70,8.0,0.00030990783
29,70,9.0,0.00026615357
29,70,10.0,0.00024072721
29,70,11.0,0.00022086794
29,70,12.0,0.00019739897
29,70,13.0,0.0001662336
29,70,14.0,0.00013156098
29,71,0.0,8.305868e-07
29,71,1.0,1.7234746e-05
29,71,2.0,9.223723e-05
29,71,3.0,0.000246894
29,71,4.0,0.0004173074
29,71,5.0,0.00049723155
29,71,6.0,0.0004782332
29,71,7.0,0.00041974898
29,71,8.0,0.00037159436
29,71,9.0,0.00035020438
29,71,10.0,0.000340733
29,71,11.0,0.00032836347
29,71,12.0,0.00030245815
29,71,13.0,0.00026561134
29,71,14.0,0.0002296351
29,72,0.0,1.2124391e-06
29,72,1.0,4.110429e-05
29,72,2.0,0.00022135716
29,72,3.0,0.00054839975
29,72,4.0,0.0008465468
29,72,5.0,0.00097238936
29,72,6.0,0.00095948623
29,72,7.0,0.0009078155
29,72,8.0,0.0008834187
29,72,9.0,0.0008745795
29,72,10.0,0.00085410936
29,72,11.0,0.0007989227
29,72,12.0,0.00071184477
29,72,13.0,0.0006252585
29,72,14.0,0.000560831
29,73,0.0,5.5920013e-06
29,73,1.0,8.625162e-05
29,73,2.0,0.00034182044
29,73,3.0,0.00069037155
29,73,4.0,0.00092010817
29,73,5.0,0.0009756885
29,73,6.0,0.00094392593
29,73,7.0,0.00092014845
29,73,8.0,0.00091660686
29,73,9.0,0.00090697786
29,73,10.0,0.00086416374
29,73,11.0,0.0007807625
29,73,12.0,0.0006894046
29,73,13.0,0.0006171029
29,73,14.0,0.0005759726
29,74,0.0,2.4942235e-06
29,74,1.0,7.064484e-05
29,74,2.0,0.0003107913
29,74,3.0,0.0006288379
29,74,4.0,0.0008515328
29,74,5.0,0.0009382375
29,74,6.0,0.0009619937
29,74,7.0,0.0009830901
29,74,8.0,0.0009947183
29,74,9.0,0.00097336125
29,74,10.0,0.00090047606
29,74,11.0,0.0008045237
29,74,12.0,0.00072162447
29,74,13.0,0.00067286287
29,74,14.0,0.0006690521
29,75,0.0,5.1879842e-06
29,75,1.0,8.793563e-05
29,75,2.0,0.00032384027
29,75,3.0,0.00060869876
29,75,4.0,0.0008063005
29,75,5.0,0.00089823524
29,75,6.0,0.0009462726
29,75,7.0,0.00096766674
29,75,8.0,0.00094934227
29,75,9.0,0.0008734218
29,75,10.0,0.0007571229
29,75,11.0,0.00064416457
29,75,12.0,0.0005597563
29,75,13.0,0.0005146836
29,75,14.0,0.0005028111
29,76,0.0,1.8922931e-06
29,76,1.0,4.587186e-05
29,76,2.0,0.00018332762
29,76,3.0,0.00036391252
29,76,4.0,0.0005112599
29,76,5.0,0.00061431
29,76,6.0,0.0006835557
29,76,7.0,0.00071390945
29,76,8.0,0.00069376454
29,76,9.0,0.0006233526
29,76,10.0,0.0005395501
29,76,11.0,0.00047184798
29,76,12.0,0.00043516036
29,76,13.0,0.00043172098
29,76,14.0,0.00044857862
29,77,0.0,1.1363637e-06
29,77,1.0,2.6920323e-05
29,77,2.0,0.00011354048
29,77,3.0,0.00023893466
29,77,4.0,0.0003573165
29,77,5.0,0.00045236436
29,77,6.0,0.00051087415
29,77,7.0,0.00052022707
29,77,8.0,0.00047257906
29,77,9.0,0.0003912909
29,77,10.0,0.00031261728
29,77,11.0,0.0002546894
29,77,12.0,0.00022188824
29,77,13.0,0.00020495069
29,77,14.0,0.00019355182
29,78,0.0,2.0009772e-07
29,78,1.0,6.638355e-06
29,78,2.0,3.0946e-05
29,78,3.0,7.064774e-05
29,78,4.0,0.00011523505
29,78,5.0,0.00015457193
29,78,6.0,0.0001776462
29,78,7.0,0.00017724172
29,78,8.0,0.00015376297
29,78,9.0,0.0001237426
29,78,10.0,9.985831e-05
29,78,11.0,8.7188004e-05
29,78,12.0,8.508537e-05
29,78,13.0,8.845873e-05
29,78,14.0,9.345873e-05
29,79,0.0,1.620416e-08
29,79,1.0,1.3811654e-06
29,79,2.0,8.395428e-06
29,79,3.0,2.3118346e-05
29,79,4.0,4.328461e-05
29,79,5.0,6.1890096e-05
29,79,6.0,7.144384e-05
29,79,7.0,6.696098e-05
29,79,8.0,5.2198247e-05
29,79,9.0,3.697221e-05
29,79,10.0,2.6176165e-05
29,79,11.0,2.0487065e-05
29,79,12.0,1.7831535e-05
29,79,13.0,1.6152748e-05
29,79,14.0,1.4429291e-05
29,80,0.0,2.4955968e-10
29,80,1.0,1.2654893e-07
29,80,2.0,7.540315e-07
29,80,3.0,1.9866877e-06
29,80,4.0,3.8617222e-06
29,80,5.0,5.4737534e-06
29,80,6.0,5.6251324e-06
29,80,7.0,4.1002236e-06
29,80,8.0,2.3092198e-06
29,80,9.0,1.1996559e-06
29,80,10.0,7.3623517e-07
29,80,11.0,6.659969e-07
29,80,12.0,7.869252e-07
29,80,13.0,1.008834e-06
29,80,14.0,1.2616763e-06
29,81,0.0,4.078652e-08
29,81,1.0,5.164833e-07
29,81,2.0,1.7168151e-06
29,81,3.0,3.653654e-06
29,81,4.0,6.1305855e-06
29,81,5.0,7.99658e-06
29,81,6.0,7.827368e-06
29,81,7.0,5.5905007e-06
29,81,8.0,3.2288715e-06
29,81,9.0,1.7630954e-06
29,81,10.0,1.134618e-06
29,81,11.0,9.738708e-07
29,81,12.0,9.752777e-07
29,81,13.0,9.891488e-07
29,81,14.0,9.307911e-07
29,82,0.0,4.3690728e-11
29,82,1.0,2.042564e-08
29,82,2.0,9.6260656e-08
29,82,3.0,1.9713738e-07
29,82,4.0,2.6847314e-07
29,82,5.0,2.416794e-07
29,82,6.0,1.212834e-07
29,82,7.0,2.5875487e-08
29,82,8.0,1.7969165e-09
29,82,9.0,2.257029e-11
29,82,10.0,2.1402407e-12
29,82,11.0,9.382671e-11
29,82,12.0,1.514945e-09
29,82,13.0,7.685322e-09
29,82,14.0,1.9438597e-08
29,83,0.0,1.1639785e-09
29,83,1.0,7.79555e-08
29,83,2.0,2.8926442e-07
29,83,3.0,5.623899e-07
29,83,4.0,7.606772e-07
29,83,5.0,7.1644706e-07
29,83,6.0,4.1719127e-07
29,83,7.0,1.4121652e-07
29,83,8.0,3.264382e-08
29,83,9.0,8.285929e-09
29,83,10.0,6.4591057e-09
29,83,11.0,1.3641738e-08
29,83,12.0,3.239239e-08
29,83,13.0,5.919688e-08
29,83,14.0,7.829391e-08
29,84,0.0,0.0
29,84,1.0,0.0
29,84,2.0,0.0
29,84,3.0,0.0
29,84,4.0,2.5495519e-20
29,84,5.0,0.0
29,84,6.0,0.0
29,84,7.0,0.0
29,84,8.0,0.0
29,84,9.0,0.0
29,84,10.0,0.0
29,84,11.0,0.0
29,84,12.0,0.0
29,84,13.0,0.0
29,84,14.0,9.384468e-11
30,66,0.0,0.0
30,66,1.0,6.2707e-09
30,66,2.0,8.839717e-09
30,66,3.0,7.2229256e-10
30,66,4.0,0.0
30,66,5.0,0.0
30,66,6.0,0.0
30,66,7.0,0.0
30,66,8.0,0.0
30,66,9.0,0.0
30,66,10.0,0.0
30,66,11.0,0.0
30,66,12.0,0.0
30,66,13.0,0.0
30,66,14.0,0.0
30,67,0.0,0.0
30,67,1.0,0.0
30,67,2.0,7.237636e-10
30,67,3.0,1.3789802e-08
30,67,4.0,7.0428825e-08
30,67,5.0,2.1505234e-07
30,67,6.0,4.367574e-07
30,67,7.0,5.9214847e-07
30,67,8.0,5.110742e-07
30,67,9.0,2.81464e-07
30,67,10.0,1.2962029e-07
30,67,11.0,7.576301e-08
30,67,12.0,8.9783825e-08
30,67,13.0,1.8250887e-07
30,67,14.0,3.4945276e-07
30,68,0.0,0.0
30,68,1.0,0.0
30,68,2.0,0.0
30,68,3.0,0.0
30,68,4.0,0.0
30,68,5.0,0.0
30,68,6.0,0.0
30,68,7.0,0.0
30,68,8.0,0.0
30,68,9.0,0.0
30,68,10.0,0.0
30,68,11.0,0.0
30,68,12.0,0.0
30,68,13.0,0.0
30,68,14.0,3.96706e-09
30,69,0.0,1.376888e-12
30,69,1.0,1.21866215e-08
30,69,2.0,1.2294518e-07
30,69,3.0,3.7933737e-07
30,69,4.0,6.734834e-07
30,69,5.0,7.929995e-07
30,69,6.0,6.5309496e-07
30,69,7.0,3.3395852e-07
30,69,8.0,9.882035e-08
30,69,9.0,2.052409e-08
30,69,10.0,6.1866183e-09
30,69,11.0,9.3151895e-09
30,69,12.0,3.317495e-08
30,69,13.0,9.4774855e-08
30,69,14.0,1.6169601e-07
30,70,0.0,1.5045508e-09
30,70,1.0,4.0978034e-09
30,70,2.0,2.011062e-07
30,70,3.0,2.3112684e-06
30,70,4.0,9.135585e-06
30,70,5.0,1.857372e-05
30,70,6.0,2.3378421e-05
30,70,7.0,2.2052305e-05
30,70,8.0,1.8695913e-05
30,70,9.0,1.6883409e-05
30,70,10.0,1.7483162e-05
30,70,11.0,1.829001e-05
30,70,12.0,1.6996331e-05
30,70,13.0,1.2550348e-05
30,70,14.0,6.8101185e-06
30,71,0.0,1.3182902e-08
30,71,1.0,1.3379148e-06
30,71,2.0,6.738555e-06
30,71,3.0,1.314504e-05
30,71,4.0,1.640933e-05
30,71,5.0,1.5408905e-05
30,71,6.0,1.1026497e-05
30,71,7.0,6.560997e-06
30,71,8.0,3.9854676e-06
30,71,9.0,3.2162006e-06
30,71,10.0,3.9925117e-06
30,71,11.0,6.0034304e-06
30,71,12.0,8.623932e-06
30,71,13.0,1.0465484e-05
30,71,14.0,1.0417688e-05
30,72,0.0,2.3799544e-07
30,72,1.0,1.5588777e-05
30,72,2.0,0.00010145125
30,72,3.0,0.0002642617
30,72,4.0,0.00040714498
30,72,5.0,0.00045730773
30,72,6.0,0.0004432553
30,72,7.0,0.00042409237
30,72,8.0,0.00043479915
30,72,9.0,0.0004578644
30,72,10.0,0.00046156303
30,72,11.0,0.00041831683
30,72,12.0,0.00033162057
30,72,13.0,0.00023915828
30,72,14.0,0.00016439224
30,73,0.0,9.45715e-06
30,73,1.0,0.0001057235
30,73,2.0,0.0003277769
30,73,3.0,0.00055983284
30,73,4.0,0.0006901233
30,73,5.0,0.0006862698
30,73,6.0,0.00061199116
30,73,7.0,0.00054354675
30,73,8.0,0.00052319095
30,73,9.0,0.00056256336
30,73,10.0,0.00062968
30,73,11.0,0.0006822831
30,73,12.0,0.0006792267
30,73,13.0,0.0006137917
30,73,14.0,0.00052638043
30,74,0.0,3.660261e-05
30,74,1.0,0.00042334988
30,74,2.0,0.0013064345
30,74,3.0,0.0021479733
30,74,4.0,0.0025263315
30,74,5.0,0.0025733926
30,74,6.0,0.0025683634
30,74,7.0,0.0026574088
30,74,8.0,0.002767736
30,74,9.0,0.0027749117
30,74,10.0,0.0025691688
30,74,11.0,0.0021945017
30,74,12.0,0.0017937066
30,74,13.0,0.0014568766
30,74,14.0,0.0012205506
30,75,0.0,0.00012395268
30,75,1.0,0.00075439084
30,75,2.0,0.0019189478
30,75,3.0,0.0030012256
30,75,4.0,0.0034917477
30,75,5.0,0.0034528796
30,75,6.0,0.0032142198
30,75,7.0,0.0030311279
30,75,8.0,0.003020161
30,75,9.0,0.0030802763
30,75,10.0,0.0030630054
30,75,11.0,0.0028455486
30,75,12.0,0.0024257032
30,75,13.0,0.0019483621
30,75,14.0,0.0015221789
30,76,0.0,0.00040100157
30,76,1.0,0.0018068617
30,76,2.0,0.004076915
30,76,3.0,0.0060424223
30,76,4.0,0.0070453887
30,76,5.0,0.0074158926
30,76,6.0,0.0076651527
30,76,7.0,0.007882092
30,76,8.0,0.0078669125
30,76,9.0,0.0073892316
30,76,10.0,0.006410063
30,76,11.0,0.0052517336
30,76,12.0,0.0041811727
30,76,13.0,0.003326954
30,76,14.0,0.002702734
30,77,0.0,0.00037771728
30,77,1.0,0.0016379813
30,77,2.0,0.0038521385
30,77,3.0,0.0060561863
30,77,4.0,0.007248405
30,77,5.0,0.0074603157
30,77,6.0,0.0072522676
30,77,7.0,0.0071216105
30,77,8.0,0.007122236
30,77,9.0,0.007020838
30,77,10.0,0.0065846695
30,77,11.0,0.0057118065
30,77,12.0,0.0046322276
30,77,13.0,0.003593582
30,77,14.0,0.0027247856
30,78,0.0,0.0005644807
30,78,1.0,0.001778812
30,78,2.0,0.0038475455
30,78,3.0,0.0060625086
30,78,4.0,0.0077022007
30,78,5.0,0.008681392
30,78,6.0,0.009362652
30,78,7.0,0.009775435
30,78,8.0,0.009692455
30,78,9.0,0.008913174
30,78,10.0,0.0074867047
30,78,11.0,0.005872611
30,78,12.0,0.0044239005
30,78,13.0,0.0032904022
30,78,14.0,0.002467232
30,79,0.0,0.0001337079
30,79,1.0,0.0005481307
30,79,2.0,0.0013643998
30,79,3.0,0.0022633602
30,79,4.0,0.002842315
30,79,5.0,0.0030792463
30,79,6.0,0.0031813534
30,79,7.0,0.003325417
30,79,8.0,0.0034521224
30,79,9.0,0.0034257101
30,79,10.0,0.0031274182
30,79,11.0,0.002592984
30,79,12.0,0.0020062323
30,79,13.0,0.0014893911
30,79,14.0,0.0010889029
30,80,0.0,5.798782e-05
30,80,1.0,0.00011749622
30,80,2.0,0.00021721577
30,80,3.0,0.00034178974
30,80,4.0,0.0004610711
30,80,5.0,0.00055604207
30,80,6.0,0.0006461329
30,80,7.0,0.0007493019
30,80,8.0,0.0008279946
30,80,9.0,0.0008305219
30,80,10.0,0.0007255677
30,80,11.0,0.00056269555
30,80,12.0,0.0004092046
30,80,13.0,0.00029401874
30,80,14.0,0.00021893451
30,81,0.0,1.6963298e-06
30,81,1.0,1.1385756e-05
30,81,2.0,3.298997e-05
30,81,3.0,5.3752057e-05
30,81,4.0,6.2313615e-05
30,81,5.0,6.254236e-05
30,81,6.0,6.469567e-05
30,81,7.0,7.4289885e-05
30,81,8.0,8.577558e-05
30,81,9.0,8.9597655e-05
30,81,10.0,7.7341145e-05
30,81,11.0,5.5456807e-05
30,81,12.0,3.549383e-05
30,81,13.0,2.1993259e-05
30,81,14.0,1.4516957e-05
30,82,0.0,8.6451416e-07
30,82,1.0,4.3010112e-07
30,82,2.0,2.0997358e-07
30,82,3.0,8.1053926e-08
30,82,4.0,1.6799792e-08
30,82,5.0,1.9647262e-09
30,82,6.0,4.050405e-10
30,82,7.0,1.7717979e-09
30,82,8.0,1.6733047e-08
30,82,9.0,6.755805e-08
30,82,10.0,1.0807408e-07
30,82,11.0,6.357838e-08
30,82,12.0,1.4322449e-08
30,82,13.0,8.558673e-10
30,82,14.0,5.788588e-13
30,83,0.0,7.4805837e-07
30,83,1.0,2.4896815e-06
30,83,2.0,4.3031114e-06
30,83,3.0,3.96409e-06
30,83,4.0,2.4008468e-06
30,83,5.0,1.3246507e-06
30,83,6.0,1.0592933e-06
30,83,7.0,1.3938933e-06
30,83,8.0,2.1306223e-06
30,83,9.0,2.7518086e-06
30,83,10.0,2.4750173e-06
30,83,11.0,1.689736e-06
30,83,12.0,1.0470014e-06
30,83,13.0,7.2720303e-07
30,83,14.0,7.0316e-07
30,84,0.0,4.5639377e-09
30,84,1.0,1.977507e-12
30,84,2.0,0.0
30,84,3.0,0.0
30,84,4.0,0.0
30,84,5.0,0.0
30,84,6.0,0.0
30,84,7.0,0.0
30,84,8.0,2.0372124e-12
30,84,9.0,1.1711787e-08
30,84,10.0,1.2240524e-07
30,84,11.0,3.0037722e-07
30,84,12.0,2.831137e-07
30,84,13.0,1.3084451e-07
30,84,14.0,2.7678812e-08
30,85,0.0,1.3180365e-09
30,85,1.0,0.0
30,85,2.0,0.0
30,85,3.0,0.0
30,85,4.0,0.0
30,85,5.0,0.0
30,85,6.0,0.0
30,85,7.0,0.0
30,85,8.0,0.0
30,85,9.0,0.0
30,85,10.0,0.0
30,85,11.0,0.0
30,85,12.0,0.0
30,85,13.0,0.0
30,85,14.0,0.0
30,86,0.0,1.3868304e-13
30,86,1.0,5.7006465e-15
30,86,2.0,0.0
30,86,3.0,0.0
30,86,4.0,0.0
30,86,5.0,0.0
30,86,6.0,0.0
30,86,7.0,0.0
30,86,8.0,0.0
30,86,9.0,0.0
30,86,10.0,5.359612e-11
30,86,11.0,2.1205884e-09
30,86,12.0,2.0776132e-09
30,86,13.0,3.4033542e-12
30,86,14.0,0.0
31,67,0.0,0.0
31,67,1.0,1.166689e-13
31,67,2.0,6.97982e-09
31,67,3.0,5.4887927e-08
31,67,4.0,9.515792e-08
31,67,5.0,6.4613225e-08
31,67,6.0,2.1165354e-08
31,67,7.0,6.0326966e-09
31,67,8.0,5.4660174e-09
31,67,9.0,2.6411742e-08
31,67,10.0,1.3215131e-07
31,67,11.0,3.6659227e-07
31,67,12.0,5.293624e-07
31,67,13.0,3.8954894e-07
31,67,14.0,1.6333293e-07
31,68,0.0,0.0
31,68,1.0,0.0
31,68,2.0,1.3252337e-08
31,68,3.0,7.3584076e-08
31,68,4.0,6.7549806e-08
31,68,5.0,2.1563066e-08
31,68,6.0,4.314665e-09
31,68,7.0,2.546165e-09
31,68,8.0,1.3640911e-08
31,68,9.0,8.3650015e-08
31,68,10.0,2.5710582e-07
31,68,11.0,3.6750066e-07
31,68,12.0,2.4014395e-07
31,68,13.0,7.919582e-08
31,68,14.0,1.2159681e-08
31,69,0.0,1.0547228e-08
31,69,1.0,1.8780713e-07
31,69,2.0,4.0641896e-07
31,69,3.0,2.7991436e-07
31,69,4.0,8.2719275e-08
31,69,5.0,1.4488918e-08
31,69,6.0,4.7558406e-09
31,69,7.0,1.4507425e-08
31,69,8.0,8.216018e-08
31,69,9.0,2.7747575e-07
31,69,10.0,4.6526236e-07
31,69,11.0,4.0655232e-07
31,69,12.0,2.408482e-07
31,69,13.0,1.2344924e-07
31,69,14.0,7.7043815e-08
31,70,0.0,0.0
31,70,1.0,1.0912612e-08
31,70,2.0,8.649661e-08
31,70,3.0,5.1966843e-08
31,70,4.0,9.399513e-09
31,70,5.0,1.4316578e-09
31,70,6.0,2.8353353e-09
31,70,7.0,2.2002839e-08
31,70,8.0,9.7664376e-08
31,70,9.0,1.8423601e-07
31,70,10.0,1.5165388e-07
31,70,11.0,7.3612576e-08
31,70,12.0,2.8266427e-08
31,70,13.0,1.44410395e-08
31,70,14.0,1.719659e-08
31,71,0.0,4.928409e-16
31,71,1.0,7.449368e-08
31,71,2.0,1.8917507e-07
31,71,3.0,1.3318176e-07
31,71,4.0,7.8249286e-08
31,71,5.0,1.02825844e-07
31,71,6.0,2.64951e-07
31,71,7.0,6.4362854e-07
31,71,8.0,1.0296611e-06
31,71,9.0,9.802799e-07
31,71,10.0,6.982001e-07
31,71,11.0,4.861932e-07
31,71,12.0,4.4300734e-07
31,71,13.0,6.090227e-07
31,71,14.0,1.047903e-06
31,72,0.0,0.0
31,72,1.0,8.19781e-08
31,72,2.0,5.5494684e-07
31,72,3.0,8.692522e-07
31,72,4.0,1.2218923e-06
31,72,5.0,2.116752e-06
31,72,6.0,3.6801705e-06
31,72,7.0,5.247054e-06
31,72,8.0,5.4121547e-06
31,72,9.0,4.5408906e-06
31,72,10.0,3.726326e-06
31,72,11.0,3.5780076e-06
31,72,12.0,4.4497956e-06
31,72,13.0,6.4283695e-06
31,72,14.0,9.715035e-06
31,73,0.0,1.5229723e-08
31,73,1.0,2.329344e-06
31,73,2.0,8.786546e-06
31,73,3.0,1.6967846e-05
31,73,4.0,2.8390949e-05
31,73,5.0,4.2787848e-05
31,73,6.0,5.5347202e-05
31,73,7.0,5.78982e-05
31,73,8.0,5.1195355e-05
31,73,9.0,4.306014e-05
31,73,10.0,3.8571583e-05
31,73,11.0,3.997773e-05
31,73,12.0,4.591488e-05
31,73,13.0,5.4601638e-05
31,73,14.0,6.469148e-05
31,74,0.0,5.442619e-07
31,74,1.0,1.5960715e-05
31,74,2.0,5.2254236e-05
31,74,3.0,9.9617595e-05
31,74,4.0,0.00015176328
31,74,5.0,0.00019667723
31,74,6.0,0.00021578248
31,74,7.0,0.00020432025
31,74,8.0,0.00018376185
31,74,9.0,0.00017140199
31,74,10.0,0.00017781145
31,74,11.0,0.0002026204
31,74,12.0,0.00023899406
31,74,13.0,0.00028046957
31,74,14.0,0.0003215589
31,75,0.0,4.2550782e-05
31,75,1.0,0.0002301009
31,75,2.0,0.0005337077
31,75,3.0,0.00087855785
31,75,4.0,0.0011782784
31,75,5.0,0.0013430681
31,75,6.0,0.0013214549
31,75,7.0,0.0011952809
31,75,8.0,0.0010636935
31,75,9.0,0.0009875465
31,75,10.0,0.000978998
31,75,11.0,0.0010020727
31,75,12.0,0.0010240151
31,75,13.0,0.0010221736
31,75,14.0,0.0009982893
31,76,0.0,0.00016197647
31,76,1.0,0.000671122
31,76,2.0,0.0014588614
31,76,3.0,0.0022293348
31,76,4.0,0.0027515134
31,76,5.0,0.00288639
31,76,6.0,0.0027079924
31,76,7.0,0.0024484396
31,76,8.0,0.002264483
31,76,9.0,0.0022324454
31,76,10.0,0.0023104118
31,76,11.0,0.0024245223
31,76,12.0,0.0025103511
31,76,13.0,0.0025303229
31,76,14.0,0.0025267687
31,77,0.0,0.0011400087
31,77,1.0,0.0032356728
31,77,2.0,0.0060461746
31,77,3.0,0.008515735
31,77,4.0,0.009871145
31,77,5.0,0.009883321
31,77,6.0,0.00911969
31,77,7.0,0.008209104
31,77,8.0,0.007538762
31,77,9.0,0.007176982
31,77,10.0,0.006938206
31,77,11.0,0.0066558844
31,77,12.0,0.0062128874
31,77,13.0,0.0056488332
31,77,14.0,0.0051006568
31,78,0.0,0.0018474548
31,78,1.0,0.004718865
31,78,2.0,0.008463764
31,78,3.0,0.011741495
31,78,4.0,0.013321013
31,78,5.0,0.013089193
31,78,6.0,0.012016297
31,78,7.0,0.010940516
31,78,8.0,0.010290459
31,78,9.0,0.009968841
31,78,10.0,0.00972877
31,78,11.0,0.009363165
31,78,12.0,0.00877573
31,78,13.0,0.008105777
31,78,14.0,0.0074987966
31,79,0.0,0.003679589
31,79,1.0,0.008497184
31,79,2.0,0.014537207
31,79,3.0,0.019585144
31,79,4.0,0.02175548
31,79,5.0,0.021192934
31,79,6.0,0.019396093
31,79,7.0,0.017614458
31,79,8.0,0.016330257
31,79,9.0,0.015299108
31,79,10.0,0.0142169325
31,79,11.0,0.012862169
31,79,12.0,0.011291558
31,79,13.0,0.009750495
31,79,14.0,0.00839707
31,80,0.0,0.002532316
31,80,1.0,0.0056927465
31,80,2.0,0.009732533
31,80,3.0,0.01311153
31,80,4.0,0.01458841
31,80,5.0,0.014392691
31,80,6.0,0.013415797
31,80,7.0,0.012475176
31,80,8.0,0.011791656
31,80,9.0,0.011198061
31,80,10.0,0.01049536
31,80,11.0,0.0095507065
31,80,12.0,0.008502861
31,80,13.0,0.0075248764
31,80,14.0,0.0067110294
31,81,0.0,0.0012021335
31,81,1.0,0.0030120986
31,81,2.0,0.005480536
31,81,3.0,0.0075549395
31,81,4.0,0.00843215
31,81,5.0,0.008274051
31,81,6.0,0.0076705585
31,81,7.0,0.0071165035
31,81,8.0,0.0066642696
31,81,9.0,0.006200053
31,81,10.0,0.0056097424
31,81,11.0,0.004874681
31,81,12.0,0.0041286745
31,81,13.0,0.003466747
31,81,14.0,0.002928995
31,82,0.0,0.0002531381
31,82,1.0,0.00070957927
31,82,2.0,0.0013526215
31,82,3.0,0.0018958171
31,82,4.0,0.0021305252
31,82,5.0,0.0021090214
31,82,6.0,0.0019902883
31,82,7.0,0.0018993298
31,82,8.0,0.0018300479
31,82,9.0,0.0017459244
31,82,10.0,0.0016106414
31,82,11.0,0.0014327442
31,82,12.0,0.0012579011
31,82,13.0,0.0011160059
31,82,14.0,0.0010204526
31,83,0.0,2.8403108e-05
31,83,1.0,0.00011833042
31,83,2.0,0.00025900753
31,83,3.0,0.0003711144
31,83,4.0,0.00039978887
31,83,5.0,0.00036885936
31,83,6.0,0.00032719143
31,83,7.0,0.0003014605
31,83,8.0,0.0002846748
31,83,9.0,0.00026573899
31,83,10.0,0.00023512272
31,83,11.0,0.00019736533
31,83,12.0,0.00016369842
31,83,13.0,0.00013971225
31,83,14.0,0.0001266484
31,84,0.0,1.7574525e-06
31,84,1.0,1.2996501e-05
31,84,2.0,3.1735133e-05
31,84,3.0,4.234408e-05
31,84,4.0,4.200348e-05
31,84,5.0,3.674757e-05
31,84,6.0,3.267739e-05
31,84,7.0,3.1577485e-05
31,84,8.0,3.150807e-05
31,84,9.0,3.0607713e-05
31,84,10.0,2.7508755e-05
31,84,11.0,2.3906128e-05
31,84,12.0,2.1681633e-05
31,84,13.0,2.1464668e-05
31,84,14.0,2.3970464e-05
31,85,0.0,2.6000424e-07
31,85,1.0,2.6862294e-06
31,85,2.0,6.1883397e-06
31,85,3.0,6.4687524e-06
31,85,4.0,4.5188735e-06
31,85,5.0,2.7432047e-06
31,85,6.0,1.8928375e-06
31,85,7.0,1.7059994e-06
31,85,8.0,1.8004004e-06
31,85,9.0,1.920746e-06
31,85,10.0,1.8312786e-06
31,85,11.0,1.6805865e-06
31,85,12.0,1.6767366e-06
31,85,13.0,1.9963e-06
31,85,14.0,2.9471655e-06
31,86,0.0,1.565018e-08
31,86,1.0,2.8949572e-07
31,86,2.0,6.368481e-07
31,86,3.0,4.8537277e-07
31,86,4.0,1.9901327e-07
31,86,5.0,6.1145954e-08
31,86,6.0,2.864802e-08
31,86,7.0,3.2061216e-08
31,86,8.0,5.3174283e-08
31,86,9.0,8.285251e-08
31,86,10.0,1.0114953e-07
31,86,11.0,1.2763539e-07
31,86,12.0,2.1292458e-07
31,86,13.0,4.71443e-07
31,86,14.0,1.2033028e-06
31,87,0.0,5.7628404e-09
31,87,1.0,6.030667e-08
31,87,2.0,7.793075e-08
31,87,3.0,1.6538086e-08
31,87,4.0,1.3873448e-10
31,87,5.0,0.0
31,87,6.0,0.0
31,87,7.0,0.0
31,87,8.0,0.0
31,87,9.0,0.0
31,87,10.0,5.0530646e-11
31,87,11.0,8.3544466e-10
31,87,12.0,6.952777e-09
31,87,13.0,4.4469402e-08
31,87,14.0,2.3354724e-07
31,88,0.0,1.773987e-08
31,88,1.0,2.0323382e-08
31,88,2.0,5.5869704e-09
31,88,3.0,1.304157e-11
31,88,4.0,0.0
31,88,5.0,0.0
31,88,6.0,0.0
31,88,7.0,0.0
31,88,8.0,0.0
31,88,9.0,0.0
31,88,10.0,0.0
31,88,11.0,0.0
31,88,12.0,0.0
31,88,13.0,6.9360455e-11
31,88,14.0,1.32030795e-08
31,89,0.0,5.8089067e-09
31,89,1.0,2.0505084e-09
31,89,2.0,1.1009364e-11
31,89,3.0,0.0
31,89,4.0,0.0
31,89,5.0,0.0
31,89,6.0,0.0
31,89,7.0,0.0
31,89,8.0,0.0
31,89,9.0,0.0
31,89,10.0,0.0
31,89,11.0,0.0
31,89,12.0,0.0
31,89,13.0,0.0
31,89,14.0,0.0
32,69,0.0,8.878548e-10
32,69,1.0,9.780387e-11
32,69,2.0,0.0
32,69,3.0,0.0
32,69,4.0,0.0
32,69,5.0,0.0
32,69,6.0,0.0
32,69,7.0,0.0
32,69,8.0,0.0
32,69,9.0,0.0
32,69,10.0,0.0
32,69,11.0,0.0
32,69,12.0,0.0
32,69,13.0,3.4538145e-12
32,69,14.0,2.2078853e-08
32,70,0.0,7.1528526e-11
32,70,1.0,0.0
32,70,2.0,0.0
32,70,3.0,0.0
32,70,4.0,0.0
32,70,5.0,0.0
32,70,6.0,0.0
32,70,7.0,0.0
32,70,8.0,0.0
32,70,9.0,0.0
32,70,10.0,0.0
32,70,11.0,0.0
32,70,12.0,0.0
32,70,13.0,0.0
32,70,14.0,0.0
32,71,0.0,2.6549671e-09
32,71,1.0,4.1418474e-10
32,71,2.0,0.0
32,71,3.0,0.0
32,71,4.0,0.0
32,71,5.0,0.0
32,71,6.0,0.0
32,71,7.0,0.0
32,71,8.0,0.0
32,71,9.0,0.0
32,71,10.0,0.0
32,71,11.0,0.0
32,71,12.0,0.0
32,71,13.0,0.0
32,71,14.0,3.0716143e-09
32,72,0.0,1.7270416e-09
32,72,1.0,2.2487697e-12
32,72,2.0,3.2636886e-11
32,72,3.0,1.8348684e-09
32,72,4.0,1.38524845e-08
32,72,5.0,4.3590557e-08
32,72,6.0,6.80193e-08
32,72,7.0,5.2999386e-08
32,72,8.0,1.492423e-08
32,72,9.0,6.027844e-10
32,72,10.0,0.0
32,72,11.0,0.0
32,72,12.0,0.0
32,72,13.0,3.2419314e-11
32,72,14.0,4.3960227e-09
32,73,0.0,4.8242716e-09
32,73,1.0,3.1576995e-08
32,73,2.0,1.485257e-08
32,73,3.0,1.5199736e-09
32,73,4.0,2.0342105e-11
32,73,5.0,0.0
32,73,6.0,0.0
32,73,7.0,0.0
32,73,8.0,0.0
32,73,9.0,0.0
32,73,10.0,0.0
32,73,11.0,0.0
32,73,12.0,4.0320317e-10
32,73,13.0,6.297698e-08
32,73,14.0,5.6230914e-07
32,74,0.0,2.846098e-07
32,74,1.0,1.0795148e-06
32,74,2.0,3.1031323e-06
32,74,3.0,6.0451416e-06
32,74,4.0,8.47152e-06
32,74,5.0,8.727115e-06
32,74,6.0,6.646033e-06
32,74,7.0,3.8308376e-06
32,74,8.0,2.045746e-06
32,74,9.0,1.3881474e-06
32,74,10.0,1.6227323e-06
32,74,11.0,2.8779475e-06
32,74,12.0,5.2974265e-06
32,74,13.0,8.297389e-06
32,74,14.0,1.026347e-05
32,75,0.0,1.6393509e-06
32,75,1.0,1.21688945e-05
32,75,2.0,2.3566055e-05
32,75,3.0,2.9469335e-05
32,75,4.0,3.096484e-05
32,75,5.0,2.9997918e-05
32,75,6.0,2.7320779e-05
32,75,7.0,2.3131892e-05
32,75,8.0,2.004292e-05
32,75,9.0,1.9962392e-05
32,75,10.0,2.5091515e-05
32,75,11.0,3.8013004e-05
32,75,12.0,5.8712332e-05
32,75,13.0,8.381499e-05
32,75,14.0,0.00010650824
32,76,0.0,1.801485e-05
32,76,1.0,0.00010641478
32,76,2.0,0.00024833975
32,76,3.0,0.0003447193
32,76,4.0,0.0003463489
32,76,5.0,0.00028313717
32,76,6.0,0.0002089927
32,76,7.0,0.0001584057
32,76,8.0,0.00013961918
32,76,9.0,0.00015489977
32,76,10.0,0.00019924056
32,76,11.0,0.0002625053
32,76,12.0,0.00032461868
32,76,13.0,0.00036319488
32,76,14.0,0.00038141443
32,77,0.0,0.00023121397
32,77,1.0,0.00068393373
32,77,2.0,0.0011044253
32,77,3.0,0.0013367407
32,77,4.0,0.0013892406
32,77,5.0,0.0013338083
32,77,6.0,0.0012096285
32,77,7.0,0.0010762436
32,77,8.0,0.0009976621
32,77,9.0,0.0010140118
32,77,10.0,0.0011505751
32,77,11.0,0.0013692253
32,77,12.0,0.0016040361
32,77,13.0,0.0017797415
32,77,14.0,0.001844138
32,78,0.0,0.000375505
32,78,1.0,0.0011850239
32,78,2.0,0.0021066298
32,78,3.0,0.0026237122
32,78,4.0,0.0026454432
32,78,5.0,0.002394011
32,78,6.0,0.0021292646
32,78,7.0,0.0020056872
32,78,8.0,0.002109473
32,78,9.0,0.0024136258
32,78,10.0,0.002838698
32,78,11.0,0.0032708421
32,78,12.0,0.0035891712
32,78,13.0,0.0038090718
32,78,14.0,0.0039944644
32,79,0.0,0.0030367565
32,79,1.0,0.0064381924
32,79,2.0,0.009652804
32,79,3.0,0.011559426
32,79,4.0,0.012137288
32,79,5.0,0.011797459
32,79,6.0,0.010909229
32,79,7.0,0.010000983
32,79,8.0,0.009457993
32,79,9.0,0.009530858
32,79,10.0,0.010209576
32,79,11.0,0.011175606
32,79,12.0,0.0120469285
32,79,13.0,0.012416177
32,79,14.0,0.0121837575
32,80,0.0,0.010800755
32,80,1.0,0.017103741
32,80,2.0,0.022007536
32,80,3.0,0.024219813
32,80,4.0,0.023924528
32,80,5.0,0.022375686
32,80,6.0,0.020826526
32,80,7.0,0.020085892
32,80,8.0,0.020455288
32,80,9.0,0.021474767
32,80,10.0,0.02255654
32,80,11.0,0.023096245
32,80,12.0,0.02288787
32,80,13.0,0.022247663
32,80,14.0,0.021436369
32,81,0.0,0.016574066
32,81,1.0,0.026590835
32,81,2.0,0.03610415
32,81,3.0,0.042861894
32,81,4.0,0.045624
32,81,5.0,0.044718858
32,81,6.0,0.041424833
32,81,7.0,0.037649956
32,81,8.0,0.03471529
32,81,9.0,0.033357874
32,81,10.0,0.03327048
32,81,11.0,0.033569615
32,81,12.0,0.033415955
32,81,13.0,0.03209999
32,81,14.0,0.029605875
32,82,0.0,0.020291388
32,82,1.0,0.027578995
32,82,2.0,0.033888474
32,82,3.0,0.03721354
32,82,4.0,0.037131697
32,82,5.0,0.034899127
32,82,6.0,0.032203637
32,82,7.0,0.030234393
32,82,8.0,0.029633315
32,82,9.0,0.029967077
32,82,10.0,0.030448817
32,82,11.0,0.03027168
32,82,12.0,0.028956203
32,82,13.0,0.026912358
32,82,14.0,0.024641702
32,83,0.0,0.0073051956
32,83,1.0,0.010557811
32,83,2.0,0.013933605
32,83,3.0,0.016758496
32,83,4.0,0.018233454
32,83,5.0,0.018054323
32,83,6.0,0.01663582
32,83,7.0,0.01485996
32,83,8.0,0.013410896
32,83,9.0,0.01267842
32,83,10.0,0.012530209
32,83,11.0,0.012554647
32,83,12.0,0.012364372
32,83,13.0,0.011640876
32,83,14.0,0.010404174
32,84,0.0,0.0024331538
32,84,1.0,0.002905476
32,84,2.0,0.0035083974
32,84,3.0,0.004128797
32,84,4.0,0.0045328178
32,84,5.0,0.004540507
32,84,6.0,0.004304324
32,84,7.0,0.0040905974
32,84,8.0,0.0040926165
32,84,9.0,0.004375476
32,84,10.0,0.0047965874
32,84,11.0,0.005169899
32,84,12.0,0.0053091426
32,84,13.0,0.0051741363
32,84,14.0,0.00490778
32,85,0.0,0.00031021438
32,85,1.0,0.00042385305
32,85,2.0,0.00054260145
32,85,3.0,0.00066488853
32,85,4.0,0.0007604867
32,85,5.0,0.0007783388
32,85,6.0,0.0007105793
32,85,7.0,0.00061955856
32,85,8.0,0.00055899855
32,85,9.0,0.0005614749
32,85,10.0,0.0006279605
32,85,11.0,0.0007265827
32,85,12.0,0.0008136035
32,85,13.0,0.0008362129
32,85,14.0,0.00078211253
32,86,0.0,5.982277e-05
32,86,1.0,3.9100727e-05
32,86,2.0,3.235388e-05
32,86,3.0,3.2636515e-05
32,86,4.0,3.5975816e-05
32,86,5.0,3.9167273e-05
32,86,6.0,3.8772305e-05
32,86,7.0,3.682953e-05
32,86,8.0,3.7485068e-05
32,86,9.0,4.5351226e-05
32,86,10.0,6.545301e-05
32,86,11.0,9.797301e-05
32,86,12.0,0.00013770604
32,86,13.0,0.00017297793
32,86,14.0,0.00019503296
32,87,0.0,1.4458557e-06
32,87,1.0,1.3928466e-06
32,87,2.0,1.7374625e-06
32,87,3.0,2.4985397e-06
32,87,4.0,3.4234706e-06
32,87,5.0,3.8846506e-06
32,87,6.0,3.4748869e-06
32,87,7.0,2.8674335e-06
32,87,8.0,2.8295858e-06
32,87,9.0,4.1416997e-06
32,87,10.0,8.533335e-06
32,87,11.0,1.7867062e-05
32,87,12.0,3.153412e-05
32,87,13.0,4.41465e-05
32,87,14.0,4.965535e-05
32,88,0.0,1.1177473e-07
32,88,1.0,0.0
32,88,2.0,0.0
32,88,3.0,0.0
32,88,4.0,0.0
32,88,5.0,0.0
32,88,6.0,0.0
32,88,7.0,0.0
32,88,8.0,0.0
32,88,9.0,0.0
32,88,10.0,0.0
32,88,11.0,0.0
32,88,12.0,0.0
32,88,13.0,1.8786515e-09
32,88,14.0,7.500186e-08
32,89,0.0,4.1363833e-08
32,89,1.0,2.8693362e-10
32,89,2.0,0.0
32,89,3.0,0.0
32,89,4.0,0.0
32,89,5.0,0.0
32,89,6.0,0.0
32,89,7.0,0.0
32,89,8.0,0.0
32,89,9.0,0.0
32,89,10.0,0.0
32,89,11.0,7.816538e-09
32,89,12.0,1.3152282e-07
32,89,13.0,4.6730335e-07
32,89,14.0,7.439325e-07
32,90,0.0,3.799017e-09
32,90,1.0,0.0
32,90,2.0,0.0
32,90,3.0,0.0
32,90,4.0,0.0
32,90,5.0,0.0
32,90,6.0,0.0
32,90,7.0,0.0
32,90,8.0,0.0
32,90,9.0,0.0
32,90,10.0,0.0
32,90,11.0,0.0
32,90,12.0,0.0
32,90,13.0,0.0
32,90,14.0,0.0
32,91,0.0,1.1764286e-09
32,91,1.0,0.0
32,91,2.0,0.0
32,91,3.0,0.0
32,91,4.0,0.0
32,91,5.0,0.0
32,91,6.0,0.0
32,91,7.0,0.0
32,91,8.0,0.0
32,91,9.0,0.0
32,91,10.0,0.0
32,91,11.0,0.0
32,91,12.0,0.0
32,91,13.0,0.0
32,91,14.0,0.0
33,72,0.0,0.0
33,72,1.0,3.2951109e-09
33,72,2.0,5.1180926e-09
33,72,3.0,2.8063252e-10
33,72,4.0,0.0
33,72,5.0,0.0
33,72,6.0,0.0
33,72,7.0,0.0
33,72,8.0,0.0
33,72,9.0,0.0
33,72,10.0,4.8111396e-13
33,72,11.0,6.1162814e-10
33,72,12.0,9.040283e-10
33,72,13.0,2.87391e-10
33,72,14.0,3.339378e-11
33,73,0.0,4.0385677e-09
33,73,1.0,2.7661346e-07
33,73,2.0,6.595961e-07
33,73,3.0,5.03257e-07
33,73,4.0,1.764947e-07
33,73,5.0,3.6236806e-08
33,73,6.0,9.8962385e-09
33,73,7.0,1.5742039e-08
33,73,8.0,5.6884872e-08
33,73,9.0,1.4699646e-07
33,73,10.0,1.8411625e-07
33,73,11.0,1.01728865e-07
33,73,12.0,2.631346e-08
33,73,13.0,2.422826e-09
33,73,14.0,1.4617751e-11
33,74,0.0,6.6342637e-10
33,74,1.0,1.3510103e-07
33,74,2.0,1.9165422e-07
33,74,3.0,4.7350134e-08
33,74,4.0,1.3988707e-09
33,74,5.0,5.4788988e-15
33,74,6.0,3.7288898e-14
33,74,7.0,1.0554729e-09
33,74,8.0,2.653483e-08
33,74,9.0,1.1519945e-07
33,74,10.0,1.7536621e-07
33,74,11.0,1.617758e-07
33,74,12.0,1.3069162e-07
33,74,13.0,1.2605655e-07
33,74,14.0,1.7424568e-07
33,75,0.0,1.3591785e-10
33,75,1.0,3.296243e-07
33,75,2.0,8.2128366e-07
33,75,3.0,6.11012e-07
33,75,4.0,3.1838812e-07
33,75,5.0,2.748098e-07
33,75,6.0,5.2148863e-07
33,75,7.0,1.199334e-06
33,75,8.0,2.192639e-06
33,75,9.0,2.6303915e-06
33,75,10.0,2.2584188e-06
33,75,11.0,1.684797e-06
33,75,12.0,1.3005821e-06
33,75,13.0,1.2132102e-06
33,75,14.0,1.309754e-06
33,76,0.0,2.9714974e-08
33,76,1.0,1.1830929e-06
33,76,2.0,1.7067338e-06
33,76,3.0,9.55593e-07
33,76,4.0,4.425735e-07
33,76,5.0,4.1930872e-07
33,76,6.0,8.1927396e-07
33,76,7.0,1.8144653e-06
33,76,8.0,3.0571225e-06
33,76,9.0,3.6878841e-06
33,76,10.0,3.925218e-06
33,76,11.0,4.3548253e-06
33,76,12.0,5.6663466e-06
33,76,13.0,8.565174e-06
33,76,14.0,1.3337392e-05
33,77,0.0,3.443511e-07
33,77,1.0,6.4791334e-06
33,77,2.0,1.1905511e-05
33,77,3.0,1.1570348e-05
33,77,4.0,1.0789349e-05
33,77,5.0,1.3110832e-05
33,77,6.0,1.8799426e-05
33,77,7.0,2.6361497e-05
33,77,8.0,3.124634e-05
33,77,9.0,3.2753014e-05
33,77,10.0,3.3875258e-05
33,77,11.0,3.7588812e-05
33,77,12.0,4.6670706e-05
33,77,13.0,6.089897e-05
33,77,14.0,7.860441e-05
33,78,0.0,1.4133284e-05
33,78,1.0,6.993068e-05
33,78,2.0,0.00010506249
33,78,3.0,0.00010592792
33,78,4.0,0.000105060855
33,78,5.0,0.00011514598
33,78,6.0,0.00013230184
33,78,7.0,0.00014495145
33,78,8.0,0.00014464815
33,78,9.0,0.00014184183
33,78,10.0,0.0001478334
33,78,11.0,0.00017285816
33,78,12.0,0.00022180987
33,78,13.0,0.00029042084
33,78,14.0,0.00037289876
33,79,0.0,0.00023261427
33,79,1.0,0.00067318464
33,79,2.0,0.0009969118
33,79,3.0,0.0011289401
33,79,4.0,0.001217058
33,79,5.0,0.001321183
33,79,6.0,0.0014220194
33,79,7.0,0.0014572826
33,79,8.0,0.0014364986
33,79,9.0,0.001432092
33,79,10.0,0.0015043437
33,79,11.0,0.0016977423
33,79,12.0,0.0019897576
33,79,13.0,0.0023333302
33,79,14.0,0.002682191
33,80,0.0,0.001622448
33,80,1.0,0.003293379
33,80,2.0,0.0046691103
33,80,3.0,0.00558507
33,80,4.0,0.0062271026
33,80,5.0,0.0067021064
33,80,6.0,0.006935412
33,80,7.0,0.006805301
33,80,8.0,0.006520926
33,80,9.0,0.0063486067
33,80,10.0,0.006490841
33,80,11.0,0.0070278696
33,80,12.0,0.007832454
33,80,13.0,0.008718938
33,80,14.0,0.009490987
33,81,0.0,0.009032372
33,81,1.0,0.015293037
33,81,2.0,0.020494616
33,81,3.0,0.024247292
33,81,4.0,0.026722154
33,81,5.0,0.028159384
33,81,6.0,0.028461108
33,81,7.0,0.027687104
33,81,8.0,0.026700225
33,81,9.0,0.026242156
33,81,10.0,0.026835205
33,81,11.0,0.028442776
33,81,12.0,0.030551907
33,81,13.0,0.032541066
33,81,14.0,0.033890046
33,82,0.0,0.022631345
33,82,1.0,0.032626227
33,82,2.0,0.04186055
33,82,3.0,0.05034879
33,82,4.0,0.057294477
33,82,5.0,0.06171784
33,82,6.0,0.062689014
33,82,7.0,0.060781136
33,82,8.0,0.058028452
33,82,9.0,0.056048866
33,82,10.0,0.055851854
33,82,11.0,0.05715889
33,82,12.0,0.05916087
33,82,13.0,0.060970057
33,82,14.0,0.061682392
33,83,0.0,0.039476663
33,83,1.0,0.05453846
33,83,2.0,0.06790137
33,83,3.0,0.07934827
33,83,4.0,0.08770202
33,83,5.0,0.09197391
33,83,6.0,0.09139449
33,83,7.0,0.087358944
33,83,8.0,0.08259291
33,83,9.0,0.07913939
33,83,10.0,0.07803555
33,83,11.0,0.07857216
33,83,12.0,0.0796028
33,83,13.0,0.079939485
33,83,14.0,0.07857046
33,84,0.0,0.035804845
33,84,1.0,0.045011275
33,84,2.0,0.05516623
33,84,3.0,0.06572401
33,84,4.0,0.074741066
33,84,5.0,0.08009537
33,84,6.0,0.080390304
33,84,7.0,0.076952
33,84,8.0,0.0723012
33,84,9.0,0.06847665
33,84,10.0,0.0664394
33,84,11.0,0.06561517
33,84,12.0,0.06521729
33,84,13.0,0.06445716
33,84,14.0,0.062750235
33,85,0.0,0.018051768
33,85,1.0,0.022864016
33,85,2.0,0.027765293
33,85,3.0,0.03279649
33,85,4.0,0.03696225
33,85,5.0,0.03909475
33,85,6.0,0.03851571
33,85,7.0,0.03616644
33,85,8.0,0.03345172
33,85,9.0,0.031427283
33,85,10.0,0.030494869
33,85,11.0,0.030252531
33,85,12.0,0.030225066
33,85,13.0,0.029945035
33,85,14.0,0.029091714
33,86,0.0,0.0065462966
33,86,1.0,0.007720845
33,86,2.0,0.009417508
33,86,3.0,0.011744961
33,86,4.0,0.014153939
33,86,5.0,0.015818145
33,86,6.0,0.01605254
33,86,7.0,0.015204651
33,86,8.0,0.014005536
33,86,9.0,0.013052133
33,86,10.0,0.012586991
33,86,11.0,0.012453128
33,86,12.0,0.012468218
33,86,13.0,0.012448973
33,86,14.0,0.012290095
33,87,0.0,0.0013233103
33,87,1.0,0.0015389015
33,87,2.0,0.001863878
33,87,3.0,0.0023735736
33,87,4.0,0.0029458525
33,87,5.0,0.0033479081
33,87,6.0,0.0033699262
33,87,7.0,0.0031138335
33,87,8.0,0.0027981477
33,87,9.0,0.0025893382
33,87,10.0,0.0025491877
33,87,11.0,0.0026267269
33,87,12.0,0.0027633016
33,87,13.0,0.0028926532
33,87,14.0,0.002964012
33,88,0.0,0.0001699154
33,88,1.0,0.00016544024
33,88,2.0,0.00021285136
33,88,3.0,0.00032999986
33,88,4.0,0.00050811144
33,88,5.0,0.0006846184
33,88,6.0,0.0007599565
33,88,7.0,0.00072730175
33,88,8.0,0.0006508074
33,88,9.0,0.0005926855
33,88,10.0,0.0005809491
33,88,11.0,0.00060456846
33,88,12.0,0.0006504259
33,88,13.0,0.0007031021
33,88,14.0,0.0007503298
33,89,0.0,8.803416e-06
33,89,1.0,6.8576123e-06
33,89,2.0,9.119882e-06
33,89,3.0,1.8337958e-05
33,89,4.0,3.6782338e-05
33,89,5.0,5.8356196e-05
33,89,6.0,6.727397e-05
33,89,7.0,6.080673e-05
33,89,8.0,4.991118e-05
33,89,9.0,4.368204e-05
33,89,10.0,4.586603e-05
33,89,11.0,5.56528e-05
33,89,12.0,7.214162e-05
33,89,13.0,9.297196e-05
33,89,14.0,0.00011360733
33,90,0.0,1.2279317e-08
33,90,1.0,0.0
33,90,2.0,7.1133655e-12
33,90,3.0,3.557667e-08
33,90,4.0,7.6747955e-07
33,90,5.0,3.4679026e-06
33,90,6.0,6.3041307e-06
33,90,7.0,6.530887e-06
33,90,8.0,5.183612e-06
33,90,9.0,4.1154954e-06
33,90,10.0,4.1929316e-06
33,90,11.0,5.4127536e-06
33,90,12.0,7.867361e-06
33,90,13.0,1.1527225e-05
33,90,14.0,1.5830472e-05
33,91,0.0,1.4299599e-08
33,91,1.0,0.0
33,91,2.0,0.0
33,91,3.0,3.444426e-11
33,91,4.0,2.3715646e-08
33,91,5.0,1.9590678e-07
33,91,6.0,3.6455856e-07
33,91,7.0,2.5755733e-07
33,91,8.0,1.0728893e-07
33,91,9.0,4.5936847e-08
33,91,10.0,4.8494535e-08
33,91,11.0,1.217124e-07
33,91,12.0,3.6981658e-07
33,91,13.0,9.4310474e-07
33,91,14.0,1.7883957e-06
33,92,0.0,6.7184175e-12
33,92,1.0,0.0
33,92,2.0,0.0
33,92,3.0,0.0
33,92,4.0,0.0
33,92,5.0,3.782776e-09
33,92,6.0,4.0175845e-08
33,92,7.0,3.4983497e-08
33,92,8.0,7.1762583e-09
33,92,9.0,3.2236988e-10
33,92,10.0,1.2523831e-11
33,92,11.0,7.466327e-11
33,92,12.0,1.5257858e-09
33,92,13.0,1.1944472e-08
33,92,14.0,3.992509e-08
33,93,0.0,4.2166593e-07
33,93,1.0,1.6740765e-08
33,93,2.0,7.4923595e-10
33,93,3.0,4.377196e-09
33,93,4.0,6.0668526e-08
33,93,5.0,2.879515e-07
33,93,6.0,5.3101724e-07
33,93,7.0,3.9988e-07
33,93,8.0,1.5512e-07
33,93,9.0,4.2877513e-08
33,93,10.0,1.824796e-08
33,93,11.0,2.602172e-08
33,93,12.0,6.877481e-08
33,93,13.0,1.6921965e-07
33,93,14.0,2.8509925e-07
33,94,0.0,6.505094e-11
33,94,1.0,0.0
33,94,2.0,0.0
33,94,3.0,0.0
33,94,4.0,0.0
33,94,5.0,1.6104643e-09
33,94,6.0,4.1045617e-08
33,94,7.0,5.8481262e-08
33,94,8.0,1.7888855e-08
33,94,9.0,1.0571516e-09
33,94,10.0,1.4394456e-12
33,94,11.0,0.0
33,94,12.0,3.972277e-13
33,94,13.0,5.1311202e-11
33,94,14.0,1.8744087e-10
33,95,0.0,0.0
33,95,1.0,0.0
33,95,2.0,0.0
33,95,3.0,0.0
33,95,4.0,7.329248e-09
33,95,5.0,1.3084369e-07
33,95,6.0,4.6585194e-07
33,95,7.0,6.129591e-07
33,95,8.0,3.6699385e-07
33,95,9.0,1.3380617e-07
33,95,10.0,4.2880178e-08
33,95,11.0,2.3947154e-08
33,95,12.0,2.6967703e-08
33,95,13.0,3.333994e-08
33,95,14.0,2.5719459e-08
34,74,0.0,0.0
34,74,1.0,0.0
34,74,2.0,7.604892e-10
34,74,3.0,2.4224418e-08
34,74,4.0,9.956995e-08
34,74,5.0,1.866328e-07
34,74,6.0,2.6478537e-07
34,74,7.0,3.1315113e-07
34,74,8.0,3.016319e-07
34,74,9.0,2.2207418e-07
34,74,10.0,1.3340963e-07
34,74,11.0,1.05758026e-07
34,74,12.0,1.7872293e-07
34,74,13.0,6.2612645e-07
34,74,14.0,2.7073793e-06
34,75,0.0,0.0
34,75,1.0,7.707745e-12
34,75,2.0,0.0
34,75,3.0,0.0
34,75,4.0,0.0
34,75,5.0,0.0
34,75,6.0,0.0
34,75,7.0,0.0
34,75,8.0,0.0
34,75,9.0,0.0
34,75,10.0,0.0
34,75,11.0,0.0
34,75,12.0,0.0
34,75,13.0,0.0
34,75,14.0,0.0
34,76,0.0,0.0
34,76,1.0,1.9284271e-10
34,76,2.0,1.0665276e-08
34,76,3.0,3.9451955e-08
34,76,4.0,5.1644072e-08
34,76,5.0,3.949034e-08
34,76,6.0,1.6331915e-08
34,76,7.0,2.3936066e-09
34,76,8.0,5.1703112e-12
34,76,9.0,0.0
34,76,10.0,0.0
34,76,11.0,0.0
34,76,12.0,2.493677e-09
34,76,13.0,1.7647982e-07
34,76,14.0,1.6693638e-06
34,77,0.0,1.8018557e-08
34,77,1.0,6.5031685e-07
34,77,2.0,7.926606e-07
34,77,3.0,3.3459241e-07
34,77,4.0,9.0973764e-08
34,77,5.0,1.9231015e-08
34,77,6.0,2.5188225e-09
34,77,7.0,2.2052036e-11
34,77,8.0,0.0
34,77,9.0,0.0
34,77,10.0,0.0
34,77,11.0,0.0
34,77,12.0,1.3154012e-11
34,77,13.0,5.206775e-09
34,77,14.0,3.710551e-08
34,78,0.0,4.5142767e-07
34,78,1.0,4.2773553e-07
34,78,2.0,3.131693e-07
34,78,3.0,1.420154e-07
34,78,4.0,3.5965652e-08
34,78,5.0,3.8617887e-09
34,78,6.0,2.5053367e-11
34,78,7.0,0.0
34,78,8.0,0.0
34,78,9.0,0.0
34,78,10.0,0.0
34,78,11.0,9.585864e-09
34,78,12.0,3.6242145e-07
34,78,13.0,2.4353055e-06
34,78,14.0,7.833795e-06
34,79,0.0,5.970458e-06
34,79,1.0,2.926105e-05
34,79,2.0,3.6116522e-05
34,79,3.0,2.6365422e-05
34,79,4.0,1.6622607e-05
34,79,5.0,1.0162024e-05
34,79,6.0,5.9905624e-06
34,79,7.0,3.1486566e-06
34,79,8.0,1.5984501e-06
34,79,9.0,1.0382323e-06
34,79,10.0,1.1747206e-06
34,79,11.0,2.3330601e-06
34,79,12.0,5.2236405e-06
34,79,13.0,1.0087281e-05
34,79,14.0,1.5782045e-05
34,80,0.0,8.222181e-05
34,80,1.0,9.109872e-05
34,80,2.0,8.683118e-05
34,80,3.0,7.4541225e-05
34,80,4.0,6.1008155e-05
34,80,5.0,4.7808473e-05
34,80,6.0,3.469387e-05
34,80,7.0,2.5173118e-05
34,80,8.0,2.1628644e-05
34,80,9.0,2.574179e-05
34,80,10.0,4.2601238e-05
34,80,11.0,7.960728e-05
34,80,12.0,0.0001438924
34,80,13.0,0.00023341684
34,80,14.0,0.00033353927
34,81,0.0,0.001439833
34,81,1.0,0.0022644564
34,81,2.0,0.0026472479
34,81,3.0,0.0026622543
34,81,4.0,0.0025293645
34,81,5.0,0.0023556857
34,81,6.0,0.002154158
34,81,7.0,0.0019199929
34,81,8.0,0.0017284878
34,81,9.0,0.001656468
34,81,10.0,0.0017664123
34,81,11.0,0.0021067155
34,81,12.0,0.0026501734
34,81,13.0,0.0033256463
34,81,14.0,0.0040032337
34,82,0.0,0.0054484834
34,82,1.0,0.006791342
34,82,2.0,0.008198877
34,82,3.0,0.0095997155
34,82,4.0,0.010777792
34,82,5.0,0.011413595
34,82,6.0,0.0114289755
34,82,7.0,0.011172181
34,82,8.0,0.011063132
34,82,9.0,0.011462239
34,82,10.0,0.012346418
34,82,11.0,0.013461607
34,82,12.0,0.014527363
34,82,13.0,0.015269219
34,82,14.0,0.015719669
34,83,0.0,0.03561861
34,83,1.0,0.042237934
34,83,2.0,0.047786996
34,83,3.0,0.052330695
34,83,4.0,0.055653665
34,83,5.0,0.057130996
34,83,6.0,0.056728695
34,83,7.0,0.054603186
34,83,8.0,0.051965784
34,83,9.0,0.050186165
34,83,10.0,0.05032715
34,83,11.0,0.052824322
34,83,12.0,0.056921426
34,83,13.0,0.06162286
34,83,14.0,0.065806806
34,84,0.0,0.0638974
34,84,1.0,0.07423889
34,84,2.0,0.08756708
34,84,3.0,0.102385044
34,84,4.0,0.116178736
34,84,5.0,0.12592527
34,84,6.0,0.1301664
34,84,7.0,0.13033077
34,84,8.0,0.1289306
34,84,9.0,0.12835345
34,84,10.0,0.12825766
34,84,11.0,0.12717578
34,84,12.0,0.12389498
34,84,13.0,0.117762305
34,84,14.0,0.10984493
34,85,0.0,0.16630921
34,85,1.0,0.17737234
34,85,2.0,0.1915076
34,85,3.0,0.20583957
34,85,4.0,0.21865055
34,85,5.0,0.22658765
34,85,6.0,0.22695652
34,85,7.0,0.21919857
34,85,8.0,0.2065985
34,85,9.0,0.19386065
34,85,10.0,0.18455093
34,85,11.0,0.18042752
34,85,12.0,0.17969757
34,85,13.0,0.17990646
34,85,14.0,0.17878938
34,86,0.0,0.14138666
34,86,1.0,0.14441383
34,86,2.0,0.15174557
34,86,3.0,0.16126499
34,86,4.0,0.17030253
34,86,5.0,0.17561875
34,86,6.0,0.17483227
34,86,7.0,0.1693583
34,86,8.0,0.16207157
34,86,9.0,0.15584132
34,86,10.0,0.15151992
34,86,11.0,0.14733228
34,86,12.0,0.1416669
34,86,13.0,0.13333298
34,86,14.0,0.12240219
34,87,0.0,0.092792116
34,87,1.0,0.0931485
34,87,2.0,0.09792472
34,87,3.0,0.10487294
34,87,4.0,0.11192755
34,87,5.0,0.11683138
34,87,6.0,0.117354006
34,87,7.0,0.112475775
34,87,8.0,0.10348912
34,87,9.0,0.09350203
34,87,10.0,0.0849446
34,87,11.0,0.07924311
34,87,12.0,0.07601861
34,87,13.0,0.07390356
34,87,14.0,0.07169652
34,88,0.0,0.037048757
34,88,1.0,0.036488734
34,88,2.0,0.03627581
34,88,3.0,0.036987126
34,88,4.0,0.038037002
34,88,5.0,0.038898457
34,88,6.0,0.03890155
34,88,7.0,0.03773137
34,88,8.0,0.036111586
34,88,9.0,0.034895122
34,88,10.0,0.034772974
34,88,11.0,0.035747625
34,88,12.0,0.037031747
34,88,13.0,0.03779739
34,88,14.0,0.037263654
34,89,0.0,0.0071015344
34,89,1.0,0.0068788887
34,89,2.0,0.0073138466
34,89,3.0,0.008254737
34,89,4.0,0.009411599
34,89,5.0,0.010458684
34,89,6.0,0.011007863
34,89,7.0,0.010790146
34,89,8.0,0.009826478
34,89,9.0,0.008554821
34,89,10.0,0.0074323397
34,89,11.0,0.00670629
34,89,12.0,0.006439862
34,89,13.0,0.0064479113
34,89,14.0,0.006511824
34,90,0.0,0.0012989457
34,90,1.0,0.0013380646
34,90,2.0,0.0013803383
34,90,3.0,0.0014375896
34,90,4.0,0.001546248
34,90,5.0,0.0017055436
34,90,6.0,0.0018746462
34,90,7.0,0.0020040527
34,90,8.0,0.0020514522
34,90,9.0,0.0020660933
34,90,10.0,0.0021238427
34,90,11.0,0.0022848072
34,90,12.0,0.002577312
34,90,13.0,0.002925765
34,90,14.0,0.0032243007
34,91,0.0,8.543399e-05
34,91,1.0,6.4866836e-05
34,91,2.0,6.5803935e-05
34,91,3.0,8.376039e-05
34,91,4.0,0.000115684445
34,91,5.0,0.0001561513
34,91,6.0,0.00019260375
34,91,7.0,0.00020916101
34,91,8.0,0.00019876439
34,91,9.0,0.00016830082
34,91,10.0,0.00013888621
34,91,11.0,0.00012336185
34,91,12.0,0.00012731702
34,91,13.0,0.00015203436
34,91,14.0,0.00018883812
34,92,0.0,1.5735753e-06
34,92,1.0,1.1393081e-07
34,92,2.0,6.731057e-09
34,92,3.0,7.167446e-10
34,92,4.0,8.391464e-10
34,92,5.0,6.6085444e-09
34,92,6.0,5.658709e-08
34,92,7.0,2.72389e-07
34,92,8.0,7.526414e-07
34,92,9.0,1.2790881e-06
34,92,10.0,1.5535272e-06
34,92,11.0,1.7439438e-06
34,92,12.0,2.1959045e-06
34,92,13.0,3.4865393e-06
34,92,14.0,6.5204667e-06
34,93,0.0,5.3637557e-09
34,93,1.0,0.0
34,93,2.0,0.0
34,93,3.0,0.0
34,93,4.0,0.0
34,93,5.0,7.854114e-11
34,93,6.0,7.4675155e-09
34,93,7.0,4.5417448e-08
34,93,8.0,1.0504361e-07
34,93,9.0,1.3073506e-07
34,93,10.0,1.147562e-07
34,93,11.0,1.12939034e-07
34,93,12.0,1.6876558e-07
34,93,13.0,3.773007e-07
34,93,14.0,9.167516e-07
34,94,0.0,6.9301066e-08
34,94,1.0,0.0
34,94,2.0,0.0
34,94,3.0,0.0
34,94,4.0,0.0
34,94,5.0,0.0
34,94,6.0,0.0
34,94,7.0,0.0
34,94,8.0,0.0
34,94,9.0,0.0
34,94,10.0,2.599218e-16
34,94,11.0,2.2180201e-10
34,94,12.0,1.755253e-09
34,94,13.0,9.086901e-09
34,94,14.0,5.105445e-08
34,95,0.0,3.8746206e-10
34,95,1.0,0.0
34,95,2.0,0.0
34,95,3.0,9.408995e-10
34,95,4.0,2.5378705e-08
34,95,5.0,1.2568253e-07
34,95,6.0,3.4945106e-07
34,95,7.0,7.226584e-07
34,95,8.0,1.1293866e-06
34,95,9.0,1.3012043e-06
34,95,10.0,1.0309737e-06
34,95,11.0,5.956794e-07
34,95,12.0,2.970309e-07
34,95,13.0,1.5856467e-07
34,95,14.0,1.1717621e-07
34,96,0.0,1.976467e-09
34,96,1.0,0.0
34,96,2.0,0.0
34,96,3.0,0.0
34,96,4.0,0.0
34,96,5.0,0.0
34,96,6.0,0.0
34,96,7.0,0.0
34,96,8.0,0.0
34,96,9.0,0.0
34,96,10.0,0.0
34,96,11.0,0.0
34,96,12.0,0.0
34,96,13.0,0.0
34,96,14.0,0.0
35,77,0.0,0.0
35,77,1.0,0.0
35,77,2.0,0.0
35,77,3.0,0.0
35,77,4.0,0.0
35,77,5.0,0.0
35,77,6.0,0.0
35,77,7.0,0.0
35,77,8.0,0.0
35,77,9.0,0.0
35,77,10.0,0.0
35,77,11.0,0.0
35,77,12.0,0.0
35,77,13.0,0.0
35,77,14.0,0.0
35,78,0.0,3.448592e-09
35,78,1.0,3.9842494e-09
35,78,2.0,0.0
35,78,3.0,0.0
35,78,4.0,0.0
35,78,5.0,0.0
35,78,6.0,0.0
35,78,7.0,0.0
35,78,8.0,0.0
35,78,9.0,0.0
35,78,10.0,0.0
35,78,11.0,0.0
35,78,12.0,0.0
35,78,13.0,0.0
35,78,14.0,0.0
35,79,0.0,1.2740202e-09
35,79,1.0,1.736224e-08
35,79,2.0,8.328677e-12
35,79,3.0,0.0
35,79,4.0,0.0
35,79,5.0,0.0
35,79,6.0,0.0
35,79,7.0,0.0
35,79,8.0,7.192223e-11
35,79,9.0,1.131796e-09
35,79,10.0,2.573536e-09
35,79,11.0,6.2381282e-09
35,79,12.0,2.4610134e-08
35,79,13.0,1.003191e-07
35,79,14.0,2.7096266e-07
35,80,0.0,2.3007127e-08
35,80,1.0,2.1304868e-07
35,80,2.0,9.778726e-08
35,80,3.0,1.0001631e-08
35,80,4.0,9.703616e-10
35,80,5.0,2.4037397e-09
35,80,6.0,1.9045869e-08
35,80,7.0,7.116169e-08
35,80,8.0,9.569383e-08
35,80,9.0,5.8976184e-08
35,80,10.0,2.7089076e-08
35,80,11.0,1.805353e-08
35,80,12.0,3.197134e-08
35,80,13.0,9.1677364e-08
35,80,14.0,2.3126903e-07
35,81,0.0,1.5997599e-05
35,81,1.0,3.2275988e-05
35,81,2.0,2.9914436e-05
35,81,3.0,2.1179381e-05
35,81,4.0,1.7489587e-05
35,81,5.0,1.9695994e-05
35,81,6.0,2.5731408e-05
35,81,7.0,3.197689e-05
35,81,8.0,3.323108e-05
35,81,9.0,3.1038624e-05
35,81,10.0,2.9636773e-05
35,81,11.0,3.2284363e-05
35,81,12.0,4.1468633e-05
35,81,13.0,5.6863322e-05
35,81,14.0,7.557695e-05
35,82,0.0,9.342126e-05
35,82,1.0,0.00014921791
35,82,2.0,0.00018805929
35,82,3.0,0.00021934015
35,82,4.0,0.0002659806
35,82,5.0,0.00033415476
35,82,6.0,0.00040769638
35,82,7.0,0.00045109907
35,82,8.0,0.00043845986
35,82,9.0,0.0003990134
35,82,10.0,0.00036725934
35,82,11.0,0.000366362
35,82,12.0,0.0004030116
35,82,13.0,0.00046617026
35,82,14.0,0.00053992623
35,83,0.0,0.003034081
35,83,1.0,0.0037604643
35,83,2.0,0.0041330704
35,83,3.0,0.0043876814
35,83,4.0,0.00477942
35,83,5.0,0.005279468
35,83,6.0,0.00572659
35,83,7.0,0.0058980547
35,83,8.0,0.005729923
35,83,9.0,0.0054587442
35,83,10.0,0.0053045675
35,83,11.0,0.005427009
35,83,12.0,0.005833644
35,83,13.0,0.0064135636
35,83,14.0,0.0070301993
35,84,0.0,0.008734179
35,84,1.0,0.0099845715
35,84,2.0,0.011518422
35,84,3.0,0.013449456
35,84,4.0,0.015988424
35,84,5.0,0.0188228
35,84,6.0,0.021264497
35,84,7.0,0.022494214
35,84,8.0,0.02238584
35,84,9.0,0.021707695
35,84,10.0,0.021212634
35,84,11.0,0.021446789
35,84,12.0,0.022426834
35,84,13.0,0.023882568
35,84,14.0,0.025495365
35,85,0.0,0.060647562
35,85,1.0,0.06512672
35,85,2.0,0.06932755
35,85,3.0,0.074132614
35,85,4.0,0.08050721
35,85,5.0,0.087308995
35,85,6.0,0.09252592
35,85,7.0,0.09410197
35,85,8.0,0.092250966
35,85,9.0,0.08923181
35,85,10.0,0.08711994
35,85,11.0,0.08734787
35,85,12.0,0.08970108
35,85,13.0,0.093252815
35,85,14.0,0.096958786
35,86,0.0,0.10743431
35,86,1.0,0.11258125
35,86,2.0,0.12230976
35,86,3.0,0.1361181
35,86,4.0,0.15322265
35,86,5.0,0.17056529
35,86,6.0,0.18397722
35,86,7.0,0.18940702
35,86,8.0,0.18717046
35,86,9.0,0.18137163
35,86,10.0,0.1759745
35,86,11.0,0.17381047
35,86,12.0,0.17476034
35,86,13.0,0.17753199
35,86,14.0,0.18064186
35,87,0.0,0.24734215
35,87,1.0,0.25350285
35,87,2.0,0.262691
35,87,3.0,0.27481672
35,87,4.0,0.28985298
35,87,5.0,0.3038942
35,87,6.0,0.3116283
35,87,7.0,0.3083046
35,87,8.0,0.2953585
35,87,9.0,0.2789823
35,87,10.0,0.26443836
35,87,11.0,0.25501782
35,87,12.0,0.24996601
35,87,13.0,0.24707502
35,87,14.0,0.24410763
35,88,0.0,0.2090083
35,88,1.0,0.21550016
35,88,2.0,0.22921914
35,88,3.0,0.24885951
35,88,4.0,0.2717898
35,88,5.0,0.2924149
35,88,6.0,0.30460933
35,88,7.0,0.30314368
35,88,8.0,0.28921306
35,88,9.0,0.26966885
35,88,10.0,0.25061902
35,88,11.0,0.23602802
35,88,12.0,0.22576879
35,88,13.0,0.21809837
35,88,14.0,0.2112667
35,89,0.0,0.16461258
35,89,1.0,0.16483673
35,89,2.0,0.16847838
35,89,3.0,0.17470409
35,89,4.0,0.18243974
35,89,5.0,0.18892162
35,89,6.0,0.19058089
35,89,7.0,0.18442515
35,89,8.0,0.17121445
35,89,9.0,0.15553871
35,89,10.0,0.14119215
35,89,11.0,0.13044009
35,89,12.0,0.12301845
35,89,13.0,0.11749695
35,89,14.0,0.11256202
35,90,0.0,0.060950868
35,90,1.0,0.06214722
35,90,2.0,0.067106366
35,90,3.0,0.07516066
35,90,4.0,0.08493897
35,90,5.0,0.09403207
35,90,6.0,0.09965263
35,90,7.0,0.09948659
35,90,8.0,0.09350985
35,90,9.0,0.084790446
35,90,10.0,0.07616624
35,90,11.0,0.069451
35,90,12.0,0.06486358
35,90,13.0,0.061637033
35,90,14.0,0.059022654
35,91,0.0,0.019303482
35,91,1.0,0.019147495
35,91,2.0,0.0202338
35,91,3.0,0.022098597
35,91,4.0,0.02436816
35,91,5.0,0.026524669
35,91,6.0,0.02780615
35,91,7.0,0.027461734
35,91,8.0,0.025305074
35,91,9.0,0.022348884
35,91,10.0,0.019569788
35,91,11.0,0.017534574
35,91,12.0,0.016315391
35,91,13.0,0.015578305
35,91,14.0,0.01499911
35,92,0.0,0.0028871258
35,92,1.0,0.0029566193
35,92,2.0,0.0036017941
35,92,3.0,0.0047355164
35,92,4.0,0.0062772664
35,92,5.0,0.00799351
35,92,6.0,0.009382707
35,92,7.0,0.009971618
35,92,8.0,0.009511412
35,92,9.0,0.008420688
35,92,10.0,0.007255029
35,92,11.0,0.00635798
35,92,12.0,0.0058356146
35,92,13.0,0.005562158
35,92,14.0,0.0053917156
35,93,0.0,0.00029033094
35,93,1.0,0.00030786387
35,93,2.0,0.00038384754
35,93,3.0,0.00049769174
35,93,4.0,0.0006416012
35,93,5.0,0.00080750417
35,93,6.0,0.000945181
35,93,7.0,0.0009931144
35,93,8.0,0.0009072564
35,93,9.0,0.0007402432
35,93,10.0,0.0005799516
35,93,11.0,0.00046908786
35,93,12.0,0.0004150264
35,93,13.0,0.0003971126
35,93,14.0,0.00039084634
35,94,0.0,6.7952838e-06
35,94,1.0,7.3715432e-06
35,94,2.0,1.5414065e-05
35,94,3.0,3.5547815e-05
35,94,4.0,7.450099e-05
35,94,5.0,0.00013852883
35,94,6.0,0.00021375358
35,94,7.0,0.0002671071
35,94,8.0,0.00026696603
35,94,9.0,0.00021927075
35,94,10.0,0.00016363844
35,94,11.0,0.00012300366
35,94,12.0,0.00010241706
35,94,13.0,9.622529e-05
35,94,14.0,9.574955e-05
35,95,0.0,5.517977e-07
35,95,1.0,6.4073896e-07
35,95,2.0,9.711573e-07
35,95,3.0,1.4405991e-06
35,95,4.0,2.0285127e-06
35,95,5.0,3.0267493e-06
35,95,6.0,4.4169133e-06
35,95,7.0,5.413255e-06
35,95,8.0,4.9352584e-06
35,95,9.0,3.0312674e-06
35,95,10.0,1.4158464e-06
35,95,11.0,6.2179146e-07
35,95,12.0,3.4865587e-07
35,95,13.0,3.0527002e-07
35,95,14.0,3.237423e-07
35,96,0.0,3.4947705e-09
35,96,1.0,5.204474e-10
35,96,2.0,3.6082892e-09
35,96,3.0,2.9305259e-08
35,96,4.0,1.3595148e-07
35,96,5.0,4.7252706e-07
35,96,6.0,1.2843739e-06
35,96,7.0,2.3916298e-06
35,96,8.0,2.911768e-06
35,96,9.0,2.1382311e-06
35,96,10.0,1.037552e-06
35,96,11.0,4.0713613e-07
35,96,12.0,1.7284388e-07
35,96,13.0,1.1234277e-07
35,96,14.0,9.9705666e-08
35,97,0.0,1.1837555e-07
35,97,1.0,1.3773729e-07
35,97,2.0,1.2472563e-07
35,97,3.0,6.600973e-08
35,97,4.0,2.1363515e-08
35,97,5.0,8.940125e-09
35,97,6.0,1.4392576e-08
35,97,7.0,4.008104e-08
35,97,8.0,7.7990265e-08
35,97,9.0,6.9333915e-08
35,97,10.0,2.4424448e-08
35,97,11.0,3.6749004e-09
35,97,12.0,2.1042468e-10
35,97,13.0,4.5988864e-12
35,97,14.0,6.0771566e-18
35,98,0.0,9.910677e-09
35,98,1.0,2.8491526e-10
35,98,2.0,4.378454e-14
35,98,3.0,0.0
35,98,4.0,0.0
35,98,5.0,0.0
35,98,6.0,0.0
35,98,7.0,6.2012434e-10
35,98,8.0,1.2483249e-08
35,98,9.0,3.000607e-08
35,98,10.0,1.8041186e-08
35,98,11.0,3.7443693e-09
35,98,12.0,2.1308151e-10
35,98,13.0,3.286073e-13
35,98,14.0,0.0
35,99,0.0,5.936558e-08
35,99,1.0,5.772131e-08
35,99,2.0,2.4572563e-08
35,99,3.0,1.7962257e-09
35,99,4.0,1.1380553e-14
35,99,5.0,0.0
35,99,6.0,0.0
35,99,7.0,1.0086189e-12
35,99,8.0,2.9767002e-09
35,99,9.0,2.4244795e-08
35,99,10.0,3.6800184e-08
35,99,11.0,2.0587942e-08
35,99,12.0,5.2728866e-09
35,99,13.0,4.4691784e-10
35,99,14.0,2.4380227e-12
35,100,0.0,0.0
35,100,1.0,0.0
35,100,2.0,0.0
35,100,3.0,0.0
35,100,4.0,0.0
35,100,5.0,0.0
35,100,6.0,0.0
35,100,7.0,0.0
35,100,8.0,0.0
35,100,9.0,0.0
35,100,10.0,5.0096007e-11
35,100,11.0,6.217677e-11
35,100,12.0,3.2674526e-14
35,100,13.0,0.0
35,100,14.0,0.0
36,79,0.0,0.0
36,79,1.0,1.3512814e-13
36,79,2.0,4.131733e-09
36,79,3.0,7.0757573e-09
36,79,4.0,3.5174474e-09
36,79,5.0,4.180177e-10
36,79,6.0,0.0
36,79,7.0,0.0
36,79,8.0,0.0
36,79,9.0,0.0
36,79,10.0,0.0
36,79,11.0,4.3205418e-12
36,79,12.0,8.3323315e-10
36,79,13.0,1.0190021e-09
36,79,14.0,1.732849e-11
36,80,0.0,9.523319e-12
36,80,1.0,9.973346e-09
36,80,2.0,6.9066464e-09
36,80,3.0,2.0858987e-10
36,80,4.0,0.0
36,80,5.0,0.0
36,80,6.0,0.0
36,80,7.0,0.0
36,80,8.0,0.0
36,80,9.0,0.0
36,80,10.0,0.0
36,80,11.0,0.0
36,80,12.0,0.0
36,80,13.0,0.0
36,80,14.0,0.0
36,81,0.0,6.598568e-11
36,81,1.0,1.3965555e-07
36,81,2.0,6.320806e-07
36,81,3.0,9.096557e-07
36,81,4.0,7.50744e-07
36,81,5.0,4.0121813e-07
36,81,6.0,1.05119796e-07
36,81,7.0,9.282396e-09
36,81,8.0,1.4366104e-10
36,81,9.0,4.191267e-12
36,81,10.0,4.3541434e-10
36,81,11.0,1.1109495e-08
36,81,12.0,5.750232e-08
36,81,13.0,9.810043e-08
36,81,14.0,6.5047665e-08
36,82,0.0,2.5454797e-10
36,82,1.0,1.0717794e-12
36,82,2.0,0.0
36,82,3.0,0.0
36,82,4.0,0.0
36,82,5.0,0.0
36,82,6.0,0.0
36,82,7.0,0.0
36,82,8.0,0.0
36,82,9.0,6.279735e-17
36,82,10.0,4.3172994e-09
36,82,11.0,1.1116313e-07
36,82,12.0,6.272124e-07
36,82,13.0,1.6336156e-06
36,82,14.0,2.5562044e-06
36,83,0.0,5.568095e-06
36,83,1.0,6.832379e-06
36,83,2.0,9.243724e-06
36,83,3.0,1.34750735e-05
36,83,4.0,1.77284e-05
36,83,5.0,1.9084662e-05
36,83,6.0,1.5656613e-05
36,83,7.0,1.0448171e-05
36,83,8.0,6.9395046e-06
36,83,9.0,5.9831427e-06
36,83,10.0,8.045321e-06
36,83,11.0,1.3997687e-05
36,83,12.0,2.4911382e-05
36,83,13.0,3.9563958e-05
36,83,14.0,5.2856114e-05
36,84,0.0,0.00011460547
36,84,1.0,5.0551862e-05
36,84,2.0,3.2627187e-05
36,84,3.0,3.51659e-05
36,84,4.0,5.091897e-05
36,84,5.0,7.478069e-05
36,84,6.0,9.689906e-05
36,84,7.0,0.00011465919
36,84,8.0,0.00013275786
36,84,9.0,0.0001631847
36,84,10.0,0.00021099998
36,84,11.0,0.00027102645
36,84,12.0,0.00033334718
36,84,13.0,0.00038460066
36,84,14.0,0.00042840192
36,85,0.0,0.002032323
36,85,1.0,0.0016816205
36,85,2.0,0.0017406174
36,85,3.0,0.0020832538
36,85,4.0,0.0025863196
36,85,5.0,0.0030698155
36,85,6.0,0.0033204558
36,85,7.0,0.0032942027
36,85,8.0,0.0031639053
36,85,9.0,0.0031207628
36,85,10.0,0.0033245364
36,85,11.0,0.0038040134
36,85,12.0,0.0044996953
36,85,13.0,0.0053139627
36,85,14.0,0.0060959677
36,86,0.0,0.0206719
36,86,1.0,0.016251026
36,86,2.0,0.015453216
36,86,3.0,0.017181
36,86,4.0,0.020523706
36,86,5.0,0.024186976
36,86,6.0,0.027081335
36,86,7.0,0.028874325
36,86,8.0,0.029911084
36,86,9.0,0.030873759
36,86,10.0,0.031733926
36,86,11.0,0.03225244
36,86,12.0,0.032220766
36,86,13.0,0.03158165
36,86,14.0,0.030863216
36,87,0.0,0.0742356
36,87,1.0,0.064992316
36,87,2.0,0.0646218
36,87,3.0,0.070040815
36,87,4.0,0.07856862
36,87,5.0,0.08727638
36,87,6.0,0.0932389
36,87,7.0,0.094594866
36,87,8.0,0.09271558
36,87,9.0,0.09020653
36,87,10.0,0.08947659
36,87,11.0,0.0915928
36,87,12.0,0.095731586
36,87,13.0,0.100810125
36,87,14.0,0.10559291
36,88,0.0,0.2466218
36,88,1.0,0.22283489
36,88,2.0,0.2212536
36,88,3.0,0.23679335
36,88,4.0,0.25946748
36,88,5.0,0.28009742
36,88,6.0,0.29246837
36,88,7.0,0.29583165
36,88,8.0,0.2930343
36,88,9.0,0.2881809
36,88,10.0,0.2817289
36,88,11.0,0.27247968
36,88,12.0,0.26045442
36,88,13.0,0.24574304
36,88,14.0,0.23038699
36,89,0.0,0.44705543
36,89,1.0,0.40685585
36,89,2.0,0.39941192
36,89,3.0,0.41369745
36,89,4.0,0.4388828
36,89,5.0,0.46365172
36,89,6.0,0.478958
36,89,7.0,0.47874475
36,89,8.0,0.46363324
36,89,9.0,0.4411005
36,89,10.0,0.4194569
36,89,11.0,0.40534753
36,89,12.0,0.39852598
36,89,13.0,0.39532572
36,89,14.0,0.39202806
36,90,0.0,0.64917696
36,90,1.0,0.60035723
36,90,2.0,0.5828744
36,90,3.0,0.5909909
36,90,4.0,0.61017376
36,90,5.0,0.6247947
36,90,6.0,0.6223498
36,90,7.0,0.6009552
36,90,8.0,0.56668735
36,90,9.0,0.5282883
36,90,10.0,0.4924972
36,90,11.0,0.4586182
36,90,12.0,0.42463958
36,90,13.0,0.38893187
36,90,14.0,0.35099015
36,91,0.0,0.45296168
36,91,1.0,0.4154259
36,91,2.0,0.40257403
36,91,3.0,0.40596873
36,91,4.0,0.4177952
36,91,5.0,0.4306853
36,91,6.0,0.43649596
36,91,7.0,0.42968863
36,91,8.0,0.40812096
36,91,9.0,0.37685558
36,91,10.0,0.34392512
36,91,11.0,0.31584758
36,91,12.0,0.29564136
36,91,13.0,0.2809486
36,91,14.0,0.2683583
36,92,0.0,0.26220265
36,92,1.0,0.23951311
36,92,2.0,0.22325723
36,92,3.0,0.2144707
36,92,4.0,0.21134219
36,92,5.0,0.20989129
36,92,6.0,0.20608012
36,92,7.0,0.1967094
36,92,8.0,0.18259914
36,92,9.0,0.1671358
36,92,10.0,0.15336773
36,92,11.0,0.14294316
36,92,12.0,0.13447802
36,92,13.0,0.12607966
36,92,14.0,0.116300054
36,93,0.0,0.06424368
36,93,1.0,0.058514416
36,93,2.0,0.057491727
36,93,3.0,0.058931347
36,93,4.0,0.06158959
36,93,5.0,0.064574815
36,93,6.0,0.06674838
36,93,7.0,0.06678295
36,93,8.0,0.063948475
36,93,9.0,0.058428857
36,93,10.0,0.05188206
36,93,11.0,0.045923714
36,93,12.0,0.04146924
36,93,13.0,0.038701147
36,93,14.0,0.036837667
36,94,0.0,0.018429289
36,94,1.0,0.018336393
36,94,2.0,0.017516602
36,94,3.0,0.016240459
36,94,4.0,0.015092787
36,94,5.0,0.014427045
36,94,6.0,0.0140977185
36,94,7.0,0.013800625
36,94,8.0,0.013255722
36,94,9.0,0.012404467
36,94,10.0,0.011523968
36,94,11.0,0.010837293
36,94,12.0,0.0104631325
36,94,13.0,0.010269099
36,94,14.0,0.0098863365
36,95,0.0,0.0014822374
36,95,1.0,0.0013911661
36,95,2.0,0.0014646536
36,95,3.0,0.0015828352
36,95,4.0,0.0016932167
36,95,5.0,0.0017885788
36,95,6.0,0.0018759761
36,95,7.0,0.0019285993
36,95,8.0,0.001896375
36,95,9.0,0.0017555774
36,95,10.0,0.0015244484
36,95,11.0,0.0012886297
36,95,12.0,0.001108343
36,95,13.0,0.0010008244
36,95,14.0,0.0009540689
36,96,0.0,0.00021551878
36,96,1.0,0.00025023083
36,96,2.0,0.0002979005
36,96,3.0,0.00032051507
36,96,4.0,0.00031318492
36,96,5.0,0.00029329633
36,96,6.0,0.00028430478
36,96,7.0,0.00029565464
36,96,8.0,0.00031723382
36,96,9.0,0.00033352367
36,96,10.0,0.00032864913
36,96,11.0,0.00030579625
36,96,12.0,0.000279223
36,96,13.0,0.00025874795
36,96,14.0,0.00024942067
36,97,0.0,1.843756e-05
36,97,1.0,2.0555677e-05
36,97,2.0,2.4236637e-05
36,97,3.0,2.7222268e-05
36,97,4.0,2.7462427e-05
36,97,5.0,2.5463403e-05
36,97,6.0,2.347048e-05
36,97,7.0,2.34253e-05
36,97,8.0,2.5072683e-05
36,97,9.0,2.6811902e-05
36,97,10.0,2.6799557e-05
36,97,11.0,2.4007864e-05
36,97,12.0,2.028184e-05
36,97,13.0,1.6879067e-05
36,97,14.0,1.396163e-05
36,98,0.0,2.56502e-07
36,98,1.0,7.4297674e-08
36,98,2.0,1.4615345e-07
36,98,3.0,3.49577e-07
36,98,4.0,5.6403076e-07
36,98,5.0,6.1617624e-07
36,98,6.0,5.5118375e-07
36,98,7.0,5.013463e-07
36,98,8.0,5.662803e-07
36,98,9.0,7.5134767e-07
36,98,10.0,9.609346e-07
36,98,11.0,1.0224935e-06
36,98,12.0,8.3242014e-07
36,98,13.0,5.817802e-07
36,98,14.0,4.187207e-07
36,99,0.0,5.3513e-08
36,99,1.0,1.728843e-07
36,99,2.0,5.7277634e-07
36,99,3.0,1.1299732e-06
36,99,4.0,1.3142019e-06
36,99,5.0,1.0031748e-06
36,99,6.0,6.3447845e-07
36,99,7.0,4.302513e-07
36,99,8.0,3.9743833e-07
36,99,9.0,4.4831845e-07
36,99,10.0,4.7564248e-07
36,99,11.0,3.7886656e-07
36,99,12.0,1.8514406e-07
36,99,13.0,5.16551e-08
36,99,14.0,6.32954e-09
36,100,0.0,3.5095694e-12
36,100,1.0,0.0
36,100,2.0,0.0
36,100,3.0,6.3828226e-10
36,100,4.0,1.9268615e-08
36,100,5.0,7.324062e-08
36,100,6.0,1.11472254e-07
36,100,7.0,1.061932e-07
36,100,8.0,9.309108e-08
36,100,9.0,1.03659715e-07
36,100,10.0,1.6425547e-07
36,100,11.0,2.7917304e-07
36,100,12.0,3.9800284e-07
36,100,13.0,4.1166243e-07
36,100,14.0,2.7335966e-07
36,101,0.0,0.0
36,101,1.0,0.0
36,101,2.0,5.6433625e-11
36,101,3.0,1.3040924e-08
36,101,4.0,5.0588405e-08
36,101,5.0,5.896062e-08
36,101,6.0,3.274077e-08
36,101,7.0,1.0524913e-08
36,101,8.0,2.3690618e-09
36,101,9.0,5.2265264e-10
36,101,10.0,5.2786088e-11
36,101,11.0,0.0
36,101,12.0,0.0
36,101,13.0,0.0
36,101,14.0,0.0
36,102,0.0,0.0
36,102,1.0,9.66638e-09
36,102,2.0,1.493077e-07
36,102,3.0,5.80957e-07
36,102,4.0,1.2182512e-06
36,102,5.0,1.6255958e-06
36,102,6.0,1.5222504e-06
36,102,7.0,1.0245842e-06
36,102,8.0,4.9180994e-07
36,102,9.0,1.7905266e-07
36,102,10.0,5.3820468e-08
36,102,11.0,1.5608022e-08
36,102,12.0,4.3189825e-09
36,102,13.0,4.7108306e-10
36,102,14.0,0.0
37,81,0.0,3.793396e-09
37,81,1.0,0.0
37,81,2.0,0.0
37,81,3.0,0.0
37,81,4.0,0.0
37,81,5.0,1.1399673e-10
37,81,6.0,2.4709759e-09
37,81,7.0,2.1215012e-09
37,81,8.0,2.3705145e-11
37,81,9.0,0.0
37,81,10.0,0.0
37,81,11.0,0.0
37,81,12.0,0.0
37,81,13.0,0.0
37,81,14.0,0.0
37,82,0.0,0.0
37,82,1.0,0.0
37,82,2.0,0.0
37,82,3.0,0.0
37,82,4.0,0.0
37,82,5.0,9.304852e-12
37,82,6.0,2.700026e-09
37,82,7.0,1.4611683e-09
37,82,8.0,0.0
37,82,9.0,0.0
37,82,10.0,0.0
37,82,11.0,0.0
37,82,12.0,0.0
37,82,13.0,0.0
37,82,14.0,0.0
37,83,0.0,1.2241191e-09
37,83,1.0,0.0
37,83,2.0,0.0
37,83,3.0,0.0
37,83,4.0,6.8760806e-09
37,83,5.0,1.410889e-07
37,83,6.0,3.6831094e-07
37,83,7.0,2.641688e-07
37,83,8.0,5.6991645e-08
37,83,9.0,1.847954e-09
37,83,10.0,0.0
37,83,11.0,0.0
37,83,12.0,0.0
37,83,13.0,0.0
37,83,14.0,0.0
37,84,0.0,2.2816236e-10
37,84,1.0,0.0
37,84,2.0,0.0
37,84,3.0,0.0
37,84,4.0,6.8135098e-09
37,84,5.0,3.734284e-07
37,84,6.0,1.3622562e-06
37,84,7.0,1.4783855e-06
37,84,8.0,7.1315463e-07
37,84,9.0,1.7869132e-07
37,84,10.0,2.8766065e-08
37,84,11.0,5.5285385e-09
37,84,12.0,2.1970172e-09
37,84,13.0,1.9238713e-09
37,84,14.0,2.0122741e-09
37,85,0.0,1.8810568e-05
37,85,1.0,4.1286094e-06
37,85,2.0,3.1724571e-06
37,85,3.0,7.980432e-06
37,85,4.0,2.4298071e-05
37,85,5.0,5.380491e-05
37,85,6.0,8.003787e-05
37,85,7.0,8.0512276e-05
37,85,8.0,6.191917e-05
37,85,9.0,4.18462e-05
37,85,10.0,2.921615e-05
37,85,11.0,2.3680359e-05
37,85,12.0,2.1936987e-05
37,85,13.0,2.1919863e-05
37,85,14.0,2.1907932e-05
37,86,0.0,0.00010216689
37,86,1.0,3.370838e-05
37,86,2.0,2.7508437e-05
37,86,3.0,5.385471e-05
37,86,4.0,0.00013194844
37,86,5.0,0.00026475472
37,86,6.0,0.00039268302
37,86,7.0,0.00043328028
37,86,8.0,0.0003922054
37,86,9.0,0.0003240998
37,86,10.0,0.00027287452
37,86,11.0,0.00025112485
37,86,12.0,0.00025145177
37,86,13.0,0.00026758827
37,86,14.0,0.0002928425
37,87,0.0,0.0026409975
37,87,1.0,0.0018361289
37,87,2.0,0.0017580938
37,87,3.0,0.0022328915
37,87,4.0,0.0031719552
37,87,5.0,0.0042989436
37,87,6.0,0.0051600575
37,87,7.0,0.0053844685
37,87,8.0,0.0051068873
37,87,9.0,0.0046595824
37,87,10.0,0.0043261726
37,87,11.0,0.004216245
37,87,12.0,0.004282382
37,87,13.0,0.0044658687
37,87,14.0,0.004696587
37,88,0.0,0.00999487
37,88,1.0,0.007860796
37,88,2.0,0.0077666985
37,88,3.0,0.0094073275
37,88,4.0,0.01254565
37,88,5.0,0.01638274
37,88,6.0,0.019539319
37,88,7.0,0.020872941
37,88,8.0,0.020613147
37,88,9.0,0.019646458
37,88,10.0,0.018852623
37,88,11.0,0.01869528
37,88,12.0,0.01913132
37,88,13.0,0.02005588
37,88,14.0,0.021322541
37,89,0.0,0.063032955
37,89,1.0,0.05609583
37,89,2.0,0.05573858
37,89,3.0,0.06154175
37,89,4.0,0.0717806
37,89,5.0,0.08326868
37,89,6.0,0.09206553
37,89,7.0,0.0952854
37,89,8.0,0.09391654
37,89,9.0,0.090687476
37,89,10.0,0.08816953
37,89,11.0,0.08782951
37,89,12.0,0.0894172
37,89,13.0,0.09237866
37,89,14.0,0.096017785
37,90,0.0,0.1485893
37,90,1.0,0.13781501
37,90,2.0,0.13932392
37,90,3.0,0.15275042
37,90,4.0,0.17545453
37,90,5.0,0.20100337
37,90,6.0,0.22183134
37,90,7.0,0.23138694
37,90,8.0,0.23051862
37,90,9.0,0.22456692
37,90,10.0,0.21892512
37,90,11.0,0.21725029
37,90,12.0,0.21958195
37,90,13.0,0.22500746
37,90,14.0,0.23230399
37,91,0.0,0.39123535
37,91,1.0,0.3724183
37,91,2.0,0.3714767
37,91,3.0,0.3891294
37,91,4.0,0.4203847
37,91,5.0,0.4543703
37,91,6.0,0.47923756
37,91,7.0,0.4856749
37,91,8.0,0.47486365
37,91,9.0,0.45607027
37,91,10.0,0.43805134
37,91,11.0,0.42677316
37,91,12.0,0.4220741
37,91,13.0,0.42143676
37,91,14.0,0.4220127
37,92,0.0,0.4834718
37,92,1.0,0.46934465
37,92,2.0,0.47427285
37,92,3.0,0.49890864
37,92,4.0,0.5381406
37,92,5.0,0.57997125
37,92,6.0,0.61025935
37,92,7.0,0.6172874
37,92,8.0,0.60024863
37,92,9.0,0.5706508
37,92,10.0,0.53984493
37,92,11.0,0.51606965
37,92,12.0,0.5007139
37,92,13.0,0.49098125
37,92,14.0,0.48368114
37,93,0.0,0.46944144
37,93,1.0,0.46247077
37,93,2.0,0.462651
37,93,3.0,0.4713604
37,93,4.0,0.4885511
37,93,5.0,0.50795597
37,93,6.0,0.5191348
37,93,7.0,0.5134983
37,93,8.0,0.4893488
37,93,9.0,0.45572424
37,93,10.0,0.42182496
37,93,11.0,0.39397478
37,93,12.0,0.37365285
37,93,13.0,0.3579055
37,93,14.0,0.34362432
37,94,0.0,0.25311908
37,94,1.0,0.25462225
37,94,2.0,0.2610284
37,94,3.0,0.27149284
37,94,4.0,0.28610528
37,94,5.0,0.3024253
37,94,6.0,0.31375802
37,94,7.0,0.31404856
37,94,8.0,0.30038378
37,94,9.0,0.27814785
37,94,10.0,0.25452518
37,94,11.0,0.23447609
37,94,12.0,0.22004361
37,94,13.0,0.20963265
37,94,14.0,0.20103186
37,95,0.0,0.10082318
37,95,1.0,0.1051428
37,95,2.0,0.108166285
37,95,3.0,0.110704765
37,95,4.0,0.114089996
37,95,5.0,0.11874319
37,95,6.0,0.122212544
37,95,7.0,0.121815875
37,95,8.0,0.11597012
37,95,9.0,0.106243074
37,95,10.0,0.095825545
37,95,11.0,0.0868767
37,95,12.0,0.08038138
37,95,13.0,0.07570713
37,95,14.0,0.07165468
37,96,0.0,0.02537669
37,96,1.0,0.027478054
37,96,2.0,0.029654087
37,96,3.0,0.03158718
37,96,4.0,0.033607382
37,96,5.0,0.03611185
37,96,6.0,0.038419068
37,96,7.0,0.039419103
37,96,8.0,0.03826666
37,96,9.0,0.035122413
37,96,10.0,0.031371877
37,96,11.0,0.028062075
37,96,12.0,0.025717031
37,96,13.0,0.024263417
37,96,14.0,0.023191951
37,97,0.0,0.005699106
37,97,1.0,0.006842543
37,97,2.0,0.0075284983
37,97,3.0,0.0077453256
37,97,4.0,0.007757823
37,97,5.0,0.007893003
37,97,6.0,0.008205534
37,97,7.0,0.008415261
37,97,8.0,0.008239055
37,97,9.0,0.007552783
37,97,10.0,0.0066411933
37,97,11.0,0.00579689
37,97,12.0,0.005163269
37,97,13.0,0.0047496315
37,97,14.0,0.0044126934
37,98,0.0,0.0005287769
37,98,1.0,0.00066675624
37,98,2.0,0.00077117357
37,98,3.0,0.0008107872
37,98,4.0,0.00080489396
37,98,5.0,0.00082101935
37,98,6.0,0.00089509296
37,98,7.0,0.0009842485
37,98,8.0,0.0010261671
37,98,9.0,0.00096863904
37,98,10.0,0.0008425064
37,98,11.0,0.00071557885
37,98,12.0,0.00062327925
37,98,13.0,0.00057420647
37,98,14.0,0.00054786
37,99,0.0,0.00013737923
37,99,1.0,0.00018840613
37,99,2.0,0.00019309619
37,99,3.0,0.00015528056
37,99,4.0,0.00011449182
37,99,5.0,9.1607835e-05
37,99,6.0,8.9683264e-05
37,99,7.0,0.00010004996
37,99,8.0,0.00011176223
37,99,9.0,0.00011290424
37,99,10.0,9.926681e-05
37,99,11.0,8.125538e-05
37,99,12.0,6.597646e-05
37,99,13.0,5.5396005e-05
37,99,14.0,4.7746664e-05
37,100,0.0,4.4922585e-06
37,100,1.0,4.4884328e-06
37,100,2.0,2.9212915e-06
37,100,3.0,1.1307852e-06
37,100,4.0,3.0406963e-07
37,100,5.0,8.880933e-08
37,100,6.0,7.700909e-08
37,100,7.0,1.8654772e-07
37,100,8.0,4.774273e-07
37,100,9.0,8.3460696e-07
37,100,10.0,8.906367e-07
37,100,11.0,7.117149e-07
37,100,12.0,5.276356e-07
37,100,13.0,4.1838427e-07
37,100,14.0,3.6855337e-07
37,101,0.0,8.15225e-06
37,101,1.0,7.0321753e-06
37,101,2.0,3.883316e-06
37,101,3.0,1.2051684e-06
37,101,4.0,1.8754379e-07
37,101,5.0,1.4791957e-08
37,101,6.0,2.0833235e-09
37,101,7.0,5.382459e-09
37,101,8.0,3.35979e-08
37,101,9.0,1.1821359e-07
37,101,10.0,1.8397802e-07
37,101,11.0,1.4897883e-07
37,101,12.0,7.9658875e-08
37,101,13.0,3.35085e-08
37,101,14.0,1.4334705e-08
37,102,0.0,2.1409858e-07
37,102,1.0,2.6634476e-08
37,102,2.0,6.400872e-11
37,102,3.0,0.0
37,102,4.0,0.0
37,102,5.0,0.0
37,102,6.0,0.0
37,102,7.0,0.0
37,102,8.0,0.0
37,102,9.0,0.0
37,102,10.0,0.0
37,102,11.0,0.0
37,102,12.0,0.0
37,102,13.0,0.0
37,102,14.0,0.0
37,103,0.0,1.9937632e-07
37,103,1.0,4.076172e-08
37,103,2.0,3.9166816e-09
37,103,3.0,5.120654e-13
37,103,4.0,0.0
37,103,5.0,0.0
37,103,6.0,0.0
37,103,7.0,0.0
37,103,8.0,0.0
37,103,9.0,0.0
37,103,10.0,0.0
37,103,11.0,6.6973003e-12
37,103,12.0,3.308601e-15
37,103,13.0,0.0
37,103,14.0,0.0
37,104,0.0,0.0
37,104,1.0,0.0
37,104,2.0,0.0
37,104,3.0,0.0
37,104,4.0,0.0
37,104,5.0,0.0
37,104,6.0,0.0
37,104,7.0,0.0
37,104,8.0,0.0
37,104,9.0,0.0
37,104,10.0,0.0
37,104,11.0,6.173713e-11
37,104,12.0,3.935041e-10
37,104,13.0,2.6501068e-10
37,104,14.0,8.207943e-11
37,105,0.0,0.0
37,105,1.0,0.0
37,105,2.0,0.0
37,105,3.0,0.0
37,105,4.0,0.0
37,105,5.0,0.0
37,105,6.0,0.0
37,105,7.0,0.0
37,105,8.0,0.0
37,105,9.0,0.0
37,105,10.0,2.1877868e-11
37,105,11.0,4.1421253e-09
37,105,12.0,9.496215e-09
37,105,13.0,8.011328e-09
37,105,14.0,5.09203e-09
38,83,0.0,0.0
38,83,1.0,0.0
38,83,2.0,0.0
38,83,3.0,0.0
38,83,4.0,0.0
38,83,5.0,0.0
38,83,6.0,0.0
38,83,7.0,0.0
38,83,8.0,0.0
38,83,9.0,8.4287916e-10
38,83,10.0,1.9118062e-08
38,83,11.0,5.0360793e-08
38,83,12.0,6.228416e-08
38,83,13.0,5.6829784e-08
38,83,14.0,5.0153123e-08
38,84,0.0,0.0
38,84,1.0,4.3707202e-09
38,84,2.0,3.6462758e-08
38,84,3.0,8.601272e-08
38,84,4.0,1.2996918e-07
38,84,5.0,1.2278325e-07
38,84,6.0,8.491545e-08
38,84,7.0,5.7656965e-08
38,84,8.0,6.680492e-08
38,84,9.0,1.5023342e-07
38,84,10.0,3.2584913e-07
38,84,11.0,4.5451443e-07
38,84,12.0,3.022899e-07
38,84,13.0,6.103386e-08
38,84,14.0,4.2404524e-10
38,85,0.0,2.33368e-12
38,85,1.0,0.0
38,85,2.0,0.0
38,85,3.0,0.0
38,85,4.0,0.0
38,85,5.0,0.0
38,85,6.0,0.0
38,85,7.0,0.0
38,85,8.0,0.0
38,85,9.0,0.0
38,85,10.0,0.0
38,85,11.0,2.9298038e-13
38,85,12.0,8.0915025e-10
38,85,13.0,6.5930053e-09
38,85,14.0,2.6662075e-08
38,86,0.0,3.0300534e-08
38,86,1.0,3.7937995e-09
38,86,2.0,8.4216145e-10
38,86,3.0,2.6601739e-09
38,86,4.0,1.3278639e-08
38,86,5.0,2.8710941e-08
38,86,6.0,3.375793e-08
38,86,7.0,3.8590137e-08
38,86,8.0,8.211911e-08
38,86,9.0,2.591433e-07
38,86,10.0,7.0294584e-07
38,86,11.0,1.3726649e-06
38,86,12.0,1.8423892e-06
38,86,13.0,1.9538072e-06
38,86,14.0,1.9168617e-06
38,87,0.0,1.8958841e-06
38,87,1.0,4.884193e-15
38,87,2.0,0.0
38,87,3.0,0.0
38,87,4.0,0.0
38,87,5.0,0.0
38,87,6.0,0.0
38,87,7.0,1.1522442e-11
38,87,8.0,4.789621e-09
38,87,9.0,1.11046695e-07
38,87,10.0,8.062569e-07
38,87,11.0,3.0599037e-06
38,87,12.0,7.5859416e-06
38,87,13.0,1.5187806e-05
38,87,14.0,2.8511631e-05
38,88,0.0,0.00013674557
38,88,1.0,7.136231e-05
38,88,2.0,5.799719e-05
38,88,3.0,7.0513255e-05
38,88,4.0,9.979932e-05
38,88,5.0,0.00013103438
38,88,6.0,0.0001549669
38,88,7.0,0.00017438876
38,88,8.0,0.00020284147
38,88,9.0,0.00024336507
38,88,10.0,0.0002876841
38,88,11.0,0.0003246674
38,88,12.0,0.0003446991
38,88,13.0,0.0003620346
38,88,14.0,0.0003961589
38,89,0.0,0.00084211864
38,89,1.0,0.0002747174
38,89,2.0,0.00015320563
38,89,3.0,0.00015924594
38,89,4.0,0.00022567762
38,89,5.0,0.0003192808
38,89,6.0,0.0004038832
38,89,7.0,0.00047293815
38,89,8.0,0.0005497645
38,89,9.0,0.00067971385
38,89,10.0,0.0008849584
38,89,11.0,0.0011668319
38,89,12.0,0.0015137255
38,89,13.0,0.001903177
38,89,14.0,0.0023697193
38,90,0.0,0.008070026
38,90,1.0,0.0057749846
38,90,2.0,0.005321785
38,90,3.0,0.0061117695
38,90,4.0,0.0076682353
38,90,5.0,0.009364012
38,90,6.0,0.010934356
38,90,7.0,0.0124104945
38,90,8.0,0.014037323
38,90,9.0,0.015803369
38,90,10.0,0.017398821
38,90,11.0,0.018619105
38,90,12.0,0.019407438
38,90,13.0,0.020133298
38,90,14.0,0.021301502
38,91,0.0,0.046172317
38,91,1.0,0.03167568
38,91,2.0,0.026785634
38,91,3.0,0.02751319
38,91,4.0,0.031238636
38,91,5.0,0.03578186
38,91,6.0,0.039276723
38,91,7.0,0.041180655
38,91,8.0,0.042145003
38,91,9.0,0.043280542
38,91,10.0,0.04560216
38,91,11.0,0.048973218
38,91,12.0,0.052990627
38,91,13.0,0.057181053
38,91,14.0,0.061123606
38,92,0.0,0.155571
38,92,1.0,0.12471434
38,92,2.0,0.11579913
38,92,3.0,0.12140179
38,92,4.0,0.13446611
38,92,5.0,0.14779712
38,92,6.0,0.1577244
38,92,7.0,0.16426966
38,92,8.0,0.16926548
38,92,9.0,0.17417876
38,92,10.0,0.17758937
38,92,11.0,0.17839612
38,92,12.0,0.17656426
38,92,13.0,0.17325816
38,92,14.0,0.17091523
38,93,0.0,0.3800643
38,93,1.0,0.31433573
38,93,2.0,0.29046884
38,93,3.0,0.29394314
38,93,4.0,0.31345746
38,93,5.0,0.33728138
38,93,6.0,0.35526925
38,93,7.0,0.36136135
38,93,8.0,0.35745558
38,93,9.0,0.34933186
38,93,10.0,0.34332353
38,93,11.0,0.3431454
38,93,12.0,0.34688646
38,93,13.0,0.35188797
38,93,14.0,0.35526618
38,94,0.0,0.7257837
38,94,1.0,0.63333124
38,94,2.0,0.5977746
38,94,3.0,0.60071635
38,94,4.0,0.62120056
38,94,5.0,0.6370105
38,94,6.0,0.6351501
38,94,7.0,0.61716026
38,94,8.0,0.59043187
38,94,9.0,0.56364167
38,94,10.0,0.54037577
38,94,11.0,0.5183651
38,94,12.0,0.49538255
38,94,13.0,0.4693809
38,94,14.0,0.44105688
38,95,0.0,0.70316696
38,95,1.0,0.6243639
38,95,2.0,0.58649665
38,95,3.0,0.5756059
38,95,4.0,0.58218986
38,95,5.0,0.59602666
38,95,6.0,0.6044331
38,95,7.0,0.59827983
38,95,8.0,0.57482076
38,95,9.0,0.54153347
38,95,10.0,0.5079904
38,95,11.0,0.48144627
38,95,12.0,0.4642189
38,95,13.0,0.45201093
38,95,14.0,0.4400858
38,96,0.0,0.6414441
38,96,1.0,0.5855695
38,96,2.0,0.5437973
38,96,3.0,0.51877445
38,96,4.0,0.5051838
38,96,5.0,0.49419177
38,96,6.0,0.4766006
38,96,7.0,0.4479944
38,96,8.0,0.41353318
38,96,9.0,0.3799683
38,96,10.0,0.3525505
38,96,11.0,0.3324701
38,96,12.0,0.31577104
38,96,13.0,0.29877052
38,96,14.0,0.27861404
38,97,0.0,0.2556349
38,97,1.0,0.23532625
38,97,2.0,0.22169974
38,97,3.0,0.21355832
38,97,4.0,0.20938738
38,97,5.0,0.20802954
38,97,6.0,0.20707338
38,97,7.0,0.2035363
38,97,8.0,0.1953385
38,97,9.0,0.18237707
38,97,10.0,0.16781752
38,97,11.0,0.15476006
38,97,12.0,0.1450386
38,97,13.0,0.13884267
38,97,14.0,0.13401888
38,98,0.0,0.108976685
38,98,1.0,0.111569226
38,98,2.0,0.10626358
38,98,3.0,0.09881088
38,98,4.0,0.09223061
38,98,5.0,0.08738814
38,98,6.0,0.08357811
38,98,7.0,0.079590864
38,98,8.0,0.074359514
38,98,9.0,0.068264686
38,98,10.0,0.062478665
38,98,11.0,0.05772793
38,98,12.0,0.054210477
38,98,13.0,0.050977454
38,98,14.0,0.046863813
38,99,0.0,0.019974157
38,99,1.0,0.019658836
38,99,2.0,0.018818257
38,99,3.0,0.017879236
38,99,4.0,0.017081855
38,99,5.0,0.0166499
38,99,6.0,0.016672553
38,99,7.0,0.016920177
38,99,8.0,0.017011931
38,99,9.0,0.016647529
38,99,10.0,0.015710574
38,99,11.0,0.014521154
38,99,12.0,0.013400531
38,99,13.0,0.012502021
38,99,14.0,0.01180316
38,100,0.0,0.0029880141
38,100,1.0,0.0040721297
38,100,2.0,0.0046071033
38,100,3.0,0.0045673274
38,100,4.0,0.004277194
38,100,5.0,0.0040458343
38,100,6.0,0.0040201154
38,100,7.0,0.0041589187
38,100,8.0,0.004321875
38,100,9.0,0.0043484643
38,100,10.0,0.00413391
38,100,11.0,0.0037557308
38,100,12.0,0.0033236954
38,100,13.0,0.002923292
38,100,14.0,0.0025872334
38,101,0.0,0.00043598254
38,101,1.0,0.00048120975
38,101,2.0,0.0004705721
38,101,3.0,0.00041357247
38,101,4.0,0.00035676904
38,101,5.0,0.00032729353
38,101,6.0,0.000328822
38,101,7.0,0.00036321164
38,101,8.0,0.00042230502
38,101,9.0,0.00048447863
38,101,10.0,0.0005206204
38,101,11.0,0.0005056557
38,101,12.0,0.0004494722
38,101,13.0,0.00037592032
38,101,14.0,0.00030303848
38,102,0.0,6.8665986e-06
38,102,1.0,1.5403863e-05
38,102,2.0,2.6123842e-05
38,102,3.0,3.1522763e-05
38,102,4.0,2.9926867e-05
38,102,5.0,2.7344087e-05
38,102,6.0,2.743318e-05
38,102,7.0,3.2187156e-05
38,102,8.0,4.3243068e-05
38,102,9.0,5.922712e-05
38,102,10.0,7.539663e-05
38,102,11.0,8.44082e-05
38,102,12.0,8.348198e-05
38,102,13.0,7.790774e-05
38,102,14.0,7.228581e-05
38,103,0.0,5.0194686e-08
38,103,1.0,5.1127774e-08
38,103,2.0,3.881909e-08
38,103,3.0,1.368754e-08
38,103,4.0,3.625107e-09
38,103,5.0,1.3091018e-09
38,103,6.0,1.736418e-09
38,103,7.0,7.783935e-09
38,103,8.0,4.6865278e-08
38,103,9.0,1.8669704e-07
38,103,10.0,4.1970662e-07
38,103,11.0,5.3194645e-07
38,103,12.0,3.6663047e-07
38,103,13.0,1.4254069e-07
38,103,14.0,2.8814414e-08
38,104,0.0,6.9155404e-10
38,104,1.0,6.217569e-09
38,104,2.0,1.302224e-08
38,104,3.0,5.920431e-09
38,104,4.0,9.754275e-11
38,104,5.0,0.0
38,104,6.0,0.0
38,104,7.0,0.0
38,104,8.0,0.0
38,104,9.0,0.0
38,104,10.0,0.0
38,104,11.0,0.0
38,104,12.0,2.2317432e-12
38,104,13.0,1.4252914e-10
38,104,14.0,1.3465291e-10
38,105,0.0,0.0
38,105,1.0,0.0
38,105,2.0,0.0
38,105,3.0,0.0
38,105,4.0,0.0
38,105,5.0,0.0
38,105,6.0,0.0
38,105,7.0,0.0
38,105,8.0,0.0
38,105,9.0,0.0
38,105,10.0,9.9648255e-11
38,105,11.0,1.0086678e-09
38,105,12.0,1.2251556e-09
38,105,13.0,2.4940253e-10
38,105,14.0,2.4289644e-12
38,106,0.0,0.0
38,106,1.0,8.1971835e-10
38,106,2.0,2.7403948e-08
38,106,3.0,8.149375e-08
38,106,4.0,8.400121e-08
38,106,5.0,3.8462783e-08
38,106,6.0,7.107309e-09
38,106,7.0,1.9886504e-10
38,106,8.0,0.0
38,106,9.0,0.0
38,106,10.0,0.0
38,106,11.0,0.0
38,106,12.0,0.0
38,106,13.0,0.0
38,106,14.0,0.0
38,107,0.0,0.0
38,107,1.0,0.0
38,107,2.0,3.9969383e-09
38,107,3.0,3.1139056e-08
38,107,4.0,5.407957e-08
38,107,5.0,5.211841e-08
38,107,6.0,3.2007268e-08
38,107,7.0,1.5116944e-08
38,107,8.0,7.865359e-09
38,107,9.0,8.28743e-09
38,107,10.0,1.6579067e-08
38,107,11.0,3.307572e-08
38,107,12.0,4.6981004e-08
38,107,13.0,3.9477655e-08
38,107,14.0,1.8996056e-08
39,86,0.0,0.0
39,86,1.0,0.0
39,86,2.0,0.0
39,86,3.0,0.0
39,86,4.0,3.686912e-08
39,86,5.0,4.0371057e-07
39,86,6.0,5.482176e-07
39,86,7.0,2.3040718e-07
39,86,8.0,3.0618263e-08
39,86,9.0,6.271984e-10
39,86,10.0,0.0
39,86,11.0,0.0
39,86,12.0,0.0
39,86,13.0,0.0
39,86,14.0,0.0
39,87,0.0,2.3555103e-08
39,87,1.0,0.0
39,87,2.0,0.0
39,87,3.0,1.1131958e-08
39,87,4.0,3.8801028e-07
39,87,5.0,1.4224782e-06
39,87,6.0,1.5892418e-06
39,87,7.0,7.8267243e-07
39,87,8.0,1.9309196e-07
39,87,9.0,2.797881e-08
39,87,10.0,2.0734159e-09
39,87,11.0,2.4378803e-11
39,87,12.0,0.0
39,87,13.0,0.0
39,87,14.0,0.0
39,88,0.0,3.793625e-08
39,88,1.0,0.0
39,88,2.0,0.0
39,88,3.0,2.0316666e-09
39,88,4.0,3.062225e-07
39,88,5.0,1.6389085e-06
39,88,6.0,2.4101744e-06
39,88,7.0,1.6033754e-06
39,88,8.0,5.675795e-07
39,88,9.0,1.256352e-07
39,88,10.0,1.6729627e-08
39,88,11.0,7.686356e-10
39,88,12.0,8.342967e-14
39,88,13.0,0.0
39,88,14.0,0.0
39,89,0.0,3.790375e-06
39,89,1.0,2.5737543e-07
39,89,2.0,2.2608951e-07
39,89,3.0,1.4533584e-06
39,89,4.0,7.33825e-06
39,89,5.0,1.8740031e-05
39,89,6.0,2.5860121e-05
39,89,7.0,2.3470942e-05
39,89,8.0,1.658639e-05
39,89,9.0,1.1143712e-05
39,89,10.0,7.980553e-06
39,89,11.0,6.225329e-06
39,89,12.0,5.3283384e-06
39,89,13.0,4.972507e-06
39,89,14.0,5.3822273e-06
39,90,0.0,2.360632e-05
39,90,1.0,3.4785196e-06
39,90,2.0,2.693831e-06
39,90,3.0,8.8861125e-06
39,90,4.0,3.160662e-05
39,90,5.0,7.43145e-05
39,90,6.0,0.00011069637
39,90,7.0,0.000118795346
39,90,8.0,0.00010399957
39,90,9.0,8.499769e-05
39,90,10.0,7.139654e-05
39,90,11.0,6.296761e-05
39,90,12.0,5.9043134e-05
39,90,13.0,5.9027094e-05
39,90,14.0,6.46149e-05
39,91,0.0,0.00043386736
39,91,1.0,0.00021917443
39,91,2.0,0.00021673349
39,91,3.0,0.00036666688
39,91,4.0,0.0006975242
39,91,5.0,0.0011628246
39,91,6.0,0.0015523604
39,91,7.0,0.0017329957
39,91,8.0,0.0017390413
39,91,9.0,0.0016950777
39,91,10.0,0.0016939313
39,91,11.0,0.0017439951
39,91,12.0,0.0018436909
39,91,13.0,0.00198693
39,91,14.0,0.0021829894
39,92,0.0,0.0023236498
39,92,1.0,0.0014041741
39,92,2.0,0.0013262436
39,92,3.0,0.0018629126
39,92,4.0,0.002996183
39,92,5.0,0.004550913
39,92,6.0,0.0059537636
39,92,7.0,0.006771563
39,92,8.0,0.007040488
39,92,9.0,0.007062453
39,92,10.0,0.0071578915
39,92,11.0,0.0074069523
39,92,12.0,0.0078281835
39,92,13.0,0.00842566
39,92,14.0,0.009210135
39,93,0.0,0.018320063
39,93,1.0,0.014933946
39,93,2.0,0.014968335
39,93,3.0,0.018290075
39,93,4.0,0.024297705
39,93,5.0,0.031529903
39,93,6.0,0.037750438
39,93,7.0,0.04149398
39,93,8.0,0.043157805
39,93,9.0,0.04393773
39,93,10.0,0.045175195
39,93,11.0,0.04726767
39,93,12.0,0.050127212
39,93,13.0,0.053558845
39,93,14.0,0.057250448
39,94,0.0,0.051085338
39,94,1.0,0.042160448
39,94,2.0,0.040825892
39,94,3.0,0.04651807
39,94,4.0,0.05786319
39,94,5.0,0.072018914
39,94,6.0,0.08497626
39,94,7.0,0.0934265
39,94,8.0,0.09768412
39,94,9.0,0.09978835
39,94,10.0,0.10224857
39,94,11.0,0.10635084
39,94,12.0,0.11205046
39,94,13.0,0.119061954
39,94,14.0,0.12683897
39,95,0.0,0.18033619
39,95,1.0,0.16564843
39,95,2.0,0.16528305
39,95,3.0,0.17984483
39,95,4.0,0.20620237
39,95,5.0,0.23759201
39,95,6.0,0.26558244
39,95,7.0,0.28301316
39,95,8.0,0.2906149
39,95,9.0,0.2931969
39,95,10.0,0.29621282
39,95,11.0,0.30307785
39,95,12.0,0.31300068
39,95,13.0,0.32415962
39,95,14.0,0.33406928
39,96,0.0,0.27423277
39,96,1.0,0.25062898
39,96,2.0,0.24563737
39,96,3.0,0.25894105
39,96,4.0,0.2874831
39,96,5.0,0.3236574
39,96,6.0,0.3575775
39,96,7.0,0.37943894
39,96,8.0,0.38767722
39,96,9.0,0.38797063
39,96,10.0,0.38697746
39,96,11.0,0.38992316
39,96,12.0,0.39681008
39,96,13.0,0.4054626
39,96,14.0,0.41310474
39,97,0.0,0.426132
39,97,1.0,0.42178154
39,97,2.0,0.42211157
39,97,3.0,0.43423876
39,97,4.0,0.46029305
39,97,5.0,0.4939897
39,97,6.0,0.5248423
39,97,7.0,0.54186827
39,97,8.0,0.54122436
39,97,9.0,0.53005004
39,97,10.0,0.5164544
39,97,11.0,0.50683564
39,97,12.0,0.5017388
39,97,13.0,0.4972991
39,97,14.0,0.48926428
39,98,0.0,0.32260942
39,98,1.0,0.32009676
39,98,2.0,0.3179912
39,98,3.0,0.32253104
39,98,4.0,0.33675957
39,98,5.0,0.35814473
39,98,6.0,0.37928313
39,98,7.0,0.39218757
39,98,8.0,0.3915775
39,98,9.0,0.38149482
39,98,10.0,0.36822993
39,98,11.0,0.35688347
39,98,12.0,0.3494805
39,98,13.0,0.34357104
39,98,14.0,0.3360868
39,99,0.0,0.23035115
39,99,1.0,0.24449354
39,99,2.0,0.24687205
39,99,3.0,0.2468101
39,99,4.0,0.25020042
39,99,5.0,0.25879276
39,99,6.0,0.26902187
39,99,7.0,0.27578902
39,99,8.0,0.2741643
39,99,9.0,0.2649057
39,99,10.0,0.25239804
39,99,11.0,0.24030834
39,99,12.0,0.23055638
39,99,13.0,0.22164999
39,99,14.0,0.21113923
39,100,0.0,0.09211998
39,100,1.0,0.098211505
39,100,2.0,0.09807392
39,100,3.0,0.09641418
39,100,4.0,0.09617094
39,100,5.0,0.09902291
39,100,6.0,0.103898995
39,100,7.0,0.10829045
39,100,8.0,0.10953065
39,100,9.0,0.10676656
39,100,10.0,0.10187712
39,100,11.0,0.09669848
39,100,12.0,0.09245003
39,100,13.0,0.088963605
39,100,14.0,0.08503906
39,101,0.0,0.03538626
39,101,1.0,0.040343553
39,101,2.0,0.041019708
39,101,3.0,0.03927153
39,101,4.0,0.03763017
39,101,5.0,0.037676495
39,101,6.0,0.039276965
39,101,7.0,0.041224655
39,101,8.0,0.042174615
39,101,9.0,0.04117717
39,101,10.0,0.03883001
39,101,11.0,0.036023557
39,101,12.0,0.033328947
39,101,13.0,0.030964259
39,101,14.0,0.028665897
39,102,0.0,0.0064639873
39,102,1.0,0.007379289
39,102,2.0,0.0072882166
39,102,3.0,0.00664821
39,102,4.0,0.006125028
39,102,5.0,0.0060850494
39,102,6.0,0.006586058
39,102,7.0,0.00736569
39,102,8.0,0.008064118
39,102,9.0,0.0082987435
39,102,10.0,0.0080547165
39,102,11.0,0.007569283
39,102,12.0,0.0070284223
39,102,13.0,0.006551327
39,102,14.0,0.006107531
39,103,0.0,0.0010845527
39,103,1.0,0.0013104111
39,103,2.0,0.001260223
39,103,3.0,0.0010754343
39,103,4.0,0.00092351116
39,103,5.0,0.00087543885
39,103,6.0,0.0009561262
39,103,7.0,0.0011205535
39,103,8.0,0.00128661
39,103,9.0,0.0013492825
39,103,10.0,0.0012694155
39,103,11.0,0.0011136056
39,103,12.0,0.00094715954
39,103,13.0,0.00081048196
39,103,14.0,0.00070990814
39,104,0.0,2.298922e-05
39,104,1.0,3.0711348e-05
39,104,2.0,2.7412389e-05
39,104,3.0,1.9245068e-05
39,104,4.0,1.3966579e-05
39,104,5.0,1.340006e-05
39,104,6.0,1.9334866e-05
39,104,7.0,3.4316257e-05
39,104,8.0,5.766924e-05
39,104,9.0,7.954586e-05
39,104,10.0,8.623527e-05
39,104,11.0,7.9574376e-05
39,104,12.0,6.774252e-05
39,104,13.0,5.7113863e-05
39,104,14.0,5.0247134e-05
39,105,0.0,6.402104e-08
39,105,1.0,3.0555265e-07
39,105,2.0,2.9971778e-07
39,105,3.0,1.2443354e-07
39,105,4.0,3.5824513e-08
39,105,5.0,1.727298e-08
39,105,6.0,3.9796962e-08
39,105,7.0,2.0244994e-07
39,105,8.0,7.36923e-07
39,105,9.0,1.5359715e-06
39,105,10.0,1.7642377e-06
39,105,11.0,1.3050435e-06
39,105,12.0,7.539674e-07
39,105,13.0,4.1280572e-07
39,105,14.0,2.7552304e-07
39,106,0.0,0.0
39,106,1.0,0.0
39,106,2.0,0.0
39,106,3.0,0.0
39,106,4.0,0.0
39,106,5.0,0.0
39,106,6.0,0.0
39,106,7.0,0.0
39,106,8.0,0.0
39,106,9.0,7.323348e-09
39,106,10.0,4.491957e-08
39,106,11.0,5.5895956e-08
39,106,12.0,3.694864e-08
39,106,13.0,2.073143e-08
39,106,14.0,1.6695196e-08
39,107,0.0,0.0
39,107,1.0,0.0
39,107,2.0,0.0
39,107,3.0,0.0
39,107,4.0,0.0
39,107,5.0,0.0
39,107,6.0,0.0
39,107,7.0,0.0
39,107,8.0,0.0
39,107,9.0,5.7538848e-12
39,107,10.0,1.4356294e-09
39,107,11.0,2.0960347e-09
39,107,12.0,8.319767e-10
39,107,13.0,2.6632857e-10
39,107,14.0,3.844621e-10
39,108,0.0,0.0
39,108,1.0,0.0
39,108,2.0,0.0
39,108,3.0,0.0
39,108,4.0,0.0
39,108,5.0,0.0
39,108,6.0,0.0
39,108,7.0,0.0
39,108,8.0,0.0
39,108,9.0,2.3492688e-09
39,108,10.0,3.7490565e-08
39,108,11.0,7.818795e-08
39,108,12.0,8.300135e-08
39,108,13.0,7.8277175e-08
39,108,14.0,9.72429e-08
39,109,0.0,5.996795e-07
39,109,1.0,1.6366764e-06
39,109,2.0,1.3076345e-06
39,109,3.0,5.2779905e-07
39,109,4.0,9.447033e-08
39,109,5.0,5.2186224e-09
39,109,6.0,7.6365685e-11
39,109,7.0,1.4286874e-10
39,109,8.0,7.1878836e-09
39,109,9.0,8.096033e-08
39,109,10.0,3.0018762e-07
39,109,11.0,5.105457e-07
39,109,12.0,5.9413577e-07
39,109,13.0,6.490906e-07
39,109,14.0,8.10541e-07
40,88,0.0,0.0
40,88,1.0,0.0
40,88,2.0,0.0
40,88,3.0,0.0
40,88,4.0,0.0
40,88,5.0,0.0
40,88,6.0,0.0
40,88,7.0,0.0
40,88,8.0,0.0
40,88,9.0,0.0
40,88,10.0,1.9844242e-10
40,88,11.0,1.0994204e-09
40,88,12.0,6.1291205e-10
40,88,13.0,7.384759e-11
40,88,14.0,8.2191995e-13
40,89,0.0,3.505523e-07
40,89,1.0,3.4536636e-12
40,89,2.0,0.0
40,89,3.0,0.0
40,89,4.0,0.0
40,89,5.0,0.0
40,89,6.0,0.0
40,89,7.0,0.0
40,89,8.0,0.0
40,89,9.0,0.0
40,89,10.0,0.0
40,89,11.0,0.0
40,89,12.0,0.0
40,89,13.0,2.2581978e-12
40,89,14.0,2.9200604e-09
40,90,0.0,3.4905803e-08
40,90,1.0,0.0
40,90,2.0,0.0
40,90,3.0,0.0
40,90,4.0,0.0
40,90,5.0,0.0
40,90,6.0,0.0
40,90,7.0,0.0
40,90,8.0,0.0
40,90,9.0,3.1723566e-09
40,90,10.0,7.61213e-08
40,90,11.0,2.7762206e-07
40,90,12.0,6.094751e-07
40,90,13.0,1.2298171e-06
40,90,14.0,2.5285467e-06
40,91,0.0,6.3819044e-08
40,91,1.0,0.0
40,91,2.0,0.0
40,91,3.0,0.0
40,91,4.0,0.0
40,91,5.0,0.0
40,91,6.0,0.0
40,91,7.0,0.0
40,91,8.0,0.0
40,91,9.0,0.0
40,91,10.0,1.0417e-09
40,91,11.0,2.398757e-08
40,91,12.0,1.0256119e-07
40,91,13.0,3.4667855e-07
40,91,14.0,1.1725082e-06
40,92,0.0,8.539102e-07
40,92,1.0,1.9175246e-09
40,92,2.0,0.0
40,92,3.0,0.0
40,92,4.0,0.0
40,92,5.0,0.0
40,92,6.0,2.6749756e-14
40,92,7.0,7.57317e-09
40,92,8.0,1.8954786e-07
40,92,9.0,1.1491423e-06
40,92,10.0,3.4657428e-06
40,92,11.0,6.719919e-06
40,92,12.0,1.0830673e-05
40,92,13.0,1.7517894e-05
40,92,14.0,3.0083609e-05
40,93,0.0,0.00011994291
40,93,1.0,1.5703055e-05
40,93,2.0,3.42376e-06
40,93,3.0,2.5634213e-06
40,93,4.0,4.420308e-06
40,93,5.0,8.7779545e-06
40,93,6.0,1.6653865e-05
40,93,7.0,3.064792e-05
40,93,8.0,5.8573372e-05
40,93,9.0,0.00011066993
40,93,10.0,0.00019121885
40,93,11.0,0.0002942245
40,93,12.0,0.00040347513
40,93,13.0,0.00052299653
40,93,14.0,0.0006761826
40,94,0.0,0.0004740208
40,94,1.0,0.00021448388
40,94,2.0,0.00014504761
40,94,3.0,0.0001611487
40,94,4.0,0.00023394344
40,94,5.0,0.00035641485
40,94,6.0,0.00053521554
40,94,7.0,0.00080051826
40,94,8.0,0.0012082409
40,94,9.0,0.0017640039
40,94,10.0,0.0024259514
40,94,11.0,0.0031123331
40,94,12.0,0.0037925227
40,94,13.0,0.004576669
40,94,14.0,0.0056008263
40,95,0.0,0.009432061
40,95,1.0,0.0051801736
40,95,2.0,0.003880848
40,95,3.0,0.0039895764
40,95,4.0,0.0048596514
40,95,5.0,0.0060959756
40,95,6.0,0.007365007
40,95,7.0,0.008611302
40,95,8.0,0.009995831
40,95,9.0,0.011854949
40,95,10.0,0.014293895
40,95,11.0,0.017122084
40,95,12.0,0.020043246
40,95,13.0,0.022690311
40,95,14.0,0.025030678
40,96,0.0,0.032203592
40,96,1.0,0.023751004
40,96,2.0,0.021224763
40,96,3.0,0.022597192
40,96,4.0,0.026172435
40,96,5.0,0.030382102
40,96,6.0,0.03458588
40,96,7.0,0.038819466
40,96,8.0,0.04375072
40,96,9.0,0.04959375
40,96,10.0,0.055756032
40,96,11.0,0.06158744
40,96,12.0,0.06650863
40,96,13.0,0.07102687
40,96,14.0,0.07608777
40,97,0.0,0.140608
40,97,1.0,0.109935395
40,97,2.0,0.09860838
40,97,3.0,0.09957155
40,97,4.0,0.10768539
40,97,5.0,0.11852622
40,97,6.0,0.12838264
40,97,7.0,0.13525403
40,97,8.0,0.1403447
40,97,9.0,0.14599904
40,97,10.0,0.15472959
40,97,11.0,0.16667074
40,97,12.0,0.17995198
40,97,13.0,0.19230728
40,97,14.0,0.20120572
40,98,0.0,0.39218494
40,98,1.0,0.3404611
40,98,2.0,0.3210231
40,98,3.0,0.32392043
40,98,4.0,0.3365166
40,98,5.0,0.3467283
40,98,6.0,0.34961858
40,98,7.0,0.34777704
40,98,8.0,0.34607333
40,98,9.0,0.34930846
40,98,10.0,0.3570257
40,98,11.0,0.36612514
40,98,12.0,0.3735471
40,98,13.0,0.37671775
40,98,14.0,0.376541
40,99,0.0,0.5179437
40,99,1.0,0.45021275
40,99,2.0,0.40792865
40,99,3.0,0.3870226
40,99,4.0,0.38252124
40,99,5.0,0.38627863
40,99,6.0,0.3906856
40,99,7.0,0.39053267
40,99,8.0,0.38500524
40,99,9.0,0.3785835
40,99,10.0,0.37587193
40,99,11.0,0.38040394
40,99,12.0,0.39086774
40,99,13.0,0.40212092
40,99,14.0,0.40892917
40,100,0.0,0.69711393
40,100,1.0,0.6417774
40,100,2.0,0.5916893
40,100,3.0,0.5589761
40,100,4.0,0.53874785
40,100,5.0,0.519372
40,100,6.0,0.49411222
40,100,7.0,0.46365225
40,100,8.0,0.43434516
40,100,9.0,0.41177094
40,100,10.0,0.3993367
40,100,11.0,0.39426485
40,100,12.0,0.3909689
40,100,13.0,0.38439056
40,100,14.0,0.3704135
40,101,0.0,0.44501323
40,101,1.0,0.40574977
40,101,2.0,0.36473897
40,101,3.0,0.33112282
40,101,4.0,0.30739966
40,101,5.0,0.29364517
40,101,6.0,0.28615266
40,101,7.0,0.28042638
40,101,8.0,0.27287337
40,101,9.0,0.262824
40,101,10.0,0.25309068
40,101,11.0,0.2460954
40,101,12.0,0.243211
40,101,13.0,0.24290927
40,101,14.0,0.24117528
40,102,0.0,0.25593436
40,102,1.0,0.25805962
40,102,2.0,0.24624205
40,102,3.0,0.22972631
40,102,4.0,0.2153928
40,102,5.0,0.20495808
40,102,6.0,0.19553319
40,102,7.0,0.18453225
40,102,8.0,0.17135282
40,102,9.0,0.15817982
40,102,10.0,0.14682622
40,102,11.0,0.1381875
40,102,12.0,0.13133135
40,102,13.0,0.12398413
40,102,14.0,0.11471648
40,103,0.0,0.07788194
40,103,1.0,0.0752947
40,103,2.0,0.069598004
40,103,3.0,0.062739536
40,103,4.0,0.05700407
40,103,5.0,0.053656355
40,103,6.0,0.05265136
40,103,7.0,0.052830115
40,103,8.0,0.05301911
40,103,9.0,0.052230507
40,103,10.0,0.050192587
40,103,11.0,0.047544193
40,103,12.0,0.044875294
40,103,13.0,0.042632867
40,103,14.0,0.040771786
40,104,0.0,0.012395479
40,104,1.0,0.01548923
40,104,2.0,0.017076548
40,104,3.0,0.017448341
40,104,4.0,0.017479038
40,104,5.0,0.017833397
40,104,6.0,0.018597951
40,104,7.0,0.01932943
40,104,8.0,0.019507825
40,104,9.0,0.018780371
40,104,10.0,0.017384794
40,104,11.0,0.015754193
40,104,12.0,0.014207433
40,104,13.0,0.012907152
40,104,14.0,0.011688904
40,105,0.0,0.0021064833
40,105,1.0,0.0024174626
40,105,2.0,0.0026464139
40,105,3.0,0.002738474
40,105,4.0,0.0027881807
40,105,5.0,0.0029060056
40,105,6.0,0.003141026
40,105,7.0,0.0034896547
40,105,8.0,0.0038363386
40,105,9.0,0.004033012
40,105,10.0,0.0039529493
40,105,11.0,0.0036088168
40,105,12.0,0.0031496321
40,105,13.0,0.0026974115
40,105,14.0,0.0023220365
40,106,0.0,7.66506e-05
40,106,1.0,0.00016448753
40,106,2.0,0.00023801616
40,106,3.0,0.00028311386
40,106,4.0,0.0003138378
40,106,5.0,0.0003565885
40,106,6.0,0.00043055305
40,106,7.0,0.00054841005
40,106,8.0,0.00069462054
40,106,9.0,0.00082969235
40,106,10.0,0.0009026934
40,106,11.0,0.00089623104
40,106,12.0,0.00084318576
40,106,13.0,0.00077532075
40,106,14.0,0.00071238546
40,107,0.0,9.146297e-06
40,107,1.0,1.8039042e-05
40,107,2.0,3.0309182e-05
40,107,3.0,4.2693562e-05
40,107,4.0,5.2101845e-05
40,107,5.0,6.0216145e-05
40,107,6.0,6.949882e-05
40,107,7.0,8.209214e-05
40,107,8.0,9.6724536e-05
40,107,9.0,0.00010599561
40,107,10.0,0.000102370104
40,107,11.0,8.3451014e-05
40,107,12.0,5.8045393e-05
40,107,13.0,3.6457226e-05
40,107,14.0,2.1780976e-05
40,108,0.0,5.897413e-09
40,108,1.0,3.0412366e-07
40,108,2.0,7.920844e-07
40,108,3.0,8.953845e-07
40,108,4.0,7.0369714e-07
40,108,5.0,4.7993734e-07
40,108,6.0,3.9220544e-07
40,108,7.0,4.8259915e-07
40,108,8.0,8.8846656e-07
40,108,9.0,1.7949575e-06
40,108,10.0,3.0752474e-06
40,108,11.0,3.969356e-06
40,108,12.0,3.6297636e-06
40,108,13.0,2.4536116e-06
40,108,14.0,1.2711472e-06
40,109,0.0,2.9069673e-08
40,109,1.0,2.4860162e-07
40,109,2.0,6.2394156e-07
40,109,3.0,8.805706e-07
40,109,4.0,8.16162e-07
40,109,5.0,5.6963444e-07
40,109,6.0,3.6765283e-07
40,109,7.0,2.6223776e-07
40,109,8.0,2.3783363e-07
40,109,9.0,2.4063445e-07
40,109,10.0,2.1350476e-07
40,109,11.0,1.2952992e-07
40,109,12.0,3.7048178e-08
40,109,13.0,2.65907e-09
40,109,14.0,1.4123346e-17
40,110,0.0,9.593893e-09
40,110,1.0,1.8323786e-07
40,110,2.0,7.503336e-07
40,110,3.0,1.3872557e-06
40,110,4.0,1.777925e-06
40,110,5.0,1.8138908e-06
40,110,6.0,1.5416042e-06
40,110,7.0,1.2036949e-06
40,110,8.0,9.672393e-07
40,110,9.0,8.938431e-07
40,110,10.0,9.083204e-07
40,110,11.0,8.395241e-07
40,110,12.0,5.965157e-07
40,110,13.0,2.684598e-07
40,110,14.0,6.2187866e-08
40,111,0.0,2.8533908e-11
40,111,1.0,6.132624e-08
40,111,2.0,4.9604216e-07
40,111,3.0,1.3415153e-06
40,111,4.0,2.0520824e-06
40,111,5.0,2.06693e-06
40,111,6.0,1.6137376e-06
40,111,7.0,1.1521138e-06
40,111,8.0,9.0994365e-07
40,111,9.0,8.575543e-07
40,111,10.0,8.3044745e-07
40,111,11.0,6.9271533e-07
40,111,12.0,4.1000172e-07
40,111,13.0,1.4693337e-07
40,111,14.0,2.7072593e-08
40,112,0.0,1.5212652e-12
40,112,1.0,1.1360355e-09
40,112,2.0,2.7037512e-08
40,112,3.0,1.344721e-07
40,112,4.0,3.663233e-07
40,112,5.0,6.9091664e-07
40,112,6.0,9.590663e-07
40,112,7.0,9.9649e-07
40,112,8.0,8.6218273e-07
40,112,9.0,7.0368844e-07
40,112,10.0,6.2443394e-07
40,112,11.0,6.3589863e-07
40,112,12.0,6.5825066e-07
40,112,13.0,6.1897316e-07
40,112,14.0,4.8149343e-07
41,90,0.0,2.4110105e-07
41,90,1.0,1.128168e-07
41,90,2.0,5.2006044e-07
41,90,3.0,2.852097e-06
41,90,4.0,8.199736e-06
41,90,5.0,1.2558243e-05
41,90,6.0,1.2371238e-05
41,90,7.0,8.996187e-06
41,90,8.0,5.5887294e-06
41,90,9.0,3.0235067e-06
41,90,10.0,1.3422767e-06
41,90,11.0,4.4705988e-07
41,90,12.0,9.718712e-08
41,90,13.0,1.6186275e-08
41,90,14.0,4.7830704e-09
41,91,0.0,9.872139e-12
41,91,1.0,0.0
41,91,2.0,0.0
41,91,3.0,2.8099828e-08
41,91,4.0,4.734806e-07
41,91,5.0,1.33997e-06
41,91,6.0,1.7018136e-06
41,91,7.0,1.3814823e-06
41,91,8.0,9.441189e-07
41,91,9.0,5.9727984e-07
41,91,10.0,3.310912e-07
41,91,11.0,1.5129416e-07
41,91,12.0,5.2462816e-08
41,91,13.0,1.8214855e-08
41,91,14.0,1.2556477e-08
41,92,0.0,0.0
41,92,1.0,0.0
41,92,2.0,0.0
41,92,3.0,0.0
41,92,4.0,3.79403e-08
41,92,5.0,3.6147242e-07
41,92,6.0,7.029053e-07
41,92,7.0,6.7332644e-07
41,92,8.0,4.6988995e-07
41,92,9.0,2.9379837e-07
41,92,10.0,1.5444975e-07
41,92,11.0,6.363353e-08
41,92,12.0,1.8394669e-08
41,92,13.0,4.633504e-09
41,92,14.0,2.9025318e-09
41,93,0.0,0.0
41,93,1.0,0.0
41,93,2.0,0.0
41,93,3.0,0.0
41,93,4.0,6.473602e-08
41,93,5.0,1.0407568e-06
41,93,6.0,3.035925e-06
41,93,7.0,4.7147196e-06
41,93,8.0,5.7317643e-06
41,93,9.0,6.712515e-06
41,93,10.0,7.5932244e-06
41,93,11.0,8.250535e-06
41,93,12.0,8.545933e-06
41,93,13.0,8.701328e-06
41,93,14.0,9.60784e-06
41,94,0.0,0.0
41,94,1.0,0.0
41,94,2.0,0.0
41,94,3.0,0.0
41,94,4.0,8.408457e-09
41,94,5.0,6.612959e-07
41,94,6.0,2.8831237e-06
41,94,7.0,5.4794955e-06
41,94,8.0,7.460742e-06
41,94,9.0,9.5209825e-06
41,94,10.0,1.1960664e-05
41,94,11.0,1.4664205e-05
41,94,12.0,1.7544595e-05
41,94,13.0,2.067863e-05
41,94,14.0,2.5658217e-05
41,95,0.0,9.343353e-06
41,95,1.0,2.833272e-06
41,95,2.0,3.630993e-06
41,95,3.0,1.4445038e-05
41,95,4.0,5.720477e-05
41,95,5.0,0.00015197227
41,95,6.0,0.00027231788
41,95,7.0,0.00038092307
41,95,8.0,0.0004693845
41,95,9.0,0.00056177255
41,95,10.0,0.00067479233
41,95,11.0,0.00080468034
41,95,12.0,0.0009425038
41,95,13.0,0.0010728536
41,95,14.0,0.0011978551
41,96,0.0,0.00013732637
41,96,1.0,5.2363193e-05
41,96,2.0,4.136175e-05
41,96,3.0,7.513539e-05
41,96,4.0,0.00018439678
41,96,5.0,0.00039846948
41,96,6.0,0.00066244387
41,96,7.0,0.00090060587
41,96,8.0,0.001095211
41,96,9.0,0.001289358
41,96,10.0,0.0015372067
41,96,11.0,0.0018422975
41,96,12.0,0.0021950952
41,96,13.0,0.0025727586
41,96,14.0,0.0029565103
41,97,0.0,0.0039803647
41,97,1.0,0.0031433986
41,97,2.0,0.0030923518
41,97,3.0,0.0039530867
41,97,4.0,0.0057231137
41,97,5.0,0.008159051
41,97,6.0,0.010600666
41,97,7.0,0.012538653
41,97,8.0,0.014027413
41,97,9.0,0.015418484
41,97,10.0,0.017132921
41,97,11.0,0.019188438
41,97,12.0,0.02140098
41,97,13.0,0.023482312
41,97,14.0,0.025078904
41,98,0.0,0.013706996
41,98,1.0,0.010383976
41,98,2.0,0.009289424
41,98,3.0,0.010308403
41,98,4.0,0.013080435
41,98,5.0,0.01709604
41,98,6.0,0.021329088
41,98,7.0,0.024760142
41,98,8.0,0.027407443
41,98,9.0,0.029811151
41,98,10.0,0.03271557
41,98,11.0,0.03638098
41,98,12.0,0.040525
41,98,13.0,0.044698447
41,98,14.0,0.04826223
41,99,0.0,0.07222584
41,99,1.0,0.06749208
41,99,2.0,0.06675743
41,99,3.0,0.07149183
41,99,4.0,0.08154173
41,99,5.0,0.09480268
41,99,6.0,0.10797485
41,99,7.0,0.11767385
41,99,8.0,0.12401442
41,99,9.0,0.12888204
41,99,10.0,0.13440603
41,99,11.0,0.14162418
41,99,12.0,0.14934775
41,99,13.0,0.15575707
41,99,14.0,0.15889528
41,100,0.0,0.12774082
41,100,1.0,0.1170548
41,100,2.0,0.11185343
41,100,3.0,0.11403225
41,100,4.0,0.123982534
41,100,5.0,0.13900228
41,100,6.0,0.15526177
41,100,7.0,0.16811728
41,100,8.0,0.17636219
41,100,9.0,0.18218139
41,100,10.0,0.18816467
41,100,11.0,0.19626
41,100,12.0,0.20544001
41,100,13.0,0.21332757
41,100,14.0,0.21746203
41,101,0.0,0.25175324
41,101,1.0,0.2569757
41,101,2.0,0.2600791
41,101,3.0,0.26619512
41,101,4.0,0.27983296
41,101,5.0,0.29939207
41,101,6.0,0.31964874
41,101,7.0,0.33405566
41,101,8.0,0.3395486
41,101,9.0,0.33960393
41,101,10.0,0.33814093
41,101,11.0,0.33806333
41,101,12.0,0.33871534
41,101,13.0,0.33719635
41,101,14.0,0.33127457
41,102,0.0,0.2296026
41,102,1.0,0.23608406
41,102,2.0,0.23930633
41,102,3.0,0.24381599
41,102,4.0,0.25449833
41,102,5.0,0.27175838
41,102,6.0,0.29127586
41,102,7.0,0.30748275
41,102,8.0,0.31556743
41,102,9.0,0.3172151
41,102,10.0,0.31595105
41,102,11.0,0.31461668
41,102,12.0,0.31395656
41,102,13.0,0.31162968
41,102,14.0,0.30547404
41,103,0.0,0.18979271
41,103,1.0,0.21288323
41,103,2.0,0.22749998
41,103,3.0,0.23704709
41,103,4.0,0.24683097
41,103,5.0,0.26008916
41,103,6.0,0.2747733
41,103,7.0,0.2864044
41,103,8.0,0.28974298
41,103,9.0,0.28481567
41,103,10.0,0.27536917
41,103,11.0,0.26487947
41,103,12.0,0.2555475
41,103,13.0,0.24646047
41,103,14.0,0.23613897
41,104,0.0,0.07663175
41,104,1.0,0.0908436
41,104,2.0,0.10255725
41,104,3.0,0.11258046
41,104,4.0,0.12282745
41,104,5.0,0.1354365
41,104,6.0,0.14963102
41,104,7.0,0.16257574
41,104,8.0,0.17044964
41,104,9.0,0.17161809
41,104,10.0,0.1682132
41,104,11.0,0.16273317
41,104,12.0,0.15716739
41,104,13.0,0.15170193
41,104,14.0,0.14539121
41,105,0.0,0.027491242
41,105,1.0,0.037384562
41,105,2.0,0.04613375
41,105,3.0,0.052956507
41,105,4.0,0.058598295
41,105,5.0,0.06484958
41,105,6.0,0.07180861
41,105,7.0,0.07788616
41,105,8.0,0.08096231
41,105,9.0,0.07983186
41,105,10.0,0.07591111
41,105,11.0,0.07092576
41,105,12.0,0.06618318
41,105,13.0,0.062202957
41,105,14.0,0.058597356
41,106,0.0,0.004908967
41,106,1.0,0.008097781
41,106,2.0,0.011664907
41,106,3.0,0.015130624
41,106,4.0,0.018478194
41,106,5.0,0.022251295
41,106,6.0,0.02668826
41,106,7.0,0.031068576
41,106,8.0,0.03423478
41,106,9.0,0.035140734
41,106,10.0,0.03415235
41,106,11.0,0.032202784
41,106,12.0,0.030078456
41,106,13.0,0.028246626
41,106,14.0,0.026606318
41,107,0.0,0.001154339
41,107,1.0,0.0023668846
41,107,2.0,0.0037850242
41,107,3.0,0.0050525856
41,107,4.0,0.006100187
41,107,5.0,0.007170588
41,107,6.0,0.008439025
41,107,7.0,0.0096619995
41,107,8.0,0.010455796
41,107,9.0,0.010447223
41,107,10.0,0.009735386
41,107,11.0,0.008741477
41,107,12.0,0.0077933576
41,107,13.0,0.00707974
41,107,14.0,0.0065804212
41,108,0.0,0.00016318435
41,108,1.0,0.00042556407
41,108,2.0,0.00080689904
41,108,3.0,0.0012133613
41,108,4.0,0.0015952156
41,108,5.0,0.002015724
41,108,6.0,0.0025750268
41,108,7.0,0.003211345
41,108,8.0,0.0037514393
41,108,9.0,0.0039736344
41,108,10.0,0.0038229134
41,108,11.0,0.00347564
41,108,12.0,0.0031003682
41,108,13.0,0.002806125
41,108,14.0,0.0026052387
41,109,0.0,6.840598e-05
41,109,1.0,0.00019972559
41,109,2.0,0.0003561558
41,109,3.0,0.0004670733
41,109,4.0,0.0005285103
41,109,5.0,0.0005846669
41,109,6.0,0.00068127416
41,109,7.0,0.00081393926
41,109,8.0,0.00093284814
41,109,9.0,0.0009699533
41,109,10.0,0.0008975523
41,109,11.0,0.0007747584
41,109,12.0,0.000655823
41,109,13.0,0.0005685144
41,109,14.0,0.00051542826
41,110,0.0,2.9975133e-06
41,110,1.0,1.1694942e-05
41,110,2.0,2.5971336e-05
41,110,3.0,3.9526833e-05
41,110,4.0,4.98753e-05
41,110,5.0,6.217953e-05
41,110,6.0,8.60604e-05
41,110,7.0,0.0001257842
41,110,8.0,0.00017282061
41,110,9.0,0.00020526478
41,110,10.0,0.00020362725
41,110,11.0,0.00017984987
41,110,12.0,0.0001517079
41,110,13.0,0.00012967772
41,110,14.0,0.00011648633
41,111,0.0,6.9674286e-07
41,111,1.0,4.2975953e-06
41,111,2.0,9.708077e-06
41,111,3.0,1.2311071e-05
41,111,4.0,1.1810858e-05
41,111,5.0,1.1405034e-05
41,111,6.0,1.4146306e-05
41,111,7.0,2.1541404e-05
41,111,8.0,3.2208773e-05
41,111,9.0,4.083692e-05
41,111,10.0,4.0677725e-05
41,111,11.0,3.40401e-05
41,111,12.0,2.6344078e-05
41,111,13.0,2.0487409e-05
41,111,14.0,1.7087084e-05
41,112,0.0,0.0
41,112,1.0,6.3723605e-12
41,112,2.0,2.7857316e-09
41,112,3.0,8.945497e-09
41,112,4.0,1.04362545e-08
41,112,5.0,1.5420683e-08
41,112,6.0,6.424876e-08
41,112,7.0,3.5846966e-07
41,112,8.0,1.2630187e-06
41,112,9.0,2.5500217e-06
41,112,10.0,2.9694827e-06
41,112,11.0,2.3529458e-06
41,112,12.0,1.5258053e-06
41,112,13.0,9.5152063e-07
41,112,14.0,6.714566e-07
41,113,0.0,0.0
41,113,1.0,0.0
41,113,2.0,2.4605198e-11
41,113,3.0,1.334015e-10
41,113,4.0,1.5716003e-12
41,113,5.0,0.0
41,113,6.0,2.6071735e-11
41,113,7.0,7.0225203e-09
41,113,8.0,8.5154376e-08
41,113,9.0,2.7339956e-07
41,113,10.0,3.3281813e-07
41,113,11.0,1.9751407e-07
41,113,12.0,6.936015e-08
41,113,13.0,1.5870173e-08
41,113,14.0,2.8395526e-09
41,114,0.0,5.7642597e-09
41,114,1.0,1.542753e-08
41,114,2.0,1.9385663e-08
41,114,3.0,6.489952e-09
41,114,4.0,1.7606915e-10
41,114,5.0,0.0
41,114,6.0,0.0
41,114,7.0,1.914523e-10
41,114,8.0,9.1381e-09
41,114,9.0,3.853896e-08
41,114,10.0,3.7021607e-08
41,114,11.0,9.183029e-09
41,114,12.0,2.3911043e-10
41,114,13.0,0.0
41,114,14.0,0.0
41,115,0.0,2.3278814e-09
41,115,1.0,2.8081592e-08
41,115,2.0,3.0491123e-08
41,115,3.0,2.4261622e-09
41,115,4.0,0.0
41,115,5.0,0.0
41,115,6.0,0.0
41,115,7.0,0.0
41,115,8.0,0.0
41,115,9.0,0.0
41,115,10.0,0.0
41,115,11.0,0.0
41,115,12.0,0.0
41,115,13.0,0.0
41,115,14.0,0.0
42,92,0.0,3.9888546e-09
42,92,1.0,4.4246767e-10
42,92,2.0,0.0
42,92,3.0,0.0
42,92,4.0,0.0
42,92,5.0,0.0
42,92,6.0,0.0
42,92,7.0,0.0
42,92,8.0,0.0
42,92,9.0,0.0
42,92,10.0,0.0
42,92,11.0,0.0
42,92,12.0,0.0
42,92,13.0,0.0
42,92,14.0,0.0
42,93,0.0,5.071922e-08
42,93,1.0,2.976262e-12
42,93,2.0,0.0
42,93,3.0,0.0
42,93,4.0,0.0
42,93,5.0,0.0
42,93,6.0,0.0
42,93,7.0,0.0
42,93,8.0,0.0
42,93,9.0,2.611251e-10
42,93,10.0,1.6331118e-10
42,93,11.0,2.9696444e-13
42,93,12.0,0.0
42,93,13.0,0.0
42,93,14.0,0.0
42,94,0.0,1.3690859e-08
42,94,1.0,6.2414124e-10
42,94,2.0,0.0
42,94,3.0,0.0
42,94,4.0,0.0
42,94,5.0,0.0
42,94,6.0,0.0
42,94,7.0,0.0
42,94,8.0,0.0
42,94,9.0,0.0
42,94,10.0,0.0
42,94,11.0,0.0
42,94,12.0,0.0
42,94,13.0,1.700277e-11
42,94,14.0,1.383731e-09
42,95,0.0,1.2077417e-10
42,95,1.0,0.0
42,95,2.0,0.0
42,95,3.0,0.0
42,95,4.0,0.0
42,95,5.0,0.0
42,95,6.0,0.0
42,95,7.0,0.0
42,95,8.0,0.0
42,95,9.0,0.0
42,95,10.0,0.0
42,95,11.0,0.0
42,95,12.0,1.1350095e-13
42,95,13.0,4.8235797e-11
42,95,14.0,5.9205985e-10
42,96,0.0,1.4538553e-07
42,96,1.0,0.0
42,96,2.0,0.0
42,96,3.0,0.0
42,96,4.0,0.0
42,96,5.0,0.0
42,96,6.0,0.0
42,96,7.0,0.0
42,96,8.0,0.0
42,96,9.0,0.0
42,96,10.0,0.0
42,96,11.0,4.5829314e-09
42,96,12.0,1.4544767e-07
42,96,13.0,7.117018e-07
42,96,14.0,1.9875301e-06
42,97,0.0,7.9125575e-06
42,97,1.0,1.2493146e-07
42,97,2.0,0.0
42,97,3.0,0.0
42,97,4.0,0.0
42,97,5.0,0.0
42,97,6.0,0.0
42,97,7.0,0.0
42,97,8.0,1.749433e-08
42,97,9.0,8.023493e-07
42,97,10.0,5.6619865e-06
42,97,11.0,1.8354258e-05
42,97,12.0,3.705173e-05
42,97,13.0,5.720957e-05
42,97,14.0,7.701369e-05
42,98,0.0,9.9028286e-05
42,98,1.0,1.9894267e-05
42,98,2.0,2.0300574e-06
42,98,3.0,1.1088109e-07
42,98,4.0,4.122311e-09
42,98,5.0,8.9587027e-10
42,98,6.0,1.075627e-08
42,98,7.0,2.3451442e-07
42,98,8.0,2.7491355e-06
42,98,9.0,1.6283253e-05
42,98,10.0,5.7299312e-05
42,98,11.0,0.00013830152
42,98,12.0,0.00025404626
42,98,13.0,0.00039935866
42,98,14.0,0.0005750969
42,99,0.0,0.0009743927
42,99,1.0,0.00039156555
42,99,2.0,0.00019571019
42,99,3.0,0.00014699047
42,99,4.0,0.00015787623
42,99,5.0,0.00020388157
42,99,6.0,0.0002743457
42,99,7.0,0.00037922466
42,99,8.0,0.000551611
42,99,9.0,0.00086248206
42,99,10.0,0.0013922441
42,99,11.0,0.0021621145
42,99,12.0,0.0031013708
42,99,13.0,0.0040213526
42,99,14.0,0.00476103
42,100,0.0,0.011002375
42,100,1.0,0.0063700182
42,100,2.0,0.003824608
42,100,3.0,0.002679814
42,100,4.0,0.0022551815
42,100,5.0,0.0021858749
42,100,6.0,0.0023616063
42,100,7.0,0.00279061
42,100,8.0,0.0035930204
42,100,9.0,0.0049450784
42,100,10.0,0.006881745
42,100,11.0,0.009309798
42,100,12.0,0.011949954
42,100,13.0,0.014544555
42,100,14.0,0.017074713
42,101,0.0,0.033127047
42,101,1.0,0.024105813
42,101,2.0,0.019038284
42,101,3.0,0.016619077
42,101,4.0,0.016041404
42,101,5.0,0.01663445
42,101,6.0,0.01784227
42,101,7.0,0.01926536
42,101,8.0,0.021113787
42,101,9.0,0.023831833
42,101,10.0,0.027995156
42,101,11.0,0.033749647
42,101,12.0,0.04036983
42,101,13.0,0.046692096
42,101,14.0,0.051490255
42,102,0.0,0.10652598
42,102,1.0,0.082967445
42,102,2.0,0.067159034
42,102,3.0,0.058018655
42,102,4.0,0.053539433
42,102,5.0,0.051836327
42,102,6.0,0.051699847
42,102,7.0,0.053074203
42,102,8.0,0.05645922
42,102,9.0,0.06273658
42,102,10.0,0.071932115
42,102,11.0,0.08279409
42,102,12.0,0.093529694
42,102,13.0,0.10191084
42,102,14.0,0.10688105
42,103,0.0,0.15046562
42,103,1.0,0.12839578
42,103,2.0,0.11158216
42,103,3.0,0.10031769
42,103,4.0,0.09485675
42,103,5.0,0.09421098
42,103,6.0,0.09665904
42,103,7.0,0.10038442
42,103,8.0,0.104359895
42,103,9.0,0.109375626
42,103,10.0,0.116448216
42,103,11.0,0.12642881
42,103,12.0,0.1387344
42,103,13.0,0.15091749
42,103,14.0,0.16048905
42,104,0.0,0.16656156
42,104,1.0,0.15828103
42,104,2.0,0.14963573
42,104,3.0,0.14399025
42,104,4.0,0.1419168
42,104,5.0,0.14236401
42,104,6.0,0.14330888
42,104,7.0,0.14383304
42,104,8.0,0.14532278
42,104,9.0,0.14929678
42,104,10.0,0.15690754
42,104,11.0,0.16665234
42,104,12.0,0.17539248
42,104,13.0,0.18022406
42,104,14.0,0.17903966
42,105,0.0,0.11620574
42,105,1.0,0.11458156
42,105,2.0,0.11175948
42,105,3.0,0.109300055
42,105,4.0,0.109029286
42,105,5.0,0.11210583
42,105,6.0,0.11803511
42,105,7.0,0.12533322
42,105,8.0,0.13201275
42,105,9.0,0.13713753
42,105,10.0,0.1417723
42,105,11.0,0.14716792
42,105,12.0,0.15443687
42,105,13.0,0.16311425
42,105,14.0,0.17106651
42,106,0.0,0.06342587
42,106,1.0,0.07368657
42,106,2.0,0.08145325
42,106,3.0,0.08810655
42,106,4.0,0.09529472
42,106,5.0,0.10314024
42,106,6.0,0.11077791
42,106,7.0,0.11641267
42,106,8.0,0.11925126
42,106,9.0,0.12044842
42,106,10.0,0.12138595
42,106,11.0,0.123231836
42,106,12.0,0.12526272
42,106,13.0,0.12571846
42,106,14.0,0.12337273
42,107,0.0,0.022775128
42,107,1.0,0.02902307
42,107,2.0,0.035381105
42,107,3.0,0.041187916
42,107,4.0,0.04664576
42,107,5.0,0.052277032
42,107,6.0,0.0585838
42,107,7.0,0.065067105
42,107,8.0,0.0706828
42,107,9.0,0.07433755
42,107,10.0,0.07600384
42,107,11.0,0.07678691
42,107,12.0,0.07777142
42,107,13.0,0.0798319
42,107,14.0,0.08288506
42,108,0.0,0.0069813505
42,108,1.0,0.010911257
42,108,2.0,0.014743982
42,108,3.0,0.018384323
42,108,4.0,0.02210092
42,108,5.0,0.02620024
42,108,6.0,0.030580482
42,108,7.0,0.034642387
42,108,8.0,0.037480034
42,108,9.0,0.03870406
42,108,10.0,0.03892715
42,108,11.0,0.038896024
42,108,12.0,0.039217837
42,108,13.0,0.039827876
42,108,14.0,0.04003335
42,109,0.0,0.002746001
42,109,1.0,0.004711252
42,109,2.0,0.0073159127
42,109,3.0,0.010258132
42,109,4.0,0.0132121295
42,109,5.0,0.01598085
42,109,6.0,0.018574405
42,109,7.0,0.020948444
42,109,8.0,0.022732778
42,109,9.0,0.023571037
42,109,10.0,0.02327593
42,109,11.0,0.02226046
42,109,12.0,0.021142062
42,109,13.0,0.020316588
42,109,14.0,0.01996823
42,110,0.0,0.000541905
42,110,1.0,0.001262317
42,110,2.0,0.0021475726
42,110,3.0,0.0030670678
42,110,4.0,0.0040034293
42,110,5.0,0.00501415
42,110,6.0,0.0061812834
42,110,7.0,0.007459296
42,110,8.0,0.00863025
42,110,9.0,0.009395325
42,110,10.0,0.009592687
42,110,11.0,0.009398084
42,110,12.0,0.009028915
42,110,13.0,0.008642587
42,110,14.0,0.008263136
42,111,0.0,0.00010035614
42,111,1.0,0.0002143582
42,111,2.0,0.00040225952
42,111,3.0,0.0006465246
42,111,4.0,0.00090447214
42,111,5.0,0.001145178
42,111,6.0,0.0013587183
42,111,7.0,0.0015496487
42,111,8.0,0.0016887782
42,111,9.0,0.0017345687
42,111,10.0,0.0016603563
42,111,11.0,0.0014782435
42,111,12.0,0.0012636466
42,111,13.0,0.0010704057
42,111,14.0,0.0009190374
42,112,0.0,3.9437995e-07
42,112,1.0,5.754126e-06
42,112,2.0,2.3816845e-05
42,112,3.0,5.62134e-05
42,112,4.0,9.84489e-05
42,112,5.0,0.00014851218
42,112,6.0,0.0002093332
42,112,7.0,0.00028669892
42,112,8.0,0.00037137792
42,112,9.0,0.0004350368
42,112,10.0,0.00044673873
42,112,11.0,0.00039695518
42,112,12.0,0.00031639813
42,112,13.0,0.0002361769
42,112,14.0,0.00017200333
42,113,0.0,2.0987276e-08
42,113,1.0,3.4375415e-07
42,113,2.0,2.3067598e-06
42,113,3.0,7.807774e-06
42,113,4.0,1.670996e-05
42,113,5.0,2.6926962e-05
42,113,6.0,3.6714835e-05
42,113,7.0,4.6110115e-05
42,113,8.0,5.523977e-05
42,113,9.0,6.0979462e-05
42,113,10.0,5.965113e-05
42,113,11.0,4.96462e-05
42,113,12.0,3.5661884e-05
42,113,13.0,2.3275019e-05
42,113,14.0,1.4424491e-05
42,114,0.0,0.0
42,114,1.0,0.0
42,114,2.0,3.4949872e-09
42,114,3.0,1.2364642e-07
42,114,4.0,7.1429037e-07
42,114,5.0,2.0395305e-06
42,114,6.0,4.197987e-06
42,114,7.0,7.3729807e-06
42,114,8.0,1.1902484e-05
42,114,9.0,1.6855958e-05
42,114,10.0,1.9739655e-05
42,114,11.0,1.846487e-05
42,114,12.0,1.35547425e-05
42,114,13.0,8.4186e-06
42,114,14.0,4.9617333e-06
42,115,0.0,0.0
42,115,1.0,6.646503e-09
42,115,2.0,3.4509645e-07
42,115,3.0,2.379524e-06
42,115,4.0,6.68286e-06
42,115,5.0,1.1384605e-05
42,115,6.0,1.4719354e-05
42,115,7.0,1.6799378e-05
42,115,8.0,1.8234587e-05
42,115,9.0,1.8060697e-05
42,115,10.0,1.5290296e-05
42,115,11.0,1.020303e-05
42,115,12.0,5.058672e-06
42,115,13.0,1.8950194e-06
42,115,14.0,5.4754184e-07
42,116,0.0,6.3889215e-13
42,116,1.0,0.0
42,116,2.0,0.0
42,116,3.0,0.0
42,116,4.0,0.0
42,116,5.0,0.0
42,116,6.0,0.0
42,116,7.0,0.0
42,116,8.0,2.9898473e-11
42,116,9.0,1.0172403e-09
42,116,10.0,6.0738055e-09
42,116,11.0,1.3559765e-08
42,116,12.0,1.4020834e-08
42,116,13.0,6.6040893e-09
42,116,14.0,1.8380287e-09
42,117,0.0,0.0
42,117,1.0,0.0
42,117,2.0,3.3372023e-09
42,117,3.0,1.0961314e-07
42,117,4.0,4.1748098e-07
42,117,5.0,6.6050563e-07
42,117,6.0,6.784886e-07
42,117,7.0,5.7199e-07
42,117,8.0,4.5465947e-07
42,117,9.0,3.0396313e-07
42,117,10.0,1.3202784e-07
42,117,11.0,1.9976916e-08
42,117,12.0,2.0279377e-11
42,117,13.0,0.0
42,117,14.0,0.0
43,95,0.0,1.1574606e-07
43,95,1.0,4.537333e-08
43,95,2.0,7.434167e-08
43,95,3.0,3.6710938e-07
43,95,4.0,1.4220806e-06
43,95,5.0,2.8861568e-06
43,95,6.0,3.5783607e-06
43,95,7.0,3.2910339e-06
43,95,8.0,2.7573622e-06
43,95,9.0,2.372879e-06
43,95,10.0,1.9577287e-06
43,95,11.0,1.434519e-06
43,95,12.0,8.359063e-07
43,95,13.0,3.7002846e-07
43,95,14.0,1.3088018e-07
43,96,0.0,0.0
43,96,1.0,0.0
43,96,2.0,0.0
43,96,3.0,0.0
43,96,4.0,0.0
43,96,5.0,0.0
43,96,6.0,0.0
43,96,7.0,0.0
43,96,8.0,0.0
43,96,9.0,0.0
43,96,10.0,0.0
43,96,11.0,0.0
43,96,12.0,0.0
43,96,13.0,0.0
43,96,14.0,0.0
43,97,0.0,0.0
43,97,1.0,0.0
43,97,2.0,0.0
43,97,3.0,0.0
43,97,4.0,0.0
43,97,5.0,6.082201e-11
43,97,6.0,1.0193697e-08
43,97,7.0,3.802333e-08
43,97,8.0,7.031088e-08
43,97,9.0,1.3572712e-07
43,97,10.0,2.714351e-07
43,97,11.0,4.6720427e-07
43,97,12.0,6.229008e-07
43,97,13.0,5.899504e-07
43,97,14.0,4.0305898e-07
43,98,0.0,0.0
43,98,1.0,0.0
43,98,2.0,0.0
43,98,3.0,0.0
43,98,4.0,0.0
43,98,5.0,0.0
43,98,6.0,0.0
43,98,7.0,0.0
43,98,8.0,0.0
43,98,9.0,8.228116e-11
43,98,10.0,5.6220655e-09
43,98,11.0,4.8615217e-08
43,98,12.0,1.7432501e-07
43,98,13.0,3.456085e-07
43,98,14.0,4.368455e-07
43,99,0.0,5.5501353e-08
43,99,1.0,7.730333e-09
43,99,2.0,4.236915e-09
43,99,3.0,5.8581296e-08
43,99,4.0,7.6563737e-07
43,99,5.0,4.0662176e-06
43,99,6.0,1.0204348e-05
43,99,7.0,1.6436818e-05
43,99,8.0,2.190524e-05
43,99,9.0,2.8490533e-05
43,99,10.0,3.9499206e-05
43,99,11.0,5.5106007e-05
43,99,12.0,7.2061965e-05
43,99,13.0,8.364613e-05
43,99,14.0,8.4649226e-05
43,100,0.0,5.7879884e-06
43,100,1.0,1.9496367e-06
43,100,2.0,8.457239e-07
43,100,3.0,1.2026815e-06
43,100,4.0,3.8754483e-06
43,100,5.0,1.1922215e-05
43,100,6.0,2.5635876e-05
43,100,7.0,3.9676306e-05
43,100,8.0,5.2616375e-05
43,100,9.0,6.8160465e-05
43,100,10.0,9.3960036e-05
43,100,11.0,0.00013422752
43,100,12.0,0.00018498929
43,100,13.0,0.0002336408
43,100,14.0,0.0002647245
43,101,0.0,0.0003716119
43,101,1.0,0.00030762746
43,101,2.0,0.00029932827
43,101,3.0,0.00037150344
43,101,4.0,0.00053638057
43,101,5.0,0.0007880836
43,101,6.0,0.0010727558
43,101,7.0,0.0012958446
43,101,8.0,0.0014521058
43,101,9.0,0.0015910306
43,101,10.0,0.0017766359
43,101,11.0,0.0020345103
43,101,12.0,0.0023149056
43,101,13.0,0.0025519764
43,101,14.0,0.0026783147
43,102,0.0,0.0012139729
43,102,1.0,0.0009810182
43,102,2.0,0.00090221956
43,102,3.0,0.0009952382
43,102,4.0,0.0012775828
43,102,5.0,0.0017342689
43,102,6.0,0.0022934147
43,102,7.0,0.0027952439
43,102,8.0,0.0031808466
43,102,9.0,0.0035225514
43,102,10.0,0.0039194524
43,102,11.0,0.0044539236
43,102,12.0,0.0050612255
43,102,13.0,0.0056141056
43,102,14.0,0.0059767924
43,103,0.0,0.0055628233
43,103,1.0,0.005510748
43,103,2.0,0.005852973
43,103,3.0,0.006608482
43,103,4.0,0.0079601575
43,103,5.0,0.009814413
43,103,6.0,0.011839004
43,103,7.0,0.013481895
43,103,8.0,0.014439981
43,103,9.0,0.014987638
43,103,10.0,0.015500586
43,103,11.0,0.016289338
43,103,12.0,0.017292432
43,103,13.0,0.018217288
43,103,14.0,0.018780963
43,104,0.0,0.0071914312
43,104,1.0,0.007376633
43,104,2.0,0.00812061
43,104,3.0,0.009354538
43,104,4.0,0.011353595
43,104,5.0,0.01416119
43,104,6.0,0.017425455
43,104,7.0,0.020464122
43,104,8.0,0.022599472
43,104,9.0,0.024007618
43,104,10.0,0.02516327
43,104,11.0,0.02652937
43,104,12.0,0.028211644
43,104,13.0,0.029807927
43,104,14.0,0.030891262
43,105,0.0,0.010237563
43,105,1.0,0.012759362
43,105,2.0,0.01584787
43,105,3.0,0.019297723
43,105,4.0,0.023544522
43,105,5.0,0.028833298
43,105,6.0,0.03454559
43,105,7.0,0.03957217
43,105,8.0,0.04274565
43,105,9.0,0.044334963
43,105,10.0,0.045255087
43,105,11.0,0.04633281
43,105,12.0,0.048028015
43,105,13.0,0.04992839
43,105,14.0,0.051482525
43,106,0.0,0.00742009
43,106,1.0,0.010457612
43,106,2.0,0.014569905
43,106,3.0,0.019481076
43,106,4.0,0.025525581
43,106,5.0,0.033207178
43,106,6.0,0.04201387
43,106,7.0,0.050612092
43,106,8.0,0.057225157
43,106,9.0,0.061433252
43,106,10.0,0.064180456
43,106,11.0,0.06652968
43,106,12.0,0.06933222
43,106,13.0,0.07238644
43,106,14.0,0.0750257
43,107,0.0,0.0047907825
43,107,1.0,0.008904733
43,107,2.0,0.014571149
43,107,3.0,0.021393858
43,107,4.0,0.029331235
43,107,5.0,0.038755804
43,107,6.0,0.04905462
43,107,7.0,0.05882941
43,107,8.0,0.06632169
43,107,9.0,0.07075441
43,107,10.0,0.07323832
43,107,11.0,0.07510629
43,107,12.0,0.077517025
43,107,13.0,0.08068006
43,107,14.0,0.08385485
43,108,0.0,0.0024497008
43,108,1.0,0.0056613805
43,108,2.0,0.010911618
43,108,3.0,0.018028567
43,108,4.0,0.02693345
43,108,5.0,0.037995413
43,108,6.0,0.05079674
43,108,7.0,0.063802645
43,108,8.0,0.07486588
43,108,9.0,0.082293585
43,108,10.0,0.08681216
43,108,11.0,0.089898825
43,108,12.0,0.09303735
43,108,13.0,0.09688747
43,108,14.0,0.10074829
43,109,0.0,0.0011878432
43,109,1.0,0.003944173
43,109,2.0,0.008856948
43,109,3.0,0.015554801
43,109,4.0,0.02360904
43,109,5.0,0.033039622
43,109,6.0,0.043670192
43,109,7.0,0.054396447
43,109,8.0,0.06352712
43,109,9.0,0.06950688
43,109,10.0,0.07284525
43,109,11.0,0.07485687
43,109,12.0,0.07676622
43,109,13.0,0.0792488
43,109,14.0,0.08177828
43,110,0.0,0.0006656107
43,110,1.0,0.002308043
43,110,2.0,0.005386134
43,110,3.0,0.009722221
43,110,4.0,0.015076953
43,110,5.0,0.02151999
43,110,6.0,0.02910816
43,110,7.0,0.03713696
43,110,8.0,0.044344466
43,110,9.0,0.049329378
43,110,10.0,0.052173574
43,110,11.0,0.053861234
43,110,12.0,0.05534883
43,110,13.0,0.057281565
43,110,14.0,0.059386272
43,111,0.0,0.00034795576
43,111,1.0,0.0015076861
43,111,2.0,0.0037142313
43,111,3.0,0.006621456
43,111,4.0,0.009850646
43,111,5.0,0.013470462
43,111,6.0,0.017735533
43,111,7.0,0.022307184
43,111,8.0,0.026440032
43,111,9.0,0.029218687
43,111,10.0,0.03055811
43,111,11.0,0.03107117
43,111,12.0,0.03135416
43,111,13.0,0.031833157
43,111,14.0,0.032392874
43,112,0.0,0.00011198744
43,112,1.0,0.0004062217
43,112,2.0,0.00093935383
43,112,3.0,0.0016443792
43,112,4.0,0.0024692907
43,112,5.0,0.0034794863
43,112,6.0,0.0048195184
43,112,7.0,0.0064152633
43,112,8.0,0.007998757
43,112,9.0,0.009162368
43,112,10.0,0.009773152
43,112,11.0,0.010063334
43,112,12.0,0.010287805
43,112,13.0,0.010645144
43,112,14.0,0.011126126
43,113,0.0,3.096177e-05
43,113,1.0,0.00015601967
43,113,2.0,0.00039905868
43,113,3.0,0.0007028103
43,113,4.0,0.0010290096
43,113,5.0,0.0014258302
43,113,6.0,0.0019830556
43,113,7.0,0.00268037
43,113,8.0,0.0033859329
43,113,9.0,0.0038857139
43,113,10.0,0.004084562
43,113,11.0,0.004098337
43,113,12.0,0.004056487
43,113,13.0,0.004054916
43,113,14.0,0.0040966226
43,114,0.0,2.8808265e-06
43,114,1.0,1.128048e-05
43,114,2.0,2.6684917e-05
43,114,3.0,4.560521e-05
43,114,4.0,6.779367e-05
43,114,5.0,0.00010316827
43,114,6.0,0.00017093122
43,114,7.0,0.00027955222
43,114,8.0,0.00041399337
43,114,9.0,0.0005279886
43,114,10.0,0.00058743963
43,114,11.0,0.0006102293
43,114,12.0,0.00062458566
43,114,13.0,0.0006548801
43,114,14.0,0.000706052
43,115,0.0,7.576764e-08
43,115,1.0,1.4906444e-06
43,115,2.0,5.5712553e-06
43,115,3.0,1.0462857e-05
43,115,4.0,1.601066e-05
43,115,5.0,2.5702684e-05
43,115,6.0,4.6969428e-05
43,115,7.0,8.466072e-05
43,115,8.0,0.00013356825
43,115,9.0,0.00017310171
43,115,10.0,0.00018595943
43,115,11.0,0.00018008066
43,115,12.0,0.00016829831
43,115,13.0,0.00016024362
43,115,14.0,0.00015861212
43,116,0.0,1.100307e-08
43,116,1.0,1.0007875e-07
43,116,2.0,2.6297e-07
43,116,3.0,3.3745488e-07
43,116,4.0,3.7823162e-07
43,116,5.0,6.287721e-07
43,116,6.0,1.7165212e-06
43,116,7.0,4.775168e-06
43,116,8.0,1.0254599e-05
43,116,9.0,1.5488702e-05
43,116,10.0,1.7256943e-05
43,116,11.0,1.6582642e-05
43,116,12.0,1.548361e-05
43,116,13.0,1.5408017e-05
43,116,14.0,1.6750828e-05
43,117,0.0,0.0
43,117,1.0,4.9043786e-10
43,117,2.0,2.2043247e-08
43,117,3.0,3.8404863e-08
43,117,4.0,3.776157e-08
43,117,5.0,6.4718364e-08
43,117,6.0,2.4769042e-07
43,117,7.0,9.2920243e-07
43,117,8.0,2.3300229e-06
43,117,9.0,3.5129783e-06
43,117,10.0,3.36517e-06
43,117,11.0,2.46469e-06
43,117,12.0,1.6047186e-06
43,117,13.0,1.1038559e-06
43,117,14.0,8.80401e-07
43,118,0.0,4.9917975e-10
43,118,1.0,6.447251e-08
43,118,2.0,2.1828286e-07
43,118,3.0,2.2347197e-07
43,118,4.0,1.528594e-07
43,118,5.0,1.5762568e-07
43,118,6.0,3.608279e-07
43,118,7.0,9.873366e-07
43,118,8.0,2.091407e-06
43,118,9.0,2.8538016e-06
43,118,10.0,2.6153768e-06
43,118,11.0,1.945861e-06
43,118,12.0,1.3792549e-06
43,118,13.0,1.100802e-06
43,118,14.0,1.0433229e-06
43,119,0.0,0.0
43,119,1.0,4.8505637e-08
43,119,2.0,3.369111e-07
43,119,3.0,4.4020348e-07
43,119,4.0,3.4548617e-07
43,119,5.0,3.5120368e-07
43,119,6.0,6.9575447e-07
43,119,7.0,1.6564106e-06
43,119,8.0,3.1408495e-06
43,119,9.0,3.8939165e-06
43,119,10.0,3.2523808e-06
43,119,11.0,2.1313504e-06
43,119,12.0,1.2550186e-06
43,119,13.0,7.823541e-07
43,119,14.0,5.456032e-07
43,120,0.0,3.3888465e-09
43,120,1.0,9.467375e-07
43,120,2.0,3.7487916e-06
43,120,3.0,5.4884927e-06
43,120,4.0,5.6951153e-06
43,120,5.0,6.58689e-06
43,120,6.0,1.0266751e-05
43,120,7.0,1.7419288e-05
43,120,8.0,2.627748e-05
43,120,9.0,3.118013e-05
43,120,10.0,3.0359004e-05
43,120,11.0,2.7037788e-05
43,120,12.0,2.4060988e-05
43,120,13.0,2.3004273e-05
43,120,14.0,2.326135e-05
44,98,0.0,0.0
44,98,1.0,0.0
44,98,2.0,0.0
44,98,3.0,0.0
44,98,4.0,0.0
44,98,5.0,0.0
44,98,6.0,0.0
44,98,7.0,0.0
44,98,8.0,0.0
44,98,9.0,0.0
44,98,10.0,0.0
44,98,11.0,0.0
44,98,12.0,0.0
44,98,13.0,2.611251e-10
44,98,14.0,4.6423136e-09
44,99,0.0,8.293608e-08
44,99,1.0,5.4358143e-11
44,99,2.0,0.0
44,99,3.0,0.0
44,99,4.0,0.0
44,99,5.0,0.0
44,99,6.0,0.0
44,99,7.0,0.0
44,99,8.0,0.0
44,99,9.0,0.0
44,99,10.0,0.0
44,99,11.0,0.0
44,99,12.0,5.7139094e-12
44,99,13.0,1.1541465e-11
44,99,14.0,3.2889288e-12
44,100,0.0,1.8435043e-06
44,100,1.0,4.2334315e-07
44,100,2.0,9.912867e-08
44,100,3.0,1.672235e-08
44,100,4.0,2.9295597e-10
44,100,5.0,0.0
44,100,6.0,0.0
44,100,7.0,0.0
44,100,8.0,0.0
44,100,9.0,0.0
44,100,10.0,1.4822992e-09
44,100,11.0,7.154683e-08
44,100,12.0,3.0012419e-07
44,100,13.0,5.6744636e-07
44,100,14.0,7.978733e-07
44,101,0.0,7.047599e-08
44,101,1.0,0.0
44,101,2.0,0.0
44,101,3.0,0.0
44,101,4.0,0.0
44,101,5.0,0.0
44,101,6.0,0.0
44,101,7.0,0.0
44,101,8.0,0.0
44,101,9.0,0.0
44,101,10.0,5.401468e-10
44,101,11.0,1.2003201e-07
44,101,12.0,7.31526e-07
44,101,13.0,1.6022665e-06
44,101,14.0,2.307222e-06
44,102,0.0,3.2672144e-06
44,102,1.0,5.116897e-07
44,102,2.0,4.29454e-08
44,102,3.0,1.7016957e-10
44,102,4.0,0.0
44,102,5.0,0.0
44,102,6.0,0.0
44,102,7.0,0.0
44,102,8.0,0.0
44,102,9.0,0.0
44,102,10.0,0.0
44,102,11.0,0.0
44,102,12.0,8.9872364e-14
44,102,13.0,9.320201e-10
44,102,14.0,5.311275e-09
44,103,0.0,6.7568867e-06
44,103,1.0,6.8546353e-07
44,103,2.0,8.894648e-08
44,103,3.0,4.4986184e-08
44,103,4.0,8.927634e-08
44,103,5.0,2.4205775e-07
44,103,6.0,5.097993e-07
44,103,7.0,9.024946e-07
44,103,8.0,1.744722e-06
44,103,9.0,4.146906e-06
44,103,10.0,1.1525326e-05
44,103,11.0,2.9589588e-05
44,103,12.0,6.259088e-05
44,103,13.0,0.0001070633
44,103,14.0,0.00015039025
44,104,0.0,6.828172e-05
44,104,1.0,2.7765484e-05
44,104,2.0,1.1135897e-05
44,104,3.0,4.385504e-06
44,104,4.0,1.7151619e-06
44,104,5.0,6.7877187e-07
44,104,6.0,2.7530734e-07
44,104,7.0,1.7025191e-07
44,104,8.0,2.570922e-07
44,104,9.0,9.027861e-07
44,104,10.0,3.7364518e-06
44,104,11.0,1.1832987e-05
44,104,12.0,2.7021688e-05
44,104,13.0,4.6007724e-05
44,104,14.0,6.4548105e-05
44,105,0.0,4.8203794e-05
44,105,1.0,2.370969e-05
44,105,2.0,1.8794262e-05
44,105,3.0,2.1613025e-05
44,105,4.0,3.1976484e-05
44,105,5.0,5.1478117e-05
44,105,6.0,8.030302e-05
44,105,7.0,0.00011413467
44,105,8.0,0.00015400925
44,105,9.0,0.00021275884
44,105,10.0,0.00031503328
44,105,11.0,0.0005015488
44,105,12.0,0.00079720875
44,105,13.0,0.0011934596
44,105,14.0,0.001638224
44,106,0.0,0.0002131167
44,106,1.0,0.00016680134
44,106,2.0,0.00014636891
44,106,3.0,0.00015317366
44,106,4.0,0.00018911375
44,106,5.0,0.00024877337
44,106,6.0,0.00032049994
44,106,7.0,0.00040473227
44,106,8.0,0.0005248005
44,106,9.0,0.00072244625
44,106,10.0,0.0010558155
44,106,11.0,0.0015328635
44,106,12.0,0.0021018952
44,106,13.0,0.0026574875
44,106,14.0,0.0030864878
44,107,0.0,0.00027784638
44,107,1.0,0.00033564778
44,107,2.0,0.00046856943
44,107,3.0,0.00067562197
44,107,4.0,0.0009909507
44,107,5.0,0.0014540231
44,107,6.0,0.0020643766
44,107,7.0,0.002771388
44,107,8.0,0.0034866664
44,107,9.0,0.00423721
44,107,10.0,0.005155265
44,107,11.0,0.0064397044
44,107,12.0,0.008288974
44,107,13.0,0.010657167
44,107,14.0,0.013340796
44,108,0.0,0.000884188
44,108,1.0,0.0013013213
44,108,2.0,0.0018997111
44,108,3.0,0.0028235344
44,108,4.0,0.0041873953
44,108,5.0,0.0059816986
44,108,6.0,0.00803389
44,108,7.0,0.010085168
44,108,8.0,0.012151134
44,108,9.0,0.014423934
44,108,10.0,0.017206801
44,108,11.0,0.020560175
44,108,12.0,0.02403493
44,108,13.0,0.027088849
44,108,14.0,0.029211864
44,109,0.0,0.0010171368
44,109,1.0,0.002041424
44,109,2.0,0.0037239995
44,109,3.0,0.0060877902
44,109,4.0,0.009134454
44,109,5.0,0.01292996
44,109,6.0,0.017371232
44,109,7.0,0.022089886
44,109,8.0,0.02654242
44,109,9.0,0.030363178
44,109,10.0,0.03398804
44,109,11.0,0.038106877
44,109,12.0,0.04348114
44,109,13.0,0.050467428
44,109,14.0,0.05843869
44,110,0.0,0.0027090001
44,110,1.0,0.0052889
44,110,2.0,0.008812236
44,110,3.0,0.0135064
44,110,4.0,0.019668939
44,110,5.0,0.027106555
44,110,6.0,0.0350735
44,110,7.0,0.042396024
44,110,8.0,0.048382774
44,110,9.0,0.053491905
44,110,10.0,0.058586072
44,110,11.0,0.064614624
44,110,12.0,0.071365565
44,110,13.0,0.07770957
44,110,14.0,0.08246809
44,111,0.0,0.0019021953
44,111,1.0,0.0047923974
44,111,2.0,0.009626223
44,111,3.0,0.016188664
44,111,4.0,0.024013195
44,111,5.0,0.032704763
44,111,6.0,0.04193519
44,111,7.0,0.050906472
44,111,8.0,0.058756974
44,111,9.0,0.06481576
44,111,10.0,0.06935834
44,111,11.0,0.07359591
44,111,12.0,0.07867815
44,111,13.0,0.085498
44,111,14.0,0.09382294
44,112,0.0,0.0022635884
44,112,1.0,0.005044049
44,112,2.0,0.008834268
44,112,3.0,0.013589014
44,112,4.0,0.019359754
44,112,5.0,0.026120719
44,112,6.0,0.033365656
44,112,7.0,0.040231317
44,112,8.0,0.045698278
44,112,9.0,0.04963121
44,112,10.0,0.052785914
44,112,11.0,0.056065444
44,112,12.0,0.060198165
44,112,13.0,0.064724565
44,112,14.0,0.0686237
44,113,0.0,0.0010127068
44,113,1.0,0.0028488238
44,113,2.0,0.005968689
44,113,3.0,0.010131213
44,113,4.0,0.014820101
44,113,5.0,0.01960982
44,113,6.0,0.024314584
44,113,7.0,0.028723642
44,113,8.0,0.03249761
44,113,9.0,0.0352658
44,113,10.0,0.03682476
44,113,11.0,0.037752736
44,113,12.0,0.038754243
44,113,13.0,0.040375143
44,113,14.0,0.042881403
44,114,0.0,0.0003794283
44,114,1.0,0.0010606226
44,114,2.0,0.002137214
44,114,3.0,0.0035897377
44,114,4.0,0.005436829
44,114,5.0,0.0077345157
44,114,6.0,0.010443698
44,114,7.0,0.01326638
44,114,8.0,0.0157483
44,114,9.0,0.017444804
44,114,10.0,0.018430028
44,114,11.0,0.019088222
44,114,12.0,0.019813187
44,114,13.0,0.020898148
44,114,14.0,0.02217289
44,115,0.0,7.9029465e-05
44,115,1.0,0.00027560943
44,115,2.0,0.00068018347
44,115,3.0,0.001304812
44,115,4.0,0.002078665
44,115,5.0,0.0029123258
44,115,6.0,0.0037705402
44,115,7.0,0.004658326
44,115,8.0,0.005480277
44,115,9.0,0.006102342
44,115,10.0,0.006398496
44,115,11.0,0.006420034
44,115,12.0,0.00635286
44,115,13.0,0.006346202
44,115,14.0,0.0065076416
44,116,0.0,3.930282e-06
44,116,1.0,1.9656074e-05
44,116,2.0,6.425011e-05
44,116,3.0,0.00015499206
44,116,4.0,0.00030957023
44,116,5.0,0.00054515194
44,116,6.0,0.00087912404
44,116,7.0,0.001299175
44,116,8.0,0.0017336591
44,116,9.0,0.0020729124
44,116,10.0,0.0022315155
44,116,11.0,0.002254954
44,116,12.0,0.002237917
44,116,13.0,0.0022676953
44,116,14.0,0.0024047978
44,117,0.0,1.2135632e-06
44,117,1.0,5.547119e-06
44,117,2.0,1.9685405e-05
44,117,3.0,4.9674058e-05
44,117,4.0,9.336081e-05
44,117,5.0,0.00014468687
44,117,6.0,0.00020297887
44,117,7.0,0.0002715482
44,117,8.0,0.0003406541
44,117,9.0,0.00039105944
44,117,10.0,0.00040262044
44,117,11.0,0.00037520425
44,117,12.0,0.00033469455
44,117,13.0,0.0003019341
44,117,14.0,0.0002893169
44,118,0.0,0.0
44,118,1.0,0.0
44,118,2.0,1.094932e-09
44,118,3.0,8.4551935e-08
44,118,4.0,7.2340026e-07
44,118,5.0,3.0564559e-06
44,118,6.0,8.981852e-06
44,118,7.0,2.0949714e-05
44,118,8.0,3.8961316e-05
44,118,9.0,5.7838643e-05
44,118,10.0,6.914939e-05
44,118,11.0,6.9471855e-05
44,118,12.0,6.551399e-05
44,118,13.0,6.446131e-05
44,118,14.0,7.158812e-05
44,119,0.0,1.9878943e-08
44,119,1.0,1.7133355e-07
44,119,2.0,1.0848104e-06
44,119,3.0,3.4635361e-06
44,119,4.0,6.7448364e-06
44,119,5.0,9.835126e-06
44,119,6.0,1.2703337e-05
44,119,7.0,1.593164e-05
44,119,8.0,1.8577508e-05
44,119,9.0,1.8857812e-05
44,119,10.0,1.565852e-05
44,119,11.0,1.0426894e-05
44,119,12.0,6.104645e-06
44,119,13.0,3.598588e-06
44,119,14.0,2.5583236e-06
44,120,0.0,1.1998295e-08
44,120,1.0,3.0640485e-10
44,120,2.0,4.2730736e-10
44,120,3.0,3.0494918e-09
44,120,4.0,1.1801426e-08
44,120,5.0,3.504269e-08
44,120,6.0,9.890709e-08
44,120,7.0,2.8437557e-07
44,120,8.0,7.3337645e-07
44,120,9.0,1.4263464e-06
44,120,10.0,2.0262517e-06
44,120,11.0,2.1075023e-06
44,120,12.0,1.8314448e-06
44,120,13.0,1.6739582e-06
44,120,14.0,1.9459446e-06
44,121,0.0,1.4159354e-12
44,121,1.0,4.7706425e-08
44,121,2.0,7.530345e-07
44,121,3.0,2.660053e-06
44,121,4.0,4.8370284e-06
44,121,5.0,6.2310583e-06
44,121,6.0,6.9012876e-06
44,121,7.0,7.4187083e-06
44,121,8.0,7.3950973e-06
44,121,9.0,6.2938557e-06
44,121,10.0,4.129614e-06
44,121,11.0,1.9839451e-06
44,121,12.0,7.614082e-07
44,121,13.0,2.817387e-07
44,121,14.0,1.4679966e-07
44,122,0.0,3.112369e-08
44,122,1.0,8.3501026e-11
44,122,2.0,0.0
44,122,3.0,0.0
44,122,4.0,0.0
44,122,5.0,0.0
44,122,6.0,0.0
44,122,7.0,0.0
44,122,8.0,0.0
44,122,9.0,0.0
44,122,10.0,0.0
44,122,11.0,0.0
44,122,12.0,0.0
44,122,13.0,0.0
44,122,14.0,0.0
44,123,0.0,0.0
44,123,1.0,4.286704e-11
44,123,2.0,1.99941e-07
44,123,3.0,1.2252648e-06
44,123,4.0,2.4968247e-06
44,123,5.0,3.2265204e-06
44,123,6.0,3.4324073e-06
44,123,7.0,3.4621964e-06
44,123,8.0,3.200544e-06
44,123,9.0,2.4606475e-06
44,123,10.0,1.3664963e-06
44,123,11.0,5.2635204e-07
44,123,12.0,1.5746589e-07
44,123,13.0,4.9699818e-08
44,123,14.0,3.1551163e-08
44,124,0.0,0.0
44,124,1.0,0.0
44,124,2.0,0.0
44,124,3.0,0.0
44,124,4.0,0.0
44,124,5.0,0.0
44,124,6.0,0.0
44,124,7.0,0.0
44,124,8.0,0.0
44,124,9.0,0.0
44,124,10.0,0.0
44,124,11.0,0.0
44,124,12.0,0.0
44,124,13.0,0.0
44,124,14.0,0.0
45,100,0.0,4.3467693e-08
45,100,1.0,9.043432e-09
45,100,2.0,1.6001248e-09
45,100,3.0,1.2845388e-09
45,100,4.0,3.2862024e-09
45,100,5.0,5.5144502e-09
45,100,6.0,1.442844e-09
45,100,7.0,3.1674213e-13
45,100,8.0,0.0
45,100,9.0,0.0
45,100,10.0,0.0
45,100,11.0,0.0
45,100,12.0,0.0
45,100,13.0,0.0
45,100,14.0,0.0
45,101,0.0,1.631669e-11
45,101,1.0,0.0
45,101,2.0,0.0
45,101,3.0,0.0
45,101,4.0,0.0
45,101,5.0,1.384576e-10
45,101,6.0,3.690749e-10
45,101,7.0,3.776367e-12
45,101,8.0,0.0
45,101,9.0,0.0
45,101,10.0,0.0
45,101,11.0,0.0
45,101,12.0,0.0
45,101,13.0,0.0
45,101,14.0,0.0
45,102,0.0,1.7270497e-07
45,102,1.0,6.187575e-09
45,102,2.0,9.169247e-11
45,102,3.0,1.454102e-10
45,102,4.0,3.8697663e-09
45,102,5.0,3.0282195e-08
45,102,6.0,6.846777e-08
45,102,7.0,4.6480306e-08
45,102,8.0,1.23908e-08
45,102,9.0,1.6090101e-09
45,102,10.0,2.7989355e-10
45,102,11.0,2.3021979e-10
45,102,12.0,2.822667e-10
45,102,13.0,1.2365733e-10
45,102,14.0,2.332199e-13
45,103,0.0,1.13560525e-07
45,103,1.0,3.6672543e-09
45,103,2.0,2.5076693e-10
45,103,3.0,2.1214452e-09
45,103,4.0,4.4413575e-08
45,103,5.0,2.9014194e-07
45,103,6.0,7.2195985e-07
45,103,7.0,7.864812e-07
45,103,8.0,5.195689e-07
45,103,9.0,2.9015686e-07
45,103,10.0,2.0314772e-07
45,103,11.0,2.3131429e-07
45,103,12.0,3.328173e-07
45,103,13.0,4.676113e-07
45,103,14.0,5.588217e-07
45,104,0.0,8.7597016e-08
45,104,1.0,3.933356e-10
45,104,2.0,0.0
45,104,3.0,1.3669871e-11
45,104,4.0,9.9651984e-09
45,104,5.0,1.6417864e-07
45,104,6.0,6.5704484e-07
45,104,7.0,1.0250814e-06
45,104,8.0,8.7309337e-07
45,104,9.0,5.6831936e-07
45,104,10.0,3.8232992e-07
45,104,11.0,3.5484481e-07
45,104,12.0,4.1191242e-07
45,104,13.0,4.7693385e-07
45,104,14.0,4.7499293e-07
45,105,0.0,4.834873e-09
45,105,1.0,0.0
45,105,2.0,0.0
45,105,3.0,2.411903e-10
45,105,4.0,5.1947765e-08
45,105,5.0,5.921968e-07
45,105,6.0,2.173209e-06
45,105,7.0,3.9321503e-06
45,105,8.0,4.388892e-06
45,105,9.0,4.0275554e-06
45,105,10.0,3.8059338e-06
45,105,11.0,4.42585e-06
45,105,12.0,6.1822666e-06
45,105,13.0,9.0244475e-06
45,105,14.0,1.2637711e-05
45,106,0.0,0.0
45,106,1.0,0.0
45,106,2.0,0.0
45,106,3.0,0.0
45,106,4.0,1.6705965e-09
45,106,5.0,2.1589823e-07
45,106,6.0,1.5891138e-06
45,106,7.0,4.2414995e-06
45,106,8.0,6.0732104e-06
45,106,9.0,6.463502e-06
45,106,10.0,6.412788e-06
45,106,11.0,7.0433534e-06
45,106,12.0,8.990862e-06
45,106,13.0,1.2019981e-05
45,106,14.0,1.5569489e-05
45,107,0.0,0.0
45,107,1.0,0.0
45,107,2.0,5.330919e-13
45,107,3.0,3.174237e-08
45,107,4.0,7.663149e-07
45,107,5.0,5.1447505e-06
45,107,6.0,1.7657334e-05
45,107,7.0,3.809807e-05
45,107,8.0,5.6799498e-05
45,107,9.0,6.900173e-05
45,107,10.0,7.8998164e-05
45,107,11.0,9.429464e-05
45,107,12.0,0.00012290667
45,107,13.0,0.00016660975
45,107,14.0,0.00022233608
45,108,0.0,2.3030787e-10
45,108,1.0,2.0408637e-08
45,108,2.0,3.6231054e-07
45,108,3.0,2.6653295e-06
45,108,4.0,1.2215289e-05
45,108,5.0,4.0369e-05
45,108,6.0,9.8953664e-05
45,108,7.0,0.00018480519
45,108,8.0,0.00026755658
45,108,9.0,0.0003254232
45,108,10.0,0.00036833895
45,108,11.0,0.00041792888
45,108,12.0,0.0004984493
45,108,13.0,0.0006131746
45,108,14.0,0.0007493073
45,109,0.0,8.4698127e-07
45,109,1.0,7.5023772e-06
45,109,2.0,3.236695e-05
45,109,3.0,9.542989e-05
45,109,4.0,0.00022381681
45,109,5.0,0.0004666097
45,109,6.0,0.0008600922
45,109,7.0,0.001376108
45,109,8.0,0.0018907908
45,109,9.0,0.0023000597
45,109,10.0,0.0026393668
45,109,11.0,0.002994768
45,109,12.0,0.0034660855
45,109,13.0,0.004075511
45,109,14.0,0.0047588865
45,110,0.0,1.6613354e-05
45,110,1.0,8.300946e-05
45,110,2.0,0.00025190864
45,110,3.0,0.00057455455
45,110,4.0,0.0011099475
45,110,5.0,0.001973168
45,110,6.0,0.003234072
45,110,7.0,0.0047942325
45,110,8.0,0.0063491026
45,110,9.0,0.0076075885
45,110,10.0,0.008640381
45,110,11.0,0.009653157
45,110,12.0,0.010883071
45,110,13.0,0.0124202045
45,110,14.0,0.014120704
45,111,0.0,0.00014273942
45,111,1.0,0.000578257
45,111,2.0,0.0014844707
45,111,3.0,0.0029220611
45,111,4.0,0.004937793
45,111,5.0,0.0077566016
45,111,6.0,0.011490658
45,111,7.0,0.015833566
45,111,8.0,0.020073758
45,111,9.0,0.023478236
45,111,10.0,0.026164345
45,111,11.0,0.02858171
45,111,12.0,0.031228494
45,111,13.0,0.034334075
45,111,14.0,0.03756258
45,112,0.0,0.00037981814
45,112,1.0,0.0013422278
45,112,2.0,0.0031064483
45,112,3.0,0.005652489
45,112,4.0,0.009020614
45,112,5.0,0.013543973
45,112,6.0,0.019419529
45,112,7.0,0.02623032
45,112,8.0,0.0330017
45,112,9.0,0.038616933
45,112,10.0,0.04317379
45,112,11.0,0.04734275
45,112,12.0,0.051884573
45,112,13.0,0.05727696
45,112,14.0,0.06314592
45,113,0.0,0.0010950618
45,113,1.0,0.003317828
45,113,2.0,0.006943773
45,113,3.0,0.011762872
45,113,4.0,0.017694995
45,113,5.0,0.02515047
45,113,6.0,0.034377415
45,113,7.0,0.044649042
45,113,8.0,0.054509483
45,113,9.0,0.06230654
45,113,10.0,0.068114996
45,113,11.0,0.072877884
45,113,12.0,0.07760393
45,113,13.0,0.08295723
45,113,14.0,0.088449664
45,114,0.0,0.0010004971
45,114,1.0,0.002847858
45,114,2.0,0.0056322226
45,114,3.0,0.009054481
45,114,4.0,0.013094365
45,114,5.0,0.018170197
45,114,6.0,0.024634764
45,114,7.0,0.03209498
45,114,8.0,0.039588597
45,114,9.0,0.045888577
45,114,10.0,0.05100168
45,114,11.0,0.055679936
45,114,12.0,0.06077088
45,114,13.0,0.06692065
45,114,14.0,0.07384515
45,115,0.0,0.0012857085
45,115,1.0,0.0033155857
45,115,2.0,0.006245452
45,115,3.0,0.009745532
45,115,4.0,0.013751146
45,115,5.0,0.018679999
45,115,6.0,0.024867345
45,115,7.0,0.03186453
45,115,8.0,0.03865593
45,115,9.0,0.043972634
45,115,10.0,0.047779344
45,115,11.0,0.050818224
45,115,12.0,0.05387976
45,115,13.0,0.05758074
45,115,14.0,0.061783966
45,116,0.0,0.0003654485
45,116,1.0,0.0009750503
45,116,2.0,0.0018369411
45,116,3.0,0.0028523284
45,116,4.0,0.0040740403
45,116,5.0,0.005738021
45,116,6.0,0.008058362
45,116,7.0,0.010937496
45,116,8.0,0.0139927035
45,116,9.0,0.01664801
45,116,10.0,0.018854843
45,116,11.0,0.020934753
45,116,12.0,0.023273721
45,116,13.0,0.026211025
45,116,14.0,0.02972251
45,117,0.0,0.00020208737
45,117,1.0,0.00056630844
45,117,2.0,0.0011336184
45,117,3.0,0.0018498312
45,117,4.0,0.002714627
45,117,5.0,0.003887705
45,117,6.0,0.005513948
45,117,7.0,0.007493142
45,117,8.0,0.009493213
45,117,9.0,0.0110491505
45,117,10.0,0.01212372
45,117,11.0,0.012961657
45,117,12.0,0.013853606
45,117,13.0,0.015045843
45,117,14.0,0.016508546
45,118,0.0,1.3165272e-05
45,118,1.0,5.524202e-05
45,118,2.0,0.0001287153
45,118,3.0,0.00022249359
45,118,4.0,0.00034280343
45,118,5.0,0.00053640973
45,118,6.0,0.00085162814
45,118,7.0,0.0012877414
45,118,8.0,0.0017757257
45,118,9.0,0.002194543
45,118,10.0,0.0025380547
45,118,11.0,0.0028774403
45,118,12.0,0.0033037767
45,118,13.0,0.003905436
45,118,14.0,0.004685053
45,119,0.0,1.8941154e-06
45,119,1.0,1.7845941e-05
45,119,2.0,5.9157413e-05
45,119,3.0,0.000118379285
45,119,4.0,0.0001944254
45,119,5.0,0.0003132795
45,119,6.0,0.0005000096
45,119,7.0,0.00074378017
45,119,8.0,0.0009857673
45,119,9.0,0.0011449524
45,119,10.0,0.0012271468
45,119,11.0,0.0012796681
45,119,12.0,0.0013543686
45,119,13.0,0.0014866211
45,119,14.0,0.0016648158
45,120,0.0,6.906296e-15
45,120,1.0,3.1682833e-07
45,120,2.0,3.021921e-06
45,120,3.0,7.708677e-06
45,120,4.0,1.34389065e-05
45,120,5.0,2.3974702e-05
45,120,6.0,4.351204e-05
45,120,7.0,7.1999726e-05
45,120,8.0,0.000100811056
45,120,9.0,0.00011818874
45,120,10.0,0.00012799799
45,120,11.0,0.00013937979
45,120,12.0,0.00016170475
45,120,13.0,0.0002016518
45,120,14.0,0.00025806
45,121,0.0,0.0
45,121,1.0,2.2335988e-07
45,121,2.0,3.3042209e-06
45,121,3.0,8.677092e-06
45,121,4.0,1.4325562e-05
45,121,5.0,2.304009e-05
45,121,6.0,3.661839e-05
45,121,7.0,5.2366864e-05
45,121,8.0,6.21005e-05
45,121,9.0,6.045884e-05
45,121,10.0,5.3267926e-05
45,121,11.0,4.6520847e-05
45,121,12.0,4.3796503e-05
45,121,13.0,4.5305456e-05
45,121,14.0,4.8829315e-05
45,122,0.0,0.0
45,122,1.0,3.3640518e-08
45,122,2.0,7.2804346e-07
45,122,3.0,1.6828411e-06
45,122,4.0,2.162413e-06
45,122,5.0,2.894049e-06
45,122,6.0,4.05125e-06
45,122,7.0,5.1418087e-06
45,122,8.0,5.089198e-06
45,122,9.0,3.9125607e-06
45,122,10.0,2.7917354e-06
45,122,11.0,2.2182737e-06
45,122,12.0,2.267412e-06
45,122,13.0,2.8111672e-06
45,122,14.0,3.6095923e-06
45,123,0.0,0.0
45,123,1.0,4.269067e-07
45,123,2.0,3.1399645e-06
45,123,3.0,5.109419e-06
45,123,4.0,5.0842564e-06
45,123,5.0,5.1601824e-06
45,123,6.0,5.6149706e-06
45,123,7.0,5.7367583e-06
45,123,8.0,4.5538623e-06
45,123,9.0,2.7376605e-06
45,123,10.0,1.4147042e-06
45,123,11.0,7.407082e-07
45,123,12.0,4.8384777e-07
45,123,13.0,3.8171902e-07
45,123,14.0,3.0139262e-07
45,124,0.0,0.0
45,124,1.0,4.181882e-08
45,124,2.0,3.5966397e-07
45,124,3.0,4.4423476e-07
45,124,4.0,3.1146917e-07
45,124,5.0,2.4957322e-07
45,124,6.0,2.3524065e-07
45,124,7.0,1.9362012e-07
45,124,8.0,8.720768e-08
45,124,9.0,1.8651798e-08
45,124,10.0,2.0011408e-09
45,124,11.0,2.1423735e-10
45,124,12.0,1.8914965e-10
45,124,13.0,5.1813914e-10
45,124,14.0,8.450164e-10
45,125,0.0,2.955114e-12
45,125,1.0,2.8088178e-07
45,125,2.0,8.623733e-07
45,125,3.0,6.886084e-07
45,125,4.0,4.387151e-07
45,125,5.0,3.5946442e-07
45,125,6.0,3.4411562e-07
45,125,7.0,2.7494573e-07
45,125,8.0,1.1788258e-07
45,125,9.0,2.3764894e-08
45,125,10.0,1.907888e-09
45,125,11.0,5.626323e-11
45,125,12.0,2.8829708e-12
45,125,13.0,3.6302057e-13
45,125,14.0,0.0
45,126,0.0,0.0
45,126,1.0,5.1315228e-09
45,126,2.0,7.524416e-09
45,126,3.0,9.921808e-10
45,126,4.0,1.1205868e-10
45,126,5.0,2.1174831e-10
45,126,6.0,7.784535e-10
45,126,7.0,5.90816e-10
45,126,8.0,3.1716014e-12
45,126,9.0,0.0
45,126,10.0,0.0
45,126,11.0,0.0
45,126,12.0,0.0
45,126,13.0,0.0
45,126,14.0,0.0
45,127,0.0,3.4189946e-09
45,127,1.0,1.45083705e-08
45,127,2.0,3.6018835e-09
45,127,3.0,1.6824568e-10
45,127,4.0,5.5018608e-11
45,127,5.0,6.949927e-10
45,127,6.0,4.318157e-09
45,127,7.0,5.450045e-09
45,127,8.0,8.354817e-10
45,127,9.0,7.520311e-14
45,127,10.0,0.0
45,127,11.0,0.0
45,127,12.0,0.0
45,127,13.0,0.0
45,127,14.0,0.0
45,128,0.0,8.263587e-08
45,128,1.0,7.7820586e-09
45,128,2.0,2.4579748e-14
45,128,3.0,0.0
45,128,4.0,0.0
45,128,5.0,4.0299405e-14
45,128,6.0,1.3497014e-09
45,128,7.0,5.777915e-09
45,128,8.0,2.4777091e-09
45,128,9.0,1.1728184e-10
45,128,10.0,0.0
45,128,11.0,0.0
45,128,12.0,3.8881724e-18
45,128,13.0,4.8587905e-12
45,128,14.0,1.1058078e-11
46,102,0.0,0.0
46,102,1.0,0.0
46,102,2.0,0.0
46,102,3.0,1.0040564e-09
46,102,4.0,1.9015449e-08
46,102,5.0,3.7878603e-08
46,102,6.0,2.6094213e-08
46,102,7.0,1.3447097e-08
46,102,8.0,1.4332675e-08
46,102,9.0,4.7298688e-08
46,102,10.0,1.6538371e-07
46,102,11.0,3.751394e-07
46,102,12.0,4.969162e-07
46,102,13.0,3.95347e-07
46,102,14.0,2.4236036e-07
46,103,0.0,0.0
46,103,1.0,0.0
46,103,2.0,0.0
46,103,3.0,0.0
46,103,4.0,0.0
46,103,5.0,0.0
46,103,6.0,0.0
46,103,7.0,0.0
46,103,8.0,0.0
46,103,9.0,0.0
46,103,10.0,0.0
46,103,11.0,4.138614e-12
46,103,12.0,1.4946256e-09
46,103,13.0,4.700275e-09
46,103,14.0,8.412279e-09
46,104,0.0,3.102897e-07
46,104,1.0,4.784089e-07
46,104,2.0,1.398641e-06
46,104,3.0,4.1500075e-06
46,104,4.0,8.668272e-06
46,104,5.0,1.1966338e-05
46,104,6.0,1.1514112e-05
46,104,7.0,9.324782e-06
46,104,8.0,7.776874e-06
46,104,9.0,8.099065e-06
46,104,10.0,9.990265e-06
46,104,11.0,1.2112e-05
46,104,12.0,1.2696782e-05
46,104,13.0,1.061459e-05
46,104,14.0,7.3794854e-06
46,105,0.0,0.0
46,105,1.0,0.0
46,105,2.0,0.0
46,105,3.0,0.0
46,105,4.0,0.0
46,105,5.0,0.0
46,105,6.0,0.0
46,105,7.0,0.0
46,105,8.0,0.0
46,105,9.0,0.0
46,105,10.0,0.0
46,105,11.0,1.3611066e-19
46,105,12.0,5.459276e-09
46,105,13.0,4.8904873e-08
46,105,14.0,1.237801e-07
46,106,0.0,0.0
46,106,1.0,0.0
46,106,2.0,1.2694308e-10
46,106,3.0,2.5757128e-08
46,106,4.0,1.7046582e-07
46,106,5.0,3.155543e-07
46,106,6.0,2.2051975e-07
46,106,7.0,7.594664e-08
46,106,8.0,1.866988e-08
46,106,9.0,9.1742525e-09
46,106,10.0,1.8476333e-08
46,106,11.0,5.234535e-08
46,106,12.0,1.07680265e-07
46,106,13.0,1.3381576e-07
46,106,14.0,1.0780894e-07
46,107,0.0,0.0
46,107,1.0,0.0
46,107,2.0,0.0
46,107,3.0,0.0
46,107,4.0,0.0
46,107,5.0,0.0
46,107,6.0,0.0
46,107,7.0,0.0
46,107,8.0,0.0
46,107,9.0,0.0
46,107,10.0,0.0
46,107,11.0,0.0
46,107,12.0,2.5375121e-10
46,107,13.0,4.651711e-08
46,107,14.0,3.233275e-07
46,108,0.0,0.0
46,108,1.0,0.0
46,108,2.0,0.0
46,108,3.0,0.0
46,108,4.0,1.1529478e-13
46,108,5.0,6.1729977e-10
46,108,6.0,6.8943445e-10
46,108,7.0,5.330509e-11
46,108,8.0,7.037072e-13
46,108,9.0,3.739563e-11
46,108,10.0,5.936055e-09
46,108,11.0,1.0530783e-07
46,108,12.0,6.0950106e-07
46,108,13.0,1.8479395e-06
46,108,14.0,3.6974138e-06
46,109,0.0,0.0
46,109,1.0,0.0
46,109,2.0,0.0
46,109,3.0,2.2991704e-09
46,109,4.0,7.259633e-08
46,109,5.0,3.8937145e-07
46,109,6.0,9.4227886e-07
46,109,7.0,1.3751237e-06
46,109,8.0,1.5149378e-06
46,109,9.0,1.7731096e-06
46,109,10.0,2.8423303e-06
46,109,11.0,6.5932545e-06
46,109,12.0,1.7276461e-05
46,109,13.0,4.1138923e-05
46,109,14.0,8.344558e-05
46,110,0.0,0.0
46,110,1.0,0.0
46,110,2.0,2.985714e-08
46,110,3.0,8.389225e-07
46,110,4.0,4.6153737e-06
46,110,5.0,1.239679e-05
46,110,6.0,2.1770526e-05
46,110,7.0,3.0515224e-05
46,110,8.0,4.1367344e-05
46,110,9.0,6.12883e-05
46,110,10.0,0.000104464874
46,110,11.0,0.00018791125
46,110,12.0,0.00032228633
46,110,13.0,0.0005032303
46,110,14.0,0.0007063861
46,111,0.0,1.9068467e-06
46,111,1.0,1.10116835e-05
46,111,2.0,3.5070472e-05
46,111,3.0,8.1134065e-05
46,111,4.0,0.00015565533
46,111,5.0,0.00026261102
46,111,6.0,0.00039498793
46,111,7.0,0.00053276814
46,111,8.0,0.0006500046
46,111,9.0,0.00075900886
46,111,10.0,0.0009058404
46,111,11.0,0.001154273
46,111,12.0,0.0015847376
46,111,13.0,0.0022320363
46,111,14.0,0.003084891
46,112,0.0,3.6691497e-06
46,112,1.0,3.0825802e-05
46,112,2.0,0.00010917895
46,112,3.0,0.00026690343
46,112,4.0,0.0005214434
46,112,5.0,0.00086928793
46,112,6.0,0.0012749289
46,112,7.0,0.0016854672
46,112,8.0,0.0021246849
46,112,9.0,0.0026889872
46,112,10.0,0.00354092
46,112,11.0,0.0048279124
46,112,12.0,0.0065424102
46,112,13.0,0.0085714925
46,112,14.0,0.010701038
46,113,0.0,0.00029550106
46,113,1.0,0.0009911335
46,113,2.0,0.0022093928
46,113,3.0,0.0038562876
46,113,4.0,0.005778374
46,113,5.0,0.007945503
46,113,6.0,0.010262913
46,113,7.0,0.012516647
46,113,8.0,0.014446543
46,113,9.0,0.015981147
46,113,10.0,0.017492352
46,113,11.0,0.019431805
46,113,12.0,0.022250794
46,113,13.0,0.026111357
46,113,14.0,0.030672329
46,114,0.0,0.00047712272
46,114,1.0,0.001439167
46,114,2.0,0.0029721707
46,114,3.0,0.004955138
46,114,4.0,0.0073527684
46,114,5.0,0.010112777
46,114,6.0,0.012991893
46,114,7.0,0.015656164
46,114,8.0,0.018128486
46,114,9.0,0.020829873
46,114,10.0,0.02433407
46,114,11.0,0.029217405
46,114,12.0,0.035362214
46,114,13.0,0.042237055
46,114,14.0,0.04911893
46,115,0.0,0.0019881201
46,115,1.0,0.005419938
46,115,2.0,0.010677094
46,115,3.0,0.01714218
46,115,4.0,0.02412122
46,115,5.0,0.031498715
46,115,6.0,0.03914027
46,115,7.0,0.046511166
46,115,8.0,0.05292212
46,115,9.0,0.05782032
46,115,10.0,0.061813887
46,115,11.0,0.06599733
46,115,12.0,0.07137969
46,115,13.0,0.07862568
46,115,14.0,0.08707411
46,116,0.0,0.0017973974
46,116,1.0,0.004541406
46,116,2.0,0.008548833
46,116,3.0,0.013477042
46,116,4.0,0.019341892
46,116,5.0,0.026000315
46,116,6.0,0.03282192
46,116,7.0,0.03898628
46,116,8.0,0.04406341
46,116,9.0,0.048711516
46,116,10.0,0.05393998
46,116,11.0,0.06084664
46,116,12.0,0.06968783
46,116,13.0,0.07955764
46,116,14.0,0.08934763
46,117,0.0,0.0014269279
46,117,1.0,0.0043082694
46,117,2.0,0.008966131
46,117,3.0,0.014763971
46,117,4.0,0.021006227
46,117,5.0,0.027455686
46,117,6.0,0.034043796
46,117,7.0,0.040350273
46,117,8.0,0.045796067
46,117,9.0,0.049811218
46,117,10.0,0.05265735
46,117,11.0,0.055290822
46,117,12.0,0.05859777
46,117,13.0,0.06328232
46,117,14.0,0.06917974
46,118,0.0,0.0006632641
46,118,1.0,0.0019456655
46,118,2.0,0.0042114067
46,118,3.0,0.007396938
46,118,4.0,0.011480277
46,118,5.0,0.016418472
46,118,6.0,0.021802882
46,118,7.0,0.02696554
46,118,8.0,0.031195883
46,118,9.0,0.034563657
46,118,10.0,0.03773482
46,118,11.0,0.041504677
46,118,12.0,0.046570197
46,118,13.0,0.052733094
46,118,14.0,0.05949419
46,119,0.0,0.0001392055
46,119,1.0,0.00070926524
46,119,2.0,0.0019577886
46,119,3.0,0.003795836
46,119,4.0,0.0059403097
46,119,5.0,0.008195363
46,119,6.0,0.010510081
46,119,7.0,0.012697997
46,119,8.0,0.0144928945
46,119,9.0,0.015630294
46,119,10.0,0.016163293
46,119,11.0,0.016497536
46,119,12.0,0.01700639
46,119,13.0,0.018005691
46,119,14.0,0.019559287
46,120,0.0,5.9993625e-05
46,120,1.0,0.0002202087
46,120,2.0,0.0005970389
46,120,3.0,0.0012714851
46,120,4.0,0.002247329
46,120,5.0,0.0035376386
46,120,6.0,0.005073014
46,120,7.0,0.0066596717
46,120,8.0,0.008017675
46,120,9.0,0.008986524
46,120,10.0,0.009743764
46,120,11.0,0.0105759
46,120,12.0,0.011796409
46,120,13.0,0.0135555435
46,120,14.0,0.015750822
46,121,0.0,3.0772526e-06
46,121,1.0,5.0355324e-05
46,121,2.0,0.00023162687
46,121,3.0,0.000582305
46,121,4.0,0.0010256721
46,121,5.0,0.0014808492
46,121,6.0,0.0019212828
46,121,7.0,0.002296144
46,121,8.0,0.0025383634
46,121,9.0,0.0025901839
46,121,10.0,0.0024827358
46,121,11.0,0.002331299
46,121,12.0,0.0022273008
46,121,13.0,0.0022331383
46,121,14.0,0.0023507453
46,122,0.0,1.7216119e-06
46,122,1.0,6.678521e-06
46,122,2.0,2.5143718e-05
46,122,3.0,6.923108e-05
46,122,4.0,0.00014434336
46,122,5.0,0.000255562
46,122,6.0,0.00040724938
46,122,7.0,0.00058241986
46,122,8.0,0.0007435337
46,122,9.0,0.0008488346
46,122,10.0,0.00090908085
46,122,11.0,0.0009689791
46,122,12.0,0.0010777876
46,122,13.0,0.0012841217
46,122,14.0,0.001596502
46,123,0.0,2.8033023e-10
46,123,1.0,1.2788864e-06
46,123,2.0,1.4740456e-05
46,123,3.0,5.0025406e-05
46,123,4.0,9.7240285e-05
46,123,5.0,0.00014251254
46,123,6.0,0.00017995219
46,123,7.0,0.0002032494
46,123,8.0,0.00020565772
46,123,9.0,0.00018376496
46,123,10.0,0.00014834126
46,123,11.0,0.0001158229
46,123,12.0,9.391277e-05
46,123,13.0,8.4438725e-05
46,123,14.0,8.373117e-05
46,124,0.0,6.449234e-09
46,124,1.0,9.349202e-09
46,124,2.0,1.2227851e-07
46,124,3.0,6.622322e-07
46,124,4.0,1.813334e-06
46,124,5.0,3.5193766e-06
46,124,6.0,6.0348802e-06
46,124,7.0,9.350154e-06
46,124,8.0,1.2471262e-05
46,124,9.0,1.3660514e-05
46,124,10.0,1.2673831e-05
46,124,11.0,1.1495291e-05
46,124,12.0,1.17543095e-05
46,124,13.0,1.50166225e-05
46,124,14.0,2.3125054e-05
46,125,0.0,0.0
46,125,1.0,2.0122705e-10
46,125,2.0,1.4149809e-07
46,125,3.0,9.096926e-07
46,125,4.0,2.0408947e-06
46,125,5.0,3.0691808e-06
46,125,6.0,3.9280785e-06
46,125,7.0,4.282352e-06
46,125,8.0,3.886007e-06
46,125,9.0,2.722712e-06
46,125,10.0,1.5179463e-06
46,125,11.0,7.8611293e-07
46,125,12.0,4.7343866e-07
46,125,13.0,4.2264912e-07
46,125,14.0,5.003498e-07
46,126,0.0,2.4002222e-09
46,126,1.0,5.4083504e-10
46,126,2.0,7.762372e-09
46,126,3.0,3.9643346e-08
46,126,4.0,7.735023e-08
46,126,5.0,8.823304e-08
46,126,6.0,8.897411e-08
46,126,7.0,9.08742e-08
46,126,8.0,8.198272e-08
46,126,9.0,5.455844e-08
46,126,10.0,2.058661e-08
46,126,11.0,5.3508415e-09
46,126,12.0,2.3356015e-09
46,126,13.0,5.282704e-09
46,126,14.0,3.708257e-08
46,127,0.0,0.0
46,127,1.0,3.4612433e-13
46,127,2.0,7.386062e-10
46,127,3.0,4.5001007e-09
46,127,4.0,7.3424298e-09
46,127,5.0,1.076811e-08
46,127,6.0,2.211731e-08
46,127,7.0,4.1779263e-08
46,127,8.0,5.0954515e-08
46,127,9.0,3.127845e-08
46,127,10.0,1.1335067e-08
46,127,11.0,3.985176e-09
46,127,12.0,3.4404184e-09
46,127,13.0,1.0786457e-08
46,127,14.0,3.9629448e-08
46,128,0.0,1.6953615e-07
46,128,1.0,1.9448478e-07
46,128,2.0,4.399967e-07
46,128,3.0,7.119603e-07
46,128,4.0,7.051174e-07
46,128,5.0,4.7897623e-07
46,128,6.0,2.7713145e-07
46,128,7.0,1.867131e-07
46,128,8.0,1.4972828e-07
46,128,9.0,1.2452124e-07
46,128,10.0,8.928773e-08
46,128,11.0,5.621015e-08
46,128,12.0,4.8880377e-08
46,128,13.0,8.4566416e-08
46,128,14.0,2.6674024e-07
46,129,0.0,4.1448567e-07
46,129,1.0,1.2355133e-07
46,129,2.0,3.8715015e-08
46,129,3.0,8.272116e-09
46,129,4.0,2.0116475e-09
46,129,5.0,1.95001e-09
46,129,6.0,6.256557e-09
46,129,7.0,1.8963574e-08
46,129,8.0,3.1637466e-08
46,129,9.0,2.3987798e-08
46,129,10.0,1.10177405e-08
46,129,11.0,5.2008224e-09
46,129,12.0,5.8177956e-09
46,129,13.0,1.8234582e-08
46,129,14.0,5.999692e-08
46,130,0.0,0.0
46,130,1.0,1.5632202e-10
46,130,2.0,1.514207e-08
46,130,3.0,6.1391766e-08
46,130,4.0,5.901093e-08
46,130,5.0,1.884902e-08
46,130,6.0,2.0551985e-09
46,130,7.0,8.1316544e-11
46,130,8.0,3.3722467e-12
46,130,9.0,9.30039e-13
46,130,10.0,7.4588523e-13
46,130,11.0,4.024582e-14
46,130,12.0,3.889216e-14
46,130,13.0,3.6878257e-11
46,130,14.0,3.1643774e-09
46,131,0.0,1.0648646e-08
46,131,1.0,0.0
46,131,2.0,0.0
46,131,3.0,0.0
46,131,4.0,0.0
46,131,5.0,0.0
46,131,6.0,0.0
46,131,7.0,0.0
46,131,8.0,0.0
46,131,9.0,0.0
46,131,10.0,0.0
46,131,11.0,0.0
46,131,12.0,0.0
46,131,13.0,0.0
46,131,14.0,0.0
47,105,0.0,0.0
47,105,1.0,0.0
47,105,2.0,1.0529126e-08
47,105,3.0,2.6014357e-07
47,105,4.0,1.6047751e-06
47,105,5.0,4.7809517e-06
47,105,6.0,8.488681e-06
47,105,7.0,9.526414e-06
47,105,8.0,8.143628e-06
47,105,9.0,6.500048e-06
47,105,10.0,5.850824e-06
47,105,11.0,6.530548e-06
47,105,12.0,8.145973e-06
47,105,13.0,1.028997e-05
47,105,14.0,1.2497495e-05
47,106,0.0,5.2464472e-08
47,106,1.0,1.3352242e-07
47,106,2.0,3.9305993e-07
47,106,3.0,1.1889066e-06
47,106,4.0,3.3905915e-06
47,106,5.0,7.5211497e-06
47,106,6.0,1.2022968e-05
47,106,7.0,1.2987821e-05
47,106,8.0,1.0180339e-05
47,106,9.0,6.816947e-06
47,106,10.0,4.604338e-06
47,106,11.0,3.6813726e-06
47,106,12.0,3.3581882e-06
47,106,13.0,3.1446355e-06
47,106,14.0,2.8063457e-06
47,107,0.0,0.0
47,107,1.0,0.0
47,107,2.0,8.5465884e-11
47,107,3.0,5.0006723e-09
47,107,4.0,6.838732e-08
47,107,5.0,3.7612065e-07
47,107,6.0,9.841331e-07
47,107,7.0,1.2881894e-06
47,107,8.0,9.373385e-07
47,107,9.0,4.9576926e-07
47,107,10.0,2.5770046e-07
47,107,11.0,2.0054641e-07
47,107,12.0,2.5179824e-07
47,107,13.0,4.010927e-07
47,107,14.0,6.6888776e-07
47,108,0.0,5.291204e-09
47,108,1.0,5.4960464e-10
47,108,2.0,1.2825102e-10
47,108,3.0,3.0629138e-10
47,108,4.0,5.426077e-09
47,108,5.0,5.534375e-08
47,108,6.0,2.0858263e-07
47,108,7.0,3.1489856e-07
47,108,8.0,1.9343534e-07
47,108,9.0,5.8214976e-08
47,108,10.0,9.694825e-09
47,108,11.0,1.5766999e-09
47,108,12.0,7.6645396e-10
47,108,13.0,1.1190102e-09
47,108,14.0,2.2762794e-09
47,109,0.0,0.0
47,109,1.0,0.0
47,109,2.0,0.0
47,109,3.0,0.0
47,109,4.0,0.0
47,109,5.0,0.0
47,109,6.0,0.0
47,109,7.0,8.570908e-11
47,109,8.0,4.440922e-11
47,109,9.0,0.0
47,109,10.0,0.0
47,109,11.0,0.0
47,109,12.0,0.0
47,109,13.0,4.481047e-15
47,109,14.0,5.596729e-10
47,110,0.0,5.7422103e-09
47,110,1.0,1.2836919e-10
47,110,2.0,0.0
47,110,3.0,0.0
47,110,4.0,0.0
47,110,5.0,6.762294e-13
47,110,6.0,3.6079841e-09
47,110,7.0,2.6381501e-08
47,110,8.0,3.3293198e-08
47,110,9.0,1.6741378e-08
47,110,10.0,6.3209584e-09
47,110,11.0,4.748642e-09
47,110,12.0,1.3303946e-08
47,110,13.0,5.4097963e-08
47,110,14.0,1.8057034e-07
47,111,0.0,0.0
47,111,1.0,0.0
47,111,2.0,0.0
47,111,3.0,0.0
47,111,4.0,0.0
47,111,5.0,0.0
47,111,6.0,8.4263674e-10
47,111,7.0,3.6005208e-08
47,111,8.0,1.12567506e-07
47,111,9.0,1.4862299e-07
47,111,10.0,1.6372555e-07
47,111,11.0,2.2902874e-07
47,111,12.0,4.798178e-07
47,111,13.0,1.1421772e-06
47,111,14.0,2.4948297e-06
47,112,0.0,3.0255663e-07
47,112,1.0,6.4106166e-07
47,112,2.0,7.120801e-07
47,112,3.0,7.8595406e-07
47,112,4.0,1.3292229e-06
47,112,5.0,3.4562395e-06
47,112,6.0,8.990358e-06
47,112,7.0,1.870866e-05
47,112,8.0,2.8894125e-05
47,112,9.0,3.610997e-05
47,112,10.0,4.244526e-05
47,112,11.0,5.2118754e-05
47,112,12.0,7.0779395e-05
47,112,13.0,0.00010167908
47,112,14.0,0.00014498582
47,113,0.0,1.7028239e-07
47,113,1.0,1.1540538e-06
47,113,2.0,2.6463583e-06
47,113,3.0,5.0547314e-06
47,113,4.0,1.0914169e-05
47,113,5.0,2.6995149e-05
47,113,6.0,6.206432e-05
47,113,7.0,0.00011886779
47,113,8.0,0.00018205488
47,113,9.0,0.00023454164
47,113,10.0,0.0002809856
47,113,11.0,0.00033572258
47,113,12.0,0.0004176977
47,113,13.0,0.00053236797
47,113,14.0,0.0006696869
47,114,0.0,1.5734042e-05
47,114,1.0,6.54457e-05
47,114,2.0,0.00014120713
47,114,3.0,0.0002403228
47,114,4.0,0.0003881973
47,114,5.0,0.0006418908
47,114,6.0,0.001032358
47,114,7.0,0.0015332218
47,114,8.0,0.0020342334
47,114,9.0,0.002444877
47,114,10.0,0.0028057536
47,114,11.0,0.003198
47,114,12.0,0.003713731
47,114,13.0,0.0043667336
47,114,14.0,0.005086633
47,115,0.0,9.532801e-05
47,115,1.0,0.0003047227
47,115,2.0,0.00062120944
47,115,3.0,0.0010421366
47,115,4.0,0.0016343867
47,115,5.0,0.0025416478
47,115,6.0,0.0038122789
47,115,7.0,0.0053335694
47,115,8.0,0.006787259
47,115,9.0,0.007918666
47,115,10.0,0.008813449
47,115,11.0,0.009655161
47,115,12.0,0.010636258
47,115,13.0,0.011758666
47,115,14.0,0.012853393
47,116,0.0,0.0004514894
47,116,1.0,0.0012791044
47,116,2.0,0.0024298963
47,116,3.0,0.0038461247
47,116,4.0,0.005666909
47,116,5.0,0.008193025
47,116,6.0,0.011459691
47,116,7.0,0.015173143
47,116,8.0,0.01867897
47,116,9.0,0.021520332
47,116,10.0,0.023932535
47,116,11.0,0.026319258
47,116,12.0,0.029092193
47,116,13.0,0.03225056
47,116,14.0,0.035414454
47,117,0.0,0.0012734428
47,117,1.0,0.0029932568
47,117,2.0,0.0053590974
47,117,3.0,0.008280192
47,117,4.0,0.011950962
47,117,5.0,0.016806332
47,117,6.0,0.022797348
47,117,7.0,0.029301185
47,117,8.0,0.03509744
47,117,9.0,0.039431285
47,117,10.0,0.042698324
47,117,11.0,0.045552857
47,117,12.0,0.048625592
47,117,13.0,0.05192996
47,117,14.0,0.055037703
47,118,0.0,0.0014763895
47,118,1.0,0.003650156
47,118,2.0,0.0066110743
47,118,3.0,0.010199403
47,118,4.0,0.01466469
47,118,5.0,0.020504024
47,118,6.0,0.027617035
47,118,7.0,0.035320897
47,118,8.0,0.042329572
47,118,9.0,0.047999084
47,118,10.0,0.052905124
47,118,11.0,0.057860516
47,118,12.0,0.0636344
47,118,13.0,0.07016587
47,118,14.0,0.076891996
47,119,0.0,0.0015610883
47,119,1.0,0.003772108
47,119,2.0,0.0069909343
47,119,3.0,0.011136045
47,119,4.0,0.016433032
47,119,5.0,0.023308612
47,119,6.0,0.031443167
47,119,7.0,0.039840896
47,119,8.0,0.04696914
47,119,9.0,0.05223931
47,119,10.0,0.05632076
47,119,11.0,0.060087122
47,119,12.0,0.06435733
47,119,13.0,0.069089994
47,119,14.0,0.07383049
47,120,0.0,0.00078757294
47,120,1.0,0.0021415548
47,120,2.0,0.0041820584
47,120,3.0,0.006891115
47,120,4.0,0.010536794
47,120,5.0,0.01544564
47,120,6.0,0.0213622
47,120,7.0,0.027575864
47,120,8.0,0.03300082
47,120,9.0,0.037395105
47,120,10.0,0.04135279
47,120,11.0,0.04563419
47,120,12.0,0.05087717
47,120,13.0,0.05690281
47,120,14.0,0.06330543
47,121,0.0,0.0003945624
47,121,1.0,0.0012777576
47,121,2.0,0.0028649762
47,121,3.0,0.0052478234
47,121,4.0,0.008578809
47,121,5.0,0.012927244
47,121,6.0,0.01793545
47,121,7.0,0.022851612
47,121,8.0,0.02670888
47,121,9.0,0.029443633
47,121,10.0,0.031593084
47,121,11.0,0.03378608
47,121,12.0,0.036473837
47,121,13.0,0.039470065
47,121,14.0,0.042470507
47,122,0.0,0.00017724831
47,122,1.0,0.00060346845
47,122,2.0,0.0014054305
47,122,3.0,0.002663807
47,122,4.0,0.0045050452
47,122,5.0,0.006962824
47,122,6.0,0.00978885
47,122,7.0,0.012506541
47,122,8.0,0.014599057
47,122,9.0,0.016184298
47,122,10.0,0.017671792
47,122,11.0,0.019504417
47,122,12.0,0.021916574
47,122,13.0,0.024697192
47,122,14.0,0.02757939
47,123,0.0,5.3211905e-05
47,123,1.0,0.00028458625
47,123,2.0,0.00085247355
47,123,3.0,0.0018016417
47,123,4.0,0.0031653966
47,123,5.0,0.0048838146
47,123,6.0,0.006708503
47,123,7.0,0.008241354
47,123,8.0,0.0091637485
47,123,9.0,0.0096462825
47,123,10.0,0.009989128
47,123,11.0,0.01047207
47,123,12.0,0.011168118
47,123,13.0,0.011910459
47,123,14.0,0.012537251
47,124,0.0,1.2778224e-05
47,124,1.0,6.9608905e-05
47,124,2.0,0.00022270302
47,124,3.0,0.00050516124
47,124,4.0,0.0009463951
47,124,5.0,0.0015252739
47,124,6.0,0.002135687
47,124,7.0,0.002610028
47,124,8.0,0.0028586176
47,124,9.0,0.0029882311
47,124,10.0,0.0031363019
47,124,11.0,0.003418893
47,124,12.0,0.0038437576
47,124,13.0,0.0043266937
47,124,14.0,0.004764708
47,125,0.0,2.8233686e-07
47,125,1.0,9.62265e-06
47,125,2.0,5.303575e-05
47,125,3.0,0.00014804896
47,125,4.0,0.00030052857
47,125,5.0,0.00048723808
47,125,6.0,0.000653879
47,125,7.0,0.0007379609
47,125,8.0,0.00073186663
47,125,9.0,0.0006900294
47,125,10.0,0.00065914815
47,125,11.0,0.0006672597
47,125,12.0,0.00070351013
47,125,13.0,0.00073941675
47,125,14.0,0.00074904604
47,126,0.0,0.0
47,126,1.0,1.2574658e-08
47,126,2.0,7.2235997e-07
47,126,3.0,5.0730305e-06
47,126,4.0,1.7421668e-05
47,126,5.0,3.7043043e-05
47,126,6.0,5.586595e-05
47,126,7.0,6.257859e-05
47,126,8.0,5.7896974e-05
47,126,9.0,5.1164105e-05
47,126,10.0,4.8856513e-05
47,126,11.0,5.4078573e-05
47,126,12.0,6.503759e-05
47,126,13.0,7.7885525e-05
47,126,14.0,8.72683e-05
47,127,0.0,0.0
47,127,1.0,0.0
47,127,2.0,0.0
47,127,3.0,2.342166e-08
47,127,4.0,3.711619e-07
47,127,5.0,1.4076246e-06
47,127,6.0,2.553599e-06
47,127,7.0,2.5500067e-06
47,127,8.0,1.7177849e-06
47,127,9.0,1.0003288e-06
47,127,10.0,6.7083886e-07
47,127,11.0,6.496442e-07
47,127,12.0,7.682356e-07
47,127,13.0,8.7391595e-07
47,127,14.0,8.0014007e-07
47,128,0.0,0.0
47,128,1.0,0.0
47,128,2.0,0.0
47,128,3.0,0.0
47,128,4.0,9.2519203e-10
47,128,5.0,5.4445756e-08
47,128,6.0,2.1333786e-07
47,128,7.0,2.363977e-07
47,128,8.0,1.3499606e-07
47,128,9.0,6.3632335e-08
47,128,10.0,4.6495025e-08
47,128,11.0,7.336144e-08
47,128,12.0,1.49348e-07
47,128,13.0,2.6348394e-07
47,128,14.0,3.3990335e-07
47,129,0.0,0.0
47,129,1.0,0.0
47,129,2.0,0.0
47,129,3.0,0.0
47,129,4.0,0.0
47,129,5.0,3.4097274e-11
47,129,6.0,7.706675e-09
47,129,7.0,1.2154023e-08
47,129,8.0,3.9597063e-09
47,129,9.0,4.31688e-10
47,129,10.0,6.257497e-11
47,129,11.0,1.5961256e-10
47,129,12.0,8.577269e-10
47,129,13.0,2.343903e-09
47,129,14.0,2.4976758e-09
47,130,0.0,8.6986396e-10
47,130,1.0,0.0
47,130,2.0,0.0
47,130,3.0,0.0
47,130,4.0,0.0
47,130,5.0,0.0
47,130,6.0,1.9252049e-09
47,130,7.0,7.102512e-09
47,130,8.0,4.322699e-09
47,130,9.0,1.3225666e-09
47,130,10.0,9.0984015e-10
47,130,11.0,2.7369849e-09
47,130,12.0,9.474217e-09
47,130,13.0,2.1274234e-08
47,130,14.0,2.701653e-08
47,131,0.0,0.0
47,131,1.0,0.0
47,131,2.0,0.0
47,131,3.0,0.0
47,131,4.0,0.0
47,131,5.0,0.0
47,131,6.0,6.367084e-11
47,131,7.0,2.9837444e-09
47,131,8.0,2.6689275e-09
47,131,9.0,6.2127326e-10
47,131,10.0,1.6246056e-10
47,131,11.0,2.4396002e-10
47,131,12.0,6.439627e-10
47,131,13.0,1.0523749e-09
47,131,14.0,5.8301214e-10
47,132,0.0,1.921696e-07
47,132,1.0,0.0
47,132,2.0,0.0
47,132,3.0,0.0
47,132,4.0,0.0
47,132,5.0,1.4159378e-11
47,132,6.0,2.9396816e-08
47,132,7.0,1.205618e-07
47,132,8.0,1.5082877e-07
47,132,9.0,1.2677424e-07
47,132,10.0,1.2185035e-07
47,132,11.0,1.6380075e-07
47,132,12.0,2.3430741e-07
47,132,13.0,2.8772706e-07
47,132,14.0,2.6195053e-07
47,133,0.0,6.734513e-09
47,133,1.0,0.0
47,133,2.0,0.0
47,133,3.0,0.0
47,133,4.0,0.0
47,133,5.0,2.5728253e-13
47,133,6.0,2.3274964e-08
47,133,7.0,8.918002e-08
47,133,8.0,8.079311e-08
47,133,9.0,3.830456e-08
47,133,10.0,1.709157e-08
47,133,11.0,1.2412024e-08
47,133,12.0,1.16761285e-08
47,133,13.0,9.165539e-09
47,133,14.0,3.3464764e-09
48,108,0.0,3.5739998e-08
48,108,1.0,5.5154516e-08
48,108,2.0,1.289895e-07
48,108,3.0,2.9801726e-07
48,108,4.0,5.037257e-07
48,108,5.0,4.707892e-07
48,108,6.0,1.836637e-07
48,108,7.0,2.1453078e-08
48,108,8.0,1.187523e-10
48,108,9.0,0.0
48,108,10.0,0.0
48,108,11.0,0.0
48,108,12.0,0.0
48,108,13.0,0.0
48,108,14.0,0.0
48,109,0.0,0.0
48,109,1.0,0.0
48,109,2.0,0.0
48,109,3.0,0.0
48,109,4.0,0.0
48,109,5.0,0.0
48,109,6.0,0.0
48,109,7.0,0.0
48,109,8.0,0.0
48,109,9.0,0.0
48,109,10.0,0.0
48,109,11.0,0.0
48,109,12.0,0.0
48,109,13.0,0.0
48,109,14.0,0.0
48,110,0.0,0.0
48,110,1.0,0.0
48,110,2.0,0.0
48,110,3.0,5.519824e-15
48,110,4.0,1.4835668e-09
48,110,5.0,5.3382485e-09
48,110,6.0,1.414753e-09
48,110,7.0,3.653958e-13
48,110,8.0,0.0
48,110,9.0,0.0
48,110,10.0,0.0
48,110,11.0,0.0
48,110,12.0,5.2235283e-13
48,110,13.0,6.0114223e-12
48,110,14.0,0.0
48,111,0.0,1.5498638e-06
48,111,1.0,2.6362516e-06
48,111,2.0,3.3679573e-06
48,111,3.0,3.759935e-06
48,111,4.0,3.8162007e-06
48,111,5.0,3.3005776e-06
48,111,6.0,2.1575838e-06
48,111,7.0,9.983016e-07
48,111,8.0,3.990835e-07
48,111,9.0,2.143057e-07
48,111,10.0,2.66995e-07
48,111,11.0,6.111436e-07
48,111,12.0,1.4395832e-06
48,111,13.0,2.7331462e-06
48,111,14.0,3.9461324e-06
48,112,0.0,7.070237e-11
48,112,1.0,3.2478764e-09
48,112,2.0,2.1661236e-08
48,112,3.0,7.330858e-08
48,112,4.0,1.3371111e-07
48,112,5.0,1.2442604e-07
48,112,6.0,4.5088637e-08
48,112,7.0,4.7491535e-09
48,112,8.0,7.965884e-11
48,112,9.0,3.3918686e-12
48,112,10.0,4.9852544e-10
48,112,11.0,1.4258411e-08
48,112,12.0,9.077628e-08
48,112,13.0,2.26528e-07
48,112,14.0,2.8380933e-07
48,113,0.0,4.5190895e-06
48,113,1.0,1.5748723e-05
48,113,2.0,3.0824223e-05
48,113,3.0,4.6965455e-05
48,113,4.0,6.365334e-05
48,113,5.0,7.718514e-05
48,113,6.0,8.243674e-05
48,113,7.0,7.668557e-05
48,113,8.0,6.6726476e-05
48,113,9.0,6.110196e-05
48,113,10.0,6.544145e-05
48,113,11.0,8.5052925e-05
48,113,12.0,0.00012014077
48,113,13.0,0.00016649169
48,113,14.0,0.00021430942
48,114,0.0,2.1284306e-07
48,114,1.0,1.6034801e-06
48,114,2.0,4.6938394e-06
48,114,3.0,8.690284e-06
48,114,4.0,1.1431734e-05
48,114,5.0,1.1067294e-05
48,114,6.0,7.756924e-06
48,114,7.0,4.3514e-06
48,114,8.0,2.4994351e-06
48,114,9.0,2.0389418e-06
48,114,10.0,2.853098e-06
48,114,11.0,5.1070847e-06
48,114,12.0,8.75948e-06
48,114,13.0,1.2493042e-05
48,114,14.0,1.4196328e-05
48,115,0.0,2.9920936e-06
48,115,1.0,2.8487499e-05
48,115,2.0,8.1161736e-05
48,115,3.0,0.00014896411
48,115,4.0,0.00022667414
48,115,5.0,0.0003066865
48,115,6.0,0.0003770017
48,115,7.0,0.00042268494
48,115,8.0,0.00044335617
48,115,9.0,0.0004672248
48,115,10.0,0.0005250209
48,115,11.0,0.0006514415
48,115,12.0,0.0008612192
48,115,13.0,0.0011334436
48,115,14.0,0.0014233263
48,116,0.0,9.058717e-06
48,116,1.0,4.9053768e-05
48,116,2.0,0.000119376054
48,116,3.0,0.0001987331
48,116,4.0,0.00026240142
48,116,5.0,0.0002934346
48,116,6.0,0.0002886648
48,116,7.0,0.00026693405
48,116,8.0,0.00025569127
48,116,9.0,0.00027512413
48,116,10.0,0.0003438836
48,116,11.0,0.00046183373
48,116,12.0,0.00061398325
48,116,13.0,0.0007677966
48,116,14.0,0.0008837052
48,117,0.0,2.3874589e-05
48,117,1.0,0.00018232099
48,117,2.0,0.0005011416
48,117,3.0,0.0009143752
48,117,4.0,0.0013831025
48,117,5.0,0.001889065
48,117,6.0,0.002399561
48,117,7.0,0.0028544432
48,117,8.0,0.003206721
48,117,9.0,0.0035420295
48,117,10.0,0.003989192
48,117,11.0,0.0046929484
48,117,12.0,0.005732881
48,117,13.0,0.006995469
48,117,14.0,0.008285101
48,118,0.0,0.00030728287
48,118,1.0,0.0010074076
48,118,2.0,0.0019960436
48,118,3.0,0.0030470546
48,118,4.0,0.0039553596
48,118,5.0,0.0046532946
48,118,6.0,0.0050954553
48,118,7.0,0.005371483
48,118,8.0,0.0057088323
48,118,9.0,0.006345122
48,118,10.0,0.00750529
48,118,11.0,0.009157081
48,118,12.0,0.011112382
48,118,13.0,0.013094785
48,118,14.0,0.014815859
48,119,0.0,0.00051055197
48,119,1.0,0.0018332195
48,119,2.0,0.003990411
48,119,3.0,0.0066485344
48,119,4.0,0.009590659
48,119,5.0,0.0127429245
48,119,6.0,0.015929315
48,119,7.0,0.018845467
48,119,8.0,0.021188427
48,119,9.0,0.023224019
48,119,10.0,0.025485668
48,119,11.0,0.028541641
48,119,12.0,0.032729257
48,119,13.0,0.037608575
48,119,14.0,0.04247893
48,120,0.0,0.0018178963
48,120,1.0,0.004656592
48,120,2.0,0.008668468
48,120,3.0,0.01334689
48,120,4.0,0.01809497
48,120,5.0,0.02248711
48,120,6.0,0.026122516
48,120,7.0,0.029015878
48,120,8.0,0.031847507
48,120,9.0,0.035487372
48,120,10.0,0.04081864
48,120,11.0,0.04779042
48,120,12.0,0.055698592
48,120,13.0,0.06362042
48,120,14.0,0.070610404
48,121,0.0,0.001175276
48,121,1.0,0.0037303816
48,121,2.0,0.008002048
48,121,3.0,0.013625366
48,121,4.0,0.020157259
48,121,5.0,0.027334211
48,121,6.0,0.034541015
48,121,7.0,0.041001488
48,121,8.0,0.0461057
48,121,9.0,0.050363638
48,121,10.0,0.054819655
48,121,11.0,0.06057468
48,121,12.0,0.06831192
48,121,13.0,0.0773346
48,121,14.0,0.08654426
48,122,0.0,0.0016970196
48,122,1.0,0.004407485
48,122,2.0,0.008756113
48,122,3.0,0.014672106
48,122,4.0,0.02168182
48,122,5.0,0.029047973
48,122,6.0,0.035832986
48,122,7.0,0.041525267
48,122,8.0,0.04682941
48,122,9.0,0.052888267
48,122,10.0,0.060985107
48,122,11.0,0.07135572
48,122,12.0,0.08311538
48,122,13.0,0.094998844
48,122,14.0,0.105584465
48,123,0.0,0.0007717265
48,123,1.0,0.0025390848
48,123,2.0,0.0058967965
48,123,3.0,0.010949528
48,123,4.0,0.01725424
48,123,5.0,0.02407511
48,123,6.0,0.030659888
48,123,7.0,0.036266875
48,123,8.0,0.040410373
48,123,9.0,0.043680284
48,123,10.0,0.047106054
48,123,11.0,0.051716525
48,123,12.0,0.058099616
48,123,13.0,0.06563418
48,123,14.0,0.07334646
48,124,0.0,0.00079656445
48,124,1.0,0.0019357398
48,124,2.0,0.00392325
48,124,3.0,0.006836926
48,124,4.0,0.010406796
48,124,5.0,0.01414716
48,124,6.0,0.017570475
48,124,7.0,0.020305183
48,124,8.0,0.022639874
48,124,9.0,0.025164468
48,124,10.0,0.028567983
48,124,11.0,0.033170674
48,124,12.0,0.038484022
48,124,13.0,0.043739498
48,124,14.0,0.04809895
48,125,0.0,0.000521624
48,125,1.0,0.0013642618
48,125,2.0,0.0030196551
48,125,3.0,0.0055434424
48,125,4.0,0.008716934
48,125,5.0,0.012100199
48,125,6.0,0.015156844
48,125,7.0,0.017469028
48,125,8.0,0.018853564
48,125,9.0,0.019750645
48,125,10.0,0.020760624
48,125,11.0,0.0224066
48,125,12.0,0.024912652
48,125,13.0,0.027862307
48,125,14.0,0.030669935
48,126,0.0,0.0002412873
48,126,1.0,0.00046274418
48,126,2.0,0.00084672164
48,126,3.0,0.0013625782
48,126,4.0,0.0019583402
48,126,5.0,0.0025447283
48,126,6.0,0.0030213285
48,126,7.0,0.0033101453
48,126,8.0,0.0034640287
48,126,9.0,0.003627646
48,126,10.0,0.003941204
48,126,11.0,0.004506206
48,126,12.0,0.0052367426
48,126,13.0,0.0059617492
48,126,14.0,0.0064878236
48,127,0.0,0.00013258032
48,127,1.0,0.00022567433
48,127,2.0,0.0004217227
48,127,3.0,0.00073383545
48,127,4.0,0.0011527643
48,127,5.0,0.0016256947
48,127,6.0,0.0020581041
48,127,7.0,0.002354491
48,127,8.0,0.0024729182
48,127,9.0,0.0025139286
48,127,10.0,0.0025972126
48,127,11.0,0.0028235847
48,127,12.0,0.0032315766
48,127,13.0,0.0037279143
48,127,14.0,0.004176468
48,128,0.0,3.891266e-05
48,128,1.0,5.9994763e-05
48,128,2.0,0.00010058625
48,128,3.0,0.00015079211
48,128,4.0,0.00020329744
48,128,5.0,0.00024942256
48,128,6.0,0.00027878073
48,128,7.0,0.00028450138
48,128,8.0,0.0002709615
48,128,9.0,0.0002591912
48,128,10.0,0.00026508555
48,128,11.0,0.0003021679
48,128,12.0,0.00037287286
48,128,13.0,0.00045896613
48,128,14.0,0.0005329414
48,129,0.0,1.39540625e-05
48,129,1.0,1.0541628e-05
48,129,2.0,1.3350289e-05
48,129,3.0,2.0733774e-05
48,129,4.0,3.338596e-05
48,129,5.0,5.1213683e-05
48,129,6.0,7.0979106e-05
48,129,7.0,8.6147105e-05
48,129,8.0,9.123905e-05
48,129,9.0,9.1706774e-05
48,129,10.0,9.59062e-05
48,129,11.0,0.000112086236
48,129,12.0,0.00014559315
48,129,13.0,0.0001903845
48,129,14.0,0.00023242409
48,130,0.0,9.549021e-06
48,130,1.0,1.2867085e-05
48,130,2.0,1.9686056e-05
48,130,3.0,2.6966954e-05
48,130,4.0,3.2850425e-05
48,130,5.0,3.7509988e-05
48,130,6.0,4.0484738e-05
48,130,7.0,4.0471776e-05
48,130,8.0,3.600782e-05
48,130,9.0,2.9588417e-05
48,130,10.0,2.5024543e-05
48,130,11.0,2.4102492e-05
48,130,12.0,2.8027174e-05
48,130,13.0,3.584716e-05
48,130,14.0,4.4606117e-05
48,131,0.0,1.3239647e-07
48,131,1.0,1.4289268e-09
48,131,2.0,0.0
48,131,3.0,0.0
48,131,4.0,0.0
48,131,5.0,2.5709834e-11
48,131,6.0,3.4166232e-09
48,131,7.0,1.9558486e-08
48,131,8.0,3.253842e-08
48,131,9.0,3.6215052e-08
48,131,10.0,4.9426983e-08
48,131,11.0,1.1537024e-07
48,131,12.0,3.7484676e-07
48,131,13.0,1.0046077e-06
48,131,14.0,1.8705467e-06
48,132,0.0,4.9344642e-08
48,132,1.0,3.089511e-07
48,132,2.0,8.702418e-07
48,132,3.0,1.4517848e-06
48,132,4.0,1.6596853e-06
48,132,5.0,1.6704879e-06
48,132,6.0,1.7159107e-06
48,132,7.0,1.6769476e-06
48,132,8.0,1.3756959e-06
48,132,9.0,8.166056e-07
48,132,10.0,3.708599e-07
48,132,11.0,1.6272699e-07
48,132,12.0,1.02288524e-07
48,132,13.0,1.2863893e-07
48,132,14.0,2.3187621e-07
48,133,0.0,1.7828273e-09
48,133,1.0,0.0
48,133,2.0,0.0
48,133,3.0,0.0
48,133,4.0,0.0
48,133,5.0,0.0
48,133,6.0,0.0
48,133,7.0,0.0
48,133,8.0,0.0
48,133,9.0,0.0
48,133,10.0,0.0
48,133,11.0,0.0
48,133,12.0,0.0
48,133,13.0,4.5207316e-10
48,133,14.0,1.0576477e-08
48,134,0.0,0.0
48,134,1.0,2.0182826e-08
48,134,2.0,2.8028157e-07
48,134,3.0,6.129591e-07
48,134,4.0,6.4450256e-07
48,134,5.0,4.714162e-07
48,134,6.0,3.3104925e-07
48,134,7.0,2.5224006e-07
48,134,8.0,1.7871723e-07
48,134,9.0,9.079062e-08
48,134,10.0,2.0857868e-08
48,134,11.0,1.1350678e-09
48,134,12.0,1.16657e-13
48,134,13.0,0.0
48,134,14.0,0.0
48,135,0.0,6.9426375e-07
48,135,1.0,2.969016e-08
48,135,2.0,0.0
48,135,3.0,0.0
48,135,4.0,0.0
48,135,5.0,0.0
48,135,6.0,0.0
48,135,7.0,0.0
48,135,8.0,0.0
48,135,9.0,0.0
48,135,10.0,0.0
48,135,11.0,0.0
48,135,12.0,0.0
48,135,13.0,0.0
48,135,14.0,1.9982317e-10
48,136,0.0,7.1164814e-12
48,136,1.0,7.261768e-08
48,136,2.0,7.4963486e-07
48,136,3.0,1.9828426e-06
48,136,4.0,2.4746862e-06
48,136,5.0,2.0138027e-06
48,136,6.0,1.348849e-06
48,136,7.0,8.953203e-07
48,136,8.0,6.334674e-07
48,136,9.0,4.1721475e-07
48,136,10.0,2.0761453e-07
48,136,11.0,5.4774944e-08
48,136,12.0,4.8672324e-09
48,136,13.0,3.9254558e-11
48,136,14.0,0.0
49,110,0.0,5.9514655e-08
49,110,1.0,8.672039e-09
49,110,2.0,3.4805797e-10
49,110,3.0,6.738837e-12
49,110,4.0,1.5634704e-11
49,110,5.0,1.06499254e-10
49,110,6.0,4.807998e-11
49,110,7.0,0.0
49,110,8.0,0.0
49,110,9.0,0.0
49,110,10.0,0.0
49,110,11.0,0.0
49,110,12.0,0.0
49,110,13.0,0.0
49,110,14.0,0.0
49,111,0.0,0.0
49,111,1.0,0.0
49,111,2.0,0.0
49,111,3.0,0.0
49,111,4.0,0.0
49,111,5.0,0.0
49,111,6.0,0.0
49,111,7.0,0.0
49,111,8.0,0.0
49,111,9.0,0.0
49,111,10.0,0.0
49,111,11.0,0.0
49,111,12.0,0.0
49,111,13.0,0.0
49,111,14.0,0.0
49,112,0.0,5.9844886e-08
49,112,1.0,3.1359978e-08
49,112,2.0,1.1337424e-08
49,112,3.0,7.3118884e-09
49,112,4.0,1.8828318e-08
49,112,5.0,6.118629e-08
49,112,6.0,1.17124124e-07
49,112,7.0,9.058037e-08
49,112,8.0,2.3257895e-08
49,112,9.0,1.3249736e-09
49,112,10.0,2.3830178e-13
49,112,11.0,0.0
49,112,12.0,0.0
49,112,13.0,0.0
49,112,14.0,0.0
49,113,0.0,0.0
49,113,1.0,0.0
49,113,2.0,0.0
49,113,3.0,0.0
49,113,4.0,0.0
49,113,5.0,0.0
49,113,6.0,1.7043933e-10
49,113,7.0,5.909089e-10
49,113,8.0,3.2015498e-11
49,113,9.0,0.0
49,113,10.0,0.0
49,113,11.0,0.0
49,113,12.0,0.0
49,113,13.0,0.0
49,113,14.0,0.0
49,114,0.0,1.7747035e-07
49,114,1.0,2.6031594e-07
49,114,2.0,2.49504e-07
49,114,3.0,2.8075598e-07
49,114,4.0,5.223081e-07
49,114,5.0,1.1238894e-06
49,114,6.0,1.946976e-06
49,114,7.0,2.2200625e-06
49,114,8.0,1.6354112e-06
49,114,9.0,9.540819e-07
49,114,10.0,5.579974e-07
49,114,11.0,4.3475478e-07
49,114,12.0,4.4753412e-07
49,114,13.0,4.7133793e-07
49,114,14.0,4.09714e-07
49,115,0.0,5.499092e-10
49,115,1.0,8.3008995e-09
49,115,2.0,2.003768e-08
49,115,3.0,4.9811216e-08
49,115,4.0,1.9906719e-07
49,115,5.0,7.2855613e-07
49,115,6.0,1.7722582e-06
49,115,7.0,2.6103994e-06
49,115,8.0,2.45339e-06
49,115,9.0,1.8575779e-06
49,115,10.0,1.4054774e-06
49,115,11.0,1.3061623e-06
49,115,12.0,1.4409337e-06
49,115,13.0,1.5423502e-06
49,115,14.0,1.3658437e-06
49,116,0.0,7.351859e-08
49,116,1.0,4.8254566e-07
49,116,2.0,8.6721946e-07
49,116,3.0,1.2449204e-06
49,116,4.0,2.1761693e-06
49,116,5.0,4.0861373e-06
49,116,6.0,6.6218367e-06
49,116,7.0,8.01793e-06
49,116,8.0,7.172529e-06
49,116,9.0,5.607003e-06
49,116,10.0,4.53496e-06
49,116,11.0,4.4062413e-06
49,116,12.0,4.9667074e-06
49,116,13.0,5.547378e-06
49,116,14.0,5.4450115e-06
49,117,0.0,5.445638e-08
49,117,1.0,8.921255e-07
49,117,2.0,2.6090718e-06
49,117,3.0,5.3349713e-06
49,117,4.0,1.1210447e-05
49,117,5.0,2.2423194e-05
49,117,6.0,3.8249116e-05
49,117,7.0,5.1719373e-05
49,117,8.0,5.626045e-05
49,117,9.0,5.5390417e-05
49,117,10.0,5.4443233e-05
49,117,11.0,5.748407e-05
49,117,12.0,6.3541615e-05
49,117,13.0,6.781913e-05
49,117,14.0,6.557489e-05
49,118,0.0,4.2203393e-07
49,118,1.0,4.785832e-06
49,118,2.0,1.2504281e-05
49,118,3.0,2.2674198e-05
49,118,4.0,4.0026778e-05
49,118,5.0,6.736474e-05
49,118,6.0,0.00010068696
49,118,7.0,0.00012622721
49,118,8.0,0.00013537814
49,118,9.0,0.00013725666
49,118,10.0,0.0001425733
49,118,11.0,0.0001599056
49,118,12.0,0.00018736857
49,118,13.0,0.00021465252
49,118,14.0,0.0002294003
49,119,0.0,1.4564572e-05
49,119,1.0,6.679557e-05
49,119,2.0,0.00015240767
49,119,3.0,0.00027745485
49,119,4.0,0.00047553264
49,119,5.0,0.00075824436
49,119,6.0,0.0010930037
49,119,7.0,0.0013860763
49,119,8.0,0.0015801074
49,119,9.0,0.0017152529
49,119,10.0,0.0018530817
49,119,11.0,0.002048291
49,119,12.0,0.0022749403
49,119,13.0,0.002458131
49,119,14.0,0.0025221738
49,120,0.0,6.0406484e-05
49,120,1.0,0.00022245548
49,120,2.0,0.0004755622
49,120,3.0,0.0008394549
49,120,4.0,0.0013771065
49,120,5.0,0.0020830375
49,120,6.0,0.0028620772
49,120,7.0,0.0035219085
49,120,8.0,0.0039946428
49,120,9.0,0.0043883603
49,120,10.0,0.0048440592
49,120,11.0,0.0054803463
49,120,12.0,0.006237693
49,120,13.0,0.006972038
49,120,14.0,0.007525839
49,121,0.0,0.00051627617
49,121,1.0,0.0013354539
49,121,2.0,0.0025607564
49,121,3.0,0.004320585
49,121,4.0,0.0067952713
49,121,5.0,0.00989455
49,121,6.0,0.013235466
49,121,7.0,0.016154703
49,121,8.0,0.01846764
49,121,9.0,0.020460859
49,121,10.0,0.022549935
49,121,11.0,0.025043117
49,121,12.0,0.027665192
49,121,13.0,0.029958269
49,121,14.0,0.031460404
49,122,0.0,0.0006476462
49,122,1.0,0.0017577709
49,122,2.0,0.0035268194
49,122,3.0,0.006200253
49,122,4.0,0.010004377
49,122,5.0,0.0147531545
49,122,6.0,0.01981282
49,122,7.0,0.02429257
49,122,8.0,0.028081289
49,122,9.0,0.0316317
49,122,10.0,0.03561055
49,122,11.0,0.040444564
49,122,12.0,0.04578428
49,122,13.0,0.051076796
49,122,14.0,0.055715486
49,123,0.0,0.0014944755
49,123,1.0,0.003826272
49,123,2.0,0.007651333
49,123,3.0,0.013468816
49,123,4.0,0.021559475
49,123,5.0,0.03135394
49,123,6.0,0.041341554
49,123,7.0,0.049821246
49,123,8.0,0.056750868
49,123,9.0,0.06299688
49,123,10.0,0.06975214
49,123,11.0,0.077527046
49,123,12.0,0.08565519
49,123,13.0,0.09325958
49,123,14.0,0.099417046
49,124,0.0,0.0011553473
49,124,1.0,0.0031912664
49,124,2.0,0.0068217916
49,124,3.0,0.012650103
49,124,4.0,0.020929098
49,124,5.0,0.030892465
49,124,6.0,0.040815987
49,124,7.0,0.049195778
49,124,8.0,0.05625377
49,124,9.0,0.0630023
49,124,10.0,0.07072727
49,124,11.0,0.07981797
49,124,12.0,0.08970393
49,124,13.0,0.09965322
49,124,14.0,0.10885437
49,125,0.0,0.0022635642
49,125,1.0,0.0057019847
49,125,2.0,0.011718083
49,125,3.0,0.02099443
49,125,4.0,0.03308496
49,125,5.0,0.046254326
49,125,6.0,0.057978336
49,125,7.0,0.06679526
49,125,8.0,0.07347955
49,125,9.0,0.07953672
49,125,10.0,0.08652181
49,125,11.0,0.09455547
49,125,12.0,0.10284081
49,125,13.0,0.11043111
49,125,14.0,0.11636773
49,126,0.0,0.0021193305
49,126,1.0,0.004724944
49,126,2.0,0.009572329
49,126,3.0,0.017204478
49,126,4.0,0.027027674
49,126,5.0,0.037479863
49,126,6.0,0.046362936
49,126,7.0,0.052795693
49,126,8.0,0.05766709
49,126,9.0,0.062359363
49,126,10.0,0.068137795
49,126,11.0,0.07494965
49,126,12.0,0.082174376
49,126,13.0,0.08906952
49,126,14.0,0.094900236
49,127,0.0,0.006759229
49,127,1.0,0.012200624
49,127,2.0,0.020449562
49,127,3.0,0.031074328
49,127,4.0,0.042352647
49,127,5.0,0.052073326
49,127,6.0,0.05814342
49,127,7.0,0.060741384
49,127,8.0,0.06159609
49,127,9.0,0.062469132
49,127,10.0,0.06450701
49,127,11.0,0.06737273
49,127,12.0,0.07034312
49,127,13.0,0.07264074
49,127,14.0,0.07366203
49,128,0.0,0.005554805
49,128,1.0,0.008147794
49,128,2.0,0.012489243
49,128,3.0,0.018449027
49,128,4.0,0.024965161
49,128,5.0,0.03039982
49,128,6.0,0.03341154
49,128,7.0,0.0343224
49,128,8.0,0.0343669
49,128,9.0,0.034683067
49,128,10.0,0.0358658
49,128,11.0,0.03762396
49,128,12.0,0.0395137
49,128,13.0,0.04107194
49,128,14.0,0.041999232
49,129,0.0,0.012307186
49,129,1.0,0.015665986
49,129,2.0,0.02033001
49,129,3.0,0.025509782
49,129,4.0,0.029721912
49,129,5.0,0.031632748
49,129,6.0,0.030870792
49,129,7.0,0.028577236
49,129,8.0,0.02608582
49,129,9.0,0.024275446
49,129,10.0,0.023402208
49,129,11.0,0.023096308
49,129,12.0,0.022968972
49,129,13.0,0.022675632
49,129,14.0,0.022057172
49,130,0.0,0.00537831
49,130,1.0,0.005849291
49,130,2.0,0.0071344427
49,130,3.0,0.008869338
49,130,4.0,0.010452494
49,130,5.0,0.011293775
49,130,6.0,0.011038908
49,130,7.0,0.010084383
49,130,8.0,0.009017363
49,130,9.0,0.008236376
49,130,10.0,0.00782988
49,130,11.0,0.0076397536
49,130,12.0,0.00752146
49,130,13.0,0.0073540616
49,130,14.0,0.0071062483
49,131,0.0,0.0035134885
49,131,1.0,0.0036928786
49,131,2.0,0.0041371193
49,131,3.0,0.004635543
49,131,4.0,0.0049750367
49,131,5.0,0.0049118814
49,131,6.0,0.0043358975
49,131,7.0,0.0035251584
49,131,8.0,0.0027855367
49,131,9.0,0.0022642417
49,131,10.0,0.0019520145
49,131,11.0,0.0017579439
49,131,12.0,0.0016157718
49,131,13.0,0.0014816369
49,131,14.0,0.001346195
49,132,0.0,0.00030890957
49,132,1.0,0.000261962
49,132,2.0,0.0002819966
49,132,3.0,0.00034156835
49,132,4.0,0.00041233617
49,132,5.0,0.00044847612
49,132,6.0,0.0004118161
49,132,7.0,0.00033160622
49,132,8.0,0.00025082464
49,132,9.0,0.00019381521
49,132,10.0,0.00016130984
49,132,11.0,0.00014091088
49,132,12.0,0.00012496651
49,132,13.0,0.00010915763
49,132,14.0,9.360223e-05
49,133,0.0,2.3364668e-05
49,133,1.0,1.9073297e-05
49,133,2.0,2.1030803e-05
49,133,3.0,3.0289111e-05
49,133,4.0,4.3991127e-05
49,133,5.0,5.3354983e-05
49,133,6.0,4.818761e-05
49,133,7.0,3.3888242e-05
49,133,8.0,2.0533214e-05
49,133,9.0,1.23803675e-05
49,133,10.0,8.520986e-06
49,133,11.0,6.570216e-06
49,133,12.0,5.372187e-06
49,133,13.0,4.3369714e-06
49,133,14.0,3.3507786e-06
49,134,0.0,6.813733e-09
49,134,1.0,2.281321e-11
49,134,2.0,3.7527405e-11
49,134,3.0,1.0981889e-08
49,134,4.0,2.0557968e-07
49,134,5.0,9.242354e-07
49,134,6.0,1.6043666e-06
49,134,7.0,1.5623692e-06
49,134,8.0,1.1517324e-06
49,134,9.0,8.457488e-07
49,134,10.0,7.70504e-07
49,134,11.0,7.87776e-07
49,134,12.0,7.933512e-07
49,134,13.0,7.238824e-07
49,134,14.0,5.920009e-07
49,135,0.0,0.0
49,135,1.0,0.0
49,135,2.0,0.0
49,135,3.0,0.0
49,135,4.0,1.2670945e-09
49,135,5.0,9.436791e-08
49,135,6.0,3.3606753e-07
49,135,7.0,4.000241e-07
49,135,8.0,2.9066166e-07
49,135,9.0,1.8976401e-07
49,135,10.0,1.6529818e-07
49,135,11.0,1.8606774e-07
49,135,12.0,2.2461795e-07
49,135,13.0,2.532795e-07
49,135,14.0,2.4224383e-07
49,136,0.0,8.523491e-11
49,136,1.0,0.0
49,136,2.0,0.0
49,136,3.0,0.0
49,136,4.0,1.4780747e-09
49,136,5.0,1.3856675e-07
49,136,6.0,7.132438e-07
49,136,7.0,1.2887024e-06
49,136,8.0,1.5218733e-06
49,136,9.0,1.6191228e-06
49,136,10.0,1.9476502e-06
49,136,11.0,2.5724564e-06
49,136,12.0,3.2815383e-06
49,136,13.0,3.7884759e-06
49,136,14.0,3.8777916e-06
49,137,0.0,0.0
49,137,1.0,0.0
49,137,2.0,0.0
49,137,3.0,0.0
49,137,4.0,0.0
49,137,5.0,0.0
49,137,6.0,7.656862e-12
49,137,7.0,1.2139374e-09
49,137,8.0,1.6121318e-09
49,137,9.0,7.8173523e-10
49,137,10.0,6.8601647e-10
49,137,11.0,1.9744006e-09
49,137,12.0,6.368458e-09
49,137,13.0,1.511662e-08
49,137,14.0,2.3555216e-08
49,138,0.0,1.4121999e-11
49,138,1.0,0.0
49,138,2.0,0.0
49,138,3.0,0.0
49,138,4.0,0.0
49,138,5.0,0.0
49,138,6.0,0.0
49,138,7.0,3.898621e-10
49,138,8.0,2.4186502e-09
49,138,9.0,3.3203542e-09
49,138,10.0,4.8902318e-09
49,138,11.0,1.2817181e-08
49,138,12.0,3.3788226e-08
49,138,13.0,6.940066e-08
49,138,14.0,1.0895001e-07
50,113,0.0,0.0
50,113,1.0,0.0
50,113,2.0,1.1928571e-09
50,113,3.0,6.7230435e-09
50,113,4.0,5.319809e-09
50,113,5.0,1.9543742e-10
50,113,6.0,0.0
50,113,7.0,0.0
50,113,8.0,0.0
50,113,9.0,0.0
50,113,10.0,0.0
50,113,11.0,0.0
50,113,12.0,0.0
50,113,13.0,0.0
50,113,14.0,0.0
50,114,0.0,1.2365545e-07
50,114,1.0,2.8459487e-08
50,114,2.0,6.2675404e-08
50,114,3.0,2.0706203e-07
50,114,4.0,3.979301e-07
50,114,5.0,3.7085275e-07
50,114,6.0,1.7858929e-07
50,114,7.0,5.9332265e-08
50,114,8.0,2.6318139e-08
50,114,9.0,3.7947594e-08
50,114,10.0,9.7293466e-08
50,114,11.0,1.9927849e-07
50,114,12.0,2.3402824e-07
50,114,13.0,1.2528355e-07
50,114,14.0,2.4540876e-08
50,115,0.0,0.0
50,115,1.0,4.8522004e-08
50,115,2.0,4.8032e-07
50,115,3.0,1.0893776e-06
50,115,4.0,1.2173728e-06
50,115,5.0,7.3502247e-07
50,115,6.0,2.2519474e-07
50,115,7.0,3.8997257e-08
50,115,8.0,6.7618497e-09
50,115,9.0,6.663367e-09
50,115,10.0,2.89031e-08
50,115,11.0,1.0612799e-07
50,115,12.0,2.0782215e-07
50,115,13.0,1.8920427e-07
50,115,14.0,7.558651e-08
50,116,0.0,0.0
50,116,1.0,0.0
50,116,2.0,0.0
50,116,3.0,0.0
50,116,4.0,0.0
50,116,5.0,0.0
50,116,6.0,0.0
50,116,7.0,0.0
50,116,8.0,0.0
50,116,9.0,0.0
50,116,10.0,0.0
50,116,11.0,0.0
50,116,12.0,0.0
50,116,13.0,0.0
50,116,14.0,0.0
50,117,0.0,0.0
50,117,1.0,6.178442e-08
50,117,2.0,4.2354995e-07
50,117,3.0,7.016632e-07
50,117,4.0,5.497732e-07
50,117,5.0,2.1374167e-07
50,117,6.0,2.6781292e-08
50,117,7.0,1.9706568e-10
50,117,8.0,0.0
50,117,9.0,0.0
50,117,10.0,0.0
50,117,11.0,1.3571361e-09
50,117,12.0,2.1834266e-08
50,117,13.0,5.945858e-08
50,117,14.0,5.7125217e-08
50,118,0.0,1.15177325e-08
50,118,1.0,2.9463644e-07
50,118,2.0,1.114263e-06
50,118,3.0,1.844211e-06
50,118,4.0,1.6027604e-06
50,118,5.0,6.853073e-07
50,118,6.0,1.5187753e-07
50,118,7.0,2.463169e-08
50,118,8.0,1.14893295e-08
50,118,9.0,3.9365762e-08
50,118,10.0,1.9387939e-07
50,118,11.0,6.196824e-07
50,118,12.0,1.1497868e-06
50,118,13.0,1.3713626e-06
50,118,14.0,1.2807598e-06
50,119,0.0,5.143163e-08
50,119,1.0,1.2319604e-06
50,119,2.0,2.9904818e-06
50,119,3.0,3.6287922e-06
50,119,4.0,2.9481832e-06
50,119,5.0,1.7686449e-06
50,119,6.0,7.315513e-07
50,119,7.0,2.2480866e-07
50,119,8.0,8.046257e-08
50,119,9.0,7.9380015e-08
50,119,10.0,2.5382232e-07
50,119,11.0,9.589713e-07
50,119,12.0,2.6825217e-06
50,119,13.0,5.135154e-06
50,119,14.0,6.9352104e-06
50,120,0.0,1.957685e-06
50,120,1.0,1.0997174e-05
50,120,2.0,2.5923284e-05
50,120,3.0,3.713319e-05
50,120,4.0,3.6892932e-05
50,120,5.0,2.8588702e-05
50,120,6.0,2.0736266e-05
50,120,7.0,1.7223796e-05
50,120,8.0,1.967593e-05
50,120,9.0,2.9686196e-05
50,120,10.0,4.7667883e-05
50,120,11.0,7.045761e-05
50,120,12.0,8.913022e-05
50,120,13.0,9.9358804e-05
50,120,14.0,0.00010433387
50,121,0.0,1.2935044e-05
50,121,1.0,4.7267204e-05
50,121,2.0,8.444786e-05
50,121,3.0,0.00011288306
50,121,4.0,0.00012916776
50,121,5.0,0.0001346162
50,121,6.0,0.00012894685
50,121,7.0,0.00012135446
50,121,8.0,0.00012437385
50,121,9.0,0.00015027134
50,121,10.0,0.00021528617
50,121,11.0,0.00032565536
50,121,12.0,0.0004733177
50,121,13.0,0.00062873354
50,121,14.0,0.0007526792
50,122,0.0,4.8938804e-05
50,122,1.0,0.0001489136
50,122,2.0,0.00028377766
50,122,3.0,0.00040238196
50,122,4.0,0.00047811042
50,122,5.0,0.0005193577
50,122,6.0,0.0005668256
50,122,7.0,0.00066685147
50,122,8.0,0.00087919465
50,122,9.0,0.0012346144
50,122,10.0,0.001708565
50,122,11.0,0.0022215755
50,122,12.0,0.0026604831
50,122,13.0,0.0030173087
50,122,14.0,0.003351281
50,123,0.0,0.00035107235
50,123,1.0,0.0008108107
50,123,2.0,0.0014316129
50,123,3.0,0.0021408778
50,123,4.0,0.0028661094
50,123,5.0,0.0035519062
50,123,6.0,0.004117985
50,123,7.0,0.0046198214
50,123,8.0,0.0052300924
50,123,9.0,0.0061752074
50,123,10.0,0.0076643284
50,123,11.0,0.009636881
50,123,12.0,0.0118767945
50,123,13.0,0.014052746
50,123,14.0,0.015868181
50,124,0.0,0.0010721503
50,124,1.0,0.002147532
50,124,2.0,0.0036063697
50,124,3.0,0.0052527618
50,124,4.0,0.00690723
50,124,5.0,0.008493401
50,124,6.0,0.010201937
50,124,7.0,0.0123793315
50,124,8.0,0.015487849
50,124,9.0,0.019549338
50,124,10.0,0.024140596
50,124,11.0,0.028598495
50,124,12.0,0.032285076
50,124,13.0,0.03538558
50,124,14.0,0.038385324
50,125,0.0,0.0014415904
50,125,1.0,0.0031665103
50,125,2.0,0.0060048318
50,125,3.0,0.010009183
50,125,4.0,0.014733514
50,125,5.0,0.019427283
50,125,6.0,0.023422886
50,125,7.0,0.026806809
50,125,8.0,0.03023925
50,125,9.0,0.034608256
50,125,10.0,0.04060164
50,125,11.0,0.04790235
50,125,12.0,0.055808026
50,125,13.0,0.06340731
50,125,14.0,0.07003153
50,126,0.0,0.008840463
50,126,1.0,0.014632831
50,126,2.0,0.02234116
50,126,3.0,0.031171316
50,126,4.0,0.03982962
50,126,5.0,0.047542993
50,126,6.0,0.054792892
50,126,7.0,0.062722296
50,126,8.0,0.072728515
50,126,9.0,0.08480116
50,126,10.0,0.09765255
50,126,11.0,0.10961452
50,126,12.0,0.11920081
50,126,13.0,0.12701976
50,126,14.0,0.13435571
50,127,0.0,0.012964771
50,127,1.0,0.02076636
50,127,2.0,0.03198944
50,127,3.0,0.045803305
50,127,4.0,0.059980538
50,127,5.0,0.07236831
50,127,6.0,0.081414
50,127,7.0,0.08787713
50,127,8.0,0.093871124
50,127,9.0,0.101653226
50,127,10.0,0.11260067
50,127,11.0,0.12574655
50,127,12.0,0.13954833
50,127,13.0,0.15216237
50,127,14.0,0.16232665
50,128,0.0,0.06833002
50,128,1.0,0.085567385
50,128,2.0,0.10385057
50,128,3.0,0.11960286
50,128,4.0,0.13065554
50,128,5.0,0.137014
50,128,6.0,0.14127652
50,128,7.0,0.14653587
50,128,8.0,0.15560786
50,128,9.0,0.16898303
50,128,10.0,0.18436
50,128,11.0,0.19897054
50,128,12.0,0.20999867
50,128,13.0,0.21718383
50,128,14.0,0.22203672
50,129,0.0,0.09910269
50,129,1.0,0.114739135
50,129,2.0,0.13382344
50,129,3.0,0.15261327
50,129,4.0,0.1673385
50,129,5.0,0.17607103
50,129,6.0,0.17852187
50,129,7.0,0.17733787
50,129,8.0,0.17632903
50,129,9.0,0.17888445
50,129,10.0,0.1867214
50,129,11.0,0.19784522
50,129,12.0,0.2095963
50,129,13.0,0.21939448
50,129,14.0,0.22539686
50,130,0.0,0.19085866
50,130,1.0,0.19250177
50,130,2.0,0.19259873
50,130,3.0,0.18771334
50,130,4.0,0.1771654
50,130,5.0,0.1621128
50,130,6.0,0.14661556
50,130,7.0,0.13466856
50,130,8.0,0.12817194
50,130,9.0,0.1276132
50,130,10.0,0.13075557
50,130,11.0,0.13491695
50,130,12.0,0.13760735
50,130,13.0,0.13723299
50,130,14.0,0.13440084
50,131,0.0,0.115115896
50,131,1.0,0.10793237
50,131,2.0,0.10470765
50,131,3.0,0.10222901
50,131,4.0,0.09828146
50,131,5.0,0.09212763
50,131,6.0,0.084293135
50,131,7.0,0.07640289
50,131,8.0,0.070174485
50,131,9.0,0.06663261
50,131,10.0,0.0661843
50,131,11.0,0.06773484
50,131,12.0,0.06992384
50,131,13.0,0.07157348
50,131,14.0,0.07179062
50,132,0.0,0.064387284
50,132,1.0,0.05765264
50,132,2.0,0.05127218
50,132,3.0,0.04469035
50,132,4.0,0.03780925
50,132,5.0,0.030983077
50,132,6.0,0.024767986
50,132,7.0,0.019908028
50,132,8.0,0.01673698
50,132,9.0,0.015215303
50,132,10.0,0.015035931
50,132,11.0,0.015570191
50,132,12.0,0.016257798
50,132,13.0,0.016589599
50,132,14.0,0.01629751
50,133,0.0,0.010326232
50,133,1.0,0.008144129
50,133,2.0,0.006932087
50,133,3.0,0.006093825
50,133,4.0,0.0053591826
50,133,5.0,0.0046433075
50,133,6.0,0.003911662
50,133,7.0,0.003211584
50,133,8.0,0.0026755375
50,133,9.0,0.0023627074
50,133,10.0,0.0022951986
50,133,11.0,0.0024187476
50,133,12.0,0.0026268715
50,133,13.0,0.0028208515
50,133,14.0,0.002906818
50,134,0.0,0.0018877606
50,134,1.0,0.0015312165
50,134,2.0,0.0012436362
50,134,3.0,0.0009996078
50,134,4.0,0.0007865039
50,134,5.0,0.00059961603
50,134,6.0,0.000440206
50,134,7.0,0.00030933772
50,134,8.0,0.00022183575
50,134,9.0,0.00017807096
50,134,10.0,0.00017394563
50,134,11.0,0.00020512135
50,134,12.0,0.00025894292
50,134,13.0,0.00031613183
50,134,14.0,0.00034917035
50,135,0.0,2.830439e-05
50,135,1.0,1.3233276e-05
50,135,2.0,8.951999e-06
50,135,3.0,7.3999336e-06
50,135,4.0,6.9164967e-06
50,135,5.0,6.905711e-06
50,135,6.0,6.641423e-06
50,135,7.0,5.5499127e-06
50,135,8.0,4.3256136e-06
50,135,9.0,3.786695e-06
50,135,10.0,4.4346907e-06
50,135,11.0,7.163302e-06
50,135,12.0,1.2588504e-05
50,135,13.0,2.0215432e-05
50,135,14.0,2.7281765e-05
50,136,0.0,2.653027e-07
50,136,1.0,4.48896e-07
50,136,2.0,5.428587e-07
50,136,3.0,6.3112844e-07
50,136,4.0,7.494663e-07
50,136,5.0,9.040157e-07
50,136,6.0,1.0290775e-06
50,136,7.0,9.974943e-07
50,136,8.0,7.357574e-07
50,136,9.0,4.82955e-07
50,136,10.0,3.8101558e-07
50,136,11.0,4.7390142e-07
50,136,12.0,8.966864e-07
50,136,13.0,1.6729348e-06
50,136,14.0,2.3625284e-06
50,137,0.0,3.4494523e-08
50,137,1.0,3.107581e-10
50,137,2.0,7.84877e-12
50,137,3.0,6.390762e-11
50,137,4.0,1.8491638e-09
50,137,5.0,2.4341407e-08
50,137,6.0,1.2851429e-07
50,137,7.0,3.3042122e-07
50,137,8.0,5.043153e-07
50,137,9.0,6.673931e-07
50,137,10.0,1.0089004e-06
50,137,11.0,1.989288e-06
50,137,12.0,4.511529e-06
50,137,13.0,9.111981e-06
50,137,14.0,1.4728917e-05
50,138,0.0,2.5552573e-09
50,138,1.0,8.2756785e-08
50,138,2.0,3.2093948e-07
50,138,3.0,5.741029e-07
50,138,4.0,8.359706e-07
50,138,5.0,1.1976327e-06
50,138,6.0,1.7301832e-06
50,138,7.0,2.2731501e-06
50,138,8.0,2.4567207e-06
50,138,9.0,1.9514348e-06
50,138,10.0,1.1536698e-06
50,138,11.0,5.742024e-07
50,138,12.0,2.794533e-07
50,138,13.0,1.6194318e-07
50,138,14.0,9.978328e-08
50,139,0.0,4.250264e-06
50,139,1.0,7.041534e-07
50,139,2.0,1.1079238e-07
50,139,3.0,2.1776831e-08
50,139,4.0,8.633217e-09
50,139,5.0,1.4365964e-08
50,139,6.0,4.6281002e-08
50,139,7.0,1.219923e-07
50,139,8.0,1.9824944e-07
50,139,9.0,2.2688903e-07
50,139,10.0,2.65818e-07
50,139,11.0,4.2166397e-07
50,139,12.0,9.582536e-07
50,139,13.0,2.3112225e-06
50,139,14.0,4.5453075e-06
50,140,0.0,2.499135e-11
50,140,1.0,6.9940316e-09
50,140,2.0,1.2951405e-07
50,140,3.0,4.991656e-07
50,140,4.0,9.3060356e-07
50,140,5.0,1.2704411e-06
50,140,6.0,1.5645593e-06
50,140,7.0,1.9112242e-06
50,140,8.0,2.1163717e-06
50,140,9.0,1.8880849e-06
50,140,10.0,1.1756823e-06
50,140,11.0,4.4732994e-07
50,140,12.0,9.9346295e-08
50,140,13.0,1.1383796e-08
50,140,14.0,5.847893e-10
51,116,0.0,0.0
51,116,1.0,0.0
51,116,2.0,0.0
51,116,3.0,0.0
51,116,4.0,0.0
51,116,5.0,0.0
51,116,6.0,0.0
51,116,7.0,0.0
51,116,8.0,0.0
51,116,9.0,0.0
51,116,10.0,0.0
51,116,11.0,0.0
51,116,12.0,0.0
51,116,13.0,0.0
51,116,14.0,0.0
51,117,0.0,0.0
51,117,1.0,6.376845e-10
51,117,2.0,1.4509395e-08
51,117,3.0,9.0376076e-08
51,117,4.0,2.7600217e-07
51,117,5.0,4.91945e-07
51,117,6.0,4.771178e-07
51,117,7.0,2.987592e-07
51,117,8.0,1.794369e-07
51,117,9.0,1.6685063e-07
51,117,10.0,3.0466742e-07
51,117,11.0,7.029661e-07
51,117,12.0,1.4447427e-06
51,117,13.0,2.3161197e-06
51,117,14.0,2.8030859e-06
51,118,0.0,4.1517392e-08
51,118,1.0,9.2603166e-08
51,118,2.0,1.15369126e-07
51,118,3.0,1.6195281e-07
51,118,4.0,2.0488943e-07
51,118,5.0,1.818461e-07
51,118,6.0,7.170471e-08
51,118,7.0,8.238304e-09
51,118,8.0,7.373504e-11
51,118,9.0,0.0
51,118,10.0,0.0
51,118,11.0,3.0243629e-12
51,118,12.0,3.090104e-10
51,118,13.0,1.2783729e-09
51,118,14.0,1.0290365e-09
51,119,0.0,4.8306287e-10
51,119,1.0,1.9526961e-08
51,119,2.0,7.7728835e-08
51,119,3.0,2.1166306e-07
51,119,4.0,4.039025e-07
51,119,5.0,5.198504e-07
51,119,6.0,3.83474e-07
51,119,7.0,1.8951538e-07
51,119,8.0,9.267311e-08
51,119,9.0,8.0022666e-08
51,119,10.0,1.531822e-07
51,119,11.0,3.685819e-07
51,119,12.0,7.597104e-07
51,119,13.0,1.1649847e-06
51,119,14.0,1.3069293e-06
51,120,0.0,7.777318e-09
51,120,1.0,1.2912725e-08
51,120,2.0,9.868295e-09
51,120,3.0,9.046803e-09
51,120,4.0,6.7396986e-09
51,120,5.0,1.8419136e-09
51,120,6.0,4.0522035e-13
51,120,7.0,0.0
51,120,8.0,0.0
51,120,9.0,0.0
51,120,10.0,0.0
51,120,11.0,0.0
51,120,12.0,0.0
51,120,13.0,0.0
51,120,14.0,0.0
51,121,0.0,4.0551967e-10
51,121,1.0,1.928334e-08
51,121,2.0,8.147651e-08
51,121,3.0,2.1468888e-07
51,121,4.0,4.0265104e-07
51,121,5.0,5.1914225e-07
51,121,6.0,4.0876887e-07
51,121,7.0,2.595084e-07
51,121,8.0,1.9853239e-07
51,121,9.0,2.750667e-07
51,121,10.0,6.1356525e-07
51,121,11.0,1.4087844e-06
51,121,12.0,2.6949328e-06
51,121,13.0,4.0101622e-06
51,121,14.0,4.8355687e-06
51,122,0.0,5.434173e-08
51,122,1.0,1.69157e-07
51,122,2.0,3.3295277e-07
51,122,3.0,5.782463e-07
51,122,4.0,8.1380483e-07
51,122,5.0,8.29818e-07
51,122,6.0,5.593372e-07
51,122,7.0,3.230859e-07
51,122,8.0,2.3650124e-07
51,122,9.0,3.2487634e-07
51,122,10.0,6.9553766e-07
51,122,11.0,1.516153e-06
51,122,12.0,2.769425e-06
51,122,13.0,3.9959946e-06
51,122,14.0,4.858711e-06
51,123,0.0,5.491031e-06
51,123,1.0,1.400891e-05
51,123,2.0,2.7451983e-05
51,123,3.0,4.7713824e-05
51,123,4.0,7.2845534e-05
51,123,5.0,9.525925e-05
51,123,6.0,0.00010887589
51,123,7.0,0.00012077917
51,123,8.0,0.00014176444
51,123,9.0,0.00018539229
51,123,10.0,0.0002573302
51,123,11.0,0.0003534858
51,123,12.0,0.0004603178
51,123,13.0,0.00055749953
51,123,14.0,0.00064176176
51,124,0.0,5.4740904e-06
51,124,1.0,1.659619e-05
51,124,2.0,3.9678886e-05
51,124,3.0,8.062833e-05
51,124,4.0,0.00013633475
51,124,5.0,0.0001900656
51,124,6.0,0.00023119296
51,124,7.0,0.0002708982
51,124,8.0,0.0003286244
51,124,9.0,0.0004285427
51,124,10.0,0.0005748559
51,124,11.0,0.00075502833
51,124,12.0,0.00094276643
51,124,13.0,0.0011101457
51,124,14.0,0.0012636015
51,125,0.0,7.6876386e-05
51,125,1.0,0.00019341889
51,125,2.0,0.0004172599
51,125,3.0,0.0007856535
51,125,4.0,0.0012763076
51,125,5.0,0.0017905319
51,125,6.0,0.0022736816
51,125,7.0,0.0027675799
51,125,8.0,0.0033741707
51,125,9.0,0.0042072893
51,125,10.0,0.005245562
51,125,11.0,0.0063965437
51,125,12.0,0.0075221844
51,125,13.0,0.00852807
51,125,14.0,0.009481566
51,126,0.0,2.3433771e-05
51,126,1.0,0.000106187115
51,126,2.0,0.0003464535
51,126,3.0,0.0008454067
51,126,4.0,0.001609416
51,126,5.0,0.0024916756
51,126,6.0,0.0033863361
51,126,7.0,0.0043201796
51,126,8.0,0.0054314723
51,126,9.0,0.006849162
51,126,10.0,0.008501042
51,126,11.0,0.010233785
51,126,12.0,0.011859079
51,126,13.0,0.013308369
51,126,14.0,0.014717952
51,127,0.0,0.0004805056
51,127,1.0,0.0012850134
51,127,2.0,0.0029550302
51,127,3.0,0.005719327
51,127,4.0,0.009272025
51,127,5.0,0.012797738
51,127,6.0,0.01594319
51,127,7.0,0.018864695
51,127,8.0,0.02202354
51,127,9.0,0.025692824
51,127,10.0,0.029626999
51,127,11.0,0.033472266
51,127,12.0,0.036856044
51,127,13.0,0.0398047
51,127,14.0,0.04270504
51,128,0.0,0.0010976194
51,128,1.0,0.002852591
51,128,2.0,0.0066685607
51,128,3.0,0.013004315
51,128,4.0,0.020862363
51,128,5.0,0.02848389
51,128,6.0,0.035203435
51,128,7.0,0.041314926
51,128,8.0,0.047650766
51,128,9.0,0.05451902
51,128,10.0,0.061388005
51,128,11.0,0.06760015
51,128,12.0,0.07261332
51,128,13.0,0.076812275
51,128,14.0,0.08101248
51,129,0.0,0.021564184
51,129,1.0,0.036942236
51,129,2.0,0.060227334
51,129,3.0,0.08791231
51,129,4.0,0.11342479
51,129,5.0,0.13180313
51,129,6.0,0.14354008
51,129,7.0,0.15146075
51,129,8.0,0.15882516
51,129,9.0,0.16657767
51,129,10.0,0.17371973
51,129,11.0,0.17915224
51,129,12.0,0.18215413
51,129,13.0,0.18387932
51,129,14.0,0.18581206
51,130,0.0,0.05470565
51,130,1.0,0.08094574
51,130,2.0,0.11917793
51,130,3.0,0.16303441
51,130,4.0,0.20256689
51,130,5.0,0.22996263
51,130,6.0,0.2465599
51,130,7.0,0.2573823
51,130,8.0,0.2675148
51,130,9.0,0.27804065
51,130,10.0,0.28727254
51,130,11.0,0.2934244
51,130,12.0,0.2954019
51,130,13.0,0.2949581
51,130,14.0,0.29442352
51,131,0.0,0.2648506
51,131,1.0,0.32909933
51,131,2.0,0.40262052
51,131,3.0,0.4673332
51,131,4.0,0.50697434
51,131,5.0,0.51539695
51,131,6.0,0.5030457
51,131,7.0,0.4835166
51,131,8.0,0.46679655
51,131,9.0,0.45442358
51,131,10.0,0.44356656
51,131,11.0,0.43149203
51,131,12.0,0.41659617
51,131,13.0,0.40106392
51,131,14.0,0.38759968
51,132,0.0,0.24038118
51,132,1.0,0.27318117
51,132,2.0,0.31648833
51,132,3.0,0.35619745
51,132,4.0,0.38022128
51,132,5.0,0.38341567
51,132,6.0,0.37211698
51,132,7.0,0.3558223
51,132,8.0,0.34224242
51,132,9.0,0.33241603
51,132,10.0,0.32381663
51,132,11.0,0.31402236
51,132,12.0,0.30154765
51,132,13.0,0.2878873
51,132,14.0,0.2750331
51,133,0.0,0.2960909
51,133,1.0,0.3058804
51,133,2.0,0.3200771
51,133,3.0,0.326006
51,133,4.0,0.31636602
51,133,5.0,0.29168746
51,133,6.0,0.26051056
51,133,7.0,0.23060097
51,133,8.0,0.20683226
51,133,9.0,0.18912789
51,133,10.0,0.17497188
51,133,11.0,0.16232726
51,133,12.0,0.14994399
51,133,13.0,0.13835293
51,133,14.0,0.12850642
51,134,0.0,0.085214116
51,134,1.0,0.08318508
51,134,2.0,0.08577412
51,134,3.0,0.08789172
51,134,4.0,0.08621107
51,134,5.0,0.07987749
51,134,6.0,0.07134954
51,134,7.0,0.06301916
51,134,8.0,0.056408837
51,134,9.0,0.05167288
51,134,10.0,0.047948983
51,134,11.0,0.044500865
51,134,12.0,0.04084559
51,134,13.0,0.0371332
51,134,14.0,0.033790857
51,135,0.0,0.033476576
51,135,1.0,0.030635273
51,135,2.0,0.029530207
51,135,3.0,0.028064912
51,135,4.0,0.025465341
51,135,5.0,0.02168838
51,135,6.0,0.017596954
51,135,7.0,0.014028045
51,135,8.0,0.01137087
51,135,9.0,0.009594697
51,135,10.0,0.008335624
51,135,11.0,0.0073188655
51,135,12.0,0.0063796467
51,135,13.0,0.005503942
51,135,14.0,0.004778213
51,136,0.0,0.0025934314
51,136,1.0,0.002279192
51,136,2.0,0.0023415426
51,136,3.0,0.0024741206
51,136,4.0,0.0024818005
51,136,5.0,0.0022662196
51,136,6.0,0.0019006409
51,136,7.0,0.0015352997
51,136,8.0,0.0012586652
51,136,9.0,0.001090089
51,136,10.0,0.0009774057
51,136,11.0,0.00087680353
51,136,12.0,0.0007617046
51,136,13.0,0.00063004706
51,136,14.0,0.00050694303
51,137,0.0,0.00039767293
51,137,1.0,0.0003309549
51,137,2.0,0.0003273888
51,137,3.0,0.0003324781
51,137,4.0,0.00032141036
51,137,5.0,0.00027391812
51,137,6.0,0.000199063
51,137,7.0,0.00013090638
51,137,8.0,8.457069e-05
51,137,9.0,5.919423e-05
51,137,10.0,4.5306362e-05
51,137,11.0,3.5764057e-05
51,137,12.0,2.7200698e-05
51,137,13.0,1.8814824e-05
51,137,14.0,1.2121162e-05
51,138,0.0,2.4798783e-06
51,138,1.0,2.0466587e-06
51,138,2.0,3.488781e-06
51,138,3.0,7.0626543e-06
51,138,4.0,1.2343299e-05
51,138,5.0,1.642039e-05
51,138,6.0,1.5688542e-05
51,138,7.0,1.2218381e-05
51,138,8.0,8.997514e-06
51,138,9.0,7.361779e-06
51,138,10.0,6.8800605e-06
51,138,11.0,6.4787278e-06
51,138,12.0,5.46995e-06
51,138,13.0,3.7360162e-06
51,138,14.0,1.9953504e-06
51,139,0.0,1.5480623e-07
51,139,1.0,8.231503e-08
51,139,2.0,1.2472523e-07
51,139,3.0,3.269235e-07
51,139,4.0,8.1811083e-07
51,139,5.0,1.4028225e-06
51,139,6.0,1.3773199e-06
51,139,7.0,8.76715e-07
51,139,8.0,4.5014497e-07
51,139,9.0,2.5204824e-07
51,139,10.0,2.0038264e-07
51,139,11.0,1.8811437e-07
51,139,12.0,1.6017398e-07
51,139,13.0,9.665573e-08
51,139,14.0,3.3065636e-08
51,140,0.0,0.0
51,140,1.0,0.0
51,140,2.0,4.681423e-12
51,140,3.0,1.2729523e-08
51,140,4.0,2.3356877e-07
51,140,5.0,1.1201147e-06
51,140,6.0,2.2951183e-06
51,140,7.0,2.7847157e-06
51,140,8.0,2.7110927e-06
51,140,9.0,2.6413366e-06
51,140,10.0,2.9877308e-06
51,140,11.0,3.5205344e-06
51,140,12.0,3.73063e-06
51,140,13.0,3.2045239e-06
51,140,14.0,2.0568436e-06
51,141,0.0,2.2943725e-08
51,141,1.0,1.7617598e-09
51,141,2.0,2.9811784e-10
51,141,3.0,2.4065852e-09
51,141,4.0,3.783315e-08
51,141,5.0,2.2208516e-07
51,141,6.0,5.1085317e-07
51,141,7.0,5.6526954e-07
51,141,8.0,4.3715346e-07
51,141,9.0,3.2079004e-07
51,141,10.0,3.055364e-07
51,141,11.0,3.6744996e-07
51,141,12.0,4.3040654e-07
51,141,13.0,4.1172154e-07
51,141,14.0,2.8275323e-07
51,142,0.0,1.30369235e-08
51,142,1.0,5.702873e-11
51,142,2.0,0.0
51,142,3.0,2.1781426e-12
51,142,4.0,6.346137e-09
51,142,5.0,1.2798753e-07
51,142,6.0,5.486284e-07
51,142,7.0,9.3486483e-07
51,142,8.0,1.0279974e-06
51,142,9.0,9.883601e-07
51,142,10.0,1.0516738e-06
51,142,11.0,1.277083e-06
51,142,12.0,1.4610531e-06
51,142,13.0,1.3696317e-06
51,142,14.0,9.440232e-07
51,143,0.0,3.1772714e-12
51,143,1.0,0.0
51,143,2.0,0.0
51,143,3.0,0.0
51,143,4.0,0.0
51,143,5.0,0.0
51,143,6.0,0.0
51,143,7.0,0.0
51,143,8.0,0.0
51,143,9.0,0.0
51,143,10.0,0.0
51,143,11.0,0.0
51,143,12.0,0.0
51,143,13.0,0.0
51,143,14.0,0.0
52,119,0.0,0.0
52,119,1.0,0.0
52,119,2.0,0.0
52,119,3.0,0.0
52,119,4.0,0.0
52,119,5.0,0.0
52,119,6.0,0.0
52,119,7.0,0.0
52,119,8.0,0.0
52,119,9.0,0.0
52,119,10.0,0.0
52,119,11.0,0.0
52,119,12.0,0.0
52,119,13.0,0.0
52,119,14.0,0.0
52,120,0.0,6.411993e-08
52,120,1.0,4.1837447e-07
52,120,2.0,1.1602617e-06
52,120,3.0,1.3905233e-06
52,120,4.0,7.565787e-07
52,120,5.0,2.1582242e-07
52,120,6.0,5.1173995e-08
52,120,7.0,3.3327883e-08
52,120,8.0,7.0398166e-08
52,120,9.0,1.769293e-07
52,120,10.0,2.9375698e-07
52,120,11.0,2.6594708e-07
52,120,12.0,1.5573121e-07
52,120,13.0,6.775633e-08
52,120,14.0,2.3567912e-08
52,121,0.0,1.23354806e-14
52,121,1.0,7.588333e-10
52,121,2.0,2.8200822e-10
52,121,3.0,0.0
52,121,4.0,0.0
52,121,5.0,0.0
52,121,6.0,0.0
52,121,7.0,0.0
52,121,8.0,0.0
52,121,9.0,0.0
52,121,10.0,0.0
52,121,11.0,7.953544e-12
52,121,12.0,2.690226e-10
52,121,13.0,3.974845e-10
52,121,14.0,2.5770003e-10
52,122,0.0,0.0
52,122,1.0,1.480264e-13
52,122,2.0,2.1219899e-08
52,122,3.0,3.815431e-08
52,122,4.0,7.25662e-09
52,122,5.0,1.0879794e-10
52,122,6.0,1.5145543e-13
52,122,7.0,1.8097698e-10
52,122,8.0,1.07470814e-08
52,122,9.0,8.567971e-08
52,122,10.0,2.2001372e-07
52,122,11.0,3.049713e-07
52,122,12.0,3.5931654e-07
52,122,13.0,4.5967593e-07
52,122,14.0,7.097044e-07
52,123,0.0,3.6745576e-12
52,123,1.0,1.9713715e-08
52,123,2.0,6.578395e-08
52,123,3.0,4.5613216e-08
52,123,4.0,7.635345e-09
52,123,5.0,1.0433832e-10
52,123,6.0,0.0
52,123,7.0,1.0730341e-15
52,123,8.0,1.8030604e-09
52,123,9.0,5.546666e-08
52,123,10.0,3.139678e-07
52,123,11.0,7.124513e-07
52,123,12.0,9.760678e-07
52,123,13.0,1.1294403e-06
52,123,14.0,1.3325159e-06
52,124,0.0,0.0
52,124,1.0,3.6454583e-08
52,124,2.0,2.4748996e-07
52,124,3.0,1.9011433e-07
52,124,4.0,4.7047802e-08
52,124,5.0,8.177192e-09
52,124,6.0,7.638949e-09
52,124,7.0,4.1358128e-08
52,124,8.0,1.9684256e-07
52,124,9.0,4.9548976e-07
52,124,10.0,6.467942e-07
52,124,11.0,5.8338907e-07
52,124,12.0,4.854528e-07
52,124,13.0,4.813442e-07
52,124,14.0,6.6420057e-07
52,125,0.0,0.0
52,125,1.0,7.02355e-08
52,125,2.0,6.460849e-07
52,125,3.0,1.4550008e-06
52,125,4.0,1.7598446e-06
52,125,5.0,1.7611842e-06
52,125,6.0,2.0809043e-06
52,125,7.0,3.6659028e-06
52,125,8.0,8.5223255e-06
52,125,9.0,1.866833e-05
52,125,10.0,3.311716e-05
52,125,11.0,4.5462286e-05
52,125,12.0,5.193245e-05
52,125,13.0,5.5794055e-05
52,125,14.0,6.114541e-05
52,126,0.0,3.4875109e-06
52,126,1.0,1.0560056e-05
52,126,2.0,1.7064198e-05
52,126,3.0,1.8928442e-05
52,126,4.0,2.0394236e-05
52,126,5.0,2.7426244e-05
52,126,6.0,4.9707356e-05
52,126,7.0,9.990077e-05
52,126,8.0,0.00018443371
52,126,9.0,0.00028565867
52,126,10.0,0.00036792867
52,126,11.0,0.0004261611
52,126,12.0,0.0004753035
52,126,13.0,0.00053757394
52,126,14.0,0.00063196523
52,127,0.0,2.9427374e-09
52,127,1.0,7.1265305e-07
52,127,2.0,7.698523e-06
52,127,3.0,2.930574e-05
52,127,4.0,6.551575e-05
52,127,5.0,0.000113747206
52,127,6.0,0.00018293661
52,127,7.0,0.00030128955
52,127,8.0,0.0005066308
52,127,9.0,0.0008029961
52,127,10.0,0.0011434914
52,127,11.0,0.0014320025
52,127,12.0,0.0016249329
52,127,13.0,0.0017613703
52,127,14.0,0.001895783
52,128,0.0,6.8231316e-06
52,128,1.0,2.1131505e-05
52,128,2.0,5.111537e-05
52,128,3.0,0.000103178456
52,128,4.0,0.00020284248
52,128,5.0,0.0004025913
52,128,6.0,0.00080452574
52,128,7.0,0.0014994162
52,128,8.0,0.0024749446
52,128,9.0,0.0035424586
52,128,10.0,0.0044578034
52,128,11.0,0.005188163
52,128,12.0,0.005813068
52,128,13.0,0.0064578424
52,128,14.0,0.007197073
52,129,0.0,0.00015822046
52,129,1.0,0.0004016313
52,129,2.0,0.00096502877
52,129,3.0,0.0019018282
52,129,4.0,0.0030797457
52,129,5.0,0.0043962863
52,129,6.0,0.0059060003
52,129,7.0,0.007866128
52,129,8.0,0.010542327
52,129,9.0,0.013784384
52,129,10.0,0.017139865
52,129,11.0,0.019949378
52,129,12.0,0.021949772
52,129,13.0,0.023410741
52,129,14.0,0.024663374
52,130,0.0,0.006144129
52,130,1.0,0.008778902
52,130,2.0,0.012183981
52,130,3.0,0.015846474
52,130,4.0,0.020001572
52,130,5.0,0.025271462
52,130,6.0,0.032528628
52,130,7.0,0.041845836
52,130,8.0,0.052218486
52,130,9.0,0.061835185
52,130,10.0,0.068998344
52,130,11.0,0.07390572
52,130,12.0,0.07743034
52,130,13.0,0.080527246
52,130,14.0,0.083774
52,131,0.0,0.04313238
52,131,1.0,0.056277376
52,131,2.0,0.07340299
52,131,3.0,0.09116999
52,131,4.0,0.10648584
52,131,5.0,0.119093955
52,131,6.0,0.13090344
52,131,7.0,0.14453718
52,131,8.0,0.16188407
52,131,9.0,0.1812736
52,131,10.0,0.19980744
52,131,11.0,0.21410652
52,131,12.0,0.22273052
52,131,13.0,0.2276032
52,131,14.0,0.23083542
52,132,0.0,0.24763145
52,132,1.0,0.27708262
52,132,2.0,0.29880658
52,132,3.0,0.30721644
52,132,4.0,0.30776992
52,132,5.0,0.30931696
52,132,6.0,0.31829822
52,132,7.0,0.33658338
52,132,8.0,0.3597756
52,132,9.0,0.3817738
52,132,10.0,0.39632872
52,132,11.0,0.40290236
52,132,12.0,0.40490708
52,132,13.0,0.40549168
52,132,14.0,0.4070077
52,133,0.0,0.4894657
52,133,1.0,0.5069674
52,133,2.0,0.5255563
52,133,3.0,0.53559434
52,133,4.0,0.5324434
52,133,5.0,0.5187835
52,133,6.0,0.50392354
52,133,7.0,0.49619535
52,133,8.0,0.5009691
52,133,9.0,0.5149756
52,133,10.0,0.53060627
52,133,11.0,0.5406734
52,133,12.0,0.54026246
52,133,13.0,0.5318525
52,133,14.0,0.51967776
52,134,0.0,0.8307374
52,134,1.0,0.8060652
52,134,2.0,0.7655625
52,134,3.0,0.70369804
52,134,4.0,0.6273464
52,134,5.0,0.5534184
52,134,6.0,0.4957329
52,134,7.0,0.4601825
52,134,8.0,0.44235978
52,134,9.0,0.43291974
52,134,10.0,0.42387053
52,134,11.0,0.40964264
52,134,12.0,0.3914961
52,134,13.0,0.37253243
52,134,14.0,0.354874
52,135,0.0,0.46868145
52,135,1.0,0.40233743
52,135,2.0,0.35252976
52,135,3.0,0.31029356
52,135,4.0,0.27207115
52,135,5.0,0.23643309
52,135,6.0,0.20623185
52,135,7.0,0.18422018
52,135,8.0,0.17128122
52,135,9.0,0.16656709
52,135,10.0,0.16628554
52,135,11.0,0.16688615
52,135,12.0,0.1654957
52,135,13.0,0.16100565
52,135,14.0,0.15480313
52,136,0.0,0.2572219
52,136,1.0,0.22388001
52,136,2.0,0.19525906
52,136,3.0,0.1665014
52,136,4.0,0.1373159
52,136,5.0,0.109763436
52,136,6.0,0.08737634
52,136,7.0,0.07169087
52,136,8.0,0.06245425
52,136,9.0,0.05776572
52,136,10.0,0.0552901
52,136,11.0,0.053292513
52,136,12.0,0.050600164
52,136,13.0,0.04731862
52,136,14.0,0.04401567
52,137,0.0,0.052236315
52,137,1.0,0.035932418
52,137,2.0,0.026365051
52,137,3.0,0.020127775
52,137,4.0,0.015681632
52,137,5.0,0.012289699
52,137,6.0,0.009640857
52,137,7.0,0.00779499
52,137,8.0,0.0067382283
52,137,9.0,0.0064154416
52,137,10.0,0.0066752257
52,137,11.0,0.007228227
52,137,12.0,0.007801328
52,137,13.0,0.008133007
52,137,14.0,0.008133043
52,138,0.0,0.010524958
52,138,1.0,0.00809327
52,138,2.0,0.006685504
52,138,3.0,0.0056297574
52,138,4.0,0.0046184002
52,138,5.0,0.0035894562
52,138,6.0,0.002617205
52,138,7.0,0.0018727895
52,138,8.0,0.001406293
52,138,9.0,0.0011871686
52,138,10.0,0.0011471803
52,138,11.0,0.0011965795
52,138,12.0,0.0012645761
52,138,13.0,0.0012853921
52,138,14.0,0.0012280683
52,139,0.0,0.0008603922
52,139,1.0,0.00037142466
52,139,2.0,0.00019630212
52,139,3.0,0.00012451508
52,139,4.0,9.062888e-05
52,139,5.0,7.068782e-05
52,139,6.0,5.473429e-05
52,139,7.0,4.1550302e-05
52,139,8.0,3.4250374e-05
52,139,9.0,3.4316203e-05
52,139,10.0,4.458785e-05
52,139,11.0,6.7521505e-05
52,139,12.0,0.000101207785
52,139,13.0,0.00013701578
52,139,14.0,0.00016029991
52,140,0.0,1.5969566e-05
52,140,1.0,8.959196e-06
52,140,2.0,7.059527e-06
52,140,3.0,7.526433e-06
52,140,4.0,9.071367e-06
52,140,5.0,1.0237231e-05
52,140,6.0,9.656865e-06
52,140,7.0,7.0980586e-06
52,140,8.0,4.45221e-06
52,140,9.0,2.9757853e-06
52,140,10.0,2.7364854e-06
52,140,11.0,3.8217413e-06
52,140,12.0,6.173577e-06
52,140,13.0,9.042519e-06
52,140,14.0,1.0503697e-05
52,141,0.0,8.158837e-07
52,141,1.0,4.4672668e-10
52,141,2.0,0.0
52,141,3.0,0.0
52,141,4.0,0.0
52,141,5.0,0.0
52,141,6.0,0.0
52,141,7.0,1.516128e-12
52,141,8.0,2.5276373e-11
52,141,9.0,2.5504973e-10
52,141,10.0,4.252179e-09
52,141,11.0,5.7493686e-08
52,141,12.0,3.559675e-07
52,141,13.0,1.0971019e-06
52,141,14.0,1.9552062e-06
52,142,0.0,2.4212554e-10
52,142,1.0,3.037681e-10
52,142,2.0,1.775985e-09
52,142,3.0,1.3734062e-08
52,142,4.0,8.920217e-08
52,142,5.0,3.8837922e-07
52,142,6.0,1.0201707e-06
52,142,7.0,1.6649778e-06
52,142,8.0,1.6997448e-06
52,142,9.0,1.195194e-06
52,142,10.0,7.127612e-07
52,142,11.0,4.5576255e-07
52,142,12.0,3.9260726e-07
52,142,13.0,3.847385e-07
52,142,14.0,2.8999295e-07
52,143,0.0,6.157503e-07
52,143,1.0,1.1208565e-17
52,143,2.0,0.0
52,143,3.0,0.0
52,143,4.0,0.0
52,143,5.0,0.0
52,143,6.0,0.0
52,143,7.0,0.0
52,143,8.0,0.0
52,143,9.0,0.0
52,143,10.0,0.0
52,143,11.0,0.0
52,143,12.0,4.6287424e-10
52,143,13.0,1.40579655e-08
52,143,14.0,5.998161e-08
52,144,0.0,8.029018e-10
52,144,1.0,3.320302e-09
52,144,2.0,1.02682165e-08
52,144,3.0,2.5091815e-08
52,144,4.0,5.799258e-08
52,144,5.0,1.4500868e-07
52,144,6.0,3.6164732e-07
52,144,7.0,6.7369496e-07
52,144,8.0,8.1405517e-07
52,144,9.0,5.514973e-07
52,144,10.0,1.8125843e-07
52,144,11.0,2.2110285e-08
52,144,12.0,1.6670287e-10
52,144,13.0,0.0
52,144,14.0,0.0
52,145,0.0,0.0
52,145,1.0,0.0
52,145,2.0,0.0
52,145,3.0,0.0
52,145,4.0,0.0
52,145,5.0,0.0
52,145,6.0,0.0
52,145,7.0,0.0
52,145,8.0,0.0
52,145,9.0,0.0
52,145,10.0,0.0
52,145,11.0,0.0
52,145,12.0,0.0
52,145,13.0,0.0
52,145,14.0,0.0
53,122,0.0,0.0
53,122,1.0,3.3747075e-11
53,122,2.0,1.3334367e-09
53,122,3.0,1.1130141e-09
53,122,4.0,1.3406854e-13
53,122,5.0,0.0
53,122,6.0,0.0
53,122,7.0,0.0
53,122,8.0,0.0
53,122,9.0,0.0
53,122,10.0,0.0
53,122,11.0,0.0
53,122,12.0,0.0
53,122,13.0,0.0
53,122,14.0,0.0
53,123,0.0,8.512672e-09
53,123,1.0,3.374027e-08
53,123,2.0,4.9656382e-08
53,123,3.0,2.1437657e-08
53,123,4.0,5.4536803e-10
53,123,5.0,0.0
53,123,6.0,0.0
53,123,7.0,0.0
53,123,8.0,0.0
53,123,9.0,0.0
53,123,10.0,0.0
53,123,11.0,0.0
53,123,12.0,0.0
53,123,13.0,0.0
53,123,14.0,0.0
53,124,0.0,5.451866e-08
53,124,1.0,1.7106717e-07
53,124,2.0,2.744544e-07
53,124,3.0,1.7293333e-07
53,124,4.0,2.50053e-08
53,124,5.0,6.789382e-11
53,124,6.0,0.0
53,124,7.0,0.0
53,124,8.0,0.0
53,124,9.0,0.0
53,124,10.0,0.0
53,124,11.0,0.0
53,124,12.0,0.0
53,124,13.0,0.0
53,124,14.0,0.0
53,125,0.0,1.3740731e-07
53,125,1.0,3.8330137e-07
53,125,2.0,5.9612046e-07
53,125,3.0,4.7078169e-07
53,125,4.0,1.720837e-07
53,125,5.0,3.4390546e-08
53,125,6.0,5.807836e-09
53,125,7.0,3.5592305e-09
53,125,8.0,9.145958e-09
53,125,9.0,2.5614666e-08
53,125,10.0,4.3390767e-08
53,125,11.0,4.0047116e-08
53,125,12.0,2.8961676e-08
53,125,13.0,2.5866246e-08
53,125,14.0,3.983661e-08
53,126,0.0,1.3784797e-12
53,126,1.0,5.1187584e-08
53,126,2.0,4.079562e-07
53,126,3.0,6.975582e-07
53,126,4.0,5.057946e-07
53,126,5.0,2.5867058e-07
53,126,6.0,1.5407812e-07
53,126,7.0,1.7977023e-07
53,126,8.0,3.2081414e-07
53,126,9.0,5.5383754e-07
53,126,10.0,7.227012e-07
53,126,11.0,6.7444796e-07
53,126,12.0,5.444375e-07
53,126,13.0,4.7749336e-07
53,126,14.0,5.6377195e-07
53,127,0.0,0.0
53,127,1.0,1.4384396e-09
53,127,2.0,1.4019803e-07
53,127,3.0,5.592409e-07
53,127,4.0,8.984802e-07
53,127,5.0,1.1867984e-06
53,127,6.0,1.8196099e-06
53,127,7.0,3.5635396e-06
53,127,8.0,7.08648e-06
53,127,9.0,1.2178188e-05
53,127,10.0,1.6975255e-05
53,127,11.0,1.979146e-05
53,127,12.0,2.1735555e-05
53,127,13.0,2.4817893e-05
53,127,14.0,3.1496376e-05
53,128,0.0,0.0
53,128,1.0,0.0
53,128,2.0,3.5251844e-08
53,128,3.0,7.5547075e-07
53,128,4.0,2.4078017e-06
53,128,5.0,4.9659516e-06
53,128,6.0,9.755278e-06
53,128,7.0,2.0050758e-05
53,128,8.0,3.8464223e-05
53,128,9.0,6.3934145e-05
53,128,10.0,8.936205e-05
53,128,11.0,0.00010871106
53,128,12.0,0.00012478488
53,128,13.0,0.00014385286
53,128,14.0,0.00017391382
53,129,0.0,0.0
53,129,1.0,4.4424883e-08
53,129,2.0,2.8755494e-06
53,129,3.0,1.5411433e-05
53,129,4.0,3.8387352e-05
53,129,5.0,7.13395e-05
53,129,6.0,0.00012181934
53,129,7.0,0.00020502911
53,129,8.0,0.00032513015
53,129,9.0,0.00046904513
53,129,10.0,0.0006054236
53,129,11.0,0.0007176752
53,129,12.0,0.0008218861
53,129,13.0,0.00094372855
53,129,14.0,0.0011129018
53,130,0.0,1.1997953e-08
53,130,1.0,4.6010746e-06
53,130,2.0,4.9268965e-05
53,130,3.0,0.00017823935
53,130,4.0,0.00037975117
53,130,5.0,0.0006343955
53,130,6.0,0.0009706074
53,130,7.0,0.0014431521
53,130,8.0,0.0020486417
53,130,9.0,0.0027239774
53,130,10.0,0.0033533128
53,130,11.0,0.0038884354
53,130,12.0,0.004386074
53,130,13.0,0.004929094
53,130,14.0,0.005604718
53,131,0.0,0.00024986116
53,131,1.0,0.00078882877
53,131,2.0,0.002003096
53,131,3.0,0.0037666492
53,131,4.0,0.0056260736
53,131,5.0,0.007401795
53,131,6.0,0.009270832
53,131,7.0,0.011449328
53,131,8.0,0.013825788
53,131,9.0,0.016127026
53,131,10.0,0.018001098
53,131,11.0,0.019407291
53,131,12.0,0.020609787
53,131,13.0,0.021882182
53,131,14.0,0.023462653
53,132,0.0,0.003389958
53,132,1.0,0.007389289
53,132,2.0,0.014364091
53,132,3.0,0.023217011
53,132,4.0,0.032179873
53,132,5.0,0.040333875
53,132,6.0,0.048216585
53,132,7.0,0.05667488
53,132,8.0,0.0654081
53,132,9.0,0.07362057
53,132,10.0,0.08029974
53,132,11.0,0.085355364
53,132,12.0,0.089605376
53,132,13.0,0.09386409
53,132,14.0,0.09880546
53,133,0.0,0.045295503
53,133,1.0,0.0712834
53,133,2.0,0.105316706
53,133,3.0,0.13934807
53,133,4.0,0.16691741
53,133,5.0,0.18658733
53,133,6.0,0.20146225
53,133,7.0,0.2151452
53,133,8.0,0.22738895
53,133,9.0,0.23678623
53,133,10.0,0.24163888
53,133,11.0,0.24220438
53,133,12.0,0.24075921
53,133,13.0,0.23923668
53,133,14.0,0.2390674
53,134,0.0,0.13107252
53,134,1.0,0.18189275
53,134,2.0,0.2436696
53,134,3.0,0.30216208
53,134,4.0,0.34754235
53,134,5.0,0.37895712
53,134,6.0,0.40099353
53,134,7.0,0.42000967
53,134,8.0,0.43668625
53,134,9.0,0.44916925
53,134,10.0,0.4548666
53,134,11.0,0.45350665
53,134,12.0,0.44845754
53,134,13.0,0.44262987
53,134,14.0,0.4379769
53,135,0.0,0.38968554
53,135,1.0,0.47524318
53,135,2.0,0.56494373
53,135,3.0,0.63369524
53,135,4.0,0.6686809
53,135,5.0,0.674925
53,135,6.0,0.6644022
53,135,7.0,0.6506228
53,135,8.0,0.6369694
53,135,9.0,0.6210047
53,135,10.0,0.5995475
53,135,11.0,0.57155615
53,135,12.0,0.54100835
53,135,13.0,0.51142406
53,135,14.0,0.48503187
53,136,0.0,0.40351424
53,136,1.0,0.44691935
53,136,2.0,0.4971483
53,136,3.0,0.5346811
53,136,4.0,0.548819
53,136,5.0,0.5439646
53,136,6.0,0.52945226
53,136,7.0,0.5145992
53,136,8.0,0.5023636
53,136,9.0,0.49060574
53,136,10.0,0.47615927
53,136,11.0,0.45668137
53,136,12.0,0.43422806
53,136,13.0,0.41143942
53,136,14.0,0.38988927
53,137,0.0,0.42512262
53,137,1.0,0.43456662
53,137,2.0,0.45084468
53,137,3.0,0.45680693
53,137,4.0,0.44352612
53,137,5.0,0.41570428
53,137,6.0,0.38293564
53,137,7.0,0.35354835
53,137,8.0,0.33044875
53,137,9.0,0.31119218
53,137,10.0,0.2928655
53,137,11.0,0.27318117
53,137,12.0,0.2526117
53,137,13.0,0.23288292
53,137,14.0,0.2149654
53,138,0.0,0.18632911
53,138,1.0,0.17629297
53,138,2.0,0.17574814
53,138,3.0,0.17547637
53,138,4.0,0.16982879
53,138,5.0,0.15915778
53,138,6.0,0.14696953
53,138,7.0,0.1365388
53,138,8.0,0.12943731
53,138,9.0,0.12439332
53,138,10.0,0.11985841
53,138,11.0,0.1144175
53,138,12.0,0.10769489
53,138,13.0,0.10048281
53,138,14.0,0.09334475
53,139,0.0,0.08410442
53,139,1.0,0.074932374
53,139,2.0,0.072290696
53,139,3.0,0.07066869
53,139,4.0,0.066925295
53,139,5.0,0.060550407
53,139,6.0,0.053457625
53,139,7.0,0.047312897
53,139,8.0,0.04293959
53,139,9.0,0.039890055
53,139,10.0,0.037383355
53,139,11.0,0.03478224
53,139,12.0,0.031752
53,139,13.0,0.028566517
53,139,14.0,0.025501428
53,140,0.0,0.017309528
53,140,1.0,0.014332343
53,140,2.0,0.013738915
53,140,3.0,0.013916677
53,140,4.0,0.013840469
53,140,5.0,0.013024067
53,140,6.0,0.011817981
53,140,7.0,0.010693472
53,140,8.0,0.009973909
53,140,9.0,0.009620172
53,140,10.0,0.009371923
53,140,11.0,0.009006157
53,140,12.0,0.008364562
53,140,13.0,0.007507513
53,140,14.0,0.006572047
53,141,0.0,0.004320545
53,141,1.0,0.0033847333
53,141,2.0,0.003291195
53,141,3.0,0.0034674583
53,141,4.0,0.0035508284
53,141,5.0,0.0033083074
53,141,6.0,0.0028542334
53,141,7.0,0.0023938678
53,141,8.0,0.002050325
53,141,9.0,0.0018383001
53,141,10.0,0.0016825007
53,141,11.0,0.0015194339
53,141,12.0,0.0013092285
53,141,13.0,0.0010618457
53,141,14.0,0.00082014664
53,142,0.0,0.00038578175
53,142,1.0,0.0002594102
53,142,2.0,0.00026385437
53,142,3.0,0.00032895402
53,142,4.0,0.00040629553
53,142,5.0,0.00043781093
53,142,6.0,0.00041152307
53,142,7.0,0.00036353339
53,142,8.0,0.00032538784
53,142,9.0,0.0003098917
53,142,10.0,0.00030221516
53,142,11.0,0.00028591126
53,142,12.0,0.00024947355
53,142,13.0,0.00019388131
53,142,14.0,0.00013508597
53,143,0.0,5.5361204e-05
53,143,1.0,3.2764256e-05
53,143,2.0,3.7836846e-05
53,143,3.0,5.8847636e-05
53,143,4.0,8.634221e-05
53,143,5.0,0.0001001912
53,143,6.0,9.099047e-05
53,143,7.0,7.172801e-05
53,143,8.0,5.4457043e-05
53,143,9.0,4.4047738e-05
53,143,10.0,3.7467336e-05
53,143,11.0,3.083928e-05
53,143,12.0,2.2423263e-05
53,143,13.0,1.3065819e-05
53,143,14.0,5.7814677e-06
53,144,0.0,4.5278074e-07
53,144,1.0,1.0797783e-07
53,144,2.0,2.7389734e-07
53,144,3.0,1.4634793e-06
53,144,4.0,5.2126366e-06
53,144,5.0,1.0292255e-05
53,144,6.0,1.2326929e-05
53,144,7.0,1.1361026e-05
53,144,8.0,9.68689e-06
53,144,9.0,8.915416e-06
53,144,10.0,8.741475e-06
53,144,11.0,8.045285e-06
53,144,12.0,6.1513388e-06
53,144,13.0,3.391039e-06
53,144,14.0,1.1775646e-06
53,145,0.0,2.050581e-09
53,145,1.0,2.5872813e-12
53,145,2.0,3.638073e-09
53,145,3.0,1.9034887e-07
53,145,4.0,1.3829529e-06
53,145,5.0,3.4395473e-06
53,145,6.0,4.176514e-06
53,145,7.0,3.3754332e-06
53,145,8.0,2.2460754e-06
53,145,9.0,1.529553e-06
53,145,10.0,1.1481155e-06
53,145,11.0,7.985164e-07
53,145,12.0,4.0398749e-07
53,145,13.0,9.650617e-08
53,145,14.0,2.8468168e-09
53,146,0.0,0.0
53,146,1.0,0.0
53,146,2.0,0.0
53,146,3.0,2.5100123e-15
53,146,4.0,5.980248e-08
53,146,5.0,5.5621433e-07
53,146,6.0,1.1217102e-06
53,146,7.0,1.2201276e-06
53,146,8.0,1.0522318e-06
53,146,9.0,9.566063e-07
53,146,10.0,9.713455e-07
53,146,11.0,9.034042e-07
53,146,12.0,6.301814e-07
53,146,13.0,2.502568e-07
53,146,14.0,3.330025e-08
53,147,0.0,0.0
53,147,1.0,0.0
53,147,2.0,0.0
53,147,3.0,2.9785588e-12
53,147,4.0,4.9945697e-08
53,147,5.0,3.625236e-07
53,147,6.0,5.874561e-07
53,147,7.0,4.6667193e-07
53,147,8.0,2.5904473e-07
53,147,9.0,1.4226542e-07
53,147,10.0,9.3166385e-08
53,147,11.0,5.4693466e-08
53,147,12.0,1.7743535e-08
53,147,13.0,7.580666e-10
53,147,14.0,0.0
53,148,0.0,0.0
53,148,1.0,0.0
53,148,2.0,0.0
53,148,3.0,0.0
53,148,4.0,9.483132e-10
53,148,5.0,4.8803024e-08
53,148,6.0,1.1821359e-07
53,148,7.0,1.1429384e-07
53,148,8.0,8.0146386e-08
53,148,9.0,6.652449e-08
53,148,10.0,7.054383e-08
53,148,11.0,6.632202e-08
53,148,12.0,3.835616e-08
53,148,13.0,7.2005943e-09
53,148,14.0,1.8495367e-11
54,125,0.0,0.0
54,125,1.0,2.1536774e-10
54,125,2.0,0.0
54,125,3.0,0.0
54,125,4.0,0.0
54,125,5.0,0.0
54,125,6.0,0.0
54,125,7.0,0.0
54,125,8.0,0.0
54,125,9.0,0.0
54,125,10.0,0.0
54,125,11.0,0.0
54,125,12.0,0.0
54,125,13.0,0.0
54,125,14.0,0.0
54,126,0.0,3.9662756e-11
54,126,1.0,7.892098e-08
54,126,2.0,2.2246773e-07
54,126,3.0,1.6243888e-07
54,126,4.0,6.8818615e-08
54,126,5.0,2.7444214e-08
54,126,6.0,9.227056e-09
54,126,7.0,8.0581863e-10
54,126,8.0,0.0
54,126,9.0,0.0
54,126,10.0,0.0
54,126,11.0,0.0
54,126,12.0,0.0
54,126,13.0,0.0
54,126,14.0,0.0
54,127,0.0,1.0114872e-09
54,127,1.0,1.121874e-07
54,127,2.0,3.126055e-07
54,127,3.0,2.7214108e-07
54,127,4.0,1.6918584e-07
54,127,5.0,1.6714507e-07
54,127,6.0,2.657196e-07
54,127,7.0,4.02232e-07
54,127,8.0,3.805003e-07
54,127,9.0,1.5966349e-07
54,127,10.0,2.4824097e-08
54,127,11.0,5.827576e-10
54,127,12.0,0.0
54,127,13.0,0.0
54,127,14.0,0.0
54,128,0.0,4.994768e-07
54,128,1.0,2.4081987e-06
54,128,2.0,3.4741672e-06
54,128,3.0,2.745194e-06
54,128,4.0,1.863424e-06
54,128,5.0,1.3921459e-06
54,128,6.0,1.0557434e-06
54,128,7.0,6.107997e-07
54,128,8.0,1.9248763e-07
54,128,9.0,2.8767118e-08
54,128,10.0,1.5634091e-09
54,128,11.0,3.701492e-11
54,128,12.0,7.526017e-12
54,128,13.0,3.9311606e-11
54,128,14.0,2.6262673e-10
54,129,0.0,0.0
54,129,1.0,1.1926163e-08
54,129,2.0,3.4526877e-07
54,129,3.0,1.332198e-06
54,129,4.0,3.0761184e-06
54,129,5.0,6.8913296e-06
54,129,6.0,1.4908389e-05
54,129,7.0,2.712064e-05
54,129,8.0,3.8396087e-05
54,129,9.0,4.12351e-05
54,129,10.0,3.748087e-05
54,129,11.0,3.2391767e-05
54,129,12.0,2.9524874e-05
54,129,13.0,3.0125022e-05
54,129,14.0,3.2943346e-05
54,130,0.0,8.633751e-09
54,130,1.0,8.99741e-08
54,130,2.0,2.7010643e-07
54,130,3.0,6.2225877e-07
54,130,4.0,1.7561669e-06
54,130,5.0,5.147662e-06
54,130,6.0,1.2098746e-05
54,130,7.0,2.044177e-05
54,130,8.0,2.5981779e-05
54,130,9.0,2.920779e-05
54,130,10.0,3.2741802e-05
54,130,11.0,3.9705203e-05
54,130,12.0,5.0680108e-05
54,130,13.0,6.324688e-05
54,130,14.0,7.408122e-05
54,131,0.0,4.7241963e-07
54,131,1.0,1.8644704e-06
54,131,2.0,6.553185e-06
54,131,3.0,1.662824e-05
54,131,4.0,3.4352295e-05
54,131,5.0,6.8960246e-05
54,131,6.0,0.00013594524
54,131,7.0,0.00024280182
54,131,8.0,0.0003748247
54,131,9.0,0.00048899365
54,131,10.0,0.0005708413
54,131,11.0,0.0006377248
54,131,12.0,0.0007136562
54,131,13.0,0.00081874075
54,131,14.0,0.0009410689
54,132,0.0,1.2403566e-05
54,132,1.0,1.1598984e-05
54,132,2.0,1.7261013e-05
54,132,3.0,3.3865967e-05
54,132,4.0,7.737795e-05
54,132,5.0,0.00017759495
54,132,6.0,0.0003593098
54,132,7.0,0.0006051361
54,132,8.0,0.00085889536
54,132,9.0,0.0011116542
54,132,10.0,0.0013914787
54,132,11.0,0.0017424508
54,132,12.0,0.0021690028
54,132,13.0,0.0026079204
54,132,14.0,0.0029728322
54,133,0.0,0.0009937381
54,133,1.0,0.0013985102
54,133,2.0,0.0020397261
54,133,3.0,0.0028020577
54,133,4.0,0.0036774743
54,133,5.0,0.0048463074
54,133,6.0,0.006581826
54,133,7.0,0.008884793
54,133,8.0,0.011488089
54,133,9.0,0.013888263
54,133,10.0,0.015796166
54,133,11.0,0.017381262
54,133,12.0,0.018894702
54,133,13.0,0.020574458
54,133,14.0,0.022408001
54,134,0.0,0.009053872
54,134,1.0,0.010182388
54,134,2.0,0.011793968
54,134,3.0,0.013857486
54,134,4.0,0.016930984
54,134,5.0,0.021591445
54,134,6.0,0.02766512
54,134,7.0,0.034379557
54,134,8.0,0.040501457
54,134,9.0,0.045774557
54,134,10.0,0.050706163
54,134,11.0,0.055875346
54,134,12.0,0.06155053
54,134,13.0,0.067065544
54,134,14.0,0.071581535
54,135,0.0,0.05073362
54,135,1.0,0.06033619
54,135,2.0,0.071624994
54,135,3.0,0.08214466
54,135,4.0,0.09184385
54,135,5.0,0.10203052
54,135,6.0,0.11503469
54,135,7.0,0.13156582
54,135,8.0,0.14983699
54,135,9.0,0.1670553
54,135,10.0,0.18023671
54,135,11.0,0.18959472
54,135,12.0,0.19664878
54,135,13.0,0.20286964
54,135,14.0,0.20931949
54,136,0.0,0.23666291
54,136,1.0,0.25430244
54,136,2.0,0.2658214
54,136,3.0,0.27105838
54,136,4.0,0.27500844
54,136,5.0,0.2844838
54,136,6.0,0.30116075
54,136,7.0,0.3212599
54,136,8.0,0.33964467
54,136,9.0,0.35186028
54,136,10.0,0.359536
54,136,11.0,0.36531046
54,136,12.0,0.37127778
54,136,13.0,0.37818596
54,136,14.0,0.38351884
54,137,0.0,0.43769097
54,137,1.0,0.44689822
54,137,2.0,0.46115944
54,137,3.0,0.4701964
54,137,4.0,0.47213638
54,137,5.0,0.4712508
54,137,6.0,0.4734422
54,137,7.0,0.4848537
54,137,8.0,0.5036076
54,137,9.0,0.52315927
54,137,10.0,0.5363294
54,137,11.0,0.5380726
54,137,12.0,0.53077555
54,137,13.0,0.5180884
54,137,14.0,0.5030351
54,138,0.0,0.85905063
54,138,1.0,0.8301571
54,138,2.0,0.79167974
54,138,3.0,0.7370379
54,138,4.0,0.6765677
54,138,5.0,0.6229708
54,138,6.0,0.5861762
54,138,7.0,0.5655822
54,138,8.0,0.5530789
54,138,9.0,0.539457
54,138,10.0,0.51835775
54,138,11.0,0.4923918
54,138,12.0,0.46536827
54,138,13.0,0.43984032
54,138,14.0,0.41665676
54,139,0.0,0.65434104
54,139,1.0,0.5691199
54,139,2.0,0.513783
54,139,3.0,0.46954367
54,139,4.0,0.42855045
54,139,5.0,0.3906262
54,139,6.0,0.35942087
54,139,7.0,0.33833507
54,139,8.0,0.3290757
54,139,9.0,0.32707605
54,139,10.0,0.3265173
54,139,11.0,0.32189968
54,139,12.0,0.310405
54,139,13.0,0.29433054
54,139,14.0,0.27605605
54,140,0.0,0.48488364
54,140,1.0,0.42592856
54,140,2.0,0.38075954
54,140,3.0,0.33720458
54,140,4.0,0.29308215
54,140,5.0,0.2530854
54,140,6.0,0.22146335
54,140,7.0,0.20039614
54,140,8.0,0.18778542
54,140,9.0,0.17909072
54,140,10.0,0.17035094
54,140,11.0,0.15889253
54,140,12.0,0.14556088
54,140,13.0,0.1319773
54,140,14.0,0.11913146
54,141,0.0,0.18226597
54,141,1.0,0.13229427
54,141,2.0,0.10534942
54,141,3.0,0.08862481
54,141,4.0,0.076560795
54,141,5.0,0.06659469
54,141,6.0,0.058561873
54,141,7.0,0.05298282
54,141,8.0,0.050266743
54,141,9.0,0.050252177
54,141,10.0,0.05153556
54,141,11.0,0.052686553
54,141,12.0,0.052433003
54,141,13.0,0.05032169
54,141,14.0,0.04697518
54,142,0.0,0.06179475
54,142,1.0,0.04773851
54,142,2.0,0.04031879
54,142,3.0,0.035429366
54,142,4.0,0.031081865
54,142,5.0,0.026688086
54,142,6.0,0.022800697
54,142,7.0,0.0199631
54,142,8.0,0.018447934
54,142,9.0,0.01800759
54,142,10.0,0.017963316
54,142,11.0,0.017708557
54,142,12.0,0.016789606
54,142,13.0,0.0152715435
54,142,14.0,0.013513023
54,143,0.0,0.013815952
54,143,1.0,0.0076981103
54,143,2.0,0.0052243243
54,143,3.0,0.0041306806
54,143,4.0,0.0035641228
54,143,5.0,0.003163271
54,143,6.0,0.002786021
54,143,7.0,0.0024854017
54,143,8.0,0.0023286259
54,143,9.0,0.0023694145
54,143,10.0,0.0025793554
54,143,11.0,0.0028333382
54,143,12.0,0.00299243
54,143,13.0,0.002935288
54,143,14.0,0.0026632892
54,144,0.0,0.0012278478
54,144,1.0,0.0006269767
54,144,2.0,0.00041246123
54,144,3.0,0.00034707738
54,144,4.0,0.0003365386
54,144,5.0,0.00033063165
54,144,6.0,0.00030585675
54,144,7.0,0.00027584934
54,144,8.0,0.0002600425
54,144,9.0,0.00027446577
54,144,10.0,0.0003230417
54,144,11.0,0.00038802394
54,144,12.0,0.00044193337
54,144,13.0,0.0004527594
54,144,14.0,0.00041157336
54,145,0.0,0.0001497878
54,145,1.0,2.5834053e-05
54,145,2.0,6.7800374e-06
54,145,3.0,3.5761348e-06
54,145,4.0,3.2864216e-06
54,145,5.0,3.6056454e-06
54,145,6.0,3.5036483e-06
54,145,7.0,2.9616963e-06
54,145,8.0,2.592061e-06
54,145,9.0,2.8628301e-06
54,145,10.0,4.3202112e-06
54,145,11.0,6.9693383e-06
54,145,12.0,9.746354e-06
54,145,13.0,1.0575257e-05
54,145,14.0,8.2965e-06
54,146,0.0,6.110693e-07
54,146,1.0,7.560355e-09
54,146,2.0,0.0
54,146,3.0,0.0
54,146,4.0,0.0
54,146,5.0,1.6057268e-09
54,146,6.0,2.1709273e-08
54,146,7.0,5.6856994e-08
54,146,8.0,9.715169e-08
54,146,9.0,1.8542298e-07
54,146,10.0,4.938144e-07
54,146,11.0,1.4122364e-06
54,146,12.0,3.1088032e-06
54,146,13.0,4.7667195e-06
54,146,14.0,4.8366965e-06
54,147,0.0,8.4011936e-07
54,147,1.0,0.0
54,147,2.0,0.0
54,147,3.0,0.0
54,147,4.0,0.0
54,147,5.0,0.0
54,147,6.0,0.0
54,147,7.0,0.0
54,147,8.0,0.0
54,147,9.0,0.0
54,147,10.0,0.0
54,147,11.0,0.0
54,147,12.0,0.0
54,147,13.0,0.0
54,147,14.0,0.0
54,148,0.0,3.3433544e-11
54,148,1.0,0.0
54,148,2.0,0.0
54,148,3.0,0.0
54,148,4.0,0.0
54,148,5.0,0.0
54,148,6.0,1.09548835e-10
54,148,7.0,1.3263616e-09
54,148,8.0,1.956016e-09
54,148,9.0,2.1813937e-09
54,148,10.0,4.629388e-09
54,148,11.0,1.973941e-08
54,148,12.0,6.2002634e-08
54,148,13.0,9.501269e-08
54,148,14.0,5.8568506e-08
54,149,0.0,1.0898983e-06
54,149,1.0,4.208066e-09
54,149,2.0,0.0
54,149,3.0,0.0
54,149,4.0,0.0
54,149,5.0,0.0
54,149,6.0,0.0
54,149,7.0,0.0
54,149,8.0,0.0
54,149,9.0,0.0
54,149,10.0,0.0
54,149,11.0,0.0
54,149,12.0,0.0
54,149,13.0,0.0
54,149,14.0,0.0
54,150,0.0,4.83128e-09
54,150,1.0,7.082289e-10
54,150,2.0,6.8678925e-12
54,150,3.0,0.0
54,150,4.0,0.0
54,150,5.0,0.0
54,150,6.0,0.0
54,150,7.0,0.0
54,150,8.0,0.0
54,150,9.0,0.0
54,150,10.0,0.0
54,150,11.0,0.0
54,150,12.0,0.0
54,150,13.0,0.0
54,150,14.0,0.0
55,128,0.0,6.579545e-11
55,128,1.0,1.7089254e-08
55,128,2.0,3.9008672e-08
55,128,3.0,2.0470077e-08
55,128,4.0,3.770314e-09
55,128,5.0,4.756257e-10
55,128,6.0,4.4326223e-11
55,128,7.0,5.124624e-17
55,128,8.0,0.0
55,128,9.0,0.0
55,128,10.0,0.0
55,128,11.0,0.0
55,128,12.0,0.0
55,128,13.0,0.0
55,128,14.0,0.0
55,129,0.0,0.0
55,129,1.0,1.6070425e-09
55,129,2.0,1.2016618e-08
55,129,3.0,2.2205652e-08
55,129,4.0,3.2202546e-08
55,129,5.0,6.5650134e-08
55,129,6.0,1.3229969e-07
55,129,7.0,1.8895133e-07
55,129,8.0,1.5088169e-07
55,129,9.0,5.8533058e-08
55,129,10.0,1.1072325e-08
55,129,11.0,1.0358217e-09
55,129,12.0,1.198086e-10
55,129,13.0,1.04266346e-10
55,129,14.0,3.6238043e-10
55,130,0.0,0.0
55,130,1.0,0.0
55,130,2.0,4.0558584e-11
55,130,3.0,3.8900727e-09
55,130,4.0,1.8541503e-08
55,130,5.0,6.185289e-08
55,130,6.0,1.4230385e-07
55,130,7.0,2.0668679e-07
55,130,8.0,1.6426034e-07
55,130,9.0,6.692785e-08
55,130,10.0,1.5350118e-08
55,130,11.0,2.4178897e-09
55,130,12.0,6.6470507e-10
55,130,13.0,7.030226e-10
55,130,14.0,1.4420767e-09
55,131,0.0,0.0
55,131,1.0,2.558515e-09
55,131,2.0,9.270382e-08
55,131,3.0,4.2039505e-07
55,131,4.0,1.0005965e-06
55,131,5.0,1.9607096e-06
55,131,6.0,3.2204896e-06
55,131,7.0,4.282616e-06
55,131,8.0,4.3449922e-06
55,131,9.0,3.4865634e-06
55,131,10.0,2.5889974e-06
55,131,11.0,2.1036772e-06
55,131,12.0,2.1746398e-06
55,131,13.0,2.7451176e-06
55,131,14.0,3.6569127e-06
55,132,0.0,0.0
55,132,1.0,9.462675e-10
55,132,2.0,9.5222845e-08
55,132,3.0,6.045701e-07
55,132,4.0,1.6554696e-06
55,132,5.0,3.483597e-06
55,132,6.0,6.0594043e-06
55,132,7.0,8.721537e-06
55,132,8.0,1.0098883e-05
55,132,9.0,9.803341e-06
55,132,10.0,9.145662e-06
55,132,11.0,9.217183e-06
55,132,12.0,1.0865933e-05
55,132,13.0,1.4306703e-05
55,132,14.0,1.8931034e-05
55,133,0.0,3.0392377e-07
55,133,1.0,1.8396545e-06
55,133,2.0,7.778388e-06
55,133,3.0,1.925016e-05
55,133,4.0,3.3793473e-05
55,133,5.0,5.1890856e-05
55,133,6.0,7.2435985e-05
55,133,7.0,9.158679e-05
55,133,8.0,0.00010305638
55,133,9.0,0.000104795356
55,133,10.0,0.00010380472
55,133,11.0,0.00010664491
55,133,12.0,0.000118532545
55,133,13.0,0.00013988583
55,133,14.0,0.00016514526
55,134,0.0,1.4597936e-06
55,134,1.0,8.29328e-06
55,134,2.0,3.2452306e-05
55,134,3.0,8.185812e-05
55,134,4.0,0.0001550236
55,134,5.0,0.00025338258
55,134,6.0,0.0003748154
55,134,7.0,0.0005045911
55,134,8.0,0.00061698945
55,134,9.0,0.00069376227
55,134,10.0,0.00075515325
55,134,11.0,0.00082885346
55,134,12.0,0.00094201206
55,134,13.0,0.0011037306
55,134,14.0,0.0012889233
55,135,0.0,0.00017256658
55,135,1.0,0.0004142638
55,135,2.0,0.0008793797
55,135,3.0,0.0015189954
55,135,4.0,0.0022388124
55,135,5.0,0.0030100807
55,135,6.0,0.003821388
55,135,7.0,0.004599374
55,135,8.0,0.0052365037
55,135,9.0,0.005644644
55,135,10.0,0.005923676
55,135,11.0,0.0062164282
55,135,12.0,0.006643748
55,135,13.0,0.0072612064
55,135,14.0,0.007968179
55,136,0.0,0.0014538269
55,136,1.0,0.0027794812
55,136,2.0,0.004941296
55,136,3.0,0.0076836306
55,136,4.0,0.010739466
55,136,5.0,0.014082527
55,136,6.0,0.017714992
55,136,7.0,0.02137234
55,136,8.0,0.02471077
55,136,9.0,0.027348246
55,136,10.0,0.029424675
55,136,11.0,0.031372674
55,136,12.0,0.03358885
55,136,13.0,0.036341105
55,136,14.0,0.03938857
55,137,0.0,0.018436356
55,137,1.0,0.028278558
55,137,2.0,0.04140785
55,137,3.0,0.05546561
55,137,4.0,0.06882935
55,137,5.0,0.08115116
55,137,6.0,0.09289895
55,137,7.0,0.10365801
55,137,8.0,0.11261532
55,137,9.0,0.11877811
55,137,10.0,0.122352466
55,137,11.0,0.124751516
55,137,12.0,0.12719832
55,137,13.0,0.13056272
55,137,14.0,0.13456641
55,138,0.0,0.06424825
55,138,1.0,0.08444217
55,138,2.0,0.109835744
55,138,3.0,0.13533758
55,138,4.0,0.1585439
55,138,5.0,0.17961356
55,138,6.0,0.20013005
55,138,7.0,0.219337
55,138,8.0,0.23571621
55,138,9.0,0.24755646
55,138,10.0,0.25426298
55,138,11.0,0.2579105
55,138,12.0,0.2605048
55,138,13.0,0.2635015
55,138,14.0,0.26701248
55,139,0.0,0.25360644
55,139,1.0,0.30248985
55,139,2.0,0.35849765
55,139,3.0,0.40713575
55,139,4.0,0.4426674
55,139,5.0,0.4661595
55,139,6.0,0.4828078
55,139,7.0,0.49479434
55,139,8.0,0.5008303
55,139,9.0,0.49892902
55,139,10.0,0.48777887
55,139,11.0,0.47086716
55,139,12.0,0.45214343
55,139,13.0,0.4342556
55,139,14.0,0.41830045
55,140,0.0,0.36316776
55,140,1.0,0.38884476
55,140,2.0,0.42353046
55,140,3.0,0.45190266
55,140,4.0,0.46842787
55,140,5.0,0.47533137
55,140,6.0,0.47840124
55,140,7.0,0.48069432
55,140,8.0,0.47993636
55,140,9.0,0.47386557
55,140,10.0,0.4603237
55,140,11.0,0.4410987
55,140,12.0,0.41975573
55,140,13.0,0.3986621
55,140,14.0,0.37902415
55,141,0.0,0.5326033
55,141,1.0,0.5395219
55,141,2.0,0.5589786
55,141,3.0,0.57053596
55,141,4.0,0.5656198
55,141,5.0,0.54807717
55,141,6.0,0.52567905
55,141,7.0,0.5046643
55,141,8.0,0.48448256
55,141,9.0,0.4627832
55,141,10.0,0.43697706
55,141,11.0,0.40731564
55,141,12.0,0.37710676
55,141,13.0,0.34861284
55,141,14.0,0.32294145
55,142,0.0,0.35015374
55,142,1.0,0.32822648
55,142,2.0,0.3220346
55,142,3.0,0.31708655
55,142,4.0,0.30650318
55,142,5.0,0.29152456
55,142,6.0,0.27601337
55,142,7.0,0.26349115
55,142,8.0,0.25308403
55,142,9.0,0.24267061
55,142,10.0,0.23034163
55,142,11.0,0.21533054
55,142,12.0,0.19933538
55,142,13.0,0.18378071
55,142,14.0,0.16940796
55,143,0.0,0.21527356
55,143,1.0,0.19608705
55,143,2.0,0.18974903
55,143,3.0,0.18532279
55,143,4.0,0.17695378
55,143,5.0,0.16510767
55,143,6.0,0.15238671
55,143,7.0,0.14144005
55,143,8.0,0.13265465
55,143,9.0,0.12474341
55,143,10.0,0.11642151
55,143,11.0,0.10687838
55,143,12.0,0.09686826
55,143,13.0,0.08730904
55,143,14.0,0.07867543
55,144,0.0,0.06977127
55,144,1.0,0.060295016
55,144,2.0,0.05732148
55,144,3.0,0.055967044
55,144,4.0,0.053584717
55,144,5.0,0.050021593
55,144,6.0,0.046108775
55,144,7.0,0.04280647
55,144,8.0,0.040271703
55,144,9.0,0.037941366
55,144,10.0,0.035326753
55,144,11.0,0.03208287
55,144,12.0,0.028476005
55,144,13.0,0.024950542
55,144,14.0,0.021747958
55,145,0.0,0.01832094
55,145,1.0,0.016180895
55,145,2.0,0.016208323
55,145,3.0,0.016634556
55,145,4.0,0.016374696
55,145,5.0,0.015289988
55,145,6.0,0.013786389
55,145,7.0,0.012347345
55,145,8.0,0.011204201
55,145,9.0,0.010184617
55,145,10.0,0.009105884
55,145,11.0,0.007856127
55,145,12.0,0.0065320833
55,145,13.0,0.005310862
55,145,14.0,0.0042756386
55,146,0.0,0.002631502
55,146,1.0,0.0022811915
55,146,2.0,0.00243157
55,146,3.0,0.0026943255
55,146,4.0,0.0027876368
55,146,5.0,0.002658851
55,146,6.0,0.0023975016
55,146,7.0,0.002125804
55,146,8.0,0.0018998802
55,146,9.0,0.001680554
55,146,10.0,0.0014327898
55,146,11.0,0.0011428954
55,146,12.0,0.0008478595
55,146,13.0,0.0005968017
55,146,14.0,0.00040605202
55,147,0.0,0.00024757587
55,147,1.0,0.00026019374
55,147,2.0,0.0003624357
55,147,3.0,0.00049498666
55,147,4.0,0.00057425624
55,147,5.0,0.000566645
55,147,6.0,0.0004989036
55,147,7.0,0.00042004744
55,147,8.0,0.00035670592
55,147,9.0,0.0002978817
55,147,10.0,0.00023397265
55,147,11.0,0.00016416382
55,147,12.0,0.000100674944
55,147,13.0,5.5049783e-05
55,147,14.0,2.7447473e-05
55,148,0.0,7.392376e-06
55,148,1.0,1.1432859e-05
55,148,2.0,2.7766442e-05
55,148,3.0,5.5988396e-05
55,148,4.0,7.914663e-05
55,148,5.0,8.47995e-05
55,148,6.0,7.6165044e-05
55,148,7.0,6.35562e-05
55,148,8.0,5.20706e-05
55,148,9.0,3.985885e-05
55,148,10.0,2.6419544e-05
55,148,11.0,1.3606739e-05
55,148,12.0,4.9872515e-06
55,148,13.0,1.1836831e-06
55,148,14.0,1.3870935e-07
55,149,0.0,2.2195897e-08
55,149,1.0,3.9490834e-07
55,149,2.0,3.4180468e-06
55,149,3.0,1.16803885e-05
55,149,4.0,1.980041e-05
55,149,5.0,2.203088e-05
55,149,6.0,1.9551064e-05
55,149,7.0,1.6216238e-05
55,149,8.0,1.3427057e-05
55,149,9.0,1.0249583e-05
55,149,10.0,6.4495957e-06
55,149,11.0,2.861955e-06
55,149,12.0,7.8911177e-07
55,149,13.0,1.0769727e-07
55,149,14.0,2.6364753e-09
55,150,0.0,6.256386e-14
55,150,1.0,7.885505e-08
55,150,2.0,1.8007139e-06
55,150,3.0,7.755412e-06
55,150,4.0,1.4261534e-05
55,150,5.0,1.6936589e-05
55,150,6.0,1.6501335e-05
55,150,7.0,1.5364469e-05
55,150,8.0,1.3567789e-05
55,150,9.0,1.0424466e-05
55,150,10.0,6.2195295e-06
55,150,11.0,2.4813535e-06
55,150,12.0,5.9403885e-07
55,150,13.0,6.481056e-08
55,150,14.0,8.8746704e-10
55,151,0.0,0.0
55,151,1.0,2.378144e-08
55,151,2.0,7.3373207e-07
55,151,3.0,2.53052e-06
55,151,4.0,3.784843e-06
55,151,5.0,4.05698e-06
55,151,6.0,3.9457577e-06
55,151,7.0,4.0642426e-06
55,151,8.0,4.1292537e-06
55,151,9.0,3.6455515e-06
55,151,10.0,2.442195e-06
55,151,11.0,1.1307852e-06
55,151,12.0,3.671547e-07
55,151,13.0,8.3167905e-08
55,151,14.0,1.3024856e-08
55,152,0.0,2.3496453e-08
55,152,1.0,6.734217e-07
55,152,2.0,3.1591799e-06
55,152,3.0,5.8292803e-06
55,152,4.0,7.0778306e-06
55,152,5.0,7.483593e-06
55,152,6.0,8.12056e-06
55,152,7.0,9.148636e-06
55,152,8.0,9.470838e-06
55,152,9.0,8.152987e-06
55,152,10.0,5.2753007e-06
55,152,11.0,2.5642653e-06
55,152,12.0,9.953739e-07
55,152,13.0,3.3554537e-07
55,152,14.0,1.1402805e-07
56,131,0.0,0.0
56,131,1.0,0.0
56,131,2.0,0.0
56,131,3.0,3.190868e-08
56,131,4.0,8.979202e-07
56,131,5.0,3.2713021e-06
56,131,6.0,4.49341e-06
56,131,7.0,2.8786558e-06
56,131,8.0,9.840475e-07
56,131,9.0,1.7342313e-07
56,131,10.0,1.3065963e-08
56,131,11.0,6.138867e-11
56,131,12.0,0.0
56,131,13.0,0.0
56,131,14.0,0.0
56,132,0.0,1.09508465e-08
56,132,1.0,6.523992e-08
56,132,2.0,4.4337898e-07
56,132,3.0,1.7702585e-06
56,132,4.0,3.8326493e-06
56,132,5.0,4.541512e-06
56,132,6.0,2.8712857e-06
56,132,7.0,1.0723603e-06
56,132,8.0,2.5816163e-07
56,132,9.0,5.1037244e-08
56,132,10.0,1.1128922e-08
56,132,11.0,2.1145599e-09
56,132,12.0,1.0493699e-10
56,132,13.0,0.0
56,132,14.0,0.0
56,133,0.0,4.7448925e-09
56,133,1.0,4.766705e-09
56,133,2.0,8.9901356e-08
56,133,3.0,9.384918e-07
56,133,4.0,4.4561743e-06
56,133,5.0,1.097137e-05
56,133,6.0,1.5884812e-05
56,133,7.0,1.4266729e-05
56,133,8.0,9.187367e-06
56,133,9.0,5.0198237e-06
56,133,10.0,2.828188e-06
56,133,11.0,1.9396884e-06
56,133,12.0,1.5068928e-06
56,133,13.0,1.1531307e-06
56,133,14.0,7.4930085e-07
56,134,0.0,1.4371131e-11
56,134,1.0,0.0
56,134,2.0,0.0
56,134,3.0,4.8747393e-09
56,134,4.0,2.0681799e-07
56,134,5.0,9.561578e-07
56,134,6.0,1.5168537e-06
56,134,7.0,1.3866029e-06
56,134,8.0,1.0660758e-06
56,134,9.0,9.857488e-07
56,134,10.0,1.2635757e-06
56,134,11.0,1.7860621e-06
56,134,12.0,2.2825195e-06
56,134,13.0,2.3304601e-06
56,134,14.0,1.8158065e-06
56,135,0.0,5.505269e-07
56,135,1.0,1.455165e-07
56,135,2.0,2.4487275e-07
56,135,3.0,8.6251504e-07
56,135,4.0,3.3344702e-06
56,135,5.0,9.860493e-06
56,135,6.0,2.030488e-05
56,135,7.0,2.8810402e-05
56,135,8.0,3.004691e-05
56,135,9.0,2.753131e-05
56,135,10.0,2.5642534e-05
56,135,11.0,2.7088667e-05
56,135,12.0,3.2003652e-05
56,135,13.0,3.8344246e-05
56,135,14.0,4.3354838e-05
56,136,0.0,5.432617e-07
56,136,1.0,1.877635e-08
56,136,2.0,2.3376101e-08
56,136,3.0,3.67773e-07
56,136,4.0,3.1567686e-06
56,136,5.0,1.26981195e-05
56,136,6.0,2.8760813e-05
56,136,7.0,4.5304387e-05
56,136,8.0,6.209429e-05
56,136,9.0,8.51272e-05
56,136,10.0,0.000125255
56,136,11.0,0.00018786409
56,136,12.0,0.00026630377
56,136,13.0,0.00034263555
56,136,14.0,0.00039235924
56,137,0.0,0.00015578636
56,137,1.0,0.00015529076
56,137,2.0,0.00020322662
56,137,3.0,0.0002958751
56,137,4.0,0.00045732694
56,137,5.0,0.0007349262
56,137,6.0,0.001133565
56,137,7.0,0.001589189
56,137,8.0,0.0019670506
56,137,9.0,0.0022073588
56,137,10.0,0.0023751091
56,137,11.0,0.0025503396
56,137,12.0,0.0027999545
56,137,13.0,0.0031026101
56,137,14.0,0.0033844414
56,138,0.0,0.0018293756
56,138,1.0,0.0015438786
56,138,2.0,0.0016342056
56,138,3.0,0.0020449124
56,138,4.0,0.0028643827
56,138,5.0,0.004083751
56,138,6.0,0.005546696
56,138,7.0,0.006928868
56,138,8.0,0.008148286
56,138,9.0,0.009381561
56,138,10.0,0.010883208
56,138,11.0,0.012839969
56,138,12.0,0.015049587
56,138,13.0,0.017156191
56,138,14.0,0.018774347
56,139,0.0,0.013622742
56,139,1.0,0.013999777
56,139,2.0,0.015440915
56,139,3.0,0.01756842
56,139,4.0,0.020422816
56,139,5.0,0.024475541
56,139,6.0,0.030010022
56,139,7.0,0.036434602
56,139,8.0,0.04271269
56,139,9.0,0.04758223
56,139,10.0,0.050932553
56,139,11.0,0.05339314
56,139,12.0,0.055617325
56,139,13.0,0.058080602
56,139,14.0,0.06043764
56,140,0.0,0.08042346
56,140,1.0,0.07536299
56,140,2.0,0.07447361
56,140,3.0,0.07686112
56,140,4.0,0.083128884
56,140,5.0,0.093431264
56,140,6.0,0.10600299
56,140,7.0,0.11823198
56,140,8.0,0.12760954
56,140,9.0,0.13471383
56,140,10.0,0.14114143
56,140,11.0,0.14819068
56,140,12.0,0.15619856
56,140,13.0,0.1635149
56,140,14.0,0.16833009
56,141,0.0,0.19657733
56,141,1.0,0.1910832
56,141,2.0,0.19448692
56,141,3.0,0.20130365
56,141,4.0,0.20997262
56,141,5.0,0.22145611
56,141,6.0,0.23822974
56,141,7.0,0.25953615
56,141,8.0,0.28114998
56,141,9.0,0.29822364
56,141,10.0,0.30660376
56,141,11.0,0.30759242
56,141,12.0,0.3042185
56,141,13.0,0.2990348
56,141,14.0,0.29352838
56,142,0.0,0.4658787
56,142,1.0,0.4266936
56,142,2.0,0.39861307
56,142,3.0,0.37970552
56,142,4.0,0.3696041
56,142,5.0,0.3706318
56,142,6.0,0.38074288
56,142,7.0,0.39346355
56,142,8.0,0.40182048
56,142,9.0,0.40100384
56,142,10.0,0.3936538
56,142,11.0,0.38363785
56,142,12.0,0.373876
56,142,13.0,0.3652941
56,142,14.0,0.35548323
56,143,0.0,0.6378991
56,143,1.0,0.56454146
56,143,2.0,0.5212854
56,143,3.0,0.4901525
56,143,4.0,0.4637337
56,143,5.0,0.44171947
56,143,6.0,0.42698923
56,143,7.0,0.4219997
56,143,8.0,0.42195052
56,143,9.0,0.4200256
56,143,10.0,0.4102634
56,143,11.0,0.39054564
56,143,12.0,0.36516774
56,143,13.0,0.33818004
56,143,14.0,0.31220746
56,144,0.0,0.6134718
56,144,1.0,0.5296275
56,144,2.0,0.46550882
56,144,3.0,0.41290453
56,144,4.0,0.37165737
56,144,5.0,0.34206238
56,144,6.0,0.32498842
56,144,7.0,0.31612834
56,144,8.0,0.3089473
56,144,9.0,0.29778668
56,144,10.0,0.2799359
56,144,11.0,0.25839955
56,144,12.0,0.23636858
56,144,13.0,0.21597956
56,144,14.0,0.19793761
56,145,0.0,0.32239637
56,145,1.0,0.2513234
56,145,2.0,0.20975928
56,145,3.0,0.18178958
56,145,4.0,0.15997249
56,145,5.0,0.14223039
56,145,6.0,0.12866744
56,145,7.0,0.119921364
56,145,8.0,0.11518202
56,145,9.0,0.11163312
56,145,10.0,0.10689799
56,145,11.0,0.099356234
56,145,12.0,0.08962654
56,145,13.0,0.07945237
56,145,14.0,0.069967255
56,146,0.0,0.1389625
56,146,1.0,0.107713
56,146,2.0,0.08687402
56,146,3.0,0.071570314
56,146,4.0,0.059991706
56,146,5.0,0.051861417
56,146,6.0,0.04692413
56,146,7.0,0.044835456
56,146,8.0,0.04418405
56,146,9.0,0.04353097
56,146,10.0,0.041694686
56,146,11.0,0.03841972
56,146,12.0,0.034546535
56,146,13.0,0.030737123
56,146,14.0,0.027308239
56,147,0.0,0.035776615
56,147,1.0,0.024615865
56,147,2.0,0.019355003
56,147,3.0,0.01642522
56,147,4.0,0.014317836
56,147,5.0,0.01257538
56,147,6.0,0.011218609
56,147,7.0,0.010362528
56,147,8.0,0.010039414
56,147,9.0,0.009893163
56,147,10.0,0.009557602
56,147,11.0,0.008769965
56,147,12.0,0.0075577837
56,147,13.0,0.0062477905
56,147,14.0,0.0050641443
56,148,0.0,0.005587481
56,148,1.0,0.0037403493
56,148,2.0,0.0026568521
56,148,3.0,0.0019486584
56,148,4.0,0.001438021
56,148,5.0,0.0010966504
56,148,6.0,0.0009085417
56,148,7.0,0.00086145
56,148,8.0,0.0009194704
56,148,9.0,0.0010151849
56,148,10.0,0.0010748011
56,148,11.0,0.001032162
56,148,12.0,0.00090484496
56,148,13.0,0.00074599305
56,148,14.0,0.0005902185
56,149,0.0,0.0011764053
56,149,1.0,0.0007029184
56,149,2.0,0.00053947454
56,149,3.0,0.00047898098
56,149,4.0,0.0004370485
56,149,5.0,0.00039363414
56,149,6.0,0.0003603904
56,149,7.0,0.0003520196
56,149,8.0,0.000376591
56,149,9.0,0.0004105674
56,149,10.0,0.00042231855
56,149,11.0,0.00038612593
56,149,12.0,0.00030836012
56,149,13.0,0.00022351975
56,149,14.0,0.00015182197
56,150,0.0,2.4774046e-05
56,150,1.0,2.1648037e-05
56,150,2.0,1.8221825e-05
56,150,3.0,1.3384951e-05
56,150,4.0,8.08011e-06
56,150,5.0,4.361591e-06
56,150,6.0,2.639642e-06
56,150,7.0,2.4336928e-06
56,150,8.0,3.6116908e-06
56,150,9.0,5.985941e-06
56,150,10.0,8.389722e-06
56,150,11.0,8.40644e-06
56,150,12.0,5.7735974e-06
56,150,13.0,2.7831638e-06
56,150,14.0,9.004543e-07
56,151,0.0,4.8663765e-06
56,151,1.0,3.10928e-06
56,151,2.0,2.9920766e-06
56,151,3.0,3.1935274e-06
56,151,4.0,2.9661458e-06
56,151,5.0,2.5305997e-06
56,151,6.0,2.3736684e-06
56,151,7.0,3.066498e-06
56,151,8.0,4.9994187e-06
56,151,9.0,7.6128194e-06
56,151,10.0,9.069426e-06
56,151,11.0,7.5288613e-06
56,151,12.0,4.4102153e-06
56,151,13.0,1.9042086e-06
56,151,14.0,5.9204666e-07
56,152,0.0,0.0
56,152,1.0,1.9741496e-08
56,152,2.0,2.1644559e-07
56,152,3.0,3.784426e-07
56,152,4.0,2.3051187e-07
56,152,5.0,6.5409424e-08
56,152,6.0,1.33789e-08
56,152,7.0,7.537426e-09
56,152,8.0,2.4110157e-08
56,152,9.0,8.7814215e-08
56,152,10.0,1.7128738e-07
56,152,11.0,1.3479132e-07
56,152,12.0,3.3350823e-08
56,152,13.0,8.1937146e-10
56,152,14.0,0.0
56,153,0.0,0.0
56,153,1.0,1.2160473e-09
56,153,2.0,2.1439874e-08
56,153,3.0,3.1121036e-08
56,153,4.0,1.2465239e-08
56,153,5.0,2.8632525e-09
56,153,6.0,2.132927e-09
56,153,7.0,1.2057031e-08
56,153,8.0,6.160662e-08
56,153,9.0,1.4556623e-07
56,153,10.0,1.3599242e-07
56,153,11.0,4.1482558e-08
56,153,12.0,1.9290187e-09
56,153,13.0,0.0
56,153,14.0,0.0
56,154,0.0,0.0
56,154,1.0,2.0969092e-12
56,154,2.0,2.4443203e-08
56,154,3.0,5.596923e-08
56,154,4.0,1.4703177e-08
56,154,5.0,1.1314861e-10
56,154,6.0,0.0
56,154,7.0,0.0
56,154,8.0,0.0
56,154,9.0,0.0
56,154,10.0,2.017566e-12
56,154,11.0,0.0
56,154,12.0,0.0
56,154,13.0,0.0
56,154,14.0,0.0
57,133,0.0,0.0
57,133,1.0,0.0
57,133,2.0,1.7132401e-11
57,133,3.0,9.673761e-09
57,133,4.0,1.018712e-07
57,133,5.0,2.9455427e-07
57,133,6.0,3.6350207e-07
57,133,7.0,1.9551688e-07
57,133,8.0,4.7187335e-08
57,133,9.0,4.337908e-09
57,133,10.0,9.9757334e-11
57,133,11.0,2.8144259e-14
57,133,12.0,0.0
57,133,13.0,0.0
57,133,14.0,0.0
57,134,0.0,1.7982329e-09
57,134,1.0,1.9655528e-09
57,134,2.0,2.474286e-08
57,134,3.0,2.2500194e-07
57,134,4.0,9.028751e-07
57,134,5.0,1.9163429e-06
57,134,6.0,2.4381875e-06
57,134,7.0,1.8780648e-06
57,134,8.0,9.742736e-07
57,134,9.0,3.997388e-07
57,134,10.0,1.6621578e-07
57,134,11.0,9.157691e-08
57,134,12.0,5.651933e-08
57,134,13.0,2.7128994e-08
57,134,14.0,5.4888636e-09
57,135,0.0,2.3189982e-06
57,135,1.0,1.4755168e-06
57,135,2.0,1.8372351e-06
57,135,3.0,2.9777716e-06
57,135,4.0,4.625977e-06
57,135,5.0,5.8734977e-06
57,135,6.0,5.7064153e-06
57,135,7.0,3.9231054e-06
57,135,8.0,1.950125e-06
57,135,9.0,7.949146e-07
57,135,10.0,3.2749674e-07
57,135,11.0,1.8144124e-07
57,135,12.0,1.2658492e-07
57,135,13.0,8.473828e-08
57,135,14.0,3.9428933e-08
57,136,0.0,4.2880095e-09
57,136,1.0,4.0399573e-09
57,136,2.0,3.2922635e-08
57,136,3.0,2.235786e-07
57,136,4.0,8.896625e-07
57,136,5.0,2.0262005e-06
57,136,6.0,2.9574007e-06
57,136,7.0,2.8352854e-06
57,136,8.0,1.8962404e-06
57,136,9.0,1.0579989e-06
57,136,10.0,6.0992375e-07
57,136,11.0,4.6501182e-07
57,136,12.0,4.527516e-07
57,136,13.0,4.4627205e-07
57,136,14.0,3.671138e-07
57,137,0.0,2.5767454e-07
57,137,1.0,2.846678e-07
57,137,2.0,6.5286355e-07
57,137,3.0,1.5778406e-06
57,137,4.0,3.4095876e-06
57,137,5.0,5.8359333e-06
57,137,6.0,7.717396e-06
57,137,7.0,7.73438e-06
57,137,8.0,5.876364e-06
57,137,9.0,3.873944e-06
57,137,10.0,2.6034695e-06
57,137,11.0,2.1260223e-06
57,137,12.0,2.1709293e-06
57,137,13.0,2.376474e-06
57,137,14.0,2.4541623e-06
57,138,0.0,1.9165203e-08
57,138,1.0,2.2386554e-07
57,138,2.0,1.5041286e-06
57,138,3.0,5.6518684e-06
57,138,4.0,1.534957e-05
57,138,5.0,3.2181186e-05
57,138,6.0,5.246457e-05
57,138,7.0,6.878696e-05
57,138,8.0,7.4109e-05
57,138,9.0,7.1738395e-05
57,138,10.0,6.841842e-05
57,138,11.0,6.912641e-05
57,138,12.0,7.5972814e-05
57,138,13.0,8.5718886e-05
57,138,14.0,9.410967e-05
57,139,0.0,2.4214254e-05
57,139,1.0,5.1920197e-05
57,139,2.0,0.000104810664
57,139,3.0,0.00018318045
57,139,4.0,0.0002893312
57,139,5.0,0.00042296914
57,139,6.0,0.0005611797
57,139,7.0,0.0006721928
57,139,8.0,0.0007224444
57,139,9.0,0.00071939745
57,139,10.0,0.000700655
57,139,11.0,0.00069753267
57,139,12.0,0.0007297768
57,139,13.0,0.0007868903
57,139,14.0,0.00084774225
57,140,0.0,0.00022661958
57,140,1.0,0.00041880205
57,140,2.0,0.000729299
57,140,3.0,0.0011444174
57,140,4.0,0.0016615366
57,140,5.0,0.0023080308
57,140,6.0,0.0030183708
57,140,7.0,0.0036792816
57,140,8.0,0.0041566994
57,140,9.0,0.0044030026
57,140,10.0,0.0045325328
57,140,11.0,0.004669387
57,140,12.0,0.0049120584
57,140,13.0,0.005260693
57,140,14.0,0.0056223986
57,141,0.0,0.004488571
57,141,1.0,0.0064432635
57,141,2.0,0.0089610545
57,141,3.0,0.011725175
57,141,4.0,0.014620583
57,141,5.0,0.017773593
57,141,6.0,0.021053718
57,141,7.0,0.024088526
57,141,8.0,0.026429435
57,141,9.0,0.02777616
57,141,10.0,0.028498927
57,141,11.0,0.029086055
57,141,12.0,0.02994791
57,141,13.0,0.031246245
57,141,14.0,0.032687686
57,142,0.0,0.014565775
57,142,1.0,0.019389035
57,142,2.0,0.025590459
57,142,3.0,0.03235469
57,142,4.0,0.039308347
57,142,5.0,0.046659328
57,142,6.0,0.054365113
57,142,7.0,0.061531503
57,142,8.0,0.06719377
57,142,9.0,0.070504524
57,142,10.0,0.071917415
57,142,11.0,0.07245151
57,142,12.0,0.0729873
57,142,13.0,0.07407552
57,142,14.0,0.07530827
57,143,0.0,0.08593552
57,143,1.0,0.105066046
57,143,2.0,0.12731282
57,143,3.0,0.14857326
57,143,4.0,0.16739745
57,143,5.0,0.18429247
57,143,6.0,0.20012648
57,143,7.0,0.21348418
57,143,8.0,0.22240464
57,143,9.0,0.22516249
57,143,10.0,0.22268553
57,143,11.0,0.21773261
57,143,12.0,0.21255673
57,143,13.0,0.20863931
57,143,14.0,0.20559314
57,144,0.0,0.14206967
57,144,1.0,0.16675192
57,144,2.0,0.19553949
57,144,3.0,0.2218022
57,144,4.0,0.24336033
57,144,5.0,0.26090184
57,144,6.0,0.27596834
57,144,7.0,0.2869299
57,144,8.0,0.29165718
57,144,9.0,0.28827992
57,144,10.0,0.27772054
57,144,11.0,0.26363096
57,144,12.0,0.24902184
57,144,13.0,0.23592535
57,144,14.0,0.22447002
57,145,0.0,0.3066865
57,145,1.0,0.33580148
57,145,2.0,0.367317
57,145,3.0,0.3898615
57,145,4.0,0.40156472
57,145,5.0,0.40502957
57,145,6.0,0.40466025
57,145,7.0,0.40060705
57,145,8.0,0.39091277
57,145,9.0,0.37375152
57,145,10.0,0.35000184
57,145,11.0,0.32405597
57,145,12.0,0.29936525
57,145,13.0,0.27804998
57,145,14.0,0.26033205
57,146,0.0,0.24720822
57,146,1.0,0.26125434
57,146,2.0,0.2791751
57,146,3.0,0.2905881
57,146,4.0,0.29404196
57,146,5.0,0.29176602
57,146,6.0,0.28700376
57,146,7.0,0.27952617
57,146,8.0,0.26797518
57,146,9.0,0.25119275
57,146,10.0,0.22982806
57,146,11.0,0.207263
57,146,12.0,0.18615101
57,146,13.0,0.16799006
57,146,14.0,0.15293907
57,147,0.0,0.19303335
57,147,1.0,0.19367884
57,147,2.0,0.19589588
57,147,3.0,0.19352305
57,147,4.0,0.1863116
57,147,5.0,0.17630816
57,147,6.0,0.16622925
57,147,7.0,0.15623945
57,147,8.0,0.1453156
57,147,9.0,0.13267776
57,147,10.0,0.11860074
57,147,11.0,0.10491249
57,147,12.0,0.092910744
57,147,13.0,0.08321684
57,147,14.0,0.07560003
57,148,0.0,0.07380453
57,148,1.0,0.07349395
57,148,2.0,0.07522509
57,148,3.0,0.07531931
57,148,4.0,0.07327961
57,148,5.0,0.06996956
57,148,6.0,0.06642224
57,148,7.0,0.062440865
57,148,8.0,0.057579085
57,148,9.0,0.05153979
57,148,10.0,0.044702586
57,148,11.0,0.038108967
57,148,12.0,0.032421537
57,148,13.0,0.02791168
57,148,14.0,0.02439921
57,149,0.0,0.022847228
57,149,1.0,0.023186382
57,149,2.0,0.023295786
57,149,3.0,0.02242899
57,149,4.0,0.020828167
57,149,5.0,0.018963031
57,149,6.0,0.017249746
57,149,7.0,0.0156177245
57,149,8.0,0.013883744
57,149,9.0,0.011918885
57,149,10.0,0.009882913
57,149,11.0,0.008081211
57,149,12.0,0.0066505084
57,149,13.0,0.0056006922
57,149,14.0,0.0048176586
57,150,0.0,0.004107074
57,150,1.0,0.0045265923
57,150,2.0,0.0049723103
57,150,3.0,0.0051956475
57,150,4.0,0.0051754885
57,150,5.0,0.005009426
57,150,6.0,0.0047586598
57,150,7.0,0.0043854704
57,150,8.0,0.0038522943
57,150,9.0,0.0031618797
57,150,10.0,0.0024511535
57,150,11.0,0.0018480828
57,150,12.0,0.0013949001
57,150,13.0,0.0010788729
57,150,14.0,0.0008457833
57,151,0.0,0.000595137
57,151,1.0,0.0008154666
57,151,2.0,0.000933597
57,151,3.0,0.0009178701
57,151,4.0,0.0008160363
57,151,5.0,0.00070550403
57,151,6.0,0.0006125802
57,151,7.0,0.00052077795
57,151,8.0,0.00041547895
57,151,9.0,0.00029963953
57,151,10.0,0.0002000688
57,151,11.0,0.0001293204
57,151,12.0,8.522108e-05
57,151,13.0,5.920487e-05
57,151,14.0,4.1662173e-05
57,152,0.0,2.6460533e-05
57,152,1.0,5.7189223e-05
57,152,2.0,8.601974e-05
57,152,3.0,0.000100597026
57,152,4.0,0.000103644124
57,152,5.0,0.000105104344
57,152,6.0,0.00010298257
57,152,7.0,9.29163e-05
57,152,8.0,7.221016e-05
57,152,9.0,4.706976e-05
57,152,10.0,2.7024156e-05
57,152,11.0,1.4577138e-05
57,152,12.0,8.023773e-06
57,152,13.0,4.5224438e-06
57,152,14.0,2.3419752e-06
57,153,0.0,1.2601311e-06
57,153,1.0,7.1508807e-06
57,153,2.0,1.103539e-05
57,153,3.0,9.762704e-06
57,153,4.0,7.530163e-06
57,153,5.0,6.1037117e-06
57,153,6.0,5.0205317e-06
57,153,7.0,3.6723939e-06
57,153,8.0,1.9746758e-06
57,153,9.0,7.356945e-07
57,153,10.0,1.9321388e-07
57,153,11.0,3.8941543e-08
57,153,12.0,7.548811e-09
57,153,13.0,1.0251328e-09
57,153,14.0,9.582588e-12
57,154,0.0,0.0
57,154,1.0,1.0139746e-08
57,154,2.0,7.560662e-08
57,154,3.0,1.0537997e-07
57,154,4.0,1.4583783e-07
57,154,5.0,2.1368658e-07
57,154,6.0,2.5977644e-07
57,154,7.0,2.0390677e-07
57,154,8.0,8.25621e-08
57,154,9.0,1.645679e-08
57,154,10.0,1.3667171e-09
57,154,11.0,4.4217786e-11
57,154,12.0,1.2202996e-13
57,154,13.0,0.0
57,154,14.0,0.0
57,155,0.0,0.0
57,155,1.0,3.0179024e-08
57,155,2.0,6.552823e-08
57,155,3.0,5.47615e-08
57,155,4.0,5.1118047e-08
57,155,5.0,5.662253e-08
57,155,6.0,5.688992e-08
57,155,7.0,3.3117843e-08
57,155,8.0,9.695816e-09
57,155,9.0,1.6279151e-09
57,155,10.0,3.0768585e-10
57,155,11.0,3.0545e-10
57,155,12.0,6.546579e-10
57,155,13.0,9.298905e-10
57,155,14.0,5.439031e-10
57,156,0.0,0.0
57,156,1.0,5.1498746e-14
57,156,2.0,1.05915554e-10
57,156,3.0,4.717826e-10
57,156,4.0,2.331999e-09
57,156,5.0,7.1560633e-09
57,156,6.0,9.870066e-09
57,156,7.0,4.8854583e-09
57,156,8.0,1.1124629e-09
57,156,9.0,1.9862526e-10
57,156,10.0,1.8011681e-10
57,156,11.0,7.4382195e-10
57,156,12.0,2.1070239e-09
57,156,13.0,2.566114e-09
57,156,14.0,9.646745e-10
57,157,0.0,2.745001e-10
57,157,1.0,3.232952e-09
57,157,2.0,3.7645242e-09
57,157,3.0,5.8954077e-09
57,157,4.0,1.2954653e-08
57,157,5.0,2.5987545e-08
57,157,6.0,2.5486381e-08
57,157,7.0,1.145748e-08
57,157,8.0,3.3274252e-09
57,157,9.0,1.4293147e-09
57,157,10.0,2.5876066e-09
57,157,11.0,7.703831e-09
57,157,12.0,1.6196799e-08
57,157,13.0,1.8821996e-08
57,157,14.0,1.0416882e-08
58,135,0.0,0.0
58,135,1.0,0.0
58,135,2.0,5.0522893e-08
58,135,3.0,1.8905451e-06
58,135,4.0,1.0677906e-05
58,135,5.0,2.3748345e-05
58,135,6.0,2.9237568e-05
58,135,7.0,2.5536607e-05
58,135,8.0,1.8628352e-05
58,135,9.0,1.3137007e-05
58,135,10.0,9.189416e-06
58,135,11.0,5.822498e-06
58,135,12.0,2.9459152e-06
58,135,13.0,9.727534e-07
58,135,14.0,1.5541325e-07
58,136,0.0,0.0
58,136,1.0,1.8492815e-09
58,136,2.0,1.2096258e-07
58,136,3.0,9.580401e-07
58,136,4.0,2.9651617e-06
58,136,5.0,4.511284e-06
58,136,6.0,4.2173683e-06
58,136,7.0,3.0111523e-06
58,136,8.0,2.0057373e-06
58,136,9.0,1.4510894e-06
58,136,10.0,1.0081607e-06
58,136,11.0,5.478839e-07
58,136,12.0,1.6806639e-07
58,136,13.0,1.41104435e-08
58,136,14.0,2.9170072e-13
58,137,0.0,0.0
58,137,1.0,0.0
58,137,2.0,0.0
58,137,3.0,1.30447795e-08
58,137,4.0,5.235761e-07
58,137,5.0,2.5106833e-06
58,137,6.0,4.178717e-06
58,137,7.0,3.4645652e-06
58,137,8.0,1.8406313e-06
58,137,9.0,7.4274647e-07
58,137,10.0,2.8301864e-07
58,137,11.0,9.7085454e-08
58,137,12.0,2.0078264e-08
58,137,13.0,5.6835786e-10
58,137,14.0,0.0
58,138,0.0,1.639694e-09
58,138,1.0,6.6360665e-13
58,138,2.0,1.7267991e-10
58,138,3.0,2.6665184e-08
58,138,4.0,3.6149964e-07
58,138,5.0,1.3294352e-06
58,138,6.0,2.0824298e-06
58,138,7.0,2.0946704e-06
58,138,8.0,1.8063372e-06
58,138,9.0,1.7302144e-06
58,138,10.0,1.8346635e-06
58,138,11.0,1.8304628e-06
58,138,12.0,1.4875193e-06
58,138,13.0,8.6040995e-07
58,138,14.0,3.3922757e-07
58,139,0.0,0.0
58,139,1.0,0.0
58,139,2.0,0.0
58,139,3.0,0.0
58,139,4.0,6.4561863e-09
58,139,5.0,3.9906928e-07
58,139,6.0,2.014813e-06
58,139,7.0,3.523539e-06
58,139,8.0,3.423983e-06
58,139,9.0,2.5149943e-06
58,139,10.0,1.7637011e-06
58,139,11.0,1.4323289e-06
58,139,12.0,1.2594452e-06
58,139,13.0,1.0430116e-06
58,139,14.0,7.1747655e-07
58,140,0.0,6.195438e-09
58,140,1.0,0.0
58,140,2.0,0.0
58,140,3.0,0.0
58,140,4.0,4.5918146e-08
58,140,5.0,8.5490683e-07
58,140,6.0,3.2098496e-06
58,140,7.0,6.2757167e-06
58,140,8.0,9.668626e-06
58,140,9.0,1.4550566e-05
58,140,10.0,2.3252238e-05
58,140,11.0,3.62676e-05
58,140,12.0,5.1474402e-05
58,140,13.0,6.41717e-05
58,140,14.0,6.985178e-05
58,141,0.0,4.2809666e-06
58,141,1.0,2.1520896e-06
58,141,2.0,2.6001603e-06
58,141,3.0,5.611517e-06
58,141,4.0,1.6244541e-05
58,141,5.0,4.6709843e-05
58,141,6.0,0.00010817969
58,141,7.0,0.00019029427
58,141,8.0,0.00025504563
58,141,9.0,0.00028746034
58,141,10.0,0.0003000031
58,141,11.0,0.00031098808
58,141,12.0,0.00033111186
58,141,13.0,0.00035085884
58,141,14.0,0.0003580507
58,142,0.0,0.00014072988
58,142,1.0,6.246929e-05
58,142,2.0,4.2167223e-05
58,142,3.0,5.308859e-05
58,142,4.0,9.8784556e-05
58,142,5.0,0.0001951378
58,142,6.0,0.0003398479
58,142,7.0,0.000495325
58,142,8.0,0.0006490164
58,142,9.0,0.0008181922
58,142,10.0,0.0010399758
58,142,11.0,0.0013316235
58,142,12.0,0.0016582414
58,142,13.0,0.0019609404
58,142,14.0,0.0021709823
58,143,0.0,0.0011539569
58,143,1.0,0.0010085108
58,143,2.0,0.001080137
58,143,3.0,0.0013199951
58,143,4.0,0.0017778649
58,143,5.0,0.0025868712
58,143,6.0,0.0038033705
58,143,7.0,0.0052909297
58,143,8.0,0.006684621
58,143,9.0,0.0076178564
58,143,10.0,0.008131668
58,143,11.0,0.008416335
58,143,12.0,0.008669302
58,143,13.0,0.008951927
58,143,14.0,0.009137991
58,144,0.0,0.009620092
58,144,1.0,0.007958398
58,144,2.0,0.0074385456
58,144,3.0,0.007939179
58,144,4.0,0.009584359
58,144,5.0,0.012250023
58,144,6.0,0.015571131
58,144,7.0,0.018788561
58,144,8.0,0.021415219
58,144,9.0,0.02362902
58,144,10.0,0.025777195
58,144,11.0,0.028216995
58,144,12.0,0.03077158
58,144,13.0,0.03298359
58,144,14.0,0.034436155
58,145,0.0,0.021463234
58,145,1.0,0.021725526
58,145,2.0,0.023910094
58,145,3.0,0.027343612
58,145,4.0,0.032035425
58,145,5.0,0.038482137
58,145,6.0,0.04700947
58,145,7.0,0.056558006
58,145,8.0,0.065270685
58,145,9.0,0.07097335
58,145,10.0,0.07330853
58,145,11.0,0.073482744
58,145,12.0,0.07274381
58,145,13.0,0.07204418
58,145,14.0,0.07136171
58,146,0.0,0.07183758
58,146,1.0,0.06635105
58,146,2.0,0.06411071
58,146,3.0,0.0648972
58,146,4.0,0.069540456
58,146,5.0,0.07776643
58,146,6.0,0.08761472
58,146,7.0,0.096460395
58,146,8.0,0.10186758
58,146,9.0,0.10427876
58,146,10.0,0.10513087
58,146,11.0,0.10586867
58,146,12.0,0.10716
58,146,13.0,0.10823006
58,146,14.0,0.10832669
58,147,0.0,0.10654759
58,147,1.0,0.10583265
58,147,2.0,0.10966299
58,147,3.0,0.11501213
58,147,4.0,0.121624164
58,147,5.0,0.13039926
58,147,6.0,0.14233854
58,147,7.0,0.1553368
58,147,8.0,0.16593784
58,147,9.0,0.17062466
58,147,10.0,0.16852215
58,147,11.0,0.16240965
58,147,12.0,0.15498856
58,147,13.0,0.14827988
58,147,14.0,0.14293242
58,148,0.0,0.14075148
58,148,1.0,0.13082428
58,148,2.0,0.121452644
58,148,3.0,0.11451063
58,148,4.0,0.111813866
58,148,5.0,0.11370109
58,148,6.0,0.11763036
58,148,7.0,0.12063337
58,148,8.0,0.120025806
58,148,9.0,0.116051875
58,148,10.0,0.110788755
58,148,11.0,0.10597256
58,148,12.0,0.10267033
58,148,13.0,0.10029194
58,148,14.0,0.0978019
58,149,0.0,0.09802726
58,149,1.0,0.08899666
58,149,2.0,0.083195046
58,149,3.0,0.07856678
58,149,4.0,0.07520016
58,149,5.0,0.07372624
58,149,6.0,0.07466911
58,149,7.0,0.076628275
58,149,8.0,0.07773442
58,149,9.0,0.07632991
58,149,10.0,0.07227009
58,149,11.0,0.067170046
58,149,12.0,0.062351122
58,149,13.0,0.05855804
58,149,14.0,0.05577302
58,150,0.0,0.06674237
58,150,1.0,0.060325235
58,150,2.0,0.052925512
58,150,3.0,0.046148833
58,150,4.0,0.041350953
58,150,5.0,0.038924422
58,150,6.0,0.037816208
58,150,7.0,0.036817744
58,150,8.0,0.034913115
58,150,9.0,0.032124657
58,150,10.0,0.029218476
58,150,11.0,0.02674017
58,150,12.0,0.024958514
58,150,13.0,0.023604503
58,150,14.0,0.022237899
58,151,0.0,0.014739952
58,151,1.0,0.013004641
58,151,2.0,0.011566101
58,151,3.0,0.010250146
58,151,4.0,0.0092334775
58,151,5.0,0.008700656
58,151,6.0,0.008645493
58,151,7.0,0.008747708
58,151,8.0,0.008661667
58,151,9.0,0.00812621
58,151,10.0,0.007282301
58,151,11.0,0.0064224866
58,151,12.0,0.0057214494
58,151,13.0,0.005244168
58,151,14.0,0.0049045975
58,152,0.0,0.004609728
58,152,1.0,0.0043124105
58,152,2.0,0.0037498854
58,152,3.0,0.003080564
58,152,4.0,0.0025799365
58,152,5.0,0.0023278354
58,152,6.0,0.0022230372
58,152,7.0,0.0021319808
58,152,8.0,0.0019319679
58,152,9.0,0.0016428364
58,152,10.0,0.0013526942
58,152,11.0,0.0011125514
58,152,12.0,0.0009357588
58,152,13.0,0.0007908111
58,152,14.0,0.0006503735
58,153,0.0,0.0003447199
58,153,1.0,0.0003934674
58,153,2.0,0.00039329493
58,153,3.0,0.00035467817
58,153,4.0,0.00031946038
58,153,5.0,0.00032134342
58,153,6.0,0.00035172113
58,153,7.0,0.0003810838
58,153,8.0,0.00037503237
58,153,9.0,0.0003243953
58,153,10.0,0.00026002957
58,153,11.0,0.00020490873
58,153,12.0,0.00016766816
58,153,13.0,0.00014413193
58,153,14.0,0.00012408303
58,154,0.0,1.22529755e-05
58,154,1.0,1.4164436e-05
58,154,2.0,1.3550901e-05
58,154,3.0,1.0525328e-05
58,154,4.0,8.5423635e-06
58,154,5.0,8.967236e-06
58,154,6.0,1.0686058e-05
58,154,7.0,1.1555923e-05
58,154,8.0,9.308193e-06
58,154,9.0,5.7130746e-06
58,154,10.0,2.926619e-06
58,154,11.0,1.420113e-06
58,154,12.0,7.452242e-07
58,154,13.0,3.892637e-07
58,154,14.0,1.714857e-07
58,155,0.0,8.256462e-09
58,155,1.0,1.5886279e-07
58,155,2.0,3.873528e-07
58,155,3.0,4.776634e-07
58,155,4.0,7.345139e-07
58,155,5.0,1.4962465e-06
58,155,6.0,2.7362246e-06
58,155,7.0,3.543655e-06
58,155,8.0,2.8616273e-06
58,155,9.0,1.5768537e-06
58,155,10.0,6.727242e-07
58,155,11.0,2.668592e-07
58,155,12.0,1.2102522e-07
58,155,13.0,5.624824e-08
58,155,14.0,2.1174769e-08
58,156,0.0,2.1242543e-12
58,156,1.0,7.210311e-10
58,156,2.0,4.6558654e-10
58,156,3.0,1.3437042e-11
58,156,4.0,8.64338e-12
58,156,5.0,5.662585e-10
58,156,6.0,7.4511535e-09
58,156,7.0,1.9733456e-08
58,156,8.0,1.2560649e-08
58,156,9.0,2.6646807e-09
58,156,10.0,2.0538281e-10
58,156,11.0,2.7776987e-11
58,156,12.0,8.40126e-11
58,156,13.0,4.8036014e-10
58,156,14.0,1.45059e-09
58,157,0.0,1.7590786e-18
58,157,1.0,7.759718e-11
58,157,2.0,1.4986831e-10
58,157,3.0,8.117305e-10
58,157,4.0,1.20936265e-08
58,157,5.0,7.728003e-08
58,157,6.0,1.8777111e-07
58,157,7.0,1.7168368e-07
58,157,8.0,6.448119e-08
58,157,9.0,1.000491e-08
58,157,10.0,5.418987e-10
58,157,11.0,1.511182e-11
58,157,12.0,2.6174692e-13
58,157,13.0,2.1998878e-17
58,157,14.0,0.0
58,158,0.0,0.0
58,158,1.0,0.0
58,158,2.0,0.0
58,158,3.0,0.0
58,158,4.0,0.0
58,158,5.0,0.0
58,158,6.0,0.0
58,158,7.0,3.3245276e-13
58,158,8.0,1.4756377e-15
58,158,9.0,0.0
58,158,10.0,0.0
58,158,11.0,0.0
58,158,12.0,2.1061099e-11
58,158,13.0,9.119254e-10
58,158,14.0,3.8148764e-09
58,159,0.0,1.3344366e-09
58,159,1.0,0.0
58,159,2.0,0.0
58,159,3.0,0.0
58,159,4.0,0.0
58,159,5.0,0.0
58,159,6.0,0.0
58,159,7.0,0.0
58,159,8.0,0.0
58,159,9.0,0.0
58,159,10.0,0.0
58,159,11.0,0.0
58,159,12.0,0.0
58,159,13.0,0.0
58,159,14.0,0.0
58,160,0.0,0.0
58,160,1.0,0.0
58,160,2.0,0.0
58,160,3.0,0.0
58,160,4.0,0.0
58,160,5.0,0.0
58,160,6.0,0.0
58,160,7.0,2.175579e-12
58,160,8.0,1.4648339e-12
58,160,9.0,0.0
58,160,10.0,0.0
58,160,11.0,0.0
58,160,12.0,1.8928767e-13
58,160,13.0,7.2569706e-12
58,160,14.0,1.169978e-12
59,138,0.0,1.7322786e-16
59,138,1.0,3.2890815e-10
59,138,2.0,5.8090652e-09
59,138,3.0,4.5247457e-08
59,138,4.0,1.8384726e-07
59,138,5.0,3.983732e-07
59,138,6.0,4.809707e-07
59,138,7.0,2.926785e-07
59,138,8.0,8.7830024e-08
59,138,9.0,1.1949444e-08
59,138,10.0,6.0939537e-10
59,138,11.0,9.797989e-12
59,138,12.0,0.0
59,138,13.0,0.0
59,138,14.0,0.0
59,139,0.0,8.914219e-08
59,139,1.0,1.4390278e-07
59,139,2.0,2.054859e-07
59,139,3.0,2.7817612e-07
59,139,4.0,3.526031e-07
59,139,5.0,3.6562975e-07
59,139,6.0,2.565883e-07
59,139,7.0,8.444441e-08
59,139,8.0,6.3400365e-09
59,139,9.0,1.4648893e-14
59,139,10.0,0.0
59,139,11.0,0.0
59,139,12.0,0.0
59,139,13.0,0.0
59,139,14.0,0.0
59,140,0.0,0.0
59,140,1.0,1.9399895e-09
59,140,2.0,2.4757327e-08
59,140,3.0,1.13733186e-07
59,140,4.0,3.5901923e-07
59,140,5.0,7.829266e-07
59,140,6.0,1.16965e-06
59,140,7.0,1.1386079e-06
59,140,8.0,7.0121246e-07
59,140,9.0,3.1729502e-07
59,140,10.0,1.3140308e-07
59,140,11.0,7.326849e-08
59,140,12.0,6.520489e-08
59,140,13.0,7.151789e-08
59,140,14.0,7.646195e-08
59,141,0.0,8.161744e-08
59,141,1.0,2.3676982e-07
59,141,2.0,4.6451103e-07
59,141,3.0,7.314902e-07
59,141,4.0,1.0508774e-06
59,141,5.0,1.466019e-06
59,141,6.0,1.7804542e-06
59,141,7.0,1.6733009e-06
59,141,8.0,1.0989639e-06
59,141,9.0,5.618601e-07
59,141,10.0,2.7714728e-07
59,141,11.0,1.8487023e-07
59,141,12.0,2.0754614e-07
59,141,13.0,3.1069425e-07
59,141,14.0,4.8981383e-07
59,142,0.0,3.834531e-13
59,142,1.0,5.9866023e-09
59,142,2.0,7.1494426e-08
59,142,3.0,3.2902778e-07
59,142,4.0,1.0340376e-06
59,142,5.0,2.5880436e-06
59,142,6.0,4.9984797e-06
59,142,7.0,7.331659e-06
59,142,8.0,8.0100335e-06
59,142,9.0,7.1802438e-06
59,142,10.0,6.1135365e-06
59,142,11.0,5.6615786e-06
59,142,12.0,6.233125e-06
59,142,13.0,7.561911e-06
59,142,14.0,9.185532e-06
59,143,0.0,4.0947575e-06
59,143,1.0,7.722542e-06
59,143,2.0,1.3518382e-05
59,143,3.0,2.0863119e-05
59,143,4.0,2.9316341e-05
59,143,5.0,4.094898e-05
59,143,6.0,5.5043154e-05
59,143,7.0,6.7461806e-05
59,143,8.0,7.19562e-05
59,143,9.0,6.84663e-05
59,143,10.0,6.32798e-05
59,143,11.0,6.1439096e-05
59,143,12.0,6.6478126e-05
59,143,13.0,7.8306366e-05
59,143,14.0,9.474497e-05
59,144,0.0,2.5597728e-06
59,144,1.0,7.952524e-06
59,144,2.0,2.1101696e-05
59,144,3.0,4.5640816e-05
59,144,4.0,8.4048625e-05
59,144,5.0,0.00014124774
59,144,6.0,0.00021581273
59,144,7.0,0.00029346347
59,144,8.0,0.00034901357
59,144,9.0,0.00036894076
59,144,10.0,0.0003688132
59,144,11.0,0.0003680462
59,144,12.0,0.0003828821
59,144,13.0,0.0004158888
59,144,14.0,0.00045704274
59,145,0.0,0.0002258156
59,145,1.0,0.00037302368
59,145,2.0,0.00059400813
59,145,3.0,0.0008605479
59,145,4.0,0.0011417699
59,145,5.0,0.0014632525
59,145,6.0,0.0018239121
59,145,7.0,0.00216809
59,145,8.0,0.0024111725
59,145,9.0,0.002507256
59,145,10.0,0.0025272113
59,145,11.0,0.0025567962
59,145,12.0,0.0026701444
59,145,13.0,0.0028950598
59,145,14.0,0.0031846466
59,146,0.0,0.00044032937
59,146,1.0,0.000791406
59,146,2.0,0.0013792531
59,146,3.0,0.0021973823
59,146,4.0,0.003183346
59,146,5.0,0.0043412824
59,146,6.0,0.005617757
59,146,7.0,0.006821809
59,146,8.0,0.007705772
59,146,9.0,0.008115297
59,146,10.0,0.008204842
59,146,11.0,0.008196363
59,146,12.0,0.00828774
59,146,13.0,0.00856498
59,146,14.0,0.008930935
59,147,0.0,0.0045855273
59,147,1.0,0.006971187
59,147,2.0,0.010086527
59,147,3.0,0.013440965
59,147,4.0,0.016653938
59,147,5.0,0.01984535
59,147,6.0,0.022950508
59,147,7.0,0.025571747
59,147,8.0,0.0272377
59,147,9.0,0.027744055
59,147,10.0,0.027601315
59,147,11.0,0.027398402
59,147,12.0,0.027595084
59,147,13.0,0.028311422
59,147,14.0,0.029216884
59,148,0.0,0.008621166
59,148,1.0,0.012852793
59,148,2.0,0.01850945
59,148,3.0,0.024904056
59,148,4.0,0.03130264
59,148,5.0,0.037605163
59,148,6.0,0.043444782
59,148,7.0,0.048022803
59,148,8.0,0.050517317
59,148,9.0,0.050736446
59,148,10.0,0.049644835
59,148,11.0,0.04826406
59,148,12.0,0.04736021
59,148,13.0,0.04707575
59,148,14.0,0.046927363
59,149,0.0,0.028414441
59,149,1.0,0.038806144
59,149,2.0,0.049717356
59,149,3.0,0.05916054
59,149,4.0,0.06642873
59,149,5.0,0.07240751
59,149,6.0,0.07696471
59,149,7.0,0.07943464
59,149,8.0,0.079186074
59,149,9.0,0.076581895
59,149,10.0,0.07311236
59,149,11.0,0.069990546
59,149,12.0,0.06797803
59,149,13.0,0.06688888
59,149,14.0,0.065927416
59,150,0.0,0.028576143
59,150,1.0,0.037400506
59,150,2.0,0.047102742
59,150,3.0,0.055977784
59,150,4.0,0.06319765
59,150,5.0,0.06889736
59,150,6.0,0.07265572
59,150,7.0,0.07387403
59,150,8.0,0.072127394
59,150,9.0,0.068292424
59,150,10.0,0.063903615
59,150,11.0,0.06007017
59,150,12.0,0.057343677
59,150,13.0,0.055272065
59,150,14.0,0.053166058
59,151,0.0,0.0312982
59,151,1.0,0.039685737
59,151,2.0,0.04617184
59,151,3.0,0.049684618
59,151,4.0,0.050705384
59,151,5.0,0.05025495
59,151,6.0,0.048535187
59,151,7.0,0.045565248
59,151,8.0,0.04149079
59,151,9.0,0.03721028
59,151,10.0,0.03349269
59,151,11.0,0.030731626
59,151,12.0,0.028899109
59,151,13.0,0.027459215
59,151,14.0,0.025945447
59,152,0.0,0.013539917
59,152,1.0,0.016788121
59,152,2.0,0.01950107
59,152,3.0,0.021269305
59,152,4.0,0.022165885
59,152,5.0,0.022245258
59,152,6.0,0.021515872
59,152,7.0,0.019969307
59,152,8.0,0.01784316
59,152,9.0,0.015703926
59,152,10.0,0.013921005
59,152,11.0,0.012661916
59,152,12.0,0.011777901
59,152,13.0,0.010978861
59,152,14.0,0.010062182
59,153,0.0,0.00541079
59,153,1.0,0.0072822385
59,153,2.0,0.008368179
59,153,3.0,0.008513146
59,153,4.0,0.008014992
59,153,5.0,0.007188644
59,153,6.0,0.0061999657
59,153,7.0,0.0050993217
59,153,8.0,0.0040569394
59,153,9.0,0.0032230539
59,153,10.0,0.0026371223
59,153,11.0,0.0022649674
59,153,12.0,0.0019957474
59,153,13.0,0.0017438303
59,153,14.0,0.0014689016
59,154,0.0,0.00095918373
59,154,1.0,0.0013910494
59,154,2.0,0.0017029388
59,154,3.0,0.0018215209
59,154,4.0,0.001759307
59,154,5.0,0.0015866302
59,154,6.0,0.0013447654
59,154,7.0,0.0010678208
59,154,8.0,0.00082458253
59,154,9.0,0.0006469249
59,154,10.0,0.0005372712
59,154,11.0,0.00047133488
59,154,12.0,0.00041579144
59,154,13.0,0.0003515771
59,154,14.0,0.00027440733
59,155,0.0,0.0001706601
59,155,1.0,0.00032423442
59,155,2.0,0.00041597578
59,155,3.0,0.00042126054
59,155,4.0,0.00037080437
59,155,5.0,0.00029460926
59,155,6.0,0.00020948827
59,155,7.0,0.00013523274
59,155,8.0,8.417641e-05
59,155,9.0,5.4448126e-05
59,155,10.0,3.9170387e-05
59,155,11.0,2.9979175e-05
59,155,12.0,2.238875e-05
59,155,13.0,1.4987708e-05
59,155,14.0,8.343564e-06
59,156,0.0,7.450184e-06
59,156,1.0,2.1776093e-05
59,156,2.0,3.3753557e-05
59,156,3.0,3.7609403e-05
59,156,4.0,3.3695975e-05
59,156,5.0,2.4957242e-05
59,156,6.0,1.5077435e-05
59,156,7.0,8.0783575e-06
59,156,8.0,4.4034673e-06
59,156,9.0,2.9343869e-06
59,156,10.0,2.5091797e-06
59,156,11.0,2.320915e-06
59,156,12.0,1.949055e-06
59,156,13.0,1.2773502e-06
59,156,14.0,6.129722e-07
59,157,0.0,9.1664214e-07
59,157,1.0,3.5697326e-06
59,157,2.0,6.251187e-06
59,157,3.0,7.321318e-06
59,157,4.0,6.5258755e-06
59,157,5.0,4.360772e-06
59,157,6.0,2.2211975e-06
59,157,7.0,9.967664e-07
59,157,8.0,4.9785837e-07
59,157,9.0,3.660039e-07
59,157,10.0,3.5419706e-07
59,157,11.0,3.3716958e-07
59,157,12.0,2.4537903e-07
59,157,13.0,1.1002341e-07
59,157,14.0,2.9053355e-08
59,158,0.0,1.3194712e-12
59,158,1.0,1.3550255e-08
59,158,2.0,8.8175376e-08
59,158,3.0,1.6237233e-07
59,158,4.0,1.4247337e-07
59,158,5.0,5.678329e-08
59,158,6.0,1.1926027e-08
59,158,7.0,1.9977011e-09
59,158,8.0,1.0651748e-09
59,158,9.0,3.340894e-09
59,158,10.0,1.1744366e-08
59,158,11.0,2.3435542e-08
59,158,12.0,2.2353042e-08
59,158,13.0,1.1109366e-08
59,158,14.0,3.9959196e-09
59,159,0.0,2.1653959e-10
59,159,1.0,1.3721212e-08
59,159,2.0,8.832889e-08
59,159,3.0,2.3120555e-07
59,159,4.0,3.256305e-07
59,159,5.0,2.7188833e-07
59,159,6.0,1.7335628e-07
59,159,7.0,1.2049509e-07
59,159,8.0,1.3813275e-07
59,159,9.0,2.1938347e-07
59,159,10.0,3.283503e-07
59,159,11.0,3.6909753e-07
59,159,12.0,2.780606e-07
59,159,13.0,1.5973252e-07
59,159,14.0,8.453627e-08
59,160,0.0,0.0
59,160,1.0,0.0
59,160,2.0,1.5307539e-09
59,160,3.0,2.1776724e-08
59,160,4.0,4.7499352e-08
59,160,5.0,3.5228695e-08
59,160,6.0,1.5778928e-08
59,160,7.0,9.721758e-09
59,160,8.0,1.645549e-08
59,160,9.0,3.9674166e-08
59,160,10.0,7.492301e-08
59,160,11.0,8.620987e-08
59,160,12.0,6.347034e-08
59,160,13.0,4.0915314e-08
59,160,14.0,3.1251123e-08
59,161,0.0,1.6850347e-09
59,161,1.0,2.1590761e-08
59,161,2.0,1.7029788e-07
59,161,3.0,5.030757e-07
59,161,4.0,5.513164e-07
59,161,5.0,3.0711962e-07
59,161,6.0,1.2135469e-07
59,161,7.0,6.000309e-08
59,161,8.0,5.4511005e-08
59,161,9.0,6.480596e-08
59,161,10.0,6.554483e-08
59,161,11.0,3.9452452e-08
59,161,12.0,1.3153082e-08
59,161,13.0,2.2572857e-09
59,161,14.0,9.269087e-11
59,162,0.0,8.8451485e-10
59,162,1.0,1.6156871e-08
59,162,2.0,1.4924568e-07
59,162,3.0,3.6866038e-07
59,162,4.0,3.0069552e-07
59,162,5.0,1.0205179e-07
59,162,6.0,1.676657e-08
59,162,7.0,2.4389624e-09
59,162,8.0,6.0711763e-10
59,162,9.0,2.026479e-10
59,162,10.0,1.479231e-11
59,162,11.0,0.0
59,162,12.0,0.0
59,162,13.0,0.0
59,162,14.0,0.0
60,141,0.0,0.0
60,141,1.0,0.0
60,141,2.0,0.0
60,141,3.0,0.0
60,141,4.0,3.4355366e-11
60,141,5.0,2.4710891e-08
60,141,6.0,1.3979339e-07
60,141,7.0,1.7080762e-07
60,141,8.0,8.025489e-08
60,141,9.0,1.7652534e-08
60,141,10.0,2.1565962e-09
60,141,11.0,2.4929034e-10
60,141,12.0,1.6324433e-11
60,141,13.0,0.0
60,141,14.0,0.0
60,142,0.0,6.1463865e-08
60,142,1.0,5.175429e-07
60,142,2.0,1.517758e-06
60,142,3.0,3.217432e-06
60,142,4.0,5.445233e-06
60,142,5.0,6.866395e-06
60,142,6.0,5.644838e-06
60,142,7.0,2.9825085e-06
60,142,8.0,1.1050417e-06
60,142,9.0,3.2202345e-07
60,142,10.0,9.230263e-08
60,142,11.0,2.3282265e-08
60,142,12.0,2.6735119e-09
60,142,13.0,1.0018571e-12
60,142,14.0,0.0
60,143,0.0,2.1920484e-13
60,143,1.0,0.0
60,143,2.0,0.0
60,143,3.0,0.0
60,143,4.0,0.0
60,143,5.0,0.0
60,143,6.0,0.0
60,143,7.0,1.2893286e-09
60,143,8.0,3.462696e-09
60,143,9.0,1.5549052e-09
60,143,10.0,3.146229e-10
60,143,11.0,1.5123117e-10
60,143,12.0,4.9958276e-10
60,143,13.0,2.0418225e-09
60,143,14.0,5.3640172e-09
60,144,0.0,4.9209213e-12
60,144,1.0,0.0
60,144,2.0,0.0
60,144,3.0,0.0
60,144,4.0,0.0
60,144,5.0,0.0
60,144,6.0,1.07379314e-10
60,144,7.0,7.9119794e-10
60,144,8.0,8.0961154e-10
60,144,9.0,9.400187e-10
60,144,10.0,3.751393e-09
60,144,11.0,2.239164e-08
60,144,12.0,8.812019e-08
60,144,13.0,2.1592928e-07
60,144,14.0,3.5367898e-07
60,145,0.0,3.0223835e-09
60,145,1.0,0.0
60,145,2.0,0.0
60,145,3.0,0.0
60,145,4.0,0.0
60,145,5.0,9.721659e-10
60,145,6.0,1.6397894e-07
60,145,7.0,1.1329902e-06
60,145,8.0,2.6265084e-06
60,145,9.0,3.4896905e-06
60,145,10.0,3.7514785e-06
60,145,11.0,4.0590276e-06
60,145,12.0,5.113161e-06
60,145,13.0,7.167479e-06
60,145,14.0,1.0139124e-05
60,146,0.0,1.3864896e-07
60,146,1.0,1.098883e-10
60,146,2.0,0.0
60,146,3.0,0.0
60,146,4.0,1.4862836e-08
60,146,5.0,4.40661e-07
60,146,6.0,2.4008068e-06
60,146,7.0,5.526471e-06
60,146,8.0,8.588762e-06
60,146,9.0,1.1892487e-05
60,146,10.0,1.7320252e-05
60,146,11.0,2.7553859e-05
60,146,12.0,4.3663436e-05
60,146,13.0,6.517892e-05
60,146,14.0,8.987843e-05
60,147,0.0,1.14059285e-05
60,147,1.0,7.435083e-06
60,147,2.0,8.843278e-06
60,147,3.0,1.5411704e-05
60,147,4.0,3.187679e-05
60,147,5.0,7.163196e-05
60,147,6.0,0.0001483125
60,147,7.0,0.00025720027
60,147,8.0,0.00036314625
60,147,9.0,0.00042745617
60,147,10.0,0.0004582748
60,147,11.0,0.00048141542
60,147,12.0,0.00052451435
60,147,13.0,0.0006008775
60,147,14.0,0.0007029616
60,148,0.0,0.00019388311
60,148,1.0,0.00014799334
60,148,2.0,0.00016069284
60,148,3.0,0.00023755095
60,148,4.0,0.0004073042
60,148,5.0,0.0006808485
60,148,6.0,0.0010129948
60,148,7.0,0.0012933103
60,148,8.0,0.0014855185
60,148,9.0,0.001636994
60,148,10.0,0.0018235723
60,148,11.0,0.0021057706
60,148,12.0,0.0024695774
60,148,13.0,0.0028864562
60,148,14.0,0.0033179023
60,149,0.0,0.00068824517
60,149,1.0,0.0008232271
60,149,2.0,0.0011147142
60,149,3.0,0.0015615157
60,149,4.0,0.00220049
60,149,5.0,0.0031407715
60,149,6.0,0.004351404
60,149,7.0,0.005617517
60,149,8.0,0.0066028526
60,149,9.0,0.007097557
60,149,10.0,0.00727728
60,149,11.0,0.0073937
60,149,12.0,0.007666876
60,149,13.0,0.008154653
60,149,14.0,0.008748001
60,150,0.0,0.0039533274
60,150,1.0,0.0041569043
60,150,2.0,0.0048753917
60,150,3.0,0.0061508818
60,150,4.0,0.007989043
60,150,5.0,0.01013004
60,150,6.0,0.012049135
60,150,7.0,0.013190257
60,150,8.0,0.013664811
60,150,9.0,0.013882712
60,150,10.0,0.0142750945
60,150,11.0,0.015045116
60,150,12.0,0.016032659
60,150,13.0,0.017025294
60,150,14.0,0.017806796
60,151,0.0,0.0068874033
60,151,1.0,0.008758004
60,151,2.0,0.010975181
60,151,3.0,0.0133324405
60,151,4.0,0.015940377
60,151,5.0,0.019010166
60,151,6.0,0.02208714
60,151,7.0,0.024471277
60,151,8.0,0.02547302
60,151,9.0,0.02523381
60,151,10.0,0.02451438
60,151,11.0,0.023949586
60,151,12.0,0.023933936
60,151,13.0,0.024323488
60,151,14.0,0.024783745
60,152,0.0,0.012894375
60,152,1.0,0.015458138
60,152,2.0,0.01839991
60,152,3.0,0.021769434
60,152,4.0,0.025183417
60,152,5.0,0.027967239
60,152,6.0,0.029234646
60,152,7.0,0.028684521
60,152,8.0,0.027182577
60,152,9.0,0.02559888
60,152,10.0,0.024531446
60,152,11.0,0.023940558
60,152,12.0,0.023444362
60,152,13.0,0.022724342
60,152,14.0,0.021556022
60,153,0.0,0.009706566
60,153,1.0,0.01273505
60,153,2.0,0.015279261
60,153,3.0,0.017189618
60,153,4.0,0.018783068
60,153,5.0,0.020051166
60,153,6.0,0.020597043
60,153,7.0,0.020111924
60,153,8.0,0.01860189
60,153,9.0,0.016761484
60,153,10.0,0.015151617
60,153,11.0,0.0140788285
60,153,12.0,0.013505517
60,153,13.0,0.013134534
60,153,14.0,0.012721074
60,154,0.0,0.009189072
60,154,1.0,0.012455425
60,154,2.0,0.01576806
60,154,3.0,0.0187448
60,154,4.0,0.020687826
60,154,5.0,0.021186745
60,154,6.0,0.020072004
60,154,7.0,0.017911583
60,154,8.0,0.015549929
60,154,9.0,0.01352672
60,154,10.0,0.0120251
60,154,11.0,0.01079221
60,154,12.0,0.009601624
60,154,13.0,0.008339932
60,154,14.0,0.0070124306
60,155,0.0,0.001924235
60,155,1.0,0.0031268264
60,155,2.0,0.0042379918
60,155,3.0,0.0050440873
60,155,4.0,0.0055155884
60,155,5.0,0.0056164553
60,155,6.0,0.005310397
60,155,7.0,0.004604728
60,155,8.0,0.003759257
60,155,9.0,0.00301874
60,155,10.0,0.0024848743
60,155,11.0,0.0021475668
60,155,12.0,0.0019084665
60,155,13.0,0.0016986224
60,155,14.0,0.0014828765
60,156,0.0,0.0013999513
60,156,1.0,0.002096345
60,156,2.0,0.0029067225
60,156,3.0,0.003654139
60,156,4.0,0.0041529615
60,156,5.0,0.0042328457
60,156,6.0,0.0038447836
60,156,7.0,0.0032293927
60,156,8.0,0.002617723
60,156,9.0,0.0021375571
60,156,10.0,0.0017816703
60,156,11.0,0.001480152
60,156,12.0,0.0011959003
60,156,13.0,0.00091994915
60,156,14.0,0.0006752289
60,157,0.0,8.1791455e-05
60,157,1.0,0.00021848005
60,157,2.0,0.0004004924
60,157,3.0,0.00059652724
60,157,4.0,0.00075817056
60,157,5.0,0.00082465995
60,157,6.0,0.0007601232
60,157,7.0,0.00060672394
60,157,8.0,0.00044791814
60,157,9.0,0.00032722086
60,157,10.0,0.00025192962
60,157,11.0,0.00020252714
60,157,12.0,0.00016316964
60,157,13.0,0.00012685005
60,157,14.0,9.281069e-05
60,158,0.0,2.673194e-05
60,158,1.0,4.0500712e-05
60,158,2.0,6.04935e-05
60,158,3.0,8.943894e-05
60,158,4.0,0.000119434
60,158,5.0,0.0001297492
60,158,6.0,0.00011364144
60,158,7.0,8.759713e-05
60,158,8.0,6.504506e-05
60,158,9.0,5.1106003e-05
60,158,10.0,4.2108084e-05
60,158,11.0,3.4273344e-05
60,158,12.0,2.6066979e-05
60,158,13.0,1.7694112e-05
60,158,14.0,1.1043883e-05
60,159,0.0,7.920844e-07
60,159,1.0,3.3044564e-06
60,159,2.0,9.570536e-06
60,159,3.0,2.1342425e-05
60,159,4.0,3.5051053e-05
60,159,5.0,4.2184598e-05
60,159,6.0,3.74393e-05
60,159,7.0,2.748724e-05
60,159,8.0,1.8878016e-05
60,159,9.0,1.3921261e-05
60,159,10.0,1.1386159e-05
60,159,11.0,9.50226e-06
60,159,12.0,7.4695186e-06
60,159,13.0,5.189643e-06
60,159,14.0,3.2801277e-06
60,160,0.0,4.653599e-08
60,160,1.0,1.110885e-08
60,160,2.0,1.6556871e-08
60,160,3.0,8.274399e-08
60,160,4.0,2.9298084e-07
60,160,5.0,4.6686458e-07
60,160,6.0,3.9008734e-07
60,160,7.0,2.3768538e-07
60,160,8.0,1.541662e-07
60,160,9.0,1.5155679e-07
60,160,10.0,1.8471192e-07
60,160,11.0,2.093277e-07
60,160,12.0,1.8019367e-07
60,160,13.0,1.0514032e-07
60,160,14.0,4.609415e-08
60,161,0.0,8.012287e-09
60,161,1.0,3.0279026e-09
60,161,2.0,1.0791757e-08
60,161,3.0,5.4291682e-08
60,161,4.0,1.4928416e-07
60,161,5.0,1.7185367e-07
60,161,6.0,9.392294e-08
60,161,7.0,3.073999e-08
60,161,8.0,1.0106421e-08
60,161,9.0,7.847701e-09
60,161,10.0,1.0977861e-08
60,161,11.0,1.4651911e-08
60,161,12.0,1.2196717e-08
60,161,13.0,5.264667e-09
60,161,14.0,1.4474683e-09
60,162,0.0,4.367229e-09
60,162,1.0,0.0
60,162,2.0,0.0
60,162,3.0,2.1729425e-10
60,162,4.0,2.3502789e-08
60,162,5.0,1.1118454e-07
60,162,6.0,1.6764426e-07
60,162,7.0,1.5333964e-07
60,162,8.0,1.3609629e-07
60,162,9.0,1.6935248e-07
60,162,10.0,2.3898798e-07
60,162,11.0,2.9552916e-07
60,162,12.0,2.7003014e-07
60,162,13.0,1.6441894e-07
60,162,14.0,7.170549e-08
60,163,0.0,8.636892e-08
60,163,1.0,2.4364374e-10
60,163,2.0,0.0
60,163,3.0,0.0
60,163,4.0,0.0
60,163,5.0,0.0
60,163,6.0,0.0
60,163,7.0,0.0
60,163,8.0,0.0
60,163,9.0,0.0
60,163,10.0,0.0
60,163,11.0,0.0
60,163,12.0,0.0
60,163,13.0,0.0
60,163,14.0,0.0
60,164,0.0,0.0
60,164,1.0,0.0
60,164,2.0,0.0
60,164,3.0,0.0
60,164,4.0,1.4846906e-10
60,164,5.0,2.9595633e-08
60,164,6.0,8.3550674e-08
60,164,7.0,7.6490736e-08
60,164,8.0,4.3921997e-08
60,164,9.0,2.783082e-08
60,164,10.0,2.003547e-08
60,164,11.0,1.0663837e-08
60,164,12.0,1.886573e-09
60,164,13.0,2.6459204e-14
60,164,14.0,0.0
61,144,0.0,3.6616958e-09
61,144,1.0,1.44031524e-08
61,144,2.0,1.0854309e-08
61,144,3.0,1.0655973e-09
61,144,4.0,8.4732616e-14
61,144,5.0,0.0
61,144,6.0,0.0
61,144,7.0,7.0949505e-12
61,144,8.0,8.3492796e-11
61,144,9.0,1.3505778e-11
61,144,10.0,0.0
61,144,11.0,0.0
61,144,12.0,0.0
61,144,13.0,0.0
61,144,14.0,0.0
61,145,0.0,1.2304711e-06
61,145,1.0,1.2700644e-06
61,145,2.0,8.727393e-07
61,145,3.0,3.6230702e-07
61,145,4.0,1.0869395e-07
61,145,5.0,4.660118e-08
61,145,6.0,4.8367273e-08
61,145,7.0,7.344357e-08
61,145,8.0,9.2155624e-08
61,145,9.0,6.863392e-08
61,145,10.0,3.4964135e-08
61,145,11.0,1.8028015e-08
61,145,12.0,1.6883858e-08
61,145,13.0,3.867966e-08
61,145,14.0,1.2128417e-07
61,146,0.0,0.0
61,146,1.0,0.0
61,146,2.0,0.0
61,146,3.0,0.0
61,146,4.0,0.0
61,146,5.0,0.0
61,146,6.0,0.0
61,146,7.0,3.2213295e-12
61,146,8.0,5.92704e-10
61,146,9.0,1.0279215e-09
61,146,10.0,3.4098477e-10
61,146,11.0,4.9585055e-11
61,146,12.0,2.9931255e-11
61,146,13.0,4.080409e-10
61,146,14.0,5.527889e-09
61,147,0.0,2.0467332e-09
61,147,1.0,2.5256442e-08
61,147,2.0,5.188401e-08
61,147,3.0,4.7419814e-08
61,147,4.0,3.6951818e-08
61,147,5.0,5.1184134e-08
61,147,6.0,1.2747608e-07
61,147,7.0,2.99898e-07
61,147,8.0,5.0047873e-07
61,147,9.0,5.3553157e-07
61,147,10.0,4.396964e-07
61,147,11.0,3.689708e-07
61,147,12.0,4.1703768e-07
61,147,13.0,7.073187e-07
61,147,14.0,1.4318354e-06
61,148,0.0,0.0
61,148,1.0,0.0
61,148,2.0,1.1883594e-10
61,148,3.0,4.7149427e-09
61,148,4.0,2.3572447e-08
61,148,5.0,1.05371605e-07
61,148,6.0,4.3240115e-07
61,148,7.0,1.2165233e-06
61,148,8.0,2.2563952e-06
61,148,9.0,2.8220638e-06
61,148,10.0,2.859803e-06
61,148,11.0,2.8772813e-06
61,148,12.0,3.3958033e-06
61,148,13.0,5.01904e-06
61,148,14.0,8.236125e-06
61,149,0.0,2.2101086e-07
61,149,1.0,1.912165e-06
61,149,2.0,5.178256e-06
61,149,3.0,9.118418e-06
61,149,4.0,1.4299591e-05
61,149,5.0,2.2996175e-05
61,149,6.0,3.6959904e-05
61,149,7.0,5.4416e-05
61,149,8.0,6.964516e-05
61,149,9.0,7.6635486e-05
61,149,10.0,7.846958e-05
61,149,11.0,8.126252e-05
61,149,12.0,9.072126e-05
61,149,13.0,0.0001109056
61,149,14.0,0.00014028943
61,150,0.0,5.9805114e-07
61,150,1.0,5.4181232e-06
61,150,2.0,1.739248e-05
61,150,3.0,3.6858153e-05
61,150,4.0,6.701964e-05
61,150,5.0,0.00011551121
61,150,6.0,0.00018353965
61,150,7.0,0.00025976115
61,150,8.0,0.00032105597
61,150,9.0,0.00035233446
61,150,10.0,0.00036763187
61,150,11.0,0.000386779
61,150,12.0,0.00042819962
61,150,13.0,0.00049858907
61,150,14.0,0.00058783597
61,151,0.0,6.624857e-05
61,151,1.0,0.00020667745
61,151,2.0,0.00041395496
61,151,3.0,0.00067078974
61,151,4.0,0.00097103976
61,151,5.0,0.0013223565
61,151,6.0,0.0016844311
61,151,7.0,0.001987289
61,151,8.0,0.0021512008
61,151,9.0,0.0021840038
61,151,10.0,0.002168671
61,151,11.0,0.0021789146
61,151,12.0,0.0022646957
61,151,13.0,0.002400831
61,151,14.0,0.0025255578
61,152,0.0,0.00017327782
61,152,1.0,0.0004785741
61,152,2.0,0.0009513154
61,152,3.0,0.0015671334
61,152,4.0,0.002316758
61,152,5.0,0.003167259
61,152,6.0,0.0039902725
61,152,7.0,0.0046219216
61,152,8.0,0.0049295975
61,152,9.0,0.005002751
61,152,10.0,0.005005667
61,152,11.0,0.0050787427
61,152,12.0,0.00527782
61,152,13.0,0.005507725
61,152,14.0,0.005655156
61,153,0.0,0.001092067
61,153,1.0,0.0025480695
61,153,2.0,0.0044556833
61,153,3.0,0.0064749653
61,153,4.0,0.008479198
61,153,5.0,0.010252858
61,153,6.0,0.011528324
61,153,7.0,0.01208014
61,153,8.0,0.011938673
61,153,9.0,0.011467752
61,153,10.0,0.010985926
61,153,11.0,0.010694816
61,153,12.0,0.010520497
61,153,13.0,0.010239382
61,153,14.0,0.009682118
61,154,0.0,0.0012019731
61,154,1.0,0.0027005614
61,154,2.0,0.00477247
61,154,3.0,0.0071276063
61,154,4.0,0.009549814
61,154,5.0,0.011670189
61,154,6.0,0.013105614
61,154,7.0,0.013613047
61,154,8.0,0.013431593
61,154,9.0,0.012990187
61,154,10.0,0.012628866
61,154,11.0,0.0124878
61,154,12.0,0.012355913
61,154,13.0,0.011990757
61,154,14.0,0.0112381745
61,155,0.0,0.0020192289
61,155,1.0,0.0043934113
61,155,2.0,0.007347873
61,155,3.0,0.010292269
61,155,4.0,0.012676483
61,155,5.0,0.014076582
61,155,6.0,0.014304558
61,155,7.0,0.013576844
61,155,8.0,0.012468236
61,155,9.0,0.011409358
61,155,10.0,0.010632996
61,155,11.0,0.0100545725
61,155,12.0,0.009435658
61,155,13.0,0.008619885
61,155,14.0,0.0075481692
61,156,0.0,0.0011130199
61,156,1.0,0.0024381347
61,156,2.0,0.004168937
61,156,3.0,0.0059657404
61,156,4.0,0.0074165645
61,156,5.0,0.008214541
61,156,6.0,0.008257365
61,156,7.0,0.00781797
61,156,8.0,0.007259365
61,156,9.0,0.0068184817
61,156,10.0,0.00658095
61,156,11.0,0.006401795
61,156,12.0,0.0061244746
61,156,13.0,0.005645555
61,156,14.0,0.0049558417
61,157,0.0,0.0007111639
61,157,1.0,0.0015720305
61,157,2.0,0.0026281623
61,157,3.0,0.0035410784
61,157,4.0,0.0040566823
61,157,5.0,0.004118547
61,157,6.0,0.0037995016
61,157,7.0,0.0033429698
61,157,8.0,0.002928024
61,157,9.0,0.0026452797
61,157,10.0,0.0024655524
61,157,11.0,0.002296716
61,157,12.0,0.002074489
61,157,13.0,0.0017731306
61,157,14.0,0.0014334159
61,158,0.0,0.00019692452
61,158,1.0,0.00046734433
61,158,2.0,0.00080382806
61,158,3.0,0.0010695988
61,158,4.0,0.0011961893
61,158,5.0,0.0011708352
61,158,6.0,0.0010515351
61,158,7.0,0.00092460675
61,158,8.0,0.0008417721
61,158,9.0,0.0008197593
61,158,10.0,0.00082610943
61,158,11.0,0.00082270755
61,158,12.0,0.00077950436
61,158,13.0,0.00069012766
61,158,14.0,0.0005844476
61,159,0.0,5.247929e-05
61,159,1.0,0.00012157714
61,159,2.0,0.00019497749
61,159,3.0,0.0002482379
61,159,4.0,0.00026599897
61,159,5.0,0.00024509593
61,159,6.0,0.00020804023
61,159,7.0,0.00017654145
61,159,8.0,0.0001614685
61,159,9.0,0.00016082214
61,159,10.0,0.00016308963
61,159,11.0,0.00015811012
61,159,12.0,0.00013979166
61,159,13.0,0.00011364771
61,159,14.0,8.928549e-05
61,160,0.0,4.2640336e-06
61,160,1.0,1.0849895e-05
61,160,2.0,1.68063e-05
61,160,3.0,1.9717925e-05
61,160,4.0,1.8274437e-05
61,160,5.0,1.4003663e-05
61,160,6.0,1.0267216e-05
61,160,7.0,8.505993e-06
61,160,8.0,9.151473e-06
61,160,9.0,1.1722693e-05
61,160,10.0,1.5217837e-05
61,160,11.0,1.7919512e-05
61,160,12.0,1.8325185e-05
61,160,13.0,1.7508446e-05
61,160,14.0,1.7024868e-05
61,161,0.0,1.4960808e-07
61,161,1.0,2.9360135e-07
61,161,2.0,4.5914794e-07
61,161,3.0,6.072769e-07
61,161,4.0,5.9298225e-07
61,161,5.0,4.662719e-07
61,161,6.0,3.8502404e-07
61,161,7.0,4.4118218e-07
61,161,8.0,7.4966977e-07
61,161,9.0,1.3608662e-06
61,161,10.0,2.1038647e-06
61,161,11.0,2.489745e-06
61,161,12.0,2.3024022e-06
61,161,13.0,1.9017868e-06
61,161,14.0,1.5556502e-06
61,162,0.0,0.0
61,162,1.0,0.0
61,162,2.0,0.0
61,162,3.0,0.0
61,162,4.0,0.0
61,162,5.0,0.0
61,162,6.0,0.0
61,162,7.0,0.0
61,162,8.0,0.0
61,162,9.0,0.0
61,162,10.0,2.026359e-12
61,162,11.0,4.1602105e-10
61,162,12.0,1.7730354e-09
61,162,13.0,5.2016986e-09
61,162,14.0,1.6910713e-08
61,163,0.0,0.0
61,163,1.0,0.0
61,163,2.0,0.0
61,163,3.0,0.0
61,163,4.0,0.0
61,163,5.0,0.0
61,163,6.0,0.0
61,163,7.0,0.0
61,163,8.0,0.0
61,163,9.0,3.5941924e-18
61,163,10.0,1.8706975e-10
61,163,11.0,5.6099086e-10
61,163,12.0,3.3841438e-10
61,163,13.0,8.9987774e-11
61,163,14.0,1.1063501e-11
61,164,0.0,0.0
61,164,1.0,0.0
61,164,2.0,0.0
61,164,3.0,0.0
61,164,4.0,0.0
61,164,5.0,0.0
61,164,6.0,0.0
61,164,7.0,0.0
61,164,8.0,0.0
61,164,9.0,0.0
61,164,10.0,0.0
61,164,11.0,0.0
61,164,12.0,0.0
61,164,13.0,0.0
61,164,14.0,0.0
61,165,0.0,6.072247e-09
61,165,1.0,2.4325614e-16
61,165,2.0,0.0
61,165,3.0,0.0
61,165,4.0,0.0
61,165,5.0,0.0
61,165,6.0,0.0
61,165,7.0,0.0
61,165,8.0,0.0
61,165,9.0,0.0
61,165,10.0,0.0
61,165,11.0,0.0
61,165,12.0,0.0
61,165,13.0,0.0
61,165,14.0,0.0
61,166,0.0,7.769332e-08
61,166,1.0,4.788818e-10
61,166,2.0,0.0
61,166,3.0,0.0
61,166,4.0,0.0
61,166,5.0,0.0
61,166,6.0,0.0
61,166,7.0,0.0
61,166,8.0,0.0
61,166,9.0,0.0
61,166,10.0,0.0
61,166,11.0,0.0
61,166,12.0,0.0
61,166,13.0,0.0
61,166,14.0,0.0
62,146,0.0,0.0
62,146,1.0,4.13424e-08
62,146,2.0,6.878109e-07
62,146,3.0,1.9982508e-06
62,146,4.0,3.603959e-06
62,146,5.0,5.4824295e-06
62,146,6.0,6.791921e-06
62,146,7.0,6.1128367e-06
62,146,8.0,3.3724864e-06
62,146,9.0,1.0829183e-06
62,146,10.0,1.7373436e-07
62,146,11.0,7.669677e-09
62,146,12.0,2.3398758e-20
62,146,13.0,0.0
62,146,14.0,0.0
62,147,0.0,7.096957e-07
62,147,1.0,4.2255232e-07
62,147,2.0,1.4054599e-07
62,147,3.0,1.6383126e-08
62,147,4.0,2.8577601e-10
62,147,5.0,6.601538e-12
62,147,6.0,4.033587e-10
62,147,7.0,9.01147e-09
62,147,8.0,3.914385e-08
62,147,9.0,4.7899892e-08
62,147,10.0,2.671746e-08
62,147,11.0,1.0967637e-08
62,147,12.0,6.8054673e-09
62,147,13.0,1.3265225e-08
62,147,14.0,4.81044e-08
62,148,0.0,2.3360107e-07
62,148,1.0,6.716118e-07
62,148,2.0,1.1503855e-06
62,148,3.0,1.4539024e-06
62,148,4.0,1.8880575e-06
62,148,5.0,2.7808414e-06
62,148,6.0,3.87103e-06
62,148,7.0,4.1497497e-06
62,148,8.0,2.9579408e-06
62,148,9.0,1.5384904e-06
62,148,10.0,6.7452794e-07
62,148,11.0,3.183474e-07
62,148,12.0,2.0205316e-07
62,148,13.0,1.5813458e-07
62,148,14.0,1.3375904e-07
62,149,0.0,4.680168e-10
62,149,1.0,4.7151123e-13
62,149,2.0,0.0
62,149,3.0,0.0
62,149,4.0,0.0
62,149,5.0,0.0
62,149,6.0,0.0
62,149,7.0,0.0
62,149,8.0,1.4064777e-10
62,149,9.0,1.2944406e-09
62,149,10.0,1.215176e-09
62,149,11.0,9.879727e-10
62,149,12.0,2.7872633e-09
62,149,13.0,2.2967514e-08
62,149,14.0,1.662673e-07
62,150,0.0,0.0
62,150,1.0,0.0
62,150,2.0,0.0
62,150,3.0,0.0
62,150,4.0,0.0
62,150,5.0,2.0804079e-10
62,150,6.0,1.4490099e-08
62,150,7.0,4.8223576e-08
62,150,8.0,4.8572105e-08
62,150,9.0,3.304284e-08
62,150,10.0,2.9105916e-08
62,150,11.0,5.7742618e-08
62,150,12.0,1.8393831e-07
62,150,13.0,5.8345574e-07
62,150,14.0,1.5733132e-06
62,151,0.0,5.261794e-09
62,151,1.0,1.296182e-08
62,151,2.0,1.504022e-08
62,151,3.0,1.7199367e-08
62,151,4.0,3.575069e-08
62,151,5.0,1.871879e-07
62,151,6.0,9.623201e-07
62,151,7.0,3.082612e-06
62,151,8.0,5.9855333e-06
62,151,9.0,7.689446e-06
62,151,10.0,8.360375e-06
62,151,11.0,9.368399e-06
62,151,12.0,1.2423635e-05
62,151,13.0,1.9755087e-05
62,151,14.0,3.3729953e-05
62,152,0.0,2.3140358e-07
62,152,1.0,2.2313155e-07
62,152,2.0,4.5802508e-07
62,152,3.0,1.6397496e-06
62,152,4.0,6.0245125e-06
62,152,5.0,1.6862537e-05
62,152,6.0,3.3249453e-05
62,152,7.0,4.65166e-05
62,152,8.0,5.4071883e-05
62,152,9.0,6.070341e-05
62,152,10.0,7.4046315e-05
62,152,11.0,0.000101219994
62,152,12.0,0.00014525255
62,152,13.0,0.0002079399
62,152,14.0,0.00028898424
62,153,0.0,1.4502517e-05
62,153,1.0,3.4105702e-05
62,153,2.0,5.979468e-05
62,153,3.0,9.403324e-05
62,153,4.0,0.00014442226
62,153,5.0,0.00022459264
62,153,6.0,0.00033010863
62,153,7.0,0.00043273656
62,153,8.0,0.0004875028
62,153,9.0,0.00049351197
62,153,10.0,0.00048554144
62,153,11.0,0.0004950787
62,153,12.0,0.00054486323
62,153,13.0,0.00063299906
62,153,14.0,0.00074853876
62,154,0.0,0.00012626051
62,154,1.0,0.00019767426
62,154,2.0,0.00033213617
62,154,3.0,0.0005773252
62,154,4.0,0.000921282
62,154,5.0,0.0012857134
62,154,6.0,0.0015353131
62,154,7.0,0.0016280147
62,154,8.0,0.0016437451
62,154,9.0,0.001679192
62,154,10.0,0.0018081842
62,154,11.0,0.0020222692
62,154,12.0,0.0022862952
62,154,13.0,0.002556143
62,154,14.0,0.002791787
62,155,0.0,0.00028667424
62,155,1.0,0.00069466466
62,155,2.0,0.0012481359
62,155,3.0,0.0018604051
62,155,4.0,0.0025169922
62,155,5.0,0.003164447
62,155,6.0,0.0036763272
62,155,7.0,0.0038829504
62,155,8.0,0.003764068
62,155,9.0,0.003516419
62,155,10.0,0.0033061923
62,155,11.0,0.0032364363
62,155,12.0,0.003286489
62,155,13.0,0.0033710736
62,155,14.0,0.0034133336
62,156,0.0,0.00052830175
62,156,1.0,0.0011848586
62,156,2.0,0.002274024
62,156,3.0,0.0036258665
62,156,4.0,0.0048660594
62,156,5.0,0.005593657
62,156,6.0,0.005641419
62,156,7.0,0.0052968487
62,156,8.0,0.0048858803
62,156,9.0,0.0046317936
62,156,10.0,0.0045444556
62,156,11.0,0.0045119394
62,156,12.0,0.0044321595
62,156,13.0,0.0042356993
62,156,14.0,0.003960295
62,157,0.0,0.00049526704
62,157,1.0,0.001427039
62,157,2.0,0.0027556617
62,157,3.0,0.004161748
62,157,4.0,0.005370506
62,157,5.0,0.0061475206
62,157,6.0,0.0063257623
62,157,7.0,0.005903415
62,157,8.0,0.005237859
62,157,9.0,0.004624496
62,157,10.0,0.004219443
62,157,11.0,0.0040126867
62,157,12.0,0.0038802049
62,157,13.0,0.003727773
62,157,14.0,0.0034962755
62,158,0.0,0.00029066342
62,158,1.0,0.001013051
62,158,2.0,0.0023780044
62,158,3.0,0.004048438
62,158,4.0,0.0053291707
62,158,5.0,0.005698315
62,158,6.0,0.005318201
62,158,7.0,0.0046523158
62,158,8.0,0.0040388033
62,158,9.0,0.0036065874
62,158,10.0,0.0032727805
62,158,11.0,0.0029514073
62,158,12.0,0.0025909867
62,158,13.0,0.0022018263
62,158,14.0,0.0018499658
62,159,0.0,9.847444e-05
62,159,1.0,0.00041755947
62,159,2.0,0.0009612112
62,159,3.0,0.0015726894
62,159,4.0,0.0020400304
62,159,5.0,0.0022380776
62,159,6.0,0.0021250506
62,159,7.0,0.0018308945
62,159,8.0,0.0015257709
62,159,9.0,0.0013017469
62,159,10.0,0.0011794311
62,159,11.0,0.0011097488
62,159,12.0,0.0010487917
62,159,13.0,0.00096826925
62,159,14.0,0.0008611587
62,160,0.0,3.004691e-05
62,160,1.0,0.00018424267
62,160,2.0,0.0005613458
62,160,3.0,0.00106355
62,160,4.0,0.0014411269
62,160,5.0,0.0015096863
62,160,6.0,0.0013536316
62,160,7.0,0.001132877
62,160,8.0,0.0009520385
62,160,9.0,0.00082550175
62,160,10.0,0.0007200363
62,160,11.0,0.00061329425
62,160,12.0,0.00049726904
62,160,13.0,0.00038866617
62,160,14.0,0.00030435732
62,161,0.0,9.740555e-07
62,161,1.0,1.3169122e-05
62,161,2.0,4.550713e-05
62,161,3.0,8.941704e-05
62,161,4.0,0.00012713937
62,161,5.0,0.00013929023
62,161,6.0,0.00012183109
62,161,7.0,9.487197e-05
62,161,8.0,7.3220006e-05
62,161,9.0,6.2235085e-05
62,161,10.0,5.895672e-05
62,161,11.0,5.794951e-05
62,161,12.0,5.5490887e-05
62,161,13.0,4.9644084e-05
62,161,14.0,4.254331e-05
62,162,0.0,1.7467563e-07
62,162,1.0,4.3812443e-06
62,162,2.0,2.093975e-05
62,162,3.0,4.9984395e-05
62,162,4.0,7.460149e-05
62,162,5.0,7.516189e-05
62,162,6.0,5.9327263e-05
62,162,7.0,4.202751e-05
62,162,8.0,3.0772757e-05
62,162,9.0,2.4545256e-05
62,162,10.0,2.0111149e-05
62,162,11.0,1.5769416e-05
62,162,12.0,1.1065492e-05
62,162,13.0,7.133925e-06
62,162,14.0,4.618324e-06
62,163,0.0,1.143835e-09
62,163,1.0,4.3884214e-08
62,163,2.0,1.9822312e-07
62,163,3.0,5.484975e-07
62,163,4.0,9.705176e-07
62,163,5.0,9.673203e-07
62,163,6.0,5.660539e-07
62,163,7.0,2.5081812e-07
62,163,8.0,1.2060151e-07
62,163,9.0,1.04196204e-07
62,163,10.0,1.4411296e-07
62,163,11.0,2.1318998e-07
62,163,12.0,2.6520445e-07
62,163,13.0,2.513771e-07
62,163,14.0,2.1191491e-07
62,164,0.0,0.0
62,164,1.0,1.398748e-09
62,164,2.0,1.1552106e-07
62,164,3.0,8.0105895e-07
62,164,4.0,1.8772546e-06
62,164,5.0,1.8929045e-06
62,164,6.0,1.0398483e-06
62,164,7.0,3.8002113e-07
62,164,8.0,1.2638664e-07
62,164,9.0,5.5260138e-08
62,164,10.0,2.8981e-08
62,164,11.0,1.32961215e-08
62,164,12.0,2.9925131e-09
62,164,13.0,9.927656e-11
62,164,14.0,0.0
62,165,0.0,1.22825154e-08
62,165,1.0,2.197537e-10
62,165,2.0,2.0498449e-12
62,165,3.0,4.4984152e-11
62,165,4.0,7.7198226e-10
62,165,5.0,1.048844e-09
62,165,6.0,7.225549e-11
62,165,7.0,0.0
62,165,8.0,0.0
62,165,9.0,0.0
62,165,10.0,0.0
62,165,11.0,3.524522e-11
62,165,12.0,4.0686793e-10
62,165,13.0,5.2987625e-10
62,165,14.0,2.6735172e-10
62,166,0.0,2.988112e-10
62,166,1.0,2.3661082e-09
62,166,2.0,4.8334815e-08
62,166,3.0,4.1636122e-07
62,166,4.0,1.4206477e-06
62,166,5.0,2.1870878e-06
62,166,6.0,1.7435634e-06
62,166,7.0,8.997733e-07
62,166,8.0,3.6526384e-07
62,166,9.0,1.6459714e-07
62,166,10.0,9.054179e-08
62,166,11.0,4.909804e-08
62,166,12.0,1.842698e-08
62,166,13.0,2.3714308e-09
62,166,14.0,7.479811e-12
62,167,0.0,9.482317e-10
62,167,1.0,0.0
62,167,2.0,0.0
62,167,3.0,0.0
62,167,4.0,0.0
62,167,5.0,0.0
62,167,6.0,0.0
62,167,7.0,0.0
62,167,8.0,0.0
62,167,9.0,0.0
62,167,10.0,0.0
62,167,11.0,0.0
62,167,12.0,0.0
62,167,13.0,0.0
62,167,14.0,0.0
62,168,0.0,2.560097e-10
62,168,1.0,0.0
62,168,2.0,2.9728871e-12
62,168,3.0,9.602967e-09
62,168,4.0,1.7356349e-07
62,168,5.0,6.634687e-07
62,168,6.0,9.1057603e-07
62,168,7.0,5.8984125e-07
62,168,8.0,2.147858e-07
62,168,9.0,5.2253004e-08
62,168,10.0,1.130831e-08
62,168,11.0,1.5779231e-09
62,168,12.0,1.4069532e-11
62,168,13.0,0.0
62,168,14.0,0.0
63,149,0.0,1.5645674e-07
63,149,1.0,5.6218795e-07
63,149,2.0,8.2350556e-07
63,149,3.0,5.07819e-07
63,149,4.0,1.299598e-07
63,149,5.0,1.3923781e-08
63,149,6.0,9.973964e-10
63,149,7.0,4.3402407e-10
63,149,8.0,1.2043068e-09
63,149,9.0,3.1427057e-09
63,149,10.0,3.2978338e-09
63,149,11.0,1.5396125e-09
63,149,12.0,6.76906e-10
63,149,13.0,8.871376e-10
63,149,14.0,4.4917554e-09
63,150,0.0,2.8792801e-12
63,150,1.0,8.768748e-09
63,150,2.0,2.9546303e-08
63,150,3.0,1.2775946e-08
63,150,4.0,4.828234e-10
63,150,5.0,0.0
63,150,6.0,0.0
63,150,7.0,0.0
63,150,8.0,4.3084082e-12
63,150,9.0,4.2246562e-10
63,150,10.0,1.0698502e-09
63,150,11.0,1.0450154e-09
63,150,12.0,1.346426e-09
63,150,13.0,4.396666e-09
63,150,14.0,2.569562e-08
63,151,0.0,0.0
63,151,1.0,0.0
63,151,2.0,0.0
63,151,3.0,0.0
63,151,4.0,0.0
63,151,5.0,0.0
63,151,6.0,0.0
63,151,7.0,0.0
63,151,8.0,0.0
63,151,9.0,0.0
63,151,10.0,0.0
63,151,11.0,0.0
63,151,12.0,0.0
63,151,13.0,9.840972e-12
63,151,14.0,4.017051e-09
63,152,0.0,0.0
63,152,1.0,1.1885198e-09
63,152,2.0,3.4833787e-09
63,152,3.0,3.5506997e-10
63,152,4.0,0.0
63,152,5.0,0.0
63,152,6.0,0.0
63,152,7.0,4.746156e-11
63,152,8.0,2.4025326e-09
63,152,9.0,9.452542e-09
63,152,10.0,1.5276436e-08
63,152,11.0,2.3353348e-08
63,152,12.0,5.0629232e-08
63,152,13.0,1.609528e-07
63,152,14.0,5.423487e-07
63,153,0.0,0.0
63,153,1.0,1.4655563e-08
63,153,2.0,4.533295e-08
63,153,3.0,3.225e-08
63,153,4.0,1.7705537e-08
63,153,5.0,2.276535e-08
63,153,6.0,7.081693e-08
63,153,7.0,2.2097137e-07
63,153,8.0,4.7660617e-07
63,153,9.0,6.65801e-07
63,153,10.0,7.5839375e-07
63,153,11.0,8.914561e-07
63,153,12.0,1.2619433e-06
63,153,13.0,2.1841333e-06
63,153,14.0,3.8845515e-06
63,154,0.0,1.2198451e-07
63,154,1.0,9.055387e-07
63,154,2.0,1.3751046e-06
63,154,3.0,1.3560493e-06
63,154,4.0,1.3984641e-06
63,154,5.0,2.0132131e-06
63,154,6.0,3.5080911e-06
63,154,7.0,5.88362e-06
63,154,8.0,8.185475e-06
63,154,9.0,9.429222e-06
63,154,10.0,1.025286e-05
63,154,11.0,1.1763652e-05
63,154,12.0,1.5292877e-05
63,154,13.0,2.1633248e-05
63,154,14.0,3.0129735e-05
63,155,0.0,2.3919745e-07
63,155,1.0,2.64152e-06
63,155,2.0,6.508746e-06
63,155,3.0,1.0721427e-05
63,155,4.0,1.7175633e-05
63,155,5.0,2.8778632e-05
63,155,6.0,4.533978e-05
63,155,7.0,6.248073e-05
63,155,8.0,7.2638075e-05
63,155,9.0,7.564872e-05
63,155,10.0,7.658961e-05
63,155,11.0,8.030191e-05
63,155,12.0,8.9453846e-05
63,155,13.0,0.000100007695
63,155,14.0,0.00010597781
63,156,0.0,2.203868e-06
63,156,1.0,1.04779865e-05
63,156,2.0,2.2095302e-05
63,156,3.0,3.7418307e-05
63,156,4.0,6.3197396e-05
63,156,5.0,0.0001024553
63,156,6.0,0.00014944474
63,156,7.0,0.00018922555
63,156,8.0,0.00020961699
63,156,9.0,0.00021786882
63,156,10.0,0.00022588599
63,156,11.0,0.0002445973
63,156,12.0,0.0002732783
63,156,13.0,0.00029899526
63,156,14.0,0.00030904016
63,157,0.0,4.4974195e-06
63,157,1.0,2.5813444e-05
63,157,2.0,7.45506e-05
63,157,3.0,0.00016043957
63,157,4.0,0.00028683434
63,157,5.0,0.00043515657
63,157,6.0,0.0005694059
63,157,7.0,0.00064605905
63,157,8.0,0.00066481746
63,157,9.0,0.0006578836
63,157,10.0,0.0006555477
63,157,11.0,0.0006724613
63,157,12.0,0.0006875383
63,157,13.0,0.0006750429
63,157,14.0,0.00061881385
63,158,0.0,7.304336e-06
63,158,1.0,3.6048164e-05
63,158,2.0,0.00010371192
63,158,3.0,0.0002256402
63,158,4.0,0.0003995129
63,158,5.0,0.00059352006
63,158,6.0,0.0007535151
63,158,7.0,0.00083877635
63,158,8.0,0.00087213755
63,158,9.0,0.00089367095
63,158,10.0,0.000938653
63,158,11.0,0.0010060617
63,158,12.0,0.0010592634
63,158,13.0,0.001063007
63,158,14.0,0.0009948364
63,159,0.0,1.2948914e-05
63,159,1.0,6.8521855e-05
63,159,2.0,0.00020707879
63,159,3.0,0.0004401828
63,159,4.0,0.00072576874
63,159,5.0,0.0009806148
63,159,6.0,0.001122986
63,159,7.0,0.0011487885
63,159,8.0,0.0011204504
63,159,9.0,0.0010965968
63,159,10.0,0.0011106961
63,159,11.0,0.0011349989
63,159,12.0,0.0011273002
63,159,13.0,0.0010558814
63,159,14.0,0.0009135831
63,160,0.0,8.31883e-06
63,160,1.0,4.636991e-05
63,160,2.0,0.00014555902
63,160,3.0,0.00031265177
63,160,4.0,0.0005101462
63,160,5.0,0.00067235454
63,160,6.0,0.0007479752
63,160,7.0,0.000760273
63,160,8.0,0.0007579707
63,160,9.0,0.0007821499
63,160,10.0,0.00084290386
63,160,11.0,0.0009092369
63,160,12.0,0.000944844
63,160,13.0,0.0009193857
63,160,14.0,0.0008331425
63,161,0.0,8.765441e-06
63,161,1.0,4.2953085e-05
63,161,2.0,0.00012265824
63,161,3.0,0.00023631137
63,161,4.0,0.00033856963
63,161,5.0,0.000384784
63,161,6.0,0.0003740174
63,161,7.0,0.00034304705
63,161,8.0,0.00032076242
63,161,9.0,0.0003231144
63,161,10.0,0.0003437402
63,161,11.0,0.0003636037
63,161,12.0,0.0003643589
63,161,13.0,0.00033489976
63,161,14.0,0.00028530066
63,162,0.0,2.8731736e-06
63,162,1.0,1.577959e-05
63,162,2.0,4.599123e-05
63,162,3.0,8.6225984e-05
63,162,4.0,0.00011726046
63,162,5.0,0.00012531149
63,162,6.0,0.00011620809
63,162,7.0,0.00010521575
63,162,8.0,0.00010242635
63,162,9.0,0.00011314635
63,162,10.0,0.0001334837
63,162,11.0,0.00015536332
63,162,12.0,0.00016861343
63,162,13.0,0.00016680331
63,162,14.0,0.00015577996
63,163,0.0,1.309814e-06
63,163,1.0,5.7570155e-06
63,163,2.0,1.39848635e-05
63,163,3.0,2.1579272e-05
63,163,4.0,2.4647461e-05
63,163,5.0,2.1900498e-05
63,163,6.0,1.6873488e-05
63,163,7.0,1.3258239e-05
63,163,8.0,1.23570335e-05
63,163,9.0,1.43907455e-05
63,163,10.0,1.820966e-05
63,163,11.0,2.2031234e-05
63,163,12.0,2.3539324e-05
63,163,13.0,2.1960248e-05
63,163,14.0,1.9053556e-05
63,164,0.0,1.5967586e-07
63,164,1.0,8.051172e-07
63,164,2.0,1.7973643e-06
63,164,3.0,2.3424213e-06
63,164,4.0,2.2020822e-06
63,164,5.0,1.524155e-06
63,164,6.0,9.2124174e-07
63,164,7.0,6.551871e-07
63,164,8.0,7.4283093e-07
63,164,9.0,1.326453e-06
63,164,10.0,2.5800377e-06
63,164,11.0,4.3983705e-06
63,164,12.0,6.057617e-06
63,164,13.0,7.037463e-06
63,164,14.0,7.755645e-06
63,165,0.0,3.863644e-08
63,165,1.0,6.891744e-08
63,165,2.0,7.097438e-08
63,165,3.0,6.48527e-08
63,165,4.0,4.660912e-08
63,165,5.0,1.74154e-08
63,165,6.0,3.6498702e-09
63,165,7.0,1.0494154e-09
63,165,8.0,2.098547e-09
63,165,9.0,1.4644054e-08
63,165,10.0,7.179198e-08
63,165,11.0,1.9747554e-07
63,165,12.0,3.223773e-07
63,165,13.0,3.679635e-07
63,165,14.0,3.69948e-07
63,166,0.0,2.279144e-11
63,166,1.0,0.0
63,166,2.0,0.0
63,166,3.0,0.0
63,166,4.0,0.0
63,166,5.0,0.0
63,166,6.0,0.0
63,166,7.0,0.0
63,166,8.0,0.0
63,166,9.0,0.0
63,166,10.0,0.0
63,166,11.0,1.7362417e-09
63,166,12.0,1.8404462e-08
63,166,13.0,5.1745634e-08
63,166,14.0,1.0386165e-07
63,167,0.0,3.3209522e-11
63,167,1.0,0.0
63,167,2.0,0.0
63,167,3.0,0.0
63,167,4.0,0.0
63,167,5.0,0.0
63,167,6.0,0.0
63,167,7.0,0.0
63,167,8.0,0.0
63,167,9.0,0.0
63,167,10.0,0.0
63,167,11.0,1.327989e-10
63,167,12.0,1.6461695e-09
63,167,13.0,2.685788e-09
63,167,14.0,2.4198425e-09
63,168,0.0,0.0
63,168,1.0,0.0
63,168,2.0,0.0
63,168,3.0,0.0
63,168,4.0,0.0
63,168,5.0,0.0
63,168,6.0,0.0
63,168,7.0,0.0
63,168,8.0,0.0
63,168,9.0,0.0
63,168,10.0,0.0
63,168,11.0,0.0
63,168,12.0,0.0
63,168,13.0,1.5551452e-11
63,168,14.0,8.536206e-11
63,169,0.0,3.574062e-10
63,169,1.0,0.0
63,169,2.0,0.0
63,169,3.0,0.0
63,169,4.0,0.0
63,169,5.0,0.0
63,169,6.0,0.0
63,169,7.0,0.0
63,169,8.0,0.0
63,169,9.0,0.0
63,169,10.0,0.0
63,169,11.0,6.2671304e-13
63,169,12.0,6.383894e-11
63,169,13.0,2.946266e-11
63,169,14.0,3.2569298e-14
63,170,0.0,2.1440763e-10
63,170,1.0,0.0
63,170,2.0,0.0
63,170,3.0,0.0
63,170,4.0,0.0
63,170,5.0,0.0
63,170,6.0,0.0
63,170,7.0,0.0
63,170,8.0,0.0
63,170,9.0,0.0
63,170,10.0,0.0
63,170,11.0,0.0
63,170,12.0,0.0
63,170,13.0,0.0
63,170,14.0,0.0
64,151,0.0,0.0
64,151,1.0,2.4316478e-09
64,151,2.0,1.7275674e-08
64,151,3.0,7.880702e-09
64,151,4.0,6.408672e-10
64,151,5.0,4.7188392e-11
64,151,6.0,8.413417e-10
64,151,7.0,2.1630921e-08
64,151,8.0,1.4687701e-07
64,151,9.0,3.6330886e-07
64,151,10.0,4.1857945e-07
64,151,11.0,3.342915e-07
64,151,12.0,2.5792892e-07
64,151,13.0,2.641417e-07
64,151,14.0,3.9995965e-07
64,152,0.0,2.8329967e-13
64,152,1.0,1.4437104e-07
64,152,2.0,7.857605e-07
64,152,3.0,1.3740279e-06
64,152,4.0,1.8174759e-06
64,152,5.0,2.70518e-06
64,152,6.0,3.9587653e-06
64,152,7.0,4.6862106e-06
64,152,8.0,3.7634684e-06
64,152,9.0,2.0267096e-06
64,152,10.0,8.259932e-07
64,152,11.0,3.0727517e-07
64,152,12.0,1.4706627e-07
64,152,13.0,1.03526524e-07
64,152,14.0,9.329137e-08
64,153,0.0,0.0
64,153,1.0,0.0
64,153,2.0,0.0
64,153,3.0,0.0
64,153,4.0,0.0
64,153,5.0,0.0
64,153,6.0,0.0
64,153,7.0,0.0
64,153,8.0,0.0
64,153,9.0,0.0
64,153,10.0,0.0
64,153,11.0,0.0
64,153,12.0,0.0
64,153,13.0,9.6821405e-15
64,153,14.0,6.448318e-10
64,154,0.0,0.0
64,154,1.0,0.0
64,154,2.0,0.0
64,154,3.0,0.0
64,154,4.0,0.0
64,154,5.0,0.0
64,154,6.0,4.7134758e-11
64,154,7.0,8.0203774e-11
64,154,8.0,0.0
64,154,9.0,0.0
64,154,10.0,0.0
64,154,11.0,0.0
64,154,12.0,0.0
64,154,13.0,6.0985744e-11
64,154,14.0,4.342019e-09
64,155,0.0,0.0
64,155,1.0,5.7940697e-12
64,155,2.0,0.0
64,155,3.0,0.0
64,155,4.0,0.0
64,155,5.0,0.0
64,155,6.0,0.0
64,155,7.0,0.0
64,155,8.0,1.6343805e-11
64,155,9.0,3.2706123e-11
64,155,10.0,4.637756e-12
64,155,11.0,2.8410022e-12
64,155,12.0,1.5183098e-10
64,155,13.0,4.127097e-09
64,155,14.0,3.3166305e-08
64,156,0.0,0.0
64,156,1.0,0.0
64,156,2.0,0.0
64,156,3.0,0.0
64,156,4.0,0.0
64,156,5.0,0.0
64,156,6.0,3.4965965e-12
64,156,7.0,1.9003386e-12
64,156,8.0,1.6666325e-16
64,156,9.0,8.644919e-14
64,156,10.0,3.7817702e-10
64,156,11.0,1.7313877e-08
64,156,12.0,1.620794e-07
64,156,13.0,6.8973327e-07
64,156,14.0,1.8263877e-06
64,157,0.0,5.461131e-09
64,157,1.0,7.285184e-08
64,157,2.0,7.772384e-08
64,157,3.0,6.217425e-08
64,157,4.0,1.2236545e-07
64,157,5.0,4.5232832e-07
64,157,6.0,1.4086236e-06
64,157,7.0,2.7424373e-06
64,157,8.0,3.288994e-06
64,157,9.0,3.088615e-06
64,157,10.0,2.8430195e-06
64,157,11.0,3.109783e-06
64,157,12.0,4.1511857e-06
64,157,13.0,5.7726566e-06
64,157,14.0,7.4737304e-06
64,158,0.0,1.6863989e-09
64,158,1.0,6.472224e-08
64,158,2.0,3.145097e-07
64,158,3.0,1.0690432e-06
64,158,4.0,2.850761e-06
64,158,5.0,5.465158e-06
64,158,6.0,7.09444e-06
64,158,7.0,7.5917806e-06
64,158,8.0,8.291015e-06
64,158,9.0,1.0930006e-05
64,158,10.0,1.7254733e-05
64,158,11.0,2.8103548e-05
64,158,12.0,4.2953354e-05
64,158,13.0,5.889595e-05
64,158,14.0,7.330703e-05
64,159,0.0,2.3780538e-07
64,159,1.0,2.5792092e-06
64,159,2.0,7.879631e-06
64,159,3.0,1.8382087e-05
64,159,4.0,3.9629504e-05
64,159,5.0,7.3651354e-05
64,159,6.0,0.000111919784
64,159,7.0,0.00013449833
64,159,8.0,0.00013753831
64,159,9.0,0.00013296453
64,159,10.0,0.0001323848
64,159,11.0,0.00014187583
64,159,12.0,0.00015550417
64,159,13.0,0.00016452814
64,159,14.0,0.00016203642
64,160,0.0,1.589406e-07
64,160,1.0,4.4228827e-06
64,160,2.0,2.5499616e-05
64,160,3.0,7.4064636e-05
64,160,4.0,0.00014056977
64,160,5.0,0.00019183467
64,160,6.0,0.00020888
64,160,7.0,0.00020722252
64,160,8.0,0.00020931312
64,160,9.0,0.00023144943
64,160,10.0,0.000269838
64,160,11.0,0.0003122443
64,160,12.0,0.0003428031
64,160,13.0,0.00035044507
64,160,14.0,0.00034246658
64,161,0.0,2.8509263e-07
64,161,1.0,6.400287e-06
64,161,2.0,3.109778e-05
64,161,3.0,8.72043e-05
64,161,4.0,0.00018059375
64,161,5.0,0.0002976831
64,161,6.0,0.00039577676
64,161,7.0,0.0004364906
64,161,8.0,0.0004374362
64,161,9.0,0.0004301009
64,161,10.0,0.00043945093
64,161,11.0,0.0004638306
64,161,12.0,0.00048257413
64,161,13.0,0.0004769538
64,161,14.0,0.0004360192
64,162,0.0,1.3964177e-07
64,162,1.0,1.1254787e-05
64,162,2.0,7.769068e-05
64,162,3.0,0.00021909038
64,162,4.0,0.00038041917
64,162,5.0,0.0004720936
64,162,6.0,0.00047830492
64,162,7.0,0.00044487457
64,162,8.0,0.0004191639
64,162,9.0,0.00042155996
64,162,10.0,0.00043734585
64,162,11.0,0.00044669077
64,162,12.0,0.00043191167
64,162,13.0,0.00039199414
64,162,14.0,0.00034318469
64,163,0.0,1.0764519e-08
64,163,1.0,1.7545428e-06
64,163,2.0,1.3272533e-05
64,163,3.0,4.424478e-05
64,163,4.0,9.600184e-05
64,163,5.0,0.00015525195
64,163,6.0,0.00019367915
64,163,7.0,0.00019975734
64,163,8.0,0.00019127181
64,163,9.0,0.0001858708
64,163,10.0,0.00019418557
64,163,11.0,0.0002104198
64,163,12.0,0.00022245928
64,163,13.0,0.00021940902
64,163,14.0,0.00019613878
64,164,0.0,2.3045677e-08
64,164,1.0,5.0010417e-06
64,164,2.0,4.0040337e-05
64,164,3.0,0.00011410595
64,164,4.0,0.00018683207
64,164,5.0,0.00020768782
64,164,6.0,0.0001812186
64,164,7.0,0.00014334197
64,164,8.0,0.000116735515
64,164,9.0,0.000106157844
64,164,10.0,0.00010358276
64,164,11.0,0.00010143276
64,164,12.0,9.400401e-05
64,164,13.0,8.073055e-05
64,164,14.0,6.685652e-05
64,165,0.0,6.192656e-10
64,165,1.0,1.9248928e-07
64,165,2.0,1.5692184e-06
64,165,3.0,5.3366357e-06
64,165,4.0,1.1143695e-05
64,165,5.0,1.6812286e-05
64,165,6.0,1.891318e-05
64,165,7.0,1.6749495e-05
64,165,8.0,1.3685771e-05
64,165,9.0,1.1944555e-05
64,165,10.0,1.2455353e-05
64,165,11.0,1.4430484e-05
64,165,12.0,1.633691e-05
64,165,13.0,1.660464e-05
64,165,14.0,1.4387961e-05
64,166,0.0,3.202978e-09
64,166,1.0,1.0319576e-06
64,166,2.0,8.044056e-06
64,166,3.0,2.1518004e-05
64,166,4.0,3.0760482e-05
64,166,5.0,2.806086e-05
64,166,6.0,1.7396622e-05
64,166,7.0,8.4899175e-06
64,166,8.0,3.942962e-06
64,166,9.0,2.2949039e-06
64,166,10.0,1.8257896e-06
64,166,11.0,1.7386409e-06
64,166,12.0,1.6845071e-06
64,166,13.0,1.451366e-06
64,166,14.0,1.1353641e-06
64,167,0.0,1.246062e-07
64,167,1.0,4.5289102e-07
64,167,2.0,9.432635e-07
64,167,3.0,1.512268e-06
64,167,4.0,2.0868345e-06
64,167,5.0,2.5188624e-06
64,167,6.0,2.3457171e-06
64,167,7.0,1.5142199e-06
64,167,8.0,7.9760287e-07
64,167,9.0,4.3490718e-07
64,167,10.0,3.3814473e-07
64,167,11.0,3.8330504e-07
64,167,12.0,4.7310417e-07
64,167,13.0,5.167624e-07
64,167,14.0,4.4331549e-07
64,168,0.0,1.3677436e-12
64,168,1.0,7.636005e-08
64,168,2.0,7.1537767e-07
64,168,3.0,2.081538e-06
64,168,4.0,3.2748294e-06
64,168,5.0,3.1572329e-06
64,168,6.0,1.7003005e-06
64,168,7.0,4.970445e-07
64,168,8.0,8.229853e-08
64,168,9.0,1.0147397e-08
64,168,10.0,2.8359142e-09
64,168,11.0,3.0180125e-09
64,168,12.0,5.640897e-09
64,168,13.0,8.678683e-09
64,168,14.0,8.561321e-09
64,169,0.0,3.4417405e-07
64,169,1.0,3.9359728e-07
64,169,2.0,3.063614e-07
64,169,3.0,2.3873875e-07
64,169,4.0,2.7688964e-07
64,169,5.0,3.867747e-07
64,169,6.0,4.5621752e-07
64,169,7.0,3.2358457e-07
64,169,8.0,1.4636832e-07
64,169,9.0,5.3851647e-08
64,169,10.0,2.7075487e-08
64,169,11.0,2.9514885e-08
64,169,12.0,4.683282e-08
64,169,13.0,7.099849e-08
64,169,14.0,8.1954134e-08
64,170,0.0,0.0
64,170,1.0,4.7957327e-09
64,170,2.0,9.580803e-08
64,170,3.0,3.9038142e-07
64,170,4.0,9.683833e-07
64,170,5.0,1.5537108e-06
64,170,6.0,1.5019409e-06
64,170,7.0,7.985864e-07
64,170,8.0,2.5993904e-07
64,170,9.0,6.3067546e-08
64,170,10.0,2.0401005e-08
64,170,11.0,1.605793e-08
64,170,12.0,2.2093538e-08
64,170,13.0,3.1520415e-08
64,170,14.0,3.4138356e-08
64,171,0.0,0.0
64,171,1.0,0.0
64,171,2.0,0.0
64,171,3.0,0.0
64,171,4.0,0.0
64,171,5.0,0.0
64,171,6.0,0.0
64,171,7.0,0.0
64,171,8.0,0.0
64,171,9.0,0.0
64,171,10.0,0.0
64,171,11.0,0.0
64,171,12.0,0.0
64,171,13.0,0.0
64,171,14.0,0.0
64,172,0.0,0.0
64,172,1.0,1.7304647e-10
64,172,2.0,6.193315e-09
64,172,3.0,2.8648808e-08
64,172,4.0,1.1339174e-07
64,172,5.0,3.1157998e-07
64,172,6.0,4.8007433e-07
64,172,7.0,3.3976661e-07
64,172,8.0,1.0529981e-07
64,172,9.0,1.3744047e-08
64,172,10.0,6.442676e-10
64,172,11.0,2.36885e-11
64,172,12.0,3.9341113e-12
64,172,13.0,1.6061842e-12
64,172,14.0,1.7850129e-15
65,154,0.0,1.1486962e-09
65,154,1.0,2.7361063e-08
65,154,2.0,3.7596507e-08
65,154,3.0,8.718196e-09
65,154,4.0,1.5707438e-10
65,154,5.0,0.0
65,154,6.0,0.0
65,154,7.0,8.5306995e-13
65,154,8.0,6.165914e-10
65,154,9.0,4.1383412e-09
65,154,10.0,5.810374e-09
65,154,11.0,4.3005937e-09
65,154,12.0,2.9508904e-09
65,154,13.0,3.0820548e-09
65,154,14.0,5.3560267e-09
65,155,0.0,7.407366e-10
65,155,1.0,1.6309366e-08
65,155,2.0,6.969948e-09
65,155,3.0,1.1067117e-11
65,155,4.0,0.0
65,155,5.0,0.0
65,155,6.0,0.0
65,155,7.0,0.0
65,155,8.0,0.0
65,155,9.0,0.0
65,155,10.0,0.0
65,155,11.0,0.0
65,155,12.0,0.0
65,155,13.0,0.0
65,155,14.0,0.0
65,156,0.0,3.4885716e-08
65,156,1.0,2.2139263e-08
65,156,2.0,2.3930982e-10
65,156,3.0,0.0
65,156,4.0,0.0
65,156,5.0,0.0
65,156,6.0,0.0
65,156,7.0,0.0
65,156,8.0,0.0
65,156,9.0,0.0
65,156,10.0,0.0
65,156,11.0,0.0
65,156,12.0,0.0
65,156,13.0,0.0
65,156,14.0,0.0
65,157,0.0,2.1823643e-09
65,157,1.0,2.0734159e-09
65,157,2.0,0.0
65,157,3.0,0.0
65,157,4.0,0.0
65,157,5.0,0.0
65,157,6.0,0.0
65,157,7.0,0.0
65,157,8.0,0.0
65,157,9.0,0.0
65,157,10.0,0.0
65,157,11.0,0.0
65,157,12.0,0.0
65,157,13.0,4.496552e-15
65,157,14.0,6.9594254e-11
65,158,0.0,3.1877242e-08
65,158,1.0,1.4001936e-09
65,158,2.0,0.0
65,158,3.0,0.0
65,158,4.0,0.0
65,158,5.0,0.0
65,158,6.0,0.0
65,158,7.0,0.0
65,158,8.0,0.0
65,158,9.0,0.0
65,158,10.0,0.0
65,158,11.0,0.0
65,158,12.0,2.827966e-18
65,158,13.0,9.329757e-10
65,158,14.0,7.609332e-09
65,159,0.0,7.917753e-12
65,159,1.0,0.0
65,159,2.0,0.0
65,159,3.0,0.0
65,159,4.0,0.0
65,159,5.0,0.0
65,159,6.0,0.0
65,159,7.0,4.6158136e-11
65,159,8.0,3.2317253e-09
65,159,9.0,1.8947494e-08
65,159,10.0,7.036443e-08
65,159,11.0,2.3926836e-07
65,159,12.0,6.56011e-07
65,159,13.0,1.2711585e-06
65,159,14.0,1.7431402e-06
65,160,0.0,7.9002636e-09
65,160,1.0,1.7879132e-11
65,160,2.0,0.0
65,160,3.0,0.0
65,160,4.0,0.0
65,160,5.0,0.0
65,160,6.0,0.0
65,160,7.0,1.162269e-09
65,160,8.0,2.0221004e-08
65,160,9.0,1.04390956e-07
65,160,10.0,3.8702805e-07
65,160,11.0,1.2229813e-06
65,160,12.0,2.918896e-06
65,160,13.0,5.118598e-06
65,160,14.0,6.757353e-06
65,161,0.0,3.1108469e-12
65,161,1.0,4.1354818e-13
65,161,2.0,5.3368714e-13
65,161,3.0,4.4852483e-10
65,161,4.0,2.6841489e-08
65,161,5.0,3.0710098e-07
65,161,6.0,1.3492077e-06
65,161,7.0,3.1888785e-06
65,161,8.0,5.621192e-06
65,161,9.0,8.966274e-06
65,161,10.0,1.4409402e-05
65,161,11.0,2.3086339e-05
65,161,12.0,3.3676748e-05
65,161,13.0,4.2753203e-05
65,161,14.0,4.6401485e-05
65,162,0.0,4.5187307e-09
65,162,1.0,7.068552e-10
65,162,2.0,3.5801903e-10
65,162,3.0,5.3351967e-09
65,162,4.0,8.609777e-08
65,162,5.0,5.919894e-07
65,162,6.0,2.0413968e-06
65,162,7.0,4.4729572e-06
65,162,8.0,8.043682e-06
65,162,9.0,1.3662315e-05
65,162,10.0,2.3505783e-05
65,162,11.0,3.8868413e-05
65,162,12.0,5.7401718e-05
65,162,13.0,7.360151e-05
65,162,14.0,8.139649e-05
65,163,0.0,1.5710551e-09
65,163,1.0,1.1353085e-08
65,163,2.0,1.2100628e-07
65,163,3.0,9.381126e-07
65,163,4.0,4.0790783e-06
65,163,5.0,1.1374241e-05
65,163,6.0,2.1745936e-05
65,163,7.0,3.2065593e-05
65,163,8.0,4.231974e-05
65,163,9.0,5.5141416e-05
65,163,10.0,7.467503e-05
65,163,11.0,9.989422e-05
65,163,12.0,0.0001244211
65,163,13.0,0.00013966711
65,163,14.0,0.00013919026
65,164,0.0,2.3426383e-09
65,164,1.0,7.896768e-09
65,164,2.0,8.719558e-08
65,164,3.0,7.459169e-07
65,164,4.0,3.3762171e-06
65,164,5.0,9.539217e-06
65,164,6.0,1.8389885e-05
65,164,7.0,2.7880316e-05
65,164,8.0,3.853105e-05
65,164,9.0,5.327564e-05
65,164,10.0,7.6550336e-05
65,164,11.0,0.00010728094
65,164,12.0,0.0001387557
65,164,13.0,0.00016104583
65,164,14.0,0.0001664391
65,165,0.0,1.2529985e-08
65,165,1.0,1.5195367e-07
65,165,2.0,1.1952867e-06
65,165,3.0,5.2697033e-06
65,165,4.0,1.4610331e-05
65,165,5.0,2.8370923e-05
65,165,6.0,4.0601528e-05
65,165,7.0,4.7771595e-05
65,165,8.0,5.2339405e-05
65,165,9.0,5.8646696e-05
65,165,10.0,7.034352e-05
65,165,11.0,8.502685e-05
65,165,12.0,9.732252e-05
65,165,13.0,0.00010127537
65,165,14.0,9.403381e-05
65,166,0.0,9.513627e-11
65,166,1.0,1.6719897e-08
65,166,2.0,3.2917274e-07
65,166,3.0,2.1370015e-06
65,166,4.0,7.1622417e-06
65,166,5.0,1.5371119e-05
65,166,6.0,2.3178907e-05
65,166,7.0,2.8190256e-05
65,166,8.0,3.1924268e-05
65,166,9.0,3.7364185e-05
65,166,10.0,4.7347443e-05
65,166,11.0,6.04266e-05
65,166,12.0,7.2470204e-05
65,166,13.0,7.83183e-05
65,166,14.0,7.504694e-05
65,167,0.0,1.7137236e-08
65,167,1.0,2.292185e-07
65,167,2.0,1.3696341e-06
65,167,3.0,4.732608e-06
65,167,4.0,1.0410777e-05
65,167,5.0,1.6023556e-05
65,167,6.0,1.7902814e-05
65,167,7.0,1.6071046e-05
65,167,8.0,1.3478965e-05
65,167,9.0,1.2066822e-05
65,167,10.0,1.2537484e-05
65,167,11.0,1.391413e-05
65,167,12.0,1.4900161e-05
65,167,13.0,1.432577e-05
65,167,14.0,1.18915395e-05
65,168,0.0,1.4327806e-14
65,168,1.0,1.0529436e-08
65,168,2.0,2.3946768e-07
65,168,3.0,1.4241116e-06
65,168,4.0,4.1048097e-06
65,168,5.0,7.266473e-06
65,168,6.0,8.704068e-06
65,168,7.0,8.03359e-06
65,168,8.0,6.8101745e-06
65,168,9.0,6.176091e-06
65,168,10.0,6.6145963e-06
65,168,11.0,7.5937546e-06
65,168,12.0,8.279803e-06
65,168,13.0,7.882823e-06
65,168,14.0,6.2214076e-06
65,169,0.0,3.217086e-09
65,169,1.0,6.597611e-08
65,169,2.0,4.330689e-07
65,169,3.0,1.4691052e-06
65,169,4.0,2.9051898e-06
65,169,5.0,3.7528657e-06
65,169,6.0,3.292904e-06
65,169,7.0,2.0925086e-06
65,169,8.0,1.1290645e-06
65,169,9.0,6.3892804e-07
65,169,10.0,4.8591664e-07
65,169,11.0,4.5751736e-07
65,169,12.0,4.2739967e-07
65,169,13.0,3.2966776e-07
65,169,14.0,1.8106581e-07
65,170,0.0,0.0
65,170,1.0,4.3163153e-09
65,170,2.0,1.2876286e-07
65,170,3.0,7.8836877e-07
65,170,4.0,2.1136082e-06
65,170,5.0,3.2391035e-06
65,170,6.0,3.1731113e-06
65,170,7.0,2.189007e-06
65,170,8.0,1.2546298e-06
65,170,9.0,7.212677e-07
65,170,10.0,5.142488e-07
65,170,11.0,4.1654883e-07
65,170,12.0,3.052375e-07
65,170,13.0,1.59437e-07
65,170,14.0,4.198413e-08
65,171,0.0,0.0
65,171,1.0,7.8155904e-10
65,171,2.0,5.4916786e-08
65,171,3.0,3.5579814e-07
65,171,4.0,8.620866e-07
65,171,5.0,1.1817677e-06
65,171,6.0,9.761288e-07
65,171,7.0,5.00083e-07
65,171,8.0,1.7895618e-07
65,171,9.0,5.5607035e-08
65,171,10.0,2.3528596e-08
65,171,11.0,1.3509952e-08
65,171,12.0,6.9063755e-09
65,171,13.0,1.66124e-09
65,171,14.0,2.0824193e-11
65,172,0.0,0.0
65,172,1.0,1.4707206e-10
65,172,2.0,6.0076935e-08
65,172,3.0,5.970123e-07
65,172,4.0,1.8314032e-06
65,172,5.0,2.9092814e-06
65,172,6.0,2.7343444e-06
65,172,7.0,1.6639585e-06
65,172,8.0,7.475173e-07
65,172,9.0,2.9194564e-07
65,172,10.0,1.2481703e-07
65,172,11.0,5.117075e-08
65,172,12.0,1.2476563e-08
65,172,13.0,3.6872871e-10
65,172,14.0,0.0
66,157,0.0,7.8426404e-11
66,157,1.0,2.1282233e-10
66,157,2.0,0.0
66,157,3.0,0.0
66,157,4.0,0.0
66,157,5.0,1.5679191e-13
66,157,6.0,2.6914855e-09
66,157,7.0,1.95439e-08
66,157,8.0,2.0253063e-08
66,157,9.0,5.9363376e-09
66,157,10.0,3.9860526e-10
66,157,11.0,4.9240245e-13
66,157,12.0,0.0
66,157,13.0,0.0
66,157,14.0,0.0
66,158,0.0,0.0
66,158,1.0,9.932531e-11
66,158,2.0,1.6322731e-09
66,158,3.0,8.966898e-09
66,158,4.0,3.7953427e-08
66,158,5.0,9.605658e-08
66,158,6.0,1.10957885e-07
66,158,7.0,6.7936995e-08
66,158,8.0,3.4688643e-08
66,158,9.0,2.758173e-08
66,158,10.0,5.1618553e-08
66,158,11.0,1.2290566e-07
66,158,12.0,2.3010081e-07
66,158,13.0,2.8229087e-07
66,158,14.0,2.026144e-07
66,159,0.0,5.7403204e-11
66,159,1.0,0.0
66,159,2.0,0.0
66,159,3.0,0.0
66,159,4.0,0.0
66,159,5.0,0.0
66,159,6.0,5.187919e-11
66,159,7.0,1.1532779e-09
66,159,8.0,7.862568e-10
66,159,9.0,8.686839e-11
66,159,10.0,7.130036e-13
66,159,11.0,9.83733e-16
66,159,12.0,0.0
66,159,13.0,0.0
66,159,14.0,0.0
66,160,0.0,4.13373e-09
66,160,1.0,9.860567e-09
66,160,2.0,6.714153e-09
66,160,3.0,4.286083e-09
66,160,4.0,3.270115e-09
66,160,5.0,1.1272668e-09
66,160,6.0,2.4509854e-11
66,160,7.0,0.0
66,160,8.0,0.0
66,160,9.0,5.6591537e-13
66,160,10.0,1.5018456e-09
66,160,11.0,1.9418193e-08
66,160,12.0,6.118977e-08
66,160,13.0,7.8793086e-08
66,160,14.0,5.478732e-08
66,161,0.0,0.0
66,161,1.0,0.0
66,161,2.0,0.0
66,161,3.0,0.0
66,161,4.0,0.0
66,161,5.0,3.3469102e-10
66,161,6.0,2.5572213e-08
66,161,7.0,8.825806e-08
66,161,8.0,1.3429388e-07
66,161,9.0,1.6238583e-07
66,161,10.0,2.202536e-07
66,161,11.0,3.3310232e-07
66,161,12.0,4.28327e-07
66,161,13.0,3.9264185e-07
66,161,14.0,2.1399953e-07
66,162,0.0,1.8613301e-08
66,162,1.0,5.77065e-09
66,162,2.0,4.6243423e-10
66,162,3.0,2.8827172e-11
66,162,4.0,3.2924238e-12
66,162,5.0,0.0
66,162,6.0,0.0
66,162,7.0,0.0
66,162,8.0,2.9106256e-11
66,162,9.0,9.612685e-09
66,162,10.0,1.2605496e-07
66,162,11.0,5.223729e-07
66,162,12.0,1.0880538e-06
66,162,13.0,1.4462858e-06
66,162,14.0,1.5008978e-06
66,163,0.0,0.0
66,163,1.0,0.0
66,163,2.0,0.0
66,163,3.0,0.0
66,163,4.0,9.106833e-09
66,163,5.0,2.7115453e-07
66,163,6.0,1.2899361e-06
66,163,7.0,2.666887e-06
66,163,8.0,3.873257e-06
66,163,9.0,5.0205413e-06
66,163,10.0,6.721622e-06
66,163,11.0,8.8417455e-06
66,163,12.0,1.0213703e-05
66,163,13.0,9.581556e-06
66,163,14.0,6.871293e-06
66,164,0.0,9.953492e-09
66,164,1.0,7.545765e-10
66,164,2.0,2.802518e-11
66,164,3.0,3.825563e-11
66,164,4.0,5.5935745e-10
66,164,5.0,2.1994666e-09
66,164,6.0,6.1790133e-09
66,164,7.0,2.4640364e-08
66,164,8.0,1.4137724e-07
66,164,9.0,7.3539957e-07
66,164,10.0,2.4938383e-06
66,164,11.0,5.548887e-06
66,164,12.0,8.4817275e-06
66,164,13.0,9.7556895e-06
66,164,14.0,9.523573e-06
66,165,0.0,1.3032608e-10
66,165,1.0,0.0
66,165,2.0,3.999186e-13
66,165,3.0,6.934551e-09
66,165,4.0,2.634687e-07
66,165,5.0,1.9519887e-06
66,165,6.0,5.8991973e-06
66,165,7.0,1.0101425e-05
66,165,8.0,1.3153988e-05
66,165,9.0,1.5547193e-05
66,165,10.0,1.87659e-05
66,165,11.0,2.247602e-05
66,165,12.0,2.4408495e-05
66,165,13.0,2.2621784e-05
66,165,14.0,1.7047842e-05
66,166,0.0,8.3655705e-09
66,166,1.0,8.680226e-11
66,166,2.0,3.3561081e-12
66,166,3.0,2.7729632e-10
66,166,4.0,5.1544364e-09
66,166,5.0,1.8173957e-08
66,166,6.0,3.5665998e-08
66,166,7.0,8.024608e-08
66,166,8.0,2.5986427e-07
66,166,9.0,9.676879e-07
66,166,10.0,2.799278e-06
66,166,11.0,5.716269e-06
66,166,12.0,8.284749e-06
66,166,13.0,8.9924915e-06
66,166,14.0,8.161207e-06
66,167,0.0,9.713532e-09
66,167,1.0,6.980474e-10
66,167,2.0,1.083822e-09
66,167,3.0,2.6300285e-08
66,167,4.0,3.6693075e-07
66,167,5.0,2.0775722e-06
66,167,6.0,5.6778395e-06
66,167,7.0,8.809462e-06
66,167,8.0,1.0107759e-05
66,167,9.0,1.031395e-05
66,167,10.0,1.0760765e-05
66,167,11.0,1.1729913e-05
66,167,12.0,1.2129675e-05
66,167,13.0,1.1002189e-05
66,167,14.0,8.17627e-06
66,168,0.0,2.1737856e-08
66,168,1.0,5.505759e-09
66,168,2.0,1.0667841e-08
66,168,3.0,4.4279332e-08
66,168,4.0,1.4332016e-07
66,168,5.0,2.5732027e-07
66,168,6.0,2.6492734e-07
66,168,7.0,2.411257e-07
66,168,8.0,2.79641e-07
66,168,9.0,4.962717e-07
66,168,10.0,1.0235825e-06
66,168,11.0,1.8111731e-06
66,168,12.0,2.4473616e-06
66,168,13.0,2.4191086e-06
66,168,14.0,1.8702362e-06
66,169,0.0,4.104035e-09
66,169,1.0,1.6184344e-09
66,169,2.0,7.947871e-09
66,169,3.0,8.320527e-08
66,169,4.0,7.0605626e-07
66,169,5.0,3.1432426e-06
66,169,6.0,7.6523265e-06
66,169,7.0,1.0877828e-05
66,169,8.0,1.0846583e-05
66,169,9.0,9.08285e-06
66,169,10.0,7.425099e-06
66,169,11.0,6.5458307e-06
66,169,12.0,5.79398e-06
66,169,13.0,4.699769e-06
66,169,14.0,3.216101e-06
66,170,0.0,2.8177656e-08
66,170,1.0,1.1483426e-07
66,170,2.0,5.0219694e-07
66,170,3.0,1.6012681e-06
66,170,4.0,3.59464e-06
66,170,5.0,5.545191e-06
66,170,6.0,5.5710198e-06
66,170,7.0,4.141957e-06
66,170,8.0,2.7642493e-06
66,170,9.0,2.0350114e-06
66,170,10.0,1.8968527e-06
66,170,11.0,1.95315e-06
66,170,12.0,1.8978949e-06
66,170,13.0,1.5508144e-06
66,170,14.0,1.0081797e-06
66,171,0.0,0.0
66,171,1.0,0.0
66,171,2.0,7.0664585e-11
66,171,3.0,6.140479e-08
66,171,4.0,9.761862e-07
66,171,5.0,4.873059e-06
66,171,6.0,1.21445055e-05
66,171,7.0,1.7412796e-05
66,171,8.0,1.6639582e-05
66,171,9.0,1.25605e-05
66,171,10.0,8.609145e-06
66,171,11.0,6.119944e-06
66,171,12.0,4.436828e-06
66,171,13.0,3.0100323e-06
66,171,14.0,1.748975e-06
66,172,0.0,2.1926785e-09
66,172,1.0,2.0898375e-07
66,172,2.0,1.7326071e-06
66,172,3.0,6.19562e-06
66,172,4.0,1.3861863e-05
66,172,5.0,2.1400794e-05
66,172,6.0,2.251156e-05
66,172,7.0,1.6579514e-05
66,172,8.0,9.731293e-06
66,172,9.0,5.1746465e-06
66,172,10.0,2.951395e-06
66,172,11.0,1.8500406e-06
66,172,12.0,1.1462936e-06
66,172,13.0,6.1869304e-07
66,172,14.0,2.4909505e-07
67,160,0.0,0.0
67,160,1.0,0.0
67,160,2.0,0.0
67,160,3.0,0.0
67,160,4.0,0.0
67,160,5.0,0.0
67,160,6.0,0.0
67,160,7.0,0.0
67,160,8.0,0.0
67,160,9.0,0.0
67,160,10.0,0.0
67,160,11.0,0.0
67,160,12.0,9.416499e-11
67,160,13.0,4.696383e-10
67,160,14.0,1.2422413e-10
67,161,0.0,4.3495565e-11
67,161,1.0,0.0
67,161,2.0,0.0
67,161,3.0,0.0
67,161,4.0,0.0
67,161,5.0,0.0
67,161,6.0,0.0
67,161,7.0,0.0
67,161,8.0,0.0
67,161,9.0,0.0
67,161,10.0,0.0
67,161,11.0,0.0
67,161,12.0,4.4101845e-12
67,161,13.0,1.0293086e-10
67,161,14.0,1.04441854e-11
67,162,0.0,0.0
67,162,1.0,0.0
67,162,2.0,0.0
67,162,3.0,0.0
67,162,4.0,0.0
67,162,5.0,0.0
67,162,6.0,0.0
67,162,7.0,0.0
67,162,8.0,0.0
67,162,9.0,0.0
67,162,10.0,0.0
67,162,11.0,0.0
67,162,12.0,0.0
67,162,13.0,0.0
67,162,14.0,0.0
67,163,0.0,1.0370628e-09
67,163,1.0,0.0
67,163,2.0,0.0
67,163,3.0,0.0
67,163,4.0,0.0
67,163,5.0,0.0
67,163,6.0,0.0
67,163,7.0,0.0
67,163,8.0,0.0
67,163,9.0,0.0
67,163,10.0,0.0
67,163,11.0,3.149169e-10
67,163,12.0,4.7528714e-09
67,163,13.0,8.769558e-09
67,163,14.0,4.3891726e-09
67,164,0.0,2.6980346e-10
67,164,1.0,0.0
67,164,2.0,0.0
67,164,3.0,0.0
67,164,4.0,0.0
67,164,5.0,0.0
67,164,6.0,0.0
67,164,7.0,0.0
67,164,8.0,0.0
67,164,9.0,0.0
67,164,10.0,0.0
67,164,11.0,2.0691454e-11
67,164,12.0,1.6037168e-09
67,164,13.0,3.5016299e-09
67,164,14.0,1.4961594e-09
67,165,0.0,2.4959226e-08
67,165,1.0,8.875155e-10
67,165,2.0,7.4116044e-13
67,165,3.0,4.1113553e-16
67,165,4.0,2.2272429e-11
67,165,5.0,6.144554e-10
67,165,6.0,1.754752e-09
67,165,7.0,2.5064477e-09
67,165,8.0,4.2707904e-09
67,165,9.0,1.4349469e-08
67,165,10.0,6.131579e-08
67,165,11.0,1.8084775e-07
67,165,12.0,3.332693e-07
67,165,13.0,3.881048e-07
67,165,14.0,3.11974e-07
67,166,0.0,7.1562027e-09
67,166,1.0,1.5492255e-11
67,166,2.0,0.0
67,166,3.0,0.0
67,166,4.0,2.3290002e-13
67,166,5.0,3.7944115e-10
67,166,6.0,2.014908e-09
67,166,7.0,3.8114347e-09
67,166,8.0,7.1383646e-09
67,166,9.0,2.2360016e-08
67,166,10.0,8.615381e-08
67,166,11.0,2.3969747e-07
67,166,12.0,4.2990797e-07
67,166,13.0,4.9639317e-07
67,166,14.0,4.0030005e-07
67,167,0.0,5.3431258e-08
67,167,1.0,1.4448187e-08
67,167,2.0,1.0470577e-08
67,167,3.0,2.91406e-08
67,167,4.0,1.1194426e-07
67,167,5.0,2.8960582e-07
67,167,6.0,4.1036301e-07
67,167,7.0,4.1738798e-07
67,167,8.0,4.1206846e-07
67,167,9.0,5.123e-07
67,167,10.0,8.0913463e-07
67,167,11.0,1.246852e-06
67,167,12.0,1.6083227e-06
67,167,13.0,1.6193555e-06
67,167,14.0,1.3076852e-06
67,168,0.0,4.368606e-09
67,168,1.0,8.501285e-10
67,168,2.0,1.7625217e-09
67,168,3.0,1.6341476e-08
67,168,4.0,1.09677785e-07
67,168,5.0,3.6666066e-07
67,168,6.0,6.075168e-07
67,168,7.0,6.85597e-07
67,168,8.0,7.128972e-07
67,168,9.0,8.74192e-07
67,168,10.0,1.313427e-06
67,168,11.0,1.9322579e-06
67,168,12.0,2.414381e-06
67,168,13.0,2.3880648e-06
67,168,14.0,1.8869405e-06
67,169,0.0,3.0929588e-08
67,169,1.0,3.8541422e-08
67,169,2.0,1.2177301e-07
67,169,3.0,5.2908644e-07
67,169,4.0,1.7355038e-06
67,169,5.0,3.5218861e-06
67,169,6.0,4.4892176e-06
67,169,7.0,4.2936867e-06
67,169,8.0,3.7155953e-06
67,169,9.0,3.4587629e-06
67,169,10.0,3.727848e-06
67,169,11.0,4.091232e-06
67,169,12.0,4.07346e-06
67,169,13.0,3.4036655e-06
67,169,14.0,2.3459565e-06
67,170,0.0,1.6993941e-10
67,170,1.0,5.046874e-09
67,170,2.0,7.5723555e-08
67,170,3.0,5.624768e-07
67,170,4.0,2.1424871e-06
67,170,5.0,4.5750935e-06
67,170,6.0,6.0259476e-06
67,170,7.0,5.917108e-06
67,170,8.0,5.196364e-06
67,170,9.0,4.810213e-06
67,170,10.0,5.0543276e-06
67,170,11.0,5.358957e-06
67,170,12.0,5.1293823e-06
67,170,13.0,4.088825e-06
67,170,14.0,2.6253886e-06
67,171,0.0,1.6053489e-09
67,171,1.0,8.047595e-08
67,171,2.0,9.097698e-07
67,171,3.0,4.551736e-06
67,171,4.0,1.2238798e-05
67,171,5.0,2.0649073e-05
67,171,6.0,2.3774148e-05
67,171,7.0,2.1224292e-05
67,171,8.0,1.678462e-05
67,171,9.0,1.3347695e-05
67,171,10.0,1.14778795e-05
67,171,11.0,9.893257e-06
67,171,12.0,7.8091825e-06
67,171,13.0,5.193465e-06
67,171,14.0,2.7589797e-06
67,172,0.0,0.0
67,172,1.0,2.4485294e-08
67,172,2.0,7.088755e-07
67,172,3.0,4.4945273e-06
67,172,4.0,1.2958676e-05
67,172,5.0,2.2026941e-05
67,172,6.0,2.4819086e-05
67,172,7.0,2.1535816e-05
67,172,8.0,1.6526279e-05
67,172,9.0,1.274019e-05
67,172,10.0,1.0476993e-05
67,172,11.0,8.446218e-06
67,172,12.0,6.047751e-06
67,172,13.0,3.4631726e-06
67,172,14.0,1.452039e-06
68,163,0.0,1.9669602e-10
68,163,1.0,2.8439837e-09
68,163,2.0,2.6147976e-08
68,163,3.0,1.4755928e-07
68,163,4.0,4.0644198e-07
68,163,5.0,6.001587e-07
68,163,6.0,6.693758e-07
68,163,7.0,7.30748e-07
68,163,8.0,9.537816e-07
68,163,9.0,1.2897879e-06
68,163,10.0,1.4536953e-06
68,163,11.0,1.1683298e-06
68,163,12.0,5.692922e-07
68,163,13.0,1.4824887e-07
68,163,14.0,1.31917774e-08
68,164,0.0,5.6435817e-10
68,164,1.0,9.0647864e-11
68,164,2.0,0.0
68,164,3.0,0.0
68,164,4.0,0.0
68,164,5.0,0.0
68,164,6.0,0.0
68,164,7.0,0.0
68,164,8.0,1.0198263e-10
68,164,9.0,6.5593153e-09
68,164,10.0,1.7082485e-08
68,164,11.0,1.2397872e-08
68,164,12.0,3.850268e-09
68,164,13.0,4.814742e-10
68,164,14.0,1.1553787e-11
68,165,0.0,0.0
68,165,1.0,0.0
68,165,2.0,0.0
68,165,3.0,1.5830928e-09
68,165,4.0,2.311577e-08
68,165,5.0,6.228039e-08
68,165,6.0,9.952185e-08
68,165,7.0,1.529608e-07
68,165,8.0,2.9445857e-07
68,165,9.0,5.6463085e-07
68,165,10.0,8.3744806e-07
68,165,11.0,8.4822835e-07
68,165,12.0,5.245641e-07
68,165,13.0,1.9314083e-07
68,165,14.0,3.6337727e-08
68,166,0.0,1.5867248e-10
68,166,1.0,0.0
68,166,2.0,0.0
68,166,3.0,0.0
68,166,4.0,0.0
68,166,5.0,0.0
68,166,6.0,0.0
68,166,7.0,0.0
68,166,8.0,0.0
68,166,9.0,9.5591e-11
68,166,10.0,4.539462e-09
68,166,11.0,9.986795e-09
68,166,12.0,1.0345283e-08
68,166,13.0,9.403895e-09
68,166,14.0,1.1195008e-08
68,167,0.0,0.0
68,167,1.0,0.0
68,167,2.0,1.1003808e-10
68,167,3.0,1.507368e-08
68,167,4.0,1.3528847e-07
68,167,5.0,3.5350786e-07
68,167,6.0,5.4998503e-07
68,167,7.0,7.2192e-07
68,167,8.0,1.0198339e-06
68,167,9.0,1.529903e-06
68,167,10.0,2.019624e-06
68,167,11.0,2.080137e-06
68,167,12.0,1.5052143e-06
68,167,13.0,7.5261556e-07
68,167,14.0,2.6061284e-07
68,168,0.0,0.0
68,168,1.0,0.0
68,168,2.0,0.0
68,168,3.0,0.0
68,168,4.0,0.0
68,168,5.0,0.0
68,168,6.0,0.0
68,168,7.0,0.0
68,168,8.0,0.0
68,168,9.0,9.816956e-11
68,168,10.0,9.988225e-09
68,168,11.0,3.4476123e-08
68,168,12.0,5.802912e-08
68,168,13.0,8.551357e-08
68,168,14.0,1.4171086e-07
68,169,0.0,1.053127e-10
68,169,1.0,2.419637e-09
68,169,2.0,5.0402885e-08
68,169,3.0,4.6054888e-07
68,169,4.0,1.8674856e-06
68,169,5.0,3.7190568e-06
68,169,6.0,4.663326e-06
68,169,7.0,4.657383e-06
68,169,8.0,4.56675e-06
68,169,9.0,4.9138985e-06
68,169,10.0,5.1783013e-06
68,169,11.0,4.7456424e-06
68,169,12.0,3.3891977e-06
68,169,13.0,1.7645926e-06
68,169,14.0,6.740749e-07
68,170,0.0,2.3795563e-11
68,170,1.0,0.0
68,170,2.0,0.0
68,170,3.0,0.0
68,170,4.0,0.0
68,170,5.0,0.0
68,170,6.0,0.0
68,170,7.0,4.3020025e-11
68,170,8.0,1.1260997e-08
68,170,9.0,1.02288524e-07
68,170,10.0,3.024882e-07
68,170,11.0,4.5722908e-07
68,170,12.0,5.031714e-07
68,170,13.0,5.154483e-07
68,170,14.0,5.77237e-07
68,171,0.0,2.4406305e-10
68,171,1.0,7.8169556e-08
68,171,2.0,1.0077796e-06
68,171,3.0,5.3255426e-06
68,171,4.0,1.5583691e-05
68,171,5.0,2.658921e-05
68,171,6.0,3.038012e-05
68,171,7.0,2.7605885e-05
68,171,8.0,2.3036135e-05
68,171,9.0,1.9738436e-05
68,171,10.0,1.6637168e-05
68,171,11.0,1.2636896e-05
68,171,12.0,7.822284e-06
68,171,13.0,3.5207183e-06
68,171,14.0,1.0702684e-06
68,172,0.0,4.0003927e-11
68,172,1.0,1.1143266e-08
68,172,2.0,8.079025e-08
68,172,3.0,2.6630326e-07
68,172,4.0,4.5926885e-07
68,172,5.0,5.431556e-07
68,172,6.0,5.922248e-07
68,172,7.0,7.84019e-07
68,172,8.0,1.2544867e-06
68,172,9.0,1.8831622e-06
68,172,10.0,2.274061e-06
68,172,11.0,2.0073135e-06
68,172,12.0,1.3449512e-06
68,172,13.0,7.695589e-07
68,172,14.0,4.3630794e-07
69,166,0.0,6.158106e-11
69,166,1.0,1.8281434e-09
69,166,2.0,5.038605e-10
69,166,3.0,0.0
69,166,4.0,0.0
69,166,5.0,0.0
69,166,6.0,0.0
69,166,7.0,0.0
69,166,8.0,0.0
69,166,9.0,0.0
69,166,10.0,0.0
69,166,11.0,0.0
69,166,12.0,0.0
69,166,13.0,0.0
69,166,14.0,0.0
69,167,0.0,5.812631e-11
69,167,1.0,9.896333e-10
69,167,2.0,8.9070064e-11
69,167,3.0,0.0
69,167,4.0,0.0
69,167,5.0,0.0
69,167,6.0,0.0
69,167,7.0,0.0
69,167,8.0,0.0
69,167,9.0,0.0
69,167,10.0,0.0
69,167,11.0,0.0
69,167,12.0,0.0
69,167,13.0,1.7013587e-14
69,167,14.0,3.3728718e-11
69,168,0.0,5.1182194e-11
69,168,1.0,2.326763e-09
69,168,2.0,7.3626133e-10
69,168,3.0,0.0
69,168,4.0,0.0
69,168,5.0,0.0
69,168,6.0,0.0
69,168,7.0,0.0
69,168,8.0,0.0
69,168,9.0,0.0
69,168,10.0,0.0
69,168,11.0,1.127088e-14
69,168,12.0,8.4921425e-13
69,168,13.0,2.4083914e-11
69,168,14.0,6.463051e-10
69,169,0.0,0.0
69,169,1.0,0.0
69,169,2.0,6.035308e-13
69,169,3.0,0.0
69,169,4.0,0.0
69,169,5.0,0.0
69,169,6.0,0.0
69,169,7.0,0.0
69,169,8.0,0.0
69,169,9.0,5.6963556e-10
69,169,10.0,5.857443e-09
69,169,11.0,1.0957739e-08
69,169,12.0,1.3129964e-08
69,169,13.0,1.7006375e-08
69,169,14.0,3.229923e-08
69,170,0.0,0.0
69,170,1.0,1.8680775e-09
69,170,2.0,5.4679123e-09
69,170,3.0,1.2060014e-09
69,170,4.0,7.9991704e-13
69,170,5.0,0.0
69,170,6.0,0.0
69,170,7.0,0.0
69,170,8.0,1.7032736e-11
69,170,9.0,2.5703717e-09
69,170,10.0,1.2708036e-08
69,170,11.0,2.0234754e-08
69,170,12.0,2.3795712e-08
69,170,13.0,3.235139e-08
69,170,14.0,6.3415065e-08
69,171,0.0,0.0
69,171,1.0,1.8126538e-10
69,171,2.0,1.5141826e-08
69,171,3.0,2.9736833e-08
69,171,4.0,2.174031e-08
69,171,5.0,1.40833e-08
69,171,6.0,1.7690263e-08
69,171,7.0,5.334438e-08
69,171,8.0,1.7294799e-07
69,171,9.0,3.9753175e-07
69,171,10.0,5.843182e-07
69,171,11.0,5.649293e-07
69,171,12.0,4.3921725e-07
69,171,13.0,3.283282e-07
69,171,14.0,2.8764117e-07
69,172,0.0,8.218676e-15
69,172,1.0,5.0843827e-08
69,172,2.0,2.369855e-07
69,172,3.0,2.600008e-07
69,172,4.0,1.4447305e-07
69,172,5.0,6.7174724e-08
69,172,6.0,4.8463573e-08
69,172,7.0,8.1344645e-08
69,172,8.0,1.8094708e-07
69,172,9.0,3.321109e-07
69,172,10.0,4.1406034e-07
69,172,11.0,3.5346636e-07
69,172,12.0,2.5671744e-07
69,172,13.0,1.9483167e-07
69,172,14.0,1.90256e-07
70,168,0.0,0.0
70,168,1.0,0.0
70,168,2.0,0.0
70,168,3.0,0.0
70,168,4.0,0.0
70,168,5.0,0.0
70,168,6.0,0.0
70,168,7.0,0.0
70,168,8.0,0.0
70,168,9.0,0.0
70,168,10.0,0.0
70,168,11.0,0.0
70,168,12.0,0.0
70,168,13.0,0.0
70,168,14.0,6.200801e-11
70,169,0.0,1.8521944e-10
70,169,1.0,1.1057021e-08
70,169,2.0,4.2693102e-09
70,169,3.0,9.447166e-11
70,169,4.0,0.0
70,169,5.0,0.0
70,169,6.0,2.7184728e-12
70,169,7.0,6.8153594e-11
70,169,8.0,2.7805123e-11
70,169,9.0,0.0
70,169,10.0,0.0
70,169,11.0,0.0
70,169,12.0,0.0
70,169,13.0,0.0
70,169,14.0,8.3533964e-11
70,170,0.0,1.682067e-10
70,170,1.0,2.0459491e-10
70,170,2.0,0.0
70,170,3.0,0.0
70,170,4.0,0.0
70,170,5.0,0.0
70,170,6.0,0.0
70,170,7.0,0.0
70,170,8.0,0.0
70,170,9.0,0.0
70,170,10.0,0.0
70,170,11.0,0.0
70,170,12.0,0.0
70,170,13.0,0.0
70,170,14.0,3.013926e-11
70,171,0.0,7.926543e-11
70,171,1.0,6.104288e-08
70,171,2.0,1.1228353e-07
70,171,3.0,7.884187e-08
70,171,4.0,5.440073e-08
70,171,5.0,7.261399e-08
70,171,6.0,1.2947906e-07
70,171,7.0,1.8178784e-07
70,171,8.0,1.390172e-07
70,171,9.0,4.653939e-08
70,171,10.0,5.586354e-09
70,171,11.0,8.448332e-11
70,171,12.0,0.0
70,171,13.0,0.0
70,171,14.0,0.0
70,172,0.0,0.0
70,172,1.0,0.0
70,172,2.0,0.0
70,172,3.0,0.0
70,172,4.0,0.0
70,172,5.0,0.0
70,172,6.0,0.0
70,172,7.0,0.0
70,172,8.0,0.0
70,172,9.0,0.0
70,172,10.0,0.0
70,172,11.0,0.0
70,172,12.0,0.0
70,172,13.0,1.1966484e-09
70,172,14.0,1.7792427e-08
71,172,0.0,0.0
71,172,1.0,0.0
71,172,2.0,0.0
71,172,3.0,0.0
71,172,4.0,0.0
71,172,5.0,0.0
71,172,6.0,0.0
71,172,7.0,0.0
71,172,8.0,0.0
71,172,9.0,0.0
71,172,10.0,0.0
71,172,11.0,0.0
71,172,12.0,3.0071543e-09
71,172,13.0,6.35612e-08
71,172,14.0,2.9444425e-07
