Z_physical,A_physical,E_physical,Yield_pred
23,66,0.0,1.9974719e-07
23,66,1.0,1.8834814e-07
23,66,2.0,1.5542585e-07
23,66,3.0,1.4992256e-07
23,66,4.0,1.6791505e-07
23,66,5.0,2.0845235e-07
23,66,6.0,1.6589169e-07
23,66,7.0,9.49843e-08
23,66,8.0,1.2853047e-07
23,66,9.0,1.7369936e-07
23,66,10.0,1.6210251e-07
23,66,11.0,1.3722874e-07
23,66,12.0,1.2092393e-07
23,66,13.0,1.6443889e-07
23,66,14.0,2.1447615e-07
24,66,0.0,1.4471966e-07
24,66,1.0,1.7548525e-07
24,66,2.0,1.7157713e-07
24,66,3.0,1.5425434e-07
24,66,4.0,1.3043575e-07
24,66,5.0,1.3586077e-07
24,66,6.0,1.5246029e-07
24,66,7.0,1.6744436e-07
24,66,8.0,1.7437891e-07
24,66,9.0,1.7349356e-07
24,66,10.0,1.7203435e-07
24,66,11.0,1.6980124e-07
24,66,12.0,1.5416204e-07
24,66,13.0,1.403916e-07
24,66,14.0,1.2683111e-07
24,67,0.0,1.805218e-07
24,67,1.0,1.9498759e-07
24,67,2.0,1.9685092e-07
24,67,3.0,1.5178722e-07
24,67,4.0,1.3202164e-07
24,67,5.0,1.8894485e-07
24,67,6.0,1.7148118e-07
24,67,7.0,2.0108752e-07
24,67,8.0,2.1611561e-07
24,67,9.0,1.9242519e-07
24,67,10.0,1.532833e-07
24,67,11.0,1.9327321e-07
24,67,12.0,1.7635617e-07
24,67,13.0,1.5265077e-07
24,67,14.0,1.3441603e-07
24,68,0.0,1.4164817e-07
24,68,1.0,1.6148991e-07
24,68,2.0,1.4645353e-07
24,68,3.0,1.4177748e-07
24,68,4.0,1.5928343e-07
24,68,5.0,1.5199726e-07
24,68,6.0,1.5906447e-07
24,68,7.0,1.5918033e-07
24,68,8.0,1.4965796e-07
24,68,9.0,1.3650346e-07
24,68,10.0,1.3319381e-07
24,68,11.0,1.4802518e-07
24,68,12.0,1.5787761e-07
24,68,13.0,1.5583917e-07
24,68,14.0,1.7511759e-07
24,69,0.0,1.8349454e-07
24,69,1.0,1.8904049e-07
24,69,2.0,1.4100517e-07
24,69,3.0,1.3607729e-07
24,69,4.0,1.4791411e-07
24,69,5.0,1.5415044e-07
24,69,6.0,1.3933932e-07
24,69,7.0,1.3461823e-07
24,69,8.0,1.6227014e-07
24,69,9.0,1.6410476e-07
24,69,10.0,1.4588187e-07
24,69,11.0,1.7644491e-07
24,69,12.0,1.5895056e-07
24,69,13.0,1.5680072e-07
24,69,14.0,1.5541139e-07
24,70,0.0,1.7340642e-07
24,70,1.0,1.9019575e-07
24,70,2.0,1.5156594e-07
24,70,3.0,1.5267563e-07
24,70,4.0,1.4457201e-07
24,70,5.0,1.3181328e-07
24,70,6.0,1.40866e-07
24,70,7.0,1.4612584e-07
24,70,8.0,1.6311077e-07
24,70,9.0,1.4211136e-07
24,70,10.0,1.6428173e-07
24,70,11.0,1.6215067e-07
24,70,12.0,1.5542025e-07
24,70,13.0,1.4433043e-07
24,70,14.0,1.388988e-07
25,66,0.0,2.0636169e-07
25,66,1.0,1.3407241e-07
25,66,2.0,1.1361806e-07
25,66,3.0,1.0659032e-07
25,66,4.0,1.02845696e-07
25,66,5.0,9.982578e-08
25,66,6.0,1.3117204e-07
25,66,7.0,1.3991927e-07
25,66,8.0,1.2728519e-07
25,66,9.0,1.0054137e-07
25,66,10.0,1.01991226e-07
25,66,11.0,1.00878e-07
25,66,12.0,9.148282e-08
25,66,13.0,9.0446626e-08
25,66,14.0,1.0091039e-07
25,67,0.0,1.8179834e-07
25,67,1.0,2.033086e-07
25,67,2.0,1.8836269e-07
25,67,3.0,1.8955815e-07
25,67,4.0,2.1540971e-07
25,67,5.0,1.5811237e-07
25,67,6.0,1.5402435e-07
25,67,7.0,2.037038e-07
25,67,8.0,2.4691704e-07
25,67,9.0,2.2272428e-07
25,67,10.0,1.644608e-07
25,67,11.0,1.3310823e-07
25,67,12.0,1.4959086e-07
25,67,13.0,1.7617978e-07
25,67,14.0,1.6550301e-07
25,68,0.0,1.2308222e-07
25,68,1.0,1.4306393e-07
25,68,2.0,1.3703504e-07
25,68,3.0,1.5468997e-07
25,68,4.0,1.6146494e-07
25,68,5.0,1.5745034e-07
25,68,6.0,1.9797463e-07
25,68,7.0,1.4317533e-07
25,68,8.0,9.742553e-08
25,68,9.0,1.2724783e-07
25,68,10.0,1.608848e-07
25,68,11.0,1.1966613e-07
25,68,12.0,1.3803071e-07
25,68,13.0,1.7238656e-07
25,68,14.0,1.785691e-07
25,69,0.0,1.3349994e-07
25,69,1.0,1.5822961e-07
25,69,2.0,1.7473522e-07
25,69,3.0,1.8563559e-07
25,69,4.0,1.8535162e-07
25,69,5.0,1.4714776e-07
25,69,6.0,1.6933903e-07
25,69,7.0,1.9040863e-07
25,69,8.0,1.8143966e-07
25,69,9.0,1.7518036e-07
25,69,10.0,1.6620744e-07
25,69,11.0,1.5460955e-07
25,69,12.0,1.4555246e-07
25,69,13.0,1.3947393e-07
25,69,14.0,1.4057974e-07
25,70,0.0,1.76468e-07
25,70,1.0,2.375e-07
25,70,2.0,2.475581e-07
25,70,3.0,2.4000303e-07
25,70,4.0,1.8338835e-07
25,70,5.0,1.676902e-07
25,70,6.0,1.5710482e-07
25,70,7.0,1.4267673e-07
25,70,8.0,1.3193703e-07
25,70,9.0,1.3664616e-07
25,70,10.0,1.470139e-07
25,70,11.0,1.2588357e-07
25,70,12.0,1.116469e-07
25,70,13.0,1.3572586e-07
25,70,14.0,1.6276515e-07
25,71,0.0,2.0625554e-07
25,71,1.0,1.92532e-07
25,71,2.0,1.6395902e-07
25,71,3.0,1.5872956e-07
25,71,4.0,2.1017652e-07
25,71,5.0,1.8573262e-07
25,71,6.0,1.6356697e-07
25,71,7.0,1.7478668e-07
25,71,8.0,2.0001822e-07
25,71,9.0,2.2034754e-07
25,71,10.0,2.4305447e-07
25,71,11.0,2.223957e-07
25,71,12.0,1.851249e-07
25,71,13.0,1.7450458e-07
25,71,14.0,1.6423553e-07
25,72,0.0,1.5699807e-07
25,72,1.0,1.6318964e-07
25,72,2.0,9.5647785e-08
25,72,3.0,1.757133e-07
25,72,4.0,1.8992718e-07
25,72,5.0,2.1992594e-07
25,72,6.0,2.536121e-07
25,72,7.0,2.2299572e-07
25,72,8.0,1.7375464e-07
25,72,9.0,1.9511428e-07
25,72,10.0,1.9399617e-07
25,72,11.0,1.686207e-07
25,72,12.0,1.6483885e-07
25,72,13.0,1.8239679e-07
25,72,14.0,1.920613e-07
25,73,0.0,1.3731629e-07
25,73,1.0,8.7513584e-08
25,73,2.0,9.70494e-08
25,73,3.0,1.3710468e-07
25,73,4.0,1.5668428e-07
25,73,5.0,1.9260214e-07
25,73,6.0,1.4374959e-07
25,73,7.0,9.651955e-08
25,73,8.0,1.686336e-07
25,73,9.0,1.8043777e-07
25,73,10.0,1.2280827e-07
25,73,11.0,8.686035e-08
25,73,12.0,8.461254e-08
25,73,13.0,8.5559485e-08
25,73,14.0,8.3521094e-08
26,66,0.0,4.474547e-11
26,66,1.0,2.5149254e-09
26,66,2.0,1.8709075e-13
26,66,3.0,0.0
26,66,4.0,0.0
26,66,5.0,1.8318929e-06
26,66,6.0,2.7308302e-05
26,66,7.0,2.0268611e-05
26,66,8.0,2.6352704e-05
26,66,9.0,8.4733736e-05
26,66,10.0,2.021562e-05
26,66,11.0,5.705773e-05
26,66,12.0,5.4697015e-05
26,66,13.0,0.00014312199
26,66,14.0,4.8464834e-05
26,67,0.0,1.0357469e-07
26,67,1.0,9.275514e-08
26,67,2.0,7.29063e-08
26,67,3.0,7.648306e-08
26,67,4.0,2.1757766e-07
26,67,5.0,1.5341864e-07
26,67,6.0,4.1427248e-07
26,67,7.0,4.42139e-07
26,67,8.0,4.4380034e-08
26,67,9.0,8.364058e-09
26,67,10.0,2.0119678e-07
26,67,11.0,6.0870384e-08
26,67,12.0,1.0275912e-07
26,67,13.0,2.1448149e-07
26,67,14.0,1.579541e-07
26,68,0.0,1.7568414e-07
26,68,1.0,5.8020873e-08
26,68,2.0,7.993592e-08
26,68,3.0,1.044848e-07
26,68,4.0,1.6841597e-07
26,68,5.0,1.5557754e-07
26,68,6.0,1.3879419e-07
26,68,7.0,2.0261326e-07
26,68,8.0,1.4463433e-07
26,68,9.0,5.482255e-12
26,68,10.0,2.0674574e-07
26,68,11.0,1.9550357e-07
26,68,12.0,9.449313e-08
26,68,13.0,1.8355253e-08
26,68,14.0,2.3597495e-07
26,69,0.0,1.6039027e-07
26,69,1.0,1.9591066e-07
26,69,2.0,1.7925042e-07
26,69,3.0,8.422583e-08
26,69,4.0,7.315627e-08
26,69,5.0,1.1295152e-07
26,69,6.0,1.5190918e-07
26,69,7.0,1.7651215e-07
26,69,8.0,2.0137463e-07
26,69,9.0,2.0862684e-07
26,69,10.0,1.6439802e-07
26,69,11.0,1.3694931e-07
26,69,12.0,1.6648924e-07
26,69,13.0,1.6783348e-07
26,69,14.0,1.4779097e-07
26,70,0.0,1.3606885e-07
26,70,1.0,1.5986211e-07
26,70,2.0,1.290796e-07
26,70,3.0,1.5567655e-07
26,70,4.0,1.3544158e-07
26,70,5.0,1.7268023e-07
26,70,6.0,1.6532701e-07
26,70,7.0,1.6460444e-07
26,70,8.0,1.5555746e-07
26,70,9.0,1.7027439e-07
26,70,10.0,1.8136946e-07
26,70,11.0,1.7119004e-07
26,70,12.0,1.5612409e-07
26,70,13.0,1.5193348e-07
26,70,14.0,1.5957876e-07
26,71,0.0,2.362086e-07
26,71,1.0,9.267406e-08
26,71,2.0,1.7173849e-07
26,71,3.0,2.0122452e-07
26,71,4.0,1.8345015e-07
26,71,5.0,1.5936757e-07
26,71,6.0,1.5660495e-07
26,71,7.0,1.271238e-07
26,71,8.0,1.0750003e-07
26,71,9.0,1.3070637e-07
26,71,10.0,1.548858e-07
26,71,11.0,1.900324e-07
26,71,12.0,1.9968412e-07
26,71,13.0,1.9127995e-07
26,71,14.0,1.8770069e-07
26,72,0.0,1.5295296e-07
26,72,1.0,2.776444e-07
26,72,2.0,2.7793362e-07
26,72,3.0,2.3439502e-07
26,72,4.0,1.8639476e-07
26,72,5.0,1.3024317e-07
26,72,6.0,1.2955027e-07
26,72,7.0,1.6680683e-07
26,72,8.0,1.8993205e-07
26,72,9.0,1.771428e-07
26,72,10.0,1.922637e-07
26,72,11.0,2.0089628e-07
26,72,12.0,1.7757499e-07
26,72,13.0,1.6692051e-07
26,72,14.0,1.454086e-07
26,73,0.0,1.5134447e-07
26,73,1.0,1.1726419e-07
26,73,2.0,1.679012e-07
26,73,3.0,1.3909532e-07
26,73,4.0,1.0130513e-07
26,73,5.0,1.2017276e-07
26,73,6.0,1.2636546e-07
26,73,7.0,1.211413e-07
26,73,8.0,1.1747358e-07
26,73,9.0,1.2947581e-07
26,73,10.0,1.3959139e-07
26,73,11.0,1.3283221e-07
26,73,12.0,1.1986874e-07
26,73,13.0,1.16207936e-07
26,73,14.0,1.2290019e-07
26,74,0.0,1.5305763e-07
26,74,1.0,1.5368495e-07
26,74,2.0,1.4878502e-07
26,74,3.0,9.954489e-08
26,74,4.0,1.4842908e-07
26,74,5.0,1.7268175e-07
26,74,6.0,1.635495e-07
26,74,7.0,1.3893269e-07
26,74,8.0,1.4785792e-07
26,74,9.0,1.6070197e-07
26,74,10.0,1.707931e-07
26,74,11.0,1.756872e-07
26,74,12.0,1.6547953e-07
26,74,13.0,1.5310007e-07
26,74,14.0,1.4885276e-07
26,75,0.0,1.7761418e-07
26,75,1.0,1.3052741e-07
26,75,2.0,1.1842996e-07
26,75,3.0,1.2603422e-07
26,75,4.0,1.1802484e-07
26,75,5.0,1.3822246e-07
26,75,6.0,1.947101e-07
26,75,7.0,2.1627338e-07
26,75,8.0,1.7998003e-07
26,75,9.0,1.5754317e-07
26,75,10.0,1.5744892e-07
26,75,11.0,1.5624163e-07
26,75,12.0,1.471303e-07
26,75,13.0,1.4150417e-07
26,75,14.0,1.5723656e-07
26,76,0.0,1.5407348e-07
26,76,1.0,1.5468021e-07
26,76,2.0,1.8537239e-07
26,76,3.0,1.6860582e-07
26,76,4.0,1.6508231e-07
26,76,5.0,1.6217186e-07
26,76,6.0,1.7387896e-07
26,76,7.0,1.8543736e-07
26,76,8.0,1.8285755e-07
26,76,9.0,1.810135e-07
26,76,10.0,1.8577688e-07
26,76,11.0,1.8044925e-07
26,76,12.0,1.569929e-07
26,76,13.0,1.4919138e-07
26,76,14.0,1.5305994e-07
27,66,0.0,3.017176e-10
27,66,1.0,1.8748918e-10
27,66,2.0,1.04428e-11
27,66,3.0,0.0
27,66,4.0,3.993434e-09
27,66,5.0,9.198583e-07
27,66,6.0,1.7993196e-06
27,66,7.0,1.1983817e-06
27,66,8.0,8.930626e-14
27,66,9.0,2.3746581e-05
27,66,10.0,3.248574e-05
27,66,11.0,8.7158354e-05
27,66,12.0,5.0835937e-05
27,66,13.0,1.2284112e-06
27,66,14.0,3.0923888e-10
27,67,0.0,0.0
27,67,1.0,3.255422e-10
27,67,2.0,1.3395739e-08
27,67,3.0,1.3518618e-14
27,67,4.0,0.0
27,67,5.0,3.8024333e-05
27,67,6.0,4.169793e-05
27,67,7.0,1.7678181e-05
27,67,8.0,2.0469844e-05
27,67,9.0,2.6174606e-05
27,67,10.0,6.3974316e-05
27,67,11.0,9.058761e-05
27,67,12.0,0.0001381769
27,67,13.0,0.00015452156
27,67,14.0,0.00010345247
27,68,0.0,2.030614e-16
27,68,1.0,0.0
27,68,2.0,0.0
27,68,3.0,5.1354946e-06
27,68,4.0,1.8140596e-05
27,68,5.0,3.0824717e-07
27,68,6.0,6.7800615e-10
27,68,7.0,9.9566105e-06
27,68,8.0,5.3876858e-05
27,68,9.0,7.553879e-05
27,68,10.0,9.144832e-05
27,68,11.0,0.000107184904
27,68,12.0,0.0001250849
27,68,13.0,0.00013149265
27,68,14.0,5.02672e-05
27,69,0.0,1.15471775e-17
27,69,1.0,6.860057e-08
27,69,2.0,0.0
27,69,3.0,1.1441862e-05
27,69,4.0,1.1023212e-05
27,69,5.0,7.789697e-07
27,69,6.0,6.350889e-05
27,69,7.0,8.048161e-05
27,69,8.0,8.74192e-05
27,69,9.0,8.731244e-05
27,69,10.0,7.528681e-05
27,69,11.0,7.094291e-05
27,69,12.0,7.9024816e-05
27,69,13.0,7.926401e-05
27,69,14.0,7.488667e-05
27,70,0.0,5.3309794e-11
27,70,1.0,3.6406536e-07
27,70,2.0,4.6266014e-14
27,70,3.0,7.964067e-06
27,70,4.0,1.25352735e-05
27,70,5.0,6.019162e-06
27,70,6.0,1.657729e-05
27,70,7.0,1.476743e-05
27,70,8.0,5.1853203e-05
27,70,9.0,3.855363e-05
27,70,10.0,1.611213e-05
27,70,11.0,1.9305096e-05
27,70,12.0,4.6129564e-05
27,70,13.0,5.483916e-05
27,70,14.0,3.2302618e-05
27,71,0.0,6.561176e-08
27,71,1.0,2.4774204e-07
27,71,2.0,9.350249e-08
27,71,3.0,1.3704481e-07
27,71,4.0,3.257979e-07
27,71,5.0,3.5370835e-08
27,71,6.0,6.672817e-08
27,71,7.0,2.7736118e-07
27,71,8.0,2.2164767e-07
27,71,9.0,6.704177e-08
27,71,10.0,2.8429923e-07
27,71,11.0,8.953342e-07
27,71,12.0,3.4899466e-07
27,71,13.0,9.4117524e-08
27,71,14.0,2.546774e-07
27,72,0.0,1.5885236e-07
27,72,1.0,2.1299489e-07
27,72,2.0,2.1731897e-07
27,72,3.0,1.1278892e-07
27,72,4.0,1.3049876e-07
27,72,5.0,2.4934502e-07
27,72,6.0,2.0517027e-07
27,72,7.0,1.8082893e-07
27,72,8.0,1.9345569e-07
27,72,9.0,2.3249281e-07
27,72,10.0,4.3365483e-07
27,72,11.0,4.2406973e-07
27,72,12.0,1.4501178e-07
27,72,13.0,6.067705e-08
27,72,14.0,5.9112548e-08
27,73,0.0,1.58868e-07
27,73,1.0,2.0007572e-07
27,73,2.0,1.931606e-07
27,73,3.0,1.622605e-07
27,73,4.0,9.3524484e-08
27,73,5.0,1.0548285e-07
27,73,6.0,1.3467354e-07
27,73,7.0,1.5334379e-07
27,73,8.0,1.4692532e-07
27,73,9.0,1.08099314e-07
27,73,10.0,7.86505e-08
27,73,11.0,8.3661156e-08
27,73,12.0,1.04199316e-07
27,73,13.0,1.2569049e-07
27,73,14.0,1.3253677e-07
27,74,0.0,1.4500469e-07
27,74,1.0,1.7465374e-07
27,74,2.0,1.9048633e-07
27,74,3.0,1.6433768e-07
27,74,4.0,1.6421609e-07
27,74,5.0,2.1044345e-07
27,74,6.0,2.416599e-07
27,74,7.0,2.5464294e-07
27,74,8.0,2.5199796e-07
27,74,9.0,2.3513307e-07
27,74,10.0,2.1261516e-07
27,74,11.0,1.8854382e-07
27,74,12.0,1.6595784e-07
27,74,13.0,1.4473294e-07
27,74,14.0,1.16411776e-07
27,75,0.0,1.236075e-07
27,75,1.0,1.54414e-07
27,75,2.0,2.2286243e-07
27,75,3.0,1.2770464e-07
27,75,4.0,5.185533e-08
27,75,5.0,9.046652e-08
27,75,6.0,1.5747295e-07
27,75,7.0,1.9831441e-07
27,75,8.0,2.1103675e-07
27,75,9.0,2.0921222e-07
27,75,10.0,2.0165639e-07
27,75,11.0,1.8825924e-07
27,75,12.0,1.7557574e-07
27,75,13.0,1.6455671e-07
27,75,14.0,1.6785324e-07
27,76,0.0,1.070792e-07
27,76,1.0,2.6522326e-07
27,76,2.0,2.4154104e-07
27,76,3.0,1.8354793e-07
27,76,4.0,2.2148575e-07
27,76,5.0,2.2873435e-07
27,76,6.0,2.2264423e-07
27,76,7.0,2.1408198e-07
27,76,8.0,1.9483942e-07
27,76,9.0,1.7280448e-07
27,76,10.0,1.668211e-07
27,76,11.0,1.7258886e-07
27,76,12.0,1.719377e-07
27,76,13.0,1.6904964e-07
27,76,14.0,1.6974391e-07
27,77,0.0,1.7975358e-07
27,77,1.0,1.8418619e-07
27,77,2.0,1.0673948e-07
27,77,3.0,1.1641102e-07
27,77,4.0,1.4631124e-07
27,77,5.0,1.5137329e-07
27,77,6.0,1.3648103e-07
27,77,7.0,1.2339467e-07
27,77,8.0,1.2243956e-07
27,77,9.0,1.2913277e-07
27,77,10.0,1.3326822e-07
27,77,11.0,1.3633253e-07
27,77,12.0,1.492493e-07
27,77,13.0,1.6867328e-07
27,77,14.0,1.7686659e-07
27,78,0.0,1.4487496e-07
27,78,1.0,1.01388075e-07
27,78,2.0,1.7884783e-07
27,78,3.0,2.1631104e-07
27,78,4.0,2.0665907e-07
27,78,5.0,1.8541286e-07
27,78,6.0,1.7388506e-07
27,78,7.0,1.6980124e-07
27,78,8.0,1.609279e-07
27,78,9.0,1.4838221e-07
27,78,10.0,1.3923189e-07
27,78,11.0,1.3764227e-07
27,78,12.0,1.447816e-07
27,78,13.0,1.5623132e-07
27,78,14.0,1.6776825e-07
28,66,0.0,2.0237418e-13
28,66,1.0,1.6508283e-14
28,66,2.0,3.0240894e-12
28,66,3.0,1.798595e-09
28,66,4.0,9.488649e-13
28,66,5.0,5.0409503e-12
28,66,6.0,2.7116649e-12
28,66,7.0,4.893962e-17
28,66,8.0,4.709831e-11
28,66,9.0,1.3685987e-10
28,66,10.0,5.2817334e-10
28,66,11.0,1.3394575e-09
28,66,12.0,1.4825697e-09
28,66,13.0,2.4608556e-07
28,66,14.0,5.8895375e-07
28,67,0.0,1.5085684e-12
28,67,1.0,1.6871854e-12
28,67,2.0,4.8539154e-16
28,67,3.0,0.0
28,67,4.0,0.0
28,67,5.0,4.102777e-06
28,67,6.0,1.4982647e-05
28,67,7.0,4.644336e-07
28,67,8.0,1.1198316e-08
28,67,9.0,5.5132e-07
28,67,10.0,1.2621818e-05
28,67,11.0,3.1732827e-05
28,67,12.0,3.891194e-05
28,67,13.0,2.88829e-07
28,67,14.0,6.955546e-09
28,68,0.0,5.294156e-10
28,68,1.0,3.813853e-08
28,68,2.0,2.048094e-09
28,68,3.0,0.0
28,68,4.0,6.261607e-14
28,68,5.0,1.1417883e-05
28,68,6.0,5.9627102e-05
28,68,7.0,6.369459e-05
28,68,8.0,8.717443e-05
28,68,9.0,3.6875877e-05
28,68,10.0,0.0001436333
28,68,11.0,7.642229e-05
28,68,12.0,3.9350736e-05
28,68,13.0,7.670142e-05
28,68,14.0,8.284782e-05
28,69,0.0,0.0
28,69,1.0,1.9846931e-08
28,69,2.0,2.5045534e-14
28,69,3.0,0.0
28,69,4.0,7.117234e-09
28,69,5.0,3.2590551e-06
28,69,6.0,6.452351e-05
28,69,7.0,6.319218e-05
28,69,8.0,8.5907326e-05
28,69,9.0,0.00011984819
28,69,10.0,0.0001689404
28,69,11.0,0.00020147383
28,69,12.0,0.00019129057
28,69,13.0,0.0001736425
28,69,14.0,0.00016307534
28,70,0.0,0.0
28,70,1.0,8.404784e-07
28,70,2.0,2.063718e-05
28,70,3.0,7.227163e-05
28,70,4.0,0.00016670942
28,70,5.0,0.00030038453
28,70,6.0,0.0004347812
28,70,7.0,0.00057026173
28,70,8.0,0.0006435122
28,70,9.0,0.00062876474
28,70,10.0,0.00052649726
28,70,11.0,0.00047423452
28,70,12.0,0.00046644337
28,70,13.0,0.00047838764
28,70,14.0,0.00049436645
28,71,0.0,1.6022069e-13
28,71,1.0,0.0
28,71,2.0,2.0176501e-05
28,71,3.0,9.326472e-05
28,71,4.0,0.0001769778
28,71,5.0,0.00028133983
28,71,6.0,0.00034896182
28,71,7.0,0.00039025847
28,71,8.0,0.00041321322
28,71,9.0,0.00042791493
28,71,10.0,0.0004502919
28,71,11.0,0.00048542352
28,71,12.0,0.00050809525
28,71,13.0,0.00050073926
28,71,14.0,0.00047983625
28,72,0.0,1.569931e-05
28,72,1.0,3.5625033e-06
28,72,2.0,9.210378e-05
28,72,3.0,0.00021934637
28,72,4.0,0.00038184653
28,72,5.0,0.000537438
28,72,6.0,0.0005989834
28,72,7.0,0.00060615456
28,72,8.0,0.00055862596
28,72,9.0,0.00050451065
28,72,10.0,0.00049191865
28,72,11.0,0.0005057769
28,72,12.0,0.00052812067
28,72,13.0,0.0005488468
28,72,14.0,0.00056042185
28,73,0.0,2.1199505e-05
28,73,1.0,3.2568887e-06
28,73,2.0,5.051635e-05
28,73,3.0,3.375972e-05
28,73,4.0,0.00013962087
28,73,5.0,0.00021809545
28,73,6.0,0.00023553381
28,73,7.0,0.00023511988
28,73,8.0,0.00022616783
28,73,9.0,0.00021042538
28,73,10.0,0.00020015128
28,73,11.0,0.00020432657
28,73,12.0,0.00021990393
28,73,13.0,0.00025051934
28,73,14.0,0.00026251868
28,74,0.0,1.1310402e-09
28,74,1.0,5.3336845e-07
28,74,2.0,5.5938162e-05
28,74,3.0,2.0024572e-05
28,74,4.0,9.042376e-05
28,74,5.0,0.00020549163
28,74,6.0,0.00013842258
28,74,7.0,0.00010475088
28,74,8.0,0.00013133396
28,74,9.0,0.00019764923
28,74,10.0,0.00020996589
28,74,11.0,0.00015999228
28,74,12.0,0.0001191179
28,74,13.0,0.000103363716
28,74,14.0,0.0001054841
28,75,0.0,5.2110803e-08
28,75,1.0,1.8744055e-08
28,75,2.0,4.7524097e-08
28,75,3.0,6.4734223e-07
28,75,4.0,3.403172e-07
28,75,5.0,1.8711174e-07
28,75,6.0,1.0965192e-07
28,75,7.0,8.4313974e-08
28,75,8.0,1.2979139e-07
28,75,9.0,2.494927e-07
28,75,10.0,2.992897e-07
28,75,11.0,2.129565e-07
28,75,12.0,1.4944493e-07
28,75,13.0,1.4412046e-07
28,75,14.0,1.4886767e-07
28,76,0.0,1.3653691e-07
28,76,1.0,1.9095688e-07
28,76,2.0,1.2848314e-07
28,76,3.0,2.2853368e-07
28,76,4.0,1.3240557e-07
28,76,5.0,7.806428e-08
28,76,6.0,1.2927332e-07
28,76,7.0,1.5188441e-07
28,76,8.0,1.1975705e-07
28,76,9.0,1.5495979e-07
28,76,10.0,2.049497e-07
28,76,11.0,1.3051596e-07
28,76,12.0,1.3505485e-07
28,76,13.0,1.3541086e-07
28,76,14.0,1.13941155e-07
28,77,0.0,1.3025462e-07
28,77,1.0,1.3979597e-07
28,77,2.0,1.215478e-07
28,77,3.0,1.2955556e-07
28,77,4.0,2.6049733e-07
28,77,5.0,4.6112447e-07
28,77,6.0,4.8527744e-07
28,77,7.0,3.2654552e-07
28,77,8.0,1.64435e-07
28,77,9.0,9.129421e-08
28,77,10.0,1.0363011e-07
28,77,11.0,2.0482112e-07
28,77,12.0,3.630126e-07
28,77,13.0,4.729311e-07
28,77,14.0,5.110343e-07
28,78,0.0,1.5309499e-07
28,78,1.0,1.8993694e-07
28,78,2.0,1.289968e-07
28,78,3.0,1.5311437e-07
28,78,4.0,1.5695107e-07
28,78,5.0,1.5680072e-07
28,78,6.0,1.5543985e-07
28,78,7.0,1.7132854e-07
28,78,8.0,1.8502332e-07
28,78,9.0,1.9233103e-07
28,78,10.0,1.8760448e-07
28,78,11.0,1.6201922e-07
28,78,12.0,1.6072637e-07
28,78,13.0,1.7253436e-07
28,78,14.0,1.8317188e-07
28,79,0.0,1.4266185e-07
28,79,1.0,8.516329e-08
28,79,2.0,1.2082424e-07
28,79,3.0,1.8403044e-07
28,79,4.0,1.7923381e-07
28,79,5.0,1.7386323e-07
28,79,6.0,1.7637463e-07
28,79,7.0,1.7970831e-07
28,79,8.0,1.8149679e-07
28,79,9.0,1.805693e-07
28,79,10.0,1.7055535e-07
28,79,11.0,1.4598557e-07
28,79,12.0,1.2012507e-07
28,79,13.0,1.1264592e-07
28,79,14.0,1.4336977e-07
28,80,0.0,1.9477254e-07
28,80,1.0,1.1823183e-07
28,80,2.0,1.0530155e-07
28,80,3.0,1.2592302e-07
28,80,4.0,1.8859723e-07
28,80,5.0,1.9746493e-07
28,80,6.0,1.9490022e-07
28,80,7.0,1.7299298e-07
28,80,8.0,1.592725e-07
28,80,9.0,1.4754043e-07
28,80,10.0,1.3035027e-07
28,80,11.0,1.2984113e-07
28,80,12.0,1.8308903e-07
28,80,13.0,2.1885828e-07
28,80,14.0,1.8961936e-07
28,81,0.0,1.6117804e-07
28,81,1.0,2.0883057e-07
28,81,2.0,1.8841658e-07
28,81,3.0,1.4167429e-07
28,81,4.0,1.173065e-07
28,81,5.0,1.1995094e-07
28,81,6.0,1.3371611e-07
28,81,7.0,1.4594818e-07
28,81,8.0,1.5221578e-07
28,81,9.0,1.5156274e-07
28,81,10.0,1.4324641e-07
28,81,11.0,1.3135413e-07
28,81,12.0,1.2351833e-07
28,81,13.0,1.1946453e-07
28,81,14.0,1.1839572e-07
28,82,0.0,1.3752859e-07
28,82,1.0,1.8132494e-07
28,82,2.0,1.2961621e-07
28,82,3.0,2.2277072e-07
28,82,4.0,1.531139e-07
28,82,5.0,1.3645945e-07
28,82,6.0,1.4813271e-07
28,82,7.0,1.7495539e-07
28,82,8.0,1.5110632e-07
28,82,9.0,1.1533853e-07
28,82,10.0,1.3959527e-07
28,82,11.0,1.6418302e-07
28,82,12.0,1.8748632e-07
28,82,13.0,1.7511861e-07
28,82,14.0,1.5714527e-07
29,66,0.0,7.400252e-08
29,66,1.0,2.6034618e-07
29,66,2.0,1.5294052e-07
29,66,3.0,9.969429e-08
29,66,4.0,1.9685594e-07
29,66,5.0,1.1977086e-07
29,66,6.0,1.4931312e-07
29,66,7.0,6.765751e-08
29,66,8.0,1.2752716e-07
29,66,9.0,1.0414713e-07
29,66,10.0,1.0969683e-07
29,66,11.0,1.3926584e-07
29,66,12.0,1.6893836e-07
29,66,13.0,1.9438765e-07
29,66,14.0,2.2292295e-07
29,67,0.0,1.6841943e-07
29,67,1.0,1.2301878e-07
29,67,2.0,1.471912e-07
29,67,3.0,1.8653114e-07
29,67,4.0,1.2727835e-07
29,67,5.0,1.4053215e-07
29,67,6.0,6.9566724e-08
29,67,7.0,6.010461e-08
29,67,8.0,1.9245094e-07
29,67,9.0,2.0166377e-07
29,67,10.0,2.2687354e-07
29,67,11.0,1.9548196e-07
29,67,12.0,1.8928377e-07
29,67,13.0,2.0994493e-07
29,67,14.0,1.2426422e-07
29,68,0.0,3.3754988e-14
29,68,1.0,4.3581744e-12
29,68,2.0,1.8555484e-10
29,68,3.0,3.746738e-09
29,68,4.0,4.9272153e-10
29,68,5.0,1.7002826e-08
29,68,6.0,1.8776415e-10
29,68,7.0,0.0
29,68,8.0,0.0
29,68,9.0,0.0
29,68,10.0,8.30869e-11
29,68,11.0,8.499464e-08
29,68,12.0,2.2716232e-08
29,68,13.0,2.582613e-07
29,68,14.0,8.1972854e-07
29,69,0.0,1.0334405e-12
29,69,1.0,0.0
29,69,2.0,0.0
29,69,3.0,1.2826589e-12
29,69,4.0,1.4535181e-05
29,69,5.0,5.3579246e-05
29,69,6.0,3.004893e-05
29,69,7.0,2.3120033e-06
29,69,8.0,1.9123416e-07
29,69,9.0,4.7422446e-07
29,69,10.0,3.06907e-05
29,69,11.0,7.839718e-05
29,69,12.0,3.483249e-05
29,69,13.0,4.04856e-05
29,69,14.0,3.6451074e-05
29,70,0.0,2.378529e-11
29,70,1.0,8.329757e-09
29,70,2.0,9.224418e-13
29,70,3.0,3.4110597e-09
29,70,4.0,1.5658625e-05
29,70,5.0,6.8787835e-05
29,70,6.0,5.403557e-05
29,70,7.0,2.8861112e-05
29,70,8.0,4.069898e-05
29,70,9.0,7.880341e-05
29,70,10.0,0.000104828476
29,70,11.0,9.6914046e-05
29,70,12.0,0.00010635953
29,70,13.0,0.0001308907
29,70,14.0,0.00014125813
29,71,0.0,0.0
29,71,1.0,1.1203248e-08
29,71,2.0,1.1860297e-05
29,71,3.0,8.2338935e-05
29,71,4.0,0.00027552454
29,71,5.0,0.00035772266
29,71,6.0,0.0004005184
29,71,7.0,0.00041420982
29,71,8.0,0.00039570552
29,71,9.0,0.0003653932
29,71,10.0,0.00036114964
29,71,11.0,0.00041402242
29,71,12.0,0.00051168015
29,71,13.0,0.0005411338
29,71,14.0,0.0005029832
29,72,0.0,1.3767192e-05
29,72,1.0,2.547488e-05
29,72,2.0,0.000109338995
29,72,3.0,0.0003501435
29,72,4.0,0.00053294393
29,72,5.0,0.00069835864
29,72,6.0,0.0007862825
29,72,7.0,0.0008027988
29,72,8.0,0.00079298776
29,72,9.0,0.0007969811
29,72,10.0,0.00084268034
29,72,11.0,0.00090484374
29,72,12.0,0.0009272808
29,72,13.0,0.0008954255
29,72,14.0,0.0008172676
29,73,0.0,3.754724e-05
29,73,1.0,0.00010133387
29,73,2.0,0.00038570777
29,73,3.0,0.000875498
29,73,4.0,0.0013182277
29,73,5.0,0.0015956296
29,73,6.0,0.0016954582
29,73,7.0,0.0017152941
29,73,8.0,0.0017264928
29,73,9.0,0.0017654994
29,73,10.0,0.0018175773
29,73,11.0,0.0018020222
29,73,12.0,0.0017075664
29,73,13.0,0.0016069671
29,73,14.0,0.0015020345
29,74,0.0,2.3983077e-05
29,74,1.0,0.0001683591
29,74,2.0,0.00034047494
29,74,3.0,0.0007510259
29,74,4.0,0.0011821564
29,74,5.0,0.0014064969
29,74,6.0,0.001488109
29,74,7.0,0.0015073181
29,74,8.0,0.00150816
29,74,9.0,0.0015037596
29,74,10.0,0.0014678009
29,74,11.0,0.0013649106
29,74,12.0,0.0012607174
29,74,13.0,0.0012077821
29,74,14.0,0.0011729079
29,75,0.0,6.2966865e-05
29,75,1.0,0.00019100177
29,75,2.0,0.0004250387
29,75,3.0,0.0007477504
29,75,4.0,0.0009834443
29,75,5.0,0.0011667841
29,75,6.0,0.0012684361
29,75,7.0,0.001296038
29,75,8.0,0.0012862432
29,75,9.0,0.0012627193
29,75,10.0,0.001226226
29,75,11.0,0.0011612553
29,75,12.0,0.0010966561
29,75,13.0,0.0010628288
29,75,14.0,0.0010334827
29,76,0.0,1.3401175e-05
29,76,1.0,8.951675e-05
29,76,2.0,0.00025315737
29,76,3.0,0.0004580187
29,76,4.0,0.0005849897
29,76,5.0,0.0006555775
29,76,6.0,0.00063647545
29,76,7.0,0.0005801896
29,76,8.0,0.00051643053
29,76,9.0,0.0004595862
29,76,10.0,0.0004271258
29,76,11.0,0.00042700415
29,76,12.0,0.0004515496
29,76,13.0,0.00048724827
29,76,14.0,0.0005067526
29,77,0.0,1.4306363e-05
29,77,1.0,5.480783e-05
29,77,2.0,0.00021021698
29,77,3.0,0.00033843072
29,77,4.0,0.0004684472
29,77,5.0,0.000558344
29,77,6.0,0.00059212145
29,77,7.0,0.00058409455
29,77,8.0,0.000541425
29,77,9.0,0.00047944777
29,77,10.0,0.0004344742
29,77,11.0,0.0004258976
29,77,12.0,0.0004369552
29,77,13.0,0.0004507383
29,77,14.0,0.00045142812
29,78,0.0,2.252746e-05
29,78,1.0,5.972506e-05
29,78,2.0,0.00016488614
29,78,3.0,0.00024937003
29,78,4.0,0.00027687766
29,78,5.0,0.00023549731
29,78,6.0,0.00018030936
29,78,7.0,0.00013845715
29,78,8.0,0.00011432128
29,78,9.0,0.00010750253
29,78,10.0,0.00011475928
29,78,11.0,0.00012689736
29,78,12.0,0.00014455816
29,78,13.0,0.00017577292
29,78,14.0,0.00018792474
29,79,0.0,0.0
29,79,1.0,1.3079529e-05
29,79,2.0,9.29304e-05
29,79,3.0,3.9864393e-05
29,79,4.0,3.0604475e-05
29,79,5.0,3.4450233e-05
29,79,6.0,5.858818e-05
29,79,7.0,9.5065865e-05
29,79,8.0,9.753294e-05
29,79,9.0,7.200688e-05
29,79,10.0,5.820226e-05
29,79,11.0,4.72705e-05
29,79,12.0,4.422865e-05
29,79,13.0,5.5116703e-05
29,79,14.0,4.9493345e-05
29,80,0.0,3.122157e-08
29,80,1.0,3.0452446e-07
29,80,2.0,9.973108e-08
29,80,3.0,4.472133e-09
29,80,4.0,5.4269425e-08
29,80,5.0,1.5367014e-07
29,80,6.0,6.346343e-08
29,80,7.0,1.8690738e-08
29,80,8.0,2.5942557e-08
29,80,9.0,4.327405e-08
29,80,10.0,4.21168e-08
29,80,11.0,7.520413e-08
29,80,12.0,2.9399473e-07
29,80,13.0,6.137508e-07
29,80,14.0,3.8891733e-07
29,81,0.0,3.1216993e-07
29,81,1.0,4.8943498e-08
29,81,2.0,3.6602873e-07
29,81,3.0,4.264032e-07
29,81,4.0,3.9049036e-07
29,81,5.0,2.7050706e-07
29,81,6.0,1.6706772e-07
29,81,7.0,1.04115685e-07
29,81,8.0,7.819074e-08
29,81,9.0,8.4292445e-08
29,81,10.0,1.1674496e-07
29,81,11.0,1.6340364e-07
29,81,12.0,1.8417347e-07
29,81,13.0,1.746466e-07
29,81,14.0,1.6305805e-07
29,82,0.0,3.3649536e-07
29,82,1.0,7.051828e-08
29,82,2.0,1.4263472e-07
29,82,3.0,1.505434e-07
29,82,4.0,1.2672578e-07
29,82,5.0,1.1325553e-07
29,82,6.0,1.3550303e-07
29,82,7.0,2.1076573e-07
29,82,8.0,2.8877778e-07
29,82,9.0,3.0546977e-07
29,82,10.0,2.461534e-07
29,82,11.0,1.4852917e-07
29,82,12.0,9.74344e-08
29,82,13.0,9.734831e-08
29,82,14.0,1.3426838e-07
29,83,0.0,1.2334407e-07
29,83,1.0,1.8819984e-08
29,83,2.0,3.822417e-08
29,83,3.0,6.96247e-08
29,83,4.0,1.2483207e-07
29,83,5.0,2.0743025e-07
29,83,6.0,2.7651498e-07
29,83,7.0,2.9444274e-07
29,83,8.0,2.776062e-07
29,83,9.0,2.6061144e-07
29,83,10.0,2.5810564e-07
29,83,11.0,2.5169106e-07
29,83,12.0,2.1160719e-07
29,83,13.0,1.5828306e-07
29,83,14.0,9.4883724e-08
29,84,0.0,2.080609e-08
29,84,1.0,1.7206658e-07
29,84,2.0,1.3324576e-07
29,84,3.0,9.405604e-08
29,84,4.0,1.1984264e-07
29,84,5.0,2.1541209e-07
29,84,6.0,3.734122e-07
29,84,7.0,5.3154974e-07
29,84,8.0,5.9501383e-07
29,84,9.0,4.938799e-07
29,84,10.0,2.9503764e-07
29,84,11.0,1.8762599e-07
29,84,12.0,1.4506583e-07
29,84,13.0,1.17853006e-07
29,84,14.0,1.049765e-07
30,66,0.0,2.093481e-07
30,66,1.0,1.507029e-07
30,66,2.0,1.646288e-07
30,66,3.0,1.5538153e-07
30,66,4.0,1.5690549e-07
30,66,5.0,1.5887703e-07
30,66,6.0,1.4881935e-07
30,66,7.0,1.3519262e-07
30,66,8.0,1.3479678e-07
30,66,9.0,1.3559651e-07
30,66,10.0,1.4513539e-07
30,66,11.0,2.4479536e-07
30,66,12.0,1.4928642e-07
30,66,13.0,1.5073664e-07
30,66,14.0,1.4467633e-07
30,67,0.0,1.0343573e-07
30,67,1.0,1.5109217e-07
30,67,2.0,1.4366556e-07
30,67,3.0,1.6342496e-07
30,67,4.0,1.6193212e-07
30,67,5.0,1.3057858e-07
30,67,6.0,1.304914e-07
30,67,7.0,1.5602252e-07
30,67,8.0,1.4601761e-07
30,67,9.0,1.2980199e-07
30,67,10.0,1.3881262e-07
30,67,11.0,1.463826e-07
30,67,12.0,1.2408915e-07
30,67,13.0,1.2330993e-07
30,67,14.0,1.4343698e-07
30,68,0.0,1.6343562e-07
30,68,1.0,1.5449247e-07
30,68,2.0,1.3698114e-07
30,68,3.0,1.7419639e-07
30,68,4.0,1.855647e-07
30,68,5.0,1.10458664e-07
30,68,6.0,1.0152463e-07
30,68,7.0,1.5773793e-07
30,68,8.0,2.0527888e-07
30,68,9.0,1.15984506e-07
30,68,10.0,1.6618388e-07
30,68,11.0,4.6440286e-07
30,68,12.0,2.1219763e-07
30,68,13.0,2.1465976e-07
30,68,14.0,2.0991044e-07
30,69,0.0,1.6986458e-07
30,69,1.0,1.5000522e-07
30,69,2.0,1.8490265e-07
30,69,3.0,1.5918319e-07
30,69,4.0,1.4401864e-07
30,69,5.0,9.9540884e-08
30,69,6.0,1.6886386e-07
30,69,7.0,2.3253762e-07
30,69,8.0,2.4240722e-07
30,69,9.0,2.3786059e-07
30,69,10.0,2.0731962e-07
30,69,11.0,1.4823355e-07
30,69,12.0,1.5051789e-07
30,69,13.0,1.6018687e-07
30,69,14.0,1.6856814e-07
30,70,0.0,2.7749079e-18
30,70,1.0,0.0
30,70,2.0,3.1388295e-13
30,70,3.0,2.4328052e-08
30,70,4.0,4.933937e-11
30,70,5.0,1.2462115e-09
30,70,6.0,4.9148387e-08
30,70,7.0,2.1959683e-07
30,70,8.0,3.3552544e-07
30,70,9.0,1.7815938e-07
30,70,10.0,9.069938e-09
30,70,11.0,1.23526115e-05
30,70,12.0,1.1513163e-05
30,70,13.0,1.8709356e-06
30,70,14.0,1.3727697e-09
30,71,0.0,5.2701197e-14
30,71,1.0,8.3652573e-13
30,71,2.0,1.8649895e-12
30,71,3.0,6.59143e-08
30,71,4.0,7.2400107e-06
30,71,5.0,7.5154285e-06
30,71,6.0,3.7461211e-06
30,71,7.0,1.3130917e-06
30,71,8.0,6.4654006e-07
30,71,9.0,1.6765894e-06
30,71,10.0,1.5061202e-05
30,71,11.0,3.720021e-05
30,71,12.0,3.571791e-05
30,71,13.0,3.556876e-05
30,71,14.0,4.05829e-05
30,72,0.0,4.3542557e-05
30,72,1.0,1.1250576e-08
30,72,2.0,5.60227e-05
30,72,3.0,0.0001740718
30,72,4.0,0.00024078222
30,72,5.0,0.0002522195
30,72,6.0,0.00026905342
30,72,7.0,0.0003279753
30,72,8.0,0.0004032144
30,72,9.0,0.00041556533
30,72,10.0,0.00040650708
30,72,11.0,0.00043231164
30,72,12.0,0.000437173
30,72,13.0,0.00039303498
30,72,14.0,0.00028846052
30,73,0.0,3.4003508e-05
30,73,1.0,1.4987105e-05
30,73,2.0,0.00021345422
30,73,3.0,0.00029340773
30,73,4.0,0.000513761
30,73,5.0,0.0007265616
30,73,6.0,0.00086563616
30,73,7.0,0.00094796077
30,73,8.0,0.0010037923
30,73,9.0,0.0010666955
30,73,10.0,0.0011711488
30,73,11.0,0.0012767246
30,73,12.0,0.0012826868
30,73,13.0,0.0011832862
30,73,14.0,0.001044377
30,74,0.0,0.000109523135
30,74,1.0,0.0004530764
30,74,2.0,0.0013966036
30,74,3.0,0.0029167796
30,74,4.0,0.0039485837
30,74,5.0,0.0046653445
30,74,6.0,0.0048569907
30,74,7.0,0.004649322
30,74,8.0,0.004354976
30,74,9.0,0.004187637
30,74,10.0,0.004210845
30,74,11.0,0.0043932036
30,74,12.0,0.0043993643
30,74,13.0,0.004144781
30,74,14.0,0.0037121726
30,75,0.0,0.00020612232
30,75,1.0,0.001063106
30,75,2.0,0.0023539495
30,75,3.0,0.004945912
30,75,4.0,0.0056866193
30,75,5.0,0.0059246635
30,75,6.0,0.005833206
30,75,7.0,0.005588914
30,75,8.0,0.0053760377
30,75,9.0,0.0052938275
30,75,10.0,0.005363292
30,75,11.0,0.0054386905
30,75,12.0,0.0053734276
30,75,13.0,0.0051818746
30,75,14.0,0.0049379305
30,76,0.0,0.0012394133
30,76,1.0,0.0028573305
30,76,2.0,0.0061109043
30,76,3.0,0.01058087
30,76,4.0,0.013317526
30,76,5.0,0.014338294
30,76,6.0,0.014259465
30,76,7.0,0.013068133
30,76,8.0,0.011520983
30,76,9.0,0.010230502
30,76,10.0,0.009452166
30,76,11.0,0.009036711
30,76,12.0,0.009061712
30,76,13.0,0.0092516
30,76,14.0,0.008916349
30,77,0.0,0.0009142896
30,77,1.0,0.0034030494
30,77,2.0,0.0062440005
30,77,3.0,0.0096796015
30,77,4.0,0.011325145
30,77,5.0,0.011355901
30,77,6.0,0.0106230015
30,77,7.0,0.0096822325
30,77,8.0,0.008916985
30,77,9.0,0.008553513
30,77,10.0,0.008649454
30,77,11.0,0.008956576
30,77,12.0,0.009194296
30,77,13.0,0.0091245705
30,77,14.0,0.008608977
30,78,0.0,0.00229534
30,78,1.0,0.0055087106
30,78,2.0,0.011855686
30,78,3.0,0.014906805
30,78,4.0,0.016487336
30,78,5.0,0.016076349
30,78,6.0,0.01434196
30,78,7.0,0.012320379
30,78,8.0,0.010704504
30,78,9.0,0.009800616
30,78,10.0,0.009613071
30,78,11.0,0.009776654
30,78,12.0,0.009884101
30,78,13.0,0.009735027
30,78,14.0,0.0093068
30,79,0.0,0.00073358143
30,79,1.0,0.003125103
30,79,2.0,0.0043615657
30,79,3.0,0.0053808107
30,79,4.0,0.0057871714
30,79,5.0,0.005636133
30,79,6.0,0.0052031353
30,79,7.0,0.004721439
30,79,8.0,0.0043494897
30,79,9.0,0.0041755126
30,79,10.0,0.0042766696
30,79,11.0,0.004581991
30,79,12.0,0.004878885
30,79,13.0,0.0049375775
30,79,14.0,0.00457009
30,80,0.0,0.00044781814
30,80,1.0,0.0009885982
30,80,2.0,0.0018555318
30,80,3.0,0.0026034818
30,80,4.0,0.0025820688
30,80,5.0,0.0020933796
30,80,6.0,0.0016133885
30,80,7.0,0.0013959231
30,80,8.0,0.0013651735
30,80,9.0,0.0013606458
30,80,10.0,0.0013746296
30,80,11.0,0.0014389292
30,80,12.0,0.001532585
30,80,13.0,0.0015804267
30,80,14.0,0.0015128603
30,81,0.0,9.735001e-06
30,81,1.0,0.0
30,81,2.0,2.840871e-05
30,81,3.0,3.5376856e-05
30,81,4.0,4.079276e-05
30,81,5.0,4.4421307e-05
30,81,6.0,4.279808e-05
30,81,7.0,4.0869494e-05
30,81,8.0,3.8984028e-05
30,81,9.0,3.808511e-05
30,81,10.0,4.440811e-05
30,81,11.0,6.256025e-05
30,81,12.0,7.9063415e-05
30,81,13.0,7.4975e-05
30,81,14.0,4.0858802e-05
30,82,0.0,3.9539454e-08
30,82,1.0,2.1062917e-07
30,82,2.0,1.5656742e-07
30,82,3.0,9.7968005e-08
30,82,4.0,9.921394e-08
30,82,5.0,1.415455e-07
30,82,6.0,1.3685344e-07
30,82,7.0,1.05107965e-07
30,82,8.0,1.02733125e-07
30,82,9.0,1.2315704e-07
30,82,10.0,1.3741071e-07
30,82,11.0,1.3528258e-07
30,82,12.0,1.22768e-07
30,82,13.0,1.08931424e-07
30,82,14.0,9.9896766e-08
30,83,0.0,1.9945226e-07
30,83,1.0,2.6923672e-07
30,83,2.0,2.2742984e-07
30,83,3.0,1.7346467e-07
30,83,4.0,1.1724682e-07
30,83,5.0,8.5955854e-08
30,83,6.0,8.320177e-08
30,83,7.0,8.990012e-08
30,83,8.0,9.0636405e-08
30,83,9.0,8.0440074e-08
30,83,10.0,6.424852e-08
30,83,11.0,5.9318218e-08
30,83,12.0,6.342983e-08
30,83,13.0,7.020414e-08
30,83,14.0,9.702515e-08
30,84,0.0,1.2495167e-07
30,84,1.0,1.6108456e-07
30,84,2.0,1.81907e-07
30,84,3.0,2.1891437e-07
30,84,4.0,1.8826354e-07
30,84,5.0,1.5417177e-07
30,84,6.0,1.5789885e-07
30,84,7.0,1.8653274e-07
30,84,8.0,1.8117885e-07
30,84,9.0,1.4689626e-07
30,84,10.0,1.2723578e-07
30,84,11.0,1.3789418e-07
30,84,12.0,1.5663969e-07
30,84,13.0,1.5955972e-07
30,84,14.0,1.4813902e-07
30,85,0.0,7.901336e-08
30,85,1.0,1.2996388e-07
30,85,2.0,1.18319264e-07
30,85,3.0,1.0763208e-07
30,85,4.0,1.1221956e-07
30,85,5.0,1.1229413e-07
30,85,6.0,1.0404212e-07
30,85,7.0,9.1684896e-08
30,85,8.0,8.1506975e-08
30,85,9.0,7.776575e-08
30,85,10.0,8.0803964e-08
30,85,11.0,1.0174788e-07
30,85,12.0,1.5096704e-07
30,85,13.0,1.8115686e-07
30,85,14.0,1.8261468e-07
30,86,0.0,1.969083e-07
30,86,1.0,2.0609578e-07
30,86,2.0,2.0673764e-07
30,86,3.0,1.849728e-07
30,86,4.0,1.2498573e-07
30,86,5.0,1.5696658e-07
30,86,6.0,1.6666667e-07
30,86,7.0,1.4826688e-07
30,86,8.0,1.3600425e-07
30,86,9.0,1.4027492e-07
30,86,10.0,1.4927828e-07
30,86,11.0,1.5048647e-07
30,86,12.0,1.488618e-07
30,86,13.0,1.5357902e-07
30,86,14.0,1.7069097e-07
31,67,0.0,1.7880895e-07
31,67,1.0,1.6691854e-07
31,67,2.0,1.7810719e-07
31,67,3.0,1.7447557e-07
31,67,4.0,1.9031575e-07
31,67,5.0,1.7743686e-07
31,67,6.0,1.9234034e-07
31,67,7.0,1.4421748e-07
31,67,8.0,1.1911294e-07
31,67,9.0,1.2225824e-07
31,67,10.0,1.3896314e-07
31,67,11.0,1.4796717e-07
31,67,12.0,1.6859987e-07
31,67,13.0,1.6324627e-07
31,67,14.0,1.3572965e-07
31,68,0.0,1.6984812e-07
31,68,1.0,1.8279799e-07
31,68,2.0,1.8129194e-07
31,68,3.0,1.6854483e-07
31,68,4.0,1.702659e-07
31,68,5.0,1.9703481e-07
31,68,6.0,1.7775758e-07
31,68,7.0,1.2880825e-07
31,68,8.0,1.8463545e-07
31,68,9.0,2.1429027e-07
31,68,10.0,1.8303892e-07
31,68,11.0,1.9302554e-07
31,68,12.0,1.9008394e-07
31,68,13.0,1.2527958e-07
31,68,14.0,1.3370445e-07
31,69,0.0,1.6757811e-07
31,69,1.0,1.3609038e-07
31,69,2.0,1.7068245e-07
31,69,3.0,1.1921043e-07
31,69,4.0,1.7599942e-07
31,69,5.0,1.08575904e-07
31,69,6.0,1.3811952e-07
31,69,7.0,1.5955068e-07
31,69,8.0,1.8831365e-07
31,69,9.0,1.832009e-07
31,69,10.0,1.4360707e-07
31,69,11.0,1.4734445e-07
31,69,12.0,1.8578434e-07
31,69,13.0,1.8188231e-07
31,69,14.0,1.8758676e-07
31,70,0.0,1.3064411e-07
31,70,1.0,1.619196e-07
31,70,2.0,1.286183e-07
31,70,3.0,2.2461549e-07
31,70,4.0,2.2671249e-07
31,70,5.0,1.9215099e-07
31,70,6.0,9.3646314e-08
31,70,7.0,1.1316688e-07
31,70,8.0,1.218764e-07
31,70,9.0,1.1784201e-07
31,70,10.0,1.3803029e-07
31,70,11.0,1.9697461e-07
31,70,12.0,1.8168448e-07
31,70,13.0,1.817616e-07
31,70,14.0,1.8144543e-07
31,71,0.0,2.094934e-07
31,71,1.0,9.023759e-08
31,71,2.0,6.459994e-08
31,71,3.0,2.6103146e-08
31,71,4.0,9.8055835e-08
31,71,5.0,1.6652659e-07
31,71,6.0,1.8199836e-07
31,71,7.0,1.7826795e-07
31,71,8.0,1.7378305e-07
31,71,9.0,1.5907348e-07
31,71,10.0,1.7628231e-07
31,71,11.0,2.0296127e-07
31,71,12.0,2.3723143e-07
31,71,13.0,2.1312376e-07
31,71,14.0,3.0084402e-07
31,72,0.0,4.4539028e-10
31,72,1.0,1.1116749e-07
31,72,2.0,0.0
31,72,3.0,7.8103934e-10
31,72,4.0,0.0
31,72,5.0,2.3760673e-08
31,72,6.0,9.148243e-09
31,72,7.0,2.600454e-09
31,72,8.0,7.674876e-08
31,72,9.0,8.876475e-07
31,72,10.0,1.8893177e-06
31,72,11.0,9.5019027e-07
31,72,12.0,3.8842373e-07
31,72,13.0,9.831007e-08
31,72,14.0,1.1316744e-08
31,73,0.0,9.282643e-12
31,73,1.0,2.4374666e-10
31,73,2.0,1.57964e-09
31,73,3.0,2.8210954e-06
31,73,4.0,3.167892e-05
31,73,5.0,5.476166e-05
31,73,6.0,2.4326055e-05
31,73,7.0,1.0627287e-05
31,73,8.0,1.3277088e-05
31,73,9.0,3.4996796e-05
31,73,10.0,7.6435106e-05
31,73,11.0,9.145336e-05
31,73,12.0,7.5575015e-05
31,73,13.0,5.6600576e-05
31,73,14.0,4.3191507e-05
31,74,0.0,1.19631495e-05
31,74,1.0,2.0357502e-06
31,74,2.0,4.2322277e-05
31,74,3.0,0.00012603472
31,74,4.0,0.00022678878
31,74,5.0,0.00031421223
31,74,6.0,0.00035744385
31,74,7.0,0.0003500849
31,74,8.0,0.00030664244
31,74,9.0,0.00026428542
31,74,10.0,0.0002621452
31,74,11.0,0.00030107368
31,74,12.0,0.00033152653
31,74,13.0,0.00033053756
31,74,14.0,0.0002999834
31,75,0.0,8.73518e-05
31,75,1.0,0.00024114737
31,75,2.0,0.00061680283
31,75,3.0,0.0012305257
31,75,4.0,0.0016715336
31,75,5.0,0.0018277555
31,75,6.0,0.0018272417
31,75,7.0,0.0017049634
31,75,8.0,0.0015395628
31,75,9.0,0.0014359766
31,75,10.0,0.0014572963
31,75,11.0,0.0015823358
31,75,12.0,0.0018045336
31,75,13.0,0.002050015
31,75,14.0,0.0020723161
31,76,0.0,0.00024649076
31,76,1.0,0.0009228227
31,76,2.0,0.001911733
31,76,3.0,0.003091453
31,76,4.0,0.0039777923
31,76,5.0,0.0042623277
31,76,6.0,0.004174992
31,76,7.0,0.00388199
31,76,8.0,0.003602843
31,76,9.0,0.0035251472
31,76,10.0,0.0038195981
31,76,11.0,0.0044110585
31,76,12.0,0.0048712753
31,76,13.0,0.0049053268
31,76,14.0,0.0044059535
31,77,0.0,0.0011414568
31,77,1.0,0.0029315362
31,77,2.0,0.005951566
31,77,3.0,0.008867126
31,77,4.0,0.011012948
31,77,5.0,0.011594995
31,77,6.0,0.0110512385
31,77,7.0,0.010073208
31,77,8.0,0.0092528025
31,77,9.0,0.008979929
31,77,10.0,0.00939686
31,77,11.0,0.010219228
31,77,12.0,0.010932643
31,77,13.0,0.010988862
31,77,14.0,0.00989736
31,78,0.0,0.0020437995
31,78,1.0,0.0048216013
31,78,2.0,0.009233683
31,78,3.0,0.012962343
31,78,4.0,0.015031969
31,78,5.0,0.015764553
31,78,6.0,0.015543961
31,78,7.0,0.014788819
31,78,8.0,0.01385712
31,78,9.0,0.013172158
31,78,10.0,0.013171305
31,78,11.0,0.013559252
31,78,12.0,0.0137681
31,78,13.0,0.013453439
31,78,14.0,0.012101087
31,79,0.0,0.004391558
31,79,1.0,0.011169707
31,79,2.0,0.021725971
31,79,3.0,0.028618231
31,79,4.0,0.032563575
31,79,5.0,0.03302128
31,79,6.0,0.030824102
31,79,7.0,0.027424535
31,79,8.0,0.024131056
31,79,9.0,0.02207261
31,79,10.0,0.022087585
31,79,11.0,0.023228712
31,79,12.0,0.023884553
31,79,13.0,0.023055844
31,79,14.0,0.01946123
31,80,0.0,0.0026377493
31,80,1.0,0.006627047
31,80,2.0,0.011719039
31,80,3.0,0.017058074
31,80,4.0,0.020104138
31,80,5.0,0.020285044
31,80,6.0,0.019026099
31,80,7.0,0.01730724
31,80,8.0,0.015528386
31,80,9.0,0.014391171
31,80,10.0,0.014286297
31,80,11.0,0.014433438
31,80,12.0,0.01434445
31,80,13.0,0.013492935
31,80,14.0,0.011496591
31,81,0.0,0.0012517876
31,81,1.0,0.0038179178
31,81,2.0,0.006349352
31,81,3.0,0.007817832
31,81,4.0,0.008475935
31,81,5.0,0.008092749
31,81,6.0,0.0071166116
31,81,7.0,0.006104703
31,81,8.0,0.005417445
31,81,9.0,0.00526785
31,81,10.0,0.0057885144
31,81,11.0,0.0066229776
31,81,12.0,0.0070565594
31,81,13.0,0.0064422144
31,81,14.0,0.0046912427
31,82,0.0,9.111968e-05
31,82,1.0,0.00036403266
31,82,2.0,0.0006093141
31,82,3.0,0.0006504619
31,82,4.0,0.00061888096
31,82,5.0,0.0005682504
31,82,6.0,0.0005175377
31,82,7.0,0.0004819534
31,82,8.0,0.00047086904
31,82,9.0,0.00049480353
31,82,10.0,0.00056822284
31,82,11.0,0.00065981905
31,82,12.0,0.0007160024
31,82,13.0,0.00068147323
31,82,14.0,0.00057144597
31,83,0.0,3.0602096e-05
31,83,1.0,1.1874536e-05
31,83,2.0,2.1648548e-05
31,83,3.0,4.6562025e-05
31,83,4.0,6.723982e-05
31,83,5.0,7.807904e-05
31,83,6.0,8.287094e-05
31,83,7.0,8.4062565e-05
31,83,8.0,8.303315e-05
31,83,9.0,8.391766e-05
31,83,10.0,9.9279816e-05
31,83,11.0,0.00013299864
31,83,12.0,0.00015908938
31,83,13.0,0.00015358429
31,83,14.0,0.000103284154
31,84,0.0,2.7825338e-11
31,84,1.0,7.389947e-10
31,84,2.0,1.1362285e-07
31,84,3.0,2.1302327e-07
31,84,4.0,2.666591e-07
31,84,5.0,2.8568434e-07
31,84,6.0,2.5024679e-07
31,84,7.0,1.5631612e-07
31,84,8.0,5.3695683e-08
31,84,9.0,1.8281954e-08
31,84,10.0,1.5012883e-07
31,84,11.0,3.1874665e-06
31,84,12.0,7.983189e-06
31,84,13.0,5.4226293e-06
31,84,14.0,8.320933e-07
31,85,0.0,2.2240363e-07
31,85,1.0,1.2782345e-07
31,85,2.0,1.9924885e-08
31,85,3.0,8.5733156e-08
31,85,4.0,1.7993577e-07
31,85,5.0,2.3554703e-07
31,85,6.0,2.8220038e-07
31,85,7.0,3.3887918e-07
31,85,8.0,3.9669916e-07
31,85,9.0,3.6141532e-07
31,85,10.0,2.172254e-07
31,85,11.0,2.0197308e-07
31,85,12.0,2.7396086e-07
31,85,13.0,2.6450718e-07
31,85,14.0,2.219035e-07
31,86,0.0,1.7285903e-07
31,86,1.0,4.8253067e-08
31,86,2.0,9.254812e-08
31,86,3.0,1.1599649e-07
31,86,4.0,8.4088e-08
31,86,5.0,6.4088475e-08
31,86,6.0,6.28619e-08
31,86,7.0,7.91286e-08
31,86,8.0,1.16268346e-07
31,86,9.0,1.6461613e-07
31,86,10.0,1.9370542e-07
31,86,11.0,2.1671308e-07
31,86,12.0,2.3913492e-07
31,86,13.0,2.3202048e-07
31,86,14.0,2.2323498e-07
31,87,0.0,1.6528352e-07
31,87,1.0,1.6805501e-07
31,87,2.0,1.3323995e-07
31,87,3.0,1.1644747e-07
31,87,4.0,1.0253967e-07
31,87,5.0,9.33547e-08
31,87,6.0,8.931267e-08
31,87,7.0,9.26e-08
31,87,8.0,1.0870073e-07
31,87,9.0,1.3491423e-07
31,87,10.0,1.5828684e-07
31,87,11.0,1.7044783e-07
31,87,12.0,1.7421316e-07
31,87,13.0,1.7871308e-07
31,87,14.0,1.9202794e-07
31,88,0.0,1.8501215e-07
31,88,1.0,1.931024e-07
31,88,2.0,2.1237389e-07
31,88,3.0,2.0234359e-07
31,88,4.0,1.8255467e-07
31,88,5.0,1.6322883e-07
31,88,6.0,1.4667276e-07
31,88,7.0,1.3421028e-07
31,88,8.0,1.2518237e-07
31,88,9.0,1.1812204e-07
31,88,10.0,1.1502177e-07
31,88,11.0,1.17624936e-07
31,88,12.0,1.2320642e-07
31,88,13.0,1.2976693e-07
31,88,14.0,1.4039809e-07
31,89,0.0,1.6477938e-07
31,89,1.0,1.2531173e-07
31,89,2.0,1.64362e-07
31,89,3.0,1.5942415e-07
31,89,4.0,1.9512922e-07
31,89,5.0,2.4509987e-07
31,89,6.0,2.682581e-07
31,89,7.0,2.6308768e-07
31,89,8.0,2.399119e-07
31,89,9.0,2.0259789e-07
31,89,10.0,1.6096142e-07
31,89,11.0,1.4117484e-07
31,89,12.0,1.5117212e-07
31,89,13.0,1.6562777e-07
31,89,14.0,1.5676362e-07
32,69,0.0,1.5007656e-07
32,69,1.0,1.2066286e-07
32,69,2.0,1.3515356e-07
32,69,3.0,1.8148997e-07
32,69,4.0,1.7683627e-07
32,69,5.0,1.663591e-07
32,69,6.0,1.5625568e-07
32,69,7.0,1.7490594e-07
32,69,8.0,1.5165433e-07
32,69,9.0,1.5630955e-07
32,69,10.0,2.0349928e-07
32,69,11.0,1.674937e-07
32,69,12.0,1.2794318e-07
32,69,13.0,1.4172348e-07
32,69,14.0,1.8461581e-07
32,70,0.0,1.4076028e-07
32,70,1.0,1.4576622e-07
32,70,2.0,2.1612756e-07
32,70,3.0,2.3246693e-07
32,70,4.0,1.8721579e-07
32,70,5.0,2.1047684e-07
32,70,6.0,2.290718e-07
32,70,7.0,2.3072515e-07
32,70,8.0,1.8823769e-07
32,70,9.0,6.2650614e-08
32,70,10.0,9.225182e-08
32,70,11.0,2.6393965e-07
32,70,12.0,1.5323897e-07
32,70,13.0,1.4402129e-07
32,70,14.0,1.5354667e-07
32,71,0.0,1.2408482e-07
32,71,1.0,1.4299248e-07
32,71,2.0,1.8638994e-07
32,71,3.0,1.08725004e-07
32,71,4.0,1.3554934e-07
32,71,5.0,1.4173871e-07
32,71,6.0,2.100999e-07
32,71,7.0,1.8968382e-07
32,71,8.0,2.0624053e-07
32,71,9.0,2.2803195e-07
32,71,10.0,1.7307237e-07
32,71,11.0,1.7748788e-07
32,71,12.0,1.6959791e-07
32,71,13.0,1.2707564e-07
32,71,14.0,1.2010314e-07
32,72,0.0,6.1499705e-08
32,72,1.0,1.819427e-07
32,72,2.0,1.7145456e-07
32,72,3.0,1.6657229e-07
32,72,4.0,1.919913e-07
32,72,5.0,1.9175961e-07
32,72,6.0,1.2577168e-07
32,72,7.0,2.7350507e-07
32,72,8.0,1.2176874e-07
32,72,9.0,9.458118e-08
32,72,10.0,1.0942439e-07
32,72,11.0,1.0338074e-07
32,72,12.0,1.3168963e-07
32,72,13.0,1.5677676e-07
32,72,14.0,1.4003744e-07
32,73,0.0,4.4760515e-08
32,73,1.0,1.3850982e-07
32,73,2.0,1.4254637e-07
32,73,3.0,1.4666651e-07
32,73,4.0,1.4926515e-07
32,73,5.0,9.3278956e-08
32,73,6.0,8.2895305e-08
32,73,7.0,1.0147413e-07
32,73,8.0,1.4347037e-07
32,73,9.0,2.0064584e-07
32,73,10.0,2.38713e-07
32,73,11.0,2.5301915e-07
32,73,12.0,1.9689158e-07
32,73,13.0,1.2314607e-07
32,73,14.0,1.1759541e-07
32,74,0.0,3.3493443e-08
32,74,1.0,1.3528594e-07
32,74,2.0,7.182807e-08
32,74,3.0,1.2040684e-07
32,74,4.0,1.4547652e-07
32,74,5.0,2.0266506e-07
32,74,6.0,1.9736667e-07
32,74,7.0,6.4976704e-09
32,74,8.0,9.8172144e-08
32,74,9.0,4.3679486e-07
32,74,10.0,1.3299403e-07
32,74,11.0,2.2523183e-08
32,74,12.0,5.315362e-08
32,74,13.0,2.524709e-07
32,74,14.0,2.8265822e-07
32,75,0.0,6.7009755e-06
32,75,1.0,9.1988966e-08
32,75,2.0,2.3802197e-05
32,75,3.0,1.5328465e-05
32,75,4.0,3.192609e-05
32,75,5.0,5.925596e-05
32,75,6.0,7.5562e-05
32,75,7.0,8.0907834e-05
32,75,8.0,8.93492e-05
32,75,9.0,0.00011091929
32,75,10.0,0.00013465424
32,75,11.0,0.00012015582
32,75,12.0,8.2588216e-05
32,75,13.0,5.506906e-05
32,75,14.0,3.9619485e-05
32,76,0.0,5.4301516e-05
32,76,1.0,7.7573386e-05
32,76,2.0,0.00021178127
32,76,3.0,0.0002970189
32,76,4.0,0.00036434614
32,76,5.0,0.0004078556
32,76,6.0,0.0004250516
32,76,7.0,0.0004317222
32,76,8.0,0.00043441914
32,76,9.0,0.0004615865
32,76,10.0,0.0005218713
32,76,11.0,0.0005937757
32,76,12.0,0.0006439246
32,76,13.0,0.000654582
32,76,14.0,0.00057493156
32,77,0.0,0.00013594239
32,77,1.0,0.0004009688
32,77,2.0,0.00076639926
32,77,3.0,0.0010861348
32,77,4.0,0.0011711189
32,77,5.0,0.0011765901
32,77,6.0,0.0011455799
32,77,7.0,0.0010916034
32,77,8.0,0.0010458688
32,77,9.0,0.0010602727
32,77,10.0,0.0011948266
32,77,11.0,0.001431194
32,77,12.0,0.0016664509
32,77,13.0,0.0018015817
32,77,14.0,0.0017589455
32,78,0.0,0.0011382074
32,78,1.0,0.0020635524
32,78,2.0,0.0031244066
32,78,3.0,0.0042344565
32,78,4.0,0.0054053767
32,78,5.0,0.0056367386
32,78,6.0,0.005267491
32,78,7.0,0.0050840043
32,78,8.0,0.0052337544
32,78,9.0,0.0055359
32,78,10.0,0.005737703
32,78,11.0,0.0057644434
32,78,12.0,0.0059468676
32,78,13.0,0.0063263103
32,78,14.0,0.0066482043
32,79,0.0,0.0044239005
32,79,1.0,0.0066585043
32,79,2.0,0.01002138
32,79,3.0,0.015149131
32,79,4.0,0.017362574
32,79,5.0,0.017994672
32,79,6.0,0.01777762
32,79,7.0,0.01709665
32,79,8.0,0.01635583
32,79,9.0,0.015964253
32,79,10.0,0.016188772
32,79,11.0,0.016731538
32,79,12.0,0.017034594
32,79,13.0,0.016657764
32,79,14.0,0.015278085
32,80,0.0,0.015038972
32,80,1.0,0.025828585
32,80,2.0,0.03713213
32,80,3.0,0.044106785
32,80,4.0,0.04738149
32,80,5.0,0.048117135
32,80,6.0,0.047453735
32,80,7.0,0.046381224
32,80,8.0,0.04546124
32,80,9.0,0.04496984
32,80,10.0,0.04490086
32,80,11.0,0.04496059
32,80,12.0,0.044894
32,80,13.0,0.044757556
32,80,14.0,0.044910558
32,81,0.0,0.01625985
32,81,1.0,0.02743596
32,81,2.0,0.03728388
32,81,3.0,0.04900922
32,81,4.0,0.055349905
32,81,5.0,0.05766138
32,81,6.0,0.057844516
32,81,7.0,0.056886535
32,81,8.0,0.05527999
32,81,9.0,0.053208716
32,81,10.0,0.05056817
32,81,11.0,0.047244534
32,81,12.0,0.04364387
32,81,13.0,0.0405067
32,81,14.0,0.038200032
32,82,0.0,0.015399543
32,82,1.0,0.027082656
32,82,2.0,0.03580395
32,82,3.0,0.0390594
32,82,4.0,0.0397566
32,82,5.0,0.039658006
32,82,6.0,0.03928415
32,82,7.0,0.03868919
32,82,8.0,0.037811384
32,82,9.0,0.036566604
32,82,10.0,0.03486365
32,82,11.0,0.032788947
32,82,12.0,0.030405149
32,82,13.0,0.02798717
32,82,14.0,0.026359802
32,83,0.0,0.0067349514
32,83,1.0,0.0081500765
32,83,2.0,0.00926386
32,83,3.0,0.009983988
32,83,4.0,0.0103560295
32,83,5.0,0.010503243
32,83,6.0,0.010535355
32,83,7.0,0.01051863
32,83,8.0,0.010481276
32,83,9.0,0.0104215015
32,83,10.0,0.010315833
32,83,11.0,0.010101712
32,83,12.0,0.009686653
32,83,13.0,0.00903493
32,83,14.0,0.008216776
32,84,0.0,0.001799878
32,84,1.0,0.0020850177
32,84,2.0,0.0023153045
32,84,3.0,0.0026933262
32,84,4.0,0.0030186241
32,84,5.0,0.0031665629
32,84,6.0,0.0031444004
32,84,7.0,0.003029204
32,84,8.0,0.0028840885
32,84,9.0,0.002741317
32,84,10.0,0.0026042263
32,84,11.0,0.0024689473
32,84,12.0,0.0023543993
32,84,13.0,0.0022945374
32,84,14.0,0.0023174882
32,85,0.0,0.00022655369
32,85,1.0,0.00032600356
32,85,2.0,0.00041333743
32,85,3.0,0.00045419193
32,85,4.0,0.0004649731
32,85,5.0,0.00046295373
32,85,6.0,0.0004588228
32,85,7.0,0.0004564714
32,85,8.0,0.00045647382
32,85,9.0,0.0004588295
32,85,10.0,0.00046262628
32,85,11.0,0.00046290876
32,85,12.0,0.00045212757
32,85,13.0,0.00042827096
32,85,14.0,0.0003951187
32,86,0.0,4.5924873e-05
32,86,1.0,4.9341455e-05
32,86,2.0,4.704541e-05
32,86,3.0,2.857057e-07
32,86,4.0,1.7532334e-09
32,86,5.0,2.497581e-06
32,86,6.0,3.3049415e-05
32,86,7.0,5.1859104e-05
32,86,8.0,4.0509974e-05
32,86,9.0,2.5553858e-05
32,86,10.0,2.4509889e-05
32,86,11.0,3.657248e-05
32,86,12.0,5.3404154e-05
32,86,13.0,6.531718e-05
32,86,14.0,6.872661e-05
32,87,0.0,6.7170994e-08
32,87,1.0,2.039948e-08
32,87,2.0,1.322629e-07
32,87,3.0,2.1825338e-07
32,87,4.0,6.212428e-08
32,87,5.0,3.2661337e-08
32,87,6.0,5.0649152e-08
32,87,7.0,7.259422e-08
32,87,8.0,8.625696e-08
32,87,9.0,1.0202729e-07
32,87,10.0,1.1585607e-07
32,87,11.0,1.255028e-07
32,87,12.0,1.4129989e-07
32,87,13.0,1.628637e-07
32,87,14.0,1.8438924e-07
32,88,0.0,1.9824161e-07
32,88,1.0,1.977258e-07
32,88,2.0,1.6587894e-07
32,88,3.0,1.4808411e-07
32,88,4.0,1.3167521e-07
32,88,5.0,1.3651828e-07
32,88,6.0,1.536387e-07
32,88,7.0,1.4945942e-07
32,88,8.0,1.4317884e-07
32,88,9.0,1.4125516e-07
32,88,10.0,1.4455654e-07
32,88,11.0,1.4797256e-07
32,88,12.0,1.4621361e-07
32,88,13.0,1.3720111e-07
32,88,14.0,1.2574301e-07
32,89,0.0,1.1889106e-07
32,89,1.0,1.4910678e-07
32,89,2.0,1.8189071e-07
32,89,3.0,1.497174e-07
32,89,4.0,1.2079256e-07
32,89,5.0,1.4132249e-07
32,89,6.0,1.7864626e-07
32,89,7.0,2.1418877e-07
32,89,8.0,2.2713078e-07
32,89,9.0,2.1862797e-07
32,89,10.0,1.9550302e-07
32,89,11.0,1.7343022e-07
32,89,12.0,1.5793711e-07
32,89,13.0,1.4489135e-07
32,89,14.0,1.2788553e-07
32,90,0.0,1.4217201e-07
32,90,1.0,1.7300663e-07
32,90,2.0,9.7495885e-08
32,90,3.0,9.722289e-08
32,90,4.0,1.3277665e-07
32,90,5.0,1.97061e-07
32,90,6.0,2.206071e-07
32,90,7.0,1.9789576e-07
32,90,8.0,1.6940074e-07
32,90,9.0,1.5235776e-07
32,90,10.0,1.4471524e-07
32,90,11.0,1.4274762e-07
32,90,12.0,1.4551915e-07
32,90,13.0,1.4293813e-07
32,90,14.0,1.4772179e-07
32,91,0.0,1.3998482e-07
32,91,1.0,2.3544699e-07
32,91,2.0,1.6541793e-07
32,91,3.0,1.2081883e-07
32,91,4.0,1.5905022e-07
32,91,5.0,1.727186e-07
32,91,6.0,1.4961806e-07
32,91,7.0,1.4326002e-07
32,91,8.0,1.4682783e-07
32,91,9.0,1.5275529e-07
32,91,10.0,1.572695e-07
32,91,11.0,1.5875753e-07
32,91,12.0,1.5778558e-07
32,91,13.0,1.5595094e-07
32,91,14.0,1.5402992e-07
33,72,0.0,2.015424e-07
33,72,1.0,1.784987e-07
33,72,2.0,5.3357773e-08
33,72,3.0,1.10282535e-07
33,72,4.0,1.2593577e-07
33,72,5.0,1.1946722e-07
33,72,6.0,1.3327569e-07
33,72,7.0,1.50476e-07
33,72,8.0,1.6460639e-07
33,72,9.0,1.7921563e-07
33,72,10.0,2.0646617e-07
33,72,11.0,2.466577e-07
33,72,12.0,2.7759467e-07
33,72,13.0,2.9681786e-07
33,72,14.0,2.8491323e-07
33,73,0.0,2.1458011e-07
33,73,1.0,5.3843852e-08
33,73,2.0,8.3733305e-08
33,73,3.0,8.7414755e-08
33,73,4.0,1.250111e-07
33,73,5.0,1.5731187e-07
33,73,6.0,1.8313335e-07
33,73,7.0,2.1919381e-07
33,73,8.0,2.7034307e-07
33,73,9.0,3.172058e-07
33,73,10.0,3.210512e-07
33,73,11.0,2.71219e-07
33,73,12.0,2.3172888e-07
33,73,13.0,2.2792871e-07
33,73,14.0,2.3273334e-07
33,74,0.0,5.4945872e-08
33,74,1.0,3.960702e-08
33,74,2.0,9.191406e-08
33,74,3.0,1.32129e-07
33,74,4.0,2.4724469e-07
33,74,5.0,2.980743e-07
33,74,6.0,3.1348503e-07
33,74,7.0,4.0782922e-07
33,74,8.0,6.2582797e-07
33,74,9.0,7.801785e-07
33,74,10.0,4.941209e-07
33,74,11.0,1.5717067e-07
33,74,12.0,7.055441e-08
33,74,13.0,3.098537e-08
33,74,14.0,2.4287672e-08
33,75,0.0,1.5917321e-07
33,75,1.0,2.0418831e-07
33,75,2.0,3.341921e-07
33,75,3.0,3.5332295e-07
33,75,4.0,5.233279e-07
33,75,5.0,7.591538e-07
33,75,6.0,8.1888777e-07
33,75,7.0,6.4808665e-07
33,75,8.0,3.6654967e-07
33,75,9.0,1.4347125e-07
33,75,10.0,5.3845536e-08
33,75,11.0,5.239384e-08
33,75,12.0,1.1348643e-07
33,75,13.0,1.4397634e-07
33,75,14.0,6.641494e-08
33,76,0.0,7.8805975e-08
33,76,1.0,2.8645556e-07
33,76,2.0,8.716314e-09
33,76,3.0,3.7724757e-10
33,76,4.0,7.1429946e-09
33,76,5.0,4.4589992e-08
33,76,6.0,1.3066172e-07
33,76,7.0,1.8534843e-07
33,76,8.0,1.6405569e-07
33,76,9.0,9.434641e-08
33,76,10.0,2.4746976e-08
33,76,11.0,6.2836465e-09
33,76,12.0,4.1817945e-08
33,76,13.0,1.9353323e-07
33,76,14.0,1.1255469e-07
33,77,0.0,2.5057437e-07
33,77,1.0,1.6304177e-10
33,77,2.0,1.7591841e-09
33,77,3.0,1.1696005e-11
33,77,4.0,3.6952683e-10
33,77,5.0,4.0301797e-09
33,77,6.0,7.3295783e-09
33,77,7.0,6.434876e-09
33,77,8.0,3.7749333e-09
33,77,9.0,2.6635314e-09
33,77,10.0,2.6730916e-08
33,77,11.0,1.0260034e-06
33,77,12.0,1.3085895e-05
33,77,13.0,2.8929222e-05
33,77,14.0,2.3352672e-05
33,78,0.0,8.113141e-07
33,78,1.0,1.07783205e-08
33,78,2.0,8.275484e-06
33,78,3.0,2.7783213e-05
33,78,4.0,3.5234283e-05
33,78,5.0,3.8174912e-05
33,78,6.0,4.06346e-05
33,78,7.0,4.745634e-05
33,78,8.0,6.311986e-05
33,78,9.0,7.03278e-05
33,78,10.0,3.4540553e-05
33,78,11.0,7.215554e-06
33,78,12.0,6.4235237e-06
33,78,13.0,2.0796297e-05
33,78,14.0,2.8694694e-05
33,79,0.0,9.2266935e-05
33,79,1.0,0.00017687165
33,79,2.0,0.00029205927
33,79,3.0,0.0003302413
33,79,4.0,0.00031038342
33,79,5.0,0.00026489145
33,79,6.0,0.00022805443
33,79,7.0,0.00020916546
33,79,8.0,0.00020528103
33,79,9.0,0.00022646126
33,79,10.0,0.00031903514
33,79,11.0,0.00045369365
33,79,12.0,0.00054289075
33,79,13.0,0.00066053803
33,79,14.0,0.00067543366
33,80,0.0,0.0016775713
33,80,1.0,0.0025144801
33,80,2.0,0.0033047297
33,80,3.0,0.0039368123
33,80,4.0,0.0042417534
33,80,5.0,0.0043199244
33,80,6.0,0.0043018362
33,80,7.0,0.0042807837
33,80,8.0,0.0043416834
33,80,9.0,0.0045526694
33,80,10.0,0.0049725473
33,80,11.0,0.005538431
33,80,12.0,0.0061366144
33,80,13.0,0.0067085363
33,80,14.0,0.007202333
33,81,0.0,0.009274487
33,81,1.0,0.012633996
33,81,2.0,0.018114198
33,81,3.0,0.0223287
33,81,4.0,0.023963377
33,81,5.0,0.024091769
33,81,6.0,0.023677208
33,81,7.0,0.023267763
33,81,8.0,0.023120126
33,81,9.0,0.0233018
33,81,10.0,0.023734491
33,81,11.0,0.024212847
33,81,12.0,0.024531897
33,81,13.0,0.02467774
33,81,14.0,0.025140857
33,82,0.0,0.022879258
33,82,1.0,0.02934501
33,82,2.0,0.039696783
33,82,3.0,0.04970995
33,82,4.0,0.05506607
33,82,5.0,0.057178903
33,82,6.0,0.057747446
33,82,7.0,0.057646863
33,82,8.0,0.05718136
33,82,9.0,0.056320623
33,82,10.0,0.054868545
33,82,11.0,0.0530756
33,82,12.0,0.051533062
33,82,13.0,0.05118757
33,82,14.0,0.053707313
33,83,0.0,0.031922147
33,83,1.0,0.054144908
33,83,2.0,0.07012857
33,83,3.0,0.07681251
33,83,4.0,0.079795204
33,83,5.0,0.081284635
33,83,6.0,0.08208132
33,83,7.0,0.08228772
33,83,8.0,0.08163683
33,83,9.0,0.07962124
33,83,10.0,0.07578107
33,83,11.0,0.07117466
33,83,12.0,0.06751466
33,83,13.0,0.065997645
33,83,14.0,0.06825233
33,84,0.0,0.028373558
33,84,1.0,0.03173622
33,84,2.0,0.038162738
33,84,3.0,0.044274975
33,84,4.0,0.047921356
33,84,5.0,0.05038056
33,84,6.0,0.052436776
33,84,7.0,0.054032035
33,84,8.0,0.054681163
33,84,9.0,0.053704947
33,84,10.0,0.050493326
33,84,11.0,0.045944568
33,84,12.0,0.041695964
33,84,13.0,0.03887309
33,84,14.0,0.038424585
33,85,0.0,0.012723141
33,85,1.0,0.016960694
33,85,2.0,0.021139128
33,85,3.0,0.023169586
33,85,4.0,0.0240293
33,85,5.0,0.024496498
33,85,6.0,0.024871495
33,85,7.0,0.025173198
33,85,8.0,0.02526897
33,85,9.0,0.024915813
33,85,10.0,0.023795722
33,85,11.0,0.022141276
33,85,12.0,0.020719169
33,85,13.0,0.019866524
33,85,14.0,0.019415932
33,86,0.0,0.004230016
33,86,1.0,0.0050850464
33,86,2.0,0.0059570703
33,86,3.0,0.0066846265
33,86,4.0,0.0072399424
33,86,5.0,0.0076692826
33,86,6.0,0.0080228215
33,86,7.0,0.008319212
33,86,8.0,0.008548485
33,86,9.0,0.0086782295
33,86,10.0,0.008658015
33,86,11.0,0.008472742
33,86,12.0,0.008168987
33,86,13.0,0.007810444
33,86,14.0,0.0074472274
33,87,0.0,0.0010140945
33,87,1.0,0.0011948833
33,87,2.0,0.00139904
33,87,3.0,0.0015710101
33,87,4.0,0.0017052729
33,87,5.0,0.0018121974
33,87,6.0,0.0019030287
33,87,7.0,0.0019820645
33,87,8.0,0.0020458102
33,87,9.0,0.0020811611
33,87,10.0,0.0020625887
33,87,11.0,0.0019787971
33,87,12.0,0.001859489
33,87,13.0,0.0017385765
33,87,14.0,0.0016145832
33,88,0.0,0.00010232176
33,88,1.0,8.90151e-05
33,88,2.0,9.882862e-05
33,88,3.0,0.00012599582
33,88,4.0,0.00016026749
33,88,5.0,0.00019305597
33,88,6.0,0.0002215426
33,88,7.0,0.00024554293
33,88,8.0,0.00026569207
33,88,9.0,0.00028228413
33,88,10.0,0.00029392267
33,88,11.0,0.00029705235
33,88,12.0,0.00029109823
33,88,13.0,0.00027808608
33,88,14.0,0.00025999735
33,89,0.0,7.741074e-06
33,89,1.0,6.833517e-07
33,89,2.0,1.8947563e-05
33,89,3.0,3.7830792e-05
33,89,4.0,4.420892e-05
33,89,5.0,4.251906e-05
33,89,6.0,3.6101446e-05
33,89,7.0,2.792425e-05
33,89,8.0,2.0084526e-05
33,89,9.0,1.3813235e-05
33,89,10.0,9.839952e-06
33,89,11.0,8.339363e-06
33,89,12.0,8.714307e-06
33,89,13.0,1.2253908e-05
33,89,14.0,2.3248815e-05
33,90,0.0,1.9525598e-07
33,90,1.0,5.435089e-09
33,90,2.0,5.709791e-08
33,90,3.0,2.8271687e-09
33,90,4.0,7.715744e-08
33,90,5.0,1.7940572e-07
33,90,6.0,2.8680407e-07
33,90,7.0,3.9448034e-07
33,90,8.0,4.6871008e-07
33,90,9.0,4.8642806e-07
33,90,10.0,4.35399e-07
33,90,11.0,3.4139347e-07
33,90,12.0,2.6439807e-07
33,90,13.0,2.3281103e-07
33,90,14.0,2.2948086e-07
33,91,0.0,2.0931603e-07
33,91,1.0,9.549292e-08
33,91,2.0,1.8212602e-07
33,91,3.0,1.8007016e-07
33,91,4.0,1.203167e-07
33,91,5.0,1.530401e-07
33,91,6.0,1.6182148e-07
33,91,7.0,1.5757051e-07
33,91,8.0,1.5369652e-07
33,91,9.0,1.4865412e-07
33,91,10.0,1.4092105e-07
33,91,11.0,1.3267304e-07
33,91,12.0,1.2697097e-07
33,91,13.0,1.2536415e-07
33,91,14.0,1.2955923e-07
33,92,0.0,2.0049332e-07
33,92,1.0,1.214997e-07
33,92,2.0,1.6721407e-07
33,92,3.0,2.7543058e-07
33,92,4.0,2.2079526e-07
33,92,5.0,1.3379282e-07
33,92,6.0,1.1674796e-07
33,92,7.0,1.4136594e-07
33,92,8.0,1.763295e-07
33,92,9.0,1.7664513e-07
33,92,10.0,1.4719568e-07
33,92,11.0,1.2289823e-07
33,92,12.0,1.15480354e-07
33,92,13.0,1.1902965e-07
33,92,14.0,1.2648815e-07
33,93,0.0,1.9282034e-07
33,93,1.0,1.8607628e-07
33,93,2.0,1.7316343e-07
33,93,3.0,2.0462895e-07
33,93,4.0,2.2710908e-07
33,93,5.0,1.5980063e-07
33,93,6.0,1.2654213e-07
33,93,7.0,1.2301838e-07
33,93,8.0,1.3125587e-07
33,93,9.0,1.4158682e-07
33,93,10.0,1.5202066e-07
33,93,11.0,1.5974777e-07
33,93,12.0,1.6226244e-07
33,93,13.0,1.6007331e-07
33,93,14.0,1.533341e-07
33,94,0.0,1.7844177e-07
33,94,1.0,1.7483866e-07
33,94,2.0,1.1314518e-07
33,94,3.0,1.2565587e-07
33,94,4.0,1.6687572e-07
33,94,5.0,1.3649712e-07
33,94,6.0,1.3043697e-07
33,94,7.0,1.2798714e-07
33,94,8.0,1.17284586e-07
33,94,9.0,1.2832263e-07
33,94,10.0,1.5390482e-07
33,94,11.0,1.5978777e-07
33,94,12.0,1.7385257e-07
33,94,13.0,1.8936709e-07
33,94,14.0,1.9262735e-07
33,95,0.0,1.6010718e-07
33,95,1.0,1.3719855e-07
33,95,2.0,1.2275353e-07
33,95,3.0,1.0116271e-07
33,95,4.0,1.6164987e-07
33,95,5.0,1.464879e-07
33,95,6.0,1.3093762e-07
33,95,7.0,1.2432892e-07
33,95,8.0,1.2514191e-07
33,95,9.0,1.2486929e-07
33,95,10.0,1.2776545e-07
33,95,11.0,1.3601354e-07
33,95,12.0,1.4590277e-07
33,95,13.0,1.5056982e-07
33,95,14.0,1.5032258e-07
34,74,0.0,1.2670097e-07
34,74,1.0,9.359687e-08
34,74,2.0,1.396689e-07
34,74,3.0,1.7229833e-07
34,74,4.0,1.7725708e-07
34,74,5.0,1.6789429e-07
34,74,6.0,1.5902602e-07
34,74,7.0,1.2854585e-07
34,74,8.0,1.1705395e-07
34,74,9.0,1.3988347e-07
34,74,10.0,1.4765175e-07
34,74,11.0,4.8492197e-08
34,74,12.0,1.4601227e-07
34,74,13.0,1.4753998e-07
34,74,14.0,1.4910769e-07
34,75,0.0,1.211053e-07
34,75,1.0,2.4721362e-07
34,75,2.0,1.6588433e-07
34,75,3.0,1.2686917e-07
34,75,4.0,1.0093165e-07
34,75,5.0,1.0364973e-07
34,75,6.0,1.1529676e-07
34,75,7.0,1.2592342e-07
34,75,8.0,1.3099343e-07
34,75,9.0,1.2750584e-07
34,75,10.0,1.07269145e-07
34,75,11.0,1.08543816e-07
34,75,12.0,2.0663884e-07
34,75,13.0,1.2487523e-07
34,75,14.0,1.835892e-08
34,76,0.0,1.4885502e-07
34,76,1.0,1.5044002e-07
34,76,2.0,1.6347923e-07
34,76,3.0,1.4722121e-07
34,76,4.0,1.9544817e-07
34,76,5.0,1.6779197e-07
34,76,6.0,1.7615108e-07
34,76,7.0,2.0534499e-07
34,76,8.0,1.5916133e-07
34,76,9.0,2.149589e-07
34,76,10.0,1.4502817e-07
34,76,11.0,1.2652893e-07
34,76,12.0,1.7583405e-07
34,76,13.0,2.4383382e-07
34,76,14.0,2.482892e-07
34,77,0.0,2.9117012e-07
34,77,1.0,3.4547767e-07
34,77,2.0,1.2811343e-07
34,77,3.0,6.6023866e-09
34,77,4.0,6.50166e-08
34,77,5.0,5.538908e-07
34,77,6.0,5.730693e-07
34,77,7.0,2.7271037e-07
34,77,8.0,1.6778802e-07
34,77,9.0,1.6188545e-07
34,77,10.0,1.7602555e-07
34,77,11.0,1.5257345e-07
34,77,12.0,1.231684e-07
34,77,13.0,9.0886054e-08
34,77,14.0,7.572246e-08
34,78,0.0,9.7380055e-11
34,78,1.0,1.5145109e-09
34,78,2.0,2.5439371e-11
34,78,3.0,0.0
34,78,4.0,0.0
34,78,5.0,6.760052e-12
34,78,6.0,6.120856e-12
34,78,7.0,1.1351707e-12
34,78,8.0,1.4095247e-12
34,78,9.0,1.588831e-10
34,78,10.0,3.0091638e-13
34,78,11.0,0.0
34,78,12.0,3.0377814e-12
34,78,13.0,1.4508601e-10
34,78,14.0,8.121983e-12
34,79,0.0,1.4412402e-08
34,79,1.0,6.8256316e-09
34,79,2.0,5.576896e-11
34,79,3.0,0.0
34,79,4.0,0.0
34,79,5.0,0.0
34,79,6.0,1.0916183e-10
34,79,7.0,3.3299655e-06
34,79,8.0,2.9586385e-05
34,79,9.0,4.5336204e-05
34,79,10.0,2.8079445e-05
34,79,11.0,1.2595491e-05
34,79,12.0,4.976761e-06
34,79,13.0,1.3635281e-06
34,79,14.0,1.3935008e-07
34,80,0.0,0.0001657238
34,80,1.0,0.00016140699
34,80,2.0,0.00023185206
34,80,3.0,0.00022900337
34,80,4.0,0.00021256742
34,80,5.0,0.00020536507
34,80,6.0,0.00019639634
34,80,7.0,0.00018634928
34,80,8.0,0.0001830257
34,80,9.0,0.00019735818
34,80,10.0,0.00024288913
34,80,11.0,0.00032314585
34,80,12.0,0.00041699267
34,80,13.0,0.0004889752
34,80,14.0,0.0005333934
34,81,0.0,0.0022173931
34,81,1.0,0.0028682356
34,81,2.0,0.0033126252
34,81,3.0,0.0034687752
34,81,4.0,0.0035127487
34,81,5.0,0.0035277563
34,81,6.0,0.003555102
34,81,7.0,0.0036168457
34,81,8.0,0.0037280123
34,81,9.0,0.003906777
34,81,10.0,0.004179444
34,81,11.0,0.004586246
34,81,12.0,0.005184744
34,81,13.0,0.0060119038
34,81,14.0,0.0070076166
34,82,0.0,0.014322563
34,82,1.0,0.016863568
34,82,2.0,0.016849363
34,82,3.0,0.016931007
34,82,4.0,0.018470166
34,82,5.0,0.020297727
34,82,6.0,0.021724783
34,82,7.0,0.02257973
34,82,8.0,0.023137178
34,82,9.0,0.023605665
34,82,10.0,0.024130763
34,82,11.0,0.025107756
34,82,12.0,0.027313372
34,82,13.0,0.031568535
34,82,14.0,0.037181493
34,83,0.0,0.0500382
34,83,1.0,0.054522946
34,83,2.0,0.058852937
34,83,3.0,0.06099014
34,83,4.0,0.06222725
34,83,5.0,0.06340611
34,83,6.0,0.06477996
34,83,7.0,0.06636174
34,83,8.0,0.06805773
34,83,9.0,0.06969449
34,83,10.0,0.07107878
34,83,11.0,0.07251166
34,83,12.0,0.074556515
34,83,13.0,0.07761918
34,83,14.0,0.08241637
34,84,0.0,0.11946409
34,84,1.0,0.12822796
34,84,2.0,0.13390622
34,84,3.0,0.1393546
34,84,4.0,0.14275736
34,84,5.0,0.14530315
34,84,6.0,0.14784668
34,84,7.0,0.15065533
34,84,8.0,0.15352666
34,84,9.0,0.15599129
34,84,10.0,0.15763217
34,84,11.0,0.1588702
34,84,12.0,0.16037326
34,84,13.0,0.16269334
34,84,14.0,0.16740781
34,85,0.0,0.15249641
34,85,1.0,0.16199563
34,85,2.0,0.16358393
34,85,3.0,0.16147277
34,85,4.0,0.16027902
34,85,5.0,0.16152021
34,85,6.0,0.16478616
34,85,7.0,0.16875957
34,85,8.0,0.17171682
34,85,9.0,0.1718573
34,85,10.0,0.16774121
34,85,11.0,0.1611364
34,85,12.0,0.15540536
34,85,13.0,0.15248081
34,85,14.0,0.1543286
34,86,0.0,0.13745707
34,86,1.0,0.124829955
34,86,2.0,0.12388264
34,86,3.0,0.12712958
34,86,4.0,0.13146144
34,86,5.0,0.13444695
34,86,6.0,0.13575098
34,86,7.0,0.13589378
34,86,8.0,0.13491689
34,86,9.0,0.13244537
34,86,10.0,0.12817536
34,86,11.0,0.12345554
34,86,12.0,0.12040382
34,86,13.0,0.119159505
34,86,14.0,0.119358316
34,87,0.0,0.07869048
34,87,1.0,0.07599338
34,87,2.0,0.077112295
34,87,3.0,0.07764281
34,87,4.0,0.07742229
34,87,5.0,0.07692198
34,87,6.0,0.07634304
34,87,7.0,0.075644456
34,87,8.0,0.074633695
34,87,9.0,0.07300069
34,87,10.0,0.07033996
34,87,11.0,0.06682487
34,87,12.0,0.06358811
34,87,13.0,0.061486904
34,87,14.0,0.060629793
34,88,0.0,0.03154954
34,88,1.0,0.029475072
34,88,2.0,0.029132051
34,88,3.0,0.028849408
34,88,4.0,0.028424367
34,88,5.0,0.02800476
34,88,6.0,0.027584448
34,88,7.0,0.027080858
34,88,8.0,0.026354998
34,88,9.0,0.025311155
34,88,10.0,0.02408435
34,88,11.0,0.023170661
34,88,12.0,0.022541765
34,88,13.0,0.021759039
34,88,14.0,0.021324124
34,89,0.0,0.007013378
34,89,1.0,0.0073213237
34,89,2.0,0.0075288275
34,89,3.0,0.0075045214
34,89,4.0,0.0073883515
34,89,5.0,0.007244334
34,89,6.0,0.007116229
34,89,7.0,0.007008711
34,89,8.0,0.0069113295
34,89,9.0,0.0068106977
34,89,10.0,0.0066836346
34,89,11.0,0.0064992877
34,89,12.0,0.0062479945
34,89,13.0,0.005961875
34,89,14.0,0.0056883995
34,90,0.0,0.0014186276
34,90,1.0,0.0013003309
34,90,2.0,0.0010443102
34,90,3.0,0.00075034983
34,90,4.0,0.0008453057
34,90,5.0,0.0010569044
34,90,6.0,0.001173797
34,90,7.0,0.0012108383
34,90,8.0,0.0012165447
34,90,9.0,0.0012096232
34,90,10.0,0.0011904733
34,90,11.0,0.0011541313
34,90,12.0,0.0011063551
34,90,13.0,0.0010663604
34,90,14.0,0.0010558824
34,91,0.0,0.00015652065
34,91,1.0,0.0001057239
34,91,2.0,0.00013026099
34,91,3.0,0.00014934535
34,91,4.0,0.00015211424
34,91,5.0,0.00015385378
34,91,6.0,0.00015693651
34,91,7.0,0.00016198309
34,91,8.0,0.00016813487
34,91,9.0,0.00017327227
34,91,10.0,0.0001738853
34,91,11.0,0.00016658641
34,91,12.0,0.00015177237
34,91,13.0,0.00013593343
34,91,14.0,0.00012743802
34,92,0.0,1.2942546e-05
34,92,1.0,0.0
34,92,2.0,1.9087372e-05
34,92,3.0,3.695489e-05
34,92,4.0,1.6624897e-05
34,92,5.0,1.5861093e-06
34,92,6.0,2.8855432e-08
34,92,7.0,2.7054105e-08
34,92,8.0,2.3789333e-07
34,92,9.0,5.610605e-07
34,92,10.0,4.361562e-07
34,92,11.0,1.4746283e-07
34,92,12.0,2.1269301e-08
34,92,13.0,6.493973e-10
34,92,14.0,0.0
34,93,0.0,1.4324115e-07
34,93,1.0,7.763371e-08
34,93,2.0,1.5249525e-07
34,93,3.0,1.6711206e-07
34,93,4.0,2.3662975e-07
34,93,5.0,2.382473e-07
34,93,6.0,1.9114316e-07
34,93,7.0,1.6924999e-07
34,93,8.0,1.6243261e-07
34,93,9.0,1.6263043e-07
34,93,10.0,1.6717465e-07
34,93,11.0,1.7272265e-07
34,93,12.0,1.7566573e-07
34,93,13.0,1.7411051e-07
34,93,14.0,1.67253e-07
34,94,0.0,1.0701641e-07
34,94,1.0,8.373067e-08
34,94,2.0,7.746446e-08
34,94,3.0,1.09875856e-07
34,94,4.0,1.6802088e-07
34,94,5.0,1.7581256e-07
34,94,6.0,1.6774158e-07
34,94,7.0,2.024892e-07
34,94,8.0,2.0948406e-07
34,94,9.0,2.0180164e-07
34,94,10.0,2.0331944e-07
34,94,11.0,2.1866353e-07
34,94,12.0,1.9778113e-07
34,94,13.0,1.4552003e-07
34,94,14.0,1.1236983e-07
34,95,0.0,1.8335402e-07
34,95,1.0,1.6311608e-07
34,95,2.0,1.2550439e-07
34,95,3.0,1.4826237e-07
34,95,4.0,1.2185384e-07
34,95,5.0,1.1551135e-07
34,95,6.0,1.2654093e-07
34,95,7.0,1.5158793e-07
34,95,8.0,1.4369724e-07
34,95,9.0,1.3446582e-07
34,95,10.0,1.3535323e-07
34,95,11.0,1.4463743e-07
34,95,12.0,1.5931242e-07
34,95,13.0,1.7163744e-07
34,95,14.0,1.762377e-07
34,96,0.0,1.6761167e-07
34,96,1.0,1.9060049e-07
34,96,2.0,1.4633622e-07
34,96,3.0,1.8424132e-07
34,96,4.0,1.9991113e-07
34,96,5.0,1.9617777e-07
34,96,6.0,1.9089644e-07
34,96,7.0,1.9422437e-07
34,96,8.0,2.1759027e-07
34,96,9.0,2.456624e-07
34,96,10.0,1.7306175e-07
34,96,11.0,1.4281811e-07
34,96,12.0,1.5880873e-07
34,96,13.0,1.7972236e-07
34,96,14.0,1.9786053e-07
35,77,0.0,1.1349012e-07
35,77,1.0,1.3222652e-07
35,77,2.0,1.6945201e-07
35,77,3.0,1.9204762e-07
35,77,4.0,1.9889367e-07
35,77,5.0,1.9818617e-07
35,77,6.0,1.9358328e-07
35,77,7.0,1.8240785e-07
35,77,8.0,1.6816784e-07
35,77,9.0,1.5946553e-07
35,77,10.0,1.6105245e-07
35,77,11.0,1.7284438e-07
35,77,12.0,1.9148884e-07
35,77,13.0,2.0715635e-07
35,77,14.0,2.1023388e-07
35,78,0.0,9.9957404e-08
35,78,1.0,8.8148845e-08
35,78,2.0,1.261862e-07
35,78,3.0,1.6127586e-07
35,78,4.0,2.0368438e-07
35,78,5.0,2.2256421e-07
35,78,6.0,2.2813957e-07
35,78,7.0,2.3091471e-07
35,78,8.0,2.3462242e-07
35,78,9.0,2.3706554e-07
35,78,10.0,2.2852994e-07
35,78,11.0,2.0199012e-07
35,78,12.0,1.7550263e-07
35,78,13.0,1.6435374e-07
35,78,14.0,1.6199468e-07
35,79,0.0,1.7273628e-07
35,79,1.0,1.3997533e-07
35,79,2.0,1.1813761e-07
35,79,3.0,1.1440911e-07
35,79,4.0,1.0034632e-07
35,79,5.0,8.908163e-08
35,79,6.0,8.3639165e-08
35,79,7.0,7.749353e-08
35,79,8.0,6.6539805e-08
35,79,9.0,4.9474618e-08
35,79,10.0,2.9997512e-08
35,79,11.0,1.76655e-08
35,79,12.0,1.3287932e-08
35,79,13.0,1.6923797e-08
35,79,14.0,3.910273e-08
35,80,0.0,1.5605669e-07
35,80,1.0,6.457048e-08
35,80,2.0,7.4273765e-09
35,80,3.0,4.5911372e-09
35,80,4.0,1.3597253e-08
35,80,5.0,3.6399104e-08
35,80,6.0,5.6554732e-08
35,80,7.0,4.9147012e-08
35,80,8.0,2.4609667e-08
35,80,9.0,6.436761e-09
35,80,10.0,1.2630739e-09
35,80,11.0,2.5538864e-09
35,80,12.0,1.7465787e-08
35,80,13.0,7.785349e-08
35,80,14.0,1.221149e-07
35,81,0.0,8.207324e-10
35,81,1.0,1.1128792e-08
35,81,2.0,2.911827e-08
35,81,3.0,3.9277715e-08
35,81,4.0,2.8696089e-08
35,81,5.0,1.802885e-08
35,81,6.0,4.8848445e-08
35,81,7.0,1.1354346e-06
35,81,8.0,2.0824597e-05
35,81,9.0,5.874328e-05
35,81,10.0,3.0415526e-05
35,81,11.0,1.7440087e-05
35,81,12.0,2.5949073e-05
35,81,13.0,4.395635e-05
35,81,14.0,5.618419e-05
35,82,0.0,0.00016354833
35,82,1.0,0.00014264385
35,82,2.0,0.00015719872
35,82,3.0,0.00019445844
35,82,4.0,0.00022333904
35,82,5.0,0.00023170415
35,82,6.0,0.00022692837
35,82,7.0,0.00022740594
35,82,8.0,0.0002544853
35,82,9.0,0.00031889929
35,82,10.0,0.0004176089
35,82,11.0,0.0005171378
35,82,12.0,0.00058048975
35,82,13.0,0.0006091787
35,82,14.0,0.0006301732
35,83,0.0,0.0024137574
35,83,1.0,0.0024177376
35,83,2.0,0.002402465
35,83,3.0,0.0024618087
35,83,4.0,0.0026119426
35,83,5.0,0.0028272949
35,83,6.0,0.0030982269
35,83,7.0,0.0034116001
35,83,8.0,0.003746644
35,83,9.0,0.0040967367
35,83,10.0,0.0044679325
35,83,11.0,0.0048739314
35,83,12.0,0.0053636017
35,83,13.0,0.006026005
35,83,14.0,0.006884078
35,84,0.0,0.013036692
35,84,1.0,0.014200497
35,84,2.0,0.014141263
35,84,3.0,0.013620052
35,84,4.0,0.013282189
35,84,5.0,0.013444023
35,84,6.0,0.014094723
35,84,7.0,0.015176679
35,84,8.0,0.01658139
35,84,9.0,0.01817221
35,84,10.0,0.019871503
35,84,11.0,0.021752372
35,84,12.0,0.023907578
35,84,13.0,0.02640768
35,84,14.0,0.029606828
35,85,0.0,0.053818583
35,85,1.0,0.059433986
35,85,2.0,0.060451414
35,85,3.0,0.060176015
35,85,4.0,0.060639493
35,85,5.0,0.06256481
35,85,6.0,0.066127695
35,85,7.0,0.070951976
35,85,8.0,0.076052584
35,85,9.0,0.08039394
35,85,10.0,0.083409615
35,85,11.0,0.08551888
35,85,12.0,0.08748437
35,85,13.0,0.089843646
35,85,14.0,0.09313117
35,86,0.0,0.11802939
35,86,1.0,0.13165252
35,86,2.0,0.13408867
35,86,3.0,0.13158244
35,86,4.0,0.13023926
35,86,5.0,0.13097215
35,86,6.0,0.13345608
35,86,7.0,0.13718595
35,86,8.0,0.14154328
35,86,9.0,0.1457997
35,86,10.0,0.14924583
35,86,11.0,0.15239502
35,86,12.0,0.15647587
35,86,13.0,0.16201907
35,86,14.0,0.16976452
35,87,0.0,0.18516083
35,87,1.0,0.18866418
35,87,2.0,0.18825181
35,87,3.0,0.1890572
35,87,4.0,0.19027182
35,87,5.0,0.19206576
35,87,6.0,0.19456612
35,87,7.0,0.19767454
35,87,8.0,0.20099686
35,87,9.0,0.20375964
35,87,10.0,0.20504889
35,87,11.0,0.20506822
35,87,12.0,0.20479037
35,87,13.0,0.20473623
35,87,14.0,0.20531607
35,88,0.0,0.18848324
35,88,1.0,0.20594072
35,88,2.0,0.20929839
35,88,3.0,0.2065877
35,88,4.0,0.20385106
35,88,5.0,0.20263961
35,88,6.0,0.20280594
35,88,7.0,0.20373535
35,88,8.0,0.20466702
35,88,9.0,0.2046853
35,88,10.0,0.20278475
35,88,11.0,0.1989873
35,88,12.0,0.19444908
35,88,13.0,0.19035721
35,88,14.0,0.18785283
35,89,0.0,0.11599746
35,89,1.0,0.1303738
35,89,2.0,0.13237262
35,89,3.0,0.13495596
35,89,4.0,0.13601553
35,89,5.0,0.13583946
35,89,6.0,0.13503481
35,89,7.0,0.13370779
35,89,8.0,0.13164221
35,89,9.0,0.12856656
35,89,10.0,0.12444836
35,89,11.0,0.119942546
35,89,12.0,0.11559267
35,89,13.0,0.11160195
35,89,14.0,0.10831674
35,90,0.0,0.055464316
35,90,1.0,0.056156386
35,90,2.0,0.061372716
35,90,3.0,0.06460961
35,90,4.0,0.065592885
35,90,5.0,0.065259665
35,90,6.0,0.06423769
35,90,7.0,0.062760495
35,90,8.0,0.06087989
35,90,9.0,0.058576107
35,90,10.0,0.05582322
35,90,11.0,0.052895065
35,90,12.0,0.05030914
35,90,13.0,0.04832586
35,90,14.0,0.04679001
35,91,0.0,0.016615652
35,91,1.0,0.018892607
35,91,2.0,0.021196054
35,91,3.0,0.021740114
35,91,4.0,0.021440603
35,91,5.0,0.020911453
35,91,6.0,0.02033783
35,91,7.0,0.019725667
35,91,8.0,0.019048693
35,91,9.0,0.018297806
35,91,10.0,0.017491722
35,91,11.0,0.016660478
35,91,12.0,0.01587115
35,91,13.0,0.015154624
35,91,14.0,0.014388535
35,92,0.0,0.003279661
35,92,1.0,0.0032388447
35,92,2.0,0.003758326
35,92,3.0,0.0040531443
35,92,4.0,0.00421268
35,92,5.0,0.0042754654
35,92,6.0,0.0042680358
35,92,7.0,0.0042146873
35,92,8.0,0.004139191
35,92,9.0,0.004060382
35,92,10.0,0.0039778035
35,92,11.0,0.0038378318
35,92,12.0,0.003592771
35,92,13.0,0.0032557005
35,92,14.0,0.0028827668
35,93,0.0,0.0005105965
35,93,1.0,0.00035502322
35,93,2.0,0.0005192359
35,93,3.0,0.000608131
35,93,4.0,0.0006268549
35,93,5.0,0.00062146276
35,93,6.0,0.0006090331
35,93,7.0,0.0005969808
35,93,8.0,0.00059046276
35,93,9.0,0.0005958657
35,93,10.0,0.0006206374
35,93,11.0,0.00065248285
35,93,12.0,0.0006635149
35,93,13.0,0.00064805255
35,93,14.0,0.00061347755
35,94,0.0,4.835578e-05
35,94,1.0,1.4481888e-05
35,94,2.0,9.570439e-06
35,94,3.0,2.4043316e-06
35,94,4.0,4.301625e-06
35,94,5.0,9.722349e-06
35,94,6.0,1.7019995e-05
35,94,7.0,2.5895448e-05
35,94,8.0,3.846329e-05
35,94,9.0,5.778389e-05
35,94,10.0,8.151025e-05
35,94,11.0,9.134903e-05
35,94,12.0,8.7221706e-05
35,94,13.0,8.386907e-05
35,94,14.0,8.360751e-05
35,95,0.0,2.3184472e-09
35,95,1.0,4.759859e-15
35,95,2.0,0.0
35,95,3.0,1.3070227e-11
35,95,4.0,8.045403e-12
35,95,5.0,7.409224e-13
35,95,6.0,5.581003e-13
35,95,7.0,2.5905658e-12
35,95,8.0,1.1553413e-11
35,95,9.0,4.077744e-11
35,95,10.0,1.2780864e-10
35,95,11.0,2.2300345e-10
35,95,12.0,1.4664207e-10
35,95,13.0,4.5764635e-11
35,95,14.0,1.2292132e-11
35,96,0.0,9.990246e-08
35,96,1.0,8.422583e-08
35,96,2.0,1.4219732e-07
35,96,3.0,1.3064042e-07
35,96,4.0,1.3288573e-07
35,96,5.0,1.1369001e-07
35,96,6.0,8.452681e-08
35,96,7.0,6.717497e-08
35,96,8.0,5.7364776e-08
35,96,9.0,5.2933206e-08
35,96,10.0,5.488985e-08
35,96,11.0,6.852102e-08
35,96,12.0,8.786561e-08
35,96,13.0,9.414123e-08
35,96,14.0,9.3455654e-08
35,97,0.0,1.2923715e-07
35,97,1.0,1.1950246e-07
35,97,2.0,1.5597013e-07
35,97,3.0,1.2929567e-07
35,97,4.0,1.0387993e-07
35,97,5.0,1.3986451e-07
35,97,6.0,1.4387989e-07
35,97,7.0,1.4398603e-07
35,97,8.0,1.5396041e-07
35,97,9.0,1.6704557e-07
35,97,10.0,1.7023292e-07
35,97,11.0,1.5584432e-07
35,97,12.0,1.4004738e-07
35,97,13.0,1.3508004e-07
35,97,14.0,1.2458564e-07
35,98,0.0,1.642224e-07
35,98,1.0,1.2255353e-07
35,98,2.0,1.06741595e-07
35,98,3.0,1.3013164e-07
35,98,4.0,1.2344374e-07
35,98,5.0,8.836891e-08
35,98,6.0,1.3585277e-07
35,98,7.0,1.4517707e-07
35,98,8.0,1.3630124e-07
35,98,9.0,1.2645218e-07
35,98,10.0,1.2427644e-07
35,98,11.0,1.1117438e-07
35,98,12.0,1.09204734e-07
35,98,13.0,1.0557917e-07
35,98,14.0,1.0104781e-07
35,99,0.0,1.1968339e-07
35,99,1.0,1.04608866e-07
35,99,2.0,1.2840468e-07
35,99,3.0,1.04100835e-07
35,99,4.0,1.2734665e-07
35,99,5.0,1.07456515e-07
35,99,6.0,9.565135e-08
35,99,7.0,1.2397767e-07
35,99,8.0,1.4219644e-07
35,99,9.0,1.3784343e-07
35,99,10.0,1.3516322e-07
35,99,11.0,1.24383e-07
35,99,12.0,1.2446277e-07
35,99,13.0,1.343353e-07
35,99,14.0,1.3233608e-07
35,100,0.0,1.2533516e-07
35,100,1.0,1.9718368e-07
35,100,2.0,1.6419372e-07
35,100,3.0,1.3289319e-07
35,100,4.0,1.5282023e-07
35,100,5.0,1.1874305e-07
35,100,6.0,1.17451265e-07
35,100,7.0,1.3552324e-07
35,100,8.0,1.2978487e-07
35,100,9.0,1.2150824e-07
35,100,10.0,1.16749845e-07
35,100,11.0,1.1592233e-07
35,100,12.0,1.3805035e-07
35,100,13.0,1.4360488e-07
35,100,14.0,1.35803e-07
36,79,0.0,1.8904913e-07
36,79,1.0,1.6382307e-07
36,79,2.0,1.6904168e-07
36,79,3.0,1.864862e-07
36,79,4.0,1.7494877e-07
36,79,5.0,1.7982592e-07
36,79,6.0,1.9242574e-07
36,79,7.0,1.9642458e-07
36,79,8.0,1.8893567e-07
36,79,9.0,1.7827105e-07
36,79,10.0,1.5902174e-07
36,79,11.0,1.563016e-07
36,79,12.0,1.6686096e-07
36,79,13.0,1.5478065e-07
36,79,14.0,1.4214801e-07
36,80,0.0,1.7504107e-07
36,80,1.0,1.5021023e-07
36,80,2.0,1.1800132e-07
36,80,3.0,1.4347741e-07
36,80,4.0,1.965681e-07
36,80,5.0,2.0614998e-07
36,80,6.0,1.9315017e-07
36,80,7.0,1.7756932e-07
36,80,8.0,1.6479302e-07
36,80,9.0,1.5666691e-07
36,80,10.0,1.5896954e-07
36,80,11.0,1.8596363e-07
36,80,12.0,2.1913644e-07
36,80,13.0,1.8911777e-07
36,80,14.0,1.782395e-07
36,81,0.0,1.1729441e-07
36,81,1.0,1.3053192e-07
36,81,2.0,1.1915307e-07
36,81,3.0,1.3592152e-07
36,81,4.0,2.12091e-07
36,81,5.0,2.897822e-07
36,81,6.0,2.8035126e-07
36,81,7.0,2.1086954e-07
36,81,8.0,1.4841692e-07
36,81,9.0,1.0565181e-07
36,81,10.0,7.306988e-08
36,81,11.0,5.1913524e-08
36,81,12.0,4.6983857e-08
36,81,13.0,6.0855605e-08
36,81,14.0,6.9901795e-08
36,82,0.0,1.3542769e-11
36,82,1.0,3.4695349e-09
36,82,2.0,7.149261e-08
36,82,3.0,1.4823873e-06
36,82,4.0,4.5483416e-06
36,82,5.0,5.760396e-06
36,82,6.0,5.3442636e-06
36,82,7.0,4.533203e-06
36,82,8.0,3.6363158e-06
36,82,9.0,2.5934244e-06
36,82,10.0,1.531205e-06
36,82,11.0,8.3019006e-07
36,82,12.0,8.9219475e-07
36,82,13.0,3.6168983e-06
36,82,14.0,1.0055946e-05
36,83,0.0,4.475586e-05
36,83,1.0,5.924519e-05
36,83,2.0,3.383293e-05
36,83,3.0,1.6696365e-05
36,83,4.0,1.6938375e-05
36,83,5.0,2.7975884e-05
36,83,6.0,5.0856663e-05
36,83,7.0,7.6258344e-05
36,83,8.0,8.6264525e-05
36,83,9.0,7.910985e-05
36,83,10.0,7.7760866e-05
36,83,11.0,0.00010299975
36,83,12.0,0.00013410648
36,83,13.0,0.0001445521
36,83,14.0,0.00015394182
36,84,0.0,0.0008381076
36,84,1.0,0.00072123116
36,84,2.0,0.00057556166
36,84,3.0,0.00047993154
36,84,4.0,0.00044885374
36,84,5.0,0.00046949438
36,84,6.0,0.0005319307
36,84,7.0,0.0006254461
36,84,8.0,0.0007356272
36,84,9.0,0.0008488915
36,84,10.0,0.000958428
36,84,11.0,0.0010770481
36,84,12.0,0.0012451235
36,84,13.0,0.0015297777
36,84,14.0,0.0020672036
36,85,0.0,0.004730061
36,85,1.0,0.0046369303
36,85,2.0,0.0046090386
36,85,3.0,0.0046102535
36,85,4.0,0.0046798657
36,85,5.0,0.0048252097
36,85,6.0,0.0050462447
36,85,7.0,0.0053433655
36,85,8.0,0.005715433
36,85,9.0,0.0061550615
36,85,10.0,0.0066485177
36,85,11.0,0.007187193
36,85,12.0,0.0078119226
36,85,13.0,0.008770583
36,85,14.0,0.010349897
36,86,0.0,0.050395
36,86,1.0,0.04232469
36,86,2.0,0.035001125
36,86,3.0,0.031439163
36,86,4.0,0.03175209
36,86,5.0,0.03425096
36,86,6.0,0.038161956
36,86,7.0,0.042407554
36,86,8.0,0.04583853
36,86,9.0,0.04851114
36,86,10.0,0.0505494
36,86,11.0,0.05217615
36,86,12.0,0.054725178
36,86,13.0,0.060009338
36,86,14.0,0.06818661
36,87,0.0,0.124431625
36,87,1.0,0.11804605
36,87,2.0,0.10909516
36,87,3.0,0.102493405
36,87,4.0,0.09914902
36,87,5.0,0.098655164
36,87,6.0,0.10047094
36,87,7.0,0.10419443
36,87,8.0,0.109505504
36,87,9.0,0.116010256
36,87,10.0,0.123125456
36,87,11.0,0.13068374
36,87,12.0,0.13815546
36,87,13.0,0.14579001
36,87,14.0,0.15496276
36,88,0.0,0.33297208
36,88,1.0,0.28874
36,88,2.0,0.25333
36,88,3.0,0.24526657
36,88,4.0,0.25120258
36,88,5.0,0.25753757
36,88,6.0,0.2632303
36,88,7.0,0.2681736
36,88,8.0,0.27233368
36,88,9.0,0.27559853
36,88,10.0,0.2779795
36,88,11.0,0.28140432
36,88,12.0,0.28835177
36,88,13.0,0.2999077
36,88,14.0,0.31540886
36,89,0.0,0.47957492
36,89,1.0,0.42310756
36,89,2.0,0.38657263
36,89,3.0,0.36917934
36,89,4.0,0.36142424
36,89,5.0,0.3594346
36,89,6.0,0.36084226
36,89,7.0,0.36398044
36,89,8.0,0.3677967
36,89,9.0,0.37122744
36,89,10.0,0.37275395
36,89,11.0,0.37238353
36,89,12.0,0.37164444
36,89,13.0,0.37197182
36,89,14.0,0.37527347
36,90,0.0,0.5165027
36,90,1.0,0.48035938
36,90,2.0,0.42862725
36,90,3.0,0.40215847
36,90,4.0,0.3989459
36,90,5.0,0.40460363
36,90,6.0,0.41034943
36,90,7.0,0.41381183
36,90,8.0,0.4140375
36,90,9.0,0.4097608
36,90,10.0,0.39906344
36,90,11.0,0.3839231
36,90,12.0,0.36952546
36,90,13.0,0.36115316
36,90,14.0,0.36130536
36,91,0.0,0.35701293
36,91,1.0,0.32795712
36,91,2.0,0.30595395
36,91,3.0,0.2975459
36,91,4.0,0.29112482
36,91,5.0,0.28528947
36,91,6.0,0.28012443
36,91,7.0,0.27507094
36,91,8.0,0.26921448
36,91,9.0,0.2615437
36,91,10.0,0.25129768
36,91,11.0,0.23989046
36,91,12.0,0.22976175
36,91,13.0,0.22009142
36,91,14.0,0.20936346
36,92,0.0,0.18286048
36,92,1.0,0.16257538
36,92,2.0,0.15601395
36,92,3.0,0.154305
36,92,4.0,0.15407597
36,92,5.0,0.15266183
36,92,6.0,0.14987586
36,92,7.0,0.14621389
36,92,8.0,0.14195825
36,92,9.0,0.1368421
36,92,10.0,0.13028067
36,92,11.0,0.12321706
36,92,12.0,0.11641329
36,92,13.0,0.11127132
36,92,14.0,0.10952094
36,93,0.0,0.058027677
36,93,1.0,0.05397954
36,93,2.0,0.05460336
36,93,3.0,0.055985767
36,93,4.0,0.054800343
36,93,5.0,0.05237165
36,93,6.0,0.04968991
36,93,7.0,0.047129553
36,93,8.0,0.044782847
36,93,9.0,0.042650852
36,93,10.0,0.040662564
36,93,11.0,0.038575128
36,93,12.0,0.036161214
36,93,13.0,0.03335509
36,93,14.0,0.030142264
36,94,0.0,0.015173586
36,94,1.0,0.012837364
36,94,2.0,0.012690171
36,94,3.0,0.013654437
36,94,4.0,0.013970417
36,94,5.0,0.013646362
36,94,6.0,0.013233205
36,94,7.0,0.012810766
36,94,8.0,0.012339284
36,94,9.0,0.011802546
36,94,10.0,0.011208512
36,94,11.0,0.010585122
36,94,12.0,0.009945709
36,94,13.0,0.0093043065
36,94,14.0,0.008654984
36,95,0.0,0.0021477735
36,95,1.0,0.0018566239
36,95,2.0,0.0020601617
36,95,3.0,0.0021301487
36,95,4.0,0.0021181814
36,95,5.0,0.002084345
36,95,6.0,0.0020525933
36,95,7.0,0.0020304911
36,95,8.0,0.0020160875
36,95,9.0,0.0020023207
36,95,10.0,0.0019794733
36,95,11.0,0.0019384982
36,95,12.0,0.0018773385
36,95,13.0,0.0018003348
36,95,14.0,0.0017122235
36,96,0.0,0.00024896482
36,96,1.0,0.00016881112
36,96,2.0,0.00021448224
36,96,3.0,0.00023433082
36,96,4.0,0.00022276561
36,96,5.0,0.0002260432
36,96,6.0,0.00024027983
36,96,7.0,0.0002557261
36,96,8.0,0.00026631495
36,96,9.0,0.0002689913
36,96,10.0,0.00026377084
36,96,11.0,0.00025749058
36,96,12.0,0.0002589653
36,96,13.0,0.00027499362
36,96,14.0,0.00031058682
36,97,0.0,1.3573733e-05
36,97,1.0,1.7338694e-05
36,97,2.0,3.8427614e-05
36,97,3.0,1.8147068e-05
36,97,4.0,9.717877e-06
36,97,5.0,7.447099e-06
36,97,6.0,6.067787e-06
36,97,7.0,5.577813e-06
36,97,8.0,5.8967116e-06
36,97,9.0,6.615727e-06
36,97,10.0,7.0200144e-06
36,97,11.0,7.125553e-06
36,97,12.0,7.948936e-06
36,97,13.0,1.10954325e-05
36,97,14.0,1.6546552e-05
36,98,0.0,3.3725797e-07
36,98,1.0,8.165832e-08
36,98,2.0,1.0102516e-08
36,98,3.0,5.3581544e-09
36,98,4.0,8.721282e-08
36,98,5.0,1.7629e-07
36,98,6.0,1.4109757e-07
36,98,7.0,8.257169e-08
36,98,8.0,8.724852e-08
36,98,9.0,1.6205388e-07
36,98,10.0,1.8798518e-07
36,98,11.0,1.5582562e-07
36,98,12.0,2.0465016e-07
36,98,13.0,2.0829889e-07
36,98,14.0,1.6818467e-07
36,99,0.0,1.5378352e-07
36,99,1.0,1.1243643e-07
36,99,2.0,8.911483e-08
36,99,3.0,1.2043996e-07
36,99,4.0,9.984118e-08
36,99,5.0,1.2037601e-07
36,99,6.0,1.1348017e-07
36,99,7.0,1.204631e-07
36,99,8.0,1.3596963e-07
36,99,9.0,1.51371e-07
36,99,10.0,1.6778257e-07
36,99,11.0,1.8213285e-07
36,99,12.0,1.930777e-07
36,99,13.0,2.0171312e-07
36,99,14.0,2.0799393e-07
36,100,0.0,1.03228935e-07
36,100,1.0,9.8006964e-08
36,100,2.0,6.565747e-08
36,100,3.0,1.2585171e-07
36,100,4.0,1.7876386e-07
36,100,5.0,1.9800204e-07
36,100,6.0,2.219035e-07
36,100,7.0,1.5261763e-07
36,100,8.0,1.4405522e-07
36,100,9.0,1.6838028e-07
36,100,10.0,1.1924905e-07
36,100,11.0,9.190021e-08
36,100,12.0,1.6407562e-07
36,100,13.0,2.6141126e-07
36,100,14.0,1.8243415e-07
36,101,0.0,1.923918e-07
36,101,1.0,1.7056486e-07
36,101,2.0,1.13495645e-07
36,101,3.0,1.4558222e-07
36,101,4.0,1.4402569e-07
36,101,5.0,1.6689738e-07
36,101,6.0,1.3133892e-07
36,101,7.0,1.2053056e-07
36,101,8.0,1.329297e-07
36,101,9.0,1.6729491e-07
36,101,10.0,1.4368668e-07
36,101,11.0,1.3604182e-07
36,101,12.0,1.397391e-07
36,101,13.0,1.4859411e-07
36,101,14.0,1.552668e-07
36,102,0.0,1.4839573e-07
36,102,1.0,1.5612174e-07
36,102,2.0,1.2825596e-07
36,102,3.0,1.6380463e-07
36,102,4.0,1.942398e-07
36,102,5.0,1.7705018e-07
36,102,6.0,1.5248558e-07
36,102,7.0,1.4168516e-07
36,102,8.0,1.5509717e-07
36,102,9.0,1.7023542e-07
36,102,10.0,1.6212996e-07
36,102,11.0,1.535536e-07
36,102,12.0,1.277296e-07
36,102,13.0,1.1608118e-07
36,102,14.0,1.4465776e-07
37,81,0.0,2.2596717e-07
37,81,1.0,4.0223486e-07
37,81,2.0,3.7851444e-07
37,81,3.0,2.1350594e-07
37,81,4.0,1.09376344e-07
37,81,5.0,8.798918e-08
37,81,6.0,1.0722428e-07
37,81,7.0,1.357815e-07
37,81,8.0,1.478004e-07
37,81,9.0,1.4706985e-07
37,81,10.0,1.454632e-07
37,81,11.0,1.4683364e-07
37,81,12.0,1.4762661e-07
37,81,13.0,1.4961353e-07
37,81,14.0,1.55529e-07
37,82,0.0,1.1591634e-07
37,82,1.0,9.533469e-08
37,82,2.0,8.052523e-08
37,82,3.0,8.455755e-08
37,82,4.0,9.7921806e-08
37,82,5.0,1.1249793e-07
37,82,6.0,1.2738924e-07
37,82,7.0,1.406715e-07
37,82,8.0,1.4407196e-07
37,82,9.0,1.3154589e-07
37,82,10.0,1.1053561e-07
37,82,11.0,9.341137e-08
37,82,12.0,8.531018e-08
37,82,13.0,8.2353566e-08
37,82,14.0,7.635704e-08
37,83,0.0,9.295456e-08
37,83,1.0,1.4223312e-07
37,83,2.0,1.999207e-07
37,83,3.0,2.407523e-07
37,83,4.0,2.3856242e-07
37,83,5.0,2.1890773e-07
37,83,6.0,2.0349471e-07
37,83,7.0,1.9854585e-07
37,83,8.0,2.0476834e-07
37,83,9.0,2.2375085e-07
37,83,10.0,2.4721166e-07
37,83,11.0,2.478645e-07
37,83,12.0,2.2735722e-07
37,83,13.0,2.1676756e-07
37,83,14.0,2.235933e-07
37,84,0.0,1.360262e-07
37,84,1.0,1.497673e-07
37,84,2.0,2.573768e-07
37,84,3.0,4.4956516e-07
37,84,4.0,5.965771e-07
37,84,5.0,5.442703e-07
37,84,6.0,3.8856473e-07
37,84,7.0,2.515444e-07
37,84,8.0,1.6466387e-07
37,84,9.0,1.2773887e-07
37,84,10.0,1.3482907e-07
37,84,11.0,1.4455257e-07
37,84,12.0,9.9055434e-08
37,84,13.0,3.775608e-08
37,84,14.0,9.051781e-09
37,85,0.0,0.0
37,85,1.0,0.0
37,85,2.0,8.3202065e-12
37,85,3.0,2.864466e-09
37,85,4.0,1.36079885e-08
37,85,5.0,7.686545e-09
37,85,6.0,1.6084197e-14
37,85,7.0,0.0
37,85,8.0,1.9651658e-09
37,85,9.0,4.3356176e-06
37,85,10.0,2.719668e-05
37,85,11.0,3.8938422e-05
37,85,12.0,6.9196365e-05
37,85,13.0,0.00011600755
37,85,14.0,0.00014466977
37,86,0.0,0.00018487166
37,86,1.0,0.00012965626
37,86,2.0,0.000112420705
37,86,3.0,0.000109190856
37,86,4.0,0.00011918268
37,86,5.0,0.00013846492
37,86,6.0,0.00016543486
37,86,7.0,0.00020116144
37,86,8.0,0.0002419116
37,86,9.0,0.00029508348
37,86,10.0,0.00036758772
37,86,11.0,0.00046348086
37,86,12.0,0.0005705052
37,86,13.0,0.00067907403
37,86,14.0,0.00079536263
37,87,0.0,0.002717728
37,87,1.0,0.0027568878
37,87,2.0,0.002624493
37,87,3.0,0.002527159
37,87,4.0,0.002496633
37,87,5.0,0.0025382948
37,87,6.0,0.0026758728
37,87,7.0,0.0029366615
37,87,8.0,0.003342292
37,87,9.0,0.003885124
37,87,10.0,0.0044782646
37,87,11.0,0.004993118
37,87,12.0,0.005370958
37,87,13.0,0.005722588
37,87,14.0,0.0062603145
37,88,0.0,0.016569793
37,88,1.0,0.015961673
37,88,2.0,0.014722053
37,88,3.0,0.014024391
37,88,4.0,0.013875497
37,88,5.0,0.014070591
37,88,6.0,0.014535825
37,88,7.0,0.01535998
37,88,8.0,0.016714536
37,88,9.0,0.018603873
37,88,10.0,0.020797962
37,88,11.0,0.023125343
37,88,12.0,0.025395166
37,88,13.0,0.027496587
37,88,14.0,0.029670874
37,89,0.0,0.069469646
37,89,1.0,0.0688429
37,89,2.0,0.06518664
37,89,3.0,0.06245178
37,89,4.0,0.061886672
37,89,5.0,0.063593395
37,89,6.0,0.067060135
37,89,7.0,0.0714741
37,89,8.0,0.07605054
37,89,9.0,0.079982646
37,89,10.0,0.08309641
37,89,11.0,0.08638938
37,89,12.0,0.09005436
37,89,13.0,0.0936144
37,89,14.0,0.09779803
37,90,0.0,0.17311388
37,90,1.0,0.17489378
37,90,2.0,0.17303085
37,90,3.0,0.17083293
37,90,4.0,0.17034279
37,90,5.0,0.1719408
37,90,6.0,0.17538653
37,90,7.0,0.18065013
37,90,8.0,0.18770151
37,90,9.0,0.19575761
37,90,10.0,0.20295765
37,90,11.0,0.20828435
37,90,12.0,0.21218947
37,90,13.0,0.21609454
37,90,14.0,0.22239877
37,91,0.0,0.33358678
37,91,1.0,0.34858775
37,91,2.0,0.3446184
37,91,3.0,0.3372719
37,91,4.0,0.33208737
37,91,5.0,0.33040053
37,91,6.0,0.3317654
37,91,7.0,0.33503017
37,91,8.0,0.33890042
37,91,9.0,0.3419263
37,91,10.0,0.3423299
37,91,11.0,0.33996174
37,91,12.0,0.3365695
37,91,13.0,0.3345395
37,91,14.0,0.3367602
37,92,0.0,0.42785355
37,92,1.0,0.436507
37,92,2.0,0.4308836
37,92,3.0,0.43068328
37,92,4.0,0.43004557
37,92,5.0,0.42709327
37,92,6.0,0.42419052
37,92,7.0,0.4224033
37,92,8.0,0.42098376
37,92,9.0,0.4187262
37,92,10.0,0.41463837
37,92,11.0,0.40925065
37,92,12.0,0.40324295
37,92,13.0,0.3972136
37,92,14.0,0.3927536
37,93,0.0,0.3312698
37,93,1.0,0.3788779
37,93,2.0,0.39631063
37,93,3.0,0.39616725
37,93,4.0,0.39041018
37,93,5.0,0.38208658
37,93,6.0,0.3727767
37,93,7.0,0.3633994
37,93,8.0,0.35462064
37,93,9.0,0.34683537
37,93,10.0,0.33945101
37,93,11.0,0.33047244
37,93,12.0,0.3186556
37,93,13.0,0.30470574
37,93,14.0,0.2898492
37,94,0.0,0.20569506
37,94,1.0,0.223138
37,94,2.0,0.23822308
37,94,3.0,0.24250397
37,94,4.0,0.2395505
37,94,5.0,0.23341249
37,94,6.0,0.22634126
37,94,7.0,0.21943055
37,94,8.0,0.21311063
37,94,9.0,0.2070829
37,94,10.0,0.19978507
37,94,11.0,0.1901456
37,94,12.0,0.17937036
37,94,13.0,0.16830923
37,94,14.0,0.15452817
37,95,0.0,0.08425234
37,95,1.0,0.09520978
37,95,2.0,0.10028688
37,95,3.0,0.103848524
37,95,4.0,0.104554355
37,95,5.0,0.10290582
37,95,6.0,0.09993091
37,95,7.0,0.09639372
37,95,8.0,0.092796125
37,95,9.0,0.0894666
37,95,10.0,0.08646653
37,95,11.0,0.08310851
37,95,12.0,0.07857754
37,95,13.0,0.07263981
37,95,14.0,0.06545459
37,96,0.0,0.022160873
37,96,1.0,0.028498016
37,96,2.0,0.03246174
37,96,3.0,0.033172518
37,96,4.0,0.03261585
37,96,5.0,0.03151437
37,96,6.0,0.030141763
37,96,7.0,0.028679103
37,96,8.0,0.027267804
37,96,9.0,0.026042392
37,96,10.0,0.02513559
37,96,11.0,0.02447974
37,96,12.0,0.023830958
37,96,13.0,0.022871098
37,96,14.0,0.021356825
37,97,0.0,0.005383466
37,97,1.0,0.0057083373
37,97,2.0,0.0062399847
37,97,3.0,0.0066800406
37,97,4.0,0.006906373
37,97,5.0,0.0069533265
37,97,6.0,0.0068771206
37,97,7.0,0.006743944
37,97,8.0,0.0066142837
37,97,9.0,0.0065240534
37,97,10.0,0.006471622
37,97,11.0,0.0063991463
37,97,12.0,0.0062320377
37,97,13.0,0.0059073973
37,97,14.0,0.0053772116
37,98,0.0,0.00060609425
37,98,1.0,0.0007662255
37,98,2.0,0.0008823737
37,98,3.0,0.0009613274
37,98,4.0,0.0010152659
37,98,5.0,0.0010529305
37,98,6.0,0.0010751054
37,98,7.0,0.0010874514
37,98,8.0,0.0011017014
37,98,9.0,0.0011319369
37,98,10.0,0.0011851502
37,98,11.0,0.0012327507
37,98,12.0,0.0012331209
37,98,13.0,0.0011763031
37,98,14.0,0.0010769812
37,99,0.0,3.4827975e-05
37,99,1.0,9.911307e-05
37,99,2.0,0.00015558607
37,99,3.0,0.000107530876
37,99,4.0,7.6304925e-05
37,99,5.0,7.5564145e-05
37,99,6.0,7.998815e-05
37,99,7.0,8.3956e-05
37,99,8.0,8.868879e-05
37,99,9.0,9.728567e-05
37,99,10.0,0.000111467154
37,99,11.0,0.00012238145
37,99,12.0,0.000121990044
37,99,13.0,0.00011339612
37,99,14.0,0.000100047546
37,100,0.0,1.5568823e-07
37,100,1.0,2.3075346e-08
37,100,2.0,1.571735e-07
37,100,3.0,1.3403734e-07
37,100,4.0,4.752141e-08
37,100,5.0,1.8154745e-08
37,100,6.0,1.1454114e-08
37,100,7.0,1.2289193e-08
37,100,8.0,1.8473122e-08
37,100,9.0,3.377694e-08
37,100,10.0,7.436905e-08
37,100,11.0,1.773024e-07
37,100,12.0,3.233679e-07
37,100,13.0,3.8034327e-07
37,100,14.0,2.7053605e-07
37,101,0.0,1.15295634e-07
37,101,1.0,1.8438605e-07
37,101,2.0,1.2041299e-07
37,101,3.0,1.2901994e-07
37,101,4.0,8.961916e-08
37,101,5.0,6.39829e-08
37,101,6.0,5.5112697e-08
37,101,7.0,5.5766062e-08
37,101,8.0,6.1464334e-08
37,101,9.0,6.8273465e-08
37,101,10.0,7.502779e-08
37,101,11.0,8.210119e-08
37,101,12.0,8.676087e-08
37,101,13.0,8.80443e-08
37,101,14.0,8.477026e-08
37,102,0.0,1.8520791e-07
37,102,1.0,1.3256576e-07
37,102,2.0,1.14753966e-07
37,102,3.0,1.0390407e-07
37,102,4.0,1.2754003e-07
37,102,5.0,1.16298e-07
37,102,6.0,1.4276338e-07
37,102,7.0,2.0477407e-07
37,102,8.0,1.9623778e-07
37,102,9.0,1.5647831e-07
37,102,10.0,1.3291103e-07
37,102,11.0,1.2163824e-07
37,102,12.0,1.3294007e-07
37,102,13.0,1.4021704e-07
37,102,14.0,1.38402e-07
37,103,0.0,1.4876697e-07
37,103,1.0,1.8835891e-07
37,103,2.0,1.6502277e-07
37,103,3.0,1.3569762e-07
37,103,4.0,1.1304483e-07
37,103,5.0,1.4441916e-07
37,103,6.0,1.8789642e-07
37,103,7.0,2.90417e-07
37,103,8.0,3.2378355e-07
37,103,9.0,2.459697e-07
37,103,10.0,1.3900004e-07
37,103,11.0,1.1138246e-07
37,103,12.0,1.4050705e-07
37,103,13.0,1.5421816e-07
37,103,14.0,1.5812702e-07
37,104,0.0,1.5717444e-07
37,104,1.0,2.484623e-07
37,104,2.0,1.7076054e-07
37,104,3.0,1.9240822e-07
37,104,4.0,1.1958714e-07
37,104,5.0,1.5851258e-07
37,104,6.0,1.7598303e-07
37,104,7.0,2.0298693e-07
37,104,8.0,2.2855548e-07
37,104,9.0,2.310158e-07
37,104,10.0,1.9690106e-07
37,104,11.0,1.4367964e-07
37,104,12.0,1.4472674e-07
37,104,13.0,1.5919505e-07
37,104,14.0,1.7436568e-07
37,105,0.0,1.479303e-07
37,105,1.0,1.7719942e-07
37,105,2.0,1.5771103e-07
37,105,3.0,1.7604245e-07
37,105,4.0,1.3160641e-07
37,105,5.0,1.1620568e-07
37,105,6.0,1.361191e-07
37,105,7.0,1.6426131e-07
37,105,8.0,2.1192787e-07
37,105,9.0,2.5061644e-07
37,105,10.0,2.534498e-07
37,105,11.0,2.382171e-07
37,105,12.0,1.9862604e-07
37,105,13.0,1.9742808e-07
37,105,14.0,1.8955599e-07
38,83,0.0,1.5558828e-07
38,83,1.0,9.272568e-08
38,83,2.0,9.529524e-08
38,83,3.0,5.7737733e-08
38,83,4.0,4.7978293e-08
38,83,5.0,5.518928e-08
38,83,6.0,7.123678e-08
38,83,7.0,1.07659005e-07
38,83,8.0,1.3631985e-07
38,83,9.0,1.4342292e-07
38,83,10.0,1.4378436e-07
38,83,11.0,1.5918319e-07
38,83,12.0,2.0580882e-07
38,83,13.0,2.5736793e-07
38,83,14.0,2.7413864e-07
38,84,0.0,1.6776085e-07
38,84,1.0,1.4619535e-07
38,84,2.0,1.198219e-07
38,84,3.0,1.6081347e-07
38,84,4.0,1.5071795e-07
38,84,5.0,1.4008751e-07
38,84,6.0,1.4463168e-07
38,84,7.0,1.6070867e-07
38,84,8.0,1.6507742e-07
38,84,9.0,1.6801445e-07
38,84,10.0,1.7117449e-07
38,84,11.0,1.6940572e-07
38,84,12.0,1.6155379e-07
38,84,13.0,1.4553648e-07
38,84,14.0,1.427358e-07
38,85,0.0,4.4766202e-07
38,85,1.0,1.1682365e-07
38,85,2.0,1.3416556e-07
38,85,3.0,1.8907399e-07
38,85,4.0,2.1540792e-07
38,85,5.0,2.08869e-07
38,85,6.0,1.9705375e-07
38,85,7.0,2.1048504e-07
38,85,8.0,2.7568794e-07
38,85,9.0,3.669956e-07
38,85,10.0,3.2480983e-07
38,85,11.0,1.9797743e-07
38,85,12.0,1.5036764e-07
38,85,13.0,1.469374e-07
38,85,14.0,1.423401e-07
38,86,0.0,7.151827e-11
38,86,1.0,1.11450805e-11
38,86,2.0,4.0517928e-12
38,86,3.0,0.0
38,86,4.0,9.558736e-11
38,86,5.0,2.8679402e-08
38,86,6.0,7.419017e-08
38,86,7.0,8.581053e-08
38,86,8.0,7.868998e-08
38,86,9.0,3.3175535e-08
38,86,10.0,8.111376e-09
38,86,11.0,6.3674808e-09
38,86,12.0,4.0468922e-08
38,86,13.0,5.9754115e-07
38,86,14.0,3.1409427e-06
38,87,0.0,9.240337e-05
38,87,1.0,4.3867913e-05
38,87,2.0,2.2873467e-06
38,87,3.0,1.973583e-07
38,87,4.0,4.631242e-08
38,87,5.0,5.3856915e-08
38,87,6.0,3.064825e-07
38,87,7.0,2.7290098e-06
38,87,8.0,1.51278955e-05
38,87,9.0,3.7457063e-05
38,87,10.0,4.485669e-05
38,87,11.0,4.6736757e-05
38,87,12.0,4.4412922e-05
38,87,13.0,4.3547527e-05
38,87,14.0,6.5052314e-05
38,88,0.0,0.00045954617
38,88,1.0,0.00037186578
38,88,2.0,0.00034068787
38,88,3.0,0.0003643779
38,88,4.0,0.0003947712
38,88,5.0,0.0004274806
38,88,6.0,0.00047115033
38,88,7.0,0.00052520796
38,88,8.0,0.00057740975
38,88,9.0,0.00062050874
38,88,10.0,0.00066267996
38,88,11.0,0.00072330394
38,88,12.0,0.0008120819
38,88,13.0,0.0009379302
38,88,14.0,0.0010915375
38,89,0.0,0.004131085
38,89,1.0,0.003918237
38,89,2.0,0.0035385415
38,89,3.0,0.0032527728
38,89,4.0,0.003104013
38,89,5.0,0.0030688331
38,89,6.0,0.0031252354
38,89,7.0,0.0032682025
38,89,8.0,0.0035068106
38,89,9.0,0.0038598233
38,89,10.0,0.0043569384
38,89,11.0,0.005037899
38,89,12.0,0.005865414
38,89,13.0,0.0066000586
38,89,14.0,0.007192476
38,90,0.0,0.030344382
38,90,1.0,0.02421551
38,90,2.0,0.020463012
38,90,3.0,0.018514164
38,90,4.0,0.018204382
38,90,5.0,0.018920396
38,90,6.0,0.020218398
38,90,7.0,0.021826485
38,90,8.0,0.023540495
38,90,9.0,0.025225917
38,90,10.0,0.026948607
38,90,11.0,0.029150961
38,90,12.0,0.032148004
38,90,13.0,0.03567739
38,90,14.0,0.039522342
38,91,0.0,0.10033452
38,91,1.0,0.085724026
38,91,2.0,0.07869629
38,91,3.0,0.07553285
38,91,4.0,0.073929586
38,91,5.0,0.0734381
38,91,6.0,0.07386795
38,91,7.0,0.075014696
38,91,8.0,0.07678441
38,91,9.0,0.07953686
38,91,10.0,0.08456387
38,91,11.0,0.09258202
38,91,12.0,0.102533095
38,91,13.0,0.11283981
38,91,14.0,0.1230028
38,92,0.0,0.3049929
38,92,1.0,0.26446894
38,92,2.0,0.23201261
38,92,3.0,0.2176978
38,92,4.0,0.21503857
38,92,5.0,0.21794242
38,92,6.0,0.22372268
38,92,7.0,0.2313696
38,92,8.0,0.23992592
38,92,9.0,0.24817003
38,92,10.0,0.25472105
38,92,11.0,0.25985047
38,92,12.0,0.2652913
38,92,13.0,0.27367628
38,92,14.0,0.28877926
38,93,0.0,0.5114174
38,93,1.0,0.45456085
38,93,2.0,0.41312343
38,93,3.0,0.39379436
38,93,4.0,0.3873943
38,93,5.0,0.3862894
38,93,6.0,0.38724494
38,93,7.0,0.38945606
38,93,8.0,0.39264596
38,93,9.0,0.39625847
38,93,10.0,0.3992198
38,93,11.0,0.40091085
38,93,12.0,0.40223867
38,93,13.0,0.40510532
38,93,14.0,0.41180894
38,94,0.0,0.73939806
38,94,1.0,0.66315943
38,94,2.0,0.6180336
38,94,3.0,0.59558135
38,94,4.0,0.58294314
38,94,5.0,0.57688606
38,94,6.0,0.57569325
38,94,7.0,0.5775577
38,94,8.0,0.5792237
38,94,9.0,0.57649857
38,94,10.0,0.56551194
38,94,11.0,0.54846454
38,94,12.0,0.53330344
38,94,13.0,0.5253918
38,94,14.0,0.52670693
38,95,0.0,0.58677924
38,95,1.0,0.55091685
38,95,2.0,0.5267423
38,95,3.0,0.5126614
38,95,4.0,0.50205266
38,95,5.0,0.493174
38,95,6.0,0.48597512
38,95,7.0,0.47982034
38,95,8.0,0.47320467
38,95,9.0,0.46396607
38,95,10.0,0.4499172
38,95,11.0,0.4321255
38,95,12.0,0.41424894
38,95,13.0,0.39848152
38,95,14.0,0.38432422
38,96,0.0,0.4053262
38,96,1.0,0.37666342
38,96,2.0,0.35973573
38,96,3.0,0.35541323
38,96,4.0,0.35154322
38,96,5.0,0.34799
38,96,6.0,0.34482563
38,96,7.0,0.34110063
38,96,8.0,0.33549553
38,96,9.0,0.32629368
38,96,10.0,0.3117208
38,96,11.0,0.29365847
38,96,12.0,0.27612925
38,96,13.0,0.2603854
38,96,14.0,0.24790993
38,97,0.0,0.18482853
38,97,1.0,0.17409149
38,97,2.0,0.1674922
38,97,3.0,0.16205385
38,97,4.0,0.15755387
38,97,5.0,0.15360498
38,97,6.0,0.15010779
38,97,7.0,0.14686972
38,97,8.0,0.14363748
38,97,9.0,0.14014083
38,97,10.0,0.13602173
38,97,11.0,0.13099608
38,97,12.0,0.124732554
38,97,13.0,0.11690033
38,97,14.0,0.10819592
38,98,0.0,0.0698769
38,98,1.0,0.06800272
38,98,2.0,0.062137354
38,98,3.0,0.05890202
38,98,4.0,0.058538914
38,98,5.0,0.0589269
38,98,6.0,0.05931953
38,98,7.0,0.0592932
38,98,8.0,0.05828604
38,98,9.0,0.055608004
38,98,10.0,0.051320605
38,98,11.0,0.04733139
38,98,12.0,0.045464996
38,98,13.0,0.044544704
38,98,14.0,0.042692356
38,99,0.0,0.016517958
38,99,1.0,0.0153503185
38,99,2.0,0.015572997
38,99,3.0,0.015372457
38,99,4.0,0.015020438
38,99,5.0,0.014655901
38,99,6.0,0.014292693
38,99,7.0,0.013926436
38,99,8.0,0.013563866
38,99,9.0,0.013228862
38,99,10.0,0.012953915
38,99,11.0,0.012716166
38,99,12.0,0.012386036
38,99,13.0,0.0117491335
38,99,14.0,0.010608749
38,100,0.0,0.0028789905
38,100,1.0,0.0022968228
38,100,2.0,0.002311617
38,100,3.0,0.002514464
38,100,4.0,0.002553532
38,100,5.0,0.0024987538
38,100,6.0,0.0024113483
38,100,7.0,0.002342921
38,100,8.0,0.002316802
38,100,9.0,0.0023280098
38,100,10.0,0.0023570985
38,100,11.0,0.0023772952
38,100,12.0,0.002364566
38,100,13.0,0.002303086
38,100,14.0,0.0021899545
38,101,0.0,0.00022384396
38,101,1.0,0.00024837113
38,101,2.0,0.00026202793
38,101,3.0,0.00025699128
38,101,4.0,0.00027768442
38,101,5.0,0.0003068208
38,101,6.0,0.0003309922
38,101,7.0,0.00035275158
38,101,8.0,0.0003789547
38,101,9.0,0.00041642753
38,101,10.0,0.00046724488
38,101,11.0,0.0005127472
38,101,12.0,0.0005281489
38,101,13.0,0.00049885263
38,101,14.0,0.00041694206
38,102,0.0,4.5067016e-05
38,102,1.0,5.017084e-05
38,102,2.0,2.5976422e-05
38,102,3.0,2.654727e-05
38,102,4.0,2.776391e-05
38,102,5.0,2.8364007e-05
38,102,6.0,2.5060963e-05
38,102,7.0,2.1338541e-05
38,102,8.0,1.9646091e-05
38,102,9.0,2.0846057e-05
38,102,10.0,2.4926276e-05
38,102,11.0,3.130452e-05
38,102,12.0,3.8708265e-05
38,102,13.0,4.5849123e-05
38,102,14.0,5.1792933e-05
38,103,0.0,2.1602183e-07
38,103,1.0,3.343744e-07
38,103,2.0,1.3236834e-07
38,103,3.0,3.3542242e-11
38,103,4.0,7.4275945e-08
38,103,5.0,2.5193629e-07
38,103,6.0,1.7564783e-07
38,103,7.0,2.2973782e-07
38,103,8.0,2.856674e-07
38,103,9.0,2.1753684e-07
38,103,10.0,1.3694252e-07
38,103,11.0,1.0937348e-07
38,103,12.0,1.4826553e-07
38,103,13.0,2.244163e-07
38,103,14.0,2.6409796e-07
38,104,0.0,1.1539039e-07
38,104,1.0,1.6482521e-07
38,104,2.0,1.2091465e-07
38,104,3.0,1.1399847e-07
38,104,4.0,1.2033634e-07
38,104,5.0,1.7311082e-07
38,104,6.0,1.6123701e-07
38,104,7.0,1.0513615e-07
38,104,8.0,1.2317507e-07
38,104,9.0,2.0342561e-07
38,104,10.0,2.2204492e-07
38,104,11.0,1.3390586e-07
38,104,12.0,1.0141416e-07
38,104,13.0,1.355283e-07
38,104,14.0,1.5837057e-07
38,105,0.0,1.2466155e-07
38,105,1.0,2.1437636e-07
38,105,2.0,1.6468873e-07
38,105,3.0,1.0467059e-07
38,105,4.0,1.0209672e-07
38,105,5.0,1.4921717e-07
38,105,6.0,1.7606243e-07
38,105,7.0,1.6904715e-07
38,105,8.0,1.7785875e-07
38,105,9.0,1.7997066e-07
38,105,10.0,1.4223049e-07
38,105,11.0,1.16876016e-07
38,105,12.0,1.2123847e-07
38,105,13.0,1.4080403e-07
38,105,14.0,1.5939752e-07
38,106,0.0,1.48407e-07
38,106,1.0,1.3397889e-07
38,106,2.0,1.2234166e-07
38,106,3.0,1.6531284e-07
38,106,4.0,1.141235e-07
38,106,5.0,2.2340397e-07
38,106,6.0,1.4129294e-07
38,106,7.0,1.0265619e-07
38,106,8.0,1.1217571e-07
38,106,9.0,1.4558312e-07
38,106,10.0,2.0186917e-07
38,106,11.0,2.3788563e-07
38,106,12.0,2.2204674e-07
38,106,13.0,1.1981115e-07
38,106,14.0,1.7608856e-07
38,107,0.0,1.2752837e-07
38,107,1.0,1.0043742e-07
38,107,2.0,2.2309544e-07
38,107,3.0,1.2773766e-07
38,107,4.0,1.4648566e-07
38,107,5.0,1.5084792e-07
38,107,6.0,1.6787845e-07
38,107,7.0,1.843256e-07
38,107,8.0,1.8585904e-07
38,107,9.0,1.8445236e-07
38,107,10.0,1.7504821e-07
38,107,11.0,1.4981858e-07
38,107,12.0,2.0379755e-07
38,107,13.0,2.2584057e-07
38,107,14.0,1.8971632e-07
39,86,0.0,5.247914e-08
39,86,1.0,2.155975e-07
39,86,2.0,5.1202727e-07
39,86,3.0,6.4045014e-07
39,86,4.0,6.353861e-07
39,86,5.0,4.537595e-07
39,86,6.0,2.1786121e-07
39,86,7.0,7.17439e-08
39,86,8.0,1.8363055e-08
39,86,9.0,6.3703705e-09
39,86,10.0,7.243695e-09
39,86,11.0,1.7883876e-08
39,86,12.0,4.8765457e-08
39,86,13.0,1.08868896e-07
39,86,14.0,1.9249913e-07
39,87,0.0,1.8153557e-07
39,87,1.0,3.5223928e-07
39,87,2.0,2.0402118e-07
39,87,3.0,1.386905e-07
39,87,4.0,1.2996307e-07
39,87,5.0,1.2438261e-07
39,87,6.0,1.3146932e-07
39,87,7.0,1.579168e-07
39,87,8.0,1.9116877e-07
39,87,9.0,2.0041256e-07
39,87,10.0,1.6227304e-07
39,87,11.0,1.215478e-07
39,87,12.0,1.0745085e-07
39,87,13.0,8.2151786e-08
39,87,14.0,7.025505e-08
39,88,0.0,1.0150565e-07
39,88,1.0,1.808927e-07
39,88,2.0,3.2584342e-07
39,88,3.0,4.8552516e-07
39,88,4.0,5.1197367e-07
39,88,5.0,3.7600208e-07
39,88,6.0,2.087025e-07
39,88,7.0,1.3919752e-07
39,88,8.0,1.4064683e-07
39,88,9.0,1.9040591e-07
39,88,10.0,2.748148e-07
39,88,11.0,3.017838e-07
39,88,12.0,1.9116823e-07
39,88,13.0,9.574345e-08
39,88,14.0,6.768352e-08
39,89,0.0,0.0
39,89,1.0,5.973861e-10
39,89,2.0,3.5318905e-08
39,89,3.0,8.348713e-08
39,89,4.0,9.0427974e-08
39,89,5.0,5.8190853e-08
39,89,6.0,2.608161e-08
39,89,7.0,1.0022153e-08
39,89,8.0,7.400089e-09
39,89,9.0,1.7826887e-08
39,89,10.0,2.5930374e-08
39,89,11.0,1.625335e-09
39,89,12.0,7.946893e-10
39,89,13.0,4.4203887e-07
39,89,14.0,1.05241115e-05
39,90,0.0,7.681e-05
39,90,1.0,4.3862612e-05
39,90,2.0,8.234128e-05
39,90,3.0,0.00012711204
39,90,4.0,0.000107893815
39,90,5.0,7.311561e-05
39,90,6.0,5.228027e-05
39,90,7.0,5.6756882e-05
39,90,8.0,9.9969344e-05
39,90,9.0,0.00014578624
39,90,10.0,0.00014564968
39,90,11.0,0.00015066213
39,90,12.0,0.00016613195
39,90,13.0,0.00017792913
39,90,14.0,0.00018346193
39,91,0.0,0.0009880374
39,91,1.0,0.00083981827
39,91,2.0,0.0007068018
39,91,3.0,0.0006595621
39,91,4.0,0.00067880354
39,91,5.0,0.00074915076
39,91,6.0,0.0008600754
39,91,7.0,0.0009984159
39,91,8.0,0.0011504928
39,91,9.0,0.0013145739
39,91,10.0,0.0014837779
39,91,11.0,0.0016408154
39,91,12.0,0.0017772927
39,91,13.0,0.0018813051
39,91,14.0,0.001955058
39,92,0.0,0.0061671548
39,92,1.0,0.005692166
39,92,2.0,0.0052901343
39,92,3.0,0.005071938
39,92,4.0,0.005071322
39,92,5.0,0.0052658436
39,92,6.0,0.0055574854
39,92,7.0,0.0058648256
39,92,8.0,0.006206213
39,92,9.0,0.006735596
39,92,10.0,0.0075457487
39,92,11.0,0.008481874
39,92,12.0,0.009321096
39,92,13.0,0.009992097
39,92,14.0,0.0105808545
39,93,0.0,0.03801996
39,93,1.0,0.035450913
39,93,2.0,0.033058815
39,93,3.0,0.03181917
39,93,4.0,0.031713568
39,93,5.0,0.032513984
39,93,6.0,0.03383728
39,93,7.0,0.035266325
39,93,8.0,0.036775928
39,93,9.0,0.038855676
39,93,10.0,0.041579135
39,93,11.0,0.043869253
39,93,12.0,0.04539173
39,93,13.0,0.04684332
39,93,14.0,0.049628135
39,94,0.0,0.10344615
39,94,1.0,0.10355335
39,94,2.0,0.10088957
39,94,3.0,0.09971988
39,94,4.0,0.100679666
39,94,5.0,0.10312506
39,94,6.0,0.10620865
39,94,7.0,0.109548174
39,94,8.0,0.113194026
39,94,9.0,0.11720025
39,94,10.0,0.12097633
39,94,11.0,0.124213636
39,94,12.0,0.12781052
39,94,13.0,0.13394475
39,94,14.0,0.14609632
39,95,0.0,0.2621983
39,95,1.0,0.2674442
39,95,2.0,0.26520866
39,95,3.0,0.262582
39,95,4.0,0.26268068
39,95,5.0,0.26549637
39,95,6.0,0.26993608
39,95,7.0,0.27472064
39,95,8.0,0.2788008
39,95,9.0,0.28128862
39,95,10.0,0.28133154
39,95,11.0,0.27956155
39,95,12.0,0.27831373
39,95,13.0,0.2802076
39,95,14.0,0.28755274
39,96,0.0,0.38863325
39,96,1.0,0.3959216
39,96,2.0,0.4070298
39,96,3.0,0.4112697
39,96,4.0,0.41018492
39,96,5.0,0.40870708
39,96,6.0,0.4084356
39,96,7.0,0.408848
39,96,8.0,0.4090255
39,96,9.0,0.40811926
39,96,10.0,0.4046484
39,96,11.0,0.39799076
39,96,12.0,0.39018297
39,96,13.0,0.3857747
39,96,14.0,0.38984644
39,97,0.0,0.43223482
39,97,1.0,0.45692804
39,97,2.0,0.4802664
39,97,3.0,0.49142554
39,97,4.0,0.4928062
39,97,5.0,0.49053782
39,97,6.0,0.48632297
39,97,7.0,0.4800714
39,97,8.0,0.47178587
39,97,9.0,0.46197757
39,97,10.0,0.45053598
39,97,11.0,0.43727648
39,97,12.0,0.42373928
39,97,13.0,0.41296446
39,97,14.0,0.40810147
39,98,0.0,0.35126877
39,98,1.0,0.3773216
39,98,2.0,0.3971907
39,98,3.0,0.40028468
39,98,4.0,0.39496094
39,98,5.0,0.387961
39,98,6.0,0.38117155
39,98,7.0,0.3744276
39,98,8.0,0.3669628
39,98,9.0,0.35768732
39,98,10.0,0.34530374
39,98,11.0,0.32976097
39,98,12.0,0.31347764
39,98,13.0,0.2992186
39,98,14.0,0.28799695
39,99,0.0,0.23331018
39,99,1.0,0.2537948
39,99,2.0,0.2652143
39,99,3.0,0.267123
39,99,4.0,0.26413393
39,99,5.0,0.25930595
39,99,6.0,0.25377196
39,99,7.0,0.24769841
39,99,8.0,0.2410788
39,99,9.0,0.23397936
39,99,10.0,0.2262355
39,99,11.0,0.21709904
39,99,12.0,0.20608786
39,99,13.0,0.19289203
39,99,14.0,0.17684127
39,100,0.0,0.09661094
39,100,1.0,0.11091549
39,100,2.0,0.115713246
39,100,3.0,0.11429499
39,100,4.0,0.111518234
39,100,5.0,0.108780146
39,100,6.0,0.106222406
39,100,7.0,0.10361725
39,100,8.0,0.10066365
39,100,9.0,0.09712062
39,100,10.0,0.092843875
39,100,11.0,0.08806126
39,100,12.0,0.083292075
39,100,13.0,0.07833565
39,100,14.0,0.07283054
39,101,0.0,0.026769033
39,101,1.0,0.030616973
39,101,2.0,0.030912392
39,101,3.0,0.030409489
39,101,4.0,0.030036332
39,101,5.0,0.029845685
39,101,6.0,0.029765746
39,101,7.0,0.029710853
39,101,8.0,0.029621935
39,101,9.0,0.02945916
39,101,10.0,0.029162677
39,101,11.0,0.028595684
39,101,12.0,0.027621277
39,101,13.0,0.026134547
39,101,14.0,0.024041321
39,102,0.0,0.0057906313
39,102,1.0,0.0063665733
39,102,2.0,0.006481354
39,102,3.0,0.006214961
39,102,4.0,0.006069642
39,102,5.0,0.006034962
39,102,6.0,0.0060479916
39,102,7.0,0.006081318
39,102,8.0,0.0061290325
39,102,9.0,0.006193823
39,102,10.0,0.00627883
39,102,11.0,0.0063762404
39,102,12.0,0.0064803846
39,102,13.0,0.0065785707
39,102,14.0,0.0066015027
39,103,0.0,0.00070928776
39,103,1.0,0.00060104067
39,103,2.0,0.0007556334
39,103,3.0,0.0007814802
39,103,4.0,0.0008010128
39,103,5.0,0.00082870235
39,103,6.0,0.000862692
39,103,7.0,0.0009020895
39,103,8.0,0.00094558654
39,103,9.0,0.0009914186
39,103,10.0,0.0010344976
39,103,11.0,0.001063337
39,103,12.0,0.001071203
39,103,13.0,0.0010559355
39,103,14.0,0.0010082712
39,104,0.0,2.0582731e-05
39,104,1.0,8.803129e-05
39,104,2.0,5.3279484e-05
39,104,3.0,9.355613e-05
39,104,4.0,0.00010101513
39,104,5.0,9.248043e-05
39,104,6.0,9.014215e-05
39,104,7.0,9.362155e-05
39,104,8.0,0.00010043284
39,104,9.0,0.00010908422
39,104,10.0,0.000117878124
39,104,11.0,0.00012417819
39,104,12.0,0.00012926984
39,104,13.0,0.00013375594
39,104,14.0,0.00013686571
39,105,0.0,0.0
39,105,1.0,5.7346647e-09
39,105,2.0,5.1278017e-09
39,105,3.0,2.6764036e-07
39,105,4.0,9.784594e-06
39,105,5.0,1.665911e-05
39,105,6.0,1.778185e-05
39,105,7.0,1.8106135e-05
39,105,8.0,1.861514e-05
39,105,9.0,1.9403911e-05
39,105,10.0,2.0091054e-05
39,105,11.0,1.9842622e-05
39,105,12.0,1.932545e-05
39,105,13.0,2.2057859e-05
39,105,14.0,3.4442353e-05
39,106,0.0,1.4628097e-06
39,106,1.0,6.202873e-14
39,106,2.0,2.3797058e-09
39,106,3.0,4.125347e-08
39,106,4.0,6.80814e-10
39,106,5.0,2.8722044e-14
39,106,6.0,8.3016385e-11
39,106,7.0,2.51319e-09
39,106,8.0,2.9314204e-08
39,106,9.0,1.5551919e-07
39,106,10.0,2.7707387e-07
39,106,11.0,1.7813457e-07
39,106,12.0,8.1189725e-08
39,106,13.0,6.787406e-08
39,106,14.0,9.043482e-08
39,107,0.0,1.14363885e-07
39,107,1.0,7.215605e-08
39,107,2.0,6.633744e-09
39,107,3.0,7.787591e-09
39,107,4.0,4.7113335e-08
39,107,5.0,1.18921974e-07
39,107,6.0,1.0976798e-07
39,107,7.0,8.191199e-08
39,107,8.0,1.3183514e-07
39,107,9.0,3.8691152e-07
39,107,10.0,6.794388e-07
39,107,11.0,4.879779e-07
39,107,12.0,1.7917462e-07
39,107,13.0,5.6568506e-08
39,107,14.0,2.7457562e-08
39,108,0.0,3.371879e-07
39,108,1.0,2.78684e-07
39,108,2.0,6.349797e-07
39,108,3.0,1.1270053e-07
39,108,4.0,7.142487e-08
39,108,5.0,1.2701909e-07
39,108,6.0,1.7395256e-07
39,108,7.0,2.4221455e-07
39,108,8.0,2.7601365e-07
39,108,9.0,1.3860613e-07
39,108,10.0,4.4587615e-08
39,108,11.0,3.5235285e-08
39,108,12.0,4.4567685e-08
39,108,13.0,4.855358e-08
39,108,14.0,5.0285294e-08
39,109,0.0,1.197041e-07
39,109,1.0,4.4126176e-07
39,109,2.0,6.6914293e-07
39,109,3.0,2.7024558e-07
39,109,4.0,1.9023157e-07
39,109,5.0,1.3860057e-07
39,109,6.0,1.0470701e-07
39,109,7.0,8.791186e-08
39,109,8.0,8.37515e-08
39,109,9.0,9.47652e-08
39,109,10.0,1.2561809e-07
39,109,11.0,1.6585396e-07
39,109,12.0,1.9313809e-07
39,109,13.0,2.197946e-07
39,109,14.0,2.3869305e-07
40,88,0.0,1.7412474e-07
40,88,1.0,1.2432774e-07
40,88,2.0,1.33188e-07
40,88,3.0,1.5181564e-07
40,88,4.0,1.6157203e-07
40,88,5.0,1.5862767e-07
40,88,6.0,1.5883101e-07
40,88,7.0,1.700976e-07
40,88,8.0,1.8263839e-07
40,88,9.0,1.8057295e-07
40,88,10.0,1.8743906e-07
40,88,11.0,1.8112284e-07
40,88,12.0,1.6451094e-07
40,88,13.0,1.6740292e-07
40,88,14.0,1.5711328e-07
40,89,0.0,1.1221956e-07
40,89,1.0,1.03630455e-07
40,89,2.0,9.695013e-08
40,89,3.0,1.02513035e-07
40,89,4.0,1.0557743e-07
40,89,5.0,1.04808706e-07
40,89,6.0,1.0143279e-07
40,89,7.0,9.625219e-08
40,89,8.0,9.000414e-08
40,89,9.0,8.375795e-08
40,89,10.0,8.819215e-08
40,89,11.0,1.3070637e-07
40,89,12.0,1.5548791e-07
40,89,13.0,1.1281166e-07
40,89,14.0,8.209049e-08
40,90,0.0,1.3016677e-07
40,90,1.0,8.30477e-08
40,90,2.0,1.5152155e-07
40,90,3.0,1.5375483e-07
40,90,4.0,1.903038e-07
40,90,5.0,2.1020871e-07
40,90,6.0,1.4583382e-07
40,90,7.0,1.4677151e-07
40,90,8.0,1.5027209e-07
40,90,9.0,1.2806177e-07
40,90,10.0,1.131301e-07
40,90,11.0,1.2062428e-07
40,90,12.0,1.260083e-07
40,90,13.0,1.3139855e-07
40,90,14.0,1.6656492e-07
40,91,0.0,4.477285e-09
40,91,1.0,8.648189e-12
40,91,2.0,3.3579255e-09
40,91,3.0,6.9295245e-09
40,91,4.0,5.9471077e-09
40,91,5.0,5.98928e-09
40,91,6.0,1.7252065e-08
40,91,7.0,1.1019455e-07
40,91,8.0,5.246745e-07
40,91,9.0,1.2320022e-06
40,91,10.0,1.6042135e-06
40,91,11.0,2.1339615e-06
40,91,12.0,2.5486565e-06
40,91,13.0,8.06605e-07
40,91,14.0,1.5844061e-07
40,92,0.0,4.6519537e-05
40,92,1.0,5.8028032e-05
40,92,2.0,5.129505e-05
40,92,3.0,3.1905045e-05
40,92,4.0,3.090114e-05
40,92,5.0,3.8943504e-05
40,92,6.0,4.45601e-05
40,92,7.0,4.7996942e-05
40,92,8.0,5.217693e-05
40,92,9.0,5.995345e-05
40,92,10.0,7.774811e-05
40,92,11.0,0.00011109756
40,92,12.0,0.00015188345
40,92,13.0,0.00017774203
40,92,14.0,0.00018599616
40,93,0.0,0.0011716255
40,93,1.0,0.0009042564
40,93,2.0,0.0007459586
40,93,3.0,0.00066221453
40,93,4.0,0.00063052744
40,93,5.0,0.0006327227
40,93,6.0,0.00066206395
40,93,7.0,0.0007184891
40,93,8.0,0.0008023179
40,93,9.0,0.0009111231
40,93,10.0,0.0010344144
40,93,11.0,0.0011531656
40,93,12.0,0.0012529971
40,93,13.0,0.0013352891
40,93,14.0,0.00142685
40,94,0.0,0.0071494053
40,94,1.0,0.006034082
40,94,2.0,0.005546233
40,94,3.0,0.0054778447
40,94,4.0,0.0056083156
40,94,5.0,0.0057911742
40,94,6.0,0.0059779454
40,94,7.0,0.0061532934
40,94,8.0,0.006328463
40,94,9.0,0.006532527
40,94,10.0,0.0068164933
40,94,11.0,0.007256813
40,94,12.0,0.007966303
40,94,13.0,0.009047876
40,94,14.0,0.010431863
40,95,0.0,0.037481517
40,95,1.0,0.033099923
40,95,2.0,0.029062184
40,95,3.0,0.026051126
40,95,4.0,0.02437502
40,95,5.0,0.023948438
40,95,6.0,0.024482682
40,95,7.0,0.025699656
40,95,8.0,0.027504427
40,95,9.0,0.029990593
40,95,10.0,0.03326261
40,95,11.0,0.03699333
40,95,12.0,0.040142745
40,95,13.0,0.041494835
40,95,14.0,0.04150971
40,96,0.0,0.13328518
40,96,1.0,0.12665741
40,96,2.0,0.11518584
40,96,3.0,0.1027713
40,96,4.0,0.09749879
40,96,5.0,0.09889498
40,96,6.0,0.10437251
40,96,7.0,0.11161857
40,96,8.0,0.11802536
40,96,9.0,0.12195452
40,96,10.0,0.12421309
40,96,11.0,0.12640703
40,96,12.0,0.12981969
40,96,13.0,0.13483995
40,96,14.0,0.14054434
40,97,0.0,0.2784316
40,97,1.0,0.2756798
40,97,2.0,0.2586926
40,97,3.0,0.24504295
40,97,4.0,0.23903432
40,97,5.0,0.23752224
40,97,6.0,0.23839124
40,97,7.0,0.24046992
40,97,8.0,0.24308239
40,97,9.0,0.24568197
40,97,10.0,0.24789518
40,97,11.0,0.25090712
40,97,12.0,0.25692442
40,97,13.0,0.26853862
40,97,14.0,0.28875974
40,98,0.0,0.51811194
40,98,1.0,0.49184912
40,98,2.0,0.46462587
40,98,3.0,0.44850093
40,98,4.0,0.44175825
40,98,5.0,0.4404412
40,98,6.0,0.44180396
40,98,7.0,0.4439531
40,98,8.0,0.44535834
40,98,9.0,0.44453147
40,98,10.0,0.43998685
40,98,11.0,0.43276098
40,98,12.0,0.42718497
40,98,13.0,0.4277746
40,98,14.0,0.4347244
40,99,0.0,0.5782761
40,99,1.0,0.5786132
40,99,2.0,0.5525161
40,99,3.0,0.51781094
40,99,4.0,0.4948973
40,99,5.0,0.48478138
40,99,6.0,0.48153114
40,99,7.0,0.4808573
40,99,8.0,0.47970104
40,99,9.0,0.47521344
40,99,10.0,0.46539515
40,99,11.0,0.45361152
40,99,12.0,0.4458491
40,99,13.0,0.44471243
40,99,14.0,0.450305
40,100,0.0,0.62219745
40,100,1.0,0.60474473
40,100,2.0,0.56235707
40,100,3.0,0.53275317
40,100,4.0,0.5121309
40,100,5.0,0.4990516
40,100,6.0,0.49145436
40,100,7.0,0.48683023
40,100,8.0,0.48215356
40,100,9.0,0.4757423
40,100,10.0,0.46802357
40,100,11.0,0.4518648
40,100,12.0,0.42359206
40,100,13.0,0.39688352
40,100,14.0,0.3874505
40,101,0.0,0.37769133
40,101,1.0,0.36458346
40,101,2.0,0.3360605
40,101,3.0,0.31232736
40,101,4.0,0.29735616
40,101,5.0,0.2889495
40,101,6.0,0.2840687
40,101,7.0,0.2801123
40,101,8.0,0.27493095
40,101,9.0,0.26706418
40,101,10.0,0.25694507
40,101,11.0,0.24724701
40,101,12.0,0.23710655
40,101,13.0,0.22409798
40,101,14.0,0.21203046
40,102,0.0,0.18644713
40,102,1.0,0.16985811
40,102,2.0,0.15204844
40,102,3.0,0.14265339
40,102,4.0,0.13803993
40,102,5.0,0.13528115
40,102,6.0,0.13317682
40,102,7.0,0.13117486
40,102,8.0,0.12882476
40,102,9.0,0.12578441
40,102,10.0,0.12180486
40,102,11.0,0.11609587
40,102,12.0,0.10690993
40,102,13.0,0.09790752
40,102,14.0,0.094697386
40,103,0.0,0.04425781
40,103,1.0,0.04593967
40,103,2.0,0.04430569
40,103,3.0,0.042049535
40,103,4.0,0.040582743
40,103,5.0,0.03979323
40,103,6.0,0.03948077
40,103,7.0,0.03945375
40,103,8.0,0.039476387
40,103,9.0,0.039195403
40,103,10.0,0.03808417
40,103,11.0,0.035913717
40,103,12.0,0.03310155
40,103,13.0,0.030374823
40,103,14.0,0.028281419
40,104,0.0,0.010525013
40,104,1.0,0.009307272
40,104,2.0,0.008440542
40,104,3.0,0.008975555
40,104,4.0,0.009247753
40,104,5.0,0.009152897
40,104,6.0,0.009037955
40,104,7.0,0.009109405
40,104,8.0,0.009368246
40,104,9.0,0.009676673
40,104,10.0,0.009803185
40,104,11.0,0.009579408
40,104,12.0,0.009141529
40,104,13.0,0.008706217
40,104,14.0,0.00850002
40,105,0.0,0.0013275692
40,105,1.0,0.001238336
40,105,2.0,0.0012021512
40,105,3.0,0.0011841676
40,105,4.0,0.0012450187
40,105,5.0,0.0013306577
40,105,6.0,0.0014237701
40,105,7.0,0.0015209367
40,105,8.0,0.0016211239
40,105,9.0,0.0017240966
40,105,10.0,0.0018356325
40,105,11.0,0.001948549
40,105,12.0,0.0020193453
40,105,13.0,0.0020099138
40,105,14.0,0.0019293235
40,106,0.0,0.00023982066
40,106,1.0,0.0001961205
40,106,2.0,0.00012622465
40,106,3.0,0.0001398654
40,106,4.0,0.00019971142
40,106,5.0,0.00023219624
40,106,6.0,0.00030189834
40,106,7.0,0.0003689909
40,106,8.0,0.00039068612
40,106,9.0,0.00037369513
40,106,10.0,0.00037933546
40,106,11.0,0.0004707094
40,106,12.0,0.0005823446
40,106,13.0,0.0006044423
40,106,14.0,0.0005136622
40,107,0.0,8.420947e-05
40,107,1.0,6.0366245e-05
40,107,2.0,4.6192e-05
40,107,3.0,3.0715775e-05
40,107,4.0,1.8326804e-05
40,107,5.0,1.0639685e-05
40,107,6.0,5.0436206e-06
40,107,7.0,2.6298233e-06
40,107,8.0,2.2883144e-06
40,107,9.0,4.73181e-06
40,107,10.0,1.745877e-05
40,107,11.0,5.2869105e-05
40,107,12.0,9.072519e-05
40,107,13.0,0.00010484018
40,107,14.0,9.458726e-05
40,108,0.0,1.0498781e-10
40,108,1.0,9.09087e-05
40,108,2.0,5.601832e-05
40,108,3.0,0.0
40,108,4.0,5.6958254e-11
40,108,5.0,7.3270155e-07
40,108,6.0,1.4002714e-05
40,108,7.0,2.3845114e-05
40,108,8.0,2.3609096e-05
40,108,9.0,2.3793546e-05
40,108,10.0,2.7369644e-05
40,108,11.0,2.7821234e-05
40,108,12.0,1.2984997e-05
40,108,13.0,2.761357e-07
40,108,14.0,9.0646116e-11
40,109,0.0,6.450025e-08
40,109,1.0,7.1639715e-07
40,109,2.0,1.1492389e-07
40,109,3.0,5.059959e-07
40,109,4.0,7.6772125e-08
40,109,5.0,1.5512027e-08
40,109,6.0,1.4915156e-07
40,109,7.0,3.118489e-07
40,109,8.0,3.213029e-07
40,109,9.0,2.1028889e-07
40,109,10.0,1.3429263e-07
40,109,11.0,1.3807426e-07
40,109,12.0,2.365268e-07
40,109,13.0,4.2290114e-07
40,109,14.0,5.203191e-07
40,110,0.0,1.9884315e-07
40,110,1.0,1.5793569e-07
40,110,2.0,1.5461606e-07
40,110,3.0,1.4387945e-07
40,110,4.0,1.2639583e-07
40,110,5.0,1.6569481e-07
40,110,6.0,1.5848228e-07
40,110,7.0,1.5093006e-07
40,110,8.0,1.457311e-07
40,110,9.0,1.2767725e-07
40,110,10.0,1.3693997e-07
40,110,11.0,1.5294835e-07
40,110,12.0,1.4411604e-07
40,110,13.0,1.4742515e-07
40,110,14.0,1.7713714e-07
40,111,0.0,7.0146825e-08
40,111,1.0,9.467761e-10
40,111,2.0,3.426875e-07
40,111,3.0,2.018679e-06
40,111,4.0,1.2065321e-07
40,111,5.0,1.9438597e-08
40,111,6.0,3.507323e-08
40,111,7.0,7.315309e-08
40,111,8.0,1.532316e-07
40,111,9.0,2.7951054e-07
40,111,10.0,3.6724987e-07
40,111,11.0,3.3194846e-07
40,111,12.0,2.4030305e-07
40,111,13.0,1.927803e-07
40,111,14.0,2.513985e-07
40,112,0.0,1.4214713e-07
40,112,1.0,1.2383872e-07
40,112,2.0,1.4095617e-07
40,112,3.0,1.472593e-07
40,112,4.0,1.7595794e-07
40,112,5.0,2.2820801e-07
40,112,6.0,2.1623512e-07
40,112,7.0,1.7623309e-07
40,112,8.0,1.518381e-07
40,112,9.0,1.399542e-07
40,112,10.0,1.3490583e-07
40,112,11.0,1.0560431e-07
40,112,12.0,1.5065822e-07
40,112,13.0,2.2127831e-07
40,112,14.0,2.1805062e-07
41,90,0.0,1.2089765e-07
41,90,1.0,5.649354e-07
41,90,2.0,1.2468231e-06
41,90,3.0,4.3438857e-07
41,90,4.0,1.5107709e-07
41,90,5.0,9.8646716e-08
41,90,6.0,9.027422e-08
41,90,7.0,7.865386e-08
41,90,8.0,5.4069215e-08
41,90,9.0,3.008415e-08
41,90,10.0,3.7251375e-08
41,90,11.0,1.2154742e-07
41,90,12.0,1.8212864e-07
41,90,13.0,1.7858567e-07
41,90,14.0,2.1475964e-07
41,91,0.0,1.5893015e-07
41,91,1.0,8.214629e-08
41,91,2.0,3.7883943e-08
41,91,3.0,5.802444e-08
41,91,4.0,1.2614349e-07
41,91,5.0,2.0786045e-07
41,91,6.0,2.670216e-07
41,91,7.0,3.0185518e-07
41,91,8.0,3.1782446e-07
41,91,9.0,3.1108192e-07
41,91,10.0,2.6139747e-07
41,91,11.0,1.9503406e-07
41,91,12.0,2.0998937e-07
41,91,13.0,2.3963224e-07
41,91,14.0,2.4372721e-07
41,92,0.0,3.46125e-08
41,92,1.0,2.6675144e-07
41,92,2.0,6.99171e-07
41,92,3.0,3.010623e-07
41,92,4.0,1.3563694e-07
41,92,5.0,1.1094883e-07
41,92,6.0,1.17783266e-07
41,92,7.0,1.3723553e-07
41,92,8.0,1.6415143e-07
41,92,9.0,1.9128323e-07
41,92,10.0,1.8244941e-07
41,92,11.0,1.0274988e-07
41,92,12.0,1.03970315e-07
41,92,13.0,1.9683421e-07
41,92,14.0,2.1813182e-07
41,93,0.0,1.2719282e-07
41,93,1.0,2.6546647e-07
41,93,2.0,2.5365048e-07
41,93,3.0,1.7982072e-07
41,93,4.0,1.3413423e-07
41,93,5.0,1.1913664e-07
41,93,6.0,1.2639703e-07
41,93,7.0,1.5470577e-07
41,93,8.0,1.9869447e-07
41,93,9.0,2.4376058e-07
41,93,10.0,2.4303753e-07
41,93,11.0,1.4535269e-07
41,93,12.0,7.257999e-08
41,93,13.0,3.9697127e-08
41,93,14.0,4.5942272e-08
41,94,0.0,7.360764e-06
41,94,1.0,7.5120197e-06
41,94,2.0,9.123617e-06
41,94,3.0,1.1795483e-05
41,94,4.0,1.3850811e-05
41,94,5.0,1.5088846e-05
41,94,6.0,1.609919e-05
41,94,7.0,1.7429866e-05
41,94,8.0,1.8539462e-05
41,94,9.0,1.8182698e-05
41,94,10.0,1.3917893e-05
41,94,11.0,3.7796492e-06
41,94,12.0,5.1508147e-07
41,94,13.0,1.4447594e-05
41,94,14.0,5.4267948e-05
41,95,0.0,0.000114019465
41,95,1.0,0.00013816786
41,95,2.0,0.00014819918
41,95,3.0,0.00013502025
41,95,4.0,0.00011634885
41,95,5.0,0.00010570401
41,95,6.0,0.00010781061
41,95,7.0,0.00012611914
41,95,8.0,0.0001568825
41,95,9.0,0.00018341083
41,95,10.0,0.0002026034
41,95,11.0,0.0002712607
41,95,12.0,0.00034788167
41,95,13.0,0.00037558863
41,95,14.0,0.00040618228
41,96,0.0,0.0011667826
41,96,1.0,0.001328022
41,96,2.0,0.0013923232
41,96,3.0,0.0012968582
41,96,4.0,0.0011619668
41,96,5.0,0.0010779673
41,96,6.0,0.00107431
41,96,7.0,0.001167017
41,96,8.0,0.0013667265
41,96,9.0,0.0016685899
41,96,10.0,0.002021203
41,96,11.0,0.0023011717
41,96,12.0,0.002496967
41,96,13.0,0.002719263
41,96,14.0,0.0029430499
41,97,0.0,0.008545
41,97,1.0,0.008142746
41,97,2.0,0.008106434
41,97,3.0,0.008294743
41,97,4.0,0.008528475
41,97,5.0,0.008931346
41,97,6.0,0.009567828
41,97,7.0,0.010442677
41,97,8.0,0.011547478
41,97,9.0,0.012836918
41,97,10.0,0.014149938
41,97,11.0,0.015215132
41,97,12.0,0.016032545
41,97,13.0,0.0168262
41,97,14.0,0.017934311
41,98,0.0,0.041304167
41,98,1.0,0.038544632
41,98,2.0,0.036831852
41,98,3.0,0.036382288
41,98,4.0,0.036889274
41,98,5.0,0.03787789
41,98,6.0,0.039265588
41,98,7.0,0.04125852
41,98,8.0,0.044002265
41,98,9.0,0.047102932
41,98,10.0,0.049876697
41,98,11.0,0.051961593
41,98,12.0,0.053593453
41,98,13.0,0.05563796
41,98,14.0,0.05920221
41,99,0.0,0.11623933
41,99,1.0,0.12126773
41,99,2.0,0.12085577
41,99,3.0,0.11988716
41,99,4.0,0.1197202
41,99,5.0,0.12046138
41,99,6.0,0.12183604
41,99,7.0,0.12359831
41,99,8.0,0.12566058
41,99,9.0,0.12830876
41,99,10.0,0.13221687
41,99,11.0,0.13741332
41,99,12.0,0.14295547
41,99,13.0,0.14882526
41,99,14.0,0.1564506
41,100,0.0,0.21579531
41,100,1.0,0.24179405
41,100,2.0,0.2505643
41,100,3.0,0.25140974
41,100,4.0,0.247346
41,100,5.0,0.24278918
41,100,6.0,0.23957972
41,100,7.0,0.23790114
41,100,8.0,0.23780824
41,100,9.0,0.24021523
41,100,10.0,0.24564952
41,100,11.0,0.2514253
41,100,12.0,0.2549822
41,100,13.0,0.25820604
41,100,14.0,0.26409668
41,101,0.0,0.34543198
41,101,1.0,0.41340876
41,101,2.0,0.42617625
41,101,3.0,0.4144876
41,101,4.0,0.402112
41,101,5.0,0.39286906
41,101,6.0,0.3865128
41,101,7.0,0.38205874
41,101,8.0,0.37820205
41,101,9.0,0.37318704
41,101,10.0,0.36478642
41,101,11.0,0.35314342
41,101,12.0,0.34137484
41,101,13.0,0.332406
41,101,14.0,0.32850468
41,102,0.0,0.31875595
41,102,1.0,0.37490094
41,102,2.0,0.39333683
41,102,3.0,0.37766102
41,102,4.0,0.36754948
41,102,5.0,0.36073014
41,102,6.0,0.3548716
41,102,7.0,0.34957004
41,102,8.0,0.3443547
41,102,9.0,0.33844635
41,102,10.0,0.3305225
41,102,11.0,0.31927654
41,102,12.0,0.30314776
41,102,13.0,0.28459248
41,102,14.0,0.27032396
41,103,0.0,0.22217077
41,103,1.0,0.26663187
41,103,2.0,0.28540993
41,103,3.0,0.27674678
41,103,4.0,0.26642138
41,103,5.0,0.25855234
41,103,6.0,0.25297874
41,103,7.0,0.24917148
41,103,8.0,0.24637592
41,103,9.0,0.24339883
41,103,10.0,0.23838131
41,103,11.0,0.22955468
41,103,12.0,0.2169691
41,103,13.0,0.20355856
41,103,14.0,0.19346406
41,104,0.0,0.093316406
41,104,1.0,0.12422157
41,104,2.0,0.13051675
41,104,3.0,0.12711729
41,104,4.0,0.12292279
41,104,5.0,0.11947528
41,104,6.0,0.11726349
41,104,7.0,0.116119966
41,104,8.0,0.115587056
41,104,9.0,0.11506568
41,104,10.0,0.11405293
41,104,11.0,0.112572215
41,104,12.0,0.11034564
41,104,13.0,0.106662616
41,104,14.0,0.10177514
41,105,0.0,0.027757704
41,105,1.0,0.039037306
41,105,2.0,0.045988664
41,105,3.0,0.047433075
41,105,4.0,0.04781767
41,105,5.0,0.047868937
41,105,6.0,0.047998752
41,105,7.0,0.048438717
41,105,8.0,0.049229905
41,105,9.0,0.050187342
41,105,10.0,0.050867505
41,105,11.0,0.050685275
41,105,12.0,0.049333222
41,105,13.0,0.04691514
41,105,14.0,0.043854903
41,106,0.0,0.007376438
41,106,1.0,0.009638891
41,106,2.0,0.012238307
41,106,3.0,0.014242496
41,106,4.0,0.015138834
41,106,5.0,0.015198433
41,106,6.0,0.014914394
41,106,7.0,0.01471213
41,106,8.0,0.0148910405
41,106,9.0,0.015643261
41,106,10.0,0.016820313
41,106,11.0,0.017872091
41,106,12.0,0.018311819
41,106,13.0,0.01792712
41,106,14.0,0.016725672
41,107,0.0,0.002411148
41,107,1.0,0.003443665
41,107,2.0,0.0043206033
41,107,3.0,0.004860314
41,107,4.0,0.0051369937
41,107,5.0,0.0052057593
41,107,6.0,0.005186018
41,107,7.0,0.005206041
41,107,8.0,0.0053545656
41,107,9.0,0.0056645502
41,107,10.0,0.006121213
41,107,11.0,0.0066243145
41,107,12.0,0.006991724
41,107,13.0,0.006955138
41,107,14.0,0.0063274256
41,108,0.0,0.0005572714
41,108,1.0,0.0011000779
41,108,2.0,0.0016251181
41,108,3.0,0.0017184602
41,108,4.0,0.0016343296
41,108,5.0,0.0014765955
41,108,6.0,0.0012799823
41,108,7.0,0.0011140194
41,108,8.0,0.0010196824
41,108,9.0,0.0010160917
41,108,10.0,0.0011306908
41,108,11.0,0.0013613862
41,108,12.0,0.0016236404
41,108,13.0,0.001766231
41,108,14.0,0.0016676659
41,109,0.0,0.00011058227
41,109,1.0,0.0002817273
41,109,2.0,0.00029107113
41,109,3.0,0.00028657983
41,109,4.0,0.0003167999
41,109,5.0,0.0003421919
41,109,6.0,0.0003616563
41,109,7.0,0.000378973
41,109,8.0,0.00039693876
41,109,9.0,0.00041934833
41,109,10.0,0.0004474104
41,109,11.0,0.00047607106
41,109,12.0,0.0005110621
41,109,13.0,0.0005541291
41,109,14.0,0.00057728146
41,110,0.0,3.5847115e-05
41,110,1.0,7.09686e-05
41,110,2.0,3.6365138e-05
41,110,3.0,7.6696975e-05
41,110,4.0,0.00014326368
41,110,5.0,0.00017495862
41,110,6.0,0.00015085757
41,110,7.0,0.00011272247
41,110,8.0,8.3178e-05
41,110,9.0,6.910187e-05
41,110,10.0,7.0616e-05
41,110,11.0,8.640026e-05
41,110,12.0,0.00011232238
41,110,13.0,0.00014651602
41,110,14.0,0.00018492766
41,111,0.0,4.8543054e-08
41,111,1.0,0.0
41,111,2.0,5.9181723e-08
41,111,3.0,2.2432687e-06
41,111,4.0,6.3186385e-06
41,111,5.0,9.338594e-06
41,111,6.0,1.1430937e-05
41,111,7.0,1.0125284e-05
41,111,8.0,5.00234e-06
41,111,9.0,6.693479e-07
41,111,10.0,1.05320544e-10
41,111,11.0,0.0
41,111,12.0,0.0
41,111,13.0,8.7599625e-07
41,111,14.0,1.2215259e-05
41,112,0.0,2.9067508e-07
41,112,1.0,1.6446712e-07
41,112,2.0,2.4797114e-07
41,112,3.0,2.354247e-07
41,112,4.0,3.690761e-07
41,112,5.0,4.5352715e-07
41,112,6.0,4.917015e-07
41,112,7.0,6.64922e-07
41,112,8.0,1.0611031e-06
41,112,9.0,1.4836564e-06
41,112,10.0,1.3832822e-06
41,112,11.0,9.631207e-07
41,112,12.0,8.4110064e-07
41,112,13.0,1.0629548e-06
41,112,14.0,1.1628514e-06
41,113,0.0,2.1293167e-07
41,113,1.0,3.8019448e-07
41,113,2.0,3.1502535e-07
41,113,3.0,2.496105e-07
41,113,4.0,2.4628318e-07
41,113,5.0,2.3251236e-07
41,113,6.0,1.9618722e-07
41,113,7.0,1.5465045e-07
41,113,8.0,1.2897125e-07
41,113,9.0,1.4337286e-07
41,113,10.0,2.2982478e-07
41,113,11.0,3.5708763e-07
41,113,12.0,3.9582275e-07
41,113,13.0,3.074378e-07
41,113,14.0,2.090158e-07
41,114,0.0,2.3488813e-07
41,114,1.0,1.7784275e-07
41,114,2.0,1.8377425e-07
41,114,3.0,3.0999047e-07
41,114,4.0,3.883069e-07
41,114,5.0,3.9439684e-07
41,114,6.0,3.487029e-07
41,114,7.0,2.76584e-07
41,114,8.0,2.0024945e-07
41,114,9.0,1.4402569e-07
41,114,10.0,1.2343e-07
41,114,11.0,1.3721768e-07
41,114,12.0,1.5603142e-07
41,114,13.0,1.5149911e-07
41,114,14.0,1.4573155e-07
41,115,0.0,1.5381684e-07
41,115,1.0,1.1853121e-07
41,115,2.0,1.7498803e-07
41,115,3.0,1.2183673e-07
41,115,4.0,9.55645e-08
41,115,5.0,9.242484e-08
41,115,6.0,1.0069728e-07
41,115,7.0,1.1377823e-07
41,115,8.0,1.3021824e-07
41,115,9.0,1.6220655e-07
41,115,10.0,2.5056036e-07
41,115,11.0,3.7639865e-07
41,115,12.0,3.939552e-07
41,115,13.0,3.3670028e-07
41,115,14.0,2.9697858e-07
42,92,0.0,1.4470817e-07
42,92,1.0,1.5798055e-07
42,92,2.0,1.4224534e-07
42,92,3.0,1.3161795e-07
42,92,4.0,1.7407038e-07
42,92,5.0,1.8274952e-07
42,92,6.0,1.757711e-07
42,92,7.0,1.6720075e-07
42,92,8.0,1.5967301e-07
42,92,9.0,1.515101e-07
42,92,10.0,1.3244157e-07
42,92,11.0,1.1246425e-07
42,92,12.0,1.2079953e-07
42,92,13.0,1.2771068e-07
42,92,14.0,1.3676566e-07
42,93,0.0,1.9350132e-07
42,93,1.0,2.1528994e-07
42,93,2.0,2.2300796e-07
42,93,3.0,2.1557305e-07
42,93,4.0,1.9167442e-07
42,93,5.0,1.7899404e-07
42,93,6.0,1.7832639e-07
42,93,7.0,1.7948679e-07
42,93,8.0,1.8365313e-07
42,93,9.0,1.940127e-07
42,93,10.0,2.0250228e-07
42,93,11.0,1.9857838e-07
42,93,12.0,1.7745644e-07
42,93,13.0,1.544191e-07
42,93,14.0,1.3924048e-07
42,94,0.0,1.626145e-07
42,94,1.0,1.005858e-07
42,94,2.0,1.2768209e-07
42,94,3.0,1.2895988e-07
42,94,4.0,1.8703882e-07
42,94,5.0,1.8427576e-07
42,94,6.0,1.8891191e-07
42,94,7.0,1.9119493e-07
42,94,8.0,1.7600199e-07
42,94,9.0,1.3430518e-07
42,94,10.0,1.119833e-07
42,94,11.0,2.2980475e-07
42,94,12.0,1.1830178e-07
42,94,13.0,5.6801927e-08
42,94,14.0,2.6268356e-07
42,95,0.0,5.9267897e-09
42,95,1.0,5.924213e-09
42,95,2.0,1.8578182e-09
42,95,3.0,3.829171e-10
42,95,4.0,3.2338232e-10
42,95,5.0,9.867968e-10
42,95,6.0,2.0304223e-09
42,95,7.0,1.958419e-09
42,95,8.0,8.201568e-10
42,95,9.0,2.0801141e-10
42,95,10.0,1.0336492e-10
42,95,11.0,9.4136164e-11
42,95,12.0,9.927656e-11
42,95,13.0,4.3608514e-10
42,95,14.0,1.8561827e-09
42,96,0.0,2.3730577e-07
42,96,1.0,8.7226283e-07
42,96,2.0,1.6995726e-08
42,96,3.0,0.0
42,96,4.0,6.986897e-11
42,96,5.0,4.1265725e-08
42,96,6.0,1.6271588e-07
42,96,7.0,2.4713896e-07
42,96,8.0,2.4331362e-07
42,96,9.0,1.3951522e-07
42,96,10.0,2.0590297e-08
42,96,11.0,1.3591647e-11
42,96,12.0,2.351999e-11
42,96,13.0,3.745985e-07
42,96,14.0,1.1519663e-05
42,97,0.0,9.43937e-05
42,97,1.0,0.000103344806
42,97,2.0,9.885066e-05
42,97,3.0,9.8566685e-05
42,97,4.0,0.00010105195
42,97,5.0,0.00010406898
42,97,6.0,0.00010707463
42,97,7.0,0.00011011922
42,97,8.0,0.00011406861
42,97,9.0,0.00011968394
42,97,10.0,0.00012917127
42,97,11.0,0.00014806025
42,97,12.0,0.00017440919
42,97,13.0,0.0001979793
42,97,14.0,0.00021977809
42,98,0.0,0.0010499128
42,98,1.0,0.0011103331
42,98,2.0,0.0011336758
42,98,3.0,0.00114933
42,98,4.0,0.0011497472
42,98,5.0,0.0011333853
42,98,6.0,0.0011209131
42,98,7.0,0.0011276306
42,98,8.0,0.0011573851
42,98,9.0,0.0012096808
42,98,10.0,0.0012883233
42,98,11.0,0.0014211698
42,98,12.0,0.0016177075
42,98,13.0,0.0017912157
42,98,14.0,0.0018825562
42,99,0.0,0.006495441
42,99,1.0,0.006419188
42,99,2.0,0.0060894894
42,99,3.0,0.005773554
42,99,4.0,0.0056101945
42,99,5.0,0.0055924626
42,99,6.0,0.0057102805
42,99,7.0,0.005975196
42,99,8.0,0.0064330758
42,99,9.0,0.0071226307
42,99,10.0,0.008032557
42,99,11.0,0.008991831
42,99,12.0,0.009491748
42,99,13.0,0.009589487
42,99,14.0,0.00986305
42,100,0.0,0.03068006
42,100,1.0,0.033966474
42,100,2.0,0.031377118
42,100,3.0,0.028311504
42,100,4.0,0.026238043
42,100,5.0,0.026053352
42,100,6.0,0.027284535
42,100,7.0,0.028825516
42,100,8.0,0.030133935
42,100,9.0,0.031120948
42,100,10.0,0.032145422
42,100,11.0,0.033410627
42,100,12.0,0.034872502
42,100,13.0,0.036644638
42,100,14.0,0.039132748
42,101,0.0,0.07492394
42,101,1.0,0.0788704
42,101,2.0,0.0771072
42,101,3.0,0.074750125
42,101,4.0,0.07284452
42,101,5.0,0.07165471
42,101,6.0,0.07129853
42,101,7.0,0.0718146
42,101,8.0,0.073197916
42,101,9.0,0.07531664
42,101,10.0,0.07759447
42,101,11.0,0.07936111
42,101,12.0,0.08098319
42,101,13.0,0.08348387
42,101,14.0,0.0874918
42,102,0.0,0.18555106
42,102,1.0,0.18417004
42,102,2.0,0.16704495
42,102,3.0,0.16322914
42,102,4.0,0.15720144
42,102,5.0,0.15392323
42,102,6.0,0.15292233
42,102,7.0,0.15305875
42,102,8.0,0.15364365
42,102,9.0,0.15421122
42,102,10.0,0.1545136
42,102,11.0,0.15497236
42,102,12.0,0.1559611
42,102,13.0,0.15765007
42,102,14.0,0.16075316
42,103,0.0,0.19181949
42,103,1.0,0.21398872
42,103,2.0,0.21725272
42,103,3.0,0.21265572
42,103,4.0,0.20579194
42,103,5.0,0.19942752
42,103,6.0,0.19417527
42,103,7.0,0.18985894
42,103,8.0,0.18618695
42,103,9.0,0.18290529
42,103,10.0,0.17968093
42,103,11.0,0.176391
42,103,12.0,0.1733484
42,103,13.0,0.17139557
42,103,14.0,0.17226647
42,104,0.0,0.17583954
42,104,1.0,0.20332716
42,104,2.0,0.20504293
42,104,3.0,0.20467281
42,104,4.0,0.20280889
42,104,5.0,0.20111133
42,104,6.0,0.19921635
42,104,7.0,0.19699779
42,104,8.0,0.19446073
42,104,9.0,0.19134311
42,104,10.0,0.18710269
42,104,11.0,0.18202819
42,104,12.0,0.17728132
42,104,13.0,0.17427006
42,104,14.0,0.17476228
42,105,0.0,0.09237107
42,105,1.0,0.115739316
42,105,2.0,0.12529385
42,105,3.0,0.12785925
42,105,4.0,0.1276109
42,105,5.0,0.12619019
42,105,6.0,0.12494245
42,105,7.0,0.12463355
42,105,8.0,0.1255292
42,105,9.0,0.12747082
42,105,10.0,0.12949288
42,105,11.0,0.12938185
42,105,12.0,0.12614194
42,105,13.0,0.12121467
42,105,14.0,0.116748594
42,106,0.0,0.043507013
42,106,1.0,0.051875707
42,106,2.0,0.06542053
42,106,3.0,0.073348075
42,106,4.0,0.07898036
42,106,5.0,0.08157655
42,106,6.0,0.08287349
42,106,7.0,0.08397354
42,106,8.0,0.085460834
42,106,9.0,0.087487124
42,106,10.0,0.0897845
42,106,11.0,0.09192479
42,106,12.0,0.093621336
42,106,13.0,0.09485719
42,106,14.0,0.096022554
42,107,0.0,0.0129732825
42,107,1.0,0.01761243
42,107,2.0,0.02339045
42,107,3.0,0.027446473
42,107,4.0,0.031214975
42,107,5.0,0.034111172
42,107,6.0,0.036083557
42,107,7.0,0.037689168
42,107,8.0,0.03936366
42,107,9.0,0.041298475
42,107,10.0,0.043426227
42,107,11.0,0.04513109
42,107,12.0,0.045657158
42,107,13.0,0.044832293
42,107,14.0,0.04325099
42,108,0.0,0.004901872
42,108,1.0,0.006653379
42,108,2.0,0.008628117
42,108,3.0,0.010540365
42,108,4.0,0.012613801
42,108,5.0,0.013806443
42,108,6.0,0.014754244
42,108,7.0,0.015814329
42,108,8.0,0.01715349
42,108,9.0,0.019002927
42,108,10.0,0.021325216
42,108,11.0,0.023414787
42,108,12.0,0.024704374
42,108,13.0,0.025214735
42,108,14.0,0.025166811
42,109,0.0,0.0010200323
42,109,1.0,0.0016299217
42,109,2.0,0.00206036
42,109,3.0,0.0027861823
42,109,4.0,0.0034686653
42,109,5.0,0.003919236
42,109,6.0,0.004231742
42,109,7.0,0.0045391205
42,109,8.0,0.004914888
42,109,9.0,0.005416291
42,109,10.0,0.0061317123
42,109,11.0,0.0071129114
42,109,12.0,0.008194243
42,109,13.0,0.009043952
42,109,14.0,0.009489085
42,110,0.0,0.00022030478
42,110,1.0,0.00049905723
42,110,2.0,0.00068519905
42,110,3.0,0.0011062141
42,110,4.0,0.001231639
42,110,5.0,0.0013093585
42,110,6.0,0.001433314
42,110,7.0,0.001591023
42,110,8.0,0.001778763
42,110,9.0,0.0019979237
42,110,10.0,0.0022390657
42,110,11.0,0.0024791742
42,110,12.0,0.0027111906
42,110,13.0,0.0029203144
42,110,14.0,0.0030879248
42,111,0.0,3.5569843e-05
42,111,1.0,0.000116428026
42,111,2.0,0.00014065577
42,111,3.0,0.0001667193
42,111,4.0,0.00021218102
42,111,5.0,0.00022337922
42,111,6.0,0.00023197332
42,111,7.0,0.00025182366
42,111,8.0,0.00028066957
42,111,9.0,0.0003138291
42,111,10.0,0.00034223584
42,111,11.0,0.0003459227
42,111,12.0,0.00032424493
42,111,13.0,0.00031367468
42,111,14.0,0.00033301412
42,112,0.0,4.9507576e-10
42,112,1.0,0.0
42,112,2.0,1.3125318e-05
42,112,3.0,9.521627e-05
42,112,4.0,5.5186625e-05
42,112,5.0,5.5821612e-05
42,112,6.0,6.583662e-05
42,112,7.0,6.545455e-05
42,112,8.0,5.1033843e-05
42,112,9.0,9.31931e-05
42,112,10.0,2.9900648e-05
42,112,11.0,2.2096485e-05
42,112,12.0,4.1897954e-05
42,112,13.0,6.7390094e-05
42,112,14.0,8.389412e-05
42,113,0.0,5.1369977e-08
42,113,1.0,1.9489967e-08
42,113,2.0,0.0
42,113,3.0,5.2366884e-09
42,113,4.0,4.2387165e-07
42,113,5.0,1.2522385e-06
42,113,6.0,1.2333186e-06
42,113,7.0,6.442721e-07
42,113,8.0,1.5404103e-07
42,113,9.0,1.6048919e-08
42,113,10.0,4.0968498e-08
42,113,11.0,1.0183333e-06
42,113,12.0,7.501356e-06
42,113,13.0,1.6864593e-05
42,113,14.0,2.1025962e-05
42,114,0.0,1.6216367e-07
42,114,1.0,1.5020886e-07
42,114,2.0,1.997731e-07
42,114,3.0,3.469409e-07
42,114,4.0,2.441322e-07
42,114,5.0,1.3239523e-07
42,114,6.0,1.06294216e-07
42,114,7.0,1.396788e-07
42,114,8.0,1.2659453e-07
42,114,9.0,2.68112e-07
42,114,10.0,2.880404e-07
42,114,11.0,2.5586672e-07
42,114,12.0,1.2441419e-07
42,114,13.0,1.279073e-07
42,114,14.0,1.6833967e-07
42,115,0.0,1.2029976e-07
42,115,1.0,1.638357e-07
42,115,2.0,2.5398413e-07
42,115,3.0,1.3685599e-07
42,115,4.0,3.14587e-08
42,115,5.0,2.0841425e-08
42,115,6.0,5.0839994e-08
42,115,7.0,1.2846169e-07
42,115,8.0,2.0716215e-07
42,115,9.0,2.0552099e-07
42,115,10.0,1.4813497e-07
42,115,11.0,1.2016275e-07
42,115,12.0,1.2531888e-07
42,115,13.0,1.41811e-07
42,115,14.0,1.4641338e-07
42,116,0.0,1.5800653e-07
42,116,1.0,1.4751171e-07
42,116,2.0,1.0725325e-07
42,116,3.0,1.0360257e-07
42,116,4.0,9.739726e-08
42,116,5.0,6.83843e-08
42,116,6.0,1.332362e-07
42,116,7.0,1.5525934e-07
42,116,8.0,1.2595808e-07
42,116,9.0,1.3426755e-07
42,116,10.0,1.8576462e-07
42,116,11.0,1.4629563e-07
42,116,12.0,1.788924e-07
42,116,13.0,1.7536621e-07
42,116,14.0,1.1304703e-07
42,117,0.0,2.7241742e-07
42,117,1.0,1.3087609e-07
42,117,2.0,1.8667455e-07
42,117,3.0,1.5125987e-07
42,117,4.0,1.2681188e-07
42,117,5.0,1.3070596e-07
42,117,6.0,1.4244758e-07
42,117,7.0,1.5413329e-07
42,117,8.0,1.6548785e-07
42,117,9.0,1.753565e-07
42,117,10.0,1.8283436e-07
42,117,11.0,1.9102603e-07
42,117,12.0,1.9620389e-07
42,117,13.0,1.867538e-07
42,117,14.0,1.7909055e-07
43,95,0.0,1.347733e-07
43,95,1.0,1.2061425e-07
43,95,2.0,1.5645439e-07
43,95,3.0,1.8498397e-07
43,95,4.0,1.8807292e-07
43,95,5.0,1.8148158e-07
43,95,6.0,1.8111709e-07
43,95,7.0,1.755517e-07
43,95,8.0,1.4767689e-07
43,95,9.0,1.1810381e-07
43,95,10.0,1.0756091e-07
43,95,11.0,1.0126317e-07
43,95,12.0,1.09284244e-07
43,95,13.0,1.1531578e-07
43,95,14.0,1.0202627e-07
43,96,0.0,1.0364457e-07
43,96,1.0,1.18355395e-07
43,96,2.0,1.13521445e-07
43,96,3.0,1.2849851e-07
43,96,4.0,1.5555419e-07
43,96,5.0,1.7808547e-07
43,96,6.0,1.9277536e-07
43,96,7.0,1.9760623e-07
43,96,8.0,1.8345649e-07
43,96,9.0,1.4361103e-07
43,96,10.0,9.318387e-08
43,96,11.0,8.7355076e-08
43,96,12.0,1.5311899e-07
43,96,13.0,1.859663e-07
43,96,14.0,1.9359098e-07
43,97,0.0,1.7128036e-07
43,97,1.0,2.6617332e-07
43,97,2.0,2.867575e-07
43,97,3.0,2.029761e-07
43,97,4.0,1.7792277e-07
43,97,5.0,2.1213458e-07
43,97,6.0,2.380661e-07
43,97,7.0,2.2678681e-07
43,97,8.0,1.9320015e-07
43,97,9.0,1.5205644e-07
43,97,10.0,1.1104089e-07
43,97,11.0,2.0968724e-07
43,97,12.0,7.637703e-08
43,97,13.0,2.195285e-07
43,97,14.0,5.193971e-07
43,98,0.0,1.3649712e-07
43,98,1.0,5.844563e-08
43,98,2.0,4.152606e-08
43,98,3.0,4.4077904e-08
43,98,4.0,5.397185e-08
43,98,5.0,6.663171e-08
43,98,6.0,9.767524e-08
43,98,7.0,1.8945691e-07
43,98,8.0,4.0693826e-07
43,98,9.0,6.5675465e-07
43,98,10.0,6.613167e-07
43,98,11.0,5.3008216e-07
43,98,12.0,3.819543e-07
43,98,13.0,2.2117129e-07
43,98,14.0,1.0077379e-07
43,99,0.0,4.808749e-07
43,99,1.0,6.583484e-07
43,99,2.0,5.3895487e-08
43,99,3.0,3.8838226e-09
43,99,4.0,2.4524363e-09
43,99,5.0,9.277493e-09
43,99,6.0,6.0193436e-08
43,99,7.0,3.48951e-07
43,99,8.0,9.769566e-07
43,99,9.0,2.943049e-07
43,99,10.0,1.584861e-08
43,99,11.0,2.6187356e-06
43,99,12.0,2.0076855e-05
43,99,13.0,3.3854154e-05
43,99,14.0,6.934046e-05
43,100,0.0,9.921021e-05
43,100,1.0,0.00011304699
43,100,2.0,0.0001317508
43,100,3.0,0.0001466583
43,100,4.0,0.00015284857
43,100,5.0,0.0001512978
43,100,6.0,0.00014289726
43,100,7.0,0.00013230856
43,100,8.0,0.00012930739
43,100,9.0,0.00014851528
43,100,10.0,0.00019910156
43,100,11.0,0.00027346585
43,100,12.0,0.0003487
43,100,13.0,0.00040543414
43,100,14.0,0.00044056948
43,101,0.0,0.0011187727
43,101,1.0,0.0011541162
43,101,2.0,0.0011557852
43,101,3.0,0.0011476006
43,101,4.0,0.0011433734
43,101,5.0,0.0011439228
43,101,6.0,0.0011650387
43,101,7.0,0.001232575
43,101,8.0,0.0013747619
43,101,9.0,0.0016115396
43,101,10.0,0.0019252565
43,101,11.0,0.0022116893
43,101,12.0,0.0023795967
43,101,13.0,0.0024269153
43,101,14.0,0.0023865977
43,102,0.0,0.003229303
43,102,1.0,0.0039227232
43,102,2.0,0.0045644166
43,102,3.0,0.004892877
43,102,4.0,0.0049276664
43,102,5.0,0.0048276917
43,102,6.0,0.0047487305
43,102,7.0,0.0047938786
43,102,8.0,0.005024916
43,102,9.0,0.0054753055
43,102,10.0,0.0061467905
43,102,11.0,0.006897658
43,102,12.0,0.0074739303
43,102,13.0,0.0075975796
43,102,14.0,0.007158786
43,103,0.0,0.009324008
43,103,1.0,0.014805777
43,103,2.0,0.017621381
43,103,3.0,0.018692018
43,103,4.0,0.01892281
43,103,5.0,0.018576853
43,103,6.0,0.017870583
43,103,7.0,0.017148845
43,103,8.0,0.016801802
43,103,9.0,0.01706297
43,103,10.0,0.017964581
43,103,11.0,0.01899401
43,103,12.0,0.019540302
43,103,13.0,0.01915343
43,103,14.0,0.017586214
43,104,0.0,0.01664817
43,104,1.0,0.023189457
43,104,2.0,0.028368277
43,104,3.0,0.031007681
43,104,4.0,0.031751588
43,104,5.0,0.031389013
43,104,6.0,0.030709155
43,104,7.0,0.030225404
43,104,8.0,0.030215986
43,104,9.0,0.030869659
43,104,10.0,0.032249115
43,104,11.0,0.033706903
43,104,12.0,0.034519326
43,104,13.0,0.03428135
43,104,14.0,0.03251384
43,105,0.0,0.020058734
43,105,1.0,0.028907364
43,105,2.0,0.03970309
43,105,3.0,0.043340888
43,105,4.0,0.043890912
43,105,5.0,0.044370506
43,105,6.0,0.044798795
43,105,7.0,0.04527623
43,105,8.0,0.04614603
43,105,9.0,0.04790329
43,105,10.0,0.051211298
43,105,11.0,0.055392697
43,105,12.0,0.0582545
43,105,13.0,0.058097683
43,105,14.0,0.054230355
43,106,0.0,0.012940138
43,106,1.0,0.021324817
43,106,2.0,0.027729543
43,106,3.0,0.03673727
43,106,4.0,0.042782735
43,106,5.0,0.045539692
43,106,6.0,0.046843223
43,106,7.0,0.047826253
43,106,8.0,0.04921168
43,106,9.0,0.05175166
43,106,10.0,0.056390516
43,106,11.0,0.06220153
43,106,12.0,0.06660098
43,106,13.0,0.06823883
43,106,14.0,0.066591814
43,107,0.0,0.008061235
43,107,1.0,0.015180241
43,107,2.0,0.021906424
43,107,3.0,0.030862154
43,107,4.0,0.039064344
43,107,5.0,0.04419952
43,107,6.0,0.04715705
43,107,7.0,0.04947044
43,107,8.0,0.05254812
43,107,9.0,0.057988506
43,107,10.0,0.066713914
43,107,11.0,0.075480685
43,107,12.0,0.081746854
43,107,13.0,0.08506996
43,107,14.0,0.084519766
43,108,0.0,0.0030247604
43,108,1.0,0.0067272447
43,108,2.0,0.01149717
43,108,3.0,0.017609691
43,108,4.0,0.023992738
43,108,5.0,0.02986995
43,108,6.0,0.034252953
43,108,7.0,0.037617493
43,108,8.0,0.040913578
43,108,9.0,0.045190744
43,108,10.0,0.052129485
43,108,11.0,0.061943743
43,108,12.0,0.07087485
43,108,13.0,0.07569123
43,108,14.0,0.07606881
43,109,0.0,0.0016279678
43,109,1.0,0.003656823
43,109,2.0,0.0075113107
43,109,3.0,0.011195932
43,109,4.0,0.01668757
43,109,5.0,0.023242902
43,109,6.0,0.028300744
43,109,7.0,0.03182932
43,109,8.0,0.034846094
43,109,9.0,0.03861444
43,109,10.0,0.045150284
43,109,11.0,0.054826178
43,109,12.0,0.06382435
43,109,13.0,0.068662
43,109,14.0,0.06964283
43,110,0.0,0.00048559782
43,110,1.0,0.0013388775
43,110,2.0,0.0030096609
43,110,3.0,0.005645712
43,110,4.0,0.008777021
43,110,5.0,0.011009646
43,110,6.0,0.013225244
43,110,7.0,0.016005207
43,110,8.0,0.019209933
43,110,9.0,0.022684116
43,110,10.0,0.02608449
43,110,11.0,0.029089296
43,110,12.0,0.031974573
43,110,13.0,0.034558143
43,110,14.0,0.03565556
43,111,0.0,0.00013916621
43,111,1.0,0.00053608965
43,111,2.0,0.0013848252
43,111,3.0,0.002659309
43,111,4.0,0.0042598266
43,111,5.0,0.0054193474
43,111,6.0,0.0065958225
43,111,7.0,0.007808493
43,111,8.0,0.009033022
43,111,9.0,0.010463402
43,111,10.0,0.012440965
43,111,11.0,0.014647306
43,111,12.0,0.016650386
43,111,13.0,0.01807672
43,111,14.0,0.018526133
43,112,0.0,3.9636187e-05
43,112,1.0,0.00018328047
43,112,2.0,0.00037499607
43,112,3.0,0.0009782254
43,112,4.0,0.0012477282
43,112,5.0,0.0015519274
43,112,6.0,0.0019359961
43,112,7.0,0.0023360893
43,112,8.0,0.002725144
43,112,9.0,0.00313207
43,112,10.0,0.003680321
43,112,11.0,0.004386972
43,112,12.0,0.0049386392
43,112,13.0,0.0051133763
43,112,14.0,0.004975635
43,113,0.0,2.8903205e-05
43,113,1.0,4.3095124e-06
43,113,2.0,0.00015010936
43,113,3.0,0.00013503578
43,113,4.0,0.00029067777
43,113,5.0,0.0004349499
43,113,6.0,0.00048496696
43,113,7.0,0.0004863944
43,113,8.0,0.0004897954
43,113,9.0,0.0005532586
43,113,10.0,0.0007542199
43,113,11.0,0.0010935968
43,113,12.0,0.0013996204
43,113,13.0,0.0015315285
43,113,14.0,0.0014786872
43,114,0.0,1.3811097e-11
43,114,1.0,1.2417699e-05
43,114,2.0,1.2754005e-05
43,114,3.0,2.961356e-06
43,114,4.0,3.913979e-05
43,114,5.0,0.00011316653
43,114,6.0,0.00012202232
43,114,7.0,0.00012631685
43,114,8.0,0.00014671888
43,114,9.0,0.00018209808
43,114,10.0,0.00022189535
43,114,11.0,0.00025801486
43,114,12.0,0.00028222016
43,114,13.0,0.00029513877
43,114,14.0,0.00028447094
43,115,0.0,1.043209e-09
43,115,1.0,9.028012e-08
43,115,2.0,6.281963e-06
43,115,3.0,6.318575e-07
43,115,4.0,2.3245438e-08
43,115,5.0,1.3420359e-07
43,115,6.0,3.8343728e-07
43,115,7.0,4.996314e-07
43,115,8.0,5.228479e-07
43,115,9.0,4.650426e-07
43,115,10.0,6.351983e-07
43,115,11.0,4.7124945e-06
43,115,12.0,4.2246218e-05
43,115,13.0,8.425546e-05
43,115,14.0,8.560576e-05
43,116,0.0,1.6216897e-07
43,116,1.0,0.0
43,116,2.0,0.0
43,116,3.0,2.7069573e-08
43,116,4.0,1.0857161e-08
43,116,5.0,2.5131955e-10
43,116,6.0,1.0245976e-14
43,116,7.0,0.0
43,116,8.0,3.952458e-12
43,116,9.0,7.4106665e-10
43,116,10.0,1.0292863e-08
43,116,11.0,2.0996112e-08
43,116,12.0,3.3602632e-08
43,116,13.0,2.734357e-08
43,116,14.0,2.1422982e-08
43,117,0.0,1.1212273e-08
43,117,1.0,2.8341086e-07
43,117,2.0,2.702286e-07
43,117,3.0,1.9608721e-07
43,117,4.0,8.386776e-08
43,117,5.0,8.3576744e-08
43,117,6.0,1.2927332e-07
43,117,7.0,1.9202301e-07
43,117,8.0,2.2864397e-07
43,117,9.0,2.1654549e-07
43,117,10.0,1.7519618e-07
43,117,11.0,1.2146246e-07
43,117,12.0,1.7671859e-07
43,117,13.0,3.896205e-07
43,117,14.0,4.3468012e-07
43,118,0.0,1.6346954e-07
43,118,1.0,1.3490458e-07
43,118,2.0,1.820409e-07
43,118,3.0,1.8267998e-07
43,118,4.0,1.5147256e-07
43,118,5.0,1.4663345e-07
43,118,6.0,1.4620827e-07
43,118,7.0,1.44443e-07
43,118,8.0,1.3763716e-07
43,118,9.0,1.2509591e-07
43,118,10.0,1.07458284e-07
43,118,11.0,8.768506e-08
43,118,12.0,8.274806e-08
43,118,13.0,8.8421764e-08
43,118,14.0,9.9756846e-08
43,119,0.0,1.1770181e-07
43,119,1.0,9.304249e-08
43,119,2.0,1.2037101e-07
43,119,3.0,1.8645625e-07
43,119,4.0,1.7628027e-07
43,119,5.0,1.9016046e-07
43,119,6.0,2.126429e-07
43,119,7.0,2.2379439e-07
43,119,8.0,2.2287037e-07
43,119,9.0,2.1967604e-07
43,119,10.0,2.0520359e-07
43,119,11.0,1.7510484e-07
43,119,12.0,1.5997793e-07
43,119,13.0,1.5489742e-07
43,119,14.0,1.606967e-07
43,120,0.0,1.4763289e-07
43,120,1.0,2.0560903e-07
43,120,2.0,2.5066186e-07
43,120,3.0,2.4425202e-07
43,120,4.0,1.9009208e-07
43,120,5.0,1.7093436e-07
43,120,6.0,1.7268931e-07
43,120,7.0,1.7761677e-07
43,120,8.0,1.8067949e-07
43,120,9.0,1.8409929e-07
43,120,10.0,1.8668098e-07
43,120,11.0,1.848798e-07
43,120,12.0,1.9551688e-07
43,120,13.0,1.9729804e-07
43,120,14.0,2.1072294e-07
44,98,0.0,1.8016866e-07
44,98,1.0,1.0898648e-07
44,98,2.0,9.5885305e-08
44,98,3.0,8.668346e-08
44,98,4.0,8.87039e-08
44,98,5.0,1.1700228e-07
44,98,6.0,1.6492616e-07
44,98,7.0,2.1097924e-07
44,98,8.0,2.2567882e-07
44,98,9.0,2.0609693e-07
44,98,10.0,1.8025102e-07
44,98,11.0,1.6700223e-07
44,98,12.0,1.6829063e-07
44,98,13.0,1.7964693e-07
44,98,14.0,1.7709648e-07
44,99,0.0,1.7362635e-07
44,99,1.0,1.646137e-07
44,99,2.0,2.140108e-07
44,99,3.0,1.929306e-07
44,99,4.0,1.1700831e-07
44,99,5.0,6.533486e-08
44,99,6.0,5.991448e-08
44,99,7.0,1.1636896e-07
44,99,8.0,1.9836483e-07
44,99,9.0,2.445737e-07
44,99,10.0,2.5516766e-07
44,99,11.0,2.611791e-07
44,99,12.0,2.946545e-07
44,99,13.0,3.647956e-07
44,99,14.0,5.649096e-07
44,100,0.0,4.1096548e-10
44,100,1.0,0.0
44,100,2.0,0.0
44,100,3.0,3.780017e-19
44,100,4.0,1.049194e-10
44,100,5.0,1.3116958e-10
44,100,6.0,2.7792466e-10
44,100,7.0,5.146203e-10
44,100,8.0,6.3621086e-10
44,100,9.0,4.93445e-10
44,100,10.0,5.290525e-11
44,100,11.0,0.0
44,100,12.0,0.0
44,100,13.0,0.0
44,100,14.0,3.8211296e-12
44,101,0.0,2.149301e-06
44,101,1.0,5.7505197e-08
44,101,2.0,6.4384316e-09
44,101,3.0,9.95483e-10
44,101,4.0,5.798645e-10
44,101,5.0,5.563742e-09
44,101,6.0,1.0262132e-07
44,101,7.0,8.6281534e-07
44,101,8.0,3.4336479e-06
44,101,9.0,7.77042e-06
44,101,10.0,8.494231e-06
44,101,11.0,4.4352437e-06
44,101,12.0,2.2223123e-06
44,101,13.0,1.7705073e-06
44,101,14.0,2.293502e-06
44,102,0.0,5.1994117e-05
44,102,1.0,4.8637153e-06
44,102,2.0,6.3437696e-08
44,102,3.0,5.861251e-06
44,102,4.0,4.7584796e-05
44,102,5.0,6.965775e-05
44,102,6.0,6.6141554e-05
44,102,7.0,6.119575e-05
44,102,8.0,6.1746425e-05
44,102,9.0,6.871569e-05
44,102,10.0,7.2107985e-05
44,102,11.0,5.81283e-05
44,102,12.0,4.3612377e-05
44,102,13.0,3.6462818e-05
44,102,14.0,3.3932844e-05
44,103,0.0,0.00019355539
44,103,1.0,0.00027460052
44,103,2.0,0.00025738386
44,103,3.0,0.00024007623
44,103,4.0,0.00022756393
44,103,5.0,0.00021321964
44,103,6.0,0.0002000327
44,103,7.0,0.00018904431
44,103,8.0,0.00018107434
44,103,9.0,0.00017863918
44,103,10.0,0.00018795325
44,103,11.0,0.00021961288
44,103,12.0,0.00027060858
44,103,13.0,0.00031736333
44,103,14.0,0.0003365734
44,104,0.0,0.0006041345
44,104,1.0,0.00091452623
44,104,2.0,0.00094186753
44,104,3.0,0.00092430966
44,104,4.0,0.00089963514
44,104,5.0,0.00087185507
44,104,6.0,0.00085983565
44,104,7.0,0.0008725333
44,104,8.0,0.0009097286
44,104,9.0,0.00097228726
44,104,10.0,0.0010590247
44,104,11.0,0.00115137
44,104,12.0,0.0012296976
44,104,13.0,0.0012852687
44,104,14.0,0.0013179786
44,105,0.0,0.0010828285
44,105,1.0,0.0013036017
44,105,2.0,0.0019884808
44,105,3.0,0.0024996188
44,105,4.0,0.0027007873
44,105,5.0,0.002789273
44,105,6.0,0.0027481008
44,105,7.0,0.0026787764
44,105,8.0,0.0026757675
44,105,9.0,0.002802613
44,105,10.0,0.0030936433
44,105,11.0,0.0034527183
44,105,12.0,0.0037312866
44,105,13.0,0.003845635
44,105,14.0,0.0037558665
44,106,0.0,0.0018311278
44,106,1.0,0.0027646222
44,106,2.0,0.0039327424
44,106,3.0,0.0050252154
44,106,4.0,0.0053638685
44,106,5.0,0.0053191357
44,106,6.0,0.0052221124
44,106,7.0,0.0053176424
44,106,8.0,0.005834243
44,106,9.0,0.0068627466
44,106,10.0,0.008198883
44,106,11.0,0.009962179
44,106,12.0,0.01202801
44,106,13.0,0.013225546
44,106,14.0,0.013006712
44,107,0.0,0.0017993666
44,107,1.0,0.0024027303
44,107,2.0,0.003948212
44,107,3.0,0.0069696396
44,107,4.0,0.008506683
44,107,5.0,0.010139712
44,107,6.0,0.01121027
44,107,7.0,0.011854436
44,107,8.0,0.01256212
44,107,9.0,0.013823904
44,107,10.0,0.016040038
44,107,11.0,0.019037724
44,107,12.0,0.021858778
44,107,13.0,0.023340872
44,107,14.0,0.022926688
44,108,0.0,0.0017292565
44,108,1.0,0.0039926884
44,108,2.0,0.0064992523
44,108,3.0,0.009836687
44,108,4.0,0.013423599
44,108,5.0,0.016506944
44,108,6.0,0.019206254
44,108,7.0,0.021900568
44,108,8.0,0.02449672
44,108,9.0,0.02825709
44,108,10.0,0.03369966
44,108,11.0,0.040224753
44,108,12.0,0.04832333
44,108,13.0,0.053355996
44,108,14.0,0.05121403
44,109,0.0,0.0016893955
44,109,1.0,0.0032805328
44,109,2.0,0.006376141
44,109,3.0,0.010418717
44,109,4.0,0.017043304
44,109,5.0,0.02442508
44,109,6.0,0.028424723
44,109,7.0,0.03056617
44,109,8.0,0.032775816
44,109,9.0,0.037280127
44,109,10.0,0.046091247
44,109,11.0,0.056098882
44,109,12.0,0.0640804
44,109,13.0,0.06885236
44,109,14.0,0.06843312
44,110,0.0,0.0013321763
44,110,1.0,0.003084079
44,110,2.0,0.007934488
44,110,3.0,0.01575712
44,110,4.0,0.024045054
44,110,5.0,0.030428367
44,110,6.0,0.035260137
44,110,7.0,0.038369592
44,110,8.0,0.04222787
44,110,9.0,0.050769843
44,110,10.0,0.06458734
44,110,11.0,0.07824753
44,110,12.0,0.08543378
44,110,13.0,0.08741807
44,110,14.0,0.08729782
44,111,0.0,0.0011980329
44,111,1.0,0.0030396366
44,111,2.0,0.0064318087
44,111,3.0,0.01206764
44,111,4.0,0.0182803
44,111,5.0,0.024672233
44,111,6.0,0.030395212
44,111,7.0,0.034880575
44,111,8.0,0.03877028
44,111,9.0,0.04300829
44,111,10.0,0.048603747
44,111,11.0,0.0571303
44,111,12.0,0.06769911
44,111,13.0,0.07403409
44,111,14.0,0.07206812
44,112,0.0,0.0008296262
44,112,1.0,0.0018026656
44,112,2.0,0.004732515
44,112,3.0,0.0096369255
44,112,4.0,0.015272207
44,112,5.0,0.020340301
44,112,6.0,0.023357918
44,112,7.0,0.024778793
44,112,8.0,0.026499737
44,112,9.0,0.029698154
44,112,10.0,0.034954518
44,112,11.0,0.041497815
44,112,12.0,0.04709858
44,112,13.0,0.049830213
44,112,14.0,0.05060872
44,113,0.0,0.00038480762
44,113,1.0,0.0010597286
44,113,2.0,0.002211237
44,113,3.0,0.004499405
44,113,4.0,0.007353433
44,113,5.0,0.0087303175
44,113,6.0,0.009487
44,113,7.0,0.010360701
44,113,8.0,0.011457199
44,113,9.0,0.013098495
44,113,10.0,0.015811283
44,113,11.0,0.018658252
44,113,12.0,0.020215139
44,113,13.0,0.020801043
44,113,14.0,0.020197798
44,114,0.0,0.00012246286
44,114,1.0,0.00064806273
44,114,2.0,0.0010379773
44,114,3.0,0.002319707
44,114,4.0,0.0032819237
44,114,5.0,0.003718613
44,114,6.0,0.0040121544
44,114,7.0,0.004259683
44,114,8.0,0.0045871893
44,114,9.0,0.00518711
44,114,10.0,0.006201678
44,114,11.0,0.0071595227
44,114,12.0,0.007976802
44,114,13.0,0.00870303
44,114,14.0,0.0085646305
44,115,0.0,3.0744224e-05
44,115,1.0,5.5958986e-05
44,115,2.0,0.00025161094
44,115,3.0,0.00047018865
44,115,4.0,0.00055969233
44,115,5.0,0.0006870705
44,115,6.0,0.00084573776
44,115,7.0,0.0010221074
44,115,8.0,0.001212215
44,115,9.0,0.0014038304
44,115,10.0,0.0015712999
44,115,11.0,0.0016857161
44,115,12.0,0.0017448803
44,115,13.0,0.0017481735
44,115,14.0,0.0016812567
44,116,0.0,8.2846395e-12
44,116,1.0,2.695616e-05
44,116,2.0,0.0001318134
44,116,3.0,0.00013018474
44,116,4.0,0.00015392793
44,116,5.0,0.00017675447
44,116,6.0,0.00018603425
44,116,7.0,0.00019072661
44,116,8.0,0.00019877857
44,116,9.0,0.00021723614
44,116,10.0,0.00024623523
44,116,11.0,0.00028331362
44,116,12.0,0.00039276984
44,116,13.0,0.0004623729
44,116,14.0,0.0004325735
44,117,0.0,2.722264e-09
44,117,1.0,1.938716e-06
44,117,2.0,3.2782307e-10
44,117,3.0,2.5838093e-05
44,117,4.0,2.418572e-05
44,117,5.0,4.3594014e-06
44,117,6.0,1.3039138e-06
44,117,7.0,1.925172e-06
44,117,8.0,4.235325e-06
44,117,9.0,9.854259e-06
44,117,10.0,3.6511872e-05
44,117,11.0,8.2536026e-05
44,117,12.0,6.9302965e-05
44,117,13.0,5.702338e-05
44,117,14.0,5.69577e-05
44,118,0.0,5.700894e-11
44,118,1.0,1.5295726e-09
44,118,2.0,0.0
44,118,3.0,1.8681497e-08
44,118,4.0,8.84126e-12
44,118,5.0,7.371217e-13
44,118,6.0,1.4878247e-12
44,118,7.0,3.3877453e-11
44,118,8.0,1.042119e-10
44,118,9.0,1.1408428e-11
44,118,10.0,0.0
44,118,11.0,0.0
44,118,12.0,2.163326e-12
44,118,13.0,3.4140353e-06
44,118,14.0,1.11630725e-05
44,119,0.0,2.1143552e-07
44,119,1.0,1.1811786e-07
44,119,2.0,4.047947e-08
44,119,3.0,4.42066e-08
44,119,4.0,3.3738342e-08
44,119,5.0,2.8073448e-08
44,119,6.0,3.4217166e-08
44,119,7.0,5.4668956e-08
44,119,8.0,9.102841e-08
44,119,9.0,1.2736031e-07
44,119,10.0,1.2334995e-07
44,119,11.0,7.9131404e-08
44,119,12.0,5.016351e-08
44,119,13.0,4.55855e-08
44,119,14.0,5.9471514e-08
44,120,0.0,1.422091e-07
44,120,1.0,1.6959791e-07
44,120,2.0,1.7458042e-07
44,120,3.0,1.1937072e-07
44,120,4.0,1.118695e-07
44,120,5.0,9.351333e-08
44,120,6.0,1.2502774e-07
44,120,7.0,1.6266132e-07
44,120,8.0,1.5795221e-07
44,120,9.0,1.4723017e-07
44,120,10.0,1.205614e-07
44,120,11.0,1.359498e-07
44,120,12.0,1.3876247e-07
44,120,13.0,1.3621796e-07
44,120,14.0,1.3684071e-07
44,121,0.0,1.714174e-07
44,121,1.0,1.632206e-07
44,121,2.0,1.5061994e-07
44,121,3.0,1.3080145e-07
44,121,4.0,1.3092777e-07
44,121,5.0,1.18896786e-07
44,121,6.0,1.1114462e-07
44,121,7.0,1.0870858e-07
44,121,8.0,1.0908733e-07
44,121,9.0,1.1346432e-07
44,121,10.0,1.2817922e-07
44,121,11.0,1.4936883e-07
44,121,12.0,1.6063213e-07
44,121,13.0,1.6670698e-07
44,121,14.0,1.7433466e-07
44,122,0.0,9.879544e-08
44,122,1.0,1.542627e-07
44,122,2.0,1.4374476e-07
44,122,3.0,1.5780068e-07
44,122,4.0,1.6718056e-07
44,122,5.0,1.7355234e-07
44,122,6.0,1.8213706e-07
44,122,7.0,1.7289643e-07
44,122,8.0,1.6574523e-07
44,122,9.0,1.6388763e-07
44,122,10.0,1.4816783e-07
44,122,11.0,1.2337976e-07
44,122,12.0,1.2601906e-07
44,122,13.0,1.4168604e-07
44,122,14.0,1.4089288e-07
44,123,0.0,1.4450839e-07
44,123,1.0,1.4135681e-07
44,123,2.0,1.4094749e-07
44,123,3.0,1.496176e-07
44,123,4.0,1.5521367e-07
44,123,5.0,1.5517918e-07
44,123,6.0,1.5125073e-07
44,123,7.0,1.4400322e-07
44,123,8.0,1.3435663e-07
44,123,9.0,1.2486255e-07
44,123,10.0,1.1967725e-07
44,123,11.0,1.2308692e-07
44,123,12.0,1.2972578e-07
44,123,13.0,1.2910962e-07
44,123,14.0,1.252907e-07
44,124,0.0,2.4609938e-07
44,124,1.0,1.497242e-07
44,124,2.0,1.439301e-07
44,124,3.0,1.4034319e-07
44,124,4.0,1.5964015e-07
44,124,5.0,2.0449365e-07
44,124,6.0,1.7846298e-07
44,124,7.0,1.5825941e-07
44,124,8.0,1.4903037e-07
44,124,9.0,1.4504057e-07
44,124,10.0,1.522925e-07
44,124,11.0,1.4702151e-07
44,124,12.0,1.2418651e-07
44,124,13.0,1.3651278e-07
44,124,14.0,1.6417573e-07
45,100,0.0,6.8424384e-08
45,100,1.0,9.593858e-08
45,100,2.0,3.5699113e-08
45,100,3.0,3.5439143e-08
45,100,4.0,7.1202216e-08
45,100,5.0,9.8499825e-08
45,100,6.0,8.7040526e-08
45,100,7.0,6.9995885e-08
45,100,8.0,6.305213e-08
45,100,9.0,6.635134e-08
45,100,10.0,7.797719e-08
45,100,11.0,9.843323e-08
45,100,12.0,1.2401942e-07
45,100,13.0,1.4364137e-07
45,100,14.0,1.4317138e-07
45,101,0.0,2.7992596e-07
45,101,1.0,3.5110395e-07
45,101,2.0,3.39453e-07
45,101,3.0,2.7559972e-07
45,101,4.0,2.3548905e-07
45,101,5.0,1.9345843e-07
45,101,6.0,1.4988396e-07
45,101,7.0,1.2336133e-07
45,101,8.0,1.1623157e-07
45,101,9.0,1.2570362e-07
45,101,10.0,1.461695e-07
45,101,11.0,1.7432347e-07
45,101,12.0,2.0105696e-07
45,101,13.0,2.020827e-07
45,101,14.0,1.5989595e-07
45,102,0.0,5.7432633e-08
45,102,1.0,3.067341e-07
45,102,2.0,2.7672993e-07
45,102,3.0,2.602033e-07
45,102,4.0,2.9989877e-07
45,102,5.0,3.321612e-07
45,102,6.0,2.9844475e-07
45,102,7.0,2.3121875e-07
45,102,8.0,1.8686413e-07
45,102,9.0,1.8111447e-07
45,102,10.0,2.0691512e-07
45,102,11.0,2.4888777e-07
45,102,12.0,2.9543324e-07
45,102,13.0,3.2195254e-07
45,102,14.0,3.211501e-07
45,103,0.0,8.590141e-08
45,103,1.0,2.1588271e-07
45,103,2.0,2.0533349e-07
45,103,3.0,5.4087604e-08
45,103,4.0,3.189303e-08
45,103,5.0,5.4022735e-08
45,103,6.0,1.1652376e-07
45,103,7.0,1.9844607e-07
45,103,8.0,2.5735636e-07
45,103,9.0,2.9359984e-07
45,103,10.0,3.2859072e-07
45,103,11.0,3.5155722e-07
45,103,12.0,3.491633e-07
45,103,13.0,3.7532917e-07
45,103,14.0,4.437529e-07
45,104,0.0,2.7312603e-09
45,104,1.0,0.0
45,104,2.0,0.0
45,104,3.0,0.0
45,104,4.0,0.0
45,104,5.0,0.0
45,104,6.0,0.0
45,104,7.0,0.0
45,104,8.0,1.6932821e-12
45,104,9.0,3.1724484e-11
45,104,10.0,3.7259206e-12
45,104,11.0,1.0690821e-12
45,104,12.0,5.129749e-11
45,104,13.0,2.2277652e-10
45,104,14.0,4.2849283e-12
45,105,0.0,1.3562986e-08
45,105,1.0,0.0
45,105,2.0,0.0
45,105,3.0,5.304703e-06
45,105,4.0,1.2701099e-05
45,105,5.0,1.0039528e-05
45,105,6.0,3.865457e-06
45,105,7.0,9.847553e-07
45,105,8.0,4.2821026e-07
45,105,9.0,5.5308885e-07
45,105,10.0,1.9562005e-06
45,105,11.0,5.774949e-06
45,105,12.0,8.670629e-06
45,105,13.0,1.0321855e-05
45,105,14.0,1.067441e-05
45,106,0.0,1.2578455e-05
45,106,1.0,2.7969608e-07
45,106,2.0,6.352592e-05
45,106,3.0,4.342824e-05
45,106,4.0,3.2372038e-05
45,106,5.0,2.9292281e-05
45,106,6.0,3.1201027e-05
45,106,7.0,3.182524e-05
45,106,8.0,3.4540633e-05
45,106,9.0,4.7656737e-05
45,106,10.0,8.8706576e-05
45,106,11.0,0.00015050115
45,106,12.0,0.00021937839
45,106,13.0,0.00025279712
45,106,14.0,0.0001792263
45,107,0.0,4.1982323e-05
45,107,1.0,4.370086e-05
45,107,2.0,9.21255e-05
45,107,3.0,0.00019332925
45,107,4.0,0.00019090612
45,107,5.0,0.00022937753
45,107,6.0,0.00029417107
45,107,7.0,0.0003518811
45,107,8.0,0.0003995077
45,107,9.0,0.00045383302
45,107,10.0,0.0005774926
45,107,11.0,0.0008350051
45,107,12.0,0.0010348556
45,107,13.0,0.0010713824
45,107,14.0,0.0009883171
45,108,0.0,9.749533e-05
45,108,1.0,0.00012017138
45,108,2.0,0.00023350972
45,108,3.0,0.0005099858
45,108,4.0,0.000806029
45,108,5.0,0.0009724865
45,108,6.0,0.0011392024
45,108,7.0,0.0013571784
45,108,8.0,0.0016376324
45,108,9.0,0.0018709931
45,108,10.0,0.0020509441
45,108,11.0,0.002728898
45,108,12.0,0.0037926165
45,108,13.0,0.004392105
45,108,14.0,0.004138681
45,109,0.0,6.7158224e-05
45,109,1.0,0.00018140802
45,109,2.0,0.0005408205
45,109,3.0,0.0013545484
45,109,4.0,0.0020618734
45,109,5.0,0.0023698364
45,109,6.0,0.0030451366
45,109,7.0,0.0035869046
45,109,8.0,0.0040268134
45,109,9.0,0.00482464
45,109,10.0,0.00658352
45,109,11.0,0.009453221
45,109,12.0,0.01266017
45,109,13.0,0.014693552
45,109,14.0,0.014103333
45,110,0.0,0.000170594
45,110,1.0,0.0005356299
45,110,2.0,0.0013779994
45,110,3.0,0.0031956127
45,110,4.0,0.0048657586
45,110,5.0,0.0074416655
45,110,6.0,0.00829802
45,110,7.0,0.008896376
45,110,8.0,0.010429062
45,110,9.0,0.013138974
45,110,10.0,0.01783306
45,110,11.0,0.024607422
45,110,12.0,0.029555522
45,110,13.0,0.031756062
45,110,14.0,0.031075863
45,111,0.0,0.0004305233
45,111,1.0,0.0010735969
45,111,2.0,0.0035451546
45,111,3.0,0.0070025506
45,111,4.0,0.012333336
45,111,5.0,0.01577057
45,111,6.0,0.019843776
45,111,7.0,0.022465996
45,111,8.0,0.024811165
45,111,9.0,0.028619949
45,111,10.0,0.036309186
45,111,11.0,0.048859738
45,111,12.0,0.06239583
45,111,13.0,0.06967431
45,111,14.0,0.06911866
45,112,0.0,0.0005598645
45,112,1.0,0.0013842557
45,112,2.0,0.004990552
45,112,3.0,0.010408512
45,112,4.0,0.018114869
45,112,5.0,0.022737175
45,112,6.0,0.028685933
45,112,7.0,0.032285254
45,112,8.0,0.034303106
45,112,9.0,0.03850666
45,112,10.0,0.049429387
45,112,11.0,0.06512395
45,112,12.0,0.07764056
45,112,13.0,0.08412855
45,112,14.0,0.08502749
45,113,0.0,0.00095886283
45,113,1.0,0.002012076
45,113,2.0,0.006669746
45,113,3.0,0.016730718
45,113,4.0,0.023684345
45,113,5.0,0.032829255
45,113,6.0,0.038144164
45,113,7.0,0.039495733
45,113,8.0,0.04217629
45,113,9.0,0.049276106
45,113,10.0,0.062046263
45,113,11.0,0.07627429
45,113,12.0,0.08526482
45,113,13.0,0.088114806
45,113,14.0,0.087130725
45,114,0.0,0.0009078495
45,114,1.0,0.0015769221
45,114,2.0,0.004781433
45,114,3.0,0.009806484
45,114,4.0,0.01780837
45,114,5.0,0.022537056
45,114,6.0,0.025691854
45,114,7.0,0.029276473
45,114,8.0,0.031644892
45,114,9.0,0.033831716
45,114,10.0,0.03882028
45,114,11.0,0.048409145
45,114,12.0,0.05972442
45,114,13.0,0.067995936
45,114,14.0,0.07077606
45,115,0.0,0.00075805455
45,115,1.0,0.0013879844
45,115,2.0,0.0040388987
45,115,3.0,0.0065183197
45,115,4.0,0.010690864
45,115,5.0,0.015711838
45,115,6.0,0.018418366
45,115,7.0,0.01894506
45,115,8.0,0.020084612
45,115,9.0,0.022596352
45,115,10.0,0.02619233
45,115,11.0,0.030127028
45,115,12.0,0.03416602
45,115,13.0,0.037683446
45,115,14.0,0.03774378
45,116,0.0,0.00019526045
45,116,1.0,0.000693414
45,116,2.0,0.0015623793
45,116,3.0,0.0029497517
45,116,4.0,0.004401112
45,116,5.0,0.005702007
45,116,6.0,0.0069828304
45,116,7.0,0.008145079
45,116,8.0,0.0091029145
45,116,9.0,0.009866165
45,116,10.0,0.010897998
45,116,11.0,0.012358459
45,116,12.0,0.013706419
45,116,13.0,0.01445491
45,116,14.0,0.014180216
45,117,0.0,5.104984e-05
45,117,1.0,0.00014499263
45,117,2.0,0.00053929654
45,117,3.0,0.0012496188
45,117,4.0,0.0017799631
45,117,5.0,0.0021768
45,117,6.0,0.0023897535
45,117,7.0,0.0025358233
45,117,8.0,0.0026917388
45,117,9.0,0.002931934
45,117,10.0,0.0033753335
45,117,11.0,0.003990818
45,117,12.0,0.0044322805
45,117,13.0,0.0044865496
45,117,14.0,0.0041061994
45,118,0.0,5.218172e-11
45,118,1.0,7.8074016e-05
45,118,2.0,7.730448e-05
45,118,3.0,0.00030094225
45,118,4.0,0.00039586573
45,118,5.0,0.0004883158
45,118,6.0,0.0005631482
45,118,7.0,0.00062086736
45,118,8.0,0.00067616516
45,118,9.0,0.00074334536
45,118,10.0,0.0008423735
45,118,11.0,0.0009800937
45,118,12.0,0.0011165832
45,118,13.0,0.0012008899
45,118,14.0,0.0011885683
45,119,0.0,2.880158e-09
45,119,1.0,9.586193e-08
45,119,2.0,2.3381188e-05
45,119,3.0,8.395216e-05
45,119,4.0,8.600276e-05
45,119,5.0,6.827189e-05
45,119,6.0,5.4098724e-05
45,119,7.0,4.8503432e-05
45,119,8.0,5.275152e-05
45,119,9.0,6.329502e-05
45,119,10.0,7.318831e-05
45,119,11.0,9.114594e-05
45,119,12.0,0.00015760593
45,119,13.0,0.0002701883
45,119,14.0,0.0003131671
45,120,0.0,0.0
45,120,1.0,4.7087383e-07
45,120,2.0,3.581667e-06
45,120,3.0,8.771523e-07
45,120,4.0,3.1063698e-07
45,120,5.0,1.4704588e-06
45,120,6.0,5.1149877e-06
45,120,7.0,1.0284779e-05
45,120,8.0,1.5588932e-05
45,120,9.0,1.8556282e-05
45,120,10.0,1.29768305e-05
45,120,11.0,4.3330356e-06
45,120,12.0,1.6393318e-06
45,120,13.0,1.3124907e-06
45,120,14.0,1.6539517e-06
45,121,0.0,6.071822e-11
45,121,1.0,2.3113536e-08
45,121,2.0,4.0664516e-12
45,121,3.0,1.4317094e-15
45,121,4.0,0.0
45,121,5.0,0.0
45,121,6.0,0.0
45,121,7.0,0.0
45,121,8.0,9.389861e-11
45,121,9.0,1.0869156e-10
45,121,10.0,0.0
45,121,11.0,0.0
45,121,12.0,0.0
45,121,13.0,0.0
45,121,14.0,0.0
45,122,0.0,3.026766e-07
45,122,1.0,4.0295313e-07
45,122,2.0,1.4018809e-07
45,122,3.0,1.4667991e-07
45,122,4.0,1.3911979e-07
45,122,5.0,1.5352586e-07
45,122,6.0,1.7059638e-07
45,122,7.0,1.7730909e-07
45,122,8.0,1.7758067e-07
45,122,9.0,1.7314167e-07
45,122,10.0,1.6406783e-07
45,122,11.0,1.8767597e-07
45,122,12.0,2.9486716e-07
45,122,13.0,3.3746156e-07
45,122,14.0,2.4204735e-07
45,123,0.0,2.0372838e-07
45,123,1.0,1.5464255e-07
45,123,2.0,1.5225712e-07
45,123,3.0,1.3323121e-07
45,123,4.0,1.1720868e-07
45,123,5.0,1.1977048e-07
45,123,6.0,1.1778781e-07
45,123,7.0,1.2785328e-07
45,123,8.0,1.4724003e-07
45,123,9.0,1.6758896e-07
45,123,10.0,1.8278429e-07
45,123,11.0,1.7748582e-07
45,123,12.0,1.490367e-07
45,123,13.0,1.2932128e-07
45,123,14.0,1.8839448e-07
45,124,0.0,1.2970216e-07
45,124,1.0,1.2385406e-07
45,124,2.0,1.1840028e-07
45,124,3.0,9.758438e-08
45,124,4.0,1.3535954e-07
45,124,5.0,1.7705533e-07
45,124,6.0,1.7898367e-07
45,124,7.0,1.6118858e-07
45,124,8.0,1.4965661e-07
45,124,9.0,1.6267677e-07
45,124,10.0,2.0078092e-07
45,124,11.0,2.3210367e-07
45,124,12.0,3.0896126e-07
45,124,13.0,3.5026304e-07
45,124,14.0,1.5289442e-07
45,125,0.0,1.0758392e-07
45,125,1.0,9.472786e-08
45,125,2.0,1.6905163e-07
45,125,3.0,1.08198485e-07
45,125,4.0,9.005216e-08
45,125,5.0,8.6991e-08
45,125,6.0,8.8334694e-08
45,125,7.0,9.6260656e-08
45,125,8.0,1.1907931e-07
45,125,9.0,1.6940074e-07
45,125,10.0,2.1705992e-07
45,125,11.0,2.1760589e-07
45,125,12.0,2.3796653e-07
45,125,13.0,1.826031e-07
45,125,14.0,7.387557e-08
45,126,0.0,1.5664955e-07
45,126,1.0,1.220238e-07
45,126,2.0,1.2652653e-07
45,126,3.0,1.5056207e-07
45,126,4.0,1.6779099e-07
45,126,5.0,1.2766036e-07
45,126,6.0,9.973443e-08
45,126,7.0,9.9041124e-08
45,126,8.0,1.1417126e-07
45,126,9.0,1.28758e-07
45,126,10.0,1.2253088e-07
45,126,11.0,1.4979089e-07
45,126,12.0,3.0566653e-07
45,126,13.0,4.384662e-07
45,126,14.0,3.371654e-07
45,127,0.0,1.4738794e-07
45,127,1.0,1.1772567e-07
45,127,2.0,1.538224e-07
45,127,3.0,1.3397889e-07
45,127,4.0,1.0212021e-07
45,127,5.0,8.192988e-08
45,127,6.0,9.2389776e-08
45,127,7.0,1.259792e-07
45,127,8.0,1.5765963e-07
45,127,9.0,1.6763735e-07
45,127,10.0,1.583824e-07
45,127,11.0,1.4390542e-07
45,127,12.0,1.17231714e-07
45,127,13.0,1.1025981e-07
45,127,14.0,1.5271246e-07
45,128,0.0,1.0823796e-07
45,128,1.0,1.7640696e-07
45,128,2.0,1.9277152e-07
45,128,3.0,2.084541e-07
45,128,4.0,1.9916776e-07
45,128,5.0,1.779016e-07
45,128,6.0,1.7152337e-07
45,128,7.0,1.7526715e-07
45,128,8.0,1.7725348e-07
45,128,9.0,1.6962233e-07
45,128,10.0,1.5425944e-07
45,128,11.0,1.4895308e-07
45,128,12.0,1.567284e-07
45,128,13.0,1.6391726e-07
45,128,14.0,1.6442331e-07
46,102,0.0,1.5853816e-07
46,102,1.0,4.4288248e-07
46,102,2.0,1.7973485e-07
46,102,3.0,4.337364e-07
46,102,4.0,4.1956412e-07
46,102,5.0,1.2511336e-07
46,102,6.0,1.1612955e-07
46,102,7.0,1.2986885e-07
46,102,8.0,1.3739667e-07
46,102,9.0,1.271567e-07
46,102,10.0,1.2322955e-07
46,102,11.0,2.1471504e-07
46,102,12.0,7.132909e-08
46,102,13.0,1.9204942e-08
46,102,14.0,9.019695e-08
46,103,0.0,1.1328424e-07
46,103,1.0,1.3190774e-07
46,103,2.0,1.6146207e-07
46,103,3.0,1.4961262e-07
46,103,4.0,1.2522958e-07
46,103,5.0,1.3282641e-07
46,103,6.0,1.3784002e-07
46,103,7.0,1.3043943e-07
46,103,8.0,1.18588716e-07
46,103,9.0,1.11007175e-07
46,103,10.0,1.091632e-07
46,103,11.0,1.106719e-07
46,103,12.0,1.1408243e-07
46,103,13.0,1.1802484e-07
46,103,14.0,1.2159049e-07
46,104,0.0,9.8502476e-08
46,104,1.0,1.2378442e-07
46,104,2.0,1.5441678e-07
46,104,3.0,2.031152e-07
46,104,4.0,1.5219373e-07
46,104,5.0,1.3293095e-07
46,104,6.0,1.3850169e-07
46,104,7.0,1.5250627e-07
46,104,8.0,1.7069797e-07
46,104,9.0,1.9095035e-07
46,104,10.0,1.6814111e-07
46,104,11.0,1.3712294e-07
46,104,12.0,1.5998222e-07
46,104,13.0,1.8072024e-07
46,104,14.0,1.879174e-07
46,105,0.0,2.0682029e-07
46,105,1.0,2.0907989e-07
46,105,2.0,1.3723213e-07
46,105,3.0,2.7728052e-07
46,105,4.0,2.0221454e-07
46,105,5.0,1.2671617e-07
46,105,6.0,6.487668e-08
46,105,7.0,5.5396033e-08
46,105,8.0,7.883065e-08
46,105,9.0,1.1784125e-07
46,105,10.0,1.5238717e-07
46,105,11.0,1.7781849e-07
46,105,12.0,1.900031e-07
46,105,13.0,1.8797927e-07
46,105,14.0,1.832748e-07
46,106,0.0,1.0610416e-07
46,106,1.0,1.6223738e-07
46,106,2.0,1.7814853e-07
46,106,3.0,4.7435051e-07
46,106,4.0,1.5706907e-07
46,106,5.0,1.3269542e-07
46,106,6.0,1.0854667e-07
46,106,7.0,1.1545571e-07
46,106,8.0,1.4763603e-07
46,106,9.0,2.1590061e-07
46,106,10.0,1.20747e-07
46,106,11.0,9.981735e-09
46,106,12.0,8.999083e-08
46,106,13.0,2.2999939e-07
46,106,14.0,2.389506e-07
46,107,0.0,7.7199097e-10
46,107,1.0,3.9658588e-08
46,107,2.0,1.0186202e-07
46,107,3.0,0.0
46,107,4.0,0.0
46,107,5.0,1.4430952e-09
46,107,6.0,6.3984253e-09
46,107,7.0,1.8621565e-08
46,107,8.0,9.868886e-08
46,107,9.0,6.6980834e-07
46,107,10.0,2.3082948e-06
46,107,11.0,1.8785639e-06
46,107,12.0,1.597799e-06
46,107,13.0,1.8666577e-06
46,107,14.0,3.6172344e-06
46,108,0.0,1.3258901e-09
46,108,1.0,5.5108784e-10
46,108,2.0,1.4168992e-09
46,108,3.0,4.7408705e-08
46,108,4.0,6.6952466e-10
46,108,5.0,9.237132e-07
46,108,6.0,1.1918068e-05
46,108,7.0,2.2776714e-05
46,108,8.0,2.9644209e-05
46,108,9.0,6.378503e-05
46,108,10.0,5.0660616e-05
46,108,11.0,1.7971131e-05
46,108,12.0,1.7170887e-05
46,108,13.0,1.9001001e-05
46,108,14.0,2.2866478e-05
46,109,0.0,8.126874e-09
46,109,1.0,0.0
46,109,2.0,3.305925e-05
46,109,3.0,3.581315e-05
46,109,4.0,1.2171246e-05
46,109,5.0,4.7925954e-05
46,109,6.0,7.3103e-05
46,109,7.0,6.185169e-05
46,109,8.0,6.25509e-05
46,109,9.0,9.1938746e-05
46,109,10.0,0.00018240241
46,109,11.0,0.0002943386
46,109,12.0,0.00035540832
46,109,13.0,0.00037553074
46,109,14.0,0.00034012488
46,110,0.0,0.0
46,110,1.0,1.2275636e-05
46,110,2.0,0.00010137334
46,110,3.0,0.00019897101
46,110,4.0,0.0003568735
46,110,5.0,0.00040966988
46,110,6.0,0.00036527382
46,110,7.0,0.00038478532
46,110,8.0,0.0005557549
46,110,9.0,0.0008076101
46,110,10.0,0.0011710793
46,110,11.0,0.0018139968
46,110,12.0,0.0023013595
46,110,13.0,0.0025736392
46,110,14.0,0.002602492
46,111,0.0,2.7850472e-05
46,111,1.0,0.00013590271
46,111,2.0,0.0004039598
46,111,3.0,0.0007255785
46,111,4.0,0.0010897085
46,111,5.0,0.001526933
46,111,6.0,0.0019166252
46,111,7.0,0.0021802897
46,111,8.0,0.0024231062
46,111,9.0,0.0030370317
46,111,10.0,0.0048224474
46,111,11.0,0.006561877
46,111,12.0,0.007689136
46,111,13.0,0.008642579
46,111,14.0,0.008567886
46,112,0.0,0.00017984312
46,112,1.0,0.0005045369
46,112,2.0,0.0017181026
46,112,3.0,0.0032306048
46,112,4.0,0.004776701
46,112,5.0,0.00593444
46,112,6.0,0.006749006
46,112,7.0,0.007626445
46,112,8.0,0.008875335
46,112,9.0,0.01139465
46,112,10.0,0.016552363
46,112,11.0,0.02251107
46,112,12.0,0.027659645
46,112,13.0,0.030922985
46,112,14.0,0.032237224
46,113,0.0,0.0005500076
46,113,1.0,0.0010213404
46,113,2.0,0.0031445634
46,113,3.0,0.0050768247
46,113,4.0,0.009572832
46,113,5.0,0.0149795
46,113,6.0,0.0176526
46,113,7.0,0.01964213
46,113,8.0,0.02313348
46,113,9.0,0.027598813
46,113,10.0,0.033747666
46,113,11.0,0.042048626
46,113,12.0,0.052531954
46,113,13.0,0.06094157
46,113,14.0,0.06151536
46,114,0.0,0.0008783136
46,114,1.0,0.002795178
46,114,2.0,0.0069530453
46,114,3.0,0.014386267
46,114,4.0,0.021235649
46,114,5.0,0.026805436
46,114,6.0,0.031614244
46,114,7.0,0.035843864
46,114,8.0,0.039299626
46,114,9.0,0.04318796
46,114,10.0,0.05742361
46,114,11.0,0.07937198
46,114,12.0,0.08530349
46,114,13.0,0.08771405
46,114,14.0,0.0903438
46,115,0.0,0.0010579778
46,115,1.0,0.003039409
46,115,2.0,0.008132139
46,115,3.0,0.017624956
46,115,4.0,0.023692371
46,115,5.0,0.029687589
46,115,6.0,0.03517036
46,115,7.0,0.038849544
46,115,8.0,0.041045777
46,115,9.0,0.045839123
46,115,10.0,0.058171414
46,115,11.0,0.0765735
46,115,12.0,0.08658596
46,115,13.0,0.08914714
46,115,14.0,0.09127661
46,116,0.0,0.0014474054
46,116,1.0,0.0036573159
46,116,2.0,0.008888509
46,116,3.0,0.01913877
46,116,4.0,0.026753651
46,116,5.0,0.032571334
46,116,6.0,0.036927722
46,116,7.0,0.039559267
46,116,8.0,0.04095137
46,116,9.0,0.044393443
46,116,10.0,0.054503273
46,116,11.0,0.06581554
46,116,12.0,0.07307704
46,116,13.0,0.077410325
46,116,14.0,0.07828659
46,117,0.0,0.0007129512
46,117,1.0,0.00205922
46,117,2.0,0.0055038356
46,117,3.0,0.009875293
46,117,4.0,0.0135506
46,117,5.0,0.017163854
46,117,6.0,0.019669352
46,117,7.0,0.021068344
46,117,8.0,0.022270972
46,117,9.0,0.024799647
46,117,10.0,0.029458024
46,117,11.0,0.035117492
46,117,12.0,0.04038761
46,117,13.0,0.04452337
46,117,14.0,0.045927476
46,118,0.0,0.00056507316
46,118,1.0,0.0010848932
46,118,2.0,0.0023243285
46,118,3.0,0.005060624
46,118,4.0,0.0067550205
46,118,5.0,0.007969404
46,118,6.0,0.009106754
46,118,7.0,0.009989174
46,118,8.0,0.01100521
46,118,9.0,0.012806863
46,118,10.0,0.016157025
46,118,11.0,0.020079061
46,118,12.0,0.022385888
46,118,13.0,0.022741321
46,118,14.0,0.021236485
46,119,0.0,0.00012873266
46,119,1.0,0.00054811145
46,119,2.0,0.001108897
46,119,3.0,0.0015908232
46,119,4.0,0.0024730728
46,119,5.0,0.0031260762
46,119,6.0,0.0034579544
46,119,7.0,0.0036248574
46,119,8.0,0.0037603502
46,119,9.0,0.003964874
46,119,10.0,0.0044281473
46,119,11.0,0.0053073117
46,119,12.0,0.0061765728
46,119,13.0,0.0065217633
46,119,14.0,0.00606952
46,120,0.0,7.881613e-05
46,120,1.0,0.00015249074
46,120,2.0,0.00031943189
46,120,3.0,0.0006015066
46,120,4.0,0.00096339773
46,120,5.0,0.0013464288
46,120,6.0,0.0014412606
46,120,7.0,0.0014364261
46,120,8.0,0.0014232144
46,120,9.0,0.0014497626
46,120,10.0,0.0015505921
46,120,11.0,0.0017007584
46,120,12.0,0.0018191409
46,120,13.0,0.0018414936
46,120,14.0,0.0017444494
46,121,0.0,2.1741912e-12
46,121,1.0,5.8706555e-05
46,121,2.0,6.745977e-05
46,121,3.0,9.386456e-05
46,121,4.0,0.0001426518
46,121,5.0,0.00018514931
46,121,6.0,0.00020617123
46,121,7.0,0.00021688285
46,121,8.0,0.0002358456
46,121,9.0,0.0002835791
46,121,10.0,0.00037284565
46,121,11.0,0.00045143956
46,121,12.0,0.00048101787
46,121,13.0,0.0004756505
46,121,14.0,0.00043706922
46,122,0.0,3.1701402e-09
46,122,1.0,5.028597e-10
46,122,2.0,2.6463094e-05
46,122,3.0,7.9933445e-05
46,122,4.0,3.9475068e-05
46,122,5.0,4.4531793e-05
46,122,6.0,6.148291e-05
46,122,7.0,7.8068675e-05
46,122,8.0,9.887057e-05
46,122,9.0,0.00011508507
46,122,10.0,0.00011032491
46,122,11.0,0.000100090874
46,122,12.0,9.7150194e-05
46,122,13.0,0.00010095611
46,122,14.0,0.00011911739
46,123,0.0,4.7019817e-08
46,123,1.0,6.8195077e-14
46,123,2.0,1.0151676e-08
46,123,3.0,1.5585849e-06
46,123,4.0,9.094906e-06
46,123,5.0,1.6411344e-05
46,123,6.0,1.9576075e-05
46,123,7.0,2.0873158e-05
46,123,8.0,2.2388118e-05
46,123,9.0,2.257323e-05
46,123,10.0,1.2107724e-05
46,123,11.0,1.1664564e-06
46,123,12.0,6.989155e-09
46,123,13.0,1.3227765e-12
46,123,14.0,4.694098e-10
46,124,0.0,1.3327735e-07
46,124,1.0,1.5372176e-18
46,124,2.0,3.7972395e-08
46,124,3.0,8.7492054e-08
46,124,4.0,5.2229318e-08
46,124,5.0,3.3434453e-08
46,124,6.0,7.458671e-08
46,124,7.0,2.2592023e-07
46,124,8.0,3.4567478e-07
46,124,9.0,3.037109e-07
46,124,10.0,2.9957351e-07
46,124,11.0,3.227105e-07
46,124,12.0,2.5818414e-07
46,124,13.0,1.689756e-07
46,124,14.0,4.1573067e-08
46,125,0.0,1.129159e-07
46,125,1.0,1.8500684e-07
46,125,2.0,2.884868e-07
46,125,3.0,1.744944e-07
46,125,4.0,1.15637256e-07
46,125,5.0,1.0379477e-07
46,125,6.0,1.0769975e-07
46,125,7.0,1.11016966e-07
46,125,8.0,1.0930001e-07
46,125,9.0,1.166046e-07
46,125,10.0,2.9008308e-07
46,125,11.0,5.6557064e-07
46,125,12.0,1.9876683e-07
46,125,13.0,1.2817519e-07
46,125,14.0,5.235274e-07
46,126,0.0,1.3306877e-07
46,126,1.0,2.3630824e-07
46,126,2.0,1.494259e-07
46,126,3.0,1.7440739e-07
46,126,4.0,1.9988633e-07
46,126,5.0,1.7151734e-07
46,126,6.0,1.496312e-07
46,126,7.0,1.4344533e-07
46,126,8.0,1.3224388e-07
46,126,9.0,1.34767e-07
46,126,10.0,1.3867594e-07
46,126,11.0,1.3527796e-07
46,126,12.0,1.2957916e-07
46,126,13.0,1.2540465e-07
46,126,14.0,1.2225864e-07
46,127,0.0,1.5428635e-07
46,127,1.0,1.4054297e-07
46,127,2.0,1.5890217e-07
46,127,3.0,1.5031667e-07
46,127,4.0,1.3809816e-07
46,127,5.0,1.3800042e-07
46,127,6.0,1.4409929e-07
46,127,7.0,1.530235e-07
46,127,8.0,1.6157203e-07
46,127,9.0,1.5929152e-07
46,127,10.0,1.2240133e-07
46,127,11.0,8.910806e-08
46,127,12.0,1.0412225e-07
46,127,13.0,1.3873806e-07
46,127,14.0,1.2733861e-07
46,128,0.0,1.3172837e-07
46,128,1.0,1.5846665e-07
46,128,2.0,1.380337e-07
46,128,3.0,1.2993247e-07
46,128,4.0,1.3524853e-07
46,128,5.0,1.6021836e-07
46,128,6.0,1.5261809e-07
46,128,7.0,1.353179e-07
46,128,8.0,1.3699388e-07
46,128,9.0,1.4149157e-07
46,128,10.0,1.4138637e-07
46,128,11.0,1.313747e-07
46,128,12.0,1.18525875e-07
46,128,13.0,1.2609523e-07
46,128,14.0,1.6495933e-07
46,129,0.0,1.8680949e-07
46,129,1.0,1.7317304e-07
46,129,2.0,1.6430411e-07
46,129,3.0,1.6676994e-07
46,129,4.0,1.7090129e-07
46,129,5.0,1.7210687e-07
46,129,6.0,1.6883557e-07
46,129,7.0,1.6342447e-07
46,129,8.0,1.5761152e-07
46,129,9.0,1.5167358e-07
46,129,10.0,1.5217122e-07
46,129,11.0,1.6526495e-07
46,129,12.0,1.7466442e-07
46,129,13.0,1.8356324e-07
46,129,14.0,2.040681e-07
46,130,0.0,1.5637094e-07
46,130,1.0,1.2974411e-07
46,130,2.0,1.5796213e-07
46,130,3.0,1.8119665e-07
46,130,4.0,1.6681076e-07
46,130,5.0,1.2221383e-07
46,130,6.0,9.807301e-08
46,130,7.0,9.484925e-08
46,130,8.0,1.0335085e-07
46,130,9.0,1.1189867e-07
46,130,10.0,1.205668e-07
46,130,11.0,1.3099506e-07
46,130,12.0,1.424314e-07
46,130,13.0,1.5281286e-07
46,130,14.0,1.3778417e-07
46,131,0.0,1.507412e-07
46,131,1.0,1.3626024e-07
46,131,2.0,1.2268866e-07
46,131,3.0,1.4747e-07
46,131,4.0,1.9930322e-07
46,131,5.0,2.4872708e-07
46,131,6.0,2.6671995e-07
46,131,7.0,2.5539782e-07
46,131,8.0,2.3495936e-07
46,131,9.0,2.1169305e-07
46,131,10.0,1.737166e-07
46,131,11.0,1.3853635e-07
46,131,12.0,1.3536626e-07
46,131,13.0,1.3431104e-07
46,131,14.0,1.5364192e-07
47,105,0.0,1.8708761e-07
47,105,1.0,2.0352384e-07
47,105,2.0,1.8748739e-07
47,105,3.0,1.6731168e-07
47,105,4.0,1.4854e-07
47,105,5.0,1.3344e-07
47,105,6.0,1.3344e-07
47,105,7.0,1.35167e-07
47,105,8.0,1.362429e-07
47,105,9.0,1.3715395e-07
47,105,10.0,1.3340838e-07
47,105,11.0,1.2601627e-07
47,105,12.0,1.2053441e-07
47,105,13.0,1.1729743e-07
47,105,14.0,1.216825e-07
47,106,0.0,1.6223015e-07
47,106,1.0,1.7880583e-07
47,106,2.0,2.1085488e-07
47,106,3.0,1.6594706e-07
47,106,4.0,1.6486031e-07
47,106,5.0,1.4431852e-07
47,106,6.0,1.4887581e-07
47,106,7.0,1.6238005e-07
47,106,8.0,1.6751986e-07
47,106,9.0,1.6792247e-07
47,106,10.0,1.560843e-07
47,106,11.0,1.3907085e-07
47,106,12.0,1.317704e-07
47,106,13.0,1.25833e-07
47,106,14.0,1.151782e-07
47,107,0.0,1.6877104e-07
47,107,1.0,1.4916061e-07
47,107,2.0,1.1781169e-07
47,107,3.0,1.5810386e-07
47,107,4.0,1.2465325e-07
47,107,5.0,1.1360072e-07
47,107,6.0,1.53311e-07
47,107,7.0,1.7726738e-07
47,107,8.0,1.7188185e-07
47,107,9.0,1.5955735e-07
47,107,10.0,1.3694931e-07
47,107,11.0,1.1537062e-07
47,107,12.0,1.084063e-07
47,107,13.0,1.0145549e-07
47,107,14.0,1.06602975e-07
47,108,0.0,1.8105901e-07
47,108,1.0,9.109715e-08
47,108,2.0,1.7966774e-07
47,108,3.0,1.5773604e-07
47,108,4.0,3.5792084e-08
47,108,5.0,4.924644e-08
47,108,6.0,1.4070442e-07
47,108,7.0,1.3896228e-07
47,108,8.0,8.073486e-08
47,108,9.0,7.8189906e-08
47,108,10.0,8.403356e-08
47,108,11.0,6.9361676e-08
47,108,12.0,1.1406874e-07
47,108,13.0,2.1080034e-07
47,108,14.0,1.9165749e-07
47,109,0.0,4.1823918e-07
47,109,1.0,2.2845102e-08
47,109,2.0,2.9116544e-08
47,109,3.0,1.386497e-08
47,109,4.0,1.0667649e-07
47,109,5.0,1.5709729e-07
47,109,6.0,2.2868198e-07
47,109,7.0,1.5241615e-07
47,109,8.0,1.5466486e-07
47,109,9.0,1.5420099e-07
47,109,10.0,1.51484e-07
47,109,11.0,1.6172484e-07
47,109,12.0,1.2576332e-07
47,109,13.0,1.391477e-07
47,109,14.0,1.4071178e-07
47,110,0.0,5.2247735e-09
47,110,1.0,7.2369705e-10
47,110,2.0,1.0139383e-11
47,110,3.0,5.733999e-06
47,110,4.0,1.0882311e-05
47,110,5.0,6.5352644e-08
47,110,6.0,0.0
47,110,7.0,5.989713e-12
47,110,8.0,6.084798e-11
47,110,9.0,2.1126807e-11
47,110,10.0,0.0
47,110,11.0,0.0
47,110,12.0,1.5342094e-07
47,110,13.0,4.5267943e-06
47,110,14.0,5.5991986e-06
47,111,0.0,2.759137e-10
47,111,1.0,9.877269e-09
47,111,2.0,4.9126125e-09
47,111,3.0,0.0
47,111,4.0,0.0
47,111,5.0,4.1303674e-06
47,111,6.0,3.8851602e-05
47,111,7.0,6.7030145e-05
47,111,8.0,4.983891e-05
47,111,9.0,2.5137264e-05
47,111,10.0,2.957963e-05
47,111,11.0,6.632908e-05
47,111,12.0,0.00011404298
47,111,13.0,0.00013461348
47,111,14.0,0.000121302335
47,112,0.0,0.0
47,112,1.0,2.696768e-09
47,112,2.0,2.3441154e-11
47,112,3.0,3.708159e-05
47,112,4.0,2.0455464e-05
47,112,5.0,7.739612e-05
47,112,6.0,0.00015628827
47,112,7.0,0.00018673326
47,112,8.0,0.0002056919
47,112,9.0,0.00026556235
47,112,10.0,0.00035794475
47,112,11.0,0.0004442432
47,112,12.0,0.0007170442
47,112,13.0,0.0010115464
47,112,14.0,0.0010317818
47,113,0.0,0.0
47,113,1.0,3.3422195e-05
47,113,2.0,9.6818454e-05
47,113,3.0,0.00020736374
47,113,4.0,0.00045964625
47,113,5.0,0.0007379062
47,113,6.0,0.00092456123
47,113,7.0,0.0010908135
47,113,8.0,0.0012977688
47,113,9.0,0.0016015203
47,113,10.0,0.0018737866
47,113,11.0,0.002252669
47,113,12.0,0.0032665953
47,113,13.0,0.004459128
47,113,14.0,0.004663449
47,114,0.0,1.7038781e-05
47,114,1.0,0.00011354294
47,114,2.0,0.00050366385
47,114,3.0,0.0011068044
47,114,4.0,0.0017961448
47,114,5.0,0.00264821
47,114,6.0,0.003578752
47,114,7.0,0.004178831
47,114,8.0,0.0045877504
47,114,9.0,0.0055217263
47,114,10.0,0.0078093135
47,114,11.0,0.010925326
47,114,12.0,0.014706884
47,114,13.0,0.018314738
47,114,14.0,0.018824145
47,115,0.0,0.00017744997
47,115,1.0,0.0006597388
47,115,2.0,0.0016745684
47,115,3.0,0.0034522905
47,115,4.0,0.007132535
47,115,5.0,0.009880855
47,115,6.0,0.010731777
47,115,7.0,0.012779105
47,115,8.0,0.015415907
47,115,9.0,0.01887499
47,115,10.0,0.024008207
47,115,11.0,0.029645808
47,115,12.0,0.03617265
47,115,13.0,0.043898903
47,115,14.0,0.044973228
47,116,0.0,0.00052601536
47,116,1.0,0.0012790991
47,116,2.0,0.0030645393
47,116,3.0,0.0074476567
47,116,4.0,0.013274294
47,116,5.0,0.016492235
47,116,6.0,0.02067034
47,116,7.0,0.023700306
47,116,8.0,0.026702935
47,116,9.0,0.03055838
47,116,10.0,0.038107958
47,116,11.0,0.05199561
47,116,12.0,0.06389165
47,116,13.0,0.07127307
47,116,14.0,0.07133538
47,117,0.0,0.000892635
47,117,1.0,0.0029742143
47,117,2.0,0.0058225775
47,117,3.0,0.014769541
47,117,4.0,0.021916928
47,117,5.0,0.028612964
47,117,6.0,0.03224811
47,117,7.0,0.03533748
47,117,8.0,0.039577626
47,117,9.0,0.046511274
47,117,10.0,0.057475578
47,117,11.0,0.071528755
47,117,12.0,0.08318404
47,117,13.0,0.08775252
47,117,14.0,0.08688875
47,118,0.0,0.0006612626
47,118,1.0,0.0025649637
47,118,2.0,0.0050904057
47,118,3.0,0.013430756
47,118,4.0,0.019439567
47,118,5.0,0.025321687
47,118,6.0,0.02878719
47,118,7.0,0.031620037
47,118,8.0,0.035390675
47,118,9.0,0.041497573
47,118,10.0,0.051196013
47,118,11.0,0.06242666
47,118,12.0,0.071931124
47,118,13.0,0.076825425
47,118,14.0,0.075838804
47,119,0.0,0.00071419147
47,119,1.0,0.0025917343
47,119,2.0,0.0050943163
47,119,3.0,0.011938558
47,119,4.0,0.017754944
47,119,5.0,0.023010053
47,119,6.0,0.026311133
47,119,7.0,0.028115666
47,119,8.0,0.02985875
47,119,9.0,0.03292634
47,119,10.0,0.039461948
47,119,11.0,0.049050257
47,119,12.0,0.058048382
47,119,13.0,0.063133515
47,119,14.0,0.06143452
47,120,0.0,0.00039915644
47,120,1.0,0.001106893
47,120,2.0,0.002733856
47,120,3.0,0.0047096256
47,120,4.0,0.008221257
47,120,5.0,0.010352133
47,120,6.0,0.011762757
47,120,7.0,0.013090079
47,120,8.0,0.014572859
47,120,9.0,0.016850194
47,120,10.0,0.020666754
47,120,11.0,0.025390435
47,120,12.0,0.029155402
47,120,13.0,0.030993978
47,120,14.0,0.029967189
47,121,0.0,0.0002575136
47,121,1.0,0.0007437952
47,121,2.0,0.0019293723
47,121,3.0,0.0032374505
47,121,4.0,0.004814666
47,121,5.0,0.005629821
47,121,6.0,0.006059339
47,121,7.0,0.006288461
47,121,8.0,0.0065956735
47,121,9.0,0.007473633
47,121,10.0,0.009470762
47,121,11.0,0.011861499
47,121,12.0,0.013767463
47,121,13.0,0.014619009
47,121,14.0,0.013048051
47,122,0.0,8.3128434e-05
47,122,1.0,0.00035123763
47,122,2.0,0.0009369792
47,122,3.0,0.0014455483
47,122,4.0,0.0020976323
47,122,5.0,0.0026187436
47,122,6.0,0.0028186257
47,122,7.0,0.0028758626
47,122,8.0,0.0029032156
47,122,9.0,0.0029558719
47,122,10.0,0.0031798854
47,122,11.0,0.0038334671
47,122,12.0,0.0047144624
47,122,13.0,0.005097568
47,122,14.0,0.004460889
47,123,0.0,6.107457e-05
47,123,1.0,0.00019752904
47,123,2.0,0.0006260689
47,123,3.0,0.000935615
47,123,4.0,0.0012380648
47,123,5.0,0.0014759541
47,123,6.0,0.0015977835
47,123,7.0,0.0016454965
47,123,8.0,0.0016997871
47,123,9.0,0.0018329476
47,123,10.0,0.0020648858
47,123,11.0,0.0022585785
47,123,12.0,0.0023518926
47,123,13.0,0.0023579926
47,123,14.0,0.0021118491
47,124,0.0,4.602278e-05
47,124,1.0,8.7632485e-05
47,124,2.0,0.00030145465
47,124,3.0,0.00056932
47,124,4.0,0.00063313724
47,124,5.0,0.0006612102
47,124,6.0,0.0006594292
47,124,7.0,0.00063493557
47,124,8.0,0.00061653944
47,124,9.0,0.0006328825
47,124,10.0,0.00071430055
47,124,11.0,0.00084687996
47,124,12.0,0.0009344106
47,124,13.0,0.0008683173
47,124,14.0,0.00062476133
47,125,0.0,5.2131607e-05
47,125,1.0,0.00015009393
47,125,2.0,0.00015610627
47,125,3.0,0.00028537825
47,125,4.0,0.00033740554
47,125,5.0,0.0002943563
47,125,6.0,0.00022625402
47,125,7.0,0.00016773825
47,125,8.0,0.00013614062
47,125,9.0,0.00012766397
47,125,10.0,0.00014229727
47,125,11.0,0.00018783091
47,125,12.0,0.00022719028
47,125,13.0,0.00021371027
47,125,14.0,0.00013497446
47,126,0.0,6.1945284e-05
47,126,1.0,7.5728843e-07
47,126,2.0,7.285625e-05
47,126,3.0,0.00016576028
47,126,4.0,0.000110537636
47,126,5.0,8.9861234e-05
47,126,6.0,6.106992e-05
47,126,7.0,2.4097704e-05
47,126,8.0,1.1389717e-05
47,126,9.0,1.1254828e-05
47,126,10.0,2.1628333e-05
47,126,11.0,4.7156736e-05
47,126,12.0,6.453999e-05
47,126,13.0,6.21686e-05
47,126,14.0,2.1135638e-05
47,127,0.0,7.180021e-06
47,127,1.0,1.194082e-05
47,127,2.0,5.9305745e-07
47,127,3.0,3.1116148e-08
47,127,4.0,1.0037587e-09
47,127,5.0,0.0
47,127,6.0,1.0067276e-09
47,127,7.0,4.7291614e-08
47,127,8.0,9.068249e-08
47,127,9.0,9.9291604e-08
47,127,10.0,8.142478e-08
47,127,11.0,1.0299747e-08
47,127,12.0,1.4736632e-16
47,127,13.0,1.7599832e-12
47,127,14.0,6.7293186e-08
47,128,0.0,8.9296655e-08
47,128,1.0,3.9068762e-08
47,128,2.0,3.346455e-07
47,128,3.0,2.4006832e-07
47,128,4.0,1.1543779e-07
47,128,5.0,6.0936244e-08
47,128,6.0,4.683358e-08
47,128,7.0,5.0105996e-08
47,128,8.0,5.4468277e-08
47,128,9.0,4.276857e-08
47,128,10.0,2.491487e-08
47,128,11.0,2.8385116e-08
47,128,12.0,6.53541e-08
47,128,13.0,7.634308e-08
47,128,14.0,5.3728698e-08
47,129,0.0,2.543478e-07
47,129,1.0,5.7703363e-07
47,129,2.0,3.0989807e-07
47,129,3.0,1.2180837e-07
47,129,4.0,8.929943e-08
47,129,5.0,1.2056796e-07
47,129,6.0,1.7035035e-07
47,129,7.0,2.1507556e-07
47,129,8.0,2.6731016e-07
47,129,9.0,3.0434293e-07
47,129,10.0,2.9383222e-07
47,129,11.0,2.4827264e-07
47,129,12.0,2.1505889e-07
47,129,13.0,2.6484173e-07
47,129,14.0,3.8090775e-07
47,130,0.0,3.4311437e-08
47,130,1.0,3.5467934e-07
47,130,2.0,1.5394652e-07
47,130,3.0,1.6336247e-07
47,130,4.0,2.1413834e-07
47,130,5.0,2.7312174e-07
47,130,6.0,3.4149448e-07
47,130,7.0,3.949196e-07
47,130,8.0,4.0583978e-07
47,130,9.0,3.9667466e-07
47,130,10.0,3.6729875e-07
47,130,11.0,3.1830746e-07
47,130,12.0,2.7325635e-07
47,130,13.0,2.3614922e-07
47,130,14.0,2.0919065e-07
47,131,0.0,2.2620263e-07
47,131,1.0,2.5022727e-08
47,131,2.0,7.3226026e-08
47,131,3.0,4.689357e-08
47,131,4.0,1.4755479e-07
47,131,5.0,1.985823e-07
47,131,6.0,1.792229e-07
47,131,7.0,1.4295391e-07
47,131,8.0,1.354601e-07
47,131,9.0,1.4346773e-07
47,131,10.0,1.4924161e-07
47,131,11.0,1.5836112e-07
47,131,12.0,1.6058671e-07
47,131,13.0,1.4511413e-07
47,131,14.0,1.8552527e-07
47,132,0.0,3.2021035e-07
47,132,1.0,3.8853318e-07
47,132,2.0,2.464704e-07
47,132,3.0,1.7069496e-07
47,132,4.0,1.400642e-07
47,132,5.0,1.3051226e-07
47,132,6.0,1.390906e-07
47,132,7.0,1.5309038e-07
47,132,8.0,1.5800275e-07
47,132,9.0,1.4513672e-07
47,132,10.0,1.0040279e-07
47,132,11.0,5.540744e-08
47,132,12.0,3.9568878e-08
47,132,13.0,4.4845866e-08
47,132,14.0,9.465611e-08
47,133,0.0,1.1443952e-07
47,133,1.0,2.0932652e-07
47,133,2.0,8.278675e-08
47,133,3.0,4.4927663e-08
47,133,4.0,3.7660115e-08
47,133,5.0,6.465986e-08
47,133,6.0,1.5718432e-07
47,133,7.0,2.0005147e-07
47,133,8.0,1.7138576e-07
47,133,9.0,1.4949612e-07
47,133,10.0,1.4815433e-07
47,133,11.0,1.5623039e-07
47,133,12.0,1.6218968e-07
47,133,13.0,1.5798669e-07
47,133,14.0,1.4552315e-07
48,108,0.0,1.7320441e-07
48,108,1.0,1.1112431e-07
48,108,2.0,1.700901e-07
48,108,3.0,6.762176e-08
48,108,4.0,1.8998792e-07
48,108,5.0,2.6767472e-07
48,108,6.0,2.4702535e-07
48,108,7.0,1.6692739e-07
48,108,8.0,1.3152942e-07
48,108,9.0,1.4125169e-07
48,108,10.0,1.3207284e-07
48,108,11.0,1.0623703e-07
48,108,12.0,9.806706e-08
48,108,13.0,1.1745732e-07
48,108,14.0,1.6592746e-07
48,109,0.0,2.1280644e-07
48,109,1.0,1.2795165e-07
48,109,2.0,1.3867165e-07
48,109,3.0,4.1351674e-07
48,109,4.0,1.248772e-07
48,109,5.0,1.7060388e-07
48,109,6.0,1.2943065e-07
48,109,7.0,8.92234e-08
48,109,8.0,1.13812206e-07
48,109,9.0,1.4125038e-07
48,109,10.0,1.6318867e-07
48,109,11.0,1.3306462e-07
48,109,12.0,1.0905907e-07
48,109,13.0,1.1982344e-07
48,109,14.0,1.2725546e-07
48,110,0.0,1.4784848e-07
48,110,1.0,1.7674633e-07
48,110,2.0,1.8741221e-07
48,110,3.0,2.0273625e-07
48,110,4.0,1.260099e-07
48,110,5.0,1.5912714e-07
48,110,6.0,1.985621e-07
48,110,7.0,1.7770186e-07
48,110,8.0,1.1087855e-07
48,110,9.0,8.723763e-08
48,110,10.0,1.09452365e-07
48,110,11.0,1.3555355e-07
48,110,12.0,1.5812797e-07
48,110,13.0,1.402706e-07
48,110,14.0,1.6792839e-07
48,111,0.0,1.358979e-07
48,111,1.0,9.011136e-08
48,111,2.0,4.7891014e-08
48,111,3.0,1.2135857e-07
48,111,4.0,2.9162237e-07
48,111,5.0,1.7270952e-07
48,111,6.0,2.0147891e-07
48,111,7.0,3.1668986e-07
48,111,8.0,4.0625778e-07
48,111,9.0,3.4152734e-07
48,111,10.0,1.048865e-07
48,111,11.0,1.3454616e-08
48,111,12.0,4.359721e-08
48,111,13.0,1.0879961e-07
48,111,14.0,1.5165433e-07
48,112,0.0,3.7684977e-14
48,112,1.0,9.27728e-11
48,112,2.0,1.2985358e-13
48,112,3.0,0.0
48,112,4.0,4.834171e-11
48,112,5.0,1.2434616e-10
48,112,6.0,0.0
48,112,7.0,0.0
48,112,8.0,0.0
48,112,9.0,0.0
48,112,10.0,9.4634604e-17
48,112,11.0,6.5715313e-09
48,112,12.0,1.9084255e-10
48,112,13.0,2.3552348e-06
48,112,14.0,1.0663401e-05
48,113,0.0,3.0161442e-09
48,113,1.0,3.806955e-09
48,113,2.0,0.0
48,113,3.0,9.2760765e-06
48,113,4.0,5.493408e-10
48,113,5.0,8.733156e-10
48,113,6.0,0.0
48,113,7.0,0.0
48,113,8.0,0.0
48,113,9.0,1.370809e-07
48,113,10.0,3.215795e-05
48,113,11.0,7.714627e-05
48,113,12.0,5.8646496e-05
48,113,13.0,5.133545e-05
48,113,14.0,3.5360565e-05
48,114,0.0,0.0
48,114,1.0,1.1790631e-08
48,114,2.0,2.6736132e-11
48,114,3.0,2.2204677e-08
48,114,4.0,2.5011333e-05
48,114,5.0,2.3546263e-05
48,114,6.0,5.1652776e-05
48,114,7.0,7.00575e-05
48,114,8.0,4.909969e-05
48,114,9.0,9.677279e-05
48,114,10.0,0.00051201764
48,114,11.0,0.00056970457
48,114,12.0,0.000587163
48,114,13.0,0.00076148816
48,114,14.0,0.00087409123
48,115,0.0,2.9523131e-05
48,115,1.0,4.2773343e-05
48,115,2.0,0.00010918344
48,115,3.0,0.00011286113
48,115,4.0,0.00021868208
48,115,5.0,0.00032795017
48,115,6.0,0.00047753967
48,115,7.0,0.000745982
48,115,8.0,0.0011151306
48,115,9.0,0.0015243131
48,115,10.0,0.001822272
48,115,11.0,0.0020890324
48,115,12.0,0.0027348553
48,115,13.0,0.0033524043
48,115,14.0,0.0032426594
48,116,0.0,2.2688811e-05
48,116,1.0,0.0002971477
48,116,2.0,0.0003269776
48,116,3.0,0.0009314036
48,116,4.0,0.0014850018
48,116,5.0,0.0019841895
48,116,6.0,0.002519076
48,116,7.0,0.0030252032
48,116,8.0,0.0036184127
48,116,9.0,0.00459301
48,116,10.0,0.0062990733
48,116,11.0,0.008386932
48,116,12.0,0.010257929
48,116,13.0,0.012036666
48,116,14.0,0.013225448
48,117,0.0,0.00015624291
48,117,1.0,0.0004329453
48,117,2.0,0.0011904966
48,117,3.0,0.0023733422
48,117,4.0,0.003237673
48,117,5.0,0.005535179
48,117,6.0,0.007867521
48,117,7.0,0.009253215
48,117,8.0,0.010692453
48,117,9.0,0.012862505
48,117,10.0,0.016494315
48,117,11.0,0.022250814
48,117,12.0,0.027277173
48,117,13.0,0.029500589
48,117,14.0,0.029227888
48,118,0.0,0.00049445004
48,118,1.0,0.0012891304
48,118,2.0,0.0036456704
48,118,3.0,0.0072364337
48,118,4.0,0.012654241
48,118,5.0,0.018002065
48,118,6.0,0.02080937
48,118,7.0,0.021495586
48,118,8.0,0.022339534
48,118,9.0,0.026186455
48,118,10.0,0.035625268
48,118,11.0,0.047115266
48,118,12.0,0.053607754
48,118,13.0,0.05738694
48,118,14.0,0.060612403
48,119,0.0,0.00076953886
48,119,1.0,0.0016838186
48,119,2.0,0.005888924
48,119,3.0,0.010647965
48,119,4.0,0.016963506
48,119,5.0,0.025187215
48,119,6.0,0.028306238
48,119,7.0,0.029003259
48,119,8.0,0.030818675
48,119,9.0,0.0366897
48,119,10.0,0.049993265
48,119,11.0,0.06396825
48,119,12.0,0.07172153
48,119,13.0,0.07408682
48,119,14.0,0.07219103
48,120,0.0,0.0010152975
48,120,1.0,0.0025640535
48,120,2.0,0.0062142513
48,120,3.0,0.016481886
48,120,4.0,0.021238016
48,120,5.0,0.025847368
48,120,6.0,0.03251958
48,120,7.0,0.037799865
48,120,8.0,0.042132284
48,120,9.0,0.0471547
48,120,10.0,0.05824989
48,120,11.0,0.07437784
48,120,12.0,0.07770403
48,120,13.0,0.07669872
48,120,14.0,0.07615346
48,121,0.0,0.0006857985
48,121,1.0,0.0018480015
48,121,2.0,0.0060649565
48,121,3.0,0.010190537
48,121,4.0,0.015530117
48,121,5.0,0.02277341
48,121,6.0,0.026701061
48,121,7.0,0.027665565
48,121,8.0,0.028267017
48,121,9.0,0.030242363
48,121,10.0,0.036747545
48,121,11.0,0.048120122
48,121,12.0,0.057515707
48,121,13.0,0.06058931
48,121,14.0,0.055606227
48,122,0.0,0.000837974
48,122,1.0,0.0022029069
48,122,2.0,0.0046237055
48,122,3.0,0.007612927
48,122,4.0,0.011394084
48,122,5.0,0.015864871
48,122,6.0,0.018908454
48,122,7.0,0.020307979
48,122,8.0,0.021433096
48,122,9.0,0.023545992
48,122,10.0,0.027459225
48,122,11.0,0.03259581
48,122,12.0,0.03746357
48,122,13.0,0.039845914
48,122,14.0,0.038415305
48,123,0.0,0.000572032
48,123,1.0,0.0012989531
48,123,2.0,0.0032919387
48,123,3.0,0.006014859
48,123,4.0,0.0075003887
48,123,5.0,0.0091217095
48,123,6.0,0.010650036
48,123,7.0,0.011797084
48,123,8.0,0.013062531
48,123,9.0,0.0151643995
48,123,10.0,0.018209167
48,123,11.0,0.021206811
48,123,12.0,0.023047615
48,123,13.0,0.023308398
48,123,14.0,0.0216186
48,124,0.0,0.0009453696
48,124,1.0,0.0018399771
48,124,2.0,0.004027389
48,124,3.0,0.0067429957
48,124,4.0,0.009460249
48,124,5.0,0.011478839
48,124,6.0,0.012294135
48,124,7.0,0.011916696
48,124,8.0,0.011348521
48,124,9.0,0.011470819
48,124,10.0,0.012676785
48,124,11.0,0.014418124
48,124,12.0,0.015670637
48,124,13.0,0.01589396
48,124,14.0,0.014514592
48,125,0.0,0.0010258838
48,125,1.0,0.002045679
48,125,2.0,0.0040397067
48,125,3.0,0.0055557047
48,125,4.0,0.0067389514
48,125,5.0,0.0073963334
48,125,6.0,0.007315594
48,125,7.0,0.0069405246
48,125,8.0,0.006649134
48,125,9.0,0.0066159233
48,125,10.0,0.006958363
48,125,11.0,0.0074988026
48,125,12.0,0.007814535
48,125,13.0,0.007472179
48,125,14.0,0.006172831
48,126,0.0,0.0016591055
48,126,1.0,0.0028650486
48,126,2.0,0.004161496
48,126,3.0,0.0051086023
48,126,4.0,0.0053823832
48,126,5.0,0.0052682324
48,126,6.0,0.004968983
48,126,7.0,0.004610743
48,126,8.0,0.0042859493
48,126,9.0,0.004053244
48,126,10.0,0.003942982
48,126,11.0,0.003903335
48,126,12.0,0.0038637994
48,126,13.0,0.0037309323
48,126,14.0,0.0033215673
48,127,0.0,0.0014587137
48,127,1.0,0.0019312864
48,127,2.0,0.002648475
48,127,3.0,0.003102535
48,127,4.0,0.0030270119
48,127,5.0,0.0026380594
48,127,6.0,0.0021975087
48,127,7.0,0.0018563808
48,127,8.0,0.0016436925
48,127,9.0,0.0015434705
48,127,10.0,0.0015521161
48,127,11.0,0.0016053837
48,127,12.0,0.0016000082
48,127,13.0,0.0014581536
48,127,14.0,0.00113988
48,128,0.0,0.0013595102
48,128,1.0,0.0016847334
48,128,2.0,0.0016797894
48,128,3.0,0.0015925112
48,128,4.0,0.0014067583
48,128,5.0,0.001146687
48,128,6.0,0.0009081741
48,128,7.0,0.0007421316
48,128,8.0,0.0006227579
48,128,9.0,0.00055351603
48,128,10.0,0.00054853695
48,128,11.0,0.0005687416
48,128,12.0,0.0005770309
48,128,13.0,0.00056880544
48,128,14.0,0.0006099806
48,129,0.0,0.0009861143
48,129,1.0,0.0008774825
48,129,2.0,0.00064272986
48,129,3.0,0.00043822042
48,129,4.0,0.00034394307
48,129,5.0,0.0003128138
48,129,6.0,0.00028073473
48,129,7.0,0.00025206085
48,129,8.0,0.00023146448
48,129,9.0,0.00021850587
48,129,10.0,0.00021142249
48,129,11.0,0.0002054407
48,129,12.0,0.00019253735
48,129,13.0,0.00016430083
48,129,14.0,0.00010594124
48,130,0.0,0.00039969737
48,130,1.0,0.00027704402
48,130,2.0,0.0002315006
48,130,3.0,0.00022935943
48,130,4.0,7.6257005e-05
48,130,5.0,2.767588e-05
48,130,6.0,3.5651065e-05
48,130,7.0,4.0651455e-05
48,130,8.0,3.7886315e-05
48,130,9.0,3.659682e-05
48,130,10.0,3.522718e-05
48,130,11.0,3.5206867e-05
48,130,12.0,3.5677236e-05
48,130,13.0,3.349841e-05
48,130,14.0,2.6308162e-05
48,131,0.0,2.9582667e-05
48,131,1.0,2.5345917e-06
48,131,2.0,6.261923e-12
48,131,3.0,3.606538e-12
48,131,4.0,1.5738932e-10
48,131,5.0,3.948645e-10
48,131,6.0,6.5008e-10
48,131,7.0,7.662109e-10
48,131,8.0,6.080148e-10
48,131,9.0,3.4463168e-10
48,131,10.0,1.4367836e-10
48,131,11.0,3.6554645e-11
48,131,12.0,2.1903203e-11
48,131,13.0,1.0615584e-10
48,131,14.0,2.0935974e-10
48,132,0.0,1.4683766e-07
48,132,1.0,1.4842794e-09
48,132,2.0,2.766372e-07
48,132,3.0,3.5979878e-07
48,132,4.0,2.2694108e-07
48,132,5.0,1.3064329e-07
48,132,6.0,1.16617386e-07
48,132,7.0,1.3919323e-07
48,132,8.0,1.7629102e-07
48,132,9.0,2.0626014e-07
48,132,10.0,2.1462766e-07
48,132,11.0,2.0505996e-07
48,132,12.0,1.8651562e-07
48,132,13.0,1.6610933e-07
48,132,14.0,1.4898335e-07
48,133,0.0,2.7496722e-07
48,133,1.0,8.180152e-08
48,133,2.0,3.5906535e-08
48,133,3.0,3.9345608e-08
48,133,4.0,5.890358e-08
48,133,5.0,8.289822e-08
48,133,6.0,1.0085202e-07
48,133,7.0,1.09986324e-07
48,133,8.0,1.1321616e-07
48,133,9.0,1.14949934e-07
48,133,10.0,1.170532e-07
48,133,11.0,1.1829835e-07
48,133,12.0,1.1739984e-07
48,133,13.0,1.1542883e-07
48,133,14.0,1.1299082e-07
48,134,0.0,1.9984182e-07
48,134,1.0,1.5018158e-07
48,134,2.0,1.4138158e-07
48,134,3.0,1.5048418e-07
48,134,4.0,1.6084171e-07
48,134,5.0,1.6263719e-07
48,134,6.0,1.5911051e-07
48,134,7.0,1.5396365e-07
48,134,8.0,1.5070154e-07
48,134,9.0,1.5050058e-07
48,134,10.0,1.5357348e-07
48,134,11.0,1.5933381e-07
48,134,12.0,1.5884856e-07
48,134,13.0,1.4480416e-07
48,134,14.0,1.3547819e-07
48,135,0.0,1.8589265e-07
48,135,1.0,1.6875218e-07
48,135,2.0,1.5582843e-07
48,135,3.0,1.5739192e-07
48,135,4.0,1.6662389e-07
48,135,5.0,1.8036837e-07
48,135,6.0,1.9838669e-07
48,135,7.0,2.179039e-07
48,135,8.0,2.29025e-07
48,135,9.0,2.2021905e-07
48,135,10.0,1.9354917e-07
48,135,11.0,1.701655e-07
48,135,12.0,1.684556e-07
48,135,13.0,1.7884679e-07
48,135,14.0,1.8499674e-07
48,136,0.0,1.9057113e-07
48,136,1.0,1.6976286e-07
48,136,2.0,1.7010609e-07
48,136,3.0,1.5846334e-07
48,136,4.0,1.4669867e-07
48,136,5.0,1.4023301e-07
48,136,6.0,1.3946187e-07
48,136,7.0,1.4623991e-07
48,136,8.0,1.6082016e-07
48,136,9.0,1.7590776e-07
48,136,10.0,1.844773e-07
48,136,11.0,1.8613235e-07
48,136,12.0,1.811218e-07
48,136,13.0,1.7340186e-07
48,136,14.0,1.6833025e-07
49,110,0.0,1.2972538e-07
49,110,1.0,2.2533033e-07
49,110,2.0,1.958879e-07
49,110,3.0,2.4440857e-07
49,110,4.0,2.4432143e-07
49,110,5.0,1.7808703e-07
49,110,6.0,1.5819604e-07
49,110,7.0,1.6379056e-07
49,110,8.0,1.5862388e-07
49,110,9.0,1.333335e-07
49,110,10.0,1.1077175e-07
49,110,11.0,1.2270976e-07
49,110,12.0,1.4581825e-07
49,110,13.0,1.6859393e-07
49,110,14.0,1.6768426e-07
49,111,0.0,1.9450907e-07
49,111,1.0,2.006984e-07
49,111,2.0,2.1417512e-07
49,111,3.0,1.679917e-07
49,111,4.0,1.291413e-07
49,111,5.0,1.722187e-07
49,111,6.0,1.965514e-07
49,111,7.0,1.684913e-07
49,111,8.0,1.3213273e-07
49,111,9.0,1.0631983e-07
49,111,10.0,9.781989e-08
49,111,11.0,1.3164266e-07
49,111,12.0,1.5472438e-07
49,111,13.0,1.5278522e-07
49,111,14.0,1.6200141e-07
49,112,0.0,1.12987514e-07
49,112,1.0,1.0978595e-07
49,112,2.0,1.05133715e-07
49,112,3.0,1.6160662e-07
49,112,4.0,6.285977e-08
49,112,5.0,3.1516606e-08
49,112,6.0,4.4187342e-08
49,112,7.0,5.8484623e-08
49,112,8.0,1.02551624e-07
49,112,9.0,2.1179542e-07
49,112,10.0,3.290425e-07
49,112,11.0,3.0007908e-07
49,112,12.0,1.7661021e-07
49,112,13.0,9.710349e-08
49,112,14.0,8.533547e-08
49,113,0.0,1.12157814e-07
49,113,1.0,1.9480846e-07
49,113,2.0,1.168406e-07
49,113,3.0,7.784627e-08
49,113,4.0,2.7997126e-08
49,113,5.0,1.0708237e-07
49,113,6.0,3.1463796e-07
49,113,7.0,2.7242456e-07
49,113,8.0,1.4019889e-07
49,113,9.0,5.7210936e-08
49,113,10.0,1.2480152e-08
49,113,11.0,5.7265384e-09
49,113,12.0,1.1425434e-08
49,113,13.0,2.8662855e-08
49,113,14.0,4.6734225e-08
49,114,0.0,2.6067607e-07
49,114,1.0,2.4713712e-08
49,114,2.0,1.3458892e-07
49,114,3.0,3.508882e-07
49,114,4.0,2.0253472e-07
49,114,5.0,5.1805372e-08
49,114,6.0,3.629147e-08
49,114,7.0,3.8594077e-08
49,114,8.0,4.89284e-08
49,114,9.0,3.8495862e-08
49,114,10.0,8.046127e-11
49,114,11.0,0.0
49,114,12.0,3.1483136e-09
49,114,13.0,1.8430492e-07
49,114,14.0,8.502587e-09
49,115,0.0,2.6582314e-09
49,115,1.0,1.359996e-07
49,115,2.0,8.231846e-10
49,115,3.0,1.1703133e-12
49,115,4.0,0.0
49,115,5.0,0.0
49,115,6.0,0.0
49,115,7.0,0.0
49,115,8.0,0.0
49,115,9.0,0.0
49,115,10.0,6.974132e-09
49,115,11.0,5.5004048e-06
49,115,12.0,2.5047178e-05
49,115,13.0,2.4313009e-05
49,115,14.0,2.641054e-05
49,116,0.0,0.0
49,116,1.0,1.661078e-05
49,116,2.0,5.4171284e-07
49,116,3.0,2.3421367e-09
49,116,4.0,2.3941992e-08
49,116,5.0,2.0423015e-06
49,116,6.0,5.7319107e-06
49,116,7.0,8.037508e-06
49,116,8.0,1.7196046e-05
49,116,9.0,3.536483e-05
49,116,10.0,5.825021e-05
49,116,11.0,0.00014401558
49,116,12.0,0.00023260321
49,116,13.0,0.00031682992
49,116,14.0,0.00030452342
49,117,0.0,0.0
49,117,1.0,2.5547909e-06
49,117,2.0,5.744019e-13
49,117,3.0,9.474625e-06
49,117,4.0,4.215905e-05
49,117,5.0,7.279371e-05
49,117,6.0,9.661326e-05
49,117,7.0,0.00015748154
49,117,8.0,0.00022915188
49,117,9.0,0.0003162651
49,117,10.0,0.00045450986
49,117,11.0,0.0006033672
49,117,12.0,0.00088909274
49,117,13.0,0.0011922048
49,117,14.0,0.0011143313
49,118,0.0,0.0
49,118,1.0,5.7551915e-08
49,118,2.0,0.00013876702
49,118,3.0,0.00014812173
49,118,4.0,0.0002704156
49,118,5.0,0.000527819
49,118,6.0,0.00067970186
49,118,7.0,0.0008171552
49,118,8.0,0.0010430933
49,118,9.0,0.0015385922
49,118,10.0,0.0025989725
49,118,11.0,0.003912661
49,118,12.0,0.004736041
49,118,13.0,0.005118972
49,118,14.0,0.0049293092
49,119,0.0,2.3611085e-05
49,119,1.0,0.00019279272
49,119,2.0,0.0004022499
49,119,3.0,0.0006752866
49,119,4.0,0.0018370813
49,119,5.0,0.0030038122
49,119,6.0,0.0041161478
49,119,7.0,0.0050813016
49,119,8.0,0.005756529
49,119,9.0,0.00641639
49,119,10.0,0.008053195
49,119,11.0,0.011676243
49,119,12.0,0.015815722
49,119,13.0,0.018360022
49,119,14.0,0.018017178
49,120,0.0,0.0001626463
49,120,1.0,0.00039910848
49,120,2.0,0.0014022377
49,120,3.0,0.0026300736
49,120,4.0,0.0047798357
49,120,5.0,0.0067081004
49,120,6.0,0.008983435
49,120,7.0,0.010623393
49,120,8.0,0.012179304
49,120,9.0,0.015031263
49,120,10.0,0.020431807
49,120,11.0,0.02765819
49,120,12.0,0.03388903
49,120,13.0,0.037409957
49,120,14.0,0.037023034
49,121,0.0,0.00032817712
49,121,1.0,0.0008128635
49,121,2.0,0.002648931
49,121,3.0,0.0053150607
49,121,4.0,0.00930009
49,121,5.0,0.013229
49,121,6.0,0.017304504
49,121,7.0,0.02130496
49,121,8.0,0.024695357
49,121,9.0,0.029114528
49,121,10.0,0.036445618
49,121,11.0,0.04633074
49,121,12.0,0.054486975
49,121,13.0,0.05758493
49,121,14.0,0.05425241
49,122,0.0,0.00035445424
49,122,1.0,0.0010127643
49,122,2.0,0.0032756873
49,122,3.0,0.0054837256
49,122,4.0,0.0088983765
49,122,5.0,0.014508152
49,122,6.0,0.019881789
49,122,7.0,0.024660124
49,122,8.0,0.027717711
49,122,9.0,0.03231046
49,122,10.0,0.043097164
49,122,11.0,0.057483092
49,122,12.0,0.06694692
49,122,13.0,0.0704015
49,122,14.0,0.06751324
49,123,0.0,0.0005143063
49,123,1.0,0.0013196076
49,123,2.0,0.0038793578
49,123,3.0,0.0074987207
49,123,4.0,0.013448232
49,123,5.0,0.019392034
49,123,6.0,0.024302775
49,123,7.0,0.026979955
49,123,8.0,0.030025214
49,123,9.0,0.035102747
49,123,10.0,0.044693846
49,123,11.0,0.056387663
49,123,12.0,0.06457198
49,123,13.0,0.06699186
49,123,14.0,0.061953425
49,124,0.0,0.0007741167
49,124,1.0,0.0019852198
49,124,2.0,0.0049841874
49,124,3.0,0.008554888
49,124,4.0,0.01441933
49,124,5.0,0.020075971
49,124,6.0,0.02294029
49,124,7.0,0.024794834
49,124,8.0,0.026828345
49,124,9.0,0.029640127
49,124,10.0,0.034482025
49,124,11.0,0.04177383
49,124,12.0,0.048579037
49,124,13.0,0.0515249
49,124,14.0,0.048550315
49,125,0.0,0.0012710573
49,125,1.0,0.0036265764
49,125,2.0,0.0070182015
49,125,3.0,0.011311689
49,125,4.0,0.017562969
49,125,5.0,0.021950396
49,125,6.0,0.024779486
49,125,7.0,0.026809037
49,125,8.0,0.028705498
49,125,9.0,0.03099019
49,125,10.0,0.034389865
49,125,11.0,0.038971923
49,125,12.0,0.043048892
49,125,13.0,0.04436018
49,125,14.0,0.0413179
49,126,0.0,0.0026819606
49,126,1.0,0.0076423846
49,126,2.0,0.012878494
49,126,3.0,0.019951131
49,126,4.0,0.026885826
49,126,5.0,0.030064097
49,126,6.0,0.03186453
49,126,7.0,0.03311022
49,126,8.0,0.03426556
49,126,9.0,0.035702016
49,126,10.0,0.037744444
49,126,11.0,0.04010078
49,126,12.0,0.041768067
49,126,13.0,0.041674484
49,126,14.0,0.03916309
49,127,0.0,0.0066813
49,127,1.0,0.013003103
49,127,2.0,0.022133552
49,127,3.0,0.030924505
49,127,4.0,0.036397237
49,127,5.0,0.03880387
49,127,6.0,0.039151873
49,127,7.0,0.038743313
49,127,8.0,0.038474504
49,127,9.0,0.03874531
49,127,10.0,0.039577477
49,127,11.0,0.040271692
49,127,12.0,0.03997435
49,127,13.0,0.03811679
49,127,14.0,0.034353465
49,128,0.0,0.013913604
49,128,1.0,0.023144195
49,128,2.0,0.03346066
49,128,3.0,0.040348705
49,128,4.0,0.042054582
49,128,5.0,0.040735498
49,128,6.0,0.038411144
49,128,7.0,0.0363483
49,128,8.0,0.034873754
49,128,9.0,0.033871002
49,128,10.0,0.03310828
49,128,11.0,0.032227132
49,128,12.0,0.030912304
49,128,13.0,0.028810007
49,128,14.0,0.025445864
49,129,0.0,0.019487767
49,129,1.0,0.027689038
49,129,2.0,0.033703826
49,129,3.0,0.03655848
49,129,4.0,0.035835166
49,129,5.0,0.033478487
49,129,6.0,0.030914186
49,129,7.0,0.028695507
49,129,8.0,0.026953468
49,129,9.0,0.02555501
49,129,10.0,0.024278063
49,129,11.0,0.022714958
49,129,12.0,0.020524327
49,129,13.0,0.017711172
49,129,14.0,0.014834299
49,130,0.0,0.017663283
49,130,1.0,0.02358506
49,130,2.0,0.024574997
49,130,3.0,0.02281443
49,130,4.0,0.019769406
49,130,5.0,0.016745185
49,130,6.0,0.014429646
49,130,7.0,0.012857543
49,130,8.0,0.011755691
49,130,9.0,0.010901408
49,130,10.0,0.010115439
49,130,11.0,0.0092693865
49,130,12.0,0.008336715
49,130,13.0,0.0073312167
49,130,14.0,0.006357121
49,131,0.0,0.0087769255
49,131,1.0,0.010154553
49,131,2.0,0.009017625
49,131,3.0,0.0070487144
49,131,4.0,0.005632186
49,131,5.0,0.004809681
49,131,6.0,0.0041274456
49,131,7.0,0.0034787024
49,131,8.0,0.0029667465
49,131,9.0,0.0026011406
49,131,10.0,0.002307071
49,131,11.0,0.002039034
49,131,12.0,0.0017846774
49,131,13.0,0.0015466487
49,131,14.0,0.0013334323
49,132,0.0,0.0017974488
49,132,1.0,0.0015230862
49,132,2.0,0.0011405027
49,132,3.0,0.00077959616
49,132,4.0,0.00056270533
49,132,5.0,0.00044859093
49,132,6.0,0.00039145956
49,132,7.0,0.00036665692
49,132,8.0,0.00035395625
49,132,9.0,0.00033587206
49,132,10.0,0.00029424593
49,132,11.0,0.00022563619
49,132,12.0,0.00016483506
49,132,13.0,0.00013410518
49,132,14.0,0.0001244376
49,133,0.0,0.0002714486
49,133,1.0,0.00012446292
49,133,2.0,0.0001464415
49,133,3.0,6.735439e-05
49,133,4.0,1.7606708e-05
49,133,5.0,8.8531315e-06
49,133,6.0,9.949381e-06
49,133,7.0,1.5012446e-05
49,133,8.0,2.0606938e-05
49,133,9.0,2.1455779e-05
49,133,10.0,1.2168428e-05
49,133,11.0,1.3732171e-06
49,133,12.0,6.9283296e-10
49,133,13.0,0.0
49,133,14.0,0.0
49,134,0.0,2.3655825e-13
49,134,1.0,7.626755e-08
49,134,2.0,8.89953e-08
49,134,3.0,1.6290365e-08
49,134,4.0,1.1398781e-08
49,134,5.0,2.5214076e-08
49,134,6.0,4.5873477e-08
49,134,7.0,6.213202e-08
49,134,8.0,7.2846554e-08
49,134,9.0,8.114329e-08
49,134,10.0,9.1555265e-08
49,134,11.0,1.0731225e-07
49,134,12.0,1.3175557e-07
49,134,13.0,1.5913521e-07
49,134,14.0,1.8218067e-07
49,135,0.0,2.2762978e-07
49,135,1.0,1.7262671e-07
49,135,2.0,1.4612048e-07
49,135,3.0,1.2147022e-07
49,135,4.0,1.2666975e-07
49,135,5.0,1.4248516e-07
49,135,6.0,1.5487555e-07
49,135,7.0,1.6181859e-07
49,135,8.0,1.6228219e-07
49,135,9.0,1.5293867e-07
49,135,10.0,1.335016e-07
49,135,11.0,1.1777151e-07
49,135,12.0,1.1255249e-07
49,135,13.0,1.1250342e-07
49,135,14.0,1.1396149e-07
49,136,0.0,2.0636804e-07
49,136,1.0,2.0616959e-07
49,136,2.0,1.4973463e-07
49,136,3.0,1.1976319e-07
49,136,4.0,1.3558261e-07
49,136,5.0,1.551582e-07
49,136,6.0,1.6363047e-07
49,136,7.0,1.6202885e-07
49,136,8.0,1.5641267e-07
49,136,9.0,1.5605248e-07
49,136,10.0,1.6199468e-07
49,136,11.0,1.6656196e-07
49,136,12.0,1.616883e-07
49,136,13.0,1.5452406e-07
49,136,14.0,1.5486438e-07
49,137,0.0,1.7218292e-07
49,137,1.0,1.5294052e-07
49,137,2.0,1.3195147e-07
49,137,3.0,1.4988396e-07
49,137,4.0,1.3972574e-07
49,137,5.0,1.1374684e-07
49,137,6.0,1.18430336e-07
49,137,7.0,1.3297992e-07
49,137,8.0,1.453407e-07
49,137,9.0,1.5385065e-07
49,137,10.0,1.5355545e-07
49,137,11.0,1.3944037e-07
49,137,12.0,1.440583e-07
49,137,13.0,1.71649e-07
49,137,14.0,1.9435565e-07
49,138,0.0,1.7612494e-07
49,138,1.0,1.4230646e-07
49,138,2.0,1.5414534e-07
49,138,3.0,1.3588019e-07
49,138,4.0,1.3112029e-07
49,138,5.0,1.2609563e-07
49,138,6.0,1.2833596e-07
49,138,7.0,1.4196526e-07
49,138,8.0,1.6812626e-07
49,138,9.0,1.9001179e-07
49,138,10.0,1.8423547e-07
49,138,11.0,1.724032e-07
49,138,12.0,1.6170898e-07
49,138,13.0,1.6273569e-07
49,138,14.0,1.7370799e-07
50,113,0.0,1.7277972e-07
50,113,1.0,7.585614e-08
50,113,2.0,2.1128452e-07
50,113,3.0,1.3982657e-07
50,113,4.0,1.6190036e-07
50,113,5.0,6.528471e-07
50,113,6.0,2.0035894e-07
50,113,7.0,7.231415e-08
50,113,8.0,2.1655087e-07
50,113,9.0,1.858601e-07
50,113,10.0,4.9609213e-08
50,113,11.0,1.7141074e-08
50,113,12.0,4.3268148e-08
50,113,13.0,6.783346e-08
50,113,14.0,4.8255977e-08
50,114,0.0,1.8043568e-07
50,114,1.0,1.25566e-07
50,114,2.0,1.3671777e-07
50,114,3.0,1.384529e-07
50,114,4.0,7.614371e-08
50,114,5.0,8.756819e-08
50,114,6.0,1.1893762e-07
50,114,7.0,1.442863e-07
50,114,8.0,1.2420229e-07
50,114,9.0,1.1833562e-07
50,114,10.0,1.6564245e-07
50,114,11.0,1.2491087e-07
50,114,12.0,8.832553e-08
50,114,13.0,1.3317636e-07
50,114,14.0,1.4084347e-07
50,115,0.0,1.4935434e-07
50,115,1.0,5.3483435e-09
50,115,2.0,5.408655e-08
50,115,3.0,9.2812805e-08
50,115,4.0,2.5905638e-07
50,115,5.0,7.055439e-07
50,115,6.0,3.3157934e-07
50,115,7.0,1.518303e-07
50,115,8.0,6.950139e-08
50,115,9.0,5.6333626e-08
50,115,10.0,1.7989619e-07
50,115,11.0,4.885581e-07
50,115,12.0,2.0192311e-07
50,115,13.0,1.2085322e-07
50,115,14.0,2.754922e-07
50,116,0.0,1.09155685e-07
50,116,1.0,2.373801e-07
50,116,2.0,1.5556961e-07
50,116,3.0,8.794442e-08
50,116,4.0,1.4584761e-07
50,116,5.0,1.8271686e-07
50,116,6.0,1.7307086e-07
50,116,7.0,1.11873874e-07
50,116,8.0,1.7397592e-07
50,116,9.0,1.7968387e-07
50,116,10.0,6.067083e-08
50,116,11.0,1.3573344e-07
50,116,12.0,2.2115853e-07
50,116,13.0,2.7754353e-08
50,116,14.0,2.5032816e-07
50,117,0.0,2.9318395e-10
50,117,1.0,1.5716352e-13
50,117,2.0,0.0
50,117,3.0,2.4981802e-14
50,117,4.0,0.0
50,117,5.0,4.5222512e-10
50,117,6.0,9.822579e-09
50,117,7.0,1.3232397e-08
50,117,8.0,9.861156e-09
50,117,9.0,1.4003946e-08
50,117,10.0,1.4839708e-07
50,117,11.0,4.2059386e-07
50,117,12.0,2.3827932e-08
50,117,13.0,3.3431057e-11
50,117,14.0,1.3581111e-10
50,118,0.0,2.0122235e-12
50,118,1.0,2.7115268e-06
50,118,2.0,1.5935041e-10
50,118,3.0,0.0
50,118,4.0,0.0
50,118,5.0,1.575361e-11
50,118,6.0,0.0
50,118,7.0,4.1602814e-07
50,118,8.0,3.3474003e-06
50,118,9.0,3.56561e-08
50,118,10.0,5.3668945e-09
50,118,11.0,2.9358931e-05
50,118,12.0,7.509324e-05
50,118,13.0,6.714867e-05
50,118,14.0,9.33318e-05
50,119,0.0,0.0
50,119,1.0,0.0
50,119,2.0,1.3493115e-10
50,119,3.0,5.494e-06
50,119,4.0,9.143973e-05
50,119,5.0,0.000100782665
50,119,6.0,5.3168693e-05
50,119,7.0,3.4277175e-05
50,119,8.0,3.815435e-05
50,119,9.0,8.6016466e-05
50,119,10.0,0.00017366144
50,119,11.0,0.00018416547
50,119,12.0,0.00032171395
50,119,13.0,0.00046267328
50,119,14.0,0.000513985
50,120,0.0,6.4656227e-12
50,120,1.0,4.8966394e-05
50,120,2.0,0.0001145068
50,120,3.0,0.00019020632
50,120,4.0,0.00019680634
50,120,5.0,0.00021982925
50,120,6.0,0.00027937494
50,120,7.0,0.00031730664
50,120,8.0,0.0003574911
50,120,9.0,0.0005960562
50,120,10.0,0.0009939426
50,120,11.0,0.0018420431
50,120,12.0,0.002667371
50,120,13.0,0.0032984584
50,120,14.0,0.004098557
50,121,0.0,3.06995e-05
50,121,1.0,9.9910125e-05
50,121,2.0,0.00045764932
50,121,3.0,0.0005417279
50,121,4.0,0.0007429829
50,121,5.0,0.0012419034
50,121,6.0,0.0017203506
50,121,7.0,0.0021631182
50,121,8.0,0.0028147472
50,121,9.0,0.0036888106
50,121,10.0,0.0047647343
50,121,11.0,0.006553257
50,121,12.0,0.009304878
50,121,13.0,0.011849529
50,121,14.0,0.013522134
50,122,0.0,0.00024924066
50,122,1.0,0.0004897181
50,122,2.0,0.0011324894
50,122,3.0,0.0021487495
50,122,4.0,0.0034904438
50,122,5.0,0.0050168373
50,122,6.0,0.006353509
50,122,7.0,0.006867108
50,122,8.0,0.007877855
50,122,9.0,0.010237011
50,122,10.0,0.013292728
50,122,11.0,0.016829325
50,122,12.0,0.021613115
50,122,13.0,0.026954427
50,122,14.0,0.031701207
50,123,0.0,0.00023197314
50,123,1.0,0.0009010426
50,123,2.0,0.0015548558
50,123,3.0,0.0035962544
50,123,4.0,0.005959376
50,123,5.0,0.008264022
50,123,6.0,0.010512934
50,123,7.0,0.012892893
50,123,8.0,0.015574778
50,123,9.0,0.01905159
50,123,10.0,0.024672685
50,123,11.0,0.031918004
50,123,12.0,0.037604064
50,123,13.0,0.041690364
50,123,14.0,0.04526392
50,124,0.0,0.00050405774
50,124,1.0,0.0015568585
50,124,2.0,0.004422079
50,124,3.0,0.00788681
50,124,4.0,0.01195728
50,124,5.0,0.014522819
50,124,6.0,0.017474402
50,124,7.0,0.020864105
50,124,8.0,0.02519296
50,124,9.0,0.03228552
50,124,10.0,0.0401071
50,124,11.0,0.046064913
50,124,12.0,0.050032437
50,124,13.0,0.052638393
50,124,14.0,0.054395236
50,125,0.0,0.0012886646
50,125,1.0,0.0033041784
50,125,2.0,0.006221304
50,125,3.0,0.01099537
50,125,4.0,0.014742898
50,125,5.0,0.018321445
50,125,6.0,0.021706434
50,125,7.0,0.024445761
50,125,8.0,0.02839148
50,125,9.0,0.0343512
50,125,10.0,0.041643586
50,125,11.0,0.04871839
50,125,12.0,0.05420576
50,125,13.0,0.057967193
50,125,14.0,0.060747918
50,126,0.0,0.003837557
50,126,1.0,0.0070181405
50,126,2.0,0.011816759
50,126,3.0,0.019098753
50,126,4.0,0.026378274
50,126,5.0,0.033647597
50,126,6.0,0.041689087
50,126,7.0,0.0446504
50,126,8.0,0.04727924
50,126,9.0,0.0533651
50,126,10.0,0.061062038
50,126,11.0,0.066298425
50,126,12.0,0.068437845
50,126,13.0,0.0691094
50,126,14.0,0.07058546
50,127,0.0,0.01182272
50,127,1.0,0.023132186
50,127,2.0,0.030618
50,127,3.0,0.043184042
50,127,4.0,0.053344507
50,127,5.0,0.059496604
50,127,6.0,0.06395032
50,127,7.0,0.0679673
50,127,8.0,0.071954176
50,127,9.0,0.076153316
50,127,10.0,0.080667466
50,127,11.0,0.085062824
50,127,12.0,0.0887949
50,127,13.0,0.091681235
50,127,14.0,0.09386587
50,128,0.0,0.045075778
50,128,1.0,0.05579864
50,128,2.0,0.08647584
50,128,3.0,0.10722646
50,128,4.0,0.12372614
50,128,5.0,0.13497858
50,128,6.0,0.14081542
50,128,7.0,0.14419724
50,128,8.0,0.14632976
50,128,9.0,0.146675
50,128,10.0,0.14479618
50,128,11.0,0.14177781
50,128,12.0,0.1389854
50,128,13.0,0.13692382
50,128,14.0,0.13554528
50,129,0.0,0.106702045
50,129,1.0,0.14087425
50,129,2.0,0.16870269
50,129,3.0,0.18313645
50,129,4.0,0.1855822
50,129,5.0,0.1835436
50,129,6.0,0.18037288
50,129,7.0,0.17710213
50,129,8.0,0.17405191
50,129,9.0,0.17118843
50,129,10.0,0.16802767
50,129,11.0,0.16405272
50,129,12.0,0.15947932
50,129,13.0,0.15543249
50,129,14.0,0.15373999
50,130,0.0,0.20938826
50,130,1.0,0.24017662
50,130,2.0,0.24300267
50,130,3.0,0.23678574
50,130,4.0,0.22771744
50,130,5.0,0.21823063
50,130,6.0,0.20925708
50,130,7.0,0.2012196
50,130,8.0,0.19401018
50,130,9.0,0.18675031
50,130,10.0,0.17853123
50,130,11.0,0.16989224
50,130,12.0,0.16181095
50,130,13.0,0.15474053
50,130,14.0,0.14909045
50,131,0.0,0.22460207
50,131,1.0,0.23282745
50,131,2.0,0.21110344
50,131,3.0,0.18938169
50,131,4.0,0.17193419
50,131,5.0,0.15509789
50,131,6.0,0.14212893
50,131,7.0,0.1344299
50,131,8.0,0.12949829
50,131,9.0,0.12483807
50,131,10.0,0.11772712
50,131,11.0,0.10705269
50,131,12.0,0.0952034
50,131,13.0,0.08558602
50,131,14.0,0.07935972
50,132,0.0,0.18245606
50,132,1.0,0.16605893
50,132,2.0,0.13613717
50,132,3.0,0.10558946
50,132,4.0,0.08234319
50,132,5.0,0.06907094
50,132,6.0,0.061872933
50,132,7.0,0.05833687
50,132,8.0,0.056658182
50,132,9.0,0.054481115
50,132,10.0,0.048313487
50,132,11.0,0.041605037
50,132,12.0,0.03778176
50,132,13.0,0.03355747
50,132,14.0,0.030367097
50,133,0.0,0.03620798
50,133,1.0,0.03157331
50,133,2.0,0.0251069
50,133,3.0,0.0195885
50,133,4.0,0.015716542
50,133,5.0,0.013081241
50,133,6.0,0.011138959
50,133,7.0,0.009655587
50,133,8.0,0.008489313
50,133,9.0,0.007511825
50,133,10.0,0.006631478
50,133,11.0,0.005770094
50,133,12.0,0.0049126227
50,133,13.0,0.0042334115
50,133,14.0,0.0038166163
50,134,0.0,0.0088030165
50,134,1.0,0.0060383207
50,134,2.0,0.0040334812
50,134,3.0,0.0028455683
50,134,4.0,0.0021513891
50,134,5.0,0.001730397
50,134,6.0,0.0014548127
50,134,7.0,0.0012524411
50,134,8.0,0.0010894665
50,134,9.0,0.0009481991
50,134,10.0,0.0008152909
50,134,11.0,0.0006805594
50,134,12.0,0.00052056677
50,134,13.0,0.00042887992
50,134,14.0,0.00044394578
50,135,0.0,0.0010951984
50,135,1.0,0.0007302779
50,135,2.0,0.0004728399
50,135,3.0,0.00034120862
50,135,4.0,0.00024006376
50,135,5.0,0.00016954375
50,135,6.0,0.00012742776
50,135,7.0,0.000109011526
50,135,8.0,0.00010395962
50,135,9.0,9.419145e-05
50,135,10.0,5.410448e-05
50,135,11.0,1.0632214e-05
50,135,12.0,2.831519e-06
50,135,13.0,6.976654e-06
50,135,14.0,1.37154e-05
50,136,0.0,6.354776e-05
50,136,1.0,4.378646e-05
50,136,2.0,4.2542264e-10
50,136,3.0,5.4222954e-07
50,136,4.0,1.4453643e-05
50,136,5.0,2.0441473e-06
50,136,6.0,5.2051236e-10
50,136,7.0,3.3112283e-08
50,136,8.0,3.0371605e-10
50,136,9.0,3.776044e-12
50,136,10.0,2.0243669e-10
50,136,11.0,5.646895e-10
50,136,12.0,5.8446935e-11
50,136,13.0,0.0
50,136,14.0,0.0
50,137,0.0,1.2377222e-07
50,137,1.0,2.5503775e-07
50,137,2.0,3.687585e-07
50,137,3.0,3.0984327e-07
50,137,4.0,2.3920646e-07
50,137,5.0,1.8625845e-07
50,137,6.0,1.442391e-07
50,137,7.0,1.1710073e-07
50,137,8.0,1.0335737e-07
50,137,9.0,1.0423078e-07
50,137,10.0,1.16560976e-07
50,137,11.0,1.2073387e-07
50,137,12.0,1.0925666e-07
50,137,13.0,9.726851e-08
50,137,14.0,9.207526e-08
50,138,0.0,1.4025288e-07
50,138,1.0,1.4789164e-07
50,138,2.0,2.0545139e-07
50,138,3.0,2.0341477e-07
50,138,4.0,1.7073752e-07
50,138,5.0,1.6353157e-07
50,138,6.0,1.6718204e-07
50,138,7.0,1.7279689e-07
50,138,8.0,1.7525336e-07
50,138,9.0,1.7058088e-07
50,138,10.0,1.5592616e-07
50,138,11.0,1.3767465e-07
50,138,12.0,1.3220131e-07
50,138,13.0,1.4115052e-07
50,138,14.0,1.6715049e-07
50,139,0.0,2.106444e-07
50,139,1.0,1.8829695e-07
50,139,2.0,1.920241e-07
50,139,3.0,1.9824608e-07
50,139,4.0,2.0123302e-07
50,139,5.0,1.9141301e-07
50,139,6.0,1.7661996e-07
50,139,7.0,1.6691558e-07
50,139,8.0,1.643367e-07
50,139,9.0,1.6671682e-07
50,139,10.0,1.6547268e-07
50,139,11.0,1.5739145e-07
50,139,12.0,1.5347825e-07
50,139,13.0,1.5937042e-07
50,139,14.0,1.7081312e-07
50,140,0.0,1.6178734e-07
50,140,1.0,1.971742e-07
50,140,2.0,2.2652614e-07
50,140,3.0,2.00656e-07
50,140,4.0,1.709975e-07
50,140,5.0,1.62274e-07
50,140,6.0,1.6386628e-07
50,140,7.0,1.7327578e-07
50,140,8.0,1.90507e-07
50,140,9.0,2.091102e-07
50,140,10.0,1.9586126e-07
50,140,11.0,1.3550766e-07
50,140,12.0,1.1497524e-07
50,140,13.0,1.3718964e-07
50,140,14.0,1.731943e-07
51,116,0.0,2.1138733e-07
51,116,1.0,2.0569077e-07
51,116,2.0,1.6947641e-07
51,116,3.0,1.5738203e-07
51,116,4.0,1.500502e-07
51,116,5.0,1.465437e-07
51,116,6.0,1.8270158e-07
51,116,7.0,1.00764346e-07
51,116,8.0,4.1133177e-08
51,116,9.0,7.299176e-08
51,116,10.0,2.1567146e-07
51,116,11.0,2.5656453e-07
51,116,12.0,1.8181304e-07
51,116,13.0,1.3545505e-07
51,116,14.0,1.0376099e-07
51,117,0.0,2.8700947e-07
51,117,1.0,1.2319467e-07
51,117,2.0,8.994871e-08
51,117,3.0,6.676876e-08
51,117,4.0,9.123944e-08
51,117,5.0,2.1098286e-08
51,117,6.0,4.976437e-09
51,117,7.0,2.7650172e-08
51,117,8.0,9.2838484e-08
51,117,9.0,1.3212859e-07
51,117,10.0,1.2853613e-07
51,117,11.0,1.2776545e-07
51,117,12.0,1.0946097e-07
51,117,13.0,4.9614364e-08
51,117,14.0,1.2084899e-08
51,118,0.0,2.09807e-07
51,118,1.0,2.477242e-07
51,118,2.0,1.2452557e-07
51,118,3.0,6.7722794e-08
51,118,4.0,6.0955436e-08
51,118,5.0,2.2709836e-08
51,118,6.0,4.675893e-09
51,118,7.0,6.429651e-11
51,118,8.0,5.8768886e-11
51,118,9.0,8.654163e-09
51,118,10.0,6.302984e-08
51,118,11.0,1.0290938e-07
51,118,12.0,1.1384951e-07
51,118,13.0,1.13370014e-07
51,118,14.0,8.8532154e-08
51,119,0.0,7.0960645e-08
51,119,1.0,5.645321e-09
51,119,2.0,2.9335796e-09
51,119,3.0,3.7102212e-09
51,119,4.0,5.2672355e-10
51,119,5.0,8.670738e-11
51,119,6.0,4.6128514e-09
51,119,7.0,6.032847e-08
51,119,8.0,1.1999282e-07
51,119,9.0,9.089573e-08
51,119,10.0,5.8840055e-08
51,119,11.0,5.99163e-08
51,119,12.0,6.2872076e-08
51,119,13.0,7.344969e-08
51,119,14.0,1.18769364e-07
51,120,0.0,3.676678e-08
51,120,1.0,2.5603641e-10
51,120,2.0,3.4907897e-09
51,120,3.0,1.533771e-08
51,120,4.0,3.7507073e-09
51,120,5.0,1.9064675e-10
51,120,6.0,1.8844837e-10
51,120,7.0,3.6559475e-09
51,120,8.0,4.417699e-08
51,120,9.0,1.8989844e-07
51,120,10.0,1.0398826e-07
51,120,11.0,2.7382372e-08
51,120,12.0,3.598084e-07
51,120,13.0,9.7734e-07
51,120,14.0,2.1654e-08
51,121,0.0,7.0396623e-12
51,121,1.0,6.513851e-12
51,121,2.0,2.881869e-09
51,121,3.0,7.2613546e-09
51,121,4.0,8.935578e-09
51,121,5.0,3.3530647e-08
51,121,6.0,3.0859997e-08
51,121,7.0,1.718069e-09
51,121,8.0,5.3596093e-08
51,121,9.0,9.297143e-06
51,121,10.0,7.0137634e-05
51,121,11.0,1.9636796e-05
51,121,12.0,5.8548314e-05
51,121,13.0,0.00018218897
51,121,14.0,0.00023621187
51,122,0.0,0.0
51,122,1.0,0.0
51,122,2.0,0.0
51,122,3.0,6.038197e-07
51,122,4.0,3.0145458e-05
51,122,5.0,0.00013669154
51,122,6.0,0.00011533934
51,122,7.0,7.328918e-05
51,122,8.0,0.00015281285
51,122,9.0,0.0002283664
51,122,10.0,0.00036493753
51,122,11.0,0.00053852197
51,122,12.0,0.0006029603
51,122,13.0,0.00064932666
51,122,14.0,0.0008255792
51,123,0.0,3.1498508e-05
51,123,1.0,4.340841e-05
51,123,2.0,8.567742e-05
51,123,3.0,0.0001980002
51,123,4.0,0.00028062667
51,123,5.0,0.00044696077
51,123,6.0,0.00058736786
51,123,7.0,0.00073759566
51,123,8.0,0.0010367078
51,123,9.0,0.0013818572
51,123,10.0,0.0017614847
51,123,11.0,0.0024717187
51,123,12.0,0.0035246229
51,123,13.0,0.0045856386
51,123,14.0,0.0056436965
51,124,0.0,5.5296277e-05
51,124,1.0,7.7172896e-05
51,124,2.0,0.00026073024
51,124,3.0,0.0005113738
51,124,4.0,0.00083321554
51,124,5.0,0.0013490869
51,124,6.0,0.0018569775
51,124,7.0,0.0023896375
51,124,8.0,0.0030229588
51,124,9.0,0.0039460533
51,124,10.0,0.005447159
51,124,11.0,0.0074079395
51,124,12.0,0.009380091
51,124,13.0,0.011697047
51,124,14.0,0.014210043
51,125,0.0,9.140933e-05
51,125,1.0,0.0005738479
51,125,2.0,0.0010491641
51,125,3.0,0.0019024303
51,125,4.0,0.002662733
51,125,5.0,0.003952014
51,125,6.0,0.0057837577
51,125,7.0,0.0076237475
51,125,8.0,0.009340892
51,125,9.0,0.011405089
51,125,10.0,0.01441501
51,125,11.0,0.018381728
51,125,12.0,0.02253155
51,125,13.0,0.026314335
51,125,14.0,0.029708363
51,126,0.0,0.00030324128
51,126,1.0,0.0010199412
51,126,2.0,0.0022387076
51,126,3.0,0.0033684159
51,126,4.0,0.0050235484
51,126,5.0,0.007679028
51,126,6.0,0.010200516
51,126,7.0,0.0127407815
51,126,8.0,0.016312087
51,126,9.0,0.020494713
51,126,10.0,0.024653107
51,126,11.0,0.028413236
51,126,12.0,0.032005403
51,126,13.0,0.035950553
51,126,14.0,0.040366985
51,127,0.0,0.0015742523
51,127,1.0,0.0034716148
51,127,2.0,0.0063657644
51,127,3.0,0.010125389
51,127,4.0,0.013010881
51,127,5.0,0.017217064
51,127,6.0,0.021839133
51,127,7.0,0.025888229
51,127,8.0,0.029448073
51,127,9.0,0.033108797
51,127,10.0,0.037201695
51,127,11.0,0.041654762
51,127,12.0,0.046169017
51,127,13.0,0.050594848
51,127,14.0,0.055078566
51,128,0.0,0.0046731443
51,128,1.0,0.009094342
51,128,2.0,0.013939257
51,128,3.0,0.016637167
51,128,4.0,0.0208509
51,128,5.0,0.024752745
51,128,6.0,0.027779624
51,128,7.0,0.031051757
51,128,8.0,0.03578603
51,128,9.0,0.042651594
51,128,10.0,0.05080341
51,128,11.0,0.05851643
51,128,12.0,0.0647657
51,128,13.0,0.07053395
51,128,14.0,0.077336036
51,129,0.0,0.018161686
51,129,1.0,0.024861926
51,129,2.0,0.033538345
51,129,3.0,0.046581015
51,129,4.0,0.05819987
51,129,5.0,0.066288576
51,129,6.0,0.07366553
51,129,7.0,0.08108875
51,129,8.0,0.08879459
51,129,9.0,0.09649077
51,129,10.0,0.10332878
51,129,11.0,0.10938524
51,129,12.0,0.11499128
51,129,13.0,0.1202516
51,129,14.0,0.12723763
51,130,0.0,0.057247348
51,130,1.0,0.09152161
51,130,2.0,0.13478902
51,130,3.0,0.15998751
51,130,4.0,0.17378943
51,130,5.0,0.18252257
51,130,6.0,0.18960828
51,130,7.0,0.19645938
51,130,8.0,0.20334737
51,130,9.0,0.21016498
51,130,10.0,0.21674983
51,130,11.0,0.2225415
51,130,12.0,0.22535115
51,130,13.0,0.2283919
51,130,14.0,0.23866042
51,131,0.0,0.21066006
51,131,1.0,0.28201535
51,131,2.0,0.3285589
51,131,3.0,0.3513765
51,131,4.0,0.35958958
51,131,5.0,0.36152717
51,131,6.0,0.36135358
51,131,7.0,0.36089665
51,131,8.0,0.36081207
51,131,9.0,0.36169305
51,131,10.0,0.36601317
51,131,11.0,0.37521267
51,131,12.0,0.37764376
51,131,13.0,0.36964345
51,131,14.0,0.36667666
51,132,0.0,0.32206702
51,132,1.0,0.4439028
51,132,2.0,0.49367818
51,132,3.0,0.48743886
51,132,4.0,0.46486044
51,132,5.0,0.4414883
51,132,6.0,0.42139885
51,132,7.0,0.4049112
51,132,8.0,0.39210626
51,132,9.0,0.38388845
51,132,10.0,0.37869626
51,132,11.0,0.36416593
51,132,12.0,0.34012118
51,132,13.0,0.31918114
51,132,14.0,0.3087476
51,133,0.0,0.44125926
51,133,1.0,0.50403273
51,133,2.0,0.48129937
51,133,3.0,0.4320691
51,133,4.0,0.3883078
51,133,5.0,0.3560394
51,133,6.0,0.3329171
51,133,7.0,0.31454676
51,133,8.0,0.29674315
51,133,9.0,0.27644688
51,133,10.0,0.2530354
51,133,11.0,0.23248546
51,133,12.0,0.21651243
51,133,13.0,0.20292088
51,133,14.0,0.194521
51,134,0.0,0.21993272
51,134,1.0,0.21620807
51,134,2.0,0.19365992
51,134,3.0,0.16773102
51,134,4.0,0.14189684
51,134,5.0,0.12336573
51,134,6.0,0.1119604
51,134,7.0,0.103270434
51,134,8.0,0.094091035
51,134,9.0,0.08435716
51,134,10.0,0.07469929
51,134,11.0,0.0655363
51,134,12.0,0.05640256
51,134,13.0,0.049013205
51,134,14.0,0.04477063
51,135,0.0,0.07103782
51,135,1.0,0.06575298
51,135,2.0,0.04918193
51,135,3.0,0.038607813
51,135,4.0,0.03311037
51,135,5.0,0.027445557
51,135,6.0,0.023678128
51,135,7.0,0.021466115
51,135,8.0,0.019890305
51,135,9.0,0.018335745
51,135,10.0,0.016487138
51,135,11.0,0.014497352
51,135,12.0,0.012686845
51,135,13.0,0.011344526
51,135,14.0,0.010632843
51,136,0.0,0.013119998
51,136,1.0,0.010534955
51,136,2.0,0.008112326
51,136,3.0,0.006638537
51,136,4.0,0.005657108
51,136,5.0,0.0048067183
51,136,6.0,0.004099233
51,136,7.0,0.00353286
51,136,8.0,0.003068802
51,136,9.0,0.0026645109
51,136,10.0,0.0022903578
51,136,11.0,0.0019661188
51,136,12.0,0.0016977218
51,136,13.0,0.0014881095
51,136,14.0,0.0013523255
51,137,0.0,0.0020408367
51,137,1.0,0.0014298721
51,137,2.0,0.00090890675
51,137,3.0,0.00065465394
51,137,4.0,0.0005509278
51,137,5.0,0.000488151
51,137,6.0,0.0004412071
51,137,7.0,0.00039868755
51,137,8.0,0.0003491967
51,137,9.0,0.0002855898
51,137,10.0,0.00021226355
51,137,11.0,0.00015412403
51,137,12.0,0.00012458416
51,137,13.0,0.000112308626
51,137,14.0,0.00010579688
51,138,0.0,0.00013363292
51,138,1.0,0.000106237196
51,138,2.0,4.1016927e-05
51,138,3.0,1.8521685e-05
51,138,4.0,2.5726478e-05
51,138,5.0,2.6335454e-05
51,138,6.0,2.1757165e-05
51,138,7.0,1.6859683e-05
51,138,8.0,1.2501529e-05
51,138,9.0,1.01316555e-05
51,138,10.0,1.0773677e-05
51,138,11.0,1.0158174e-05
51,138,12.0,3.7510315e-06
51,138,13.0,4.9002136e-07
51,138,14.0,5.213383e-08
51,139,0.0,2.773122e-07
51,139,1.0,1.7450101e-07
51,139,2.0,2.5254008e-07
51,139,3.0,2.7287757e-07
51,139,4.0,2.930439e-07
51,139,5.0,2.9578308e-07
51,139,6.0,2.7881777e-07
51,139,7.0,2.8052122e-07
51,139,8.0,2.946975e-07
51,139,9.0,2.522917e-07
51,139,10.0,1.7310727e-07
51,139,11.0,1.4084434e-07
51,139,12.0,1.5129461e-07
51,139,13.0,1.8036211e-07
51,139,14.0,2.222041e-07
51,140,0.0,1.9571203e-07
51,140,1.0,2.1535965e-07
51,140,2.0,2.2658247e-07
51,140,3.0,2.144411e-07
51,140,4.0,1.8744872e-07
51,140,5.0,1.5781059e-07
51,140,6.0,1.2697417e-07
51,140,7.0,1.0816435e-07
51,140,8.0,1.161768e-07
51,140,9.0,1.5213449e-07
51,140,10.0,1.9656197e-07
51,140,11.0,2.277031e-07
51,140,12.0,2.4937762e-07
51,140,13.0,2.4745623e-07
51,140,14.0,2.1036382e-07
51,141,0.0,1.4494049e-07
51,141,1.0,1.6069527e-07
51,141,2.0,1.688162e-07
51,141,3.0,1.8434045e-07
51,141,4.0,1.837716e-07
51,141,5.0,1.695516e-07
51,141,6.0,1.5480902e-07
51,141,7.0,1.3936167e-07
51,141,8.0,1.1941208e-07
51,141,9.0,1.05700366e-07
51,141,10.0,1.1903423e-07
51,141,11.0,1.5163464e-07
51,141,12.0,1.6743302e-07
51,141,13.0,1.6541304e-07
51,141,14.0,1.5940655e-07
51,142,0.0,1.2790326e-07
51,142,1.0,1.400012e-07
51,142,2.0,1.3956299e-07
51,142,3.0,1.3803883e-07
51,142,4.0,1.4116051e-07
51,142,5.0,1.4440106e-07
51,142,6.0,1.4331708e-07
51,142,7.0,1.370206e-07
51,142,8.0,1.2742382e-07
51,142,9.0,1.1826984e-07
51,142,10.0,1.14875164e-07
51,142,11.0,1.2519625e-07
51,142,12.0,1.3329773e-07
51,142,13.0,1.295344e-07
51,142,14.0,1.18460406e-07
51,143,0.0,1.9122763e-07
51,143,1.0,1.9641956e-07
51,143,2.0,1.7825812e-07
51,143,3.0,1.692276e-07
51,143,4.0,1.7035435e-07
51,143,5.0,1.7628847e-07
51,143,6.0,1.8406062e-07
51,143,7.0,1.9166241e-07
51,143,8.0,1.9671504e-07
51,143,9.0,1.9605723e-07
51,143,10.0,1.7671653e-07
51,143,11.0,1.4241874e-07
51,143,12.0,1.2998021e-07
51,143,13.0,1.3448383e-07
51,143,14.0,1.4144852e-07
52,119,0.0,2.1101972e-07
52,119,1.0,1.5675e-07
52,119,2.0,1.3366736e-07
52,119,3.0,1.2776303e-07
52,119,4.0,1.3488108e-07
52,119,5.0,1.3642602e-07
52,119,6.0,1.3527837e-07
52,119,7.0,1.7380842e-07
52,119,8.0,1.9008503e-07
52,119,9.0,1.9161163e-07
52,119,10.0,2.1162894e-07
52,119,11.0,1.8996731e-07
52,119,12.0,1.6852351e-07
52,119,13.0,1.3739624e-07
52,119,14.0,2.4974023e-08
52,120,0.0,9.7785616e-08
52,120,1.0,1.2964472e-07
52,120,2.0,1.0033993e-07
52,120,3.0,1.582419e-07
52,120,4.0,1.8892973e-07
52,120,5.0,2.4967974e-07
52,120,6.0,1.843097e-07
52,120,7.0,1.9774146e-07
52,120,8.0,1.7404244e-07
52,120,9.0,1.4053388e-07
52,120,10.0,1.00812564e-07
52,120,11.0,8.3164984e-08
52,120,12.0,1.0917573e-07
52,120,13.0,1.3680001e-07
52,120,14.0,1.3868707e-07
52,121,0.0,2.112481e-07
52,121,1.0,1.6308707e-07
52,121,2.0,1.3604435e-07
52,121,3.0,1.2490533e-07
52,121,4.0,1.9941794e-07
52,121,5.0,2.5334748e-07
52,121,6.0,2.7641582e-07
52,121,7.0,2.899192e-07
52,121,8.0,1.5998795e-07
52,121,9.0,2.3051921e-08
52,121,10.0,5.6724164e-10
52,121,11.0,1.8808295e-09
52,121,12.0,3.2490938e-08
52,121,13.0,6.8518744e-08
52,121,14.0,6.643788e-08
52,122,0.0,0.0
52,122,1.0,6.550414e-09
52,122,2.0,5.2423776e-09
52,122,3.0,4.3810524e-12
52,122,4.0,5.505569e-12
52,122,5.0,1.6762995e-15
52,122,6.0,0.0
52,122,7.0,0.0
52,122,8.0,0.0
52,122,9.0,0.0
52,122,10.0,0.0
52,122,11.0,1.637964e-14
52,122,12.0,6.6586736e-12
52,122,13.0,0.0
52,122,14.0,0.0
52,123,0.0,3.2078568e-14
52,123,1.0,0.0
52,123,2.0,0.0
52,123,3.0,0.0
52,123,4.0,0.0
52,123,5.0,0.0
52,123,6.0,9.688213e-11
52,123,7.0,5.8783827e-09
52,123,8.0,1.22330075e-08
52,123,9.0,2.7796416e-08
52,123,10.0,1.2434116e-07
52,123,11.0,1.5012876e-08
52,123,12.0,2.1102135e-10
52,123,13.0,4.1537674e-05
52,123,14.0,4.7709e-05
52,124,0.0,5.8215694e-14
52,124,1.0,1.0138064e-05
52,124,2.0,1.6451686e-05
52,124,3.0,1.9780314e-06
52,124,4.0,6.6578707e-07
52,124,5.0,1.8439188e-06
52,124,6.0,1.3104229e-05
52,124,7.0,5.8260484e-05
52,124,8.0,0.000105868836
52,124,9.0,0.00011729475
52,124,10.0,0.00014525105
52,124,11.0,0.00023374462
52,124,12.0,0.00033389824
52,124,13.0,0.00040978007
52,124,14.0,0.00048083666
52,125,0.0,2.3504554e-13
52,125,1.0,4.9680686e-05
52,125,2.0,5.5223292e-05
52,125,3.0,3.341997e-05
52,125,4.0,3.7101887e-05
52,125,5.0,0.00012910689
52,125,6.0,0.00021396892
52,125,7.0,0.00022376953
52,125,8.0,0.000338474
52,125,9.0,0.0004558184
52,125,10.0,0.0005866315
52,125,11.0,0.0009560766
52,125,12.0,0.001464343
52,125,13.0,0.0019104847
52,125,14.0,0.002251171
52,126,0.0,6.912015e-05
52,126,1.0,8.072765e-05
52,126,2.0,0.00012158939
52,126,3.0,0.00026620177
52,126,4.0,0.0004391753
52,126,5.0,0.0005460497
52,126,6.0,0.0007732665
52,126,7.0,0.0010721588
52,126,8.0,0.0013775685
52,126,9.0,0.0017767804
52,126,10.0,0.0024597824
52,126,11.0,0.0035482463
52,126,12.0,0.0049574096
52,126,13.0,0.006583793
52,126,14.0,0.008361383
52,127,0.0,6.0983533e-05
52,127,1.0,0.00015916725
52,127,2.0,0.00036445714
52,127,3.0,0.000768499
52,127,4.0,0.0012812666
52,127,5.0,0.0016806411
52,127,6.0,0.0021652083
52,127,7.0,0.0029674056
52,127,8.0,0.004158737
52,127,9.0,0.005788502
52,127,10.0,0.007964133
52,127,11.0,0.010492487
52,127,12.0,0.012548863
52,127,13.0,0.013627767
52,127,14.0,0.014439962
52,128,0.0,0.0003686955
52,128,1.0,0.0007574192
52,128,2.0,0.001105032
52,128,3.0,0.00160879
52,128,4.0,0.0026012189
52,128,5.0,0.004184131
52,128,6.0,0.005945622
52,128,7.0,0.007944317
52,128,8.0,0.009994282
52,128,9.0,0.012431451
52,128,10.0,0.016281134
52,128,11.0,0.021043627
52,128,12.0,0.024627425
52,128,13.0,0.026508946
52,128,14.0,0.028263418
52,129,0.0,0.0006913052
52,129,1.0,0.0013450133
52,129,2.0,0.0025271215
52,129,3.0,0.0044890987
52,129,4.0,0.0065565524
52,129,5.0,0.008366085
52,129,6.0,0.010729182
52,129,7.0,0.013243357
52,129,8.0,0.015377787
52,129,9.0,0.01866438
52,129,10.0,0.02380806
52,129,11.0,0.02987969
52,129,12.0,0.034782287
52,129,13.0,0.03743645
52,129,14.0,0.037860524
52,130,0.0,0.0044995127
52,130,1.0,0.0072811507
52,130,2.0,0.0102779465
52,130,3.0,0.0131186675
52,130,4.0,0.020487636
52,130,5.0,0.029443692
52,130,6.0,0.037448555
52,130,7.0,0.045149818
52,130,8.0,0.047334246
52,130,9.0,0.04882443
52,130,10.0,0.054274186
52,130,11.0,0.06402819
52,130,12.0,0.0720343
52,130,13.0,0.07587733
52,130,14.0,0.08214148
52,131,0.0,0.033650793
52,131,1.0,0.044165432
52,131,2.0,0.051718358
52,131,3.0,0.06279592
52,131,4.0,0.07332576
52,131,5.0,0.08123366
52,131,6.0,0.087455146
52,131,7.0,0.09425295
52,131,8.0,0.10432961
52,131,9.0,0.11761748
52,131,10.0,0.1327096
52,131,11.0,0.14974588
52,131,12.0,0.16092227
52,131,13.0,0.1590558
52,131,14.0,0.15292531
52,132,0.0,0.14867142
52,132,1.0,0.17567302
52,132,2.0,0.20098907
52,132,3.0,0.2211501
52,132,4.0,0.243176
52,132,5.0,0.2662552
52,132,6.0,0.2894589
52,132,7.0,0.31134737
52,132,8.0,0.33064663
52,132,9.0,0.34534904
52,132,10.0,0.3508432
52,132,11.0,0.3471361
52,132,12.0,0.3408028
52,132,13.0,0.3409453
52,132,14.0,0.35953754
52,133,0.0,0.40516755
52,133,1.0,0.48186916
52,133,2.0,0.49543574
52,133,3.0,0.501658
52,133,4.0,0.5094809
52,133,5.0,0.5194869
52,133,6.0,0.53136355
52,133,7.0,0.54267097
52,133,8.0,0.550183
52,133,9.0,0.55108553
52,133,10.0,0.54458195
52,133,11.0,0.537257
52,133,12.0,0.5365264
52,133,13.0,0.5389401
52,133,14.0,0.5456952
52,134,0.0,0.86846846
52,134,1.0,0.88635004
52,134,2.0,0.87480676
52,134,3.0,0.83271503
52,134,4.0,0.77457327
52,134,5.0,0.7340754
52,134,6.0,0.7145852
52,134,7.0,0.70246786
52,134,8.0,0.68825316
52,134,9.0,0.66672295
52,134,10.0,0.6351117
52,134,11.0,0.59936947
52,134,12.0,0.5641568
52,134,13.0,0.5378707
52,134,14.0,0.5356403
52,135,0.0,0.68942314
52,135,1.0,0.6537359
52,135,2.0,0.55789095
52,135,3.0,0.46009165
52,135,4.0,0.40137643
52,135,5.0,0.36829913
52,135,6.0,0.34840998
52,135,7.0,0.33426064
52,135,8.0,0.32122245
52,135,9.0,0.3045151
52,135,10.0,0.2813345
52,135,11.0,0.2587848
52,135,12.0,0.24216685
52,135,13.0,0.23317462
52,135,14.0,0.22974055
52,136,0.0,0.4174573
52,136,1.0,0.34663737
52,136,2.0,0.28466922
52,136,3.0,0.22281478
52,136,4.0,0.18890277
52,136,5.0,0.16672623
52,136,6.0,0.15483314
52,136,7.0,0.14789444
52,136,8.0,0.14248623
52,136,9.0,0.13538711
52,136,10.0,0.12086754
52,136,11.0,0.10351901
52,136,12.0,0.09453104
52,136,13.0,0.09074163
52,136,14.0,0.08957531
52,137,0.0,0.14137127
52,137,1.0,0.11789833
52,137,2.0,0.08762198
52,137,3.0,0.07275009
52,137,4.0,0.05571673
52,137,5.0,0.04495466
52,137,6.0,0.039205402
52,137,7.0,0.035183772
52,137,8.0,0.03187979
52,137,9.0,0.028811624
52,137,10.0,0.025592266
52,137,11.0,0.022102574
52,137,12.0,0.018902564
52,137,13.0,0.016646486
52,137,14.0,0.0153857265
52,138,0.0,0.04543783
52,138,1.0,0.034322448
52,138,2.0,0.01886353
52,138,3.0,0.012270934
52,138,4.0,0.009329531
52,138,5.0,0.00793651
52,138,6.0,0.0072075743
52,138,7.0,0.006723482
52,138,8.0,0.0063020405
52,138,9.0,0.0058089904
52,138,10.0,0.0051175263
52,138,11.0,0.004348902
52,138,12.0,0.0037614764
52,138,13.0,0.0034249912
52,138,14.0,0.003344203
52,139,0.0,0.0072416407
52,139,1.0,0.0043476913
52,139,2.0,0.00270117
52,139,3.0,0.002037548
52,139,4.0,0.0014945584
52,139,5.0,0.0011624136
52,139,6.0,0.0009517946
52,139,7.0,0.00079697237
52,139,8.0,0.0006677746
52,139,9.0,0.00054633163
52,139,10.0,0.00042504896
52,139,11.0,0.00031910674
52,139,12.0,0.00024269274
52,139,13.0,0.00019690327
52,139,14.0,0.00016946203
52,140,0.0,0.0010281085
52,140,1.0,0.00061641564
52,140,2.0,0.00025686307
52,140,3.0,0.00014712833
52,140,4.0,0.00013892118
52,140,5.0,0.00013702255
52,140,6.0,0.00014279792
52,140,7.0,0.00013994465
52,140,8.0,0.000115733856
52,140,9.0,7.792242e-05
52,140,10.0,4.4184268e-05
52,140,11.0,2.757498e-05
52,140,12.0,2.6316473e-05
52,140,13.0,3.2024873e-05
52,140,14.0,3.525007e-05
52,141,0.0,4.8254573e-05
52,141,1.0,1.6551756e-05
52,141,2.0,2.4624283e-05
52,141,3.0,1.6446166e-06
52,141,4.0,7.7502164e-11
52,141,5.0,2.1006509e-08
52,141,6.0,2.6707248e-08
52,141,7.0,2.1693378e-09
52,141,8.0,2.245415e-10
52,141,9.0,3.5206651e-10
52,141,10.0,1.269514e-09
52,141,11.0,1.9205664e-09
52,141,12.0,9.356853e-10
52,141,13.0,7.168112e-11
52,141,14.0,0.0
52,142,0.0,1.5661482e-07
52,142,1.0,2.0689025e-07
52,142,2.0,1.40034e-07
52,142,3.0,2.3744487e-07
52,142,4.0,1.9874831e-07
52,142,5.0,1.7807308e-07
52,142,6.0,1.8599246e-07
52,142,7.0,1.7114992e-07
52,142,8.0,1.4940461e-07
52,142,9.0,1.453305e-07
52,142,10.0,1.7002522e-07
52,142,11.0,2.1474537e-07
52,142,12.0,2.1745879e-07
52,142,13.0,1.7001624e-07
52,142,14.0,1.4750678e-07
52,143,0.0,2.115472e-07
52,143,1.0,1.662575e-07
52,143,2.0,1.5686837e-07
52,143,3.0,1.247011e-07
52,143,4.0,1.0435531e-07
52,143,5.0,9.902948e-08
52,143,6.0,1.05119796e-07
52,143,7.0,1.174766e-07
52,143,8.0,1.3258439e-07
52,143,9.0,1.446781e-07
52,143,10.0,1.3951781e-07
52,143,11.0,1.2665095e-07
52,143,12.0,1.2006046e-07
52,143,13.0,1.1883191e-07
52,143,14.0,1.1717583e-07
52,144,0.0,1.9699132e-07
52,144,1.0,9.16265e-08
52,144,2.0,1.268804e-07
52,144,3.0,1.7679822e-07
52,144,4.0,1.763813e-07
52,144,5.0,1.6168975e-07
52,144,6.0,1.5090406e-07
52,144,7.0,1.4407769e-07
52,144,8.0,1.3714461e-07
52,144,9.0,1.2780775e-07
52,144,10.0,1.1712148e-07
52,144,11.0,1.05879025e-07
52,144,12.0,8.907026e-08
52,144,13.0,7.9904474e-08
52,144,14.0,9.759491e-08
52,145,0.0,1.7681056e-07
52,145,1.0,2.0577944e-07
52,145,2.0,1.4201628e-07
52,145,3.0,1.1972021e-07
52,145,4.0,1.2530657e-07
52,145,5.0,1.3952857e-07
52,145,6.0,1.5067327e-07
52,145,7.0,1.5124205e-07
52,145,8.0,1.4255293e-07
52,145,9.0,1.3719516e-07
52,145,10.0,1.3774878e-07
52,145,11.0,1.4228856e-07
52,145,12.0,1.5342464e-07
52,145,13.0,1.6047342e-07
52,145,14.0,1.6940074e-07
53,122,0.0,1.3161919e-07
53,122,1.0,2.933165e-07
53,122,2.0,2.0898841e-07
53,122,3.0,1.4470817e-07
53,122,4.0,1.297706e-07
53,122,5.0,1.3471545e-07
53,122,6.0,1.4434059e-07
53,122,7.0,1.488862e-07
53,122,8.0,1.4350157e-07
53,122,9.0,1.3595866e-07
53,122,10.0,1.4329119e-07
53,122,11.0,1.6879338e-07
53,122,12.0,1.7940884e-07
53,122,13.0,1.6552062e-07
53,122,14.0,1.547546e-07
53,123,0.0,1.902799e-07
53,123,1.0,1.7415675e-07
53,123,2.0,1.3077359e-07
53,123,3.0,1.3671142e-07
53,123,4.0,1.49029e-07
53,123,5.0,1.600652e-07
53,123,6.0,1.7139732e-07
53,123,7.0,1.8989302e-07
53,123,8.0,2.0826053e-07
53,123,9.0,1.6761958e-07
53,123,10.0,5.354614e-08
53,123,11.0,7.568574e-09
53,123,12.0,3.0137433e-09
53,123,13.0,5.6873626e-09
53,123,14.0,1.1062357e-08
53,124,0.0,1.4210961e-07
53,124,1.0,1.1847525e-07
53,124,2.0,1.01775726e-07
53,124,3.0,1.14432474e-07
53,124,4.0,1.3169293e-07
53,124,5.0,1.4008793e-07
53,124,6.0,1.368704e-07
53,124,7.0,1.2154392e-07
53,124,8.0,8.460396e-08
53,124,9.0,3.280116e-08
53,124,10.0,1.024143e-08
53,124,11.0,1.7909054e-08
53,124,12.0,5.8333015e-08
53,124,13.0,1.04061456e-07
53,124,14.0,1.17388126e-07
53,125,0.0,3.0193477e-09
53,125,1.0,1.2133648e-11
53,125,2.0,2.8712404e-11
53,125,3.0,4.8421855e-10
53,125,4.0,1.134823e-09
53,125,5.0,7.208404e-10
53,125,6.0,1.3225644e-10
53,125,7.0,5.533472e-12
53,125,8.0,2.8798063e-13
53,125,9.0,5.7434842e-12
53,125,10.0,1.6740358e-10
53,125,11.0,8.4163043e-10
53,125,12.0,9.1143093e-10
53,125,13.0,1.5600342e-10
53,125,14.0,0.0
53,126,0.0,3.136237e-08
53,126,1.0,4.6745114e-09
53,126,2.0,3.5572373e-10
53,126,3.0,2.7643144e-12
53,126,4.0,2.470391e-13
53,126,5.0,8.836676e-12
53,126,6.0,1.6073701e-10
53,126,7.0,4.224323e-10
53,126,8.0,2.8279659e-14
53,126,9.0,0.0
53,126,10.0,6.692516e-09
53,126,11.0,1.4649176e-05
53,126,12.0,4.45469e-05
53,126,13.0,3.980316e-05
53,126,14.0,4.644696e-05
53,127,0.0,4.4069415e-09
53,127,1.0,5.3751376e-10
53,127,2.0,3.3036998e-13
53,127,3.0,1.0351185e-10
53,127,4.0,6.4775796e-10
53,127,5.0,6.5455024e-12
53,127,6.0,1.906891e-05
53,127,7.0,1.45565e-05
53,127,8.0,5.6673638e-05
53,127,9.0,0.00014293143
53,127,10.0,0.0001052291
53,127,11.0,0.00017351595
53,127,12.0,0.00024519354
53,127,13.0,0.000287356
53,127,14.0,0.0003708109
53,128,0.0,1.5534077e-08
53,128,1.0,1.2552448e-08
53,128,2.0,0.0
53,128,3.0,8.37001e-07
53,128,4.0,5.6270168e-05
53,128,5.0,9.631734e-05
53,128,6.0,0.00012914365
53,128,7.0,0.00025029582
53,128,8.0,0.0003621211
53,128,9.0,0.00053010194
53,128,10.0,0.00069025834
53,128,11.0,0.0009694149
53,128,12.0,0.0013312509
53,128,13.0,0.0017597495
53,128,14.0,0.0022920852
53,129,0.0,1.1888529e-10
53,129,1.0,3.7589973e-05
53,129,2.0,6.7046436e-05
53,129,3.0,0.00017440163
53,129,4.0,0.00030161504
53,129,5.0,0.00048116173
53,129,6.0,0.000670561
53,129,7.0,0.0011459372
53,129,8.0,0.0017484875
53,129,9.0,0.0024095878
53,129,10.0,0.003324212
53,129,11.0,0.0045925663
53,129,12.0,0.006015263
53,129,13.0,0.007415227
53,129,14.0,0.009059548
53,130,0.0,3.9211704e-05
53,130,1.0,0.000100459336
53,130,2.0,0.00012743562
53,130,3.0,0.00036810874
53,130,4.0,0.00072880974
53,130,5.0,0.0011838658
53,130,6.0,0.001549855
53,130,7.0,0.00184644
53,130,8.0,0.0025399842
53,130,9.0,0.0043866104
53,130,10.0,0.007125674
53,130,11.0,0.009824751
53,130,12.0,0.012109344
53,130,13.0,0.013772844
53,130,14.0,0.014729047
53,131,0.0,0.00017959304
53,131,1.0,0.0005014691
53,131,2.0,0.0013158603
53,131,3.0,0.0017055626
53,131,4.0,0.0023475867
53,131,5.0,0.0038501732
53,131,6.0,0.005329206
53,131,7.0,0.006693301
53,131,8.0,0.008467509
53,131,9.0,0.010773912
53,131,10.0,0.012426792
53,131,11.0,0.014520864
53,131,12.0,0.018534947
53,131,13.0,0.022638135
53,131,14.0,0.025539745
53,132,0.0,0.0016167423
53,132,1.0,0.002920978
53,132,2.0,0.0038434265
53,132,3.0,0.0054838792
53,132,4.0,0.008285081
53,132,5.0,0.010970287
53,132,6.0,0.012761571
53,132,7.0,0.016620668
53,132,8.0,0.022006331
53,132,9.0,0.027208842
53,132,10.0,0.03218972
53,132,11.0,0.035806514
53,132,12.0,0.038390286
53,132,13.0,0.041990995
53,132,14.0,0.04696967
53,133,0.0,0.011504764
53,133,1.0,0.020253178
53,133,2.0,0.027683763
53,133,3.0,0.033762753
53,133,4.0,0.04154182
53,133,5.0,0.05141588
53,133,6.0,0.060580228
53,133,7.0,0.06680137
53,133,8.0,0.07460347
53,133,9.0,0.08714086
53,133,10.0,0.09962033
53,133,11.0,0.10752466
53,133,12.0,0.11206634
53,133,13.0,0.11581091
53,133,14.0,0.11930977
53,134,0.0,0.07353582
53,134,1.0,0.100104176
53,134,2.0,0.1247365
53,134,3.0,0.13696826
53,134,4.0,0.15501377
53,134,5.0,0.18362612
53,134,6.0,0.20360234
53,134,7.0,0.21710996
53,134,8.0,0.23359509
53,134,9.0,0.2496469
53,134,10.0,0.26114196
53,134,11.0,0.2673396
53,134,12.0,0.27070174
53,134,13.0,0.2773384
53,134,14.0,0.29640225
53,135,0.0,0.27558437
53,135,1.0,0.34128436
53,135,2.0,0.42691013
53,135,3.0,0.48504212
53,135,4.0,0.5166645
53,135,5.0,0.5345517
53,135,6.0,0.5433397
53,135,7.0,0.54535043
53,135,8.0,0.54433227
53,135,9.0,0.54429996
53,135,10.0,0.5488707
53,135,11.0,0.5564865
53,135,12.0,0.5547855
53,135,13.0,0.5468008
53,135,14.0,0.54387945
53,136,0.0,0.48897618
53,136,1.0,0.5086288
53,136,2.0,0.5386156
53,136,3.0,0.5590862
53,136,4.0,0.5702433
53,136,5.0,0.57355917
53,136,6.0,0.56714714
53,136,7.0,0.55023265
53,136,8.0,0.5277165
53,136,9.0,0.50568604
53,136,10.0,0.48645127
53,136,11.0,0.46669075
53,136,12.0,0.4445312
53,136,13.0,0.42876974
53,136,14.0,0.42755723
53,137,0.0,0.5194411
53,137,1.0,0.5658071
53,137,2.0,0.5884905
53,137,3.0,0.55868334
53,137,4.0,0.5070949
53,137,5.0,0.46429804
53,137,6.0,0.43460643
53,137,7.0,0.41155407
53,137,8.0,0.39122877
53,137,9.0,0.3698657
53,137,10.0,0.34362474
53,137,11.0,0.31323898
53,137,12.0,0.28708658
53,137,13.0,0.2733356
53,137,14.0,0.27117017
53,138,0.0,0.34480697
53,138,1.0,0.29496098
53,138,2.0,0.25055736
53,138,3.0,0.21257077
53,138,4.0,0.18601713
53,138,5.0,0.16875242
53,138,6.0,0.15787089
53,138,7.0,0.15091194
53,138,8.0,0.14534625
53,138,9.0,0.13530315
53,138,10.0,0.11868851
53,138,11.0,0.1053914
53,138,12.0,0.100480296
53,138,13.0,0.099271625
53,138,14.0,0.09897456
53,139,0.0,0.14227049
53,139,1.0,0.13115537
53,139,2.0,0.12128247
53,139,3.0,0.111368366
53,139,4.0,0.09654658
53,139,5.0,0.08506816
53,139,6.0,0.07800053
53,139,7.0,0.073129624
53,139,8.0,0.068853185
53,139,9.0,0.06420807
53,139,10.0,0.05856911
53,139,11.0,0.051859654
53,139,12.0,0.04473015
53,139,13.0,0.03903693
53,139,14.0,0.03595491
53,140,0.0,0.06792732
53,140,1.0,0.055209406
53,140,2.0,0.04508422
53,140,3.0,0.03609875
53,140,4.0,0.029260065
53,140,5.0,0.024725722
53,140,6.0,0.021791298
53,140,7.0,0.019680554
53,140,8.0,0.017814172
53,140,9.0,0.015866736
53,140,10.0,0.01374213
53,140,11.0,0.011673567
53,140,12.0,0.009931534
53,140,13.0,0.008680409
53,140,14.0,0.007871225
53,141,0.0,0.0151794
53,141,1.0,0.010380009
53,141,2.0,0.00719966
53,141,3.0,0.0053862575
53,141,4.0,0.0039882404
53,141,5.0,0.0031398581
53,141,6.0,0.0026916845
53,141,7.0,0.002441777
53,141,8.0,0.0022671483
53,141,9.0,0.0020855663
53,141,10.0,0.0018367618
53,141,11.0,0.0015482042
53,141,12.0,0.0012978185
53,141,13.0,0.0011150829
53,141,14.0,0.0009711355
53,142,0.0,0.0017842319
53,142,1.0,0.0013839409
53,142,2.0,0.0009941441
53,142,3.0,0.0006897234
53,142,4.0,0.00052221905
53,142,5.0,0.00040734798
53,142,6.0,0.00031909905
53,142,7.0,0.000252308
53,142,8.0,0.00020333956
53,142,9.0,0.0001664736
53,142,10.0,0.00013579207
53,142,11.0,0.00011149939
53,142,12.0,9.243373e-05
53,142,13.0,7.8720564e-05
53,142,14.0,6.774201e-05
53,143,0.0,0.00018324837
53,143,1.0,0.00012713541
53,143,2.0,0.00010665313
53,143,3.0,5.961319e-05
53,143,4.0,3.9278984e-05
53,143,5.0,3.199218e-05
53,143,6.0,2.8054668e-05
53,143,7.0,2.4766627e-05
53,143,8.0,2.0331676e-05
53,143,9.0,1.9650584e-05
53,143,10.0,3.5054327e-05
53,143,11.0,5.1001658e-05
53,143,12.0,1.8465273e-05
53,143,13.0,1.6855386e-06
53,143,14.0,1.3812593e-07
53,144,0.0,1.725305e-08
53,144,1.0,2.7289252e-07
53,144,2.0,1.8006078e-07
53,144,3.0,2.1187311e-07
53,144,4.0,1.7560181e-07
53,144,5.0,1.1062922e-07
53,144,6.0,8.402032e-08
53,144,7.0,6.675317e-08
53,144,8.0,5.8255644e-08
53,144,9.0,7.277813e-08
53,144,10.0,1.05695825e-07
53,144,11.0,1.2644338e-07
53,144,12.0,1.1718263e-07
53,144,13.0,9.878348e-08
53,144,14.0,9.445812e-08
53,145,0.0,1.7751519e-07
53,145,1.0,2.2979225e-07
53,145,2.0,1.5873145e-07
53,145,3.0,1.4162207e-07
53,145,4.0,1.3262954e-07
53,145,5.0,1.3968398e-07
53,145,6.0,1.5984828e-07
53,145,7.0,1.6219883e-07
53,145,8.0,1.3744645e-07
53,145,9.0,1.1084958e-07
53,145,10.0,1.006225e-07
53,145,11.0,1.0562561e-07
53,145,12.0,1.15546456e-07
53,145,13.0,1.2135624e-07
53,145,14.0,1.1744522e-07
53,146,0.0,1.3400894e-07
53,146,1.0,1.4036999e-07
53,146,2.0,2.0427306e-07
53,146,3.0,2.0886144e-07
53,146,4.0,1.7839882e-07
53,146,5.0,1.5104558e-07
53,146,6.0,1.340461e-07
53,146,7.0,1.2870535e-07
53,146,8.0,1.3722321e-07
53,146,9.0,1.5364932e-07
53,146,10.0,1.4277784e-07
53,146,11.0,1.1134177e-07
53,146,12.0,1.1201176e-07
53,146,13.0,1.3473473e-07
53,146,14.0,1.4874665e-07
53,147,0.0,1.433566e-07
53,147,1.0,1.2072346e-07
53,147,2.0,1.1505118e-07
53,147,3.0,1.3469449e-07
53,147,4.0,1.545761e-07
53,147,5.0,1.6546878e-07
53,147,6.0,1.6881522e-07
53,147,7.0,1.6459616e-07
53,147,8.0,1.5445346e-07
53,147,9.0,1.4539086e-07
53,147,10.0,1.4984083e-07
53,147,11.0,1.5981017e-07
53,147,12.0,1.537326e-07
53,147,13.0,1.4800764e-07
53,147,14.0,1.5251364e-07
53,148,0.0,1.5505105e-07
53,148,1.0,1.4744263e-07
53,148,2.0,1.174059e-07
53,148,3.0,1.1715771e-07
53,148,4.0,1.2256797e-07
53,148,5.0,1.337207e-07
53,148,6.0,1.4975414e-07
53,148,7.0,1.7213003e-07
53,148,8.0,2.0089571e-07
53,148,9.0,2.2143767e-07
53,148,10.0,2.0512199e-07
53,148,11.0,1.7997847e-07
53,148,12.0,1.7267568e-07
53,148,13.0,1.518005e-07
53,148,14.0,1.355346e-07
54,125,0.0,7.43626e-08
54,125,1.0,6.42502e-08
54,125,2.0,5.968859e-08
54,125,3.0,7.481537e-08
54,125,4.0,1.2929688e-07
54,125,5.0,2.054813e-07
54,125,6.0,2.3487542e-07
54,125,7.0,2.469065e-07
54,125,8.0,3.14001e-07
54,125,9.0,4.0518464e-07
54,125,10.0,4.2508194e-07
54,125,11.0,3.723024e-07
54,125,12.0,2.7570584e-07
54,125,13.0,1.9233595e-07
54,125,14.0,1.5266089e-07
54,126,0.0,1.331348e-07
54,126,1.0,7.626345e-08
54,126,2.0,2.4789497e-07
54,126,3.0,1.2932087e-07
54,126,4.0,1.6932461e-07
54,126,5.0,2.0042837e-07
54,126,6.0,1.7320139e-07
54,126,7.0,1.4792265e-07
54,126,8.0,1.3850897e-07
54,126,9.0,1.3999474e-07
54,126,10.0,1.5207435e-07
54,126,11.0,1.539317e-07
54,126,12.0,1.0920258e-07
54,126,13.0,2.2620573e-07
54,126,14.0,2.8590168e-07
54,127,0.0,1.11935506e-07
54,127,1.0,4.2559319e-07
54,127,2.0,4.572207e-07
54,127,3.0,3.1559003e-07
54,127,4.0,2.3666492e-07
54,127,5.0,2.0930027e-07
54,127,6.0,2.1971475e-07
54,127,7.0,2.624167e-07
54,127,8.0,3.2843124e-07
54,127,9.0,3.6470095e-07
54,127,10.0,2.4649808e-07
54,127,11.0,1.1784391e-07
54,127,12.0,8.6030084e-08
54,127,13.0,4.536759e-08
54,127,14.0,2.1458574e-08
54,128,0.0,2.0497639e-13
54,128,1.0,4.9657096e-09
54,128,2.0,7.417245e-11
54,128,3.0,0.0
54,128,4.0,0.0
54,128,5.0,4.4040212e-11
54,128,6.0,7.020547e-10
54,128,7.0,1.1897268e-09
54,128,8.0,3.7188347e-10
54,128,9.0,2.757202e-11
54,128,10.0,3.3336999e-12
54,128,11.0,1.3063673e-11
54,128,12.0,1.7828398e-11
54,128,13.0,3.3706897e-08
54,128,14.0,4.6705987e-05
54,129,0.0,0.0
54,129,1.0,3.0841486e-11
54,129,2.0,4.066663e-09
54,129,3.0,5.0362825e-09
54,129,4.0,4.4348059e-10
54,129,5.0,0.0
54,129,6.0,1.4522298e-09
54,129,7.0,2.4838996e-06
54,129,8.0,2.9464496e-05
54,129,9.0,5.237778e-05
54,129,10.0,9.665598e-05
54,129,11.0,0.00013617915
54,129,12.0,0.000101377795
54,129,13.0,0.000101147954
54,129,14.0,0.00018240082
54,130,0.0,0.0
54,130,1.0,7.59255e-07
54,130,2.0,1.3231033e-05
54,130,3.0,1.9667514e-05
54,130,4.0,4.123096e-05
54,130,5.0,5.6772376e-05
54,130,6.0,6.0186427e-05
54,130,7.0,0.000111891415
54,130,8.0,0.00016255317
54,130,9.0,0.0001923125
54,130,10.0,0.00027012246
54,130,11.0,0.0004459237
54,130,12.0,0.00065762654
54,130,13.0,0.0009074362
54,130,14.0,0.0012502492
54,131,0.0,1.7106723e-08
54,131,1.0,2.8263496e-05
54,131,2.0,5.4461594e-05
54,131,3.0,5.780248e-05
54,131,4.0,0.00010288554
54,131,5.0,0.00016395982
54,131,6.0,0.000253238
54,131,7.0,0.00042141232
54,131,8.0,0.0006196562
54,131,9.0,0.0008896315
54,131,10.0,0.0012120343
54,131,11.0,0.0015803172
54,131,12.0,0.0020454833
54,131,13.0,0.0025941327
54,131,14.0,0.003417935
54,132,0.0,1.1774183e-08
54,132,1.0,8.276289e-05
54,132,2.0,0.00012794428
54,132,3.0,0.00020537074
54,132,4.0,0.00043375915
54,132,5.0,0.00055811176
54,132,6.0,0.000721919
54,132,7.0,0.0010629433
54,132,8.0,0.001743903
54,132,9.0,0.0028448664
54,132,10.0,0.0040698703
54,132,11.0,0.005405303
54,132,12.0,0.0066381986
54,132,13.0,0.007467163
54,132,14.0,0.008168109
54,133,0.0,0.00015256871
54,133,1.0,0.0003235024
54,133,2.0,0.00049023924
54,133,3.0,0.0005331696
54,133,4.0,0.0007502671
54,133,5.0,0.0011881627
54,133,6.0,0.0017974292
54,133,7.0,0.0028292642
54,133,8.0,0.0044606463
54,133,9.0,0.0066343877
54,133,10.0,0.009270928
54,133,11.0,0.011984434
54,133,12.0,0.014487697
54,133,13.0,0.016247293
54,133,14.0,0.016687393
54,134,0.0,0.0016983016
54,134,1.0,0.0025068857
54,134,2.0,0.003359594
54,134,3.0,0.004968394
54,134,4.0,0.007624175
54,134,5.0,0.010787508
54,134,6.0,0.014203361
54,134,7.0,0.017158587
54,134,8.0,0.019015841
54,134,9.0,0.022379838
54,134,10.0,0.027267428
54,134,11.0,0.03148375
54,134,12.0,0.03454105
54,134,13.0,0.037679102
54,134,14.0,0.0426734
54,135,0.0,0.016851505
54,135,1.0,0.01851627
54,135,2.0,0.023758346
54,135,3.0,0.02876591
54,135,4.0,0.03687233
54,135,5.0,0.04538934
54,135,6.0,0.0550026
54,135,7.0,0.06260157
54,135,8.0,0.07226095
54,135,9.0,0.08217752
54,135,10.0,0.09063151
54,135,11.0,0.10073891
54,135,12.0,0.11345727
54,135,13.0,0.11747743
54,135,14.0,0.11928939
54,136,0.0,0.11646761
54,136,1.0,0.14022571
54,136,2.0,0.16608801
54,136,3.0,0.1885192
54,136,4.0,0.20865653
54,136,5.0,0.22892956
54,136,6.0,0.25014204
54,136,7.0,0.2712985
54,136,8.0,0.2906013
54,136,9.0,0.30542526
54,136,10.0,0.3144198
54,136,11.0,0.31977242
54,136,12.0,0.32540095
54,136,13.0,0.33406132
54,136,14.0,0.34751257
54,137,0.0,0.2997232
54,137,1.0,0.30553693
54,137,2.0,0.33406594
54,137,3.0,0.36600912
54,137,4.0,0.39503103
54,137,5.0,0.42261896
54,137,6.0,0.44536093
54,137,7.0,0.45788175
54,137,8.0,0.4613073
54,137,9.0,0.46072596
54,137,10.0,0.4612299
54,137,11.0,0.45650497
54,137,12.0,0.45759568
54,137,13.0,0.47354618
54,137,14.0,0.48826277
54,138,0.0,0.5968587
54,138,1.0,0.61007965
54,138,2.0,0.61913115
54,138,3.0,0.62839776
54,138,4.0,0.6309497
54,138,5.0,0.6278508
54,138,6.0,0.6223047
54,138,7.0,0.6155996
54,138,8.0,0.60552466
54,138,9.0,0.5911214
54,138,10.0,0.5762809
54,138,11.0,0.5617265
54,138,12.0,0.545257
54,138,13.0,0.5318976
54,138,14.0,0.52645934
54,139,0.0,0.6984861
54,139,1.0,0.63099355
54,139,2.0,0.5397936
54,139,3.0,0.5029067
54,139,4.0,0.490946
54,139,5.0,0.48379648
54,139,6.0,0.47821695
54,139,7.0,0.47283694
54,139,8.0,0.4645762
54,139,9.0,0.44825402
54,139,10.0,0.41784006
54,139,11.0,0.38261706
54,139,12.0,0.36363623
54,139,13.0,0.35695568
54,139,14.0,0.3545435
54,140,0.0,0.6343525
54,140,1.0,0.55509084
54,140,2.0,0.4755416
54,140,3.0,0.4104612
54,140,4.0,0.37105966
54,140,5.0,0.3502636
54,140,6.0,0.339577
54,140,7.0,0.3302848
54,140,8.0,0.3150664
54,140,9.0,0.2921355
54,140,10.0,0.26412812
54,140,11.0,0.23728709
54,140,12.0,0.21545702
54,140,13.0,0.20082557
54,140,14.0,0.19519535
54,141,0.0,0.39581499
54,141,1.0,0.2735585
54,141,2.0,0.19801998
54,141,3.0,0.1574004
54,141,4.0,0.14028828
54,141,5.0,0.12553504
54,141,6.0,0.11288981
54,141,7.0,0.106358655
54,141,8.0,0.102137305
54,141,9.0,0.096719645
54,141,10.0,0.08912089
54,141,11.0,0.08100806
54,141,12.0,0.07406306
54,141,13.0,0.068215445
54,141,14.0,0.0634015
54,142,0.0,0.15021044
54,142,1.0,0.10790889
54,142,2.0,0.08188575
54,142,3.0,0.06789624
54,142,4.0,0.05460608
54,142,5.0,0.04641885
54,142,6.0,0.042634778
54,142,7.0,0.039917566
54,142,8.0,0.03672691
54,142,9.0,0.032464013
54,142,10.0,0.027320726
54,142,11.0,0.02252651
54,142,12.0,0.019041536
54,142,13.0,0.016863707
54,142,14.0,0.015812596
54,143,0.0,0.043773744
54,143,1.0,0.03082818
54,143,2.0,0.0184493
54,143,3.0,0.0124877775
54,143,4.0,0.009321103
54,143,5.0,0.007471809
54,143,6.0,0.006458016
54,143,7.0,0.0058303205
54,143,8.0,0.0053382716
54,143,9.0,0.00484963
54,143,10.0,0.004305125
54,143,11.0,0.0037263741
54,143,12.0,0.003158925
54,143,13.0,0.0027084516
54,143,14.0,0.0024309175
54,144,0.0,0.009386675
54,144,1.0,0.0054397723
54,144,2.0,0.0031324693
54,144,3.0,0.0019324991
54,144,4.0,0.001419242
54,144,5.0,0.0011650432
54,144,6.0,0.0010150727
54,144,7.0,0.0009073415
54,144,8.0,0.0008132372
54,144,9.0,0.00072002003
54,144,10.0,0.000594387
54,144,11.0,0.0004309576
54,144,12.0,0.00043076972
54,144,13.0,0.00043414228
54,144,14.0,0.0002943824
54,145,0.0,0.00075095205
54,145,1.0,0.0005469596
54,145,2.0,0.00033832274
54,145,3.0,0.00019502938
54,145,4.0,0.00013893704
54,145,5.0,0.00012083381
54,145,6.0,0.0001107535
54,145,7.0,0.00010591211
54,145,8.0,0.00010895666
54,145,9.0,0.000121116835
54,145,10.0,0.00012376918
54,145,11.0,8.789456e-05
54,145,12.0,4.4263234e-05
54,145,13.0,2.5197634e-05
54,145,14.0,1.9316503e-05
54,146,0.0,0.0001416967
54,146,1.0,3.930873e-05
54,146,2.0,1.9256042e-05
54,146,3.0,4.6737028e-09
54,146,4.0,1.4597612e-12
54,146,5.0,2.1634788e-10
54,146,6.0,6.895243e-08
54,146,7.0,4.8225434e-07
54,146,8.0,7.536213e-07
54,146,9.0,5.327335e-07
54,146,10.0,1.6538908e-07
54,146,11.0,2.4199082e-08
54,146,12.0,2.3704827e-08
54,146,13.0,3.5777597e-07
54,146,14.0,6.602302e-06
54,147,0.0,1.4377864e-07
54,147,1.0,2.599747e-07
54,147,2.0,2.5695203e-07
54,147,3.0,1.9918855e-07
54,147,4.0,1.5197706e-07
54,147,5.0,1.18366046e-07
54,147,6.0,1.0526149e-07
54,147,7.0,1.0979674e-07
54,147,8.0,1.2062736e-07
54,147,9.0,1.3023377e-07
54,147,10.0,1.4026757e-07
54,147,11.0,1.4232306e-07
54,147,12.0,1.294213e-07
54,147,13.0,1.14167925e-07
54,147,14.0,1.09175375e-07
54,148,0.0,1.4644104e-07
54,148,1.0,2.143069e-07
54,148,2.0,1.5187203e-07
54,148,3.0,2.250506e-07
54,148,4.0,1.696562e-07
54,148,5.0,1.1552965e-07
54,148,6.0,1.2049124e-07
54,148,7.0,1.4270604e-07
54,148,8.0,1.4801483e-07
54,148,9.0,1.531499e-07
54,148,10.0,1.7849094e-07
54,148,11.0,2.0842909e-07
54,148,12.0,1.8555883e-07
54,148,13.0,1.7603169e-07
54,148,14.0,1.8131917e-07
54,149,0.0,1.8546719e-07
54,149,1.0,1.6189604e-07
54,149,2.0,1.5665987e-07
54,149,3.0,1.6311948e-07
54,149,4.0,1.6823665e-07
54,149,5.0,1.7071298e-07
54,149,6.0,1.6776035e-07
54,149,7.0,1.5293406e-07
54,149,8.0,1.3067606e-07
54,149,9.0,1.1525909e-07
54,149,10.0,1.2147488e-07
54,149,11.0,1.3427884e-07
54,149,12.0,1.2871426e-07
54,149,13.0,1.1014985e-07
54,149,14.0,1.05682545e-07
54,150,0.0,1.13667866e-07
54,150,1.0,2.0735841e-07
54,150,2.0,1.2317155e-07
54,150,3.0,1.0931649e-07
54,150,4.0,1.2644418e-07
54,150,5.0,1.4559689e-07
54,150,6.0,1.608532e-07
54,150,7.0,1.6977383e-07
54,150,8.0,1.6916594e-07
54,150,9.0,1.575262e-07
54,150,10.0,1.3791764e-07
54,150,11.0,1.19148865e-07
54,150,12.0,1.18186996e-07
54,150,13.0,1.4523647e-07
54,150,14.0,1.7582023e-07
55,128,0.0,1.1132324e-07
55,128,1.0,6.245918e-08
55,128,2.0,1.5451477e-07
55,128,3.0,4.7131647e-07
55,128,4.0,8.0730143e-07
55,128,5.0,8.1556175e-07
55,128,6.0,5.7981896e-07
55,128,7.0,3.3322382e-07
55,128,8.0,1.7232152e-07
55,128,9.0,8.3568246e-08
55,128,10.0,3.7040063e-08
55,128,11.0,2.504574e-08
55,128,12.0,3.3190627e-08
55,128,13.0,4.7621825e-08
55,128,14.0,6.5135836e-08
55,129,0.0,1.8138518e-07
55,129,1.0,3.985981e-08
55,129,2.0,1.7035035e-07
55,129,3.0,1.93098e-07
55,129,4.0,7.910385e-08
55,129,5.0,3.747884e-08
55,129,6.0,4.624791e-08
55,129,7.0,6.842212e-08
55,129,8.0,5.418343e-08
55,129,9.0,2.762232e-08
55,129,10.0,3.0690206e-08
55,129,11.0,9.6980266e-08
55,129,12.0,2.3938833e-07
55,129,13.0,2.8592822e-07
55,129,14.0,2.1658379e-07
55,130,0.0,3.925956e-09
55,130,1.0,2.5443283e-09
55,130,2.0,1.869177e-11
55,130,3.0,3.157177e-12
55,130,4.0,1.2398478e-10
55,130,5.0,1.606982e-09
55,130,6.0,5.5436487e-09
55,130,7.0,5.127982e-09
55,130,8.0,8.272041e-10
55,130,9.0,2.6741739e-11
55,130,10.0,1.6697126e-10
55,130,11.0,3.45584e-09
55,130,12.0,8.17586e-09
55,130,13.0,2.7616067e-09
55,130,14.0,4.648641e-10
55,131,0.0,5.0170125e-11
55,131,1.0,9.368125e-11
55,131,2.0,6.068193e-11
55,131,3.0,3.6370525e-12
55,131,4.0,0.0
55,131,5.0,9.760424e-18
55,131,6.0,1.12234545e-11
55,131,7.0,1.6178354e-10
55,131,8.0,2.3279512e-10
55,131,9.0,1.5126458e-10
55,131,10.0,1.7175898e-10
55,131,11.0,5.621951e-12
55,131,12.0,0.0
55,131,13.0,0.0
55,131,14.0,0.0
55,132,0.0,2.4351376e-09
55,132,1.0,3.80554e-09
55,132,2.0,3.7108155e-10
55,132,3.0,0.0
55,132,4.0,0.0
55,132,5.0,0.0
55,132,6.0,6.769803e-12
55,132,7.0,2.6734233e-09
55,132,8.0,2.3883421e-08
55,132,9.0,2.9498883e-09
55,132,10.0,0.0
55,132,11.0,1.6306958e-08
55,132,12.0,1.4333621e-05
55,132,13.0,6.0405502e-05
55,132,14.0,4.3011903e-05
55,133,0.0,4.327898e-10
55,133,1.0,4.763546e-10
55,133,2.0,4.6537152e-10
55,133,3.0,8.497771e-11
55,133,4.0,7.042522e-14
55,133,5.0,8.3106584e-11
55,133,6.0,4.0144734e-08
55,133,7.0,5.4078093e-08
55,133,8.0,5.0792103e-11
55,133,9.0,1.0936999e-05
55,133,10.0,4.380013e-05
55,133,11.0,3.6843903e-05
55,133,12.0,6.6952e-05
55,133,13.0,0.00010803791
55,133,14.0,8.782757e-05
55,134,0.0,0.0
55,134,1.0,7.836759e-12
55,134,2.0,1.2860388e-12
55,134,3.0,3.9519762e-11
55,134,4.0,4.7953745e-06
55,134,5.0,4.374992e-06
55,134,6.0,8.018914e-05
55,134,7.0,0.00010748871
55,134,8.0,6.794572e-05
55,134,9.0,0.00013629028
55,134,10.0,0.00023209977
55,134,11.0,0.00030965204
55,134,12.0,0.00046790406
55,134,13.0,0.00057996524
55,134,14.0,0.000778233
55,135,0.0,7.326185e-06
55,135,1.0,5.4634187e-05
55,135,2.0,9.285252e-05
55,135,3.0,0.00012688198
55,135,4.0,0.00017555401
55,135,5.0,0.00029435763
55,135,6.0,0.00048795997
55,135,7.0,0.00072387984
55,135,8.0,0.0009000473
55,135,9.0,0.0011558192
55,135,10.0,0.0015932018
55,135,11.0,0.0021888257
55,135,12.0,0.002781471
55,135,13.0,0.003255733
55,135,14.0,0.003658338
55,136,0.0,0.00018960242
55,136,1.0,0.00054856064
55,136,2.0,0.0010139458
55,136,3.0,0.0017070298
55,136,4.0,0.0023035565
55,136,5.0,0.0027730311
55,136,6.0,0.003509279
55,136,7.0,0.0049123922
55,136,8.0,0.0063432567
55,136,9.0,0.008123084
55,136,10.0,0.009989908
55,136,11.0,0.0114299385
55,136,12.0,0.012581599
55,136,13.0,0.013913735
55,136,14.0,0.01620547
55,137,0.0,0.005836382
55,137,1.0,0.008351677
55,137,2.0,0.009938162
55,137,3.0,0.012511401
55,137,4.0,0.01699709
55,137,5.0,0.022879679
55,137,6.0,0.02895108
55,137,7.0,0.03353487
55,137,8.0,0.039052196
55,137,9.0,0.04596494
55,137,10.0,0.05195931
55,137,11.0,0.056783825
55,137,12.0,0.06178475
55,137,13.0,0.06838978
55,137,14.0,0.076784864
55,138,0.0,0.029803574
55,138,1.0,0.03551825
55,138,2.0,0.044699654
55,138,3.0,0.058483984
55,138,4.0,0.06891615
55,138,5.0,0.08421163
55,138,6.0,0.10348164
55,138,7.0,0.1170049
55,138,8.0,0.12417339
55,138,9.0,0.12972109
55,138,10.0,0.13490754
55,138,11.0,0.14008012
55,138,12.0,0.14789796
55,138,13.0,0.16151899
55,138,14.0,0.18675174
55,139,0.0,0.119244486
55,139,1.0,0.13642862
55,139,2.0,0.16173401
55,139,3.0,0.19284096
55,139,4.0,0.21386798
55,139,5.0,0.23054226
55,139,6.0,0.25309205
55,139,7.0,0.27265146
55,139,8.0,0.2855671
55,139,9.0,0.29182944
55,139,10.0,0.29395494
55,139,11.0,0.2959095
55,139,12.0,0.297968
55,139,13.0,0.30288583
55,139,14.0,0.3178517
55,140,0.0,0.25312334
55,140,1.0,0.24552442
55,140,2.0,0.26471788
55,140,3.0,0.30575413
55,140,4.0,0.33856803
55,140,5.0,0.35897684
55,140,6.0,0.37171367
55,140,7.0,0.37986606
55,140,8.0,0.384307
55,140,9.0,0.38472867
55,140,10.0,0.3806211
55,140,11.0,0.37719467
55,140,12.0,0.3730288
55,140,13.0,0.36965904
55,140,14.0,0.37860304
55,141,0.0,0.39454558
55,141,1.0,0.43536472
55,141,2.0,0.46608874
55,141,3.0,0.45812997
55,141,4.0,0.4578077
55,141,5.0,0.4595418
55,141,6.0,0.4581143
55,141,7.0,0.4531273
55,141,8.0,0.44411936
55,141,9.0,0.4285338
55,141,10.0,0.4043144
55,141,11.0,0.37818435
55,141,12.0,0.35739982
55,141,13.0,0.34534627
55,141,14.0,0.34727308
55,142,0.0,0.4479495
55,142,1.0,0.4163329
55,142,2.0,0.37208948
55,142,3.0,0.35722706
55,142,4.0,0.34980205
55,142,5.0,0.3424123
55,142,6.0,0.3338131
55,142,7.0,0.32255003
55,142,8.0,0.30624673
55,142,9.0,0.28209344
55,142,10.0,0.2502333
55,142,11.0,0.22766636
55,142,12.0,0.22277117
55,142,13.0,0.22154896
55,142,14.0,0.22427571
55,143,0.0,0.2966042
55,143,1.0,0.2733396
55,143,2.0,0.24904285
55,143,3.0,0.22363396
55,143,4.0,0.20218612
55,143,5.0,0.1891307
55,143,6.0,0.18280381
55,143,7.0,0.17864153
55,143,8.0,0.1720318
55,143,9.0,0.15486997
55,143,10.0,0.1277507
55,143,11.0,0.10972079
55,143,12.0,0.09999946
55,143,13.0,0.09319751
55,143,14.0,0.08981173
55,144,0.0,0.15461375
55,144,1.0,0.12902112
55,144,2.0,0.09462382
55,144,3.0,0.07475742
55,144,4.0,0.06470303
55,144,5.0,0.057688303
55,144,6.0,0.05241972
55,144,7.0,0.048209153
55,144,8.0,0.044309802
55,144,9.0,0.040479667
55,144,10.0,0.036740053
55,144,11.0,0.03322353
55,144,12.0,0.02955281
55,144,13.0,0.026095355
55,144,14.0,0.023708653
55,145,0.0,0.046232034
55,145,1.0,0.035832945
55,145,2.0,0.02718138
55,145,3.0,0.019998675
55,145,4.0,0.015863774
55,145,5.0,0.013547896
55,145,6.0,0.012162111
55,145,7.0,0.011192169
55,145,8.0,0.010322425
55,145,9.0,0.009362092
55,145,10.0,0.008244403
55,145,11.0,0.0071016336
55,145,12.0,0.006072533
55,145,13.0,0.0052916147
55,145,14.0,0.004785332
55,146,0.0,0.0095035
55,146,1.0,0.007298552
55,146,2.0,0.005196605
55,146,3.0,0.0036894262
55,146,4.0,0.0027737329
55,146,5.0,0.0021660875
55,146,6.0,0.0017470695
55,146,7.0,0.0014518889
55,146,8.0,0.0012292484
55,146,9.0,0.0010461607
55,146,10.0,0.0008886926
55,146,11.0,0.00078679784
55,146,12.0,0.0007545132
55,146,13.0,0.00072223274
55,146,14.0,0.00067743217
55,147,0.0,0.0014222163
55,147,1.0,0.0007950939
55,147,2.0,0.00056146533
55,147,3.0,0.00043386736
55,147,4.0,0.00028412565
55,147,5.0,0.00019000082
55,147,6.0,0.000146353
55,147,7.0,0.00012955347
55,147,8.0,0.0001266293
55,147,9.0,0.00013355522
55,147,10.0,0.000139627
55,147,11.0,0.00012640106
55,147,12.0,0.000105936386
55,147,13.0,9.074514e-05
55,147,14.0,7.852886e-05
55,148,0.0,0.000112613554
55,148,1.0,3.4901117e-05
55,148,2.0,3.977912e-05
55,148,3.0,2.1374193e-05
55,148,4.0,7.3141478e-06
55,148,5.0,3.4221994e-06
55,148,6.0,1.8896549e-06
55,148,7.0,1.0258324e-06
55,148,8.0,4.5788448e-07
55,148,9.0,1.2679827e-07
55,148,10.0,1.5443625e-08
55,148,11.0,2.8333904e-09
55,148,12.0,2.3608955e-09
55,148,13.0,1.582016e-09
55,148,14.0,2.158672e-09
55,149,0.0,4.517446e-08
55,149,1.0,1.7048183e-07
55,149,2.0,1.7247987e-07
55,149,3.0,1.8474006e-07
55,149,4.0,1.9263229e-07
55,149,5.0,1.8476025e-07
55,149,6.0,1.7102857e-07
55,149,7.0,1.6681913e-07
55,149,8.0,1.8460572e-07
55,149,9.0,1.9712735e-07
55,149,10.0,1.6035015e-07
55,149,11.0,1.2325935e-07
55,149,12.0,1.0801512e-07
55,149,13.0,1.0481704e-07
55,149,14.0,1.1104307e-07
55,150,0.0,1.5256056e-07
55,150,1.0,1.4489179e-07
55,150,2.0,1.5666691e-07
55,150,3.0,1.648013e-07
55,150,4.0,1.6795212e-07
55,150,5.0,1.653925e-07
55,150,6.0,1.553988e-07
55,150,7.0,1.410967e-07
55,150,8.0,1.2654132e-07
55,150,9.0,1.15453474e-07
55,150,10.0,1.16135546e-07
55,150,11.0,1.3633803e-07
55,150,12.0,1.6436444e-07
55,150,13.0,1.7413795e-07
55,150,14.0,1.709048e-07
55,151,0.0,1.3348786e-07
55,151,1.0,1.3245482e-07
55,151,2.0,1.6994937e-07
55,151,3.0,1.9741971e-07
55,151,4.0,1.840797e-07
55,151,5.0,1.6670059e-07
55,151,6.0,1.5548558e-07
55,151,7.0,1.4712761e-07
55,151,8.0,1.3807724e-07
55,151,9.0,1.2953237e-07
55,151,10.0,1.3366777e-07
55,151,11.0,1.483394e-07
55,151,12.0,1.408231e-07
55,151,13.0,1.3074326e-07
55,151,14.0,1.4274588e-07
55,152,0.0,1.7354473e-07
55,152,1.0,1.6740242e-07
55,152,2.0,1.6535634e-07
55,152,3.0,1.6809261e-07
55,152,4.0,1.7201924e-07
55,152,5.0,1.7395612e-07
55,152,6.0,1.7312144e-07
55,152,7.0,1.7017449e-07
55,152,8.0,1.6563168e-07
55,152,9.0,1.5888651e-07
55,152,10.0,1.5321544e-07
55,152,11.0,1.7206305e-07
55,152,12.0,2.0486188e-07
55,152,13.0,2.1534595e-07
55,152,14.0,2.0821578e-07
56,131,0.0,7.764479e-08
56,131,1.0,8.109694e-10
56,131,2.0,1.6428746e-08
56,131,3.0,5.7892187e-08
56,131,4.0,8.246083e-08
56,131,5.0,9.762816e-08
56,131,6.0,1.09003636e-07
56,131,7.0,1.0309718e-07
56,131,8.0,8.276609e-08
56,131,9.0,6.1310914e-08
56,131,10.0,4.661763e-08
56,131,11.0,4.3355477e-08
56,131,12.0,5.6611807e-08
56,131,13.0,9.994467e-08
56,131,14.0,1.9678185e-07
56,132,0.0,9.24536e-08
56,132,1.0,1.2752957e-07
56,132,2.0,1.7092583e-07
56,132,3.0,1.6237136e-07
56,132,4.0,1.6278736e-07
56,132,5.0,1.6047437e-07
56,132,6.0,1.3340879e-07
56,132,7.0,1.2038795e-07
56,132,8.0,1.8370548e-07
56,132,9.0,1.833123e-07
56,132,10.0,1.960117e-07
56,132,11.0,1.7492327e-07
56,132,12.0,1.5667958e-07
56,132,13.0,1.5929912e-07
56,132,14.0,1.3203402e-07
56,133,0.0,1.7850715e-12
56,133,1.0,5.18773e-13
56,133,2.0,4.2629585e-12
56,133,3.0,8.337268e-11
56,133,4.0,7.6038564e-10
56,133,5.0,2.5424498e-09
56,133,6.0,3.719666e-09
56,133,7.0,2.6091254e-09
56,133,8.0,7.4295636e-10
56,133,9.0,4.3969946e-11
56,133,10.0,5.899852e-16
56,133,11.0,0.0
56,133,12.0,0.0
56,133,13.0,0.0
56,133,14.0,0.0
56,134,0.0,3.6283663e-09
56,134,1.0,0.0
56,134,2.0,0.0
56,134,3.0,4.3949596e-15
56,134,4.0,0.0
56,134,5.0,0.0
56,134,6.0,0.0
56,134,7.0,0.0
56,134,8.0,8.933937e-10
56,134,9.0,1.3293465e-08
56,134,10.0,4.0562202e-08
56,134,11.0,1.9136674e-08
56,134,12.0,5.9937857e-13
56,134,13.0,0.0
56,134,14.0,0.0
56,135,0.0,0.0
56,135,1.0,1.1178114e-09
56,135,2.0,1.3514583e-08
56,135,3.0,1.8030439e-09
56,135,4.0,0.0
56,135,5.0,2.9182097e-12
56,135,6.0,1.7079369e-08
56,135,7.0,2.4415053e-07
56,135,8.0,1.050852e-06
56,135,9.0,1.7588368e-06
56,135,10.0,1.8869101e-06
56,135,11.0,3.2777946e-06
56,135,12.0,8.80976e-06
56,135,13.0,1.7332368e-05
56,135,14.0,3.2851614e-05
56,136,0.0,4.467047e-06
56,136,1.0,0.0
56,136,2.0,5.428566e-10
56,136,3.0,1.896059e-08
56,136,4.0,9.2590824e-08
56,136,5.0,1.1202604e-06
56,136,6.0,8.359653e-06
56,136,7.0,4.611078e-06
56,136,8.0,8.824193e-06
56,136,9.0,9.162372e-05
56,136,10.0,0.00021835101
56,136,11.0,0.0002869065
56,136,12.0,0.00037625933
56,136,13.0,0.0004698129
56,136,14.0,0.0004855479
56,137,0.0,5.2521627e-06
56,137,1.0,2.2073375e-06
56,137,2.0,2.1117214e-05
56,137,3.0,0.0001015539
56,137,4.0,0.0001705363
56,137,5.0,0.00019847255
56,137,6.0,0.00025304122
56,137,7.0,0.0003769127
56,137,8.0,0.00051485817
56,137,9.0,0.00066634826
56,137,10.0,0.0009064269
56,137,11.0,0.0012146065
56,137,12.0,0.0015737234
56,137,13.0,0.0019928478
56,137,14.0,0.0024234818
56,138,0.0,0.00074013486
56,138,1.0,0.0010381473
56,138,2.0,0.0011494964
56,138,3.0,0.0016259882
56,138,4.0,0.002306737
56,138,5.0,0.0027608923
56,138,6.0,0.0030548705
56,138,7.0,0.0035484412
56,138,8.0,0.0044289823
56,138,9.0,0.005843081
56,138,10.0,0.0077486346
56,138,11.0,0.009829283
56,138,12.0,0.01166379
56,138,13.0,0.012971954
56,138,14.0,0.0139204925
56,139,0.0,0.0049426868
56,139,1.0,0.005414073
56,139,2.0,0.006691906
56,139,3.0,0.008682725
56,139,4.0,0.012058545
56,139,5.0,0.016021425
56,139,6.0,0.019121766
56,139,7.0,0.022367964
56,139,8.0,0.026016729
56,139,9.0,0.029763866
56,139,10.0,0.033645425
56,139,11.0,0.037512112
56,139,12.0,0.04099833
56,139,13.0,0.04422931
56,139,14.0,0.046837725
56,140,0.0,0.032551672
56,140,1.0,0.040091474
56,140,2.0,0.04585904
56,140,3.0,0.050969027
56,140,4.0,0.05593103
56,140,5.0,0.061244726
56,140,6.0,0.06718559
56,140,7.0,0.07376982
56,140,8.0,0.08114822
56,140,9.0,0.089233994
56,140,10.0,0.097962245
56,140,11.0,0.10783103
56,140,12.0,0.12063927
56,140,13.0,0.13532677
56,140,14.0,0.14972018
56,141,0.0,0.0973153
56,141,1.0,0.09362723
56,141,2.0,0.100163504
56,141,3.0,0.11785555
56,141,4.0,0.13859311
56,141,5.0,0.15840216
56,141,6.0,0.17316957
56,141,7.0,0.18570884
56,141,8.0,0.19935921
56,141,9.0,0.21196699
56,141,10.0,0.21936849
56,141,11.0,0.2241859
56,141,12.0,0.23068015
56,141,13.0,0.24025188
56,141,14.0,0.25444317
56,142,0.0,0.29255068
56,142,1.0,0.28834185
56,142,2.0,0.29869962
56,142,3.0,0.31318527
56,142,4.0,0.32643658
56,142,5.0,0.3402433
56,142,6.0,0.35535374
56,142,7.0,0.36858913
56,142,8.0,0.37707373
56,142,9.0,0.38131315
56,142,10.0,0.3828593
56,142,11.0,0.38286996
56,142,12.0,0.3839208
56,142,13.0,0.38789257
56,142,14.0,0.39594015
56,143,0.0,0.43728545
56,143,1.0,0.41653264
56,143,2.0,0.4099269
56,143,3.0,0.393262
56,143,4.0,0.3861658
56,143,5.0,0.38894433
56,143,6.0,0.39578807
56,143,7.0,0.40282205
56,143,8.0,0.40603614
56,143,9.0,0.40068626
56,143,10.0,0.38671595
56,143,11.0,0.38006845
56,143,12.0,0.37516147
56,143,13.0,0.37274757
56,143,14.0,0.37833524
56,144,0.0,0.5580898
56,144,1.0,0.50061744
56,144,2.0,0.46181008
56,144,3.0,0.42891857
56,144,4.0,0.39903736
56,144,5.0,0.3789592
56,144,6.0,0.36790365
56,144,7.0,0.36225492
56,144,8.0,0.35768536
56,144,9.0,0.34842965
56,144,10.0,0.32997742
56,144,11.0,0.30483073
56,144,12.0,0.28351676
56,144,13.0,0.27286923
56,144,14.0,0.2732466
56,145,0.0,0.40087363
56,145,1.0,0.31673285
56,145,2.0,0.25234556
56,145,3.0,0.21479519
56,145,4.0,0.19232687
56,145,5.0,0.1793887
56,145,6.0,0.17293762
56,145,7.0,0.17042422
56,145,8.0,0.16740994
56,145,9.0,0.1585012
56,145,10.0,0.143286
56,145,11.0,0.13140377
56,145,12.0,0.12380589
56,145,13.0,0.11918523
56,145,14.0,0.11702994
56,146,0.0,0.2100031
56,146,1.0,0.15871769
56,146,2.0,0.13953511
56,146,3.0,0.120988354
56,146,4.0,0.09733491
56,146,5.0,0.087593794
56,146,6.0,0.08336684
56,146,7.0,0.07936952
56,146,8.0,0.07431909
56,146,9.0,0.067505285
56,146,10.0,0.059183568
56,146,11.0,0.052045535
56,146,12.0,0.047159452
56,146,13.0,0.043550115
56,146,14.0,0.04148932
56,147,0.0,0.07688521
56,147,1.0,0.060533732
56,147,2.0,0.040565014
56,147,3.0,0.03211634
56,147,4.0,0.026723193
56,147,5.0,0.022706227
56,147,6.0,0.020141652
56,147,7.0,0.018402083
56,147,8.0,0.016903361
56,147,9.0,0.015287085
56,147,10.0,0.013362578
56,147,11.0,0.011306856
56,147,12.0,0.009484254
56,147,13.0,0.008184407
56,147,14.0,0.007472021
56,148,0.0,0.021277193
56,148,1.0,0.015030941
56,148,2.0,0.011176631
56,148,3.0,0.008541058
56,148,4.0,0.0067548184
56,148,5.0,0.005469415
56,148,6.0,0.004467782
56,148,7.0,0.003687271
56,148,8.0,0.003115149
56,148,9.0,0.0027304008
56,148,10.0,0.0024814035
56,148,11.0,0.0022379034
56,148,12.0,0.0019518407
56,148,13.0,0.0016979118
56,148,14.0,0.0015569224
56,149,0.0,0.002672338
56,149,1.0,0.0019139228
56,149,2.0,0.0012968411
56,149,3.0,0.00088695076
56,149,4.0,0.00064606045
56,149,5.0,0.0005339863
56,149,6.0,0.00047558657
56,149,7.0,0.00041491428
56,149,8.0,0.0003494375
56,149,9.0,0.000289503
56,149,10.0,0.00022949159
56,149,11.0,0.00016765016
56,149,12.0,0.00013259672
56,149,13.0,0.00012528234
56,149,14.0,0.00012287016
56,150,0.0,0.00036187144
56,150,1.0,0.00030373712
56,150,2.0,0.00023685407
56,150,3.0,0.00014159956
56,150,4.0,8.8770175e-05
56,150,5.0,7.048294e-05
56,150,6.0,4.4884975e-05
56,150,7.0,3.598573e-05
56,150,8.0,5.1552597e-05
56,150,9.0,6.2361534e-05
56,150,10.0,3.8639733e-05
56,150,11.0,4.4662825e-06
56,150,12.0,1.054667e-08
56,150,13.0,0.0
56,150,14.0,1.57339e-10
56,151,0.0,5.192518e-07
56,151,1.0,3.6892917e-08
56,151,2.0,1.680001e-07
56,151,3.0,1.8943743e-07
56,151,4.0,3.0803668e-07
56,151,5.0,2.87953e-07
56,151,6.0,2.1935385e-07
56,151,7.0,1.7721126e-07
56,151,8.0,1.6203703e-07
56,151,9.0,1.5719232e-07
56,151,10.0,1.5501287e-07
56,151,11.0,1.518381e-07
56,151,12.0,1.5180417e-07
56,151,13.0,1.5878075e-07
56,151,14.0,1.5642111e-07
56,152,0.0,1.3597428e-07
56,152,1.0,2.390711e-07
56,152,2.0,8.8280956e-08
56,152,3.0,2.297228e-15
56,152,4.0,1.4359161e-08
56,152,5.0,6.268264e-09
56,152,6.0,9.7592284e-08
56,152,7.0,3.8810944e-07
56,152,8.0,1.8631457e-07
56,152,9.0,1.8910966e-07
56,152,10.0,1.9852679e-07
56,152,11.0,1.9992521e-07
56,152,12.0,1.9982492e-07
56,152,13.0,1.8280694e-07
56,152,14.0,1.6108407e-07
56,153,0.0,1.7214867e-07
56,153,1.0,1.5192018e-07
56,153,2.0,1.4479575e-07
56,153,3.0,1.4859998e-07
56,153,4.0,1.6463075e-07
56,153,5.0,1.6394736e-07
56,153,6.0,1.525003e-07
56,153,7.0,1.4216633e-07
56,153,8.0,1.3562726e-07
56,153,9.0,1.3265108e-07
56,153,10.0,1.3503217e-07
56,153,11.0,1.415916e-07
56,153,12.0,1.4721091e-07
56,153,13.0,1.5629269e-07
56,153,14.0,1.6861277e-07
56,154,0.0,6.820929e-08
56,154,1.0,1.2087871e-07
56,154,2.0,1.4657138e-07
56,154,3.0,1.7239866e-07
56,154,4.0,1.2798955e-07
56,154,5.0,1.3555061e-07
56,154,6.0,1.4252014e-07
56,154,7.0,1.3675465e-07
56,154,8.0,1.3155329e-07
56,154,9.0,1.2779324e-07
56,154,10.0,1.2666774e-07
56,154,11.0,1.353343e-07
56,154,12.0,1.6740341e-07
56,154,13.0,1.993572e-07
56,154,14.0,1.8590066e-07
57,133,0.0,4.0325446e-07
57,133,1.0,3.5924833e-07
57,133,2.0,3.5957467e-07
57,133,3.0,3.19444e-07
57,133,4.0,3.4272296e-07
57,133,5.0,3.3039657e-07
57,133,6.0,2.0552905e-07
57,133,7.0,8.190218e-08
57,133,8.0,3.794646e-08
57,133,9.0,6.140618e-08
57,133,10.0,1.937467e-07
57,133,11.0,8.7210805e-07
57,133,12.0,5.6426387e-07
57,133,13.0,1.7797957e-07
57,133,14.0,8.150928e-08
57,134,0.0,1.0780468e-07
57,134,1.0,1.3991323e-07
57,134,2.0,1.3939221e-07
57,134,3.0,1.6653395e-07
57,134,4.0,1.5395855e-07
57,134,5.0,9.026522e-08
57,134,6.0,4.2015603e-08
57,134,7.0,4.8501743e-08
57,134,8.0,1.0880354e-07
57,134,9.0,1.9857332e-07
57,134,10.0,1.16276226e-07
57,134,11.0,1.8964924e-08
57,134,12.0,1.10714895e-08
57,134,13.0,9.001716e-09
57,134,14.0,6.655941e-09
57,135,0.0,9.8858564e-08
57,135,1.0,2.4044152e-07
57,135,2.0,2.0766788e-07
57,135,3.0,1.9235456e-07
57,135,4.0,1.9307605e-07
57,135,5.0,2.757123e-07
57,135,6.0,5.202521e-07
57,135,7.0,5.034372e-07
57,135,8.0,2.0359809e-07
57,135,9.0,9.454776e-08
57,135,10.0,1.0648136e-07
57,135,11.0,1.4680772e-07
57,135,12.0,1.7178878e-07
57,135,13.0,1.7480502e-07
57,135,14.0,1.9827408e-07
57,136,0.0,6.930972e-08
57,136,1.0,1.3324993e-07
57,136,2.0,1.9118566e-07
57,136,3.0,1.8803739e-07
57,136,4.0,1.1206688e-07
57,136,5.0,7.052138e-08
57,136,6.0,1.10199956e-07
57,136,7.0,1.4070139e-07
57,136,8.0,6.134366e-08
57,136,9.0,1.4888769e-08
57,136,10.0,1.926803e-08
57,136,11.0,2.5636618e-07
57,136,12.0,1.2389422e-06
57,136,13.0,1.5527563e-06
57,136,14.0,1.3233991e-06
57,137,0.0,4.925566e-09
57,137,1.0,3.250955e-08
57,137,2.0,1.751265e-08
57,137,3.0,5.0921906e-10
57,137,4.0,2.2052036e-11
57,137,5.0,6.150379e-11
57,137,6.0,2.8834587e-11
57,137,7.0,1.4783321e-15
57,137,8.0,5.1550313e-14
57,137,9.0,1.6253953e-08
57,137,10.0,5.0757524e-07
57,137,11.0,6.085499e-07
57,137,12.0,2.014832e-06
57,137,13.0,1.26728055e-05
57,137,14.0,2.8835771e-05
57,138,0.0,8.6555674e-10
57,138,1.0,0.0
57,138,2.0,0.0
57,138,3.0,0.0
57,138,4.0,0.0
57,138,5.0,8.474229e-13
57,138,6.0,8.453621e-10
57,138,7.0,8.281657e-11
57,138,8.0,3.278004e-07
57,138,9.0,6.8916343e-06
57,138,10.0,1.3819111e-05
57,138,11.0,1.2644636e-05
57,138,12.0,1.8365266e-05
57,138,13.0,6.1818864e-05
57,138,14.0,0.00012779814
57,139,0.0,2.1204394e-09
57,139,1.0,4.022738e-09
57,139,2.0,1.3357472e-10
57,139,3.0,9.730118e-07
57,139,4.0,1.619793e-05
57,139,5.0,5.2111736e-05
57,139,6.0,8.670328e-05
57,139,7.0,0.000114729344
57,139,8.0,0.00013282211
57,139,9.0,0.00014966092
57,139,10.0,0.00018911302
57,139,11.0,0.00023133587
57,139,12.0,0.00029404444
57,139,13.0,0.0004174827
57,139,14.0,0.00060261955
57,140,0.0,2.7988508e-05
57,140,1.0,2.9225212e-05
57,140,2.0,8.9859284e-05
57,140,3.0,0.00017738299
57,140,4.0,0.00028745164
57,140,5.0,0.00039967243
57,140,6.0,0.0005362474
57,140,7.0,0.00067380513
57,140,8.0,0.000824946
57,140,9.0,0.0010813624
57,140,10.0,0.0014173188
57,140,11.0,0.0017327513
57,140,12.0,0.0020755455
57,140,13.0,0.0025013569
57,140,14.0,0.003128161
57,141,0.0,0.0006484577
57,141,1.0,0.0009678512
57,141,2.0,0.0012470823
57,141,3.0,0.0017716874
57,141,4.0,0.002179226
57,141,5.0,0.0027181664
57,141,6.0,0.0036210127
57,141,7.0,0.0048105842
57,141,8.0,0.0061517064
57,141,9.0,0.0074903644
57,141,10.0,0.008729242
57,141,11.0,0.009895485
57,141,12.0,0.011087617
57,141,13.0,0.012469583
57,141,14.0,0.01410766
57,142,0.0,0.004074725
57,142,1.0,0.004665134
57,142,2.0,0.006553175
57,142,3.0,0.009141237
57,142,4.0,0.0118251005
57,142,5.0,0.014706053
57,142,6.0,0.017870342
57,142,7.0,0.021120107
57,142,8.0,0.024364006
57,142,9.0,0.027598167
57,142,10.0,0.030684825
57,142,11.0,0.0336847
57,142,12.0,0.03587184
57,142,13.0,0.036522534
57,142,14.0,0.037976798
57,143,0.0,0.022248603
57,143,1.0,0.02722672
57,143,2.0,0.03048965
57,143,3.0,0.036191124
57,143,4.0,0.046987344
57,143,5.0,0.05615688
57,143,6.0,0.062329303
57,143,7.0,0.06722376
57,143,8.0,0.07203947
57,143,9.0,0.076973215
57,143,10.0,0.082224295
57,143,11.0,0.08803552
57,143,12.0,0.093565665
57,143,13.0,0.09659169
57,143,14.0,0.09818495
57,144,0.0,0.0656348
57,144,1.0,0.07017153
57,144,2.0,0.08132275
57,144,3.0,0.1016104
57,144,4.0,0.11909482
57,144,5.0,0.13089006
57,144,6.0,0.13928641
57,144,7.0,0.14585719
57,144,8.0,0.15058258
57,144,9.0,0.15265158
57,144,10.0,0.15223673
57,144,11.0,0.15295656
57,144,12.0,0.15619703
57,144,13.0,0.16358785
57,144,14.0,0.1791517
57,145,0.0,0.14678042
57,145,1.0,0.16376823
57,145,2.0,0.18105948
57,145,3.0,0.193573
57,145,4.0,0.19982854
57,145,5.0,0.2063092
57,145,6.0,0.2124205
57,145,7.0,0.21639046
57,145,8.0,0.21611722
57,145,9.0,0.21067162
57,145,10.0,0.2046129
57,145,11.0,0.20497218
57,145,12.0,0.20770907
57,145,13.0,0.21123935
57,145,14.0,0.217713
57,146,0.0,0.18236509
57,146,1.0,0.18655458
57,146,2.0,0.19189855
57,146,3.0,0.1936057
57,146,4.0,0.19452414
57,146,5.0,0.1946053
57,146,6.0,0.19399491
57,146,7.0,0.19224387
57,146,8.0,0.1886018
57,146,9.0,0.183803
57,146,10.0,0.18159729
57,146,11.0,0.18132783
57,146,12.0,0.17694753
57,146,13.0,0.17370358
57,146,14.0,0.17730738
57,147,0.0,0.18111593
57,147,1.0,0.17877443
57,147,2.0,0.17592256
57,147,3.0,0.17015062
57,147,4.0,0.16365631
57,147,5.0,0.15829335
57,147,6.0,0.1540908
57,147,7.0,0.14941202
57,147,8.0,0.14215928
57,147,9.0,0.13118535
57,147,10.0,0.11898031
57,147,11.0,0.10990886
57,147,12.0,0.10228375
57,147,13.0,0.09623589
57,147,14.0,0.09295288
57,148,0.0,0.106915325
57,148,1.0,0.10011249
57,148,2.0,0.091975026
57,148,3.0,0.08361255
57,148,4.0,0.07673421
57,148,5.0,0.07140129
57,148,6.0,0.06714105
57,148,7.0,0.063080534
57,148,8.0,0.0584152
57,148,9.0,0.05310946
57,148,10.0,0.047711197
57,148,11.0,0.04339455
57,148,12.0,0.039665252
57,148,13.0,0.035962503
57,148,14.0,0.0330619
57,149,0.0,0.04483154
57,149,1.0,0.042743195
57,149,2.0,0.037867256
57,149,3.0,0.03304745
57,149,4.0,0.029128537
57,149,5.0,0.026074378
57,149,6.0,0.023662187
57,149,7.0,0.02160643
57,149,8.0,0.019620135
57,149,9.0,0.017495954
57,149,10.0,0.015199109
57,149,11.0,0.013046205
57,149,12.0,0.011313194
57,149,13.0,0.010167322
57,149,14.0,0.009528382
57,150,0.0,0.014301811
57,150,1.0,0.011968634
57,150,2.0,0.009075599
57,150,3.0,0.007039978
57,150,4.0,0.005820643
57,150,5.0,0.005026642
57,150,6.0,0.0044717262
57,150,7.0,0.004047529
57,150,8.0,0.0036764464
57,150,9.0,0.0033093805
57,150,10.0,0.0029367548
57,150,11.0,0.0026185433
57,150,12.0,0.0024007051
57,150,13.0,0.0022326668
57,150,14.0,0.0020593451
57,151,0.0,0.002225578
57,151,1.0,0.0020467138
57,151,2.0,0.0017311354
57,151,3.0,0.0014161096
57,151,4.0,0.0011247135
57,151,5.0,0.0008958733
57,151,6.0,0.0007359457
57,151,7.0,0.0006249854
57,151,8.0,0.0005373951
57,151,9.0,0.00045580667
57,151,10.0,0.0003773045
57,151,11.0,0.00031930415
57,151,12.0,0.0002813657
57,151,13.0,0.00024414493
57,151,14.0,0.00020505127
57,152,0.0,0.0004226159
57,152,1.0,0.0003150375
57,152,2.0,0.00021763594
57,152,3.0,0.00015379845
57,152,4.0,0.00010543051
57,152,5.0,8.535034e-05
57,152,6.0,7.768264e-05
57,152,7.0,4.8684273e-05
57,152,8.0,1.5104025e-05
57,152,9.0,4.2194433e-06
57,152,10.0,1.4517657e-05
57,152,11.0,3.2280623e-05
57,152,12.0,1.5436717e-05
57,152,13.0,7.71942e-07
57,152,14.0,0.0
57,153,0.0,3.8345706e-06
57,153,1.0,1.5505865e-06
57,153,2.0,1.0247553e-05
57,153,3.0,2.1083858e-06
57,153,4.0,1.3355558e-08
57,153,5.0,3.70153e-09
57,153,6.0,3.806717e-08
57,153,7.0,9.855916e-08
57,153,8.0,1.0352102e-07
57,153,9.0,8.582368e-08
57,153,10.0,7.677927e-08
57,153,11.0,7.9321964e-08
57,153,12.0,8.517369e-08
57,153,13.0,8.945132e-08
57,153,14.0,9.121097e-08
57,154,0.0,2.781364e-07
57,154,1.0,1.10877465e-07
57,154,2.0,1.01047135e-07
57,154,3.0,9.625447e-08
57,154,4.0,9.0735455e-08
57,154,5.0,8.827149e-08
57,154,6.0,8.973869e-08
57,154,7.0,9.3548074e-08
57,154,8.0,9.778397e-08
57,154,9.0,1.01356584e-07
57,154,10.0,1.05828654e-07
57,154,11.0,1.16478276e-07
57,154,12.0,1.3680891e-07
57,154,13.0,1.6288593e-07
57,154,14.0,1.8893567e-07
57,155,0.0,1.7361063e-07
57,155,1.0,1.9782027e-07
57,155,2.0,1.9255172e-07
57,155,3.0,1.84824e-07
57,155,4.0,1.8210447e-07
57,155,5.0,1.8500364e-07
57,155,6.0,1.8925998e-07
57,155,7.0,1.8887249e-07
57,155,8.0,1.8384621e-07
57,155,9.0,1.788359e-07
57,155,10.0,1.7422128e-07
57,155,11.0,1.6698598e-07
57,155,12.0,1.5366783e-07
57,155,13.0,1.3553503e-07
57,155,14.0,1.2954945e-07
57,156,0.0,1.9224072e-07
57,156,1.0,1.5853341e-07
57,156,2.0,1.5302581e-07
57,156,3.0,1.5702581e-07
57,156,4.0,1.4042402e-07
57,156,5.0,1.5268529e-07
57,156,6.0,1.5972063e-07
57,156,7.0,1.3476784e-07
57,156,8.0,1.1414423e-07
57,156,9.0,1.08288475e-07
57,156,10.0,1.1022699e-07
57,156,11.0,1.1558494e-07
57,156,12.0,1.2480555e-07
57,156,13.0,1.3839004e-07
57,156,14.0,1.5142268e-07
57,157,0.0,1.612399e-07
57,157,1.0,1.605843e-07
57,157,2.0,1.4473206e-07
57,157,3.0,1.3730609e-07
57,157,4.0,1.3496039e-07
57,157,5.0,1.3905668e-07
57,157,6.0,1.5074302e-07
57,157,7.0,1.6101747e-07
57,157,8.0,1.622369e-07
57,157,9.0,1.547002e-07
57,157,10.0,1.4528615e-07
57,157,11.0,1.3919666e-07
57,157,12.0,1.3854063e-07
57,157,13.0,1.4451324e-07
57,157,14.0,1.4907513e-07
58,135,0.0,7.006565e-07
58,135,1.0,1.6295553e-07
58,135,2.0,4.5254854e-08
58,135,3.0,3.887335e-08
58,135,4.0,4.6602317e-08
58,135,5.0,8.337447e-08
58,135,6.0,1.2185113e-07
58,135,7.0,1.0699455e-07
58,135,8.0,6.607554e-08
58,135,9.0,4.9688314e-08
58,135,10.0,7.3630154e-08
58,135,11.0,1.250107e-07
58,135,12.0,1.1992866e-07
58,135,13.0,1.196113e-07
58,135,14.0,1.7505432e-07
58,136,0.0,1.14271984e-07
58,136,1.0,1.4751441e-07
58,136,2.0,1.6891948e-07
58,136,3.0,1.7215774e-07
58,136,4.0,1.5042409e-07
58,136,5.0,1.3908416e-07
58,136,6.0,1.3936125e-07
58,136,7.0,1.4727453e-07
58,136,8.0,1.5187983e-07
58,136,9.0,1.4678447e-07
58,136,10.0,1.3896701e-07
58,136,11.0,1.2109331e-07
58,136,12.0,1.1669979e-07
58,136,13.0,1.07842276e-07
58,136,14.0,1.4328373e-07
58,137,0.0,2.9468605e-08
58,137,1.0,1.4270474e-07
58,137,2.0,1.2226799e-07
58,137,3.0,4.2622514e-08
58,137,4.0,4.083838e-08
58,137,5.0,1.3835283e-07
58,137,6.0,4.3673106e-07
58,137,7.0,6.19356e-07
58,137,8.0,4.334524e-07
58,137,9.0,2.4358732e-07
58,137,10.0,1.9074571e-07
58,137,11.0,2.0317566e-07
58,137,12.0,1.8646641e-07
58,137,13.0,1.4197398e-07
58,137,14.0,9.618771e-08
58,138,0.0,1.979159e-07
58,138,1.0,1.8686734e-07
58,138,2.0,1.8926754e-07
58,138,3.0,1.7873691e-07
58,138,4.0,1.4809356e-07
58,138,5.0,1.534801e-07
58,138,6.0,1.1926397e-07
58,138,7.0,1.5405679e-07
58,138,8.0,7.380215e-08
58,138,9.0,6.6334813e-09
58,138,10.0,4.0200884e-08
58,138,11.0,2.3168292e-07
58,138,12.0,4.482989e-08
58,138,13.0,4.0608987e-09
58,138,14.0,3.9071586e-09
58,139,0.0,7.657336e-14
58,139,1.0,0.0
58,139,2.0,5.556373e-14
58,139,3.0,1.4729874e-10
58,139,4.0,1.530783e-09
58,139,5.0,6.1682197e-09
58,139,6.0,1.3364521e-08
58,139,7.0,1.5462213e-08
58,139,8.0,9.133477e-09
58,139,9.0,2.8204727e-09
58,139,10.0,4.95301e-10
58,139,11.0,8.822972e-11
58,139,12.0,2.6868227e-10
58,139,13.0,2.6575033e-09
58,139,14.0,2.1408719e-10
58,140,0.0,2.4568638e-09
58,140,1.0,0.0
58,140,2.0,0.0
58,140,3.0,0.0
58,140,4.0,0.0
58,140,5.0,0.0
58,140,6.0,4.873105e-09
58,140,7.0,1.2653287e-06
58,140,8.0,8.7534445e-06
58,140,9.0,1.7659015e-05
58,140,10.0,2.580344e-05
58,140,11.0,3.1521835e-05
58,140,12.0,3.36248e-05
58,140,13.0,2.8868259e-05
58,140,14.0,1.9117573e-05
58,141,0.0,2.9144056e-13
58,141,1.0,5.236202e-07
58,141,2.0,5.234881e-06
58,141,3.0,1.0958088e-05
58,141,4.0,2.4409188e-05
58,141,5.0,3.732284e-05
58,141,6.0,2.738433e-05
58,141,7.0,4.0170915e-05
58,141,8.0,8.03409e-05
58,141,9.0,0.00011216869
58,141,10.0,0.000116714895
58,141,11.0,0.00014723705
58,141,12.0,0.00021631367
58,141,13.0,0.00023750922
58,141,14.0,0.00023097338
58,142,0.0,4.6276033e-05
58,142,1.0,4.6315643e-05
58,142,2.0,9.884032e-05
58,142,3.0,0.00013537014
58,142,4.0,0.00011577483
58,142,5.0,0.00014893405
58,142,6.0,0.000254416
58,142,7.0,0.0003448321
58,142,8.0,0.00039220855
58,142,9.0,0.0005000074
58,142,10.0,0.0007036672
58,142,11.0,0.00096511
58,142,12.0,0.0011614185
58,142,13.0,0.0013347483
58,142,14.0,0.0018571267
58,143,0.0,0.00074662146
58,143,1.0,0.0007075731
58,143,2.0,0.00079418806
58,143,3.0,0.0009961737
58,143,4.0,0.0012283908
58,143,5.0,0.001444291
58,143,6.0,0.001689471
58,143,7.0,0.0020714803
58,143,8.0,0.0026485294
58,143,9.0,0.0033268458
58,143,10.0,0.0039874404
58,143,11.0,0.0046330765
58,143,12.0,0.0054126023
58,143,13.0,0.006373056
58,143,14.0,0.0072761634
58,144,0.0,0.0039882557
58,144,1.0,0.0038667284
58,144,2.0,0.004709274
58,144,3.0,0.0058346153
58,144,4.0,0.007164647
58,144,5.0,0.008581477
58,144,6.0,0.00992396
58,144,7.0,0.011394209
58,144,8.0,0.013469533
58,144,9.0,0.016324954
58,144,10.0,0.019277882
58,144,11.0,0.021528237
58,144,12.0,0.022995394
58,144,13.0,0.024960294
58,144,14.0,0.028452395
58,145,0.0,0.015768882
58,145,1.0,0.01720351
58,145,2.0,0.019849492
58,145,3.0,0.023905715
58,145,4.0,0.02764988
58,145,5.0,0.031298906
58,145,6.0,0.035099324
58,145,7.0,0.03994893
58,145,8.0,0.045790143
58,145,9.0,0.05076761
58,145,10.0,0.053683523
58,145,11.0,0.05576792
58,145,12.0,0.059312653
58,145,13.0,0.06484559
58,145,14.0,0.06972402
58,146,0.0,0.058294244
58,146,1.0,0.06099719
58,146,2.0,0.06646264
58,146,3.0,0.07180993
58,146,4.0,0.07650959
58,146,5.0,0.081702396
58,146,6.0,0.08793826
58,146,7.0,0.09439405
58,146,8.0,0.10013074
58,146,9.0,0.10490045
58,146,10.0,0.1091177
58,146,11.0,0.113477364
58,146,12.0,0.11894293
58,146,13.0,0.12581453
58,146,14.0,0.13477725
58,147,0.0,0.09129573
58,147,1.0,0.09608134
58,147,2.0,0.10123098
58,147,3.0,0.105081975
58,147,4.0,0.11048534
58,147,5.0,0.11893626
58,147,6.0,0.12931022
58,147,7.0,0.13870135
58,147,8.0,0.1441033
58,147,9.0,0.14498079
58,147,10.0,0.14417939
58,147,11.0,0.142732
58,147,12.0,0.1434042
58,147,13.0,0.14787318
58,147,14.0,0.15696163
58,148,0.0,0.14008045
58,148,1.0,0.13921413
58,148,2.0,0.13741116
58,148,3.0,0.14070645
58,148,4.0,0.14600006
58,148,5.0,0.15091114
58,148,6.0,0.15406318
58,148,7.0,0.15486532
58,148,8.0,0.15272763
58,148,9.0,0.14708251
58,148,10.0,0.13824543
58,148,11.0,0.12987767
58,148,12.0,0.12584138
58,148,13.0,0.12654598
58,148,14.0,0.13105921
58,149,0.0,0.12756759
58,149,1.0,0.12702803
58,149,2.0,0.12351722
58,149,3.0,0.12776232
58,149,4.0,0.1281562
58,149,5.0,0.124692425
58,149,6.0,0.11981456
58,149,7.0,0.11448806
58,149,8.0,0.10901318
58,149,9.0,0.10468747
58,149,10.0,0.10081141
58,149,11.0,0.09675595
58,149,12.0,0.092162
58,149,13.0,0.08814442
58,149,14.0,0.08552107
58,150,0.0,0.095260255
58,150,1.0,0.105161294
58,150,2.0,0.10247535
58,150,3.0,0.0930384
58,150,4.0,0.08558783
58,150,5.0,0.081829116
58,150,6.0,0.078946546
58,150,7.0,0.075015485
58,150,8.0,0.069564864
58,150,9.0,0.06293182
58,150,10.0,0.055595472
58,150,11.0,0.049377136
58,150,12.0,0.045311984
58,150,13.0,0.042255983
58,150,14.0,0.03957786
58,151,0.0,0.043238025
58,151,1.0,0.042810317
58,151,2.0,0.040145397
58,151,3.0,0.035627935
58,151,4.0,0.03116663
58,151,5.0,0.027607055
58,151,6.0,0.02482664
58,151,7.0,0.02244631
58,151,8.0,0.0202028
58,151,9.0,0.01800166
58,151,10.0,0.015765928
58,151,11.0,0.013581301
58,151,12.0,0.011718729
58,151,13.0,0.010312592
58,151,14.0,0.009395018
58,152,0.0,0.011857477
58,152,1.0,0.013167505
58,152,2.0,0.012663256
58,152,3.0,0.011570511
58,152,4.0,0.010291444
58,152,5.0,0.008889306
58,152,6.0,0.007535188
58,152,7.0,0.006292567
58,152,8.0,0.005168063
58,152,9.0,0.004182823
58,152,10.0,0.0034075
58,152,11.0,0.0028160387
58,152,12.0,0.0023689487
58,152,13.0,0.0020501763
58,152,14.0,0.0018285712
58,153,0.0,0.0027297928
58,153,1.0,0.002956868
58,153,2.0,0.0023383377
58,153,3.0,0.0017542752
58,153,4.0,0.0013386585
58,153,5.0,0.0010218986
58,153,6.0,0.00075798214
58,153,7.0,0.00054034963
58,153,8.0,0.00040492468
58,153,9.0,0.0003653705
58,153,10.0,0.00028654662
58,153,11.0,0.0001791268
58,153,12.0,0.00017264552
58,153,13.0,0.00012429529
58,153,14.0,5.219199e-05
58,154,0.0,0.00022529752
58,154,1.0,0.00027751367
58,154,2.0,0.00024596739
58,154,3.0,0.00020012024
58,154,4.0,0.00015615647
58,154,5.0,8.818821e-05
58,154,6.0,5.2602973e-05
58,154,7.0,2.8992595e-06
58,154,8.0,1.4053887e-08
58,154,9.0,2.269225e-07
58,154,10.0,7.364959e-07
58,154,11.0,3.0755066e-07
58,154,12.0,2.357687e-08
58,154,13.0,8.168549e-10
58,154,14.0,2.9283322e-09
58,155,0.0,1.6681766e-07
58,155,1.0,2.6120665e-07
58,155,2.0,1.6331937e-07
58,155,3.0,1.09070164e-07
58,155,4.0,1.05305034e-07
58,155,5.0,1.1853959e-07
58,155,6.0,1.2510345e-07
58,155,7.0,1.1919971e-07
58,155,8.0,1.1230839e-07
58,155,9.0,1.11720816e-07
58,155,10.0,1.19121346e-07
58,155,11.0,1.3137593e-07
58,155,12.0,1.378656e-07
58,155,13.0,1.3586669e-07
58,155,14.0,1.3441267e-07
58,156,0.0,1.0832549e-07
58,156,1.0,1.60613e-07
58,156,2.0,1.469884e-07
58,156,3.0,1.2705277e-07
58,156,4.0,1.15562145e-07
58,156,5.0,4.2461872e-07
58,156,6.0,1.8814829e-07
58,156,7.0,1.2901668e-07
58,156,8.0,2.0505249e-07
58,156,9.0,1.9198474e-07
58,156,10.0,1.8179834e-07
58,156,11.0,1.613152e-07
58,156,12.0,3.5279893e-07
58,156,13.0,3.0013183e-07
58,156,14.0,2.1870332e-07
58,157,0.0,1.6200526e-07
58,157,1.0,1.5269036e-07
58,157,2.0,2.0776821e-07
58,157,3.0,2.127905e-07
58,157,4.0,2.2728648e-07
58,157,5.0,2.2205772e-07
58,157,6.0,2.0797013e-07
58,157,7.0,1.953263e-07
58,157,8.0,1.8761362e-07
58,157,9.0,1.9425029e-07
58,157,10.0,1.8267525e-07
58,157,11.0,1.5181013e-07
58,157,12.0,1.320138e-07
58,157,13.0,1.2889663e-07
58,157,14.0,1.4306481e-07
58,158,0.0,1.742035e-07
58,158,1.0,1.2376869e-07
58,158,2.0,1.614323e-07
58,158,3.0,1.8065337e-07
58,158,4.0,1.7668366e-07
58,158,5.0,1.18939916e-07
58,158,6.0,1.1142899e-07
58,158,7.0,1.2064974e-07
58,158,8.0,1.0482989e-07
58,158,9.0,9.758241e-08
58,158,10.0,1.3056385e-07
58,158,11.0,1.7831553e-07
58,158,12.0,1.9649244e-07
58,158,13.0,1.7512423e-07
58,158,14.0,1.5722243e-07
58,159,0.0,2.0171255e-07
58,159,1.0,1.6321626e-07
58,159,2.0,1.8368961e-07
58,159,3.0,1.6423456e-07
58,159,4.0,1.702654e-07
58,159,5.0,1.9084094e-07
58,159,6.0,2.2729331e-07
58,159,7.0,2.1335265e-07
58,159,8.0,1.8332497e-07
58,159,9.0,1.8338993e-07
58,159,10.0,2.1116882e-07
58,159,11.0,2.3422744e-07
58,159,12.0,2.4018016e-07
58,159,13.0,2.1767795e-07
58,159,14.0,1.7201825e-07
58,160,0.0,1.7304455e-07
58,160,1.0,1.4954416e-07
58,160,2.0,1.6618928e-07
58,160,3.0,2.8515956e-07
58,160,4.0,2.4073094e-07
58,160,5.0,1.8902158e-07
58,160,6.0,1.5201239e-07
58,160,7.0,1.199786e-07
58,160,8.0,1.3222156e-07
58,160,9.0,2.2972469e-07
58,160,10.0,1.4991437e-07
58,160,11.0,7.368745e-08
58,160,12.0,1.6810696e-07
58,160,13.0,1.5064775e-07
58,160,14.0,1.4539573e-07
59,138,0.0,3.9692344e-07
59,138,1.0,2.3885013e-07
59,138,2.0,4.687363e-08
59,138,3.0,2.3273728e-08
59,138,4.0,5.2030877e-08
59,138,5.0,8.938814e-08
59,138,6.0,1.2399263e-07
59,138,7.0,1.5706202e-07
59,138,8.0,1.7888618e-07
59,138,9.0,1.7981083e-07
59,138,10.0,1.9470458e-07
59,138,11.0,4.7883407e-07
59,138,12.0,8.0320284e-08
59,138,13.0,0.0
59,138,14.0,1.6470626e-07
59,139,0.0,7.21264e-08
59,139,1.0,3.1200578e-08
59,139,2.0,2.5209426e-08
59,139,3.0,4.1923325e-08
59,139,4.0,1.1239691e-07
59,139,5.0,2.502081e-07
59,139,6.0,3.4187693e-07
59,139,7.0,3.6536127e-07
59,139,8.0,3.5772715e-07
59,139,9.0,3.5076275e-07
59,139,10.0,7.6434077e-07
59,139,11.0,1.8131485e-06
59,139,12.0,3.9621983e-07
59,139,13.0,3.4274336e-08
59,139,14.0,4.5827278e-07
59,140,0.0,9.3076785e-08
59,140,1.0,8.354423e-08
59,140,2.0,4.8120278e-08
59,140,3.0,2.7798725e-08
59,140,4.0,4.6528626e-08
59,140,5.0,6.65166e-08
59,140,6.0,8.0730004e-08
59,140,7.0,8.174041e-08
59,140,8.0,7.5014285e-08
59,140,9.0,5.704289e-08
59,140,10.0,4.3731703e-08
59,140,11.0,7.2330444e-08
59,140,12.0,9.713267e-08
59,140,13.0,7.9348446e-08
59,140,14.0,5.6777587e-08
59,141,0.0,1.0304074e-08
59,141,1.0,2.8863023e-09
59,141,2.0,5.1001085e-11
59,141,3.0,1.8423088e-10
59,141,4.0,2.5552787e-09
59,141,5.0,5.496469e-09
59,141,6.0,3.1175134e-09
59,141,7.0,3.0966107e-10
59,141,8.0,9.636199e-13
59,141,9.0,1.3277541e-11
59,141,10.0,4.699632e-09
59,141,11.0,3.694181e-08
59,141,12.0,2.7821702e-08
59,141,13.0,1.5807059e-08
59,141,14.0,1.2121903e-08
59,142,0.0,6.9206407e-12
59,142,1.0,9.736404e-10
59,142,2.0,1.8521407e-09
59,142,3.0,1.4165e-09
59,142,4.0,6.2191136e-10
59,142,5.0,1.11574985e-10
59,142,6.0,4.8243558e-12
59,142,7.0,3.056665e-13
59,142,8.0,8.733872e-12
59,142,9.0,1.417287e-11
59,142,10.0,0.0
59,142,11.0,0.0
59,142,12.0,0.0
59,142,13.0,1.281219e-07
59,142,14.0,3.0861116e-05
59,143,0.0,8.0911405e-10
59,143,1.0,1.2628891e-08
59,143,2.0,4.3707568e-10
59,143,3.0,0.0
59,143,4.0,0.0
59,143,5.0,0.0
59,143,6.0,7.9885886e-13
59,143,7.0,0.0
59,143,8.0,0.0
59,143,9.0,0.0
59,143,10.0,1.9663783e-08
59,143,11.0,4.7966146e-06
59,143,12.0,2.4259045e-05
59,143,13.0,2.028319e-05
59,143,14.0,5.1455427e-05
59,144,0.0,6.914412e-08
59,144,1.0,0.0
59,144,2.0,0.0
59,144,3.0,0.0
59,144,4.0,0.0
59,144,5.0,3.633537e-06
59,144,6.0,3.9090588e-05
59,144,7.0,2.6419237e-05
59,144,8.0,1.6092683e-05
59,144,9.0,2.6860549e-05
59,144,10.0,6.1576226e-05
59,144,11.0,0.00010748978
59,144,12.0,0.00011935935
59,144,13.0,0.00013502447
59,144,14.0,0.00017141511
59,145,0.0,2.5685787e-05
59,145,1.0,2.4448229e-05
59,145,2.0,5.7847774e-05
59,145,3.0,0.00010195524
59,145,4.0,0.00013503997
59,145,5.0,0.00015395648
59,145,6.0,0.00018819381
59,145,7.0,0.00024430038
59,145,8.0,0.00031218157
59,145,9.0,0.00037445876
59,145,10.0,0.00042881793
59,145,11.0,0.0005075299
59,145,12.0,0.0006629922
59,145,13.0,0.00092334417
59,145,14.0,0.0012975015
59,146,0.0,0.00016274728
59,146,1.0,0.00024711713
59,146,2.0,0.00044403
59,146,3.0,0.00071308436
59,146,4.0,0.0009114739
59,146,5.0,0.0011752358
59,146,6.0,0.001449527
59,146,7.0,0.001755677
59,146,8.0,0.0020949456
59,146,9.0,0.0024703362
59,146,10.0,0.0029755407
59,146,11.0,0.0037326042
59,146,12.0,0.0046540275
59,146,13.0,0.0055353143
59,146,14.0,0.0062335003
59,147,0.0,0.0015122395
59,147,1.0,0.0018398304
59,147,2.0,0.0029794497
59,147,3.0,0.0037108131
59,147,4.0,0.004623033
59,147,5.0,0.005856561
59,147,6.0,0.0070602316
59,147,7.0,0.008170027
59,147,8.0,0.009246256
59,147,9.0,0.010341633
59,147,10.0,0.0114634
59,147,11.0,0.0124884285
59,147,12.0,0.013305422
59,147,13.0,0.014240241
59,147,14.0,0.015702942
59,148,0.0,0.006297653
59,148,1.0,0.0071445266
59,148,2.0,0.009114063
59,148,3.0,0.012170635
59,148,4.0,0.015484101
59,148,5.0,0.018771397
59,148,6.0,0.021540862
59,148,7.0,0.023303421
59,148,8.0,0.024319282
59,148,9.0,0.025024632
59,148,10.0,0.02578959
59,148,11.0,0.026951786
59,148,12.0,0.028598279
59,148,13.0,0.030275228
59,148,14.0,0.031521663
59,149,0.0,0.01434273
59,149,1.0,0.020938192
59,149,2.0,0.026677603
59,149,3.0,0.03123185
59,149,4.0,0.040984556
59,149,5.0,0.0456881
59,149,6.0,0.04721066
59,149,7.0,0.047716588
59,149,8.0,0.047880113
59,149,9.0,0.04791629
59,149,10.0,0.047950093
59,149,11.0,0.04799637
59,149,12.0,0.048102587
59,149,13.0,0.04836016
59,149,14.0,0.048766904
59,150,0.0,0.023074599
59,150,1.0,0.03016363
59,150,2.0,0.041451186
59,150,3.0,0.05424772
59,150,4.0,0.05732735
59,150,5.0,0.05870063
59,150,6.0,0.059468832
59,150,7.0,0.059785463
59,150,8.0,0.0598773
59,150,9.0,0.05968347
59,150,10.0,0.058875244
59,150,11.0,0.057121273
59,150,12.0,0.05505908
59,150,13.0,0.053344615
59,150,14.0,0.051686835
59,151,0.0,0.02630893
59,151,1.0,0.04315856
59,151,2.0,0.057098657
59,151,3.0,0.062376518
59,151,4.0,0.06490257
59,151,5.0,0.066095896
59,151,6.0,0.0650668
59,151,7.0,0.06249927
59,151,8.0,0.059201494
59,151,9.0,0.05554473
59,151,10.0,0.051963072
59,151,11.0,0.048468433
59,151,12.0,0.04486703
59,151,13.0,0.041246407
59,151,14.0,0.03824026
59,152,0.0,0.02142075
59,152,1.0,0.033120982
59,152,2.0,0.04200276
59,152,3.0,0.045173526
59,152,4.0,0.04481628
59,152,5.0,0.042568613
59,152,6.0,0.03928474
59,152,7.0,0.035917267
59,152,8.0,0.033034552
59,152,9.0,0.029951729
59,152,10.0,0.0268162
59,152,11.0,0.023963682
59,152,12.0,0.021183308
59,152,13.0,0.0183823
59,152,14.0,0.015701007
59,153,0.0,0.009881082
59,153,1.0,0.016049696
59,153,2.0,0.021392224
59,153,3.0,0.022672364
59,153,4.0,0.020808024
59,153,5.0,0.018133147
59,153,6.0,0.015135757
59,153,7.0,0.012090974
59,153,8.0,0.009737185
59,153,9.0,0.0079658395
59,153,10.0,0.0065054405
59,153,11.0,0.0054326695
59,153,12.0,0.0046529444
59,153,13.0,0.0040357695
59,153,14.0,0.0034026967
59,154,0.0,0.0027403282
59,154,1.0,0.0040411586
59,154,2.0,0.0049293623
59,154,3.0,0.005150042
59,154,4.0,0.0047418764
59,154,5.0,0.0039712763
59,154,6.0,0.0029772453
59,154,7.0,0.002088061
59,154,8.0,0.0015641013
59,154,9.0,0.001243054
59,154,10.0,0.0010258374
59,154,11.0,0.0008671815
59,154,12.0,0.0007297477
59,154,13.0,0.0006235233
59,154,14.0,0.00055749604
59,155,0.0,0.0005106589
59,155,1.0,0.00074551423
59,155,2.0,0.00080979476
59,155,3.0,0.000811031
59,155,4.0,0.00071067264
59,155,5.0,0.000622968
59,155,6.0,0.0005177267
59,155,7.0,0.0002678329
59,155,8.0,0.0001454559
59,155,9.0,0.00010560314
59,155,10.0,7.524603e-05
59,155,11.0,5.5577544e-05
59,155,12.0,4.69723e-05
59,155,13.0,6.768679e-05
59,155,14.0,9.092743e-05
59,156,0.0,2.8252973e-05
59,156,1.0,1.2446482e-05
59,156,2.0,3.5026475e-05
59,156,3.0,4.1419866e-05
59,156,4.0,4.4003315e-05
59,156,5.0,5.4687232e-05
59,156,6.0,2.8526461e-05
59,156,7.0,4.1744934e-06
59,156,8.0,1.7525782e-06
59,156,9.0,2.1588123e-06
59,156,10.0,1.5474225e-06
59,156,11.0,5.8548426e-07
59,156,12.0,4.336855e-08
59,156,13.0,0.0
59,156,14.0,1.3892411e-11
59,157,0.0,1.5301021e-08
59,157,1.0,7.855788e-08
59,157,2.0,1.2553896e-07
59,157,3.0,1.5055387e-07
59,157,4.0,1.9031738e-07
59,157,5.0,2.8123537e-07
59,157,6.0,3.4741234e-07
59,157,7.0,3.028189e-07
59,157,8.0,1.5250674e-07
59,157,9.0,8.371248e-08
59,157,10.0,7.4026055e-08
59,157,11.0,9.334547e-08
59,157,12.0,1.10534884e-07
59,157,13.0,9.979131e-08
59,157,14.0,5.4350853e-08
59,158,0.0,4.0432667e-07
59,158,1.0,4.135156e-08
59,158,2.0,3.7142815e-08
59,158,3.0,9.322203e-08
59,158,4.0,1.3460986e-07
59,158,5.0,1.424384e-07
59,158,6.0,1.288269e-07
59,158,7.0,1.1804952e-07
59,158,8.0,1.2418533e-07
59,158,9.0,1.3798206e-07
59,158,10.0,1.4243054e-07
59,158,11.0,1.3615796e-07
59,158,12.0,1.2900207e-07
59,158,13.0,1.356399e-07
59,158,14.0,1.8193325e-07
59,159,0.0,1.7891367e-07
59,159,1.0,3.4680033e-07
59,159,2.0,2.1470672e-07
59,159,3.0,5.546558e-08
59,159,4.0,4.537333e-08
59,159,5.0,6.268886e-08
59,159,6.0,1.2879042e-07
59,159,7.0,2.0204861e-07
59,159,8.0,2.0893772e-07
59,159,9.0,1.9275123e-07
59,159,10.0,1.9067065e-07
59,159,11.0,2.030177e-07
59,159,12.0,2.1196614e-07
59,159,13.0,1.988381e-07
59,159,14.0,1.541945e-07
59,160,0.0,1.5675094e-07
59,160,1.0,7.523201e-08
59,160,2.0,1.6724216e-07
59,160,3.0,1.1868397e-07
59,160,4.0,1.0242359e-07
59,160,5.0,1.133958e-07
59,160,6.0,1.3102297e-07
59,160,7.0,1.459967e-07
59,160,8.0,1.5618917e-07
59,160,9.0,1.6047389e-07
59,160,10.0,1.6299518e-07
59,160,11.0,1.638624e-07
59,160,12.0,1.6302903e-07
59,160,13.0,1.649003e-07
59,160,14.0,1.7535702e-07
59,161,0.0,9.190682e-08
59,161,1.0,1.8571396e-07
59,161,2.0,1.4475417e-07
59,161,3.0,1.7585452e-07
59,161,4.0,2.1094462e-07
59,161,5.0,1.8048735e-07
59,161,6.0,1.5058987e-07
59,161,7.0,1.3204311e-07
59,161,8.0,1.2119975e-07
59,161,9.0,1.2317781e-07
59,161,10.0,1.3862754e-07
59,161,11.0,1.6650398e-07
59,161,12.0,1.9011759e-07
59,161,13.0,1.9211981e-07
59,161,14.0,1.8090839e-07
59,162,0.0,1.6866089e-07
59,162,1.0,1.6018066e-07
59,162,2.0,1.7389927e-07
59,162,3.0,1.8552046e-07
59,162,4.0,1.5194632e-07
59,162,5.0,1.7053685e-07
59,162,6.0,1.7614134e-07
59,162,7.0,1.7445777e-07
59,162,8.0,1.7041083e-07
59,162,9.0,1.6737924e-07
59,162,10.0,1.7524825e-07
59,162,11.0,1.8445766e-07
59,162,12.0,1.6867378e-07
59,162,13.0,1.4799011e-07
59,162,14.0,1.393303e-07
60,141,0.0,8.1497205e-08
60,141,1.0,8.194519e-08
60,141,2.0,1.04299254e-07
60,141,3.0,1.2534866e-07
60,141,4.0,1.382481e-07
60,141,5.0,1.373533e-07
60,141,6.0,1.2620056e-07
60,141,7.0,1.2811262e-07
60,141,8.0,1.4312137e-07
60,141,9.0,1.762495e-07
60,141,10.0,2.6727724e-07
60,141,11.0,3.2956774e-07
60,141,12.0,2.410388e-07
60,141,13.0,1.7716596e-07
60,141,14.0,1.6553236e-07
60,142,0.0,9.8521696e-08
60,142,1.0,7.528428e-08
60,142,2.0,9.927227e-08
60,142,3.0,2.0151293e-07
60,142,4.0,2.2858227e-07
60,142,5.0,2.0720786e-07
60,142,6.0,1.9229982e-07
60,142,7.0,1.8769693e-07
60,142,8.0,1.7671499e-07
60,142,9.0,1.4011685e-07
60,142,10.0,7.331814e-08
60,142,11.0,1.4684572e-07
60,142,12.0,1.85325e-07
60,142,13.0,1.6047771e-07
60,142,14.0,1.6449683e-07
60,143,0.0,1.2174931e-07
60,143,1.0,1.6248181e-07
60,143,2.0,1.4534604e-07
60,143,3.0,1.3365944e-07
60,143,4.0,1.1106628e-07
60,143,5.0,1.1026991e-07
60,143,6.0,1.4600738e-07
60,143,7.0,1.9666882e-07
60,143,8.0,2.0603294e-07
60,143,9.0,1.6848237e-07
60,143,10.0,1.16539546e-07
60,143,11.0,6.929547e-08
60,143,12.0,1.5512839e-07
60,143,13.0,1.3694549e-07
60,143,14.0,6.728422e-08
60,144,0.0,8.4243515e-12
60,144,1.0,6.635979e-09
60,144,2.0,2.5435922e-08
60,144,3.0,1.519217e-08
60,144,4.0,1.1815494e-09
60,144,5.0,0.0
60,144,6.0,0.0
60,144,7.0,0.0
60,144,8.0,0.0
60,144,9.0,0.0
60,144,10.0,0.0
60,144,11.0,0.0
60,144,12.0,1.983721e-09
60,144,13.0,5.3774043e-09
60,144,14.0,2.2583986e-09
60,145,0.0,0.0
60,145,1.0,0.0
60,145,2.0,0.0
60,145,3.0,0.0
60,145,4.0,0.0
60,145,5.0,0.0
60,145,6.0,0.0
60,145,7.0,0.0
60,145,8.0,7.802198e-12
60,145,9.0,3.9921175e-10
60,145,10.0,3.266173e-09
60,145,11.0,1.2965803e-08
60,145,12.0,2.9864317e-08
60,145,13.0,0.0
60,145,14.0,2.6778174e-12
60,146,0.0,3.664444e-16
60,146,1.0,0.0
60,146,2.0,0.0
60,146,3.0,0.0
60,146,4.0,5.8168426e-09
60,146,5.0,1.0418411e-06
60,146,6.0,4.313528e-06
60,146,7.0,1.0643189e-06
60,146,8.0,1.2673115e-08
60,146,9.0,6.636239e-07
60,146,10.0,2.039486e-05
60,146,11.0,8.899683e-05
60,146,12.0,0.00012250606
60,146,13.0,0.00014588195
60,146,14.0,0.00018340726
60,147,0.0,4.7731395e-05
60,147,1.0,2.2140104e-05
60,147,2.0,2.2502114e-05
60,147,3.0,5.1200605e-05
60,147,4.0,7.923753e-05
60,147,5.0,9.696928e-05
60,147,6.0,0.00011857439
60,147,7.0,0.00013079874
60,147,8.0,0.00015343123
60,147,9.0,0.00020207393
60,147,10.0,0.00025985372
60,147,11.0,0.0002798014
60,147,12.0,0.00026150708
60,147,13.0,0.00033332704
60,147,14.0,0.0005613314
60,148,0.0,0.0001340708
60,148,1.0,0.00022944136
60,148,2.0,0.00029708902
60,148,3.0,0.00048268517
60,148,4.0,0.00052589964
60,148,5.0,0.00071095134
60,148,6.0,0.00093769765
60,148,7.0,0.0010585489
60,148,8.0,0.0010449997
60,148,9.0,0.0010764218
60,148,10.0,0.0012406169
60,148,11.0,0.0015071466
60,148,12.0,0.0019388644
60,148,13.0,0.0025628244
60,148,14.0,0.0032301906
60,149,0.0,0.00081726897
60,149,1.0,0.0010231935
60,149,2.0,0.0013145402
60,149,3.0,0.0018084758
60,149,4.0,0.0025680012
60,149,5.0,0.0032496476
60,149,6.0,0.0037445792
60,149,7.0,0.0041727643
60,149,8.0,0.0046208357
60,149,9.0,0.0050718454
60,149,10.0,0.005406173
60,149,11.0,0.0057880115
60,149,12.0,0.006576968
60,149,13.0,0.0074417195
60,149,14.0,0.008162853
60,150,0.0,0.0032590374
60,150,1.0,0.003959644
60,150,2.0,0.0061609996
60,150,3.0,0.008097189
60,150,4.0,0.009531513
60,150,5.0,0.010706853
60,150,6.0,0.0114574125
60,150,7.0,0.012225337
60,150,8.0,0.013294459
60,150,9.0,0.014784542
60,150,10.0,0.016532518
60,150,11.0,0.018007936
60,150,12.0,0.019040417
60,150,13.0,0.020124042
60,150,14.0,0.021909079
60,151,0.0,0.0072425553
60,151,1.0,0.010037505
60,151,2.0,0.01468751
60,151,3.0,0.02106713
60,151,4.0,0.023913333
60,151,5.0,0.024592465
60,151,6.0,0.025801636
60,151,7.0,0.026867673
60,151,8.0,0.027643543
60,151,9.0,0.02859164
60,151,10.0,0.030653505
60,151,11.0,0.03348429
60,151,12.0,0.034854718
60,151,13.0,0.035153285
60,151,14.0,0.03493702
60,152,0.0,0.015399079
60,152,1.0,0.02097123
60,152,2.0,0.028606048
60,152,3.0,0.03960303
60,152,4.0,0.04454128
60,152,5.0,0.045927983
60,152,6.0,0.046358474
60,152,7.0,0.0463972
60,152,8.0,0.046223145
60,152,9.0,0.045905564
60,152,10.0,0.045362793
60,152,11.0,0.04425393
60,152,12.0,0.042421013
60,152,13.0,0.04068459
60,152,14.0,0.04029355
60,153,0.0,0.015180014
60,153,1.0,0.024172101
60,153,2.0,0.0388857
60,153,3.0,0.05005225
60,153,4.0,0.05336056
60,153,5.0,0.052524026
60,153,6.0,0.048887495
60,153,7.0,0.044103667
60,153,8.0,0.039667062
60,153,9.0,0.03612298
60,153,10.0,0.03344756
60,153,11.0,0.031557795
60,153,12.0,0.030044926
60,153,13.0,0.027644303
60,153,14.0,0.024233261
60,154,0.0,0.012561276
60,154,1.0,0.021446628
60,154,2.0,0.028664667
60,154,3.0,0.032513984
60,154,4.0,0.03354834
60,154,5.0,0.032740615
60,154,6.0,0.030214353
60,154,7.0,0.026174305
60,154,8.0,0.02227462
60,154,9.0,0.019564992
60,154,10.0,0.01786821
60,154,11.0,0.016392214
60,154,12.0,0.014624913
60,154,13.0,0.0128353
60,154,14.0,0.011379985
60,155,0.0,0.005908421
60,155,1.0,0.010625018
60,155,2.0,0.013776794
60,155,3.0,0.014813444
60,155,4.0,0.014270182
60,155,5.0,0.012756241
60,155,6.0,0.010689698
60,155,7.0,0.008473181
60,155,8.0,0.006733385
60,155,9.0,0.005842756
60,155,10.0,0.0052562514
60,155,11.0,0.004824221
60,155,12.0,0.004509601
60,155,13.0,0.004138901
60,155,14.0,0.0035043538
60,156,0.0,0.0011091698
60,156,1.0,0.0023112933
60,156,2.0,0.0044003194
60,156,3.0,0.0051320526
60,156,4.0,0.0046765734
60,156,5.0,0.0037779564
60,156,6.0,0.0029478818
60,156,7.0,0.0023678006
60,156,8.0,0.001991382
60,156,9.0,0.0017516117
60,156,10.0,0.0016213718
60,156,11.0,0.0015586634
60,156,12.0,0.001511813
60,156,13.0,0.0013787029
60,156,14.0,0.0011185033
60,157,0.0,0.00037656407
60,157,1.0,0.0007687623
60,157,2.0,0.0012948724
60,157,3.0,0.0014618073
60,157,4.0,0.0013772688
60,157,5.0,0.0011390527
60,157,6.0,0.0008702817
60,157,7.0,0.00067744195
60,157,8.0,0.0005642406
60,157,9.0,0.0004871001
60,157,10.0,0.00043730385
60,157,11.0,0.00040444883
60,157,12.0,0.0003816533
60,157,13.0,0.0003557247
60,157,14.0,0.00028110243
60,158,0.0,7.9000114e-05
60,158,1.0,0.00015992917
60,158,2.0,0.00025061882
60,158,3.0,0.00027762825
60,158,4.0,0.00024817025
60,158,5.0,0.00022332466
60,158,6.0,0.00017752059
60,158,7.0,8.669273e-05
60,158,8.0,9.773061e-05
60,158,9.0,0.00012372229
60,158,10.0,0.00011932944
60,158,11.0,0.00013041975
60,158,12.0,0.00014305004
60,158,13.0,0.00013501865
60,158,14.0,7.6428405e-05
60,159,0.0,3.0023766e-05
60,159,1.0,4.685118e-05
60,159,2.0,0.00012730077
60,159,3.0,0.00014177803
60,159,4.0,0.0001284143
60,159,5.0,9.7100135e-05
60,159,6.0,6.181452e-05
60,159,7.0,3.7445447e-05
60,159,8.0,1.2531425e-05
60,159,9.0,1.2011042e-06
60,159,10.0,2.2437206e-07
60,159,11.0,1.6296292e-06
60,159,12.0,1.3105177e-05
60,159,13.0,2.34164e-05
60,159,14.0,1.1774059e-05
60,160,0.0,1.3478672e-07
60,160,1.0,1.3809134e-07
60,160,2.0,1.2933966e-08
60,160,3.0,7.0713897e-09
60,160,4.0,1.789743e-08
60,160,5.0,1.892623e-08
60,160,6.0,5.073977e-08
60,160,7.0,4.68761e-08
60,160,8.0,1.2323464e-07
60,160,9.0,2.3876e-07
60,160,10.0,2.8483092e-07
60,160,11.0,2.3071071e-07
60,160,12.0,1.940645e-07
60,160,13.0,2.3207467e-07
60,160,14.0,3.5913553e-07
60,161,0.0,8.2111306e-08
60,161,1.0,4.6985465e-07
60,161,2.0,1.2607848e-07
60,161,3.0,8.728364e-09
60,161,4.0,1.2985947e-07
60,161,5.0,5.2741746e-07
60,161,6.0,8.4771534e-07
60,161,7.0,7.1333164e-07
60,161,8.0,2.9972543e-07
60,161,9.0,1.1448329e-07
60,161,10.0,1.2166697e-07
60,161,11.0,1.1957144e-07
60,161,12.0,8.562063e-08
60,161,13.0,1.209251e-07
60,161,14.0,1.9454606e-07
60,162,0.0,1.9313644e-07
60,162,1.0,1.4023733e-07
60,162,2.0,1.6806737e-07
60,162,3.0,1.450317e-07
60,162,4.0,1.4690207e-07
60,162,5.0,1.5572094e-07
60,162,6.0,1.4615658e-07
60,162,7.0,1.527516e-07
60,162,8.0,1.6766353e-07
60,162,9.0,1.6348892e-07
60,162,10.0,1.4611247e-07
60,162,11.0,1.7187128e-07
60,162,12.0,1.6771143e-07
60,162,13.0,1.8163729e-07
60,162,14.0,1.8290393e-07
60,163,0.0,2.4971703e-07
60,163,1.0,2.647478e-07
60,163,2.0,1.9265585e-07
60,163,3.0,1.1369443e-07
60,163,4.0,6.822363e-08
60,163,5.0,1.5486579e-07
60,163,6.0,2.4378346e-07
60,163,7.0,1.9650078e-07
60,163,8.0,1.2630396e-07
60,163,9.0,8.126429e-08
60,163,10.0,7.6036116e-08
60,163,11.0,1.2758026e-07
60,163,12.0,2.0290372e-07
60,163,13.0,1.9842591e-07
60,163,14.0,1.5840607e-07
60,164,0.0,1.6858004e-07
60,164,1.0,1.7980874e-07
60,164,2.0,1.6711404e-07
60,164,3.0,1.8015457e-07
60,164,4.0,1.7722155e-07
60,164,5.0,2.0700881e-07
60,164,6.0,1.9568374e-07
60,164,7.0,1.739744e-07
60,164,8.0,1.5542632e-07
60,164,9.0,1.6984661e-07
60,164,10.0,1.8912858e-07
60,164,11.0,1.6563804e-07
60,164,12.0,1.3864981e-07
60,164,13.0,1.5464302e-07
60,164,14.0,1.561475e-07
61,144,0.0,1.6141885e-07
61,144,1.0,1.5240741e-07
61,144,2.0,1.4487364e-07
61,144,3.0,2.1003555e-07
61,144,4.0,3.1340053e-07
61,144,5.0,3.5414428e-07
61,144,6.0,2.9607423e-07
61,144,7.0,1.6645879e-07
61,144,8.0,8.017819e-08
61,144,9.0,5.8104032e-08
61,144,10.0,1.1427272e-07
61,144,11.0,2.4658448e-07
61,144,12.0,2.7054807e-07
61,144,13.0,2.1926506e-07
61,144,14.0,1.2671298e-07
61,145,0.0,1.3070637e-07
61,145,1.0,1.01272306e-07
61,145,2.0,1.189884e-07
61,145,3.0,1.5234029e-07
61,145,4.0,1.711775e-07
61,145,5.0,2.13516e-07
61,145,6.0,2.1469602e-07
61,145,7.0,1.733583e-07
61,145,8.0,1.4033066e-07
61,145,9.0,1.3236917e-07
61,145,10.0,1.3413214e-07
61,145,11.0,1.2747246e-07
61,145,12.0,1.6152113e-07
61,145,13.0,2.4573737e-07
61,145,14.0,1.477447e-07
61,146,0.0,1.354904e-07
61,146,1.0,1.722046e-07
61,146,2.0,1.6155234e-07
61,146,3.0,1.6639544e-07
61,146,4.0,1.3278785e-07
61,146,5.0,1.0068313e-07
61,146,6.0,1.1060211e-07
61,146,7.0,1.4269423e-07
61,146,8.0,1.8197368e-07
61,146,9.0,2.2037361e-07
61,146,10.0,2.4619754e-07
61,146,11.0,2.3108365e-07
61,146,12.0,1.5229342e-07
61,146,13.0,9.086547e-08
61,146,14.0,1.1365015e-07
61,147,0.0,1.4171955e-07
61,147,1.0,1.7033086e-07
61,147,2.0,1.5466625e-07
61,147,3.0,1.6046386e-07
61,147,4.0,1.3075473e-07
61,147,5.0,5.6180347e-08
61,147,6.0,1.9597751e-08
61,147,7.0,7.9491755e-09
61,147,8.0,4.6465725e-09
61,147,9.0,4.8273088e-09
61,147,10.0,6.7690973e-09
61,147,11.0,9.11884e-09
61,147,12.0,1.9509834e-08
61,147,13.0,4.562903e-08
61,147,14.0,2.9530591e-08
61,148,0.0,1.5000059e-09
61,148,1.0,8.9132085e-10
61,148,2.0,1.4857194e-09
61,148,3.0,1.5851731e-09
61,148,4.0,2.379909e-09
61,148,5.0,2.839715e-09
61,148,6.0,2.2872204e-09
61,148,7.0,1.4270299e-09
61,148,8.0,7.9394913e-10
61,148,9.0,3.9878076e-10
61,148,10.0,2.9344585e-10
61,148,11.0,4.9806026e-10
61,148,12.0,7.5799096e-11
61,148,13.0,3.9592152e-11
61,148,14.0,1.1432564e-10
61,149,0.0,7.0749757e-09
61,149,1.0,5.545985e-09
61,149,2.0,1.5080898e-08
61,149,3.0,1.6226e-08
61,149,4.0,1.1264972e-08
61,149,5.0,1.0023671e-09
61,149,6.0,0.0
61,149,7.0,0.0
61,149,8.0,0.0
61,149,9.0,6.814491e-08
61,149,10.0,2.4580712e-07
61,149,11.0,1.2918333e-05
61,149,12.0,9.7931574e-05
61,149,13.0,6.4423075e-05
61,149,14.0,5.341713e-05
61,150,0.0,7.587767e-08
61,150,1.0,1.4231682e-06
61,150,2.0,5.891688e-08
61,150,3.0,1.7433209e-08
61,150,4.0,8.268552e-06
61,150,5.0,0.00015591989
61,150,6.0,0.0001845191
61,150,7.0,8.661998e-05
61,150,8.0,8.699225e-05
61,150,9.0,0.00017834966
61,150,10.0,0.00029218578
61,150,11.0,0.0004718953
61,150,12.0,0.00054193614
61,150,13.0,0.00057413726
61,150,14.0,0.0005910437
61,151,0.0,7.9415506e-05
61,151,1.0,6.0426824e-05
61,151,2.0,9.812162e-05
61,151,3.0,0.00024813582
61,151,4.0,0.0004931923
61,151,5.0,0.0005617728
61,151,6.0,0.00063943706
61,151,7.0,0.0007355471
61,151,8.0,0.0008675623
61,151,9.0,0.0011123485
61,151,10.0,0.001538481
61,151,11.0,0.0020350076
61,151,12.0,0.0024494298
61,151,13.0,0.0026536186
61,151,14.0,0.0027101971
61,152,0.0,0.00018802751
61,152,1.0,0.0006437954
61,152,2.0,0.0012940083
61,152,3.0,0.0028324514
61,152,4.0,0.0034127343
61,152,5.0,0.0036335455
61,152,6.0,0.003977379
61,152,7.0,0.004358872
61,152,8.0,0.0047460566
61,152,9.0,0.0051897257
61,152,10.0,0.005801557
61,152,11.0,0.0064777713
61,152,12.0,0.0071086613
61,152,13.0,0.007432029
61,152,14.0,0.007280444
61,153,0.0,0.0012401023
61,153,1.0,0.0039445274
61,153,2.0,0.0062868027
61,153,3.0,0.009419994
61,153,4.0,0.011719735
61,153,5.0,0.012872015
61,153,6.0,0.012687421
61,153,7.0,0.011826956
61,153,8.0,0.011201587
61,153,9.0,0.011261052
61,153,10.0,0.012185192
61,153,11.0,0.013535952
61,153,12.0,0.014666157
61,153,13.0,0.014918922
61,153,14.0,0.013939257
61,154,0.0,0.0028372228
61,154,1.0,0.0062703975
61,154,2.0,0.011920588
61,154,3.0,0.017187791
61,154,4.0,0.020627936
61,154,5.0,0.022510711
61,154,6.0,0.022912756
61,154,7.0,0.02128594
61,154,8.0,0.019092618
61,154,9.0,0.017886512
61,154,10.0,0.018081775
61,154,11.0,0.019418512
61,154,12.0,0.020658229
61,154,13.0,0.020363998
61,154,14.0,0.017780377
61,155,0.0,0.003123764
61,155,1.0,0.008179811
61,155,2.0,0.014917346
61,155,3.0,0.021411669
61,155,4.0,0.024664901
61,155,5.0,0.024868151
61,155,6.0,0.022810478
61,155,7.0,0.01998968
61,155,8.0,0.017764065
61,155,9.0,0.01662974
61,155,10.0,0.01609486
61,155,11.0,0.015439713
61,155,12.0,0.014713177
61,155,13.0,0.014030368
61,155,14.0,0.012667312
61,156,0.0,0.0018715056
61,156,1.0,0.006361937
61,156,2.0,0.010291521
61,156,3.0,0.014375184
61,156,4.0,0.017509842
61,156,5.0,0.017461026
61,156,6.0,0.015797451
61,156,7.0,0.013767544
61,156,8.0,0.01200961
61,156,9.0,0.01091137
61,156,10.0,0.010579958
61,156,11.0,0.010648179
61,156,12.0,0.010509067
61,156,13.0,0.009422734
61,156,14.0,0.007042308
61,157,0.0,0.0013061949
61,157,1.0,0.0046108314
61,157,2.0,0.0076876935
61,157,3.0,0.009537147
61,157,4.0,0.010025976
61,157,5.0,0.009581241
61,157,6.0,0.00861049
61,157,7.0,0.0073776506
61,157,8.0,0.006204877
61,157,9.0,0.005376826
61,157,10.0,0.0049348604
61,157,11.0,0.004689395
61,157,12.0,0.0044335728
61,157,13.0,0.004015877
61,157,14.0,0.0032963546
61,158,0.0,0.00046206944
61,158,1.0,0.0014949105
61,158,2.0,0.0025788825
61,158,3.0,0.0042044935
61,158,4.0,0.0047929664
61,158,5.0,0.0044498453
61,158,6.0,0.0036906041
61,158,7.0,0.0028802494
61,158,8.0,0.002301885
61,158,9.0,0.0019989265
61,158,10.0,0.0018465372
61,158,11.0,0.0017407795
61,158,12.0,0.0016295525
61,158,13.0,0.0014643284
61,158,14.0,0.0011662581
61,159,0.0,0.0001111945
61,159,1.0,0.00046497912
61,159,2.0,0.0009493513
61,159,3.0,0.0013138058
61,159,4.0,0.0014164351
61,159,5.0,0.0013434328
61,159,6.0,0.0011513607
61,159,7.0,0.00090368715
61,159,8.0,0.00067624013
61,159,9.0,0.0005280567
61,159,10.0,0.00045981168
61,159,11.0,0.00042715343
61,159,12.0,0.00039880496
61,159,13.0,0.00036508235
61,159,14.0,0.00031933063
61,160,0.0,4.7036083e-05
61,160,1.0,9.05442e-05
61,160,2.0,0.0001335229
61,160,3.0,0.00027638083
61,160,4.0,0.0003022939
61,160,5.0,0.0002821607
61,160,6.0,0.00024018224
61,160,7.0,0.00019590041
61,160,8.0,0.00016186053
61,160,9.0,0.00014061024
61,160,10.0,0.00013157497
61,160,11.0,0.00012849871
61,160,12.0,0.00012247074
61,160,13.0,0.00010495055
61,160,14.0,7.5876575e-05
61,161,0.0,3.8247638e-08
61,161,1.0,7.3528133e-07
61,161,2.0,7.789517e-08
61,161,3.0,2.927445e-07
61,161,4.0,5.4082744e-08
61,161,5.0,2.0696543e-08
61,161,6.0,5.2695857e-08
61,161,7.0,1.7378255e-07
61,161,8.0,2.8324175e-07
61,161,9.0,2.7249206e-07
61,161,10.0,1.7823693e-07
61,161,11.0,8.984227e-08
61,161,12.0,5.9513294e-08
61,161,13.0,1.164238e-07
61,161,14.0,4.1197637e-07
61,162,0.0,1.0166505e-07
61,162,1.0,3.8079843e-08
61,162,2.0,9.940846e-09
61,162,3.0,2.1491351e-08
61,162,4.0,3.71902e-08
61,162,5.0,1.7006016e-07
61,162,6.0,4.2436497e-07
61,162,7.0,6.874451e-07
61,162,8.0,9.1635087e-07
61,162,9.0,1.0981307e-06
61,162,10.0,1.0424106e-06
61,162,11.0,5.664144e-07
61,162,12.0,2.1867197e-07
61,162,13.0,1.264146e-07
61,162,14.0,2.1096633e-07
61,163,0.0,1.3553714e-07
61,163,1.0,1.3150596e-07
61,163,2.0,3.4223353e-07
61,163,3.0,9.48095e-07
61,163,4.0,1.2840589e-07
61,163,5.0,9.491853e-08
61,163,6.0,1.3122258e-07
61,163,7.0,1.8714339e-07
61,163,8.0,2.319896e-07
61,163,9.0,2.4004308e-07
61,163,10.0,2.1929829e-07
61,163,11.0,1.9889816e-07
61,163,12.0,2.0302284e-07
61,163,13.0,2.3300314e-07
61,163,14.0,2.4046807e-07
61,164,0.0,1.4121261e-07
61,164,1.0,1.2582902e-07
61,164,2.0,1.0867683e-07
61,164,3.0,4.6313172e-08
61,164,4.0,2.3934317e-07
61,164,5.0,2.3670457e-07
61,164,6.0,1.3327612e-07
61,164,7.0,8.626866e-08
61,164,8.0,8.6061526e-08
61,164,9.0,1.0145143e-07
61,164,10.0,1.3308455e-07
61,164,11.0,1.861596e-07
61,164,12.0,2.2138718e-07
61,164,13.0,2.2132939e-07
61,164,14.0,1.7196437e-07
61,165,0.0,1.2657893e-07
61,165,1.0,8.7521165e-08
61,165,2.0,1.488171e-07
61,165,3.0,9.758399e-09
61,165,4.0,1.6213188e-07
61,165,5.0,2.240576e-07
61,165,6.0,1.9369716e-07
61,165,7.0,2.1443871e-07
61,165,8.0,2.1766894e-07
61,165,9.0,1.6263863e-07
61,165,10.0,1.15629035e-07
61,165,11.0,9.254401e-08
61,165,12.0,1.1785794e-07
61,165,13.0,1.1924598e-07
61,165,14.0,1.3611404e-07
61,166,0.0,1.583507e-07
61,166,1.0,2.104171e-07
61,166,2.0,2.1653891e-07
61,166,3.0,1.17349195e-07
61,166,4.0,1.451447e-07
61,166,5.0,2.0322301e-07
61,166,6.0,2.0681799e-07
61,166,7.0,1.36267e-07
61,166,8.0,1.0921046e-07
61,166,9.0,8.731693e-08
61,166,10.0,7.791963e-08
61,166,11.0,9.516955e-08
61,166,12.0,1.0923195e-07
61,166,13.0,1.2080994e-07
61,166,14.0,1.270235e-07
62,146,0.0,1.8527017e-07
62,146,1.0,1.9948095e-07
62,146,2.0,1.0692616e-07
62,146,3.0,1.295694e-07
62,146,4.0,1.4114141e-07
62,146,5.0,1.2862517e-07
62,146,6.0,1.1900788e-07
62,146,7.0,1.13573066e-07
62,146,8.0,1.1483686e-07
62,146,9.0,1.27699e-07
62,146,10.0,1.4998295e-07
62,146,11.0,1.8349613e-07
62,146,12.0,1.795289e-07
62,146,13.0,1.2329386e-07
62,146,14.0,1.3571953e-07
62,147,0.0,1.0089824e-07
62,147,1.0,1.1474765e-07
62,147,2.0,9.495077e-08
62,147,3.0,1.05040826e-07
62,147,4.0,1.2454929e-07
62,147,5.0,1.357659e-07
62,147,6.0,1.496693e-07
62,147,7.0,1.6599019e-07
62,147,8.0,1.7276305e-07
62,147,9.0,1.5827075e-07
62,147,10.0,1.5233019e-07
62,147,11.0,1.2263084e-07
62,147,12.0,8.9322214e-08
62,147,13.0,1.138872e-07
62,147,14.0,1.575248e-07
62,148,0.0,1.0748446e-07
62,148,1.0,1.260127e-07
62,148,2.0,5.1044733e-08
62,148,3.0,8.1970306e-08
62,148,4.0,1.15063095e-07
62,148,5.0,1.3212653e-07
62,148,6.0,1.3752859e-07
62,148,7.0,1.2663973e-07
62,148,8.0,9.4175505e-08
62,148,9.0,6.589567e-08
62,148,10.0,8.446035e-08
62,148,11.0,9.8578056e-08
62,148,12.0,1.3667668e-07
62,148,13.0,1.3285793e-07
62,148,14.0,1.2513121e-07
62,149,0.0,1.1166621e-08
62,149,1.0,1.5535035e-09
62,149,2.0,3.2661474e-09
62,149,3.0,7.1911876e-09
62,149,4.0,3.1733898e-09
62,149,5.0,1.4280958e-09
62,149,6.0,1.1277771e-09
62,149,7.0,1.3007162e-09
62,149,8.0,2.8863023e-09
62,149,9.0,8.795894e-09
62,149,10.0,2.0904668e-08
62,149,11.0,1.457562e-08
62,149,12.0,1.5514103e-09
62,149,13.0,3.4327494e-10
62,149,14.0,5.275498e-10
62,150,0.0,7.175458e-14
62,150,1.0,1.4874747e-09
62,150,2.0,5.1379942e-08
62,150,3.0,2.8494557e-07
62,150,4.0,4.3379282e-07
62,150,5.0,2.5031548e-07
62,150,6.0,9.3766346e-08
62,150,7.0,3.0862218e-08
62,150,8.0,1.4356894e-08
62,150,9.0,5.299233e-09
62,150,10.0,0.0
62,150,11.0,1.2845772e-09
62,150,12.0,2.4962185e-12
62,150,13.0,1.7802833e-05
62,150,14.0,2.6209587e-05
62,151,0.0,7.139826e-10
62,151,1.0,4.5969427e-14
62,151,2.0,5.245885e-11
62,151,3.0,4.232847e-17
62,151,4.0,9.428509e-09
62,151,5.0,1.428479e-07
62,151,6.0,2.529479e-07
62,151,7.0,1.7071099e-07
62,151,8.0,4.759858e-08
62,151,9.0,0.0
62,151,10.0,6.366681e-11
62,151,11.0,9.831996e-06
62,151,12.0,0.00010510759
62,151,13.0,0.00010799537
62,151,14.0,0.000102997954
62,152,0.0,0.0
62,152,1.0,4.6313003e-10
62,152,2.0,1.8120491e-09
62,152,3.0,1.369663e-05
62,152,4.0,6.844856e-05
62,152,5.0,7.9886464e-05
62,152,6.0,0.00012071165
62,152,7.0,0.00015441116
62,152,8.0,0.00019796558
62,152,9.0,0.0002689589
62,152,10.0,0.00034146593
62,152,11.0,0.00040478312
62,152,12.0,0.00047473313
62,152,13.0,0.0005651948
62,152,14.0,0.0007599901
62,153,0.0,9.577808e-05
62,153,1.0,0.00015084776
62,153,2.0,0.00046324913
62,153,3.0,0.0006628673
62,153,4.0,0.0009777326
62,153,5.0,0.0013002044
62,153,6.0,0.0015372095
62,153,7.0,0.0016463342
62,153,8.0,0.0017164875
62,153,9.0,0.0018344682
62,153,10.0,0.0020413054
62,153,11.0,0.0022668506
62,153,12.0,0.002481579
62,153,13.0,0.0026395577
62,153,14.0,0.0026373554
62,154,0.0,0.00053834077
62,154,1.0,0.00096769584
62,154,2.0,0.0019312436
62,154,3.0,0.0031367713
62,154,4.0,0.0038894082
62,154,5.0,0.0042283433
62,154,6.0,0.0043043117
62,154,7.0,0.0043138973
62,154,8.0,0.004386084
62,154,9.0,0.0045409785
62,154,10.0,0.004908167
62,154,11.0,0.00552604
62,154,12.0,0.0062370235
62,154,13.0,0.00674
62,154,14.0,0.00688395
62,155,0.0,0.0010053501
62,155,1.0,0.0018527055
62,155,2.0,0.0050545693
62,155,3.0,0.007860261
62,155,4.0,0.00918903
62,155,5.0,0.009613246
62,155,6.0,0.009554728
62,155,7.0,0.009303247
62,155,8.0,0.009079013
62,155,9.0,0.009033539
62,155,10.0,0.009214757
62,155,11.0,0.009388861
62,155,12.0,0.009346072
62,155,13.0,0.009095581
62,155,14.0,0.008690102
62,156,0.0,0.0019328629
62,156,1.0,0.0046485793
62,156,2.0,0.009021152
62,156,3.0,0.01301355
62,156,4.0,0.014683729
62,156,5.0,0.014621033
62,156,6.0,0.0135555295
62,156,7.0,0.011985782
62,156,8.0,0.010307377
62,156,9.0,0.009010821
62,156,10.0,0.008362385
62,156,11.0,0.0081568565
62,156,12.0,0.008025535
62,156,13.0,0.007745727
62,156,14.0,0.0072541605
62,157,0.0,0.0011331833
62,157,1.0,0.0030500079
62,157,2.0,0.007873713
62,157,3.0,0.010588813
62,157,4.0,0.011633298
62,157,5.0,0.0115446905
62,157,6.0,0.010823218
62,157,7.0,0.009859192
62,157,8.0,0.008925872
62,157,9.0,0.008170046
62,157,10.0,0.007664217
62,157,11.0,0.0074008806
62,157,12.0,0.007299046
62,157,13.0,0.007210046
62,157,14.0,0.006984648
62,158,0.0,0.0011955817
62,158,1.0,0.0019610238
62,158,2.0,0.004911937
62,158,3.0,0.008671524
62,158,4.0,0.010118694
62,158,5.0,0.009942437
62,158,6.0,0.009117369
62,158,7.0,0.008031156
62,158,8.0,0.0070079397
62,158,9.0,0.006341947
62,158,10.0,0.0060810302
62,158,11.0,0.0059230854
62,158,12.0,0.005651742
62,158,13.0,0.0052182022
62,158,14.0,0.00466822
62,159,0.0,0.0004589934
62,159,1.0,0.0017664729
62,159,2.0,0.003552313
62,159,3.0,0.0057010474
62,159,4.0,0.0068051997
62,159,5.0,0.0067221387
62,159,6.0,0.0060632546
62,159,7.0,0.005088736
62,159,8.0,0.0041391035
62,159,9.0,0.0035243419
62,159,10.0,0.003273463
62,159,11.0,0.0032095364
62,159,12.0,0.003140543
62,159,13.0,0.0029428366
62,159,14.0,0.0025324074
62,160,0.0,0.00015159456
62,160,1.0,0.00054606627
62,160,2.0,0.0014497205
62,160,3.0,0.0026740127
62,160,4.0,0.00288576
62,160,5.0,0.0027502475
62,160,6.0,0.0024392551
62,160,7.0,0.002137861
62,160,8.0,0.001829768
62,160,9.0,0.0015663988
62,160,10.0,0.0013642051
62,160,11.0,0.0011784311
62,160,12.0,0.0010285518
62,160,13.0,0.0009351126
62,160,14.0,0.00089363306
62,161,0.0,7.0253736e-05
62,161,1.0,0.00015655268
62,161,2.0,0.000489889
62,161,3.0,0.0006909874
62,161,4.0,0.0007728351
62,161,5.0,0.00072871166
62,161,6.0,0.000618
62,161,7.0,0.00050785363
62,161,8.0,0.00043291328
62,161,9.0,0.0003954803
62,161,10.0,0.00037967984
62,161,11.0,0.00036026788
62,161,12.0,0.00033568178
62,161,13.0,0.00030880084
62,161,14.0,0.00026871986
62,162,0.0,3.823316e-05
62,162,1.0,2.6542943e-06
62,162,2.0,3.00342e-05
62,162,3.0,0.00017086031
62,162,4.0,0.0002376118
62,162,5.0,0.00022467587
62,162,6.0,0.00018869434
62,162,7.0,0.00012414866
62,162,8.0,7.58908e-05
62,162,9.0,6.118369e-05
62,162,10.0,8.463768e-05
62,162,11.0,0.00014613554
62,162,12.0,5.7118974e-05
62,162,13.0,1.1840682e-06
62,162,14.0,3.5214782e-09
62,163,0.0,1.65481e-07
62,163,1.0,5.265827e-07
62,163,2.0,1.8393142e-07
62,163,3.0,1.300153e-07
62,163,4.0,3.1559478e-07
62,163,5.0,3.165013e-07
62,163,6.0,1.0503144e-07
62,163,7.0,2.1524485e-08
62,163,8.0,4.3762016e-09
62,163,9.0,2.3776554e-09
62,163,10.0,8.905815e-09
62,163,11.0,6.409544e-08
62,163,12.0,2.0329034e-07
62,163,13.0,3.6636945e-07
62,163,14.0,4.3005207e-07
62,164,0.0,1.1816382e-07
62,164,1.0,2.3907754e-07
62,164,2.0,2.2467945e-07
62,164,3.0,2.9351078e-08
62,164,4.0,1.5576907e-07
62,164,5.0,1.1863253e-07
62,164,6.0,8.792372e-08
62,164,7.0,1.0102518e-07
62,164,8.0,1.4976776e-07
62,164,9.0,1.9174595e-07
62,164,10.0,1.8019472e-07
62,164,11.0,1.9317928e-07
62,164,12.0,1.8941309e-07
62,164,13.0,1.7728128e-07
62,164,14.0,1.7746984e-07
62,165,0.0,1.3100369e-07
62,165,1.0,1.6301162e-07
62,165,2.0,1.4296617e-07
62,165,3.0,2.2195408e-07
62,165,4.0,2.5040887e-07
62,165,5.0,7.46618e-08
62,165,6.0,9.059967e-08
62,165,7.0,1.6983864e-07
62,165,8.0,1.7944053e-07
62,165,9.0,1.5149546e-07
62,165,10.0,1.5026663e-07
62,165,11.0,1.6096908e-07
62,165,12.0,1.1228828e-07
62,165,13.0,1.0381235e-07
62,165,14.0,7.029389e-08
62,166,0.0,1.5587845e-07
62,166,1.0,1.7940157e-07
62,166,2.0,1.4213099e-07
62,166,3.0,1.765943e-07
62,166,4.0,1.7347683e-07
62,166,5.0,1.5944174e-07
62,166,6.0,1.5506457e-07
62,166,7.0,1.5705919e-07
62,166,8.0,1.6258169e-07
62,166,9.0,1.6245093e-07
62,166,10.0,1.6999478e-07
62,166,11.0,1.6175224e-07
62,166,12.0,1.4227939e-07
62,166,13.0,1.5113145e-07
62,166,14.0,1.4472454e-07
62,167,0.0,1.2354073e-07
62,167,1.0,1.2158235e-07
62,167,2.0,1.6671042e-07
62,167,3.0,2.1623752e-07
62,167,4.0,1.9923182e-07
62,167,5.0,1.9938307e-07
62,167,6.0,1.9212801e-07
62,167,7.0,1.7000725e-07
62,167,8.0,1.6090874e-07
62,167,9.0,1.3630462e-07
62,167,10.0,1.4037171e-07
62,167,11.0,1.5393447e-07
62,167,12.0,1.5605809e-07
62,167,13.0,1.65686e-07
62,167,14.0,1.4612672e-07
62,168,0.0,1.7074352e-07
62,168,1.0,1.803814e-07
62,168,2.0,1.7188839e-07
62,168,3.0,1.1488893e-07
62,168,4.0,1.14217904e-07
62,168,5.0,1.152069e-07
62,168,6.0,1.4770293e-07
62,168,7.0,1.8048421e-07
62,168,8.0,2.0360038e-07
62,168,9.0,2.1202149e-07
62,168,10.0,1.7350419e-07
62,168,11.0,1.7599072e-07
62,168,12.0,1.5705074e-07
62,168,13.0,1.2057066e-07
62,168,14.0,1.6234003e-07
63,149,0.0,1.5244419e-07
63,149,1.0,1.14814554e-07
63,149,2.0,1.6758896e-07
63,149,3.0,1.4936701e-07
63,149,4.0,1.3186772e-07
63,149,5.0,1.4033542e-07
63,149,6.0,1.5507482e-07
63,149,7.0,1.7376733e-07
63,149,8.0,1.9977085e-07
63,149,9.0,2.1639296e-07
63,149,10.0,1.9514694e-07
63,149,11.0,1.4137984e-07
63,149,12.0,1.14877025e-07
63,149,13.0,1.4121825e-07
63,149,14.0,1.4800314e-07
63,150,0.0,1.4998705e-07
63,150,1.0,1.2368297e-07
63,150,2.0,8.533576e-08
63,150,3.0,1.06678954e-07
63,150,4.0,1.22053e-07
63,150,5.0,1.215967e-07
63,150,6.0,1.2542412e-07
63,150,7.0,1.3453239e-07
63,150,8.0,1.3903352e-07
63,150,9.0,1.2663733e-07
63,150,10.0,1.8504088e-07
63,150,11.0,1.7976191e-07
63,150,12.0,1.6691263e-07
63,150,13.0,1.7265852e-07
63,150,14.0,1.7404346e-07
63,151,0.0,1.15629405e-07
63,151,1.0,1.6732302e-07
63,151,2.0,2.194161e-07
63,151,3.0,2.100876e-07
63,151,4.0,1.7824726e-07
63,151,5.0,1.7407292e-07
63,151,6.0,1.6326128e-07
63,151,7.0,1.5178767e-07
63,151,8.0,1.3347662e-07
63,151,9.0,1.10926e-07
63,151,10.0,1.1743085e-07
63,151,11.0,1.0511492e-07
63,151,12.0,1.1419865e-07
63,151,13.0,1.1406874e-07
63,151,14.0,9.703825e-08
63,152,0.0,1.9036898e-07
63,152,1.0,1.9547143e-07
63,152,2.0,2.02106e-07
63,152,3.0,1.6100692e-07
63,152,4.0,1.463951e-07
63,152,5.0,1.2459711e-07
63,152,6.0,1.1245876e-07
63,152,7.0,1.090208e-07
63,152,8.0,1.08674335e-07
63,152,9.0,1.0045995e-07
63,152,10.0,6.965894e-08
63,152,11.0,5.3293558e-08
63,152,12.0,4.6598913e-08
63,152,13.0,3.0304093e-08
63,152,14.0,2.4754975e-08
63,153,0.0,1.6945948e-07
63,153,1.0,1.2586047e-07
63,153,2.0,3.20765e-08
63,153,3.0,9.546659e-09
63,153,4.0,1.0713462e-08
63,153,5.0,4.5566726e-08
63,153,6.0,1.17099596e-07
63,153,7.0,2.0695039e-07
63,153,8.0,2.7607035e-07
63,153,9.0,2.4195435e-07
63,153,10.0,9.299328e-08
63,153,11.0,6.12791e-08
63,153,12.0,1.4381385e-07
63,153,13.0,9.1075904e-08
63,153,14.0,2.1952703e-08
63,154,0.0,1.1848201e-09
63,154,1.0,5.3458116e-11
63,154,2.0,1.1835507e-05
63,154,3.0,5.0403585e-05
63,154,4.0,4.4584987e-05
63,154,5.0,2.9008845e-05
63,154,6.0,1.7430291e-05
63,154,7.0,1.2364961e-05
63,154,8.0,1.0798767e-05
63,154,9.0,1.1163309e-05
63,154,10.0,1.42919e-05
63,154,11.0,2.5336163e-05
63,154,12.0,4.8101618e-05
63,154,13.0,6.7930734e-05
63,154,14.0,6.134051e-05
63,155,0.0,0.0
63,155,1.0,4.159445e-05
63,155,2.0,2.231006e-05
63,155,3.0,3.0868086e-05
63,155,4.0,6.181514e-05
63,155,5.0,9.256455e-05
63,155,6.0,0.00011119815
63,155,7.0,0.000120792014
63,155,8.0,0.00012758495
63,155,9.0,0.00013766403
63,155,10.0,0.00015279163
63,155,11.0,0.00015886403
63,155,12.0,0.00015803635
63,155,13.0,0.00015300489
63,155,14.0,0.00013208279
63,156,0.0,6.264256e-06
63,156,1.0,2.4929346e-05
63,156,2.0,0.00011527623
63,156,3.0,0.00020209677
63,156,4.0,0.00026741184
63,156,5.0,0.00035048445
63,156,6.0,0.00038403197
63,156,7.0,0.00038284768
63,156,8.0,0.00037388917
63,156,9.0,0.0003784442
63,156,10.0,0.00041394684
63,156,11.0,0.00046810452
63,156,12.0,0.0005226522
63,156,13.0,0.0005584029
63,156,14.0,0.00051992777
63,157,0.0,1.0890482e-08
63,157,1.0,4.4362423e-05
63,157,2.0,0.00019395511
63,157,3.0,0.0004169553
63,157,4.0,0.0006048317
63,157,5.0,0.00064091856
63,157,6.0,0.00062886864
63,157,7.0,0.0006003138
63,157,8.0,0.00057136273
63,157,9.0,0.0005515769
63,157,10.0,0.0005519928
63,157,11.0,0.0005824892
63,157,12.0,0.000648055
63,157,13.0,0.00071678386
63,157,14.0,0.0007115954
63,158,0.0,6.5085886e-05
63,158,1.0,4.8833164e-05
63,158,2.0,0.0003612777
63,158,3.0,0.00064551743
63,158,4.0,0.000807555
63,158,5.0,0.0010048414
63,158,6.0,0.0010929083
63,158,7.0,0.0010931183
63,158,8.0,0.0010657042
63,158,9.0,0.0010578285
63,158,10.0,0.0011065584
63,158,11.0,0.001203766
63,158,12.0,0.0013076293
63,158,13.0,0.0013633482
63,158,14.0,0.0013041444
63,159,0.0,3.7803544e-05
63,159,1.0,5.34319e-05
63,159,2.0,0.00046565008
63,159,3.0,0.0007456175
63,159,4.0,0.0010164598
63,159,5.0,0.001231224
63,159,6.0,0.0013297265
63,159,7.0,0.0013349032
63,159,8.0,0.0013038847
63,159,9.0,0.0012869409
63,159,10.0,0.0013198808
63,159,11.0,0.0013818521
63,159,12.0,0.001420898
63,159,13.0,0.0013925475
63,159,14.0,0.0012604706
63,160,0.0,3.5098903e-08
63,160,1.0,0.00021091338
63,160,2.0,0.00048187433
63,160,3.0,0.0009781712
63,160,4.0,0.0012723
63,160,5.0,0.0014229546
63,160,6.0,0.0014543365
63,160,7.0,0.0014175439
63,160,8.0,0.0013655131
63,160,9.0,0.001336504
63,160,10.0,0.001355664
63,160,11.0,0.0014057732
63,160,12.0,0.0014339846
63,160,13.0,0.0013874136
63,160,14.0,0.0012376385
63,161,0.0,1.8321578e-05
63,161,1.0,0.00012784844
63,161,2.0,0.00030636287
63,161,3.0,0.00072066864
63,161,4.0,0.001027699
63,161,5.0,0.0011644161
63,161,6.0,0.0011685025
63,161,7.0,0.0011076856
63,161,8.0,0.0010346492
63,161,9.0,0.0009803958
63,161,10.0,0.000959768
63,161,11.0,0.0009560322
63,161,12.0,0.0009411416
63,161,13.0,0.00088761264
63,161,14.0,0.00077152916
63,162,0.0,5.5943638e-05
63,162,1.0,5.6752186e-05
63,162,2.0,0.00016278206
63,162,3.0,0.00039705625
63,162,4.0,0.0006398163
63,162,5.0,0.00072903134
63,162,6.0,0.00068598596
63,162,7.0,0.0005997261
63,162,8.0,0.0005131159
63,162,9.0,0.00045348876
63,162,10.0,0.00042592603
63,162,11.0,0.00042071397
63,162,12.0,0.00042118062
63,162,13.0,0.00041300786
63,162,14.0,0.00039974067
63,163,0.0,5.1076066e-10
63,163,1.0,6.1012353e-05
63,163,2.0,2.6486314e-05
63,163,3.0,5.0153696e-05
63,163,4.0,0.00014393429
63,163,5.0,0.0001437925
63,163,6.0,0.00016368285
63,163,7.0,0.0001913363
63,163,8.0,0.00022209497
63,163,9.0,0.0002483149
63,163,10.0,0.00026040763
63,163,11.0,0.00024694132
63,163,12.0,0.00021240902
63,163,13.0,0.0001674598
63,163,14.0,0.00011179758
63,164,0.0,6.502978e-13
63,164,1.0,1.33548225e-11
63,164,2.0,6.753807e-12
63,164,3.0,2.560055e-06
63,164,4.0,4.1381918e-05
63,164,5.0,8.521151e-05
63,164,6.0,2.8680348e-05
63,164,7.0,4.931646e-06
63,164,8.0,1.859426e-06
63,164,9.0,3.4882228e-06
63,164,10.0,1.0010378e-05
63,164,11.0,2.0199775e-05
63,164,12.0,2.6447968e-05
63,164,13.0,2.8857885e-05
63,164,14.0,2.3900422e-05
63,165,0.0,8.838265e-08
63,165,1.0,4.3353147e-08
63,165,2.0,1.7541576e-07
63,165,3.0,1.3529603e-07
63,165,4.0,2.419433e-07
63,165,5.0,2.4486556e-07
63,165,6.0,1.4394065e-07
63,165,7.0,1.0290527e-07
63,165,8.0,1.1128656e-07
63,165,9.0,1.6265939e-07
63,165,10.0,2.4151703e-07
63,165,11.0,2.759225e-07
63,165,12.0,2.6768035e-07
63,165,13.0,2.9411441e-07
63,165,14.0,5.518134e-07
63,166,0.0,1.2953521e-07
63,166,1.0,2.9964374e-07
63,166,2.0,2.1164365e-07
63,166,3.0,8.107311e-08
63,166,4.0,1.2875233e-07
63,166,5.0,2.2268762e-07
63,166,6.0,2.0029064e-07
63,166,7.0,1.4890111e-07
63,166,8.0,1.2476677e-07
63,166,9.0,1.1440986e-07
63,166,10.0,1.05019616e-07
63,166,11.0,7.5340374e-08
63,166,12.0,7.372158e-08
63,166,13.0,8.6246764e-08
63,166,14.0,8.4808164e-08
63,167,0.0,1.856937e-07
63,167,1.0,4.780046e-07
63,167,2.0,1.7016501e-07
63,167,3.0,1.2210243e-07
63,167,4.0,1.2502218e-07
63,167,5.0,1.498508e-07
63,167,6.0,1.4165731e-07
63,167,7.0,1.395135e-07
63,167,8.0,1.5114425e-07
63,167,9.0,1.460617e-07
63,167,10.0,1.2874627e-07
63,167,11.0,1.1974439e-07
63,167,12.0,1.14216796e-07
63,167,13.0,1.17584435e-07
63,167,14.0,1.1994786e-07
63,168,0.0,1.749192e-07
63,168,1.0,1.4642855e-07
63,168,2.0,1.7866128e-07
63,168,3.0,2.176329e-07
63,168,4.0,1.4072174e-07
63,168,5.0,1.6170513e-07
63,168,6.0,1.7138727e-07
63,168,7.0,1.4195828e-07
63,168,8.0,1.3628771e-07
63,168,9.0,1.1861652e-07
63,168,10.0,1.0911381e-07
63,168,11.0,9.540974e-08
63,168,12.0,7.598073e-08
63,168,13.0,1.0318534e-07
63,168,14.0,1.5388538e-07
63,169,0.0,1.2945506e-07
63,169,1.0,1.2757704e-07
63,169,2.0,1.475041e-07
63,169,3.0,1.1759579e-07
63,169,4.0,1.7622233e-07
63,169,5.0,1.1933246e-07
63,169,6.0,1.3240764e-07
63,169,7.0,1.4317489e-07
63,169,8.0,1.4441608e-07
63,169,9.0,1.4254769e-07
63,169,10.0,1.2993247e-07
63,169,11.0,1.5933144e-07
63,169,12.0,2.1522621e-07
63,169,13.0,1.7985715e-07
63,169,14.0,1.4671252e-07
63,170,0.0,1.3339007e-07
63,170,1.0,7.2678084e-08
63,170,2.0,1.3745539e-07
63,170,3.0,1.7482897e-07
63,170,4.0,1.4853502e-07
63,170,5.0,1.23257e-07
63,170,6.0,1.2996307e-07
63,170,7.0,1.233829e-07
63,170,8.0,1.3155824e-07
63,170,9.0,1.5878075e-07
63,170,10.0,1.3597132e-07
63,170,11.0,1.5046643e-07
63,170,12.0,1.8568943e-07
63,170,13.0,1.4982403e-07
63,170,14.0,1.3493899e-07
64,151,0.0,1.3092858e-07
64,151,1.0,1.5141445e-07
64,151,2.0,1.5288751e-07
64,151,3.0,1.4625016e-07
64,151,4.0,1.858521e-07
64,151,5.0,1.584411e-07
64,151,6.0,1.6251364e-07
64,151,7.0,1.9848868e-07
64,151,8.0,2.3598197e-07
64,151,9.0,2.6277692e-07
64,151,10.0,2.55538e-07
64,151,11.0,1.5224012e-07
64,151,12.0,1.3993349e-07
64,151,13.0,1.3995074e-07
64,151,14.0,1.3104186e-07
64,152,0.0,1.4935297e-07
64,152,1.0,1.3922889e-07
64,152,2.0,1.7350622e-07
64,152,3.0,1.3621965e-07
64,152,4.0,1.7707384e-07
64,152,5.0,1.6941468e-07
64,152,6.0,1.8353576e-07
64,152,7.0,1.556219e-07
64,152,8.0,1.3409455e-07
64,152,9.0,1.3559482e-07
64,152,10.0,1.4102339e-07
64,152,11.0,1.6021885e-07
64,152,12.0,1.9936226e-07
64,152,13.0,1.7318064e-07
64,152,14.0,1.378106e-07
64,153,0.0,1.6142558e-07
64,153,1.0,2.0236406e-07
64,153,2.0,2.0794751e-07
64,153,3.0,2.0518405e-07
64,153,4.0,1.8469068e-07
64,153,5.0,1.9391629e-07
64,153,6.0,1.9732036e-07
64,153,7.0,1.8397166e-07
64,153,8.0,1.6142798e-07
64,153,9.0,1.426496e-07
64,153,10.0,1.345416e-07
64,153,11.0,1.2311826e-07
64,153,12.0,1.3891382e-07
64,153,13.0,1.876894e-07
64,153,14.0,1.8107262e-07
64,154,0.0,1.5308116e-07
64,154,1.0,1.17064886e-07
64,154,2.0,1.9588512e-07
64,154,3.0,1.6696924e-07
64,154,4.0,1.1332583e-07
64,154,5.0,1.6174022e-07
64,154,6.0,1.6662241e-07
64,154,7.0,1.521051e-07
64,154,8.0,1.4246505e-07
64,154,9.0,1.3665125e-07
64,154,10.0,1.2747769e-07
64,154,11.0,1.0424703e-07
64,154,12.0,1.2273908e-07
64,154,13.0,1.6478668e-07
64,154,14.0,1.7533506e-07
64,155,0.0,1.6449877e-07
64,155,1.0,2.1947531e-07
64,155,2.0,1.4366161e-07
64,155,3.0,1.4493162e-07
64,155,4.0,1.5451663e-07
64,155,5.0,7.842483e-08
64,155,6.0,4.580327e-08
64,155,7.0,4.5269097e-08
64,155,8.0,7.841897e-08
64,155,9.0,1.6497006e-07
64,155,10.0,1.8270843e-07
64,155,11.0,7.571539e-08
64,155,12.0,9.202423e-08
64,155,13.0,3.7562933e-07
64,155,14.0,6.756285e-07
64,156,0.0,1.6467118e-07
64,156,1.0,9.315717e-08
64,156,2.0,1.7982072e-07
64,156,3.0,2.7158046e-07
64,156,4.0,1.9371478e-07
64,156,5.0,1.5729398e-07
64,156,6.0,1.5637657e-07
64,156,7.0,1.08414845e-07
64,156,8.0,1.05892674e-07
64,156,9.0,2.9003465e-07
64,156,10.0,3.0632725e-07
64,156,11.0,2.1691673e-09
64,156,12.0,1.2971641e-07
64,156,13.0,2.452693e-07
64,156,14.0,2.2454108e-07
64,157,0.0,5.591141e-11
64,157,1.0,7.318206e-09
64,157,2.0,1.9023654e-12
64,157,3.0,3.1998e-06
64,157,4.0,1.40356115e-05
64,157,5.0,2.6771095e-05
64,157,6.0,2.0712127e-05
64,157,7.0,1.4500793e-05
64,157,8.0,1.072642e-05
64,157,9.0,5.541109e-06
64,157,10.0,2.0468651e-06
64,157,11.0,5.320595e-06
64,157,12.0,2.2249695e-05
64,157,13.0,3.51266e-05
64,157,14.0,3.353211e-05
64,158,0.0,0.0
64,158,1.0,7.641636e-07
64,158,2.0,1.4061613e-10
64,158,3.0,1.3449512e-06
64,158,4.0,2.1174692e-05
64,158,5.0,4.8165824e-05
64,158,6.0,5.810888e-05
64,158,7.0,5.964931e-05
64,158,8.0,6.3763844e-05
64,158,9.0,7.721334e-05
64,158,10.0,7.2556104e-05
64,158,11.0,4.8524063e-05
64,158,12.0,4.363269e-05
64,158,13.0,5.5515895e-05
64,158,14.0,6.7146924e-05
64,159,0.0,1.7483936e-13
64,159,1.0,4.5121644e-05
64,159,2.0,1.218437e-05
64,159,3.0,6.878031e-06
64,159,4.0,4.4418695e-05
64,159,5.0,2.995081e-05
64,159,6.0,5.6985176e-05
64,159,7.0,0.00012957506
64,159,8.0,0.00015059965
64,159,9.0,0.0001494494
64,159,10.0,0.00014884463
64,159,11.0,0.00015116921
64,159,12.0,0.00016246618
64,159,13.0,0.00017716536
64,159,14.0,0.00018406218
64,160,0.0,2.6026276e-10
64,160,1.0,0.00021635668
64,160,2.0,2.8680279e-05
64,160,3.0,0.00010346497
64,160,4.0,0.00013893434
64,160,5.0,0.00015447411
64,160,6.0,0.00019540502
64,160,7.0,0.00022678201
64,160,8.0,0.00023385974
64,160,9.0,0.0002363525
64,160,10.0,0.00026907295
64,160,11.0,0.00033421812
64,160,12.0,0.00039161468
64,160,13.0,0.00042109002
64,160,14.0,0.00043263572
64,161,0.0,6.325526e-06
64,161,1.0,2.6131215e-06
64,161,2.0,0.00011466351
64,161,3.0,0.00021797101
64,161,4.0,0.00020891703
64,161,5.0,0.00032687906
64,161,6.0,0.00042629213
64,161,7.0,0.00046057484
64,161,8.0,0.00047098738
64,161,9.0,0.00047852684
64,161,10.0,0.0004930438
64,161,11.0,0.000511522
64,161,12.0,0.00052850717
64,161,13.0,0.000537804
64,161,14.0,0.00053117657
64,162,0.0,0.0
64,162,1.0,3.0164656e-05
64,162,2.0,0.00011860985
64,162,3.0,0.00015023809
64,162,4.0,0.00031468825
64,162,5.0,0.0004334527
64,162,6.0,0.00048803375
64,162,7.0,0.0004891407
64,162,8.0,0.00048455803
64,162,9.0,0.0004967439
64,162,10.0,0.0005387702
64,162,11.0,0.0005649257
64,162,12.0,0.00051815464
64,162,13.0,0.00042414822
64,162,14.0,0.00038440735
64,163,0.0,1.8188864e-05
64,163,1.0,6.9578725e-08
64,163,2.0,4.81446e-05
64,163,3.0,0.0002088626
64,163,4.0,0.00017210389
64,163,5.0,0.00026117754
64,163,6.0,0.00031726313
64,163,7.0,0.0003341801
64,163,8.0,0.00033336115
64,163,9.0,0.00032906234
64,163,10.0,0.0003293148
64,163,11.0,0.00033400365
64,163,12.0,0.00033520782
64,163,13.0,0.00032173385
64,163,14.0,0.0002861724
64,164,0.0,0.0
64,164,1.0,0.0
64,164,2.0,1.117627e-09
64,164,3.0,4.1659896e-06
64,164,4.0,7.277689e-05
64,164,5.0,0.000101591955
64,164,6.0,0.00015767734
64,164,7.0,0.0002205126
64,164,8.0,0.00026138517
64,164,9.0,0.00027786562
64,164,10.0,0.0002895228
64,164,11.0,0.00026622
64,164,12.0,0.00018494713
64,164,13.0,0.00012493931
64,164,14.0,0.00010442291
64,165,0.0,5.3398043e-11
64,165,1.0,0.0
64,165,2.0,0.0
64,165,3.0,3.4226981e-15
64,165,4.0,3.157956e-10
64,165,5.0,1.5263686e-05
64,165,6.0,5.2639854e-05
64,165,7.0,5.8039725e-05
64,165,8.0,6.3561914e-05
64,165,9.0,8.205015e-05
64,165,10.0,0.000115092625
64,165,11.0,0.00012403101
64,165,12.0,8.9611516e-05
64,165,13.0,5.649103e-05
64,165,14.0,4.2833904e-05
64,166,0.0,1.5005475e-07
64,166,1.0,8.856734e-08
64,166,2.0,1.2125551e-07
64,166,3.0,1.7755231e-07
64,166,4.0,8.057938e-08
64,166,5.0,1.5904642e-07
64,166,6.0,6.948582e-08
64,166,7.0,1.2160835e-07
64,166,8.0,1.8918752e-07
64,166,9.0,1.4289476e-07
64,166,10.0,1.9076639e-07
64,166,11.0,1.6755095e-07
64,166,12.0,2.565856e-07
64,166,13.0,2.228777e-07
64,166,14.0,2.2880481e-07
64,167,0.0,1.600633e-07
64,167,1.0,4.741297e-07
64,167,2.0,9.278936e-08
64,167,3.0,2.5698402e-08
64,167,4.0,1.9411234e-08
64,167,5.0,1.3822417e-07
64,167,6.0,2.467243e-07
64,167,7.0,2.488426e-07
64,167,8.0,4.2141448e-07
64,167,9.0,2.6788874e-07
64,167,10.0,2.1437101e-07
64,167,11.0,8.1051915e-08
64,167,12.0,5.123608e-08
64,167,13.0,7.1267195e-08
64,167,14.0,7.531192e-08
64,168,0.0,1.6124709e-07
64,168,1.0,1.613056e-07
64,168,2.0,1.7257675e-07
64,168,3.0,1.5377472e-07
64,168,4.0,9.5155016e-08
64,168,5.0,1.09811836e-07
64,168,6.0,1.6013772e-07
64,168,7.0,2.2111355e-07
64,168,8.0,1.7197746e-07
64,168,9.0,1.6729787e-07
64,168,10.0,2.002534e-07
64,168,11.0,1.4002882e-07
64,168,12.0,1.6016682e-07
64,168,13.0,1.862376e-07
64,168,14.0,1.5911765e-07
64,169,0.0,1.3002183e-07
64,169,1.0,2.2136771e-07
64,169,2.0,2.0204237e-07
64,169,3.0,1.510474e-07
64,169,4.0,1.5087211e-07
64,169,5.0,1.7688612e-07
64,169,6.0,2.0067918e-07
64,169,7.0,1.2261717e-07
64,169,8.0,1.2305206e-07
64,169,9.0,1.8932002e-07
64,169,10.0,2.6004952e-07
64,169,11.0,1.8378006e-07
64,169,12.0,1.5998747e-07
64,169,13.0,1.7946964e-07
64,169,14.0,1.6771638e-07
64,170,0.0,1.516777e-07
64,170,1.0,1.4811921e-07
64,170,2.0,1.613152e-07
64,170,3.0,1.5147577e-07
64,170,4.0,1.3929032e-07
64,170,5.0,1.3130479e-07
64,170,6.0,1.421384e-07
64,170,7.0,1.5673216e-07
64,170,8.0,1.7209881e-07
64,170,9.0,1.8518769e-07
64,170,10.0,1.853612e-07
64,170,11.0,1.8926484e-07
64,170,12.0,1.4423688e-07
64,170,13.0,1.7490542e-07
64,170,14.0,1.7347583e-07
64,171,0.0,1.6480863e-07
64,171,1.0,1.347993e-07
64,171,2.0,1.440962e-07
64,171,3.0,1.5198441e-07
64,171,4.0,1.6352575e-07
64,171,5.0,1.9246518e-07
64,171,6.0,1.7718347e-07
64,171,7.0,8.19524e-08
64,171,8.0,1.4131467e-07
64,171,9.0,1.7394596e-07
64,171,10.0,1.3710171e-07
64,171,11.0,1.0113905e-07
64,171,12.0,1.612116e-07
64,171,13.0,1.4987033e-07
64,171,14.0,1.5769594e-07
64,172,0.0,1.315113e-07
64,172,1.0,1.7261914e-07
64,172,2.0,1.5407534e-07
64,172,3.0,1.5101544e-07
64,172,4.0,1.5299999e-07
64,172,5.0,1.559313e-07
64,172,6.0,1.5081189e-07
64,172,7.0,1.381823e-07
64,172,8.0,1.2868064e-07
64,172,9.0,1.4401688e-07
64,172,10.0,1.8116525e-07
64,172,11.0,1.7658454e-07
64,172,12.0,1.7480757e-07
64,172,13.0,1.9889086e-07
64,172,14.0,1.5842357e-07
65,154,0.0,1.3281688e-07
65,154,1.0,9.57201e-08
65,154,2.0,8.870022e-08
65,154,3.0,1.541138e-07
65,154,4.0,1.5093053e-07
65,154,5.0,1.7480349e-07
65,154,6.0,1.8968544e-07
65,154,7.0,1.9128868e-07
65,154,8.0,1.8194059e-07
65,154,9.0,1.7467309e-07
65,154,10.0,1.9581299e-07
65,154,11.0,2.28302e-07
65,154,12.0,2.1099977e-07
65,154,13.0,1.8845378e-07
65,154,14.0,1.8510416e-07
65,155,0.0,1.397852e-07
65,155,1.0,1.4462239e-07
65,155,2.0,1.2104225e-07
65,155,3.0,1.8156021e-07
65,155,4.0,1.7571944e-07
65,155,5.0,1.6589904e-07
65,155,6.0,1.5929484e-07
65,155,7.0,1.5712975e-07
65,155,8.0,1.5808307e-07
65,155,9.0,1.6137902e-07
65,155,10.0,1.675169e-07
65,155,11.0,1.7415928e-07
65,155,12.0,1.7717059e-07
65,155,13.0,1.7769362e-07
65,155,14.0,1.789873e-07
65,156,0.0,1.4164338e-07
65,156,1.0,1.2613872e-07
65,156,2.0,1.4092322e-07
65,156,3.0,1.7635821e-07
65,156,4.0,1.7963029e-07
65,156,5.0,1.7584532e-07
65,156,6.0,1.7165654e-07
65,156,7.0,1.763495e-07
65,156,8.0,1.8232421e-07
65,156,9.0,1.813333e-07
65,156,10.0,1.7275447e-07
65,156,11.0,1.5971301e-07
65,156,12.0,1.4960173e-07
65,156,13.0,1.4648566e-07
65,156,14.0,1.5075852e-07
65,157,0.0,2.1238804e-07
65,157,1.0,1.5316651e-07
65,157,2.0,1.4960945e-07
65,157,3.0,1.3936727e-07
65,157,4.0,1.427253e-07
65,157,5.0,1.5622851e-07
65,157,6.0,1.4091628e-07
65,157,7.0,1.2348221e-07
65,157,8.0,1.3457091e-07
65,157,9.0,1.3846874e-07
65,157,10.0,1.3283554e-07
65,157,11.0,1.2363738e-07
65,157,12.0,1.13463955e-07
65,157,13.0,1.1137992e-07
65,157,14.0,1.2229879e-07
65,158,0.0,2.40025e-07
65,158,1.0,1.3685302e-07
65,158,2.0,2.2457921e-07
65,158,3.0,2.001857e-07
65,158,4.0,1.884306e-07
65,158,5.0,1.564347e-07
65,158,6.0,1.2368139e-07
65,158,7.0,1.0823476e-07
65,158,8.0,1.0335119e-07
65,158,9.0,1.0128415e-07
65,158,10.0,9.783803e-08
65,158,11.0,9.729248e-08
65,158,12.0,1.0328284e-07
65,158,13.0,1.1138065e-07
65,158,14.0,1.1998705e-07
65,159,0.0,1.4606036e-07
65,159,1.0,2.0226854e-07
65,159,2.0,1.7611059e-07
65,159,3.0,2.2496069e-07
65,159,4.0,1.07176255e-07
65,159,5.0,9.4551936e-08
65,159,6.0,1.1389976e-07
65,159,7.0,1.4302404e-07
65,159,8.0,1.7402417e-07
65,159,9.0,1.9465541e-07
65,159,10.0,1.8562278e-07
65,159,11.0,1.4683096e-07
65,159,12.0,1.1673818e-07
65,159,13.0,1.2434786e-07
65,159,14.0,1.4543035e-07
65,160,0.0,2.2831072e-07
65,160,1.0,3.0721918e-07
65,160,2.0,2.2347475e-09
65,160,3.0,0.0
65,160,4.0,9.458794e-08
65,160,5.0,3.329065e-07
65,160,6.0,1.1125351e-07
65,160,7.0,3.7840586e-08
65,160,8.0,3.6000376e-08
65,160,9.0,9.650584e-08
65,160,10.0,2.3365173e-07
65,160,11.0,2.8764637e-07
65,160,12.0,2.9220175e-07
65,160,13.0,4.0512145e-07
65,160,14.0,6.142921e-07
65,161,0.0,4.571315e-10
65,161,1.0,8.775268e-10
65,161,2.0,4.6785117e-11
65,161,3.0,0.0
65,161,4.0,3.782198e-11
65,161,5.0,2.7100908e-08
65,161,6.0,1.11176554e-07
65,161,7.0,5.275633e-07
65,161,8.0,7.052755e-07
65,161,9.0,3.0442635e-07
65,161,10.0,4.448145e-08
65,161,11.0,5.5675686e-10
65,161,12.0,4.7931742e-08
65,161,13.0,3.740374e-06
65,161,14.0,1.3568889e-05
65,162,0.0,1.444184e-13
65,162,1.0,3.116842e-09
65,162,2.0,3.1301587e-12
65,162,3.0,8.484657e-09
65,162,4.0,0.0
65,162,5.0,3.8470353e-13
65,162,6.0,0.0
65,162,7.0,6.0352147e-07
65,162,8.0,1.7485967e-05
65,162,9.0,5.239428e-05
65,162,10.0,2.873113e-05
65,162,11.0,2.1367796e-05
65,162,12.0,2.446926e-05
65,162,13.0,2.6508218e-05
65,162,14.0,2.898209e-05
65,163,0.0,0.0
65,163,1.0,1.9558934e-09
65,163,2.0,1.1164226e-08
65,163,3.0,0.0
65,163,4.0,8.42024e-09
65,163,5.0,2.0591308e-07
65,163,6.0,1.795019e-05
65,163,7.0,0.00011716811
65,163,8.0,6.32212e-05
65,163,9.0,2.0929694e-05
65,163,10.0,3.4245386e-05
65,163,11.0,6.728798e-05
65,163,12.0,6.321954e-05
65,163,13.0,6.7623856e-05
65,163,14.0,7.542143e-05
65,164,0.0,1.7676843e-11
65,164,1.0,2.1754061e-14
65,164,2.0,0.0
65,164,3.0,2.3836685e-06
65,164,4.0,1.7864835e-05
65,164,5.0,4.6585246e-05
65,164,6.0,4.5141154e-05
65,164,7.0,5.213285e-05
65,164,8.0,5.1580526e-05
65,164,9.0,4.614239e-05
65,164,10.0,6.6342654e-05
65,164,11.0,8.069743e-05
65,164,12.0,0.00010833062
65,164,13.0,0.0001243255
65,164,14.0,0.00012498493
65,165,0.0,3.0786915e-11
65,165,1.0,0.0
65,165,2.0,0.0
65,165,3.0,0.0
65,165,4.0,5.5280798e-09
65,165,5.0,2.4306203e-06
65,165,6.0,3.889396e-05
65,165,7.0,4.3177504e-05
65,165,8.0,4.7715894e-05
65,165,9.0,6.186236e-05
65,165,10.0,8.5140906e-05
65,165,11.0,0.000121877725
65,165,12.0,0.00019032316
65,165,13.0,0.00011657688
65,165,14.0,8.834817e-05
65,166,0.0,0.0
65,166,1.0,0.0
65,166,2.0,1.7892121e-14
65,166,3.0,0.0
65,166,4.0,1.8908198e-05
65,166,5.0,1.1649296e-05
65,166,6.0,2.066637e-05
65,166,7.0,5.4690758e-05
65,166,8.0,6.410847e-05
65,166,9.0,9.8690296e-05
65,166,10.0,5.372789e-05
65,166,11.0,5.253791e-05
65,166,12.0,4.7778838e-05
65,166,13.0,3.514202e-05
65,166,14.0,2.0170868e-05
65,167,0.0,3.6850094e-16
65,167,1.0,1.2572747e-09
65,167,2.0,0.0
65,167,3.0,1.8278377e-07
65,167,4.0,3.7763037e-10
65,167,5.0,2.3993465e-05
65,167,6.0,2.6364916e-05
65,167,7.0,3.3853057e-06
65,167,8.0,8.527572e-07
65,167,9.0,1.3176849e-06
65,167,10.0,6.309276e-06
65,167,11.0,8.746675e-07
65,167,12.0,6.7805046e-11
65,167,13.0,8.306295e-07
65,167,14.0,2.3507873e-06
65,168,0.0,2.5165556e-09
65,168,1.0,0.0
65,168,2.0,0.0
65,168,3.0,3.347168e-11
65,168,4.0,1.7736706e-13
65,168,5.0,7.399717e-08
65,168,6.0,1.4101278e-05
65,168,7.0,1.8724155e-05
65,168,8.0,1.5656138e-05
65,168,9.0,2.0925241e-05
65,168,10.0,3.2331795e-05
65,168,11.0,3.1812536e-07
65,168,12.0,1.4592864e-08
65,168,13.0,1.1666692e-08
65,168,14.0,1.4319874e-08
65,169,0.0,6.9863765e-13
65,169,1.0,0.0
65,169,2.0,9.332191e-12
65,169,3.0,1.6776171e-10
65,169,4.0,1.5096402e-10
65,169,5.0,3.3700946e-06
65,169,6.0,7.375891e-06
65,169,7.0,1.9209765e-06
65,169,8.0,2.9015929e-10
65,169,9.0,8.162358e-10
65,169,10.0,2.1074689e-09
65,169,11.0,1.2531213e-07
65,169,12.0,9.781363e-08
65,169,13.0,8.83237e-08
65,169,14.0,7.046414e-08
65,170,0.0,1.2879002e-07
65,170,1.0,1.4571376e-07
65,170,2.0,2.2346462e-07
65,170,3.0,2.121128e-07
65,170,4.0,1.7648443e-07
65,170,5.0,1.566195e-07
65,170,6.0,2.0605542e-07
65,170,7.0,2.0448734e-07
65,170,8.0,1.7910922e-07
65,170,9.0,1.7881621e-07
65,170,10.0,1.5883529e-07
65,170,11.0,1.5383398e-07
65,170,12.0,1.4410503e-07
65,170,13.0,1.8569422e-07
65,170,14.0,1.7910196e-07
65,171,0.0,1.4769081e-07
65,171,1.0,1.3023009e-07
65,171,2.0,1.1673893e-07
65,171,3.0,1.1549903e-07
65,171,4.0,1.3125711e-07
65,171,5.0,1.3469827e-07
65,171,6.0,1.270917e-07
65,171,7.0,1.2774854e-07
65,171,8.0,1.4483867e-07
65,171,9.0,1.709053e-07
65,171,10.0,1.4119784e-07
65,171,11.0,1.2554214e-07
65,171,12.0,1.2309475e-07
65,171,13.0,1.5453567e-07
65,171,14.0,1.5152612e-07
65,172,0.0,1.6650792e-07
65,172,1.0,1.4634202e-07
65,172,2.0,1.2830364e-07
65,172,3.0,1.681817e-07
65,172,4.0,1.8321357e-07
65,172,5.0,1.8553273e-07
65,172,6.0,1.7875608e-07
65,172,7.0,1.6421171e-07
65,172,8.0,1.5806559e-07
65,172,9.0,1.6112241e-07
65,172,10.0,1.635306e-07
65,172,11.0,1.5779548e-07
65,172,12.0,1.3876762e-07
65,172,13.0,1.2985254e-07
65,172,14.0,1.5785496e-07
66,157,0.0,1.351317e-07
66,157,1.0,2.0243458e-07
66,157,2.0,1.1290121e-07
66,157,3.0,1.479267e-07
66,157,4.0,1.2701628e-07
66,157,5.0,1.3960388e-07
66,157,6.0,1.4725795e-07
66,157,7.0,1.438997e-07
66,157,8.0,1.4569999e-07
66,157,9.0,1.5735142e-07
66,157,10.0,1.6112241e-07
66,157,11.0,1.40485e-07
66,157,12.0,1.2625205e-07
66,157,13.0,1.3788053e-07
66,157,14.0,1.5115886e-07
66,158,0.0,1.079931e-07
66,158,1.0,1.510305e-07
66,158,2.0,1.5915089e-07
66,158,3.0,1.0537718e-07
66,158,4.0,1.49449e-07
66,158,5.0,1.7729107e-07
66,158,6.0,1.9408985e-07
66,158,7.0,1.3547482e-07
66,158,8.0,1.3057654e-07
66,158,9.0,1.531476e-07
66,158,10.0,1.7289693e-07
66,158,11.0,1.7214313e-07
66,158,12.0,1.7628078e-07
66,158,13.0,1.845569e-07
66,158,14.0,1.8427629e-07
66,159,0.0,1.7429144e-07
66,159,1.0,1.802359e-07
66,159,2.0,1.1001369e-07
66,159,3.0,1.2105153e-07
66,159,4.0,1.2926193e-07
66,159,5.0,2.2024996e-07
66,159,6.0,1.6216319e-07
66,159,7.0,1.206756e-07
66,159,8.0,1.2467737e-07
66,159,9.0,1.387132e-07
66,159,10.0,1.4097958e-07
66,159,11.0,1.3180092e-07
66,159,12.0,1.0432243e-07
66,159,13.0,9.7311194e-08
66,159,14.0,1.13982935e-07
66,160,0.0,1.3808963e-07
66,160,1.0,1.255676e-07
66,160,2.0,1.2946563e-07
66,160,3.0,1.752508e-07
66,160,4.0,1.2935583e-07
66,160,5.0,1.2465681e-07
66,160,6.0,1.4949975e-07
66,160,7.0,1.8012175e-07
66,160,8.0,1.7503393e-07
66,160,9.0,1.3921041e-07
66,160,10.0,1.00664266e-07
66,160,11.0,1.1640915e-07
66,160,12.0,1.8609818e-07
66,160,13.0,1.9476757e-07
66,160,14.0,1.7942807e-07
66,161,0.0,2.0259618e-07
66,161,1.0,2.296659e-07
66,161,2.0,1.3282227e-07
66,161,3.0,1.3368569e-07
66,161,4.0,1.4935976e-07
66,161,5.0,1.2705519e-07
66,161,6.0,1.3652209e-07
66,161,7.0,1.3933159e-07
66,161,8.0,1.1763592e-07
66,161,9.0,1.0107484e-07
66,161,10.0,1.1687564e-07
66,161,11.0,2.0987069e-07
66,161,12.0,1.2814087e-07
66,161,13.0,1.5799189e-07
66,161,14.0,1.6495787e-07
66,162,0.0,1.6283809e-07
66,162,1.0,1.9446436e-07
66,162,2.0,1.0689056e-07
66,162,3.0,1.4676168e-07
66,162,4.0,1.2834163e-07
66,162,5.0,9.35213e-08
66,162,6.0,1.7674581e-07
66,162,7.0,1.9800092e-07
66,162,8.0,1.8105013e-07
66,162,9.0,1.9915764e-07
66,162,10.0,2.2693179e-07
66,162,11.0,2.1601944e-07
66,162,12.0,1.2089147e-07
66,162,13.0,1.7546328e-07
66,162,14.0,2.8140647e-07
66,163,0.0,1.770512e-07
66,163,1.0,1.5334379e-07
66,163,2.0,2.0692205e-07
66,163,3.0,1.0502274e-07
66,163,4.0,8.7617046e-08
66,163,5.0,9.391175e-08
66,163,6.0,1.1697287e-07
66,163,7.0,1.3012226e-07
66,163,8.0,1.3745836e-07
66,163,9.0,1.2672419e-07
66,163,10.0,1.6450704e-07
66,163,11.0,1.8738591e-07
66,163,12.0,1.3666143e-07
66,163,13.0,3.682949e-07
66,163,14.0,3.4155175e-07
66,164,0.0,1.623548e-14
66,164,1.0,7.4369996e-11
66,164,2.0,9.92016e-11
66,164,3.0,3.273641e-10
66,164,4.0,3.4627327e-12
66,164,5.0,1.0355822e-09
66,164,6.0,4.800167e-11
66,164,7.0,7.413178e-12
66,164,8.0,1.2057209e-13
66,164,9.0,7.0152645e-10
66,164,10.0,2.4138079e-12
66,164,11.0,3.0522568e-13
66,164,12.0,1.772056e-11
66,164,13.0,4.7637345e-06
66,164,14.0,5.6887056e-05
66,165,0.0,1.2101173e-13
66,165,1.0,2.1752742e-09
66,165,2.0,1.6467704e-09
66,165,3.0,8.381797e-09
66,165,4.0,3.905892e-13
66,165,5.0,4.1704747e-11
66,165,6.0,5.4339054e-11
66,165,7.0,6.0316697e-06
66,165,8.0,1.4072949e-05
66,165,9.0,1.9463796e-05
66,165,10.0,4.8967286e-05
66,165,11.0,2.767729e-05
66,165,12.0,4.8263046e-05
66,165,13.0,4.4067937e-07
66,165,14.0,0.0
66,166,0.0,1.3343894e-10
66,166,1.0,1.711687e-10
66,166,2.0,0.0
66,166,3.0,0.0
66,166,4.0,0.0
66,166,5.0,0.0
66,166,6.0,1.5293544e-11
66,166,7.0,0.0
66,166,8.0,4.06554e-13
66,166,9.0,3.9065705e-07
66,166,10.0,4.5565448e-05
66,166,11.0,6.135092e-05
66,166,12.0,5.315919e-05
66,166,13.0,7.219883e-08
66,166,14.0,9.496075e-10
66,167,0.0,1.7998497e-10
66,167,1.0,0.0
66,167,2.0,1.42632095e-11
66,167,3.0,3.0739825e-06
66,167,4.0,1.5608846e-05
66,167,5.0,2.5444639e-05
66,167,6.0,3.56038e-05
66,167,7.0,4.661619e-05
66,167,8.0,4.7221467e-05
66,167,9.0,3.5943992e-07
66,167,10.0,3.987898e-08
66,167,11.0,2.8263831e-09
66,167,12.0,4.8877922e-05
66,167,13.0,0.00017811189
66,167,14.0,7.0689974e-05
66,168,0.0,0.0
66,168,1.0,0.0
66,168,2.0,0.0
66,168,3.0,1.1114529e-09
66,168,4.0,3.0303673e-11
66,168,5.0,0.0
66,168,6.0,0.0
66,168,7.0,8.6080126e-10
66,168,8.0,2.7603075e-10
66,168,9.0,3.264654e-09
66,168,10.0,1.0963485e-12
66,168,11.0,0.0
66,168,12.0,1.4184752e-05
66,168,13.0,3.465141e-05
66,168,14.0,1.7293014e-05
66,169,0.0,1.1173138e-07
66,169,1.0,1.2384895e-07
66,169,2.0,1.4295347e-07
66,169,3.0,1.3426587e-07
66,169,4.0,1.3781188e-07
66,169,5.0,1.6340364e-07
66,169,6.0,1.8089428e-07
66,169,7.0,1.662673e-07
66,169,8.0,1.09075884e-07
66,169,9.0,1.1656173e-07
66,169,10.0,1.7864885e-07
66,169,11.0,1.00314395e-07
66,169,12.0,1.3223975e-07
66,169,13.0,1.8105064e-07
66,169,14.0,1.1817978e-07
66,170,0.0,1.67471e-07
66,170,1.0,1.5387195e-07
66,170,2.0,1.7552411e-07
66,170,3.0,1.4820249e-07
66,170,4.0,1.7952162e-07
66,170,5.0,2.2713823e-07
66,170,6.0,1.9274685e-07
66,170,7.0,1.6121544e-07
66,170,8.0,1.5467417e-07
66,170,9.0,8.675303e-08
66,170,10.0,1.3644336e-07
66,170,11.0,7.127343e-08
66,170,12.0,1.4698661e-07
66,170,13.0,1.2111188e-07
66,170,14.0,1.0560396e-07
66,171,0.0,1.9955016e-07
66,171,1.0,2.719671e-07
66,171,2.0,2.3721478e-07
66,171,3.0,1.9307166e-07
66,171,4.0,1.9115842e-07
66,171,5.0,1.9643682e-07
66,171,6.0,2.0420549e-07
66,171,7.0,2.0627515e-07
66,171,8.0,2.0347301e-07
66,171,9.0,2.022367e-07
66,171,10.0,1.8870297e-07
66,171,11.0,1.2335975e-07
66,171,12.0,1.0874963e-07
66,171,13.0,1.2880987e-07
66,171,14.0,1.3658307e-07
66,172,0.0,1.28628e-07
66,172,1.0,1.2066286e-07
66,172,2.0,1.8026198e-07
66,172,3.0,1.9951077e-07
66,172,4.0,1.5578823e-07
66,172,5.0,1.4945127e-07
66,172,6.0,1.5843068e-07
66,172,7.0,1.6822229e-07
66,172,8.0,1.7221215e-07
66,172,9.0,1.7453613e-07
66,172,10.0,1.7535855e-07
66,172,11.0,1.7339984e-07
66,172,12.0,1.6826388e-07
66,172,13.0,1.6627516e-07
66,172,14.0,1.7331881e-07
67,160,0.0,9.8501815e-08
67,160,1.0,1.6925148e-07
67,160,2.0,1.2352227e-07
67,160,3.0,1.289307e-07
67,160,4.0,1.05036655e-07
67,160,5.0,1.1073122e-07
67,160,6.0,1.1884031e-07
67,160,7.0,1.0505857e-07
67,160,8.0,9.164596e-08
67,160,9.0,9.6289654e-08
67,160,10.0,1.6323852e-07
67,160,11.0,1.9767272e-07
67,160,12.0,1.6970304e-07
67,160,13.0,7.71133e-08
67,160,14.0,8.484401e-08
67,161,0.0,1.7218494e-07
67,161,1.0,1.3663262e-07
67,161,2.0,9.517213e-08
67,161,3.0,9.2351875e-08
67,161,4.0,1.3759117e-07
67,161,5.0,1.5461698e-07
67,161,6.0,1.5091273e-07
67,161,7.0,1.476275e-07
67,161,8.0,1.4034967e-07
67,161,9.0,1.18851375e-07
67,161,10.0,8.954292e-08
67,161,11.0,8.543759e-08
67,161,12.0,1.2813723e-07
67,161,13.0,1.4298283e-07
67,161,14.0,1.304783e-07
67,162,0.0,1.1011058e-07
67,162,1.0,1.4977184e-07
67,162,2.0,2.3414685e-07
67,162,3.0,1.4377687e-07
67,162,4.0,1.2543087e-07
67,162,5.0,9.7355866e-08
67,162,6.0,1.416499e-07
67,162,7.0,1.5757287e-07
67,162,8.0,1.4355652e-07
67,162,9.0,1.0644271e-07
67,162,10.0,1.06875056e-07
67,162,11.0,1.5964254e-07
67,162,12.0,1.5552992e-07
67,162,13.0,1.4560443e-07
67,162,14.0,1.3232905e-07
67,163,0.0,1.351107e-07
67,163,1.0,1.810925e-07
67,163,2.0,1.5220154e-07
67,163,3.0,2.2669948e-07
67,163,4.0,2.3152623e-07
67,163,5.0,1.8736175e-07
67,163,6.0,1.6024033e-07
67,163,7.0,1.4363434e-07
67,163,8.0,1.4442402e-07
67,163,9.0,1.7420909e-07
67,163,10.0,1.8518821e-07
67,163,11.0,1.486821e-07
67,163,12.0,1.16037334e-07
67,163,13.0,1.4903806e-07
67,163,14.0,1.4537488e-07
67,164,0.0,1.3544536e-07
67,164,1.0,1.6493884e-07
67,164,2.0,1.6470383e-07
67,164,3.0,1.2573904e-07
67,164,4.0,1.2401311e-07
67,164,5.0,1.4895217e-07
67,164,6.0,1.7721229e-07
67,164,7.0,1.743484e-07
67,164,8.0,1.6424721e-07
67,164,9.0,1.7254546e-07
67,164,10.0,1.5564478e-07
67,164,11.0,1.9474767e-07
67,164,12.0,1.9212801e-07
67,164,13.0,2.0533004e-07
67,164,14.0,1.7965942e-07
67,165,0.0,1.9101678e-07
67,165,1.0,1.2985579e-07
67,165,2.0,1.6104622e-07
67,165,3.0,1.4919047e-07
67,165,4.0,1.4974461e-07
67,165,5.0,1.451385e-07
67,165,6.0,1.5106019e-07
67,165,7.0,1.6663668e-07
67,165,8.0,1.8802501e-07
67,165,9.0,1.8131813e-07
67,165,10.0,1.8451284e-07
67,165,11.0,1.5095608e-07
67,165,12.0,1.6216704e-07
67,165,13.0,1.7488962e-07
67,165,14.0,1.1489339e-07
67,166,0.0,1.6969358e-07
67,166,1.0,1.6557736e-07
67,166,2.0,1.642798e-07
67,166,3.0,1.62142e-07
67,166,4.0,1.3390293e-07
67,166,5.0,1.3459771e-07
67,166,6.0,1.2146789e-07
67,166,7.0,1.009195e-07
67,166,8.0,1.3641629e-07
67,166,9.0,1.6460736e-07
67,166,10.0,1.8862366e-07
67,166,11.0,1.3076047e-07
67,166,12.0,1.196876e-07
67,166,13.0,1.0599452e-07
67,166,14.0,9.412008e-08
67,167,0.0,1.3493185e-07
67,167,1.0,1.5646471e-07
67,167,2.0,1.4600114e-07
67,167,3.0,1.2809446e-07
67,167,4.0,1.3418604e-07
67,167,5.0,1.4343127e-07
67,167,6.0,1.562271e-07
67,167,7.0,1.7940832e-07
67,167,8.0,1.830347e-07
67,167,9.0,1.5650504e-07
67,167,10.0,1.5187294e-07
67,167,11.0,1.3163442e-07
67,167,12.0,1.1374906e-07
67,167,13.0,1.3934792e-07
67,167,14.0,1.4030603e-07
67,168,0.0,1.5935616e-07
67,168,1.0,1.12327044e-07
67,168,2.0,1.1418384e-07
67,168,3.0,1.5152246e-07
67,168,4.0,1.9079305e-07
67,168,5.0,2.2233527e-07
67,168,6.0,2.4372721e-07
67,168,7.0,2.648104e-07
67,168,8.0,2.3768217e-07
67,168,9.0,1.8984368e-07
67,168,10.0,1.8702221e-07
67,168,11.0,2.2796354e-07
67,168,12.0,1.5483786e-07
67,168,13.0,2.4697317e-07
67,168,14.0,1.6091927e-07
67,169,0.0,0.0
67,169,1.0,4.0445664e-11
67,169,2.0,1.2084124e-11
67,169,3.0,1.640445e-11
67,169,4.0,2.0718646e-11
67,169,5.0,3.7872913e-11
67,169,6.0,6.813239e-11
67,169,7.0,4.8558435e-11
67,169,8.0,9.902715e-12
67,169,9.0,1.0796107e-14
67,169,10.0,0.0
67,169,11.0,0.0
67,169,12.0,3.4787059e-15
67,169,13.0,9.022215e-10
67,169,14.0,2.6817631e-10
67,170,0.0,2.0928745e-07
67,170,1.0,2.2154417e-07
67,170,2.0,1.478049e-07
67,170,3.0,1.5214735e-07
67,170,4.0,1.3250985e-07
67,170,5.0,1.3431438e-07
67,170,6.0,1.5887133e-07
67,170,7.0,1.775487e-07
67,170,8.0,1.8080698e-07
67,170,9.0,1.8190279e-07
67,170,10.0,1.8479584e-07
67,170,11.0,1.7941612e-07
67,170,12.0,1.231876e-07
67,170,13.0,7.9975315e-08
67,170,14.0,1.2310925e-07
67,171,0.0,1.5698491e-07
67,171,1.0,1.4534781e-07
67,171,2.0,1.3796712e-07
67,171,3.0,1.1086588e-07
67,171,4.0,1.6837384e-07
67,171,5.0,1.421467e-07
67,171,6.0,1.395049e-07
67,171,7.0,1.5847422e-07
67,171,8.0,1.567763e-07
67,171,9.0,1.4585028e-07
67,171,10.0,1.5119862e-07
67,171,11.0,1.8265312e-07
67,171,12.0,2.3195622e-07
67,171,13.0,2.2478405e-07
67,171,14.0,1.4929005e-07
67,172,0.0,1.623463e-07
67,172,1.0,1.8478947e-07
67,172,2.0,1.2218538e-07
67,172,3.0,1.0972485e-07
67,172,4.0,1.3007448e-07
67,172,5.0,1.5522066e-07
67,172,6.0,1.652806e-07
67,172,7.0,1.5271291e-07
67,172,8.0,1.390202e-07
67,172,9.0,1.3369278e-07
67,172,10.0,1.4614588e-07
67,172,11.0,1.6257589e-07
67,172,12.0,1.6234245e-07
67,172,13.0,1.4831102e-07
67,172,14.0,1.2584454e-07
68,163,0.0,1.3769083e-07
68,163,1.0,1.6895623e-07
68,163,2.0,1.5373307e-07
68,163,3.0,1.4023215e-07
68,163,4.0,1.551871e-07
68,163,5.0,1.665089e-07
68,163,6.0,1.4561599e-07
68,163,7.0,1.1519759e-07
68,163,8.0,1.3094295e-07
68,163,9.0,1.2417429e-07
68,163,10.0,1.09547805e-07
68,163,11.0,1.13006244e-07
68,163,12.0,1.3297121e-07
68,163,13.0,1.9396752e-07
68,163,14.0,2.006707e-07
68,164,0.0,1.4648076e-07
68,164,1.0,1.3321376e-07
68,164,2.0,1.4492366e-07
68,164,3.0,1.7035984e-07
68,164,4.0,1.639561e-07
68,164,5.0,1.4872904e-07
68,164,6.0,1.3799401e-07
68,164,7.0,1.3898244e-07
68,164,8.0,1.362019e-07
68,164,9.0,1.9733264e-07
68,164,10.0,1.6334891e-07
68,164,11.0,2.039102e-07
68,164,12.0,1.515719e-07
68,164,13.0,1.5117028e-07
68,164,14.0,1.5012247e-07
68,165,0.0,1.9149867e-07
68,165,1.0,2.0603525e-07
68,165,2.0,1.8226584e-07
68,165,3.0,1.5184452e-07
68,165,4.0,1.3691749e-07
68,165,5.0,1.5235086e-07
68,165,6.0,1.6542673e-07
68,165,7.0,1.4575555e-07
68,165,8.0,1.3457635e-07
68,165,9.0,1.4163032e-07
68,165,10.0,1.6059435e-07
68,165,11.0,1.4638483e-07
68,165,12.0,1.7035535e-07
68,165,13.0,1.04961906e-07
68,165,14.0,1.2678224e-07
68,166,0.0,1.4099606e-07
68,166,1.0,1.8222903e-07
68,166,2.0,1.3513213e-07
68,166,3.0,1.0835574e-07
68,166,4.0,1.3180545e-07
68,166,5.0,1.3354281e-07
68,166,6.0,1.6033486e-07
68,166,7.0,1.6617358e-07
68,166,8.0,1.724501e-07
68,166,9.0,1.07722784e-07
68,166,10.0,1.3707877e-07
68,166,11.0,1.5721162e-07
68,166,12.0,1.3287784e-07
68,166,13.0,1.4575511e-07
68,166,14.0,1.914834e-07
68,167,0.0,1.3373528e-07
68,167,1.0,1.6334698e-07
68,167,2.0,1.4009441e-07
68,167,3.0,1.6830697e-07
68,167,4.0,1.8750565e-07
68,167,5.0,1.8595615e-07
68,167,6.0,1.810585e-07
68,167,7.0,1.8999496e-07
68,167,8.0,1.786991e-07
68,167,9.0,1.5496026e-07
68,167,10.0,1.3704481e-07
68,167,11.0,1.4654147e-07
68,167,12.0,1.4165079e-07
68,167,13.0,1.5616622e-07
68,167,14.0,1.7246423e-07
68,168,0.0,1.258533e-07
68,168,1.0,1.5099991e-07
68,168,2.0,1.8444547e-07
68,168,3.0,1.6492079e-07
68,168,4.0,1.5990642e-07
68,168,5.0,1.5080505e-07
68,168,6.0,1.4179184e-07
68,168,7.0,1.6103137e-07
68,168,8.0,1.5355545e-07
68,168,9.0,7.541928e-08
68,168,10.0,9.43185e-08
68,168,11.0,1.4876787e-07
68,168,12.0,1.7504158e-07
68,168,13.0,1.7202377e-07
68,168,14.0,1.618537e-07
68,169,0.0,1.5986878e-07
68,169,1.0,1.3328443e-07
68,169,2.0,1.339914e-07
68,169,3.0,1.6907697e-07
68,169,4.0,1.6480814e-07
68,169,5.0,1.8548157e-07
68,169,6.0,2.0807349e-07
68,169,7.0,1.8647177e-07
68,169,8.0,1.535684e-07
68,169,9.0,1.4149983e-07
68,169,10.0,1.609552e-07
68,169,11.0,1.7924418e-07
68,169,12.0,1.8542671e-07
68,169,13.0,1.5321866e-07
68,169,14.0,1.5208629e-07
68,170,0.0,1.4963665e-07
68,170,1.0,1.161213e-07
68,170,2.0,1.204735e-07
68,170,3.0,1.144844e-07
68,170,4.0,1.5241062e-07
68,170,5.0,1.6701257e-07
68,170,6.0,1.6409408e-07
68,170,7.0,1.6509647e-07
68,170,8.0,1.6091784e-07
68,170,9.0,1.5272029e-07
68,170,10.0,1.5269772e-07
68,170,11.0,1.6670944e-07
68,170,12.0,1.6430606e-07
68,170,13.0,1.5482391e-07
68,170,14.0,1.6929923e-07
68,171,0.0,1.5316928e-07
68,171,1.0,1.803814e-07
68,171,2.0,1.6392066e-07
68,171,3.0,8.979804e-08
68,171,4.0,1.4566398e-07
68,171,5.0,2.2484127e-07
68,171,6.0,2.0850004e-07
68,171,7.0,2.1061275e-07
68,171,8.0,2.0111696e-07
68,171,9.0,1.7616748e-07
68,171,10.0,1.6786511e-07
68,171,11.0,1.6727421e-07
68,171,12.0,1.4892053e-07
68,171,13.0,1.3395301e-07
68,171,14.0,1.4267498e-07
68,172,0.0,1.3620402e-07
68,172,1.0,1.6266422e-07
68,172,2.0,1.4485195e-07
68,172,3.0,1.09293204e-07
68,172,4.0,1.7358224e-07
68,172,5.0,1.5584011e-07
68,172,6.0,1.6910182e-07
68,172,7.0,1.6685358e-07
68,172,8.0,1.6288689e-07
68,172,9.0,1.6423651e-07
68,172,10.0,1.4958633e-07
68,172,11.0,1.4654191e-07
68,172,12.0,1.539757e-07
68,172,13.0,1.5103781e-07
68,172,14.0,1.5156961e-07
69,166,0.0,1.4067886e-07
69,166,1.0,1.3369403e-07
69,166,2.0,1.7602042e-07
69,166,3.0,1.6581919e-07
69,166,4.0,1.5881584e-07
69,166,5.0,1.4924161e-07
69,166,6.0,1.4256474e-07
69,166,7.0,1.5181426e-07
69,166,8.0,1.6551377e-07
69,166,9.0,1.792847e-07
69,166,10.0,1.9025329e-07
69,166,11.0,1.9052493e-07
69,166,12.0,1.7426501e-07
69,166,13.0,1.3858943e-07
69,166,14.0,1.597835e-07
69,167,0.0,1.5726432e-07
69,167,1.0,1.710767e-07
69,167,2.0,1.5759879e-07
69,167,3.0,1.6401293e-07
69,167,4.0,1.4285797e-07
69,167,5.0,1.3482027e-07
69,167,6.0,1.1905754e-07
69,167,7.0,1.1102059e-07
69,167,8.0,1.2659413e-07
69,167,9.0,1.4389133e-07
69,167,10.0,1.5288013e-07
69,167,11.0,1.4359959e-07
69,167,12.0,1.365005e-07
69,167,13.0,1.3553881e-07
69,167,14.0,1.2334759e-07
69,168,0.0,1.4183757e-07
69,168,1.0,1.1676114e-07
69,168,2.0,1.814622e-07
69,168,3.0,2.2473974e-07
69,168,4.0,1.8914264e-07
69,168,5.0,1.4604343e-07
69,168,6.0,1.3734777e-07
69,168,7.0,1.6405569e-07
69,168,8.0,1.6170993e-07
69,168,9.0,1.5663828e-07
69,168,10.0,1.5951927e-07
69,168,11.0,1.5560369e-07
69,168,12.0,1.6239885e-07
69,168,13.0,1.7716957e-07
69,168,14.0,1.784697e-07
69,169,0.0,1.3018516e-07
69,169,1.0,1.4013024e-07
69,169,2.0,1.3941371e-07
69,169,3.0,1.7778545e-07
69,169,4.0,1.6475744e-07
69,169,5.0,1.505393e-07
69,169,6.0,1.5511068e-07
69,169,7.0,1.6177869e-07
69,169,8.0,1.5195872e-07
69,169,9.0,1.3142323e-07
69,169,10.0,1.2854787e-07
69,169,11.0,1.5332209e-07
69,169,12.0,1.7075754e-07
69,169,13.0,1.7428789e-07
69,169,14.0,1.7756726e-07
69,170,0.0,1.3745453e-07
69,170,1.0,1.843866e-07
69,170,2.0,1.1782419e-07
69,170,3.0,1.3190402e-07
69,170,4.0,1.42833e-07
69,170,5.0,1.5136504e-07
69,170,6.0,1.5506177e-07
69,170,7.0,1.5619244e-07
69,170,8.0,1.6174167e-07
69,170,9.0,1.7284944e-07
69,170,10.0,1.7529523e-07
69,170,11.0,1.5502917e-07
69,170,12.0,1.6903772e-07
69,170,13.0,1.7640336e-07
69,170,14.0,1.5541325e-07
69,171,0.0,1.3730993e-07
69,171,1.0,1.8556577e-07
69,171,2.0,1.472136e-07
69,171,3.0,1.4694993e-07
69,171,4.0,1.9306397e-07
69,171,5.0,1.8710317e-07
69,171,6.0,1.3334723e-07
69,171,7.0,1.06748985e-07
69,171,8.0,1.3090725e-07
69,171,9.0,1.6895277e-07
69,171,10.0,1.5767708e-07
69,171,11.0,1.2994879e-07
69,171,12.0,1.384435e-07
69,171,13.0,1.3091956e-07
69,171,14.0,1.233633e-07
69,172,0.0,1.581776e-07
69,172,1.0,1.10363715e-07
69,172,2.0,1.5594954e-07
69,172,3.0,2.4418588e-07
69,172,4.0,1.5407441e-07
69,172,5.0,1.010424e-07
69,172,6.0,1.683144e-07
69,172,7.0,2.1902298e-07
69,172,8.0,1.8308165e-07
69,172,9.0,1.5931907e-07
69,172,10.0,1.6972847e-07
69,172,11.0,2.2982915e-07
69,172,12.0,1.6024033e-07
69,172,13.0,1.1060681e-07
69,172,14.0,1.2909827e-07
70,168,0.0,1.5196055e-07
70,168,1.0,1.9151994e-07
70,168,2.0,1.4714641e-07
70,168,3.0,1.2965124e-07
70,168,4.0,1.3409621e-07
70,168,5.0,1.3333391e-07
70,168,6.0,1.2236428e-07
70,168,7.0,1.6396679e-07
70,168,8.0,1.3359237e-07
70,168,9.0,1.4444522e-07
70,168,10.0,1.9157397e-07
70,168,11.0,1.9006495e-07
70,168,12.0,1.5212945e-07
70,168,13.0,1.8832658e-07
70,168,14.0,1.8781897e-07
70,169,0.0,1.4180534e-07
70,169,1.0,1.7943535e-07
70,169,2.0,1.5400072e-07
70,169,3.0,1.9327595e-07
70,169,4.0,1.4621807e-07
70,169,5.0,1.433342e-07
70,169,6.0,1.4501178e-07
70,169,7.0,1.6329517e-07
70,169,8.0,1.7206204e-07
70,169,9.0,1.6329274e-07
70,169,10.0,1.5512279e-07
70,169,11.0,1.4539707e-07
70,169,12.0,1.4154158e-07
70,169,13.0,1.6058527e-07
70,169,14.0,1.6045573e-07
70,170,0.0,1.6745571e-07
70,170,1.0,1.4491967e-07
70,170,2.0,1.4855577e-07
70,170,3.0,1.6669075e-07
70,170,4.0,1.6156147e-07
70,170,5.0,1.5722668e-07
70,170,6.0,1.6163641e-07
70,170,7.0,1.5931242e-07
70,170,8.0,1.5144465e-07
70,170,9.0,1.522732e-07
70,170,10.0,1.5169694e-07
70,170,11.0,1.5895482e-07
70,170,12.0,1.7322213e-07
70,170,13.0,1.7367147e-07
70,170,14.0,1.5496911e-07
70,171,0.0,1.5601036e-07
70,171,1.0,2.2447593e-07
70,171,2.0,1.818608e-07
70,171,3.0,1.7671499e-07
70,171,4.0,1.8433197e-07
70,171,5.0,1.8550874e-07
70,171,6.0,1.6706724e-07
70,171,7.0,1.5783749e-07
70,171,8.0,1.609437e-07
70,171,9.0,1.431262e-07
70,171,10.0,1.4443418e-07
70,171,11.0,1.6204281e-07
70,171,12.0,1.6000654e-07
70,171,13.0,1.487322e-07
70,171,14.0,1.5105928e-07
70,172,0.0,1.5652051e-07
70,172,1.0,1.6042132e-07
70,172,2.0,1.4662585e-07
70,172,3.0,1.4972147e-07
70,172,4.0,1.5014247e-07
70,172,5.0,1.5477693e-07
70,172,6.0,1.5897285e-07
70,172,7.0,1.4298196e-07
70,172,8.0,1.3475905e-07
70,172,9.0,1.395333e-07
70,172,10.0,1.610788e-07
70,172,11.0,1.8646428e-07
70,172,12.0,1.6059484e-07
70,172,13.0,1.6068044e-07
70,172,14.0,1.5461653e-07
71,172,0.0,1.5052473e-07
71,172,1.0,1.8309062e-07
71,172,2.0,1.5283452e-07
71,172,3.0,1.6548442e-07
71,172,4.0,1.5627208e-07
71,172,5.0,1.4903218e-07
71,172,6.0,1.4979861e-07
71,172,7.0,1.5620228e-07
71,172,8.0,1.6115406e-07
71,172,9.0,1.6149376e-07
71,172,10.0,1.6484958e-07
71,172,11.0,1.7178324e-07
71,172,12.0,1.5890217e-07
71,172,13.0,1.5724315e-07
71,172,14.0,1.641772e-07
