Z_physical,A_physical,E_physical,Yield_pred
23,66,0.0,1.9304807e-08
23,66,1.0,1.8054088e-08
23,66,2.0,1.2465523e-07
23,66,3.0,2.9616731e-07
23,66,4.0,8.963459e-08
23,66,5.0,1.0318157e-07
23,66,6.0,3.0272856e-10
23,66,7.0,3.697515e-09
23,66,8.0,1.8309694e-07
23,66,9.0,1.2656394e-09
23,66,10.0,1.616704e-08
23,66,11.0,2.294938e-09
23,66,12.0,2.1376358e-07
23,66,13.0,4.3978837e-10
23,66,14.0,6.7066297e-10
24,66,0.0,1.991528e-09
24,66,1.0,0.0
24,66,2.0,0.0
24,66,3.0,5.440335e-09
24,66,4.0,3.6655765e-11
24,66,5.0,6.8418066e-10
24,66,6.0,8.222817e-08
24,66,7.0,3.9196636e-11
24,66,8.0,5.9778227e-10
24,66,9.0,4.247567e-09
24,66,10.0,1.7927418e-09
24,66,11.0,5.69619e-09
24,66,12.0,5.8901552e-08
24,66,13.0,2.308105e-07
24,66,14.0,1.296392e-08
24,67,0.0,0.0
24,67,1.0,1.1474652e-08
24,67,2.0,1.3030544e-09
24,67,3.0,4.223556e-08
24,67,4.0,5.3331203e-08
24,67,5.0,3.325003e-08
24,67,6.0,5.0188094e-09
24,67,7.0,4.849629e-12
24,67,8.0,0.0
24,67,9.0,3.8863981e-10
24,67,10.0,4.5062565e-10
24,67,11.0,5.715991e-09
24,67,12.0,6.819973e-08
24,67,13.0,1.8568983e-08
24,67,14.0,5.5212047e-13
24,68,0.0,1.1250421e-09
24,68,1.0,1.19268435e-08
24,68,2.0,3.6888157e-08
24,68,3.0,1.0426227e-08
24,68,4.0,5.4705193e-08
24,68,5.0,2.768243e-09
24,68,6.0,1.0144126e-11
24,68,7.0,1.047502e-08
24,68,8.0,9.891449e-09
24,68,9.0,3.050446e-09
24,68,10.0,1.393708e-12
24,68,11.0,7.662933e-11
24,68,12.0,0.0
24,68,13.0,0.0
24,68,14.0,4.2336294e-11
24,69,0.0,8.499738e-09
24,69,1.0,1.8278377e-07
24,69,2.0,1.2142485e-07
24,69,3.0,5.0318526e-08
24,69,4.0,2.2271974e-08
24,69,5.0,5.4029012e-09
24,69,6.0,3.6917356e-08
24,69,7.0,1.5560883e-07
24,69,8.0,1.8299671e-08
24,69,9.0,2.9109502e-08
24,69,10.0,9.410386e-09
24,69,11.0,1.9263501e-07
24,69,12.0,3.2899584e-07
24,69,13.0,2.5565102e-08
24,69,14.0,3.3832975e-10
24,70,0.0,6.263353e-09
24,70,1.0,1.8203268e-08
24,70,2.0,5.0146237e-10
24,70,3.0,0.0
24,70,4.0,5.2323234e-13
24,70,5.0,1.2901497e-09
24,70,6.0,5.019591e-09
24,70,7.0,9.794608e-10
24,70,8.0,1.6372994e-09
24,70,9.0,4.345304e-13
24,70,10.0,5.7682827e-09
24,70,11.0,5.5040267e-08
24,70,12.0,4.3756018e-10
24,70,13.0,8.735741e-10
24,70,14.0,2.107265e-09
25,66,0.0,1.14713745e-10
25,66,1.0,5.118201e-09
25,66,2.0,7.0672655e-08
25,66,3.0,1.4916513e-07
25,66,4.0,4.3513737e-07
25,66,5.0,1.1265603e-06
25,66,6.0,2.9292983e-07
25,66,7.0,2.4830513e-07
25,66,8.0,6.5290294e-08
25,66,9.0,1.5408276e-07
25,66,10.0,1.3276353e-08
25,66,11.0,1.2268202e-07
25,66,12.0,2.1415495e-07
25,66,13.0,3.194954e-08
25,66,14.0,2.8022033e-08
25,67,0.0,0.0
25,67,1.0,0.0
25,67,2.0,0.0
25,67,3.0,1.25353426e-11
25,67,4.0,9.045813e-08
25,67,5.0,7.225638e-07
25,67,6.0,1.9839357e-08
25,67,7.0,3.0479434e-08
25,67,8.0,1.4917147e-07
25,67,9.0,6.795857e-08
25,67,10.0,1.1719546e-07
25,67,11.0,3.892024e-07
25,67,12.0,2.0676654e-07
25,67,13.0,5.034136e-08
25,67,14.0,1.5369032e-08
25,68,0.0,2.0386155e-08
25,68,1.0,9.352115e-10
25,68,2.0,2.719614e-09
25,68,3.0,9.611297e-09
25,68,4.0,5.3980926e-08
25,68,5.0,2.5647145e-08
25,68,6.0,1.9666356e-08
25,68,7.0,9.4182475e-09
25,68,8.0,2.4709129e-08
25,68,9.0,2.1526075e-07
25,68,10.0,1.9749228e-07
25,68,11.0,1.8249519e-07
25,68,12.0,1.1138101e-07
25,68,13.0,2.0342448e-07
25,68,14.0,2.5050369e-08
25,69,0.0,3.9569045e-08
25,69,1.0,1.9440525e-09
25,69,2.0,2.094148e-08
25,69,3.0,5.1143378e-08
25,69,4.0,5.350362e-07
25,69,5.0,3.3036042e-07
25,69,6.0,5.0028346e-09
25,69,7.0,5.4560356e-08
25,69,8.0,2.5608271e-08
25,69,9.0,5.357426e-08
25,69,10.0,5.8129245e-08
25,69,11.0,2.3987101e-09
25,69,12.0,0.0
25,69,13.0,2.7178093e-10
25,69,14.0,5.6193966e-10
25,70,0.0,1.5944132e-10
25,70,1.0,6.593931e-08
25,70,2.0,5.00851e-09
25,70,3.0,0.0
25,70,4.0,1.5207753e-08
25,70,5.0,2.0515609e-08
25,70,6.0,2.1453712e-08
25,70,7.0,1.0345405e-08
25,70,8.0,4.252182e-12
25,70,9.0,3.4429894e-09
25,70,10.0,0.0
25,70,11.0,6.665563e-10
25,70,12.0,3.829691e-07
25,70,13.0,5.544852e-07
25,70,14.0,4.7566258e-09
25,71,0.0,8.187653e-09
25,71,1.0,2.5472197e-08
25,71,2.0,8.069062e-12
25,71,3.0,0.0
25,71,4.0,1.0154904e-07
25,71,5.0,1.0420174e-07
25,71,6.0,3.2705688e-10
25,71,7.0,1.7708378e-09
25,71,8.0,9.1949616e-08
25,71,9.0,7.28354e-07
25,71,10.0,5.6052997e-08
25,71,11.0,5.8035138e-08
25,71,12.0,7.703979e-09
25,71,13.0,2.8744084e-08
25,71,14.0,1.6665625e-08
25,72,0.0,6.190902e-09
25,72,1.0,0.0
25,72,2.0,2.7581349e-08
25,72,3.0,1.4262247e-07
25,72,4.0,1.6208929e-10
25,72,5.0,3.2382565e-07
25,72,6.0,1.3839987e-10
25,72,7.0,7.972814e-08
25,72,8.0,1.5565116e-10
25,72,9.0,0.0
25,72,10.0,0.0
25,72,11.0,1.1968262e-07
25,72,12.0,1.7405667e-07
25,72,13.0,8.939646e-08
25,72,14.0,0.0
25,73,0.0,1.4653565e-09
25,73,1.0,3.8517976e-07
25,73,2.0,4.7221027e-09
25,73,3.0,2.0160705e-07
25,73,4.0,1.2666895e-07
25,73,5.0,3.707793e-10
25,73,6.0,0.0
25,73,7.0,9.4636125e-11
25,73,8.0,0.0
25,73,9.0,0.0
25,73,10.0,5.1275786e-11
25,73,11.0,4.6083155e-09
25,73,12.0,2.0258517e-06
25,73,13.0,1.741156e-07
25,73,14.0,4.2809156e-11
26,66,0.0,0.0
26,66,1.0,0.0
26,66,2.0,0.0
26,66,3.0,2.1630495e-08
26,66,4.0,3.4972062e-12
26,66,5.0,1.1055187e-07
26,66,6.0,1.2076418e-06
26,66,7.0,4.289095e-06
26,66,8.0,5.3958606e-06
26,66,9.0,1.2608059e-06
26,66,10.0,4.0259747e-06
26,66,11.0,8.248631e-06
26,66,12.0,8.065392e-06
26,66,13.0,2.2044194e-05
26,66,14.0,1.2695812e-05
26,67,0.0,5.2362486e-11
26,67,1.0,8.7029655e-08
26,67,2.0,1.0546576e-07
26,67,3.0,5.96323e-09
26,67,4.0,2.6224467e-07
26,67,5.0,1.219849e-07
26,67,6.0,1.1495681e-08
26,67,7.0,1.9030325e-07
26,67,8.0,7.1647216e-10
26,67,9.0,2.1794297e-07
26,67,10.0,2.403794e-07
26,67,11.0,4.1116863e-07
26,67,12.0,1.4078706e-06
26,67,13.0,7.644856e-07
26,67,14.0,2.117953e-06
26,68,0.0,2.2869008e-07
26,68,1.0,3.9140855e-09
26,68,2.0,6.629222e-08
26,68,3.0,2.592259e-09
26,68,4.0,1.603344e-07
26,68,5.0,2.351999e-11
26,68,6.0,0.0
26,68,7.0,1.4134335e-09
26,68,8.0,7.774965e-10
26,68,9.0,1.50828e-14
26,68,10.0,1.7050316e-09
26,68,11.0,2.797636e-08
26,68,12.0,1.1638661e-07
26,68,13.0,1.683035e-07
26,68,14.0,1.8207453e-07
26,69,0.0,1.112027e-08
26,69,1.0,4.3104052e-08
26,69,2.0,1.2788844e-08
26,69,3.0,8.875596e-11
26,69,4.0,3.657433e-09
26,69,5.0,1.2931219e-08
26,69,6.0,2.5359176e-08
26,69,7.0,3.2350506e-10
26,69,8.0,4.616394e-08
26,69,9.0,8.089513e-08
26,69,10.0,1.11874606e-07
26,69,11.0,1.5813553e-07
26,69,12.0,7.245275e-07
26,69,13.0,8.9739004e-08
26,69,14.0,3.7414182e-08
26,70,0.0,5.0068678e-08
26,70,1.0,8.517269e-09
26,70,2.0,1.8372134e-07
26,70,3.0,1.7548832e-07
26,70,4.0,6.021851e-09
26,70,5.0,7.1384574e-09
26,70,6.0,7.0726767e-09
26,70,7.0,1.6597303e-07
26,70,8.0,7.4203688e-09
26,70,9.0,5.0581497e-07
26,70,10.0,1.848342e-08
26,70,11.0,2.7270293e-09
26,70,12.0,0.0
26,70,13.0,6.8460344e-07
26,70,14.0,8.6568923e-07
26,71,0.0,1.5927678e-07
26,71,1.0,3.0841019e-09
26,71,2.0,0.0
26,71,3.0,7.231649e-10
26,71,4.0,1.5510554e-10
26,71,5.0,3.7251766e-09
26,71,6.0,1.1979856e-08
26,71,7.0,2.1624329e-08
26,71,8.0,5.1923954e-09
26,71,9.0,0.0
26,71,10.0,1.8464761e-09
26,71,11.0,2.1717163e-08
26,71,12.0,1.2875638e-07
26,71,13.0,4.7423714e-09
26,71,14.0,3.1339194e-08
26,72,0.0,2.1490928e-08
26,72,1.0,0.0
26,72,2.0,2.4684257e-10
26,72,3.0,8.929225e-09
26,72,4.0,1.1528062e-09
26,72,5.0,8.6407465e-13
26,72,6.0,4.4399826e-09
26,72,7.0,9.429193e-09
26,72,8.0,9.375582e-09
26,72,9.0,9.998651e-09
26,72,10.0,3.246599e-08
26,72,11.0,3.7989305e-09
26,72,12.0,1.146263e-08
26,72,13.0,1.1201541e-07
26,72,14.0,1.0701604e-08
26,73,0.0,0.0
26,73,1.0,1.2427684e-07
26,73,2.0,4.0263006e-07
26,73,3.0,4.169485e-08
26,73,4.0,4.1869916e-09
26,73,5.0,6.829436e-08
26,73,6.0,5.645272e-08
26,73,7.0,2.499724e-08
26,73,8.0,4.4224958e-08
26,73,9.0,1.8700744e-08
26,73,10.0,1.8718254e-07
26,73,11.0,4.366811e-08
26,73,12.0,6.7252124e-09
26,73,13.0,1.2565812e-08
26,73,14.0,6.3948616e-12
26,74,0.0,0.0
26,74,1.0,1.1181801e-09
26,74,2.0,1.2978554e-08
26,74,3.0,0.0
26,74,4.0,0.0
26,74,5.0,3.946453e-09
26,74,6.0,2.0816623e-08
26,74,7.0,2.784405e-08
26,74,8.0,9.770212e-10
26,74,9.0,1.5115754e-09
26,74,10.0,5.6106664e-11
26,74,11.0,1.32859395e-08
26,74,12.0,4.51419e-10
26,74,13.0,2.4500665e-07
26,74,14.0,7.261874e-08
26,75,0.0,0.0
26,75,1.0,4.6467736e-09
26,75,2.0,3.182239e-12
26,75,3.0,9.204574e-09
26,75,4.0,3.0808453e-10
26,75,5.0,4.3736327e-11
26,75,6.0,6.768823e-11
26,75,7.0,2.6700903e-10
26,75,8.0,0.0
26,75,9.0,1.50599e-08
26,75,10.0,5.0234075e-08
26,75,11.0,2.9803232e-10
26,75,12.0,1.4166318e-08
26,75,13.0,1.9350532e-08
26,75,14.0,1.17054135e-08
26,76,0.0,0.0
26,76,1.0,0.0
26,76,2.0,0.0
26,76,3.0,0.0
26,76,4.0,1.2566833e-09
26,76,5.0,2.781095e-09
26,76,6.0,1.334192e-11
26,76,7.0,1.2857796e-08
26,76,8.0,0.0
26,76,9.0,6.8769584e-10
26,76,10.0,2.6660958e-09
26,76,11.0,1.1343803e-09
26,76,12.0,9.862159e-09
26,76,13.0,4.491167e-09
26,76,14.0,1.0882097e-08
27,66,0.0,5.3398495e-09
27,66,1.0,2.5747773e-10
27,66,2.0,9.0763095e-09
27,66,3.0,0.0
27,66,4.0,0.0
27,66,5.0,2.1199735e-11
27,66,6.0,2.118325e-07
27,66,7.0,6.320379e-07
27,66,8.0,5.3142774e-08
27,66,9.0,2.631064e-07
27,66,10.0,2.707652e-07
27,66,11.0,6.238879e-08
27,66,12.0,4.1324952e-07
27,66,13.0,6.439995e-08
27,66,14.0,6.72414e-08
27,67,0.0,0.0
27,67,1.0,0.0
27,67,2.0,0.0
27,67,3.0,0.0
27,67,4.0,0.0
27,67,5.0,4.574052e-11
27,67,6.0,1.4760954e-07
27,67,7.0,1.0759062e-06
27,67,8.0,9.755829e-07
27,67,9.0,1.1816417e-06
27,67,10.0,4.562188e-06
27,67,11.0,1.4021933e-06
27,67,12.0,1.4721055e-06
27,67,13.0,2.0457169e-06
27,67,14.0,1.8544253e-05
27,68,0.0,0.0
27,68,1.0,0.0
27,68,2.0,0.0
27,68,3.0,0.0
27,68,4.0,4.7929074e-18
27,68,5.0,5.866395e-11
27,68,6.0,1.2864563e-08
27,68,7.0,1.4147983e-07
27,68,8.0,2.064345e-06
27,68,9.0,1.2678537e-06
27,68,10.0,2.3298203e-06
27,68,11.0,1.5143835e-05
27,68,12.0,3.779287e-05
27,68,13.0,3.288231e-05
27,68,14.0,3.7385296e-05
27,69,0.0,1.5499031e-10
27,69,1.0,0.0
27,69,2.0,1.0660086e-09
27,69,3.0,3.6520984e-11
27,69,4.0,3.551675e-10
27,69,5.0,6.2620848e-06
27,69,6.0,1.1162152e-05
27,69,7.0,2.3529112e-05
27,69,8.0,4.9255417e-05
27,69,9.0,3.69199e-05
27,69,10.0,5.1360417e-05
27,69,11.0,4.529716e-05
27,69,12.0,3.300818e-05
27,69,13.0,6.2155785e-05
27,69,14.0,5.3528667e-05
27,70,0.0,0.0
27,70,1.0,0.0
27,70,2.0,0.0
27,70,3.0,0.0
27,70,4.0,7.6425755e-07
27,70,5.0,1.0513212e-05
27,70,6.0,5.1105276e-06
27,70,7.0,1.0118732e-06
27,70,8.0,1.6697901e-06
27,70,9.0,1.1054725e-06
27,70,10.0,1.7187496e-06
27,70,11.0,7.967208e-06
27,70,12.0,1.5479522e-05
27,70,13.0,1.9914978e-05
27,70,14.0,1.5790396e-05
27,71,0.0,8.1836404e-08
27,71,1.0,1.3630505e-07
27,71,2.0,0.0
27,71,3.0,2.7047692e-08
27,71,4.0,3.723358e-09
27,71,5.0,1.0455655e-08
27,71,6.0,4.503999e-09
27,71,7.0,6.9063755e-09
27,71,8.0,4.7158906e-08
27,71,9.0,1.0668353e-07
27,71,10.0,5.360698e-07
27,71,11.0,9.5298327e-07
27,71,12.0,2.3003104e-06
27,71,13.0,1.5936484e-06
27,71,14.0,3.5494322e-06
27,72,0.0,5.0630256e-09
27,72,1.0,0.0
27,72,2.0,7.738149e-09
27,72,3.0,9.049071e-09
27,72,4.0,5.025779e-09
27,72,5.0,6.153967e-07
27,72,6.0,4.0777966e-08
27,72,7.0,4.575659e-06
27,72,8.0,2.1340213e-06
27,72,9.0,1.0715482e-06
27,72,10.0,1.0163383e-07
27,72,11.0,7.591501e-08
27,72,12.0,6.4990064e-07
27,72,13.0,3.4587023e-07
27,72,14.0,4.0872915e-06
27,73,0.0,6.1251565e-10
27,73,1.0,0.0
27,73,2.0,2.694977e-08
27,73,3.0,0.0
27,73,4.0,9.136561e-08
27,73,5.0,1.2700305e-07
27,73,6.0,1.7766524e-07
27,73,7.0,3.7238325e-07
27,73,8.0,6.308816e-07
27,73,9.0,2.8312468e-07
27,73,10.0,1.3077497e-10
27,73,11.0,2.9695659e-07
27,73,12.0,4.3975848e-07
27,73,13.0,2.5151073e-06
27,73,14.0,2.0010652e-06
27,74,0.0,4.881311e-10
27,74,1.0,8.5576357e-10
27,74,2.0,1.5349809e-10
27,74,3.0,4.6131183e-09
27,74,4.0,5.2802433e-11
27,74,5.0,0.0
27,74,6.0,0.0
27,74,7.0,4.419561e-10
27,74,8.0,3.2083087e-14
27,74,9.0,0.0
27,74,10.0,0.0
27,74,11.0,9.870214e-08
27,74,12.0,3.2513353e-07
27,74,13.0,1.0537021e-07
27,74,14.0,3.024413e-07
27,75,0.0,2.2742568e-09
27,75,1.0,8.370389e-10
27,75,2.0,3.1603392e-07
27,75,3.0,4.2799778e-07
27,75,4.0,1.536299e-07
27,75,5.0,3.364554e-07
27,75,6.0,1.2865513e-07
27,75,7.0,2.3376451e-07
27,75,8.0,1.9501964e-08
27,75,9.0,2.7149338e-06
27,75,10.0,2.6133958e-07
27,75,11.0,5.3575942e-08
27,75,12.0,1.7296416e-07
27,75,13.0,1.3313685e-06
27,75,14.0,5.7924673e-08
27,76,0.0,2.9215523e-09
27,76,1.0,0.0
27,76,2.0,1.8051918e-07
27,76,3.0,6.6511875e-06
27,76,4.0,2.5327614e-07
27,76,5.0,1.8452258e-08
27,76,6.0,0.0
27,76,7.0,1.2770444e-10
27,76,8.0,2.9991324e-06
27,76,9.0,4.6899095e-07
27,76,10.0,7.584197e-10
27,76,11.0,1.16864335e-07
27,76,12.0,5.663295e-07
27,76,13.0,4.3064123e-08
27,76,14.0,0.0
27,77,0.0,1.8522378e-08
27,77,1.0,8.81275e-07
27,77,2.0,4.1318728e-08
27,77,3.0,4.324293e-07
27,77,4.0,2.8874043e-08
27,77,5.0,4.4674184e-08
27,77,6.0,7.155204e-08
27,77,7.0,2.7579052e-08
27,77,8.0,1.3359154e-07
27,77,9.0,3.962563e-09
27,77,10.0,1.6052934e-07
27,77,11.0,7.347735e-08
27,77,12.0,2.0719918e-07
27,77,13.0,6.508316e-07
27,77,14.0,4.971093e-08
27,78,0.0,2.6846863e-08
27,78,1.0,3.0798564e-08
27,78,2.0,3.890273e-08
27,78,3.0,0.0
27,78,4.0,1.26030635e-08
27,78,5.0,8.695055e-08
27,78,6.0,6.6120506e-08
27,78,7.0,6.8589955e-08
27,78,8.0,8.5218554e-10
27,78,9.0,2.2301329e-08
27,78,10.0,3.330586e-09
27,78,11.0,3.186331e-08
27,78,12.0,6.284888e-08
27,78,13.0,4.394253e-09
27,78,14.0,3.0994695e-08
28,66,0.0,0.0
28,66,1.0,0.0
28,66,2.0,0.0
28,66,3.0,2.083489e-09
28,66,4.0,3.8571601e-10
28,66,5.0,0.0
28,66,6.0,0.0
28,66,7.0,0.0
28,66,8.0,0.0
28,66,9.0,0.0
28,66,10.0,0.0
28,66,11.0,0.0
28,66,12.0,1.046221e-09
28,66,13.0,3.0801615e-08
28,66,14.0,6.954285e-07
28,67,0.0,7.2004083e-09
28,67,1.0,3.2823502e-07
28,67,2.0,5.743311e-09
28,67,3.0,1.8742833e-07
28,67,4.0,4.56819e-08
28,67,5.0,1.8126126e-06
28,67,6.0,4.4056725e-07
28,67,7.0,1.4966794e-07
28,67,8.0,1.0725331e-06
28,67,9.0,1.2282572e-06
28,67,10.0,2.8186223e-06
28,67,11.0,3.5770563e-06
28,67,12.0,1.6542073e-06
28,67,13.0,1.6587598e-09
28,67,14.0,0.0
28,68,0.0,3.0963058e-13
28,68,1.0,0.0
28,68,2.0,0.0
28,68,3.0,0.0
28,68,4.0,7.1283712e-09
28,68,5.0,1.7540888e-08
28,68,6.0,1.5537266e-07
28,68,7.0,2.8863374e-07
28,68,8.0,1.8657338e-06
28,68,9.0,6.97595e-06
28,68,10.0,1.5933541e-05
28,68,11.0,2.8713966e-05
28,68,12.0,6.0398317e-05
28,68,13.0,5.595943e-05
28,68,14.0,4.9805462e-06
28,69,0.0,1.4341421e-08
28,69,1.0,0.0
28,69,2.0,7.247909e-08
28,69,3.0,5.007312e-07
28,69,4.0,7.653181e-07
28,69,5.0,2.2463087e-07
28,69,6.0,2.2603883e-06
28,69,7.0,2.1462403e-05
28,69,8.0,7.837429e-05
28,69,9.0,4.8105234e-05
28,69,10.0,9.158574e-05
28,69,11.0,0.00014329825
28,69,12.0,0.0001395752
28,69,13.0,0.00012448146
28,69,14.0,0.00010833306
28,70,0.0,0.0
28,70,1.0,4.7190962e-08
28,70,2.0,7.025987e-06
28,70,3.0,6.5981614e-05
28,70,4.0,0.00012690033
28,70,5.0,0.00013750933
28,70,6.0,0.00025672294
28,70,7.0,0.00023537486
28,70,8.0,0.00029288055
28,70,9.0,0.00036645387
28,70,10.0,0.00044810187
28,70,11.0,0.00067891204
28,70,12.0,0.0008235406
28,70,13.0,0.00049539504
28,70,14.0,0.0003396789
28,71,0.0,3.948056e-09
28,71,1.0,4.2708888e-07
28,71,2.0,1.0613792e-05
28,71,3.0,0.0001483798
28,71,4.0,0.00022955105
28,71,5.0,0.00035064603
28,71,6.0,0.00020954691
28,71,7.0,0.0004596541
28,71,8.0,0.00040347548
28,71,9.0,0.00042418134
28,71,10.0,0.0003961502
28,71,11.0,0.0003854544
28,71,12.0,0.0005931568
28,71,13.0,0.0004113655
28,71,14.0,0.00037115265
28,72,0.0,3.1252519e-06
28,72,1.0,9.287939e-06
28,72,2.0,8.178638e-05
28,72,3.0,0.000119640565
28,72,4.0,0.00015065428
28,72,5.0,0.00039025268
28,72,6.0,0.0005090741
28,72,7.0,0.00036238952
28,72,8.0,0.00035619305
28,72,9.0,0.00029320762
28,72,10.0,0.00043217046
28,72,11.0,0.00032405343
28,72,12.0,0.00037422794
28,72,13.0,0.0005417882
28,72,14.0,0.00026180875
28,73,0.0,3.2482787e-06
28,73,1.0,6.9645007e-06
28,73,2.0,2.4643312e-05
28,73,3.0,6.498925e-05
28,73,4.0,0.00010208587
28,73,5.0,0.00015154782
28,73,6.0,8.896354e-05
28,73,7.0,5.5052256e-05
28,73,8.0,9.985867e-05
28,73,9.0,0.00019817187
28,73,10.0,6.6892666e-05
28,73,11.0,2.1136717e-05
28,73,12.0,0.00011571543
28,73,13.0,0.00015417614
28,73,14.0,0.00014039506
28,74,0.0,6.717602e-09
28,74,1.0,0.0
28,74,2.0,5.250093e-06
28,74,3.0,2.044708e-05
28,74,4.0,3.966256e-05
28,74,5.0,3.0442658e-05
28,74,6.0,4.7398444e-05
28,74,7.0,5.101425e-05
28,74,8.0,4.47051e-05
28,74,9.0,2.5946636e-05
28,74,10.0,4.2367174e-05
28,74,11.0,7.457054e-05
28,74,12.0,6.31404e-05
28,74,13.0,4.23052e-05
28,74,14.0,5.198078e-05
28,75,0.0,7.141706e-08
28,75,1.0,1.416152e-08
28,75,2.0,5.515422e-10
28,75,3.0,4.9817775e-08
28,75,4.0,8.6638465e-09
28,75,5.0,1.9727205e-08
28,75,6.0,1.3431605e-07
28,75,7.0,5.0541978e-08
28,75,8.0,5.3259697e-08
28,75,9.0,9.01588e-08
28,75,10.0,1.8544533e-08
28,75,11.0,1.1584654e-06
28,75,12.0,4.3864193e-07
28,75,13.0,2.0360874e-06
28,75,14.0,1.8764748e-06
28,76,0.0,6.963364e-08
28,76,1.0,7.941074e-08
28,76,2.0,3.574221e-07
28,76,3.0,9.380168e-10
28,76,4.0,1.3675882e-09
28,76,5.0,4.2079074e-10
28,76,6.0,1.6723577e-08
28,76,7.0,0.0
28,76,8.0,0.0
28,76,9.0,2.7490488e-09
28,76,10.0,3.796278e-09
28,76,11.0,7.4189096e-08
28,76,12.0,4.313528e-11
28,76,13.0,6.493487e-13
28,76,14.0,1.5067839e-09
28,77,0.0,4.288444e-08
28,77,1.0,9.3007245e-08
28,77,2.0,6.5949614e-08
28,77,3.0,2.0051436e-08
28,77,4.0,6.88926e-08
28,77,5.0,3.1946122e-08
28,77,6.0,1.5283808e-08
28,77,7.0,7.8312326e-08
28,77,8.0,1.147994e-08
28,77,9.0,6.361705e-08
28,77,10.0,2.0922096e-07
28,77,11.0,3.4098406e-08
28,77,12.0,2.693874e-08
28,77,13.0,4.0423366e-08
28,77,14.0,1.5975784e-08
28,78,0.0,3.106462e-09
28,78,1.0,9.533447e-10
28,78,2.0,1.780841e-08
28,78,3.0,3.808439e-08
28,78,4.0,1.3129986e-07
28,78,5.0,1.6089965e-07
28,78,6.0,8.565882e-08
28,78,7.0,1.4564264e-07
28,78,8.0,2.552008e-07
28,78,9.0,2.318126e-07
28,78,10.0,3.9536616e-08
28,78,11.0,4.3060724e-09
28,78,12.0,4.8118283e-09
28,78,13.0,3.2719168e-11
28,78,14.0,0.0
28,79,0.0,1.0143177e-07
28,79,1.0,2.1251145e-08
28,79,2.0,2.0573706e-08
28,79,3.0,3.2349888e-07
28,79,4.0,6.0861375e-08
28,79,5.0,1.2783434e-07
28,79,6.0,1.9587569e-07
28,79,7.0,1.7217185e-07
28,79,8.0,1.0186474e-07
28,79,9.0,3.986663e-07
28,79,10.0,2.7792952e-08
28,79,11.0,6.80194e-09
28,79,12.0,2.9077901e-08
28,79,13.0,6.6009e-08
28,79,14.0,1.3310002e-08
28,80,0.0,0.0
28,80,1.0,0.0
28,80,2.0,3.6924055e-10
28,80,3.0,4.5564835e-10
28,80,4.0,5.916932e-09
28,80,5.0,1.6206103e-09
28,80,6.0,3.708095e-10
28,80,7.0,0.0
28,80,8.0,0.0
28,80,9.0,3.2969605e-10
28,80,10.0,3.4294e-09
28,80,11.0,3.3085954e-08
28,80,12.0,1.6496999e-09
28,80,13.0,1.769119e-10
28,80,14.0,1.440063e-11
28,81,0.0,3.7555066e-07
28,81,1.0,6.6131327e-09
28,81,2.0,1.1348955e-08
28,81,3.0,7.499078e-08
28,81,4.0,5.45742e-07
28,81,5.0,6.679946e-07
28,81,6.0,5.587096e-07
28,81,7.0,2.3015217e-07
28,81,8.0,8.036409e-08
28,81,9.0,2.6995936e-08
28,81,10.0,7.611147e-08
28,81,11.0,1.2504874e-07
28,81,12.0,0.0
28,81,13.0,1.5230132e-08
28,81,14.0,4.153242e-10
28,82,0.0,1.0293411e-08
28,82,1.0,8.985422e-09
28,82,2.0,9.16152e-08
28,82,3.0,1.4107329e-07
28,82,4.0,7.4237875e-08
28,82,5.0,1.2829919e-07
28,82,6.0,4.556208e-08
28,82,7.0,1.737324e-08
28,82,8.0,8.2400015e-10
28,82,9.0,5.9088826e-08
28,82,10.0,1.7965715e-10
28,82,11.0,8.614815e-09
28,82,12.0,1.5949881e-08
28,82,13.0,6.822849e-10
28,82,14.0,2.4637141e-09
29,66,0.0,7.389537e-09
29,66,1.0,1.3616196e-09
29,66,2.0,0.0
29,66,3.0,8.731917e-13
29,66,4.0,3.8114814e-07
29,66,5.0,4.0790624e-08
29,66,6.0,1.1348299e-08
29,66,7.0,7.978698e-08
29,66,8.0,1.3519642e-07
29,66,9.0,3.859512e-09
29,66,10.0,4.7640658e-08
29,66,11.0,8.092487e-12
29,66,12.0,5.924711e-08
29,66,13.0,1.0234492e-09
29,66,14.0,8.6435026e-11
29,67,0.0,2.3983777e-12
29,67,1.0,4.3511314e-08
29,67,2.0,2.869911e-08
29,67,3.0,0.0
29,67,4.0,2.1103785e-10
29,67,5.0,2.8277475e-08
29,67,6.0,3.6672543e-09
29,67,7.0,1.5497843e-11
29,67,8.0,4.3969557e-09
29,67,9.0,3.7299504e-08
29,67,10.0,1.9339906e-07
29,67,11.0,2.0427064e-08
29,67,12.0,5.447588e-09
29,67,13.0,8.201001e-09
29,67,14.0,1.8008642e-08
29,68,0.0,0.0
29,68,1.0,0.0
29,68,2.0,0.0
29,68,3.0,0.0
29,68,4.0,0.0
29,68,5.0,1.0275184e-10
29,68,6.0,0.0
29,68,7.0,2.1551522e-10
29,68,8.0,9.164311e-09
29,68,9.0,1.714847e-11
29,68,10.0,2.9350213e-07
29,68,11.0,3.1786096e-09
29,68,12.0,1.2309671e-09
29,68,13.0,1.700247e-08
29,68,14.0,1.2802788e-07
29,69,0.0,2.4086544e-09
29,69,1.0,0.0
29,69,2.0,1.7925717e-07
29,69,3.0,2.3172824e-07
29,69,4.0,3.937506e-06
29,69,5.0,1.4595357e-06
29,69,6.0,6.6575234e-07
29,69,7.0,3.266066e-07
29,69,8.0,1.1214205e-06
29,69,9.0,3.2388336e-09
29,69,10.0,6.220359e-08
29,69,11.0,9.5423475e-06
29,69,12.0,2.2211148e-05
29,69,13.0,1.4861074e-05
29,69,14.0,6.918298e-06
29,70,0.0,5.7007354e-10
29,70,1.0,1.1066075e-09
29,70,2.0,0.0
29,70,3.0,0.0
29,70,4.0,1.36455865e-05
29,70,5.0,7.013453e-05
29,70,6.0,8.5245065e-06
29,70,7.0,5.1176925e-05
29,70,8.0,1.2188162e-05
29,70,9.0,1.2411398e-05
29,70,10.0,1.8954746e-05
29,70,11.0,4.7874324e-05
29,70,12.0,0.00014518033
29,70,13.0,0.00012502435
29,70,14.0,0.0001211857
29,71,0.0,4.1851596e-08
29,71,1.0,6.1681234e-08
29,71,2.0,7.651297e-05
29,71,3.0,8.446908e-05
29,71,4.0,0.00010937912
29,71,5.0,0.00020694526
29,71,6.0,0.00041863648
29,71,7.0,0.00040910856
29,71,8.0,0.00016282819
29,71,9.0,0.00021245774
29,71,10.0,0.00020897902
29,71,11.0,0.00024081442
29,71,12.0,0.00030078294
29,71,13.0,0.0002719937
29,71,14.0,0.0002642407
29,72,0.0,8.402484e-07
29,72,1.0,1.7805487e-05
29,72,2.0,2.6322956e-05
29,72,3.0,5.637697e-05
29,72,4.0,0.00018952231
29,72,5.0,0.000348355
29,72,6.0,0.00048003648
29,72,7.0,0.00046890398
29,72,8.0,0.0003000308
29,72,9.0,0.000214906
29,72,10.0,0.00057450787
29,72,11.0,0.0007339641
29,72,12.0,0.0007433765
29,72,13.0,0.0010900146
29,72,14.0,0.0004752659
29,73,0.0,1.738545e-05
29,73,1.0,0.00010622304
29,73,2.0,0.00026561297
29,73,3.0,0.00025824268
29,73,4.0,0.00053812045
29,73,5.0,0.00094459375
29,73,6.0,0.0014022326
29,73,7.0,0.0012066332
29,73,8.0,0.0010064406
29,73,9.0,0.00085646287
29,73,10.0,0.0010565083
29,73,11.0,0.0010183966
29,73,12.0,0.0013050891
29,73,13.0,0.0011230408
29,73,14.0,0.0013830576
29,74,0.0,7.0726956e-06
29,74,1.0,9.458612e-05
29,74,2.0,0.00017150934
29,74,3.0,0.00017550048
29,74,4.0,0.00041058357
29,74,5.0,0.0005267028
29,74,6.0,0.0007602711
29,74,7.0,0.00096736883
29,74,8.0,0.0008456813
29,74,9.0,0.0007309857
29,74,10.0,0.0007273076
29,74,11.0,0.0009815103
29,74,12.0,0.0009724579
29,74,13.0,0.0010549164
29,74,14.0,0.0016770719
29,75,0.0,2.0379508e-05
29,75,1.0,0.00010860134
29,75,2.0,0.00014280481
29,75,3.0,0.00011929184
29,75,4.0,0.00023222342
29,75,5.0,0.00070046814
29,75,6.0,0.0006139972
29,75,7.0,0.00065699476
29,75,8.0,0.00044970075
29,75,9.0,0.00076891447
29,75,10.0,0.00052054354
29,75,11.0,0.0007971796
29,75,12.0,0.00081516005
29,75,13.0,0.00054297387
29,75,14.0,0.0009634779
29,76,0.0,4.4272706e-06
29,76,1.0,7.046497e-05
29,76,2.0,0.000103018676
29,76,3.0,0.0001426269
29,76,4.0,0.0003362496
29,76,5.0,0.00046266915
29,76,6.0,0.00060352054
29,76,7.0,0.0007781955
29,76,8.0,0.00039596378
29,76,9.0,0.00031849594
29,76,10.0,0.00045705726
29,76,11.0,0.00035588685
29,76,12.0,0.00033479664
29,76,13.0,0.00027050785
29,76,14.0,0.00037191526
29,77,0.0,3.5789687e-06
29,77,1.0,0.00013403854
29,77,2.0,0.0002399937
29,77,3.0,0.00010968672
29,77,4.0,0.00019053834
29,77,5.0,0.00023934936
29,77,6.0,0.00028685445
29,77,7.0,0.00041050912
29,77,8.0,0.00022460478
29,77,9.0,0.00021808175
29,77,10.0,0.00031223966
29,77,11.0,0.00034907795
29,77,12.0,0.00032314885
29,77,13.0,0.0003446418
29,77,14.0,0.00026827367
29,78,0.0,8.92985e-08
29,78,1.0,6.0522734e-06
29,78,2.0,1.0026007e-05
29,78,3.0,4.619367e-05
29,78,4.0,3.331242e-05
29,78,5.0,7.924566e-05
29,78,6.0,0.00015280933
29,78,7.0,7.559359e-05
29,78,8.0,0.00012249974
29,78,9.0,6.972554e-05
29,78,10.0,0.000120633966
29,78,11.0,6.626527e-05
29,78,12.0,4.3692817e-05
29,78,13.0,7.876082e-05
29,78,14.0,5.5501194e-05
29,79,0.0,1.4556551e-06
29,79,1.0,1.6397371e-05
29,79,2.0,1.4830012e-05
29,79,3.0,3.2107506e-05
29,79,4.0,4.0964085e-05
29,79,5.0,1.7529332e-05
29,79,6.0,2.8196562e-05
29,79,7.0,3.747783e-05
29,79,8.0,1.808615e-05
29,79,9.0,2.8389939e-06
29,79,10.0,6.0630446e-06
29,79,11.0,4.553228e-06
29,79,12.0,1.054674e-05
29,79,13.0,2.9149187e-05
29,79,14.0,3.2201933e-05
29,80,0.0,6.8816632e-09
29,80,1.0,1.15884e-06
29,80,2.0,4.3803666e-08
29,80,3.0,4.8835324e-07
29,80,4.0,2.1393646e-06
29,80,5.0,5.02827e-09
29,80,6.0,8.200501e-07
29,80,7.0,4.0557084e-06
29,80,8.0,1.9538135e-14
29,80,9.0,7.877598e-08
29,80,10.0,1.1013688e-07
29,80,11.0,1.7519277e-08
29,80,12.0,3.4557595e-09
29,80,13.0,7.6432536e-07
29,80,14.0,5.266912e-08
29,81,0.0,1.3454193e-09
29,81,1.0,6.0608875e-07
29,81,2.0,1.2902318e-07
29,81,3.0,1.2587842e-06
29,81,4.0,1.1889373e-07
29,81,5.0,0.0
29,81,6.0,2.641799e-07
29,81,7.0,3.930925e-09
29,81,8.0,3.6468592e-07
29,81,9.0,3.4840537e-07
29,81,10.0,4.993212e-07
29,81,11.0,1.5300365e-08
29,81,12.0,1.4724277e-09
29,81,13.0,0.0
29,81,14.0,9.0887315e-09
29,82,0.0,0.0
29,82,1.0,0.0
29,82,2.0,2.9404218e-10
29,82,3.0,1.0895609e-07
29,82,4.0,6.224257e-08
29,82,5.0,0.0
29,82,6.0,1.435685e-09
29,82,7.0,0.0
29,82,8.0,0.0
29,82,9.0,4.307512e-11
29,82,10.0,3.3790155e-08
29,82,11.0,1.8796474e-07
29,82,12.0,2.6357696e-12
29,82,13.0,0.0
29,82,14.0,0.0
29,83,0.0,2.8595917e-07
29,83,1.0,0.0
29,83,2.0,1.3653178e-08
29,83,3.0,1.596072e-10
29,83,4.0,4.0026308e-07
29,83,5.0,3.4482582e-07
29,83,6.0,6.852329e-08
29,83,7.0,4.567723e-07
29,83,8.0,4.5360946e-07
29,83,9.0,1.2949031e-06
29,83,10.0,1.0598017e-07
29,83,11.0,2.9469813e-08
29,83,12.0,8.4746276e-08
29,83,13.0,5.9596914e-08
29,83,14.0,3.912316e-09
29,84,0.0,6.081889e-08
29,84,1.0,0.0
29,84,2.0,0.0
29,84,3.0,1.3055405e-08
29,84,4.0,0.0
29,84,5.0,0.0
29,84,6.0,3.9335886e-09
29,84,7.0,0.0
29,84,8.0,1.2941116e-10
29,84,9.0,1.9643204e-08
29,84,10.0,0.0
29,84,11.0,0.0
29,84,12.0,0.0
29,84,13.0,0.0
29,84,14.0,3.4314188e-10
30,66,0.0,2.0704674e-10
30,66,1.0,4.4122117e-10
30,66,2.0,4.8195847e-08
30,66,3.0,3.8023007e-08
30,66,4.0,4.492196e-08
30,66,5.0,1.04019335e-07
30,66,6.0,9.463102e-08
30,66,7.0,1.15942555e-07
30,66,8.0,3.2088443e-09
30,66,9.0,1.6169603e-08
30,66,10.0,1.06791695e-08
30,66,11.0,1.9275945e-10
30,66,12.0,4.486831e-11
30,66,13.0,0.0
30,66,14.0,0.0
30,67,0.0,1.1423063e-08
30,67,1.0,4.32694e-08
30,67,2.0,7.714696e-08
30,67,3.0,6.660749e-08
30,67,4.0,6.7531076e-08
30,67,5.0,4.0567993e-08
30,67,6.0,3.2251435e-08
30,67,7.0,5.3627176e-08
30,67,8.0,2.3037094e-08
30,67,9.0,1.5573124e-09
30,67,10.0,7.994192e-10
30,67,11.0,6.893783e-10
30,67,12.0,1.1596861e-08
30,67,13.0,1.2691635e-08
30,67,14.0,6.753853e-09
30,68,0.0,0.0
30,68,1.0,6.0400346e-10
30,68,2.0,7.425748e-10
30,68,3.0,1.0212637e-08
30,68,4.0,0.0
30,68,5.0,1.835187e-08
30,68,6.0,2.8261982e-09
30,68,7.0,1.6696772e-08
30,68,8.0,7.7897194e-10
30,68,9.0,3.0547685e-08
30,68,10.0,1.2499484e-07
30,68,11.0,1.9900428e-07
30,68,12.0,3.2802257e-07
30,68,13.0,1.2557355e-07
30,68,14.0,2.1963491e-07
30,69,0.0,3.0264917e-09
30,69,1.0,0.0
30,69,2.0,1.2100296e-08
30,69,3.0,2.803992e-09
30,69,4.0,0.0
30,69,5.0,0.0
30,69,6.0,2.2866486e-09
30,69,7.0,4.2314287e-08
30,69,8.0,2.3603306e-08
30,69,9.0,1.3321677e-10
30,69,10.0,2.6781022e-09
30,69,11.0,7.519152e-11
30,69,12.0,1.3701495e-10
30,69,13.0,2.7228928e-09
30,69,14.0,7.831619e-07
30,70,0.0,0.0
30,70,1.0,0.0
30,70,2.0,0.0
30,70,3.0,0.0
30,70,4.0,0.0
30,70,5.0,1.4007283e-11
30,70,6.0,0.0
30,70,7.0,9.699402e-08
30,70,8.0,4.190917e-07
30,70,9.0,2.0243743e-07
30,70,10.0,0.0
30,70,11.0,6.1982273e-09
30,70,12.0,4.143528e-08
30,70,13.0,3.9515562e-08
30,70,14.0,2.763417e-10
30,71,0.0,4.319363e-08
30,71,1.0,3.4643065e-08
30,71,2.0,2.083977e-07
30,71,3.0,1.6229571e-06
30,71,4.0,9.101601e-06
30,71,5.0,6.7667424e-06
30,71,6.0,7.0824362e-06
30,71,7.0,8.902687e-07
30,71,8.0,9.519184e-08
30,71,9.0,6.510113e-06
30,71,10.0,2.8623217e-05
30,71,11.0,1.078392e-05
30,71,12.0,1.4444451e-05
30,71,13.0,1.0730694e-05
30,71,14.0,5.768958e-06
30,72,0.0,1.3313264e-06
30,72,1.0,2.460477e-06
30,72,2.0,2.5126843e-05
30,72,3.0,2.27161e-05
30,72,4.0,0.0001169122
30,72,5.0,0.00010227353
30,72,6.0,8.421455e-05
30,72,7.0,0.000118584685
30,72,8.0,0.00010089255
30,72,9.0,0.00017610072
30,72,10.0,0.0001587481
30,72,11.0,0.0001866493
30,72,12.0,0.00015371146
30,72,13.0,0.00013678032
30,72,14.0,0.00014871584
30,73,0.0,5.2853134e-06
30,73,1.0,5.1642655e-06
30,73,2.0,3.1186028e-05
30,73,3.0,0.00023518021
30,73,4.0,0.0005006866
30,73,5.0,0.0005250068
30,73,6.0,0.00051803916
30,73,7.0,0.0003075765
30,73,8.0,0.00031694458
30,73,9.0,0.00039399505
30,73,10.0,0.0006311659
30,73,11.0,0.00065765815
30,73,12.0,0.00044128043
30,73,13.0,0.00064292236
30,73,14.0,0.0008579063
30,74,0.0,6.286533e-05
30,74,1.0,0.00027805642
30,74,2.0,0.0007898137
30,74,3.0,0.0014574733
30,74,4.0,0.0028217067
30,74,5.0,0.0036480136
30,74,6.0,0.002903069
30,74,7.0,0.002618504
30,74,8.0,0.0017018163
30,74,9.0,0.002184597
30,74,10.0,0.003300559
30,74,11.0,0.004036216
30,74,12.0,0.0033932854
30,74,13.0,0.0028345017
30,74,14.0,0.0024297743
30,75,0.0,0.00018029619
30,75,1.0,0.00082151097
30,75,2.0,0.0021620523
30,75,3.0,0.003497443
30,75,4.0,0.004911446
30,75,5.0,0.006616136
30,75,6.0,0.005753371
30,75,7.0,0.0040273126
30,75,8.0,0.004324631
30,75,9.0,0.003959514
30,75,10.0,0.0031529022
30,75,11.0,0.0038984467
30,75,12.0,0.0043522464
30,75,13.0,0.0032936675
30,75,14.0,0.003117402
30,76,0.0,0.0009566581
30,76,1.0,0.003045852
30,76,2.0,0.00412396
30,76,3.0,0.0074500414
30,76,4.0,0.008897226
30,76,5.0,0.009920324
30,76,6.0,0.009248897
30,76,7.0,0.006276658
30,76,8.0,0.007397912
30,76,9.0,0.0067424206
30,76,10.0,0.0059594736
30,76,11.0,0.00686134
30,76,12.0,0.005664336
30,76,13.0,0.005410091
30,76,14.0,0.0043836
30,77,0.0,0.0007240961
30,77,1.0,0.0032793123
30,77,2.0,0.0050589163
30,77,3.0,0.0053413915
30,77,4.0,0.008898383
30,77,5.0,0.012843162
30,77,6.0,0.011753533
30,77,7.0,0.010573353
30,77,8.0,0.005985161
30,77,9.0,0.0061517693
30,77,10.0,0.0071553574
30,77,11.0,0.0078118914
30,77,12.0,0.007110439
30,77,13.0,0.005930796
30,77,14.0,0.0048388406
30,78,0.0,0.0012827341
30,78,1.0,0.0025417118
30,78,2.0,0.0051956475
30,78,3.0,0.0095820585
30,78,4.0,0.011311052
30,78,5.0,0.013367854
30,78,6.0,0.011524311
30,78,7.0,0.006555542
30,78,8.0,0.005767626
30,78,9.0,0.0058998005
30,78,10.0,0.008088617
30,78,11.0,0.00823123
30,78,12.0,0.008917688
30,78,13.0,0.00633598
30,78,14.0,0.004616162
30,79,0.0,0.00029011
30,79,1.0,0.001028975
30,79,2.0,0.0025724305
30,79,3.0,0.003010655
30,79,4.0,0.0047364975
30,79,5.0,0.004171263
30,79,6.0,0.0066018202
30,79,7.0,0.0030045747
30,79,8.0,0.0027356802
30,79,9.0,0.0027091529
30,79,10.0,0.0030541464
30,79,11.0,0.0038136854
30,79,12.0,0.002751436
30,79,13.0,0.0029185403
30,79,14.0,0.0015427178
30,80,0.0,9.759271e-05
30,80,1.0,0.00022252997
30,80,2.0,0.0006800582
30,80,3.0,0.00084790157
30,80,4.0,0.0009750806
30,80,5.0,0.00097151037
30,80,6.0,0.0010085452
30,80,7.0,0.00089138624
30,80,8.0,0.00052138313
30,80,9.0,0.000699937
30,80,10.0,0.0010360756
30,80,11.0,0.00084010145
30,80,12.0,0.00051775534
30,80,13.0,0.00040803629
30,80,14.0,0.00026002235
30,81,0.0,2.6026585e-06
30,81,1.0,8.3529644e-10
30,81,2.0,2.097474e-07
30,81,3.0,9.3252305e-07
30,81,4.0,8.954994e-06
30,81,5.0,1.661876e-05
30,81,6.0,2.339696e-06
30,81,7.0,2.7320766e-06
30,81,8.0,9.072992e-06
30,81,9.0,1.8845296e-05
30,81,10.0,2.459752e-05
30,81,11.0,2.0214875e-05
30,81,12.0,0.00011311317
30,81,13.0,1.4678144e-05
30,81,14.0,7.9099345e-06
30,82,0.0,1.900503e-07
30,82,1.0,7.224545e-07
30,82,2.0,3.9857387e-06
30,82,3.0,2.6599942e-06
30,82,4.0,4.7693225e-06
30,82,5.0,1.1663104e-06
30,82,6.0,5.63924e-07
30,82,7.0,8.181903e-07
30,82,8.0,1.8898267e-07
30,82,9.0,3.6917342e-07
30,82,10.0,1.2564832e-06
30,82,11.0,1.2219357e-07
30,82,12.0,3.3339646e-08
30,82,13.0,2.6841853e-06
30,82,14.0,7.0985134e-06
30,83,0.0,5.518477e-08
30,83,1.0,6.458364e-07
30,83,2.0,7.1835573e-09
30,83,3.0,1.2511069e-09
30,83,4.0,2.7261784e-12
30,83,5.0,3.2532022e-11
30,83,6.0,0.0
30,83,7.0,2.3824487e-09
30,83,8.0,3.5098532e-07
30,83,9.0,6.1640304e-07
30,83,10.0,9.427938e-09
30,83,11.0,7.2719516e-08
30,83,12.0,3.913859e-07
30,83,13.0,1.0193214e-06
30,83,14.0,3.7548014e-07
30,84,0.0,2.0670991e-07
30,84,1.0,2.8443425e-08
30,84,2.0,5.5790017e-09
30,84,3.0,6.669612e-09
30,84,4.0,1.9596763e-08
30,84,5.0,2.8968161e-08
30,84,6.0,7.5226055e-08
30,84,7.0,1.889941e-08
30,84,8.0,6.846878e-08
30,84,9.0,1.0591647e-07
30,84,10.0,5.9329544e-08
30,84,11.0,3.7853356e-09
30,84,12.0,7.168686e-09
30,84,13.0,3.9476152e-12
30,84,14.0,6.9554146e-10
30,85,0.0,3.205288e-09
30,85,1.0,2.2303723e-08
30,85,2.0,5.051935e-11
30,85,3.0,2.2403489e-11
30,85,4.0,1.0721157e-11
30,85,5.0,1.5713377e-09
30,85,6.0,2.0724087e-07
30,85,7.0,3.9310486e-08
30,85,8.0,0.0
30,85,9.0,0.0
30,85,10.0,5.220599e-09
30,85,11.0,0.0
30,85,12.0,2.7705298e-08
30,85,13.0,3.5807253e-11
30,85,14.0,5.7737513e-08
30,86,0.0,1.8163668e-10
30,86,1.0,1.989219e-09
30,86,2.0,2.6983915e-10
30,86,3.0,1.1436768e-08
30,86,4.0,3.8524373e-08
30,86,5.0,1.2211113e-08
30,86,6.0,6.0397554e-08
30,86,7.0,1.7732267e-08
30,86,8.0,3.4097296e-09
30,86,9.0,7.862755e-08
30,86,10.0,1.4406535e-07
30,86,11.0,2.8971337e-08
30,86,12.0,4.8653476e-08
30,86,13.0,3.0627096e-08
30,86,14.0,1.5838707e-13
31,67,0.0,3.3860146e-13
31,67,1.0,3.6622342e-08
31,67,2.0,0.0
31,67,3.0,2.7622193e-08
31,67,4.0,1.9786108e-07
31,67,5.0,1.0865345e-10
31,67,6.0,6.7236425e-12
31,67,7.0,0.0
31,67,8.0,2.7746179e-09
31,67,9.0,4.6505785e-12
31,67,10.0,1.0949031e-10
31,67,11.0,0.0
31,67,12.0,2.710053e-08
31,67,13.0,7.371865e-08
31,67,14.0,2.1328165e-07
31,68,0.0,0.0
31,68,1.0,3.9881067e-09
31,68,2.0,1.4359709e-08
31,68,3.0,4.8286876e-07
31,68,4.0,1.5233727e-08
31,68,5.0,7.766199e-08
31,68,6.0,1.137665e-06
31,68,7.0,0.0
31,68,8.0,1.0214915e-10
31,68,9.0,5.4189204e-09
31,68,10.0,1.4401776e-07
31,68,11.0,7.093759e-08
31,68,12.0,3.9272226e-08
31,68,13.0,1.8000712e-07
31,68,14.0,1.8542828e-08
31,69,0.0,5.722902e-08
31,69,1.0,1.5321405e-07
31,69,2.0,5.656084e-10
31,69,3.0,2.8040282e-07
31,69,4.0,9.043984e-09
31,69,5.0,3.2524273e-08
31,69,6.0,3.7983538e-13
31,69,7.0,4.703253e-09
31,69,8.0,1.534097e-09
31,69,9.0,5.602355e-10
31,69,10.0,1.5877951e-09
31,69,11.0,6.5708474e-07
31,69,12.0,2.585277e-07
31,69,13.0,5.0480928e-08
31,69,14.0,7.2571177e-10
31,70,0.0,1.0429649e-07
31,70,1.0,5.1337277e-09
31,70,2.0,8.030209e-08
31,70,3.0,3.2365736e-07
31,70,4.0,3.3943624e-07
31,70,5.0,4.1106026e-07
31,70,6.0,3.114668e-07
31,70,7.0,1.6277562e-08
31,70,8.0,1.4978951e-09
31,70,9.0,0.0
31,70,10.0,0.0
31,70,11.0,7.847887e-10
31,70,12.0,5.6868094e-11
31,70,13.0,6.473074e-09
31,70,14.0,3.737148e-07
31,71,0.0,2.8133366e-07
31,71,1.0,7.928506e-08
31,71,2.0,5.05323e-09
31,71,3.0,0.0
31,71,4.0,8.396445e-08
31,71,5.0,2.411454e-08
31,71,6.0,8.307424e-08
31,71,7.0,1.1286558e-10
31,71,8.0,7.588775e-12
31,71,9.0,1.9866877e-06
31,71,10.0,0.0
31,71,11.0,6.317269e-08
31,71,12.0,6.0194068e-09
31,71,13.0,5.554327e-10
31,71,14.0,1.6855425e-07
31,72,0.0,4.0153973e-09
31,72,1.0,0.0
31,72,2.0,0.0
31,72,3.0,1.4368756e-07
31,72,4.0,2.442186e-07
31,72,5.0,3.1392273e-07
31,72,6.0,6.6737084e-07
31,72,7.0,1.2181225e-07
31,72,8.0,2.6398826e-07
31,72,9.0,6.4356584e-08
31,72,10.0,6.213191e-07
31,72,11.0,2.825106e-06
31,72,12.0,1.0596013e-05
31,72,13.0,9.182819e-08
31,72,14.0,2.7439438e-07
31,73,0.0,1.4432028e-07
31,73,1.0,0.0
31,73,2.0,1.0127467e-07
31,73,3.0,7.2979657e-07
31,73,4.0,1.9716917e-06
31,73,5.0,2.3868115e-05
31,73,6.0,0.00010484793
31,73,7.0,9.407067e-05
31,73,8.0,1.9746672e-05
31,73,9.0,3.0376023e-05
31,73,10.0,4.241994e-05
31,73,11.0,7.2041126e-05
31,73,12.0,3.8888073e-05
31,73,13.0,2.87034e-05
31,73,14.0,3.112083e-05
31,74,0.0,4.780911e-09
31,74,1.0,0.0
31,74,2.0,2.123674e-07
31,74,3.0,1.2327878e-05
31,74,4.0,0.0001186086
31,74,5.0,0.00011888931
31,74,6.0,0.0003289712
31,74,7.0,0.000121100216
31,74,8.0,8.9325324e-05
31,74,9.0,0.00016583291
31,74,10.0,0.00012873896
31,74,11.0,9.50801e-05
31,74,12.0,0.00012536706
31,74,13.0,0.0002648115
31,74,14.0,0.000344375
31,75,0.0,4.398913e-05
31,75,1.0,0.00014878472
31,75,2.0,0.00032190685
31,75,3.0,0.0004751838
31,75,4.0,0.0007244511
31,75,5.0,0.0016261131
31,75,6.0,0.0019418102
31,75,7.0,0.0018301092
31,75,8.0,0.0007035047
31,75,9.0,0.0008743146
31,75,10.0,0.0009837872
31,75,11.0,0.0009471637
31,75,12.0,0.00097360957
31,75,13.0,0.0011150563
31,75,14.0,0.0007041334
31,76,0.0,5.4593253e-05
31,76,1.0,0.0005258578
31,76,2.0,0.00096865045
31,76,3.0,0.0014495306
31,76,4.0,0.0031311105
31,76,5.0,0.0031294918
31,76,6.0,0.0033749745
31,76,7.0,0.0032619117
31,76,8.0,0.0014619507
31,76,9.0,0.0019418064
31,76,10.0,0.002174314
31,76,11.0,0.0025693728
31,76,12.0,0.0021072587
31,76,13.0,0.0033543354
31,76,14.0,0.0026385202
31,77,0.0,0.00066076993
31,77,1.0,0.002672663
31,77,2.0,0.0051128953
31,77,3.0,0.0062393523
31,77,4.0,0.01178676
31,77,5.0,0.011152212
31,77,6.0,0.010493074
31,77,7.0,0.010528566
31,77,8.0,0.005728176
31,77,9.0,0.0050772983
31,77,10.0,0.0061975825
31,77,11.0,0.0080952775
31,77,12.0,0.010103019
31,77,13.0,0.010748816
31,77,14.0,0.008179088
31,78,0.0,0.0009680615
31,78,1.0,0.0046073752
31,78,2.0,0.00680911
31,78,3.0,0.00816467
31,78,4.0,0.013441426
31,78,5.0,0.017195873
31,78,6.0,0.016070923
31,78,7.0,0.013273889
31,78,8.0,0.009308282
31,78,9.0,0.008305298
31,78,10.0,0.011089673
31,78,11.0,0.01025993
31,78,12.0,0.010899292
31,78,13.0,0.009625779
31,78,14.0,0.0077272397
31,79,0.0,0.0035381722
31,79,1.0,0.0074863466
31,79,2.0,0.01745726
31,79,3.0,0.022068841
31,79,4.0,0.0239188
31,79,5.0,0.029136648
31,79,6.0,0.026054233
31,79,7.0,0.025195695
31,79,8.0,0.014509628
31,79,9.0,0.015340236
31,79,10.0,0.014950376
31,79,11.0,0.016307518
31,79,12.0,0.018135315
31,79,13.0,0.01861162
31,79,14.0,0.015601626
31,80,0.0,0.0023533094
31,80,1.0,0.0047040964
31,80,2.0,0.009682229
31,80,3.0,0.012082569
31,80,4.0,0.019592915
31,80,5.0,0.017046515
31,80,6.0,0.01695731
31,80,7.0,0.016544465
31,80,8.0,0.008721584
31,80,9.0,0.0092859
31,80,10.0,0.009194105
31,80,11.0,0.013279134
31,80,12.0,0.016186781
31,80,13.0,0.012424121
31,80,14.0,0.008722925
31,81,0.0,0.0008706663
31,81,1.0,0.0021290916
31,81,2.0,0.0043823146
31,81,3.0,0.0054201
31,81,4.0,0.007573239
31,81,5.0,0.008128121
31,81,6.0,0.0072900155
31,81,7.0,0.0043392703
31,81,8.0,0.0041494677
31,81,9.0,0.0028054775
31,81,10.0,0.0034970916
31,81,11.0,0.0039508133
31,81,12.0,0.004161012
31,81,13.0,0.0046460205
31,81,14.0,0.0035967324
31,82,0.0,0.00029909203
31,82,1.0,0.0002679682
31,82,2.0,0.0009432604
31,82,3.0,0.0012412159
31,82,4.0,0.000687758
31,82,5.0,0.0016402664
31,82,6.0,0.0009941062
31,82,7.0,0.0009690783
31,82,8.0,0.00072671595
31,82,9.0,0.0006839698
31,82,10.0,0.0005908203
31,82,11.0,0.0014539103
31,82,12.0,0.0009280656
31,82,13.0,0.0006263395
31,82,14.0,0.0006306188
31,83,0.0,1.2205938e-05
31,83,1.0,2.5597159e-05
31,83,2.0,0.00014830104
31,83,3.0,0.00010826079
31,83,4.0,0.0001236919
31,83,5.0,8.647388e-05
31,83,6.0,0.00016771875
31,83,7.0,0.00017815891
31,83,8.0,5.3395142e-05
31,83,9.0,5.6945137e-05
31,83,10.0,6.6816734e-05
31,83,11.0,6.269268e-05
31,83,12.0,9.0482914e-05
31,83,13.0,6.817529e-05
31,83,14.0,0.00013961148
31,84,0.0,4.9432424e-07
31,84,1.0,7.014476e-09
31,84,2.0,0.0
31,84,3.0,1.801256e-10
31,84,4.0,1.3177576e-07
31,84,5.0,9.916525e-07
31,84,6.0,1.0441229e-06
31,84,7.0,9.353929e-10
31,84,8.0,7.727395e-08
31,84,9.0,6.5660616e-11
31,84,10.0,0.0
31,84,11.0,4.3173427e-06
31,84,12.0,1.213082e-05
31,84,13.0,7.084024e-06
31,84,14.0,2.626804e-06
31,85,0.0,5.26571e-08
31,85,1.0,1.552766e-07
31,85,2.0,3.1301903e-09
31,85,3.0,8.478757e-09
31,85,4.0,5.3169483e-08
31,85,5.0,2.8759604e-07
31,85,6.0,1.9536453e-06
31,85,7.0,1.1471829e-07
31,85,8.0,1.3000877e-07
31,85,9.0,9.4538436e-08
31,85,10.0,1.7968836e-09
31,85,11.0,0.0
31,85,12.0,8.954218e-09
31,85,13.0,2.0183965e-07
31,85,14.0,6.222825e-07
31,86,0.0,5.143495e-09
31,86,1.0,3.411606e-08
31,86,2.0,1.043395e-09
31,86,3.0,0.0
31,86,4.0,3.1850237e-07
31,86,5.0,6.7479453e-07
31,86,6.0,6.479787e-09
31,86,7.0,0.0
31,86,8.0,5.726342e-13
31,86,9.0,4.2290806e-11
31,86,10.0,2.020898e-12
31,86,11.0,4.195769e-11
31,86,12.0,1.957055e-10
31,86,13.0,0.0
31,86,14.0,5.5392464e-09
31,87,0.0,2.0778842e-08
31,87,1.0,3.910547e-09
31,87,2.0,7.728711e-09
31,87,3.0,1.1654118e-08
31,87,4.0,3.5274546e-08
31,87,5.0,1.7358994e-08
31,87,6.0,0.0
31,87,7.0,1.1131738e-10
31,87,8.0,2.9169058e-08
31,87,9.0,2.7277491e-09
31,87,10.0,5.1724968e-11
31,87,11.0,3.4591104e-11
31,87,12.0,1.8570425e-09
31,87,13.0,1.6548051e-07
31,87,14.0,2.204961e-08
31,88,0.0,4.348635e-10
31,88,1.0,6.952129e-08
31,88,2.0,2.0217816e-07
31,88,3.0,2.3199014e-09
31,88,4.0,0.0
31,88,5.0,6.025898e-08
31,88,6.0,1.7663794e-07
31,88,7.0,1.043484e-08
31,88,8.0,3.4910165e-11
31,88,9.0,2.4226459e-14
31,88,10.0,1.3957648e-09
31,88,11.0,0.0
31,88,12.0,2.1692005e-10
31,88,13.0,8.1417815e-09
31,88,14.0,4.590938e-09
31,89,0.0,2.3144818e-10
31,89,1.0,4.056274e-10
31,89,2.0,3.003604e-07
31,89,3.0,1.13880176e-07
31,89,4.0,1.3682714e-08
31,89,5.0,7.892491e-07
31,89,6.0,5.123719e-07
31,89,7.0,9.2897943e-07
31,89,8.0,1.9348262e-07
31,89,9.0,6.857362e-07
31,89,10.0,3.2946772e-07
31,89,11.0,5.071435e-07
31,89,12.0,4.4144855e-07
31,89,13.0,8.759416e-07
31,89,14.0,1.2955881e-07
32,69,0.0,7.9164134e-11
32,69,1.0,1.01829984e-08
32,69,2.0,2.2636404e-07
32,69,3.0,5.8454493e-15
32,69,4.0,1.890654e-09
32,69,5.0,4.866402e-12
32,69,6.0,4.896914e-07
32,69,7.0,2.2848073e-07
32,69,8.0,4.361196e-08
32,69,9.0,8.5419916e-10
32,69,10.0,2.7130247e-14
32,69,11.0,3.473518e-08
32,69,12.0,3.5004423e-11
32,69,13.0,0.0
32,69,14.0,1.2964025e-15
32,70,0.0,4.736014e-10
32,70,1.0,3.1395672e-08
32,70,2.0,6.023834e-08
32,70,3.0,4.5659927e-08
32,70,4.0,1.8530584e-07
32,70,5.0,5.9441103e-08
32,70,6.0,1.4868775e-08
32,70,7.0,9.631175e-10
32,70,8.0,0.0
32,70,9.0,2.0436232e-08
32,70,10.0,1.4994843e-07
32,70,11.0,5.221058e-08
32,70,12.0,4.5677805e-08
32,70,13.0,7.9077424e-08
32,70,14.0,2.7716746e-07
32,71,0.0,0.0
32,71,1.0,0.0
32,71,2.0,1.138043e-13
32,71,3.0,1.3167356e-07
32,71,4.0,1.2827252e-07
32,71,5.0,2.6514942e-07
32,71,6.0,4.8560988e-08
32,71,7.0,4.1138235e-09
32,71,8.0,1.3190897e-08
32,71,9.0,1.5783712e-08
32,71,10.0,3.852339e-12
32,71,11.0,8.02613e-11
32,71,12.0,1.3973509e-08
32,71,13.0,2.541008e-07
32,71,14.0,2.7233975e-08
32,72,0.0,0.0
32,72,1.0,0.0
32,72,2.0,0.0
32,72,3.0,1.0529633e-11
32,72,4.0,9.1325525e-08
32,72,5.0,2.932707e-07
32,72,6.0,3.122535e-08
32,72,7.0,3.871082e-10
32,72,8.0,1.2437788e-07
32,72,9.0,2.3160362e-07
32,72,10.0,2.865611e-07
32,72,11.0,3.0098494e-07
32,72,12.0,3.110035e-09
32,72,13.0,3.7981317e-07
32,72,14.0,3.5213847e-07
32,73,0.0,8.744846e-13
32,73,1.0,0.0
32,73,2.0,4.575599e-13
32,73,3.0,0.0
32,73,4.0,7.896818e-13
32,73,5.0,1.0025118e-10
32,73,6.0,6.051517e-10
32,73,7.0,7.0899026e-10
32,73,8.0,0.0
32,73,9.0,0.0
32,73,10.0,0.0
32,73,11.0,0.0
32,73,12.0,0.0
32,73,13.0,3.2788358e-13
32,73,14.0,4.4550443e-09
32,74,0.0,0.0
32,74,1.0,0.0
32,74,2.0,0.0
32,74,3.0,5.17419e-09
32,74,4.0,2.9058333e-07
32,74,5.0,6.324762e-07
32,74,6.0,1.8626486e-07
32,74,7.0,1.5988585e-09
32,74,8.0,1.7807675e-08
32,74,9.0,6.5004464e-08
32,74,10.0,6.924637e-09
32,74,11.0,1.3909919e-07
32,74,12.0,6.609495e-08
32,74,13.0,1.3342235e-08
32,74,14.0,5.960965e-09
32,75,0.0,6.076076e-07
32,75,1.0,7.8211926e-08
32,75,2.0,3.2958316e-05
32,75,3.0,1.5174447e-05
32,75,4.0,2.5406682e-05
32,75,5.0,5.085318e-05
32,75,6.0,5.286742e-05
32,75,7.0,2.0984138e-05
32,75,8.0,7.123804e-05
32,75,9.0,0.00023455713
32,75,10.0,0.00015014179
32,75,11.0,0.00022468866
32,75,12.0,4.871996e-05
32,75,13.0,6.451817e-05
32,75,14.0,2.6622785e-05
32,76,0.0,1.2942352e-06
32,76,1.0,3.9262603e-05
32,76,2.0,8.432522e-06
32,76,3.0,7.462896e-05
32,76,4.0,8.0086684e-05
32,76,5.0,0.00012966078
32,76,6.0,4.4441273e-05
32,76,7.0,4.050563e-05
32,76,8.0,7.005604e-05
32,76,9.0,0.00011311677
32,76,10.0,0.00018286509
32,76,11.0,0.000118668155
32,76,12.0,0.00014467724
32,76,13.0,0.0001556707
32,76,14.0,0.00013138213
32,77,0.0,0.00023408064
32,77,1.0,0.00038823838
32,77,2.0,0.000392278
32,77,3.0,0.0009902259
32,77,4.0,0.0009956224
32,77,5.0,0.0013431802
32,77,6.0,0.00091097807
32,77,7.0,0.0007155569
32,77,8.0,0.0004330251
32,77,9.0,0.0012759435
32,77,10.0,0.0019968278
32,77,11.0,0.0008725297
32,77,12.0,0.0014598877
32,77,13.0,0.0016882742
32,77,14.0,0.0013713012
32,78,0.0,0.0007077179
32,78,1.0,0.0010635185
32,78,2.0,0.003740434
32,78,3.0,0.0040189754
32,78,4.0,0.0036559394
32,78,5.0,0.0025682976
32,78,6.0,0.0023150686
32,78,7.0,0.0031559248
32,78,8.0,0.0023675063
32,78,9.0,0.004576361
32,78,10.0,0.0031093112
32,78,11.0,0.004588408
32,78,12.0,0.003608049
32,78,13.0,0.003973114
32,78,14.0,0.0032944067
32,79,0.0,0.0027859798
32,79,1.0,0.008568849
32,79,2.0,0.006760941
32,79,3.0,0.014119146
32,79,4.0,0.017856399
32,79,5.0,0.019806331
32,79,6.0,0.0112031875
32,79,7.0,0.01021516
32,79,8.0,0.010220029
32,79,9.0,0.010648727
32,79,10.0,0.009984319
32,79,11.0,0.011077254
32,79,12.0,0.012509394
32,79,13.0,0.0131264785
32,79,14.0,0.012972632
32,80,0.0,0.009873247
32,80,1.0,0.019961823
32,80,2.0,0.029624403
32,80,3.0,0.04836086
32,80,4.0,0.05584049
32,80,5.0,0.05581431
32,80,6.0,0.04784848
32,80,7.0,0.04003923
32,80,8.0,0.032025885
32,80,9.0,0.032796547
32,80,10.0,0.04340644
32,80,11.0,0.035083625
32,80,12.0,0.032601535
32,80,13.0,0.03618421
32,80,14.0,0.03661854
32,81,0.0,0.020662665
32,81,1.0,0.02849996
32,81,2.0,0.03884005
32,81,3.0,0.060722962
32,81,4.0,0.062047258
32,81,5.0,0.069095746
32,81,6.0,0.06363338
32,81,7.0,0.04949439
32,81,8.0,0.053842656
32,81,9.0,0.04319485
32,81,10.0,0.047054257
32,81,11.0,0.050390005
32,81,12.0,0.042844523
32,81,13.0,0.046713866
32,81,14.0,0.041511517
32,82,0.0,0.018990777
32,82,1.0,0.021871563
32,82,2.0,0.025581498
32,82,3.0,0.032187082
32,82,4.0,0.038342915
32,82,5.0,0.042927027
32,82,6.0,0.03473085
32,82,7.0,0.025975246
32,82,8.0,0.025710823
32,82,9.0,0.028981926
32,82,10.0,0.025963547
32,82,11.0,0.024748133
32,82,12.0,0.02689363
32,82,13.0,0.023723507
32,82,14.0,0.02062854
32,83,0.0,0.006940536
32,83,1.0,0.00729921
32,83,2.0,0.008385274
32,83,3.0,0.009387599
32,83,4.0,0.01503872
32,83,5.0,0.015428782
32,83,6.0,0.013584237
32,83,7.0,0.008311183
32,83,8.0,0.011147091
32,83,9.0,0.017335124
32,83,10.0,0.013741737
32,83,11.0,0.013176914
32,83,12.0,0.00971237
32,83,13.0,0.014934908
32,83,14.0,0.009126334
32,84,0.0,0.001550425
32,84,1.0,0.0020343943
32,84,2.0,0.001997472
32,84,3.0,0.0047443453
32,84,4.0,0.004290346
32,84,5.0,0.0042680176
32,84,6.0,0.0037986021
32,84,7.0,0.0018993227
32,84,8.0,0.002165608
32,84,9.0,0.0032186306
32,84,10.0,0.0035646672
32,84,11.0,0.0034936478
32,84,12.0,0.0033011327
32,84,13.0,0.0030778456
32,84,14.0,0.002046581
32,85,0.0,0.00012608772
32,85,1.0,0.00020995871
32,85,2.0,0.00023610229
32,85,3.0,0.0004494722
32,85,4.0,0.00043700726
32,85,5.0,0.0003982525
32,85,6.0,0.00047881927
32,85,7.0,0.00029259734
32,85,8.0,0.0003320772
32,85,9.0,0.00032245525
32,85,10.0,0.00051669497
32,85,11.0,0.0002921911
32,85,12.0,0.00039048956
32,85,13.0,0.00033699023
32,85,14.0,0.00036459946
32,86,0.0,1.3882034e-07
32,86,1.0,2.0053244e-06
32,86,2.0,6.946571e-06
32,86,3.0,6.711728e-07
32,86,4.0,4.884258e-06
32,86,5.0,1.2632406e-05
32,86,6.0,2.1803895e-05
32,86,7.0,1.1452248e-05
32,86,8.0,2.5586778e-05
32,86,9.0,3.4869932e-05
32,86,10.0,5.3367858e-05
32,86,11.0,3.0634208e-05
32,86,12.0,1.37248335e-05
32,86,13.0,1.8277651e-05
32,86,14.0,6.204662e-05
32,87,0.0,1.1919907e-08
32,87,1.0,0.0
32,87,2.0,2.322121e-07
32,87,3.0,1.1708828e-07
32,87,4.0,7.0033357e-09
32,87,5.0,5.8185943e-12
32,87,6.0,1.18321545e-07
32,87,7.0,2.7827095e-08
32,87,8.0,1.3175351e-07
32,87,9.0,4.7853206e-08
32,87,10.0,2.6014394e-08
32,87,11.0,8.0899315e-11
32,87,12.0,7.072125e-09
32,87,13.0,1.0507839e-07
32,87,14.0,8.198942e-07
32,88,0.0,1.2764426e-07
32,88,1.0,0.0
32,88,2.0,1.6039745e-07
32,88,3.0,5.7737513e-08
32,88,4.0,3.1120127e-11
32,88,5.0,5.6310963e-08
32,88,6.0,2.8633926e-09
32,88,7.0,4.098536e-09
32,88,8.0,0.0
32,88,9.0,2.380322e-10
32,88,10.0,0.0
32,88,11.0,4.6219326e-09
32,88,12.0,1.1064093e-08
32,88,13.0,1.8403722e-06
32,88,14.0,1.8041883e-10
32,89,0.0,3.1471092e-08
32,89,1.0,4.85033e-08
32,89,2.0,1.9796491e-09
32,89,3.0,2.2595156e-08
32,89,4.0,7.476954e-08
32,89,5.0,5.0969273e-08
32,89,6.0,2.3617284e-07
32,89,7.0,6.2884014e-09
32,89,8.0,2.253217e-08
32,89,9.0,4.7946336e-09
32,89,10.0,4.2222215e-08
32,89,11.0,4.3093684e-09
32,89,12.0,2.3980562e-08
32,89,13.0,1.8660172e-08
32,89,14.0,3.3371126e-08
32,90,0.0,7.2904456e-08
32,90,1.0,2.3132872e-08
32,90,2.0,1.2126876e-09
32,90,3.0,1.7002604e-09
32,90,4.0,4.732229e-09
32,90,5.0,2.5986324e-08
32,90,6.0,8.298736e-08
32,90,7.0,3.2127677e-08
32,90,8.0,4.1154156e-09
32,90,9.0,1.2667215e-07
32,90,10.0,5.2890787e-08
32,90,11.0,1.2076332e-10
32,90,12.0,3.19859e-09
32,90,13.0,4.2828634e-09
32,90,14.0,5.6156424e-08
32,91,0.0,1.2867862e-07
32,91,1.0,5.12325e-10
32,91,2.0,4.5860588e-08
32,91,3.0,8.2574325e-10
32,91,4.0,1.1423985e-16
32,91,5.0,0.0
32,91,6.0,1.8369356e-08
32,91,7.0,1.2395759e-07
32,91,8.0,8.911759e-12
32,91,9.0,2.0567724e-10
32,91,10.0,0.0
32,91,11.0,2.4864082e-12
32,91,12.0,0.0
32,91,13.0,8.00282e-11
32,91,14.0,3.4191545e-09
33,72,0.0,2.0631605e-09
33,72,1.0,3.728927e-08
33,72,2.0,6.0739985e-08
33,72,3.0,2.7246907e-09
33,72,4.0,5.6956917e-08
33,72,5.0,5.3894432e-08
33,72,6.0,2.5416287e-07
33,72,7.0,3.4371777e-07
33,72,8.0,0.0
33,72,9.0,0.0
33,72,10.0,0.0
33,72,11.0,1.2613194e-09
33,72,12.0,1.3366818e-08
33,72,13.0,5.3584337e-08
33,72,14.0,5.418786e-10
33,73,0.0,1.064075e-09
33,73,1.0,5.3802147e-08
33,73,2.0,3.5781924e-09
33,73,3.0,2.404748e-08
33,73,4.0,1.7760541e-07
33,73,5.0,3.4034576e-07
33,73,6.0,1.5794939e-07
33,73,7.0,4.4260727e-07
33,73,8.0,2.6103605e-10
33,73,9.0,2.434954e-08
33,73,10.0,6.2630086e-08
33,73,11.0,2.750452e-09
33,73,12.0,0.0
33,73,13.0,1.242086e-10
33,73,14.0,3.0248277e-08
33,74,0.0,0.0
33,74,1.0,2.7114526e-09
33,74,2.0,5.4265186e-08
33,74,3.0,0.0
33,74,4.0,1.2386951e-08
33,74,5.0,0.0
33,74,6.0,1.3414006e-08
33,74,7.0,1.00568634e-07
33,74,8.0,1.1857805e-11
33,74,9.0,9.871837e-09
33,74,10.0,1.8782087e-08
33,74,11.0,5.0324e-09
33,74,12.0,9.166245e-11
33,74,13.0,7.934366e-08
33,74,14.0,8.964537e-09
33,75,0.0,0.0
33,75,1.0,4.2701778e-08
33,75,2.0,1.348726e-08
33,75,3.0,2.5499368e-08
33,75,4.0,4.2456234e-09
33,75,5.0,1.7857738e-10
33,75,6.0,1.4035356e-07
33,75,7.0,2.7818107e-08
33,75,8.0,6.474366e-10
33,75,9.0,5.728183e-10
33,75,10.0,1.991459e-08
33,75,11.0,1.6840112e-08
33,75,12.0,3.784997e-08
33,75,13.0,3.504956e-08
33,75,14.0,2.0572473e-07
33,76,0.0,3.7827474e-09
33,76,1.0,4.0668954e-08
33,76,2.0,1.1501573e-06
33,76,3.0,3.5084438e-06
33,76,4.0,6.2276075e-07
33,76,5.0,1.2279942e-08
33,76,6.0,5.3803295e-10
33,76,7.0,3.112718e-08
33,76,8.0,1.8946175e-06
33,76,9.0,6.364427e-08
33,76,10.0,1.457858e-11
33,76,11.0,1.4023829e-08
33,76,12.0,3.74392e-08
33,76,13.0,5.813887e-06
33,76,14.0,1.5267888e-06
33,77,0.0,9.806302e-14
33,77,1.0,2.146241e-07
33,77,2.0,7.125624e-11
33,77,3.0,8.2838065e-09
33,77,4.0,3.4117555e-08
33,77,5.0,4.7537587e-09
33,77,6.0,1.9172465e-07
33,77,7.0,2.9979038e-08
33,77,8.0,0.0
33,77,9.0,1.6970453e-07
33,77,10.0,0.0
33,77,11.0,9.840309e-08
33,77,12.0,1.7219088e-05
33,77,13.0,1.7402837e-05
33,77,14.0,1.27453e-05
33,78,0.0,1.3624923e-05
33,78,1.0,4.2957465e-05
33,78,2.0,1.3335919e-05
33,78,3.0,4.313891e-05
33,78,4.0,4.0375897e-05
33,78,5.0,1.785401e-05
33,78,6.0,5.204189e-05
33,78,7.0,7.4660355e-05
33,78,8.0,6.909722e-05
33,78,9.0,4.3903554e-05
33,78,10.0,0.00015088273
33,78,11.0,2.2320326e-05
33,78,12.0,1.4407535e-05
33,78,13.0,1.6225173e-05
33,78,14.0,0.00014051802
33,79,0.0,8.559157e-05
33,79,1.0,0.00045372813
33,79,2.0,0.00035418378
33,79,3.0,0.0005322107
33,79,4.0,0.0007574587
33,79,5.0,0.00028764617
33,79,6.0,0.00047664726
33,79,7.0,0.0006248221
33,79,8.0,0.0004267565
33,79,9.0,0.0005436653
33,79,10.0,0.00068849063
33,79,11.0,0.00028172845
33,79,12.0,0.0005811621
33,79,13.0,0.0007846009
33,79,14.0,0.0011561819
33,80,0.0,0.0017668663
33,80,1.0,0.0028505896
33,80,2.0,0.005629248
33,80,3.0,0.005418659
33,80,4.0,0.0059945546
33,80,5.0,0.0044764057
33,80,6.0,0.0056013293
33,80,7.0,0.005499831
33,80,8.0,0.0040374626
33,80,9.0,0.0036341462
33,80,10.0,0.0061895265
33,80,11.0,0.004619175
33,80,12.0,0.0057527386
33,80,13.0,0.008767222
33,80,14.0,0.009739739
33,81,0.0,0.008395922
33,81,1.0,0.014261226
33,81,2.0,0.022866862
33,81,3.0,0.03190617
33,81,4.0,0.034910496
33,81,5.0,0.028979924
33,81,6.0,0.034786936
33,81,7.0,0.03475277
33,81,8.0,0.022128511
33,81,9.0,0.021640537
33,81,10.0,0.028723659
33,81,11.0,0.026168589
33,81,12.0,0.029869454
33,81,13.0,0.030480213
33,81,14.0,0.026158135
33,82,0.0,0.026215157
33,82,1.0,0.036593627
33,82,2.0,0.04318854
33,82,3.0,0.062750205
33,82,4.0,0.070331655
33,82,5.0,0.059209447
33,82,6.0,0.06658778
33,82,7.0,0.05485221
33,82,8.0,0.048334744
33,82,9.0,0.04586316
33,82,10.0,0.06211958
33,82,11.0,0.059644874
33,82,12.0,0.06509015
33,82,13.0,0.051466536
33,82,14.0,0.05206007
33,83,0.0,0.03818786
33,83,1.0,0.0579577
33,83,2.0,0.07601664
33,83,3.0,0.09353667
33,83,4.0,0.09658846
33,83,5.0,0.10162906
33,83,6.0,0.095350266
33,83,7.0,0.08891391
33,83,8.0,0.07312714
33,83,9.0,0.09073319
33,83,10.0,0.08370241
33,83,11.0,0.07782329
33,83,12.0,0.081044525
33,83,13.0,0.07801418
33,83,14.0,0.08212652
33,84,0.0,0.029067067
33,84,1.0,0.040904142
33,84,2.0,0.06136904
33,84,3.0,0.06301382
33,84,4.0,0.06246122
33,84,5.0,0.070474975
33,84,6.0,0.076204345
33,84,7.0,0.061186366
33,84,8.0,0.058984492
33,84,9.0,0.053265754
33,84,10.0,0.052699205
33,84,11.0,0.05360299
33,84,12.0,0.04817014
33,84,13.0,0.05251891
33,84,14.0,0.049614538
33,85,0.0,0.01943444
33,85,1.0,0.02373801
33,85,2.0,0.03729674
33,85,3.0,0.036759894
33,85,4.0,0.036971595
33,85,5.0,0.036579028
33,85,6.0,0.042202655
33,85,7.0,0.033190638
33,85,8.0,0.02426514
33,85,9.0,0.03815469
33,85,10.0,0.030821726
33,85,11.0,0.031249674
33,85,12.0,0.030644257
33,85,13.0,0.0298156
33,85,14.0,0.025414055
33,86,0.0,0.005011343
33,86,1.0,0.008601746
33,86,2.0,0.011455454
33,86,3.0,0.012015207
33,86,4.0,0.011345977
33,86,5.0,0.012875523
33,86,6.0,0.012736473
33,86,7.0,0.013128837
33,86,8.0,0.013142315
33,86,9.0,0.015316181
33,86,10.0,0.017579572
33,86,11.0,0.016436484
33,86,12.0,0.015090185
33,86,13.0,0.013510651
33,86,14.0,0.008670945
33,87,0.0,0.0014117805
33,87,1.0,0.0011702476
33,87,2.0,0.0023332462
33,87,3.0,0.0025907198
33,87,4.0,0.0029291383
33,87,5.0,0.0021253976
33,87,6.0,0.0028932435
33,87,7.0,0.0028459025
33,87,8.0,0.0019116157
33,87,9.0,0.0023875756
33,87,10.0,0.002940918
33,87,11.0,0.0030358823
33,87,12.0,0.002925088
33,87,13.0,0.0029679278
33,87,14.0,0.0026462546
33,88,0.0,0.00017402654
33,88,1.0,0.000118422075
33,88,2.0,0.00013590169
33,88,3.0,0.0006584447
33,88,4.0,0.00078853033
33,88,5.0,0.0004236147
33,88,6.0,0.0005586056
33,88,7.0,0.00036785126
33,88,8.0,0.0003639466
33,88,9.0,0.00042998214
33,88,10.0,0.0003266302
33,88,11.0,0.0005729349
33,88,12.0,0.00045523705
33,88,13.0,0.0002994551
33,88,14.0,0.00034338929
33,89,0.0,1.0243941e-06
33,89,1.0,1.6057207e-05
33,89,2.0,5.8001307e-05
33,89,3.0,3.8667902e-05
33,89,4.0,5.926073e-05
33,89,5.0,9.379359e-05
33,89,6.0,6.629732e-05
33,89,7.0,2.404722e-05
33,89,8.0,1.4283409e-05
33,89,9.0,8.8300285e-06
33,89,10.0,6.1381566e-06
33,89,11.0,3.5787027e-05
33,89,12.0,0.00013054618
33,89,13.0,0.00012907333
33,89,14.0,6.0948783e-05
33,90,0.0,3.7830237e-08
33,90,1.0,1.4061654e-07
33,90,2.0,0.0
33,90,3.0,2.255471e-09
33,90,4.0,4.0286068e-07
33,90,5.0,2.2670692e-07
33,90,6.0,5.8342412e-08
33,90,7.0,2.2619802e-06
33,90,8.0,4.08278e-06
33,90,9.0,1.0776193e-05
33,90,10.0,3.1053362e-06
33,90,11.0,1.8106465e-06
33,90,12.0,2.5165643e-06
33,90,13.0,5.493185e-06
33,90,14.0,9.734887e-06
33,91,0.0,6.8426306e-07
33,91,1.0,4.501087e-07
33,91,2.0,8.7756746e-07
33,91,3.0,8.7683844e-08
33,91,4.0,9.03593e-08
33,91,5.0,2.9527502e-08
33,91,6.0,8.844028e-07
33,91,7.0,3.2894346e-07
33,91,8.0,4.009863e-06
33,91,9.0,6.0336465e-06
33,91,10.0,2.1016135e-06
33,91,11.0,1.5692633e-06
33,91,12.0,2.2947525e-07
33,91,13.0,1.255602e-06
33,91,14.0,2.692642e-07
33,92,0.0,0.0
33,92,1.0,2.2375268e-11
33,92,2.0,8.8502733e-10
33,92,3.0,2.1348522e-11
33,92,4.0,2.7863841e-08
33,92,5.0,2.8020632e-09
33,92,6.0,1.202699e-09
33,92,7.0,6.0891985e-09
33,92,8.0,3.5293574e-08
33,92,9.0,8.242749e-07
33,92,10.0,2.7908473e-07
33,92,11.0,1.01238136e-07
33,92,12.0,1.1348901e-07
33,92,13.0,7.172841e-07
33,92,14.0,3.013415e-08
33,93,0.0,4.997896e-08
33,93,1.0,5.444745e-07
33,93,2.0,0.0
33,93,3.0,2.1558898e-10
33,93,4.0,2.4888246e-07
33,93,5.0,0.0
33,93,6.0,5.709813e-08
33,93,7.0,3.9589118e-08
33,93,8.0,2.0265595e-07
33,93,9.0,2.2515408e-11
33,93,10.0,0.0
33,93,11.0,8.9382235e-10
33,93,12.0,1.0241976e-08
33,93,13.0,2.6509292e-10
33,93,14.0,1.8199049e-07
33,94,0.0,0.0
33,94,1.0,1.6349097e-10
33,94,2.0,0.0
33,94,3.0,0.0
33,94,4.0,1.2487332e-08
33,94,5.0,1.0430886e-09
33,94,6.0,6.3361836e-09
33,94,7.0,0.0
33,94,8.0,3.399814e-11
33,94,9.0,0.0
33,94,10.0,8.340314e-08
33,94,11.0,1.4601571e-12
33,94,12.0,0.0
33,94,13.0,0.0
33,94,14.0,2.8236935e-10
33,95,0.0,1.6731524e-09
33,95,1.0,7.648353e-09
33,95,2.0,3.0514247e-09
33,95,3.0,0.0
33,95,4.0,1.0215734e-07
33,95,5.0,1.0226513e-09
33,95,6.0,0.0
33,95,7.0,1.15784875e-08
33,95,8.0,1.0178456e-07
33,95,9.0,4.5217208e-09
33,95,10.0,1.5034762e-07
33,95,11.0,3.7258096e-07
33,95,12.0,6.2528306e-07
33,95,13.0,7.84484e-07
33,95,14.0,9.7756285e-08
34,74,0.0,9.225592e-08
34,74,1.0,1.0847006e-09
34,74,2.0,1.0857554e-07
34,74,3.0,1.7319726e-08
34,74,4.0,1.725305e-08
34,74,5.0,8.7828536e-09
34,74,6.0,1.5878603e-08
34,74,7.0,3.132687e-07
34,74,8.0,1.4252014e-07
34,74,9.0,6.2526794e-08
34,74,10.0,2.971978e-07
34,74,11.0,1.8680413e-07
34,74,12.0,4.081648e-17
34,74,13.0,1.9287665e-10
34,74,14.0,1.31953e-08
34,75,0.0,2.3004372e-09
34,75,1.0,0.0
34,75,2.0,1.8112086e-08
34,75,3.0,3.7909187e-09
34,75,4.0,2.3905072e-08
34,75,5.0,3.1981173e-08
34,75,6.0,1.9139001e-08
34,75,7.0,1.6840817e-08
34,75,8.0,2.0437863e-08
34,75,9.0,1.5068816e-08
34,75,10.0,1.5935301e-09
34,75,11.0,1.4630729e-08
34,75,12.0,3.6918033e-10
34,75,13.0,9.566707e-09
34,75,14.0,5.1135675e-08
34,76,0.0,0.0
34,76,1.0,0.0
34,76,2.0,0.0
34,76,3.0,0.0
34,76,4.0,2.1302717e-09
34,76,5.0,3.2264205e-10
34,76,6.0,7.1323364e-12
34,76,7.0,3.4480797e-12
34,76,8.0,4.450373e-08
34,76,9.0,1.6756033e-08
34,76,10.0,5.4288925e-08
34,76,11.0,2.088944e-08
34,76,12.0,7.3248316e-08
34,76,13.0,2.2598077e-07
34,76,14.0,9.5512675e-08
34,77,0.0,2.9759317e-09
34,77,1.0,0.0
34,77,2.0,2.288734e-07
34,77,3.0,2.8212958e-07
34,77,4.0,7.7637077e-07
34,77,5.0,3.5148582e-07
34,77,6.0,8.258707e-07
34,77,7.0,7.838769e-08
34,77,8.0,6.1986434e-09
34,77,9.0,2.2314134e-07
34,77,10.0,4.2944183e-07
34,77,11.0,7.360565e-08
34,77,12.0,2.3763855e-07
34,77,13.0,6.849128e-07
34,77,14.0,3.499396e-07
34,78,0.0,0.0
34,78,1.0,0.0
34,78,2.0,9.954264e-09
34,78,3.0,2.9977194e-14
34,78,4.0,2.697281e-09
34,78,5.0,2.2322439e-08
34,78,6.0,1.986368e-12
34,78,7.0,1.4731079e-09
34,78,8.0,5.770466e-08
34,78,9.0,3.222385e-09
34,78,10.0,2.1938732e-08
34,78,11.0,6.9017894e-08
34,78,12.0,2.650993e-07
34,78,13.0,8.302759e-08
34,78,14.0,1.2621892e-07
34,79,0.0,7.8288265e-15
34,79,1.0,0.0
34,79,2.0,0.0
34,79,3.0,4.6223336e-09
34,79,4.0,2.5498633e-13
34,79,5.0,4.3487488e-11
34,79,6.0,1.4934528e-07
34,79,7.0,1.4246165e-05
34,79,8.0,1.8945124e-05
34,79,9.0,7.384446e-05
34,79,10.0,5.3975094e-05
34,79,11.0,1.2725147e-05
34,79,12.0,1.9259065e-05
34,79,13.0,2.384428e-06
34,79,14.0,9.3589745e-07
34,80,0.0,4.8745027e-05
34,80,1.0,8.448473e-05
34,80,2.0,9.865162e-05
34,80,3.0,0.00011540141
34,80,4.0,5.9179933e-05
34,80,5.0,0.000116776755
34,80,6.0,7.2484836e-05
34,80,7.0,0.00015185417
34,80,8.0,6.302703e-05
34,80,9.0,3.1156935e-05
34,80,10.0,6.678379e-05
34,80,11.0,2.1127224e-05
34,80,12.0,0.00014017033
34,80,13.0,0.00012333269
34,80,14.0,0.00023449917
34,81,0.0,0.0012258823
34,81,1.0,0.0020143883
34,81,2.0,0.0022366568
34,81,3.0,0.0023130856
34,81,4.0,0.0023370476
34,81,5.0,0.002514321
34,81,6.0,0.0018355913
34,81,7.0,0.0017442815
34,81,8.0,0.0018691025
34,81,9.0,0.002194541
34,81,10.0,0.004416409
34,81,11.0,0.0040755803
34,81,12.0,0.0025000826
34,81,13.0,0.0038125047
34,81,14.0,0.0060199792
34,82,0.0,0.006723748
34,82,1.0,0.008278248
34,82,2.0,0.011749763
34,82,3.0,0.00903166
34,82,4.0,0.012217345
34,82,5.0,0.011097905
34,82,6.0,0.012210477
34,82,7.0,0.011322928
34,82,8.0,0.014069188
34,82,9.0,0.013434966
34,82,10.0,0.015419965
34,82,11.0,0.0162873
34,82,12.0,0.016918303
34,82,13.0,0.020594664
34,82,14.0,0.019578684
34,83,0.0,0.040287245
34,83,1.0,0.045533337
34,83,2.0,0.045297842
34,83,3.0,0.0552002
34,83,4.0,0.05697298
34,83,5.0,0.049761273
34,83,6.0,0.052144624
34,83,7.0,0.051606398
34,83,8.0,0.053411916
34,83,9.0,0.051884107
34,83,10.0,0.053728703
34,83,11.0,0.055230916
34,83,12.0,0.05542517
34,83,13.0,0.073657274
34,83,14.0,0.06973512
34,84,0.0,0.0518567
34,84,1.0,0.066528484
34,84,2.0,0.08692088
34,84,3.0,0.09382941
34,84,4.0,0.10622915
34,84,5.0,0.098248236
34,84,6.0,0.09472702
34,84,7.0,0.10154202
34,84,8.0,0.114295505
34,84,9.0,0.10631284
34,84,10.0,0.109961346
34,84,11.0,0.09851586
34,84,12.0,0.09388326
34,84,13.0,0.11512608
34,84,14.0,0.12643225
34,85,0.0,0.15316987
34,85,1.0,0.17835699
34,85,2.0,0.16189072
34,85,3.0,0.14302488
34,85,4.0,0.17523603
34,85,5.0,0.18640289
34,85,6.0,0.18375188
34,85,7.0,0.19641787
34,85,8.0,0.17868851
34,85,9.0,0.21138917
34,85,10.0,0.18082163
34,85,11.0,0.17314921
34,85,12.0,0.165527
34,85,13.0,0.17728464
34,85,14.0,0.18055494
34,86,0.0,0.14804666
34,86,1.0,0.14823829
34,86,2.0,0.15710777
34,86,3.0,0.15781781
34,86,4.0,0.15091494
34,86,5.0,0.16260235
34,86,6.0,0.15395229
34,86,7.0,0.15659073
34,86,8.0,0.1822838
34,86,9.0,0.1730842
34,86,10.0,0.15741636
34,86,11.0,0.15194874
34,86,12.0,0.13975635
34,86,13.0,0.13152266
34,86,14.0,0.12824151
34,87,0.0,0.1093666
34,87,1.0,0.083732575
34,87,2.0,0.08659544
34,87,3.0,0.11675831
34,87,4.0,0.12351682
34,87,5.0,0.11508782
34,87,6.0,0.09093809
34,87,7.0,0.08509407
34,87,8.0,0.09810623
34,87,9.0,0.1041738
34,87,10.0,0.08232011
34,87,11.0,0.073880106
34,87,12.0,0.069346614
34,87,13.0,0.07639828
34,87,14.0,0.06590369
34,88,0.0,0.037779
34,88,1.0,0.039730806
34,88,2.0,0.04116394
34,88,3.0,0.040846955
34,88,4.0,0.045367833
34,88,5.0,0.05487232
34,88,6.0,0.052614525
34,88,7.0,0.044903394
34,88,8.0,0.031239627
34,88,9.0,0.029191164
34,88,10.0,0.036761306
34,88,11.0,0.034247875
34,88,12.0,0.03157015
34,88,13.0,0.029139962
34,88,14.0,0.02839956
34,89,0.0,0.00663518
34,89,1.0,0.008770084
34,89,2.0,0.007217151
34,89,3.0,0.008158283
34,89,4.0,0.00977615
34,89,5.0,0.009970225
34,89,6.0,0.0075584133
34,89,7.0,0.008641089
34,89,8.0,0.00836255
34,89,9.0,0.009741956
34,89,10.0,0.012728101
34,89,11.0,0.011834179
34,89,12.0,0.010145514
34,89,13.0,0.0074830977
34,89,14.0,0.005939853
34,90,0.0,0.00065504113
34,90,1.0,0.0010594559
34,90,2.0,0.00045966817
34,90,3.0,0.00046297573
34,90,4.0,0.0006574601
34,90,5.0,0.00064760604
34,90,6.0,0.0010359407
34,90,7.0,0.00087562663
34,90,8.0,0.00087804697
34,90,9.0,0.00084380526
34,90,10.0,0.0010251809
34,90,11.0,0.0011225764
34,90,12.0,0.0013613832
34,90,13.0,0.0014160505
34,90,14.0,0.0013325133
34,91,0.0,0.00010050028
34,91,1.0,3.6639998e-05
34,91,2.0,2.7020851e-05
34,91,3.0,6.9617585e-05
34,91,4.0,3.915985e-05
34,91,5.0,4.1451203e-05
34,91,6.0,0.00013135235
34,91,7.0,6.25434e-05
34,91,8.0,6.308578e-05
34,91,9.0,7.005157e-05
34,91,10.0,2.8206898e-05
34,91,11.0,0.000112664056
34,91,12.0,8.0962505e-05
34,91,13.0,5.4417887e-05
34,91,14.0,8.40874e-05
34,92,0.0,1.1115569e-06
34,92,1.0,2.8185823e-08
34,92,2.0,1.38668e-06
34,92,3.0,2.0453365e-06
34,92,4.0,1.745695e-06
34,92,5.0,1.1535524e-06
34,92,6.0,1.3781764e-08
34,92,7.0,1.2662973e-07
34,92,8.0,3.269176e-12
34,92,9.0,1.0294049e-06
34,92,10.0,4.252854e-11
34,92,11.0,1.2758478e-08
34,92,12.0,0.0
34,92,13.0,0.0
34,92,14.0,1.374673e-15
34,93,0.0,9.044134e-08
34,93,1.0,1.6669371e-07
34,93,2.0,3.1399047e-08
34,93,3.0,3.483234e-08
34,93,4.0,1.3811952e-07
34,93,5.0,1.0126452e-07
34,93,6.0,1.347448e-07
34,93,7.0,1.1192055e-07
34,93,8.0,2.584785e-07
34,93,9.0,1.2247195e-07
34,93,10.0,1.3839046e-07
34,93,11.0,3.7873264e-08
34,93,12.0,4.550485e-08
34,93,13.0,5.8064114e-08
34,93,14.0,3.0800784e-08
34,94,0.0,7.060365e-09
34,94,1.0,2.7925557e-07
34,94,2.0,4.7581526e-07
34,94,3.0,1.8406433e-07
34,94,4.0,1.0926534e-06
34,94,5.0,2.8606385e-07
34,94,6.0,3.3712203e-07
34,94,7.0,2.6378146e-07
34,94,8.0,5.211163e-07
34,94,9.0,4.7748904e-07
34,94,10.0,8.6804295e-07
34,94,11.0,1.0522527e-07
34,94,12.0,3.620316e-08
34,94,13.0,7.094691e-08
34,94,14.0,1.6303628e-07
34,95,0.0,9.511085e-11
34,95,1.0,5.662756e-08
34,95,2.0,7.292686e-10
34,95,3.0,1.1577906e-09
34,95,4.0,4.8435185e-09
34,95,5.0,3.0893457e-08
34,95,6.0,8.3008995e-09
34,95,7.0,3.4064914e-08
34,95,8.0,2.5186104e-09
34,95,9.0,9.040381e-10
34,95,10.0,2.995722e-09
34,95,11.0,1.2607896e-09
34,95,12.0,1.9626865e-09
34,95,13.0,7.986776e-09
34,95,14.0,6.3027433e-10
34,96,0.0,7.3507144e-16
34,96,1.0,4.007946e-09
34,96,2.0,6.811716e-10
34,96,3.0,7.660807e-14
34,96,4.0,1.5422659e-09
34,96,5.0,3.036068e-11
34,96,6.0,3.6752943e-09
34,96,7.0,1.0092429e-08
34,96,8.0,8.3986746e-13
34,96,9.0,3.9237832e-10
34,96,10.0,8.118408e-09
34,96,11.0,7.6166184e-09
34,96,12.0,2.9606198e-10
34,96,13.0,8.759948e-09
34,96,14.0,6.410696e-12
35,77,0.0,0.0
35,77,1.0,0.0
35,77,2.0,0.0
35,77,3.0,0.0
35,77,4.0,0.0
35,77,5.0,0.0
35,77,6.0,0.0
35,77,7.0,0.0
35,77,8.0,9.405605e-12
35,77,9.0,0.0
35,77,10.0,5.011458e-08
35,77,11.0,0.0
35,77,12.0,0.0
35,77,13.0,0.0
35,77,14.0,3.4063423e-12
35,78,0.0,0.0
35,78,1.0,2.0917315e-11
35,78,2.0,1.2374708e-09
35,78,3.0,0.0
35,78,4.0,0.0
35,78,5.0,0.0
35,78,6.0,0.0
35,78,7.0,0.0
35,78,8.0,5.097008e-08
35,78,9.0,2.8948227e-06
35,78,10.0,6.7999616e-07
35,78,11.0,2.4344456e-06
35,78,12.0,2.2681593e-07
35,78,13.0,1.300308e-07
35,78,14.0,1.2077207e-08
35,79,0.0,2.156482e-11
35,79,1.0,5.9859127e-09
35,79,2.0,1.743755e-06
35,79,3.0,1.9217944e-07
35,79,4.0,7.118376e-07
35,79,5.0,4.1783056e-07
35,79,6.0,8.478403e-07
35,79,7.0,1.0385038e-06
35,79,8.0,4.5825864e-06
35,79,9.0,1.1609953e-05
35,79,10.0,1.9586237e-07
35,79,11.0,1.5951836e-06
35,79,12.0,4.0535433e-06
35,79,13.0,5.0591107e-06
35,79,14.0,1.2293924e-06
35,80,0.0,7.1786896e-11
35,80,1.0,2.7303597e-09
35,80,2.0,2.0602084e-07
35,80,3.0,1.827943e-07
35,80,4.0,3.6632518e-06
35,80,5.0,2.0649618e-06
35,80,6.0,2.0084398e-08
35,80,7.0,7.623172e-12
35,80,8.0,7.223659e-07
35,80,9.0,5.290132e-09
35,80,10.0,4.178293e-06
35,80,11.0,4.4794783e-07
35,80,12.0,2.4287788e-06
35,80,13.0,3.2560113e-06
35,80,14.0,7.4081504e-07
35,81,0.0,0.0
35,81,1.0,4.8857367e-09
35,81,2.0,6.8019935e-06
35,81,3.0,4.1487633e-06
35,81,4.0,1.7664205e-07
35,81,5.0,7.2139514e-08
35,81,6.0,6.6612578e-09
35,81,7.0,9.55185e-07
35,81,8.0,1.1368568e-05
35,81,9.0,3.873252e-06
35,81,10.0,1.7371958e-05
35,81,11.0,4.4722143e-05
35,81,12.0,2.7007763e-05
35,81,13.0,6.941814e-05
35,81,14.0,0.000100825244
35,82,0.0,1.1852246e-05
35,82,1.0,3.296218e-05
35,82,2.0,0.0003038319
35,82,3.0,0.00027940675
35,82,4.0,8.374369e-05
35,82,5.0,0.00010990684
35,82,6.0,9.082891e-05
35,82,7.0,9.0055175e-05
35,82,8.0,0.00026669152
35,82,9.0,0.00020092605
35,82,10.0,0.0003335094
35,82,11.0,0.00020635159
35,82,12.0,0.00029696658
35,82,13.0,0.0004553708
35,82,14.0,0.0006955414
35,83,0.0,0.0022648815
35,83,1.0,0.0021647932
35,83,2.0,0.002143038
35,83,3.0,0.0028718852
35,83,4.0,0.0038824042
35,83,5.0,0.0024497972
35,83,6.0,0.0026194998
35,83,7.0,0.0033096494
35,83,8.0,0.002038601
35,83,9.0,0.0037096841
35,83,10.0,0.003893983
35,83,11.0,0.0037323982
35,83,12.0,0.0040843096
35,83,13.0,0.0056540696
35,83,14.0,0.006022417
35,84,0.0,0.010973108
35,84,1.0,0.009168329
35,84,2.0,0.005944086
35,84,3.0,0.006138499
35,84,4.0,0.007956153
35,84,5.0,0.008981835
35,84,6.0,0.009191931
35,84,7.0,0.009306114
35,84,8.0,0.011288093
35,84,9.0,0.0176412
35,84,10.0,0.017958872
35,84,11.0,0.016117286
35,84,12.0,0.0182396
35,84,13.0,0.022345934
35,84,14.0,0.024624417
35,85,0.0,0.06749297
35,85,1.0,0.04899422
35,85,2.0,0.06446082
35,85,3.0,0.06032213
35,85,4.0,0.055413283
35,85,5.0,0.055810064
35,85,6.0,0.06116232
35,85,7.0,0.053988963
35,85,8.0,0.07939099
35,85,9.0,0.069687925
35,85,10.0,0.07657905
35,85,11.0,0.08578361
35,85,12.0,0.08554279
35,85,13.0,0.07171582
35,85,14.0,0.09279781
35,86,0.0,0.10909815
35,86,1.0,0.10722012
35,86,2.0,0.10430042
35,86,3.0,0.12001905
35,86,4.0,0.12609127
35,86,5.0,0.12826435
35,86,6.0,0.13852575
35,86,7.0,0.1405837
35,86,8.0,0.14181313
35,86,9.0,0.17719868
35,86,10.0,0.14181615
35,86,11.0,0.16531093
35,86,12.0,0.15223162
35,86,13.0,0.1580697
35,86,14.0,0.1647594
35,87,0.0,0.22845477
35,87,1.0,0.20253955
35,87,2.0,0.18899247
35,87,3.0,0.21769157
35,87,4.0,0.23698667
35,87,5.0,0.23739809
35,87,6.0,0.22253254
35,87,7.0,0.25353506
35,87,8.0,0.26186612
35,87,9.0,0.2497632
35,87,10.0,0.23574162
35,87,11.0,0.21431191
35,87,12.0,0.22199461
35,87,13.0,0.19996032
35,87,14.0,0.23641805
35,88,0.0,0.22325374
35,88,1.0,0.20428959
35,88,2.0,0.22999525
35,88,3.0,0.24368812
35,88,4.0,0.24158333
35,88,5.0,0.24709758
35,88,6.0,0.24941197
35,88,7.0,0.29649466
35,88,8.0,0.2746289
35,88,9.0,0.23436926
35,88,10.0,0.24699832
35,88,11.0,0.24022014
35,88,12.0,0.2238772
35,88,13.0,0.22307236
35,88,14.0,0.23769848
35,89,0.0,0.1631746
35,89,1.0,0.1315061
35,89,2.0,0.1576521
35,89,3.0,0.17435111
35,89,4.0,0.1719615
35,89,5.0,0.1635301
35,89,6.0,0.17694233
35,89,7.0,0.15139037
35,89,8.0,0.16402139
35,89,9.0,0.16687077
35,89,10.0,0.16394569
35,89,11.0,0.14097454
35,89,12.0,0.12874326
35,89,13.0,0.13547419
35,89,14.0,0.1360925
35,90,0.0,0.05842564
35,90,1.0,0.060071092
35,90,2.0,0.08228776
35,90,3.0,0.09804756
35,90,4.0,0.09522351
35,90,5.0,0.10317761
35,90,6.0,0.11297866
35,90,7.0,0.0708241
35,90,8.0,0.06513388
35,90,9.0,0.07126761
35,90,10.0,0.08017387
35,90,11.0,0.07169338
35,90,12.0,0.07468924
35,90,13.0,0.07288859
35,90,14.0,0.060773667
35,91,0.0,0.01607364
35,91,1.0,0.018169224
35,91,2.0,0.022455746
35,91,3.0,0.022935672
35,91,4.0,0.022700014
35,91,5.0,0.026358187
35,91,6.0,0.026516145
35,91,7.0,0.018534252
35,91,8.0,0.022872934
35,91,9.0,0.02484187
35,91,10.0,0.021612268
35,91,11.0,0.022183847
35,91,12.0,0.025048912
35,91,13.0,0.024341166
35,91,14.0,0.02102167
35,92,0.0,0.0028856006
35,92,1.0,0.0029370743
35,92,2.0,0.0039056465
35,92,3.0,0.0039031794
35,92,4.0,0.005362354
35,92,5.0,0.0052093808
35,92,6.0,0.0043923818
35,92,7.0,0.0047448454
35,92,8.0,0.0032944297
35,92,9.0,0.0038207776
35,92,10.0,0.004860246
35,92,11.0,0.005120378
35,92,12.0,0.0036561326
35,92,13.0,0.0032311662
35,92,14.0,0.0039436626
35,93,0.0,0.0005694015
35,93,1.0,0.00027730662
35,93,2.0,0.0008317751
35,93,3.0,0.0006782402
35,93,4.0,0.0012439658
35,93,5.0,0.0012751827
35,93,6.0,0.00059269683
35,93,7.0,0.00044529996
35,93,8.0,0.00066796475
35,93,9.0,0.00091859105
35,93,10.0,0.0010334542
35,93,11.0,0.0010450617
35,93,12.0,0.0011115558
35,93,13.0,0.0007021061
35,93,14.0,0.0005988613
35,94,0.0,2.4493034e-05
35,94,1.0,1.059722e-05
35,94,2.0,3.604858e-05
35,94,3.0,5.0364608e-05
35,94,4.0,2.8440905e-05
35,94,5.0,9.2464725e-06
35,94,6.0,2.0427278e-05
35,94,7.0,3.537702e-05
35,94,8.0,2.4729943e-05
35,94,9.0,6.246165e-05
35,94,10.0,8.255538e-05
35,94,11.0,0.00017986922
35,94,12.0,0.000120240285
35,94,13.0,0.00012008828
35,94,14.0,6.695639e-05
35,95,0.0,1.3430099e-07
35,95,1.0,1.6500827e-08
35,95,2.0,8.720193e-08
35,95,3.0,8.432266e-07
35,95,4.0,8.057482e-08
35,95,5.0,1.6760545e-09
35,95,6.0,1.1254822e-09
35,95,7.0,0.0
35,95,8.0,1.8219716e-08
35,95,9.0,9.1973965e-07
35,95,10.0,3.3822246e-07
35,95,11.0,1.1841341e-09
35,95,12.0,1.6083927e-06
35,95,13.0,3.5833435e-07
35,95,14.0,1.0188817e-06
35,96,0.0,7.067627e-08
35,96,1.0,0.0
35,96,2.0,6.867338e-07
35,96,3.0,3.961097e-07
35,96,4.0,8.7755545e-08
35,96,5.0,4.3312323e-07
35,96,6.0,4.597033e-07
35,96,7.0,1.16894476e-07
35,96,8.0,1.8292396e-07
35,96,9.0,2.2214653e-08
35,96,10.0,1.3227529e-07
35,96,11.0,9.8844755e-09
35,96,12.0,3.4160639e-09
35,96,13.0,3.7288308e-07
35,96,14.0,1.5894344e-07
35,97,0.0,9.57732e-09
35,97,1.0,3.6976765e-08
35,97,2.0,4.9883397e-08
35,97,3.0,6.557316e-08
35,97,4.0,3.806666e-09
35,97,5.0,2.745759e-07
35,97,6.0,9.914503e-07
35,97,7.0,8.6641006e-07
35,97,8.0,6.733802e-08
35,97,9.0,1.5014574e-08
35,97,10.0,8.11774e-08
35,97,11.0,1.1174287e-06
35,97,12.0,4.9080153e-08
35,97,13.0,5.6320556e-07
35,97,14.0,1.1362617e-07
35,98,0.0,6.370018e-08
35,98,1.0,1.6124469e-07
35,98,2.0,1.2614309e-07
35,98,3.0,1.288906e-08
35,98,4.0,6.6084134e-09
35,98,5.0,1.2755844e-09
35,98,6.0,0.0
35,98,7.0,1.15575226e-07
35,98,8.0,8.151186e-09
35,98,9.0,3.7075915e-10
35,98,10.0,1.4661836e-12
35,98,11.0,4.0921905e-11
35,98,12.0,4.57255e-08
35,98,13.0,1.1908216e-08
35,98,14.0,6.1685695e-10
35,99,0.0,0.0
35,99,1.0,2.8412248e-10
35,99,2.0,9.558044e-07
35,99,3.0,7.9109075e-09
35,99,4.0,1.2740027e-08
35,99,5.0,2.872394e-07
35,99,6.0,1.6199034e-07
35,99,7.0,2.6353456e-07
35,99,8.0,2.0748942e-08
35,99,9.0,1.0175267e-08
35,99,10.0,6.65729e-08
35,99,11.0,6.599378e-08
35,99,12.0,2.7023637e-07
35,99,13.0,1.3262085e-06
35,99,14.0,1.458142e-09
35,100,0.0,2.1624529e-11
35,100,1.0,0.0
35,100,2.0,2.9355153e-14
35,100,3.0,1.3939374e-08
35,100,4.0,3.7625875e-10
35,100,5.0,2.4794288e-08
35,100,6.0,0.0
35,100,7.0,1.3587005e-07
35,100,8.0,6.827875e-08
35,100,9.0,5.4988025e-08
35,100,10.0,1.2518197e-07
35,100,11.0,4.1035432e-07
35,100,12.0,1.0966679e-08
35,100,13.0,1.0370208e-07
35,100,14.0,2.355771e-08
36,79,0.0,9.978878e-09
36,79,1.0,4.1238556e-07
36,79,2.0,5.140611e-07
36,79,3.0,1.6826018e-08
36,79,4.0,1.5351523e-07
36,79,5.0,4.854968e-08
36,79,6.0,0.0
36,79,7.0,1.8568072e-10
36,79,8.0,3.1863378e-17
36,79,9.0,3.190797e-08
36,79,10.0,4.211347e-08
36,79,11.0,6.871221e-09
36,79,12.0,0.0
36,79,13.0,0.0
36,79,14.0,0.0
36,80,0.0,8.42096e-11
36,80,1.0,7.777907e-08
36,80,2.0,0.0
36,80,3.0,0.0
36,80,4.0,2.691844e-08
36,80,5.0,0.0
36,80,6.0,5.2160775e-08
36,80,7.0,8.734236e-08
36,80,8.0,2.5040627e-09
36,80,9.0,8.344318e-09
36,80,10.0,0.0
36,80,11.0,1.9768203e-09
36,80,12.0,4.9374446e-08
36,80,13.0,2.3574529e-07
36,80,14.0,4.8509116e-07
36,81,0.0,6.712748e-08
36,81,1.0,3.3331395e-07
36,81,2.0,5.645185e-08
36,81,3.0,3.088207e-07
36,81,4.0,3.770757e-11
36,81,5.0,6.3368155e-08
36,81,6.0,1.5665698e-08
36,81,7.0,1.8966864e-07
36,81,8.0,1.4063384e-07
36,81,9.0,2.83132e-07
36,81,10.0,1.0461926e-07
36,81,11.0,1.978857e-07
36,81,12.0,1.0336699e-07
36,81,13.0,9.7053004e-08
36,81,14.0,1.3104102e-08
36,82,0.0,0.0
36,82,1.0,0.0
36,82,2.0,0.0
36,82,3.0,0.0
36,82,4.0,1.1338341e-08
36,82,5.0,7.6004e-09
36,82,6.0,4.2596703e-08
36,82,7.0,4.2905398e-07
36,82,8.0,1.6018175e-08
36,82,9.0,0.0
36,82,10.0,0.0
36,82,11.0,0.0
36,82,12.0,0.0
36,82,13.0,0.0
36,82,14.0,2.4020602e-07
36,83,0.0,8.050964e-07
36,83,1.0,4.947333e-07
36,83,2.0,1.6830027e-06
36,83,3.0,4.3989488e-08
36,83,4.0,9.842076e-07
36,83,5.0,3.1356008e-06
36,83,6.0,9.130021e-06
36,83,7.0,5.860463e-06
36,83,8.0,8.905754e-06
36,83,9.0,1.2235037e-05
36,83,10.0,3.2286061e-07
36,83,11.0,2.8411065e-09
36,83,12.0,3.748883e-06
36,83,13.0,5.2738975e-05
36,83,14.0,8.349289e-05
36,84,0.0,0.00015195375
36,84,1.0,4.156812e-05
36,84,2.0,2.6710552e-05
36,84,3.0,6.4737083e-06
36,84,4.0,2.3008748e-05
36,84,5.0,7.042202e-05
36,84,6.0,7.618081e-05
36,84,7.0,9.234549e-05
36,84,8.0,0.00025530244
36,84,9.0,0.00061946496
36,84,10.0,0.00032537742
36,84,11.0,0.000625672
36,84,12.0,0.0007971225
36,84,13.0,0.0006415683
36,84,14.0,0.00050243875
36,85,0.0,0.0027200417
36,85,1.0,0.0021342095
36,85,2.0,0.0020694935
36,85,3.0,0.0016870826
36,85,4.0,0.001970862
36,85,5.0,0.0016573466
36,85,6.0,0.0017739424
36,85,7.0,0.00300752
36,85,8.0,0.0036929627
36,85,9.0,0.0037365176
36,85,10.0,0.003463845
36,85,11.0,0.0036356568
36,85,12.0,0.004136462
36,85,13.0,0.004362474
36,85,14.0,0.005404296
36,86,0.0,0.016821405
36,86,1.0,0.012831964
36,86,2.0,0.0123903295
36,86,3.0,0.013834577
36,86,4.0,0.011224068
36,86,5.0,0.008962616
36,86,6.0,0.012773475
36,86,7.0,0.018326225
36,86,8.0,0.019612411
36,86,9.0,0.020210812
36,86,10.0,0.019050319
36,86,11.0,0.023722377
36,86,12.0,0.02088762
36,86,13.0,0.025361074
36,86,14.0,0.032612145
36,87,0.0,0.0747091
36,87,1.0,0.07463836
36,87,2.0,0.05643281
36,87,3.0,0.057025407
36,87,4.0,0.052829485
36,87,5.0,0.058401365
36,87,6.0,0.059992675
36,87,7.0,0.07462052
36,87,8.0,0.08834175
36,87,9.0,0.0749461
36,87,10.0,0.077925816
36,87,11.0,0.082460165
36,87,12.0,0.07951701
36,87,13.0,0.09354687
36,87,14.0,0.12599878
36,88,0.0,0.24399124
36,88,1.0,0.22824322
36,88,2.0,0.19918557
36,88,3.0,0.17482673
36,88,4.0,0.173493
36,88,5.0,0.16771252
36,88,6.0,0.19182266
36,88,7.0,0.21958561
36,88,8.0,0.21190056
36,88,9.0,0.18293943
36,88,10.0,0.17489043
36,88,11.0,0.17767724
36,88,12.0,0.1946241
36,88,13.0,0.21820232
36,88,14.0,0.23222597
36,89,0.0,0.47887126
36,89,1.0,0.47647998
36,89,2.0,0.39711413
36,89,3.0,0.37897786
36,89,4.0,0.36535034
36,89,5.0,0.39645472
36,89,6.0,0.4132517
36,89,7.0,0.42608294
36,89,8.0,0.4655529
36,89,9.0,0.35328805
36,89,10.0,0.3626268
36,89,11.0,0.34336096
36,89,12.0,0.36798093
36,89,13.0,0.3874622
36,89,14.0,0.4090594
36,90,0.0,0.60398346
36,90,1.0,0.53747785
36,90,2.0,0.51204145
36,90,3.0,0.5079583
36,90,4.0,0.47627464
36,90,5.0,0.46715373
36,90,6.0,0.47820377
36,90,7.0,0.48097652
36,90,8.0,0.5310244
36,90,9.0,0.48884764
36,90,10.0,0.4423267
36,90,11.0,0.4076741
36,90,12.0,0.40283266
36,90,13.0,0.42286944
36,90,14.0,0.44184142
36,91,0.0,0.4429845
36,91,1.0,0.41502088
36,91,2.0,0.37323278
36,91,3.0,0.36529678
36,91,4.0,0.3530804
36,91,5.0,0.34798503
36,91,6.0,0.3566136
36,91,7.0,0.38303432
36,91,8.0,0.36255917
36,91,9.0,0.32614568
36,91,10.0,0.31070146
36,91,11.0,0.27381378
36,91,12.0,0.28063023
36,91,13.0,0.26664895
36,91,14.0,0.26000392
36,92,0.0,0.25490573
36,92,1.0,0.24571541
36,92,2.0,0.21862051
36,92,3.0,0.2033465
36,92,4.0,0.19052416
36,92,5.0,0.1867061
36,92,6.0,0.17723742
36,92,7.0,0.17810781
36,92,8.0,0.17392372
36,92,9.0,0.1968717
36,92,10.0,0.17333968
36,92,11.0,0.14723438
36,92,12.0,0.13067244
36,92,13.0,0.1246431
36,92,14.0,0.13041334
36,93,0.0,0.05348447
36,93,1.0,0.04720933
36,93,2.0,0.04748112
36,93,3.0,0.048771888
36,93,4.0,0.05309643
36,93,5.0,0.0552517
36,93,6.0,0.047797937
36,93,7.0,0.048751663
36,93,8.0,0.05069051
36,93,9.0,0.04960088
36,93,10.0,0.041353066
36,93,11.0,0.05735502
36,93,12.0,0.05173279
36,93,13.0,0.040317785
36,93,14.0,0.030749813
36,94,0.0,0.017345702
36,94,1.0,0.019523611
36,94,2.0,0.018981855
36,94,3.0,0.011743821
36,94,4.0,0.014851489
36,94,5.0,0.013946981
36,94,6.0,0.013453392
36,94,7.0,0.01298538
36,94,8.0,0.011591175
36,94,9.0,0.011341008
36,94,10.0,0.012071473
36,94,11.0,0.013393809
36,94,12.0,0.011479357
36,94,13.0,0.013340244
36,94,14.0,0.010868234
36,95,0.0,0.0013993052
36,95,1.0,0.0012924
36,95,2.0,0.0023502742
36,95,3.0,0.0025136624
36,95,4.0,0.0017790098
36,95,5.0,0.0025898835
36,95,6.0,0.0016051413
36,95,7.0,0.0015259719
36,95,8.0,0.0016553157
36,95,9.0,0.0018736476
36,95,10.0,0.0020783597
36,95,11.0,0.0020682528
36,95,12.0,0.0013751582
36,95,13.0,0.0012568985
36,95,14.0,0.0013224727
36,96,0.0,0.00012266584
36,96,1.0,0.00013702307
36,96,2.0,0.00010667841
36,96,3.0,0.00010572573
36,96,4.0,9.123563e-05
36,96,5.0,0.00014182524
36,96,6.0,0.00024184085
36,96,7.0,0.00020046183
36,96,8.0,0.00019436909
36,96,9.0,0.00027394935
36,96,10.0,0.00020632429
36,96,11.0,0.00024107205
36,96,12.0,0.00022075787
36,96,13.0,0.00036867236
36,96,14.0,0.0003618691
36,97,0.0,2.2119355e-06
36,97,1.0,3.772792e-06
36,97,2.0,4.437289e-06
36,97,3.0,6.2807217e-06
36,97,4.0,4.1968874e-06
36,97,5.0,3.492988e-06
36,97,6.0,6.5385366e-06
36,97,7.0,8.06375e-06
36,97,8.0,1.0610026e-06
36,97,9.0,2.0618595e-06
36,97,10.0,3.8555936e-06
36,97,11.0,6.64567e-06
36,97,12.0,4.829898e-06
36,97,13.0,1.1972888e-05
36,97,14.0,1.1086205e-05
36,98,0.0,5.8627545e-08
36,98,1.0,1.0986695e-09
36,98,2.0,7.315967e-10
36,98,3.0,1.5398735e-10
36,98,4.0,7.2708575e-11
36,98,5.0,0.0
36,98,6.0,0.0
36,98,7.0,0.0
36,98,8.0,0.0
36,98,9.0,0.0
36,98,10.0,0.0
36,98,11.0,6.490498e-11
36,98,12.0,0.0
36,98,13.0,1.9698843e-08
36,98,14.0,6.619541e-07
36,99,0.0,6.773206e-08
36,99,1.0,1.4767419e-07
36,99,2.0,4.498416e-08
36,99,3.0,5.0279136e-09
36,99,4.0,6.768964e-09
36,99,5.0,3.3547487e-08
36,99,6.0,3.108935e-07
36,99,7.0,3.0996087e-08
36,99,8.0,1.3127683e-07
36,99,9.0,3.2166264e-07
36,99,10.0,1.6170507e-09
36,99,11.0,8.849013e-09
36,99,12.0,4.2987995e-07
36,99,13.0,1.416843e-07
36,99,14.0,4.222738e-07
36,100,0.0,6.802984e-08
36,100,1.0,9.567145e-08
36,100,2.0,1.1667758e-07
36,100,3.0,1.2348225e-08
36,100,4.0,5.618429e-09
36,100,5.0,1.5732407e-08
36,100,6.0,1.708979e-08
36,100,7.0,2.1937442e-08
36,100,8.0,2.6694924e-08
36,100,9.0,2.5711955e-08
36,100,10.0,2.0155893e-09
36,100,11.0,2.96146e-08
36,100,12.0,4.599822e-08
36,100,13.0,8.581172e-08
36,100,14.0,2.3213474e-08
36,101,0.0,2.2336812e-08
36,101,1.0,1.5938042e-08
36,101,2.0,8.741264e-08
36,101,3.0,1.9434185e-07
36,101,4.0,5.783798e-10
36,101,5.0,2.0113779e-08
36,101,6.0,1.2919658e-08
36,101,7.0,4.023767e-11
36,101,8.0,5.6012746e-09
36,101,9.0,1.976621e-07
36,101,10.0,2.7123037e-09
36,101,11.0,1.3669192e-07
36,101,12.0,2.7720666e-09
36,101,13.0,1.7833364e-07
36,101,14.0,4.021863e-07
36,102,0.0,3.7598127e-07
36,102,1.0,1.1370992e-08
36,102,2.0,4.749168e-08
36,102,3.0,2.3450449e-08
36,102,4.0,1.48019526e-08
36,102,5.0,2.8502479e-08
36,102,6.0,8.3326526e-08
36,102,7.0,4.621211e-06
36,102,8.0,1.3440805e-06
36,102,9.0,7.451895e-07
36,102,10.0,1.588927e-06
36,102,11.0,1.4102303e-06
36,102,12.0,4.965615e-07
36,102,13.0,2.7668197e-08
36,102,14.0,4.859665e-09
37,81,0.0,6.299595e-10
37,81,1.0,1.6416468e-08
37,81,2.0,1.4322404e-09
37,81,3.0,0.0
37,81,4.0,0.0
37,81,5.0,0.0
37,81,6.0,7.9328444e-08
37,81,7.0,4.924556e-07
37,81,8.0,4.762227e-09
37,81,9.0,1.3057271e-06
37,81,10.0,1.2509671e-06
37,81,11.0,5.690958e-07
37,81,12.0,3.408465e-08
37,81,13.0,7.86102e-08
37,81,14.0,4.0363584e-08
37,82,0.0,5.1156768e-09
37,82,1.0,4.7017913e-08
37,82,2.0,4.368384e-07
37,82,3.0,0.0
37,82,4.0,0.0
37,82,5.0,0.0
37,82,6.0,6.6837215e-14
37,82,7.0,0.0
37,82,8.0,2.7132172e-11
37,82,9.0,0.0
37,82,10.0,7.81515e-09
37,82,11.0,0.0
37,82,12.0,2.3206187e-13
37,82,13.0,0.0
37,82,14.0,0.0
37,83,0.0,0.0
37,83,1.0,1.7324586e-12
37,83,2.0,1.5650926e-07
37,83,3.0,2.3522594e-08
37,83,4.0,0.0
37,83,5.0,0.0
37,83,6.0,1.0700397e-09
37,83,7.0,0.0
37,83,8.0,0.0
37,83,9.0,0.0
37,83,10.0,1.6895405e-10
37,83,11.0,2.18423e-09
37,83,12.0,0.0
37,83,13.0,5.1959457e-08
37,83,14.0,1.7790223e-08
37,84,0.0,7.581884e-09
37,84,1.0,3.4773913e-07
37,84,2.0,1.2831859e-07
37,84,3.0,5.0533356e-07
37,84,4.0,1.6765855e-09
37,84,5.0,1.2837692e-06
37,84,6.0,1.1153476e-09
37,84,7.0,0.0
37,84,8.0,9.363207e-10
37,84,9.0,3.6915835e-09
37,84,10.0,4.749392e-09
37,84,11.0,2.218056e-09
37,84,12.0,6.903109e-08
37,84,13.0,0.0
37,84,14.0,1.8654826e-07
37,85,0.0,2.3176666e-10
37,85,1.0,7.428461e-10
37,85,2.0,0.0
37,85,3.0,6.557621e-09
37,85,4.0,1.4857788e-07
37,85,5.0,6.462465e-11
37,85,6.0,0.0
37,85,7.0,0.0
37,85,8.0,0.0
37,85,9.0,0.0
37,85,10.0,1.5475343e-05
37,85,11.0,4.3736974e-05
37,85,12.0,3.9753882e-05
37,85,13.0,1.4159358e-05
37,85,14.0,3.350664e-05
37,86,0.0,6.0960883e-06
37,86,1.0,4.6644713e-05
37,86,2.0,9.65564e-05
37,86,3.0,5.283085e-05
37,86,4.0,5.3944925e-05
37,86,5.0,1.9949453e-05
37,86,6.0,4.5471807e-05
37,86,7.0,7.5861215e-05
37,86,8.0,6.345442e-05
37,86,9.0,6.794086e-05
37,86,10.0,0.00020718334
37,86,11.0,0.00022878525
37,86,12.0,0.00016984825
37,86,13.0,0.00016239972
37,86,14.0,0.0003247444
37,87,0.0,0.0026359274
37,87,1.0,0.0020355193
37,87,2.0,0.0023983165
37,87,3.0,0.0018620918
37,87,4.0,0.0015784891
37,87,5.0,0.0013259863
37,87,6.0,0.0015023606
37,87,7.0,0.0022188565
37,87,8.0,0.0029340088
37,87,9.0,0.0024435576
37,87,10.0,0.0022629995
37,87,11.0,0.002275393
37,87,12.0,0.002430828
37,87,13.0,0.002998234
37,87,14.0,0.004695903
37,88,0.0,0.011208044
37,88,1.0,0.009220598
37,88,2.0,0.012541164
37,88,3.0,0.011100094
37,88,4.0,0.01011661
37,88,5.0,0.008530452
37,88,6.0,0.0075033754
37,88,7.0,0.012904309
37,88,8.0,0.012690964
37,88,9.0,0.011665864
37,88,10.0,0.011954565
37,88,11.0,0.012753729
37,88,12.0,0.013713191
37,88,13.0,0.014074147
37,88,14.0,0.020912161
37,89,0.0,0.062148005
37,89,1.0,0.06619413
37,89,2.0,0.06236829
37,89,3.0,0.05911744
37,89,4.0,0.05420225
37,89,5.0,0.052339982
37,89,6.0,0.05616307
37,89,7.0,0.067099795
37,89,8.0,0.059098575
37,89,9.0,0.06860727
37,89,10.0,0.058423713
37,89,11.0,0.06666964
37,89,12.0,0.06457365
37,89,13.0,0.0907285
37,89,14.0,0.085741326
37,90,0.0,0.14266303
37,90,1.0,0.14003547
37,90,2.0,0.14922659
37,90,3.0,0.15658693
37,90,4.0,0.15403529
37,90,5.0,0.14803965
37,90,6.0,0.1602295
37,90,7.0,0.16750805
37,90,8.0,0.16767754
37,90,9.0,0.20850356
37,90,10.0,0.19161129
37,90,11.0,0.20381981
37,90,12.0,0.20631751
37,90,13.0,0.23402846
37,90,14.0,0.20680594
37,91,0.0,0.3230483
37,91,1.0,0.31345436
37,91,2.0,0.30536315
37,91,3.0,0.30998302
37,91,4.0,0.3073843
37,91,5.0,0.30602673
37,91,6.0,0.32323396
37,91,7.0,0.37443808
37,91,8.0,0.33364686
37,91,9.0,0.34159032
37,91,10.0,0.32261616
37,91,11.0,0.33147055
37,91,12.0,0.3316616
37,91,13.0,0.35637513
37,91,14.0,0.39366305
37,92,0.0,0.44783777
37,92,1.0,0.4369445
37,92,2.0,0.45281953
37,92,3.0,0.4258725
37,92,4.0,0.4397911
37,92,5.0,0.44431603
37,92,6.0,0.43716547
37,92,7.0,0.45025495
37,92,8.0,0.44813934
37,92,9.0,0.49358973
37,92,10.0,0.44771066
37,92,11.0,0.42881116
37,92,12.0,0.43238124
37,92,13.0,0.4658892
37,92,14.0,0.4449841
37,93,0.0,0.42368922
37,93,1.0,0.41795084
37,93,2.0,0.4587572
37,93,3.0,0.4913108
37,93,4.0,0.43042275
37,93,5.0,0.47061756
37,93,6.0,0.4556383
37,93,7.0,0.42666262
37,93,8.0,0.4110929
37,93,9.0,0.4048974
37,93,10.0,0.44011953
37,93,11.0,0.3769395
37,93,12.0,0.35957915
37,93,13.0,0.36372778
37,93,14.0,0.34268472
37,94,0.0,0.24487908
37,94,1.0,0.24999888
37,94,2.0,0.31113833
37,94,3.0,0.32636327
37,94,4.0,0.33549964
37,94,5.0,0.3286982
37,94,6.0,0.33453792
37,94,7.0,0.2995855
37,94,8.0,0.22803567
37,94,9.0,0.25642714
37,94,10.0,0.25878885
37,94,11.0,0.26723465
37,94,12.0,0.2590207
37,94,13.0,0.22445168
37,94,14.0,0.19604574
37,95,0.0,0.099577464
37,95,1.0,0.100409426
37,95,2.0,0.13046105
37,95,3.0,0.12665634
37,95,4.0,0.14221051
37,95,5.0,0.14909646
37,95,6.0,0.14762896
37,95,7.0,0.13038017
37,95,8.0,0.11963622
37,95,9.0,0.15008622
37,95,10.0,0.14226829
37,95,11.0,0.1568168
37,95,12.0,0.12820631
37,95,13.0,0.11186099
37,95,14.0,0.10165787
37,96,0.0,0.028220803
37,96,1.0,0.028192045
37,96,2.0,0.049815
37,96,3.0,0.05158548
37,96,4.0,0.048507802
37,96,5.0,0.045157082
37,96,6.0,0.04809382
37,96,7.0,0.042931907
37,96,8.0,0.034414414
37,96,9.0,0.04116865
37,96,10.0,0.042369068
37,96,11.0,0.038327694
37,96,12.0,0.038617916
37,96,13.0,0.031568803
37,96,14.0,0.025350181
37,97,0.0,0.006940883
37,97,1.0,0.0062770112
37,97,2.0,0.013937429
37,97,3.0,0.010681022
37,97,4.0,0.0127859125
37,97,5.0,0.008529706
37,97,6.0,0.007464456
37,97,7.0,0.00798999
37,97,8.0,0.0076353494
37,97,9.0,0.007636424
37,97,10.0,0.008929892
37,97,11.0,0.008019902
37,97,12.0,0.010484517
37,97,13.0,0.010037739
37,97,14.0,0.007015083
37,98,0.0,0.0009353367
37,98,1.0,0.0008182833
37,98,2.0,0.0017579198
37,98,3.0,0.0020554953
37,98,4.0,0.0030923896
37,98,5.0,0.0022780383
37,98,6.0,0.0012472512
37,98,7.0,0.0016506156
37,98,8.0,0.0011506682
37,98,9.0,0.0016337846
37,98,10.0,0.0019994748
37,98,11.0,0.001149742
37,98,12.0,0.0015271577
37,98,13.0,0.001003673
37,98,14.0,0.0006983251
37,99,0.0,5.32964e-05
37,99,1.0,0.00013263627
37,99,2.0,0.00010153949
37,99,3.0,0.0002500826
37,99,4.0,0.0001213331
37,99,5.0,7.232521e-05
37,99,6.0,0.00013181275
37,99,7.0,0.000118667616
37,99,8.0,0.00016608539
37,99,9.0,0.00018053762
37,99,10.0,0.00024149577
37,99,11.0,0.00011002038
37,99,12.0,0.00019227785
37,99,13.0,0.00018854678
37,99,14.0,7.726191e-05
37,100,0.0,2.7044837e-07
37,100,1.0,6.3284826e-09
37,100,2.0,7.120326e-08
37,100,3.0,1.0498368e-08
37,100,4.0,7.5400857e-07
37,100,5.0,1.3360423e-06
37,100,6.0,6.850121e-07
37,100,7.0,5.2543633e-06
37,100,8.0,3.6877186e-06
37,100,9.0,8.4392343e-07
37,100,10.0,3.1534964e-07
37,100,11.0,1.5782589e-05
37,100,12.0,1.8804056e-05
37,100,13.0,2.3173764e-06
37,100,14.0,1.636731e-06
37,101,0.0,0.0
37,101,1.0,6.031447e-08
37,101,2.0,4.4091797e-07
37,101,3.0,2.2099911e-08
37,101,4.0,2.389358e-07
37,101,5.0,8.958625e-06
37,101,6.0,3.2621264e-07
37,101,7.0,3.4169055e-08
37,101,8.0,2.7031103e-08
37,101,9.0,3.075094e-07
37,101,10.0,2.0895986e-07
37,101,11.0,4.4363526e-09
37,101,12.0,0.0
37,101,13.0,2.0064019e-07
37,101,14.0,4.2831104e-07
37,102,0.0,3.2607944e-13
37,102,1.0,0.0
37,102,2.0,1.1044711e-15
37,102,3.0,0.0
37,102,4.0,2.1335197e-08
37,102,5.0,5.8111004e-07
37,102,6.0,1.5576361e-06
37,102,7.0,6.2671375e-06
37,102,8.0,5.4022735e-08
37,102,9.0,1.2512169e-07
37,102,10.0,1.979154e-06
37,102,11.0,4.856063e-07
37,102,12.0,2.6835224e-07
37,102,13.0,2.865109e-07
37,102,14.0,1.3827441e-09
37,103,0.0,4.302173e-12
37,103,1.0,3.5967208e-08
37,103,2.0,0.0
37,103,3.0,0.0
37,103,4.0,0.0
37,103,5.0,4.089994e-09
37,103,6.0,1.16395626e-07
37,103,7.0,5.191307e-07
37,103,8.0,1.843113e-08
37,103,9.0,9.584082e-08
37,103,10.0,2.047477e-09
37,103,11.0,4.927194e-07
37,103,12.0,2.4743924e-06
37,103,13.0,5.9279125e-07
37,103,14.0,4.6958945e-08
37,104,0.0,2.551943e-10
37,104,1.0,9.904312e-08
37,104,2.0,9.5206694e-08
37,104,3.0,1.3676531e-08
37,104,4.0,3.6810937e-09
37,104,5.0,0.0
37,104,6.0,1.1612016e-09
37,104,7.0,8.671939e-10
37,104,8.0,1.4528329e-09
37,104,9.0,3.3367575e-09
37,104,10.0,2.3633966e-08
37,104,11.0,6.760152e-08
37,104,12.0,1.7681467e-07
37,104,13.0,1.385256e-08
37,104,14.0,1.2223438e-09
37,105,0.0,2.748563e-07
37,105,1.0,1.702584e-07
37,105,2.0,1.14014e-11
37,105,3.0,0.0
37,105,4.0,1.084786e-07
37,105,5.0,9.562542e-08
37,105,6.0,5.0201283e-08
37,105,7.0,1.7822223e-09
37,105,8.0,1.9417508e-08
37,105,9.0,1.3097193e-06
37,105,10.0,3.373018e-08
37,105,11.0,7.386703e-08
37,105,12.0,4.6797058e-07
37,105,13.0,1.8504406e-07
37,105,14.0,1.8317497e-08
38,83,0.0,2.568026e-08
38,83,1.0,3.1667597e-08
38,83,2.0,1.1658128e-07
38,83,3.0,4.4584507e-08
38,83,4.0,6.5179916e-07
38,83,5.0,1.5873164e-06
38,83,6.0,9.775531e-07
38,83,7.0,1.0314907e-06
38,83,8.0,2.4029925e-06
38,83,9.0,2.4918452e-06
38,83,10.0,1.4636047e-06
38,83,11.0,1.138367e-06
38,83,12.0,5.8285826e-07
38,83,13.0,3.5545182e-07
38,83,14.0,5.113116e-10
38,84,0.0,5.548777e-07
38,84,1.0,2.3352989e-06
38,84,2.0,2.0444384e-08
38,84,3.0,1.1951352e-08
38,84,4.0,1.8502135e-08
38,84,5.0,2.6634227e-08
38,84,6.0,4.3441278e-07
38,84,7.0,3.628883e-07
38,84,8.0,6.6895174e-09
38,84,9.0,0.0
38,84,10.0,8.5469236e-11
38,84,11.0,5.121802e-07
38,84,12.0,6.139944e-08
38,84,13.0,0.0
38,84,14.0,8.0742446e-10
38,85,0.0,9.928093e-08
38,85,1.0,5.3392864e-07
38,85,2.0,4.560906e-06
38,85,3.0,6.382482e-06
38,85,4.0,5.9203194e-06
38,85,5.0,5.805092e-06
38,85,6.0,3.0796136e-06
38,85,7.0,1.553598e-06
38,85,8.0,4.2415554e-06
38,85,9.0,1.9881013e-06
38,85,10.0,1.6570299e-06
38,85,11.0,5.662329e-06
38,85,12.0,3.6690699e-06
38,85,13.0,3.049721e-06
38,85,14.0,7.987425e-07
38,86,0.0,3.426954e-14
38,86,1.0,6.01069e-08
38,86,2.0,2.8300617e-12
38,86,3.0,1.8059124e-11
38,86,4.0,3.4718808e-11
38,86,5.0,1.6327323e-09
38,86,6.0,2.9103127e-08
38,86,7.0,4.8103823e-09
38,86,8.0,1.0688704e-11
38,86,9.0,0.0
38,86,10.0,0.0
38,86,11.0,0.0
38,86,12.0,1.3906141e-07
38,86,13.0,1.3126862e-07
38,86,14.0,9.813908e-06
38,87,0.0,1.050803e-05
38,87,1.0,5.6382214e-06
38,87,2.0,8.828233e-06
38,87,3.0,3.609153e-06
38,87,4.0,1.3885722e-07
38,87,5.0,2.8015062e-08
38,87,6.0,3.8843213e-09
38,87,7.0,2.1575055e-08
38,87,8.0,7.3309284e-06
38,87,9.0,2.5601887e-06
38,87,10.0,8.579479e-06
38,87,11.0,2.3381277e-05
38,87,12.0,1.2549431e-05
38,87,13.0,9.089785e-06
38,87,14.0,2.075862e-05
38,88,0.0,2.51076e-05
38,88,1.0,1.9966024e-05
38,88,2.0,1.1095622e-05
38,88,3.0,2.1581678e-05
38,88,4.0,3.9163453e-05
38,88,5.0,2.3993476e-05
38,88,6.0,2.15273e-05
38,88,7.0,7.730475e-05
38,88,8.0,7.534967e-05
38,88,9.0,6.0359896e-05
38,88,10.0,5.2549076e-05
38,88,11.0,3.4319542e-05
38,88,12.0,5.981801e-05
38,88,13.0,6.768991e-05
38,88,14.0,9.6086005e-05
38,89,0.0,0.0014917201
38,89,1.0,0.0008551041
38,89,2.0,0.0008245854
38,89,3.0,0.00071834214
38,89,4.0,0.00072222826
38,89,5.0,0.00060041307
38,89,6.0,0.0009940667
38,89,7.0,0.00068112486
38,89,8.0,0.00091755233
38,89,9.0,0.001096237
38,89,10.0,0.0013287204
38,89,11.0,0.0014684402
38,89,12.0,0.0014901143
38,89,13.0,0.0020753941
38,89,14.0,0.0030113638
38,90,0.0,0.008682983
38,90,1.0,0.0075463653
38,90,2.0,0.0053476193
38,90,3.0,0.0046391
38,90,4.0,0.004706911
38,90,5.0,0.0057564746
38,90,6.0,0.006357513
38,90,7.0,0.010818967
38,90,8.0,0.010858334
38,90,9.0,0.0072203367
38,90,10.0,0.0071080397
38,90,11.0,0.009988492
38,90,12.0,0.014023065
38,90,13.0,0.014315452
38,90,14.0,0.016417893
38,91,0.0,0.039315347
38,91,1.0,0.034731142
38,91,2.0,0.042912584
38,91,3.0,0.06744168
38,91,4.0,0.03985474
38,91,5.0,0.03019757
38,91,6.0,0.029544476
38,91,7.0,0.02977552
38,91,8.0,0.040564593
38,91,9.0,0.035842776
38,91,10.0,0.032510377
38,91,11.0,0.033641342
38,91,12.0,0.031891447
38,91,13.0,0.033442657
38,91,14.0,0.04397348
38,92,0.0,0.18603678
38,92,1.0,0.17106295
38,92,2.0,0.14907117
38,92,3.0,0.13715366
38,92,4.0,0.11583273
38,92,5.0,0.11455377
38,92,6.0,0.13647315
38,92,7.0,0.15090837
38,92,8.0,0.18623163
38,92,9.0,0.17612393
38,92,10.0,0.1401263
38,92,11.0,0.13435411
38,92,12.0,0.1487151
38,92,13.0,0.1539155
38,92,14.0,0.17099346
38,93,0.0,0.36339113
38,93,1.0,0.3969951
38,93,2.0,0.38630736
38,93,3.0,0.34162578
38,93,4.0,0.311392
38,93,5.0,0.30313393
38,93,6.0,0.30800033
38,93,7.0,0.33344427
38,93,8.0,0.3239114
38,93,9.0,0.3383739
38,93,10.0,0.36068222
38,93,11.0,0.32816526
38,93,12.0,0.3213122
38,93,13.0,0.31808063
38,93,14.0,0.34083658
38,94,0.0,0.71140885
38,94,1.0,0.76384246
38,94,2.0,0.60931766
38,94,3.0,0.55709845
38,94,4.0,0.53498584
38,94,5.0,0.51549643
38,94,6.0,0.4691454
38,94,7.0,0.53902584
38,94,8.0,0.5633492
38,94,9.0,0.5739729
38,94,10.0,0.56484336
38,94,11.0,0.531848
38,94,12.0,0.48199853
38,94,13.0,0.4851749
38,94,14.0,0.46168134
38,95,0.0,0.6536981
38,95,1.0,0.65926164
38,95,2.0,0.65733725
38,95,3.0,0.61822903
38,95,4.0,0.58316076
38,95,5.0,0.57049054
38,95,6.0,0.5685283
38,95,7.0,0.57834595
38,95,8.0,0.61067563
38,95,9.0,0.57500654
38,95,10.0,0.5381867
38,95,11.0,0.5608045
38,95,12.0,0.49405575
38,95,13.0,0.4803704
38,95,14.0,0.5105451
38,96,0.0,0.54977125
38,96,1.0,0.49161083
38,96,2.0,0.5186984
38,96,3.0,0.45003298
38,96,4.0,0.42719957
38,96,5.0,0.424192
38,96,6.0,0.42967016
38,96,7.0,0.41482812
38,96,8.0,0.42266044
38,96,9.0,0.43825626
38,96,10.0,0.43467715
38,96,11.0,0.4060553
38,96,12.0,0.37240127
38,96,13.0,0.34536344
38,96,14.0,0.31582227
38,97,0.0,0.2485423
38,97,1.0,0.24253182
38,97,2.0,0.2651905
38,97,3.0,0.25305146
38,97,4.0,0.25364667
38,97,5.0,0.2437647
38,97,6.0,0.21734567
38,97,7.0,0.21342061
38,97,8.0,0.19729292
38,97,9.0,0.19730316
38,97,10.0,0.1762863
38,97,11.0,0.17317149
38,97,12.0,0.16325787
38,97,13.0,0.15826608
38,97,14.0,0.13531315
38,98,0.0,0.1090092
38,98,1.0,0.09682132
38,98,2.0,0.10031225
38,98,3.0,0.09185237
38,98,4.0,0.08814612
38,98,5.0,0.08552627
38,98,6.0,0.08345792
38,98,7.0,0.09394174
38,98,8.0,0.07938721
38,98,9.0,0.073726505
38,98,10.0,0.079189494
38,98,11.0,0.08769249
38,98,12.0,0.07396691
38,98,13.0,0.062424365
38,98,14.0,0.06134229
38,99,0.0,0.0185232
38,99,1.0,0.026835758
38,99,2.0,0.024098316
38,99,3.0,0.025044521
38,99,4.0,0.021053344
38,99,5.0,0.022366928
38,99,6.0,0.017911747
38,99,7.0,0.016182702
38,99,8.0,0.014389868
38,99,9.0,0.013007051
38,99,10.0,0.014494354
38,99,11.0,0.015037615
38,99,12.0,0.017664386
38,99,13.0,0.012334792
38,99,14.0,0.0103818625
38,100,0.0,0.002029284
38,100,1.0,0.002451392
38,100,2.0,0.0020614918
38,100,3.0,0.0021785353
38,100,4.0,0.0020743709
38,100,5.0,0.0020895498
38,100,6.0,0.0015318413
38,100,7.0,0.001645796
38,100,8.0,0.002092872
38,100,9.0,0.002279419
38,100,10.0,0.0018793751
38,100,11.0,0.0019750318
38,100,12.0,0.0021178531
38,100,13.0,0.0018699744
38,100,14.0,0.0019824172
38,101,0.0,0.00026941084
38,101,1.0,0.00014945093
38,101,2.0,0.00029123374
38,101,3.0,0.00024136856
38,101,4.0,0.00027973152
38,101,5.0,0.00031141166
38,101,6.0,0.00034253366
38,101,7.0,0.00021564742
38,101,8.0,0.00022566073
38,101,9.0,0.00031073438
38,101,10.0,0.00052877876
38,101,11.0,0.00028477775
38,101,12.0,0.00017625722
38,101,13.0,0.0003723495
38,101,14.0,0.0003154494
38,102,0.0,4.0654824e-05
38,102,1.0,4.7824815e-06
38,102,2.0,7.1653158e-06
38,102,3.0,3.800308e-06
38,102,4.0,8.650651e-06
38,102,5.0,2.6952337e-05
38,102,6.0,1.0684237e-05
38,102,7.0,1.1714366e-05
38,102,8.0,7.4509276e-06
38,102,9.0,1.39302965e-05
38,102,10.0,5.641919e-06
38,102,11.0,5.2384335e-06
38,102,12.0,1.4685481e-05
38,102,13.0,3.642973e-05
38,102,14.0,1.3866488e-05
38,103,0.0,2.5238276e-09
38,103,1.0,0.0
38,103,2.0,1.4609278e-10
38,103,3.0,4.084917e-12
38,103,4.0,4.3586492e-11
38,103,5.0,0.0
38,103,6.0,8.640076e-12
38,103,7.0,6.196851e-11
38,103,8.0,1.3420064e-09
38,103,9.0,3.0045169e-09
38,103,10.0,9.139326e-09
38,103,11.0,4.9310356e-09
38,103,12.0,2.6324642e-09
38,103,13.0,1.4129359e-08
38,103,14.0,5.7027272e-08
38,104,0.0,6.363913e-09
38,104,1.0,1.9067173e-07
38,104,2.0,2.526979e-07
38,104,3.0,1.849069e-07
38,104,4.0,3.6273676e-07
38,104,5.0,1.2038811e-06
38,104,6.0,3.5479033e-08
38,104,7.0,0.0
38,104,8.0,0.0
38,104,9.0,0.0
38,104,10.0,3.719693e-10
38,104,11.0,1.207295e-08
38,104,12.0,0.0
38,104,13.0,0.0
38,104,14.0,3.4115783e-11
38,105,0.0,0.0
38,105,1.0,2.6682228e-12
38,105,2.0,6.5218173e-09
38,105,3.0,1.0835053e-08
38,105,4.0,1.31788e-09
38,105,5.0,2.9129401e-09
38,105,6.0,3.6488718e-08
38,105,7.0,7.0622934e-09
38,105,8.0,2.9591193e-08
38,105,9.0,3.4586006e-07
38,105,10.0,1.5194954e-07
38,105,11.0,9.261255e-07
38,105,12.0,9.594719e-07
38,105,13.0,1.7108684e-08
38,105,14.0,4.6327004e-09
38,106,0.0,3.1202174e-10
38,106,1.0,0.0
38,106,2.0,1.1651905e-09
38,106,3.0,4.273401e-12
38,106,4.0,5.9463408e-09
38,106,5.0,1.3040656e-10
38,106,6.0,2.1565606e-10
38,106,7.0,0.0
38,106,8.0,1.1753035e-09
38,106,9.0,1.1897993e-09
38,106,10.0,1.9204261e-08
38,106,11.0,2.6999702e-08
38,106,12.0,7.396429e-08
38,106,13.0,1.218659e-07
38,106,14.0,1.6118523e-07
38,107,0.0,1.33745255e-08
38,107,1.0,3.4908997e-08
38,107,2.0,2.6676193e-07
38,107,3.0,2.327402e-09
38,107,4.0,3.551973e-08
38,107,5.0,1.1867229e-08
38,107,6.0,6.9699156e-11
38,107,7.0,0.0
38,107,8.0,1.9028153e-07
38,107,9.0,4.2647888e-10
38,107,10.0,1.245349e-09
38,107,11.0,6.5168526e-10
38,107,12.0,3.6173997e-09
38,107,13.0,1.5830329e-09
38,107,14.0,1.4281369e-08
39,86,0.0,6.56582e-08
39,86,1.0,3.7989525e-11
39,86,2.0,7.6951244e-07
39,86,3.0,2.19785e-06
39,86,4.0,1.0577787e-06
39,86,5.0,6.580403e-08
39,86,6.0,8.3468684e-08
39,86,7.0,0.0
39,86,8.0,2.2567487e-08
39,86,9.0,1.9398129e-11
39,86,10.0,1.405317e-09
39,86,11.0,1.0637679e-10
39,86,12.0,3.5292502e-09
39,86,13.0,1.0469668e-09
39,86,14.0,8.993346e-09
39,87,0.0,9.575936e-09
39,87,1.0,4.4902513e-09
39,87,2.0,9.771879e-10
39,87,3.0,4.658073e-15
39,87,4.0,2.991147e-08
39,87,5.0,1.3988069e-08
39,87,6.0,2.7842921e-09
39,87,7.0,7.2963286e-07
39,87,8.0,1.4740317e-07
39,87,9.0,6.2226144e-07
39,87,10.0,8.8119956e-11
39,87,11.0,2.2892765e-08
39,87,12.0,8.013386e-10
39,87,13.0,3.0521804e-08
39,87,14.0,4.714163e-09
39,88,0.0,6.7630945e-09
39,88,1.0,2.1963855e-07
39,88,2.0,1.2966613e-06
39,88,3.0,8.102673e-07
39,88,4.0,4.4985188e-07
39,88,5.0,1.550656e-08
39,88,6.0,6.911281e-10
39,88,7.0,4.336388e-10
39,88,8.0,3.6177823e-08
39,88,9.0,3.330466e-08
39,88,10.0,4.6770617e-07
39,88,11.0,3.0364072e-07
39,88,12.0,2.6044924e-07
39,88,13.0,9.755239e-09
39,88,14.0,9.1913115e-08
39,89,0.0,0.0
39,89,1.0,5.014541e-11
39,89,2.0,0.0
39,89,3.0,0.0
39,89,4.0,2.4748623e-12
39,89,5.0,0.0
39,89,6.0,0.0
39,89,7.0,0.0
39,89,8.0,0.0
39,89,9.0,0.0
39,89,10.0,1.1297399e-08
39,89,11.0,1.0063328e-07
39,89,12.0,2.1941851e-07
39,89,13.0,1.8764688e-08
39,89,14.0,1.3289919e-06
39,90,0.0,1.6911499e-06
39,90,1.0,5.689303e-07
39,90,2.0,8.3262545e-05
39,90,3.0,8.4764455e-05
39,90,4.0,1.5220205e-05
39,90,5.0,1.06810185e-05
39,90,6.0,4.159211e-06
39,90,7.0,6.683958e-07
39,90,8.0,1.6239819e-06
39,90,9.0,1.5689515e-06
39,90,10.0,2.5122888e-05
39,90,11.0,1.049566e-05
39,90,12.0,7.0394913e-06
39,90,13.0,2.1576056e-05
39,90,14.0,7.688644e-05
39,91,0.0,0.00027493673
39,91,1.0,0.00056027685
39,91,2.0,0.00038462176
39,91,3.0,0.00044554778
39,91,4.0,0.00043823937
39,91,5.0,0.00060917495
39,91,6.0,0.00068302243
39,91,7.0,0.000492278
39,91,8.0,0.00055203296
39,91,9.0,0.00062511023
39,91,10.0,0.00058188086
39,91,11.0,0.0004879627
39,91,12.0,0.0009191418
39,91,13.0,0.0008961415
39,91,14.0,0.0017837594
39,92,0.0,0.005019761
39,92,1.0,0.0026126415
39,92,2.0,0.0038310748
39,92,3.0,0.0030345009
39,92,4.0,0.003129342
39,92,5.0,0.0027671298
39,92,6.0,0.0029830292
39,92,7.0,0.0031940155
39,92,8.0,0.004756535
39,92,9.0,0.0060997554
39,92,10.0,0.0039975205
39,92,11.0,0.0044766637
39,92,12.0,0.004908686
39,92,13.0,0.0063869287
39,92,14.0,0.008078529
39,93,0.0,0.017517475
39,93,1.0,0.017920878
39,93,2.0,0.020027738
39,93,3.0,0.019499948
39,93,4.0,0.0238309
39,93,5.0,0.018764464
39,93,6.0,0.019557685
39,93,7.0,0.020743769
39,93,8.0,0.022599755
39,93,9.0,0.025094608
39,93,10.0,0.027496627
39,93,11.0,0.030760704
39,93,12.0,0.028333379
39,93,13.0,0.031273533
39,93,14.0,0.041951675
39,94,0.0,0.05927362
39,94,1.0,0.061464135
39,94,2.0,0.063218996
39,94,3.0,0.058189984
39,94,4.0,0.071516626
39,94,5.0,0.06955482
39,94,6.0,0.06810877
39,94,7.0,0.0792726
39,94,8.0,0.090429604
39,94,9.0,0.10569301
39,94,10.0,0.087972455
39,94,11.0,0.096035264
39,94,12.0,0.09062505
39,94,13.0,0.10227513
39,94,14.0,0.1158174
39,95,0.0,0.18856032
39,95,1.0,0.20652956
39,95,2.0,0.22375557
39,95,3.0,0.20621842
39,95,4.0,0.20854557
39,95,5.0,0.2262283
39,95,6.0,0.22656432
39,95,7.0,0.21900754
39,95,8.0,0.2270299
39,95,9.0,0.25586334
39,95,10.0,0.25546885
39,95,11.0,0.26044154
39,95,12.0,0.26067615
39,95,13.0,0.26294515
39,95,14.0,0.27403858
39,96,0.0,0.28506562
39,96,1.0,0.25297773
39,96,2.0,0.28097972
39,96,3.0,0.35585064
39,96,4.0,0.35290384
39,96,5.0,0.32942763
39,96,6.0,0.33019963
39,96,7.0,0.33518076
39,96,8.0,0.3260681
39,96,9.0,0.33697653
39,96,10.0,0.36605445
39,96,11.0,0.32123345
39,96,12.0,0.30563238
39,96,13.0,0.34280604
39,96,14.0,0.3702227
39,97,0.0,0.41534865
39,97,1.0,0.45662442
39,97,2.0,0.5305242
39,97,3.0,0.5374399
39,97,4.0,0.5368777
39,97,5.0,0.5501355
39,97,6.0,0.5375569
39,97,7.0,0.48825276
39,97,8.0,0.45668268
39,97,9.0,0.49420664
39,97,10.0,0.46230525
39,97,11.0,0.47058994
39,97,12.0,0.46050307
39,97,13.0,0.49406078
39,97,14.0,0.47646302
39,98,0.0,0.3607134
39,98,1.0,0.41961002
39,98,2.0,0.41906512
39,98,3.0,0.43599838
39,98,4.0,0.46992788
39,98,5.0,0.39354813
39,98,6.0,0.40995696
39,98,7.0,0.42516983
39,98,8.0,0.3986779
39,98,9.0,0.43247506
39,98,10.0,0.41143182
39,98,11.0,0.42086264
39,98,12.0,0.37860695
39,98,13.0,0.37367722
39,98,14.0,0.36930674
39,99,0.0,0.24902856
39,99,1.0,0.2925359
39,99,2.0,0.3941104
39,99,3.0,0.4071394
39,99,4.0,0.35257113
39,99,5.0,0.3354617
39,99,6.0,0.34645045
39,99,7.0,0.29504582
39,99,8.0,0.25088006
39,99,9.0,0.2611618
39,99,10.0,0.32179943
39,99,11.0,0.2840763
39,99,12.0,0.30064097
39,99,13.0,0.26572236
39,99,14.0,0.27357978
39,100,0.0,0.08766161
39,100,1.0,0.13564703
39,100,2.0,0.14386936
39,100,3.0,0.13845658
39,100,4.0,0.13694626
39,100,5.0,0.14759308
39,100,6.0,0.1465971
39,100,7.0,0.13232951
39,100,8.0,0.11764938
39,100,9.0,0.12340569
39,100,10.0,0.14079334
39,100,11.0,0.122799695
39,100,12.0,0.13121685
39,100,13.0,0.10831003
39,100,14.0,0.08927534
39,101,0.0,0.032058153
39,101,1.0,0.035858177
39,101,2.0,0.047010314
39,101,3.0,0.04609579
39,101,4.0,0.04892371
39,101,5.0,0.05552959
39,101,6.0,0.053403907
39,101,7.0,0.050140776
39,101,8.0,0.036120296
39,101,9.0,0.030886572
39,101,10.0,0.027463872
39,101,11.0,0.040177204
39,101,12.0,0.042552292
39,101,13.0,0.028036151
39,101,14.0,0.024946412
39,102,0.0,0.006639657
39,102,1.0,0.006406888
39,102,2.0,0.008414665
39,102,3.0,0.008556046
39,102,4.0,0.008795334
39,102,5.0,0.009747491
39,102,6.0,0.008820158
39,102,7.0,0.007505889
39,102,8.0,0.0042962604
39,102,9.0,0.004686879
39,102,10.0,0.005683263
39,102,11.0,0.007947064
39,102,12.0,0.0066903247
39,102,13.0,0.008774666
39,102,14.0,0.005550605
39,103,0.0,0.00065565464
39,103,1.0,0.0017218016
39,103,2.0,0.002370919
39,103,3.0,0.0022605418
39,103,4.0,0.0018265308
39,103,5.0,0.0012778373
39,103,6.0,0.0015128603
39,103,7.0,0.0010518181
39,103,8.0,0.0005698815
39,103,9.0,0.0007738238
39,103,10.0,0.000854479
39,103,11.0,0.0012680808
39,103,12.0,0.0013983364
39,103,13.0,0.0010656683
39,103,14.0,0.00084740884
39,104,0.0,1.9058429e-05
39,104,1.0,4.674097e-05
39,104,2.0,1.3767206e-05
39,104,3.0,0.00010973924
39,104,4.0,4.607702e-05
39,104,5.0,9.83301e-05
39,104,6.0,5.8312275e-05
39,104,7.0,6.6835324e-05
39,104,8.0,0.00010690057
39,104,9.0,0.00011871269
39,104,10.0,9.198297e-05
39,104,11.0,0.00012778338
39,104,12.0,9.991084e-05
39,104,13.0,7.165394e-05
39,104,14.0,8.067789e-05
39,105,0.0,0.0
39,105,1.0,1.4927535e-06
39,105,2.0,3.3307754e-07
39,105,3.0,8.639887e-07
39,105,4.0,5.4973048e-06
39,105,5.0,5.28693e-06
39,105,6.0,8.275884e-06
39,105,7.0,1.5704e-06
39,105,8.0,2.0165794e-06
39,105,9.0,2.1227222e-06
39,105,10.0,3.4514162e-06
39,105,11.0,2.653679e-06
39,105,12.0,1.4410239e-05
39,105,13.0,7.5734006e-06
39,105,14.0,1.095083e-05
39,106,0.0,5.0204517e-07
39,106,1.0,0.0
39,106,2.0,0.0
39,106,3.0,5.4570144e-08
39,106,4.0,0.0
39,106,5.0,0.0
39,106,6.0,2.5623104e-10
39,106,7.0,1.8938255e-08
39,106,8.0,2.5225214e-07
39,106,9.0,5.649858e-08
39,106,10.0,1.7803174e-07
39,106,11.0,5.078472e-08
39,106,12.0,0.0
39,106,13.0,1.2967853e-07
39,106,14.0,8.5786285e-09
39,107,0.0,1.525728e-08
39,107,1.0,2.8292813e-08
39,107,2.0,4.5851248e-08
39,107,3.0,3.596981e-07
39,107,4.0,2.2739842e-08
39,107,5.0,8.775709e-19
39,107,6.0,3.58165e-07
39,107,7.0,2.0185134e-05
39,107,8.0,2.3502935e-07
39,107,9.0,8.743013e-09
39,107,10.0,9.443978e-10
39,107,11.0,1.0078872e-08
39,107,12.0,3.3142618e-07
39,107,13.0,3.132056e-07
39,107,14.0,6.113729e-07
39,108,0.0,3.058642e-11
39,108,1.0,9.0866946e-11
39,108,2.0,2.71764e-08
39,108,3.0,4.5464987e-10
39,108,4.0,1.1834191e-08
39,108,5.0,0.0
39,108,6.0,1.409508e-09
39,108,7.0,8.1608235e-08
39,108,8.0,3.7148716e-08
39,108,9.0,4.5389017e-09
39,108,10.0,6.6621925e-07
39,108,11.0,2.962354e-07
39,108,12.0,2.0727517e-08
39,108,13.0,4.4733304e-07
39,108,14.0,7.197023e-07
39,109,0.0,0.0
39,109,1.0,4.1096346e-08
39,109,2.0,1.6828963e-07
39,109,3.0,1.029361e-07
39,109,4.0,2.3880312e-07
39,109,5.0,2.8388337e-07
39,109,6.0,9.012055e-07
39,109,7.0,2.3702028e-06
39,109,8.0,2.8838443e-07
39,109,9.0,1.2542948e-09
39,109,10.0,3.404818e-08
39,109,11.0,2.246238e-06
39,109,12.0,3.011135e-06
39,109,13.0,3.930577e-06
39,109,14.0,2.6420355e-06
40,88,0.0,5.3286033e-08
40,88,1.0,2.5403763e-08
40,88,2.0,3.066541e-07
40,88,3.0,3.983594e-08
40,88,4.0,1.8509798e-09
40,88,5.0,9.855286e-08
40,88,6.0,1.0711272e-07
40,88,7.0,2.1236269e-07
40,88,8.0,1.7879268e-08
40,88,9.0,1.3042888e-08
40,88,10.0,1.3208954e-08
40,88,11.0,5.0475166e-09
40,88,12.0,3.2024485e-07
40,88,13.0,2.9544304e-07
40,88,14.0,1.51367e-08
40,89,0.0,2.510906e-09
40,89,1.0,4.1426273e-07
40,89,2.0,1.9526152e-07
40,89,3.0,1.3096387e-07
40,89,4.0,9.607935e-08
40,89,5.0,2.5737622e-08
40,89,6.0,1.4889027e-07
40,89,7.0,7.485852e-08
40,89,8.0,1.38384095e-08
40,89,9.0,4.023034e-08
40,89,10.0,3.9078703e-08
40,89,11.0,2.1513449e-07
40,89,12.0,1.4693668e-06
40,89,13.0,3.540119e-07
40,89,14.0,0.0
40,90,0.0,7.036623e-08
40,90,1.0,5.1857296e-06
40,90,2.0,8.4931344e-07
40,90,3.0,3.2633307e-07
40,90,4.0,8.090832e-07
40,90,5.0,2.217055e-07
40,90,6.0,9.3529496e-07
40,90,7.0,1.2069543e-05
40,90,8.0,1.2059575e-05
40,90,9.0,2.0768934e-07
40,90,10.0,9.926969e-09
40,90,11.0,2.3778228e-11
40,90,12.0,0.0
40,90,13.0,0.0
40,90,14.0,1.8716383e-06
40,91,0.0,0.0
40,91,1.0,0.0
40,91,2.0,0.0
40,91,3.0,0.0
40,91,4.0,0.0
40,91,5.0,0.0
40,91,6.0,0.0
40,91,7.0,1.2887716e-07
40,91,8.0,5.922e-09
40,91,9.0,1.5554219e-09
40,91,10.0,1.8867533e-08
40,91,11.0,9.398771e-10
40,91,12.0,6.5227994e-08
40,91,13.0,7.5540065e-08
40,91,14.0,0.0
40,92,0.0,3.26303e-06
40,92,1.0,5.4598445e-06
40,92,2.0,6.111676e-08
40,92,3.0,4.1634948e-07
40,92,4.0,1.8681163e-07
40,92,5.0,1.1111692e-06
40,92,6.0,4.728829e-06
40,92,7.0,1.2141385e-05
40,92,8.0,2.5130262e-06
40,92,9.0,2.062281e-06
40,92,10.0,7.1373256e-07
40,92,11.0,6.068504e-07
40,92,12.0,8.814499e-07
40,92,13.0,2.71855e-07
40,92,14.0,6.029359e-06
40,93,0.0,0.0001440838
40,93,1.0,9.531637e-05
40,93,2.0,7.7181096e-05
40,93,3.0,0.00017412528
40,93,4.0,0.00021677789
40,93,5.0,0.00031781185
40,93,6.0,0.00036629918
40,93,7.0,0.00014894185
40,93,8.0,0.00030282838
40,93,9.0,0.00029156156
40,93,10.0,0.00022683394
40,93,11.0,0.00028807967
40,93,12.0,0.00022139534
40,93,13.0,0.00059293053
40,93,14.0,0.0002961876
40,94,0.0,0.0012120393
40,94,1.0,0.0009627313
40,94,2.0,0.0009189059
40,94,3.0,0.0015152878
40,94,4.0,0.002036349
40,94,5.0,0.0017057942
40,94,6.0,0.001469735
40,94,7.0,0.0016275273
40,94,8.0,0.0016551896
40,94,9.0,0.0016703833
40,94,10.0,0.0019150925
40,94,11.0,0.0019217298
40,94,12.0,0.0023875923
40,94,13.0,0.001970445
40,94,14.0,0.0036966
40,95,0.0,0.010664531
40,95,1.0,0.0063643837
40,95,2.0,0.0078007113
40,95,3.0,0.010712318
40,95,4.0,0.009180499
40,95,5.0,0.008905496
40,95,6.0,0.0059594912
40,95,7.0,0.008341894
40,95,8.0,0.009025204
40,95,9.0,0.009745424
40,95,10.0,0.010667103
40,95,11.0,0.008862446
40,95,12.0,0.008047569
40,95,13.0,0.010263712
40,95,14.0,0.01379427
40,96,0.0,0.047687154
40,96,1.0,0.052709695
40,96,2.0,0.054838914
40,96,3.0,0.049453974
40,96,4.0,0.050556656
40,96,5.0,0.052429516
40,96,6.0,0.05028245
40,96,7.0,0.050555993
40,96,8.0,0.059586007
40,96,9.0,0.058560055
40,96,10.0,0.057015367
40,96,11.0,0.052599914
40,96,12.0,0.050157327
40,96,13.0,0.06279856
40,96,14.0,0.071878284
40,97,0.0,0.13857763
40,97,1.0,0.15070544
40,97,2.0,0.13641374
40,97,3.0,0.15792295
40,97,4.0,0.14728743
40,97,5.0,0.14400174
40,97,6.0,0.13829538
40,97,7.0,0.15129098
40,97,8.0,0.16730489
40,97,9.0,0.1569544
40,97,10.0,0.16053258
40,97,11.0,0.15653002
40,97,12.0,0.14744304
40,97,13.0,0.16350728
40,97,14.0,0.16639055
40,98,0.0,0.33845896
40,98,1.0,0.37288922
40,98,2.0,0.32606596
40,98,3.0,0.3388445
40,98,4.0,0.31336817
40,98,5.0,0.31270775
40,98,6.0,0.307759
40,98,7.0,0.3547795
40,98,8.0,0.34554115
40,98,9.0,0.360102
40,98,10.0,0.3501477
40,98,11.0,0.3481205
40,98,12.0,0.34755078
40,98,13.0,0.3519651
40,98,14.0,0.35492027
40,99,0.0,0.54597074
40,99,1.0,0.5568442
40,99,2.0,0.5464561
40,99,3.0,0.4981742
40,99,4.0,0.44897228
40,99,5.0,0.4362259
40,99,6.0,0.44100115
40,99,7.0,0.44544804
40,99,8.0,0.51214564
40,99,9.0,0.5408694
40,99,10.0,0.4915176
40,99,11.0,0.43532488
40,99,12.0,0.44461116
40,99,13.0,0.43227014
40,99,14.0,0.4368141
40,100,0.0,0.7205971
40,100,1.0,0.80335444
40,100,2.0,0.6395337
40,100,3.0,0.555531
40,100,4.0,0.5646998
40,100,5.0,0.5273883
40,100,6.0,0.5444858
40,100,7.0,0.5589724
40,100,8.0,0.54490334
40,100,9.0,0.50153214
40,100,10.0,0.52670664
40,100,11.0,0.5077024
40,100,12.0,0.46051002
40,100,13.0,0.43157125
40,100,14.0,0.45155635
40,101,0.0,0.44952178
40,101,1.0,0.4654419
40,101,2.0,0.50247175
40,101,3.0,0.46160656
40,101,4.0,0.4454366
40,101,5.0,0.42865327
40,101,6.0,0.38263443
40,101,7.0,0.4053124
40,101,8.0,0.3824671
40,101,9.0,0.37325624
40,101,10.0,0.34507987
40,101,11.0,0.34628478
40,101,12.0,0.321615
40,101,13.0,0.32793626
40,101,14.0,0.33149835
40,102,0.0,0.25363132
40,102,1.0,0.2373333
40,102,2.0,0.2532966
40,102,3.0,0.23379879
40,102,4.0,0.18698972
40,102,5.0,0.17926775
40,102,6.0,0.20811974
40,102,7.0,0.17977175
40,102,8.0,0.15302527
40,102,9.0,0.16194609
40,102,10.0,0.16381869
40,102,11.0,0.1626926
40,102,12.0,0.13458829
40,102,13.0,0.13376853
40,102,14.0,0.12825245
40,103,0.0,0.060299322
40,103,1.0,0.0805195
40,103,2.0,0.059837684
40,103,3.0,0.062429607
40,103,4.0,0.058120172
40,103,5.0,0.060135543
40,103,6.0,0.066135906
40,103,7.0,0.057625886
40,103,8.0,0.05824726
40,103,9.0,0.05865812
40,103,10.0,0.06070838
40,103,11.0,0.053264987
40,103,12.0,0.054740798
40,103,13.0,0.054027665
40,103,14.0,0.04345659
40,104,0.0,0.013064844
40,104,1.0,0.0116936425
40,104,2.0,0.015038839
40,104,3.0,0.018597465
40,104,4.0,0.01725701
40,104,5.0,0.0141683845
40,104,6.0,0.012353696
40,104,7.0,0.009705478
40,104,8.0,0.007554283
40,104,9.0,0.011005339
40,104,10.0,0.011612523
40,104,11.0,0.009894147
40,104,12.0,0.012143444
40,104,13.0,0.012688544
40,104,14.0,0.010856902
40,105,0.0,0.0016539339
40,105,1.0,0.0015547504
40,105,2.0,0.0016963299
40,105,3.0,0.0014665846
40,105,4.0,0.001372255
40,105,5.0,0.0014720114
40,105,6.0,0.0020413937
40,105,7.0,0.0011747131
40,105,8.0,0.0016927297
40,105,9.0,0.0017658443
40,105,10.0,0.0028434012
40,105,11.0,0.0023229343
40,105,12.0,0.0023900615
40,105,13.0,0.002729414
40,105,14.0,0.0034018545
40,106,0.0,7.2775954e-05
40,106,1.0,0.00017732487
40,106,2.0,0.000250355
40,106,3.0,0.00016104804
40,106,4.0,0.00010523663
40,106,5.0,0.00013616642
40,106,6.0,0.0001118178
40,106,7.0,0.00048839045
40,106,8.0,0.0004377967
40,106,9.0,0.00031333315
40,106,10.0,0.00017584964
40,106,11.0,0.00025793115
40,106,12.0,0.00033889036
40,106,13.0,0.00035147305
40,106,14.0,0.00037855047
40,107,0.0,8.8083965e-07
40,107,1.0,1.40206375e-05
40,107,2.0,7.191714e-05
40,107,3.0,5.532223e-05
40,107,4.0,3.0574858e-05
40,107,5.0,4.259673e-06
40,107,6.0,1.7431988e-05
40,107,7.0,3.807478e-05
40,107,8.0,6.3698817e-06
40,107,9.0,4.52266e-06
40,107,10.0,9.366749e-06
40,107,11.0,2.4006371e-05
40,107,12.0,2.6059195e-05
40,107,13.0,8.317888e-05
40,107,14.0,7.1437076e-05
40,108,0.0,0.0
40,108,1.0,1.0600055e-05
40,108,2.0,7.053578e-06
40,108,3.0,1.7876205e-06
40,108,4.0,2.6614677e-07
40,108,5.0,5.363675e-07
40,108,6.0,2.0437272e-07
40,108,7.0,9.561505e-07
40,108,8.0,2.3622913e-06
40,108,9.0,5.5066357e-06
40,108,10.0,1.4480348e-05
40,108,11.0,7.614789e-06
40,108,12.0,5.3386016e-06
40,108,13.0,1.7422853e-06
40,108,14.0,7.2309156e-08
40,109,0.0,3.2925218e-06
40,109,1.0,4.93447e-07
40,109,2.0,5.4041784e-09
40,109,3.0,3.5152712e-07
40,109,4.0,4.8089298e-08
40,109,5.0,2.0670875e-07
40,109,6.0,3.4453075e-07
40,109,7.0,2.950867e-07
40,109,8.0,2.6264229e-06
40,109,9.0,3.7359771e-07
40,109,10.0,4.201609e-07
40,109,11.0,1.3729631e-07
40,109,12.0,2.0843345e-09
40,109,13.0,1.853601e-08
40,109,14.0,3.797311e-11
40,110,0.0,5.696034e-09
40,110,1.0,1.7808226e-08
40,110,2.0,1.8124746e-08
40,110,3.0,1.5381542e-12
40,110,4.0,0.0
40,110,5.0,2.596145e-10
40,110,6.0,8.7057445e-12
40,110,7.0,3.0821604e-10
40,110,8.0,2.5222371e-10
40,110,9.0,6.4310356e-08
40,110,10.0,2.5459767e-07
40,110,11.0,6.958971e-08
40,110,12.0,4.11676e-07
40,110,13.0,2.3335899e-08
40,110,14.0,1.258075e-07
40,111,0.0,1.1490844e-09
40,111,1.0,7.717418e-11
40,111,2.0,5.473691e-07
40,111,3.0,2.0658281e-07
40,111,4.0,1.5484531e-07
40,111,5.0,2.7042293e-07
40,111,6.0,6.23173e-08
40,111,7.0,1.5845907e-07
40,111,8.0,9.098501e-09
40,111,9.0,4.4778685e-07
40,111,10.0,1.5175422e-07
40,111,11.0,4.1992344e-08
40,111,12.0,3.2271803e-09
40,111,13.0,1.6067278e-07
40,111,14.0,2.4402564e-08
40,112,0.0,0.0
40,112,1.0,5.1283866e-10
40,112,2.0,0.0
40,112,3.0,0.0
40,112,4.0,1.0892392e-11
40,112,5.0,0.0
40,112,6.0,1.988682e-10
40,112,7.0,2.12483e-07
40,112,8.0,0.0
40,112,9.0,0.0
40,112,10.0,0.0
40,112,11.0,0.0
40,112,12.0,5.369324e-13
40,112,13.0,7.33877e-15
40,112,14.0,5.646253e-09
41,90,0.0,0.0
41,90,1.0,0.0
41,90,2.0,3.0208322e-11
41,90,3.0,9.145498e-07
41,90,4.0,3.7492532e-07
41,90,5.0,1.09712275e-07
41,90,6.0,4.4415374e-11
41,90,7.0,0.0
41,90,8.0,0.0
41,90,9.0,0.0
41,90,10.0,0.0
41,90,11.0,0.0
41,90,12.0,9.321189e-15
41,90,13.0,4.039992e-08
41,90,14.0,5.0653153e-09
41,91,0.0,4.3839817e-11
41,91,1.0,0.0
41,91,2.0,2.129272e-08
41,91,3.0,1.293508e-06
41,91,4.0,1.0333247e-06
41,91,5.0,3.6377392e-07
41,91,6.0,6.5872325e-07
41,91,7.0,3.0185959e-06
41,91,8.0,6.5561954e-07
41,91,9.0,1.7551612e-08
41,91,10.0,4.437642e-11
41,91,11.0,5.5881646e-09
41,91,12.0,2.0021723e-08
41,91,13.0,1.04726794e-07
41,91,14.0,3.5455445e-09
41,92,0.0,0.0
41,92,1.0,0.0
41,92,2.0,0.0
41,92,3.0,1.0190281e-07
41,92,4.0,4.1649213e-07
41,92,5.0,1.0553548e-06
41,92,6.0,4.06347e-07
41,92,7.0,8.989899e-07
41,92,8.0,2.6302748e-08
41,92,9.0,9.369929e-08
41,92,10.0,1.5806275e-07
41,92,11.0,7.1217286e-08
41,92,12.0,1.5777472e-07
41,92,13.0,2.0596445e-08
41,92,14.0,1.6572909e-07
41,93,0.0,0.0
41,93,1.0,0.0
41,93,2.0,0.0
41,93,3.0,2.4971902e-07
41,93,4.0,4.608849e-13
41,93,5.0,6.866274e-09
41,93,6.0,4.735e-07
41,93,7.0,2.172932e-08
41,93,8.0,1.0387658e-08
41,93,9.0,4.9114234e-13
41,93,10.0,2.4104853e-08
41,93,11.0,6.2454113e-09
41,93,12.0,4.6284576e-08
41,93,13.0,2.5130882e-07
41,93,14.0,1.2070514e-06
41,94,0.0,4.6855743e-07
41,94,1.0,1.5598701e-08
41,94,2.0,2.4571534e-06
41,94,3.0,4.193296e-06
41,94,4.0,9.0525045e-06
41,94,5.0,4.4315466e-06
41,94,6.0,3.3150804e-06
41,94,7.0,3.9995703e-06
41,94,8.0,4.903496e-06
41,94,9.0,1.16413885e-05
41,94,10.0,1.0595306e-05
41,94,11.0,3.9769784e-06
41,94,12.0,4.536975e-06
41,94,13.0,6.4686456e-06
41,94,14.0,2.0521671e-05
41,95,0.0,5.1634065e-06
41,95,1.0,5.3407466e-06
41,95,2.0,9.8467135e-06
41,95,3.0,2.7554855e-05
41,95,4.0,3.2350225e-05
41,95,5.0,6.2378436e-05
41,95,6.0,2.9317243e-05
41,95,7.0,2.952036e-05
41,95,8.0,7.486494e-05
41,95,9.0,8.4070336e-05
41,95,10.0,9.988451e-05
41,95,11.0,8.248416e-05
41,95,12.0,0.00011278293
41,95,13.0,0.0002056917
41,95,14.0,0.00017264854
41,96,0.0,0.00022099707
41,96,1.0,0.00029332624
41,96,2.0,0.000534913
41,96,3.0,0.00088154094
41,96,4.0,0.00095664157
41,96,5.0,0.0007910638
41,96,6.0,0.0010345726
41,96,7.0,0.00061721605
41,96,8.0,0.0010874463
41,96,9.0,0.0013528258
41,96,10.0,0.0018108994
41,96,11.0,0.0019840752
41,96,12.0,0.001726978
41,96,13.0,0.0019020899
41,96,14.0,0.0024531675
41,97,0.0,0.004454641
41,97,1.0,0.004272026
41,97,2.0,0.0042768167
41,97,3.0,0.0060935104
41,97,4.0,0.007122753
41,97,5.0,0.0065873675
41,97,6.0,0.0069032577
41,97,7.0,0.0048695724
41,97,8.0,0.00662867
41,97,9.0,0.008842626
41,97,10.0,0.011876829
41,97,11.0,0.012572958
41,97,12.0,0.01356997
41,97,13.0,0.013754948
41,97,14.0,0.026340194
41,98,0.0,0.013353018
41,98,1.0,0.01634817
41,98,2.0,0.023634309
41,98,3.0,0.02016011
41,98,4.0,0.028490957
41,98,5.0,0.021533316
41,98,6.0,0.02791938
41,98,7.0,0.027425973
41,98,8.0,0.03509531
41,98,9.0,0.034816347
41,98,10.0,0.032886084
41,98,11.0,0.036600247
41,98,12.0,0.045989834
41,98,13.0,0.054170135
41,98,14.0,0.05272386
41,99,0.0,0.06702386
41,99,1.0,0.07248521
41,99,2.0,0.0876852
41,99,3.0,0.096604
41,99,4.0,0.1059533
41,99,5.0,0.11482931
41,99,6.0,0.100594975
41,99,7.0,0.09388985
41,99,8.0,0.093567275
41,99,9.0,0.11125594
41,99,10.0,0.118641414
41,99,11.0,0.12444716
41,99,12.0,0.13475408
41,99,13.0,0.15364172
41,99,14.0,0.14131038
41,100,0.0,0.12767059
41,100,1.0,0.13842379
41,100,2.0,0.19343472
41,100,3.0,0.21549714
41,100,4.0,0.22701195
41,100,5.0,0.21070677
41,100,6.0,0.22653855
41,100,7.0,0.21729414
41,100,8.0,0.21457998
41,100,9.0,0.22623034
41,100,10.0,0.22420096
41,100,11.0,0.20050055
41,100,12.0,0.21411972
41,100,13.0,0.21884868
41,100,14.0,0.23652469
41,101,0.0,0.3226168
41,101,1.0,0.3942549
41,101,2.0,0.45189556
41,101,3.0,0.43401104
41,101,4.0,0.38575777
41,101,5.0,0.40220156
41,101,6.0,0.3776996
41,101,7.0,0.38302246
41,101,8.0,0.33846012
41,101,9.0,0.3448503
41,101,10.0,0.36079863
41,101,11.0,0.35350573
41,101,12.0,0.33486032
41,101,13.0,0.36350474
41,101,14.0,0.32316783
41,102,0.0,0.2832258
41,102,1.0,0.37624013
41,102,2.0,0.41734266
41,102,3.0,0.44401327
41,102,4.0,0.41812065
41,102,5.0,0.39163297
41,102,6.0,0.38167435
41,102,7.0,0.3850882
41,102,8.0,0.34937844
41,102,9.0,0.34829873
41,102,10.0,0.3547082
41,102,11.0,0.34119537
41,102,12.0,0.30960068
41,102,13.0,0.3232073
41,102,14.0,0.29327348
41,103,0.0,0.22556318
41,103,1.0,0.3332307
41,103,2.0,0.380158
41,103,3.0,0.3658098
41,103,4.0,0.3582261
41,103,5.0,0.35047153
41,103,6.0,0.3017827
41,103,7.0,0.2777294
41,103,8.0,0.24678062
41,103,9.0,0.20926806
41,103,10.0,0.21452181
41,103,11.0,0.2295003
41,103,12.0,0.20897426
41,103,13.0,0.25989577
41,103,14.0,0.21688195
41,104,0.0,0.0865997
41,104,1.0,0.13815174
41,104,2.0,0.12978928
41,104,3.0,0.13553298
41,104,4.0,0.1458554
41,104,5.0,0.13942808
41,104,6.0,0.14026003
41,104,7.0,0.15433142
41,104,8.0,0.11598164
41,104,9.0,0.10483331
41,104,10.0,0.11624271
41,104,11.0,0.120602235
41,104,12.0,0.15582564
41,104,13.0,0.14069752
41,104,14.0,0.13593957
41,105,0.0,0.02730466
41,105,1.0,0.050796777
41,105,2.0,0.056392267
41,105,3.0,0.058597952
41,105,4.0,0.061657608
41,105,5.0,0.065740325
41,105,6.0,0.061660543
41,105,7.0,0.065432474
41,105,8.0,0.048467916
41,105,9.0,0.04725467
41,105,10.0,0.054285392
41,105,11.0,0.05905375
41,105,12.0,0.06920294
41,105,13.0,0.071341045
41,105,14.0,0.06616787
41,106,0.0,0.0054950416
41,106,1.0,0.009961506
41,106,2.0,0.011322001
41,106,3.0,0.017511139
41,106,4.0,0.019020189
41,106,5.0,0.019096684
41,106,6.0,0.022755727
41,106,7.0,0.022496851
41,106,8.0,0.015216145
41,106,9.0,0.016549828
41,106,10.0,0.018498804
41,106,11.0,0.021562634
41,106,12.0,0.021856217
41,106,13.0,0.022683091
41,106,14.0,0.02431581
41,107,0.0,0.000888086
41,107,1.0,0.0023297255
41,107,2.0,0.0031487113
41,107,3.0,0.0043529775
41,107,4.0,0.004103006
41,107,5.0,0.0046425657
41,107,6.0,0.006636308
41,107,7.0,0.0057404097
41,107,8.0,0.0029383395
41,107,9.0,0.0028444354
41,107,10.0,0.0035908935
41,107,11.0,0.0058289426
41,107,12.0,0.0059908163
41,107,13.0,0.0069820327
41,107,14.0,0.0069995355
41,108,0.0,0.00010418277
41,108,1.0,0.00028786386
41,108,2.0,0.00040920888
41,108,3.0,0.00063975324
41,108,4.0,0.0008744955
41,108,5.0,0.00072007766
41,108,6.0,0.0008612528
41,108,7.0,0.00076319784
41,108,8.0,0.0011125569
41,108,9.0,0.0007703513
41,108,10.0,0.0014944556
41,108,11.0,0.0018518959
41,108,12.0,0.0011311742
41,108,13.0,0.0023272044
41,108,14.0,0.0022718238
41,109,0.0,8.143187e-05
41,109,1.0,0.000292779
41,109,2.0,0.0002361787
41,109,3.0,0.00025704148
41,109,4.0,0.00022805964
41,109,5.0,0.00022770432
41,109,6.0,0.0002709897
41,109,7.0,0.00040545134
41,109,8.0,0.00021708645
41,109,9.0,0.0002803164
41,109,10.0,0.0003282296
41,109,11.0,0.00038752126
41,109,12.0,0.00026661454
41,109,13.0,0.00018483504
41,109,14.0,0.00022445325
41,110,0.0,5.1382085e-07
41,110,1.0,0.0001019478
41,110,2.0,1.1328385e-05
41,110,3.0,1.2729923e-05
41,110,4.0,5.949223e-05
41,110,5.0,0.00016196106
41,110,6.0,8.764429e-05
41,110,7.0,8.024332e-05
41,110,8.0,6.976075e-05
41,110,9.0,7.650815e-05
41,110,10.0,9.649673e-05
41,110,11.0,9.0916335e-05
41,110,12.0,8.698143e-05
41,110,13.0,6.3789346e-05
41,110,14.0,0.000109813904
41,111,0.0,3.4125878e-07
41,111,1.0,1.2767484e-07
41,111,2.0,1.13934355e-10
41,111,3.0,1.4222482e-07
41,111,4.0,6.814483e-07
41,111,5.0,3.6745294e-06
41,111,6.0,3.4455304e-06
41,111,7.0,1.4755344e-06
41,111,8.0,5.8894994e-07
41,111,9.0,2.3175161e-08
41,111,10.0,2.64761e-06
41,111,11.0,1.6302274e-06
41,111,12.0,1.0548582e-05
41,111,13.0,2.3162506e-06
41,111,14.0,6.5231593e-06
41,112,0.0,3.7278713e-08
41,112,1.0,2.223592e-08
41,112,2.0,0.0
41,112,3.0,4.078173e-08
41,112,4.0,0.0
41,112,5.0,0.0
41,112,6.0,8.220386e-08
41,112,7.0,4.0117694e-08
41,112,8.0,2.3409673e-07
41,112,9.0,0.0
41,112,10.0,0.0
41,112,11.0,6.1313465e-08
41,112,12.0,1.2374498e-08
41,112,13.0,9.281914e-15
41,112,14.0,2.093007e-10
41,113,0.0,9.043723e-10
41,113,1.0,0.0
41,113,2.0,1.0197011e-09
41,113,3.0,2.013194e-06
41,113,4.0,7.912185e-08
41,113,5.0,0.0
41,113,6.0,1.0293939e-09
41,113,7.0,5.9448073e-09
41,113,8.0,0.0
41,113,9.0,3.407247e-10
41,113,10.0,0.0
41,113,11.0,0.0
41,113,12.0,0.0
41,113,13.0,0.0
41,113,14.0,5.400542e-08
41,114,0.0,0.0
41,114,1.0,1.6585512e-08
41,114,2.0,0.0
41,114,3.0,6.017145e-08
41,114,4.0,2.3044792e-07
41,114,5.0,5.990032e-08
41,114,6.0,7.8311153e-13
41,114,7.0,0.0
41,114,8.0,3.0075367e-07
41,114,9.0,1.972093e-06
41,114,10.0,3.0477102e-07
41,114,11.0,1.8021247e-08
41,114,12.0,0.0
41,114,13.0,1.7691462e-09
41,114,14.0,0.0
41,115,0.0,6.7457845e-11
41,115,1.0,6.7225567e-09
41,115,2.0,9.515266e-09
41,115,3.0,3.0595093e-08
41,115,4.0,0.0
41,115,5.0,1.6415694e-10
41,115,6.0,1.988793e-09
41,115,7.0,1.0279455e-06
41,115,8.0,3.5374035e-07
41,115,9.0,2.2317067e-06
41,115,10.0,6.1685165e-07
41,115,11.0,4.1124412e-07
41,115,12.0,2.58077e-07
41,115,13.0,1.8962658e-09
41,115,14.0,9.4187364e-08
42,92,0.0,3.1287937e-09
42,92,1.0,5.056303e-09
42,92,2.0,3.281889e-08
42,92,3.0,0.0
42,92,4.0,0.0
42,92,5.0,0.0
42,92,6.0,2.8213496e-09
42,92,7.0,0.0
42,92,8.0,0.0
42,92,9.0,1.6415685e-09
42,92,10.0,0.0
42,92,11.0,0.0
42,92,12.0,0.0
42,92,13.0,0.0
42,92,14.0,1.0807728e-07
42,93,0.0,1.2835011e-11
42,93,1.0,2.7842006e-09
42,93,2.0,3.662026e-11
42,93,3.0,1.5472594e-09
42,93,4.0,4.2703547e-08
42,93,5.0,4.0463142e-08
42,93,6.0,2.4979471e-08
42,93,7.0,3.624021e-07
42,93,8.0,1.0851519e-12
42,93,9.0,0.0
42,93,10.0,1.25353426e-11
42,93,11.0,3.001409e-08
42,93,12.0,1.6225039e-07
42,93,13.0,8.637432e-08
42,93,14.0,1.5243362e-11
42,94,0.0,2.0920887e-10
42,94,1.0,0.0
42,94,2.0,0.0
42,94,3.0,0.0
42,94,4.0,0.0
42,94,5.0,0.0
42,94,6.0,0.0
42,94,7.0,0.0
42,94,8.0,0.0
42,94,9.0,0.0
42,94,10.0,0.0
42,94,11.0,0.0
42,94,12.0,0.0
42,94,13.0,0.0
42,94,14.0,5.5312137e-09
42,95,0.0,0.0
42,95,1.0,6.353279e-10
42,95,2.0,2.4037397e-09
42,95,3.0,0.0
42,95,4.0,0.0
42,95,5.0,7.467892e-10
42,95,6.0,2.0082387e-08
42,95,7.0,4.2296353e-08
42,95,8.0,4.993056e-09
42,95,9.0,0.0
42,95,10.0,0.0
42,95,11.0,2.8702115e-17
42,95,12.0,1.1942586e-11
42,95,13.0,5.8002647e-10
42,95,14.0,4.817646e-08
42,96,0.0,1.00071375e-07
42,96,1.0,5.5060525e-07
42,96,2.0,7.726346e-08
42,96,3.0,0.0
42,96,4.0,1.0378292e-10
42,96,5.0,4.188614e-08
42,96,6.0,4.920834e-07
42,96,7.0,1.7117378e-06
42,96,8.0,2.0119646e-06
42,96,9.0,9.876951e-07
42,96,10.0,4.0179906e-08
42,96,11.0,4.9407625e-08
42,96,12.0,3.4570027e-07
42,96,13.0,2.0594605e-06
42,96,14.0,1.8771212e-05
42,97,0.0,1.1931729e-05
42,97,1.0,1.216941e-05
42,97,2.0,2.3172488e-06
42,97,3.0,1.3002037e-05
42,97,4.0,4.403055e-06
42,97,5.0,4.7968246e-08
42,97,6.0,5.854275e-07
42,97,7.0,3.6043755e-07
42,97,8.0,1.1627395e-06
42,97,9.0,1.6944457e-05
42,97,10.0,1.3509306e-07
42,97,11.0,4.2003106e-07
42,97,12.0,6.1954335e-05
42,97,13.0,9.674709e-05
42,97,14.0,6.547021e-05
42,98,0.0,0.00021043829
42,98,1.0,0.0003189243
42,98,2.0,0.0005110459
42,98,3.0,0.0002295276
42,98,4.0,0.0004330827
42,98,5.0,0.00055105455
42,98,6.0,0.0007716481
42,98,7.0,0.00047144757
42,98,8.0,0.00036282494
42,98,9.0,0.00063910155
42,98,10.0,0.0005728773
42,98,11.0,0.00037787508
42,98,12.0,0.00022790747
42,98,13.0,0.0005540742
42,98,14.0,0.00070576003
42,99,0.0,0.0014705213
42,99,1.0,0.0032737134
42,99,2.0,0.003487318
42,99,3.0,0.0030552777
42,99,4.0,0.0027701326
42,99,5.0,0.0021540946
42,99,6.0,0.0019026578
42,99,7.0,0.0017812868
42,99,8.0,0.0022719505
42,99,9.0,0.002827772
42,99,10.0,0.002375998
42,99,11.0,0.002655571
42,99,12.0,0.002224789
42,99,13.0,0.002291562
42,99,14.0,0.003260231
42,100,0.0,0.011635278
42,100,1.0,0.010476321
42,100,2.0,0.011026859
42,100,3.0,0.010255315
42,100,4.0,0.010042462
42,100,5.0,0.011043955
42,100,6.0,0.011457566
42,100,7.0,0.011834851
42,100,8.0,0.012422844
42,100,9.0,0.013213946
42,100,10.0,0.012405868
42,100,11.0,0.0136570325
42,100,12.0,0.015402795
42,100,13.0,0.01660081
42,100,14.0,0.013809866
42,101,0.0,0.0390842
42,101,1.0,0.045402013
42,101,2.0,0.04883749
42,101,3.0,0.04704236
42,101,4.0,0.046922926
42,101,5.0,0.039059266
42,101,6.0,0.045114987
42,101,7.0,0.03871359
42,101,8.0,0.039941568
42,101,9.0,0.046041425
42,101,10.0,0.052096043
42,101,11.0,0.0542762
42,101,12.0,0.04887157
42,101,13.0,0.043669157
42,101,14.0,0.039618134
42,102,0.0,0.08813582
42,102,1.0,0.08958476
42,102,2.0,0.09200306
42,102,3.0,0.08464417
42,102,4.0,0.08345873
42,102,5.0,0.09835681
42,102,6.0,0.10460785
42,102,7.0,0.08749802
42,102,8.0,0.09095329
42,102,9.0,0.08585986
42,102,10.0,0.08960421
42,102,11.0,0.09899644
42,102,12.0,0.08027263
42,102,13.0,0.08106977
42,102,14.0,0.08624502
42,103,0.0,0.15530346
42,103,1.0,0.16647567
42,103,2.0,0.18356405
42,103,3.0,0.17255175
42,103,4.0,0.18143664
42,103,5.0,0.16886242
42,103,6.0,0.16294652
42,103,7.0,0.16387285
42,103,8.0,0.16004638
42,103,9.0,0.15620941
42,103,10.0,0.14302088
42,103,11.0,0.14925715
42,103,12.0,0.13301395
42,103,13.0,0.1329023
42,103,14.0,0.1220246
42,104,0.0,0.17546809
42,104,1.0,0.18608521
42,104,2.0,0.17095193
42,104,3.0,0.16733451
42,104,4.0,0.19899179
42,104,5.0,0.17259924
42,104,6.0,0.18217488
42,104,7.0,0.17567645
42,104,8.0,0.15697436
42,104,9.0,0.20586297
42,104,10.0,0.16813882
42,104,11.0,0.15368502
42,104,12.0,0.1543569
42,104,13.0,0.16642994
42,104,14.0,0.16424099
42,105,0.0,0.10280865
42,105,1.0,0.13136283
42,105,2.0,0.13826804
42,105,3.0,0.1580593
42,105,4.0,0.1498487
42,105,5.0,0.1461591
42,105,6.0,0.13696574
42,105,7.0,0.11385513
42,105,8.0,0.121540025
42,105,9.0,0.12577546
42,105,10.0,0.12999134
42,105,11.0,0.13519926
42,105,12.0,0.12989923
42,105,13.0,0.13083869
42,105,14.0,0.12425295
42,106,0.0,0.050722647
42,106,1.0,0.07972289
42,106,2.0,0.08158317
42,106,3.0,0.09889671
42,106,4.0,0.079822086
42,106,5.0,0.086216725
42,106,6.0,0.09158232
42,106,7.0,0.08760808
42,106,8.0,0.08469829
42,106,9.0,0.08481352
42,106,10.0,0.09249501
42,106,11.0,0.098235935
42,106,12.0,0.09825468
42,106,13.0,0.10134797
42,106,14.0,0.11335323
42,107,0.0,0.017571148
42,107,1.0,0.02502608
42,107,2.0,0.0316364
42,107,3.0,0.03527336
42,107,4.0,0.039072692
42,107,5.0,0.043777384
42,107,6.0,0.04719883
42,107,7.0,0.0416303
42,107,8.0,0.038560323
42,107,9.0,0.030497748
42,107,10.0,0.044569895
42,107,11.0,0.0436705
42,107,12.0,0.044945598
42,107,13.0,0.042011004
42,107,14.0,0.04153687
42,108,0.0,0.0063516023
42,108,1.0,0.0065884315
42,108,2.0,0.010559292
42,108,3.0,0.010771588
42,108,4.0,0.015839543
42,108,5.0,0.0146780275
42,108,6.0,0.019090977
42,108,7.0,0.019445445
42,108,8.0,0.020175006
42,108,9.0,0.022305546
42,108,10.0,0.028287873
42,108,11.0,0.022281695
42,108,12.0,0.023516003
42,108,13.0,0.024794476
42,108,14.0,0.02488357
42,109,0.0,0.0017869966
42,109,1.0,0.0028899703
42,109,2.0,0.003721107
42,109,3.0,0.0041742437
42,109,4.0,0.0047090426
42,109,5.0,0.0051132804
42,109,6.0,0.004636598
42,109,7.0,0.005244254
42,109,8.0,0.005641382
42,109,9.0,0.008711861
42,109,10.0,0.008612801
42,109,11.0,0.008496283
42,109,12.0,0.008448402
42,109,13.0,0.010283678
42,109,14.0,0.012187658
42,110,0.0,0.00020804498
42,110,1.0,0.00059402606
42,110,2.0,0.00053440017
42,110,3.0,0.0006642192
42,110,4.0,0.00081504736
42,110,5.0,0.0011436404
42,110,6.0,0.0009371219
42,110,7.0,0.0012688969
42,110,8.0,0.00075301155
42,110,9.0,0.0015328736
42,110,10.0,0.0018648043
42,110,11.0,0.00287423
42,110,12.0,0.0036665828
42,110,13.0,0.00225675
42,110,14.0,0.0023717498
42,111,0.0,3.6469544e-05
42,111,1.0,8.4216175e-05
42,111,2.0,7.3658084e-05
42,111,3.0,8.3636776e-05
42,111,4.0,0.00015681102
42,111,5.0,0.0002186458
42,111,6.0,0.00024182664
42,111,7.0,0.00021322827
42,111,8.0,0.00019027699
42,111,9.0,0.00021267957
42,111,10.0,0.000292604
42,111,11.0,0.00030537826
42,111,12.0,0.0006068438
42,111,13.0,0.000572485
42,111,14.0,0.00042339507
42,112,0.0,3.5687733e-10
42,112,1.0,1.6416468e-08
42,112,2.0,7.639686e-06
42,112,3.0,4.175897e-06
42,112,4.0,1.1480954e-05
42,112,5.0,6.421231e-06
42,112,6.0,2.7088645e-05
42,112,7.0,1.722562e-05
42,112,8.0,1.5613754e-05
42,112,9.0,8.159983e-06
42,112,10.0,1.45710155e-05
42,112,11.0,1.2838381e-05
42,112,12.0,2.5617499e-05
42,112,13.0,8.72837e-05
42,112,14.0,0.00012353287
42,113,0.0,0.0
42,113,1.0,0.0
42,113,2.0,0.0
42,113,3.0,5.730975e-10
42,113,4.0,1.6219763e-10
42,113,5.0,1.1683194e-07
42,113,6.0,6.477667e-08
42,113,7.0,6.4556716e-08
42,113,8.0,0.0
42,113,9.0,0.0
42,113,10.0,2.8734522e-14
42,113,11.0,2.2005852e-07
42,113,12.0,1.2431601e-05
42,113,13.0,3.850949e-06
42,113,14.0,1.7126024e-05
42,114,0.0,4.7393063e-09
42,114,1.0,8.125344e-09
42,114,2.0,9.1504694e-07
42,114,3.0,1.6706576e-07
42,114,4.0,3.4269848e-07
42,114,5.0,9.712016e-09
42,114,6.0,1.1986257e-06
42,114,7.0,7.6579937e-07
42,114,8.0,1.3547707e-06
42,114,9.0,2.794714e-07
42,114,10.0,1.8203268e-08
42,114,11.0,2.994402e-08
42,114,12.0,3.5436827e-09
42,114,13.0,1.0264205e-08
42,114,14.0,2.4439357e-08
42,115,0.0,1.8824231e-10
42,115,1.0,3.6396722e-10
42,115,2.0,7.183836e-09
42,115,3.0,1.2200435e-07
42,115,4.0,6.995408e-08
42,115,5.0,7.4214825e-08
42,115,6.0,9.527456e-08
42,115,7.0,6.041841e-13
42,115,8.0,4.413199e-09
42,115,9.0,2.460256e-09
42,115,10.0,3.899527e-08
42,115,11.0,1.3471545e-07
42,115,12.0,2.0759042e-08
42,115,13.0,1.2744602e-08
42,115,14.0,4.8248455e-07
42,116,0.0,4.9419877e-09
42,116,1.0,1.1910118e-08
42,116,2.0,5.247603e-10
42,116,3.0,2.4457771e-08
42,116,4.0,4.064711e-08
42,116,5.0,3.3412084e-09
42,116,6.0,7.6297916e-08
42,116,7.0,6.633718e-10
42,116,8.0,1.3175411e-09
42,116,9.0,7.477335e-09
42,116,10.0,7.273132e-10
42,116,11.0,1.207803e-08
42,116,12.0,4.1407244e-08
42,116,13.0,2.566028e-09
42,116,14.0,2.8544342e-08
42,117,0.0,2.7268943e-09
42,117,1.0,3.6450338e-08
42,117,2.0,3.193471e-07
42,117,3.0,3.1886694e-07
42,117,4.0,7.499241e-08
42,117,5.0,4.1127322e-08
42,117,6.0,3.737299e-09
42,117,7.0,5.429062e-08
42,117,8.0,2.0638494e-08
42,117,9.0,2.1631346e-08
42,117,10.0,7.0206e-09
42,117,11.0,6.918395e-09
42,117,12.0,6.845156e-10
42,117,13.0,9.999225e-12
42,117,14.0,3.7323438e-09
43,95,0.0,5.4411657e-09
43,95,1.0,5.4249463e-09
43,95,2.0,1.65594e-07
43,95,3.0,9.211106e-07
43,95,4.0,3.5197076e-13
43,95,5.0,2.5702892e-07
43,95,6.0,3.3205435e-08
43,95,7.0,2.0622265e-07
43,95,8.0,7.11728e-09
43,95,9.0,2.3851031e-08
43,95,10.0,1.1698841e-08
43,95,11.0,1.1014475e-09
43,95,12.0,5.6228213e-08
43,95,13.0,1.9121946e-07
43,95,14.0,7.969467e-09
43,96,0.0,3.5782774e-10
43,96,1.0,0.0
43,96,2.0,8.5152e-08
43,96,3.0,8.5966626e-08
43,96,4.0,7.673733e-09
43,96,5.0,5.56554e-08
43,96,6.0,3.9905416e-07
43,96,7.0,1.3172466e-07
43,96,8.0,8.501675e-07
43,96,9.0,4.6354353e-07
43,96,10.0,5.730234e-07
43,96,11.0,8.9150626e-07
43,96,12.0,2.5357997e-06
43,96,13.0,1.3874605e-06
43,96,14.0,1.2596207e-07
43,97,0.0,0.0
43,97,1.0,0.0
43,97,2.0,0.0
43,97,3.0,0.0
43,97,4.0,3.5015484e-09
43,97,5.0,0.0
43,97,6.0,0.0
43,97,7.0,1.0391235e-07
43,97,8.0,0.0
43,97,9.0,1.0536881e-07
43,97,10.0,2.8652863e-07
43,97,11.0,0.0
43,97,12.0,1.4404171e-08
43,97,13.0,3.9058624e-11
43,97,14.0,9.257001e-13
43,98,0.0,0.0
43,98,1.0,0.0
43,98,2.0,0.0
43,98,3.0,5.788907e-08
43,98,4.0,2.2974157e-07
43,98,5.0,1.2559022e-08
43,98,6.0,1.0908922e-08
43,98,7.0,6.403399e-08
43,98,8.0,0.0
43,98,9.0,2.723612e-09
43,98,10.0,4.985782e-07
43,98,11.0,1.6309943e-06
43,98,12.0,1.6969857e-07
43,98,13.0,1.2295183e-07
43,98,14.0,1.562688e-06
43,99,0.0,1.3691706e-09
43,99,1.0,4.8504436e-09
43,99,2.0,7.288386e-11
43,99,3.0,0.0
43,99,4.0,0.0
43,99,5.0,0.0
43,99,6.0,1.6035355e-09
43,99,7.0,3.9232128e-11
43,99,8.0,0.0
43,99,9.0,9.68777e-18
43,99,10.0,4.154079e-09
43,99,11.0,5.177051e-07
43,99,12.0,5.6574045e-06
43,99,13.0,8.968926e-06
43,99,14.0,7.6413235e-06
43,100,0.0,9.628651e-06
43,100,1.0,3.5123863e-05
43,100,2.0,2.0755962e-05
43,100,3.0,5.3535754e-05
43,100,4.0,0.00014846877
43,100,5.0,3.5133875e-05
43,100,6.0,1.7681123e-05
43,100,7.0,1.5809816e-05
43,100,8.0,5.0164554e-06
43,100,9.0,1.8709687e-05
43,100,10.0,3.9346218e-05
43,100,11.0,0.00012528214
43,100,12.0,7.2023606e-05
43,100,13.0,0.00014803329
43,100,14.0,0.0002542896
43,101,0.0,0.00019243702
43,101,1.0,0.0005438812
43,101,2.0,0.0007224153
43,101,3.0,0.0005778659
43,101,4.0,0.00051177136
43,101,5.0,0.00053328834
43,101,6.0,0.0008936645
43,101,7.0,0.00073007116
43,101,8.0,0.0011491713
43,101,9.0,0.0015540019
43,101,10.0,0.0015064465
43,101,11.0,0.0021723392
43,101,12.0,0.0024086765
43,101,13.0,0.0023598708
43,101,14.0,0.0016142285
43,102,0.0,0.0017525826
43,102,1.0,0.0015349933
43,102,2.0,0.0016905182
43,102,3.0,0.0033643008
43,102,4.0,0.0030554621
43,102,5.0,0.0033753216
43,102,6.0,0.0048243455
43,102,7.0,0.0041778493
43,102,8.0,0.0037424276
43,102,9.0,0.004637691
43,102,10.0,0.0038281998
43,102,11.0,0.0042994358
43,102,12.0,0.005825314
43,102,13.0,0.0056119105
43,102,14.0,0.0070835613
43,103,0.0,0.009254723
43,103,1.0,0.007862864
43,103,2.0,0.010452385
43,103,3.0,0.014281614
43,103,4.0,0.013642223
43,103,5.0,0.0138501255
43,103,6.0,0.013438734
43,103,7.0,0.011758811
43,103,8.0,0.011238602
43,103,9.0,0.00960876
43,103,10.0,0.012875974
43,103,11.0,0.014818941
43,103,12.0,0.016071387
43,103,13.0,0.014405322
43,103,14.0,0.013455865
43,104,0.0,0.010923649
43,104,1.0,0.012807484
43,104,2.0,0.020781403
43,104,3.0,0.0244001
43,104,4.0,0.023255195
43,104,5.0,0.025668574
43,104,6.0,0.02537454
43,104,7.0,0.027307447
43,104,8.0,0.022300215
43,104,9.0,0.022808366
43,104,10.0,0.026481843
43,104,11.0,0.032353505
43,104,12.0,0.028771505
43,104,13.0,0.038602363
43,104,14.0,0.042575967
43,105,0.0,0.012349178
43,105,1.0,0.021757444
43,105,2.0,0.027615735
43,105,3.0,0.034679227
43,105,4.0,0.02864181
43,105,5.0,0.04424282
43,105,6.0,0.04508491
43,105,7.0,0.0375348
43,105,8.0,0.032068305
43,105,9.0,0.03337027
43,105,10.0,0.03623731
43,105,11.0,0.04075381
43,105,12.0,0.04027297
43,105,13.0,0.042436246
43,105,14.0,0.05635139
43,106,0.0,0.007536423
43,106,1.0,0.016101439
43,106,2.0,0.022781761
43,106,3.0,0.036808476
43,106,4.0,0.03690219
43,106,5.0,0.05107594
43,106,6.0,0.041367058
43,106,7.0,0.053644035
43,106,8.0,0.046136573
43,106,9.0,0.03747308
43,106,10.0,0.048005268
43,106,11.0,0.057090707
43,106,12.0,0.07345664
43,106,13.0,0.06813808
43,106,14.0,0.063154116
43,107,0.0,0.004353525
43,107,1.0,0.013113498
43,107,2.0,0.022578036
43,107,3.0,0.023147747
43,107,4.0,0.029659072
43,107,5.0,0.03797417
43,107,6.0,0.055317916
43,107,7.0,0.060180478
43,107,8.0,0.05150961
43,107,9.0,0.054953236
43,107,10.0,0.07866204
43,107,11.0,0.06537302
43,107,12.0,0.09099618
43,107,13.0,0.09116271
43,107,14.0,0.09510545
43,108,0.0,0.0031935647
43,108,1.0,0.003806329
43,108,2.0,0.012338671
43,108,3.0,0.015378401
43,108,4.0,0.02277633
43,108,5.0,0.03272496
43,108,6.0,0.040611874
43,108,7.0,0.03858854
43,108,8.0,0.03816902
43,108,9.0,0.034581233
43,108,10.0,0.044814643
43,108,11.0,0.07877021
43,108,12.0,0.07626927
43,108,13.0,0.09286357
43,108,14.0,0.07536786
43,109,0.0,0.0014378136
43,109,1.0,0.0041438034
43,109,2.0,0.006667949
43,109,3.0,0.0113055585
43,109,4.0,0.018374475
43,109,5.0,0.019552635
43,109,6.0,0.028833523
43,109,7.0,0.036740553
43,109,8.0,0.031028131
43,109,9.0,0.031241613
43,109,10.0,0.04513464
43,109,11.0,0.058591083
43,109,12.0,0.09313595
43,109,13.0,0.10530534
43,109,14.0,0.089332126
43,110,0.0,0.00025774207
43,110,1.0,0.0016442302
43,110,2.0,0.0030708597
43,110,3.0,0.0035204317
43,110,4.0,0.010575078
43,110,5.0,0.011369256
43,110,6.0,0.0142534
43,110,7.0,0.01699484
43,110,8.0,0.015186712
43,110,9.0,0.01640415
43,110,10.0,0.024362992
43,110,11.0,0.032254077
43,110,12.0,0.037170745
43,110,13.0,0.051011853
43,110,14.0,0.037227936
43,111,0.0,0.00023708961
43,111,1.0,0.0008669228
43,111,2.0,0.0014029215
43,111,3.0,0.0024616276
43,111,4.0,0.0052758898
43,111,5.0,0.0051504318
43,111,6.0,0.008109781
43,111,7.0,0.009198353
43,111,8.0,0.010133535
43,111,9.0,0.010890537
43,111,10.0,0.013600519
43,111,11.0,0.020827167
43,111,12.0,0.025671756
43,111,13.0,0.030099953
43,111,14.0,0.023691904
43,112,0.0,8.495834e-05
43,112,1.0,0.00039074445
43,112,2.0,0.00057802146
43,112,3.0,0.00090620713
43,112,4.0,0.0006631456
43,112,5.0,0.0017924595
43,112,6.0,0.0029444403
43,112,7.0,0.003666018
43,112,8.0,0.0029263895
43,112,9.0,0.0027564268
43,112,10.0,0.0038596683
43,112,11.0,0.0036011683
43,112,12.0,0.0060394285
43,112,13.0,0.0071001053
43,112,14.0,0.010744757
43,113,0.0,7.0156625e-06
43,113,1.0,0.000109408444
43,113,2.0,0.00023707811
43,113,3.0,0.00024882331
43,113,4.0,0.0003317593
43,113,5.0,0.00039443694
43,113,6.0,0.00059290766
43,113,7.0,0.00081655383
43,113,8.0,0.0006544446
43,113,9.0,0.0009616252
43,113,10.0,0.0012161735
43,113,11.0,0.0015818271
43,113,12.0,0.001592266
43,113,13.0,0.00235539
43,113,14.0,0.002371962
43,114,0.0,2.979192e-07
43,114,1.0,4.163868e-06
43,114,2.0,2.0497131e-05
43,114,3.0,2.0298454e-05
43,114,4.0,1.22269375e-05
43,114,5.0,3.2781667e-05
43,114,6.0,6.986937e-05
43,114,7.0,7.3474475e-05
43,114,8.0,0.000106998545
43,114,9.0,9.89275e-05
43,114,10.0,0.00012781563
43,114,11.0,0.0003138326
43,114,12.0,0.00023406709
43,114,13.0,0.00047065798
43,114,14.0,0.000365642
43,115,0.0,6.145247e-08
43,115,1.0,3.2352312e-07
43,115,2.0,9.689695e-06
43,115,3.0,3.2999224e-06
43,115,4.0,2.029849e-06
43,115,5.0,6.238106e-07
43,115,6.0,2.9530631e-06
43,115,7.0,2.3232185e-05
43,115,8.0,1.0333154e-05
43,115,9.0,6.1543724e-06
43,115,10.0,3.0134257e-05
43,115,11.0,5.256865e-05
43,115,12.0,9.0170775e-05
43,115,13.0,6.5291955e-05
43,115,14.0,6.962404e-05
43,116,0.0,8.166434e-09
43,116,1.0,0.0
43,116,2.0,0.0
43,116,3.0,0.0
43,116,4.0,0.0
43,116,5.0,0.0
43,116,6.0,0.0
43,116,7.0,0.0
43,116,8.0,0.0
43,116,9.0,0.0
43,116,10.0,0.0
43,116,11.0,0.0
43,116,12.0,8.984784e-08
43,116,13.0,2.0826292e-06
43,116,14.0,3.6107278e-07
43,117,0.0,2.6866778e-09
43,117,1.0,2.513142e-07
43,117,2.0,1.2172549e-06
43,117,3.0,4.866817e-11
43,117,4.0,0.0
43,117,5.0,0.0
43,117,6.0,3.4511412e-09
43,117,7.0,2.5599585e-08
43,117,8.0,4.4240227e-08
43,117,9.0,0.0
43,117,10.0,2.8662401e-09
43,117,11.0,2.2721763e-07
43,117,12.0,3.6307462e-08
43,117,13.0,4.5267985e-08
43,117,14.0,9.284933e-09
43,118,0.0,3.483049e-06
43,118,1.0,3.140636e-08
43,118,2.0,0.0
43,118,3.0,6.686215e-15
43,118,4.0,0.0
43,118,5.0,5.689674e-07
43,118,6.0,1.4162294e-08
43,118,7.0,3.8588006e-08
43,118,8.0,3.2124529e-12
43,118,9.0,1.9012192e-07
43,118,10.0,1.3883405e-07
43,118,11.0,4.78941e-08
43,118,12.0,7.0786695e-07
43,118,13.0,1.5979846e-13
43,118,14.0,0.0
43,119,0.0,0.0
43,119,1.0,1.7653264e-08
43,119,2.0,4.996325e-07
43,119,3.0,0.0
43,119,4.0,3.6092532e-11
43,119,5.0,1.6586817e-07
43,119,6.0,5.0222217e-09
43,119,7.0,5.73689e-07
43,119,8.0,7.887031e-07
43,119,9.0,1.2838406e-07
43,119,10.0,1.3145369e-07
43,119,11.0,1.3891191e-06
43,119,12.0,9.7266216e-08
43,119,13.0,1.1550948e-07
43,119,14.0,2.682553e-07
43,120,0.0,6.6149686e-09
43,120,1.0,5.897334e-07
43,120,2.0,6.441569e-11
43,120,3.0,0.0
43,120,4.0,2.434869e-09
43,120,5.0,0.0
43,120,6.0,6.3033155e-12
43,120,7.0,4.8456954e-08
43,120,8.0,9.250085e-07
43,120,9.0,2.1293195e-10
43,120,10.0,0.0
43,120,11.0,2.533775e-09
43,120,12.0,2.8156013e-08
43,120,13.0,5.724674e-07
43,120,14.0,2.304256e-06
44,98,0.0,0.0
44,98,1.0,0.0
44,98,2.0,6.2130844e-08
44,98,3.0,5.739505e-08
44,98,4.0,1.5201668e-10
44,98,5.0,4.4458665e-07
44,98,6.0,1.221693e-08
44,98,7.0,3.1830802e-10
44,98,8.0,1.15119596e-14
44,98,9.0,0.0
44,98,10.0,0.0
44,98,11.0,0.0
44,98,12.0,3.330084e-08
44,98,13.0,0.0
44,98,14.0,2.7452823e-10
44,99,0.0,6.2100824e-08
44,99,1.0,4.74982e-08
44,99,2.0,1.2781177e-07
44,99,3.0,1.3595629e-06
44,99,4.0,5.3857764e-07
44,99,5.0,6.568784e-07
44,99,6.0,1.293782e-07
44,99,7.0,3.007775e-08
44,99,8.0,5.133663e-08
44,99,9.0,1.9029255e-08
44,99,10.0,1.3568905e-08
44,99,11.0,1.2402074e-08
44,99,12.0,1.7446597e-08
44,99,13.0,1.314547e-08
44,99,14.0,6.679105e-08
44,100,0.0,1.1646824e-06
44,100,1.0,6.916522e-08
44,100,2.0,0.0
44,100,3.0,6.7769565e-07
44,100,4.0,6.5564427e-07
44,100,5.0,2.4098563e-07
44,100,6.0,1.4970651e-06
44,100,7.0,2.0730194e-08
44,100,8.0,7.2689534e-09
44,100,9.0,3.883376e-08
44,100,10.0,7.0502706e-09
44,100,11.0,4.036257e-08
44,100,12.0,1.4582938e-07
44,100,13.0,9.529251e-07
44,100,14.0,4.1654098e-07
44,101,0.0,1.8482294e-07
44,101,1.0,2.2120291e-07
44,101,2.0,0.0
44,101,3.0,0.0
44,101,4.0,0.0
44,101,5.0,2.0405687e-12
44,101,6.0,0.0
44,101,7.0,5.5543405e-09
44,101,8.0,1.9138739e-07
44,101,9.0,8.468412e-08
44,101,10.0,8.485733e-07
44,101,11.0,4.193373e-06
44,101,12.0,3.2139694e-06
44,101,13.0,7.776887e-06
44,101,14.0,1.1255516e-05
44,102,0.0,3.090249e-06
44,102,1.0,2.366115e-06
44,102,2.0,3.101565e-07
44,102,3.0,1.321435e-06
44,102,4.0,1.0506094e-05
44,102,5.0,1.0819329e-05
44,102,6.0,2.1485568e-05
44,102,7.0,9.875316e-06
44,102,8.0,4.142619e-06
44,102,9.0,1.2073791e-05
44,102,10.0,1.3520163e-05
44,102,11.0,8.81758e-06
44,102,12.0,8.689344e-06
44,102,13.0,1.6493135e-06
44,102,14.0,3.721329e-06
44,103,0.0,5.810136e-05
44,103,1.0,0.00013217622
44,103,2.0,0.00018371435
44,103,3.0,0.00012973597
44,103,4.0,0.00015857333
44,103,5.0,0.00018664263
44,103,6.0,0.000107994456
44,103,7.0,0.00011043396
44,103,8.0,6.392419e-05
44,103,9.0,0.00013896938
44,103,10.0,0.00015445665
44,103,11.0,0.00010224377
44,103,12.0,0.000102266924
44,103,13.0,9.5596464e-05
44,103,14.0,0.00014100144
44,104,0.0,0.00015130544
44,104,1.0,0.00010628442
44,104,2.0,0.0001307884
44,104,3.0,0.00012160799
44,104,4.0,0.00023141157
44,104,5.0,0.00015629397
44,104,6.0,0.00013418836
44,104,7.0,0.00025855112
44,104,8.0,0.00027515303
44,104,9.0,0.00022669198
44,104,10.0,0.0008037154
44,104,11.0,0.0005255172
44,104,12.0,0.0003479699
44,104,13.0,0.00041458203
44,104,14.0,0.0003521751
44,105,0.0,0.00028319363
44,105,1.0,0.0015269616
44,105,2.0,0.0013641565
44,105,3.0,0.0016212269
44,105,4.0,0.0015607447
44,105,5.0,0.0017625422
44,105,6.0,0.0015650195
44,105,7.0,0.001534136
44,105,8.0,0.0010259529
44,105,9.0,0.001619824
44,105,10.0,0.0019108835
44,105,11.0,0.002252393
44,105,12.0,0.003547209
44,105,13.0,0.0032552944
44,105,14.0,0.0021639864
44,106,0.0,0.0006404294
44,106,1.0,0.001093129
44,106,2.0,0.0014849445
44,106,3.0,0.002286836
44,106,4.0,0.0033449284
44,106,5.0,0.003046093
44,106,6.0,0.0025136464
44,106,7.0,0.0033141628
44,106,8.0,0.002062313
44,106,9.0,0.0028145185
44,106,10.0,0.0042146556
44,106,11.0,0.006432892
44,106,12.0,0.0079173185
44,106,13.0,0.006485486
44,106,14.0,0.0071483385
44,107,0.0,0.001665746
44,107,1.0,0.0028161656
44,107,2.0,0.0035984293
44,107,3.0,0.0049040895
44,107,4.0,0.00885935
44,107,5.0,0.0078489855
44,107,6.0,0.00942771
44,107,7.0,0.00720126
44,107,8.0,0.0073192297
44,107,9.0,0.007796801
44,107,10.0,0.013857293
44,107,11.0,0.014599372
44,107,12.0,0.018520525
44,107,13.0,0.01661996
44,107,14.0,0.01631564
44,108,0.0,0.0025184017
44,108,1.0,0.0027374232
44,108,2.0,0.0030599257
44,108,3.0,0.005827431
44,108,4.0,0.0073557175
44,108,5.0,0.012356691
44,108,6.0,0.014716688
44,108,7.0,0.015284982
44,108,8.0,0.01550586
44,108,9.0,0.020236634
44,108,10.0,0.020544063
44,108,11.0,0.025198976
44,108,12.0,0.030730909
44,108,13.0,0.03088349
44,108,14.0,0.030194126
44,109,0.0,0.0011296317
44,109,1.0,0.0030447927
44,109,2.0,0.008053287
44,109,3.0,0.010843777
44,109,4.0,0.012083981
44,109,5.0,0.015297796
44,109,6.0,0.018026056
44,109,7.0,0.028776594
44,109,8.0,0.02384101
44,109,9.0,0.022447657
44,109,10.0,0.0288253
44,109,11.0,0.032150112
44,109,12.0,0.05001509
44,109,13.0,0.05742842
44,109,14.0,0.05869699
44,110,0.0,0.0012484973
44,110,1.0,0.005182082
44,110,2.0,0.011165215
44,110,3.0,0.012854899
44,110,4.0,0.018612731
44,110,5.0,0.03083955
44,110,6.0,0.03497177
44,110,7.0,0.035347313
44,110,8.0,0.03185235
44,110,9.0,0.039294194
44,110,10.0,0.045056608
44,110,11.0,0.063852206
44,110,12.0,0.07505749
44,110,13.0,0.07014936
44,110,14.0,0.074841484
44,111,0.0,0.002585515
44,111,1.0,0.004469377
44,111,2.0,0.009979211
44,111,3.0,0.023696814
44,111,4.0,0.022588834
44,111,5.0,0.029616512
44,111,6.0,0.030014785
44,111,7.0,0.030808495
44,111,8.0,0.03846237
44,111,9.0,0.047612514
44,111,10.0,0.05635295
44,111,11.0,0.08134273
44,111,12.0,0.072844855
44,111,13.0,0.07362327
44,111,14.0,0.079695456
44,112,0.0,0.0008767555
44,112,1.0,0.004152129
44,112,2.0,0.004831634
44,112,3.0,0.009718855
44,112,4.0,0.0085552735
44,112,5.0,0.012720784
44,112,6.0,0.018745245
44,112,7.0,0.0191984
44,112,8.0,0.017098611
44,112,9.0,0.025503604
44,112,10.0,0.035817113
44,112,11.0,0.041709274
44,112,12.0,0.03853704
44,112,13.0,0.0402734
44,112,14.0,0.042168945
44,113,0.0,0.0011028682
44,113,1.0,0.0027028774
44,113,2.0,0.0022754397
44,113,3.0,0.00515693
44,113,4.0,0.0092841815
44,113,5.0,0.012918175
44,113,6.0,0.013953262
44,113,7.0,0.013285169
44,113,8.0,0.013338976
44,113,9.0,0.014023487
44,113,10.0,0.015309544
44,113,11.0,0.022342628
44,113,12.0,0.030381078
44,113,13.0,0.03037603
44,113,14.0,0.028624892
44,114,0.0,0.0001604094
44,114,1.0,0.0006994357
44,114,2.0,0.0014914921
44,114,3.0,0.0019449107
44,114,4.0,0.0028863538
44,114,5.0,0.0043334328
44,114,6.0,0.0048403717
44,114,7.0,0.0043182173
44,114,8.0,0.0034805264
44,114,9.0,0.0036094075
44,114,10.0,0.0049586683
44,114,11.0,0.0066349558
44,114,12.0,0.011026088
44,114,13.0,0.010526839
44,114,14.0,0.009837935
44,115,0.0,0.00017437097
44,115,1.0,0.00016952054
44,115,2.0,0.00029988558
44,115,3.0,0.00040184913
44,115,4.0,0.00094266736
44,115,5.0,0.0012016668
44,115,6.0,0.0011502214
44,115,7.0,0.0012368768
44,115,8.0,0.0008831582
44,115,9.0,0.0015617427
44,115,10.0,0.002132987
44,115,11.0,0.0033967618
44,115,12.0,0.004107325
44,115,13.0,0.0036709623
44,115,14.0,0.0041099405
44,116,0.0,4.7099383e-07
44,116,1.0,7.975215e-05
44,116,2.0,6.730557e-05
44,116,3.0,0.00013905668
44,116,4.0,0.00015209484
44,116,5.0,0.00015581487
44,116,6.0,0.000111298126
44,116,7.0,0.00015479063
44,116,8.0,0.00011836884
44,116,9.0,0.000165139
44,116,10.0,0.00023446823
44,116,11.0,0.00047440466
44,116,12.0,0.00041494114
44,116,13.0,0.0005621191
44,116,14.0,0.0006190351
44,117,0.0,0.0
44,117,1.0,1.9412997e-08
44,117,2.0,3.502227e-07
44,117,3.0,2.4840563e-06
44,117,4.0,7.768622e-06
44,117,5.0,8.833669e-06
44,117,6.0,3.4802003e-06
44,117,7.0,1.2369446e-06
44,117,8.0,3.2243338e-06
44,117,9.0,7.990725e-06
44,117,10.0,1.5432797e-05
44,117,11.0,1.6960978e-05
44,117,12.0,3.64851e-05
44,117,13.0,3.3113763e-05
44,117,14.0,3.3398832e-05
44,118,0.0,0.0
44,118,1.0,5.00256e-12
44,118,2.0,0.0
44,118,3.0,0.0
44,118,4.0,0.0
44,118,5.0,0.0
44,118,6.0,0.0
44,118,7.0,0.0
44,118,8.0,0.0
44,118,9.0,2.072299e-09
44,118,10.0,3.82628e-08
44,118,11.0,1.0904802e-09
44,118,12.0,4.7155094e-08
44,118,13.0,1.9246854e-06
44,118,14.0,2.001262e-06
44,119,0.0,1.2113665e-07
44,119,1.0,4.549062e-09
44,119,2.0,8.243434e-11
44,119,3.0,1.2306772e-07
44,119,4.0,5.911684e-08
44,119,5.0,4.896704e-08
44,119,6.0,4.728557e-09
44,119,7.0,1.7443359e-09
44,119,8.0,8.117797e-08
44,119,9.0,5.489947e-08
44,119,10.0,1.3837678e-07
44,119,11.0,1.1067841e-07
44,119,12.0,3.6986125e-07
44,119,13.0,1.5921216e-07
44,119,14.0,2.4945143e-08
44,120,0.0,1.4727394e-09
44,120,1.0,6.567443e-09
44,120,2.0,7.756656e-09
44,120,3.0,1.6115484e-08
44,120,4.0,2.2611876e-10
44,120,5.0,0.0
44,120,6.0,5.5940226e-09
44,120,7.0,1.712813e-08
44,120,8.0,0.0
44,120,9.0,8.1166546e-11
44,120,10.0,0.0
44,120,11.0,7.511711e-09
44,120,12.0,1.8097491e-09
44,120,13.0,5.1018624e-08
44,120,14.0,1.7255923e-08
44,121,0.0,3.6521143e-08
44,121,1.0,7.390016e-11
44,121,2.0,7.0511876e-09
44,121,3.0,1.889864e-08
44,121,4.0,2.5603928e-08
44,121,5.0,3.188976e-08
44,121,6.0,1.15828795e-08
44,121,7.0,2.2761812e-09
44,121,8.0,4.863903e-08
44,121,9.0,9.780638e-08
44,121,10.0,1.0621564e-07
44,121,11.0,2.287063e-07
44,121,12.0,1.8085036e-07
44,121,13.0,1.7593276e-08
44,121,14.0,3.624411e-09
44,122,0.0,1.6213065e-08
44,122,1.0,1.698934e-08
44,122,2.0,1.1644627e-08
44,122,3.0,2.461763e-08
44,122,4.0,1.57822e-08
44,122,5.0,4.731175e-10
44,122,6.0,1.4409344e-12
44,122,7.0,3.6802705e-10
44,122,8.0,0.0
44,122,9.0,9.86967e-11
44,122,10.0,4.1130885e-09
44,122,11.0,1.0137156e-08
44,122,12.0,8.873086e-08
44,122,13.0,1.6409408e-07
44,122,14.0,5.326012e-09
44,123,0.0,2.8324467e-07
44,123,1.0,4.5863576e-08
44,123,2.0,0.0
44,123,3.0,7.20189e-08
44,123,4.0,1.5288474e-07
44,123,5.0,7.7192766e-08
44,123,6.0,3.746937e-08
44,123,7.0,3.199689e-07
44,123,8.0,3.8332524e-07
44,123,9.0,1.5522158e-07
44,123,10.0,4.390554e-08
44,123,11.0,1.3278123e-08
44,123,12.0,4.241743e-08
44,123,13.0,1.5708496e-10
44,123,14.0,2.9975564e-09
44,124,0.0,4.252323e-08
44,124,1.0,2.1438425e-10
44,124,2.0,0.0
44,124,3.0,0.0
44,124,4.0,5.280617e-10
44,124,5.0,3.580496e-08
44,124,6.0,4.9651028e-08
44,124,7.0,2.3522368e-08
44,124,8.0,3.9239648e-08
44,124,9.0,1.8291608e-08
44,124,10.0,4.447707e-08
44,124,11.0,6.8121786e-08
44,124,12.0,4.3816667e-07
44,124,13.0,8.591098e-08
44,124,14.0,2.7245601e-08
45,100,0.0,3.0987806e-09
45,100,1.0,0.0
45,100,2.0,6.865617e-12
45,100,3.0,1.5841033e-08
45,100,4.0,0.0
45,100,5.0,1.6235e-08
45,100,6.0,1.8445964e-13
45,100,7.0,6.222579e-09
45,100,8.0,6.80439e-08
45,100,9.0,2.660546e-07
45,100,10.0,1.7535287e-06
45,100,11.0,1.862318e-06
45,100,12.0,7.8904077e-07
45,100,13.0,1.5001022e-07
45,100,14.0,7.084954e-08
45,101,0.0,0.0
45,101,1.0,5.36221e-11
45,101,2.0,0.0
45,101,3.0,2.4433552e-10
45,101,4.0,7.2110846e-15
45,101,5.0,0.0
45,101,6.0,0.0
45,101,7.0,0.0
45,101,8.0,9.412137e-08
45,101,9.0,5.7870835e-08
45,101,10.0,1.3203898e-07
45,101,11.0,2.4547889e-08
45,101,12.0,1.1794706e-11
45,101,13.0,9.456714e-09
45,101,14.0,0.0
45,102,0.0,6.168717e-10
45,102,1.0,0.0
45,102,2.0,4.964667e-08
45,102,3.0,3.6140314e-08
45,102,4.0,8.3042613e-07
45,102,5.0,6.7740285e-07
45,102,6.0,1.1344874e-06
45,102,7.0,1.9925989e-10
45,102,8.0,5.611547e-09
45,102,9.0,0.0
45,102,10.0,0.0
45,102,11.0,9.6171995e-09
45,102,12.0,1.834317e-09
45,102,13.0,4.3875015e-09
45,102,14.0,3.2142545e-06
45,103,0.0,4.3470745e-08
45,103,1.0,0.0
45,103,2.0,1.867022e-06
45,103,3.0,4.9874643e-08
45,103,4.0,3.3414486e-07
45,103,5.0,2.6854865e-08
45,103,6.0,0.0
45,103,7.0,1.9161874e-07
45,103,8.0,0.0
45,103,9.0,0.0
45,103,10.0,0.0
45,103,11.0,1.3546473e-07
45,103,12.0,7.565955e-07
45,103,13.0,0.0
45,103,14.0,1.9736368e-10
45,104,0.0,0.0
45,104,1.0,0.0
45,104,2.0,0.0
45,104,3.0,0.0
45,104,4.0,0.0
45,104,5.0,0.0
45,104,6.0,0.0
45,104,7.0,0.0
45,104,8.0,0.0
45,104,9.0,2.6758395e-09
45,104,10.0,6.78615e-09
45,104,11.0,4.040725e-07
45,104,12.0,9.1008424e-08
45,104,13.0,0.0
45,104,14.0,7.7591025e-08
45,105,0.0,0.0
45,105,1.0,0.0
45,105,2.0,4.187521e-11
45,105,3.0,1.3156911e-09
45,105,4.0,2.034353e-06
45,105,5.0,1.7926903e-06
45,105,6.0,6.7071796e-06
45,105,7.0,4.6713817e-06
45,105,8.0,1.379962e-09
45,105,9.0,1.4227372e-07
45,105,10.0,1.1755354e-06
45,105,11.0,2.7909618e-06
45,105,12.0,5.2857604e-06
45,105,13.0,2.7412974e-05
45,105,14.0,1.6585004e-06
45,106,0.0,7.2569484e-09
45,106,1.0,1.5660522e-06
45,106,2.0,4.4502517e-06
45,106,3.0,4.3119147e-05
45,106,4.0,4.0751193e-06
45,106,5.0,8.13959e-06
45,106,6.0,8.599964e-06
45,106,7.0,6.249947e-05
45,106,8.0,2.7533079e-05
45,106,9.0,3.8023552e-06
45,106,10.0,3.4154841e-06
45,106,11.0,3.352221e-05
45,106,12.0,4.3498356e-05
45,106,13.0,4.069696e-05
45,106,14.0,3.9110953e-05
45,107,0.0,1.577233e-06
45,107,1.0,7.211232e-07
45,107,2.0,5.339421e-05
45,107,3.0,8.084949e-06
45,107,4.0,6.197598e-05
45,107,5.0,3.2576037e-05
45,107,6.0,9.491199e-05
45,107,7.0,0.00023273335
45,107,8.0,0.000114091665
45,107,9.0,0.0001525139
45,107,10.0,0.00022710586
45,107,11.0,0.0004051248
45,107,12.0,0.0006123143
45,107,13.0,0.0003690812
45,107,14.0,0.00026002675
45,108,0.0,7.081438e-06
45,108,1.0,4.2978532e-05
45,108,2.0,0.00014437397
45,108,3.0,0.00026221492
45,108,4.0,0.0004806414
45,108,5.0,0.0005602827
45,108,6.0,0.00063490914
45,108,7.0,0.000456955
45,108,8.0,0.00032877483
45,108,9.0,0.0004544848
45,108,10.0,0.0015424339
45,108,11.0,0.0015690181
45,108,12.0,0.0011097104
45,108,13.0,0.0020593682
45,108,14.0,0.0015204594
45,109,0.0,4.541625e-05
45,109,1.0,2.1071388e-05
45,109,2.0,5.6558718e-05
45,109,3.0,0.0002381553
45,109,4.0,0.0009711254
45,109,5.0,0.001612045
45,109,6.0,0.0021500948
45,109,7.0,0.0027940609
45,109,8.0,0.0015066196
45,109,9.0,0.0018843146
45,109,10.0,0.0033617222
45,109,11.0,0.005571611
45,109,12.0,0.008163122
45,109,13.0,0.009873669
45,109,14.0,0.0066535235
45,110,0.0,3.9676084e-05
45,110,1.0,0.00020637795
45,110,2.0,0.0006549018
45,110,3.0,0.00305602
45,110,4.0,0.002099129
45,110,5.0,0.005473799
45,110,6.0,0.008365472
45,110,7.0,0.008017521
45,110,8.0,0.004384514
45,110,9.0,0.0056620496
45,110,10.0,0.012006911
45,110,11.0,0.019174501
45,110,12.0,0.025391353
45,110,13.0,0.023196194
45,110,14.0,0.026300887
45,111,0.0,0.00034898845
45,111,1.0,0.0010503919
45,111,2.0,0.0026718546
45,111,3.0,0.005637999
45,111,4.0,0.009142149
45,111,5.0,0.014921132
45,111,6.0,0.02259224
45,111,7.0,0.02230737
45,111,8.0,0.02128701
45,111,9.0,0.022780748
45,111,10.0,0.042639386
45,111,11.0,0.055536915
45,111,12.0,0.0648025
45,111,13.0,0.08341761
45,111,14.0,0.056108076
45,112,0.0,0.0006475179
45,112,1.0,0.002186516
45,112,2.0,0.005195421
45,112,3.0,0.0113099525
45,112,4.0,0.011601542
45,112,5.0,0.02382769
45,112,6.0,0.028858997
45,112,7.0,0.027580164
45,112,8.0,0.025680412
45,112,9.0,0.032436315
45,112,10.0,0.060476504
45,112,11.0,0.06927315
45,112,12.0,0.07980759
45,112,13.0,0.07380713
45,112,14.0,0.082671694
45,113,0.0,0.0009646336
45,113,1.0,0.0031926848
45,113,2.0,0.0076688994
45,113,3.0,0.009766399
45,113,4.0,0.017910708
45,113,5.0,0.02494802
45,113,6.0,0.031004528
45,113,7.0,0.040334497
45,113,8.0,0.035810478
45,113,9.0,0.038735192
45,113,10.0,0.057684205
45,113,11.0,0.073238656
45,113,12.0,0.08781101
45,113,13.0,0.09558154
45,113,14.0,0.103673086
45,114,0.0,0.0012823285
45,114,1.0,0.0023226608
45,114,2.0,0.0063459044
45,114,3.0,0.010874728
45,114,4.0,0.013389379
45,114,5.0,0.018948866
45,114,6.0,0.030984467
45,114,7.0,0.027754493
45,114,8.0,0.03433168
45,114,9.0,0.03519774
45,114,10.0,0.052767787
45,114,11.0,0.07856049
45,114,12.0,0.07968608
45,114,13.0,0.08754966
45,114,14.0,0.08340151
45,115,0.0,0.00057163986
45,115,1.0,0.0031264173
45,115,2.0,0.0062850676
45,115,3.0,0.008105748
45,115,4.0,0.012283153
45,115,5.0,0.019397337
45,115,6.0,0.024856798
45,115,7.0,0.0225323
45,115,8.0,0.023614116
45,115,9.0,0.024425913
45,115,10.0,0.033041563
45,115,11.0,0.047773875
45,115,12.0,0.057856202
45,115,13.0,0.0640424
45,115,14.0,0.057844024
45,116,0.0,0.00030268077
45,116,1.0,0.0014256986
45,116,2.0,0.0021169782
45,116,3.0,0.0043600607
45,116,4.0,0.005753914
45,116,5.0,0.009450653
45,116,6.0,0.011369949
45,116,7.0,0.012601822
45,116,8.0,0.013836611
45,116,9.0,0.010416887
45,116,10.0,0.022573516
45,116,11.0,0.024534373
45,116,12.0,0.030193547
45,116,13.0,0.03566556
45,116,14.0,0.029864332
45,117,0.0,0.0001513461
45,117,1.0,0.000762233
45,117,2.0,0.002122653
45,117,3.0,0.0039923247
45,117,4.0,0.0059257303
45,117,5.0,0.007227736
45,117,6.0,0.007409201
45,117,7.0,0.009897621
45,117,8.0,0.0068628746
45,117,9.0,0.0073489617
45,117,10.0,0.00956882
45,117,11.0,0.012159744
45,117,12.0,0.013917623
45,117,13.0,0.016357373
45,117,14.0,0.015136555
45,118,0.0,1.54182e-05
45,118,1.0,0.00014248514
45,118,2.0,0.0004794833
45,118,3.0,0.0009360867
45,118,4.0,0.0018186143
45,118,5.0,0.003110309
45,118,6.0,0.0036759828
45,118,7.0,0.0036565766
45,118,8.0,0.0036356922
45,118,9.0,0.0028666956
45,118,10.0,0.0059760134
45,118,11.0,0.004984789
45,118,12.0,0.00635308
45,118,13.0,0.006291523
45,118,14.0,0.0062472317
45,119,0.0,3.151616e-06
45,119,1.0,5.0059203e-05
45,119,2.0,6.485385e-05
45,119,3.0,0.00019625438
45,119,4.0,0.00034946582
45,119,5.0,0.0003861698
45,119,6.0,0.0008480899
45,119,7.0,0.00092804944
45,119,8.0,0.0009869603
45,119,9.0,0.000659196
45,119,10.0,0.0012388409
45,119,11.0,0.0023289581
45,119,12.0,0.0021959972
45,119,13.0,0.0022539974
45,119,14.0,0.0020729187
45,120,0.0,9.0461235e-08
45,120,1.0,2.724992e-05
45,120,2.0,2.3434673e-05
45,120,3.0,3.5453722e-05
45,120,4.0,7.4360214e-05
45,120,5.0,0.00012657068
45,120,6.0,0.00025840072
45,120,7.0,0.00043895817
45,120,8.0,0.00024298852
45,120,9.0,0.0002322657
45,120,10.0,0.00018362586
45,120,11.0,0.00025130075
45,120,12.0,0.00022021215
45,120,13.0,0.0002769392
45,120,14.0,0.0003934521
45,121,0.0,0.0
45,121,1.0,2.9654173e-06
45,121,2.0,6.105893e-06
45,121,3.0,2.823324e-06
45,121,4.0,4.3172815e-07
45,121,5.0,4.110139e-06
45,121,6.0,1.8835564e-05
45,121,7.0,3.032086e-06
45,121,8.0,4.5943516e-06
45,121,9.0,1.508706e-06
45,121,10.0,4.3995897e-06
45,121,11.0,1.4199354e-05
45,121,12.0,3.9188777e-05
45,121,13.0,2.8415634e-05
45,121,14.0,1.9930174e-05
45,122,0.0,0.0
45,122,1.0,4.88839e-08
45,122,2.0,4.501793e-06
45,122,3.0,7.1299846e-06
45,122,4.0,4.0399243e-08
45,122,5.0,0.0
45,122,6.0,0.0
45,122,7.0,5.500154e-06
45,122,8.0,1.762295e-07
45,122,9.0,1.0287616e-06
45,122,10.0,2.1572083e-08
45,122,11.0,1.1184048e-08
45,122,12.0,3.2085903e-09
45,122,13.0,1.6059838e-09
45,122,14.0,5.316698e-08
45,123,0.0,0.0
45,123,1.0,9.77046e-09
45,123,2.0,4.3417826e-06
45,123,3.0,0.0
45,123,4.0,0.0
45,123,5.0,2.6890363e-09
45,123,6.0,3.3198692e-08
45,123,7.0,1.7556249e-09
45,123,8.0,0.0
45,123,9.0,0.0
45,123,10.0,2.2957931e-10
45,123,11.0,1.7898629e-12
45,123,12.0,3.4876778e-13
45,123,13.0,2.1741917e-11
45,123,14.0,6.279735e-17
45,124,0.0,4.4007596e-08
45,124,1.0,7.814281e-08
45,124,2.0,0.0
45,124,3.0,1.1666855e-07
45,124,4.0,3.809902e-12
45,124,5.0,1.2017028e-08
45,124,6.0,1.6560476e-07
45,124,7.0,7.7875164e-08
45,124,8.0,4.872465e-07
45,124,9.0,6.570613e-08
45,124,10.0,5.2518585e-09
45,124,11.0,2.9692181e-08
45,124,12.0,4.871958e-09
45,124,13.0,1.4623753e-12
45,124,14.0,1.9929985e-07
45,125,0.0,9.993864e-08
45,125,1.0,2.511951e-07
45,125,2.0,1.2788252e-06
45,125,3.0,2.0766818e-06
45,125,4.0,0.0
45,125,5.0,7.238067e-08
45,125,6.0,4.9992605e-07
45,125,7.0,4.6230347e-10
45,125,8.0,4.941642e-07
45,125,9.0,5.84815e-09
45,125,10.0,8.7610204e-11
45,125,11.0,2.8996658e-10
45,125,12.0,1.661515e-08
45,125,13.0,1.661005e-07
45,125,14.0,2.2108557e-08
45,126,0.0,0.0
45,126,1.0,1.859946e-07
45,126,2.0,3.8126885e-07
45,126,3.0,0.0
45,126,4.0,0.0
45,126,5.0,1.0273373e-09
45,126,6.0,1.8531464e-08
45,126,7.0,9.999084e-07
45,126,8.0,3.0400038e-08
45,126,9.0,2.017568e-07
45,126,10.0,6.946743e-09
45,126,11.0,0.0
45,126,12.0,2.4890502e-07
45,126,13.0,4.351368e-09
45,126,14.0,1.2428003e-06
45,127,0.0,0.0
45,127,1.0,6.597486e-10
45,127,2.0,1.0433054e-06
45,127,3.0,3.3044256e-07
45,127,4.0,2.8916811e-09
45,127,5.0,3.9835268e-08
45,127,6.0,2.5876742e-10
45,127,7.0,2.3284624e-08
45,127,8.0,1.0388067e-09
45,127,9.0,3.800892e-09
45,127,10.0,7.9138464e-14
45,127,11.0,0.0
45,127,12.0,0.0
45,127,13.0,0.0
45,127,14.0,6.4064045e-15
45,128,0.0,0.0
45,128,1.0,0.0
45,128,2.0,1.7809995e-07
45,128,3.0,1.581014e-06
45,128,4.0,4.1594966e-10
45,128,5.0,3.6249121e-09
45,128,6.0,0.0
45,128,7.0,0.0
45,128,8.0,5.635891e-12
45,128,9.0,3.6605177e-09
45,128,10.0,1.0979645e-09
45,128,11.0,1.8732487e-09
45,128,12.0,2.4972757e-09
45,128,13.0,6.267635e-08
45,128,14.0,1.7964231e-09
46,102,0.0,6.062476e-08
46,102,1.0,1.908107e-08
46,102,2.0,0.0
46,102,3.0,0.0
46,102,4.0,6.0473815e-07
46,102,5.0,0.0
46,102,6.0,1.6748661e-12
46,102,7.0,0.0
46,102,8.0,1.3786192e-10
46,102,9.0,2.2512944e-15
46,102,10.0,5.6338396e-09
46,102,11.0,1.2158509e-09
46,102,12.0,0.0
46,102,13.0,2.7555242e-07
46,102,14.0,4.853146e-10
46,103,0.0,6.0976096e-10
46,103,1.0,6.4888317e-09
46,103,2.0,8.07955e-07
46,103,3.0,4.6172577e-08
46,103,4.0,1.6956405e-11
46,103,5.0,2.9684937e-09
46,103,6.0,3.827715e-08
46,103,7.0,3.1685792e-09
46,103,8.0,2.7439766e-08
46,103,9.0,0.0
46,103,10.0,2.3984241e-09
46,103,11.0,3.5919285e-08
46,103,12.0,3.0573999e-09
46,103,13.0,5.557812e-16
46,103,14.0,1.2193951e-08
46,104,0.0,9.79671e-11
46,104,1.0,9.951451e-10
46,104,2.0,0.0
46,104,3.0,4.882115e-13
46,104,4.0,0.0
46,104,5.0,5.9310966e-11
46,104,6.0,5.4309796e-10
46,104,7.0,4.8349422e-09
46,104,8.0,1.7610137e-07
46,104,9.0,1.5574756e-08
46,104,10.0,5.0452027e-08
46,104,11.0,5.9729345e-08
46,104,12.0,6.2907105e-08
46,104,13.0,4.6982525e-08
46,104,14.0,1.3138046e-07
46,105,0.0,1.6469956e-08
46,105,1.0,9.508112e-10
46,105,2.0,1.887905e-08
46,105,3.0,1.7768931e-08
46,105,4.0,2.9887886e-08
46,105,5.0,1.3800121e-08
46,105,6.0,1.1725847e-10
46,105,7.0,0.0
46,105,8.0,1.8163073e-09
46,105,9.0,4.0336094e-08
46,105,10.0,2.8924246e-08
46,105,11.0,6.007684e-09
46,105,12.0,3.4958042e-08
46,105,13.0,8.5071214e-08
46,105,14.0,2.927763e-09
46,106,0.0,1.1030052e-08
46,106,1.0,1.0261773e-08
46,106,2.0,2.2433229e-09
46,106,3.0,2.6817239e-07
46,106,4.0,2.3268029e-07
46,106,5.0,6.640853e-08
46,106,6.0,4.1707682e-07
46,106,7.0,4.5181725e-09
46,106,8.0,7.768289e-09
46,106,9.0,3.8589974e-08
46,106,10.0,1.0485639e-08
46,106,11.0,9.615231e-09
46,106,12.0,7.916065e-12
46,106,13.0,1.0142696e-09
46,106,14.0,3.4050572e-08
46,107,0.0,0.0
46,107,1.0,0.0
46,107,2.0,8.412592e-09
46,107,3.0,0.0
46,107,4.0,0.0
46,107,5.0,1.3166028e-09
46,107,6.0,5.876262e-09
46,107,7.0,0.0
46,107,8.0,2.5979372e-09
46,107,9.0,9.971035e-08
46,107,10.0,2.615215e-07
46,107,11.0,2.4787275e-06
46,107,12.0,2.1814221e-06
46,107,13.0,2.2181982e-06
46,107,14.0,2.103226e-06
46,108,0.0,0.0
46,108,1.0,0.0
46,108,2.0,0.0
46,108,3.0,0.0
46,108,4.0,0.0
46,108,5.0,1.026808e-07
46,108,6.0,2.0388504e-07
46,108,7.0,2.624865e-07
46,108,8.0,2.826885e-06
46,108,9.0,4.101321e-06
46,108,10.0,1.47750925e-05
46,108,11.0,1.6748994e-05
46,108,12.0,2.5579423e-06
46,108,13.0,6.317061e-06
46,108,14.0,1.1793408e-05
46,109,0.0,0.0
46,109,1.0,6.2963363e-07
46,109,2.0,1.1665644e-06
46,109,3.0,6.0514517e-06
46,109,4.0,9.478926e-06
46,109,5.0,5.691409e-06
46,109,6.0,4.327259e-06
46,109,7.0,9.77415e-06
46,109,8.0,9.1645853e-07
46,109,9.0,1.04596775e-05
46,109,10.0,0.00012601561
46,109,11.0,0.0001399152
46,109,12.0,9.277454e-05
46,109,13.0,0.00019240576
46,109,14.0,0.00013158149
46,110,0.0,4.3502824e-09
46,110,1.0,3.038073e-07
46,110,2.0,2.3145523e-05
46,110,3.0,6.864395e-05
46,110,4.0,3.9997438e-05
46,110,5.0,8.2559716e-05
46,110,6.0,0.00010145107
46,110,7.0,0.00011308571
46,110,8.0,0.00012619577
46,110,9.0,0.00024557253
46,110,10.0,0.00048792476
46,110,11.0,0.0005328187
46,110,12.0,0.00063652394
46,110,13.0,0.00064965285
46,110,14.0,0.0007469166
46,111,0.0,1.806769e-05
46,111,1.0,7.853045e-05
46,111,2.0,0.00019175817
46,111,3.0,0.0004504452
46,111,4.0,0.000692668
46,111,5.0,0.0011042068
46,111,6.0,0.001482558
46,111,7.0,0.0018817682
46,111,8.0,0.001082825
46,111,9.0,0.0008901354
46,111,10.0,0.0029086862
46,111,11.0,0.0041415216
46,111,12.0,0.004777537
46,111,13.0,0.0061842115
46,111,14.0,0.004485455
46,112,0.0,0.0001112373
46,112,1.0,0.00027109118
46,112,2.0,0.000771634
46,112,3.0,0.0011630009
46,112,4.0,0.003061778
46,112,5.0,0.004157607
46,112,6.0,0.0054673557
46,112,7.0,0.004732784
46,112,8.0,0.004678047
46,112,9.0,0.009590791
46,112,10.0,0.008821689
46,112,11.0,0.01298732
46,112,12.0,0.014774784
46,112,13.0,0.017154027
46,112,14.0,0.012310076
46,113,0.0,0.0003818335
46,113,1.0,0.0013989765
46,113,2.0,0.003060205
46,113,3.0,0.0055469912
46,113,4.0,0.0075880894
46,113,5.0,0.010266785
46,113,6.0,0.011437633
46,113,7.0,0.013607599
46,113,8.0,0.011135362
46,113,9.0,0.015528528
46,113,10.0,0.019091895
46,113,11.0,0.028738774
46,113,12.0,0.032395743
46,113,13.0,0.032900263
46,113,14.0,0.027633846
46,114,0.0,0.00052362494
46,114,1.0,0.0020638218
46,114,2.0,0.004055332
46,114,3.0,0.008601981
46,114,4.0,0.012447858
46,114,5.0,0.017369287
46,114,6.0,0.025953988
46,114,7.0,0.024780395
46,114,8.0,0.021094255
46,114,9.0,0.030362345
46,114,10.0,0.037764415
46,114,11.0,0.05451146
46,114,12.0,0.058845557
46,114,13.0,0.062777
46,114,14.0,0.057489514
46,115,0.0,0.0011582418
46,115,1.0,0.005278163
46,115,2.0,0.008606188
46,115,3.0,0.017592007
46,115,4.0,0.020845028
46,115,5.0,0.029621975
46,115,6.0,0.034984525
46,115,7.0,0.03769351
46,115,8.0,0.030917263
46,115,9.0,0.02832984
46,115,10.0,0.051534582
46,115,11.0,0.06750822
46,115,12.0,0.082943045
46,115,13.0,0.08277459
46,115,14.0,0.08017595
46,116,0.0,0.0012597295
46,116,1.0,0.00563951
46,116,2.0,0.008453718
46,116,3.0,0.01419131
46,116,4.0,0.02279164
46,116,5.0,0.030974187
46,116,6.0,0.030822357
46,116,7.0,0.03609413
46,116,8.0,0.033151053
46,116,9.0,0.037650302
46,116,10.0,0.053047344
46,116,11.0,0.06706862
46,116,12.0,0.0698781
46,116,13.0,0.064698964
46,116,14.0,0.06584767
46,117,0.0,0.0008467128
46,117,1.0,0.0025664438
46,117,2.0,0.005848179
46,117,3.0,0.0121754585
46,117,4.0,0.022669753
46,117,5.0,0.028836943
46,117,6.0,0.028937746
46,117,7.0,0.03494248
46,117,8.0,0.029701607
46,117,9.0,0.028482582
46,117,10.0,0.032738905
46,117,11.0,0.041665588
46,117,12.0,0.052000877
46,117,13.0,0.056469228
46,117,14.0,0.05424709
46,118,0.0,0.00057317887
46,118,1.0,0.0018075419
46,118,2.0,0.0029463666
46,118,3.0,0.0036350593
46,118,4.0,0.0056038145
46,118,5.0,0.008469024
46,118,6.0,0.012459266
46,118,7.0,0.009161118
46,118,8.0,0.01212324
46,118,9.0,0.01405602
46,118,10.0,0.016370818
46,118,11.0,0.02252301
46,118,12.0,0.022408001
46,118,13.0,0.024080575
46,118,14.0,0.02032711
46,119,0.0,0.00028012274
46,119,1.0,0.0003274029
46,119,2.0,0.0012057652
46,119,3.0,0.0016315383
46,119,4.0,0.001975711
46,119,5.0,0.003618497
46,119,6.0,0.004814113
46,119,7.0,0.004161967
46,119,8.0,0.003879888
46,119,9.0,0.005286913
46,119,10.0,0.00887033
46,119,11.0,0.010347739
46,119,12.0,0.01242728
46,119,13.0,0.013087071
46,119,14.0,0.0122870505
46,120,0.0,6.2642175e-05
46,120,1.0,4.4273973e-05
46,120,2.0,0.0001774646
46,120,3.0,0.0004659568
46,120,4.0,0.00042643095
46,120,5.0,0.00027150154
46,120,6.0,0.00041407417
46,120,7.0,0.00075179903
46,120,8.0,0.0009793896
46,120,9.0,0.0012270046
46,120,10.0,0.0018335021
46,120,11.0,0.002649176
46,120,12.0,0.0036556115
46,120,13.0,0.0025085113
46,120,14.0,0.0040635085
46,121,0.0,4.546035e-06
46,121,1.0,3.5047917e-05
46,121,2.0,0.000104883075
46,121,3.0,8.1626305e-05
46,121,4.0,0.00019517186
46,121,5.0,0.00028442146
46,121,6.0,0.00038526126
46,121,7.0,0.0004465166
46,121,8.0,0.00054424215
46,121,9.0,0.0003697554
46,121,10.0,0.0007271297
46,121,11.0,0.0012748931
46,121,12.0,0.0011728588
46,121,13.0,0.0010033839
46,121,14.0,0.0005392915
46,122,0.0,7.773912e-10
46,122,1.0,2.936978e-06
46,122,2.0,2.1852928e-05
46,122,3.0,2.2418893e-05
46,122,4.0,6.0903323e-05
46,122,5.0,5.8596263e-05
46,122,6.0,2.3449313e-05
46,122,7.0,2.4338631e-05
46,122,8.0,1.9608628e-05
46,122,9.0,0.00015028914
46,122,10.0,0.00016965173
46,122,11.0,0.00013939879
46,122,12.0,0.00015404614
46,122,13.0,0.00019134929
46,122,14.0,0.000368002
46,123,0.0,0.0
46,123,1.0,0.0
46,123,2.0,1.9621748e-06
46,123,3.0,1.14006825e-05
46,123,4.0,2.021766e-05
46,123,5.0,1.4011257e-05
46,123,6.0,2.149266e-05
46,123,7.0,1.2519585e-05
46,123,8.0,7.3952287e-06
46,123,9.0,2.12498e-05
46,123,10.0,5.45228e-05
46,123,11.0,3.398167e-05
46,123,12.0,1.2006954e-05
46,123,13.0,1.2689208e-05
46,123,14.0,9.015761e-06
46,124,0.0,7.166042e-10
46,124,1.0,1.5059769e-09
46,124,2.0,4.7059036e-08
46,124,3.0,1.6247862e-08
46,124,4.0,4.7905296e-08
46,124,5.0,5.0503726e-09
46,124,6.0,9.450598e-11
46,124,7.0,0.0
46,124,8.0,1.0912777e-07
46,124,9.0,2.1788265e-09
46,124,10.0,3.5256092e-10
46,124,11.0,2.9169058e-08
46,124,12.0,4.5046544e-09
46,124,13.0,5.135249e-08
46,124,14.0,3.421787e-07
46,125,0.0,2.4520313e-08
46,125,1.0,6.230413e-08
46,125,2.0,2.8009345e-10
46,125,3.0,2.8134254e-08
46,125,4.0,5.408359e-08
46,125,5.0,2.7325322e-08
46,125,6.0,2.3720432e-08
46,125,7.0,2.4364182e-08
46,125,8.0,9.414251e-08
46,125,9.0,2.7199835e-07
46,125,10.0,5.223474e-07
46,125,11.0,5.412203e-07
46,125,12.0,2.6171045e-07
46,125,13.0,7.0861965e-08
46,125,14.0,7.0469692e-09
46,126,0.0,5.8339724e-09
46,126,1.0,5.6147726e-08
46,126,2.0,5.8165845e-08
46,126,3.0,8.3920355e-08
46,126,4.0,3.808569e-08
46,126,5.0,1.2571994e-07
46,126,6.0,9.7807735e-09
46,126,7.0,1.1082315e-07
46,126,8.0,1.1291149e-07
46,126,9.0,1.2058878e-07
46,126,10.0,3.804898e-08
46,126,11.0,1.0710566e-07
46,126,12.0,1.3432275e-07
46,126,13.0,1.9733152e-07
46,126,14.0,1.833387e-07
46,127,0.0,2.8327678e-08
46,127,1.0,3.962444e-09
46,127,2.0,0.0
46,127,3.0,0.0
46,127,4.0,0.0
46,127,5.0,5.738379e-10
46,127,6.0,5.4090643e-09
46,127,7.0,4.09709e-08
46,127,8.0,4.0339486e-08
46,127,9.0,3.875731e-08
46,127,10.0,1.1322239e-08
46,127,11.0,1.1433312e-07
46,127,12.0,8.63443e-08
46,127,13.0,1.7671807e-07
46,127,14.0,6.946873e-08
46,128,0.0,4.1137653e-08
46,128,1.0,1.8259192e-12
46,128,2.0,0.0
46,128,3.0,0.0
46,128,4.0,1.2031618e-13
46,128,5.0,1.3645881e-09
46,128,6.0,2.2546862e-08
46,128,7.0,3.6004149e-09
46,128,8.0,4.5885624e-08
46,128,9.0,5.76155e-08
46,128,10.0,4.592268e-09
46,128,11.0,4.295816e-09
46,128,12.0,2.0092445e-08
46,128,13.0,8.811592e-08
46,128,14.0,3.0503088e-08
46,129,0.0,3.2917682e-13
46,129,1.0,1.3712915e-09
46,129,2.0,2.9022634e-10
46,129,3.0,2.0400126e-09
46,129,4.0,4.426058e-09
46,129,5.0,1.3013536e-10
46,129,6.0,3.8677542e-10
46,129,7.0,6.710558e-10
46,129,8.0,8.1392434e-11
46,129,9.0,1.8954213e-10
46,129,10.0,5.885709e-13
46,129,11.0,1.5159908e-10
46,129,12.0,1.8078794e-08
46,129,13.0,3.1743752e-10
46,129,14.0,2.8064273e-09
46,130,0.0,0.0
46,130,1.0,0.0
46,130,2.0,5.936499e-09
46,130,3.0,0.0
46,130,4.0,0.0
46,130,5.0,0.0
46,130,6.0,3.0577117e-11
46,130,7.0,0.0
46,130,8.0,0.0
46,130,9.0,0.0
46,130,10.0,0.0
46,130,11.0,3.4021825e-09
46,130,12.0,1.5148147e-09
46,130,13.0,8.626878e-10
46,130,14.0,9.625818e-10
46,131,0.0,0.0
46,131,1.0,1.1960841e-06
46,131,2.0,3.6680408e-09
46,131,3.0,1.1689297e-07
46,131,4.0,1.4412412e-10
46,131,5.0,0.0
46,131,6.0,4.0749583e-08
46,131,7.0,2.2049731e-07
46,131,8.0,4.5360946e-07
46,131,9.0,2.3290644e-07
46,131,10.0,7.316237e-08
46,131,11.0,9.932423e-09
46,131,12.0,1.9920254e-09
46,131,13.0,0.0
46,131,14.0,2.0856938e-08
47,105,0.0,0.0
47,105,1.0,5.5130674e-11
47,105,2.0,0.0
47,105,3.0,5.5540337e-09
47,105,4.0,0.0
47,105,5.0,0.0
47,105,6.0,0.0
47,105,7.0,1.0107683e-08
47,105,8.0,0.0
47,105,9.0,0.0
47,105,10.0,0.0
47,105,11.0,0.0
47,105,12.0,0.0
47,105,13.0,0.0
47,105,14.0,0.0
47,106,0.0,1.7961431e-12
47,106,1.0,0.0
47,106,2.0,0.0
47,106,3.0,0.0
47,106,4.0,0.0
47,106,5.0,0.0
47,106,6.0,0.0
47,106,7.0,2.9378333e-11
47,106,8.0,6.164487e-13
47,106,9.0,0.0
47,106,10.0,3.298547e-12
47,106,11.0,1.7765721e-09
47,106,12.0,0.0
47,106,13.0,3.2164238e-09
47,106,14.0,0.0
47,107,0.0,0.0
47,107,1.0,0.0
47,107,2.0,7.721743e-10
47,107,3.0,0.0
47,107,4.0,9.0489675e-07
47,107,5.0,2.1337092e-12
47,107,6.0,0.0
47,107,7.0,5.307382e-09
47,107,8.0,0.0
47,107,9.0,0.0
47,107,10.0,0.0
47,107,11.0,0.0
47,107,12.0,2.4503946e-11
47,107,13.0,2.595502e-07
47,107,14.0,1.5890915e-08
47,108,0.0,8.814928e-10
47,108,1.0,3.261573e-07
47,108,2.0,4.0532225e-08
47,108,3.0,8.197816e-09
47,108,4.0,0.0
47,108,5.0,0.0
47,108,6.0,0.0
47,108,7.0,0.0
47,108,8.0,0.0
47,108,9.0,0.0
47,108,10.0,1.8623276e-12
47,108,11.0,1.7045465e-08
47,108,12.0,1.55953e-09
47,108,13.0,8.8189104e-08
47,108,14.0,2.9670193e-07
47,109,0.0,6.6296706e-09
47,109,1.0,7.6432536e-07
47,109,2.0,3.491661e-08
47,109,3.0,2.24648e-06
47,109,4.0,4.971565e-09
47,109,5.0,2.1001392e-07
47,109,6.0,5.9897843e-07
47,109,7.0,2.1187432e-08
47,109,8.0,2.3035756e-08
47,109,9.0,1.9384579e-07
47,109,10.0,1.3928707e-10
47,109,11.0,8.4924636e-08
47,109,12.0,7.2729904e-06
47,109,13.0,3.327485e-06
47,109,14.0,3.5526016e-06
47,110,0.0,2.3899636e-07
47,110,1.0,1.0999718e-06
47,110,2.0,1.8706553e-06
47,110,3.0,1.4152324e-06
47,110,4.0,7.495027e-08
47,110,5.0,2.0301943e-07
47,110,6.0,3.887302e-08
47,110,7.0,2.126553e-07
47,110,8.0,4.0561076e-07
47,110,9.0,7.7544493e-10
47,110,10.0,0.0
47,110,11.0,2.6971256e-07
47,110,12.0,9.6523145e-08
47,110,13.0,2.1573724e-06
47,110,14.0,6.11722e-06
47,111,0.0,4.1827184e-12
47,111,1.0,0.0
47,111,2.0,0.0
47,111,3.0,1.964515e-13
47,111,4.0,7.9871063e-07
47,111,5.0,1.5560042e-07
47,111,6.0,2.221736e-06
47,111,7.0,2.288995e-06
47,111,8.0,6.4378064e-06
47,111,9.0,8.098199e-07
47,111,10.0,3.256471e-08
47,111,11.0,5.8968967e-06
47,111,12.0,1.3645392e-06
47,111,13.0,2.9939808e-06
47,111,14.0,2.8758366e-06
47,112,0.0,0.0
47,112,1.0,6.2843615e-09
47,112,2.0,5.546863e-07
47,112,3.0,1.069279e-06
47,112,4.0,2.5747581e-06
47,112,5.0,5.9103104e-06
47,112,6.0,2.6965316e-05
47,112,7.0,2.4554913e-05
47,112,8.0,9.339954e-06
47,112,9.0,2.7487615e-05
47,112,10.0,7.3699935e-05
47,112,11.0,0.00015064438
47,112,12.0,1.7784681e-05
47,112,13.0,0.00014466111
47,112,14.0,8.962571e-05
47,113,0.0,0.0
47,113,1.0,4.9950277e-06
47,113,2.0,1.3660178e-05
47,113,3.0,2.6051912e-05
47,113,4.0,7.129208e-05
47,113,5.0,1.9885621e-05
47,113,6.0,6.0715625e-05
47,113,7.0,8.564319e-05
47,113,8.0,2.1342668e-05
47,113,9.0,8.967266e-05
47,113,10.0,0.00016559768
47,113,11.0,0.0003036557
47,113,12.0,0.00041948687
47,113,13.0,0.0009974925
47,113,14.0,0.00091919344
47,114,0.0,1.3377559e-05
47,114,1.0,4.0309398e-05
47,114,2.0,0.00035730487
47,114,3.0,0.0004997189
47,114,4.0,0.0004550396
47,114,5.0,0.00061170803
47,114,6.0,0.0015837459
47,114,7.0,0.000754926
47,114,8.0,0.0010907775
47,114,9.0,0.00086815783
47,114,10.0,0.0016600102
47,114,11.0,0.0024672328
47,114,12.0,0.0029758157
47,114,13.0,0.004828131
47,114,14.0,0.0065294434
47,115,0.0,9.117083e-05
47,115,1.0,0.00047977982
47,115,2.0,0.0009332147
47,115,3.0,0.0010455285
47,115,4.0,0.0010990485
47,115,5.0,0.0017214706
47,115,6.0,0.00415248
47,115,7.0,0.0034188612
47,115,8.0,0.002794649
47,115,9.0,0.0029484935
47,115,10.0,0.0054784114
47,115,11.0,0.0076306085
47,115,12.0,0.010697968
47,115,13.0,0.01402596
47,115,14.0,0.014330783
47,116,0.0,0.00046249977
47,116,1.0,0.0010096879
47,116,2.0,0.0020980805
47,116,3.0,0.0023036732
47,116,4.0,0.0063278666
47,116,5.0,0.008978346
47,116,6.0,0.010146844
47,116,7.0,0.014360985
47,116,8.0,0.013069469
47,116,9.0,0.014125363
47,116,10.0,0.0193691
47,116,11.0,0.02799452
47,116,12.0,0.030062634
47,116,13.0,0.03665954
47,116,14.0,0.034648985
47,117,0.0,0.00050767825
47,117,1.0,0.0032711332
47,117,2.0,0.004716335
47,117,3.0,0.0084998
47,117,4.0,0.013583597
47,117,5.0,0.025327802
47,117,6.0,0.020974962
47,117,7.0,0.026604857
47,117,8.0,0.020048894
47,117,9.0,0.027567822
47,117,10.0,0.03618249
47,117,11.0,0.048928197
47,117,12.0,0.061249144
47,117,13.0,0.06748103
47,117,14.0,0.061448507
47,118,0.0,0.00070825184
47,118,1.0,0.0028970838
47,118,2.0,0.00831459
47,118,3.0,0.013856966
47,118,4.0,0.017376127
47,118,5.0,0.026376035
47,118,6.0,0.035187628
47,118,7.0,0.035262592
47,118,8.0,0.034042664
47,118,9.0,0.039831724
47,118,10.0,0.059716888
47,118,11.0,0.0699681
47,118,12.0,0.07832273
47,118,13.0,0.09061123
47,118,14.0,0.0936638
47,119,0.0,0.0012210042
47,119,1.0,0.002878123
47,119,2.0,0.0079599675
47,119,3.0,0.009554804
47,119,4.0,0.020052673
47,119,5.0,0.027074596
47,119,6.0,0.03291223
47,119,7.0,0.03362768
47,119,8.0,0.0366782
47,119,9.0,0.0462043
47,119,10.0,0.05622797
47,119,11.0,0.08368708
47,119,12.0,0.111673325
47,119,13.0,0.088395156
47,119,14.0,0.08965877
47,120,0.0,0.0005624421
47,120,1.0,0.0016447667
47,120,2.0,0.004566389
47,120,3.0,0.0072620073
47,120,4.0,0.0135908555
47,120,5.0,0.020356132
47,120,6.0,0.02299448
47,120,7.0,0.02434121
47,120,8.0,0.02344185
47,120,9.0,0.021662412
47,120,10.0,0.03206292
47,120,11.0,0.05138721
47,120,12.0,0.062093835
47,120,13.0,0.06484826
47,120,14.0,0.06432328
47,121,0.0,0.00028117787
47,121,1.0,0.000860214
47,121,2.0,0.002514964
47,121,3.0,0.005073524
47,121,4.0,0.008969717
47,121,5.0,0.013617532
47,121,6.0,0.016137863
47,121,7.0,0.020959191
47,121,8.0,0.01700968
47,121,9.0,0.016121523
47,121,10.0,0.025765248
47,121,11.0,0.028887428
47,121,12.0,0.039484646
47,121,13.0,0.040781844
47,121,14.0,0.034095638
47,122,0.0,9.4586634e-05
47,122,1.0,0.00048765674
47,122,2.0,0.0009796972
47,122,3.0,0.001853612
47,122,4.0,0.0037694692
47,122,5.0,0.0075026006
47,122,6.0,0.007935803
47,122,7.0,0.009977194
47,122,8.0,0.0073171654
47,122,9.0,0.007262835
47,122,10.0,0.010249259
47,122,11.0,0.015236416
47,122,12.0,0.019283593
47,122,13.0,0.01757162
47,122,14.0,0.020116081
47,123,0.0,2.2753014e-05
47,123,1.0,0.00030957218
47,123,2.0,0.000532816
47,123,3.0,0.0012010683
47,123,4.0,0.0018548594
47,123,5.0,0.0029165111
47,123,6.0,0.0022436192
47,123,7.0,0.0034687556
47,123,8.0,0.003317932
47,123,9.0,0.0027714823
47,123,10.0,0.0041066404
47,123,11.0,0.005765967
47,123,12.0,0.008452
47,123,13.0,0.010101097
47,123,14.0,0.009391328
47,124,0.0,1.2407559e-05
47,124,1.0,8.787424e-05
47,124,2.0,0.00010325603
47,124,3.0,0.0003372014
47,124,4.0,0.00048269506
47,124,5.0,0.00081180583
47,124,6.0,0.0010166814
47,124,7.0,0.0011331346
47,124,8.0,0.00075036817
47,124,9.0,0.0010354066
47,124,10.0,0.0016824546
47,124,11.0,0.0024864052
47,124,12.0,0.0020289614
47,124,13.0,0.0022965465
47,124,14.0,0.0017498548
47,125,0.0,6.717154e-06
47,125,1.0,2.8006585e-05
47,125,2.0,0.00029371146
47,125,3.0,0.00017485871
47,125,4.0,0.00010993864
47,125,5.0,0.00014242118
47,125,6.0,0.00010503024
47,125,7.0,0.00013139068
47,125,8.0,5.4891712e-05
47,125,9.0,0.00012967642
47,125,10.0,0.0002869333
47,125,11.0,0.0005248038
47,125,12.0,0.0007370233
47,125,13.0,0.0007560494
47,125,14.0,0.00055560924
47,126,0.0,1.9728961e-06
47,126,1.0,1.4029911e-07
47,126,2.0,2.9388646e-06
47,126,3.0,6.2422965e-05
47,126,4.0,6.308106e-06
47,126,5.0,3.1146446e-05
47,126,6.0,4.5042285e-05
47,126,7.0,2.7644735e-05
47,126,8.0,3.7352615e-06
47,126,9.0,1.4387264e-05
47,126,10.0,3.4799476e-05
47,126,11.0,3.424301e-05
47,126,12.0,0.00039673783
47,126,13.0,0.00025531484
47,126,14.0,3.6438116e-05
47,127,0.0,3.2240393e-07
47,127,1.0,1.8405092e-06
47,127,2.0,1.259824e-06
47,127,3.0,0.0
47,127,4.0,9.8309325e-09
47,127,5.0,7.7326376e-07
47,127,6.0,4.279459e-07
47,127,7.0,7.9516855e-07
47,127,8.0,2.6510347e-07
47,127,9.0,9.1356657e-07
47,127,10.0,3.8015068e-07
47,127,11.0,1.4398482e-06
47,127,12.0,7.650042e-06
47,127,13.0,6.0423663e-06
47,127,14.0,3.4345846e-06
47,128,0.0,1.6794921e-09
47,128,1.0,3.3580713e-10
47,128,2.0,1.3352264e-09
47,128,3.0,2.3486086e-06
47,128,4.0,2.1193921e-08
47,128,5.0,2.8386725e-07
47,128,6.0,1.0171358e-06
47,128,7.0,1.5810724e-06
47,128,8.0,3.2989554e-08
47,128,9.0,1.8622424e-07
47,128,10.0,4.2418897e-06
47,128,11.0,4.3920136e-06
47,128,12.0,2.01185e-06
47,128,13.0,1.3975787e-05
47,128,14.0,1.8688635e-05
47,129,0.0,1.1382548e-06
47,129,1.0,4.455423e-06
47,129,2.0,1.4525552e-06
47,129,3.0,1.1106961e-06
47,129,4.0,9.4905964e-08
47,129,5.0,7.608034e-08
47,129,6.0,2.2981415e-07
47,129,7.0,5.046246e-08
47,129,8.0,5.4582063e-08
47,129,9.0,2.0504995e-06
47,129,10.0,2.646636e-06
47,129,11.0,4.4216354e-06
47,129,12.0,2.1863998e-06
47,129,13.0,9.916713e-07
47,129,14.0,3.402754e-06
47,130,0.0,0.0
47,130,1.0,9.396499e-09
47,130,2.0,1.18182435e-07
47,130,3.0,0.0
47,130,4.0,2.9601094e-10
47,130,5.0,2.560234e-07
47,130,6.0,4.9606218e-15
47,130,7.0,3.089357e-10
47,130,8.0,3.2285875e-08
47,130,9.0,0.0
47,130,10.0,3.0160956e-09
47,130,11.0,6.2517177e-07
47,130,12.0,4.8789902e-06
47,130,13.0,6.3498234e-08
47,130,14.0,1.674779e-07
47,131,0.0,7.5377876e-10
47,131,1.0,1.5962493e-07
47,131,2.0,5.0113516e-07
47,131,3.0,1.2092733e-08
47,131,4.0,6.0849366e-08
47,131,5.0,0.0
47,131,6.0,1.3554555e-11
47,131,7.0,4.0103485e-09
47,131,8.0,1.9081461e-13
47,131,9.0,8.8133856e-10
47,131,10.0,4.433303e-08
47,131,11.0,4.532079e-10
47,131,12.0,1.825058e-08
47,131,13.0,5.766843e-07
47,131,14.0,1.3603042e-07
47,132,0.0,1.211862e-07
47,132,1.0,3.6382816e-10
47,132,2.0,0.0
47,132,3.0,0.0
47,132,4.0,4.1270383e-08
47,132,5.0,0.0
47,132,6.0,7.032585e-09
47,132,7.0,0.0
47,132,8.0,1.5368374e-16
47,132,9.0,0.0
47,132,10.0,0.0
47,132,11.0,0.0
47,132,12.0,0.0
47,132,13.0,0.0
47,132,14.0,2.0522708e-09
47,133,0.0,0.0
47,133,1.0,0.0
47,133,2.0,0.0
47,133,3.0,0.0
47,133,4.0,1.3606264e-18
47,133,5.0,1.5096842e-07
47,133,6.0,4.8378457e-09
47,133,7.0,3.021384e-08
47,133,8.0,1.5540936e-09
47,133,9.0,3.859063e-08
47,133,10.0,2.6660257e-06
47,133,11.0,3.7288126e-07
47,133,12.0,1.05494365e-07
47,133,13.0,5.332602e-07
47,133,14.0,1.3671057e-07
48,108,0.0,1.4323413e-07
48,108,1.0,5.7618945e-09
48,108,2.0,8.124323e-09
48,108,3.0,1.8229812e-08
48,108,4.0,1.07173435e-07
48,108,5.0,3.6097447e-07
48,108,6.0,5.3649507e-07
48,108,7.0,0.0
48,108,8.0,3.6191237e-09
48,108,9.0,4.9883795e-08
48,108,10.0,7.763161e-09
48,108,11.0,1.0704992e-07
48,108,12.0,2.930349e-06
48,108,13.0,9.473759e-09
48,108,14.0,1.6044391e-10
48,109,0.0,4.073679e-09
48,109,1.0,2.4885097e-08
48,109,2.0,7.9567974e-07
48,109,3.0,3.1149352e-07
48,109,4.0,3.863956e-08
48,109,5.0,5.7256372e-08
48,109,6.0,1.5690266e-07
48,109,7.0,5.8284835e-09
48,109,8.0,1.7341148e-07
48,109,9.0,4.7116195e-08
48,109,10.0,4.028353e-08
48,109,11.0,1.955895e-07
48,109,12.0,2.2475442e-08
48,109,13.0,8.803313e-09
48,109,14.0,2.4181523e-07
48,110,0.0,8.7087637e-10
48,110,1.0,7.002128e-12
48,110,2.0,5.7522036e-09
48,110,3.0,6.796852e-09
48,110,4.0,4.61478e-08
48,110,5.0,5.2061274e-08
48,110,6.0,4.338396e-08
48,110,7.0,2.0166985e-08
48,110,8.0,3.3740566e-08
48,110,9.0,5.7235963e-09
48,110,10.0,8.832929e-11
48,110,11.0,1.8212239e-08
48,110,12.0,5.18541e-08
48,110,13.0,6.789332e-10
48,110,14.0,4.461414e-08
48,111,0.0,3.3201725e-10
48,111,1.0,5.411446e-08
48,111,2.0,5.1404736e-10
48,111,3.0,1.9597227e-11
48,111,4.0,1.8799115e-08
48,111,5.0,3.5180497e-14
48,111,6.0,1.6721298e-08
48,111,7.0,1.2685002e-09
48,111,8.0,1.8868876e-08
48,111,9.0,9.646871e-09
48,111,10.0,0.0
48,111,11.0,1.0833786e-08
48,111,12.0,0.0
48,111,13.0,0.0
48,111,14.0,4.106195e-12
48,112,0.0,7.0908063e-13
48,112,1.0,0.0
48,112,2.0,0.0
48,112,3.0,0.0
48,112,4.0,0.0
48,112,5.0,0.0
48,112,6.0,0.0
48,112,7.0,0.0
48,112,8.0,1.9556654e-09
48,112,9.0,9.445402e-09
48,112,10.0,0.0
48,112,11.0,0.0
48,112,12.0,1.5796485e-10
48,112,13.0,2.9183713e-07
48,112,14.0,1.1967265e-07
48,113,0.0,7.0797165e-07
48,113,1.0,5.154219e-07
48,113,2.0,5.605675e-13
48,113,3.0,7.28045e-07
48,113,4.0,0.0
48,113,5.0,3.529265e-08
48,113,6.0,7.146229e-07
48,113,7.0,6.240445e-10
48,113,8.0,0.0
48,113,9.0,7.0895745e-10
48,113,10.0,4.794626e-07
48,113,11.0,3.2140645e-06
48,113,12.0,7.760302e-06
48,113,13.0,2.6075242e-05
48,113,14.0,1.8535054e-06
48,114,0.0,6.171124e-13
48,114,1.0,2.946055e-07
48,114,2.0,1.6232427e-08
48,114,3.0,1.119131e-12
48,114,4.0,2.3125645e-07
48,114,5.0,2.2893246e-06
48,114,6.0,1.6326762e-06
48,114,7.0,2.4730018e-06
48,114,8.0,8.599576e-06
48,114,9.0,3.0452406e-05
48,114,10.0,3.063318e-05
48,114,11.0,0.00011501492
48,114,12.0,0.00031673964
48,114,13.0,0.00030421081
48,114,14.0,0.00015950212
48,115,0.0,1.8437442e-05
48,115,1.0,1.046765e-05
48,115,2.0,7.023458e-05
48,115,3.0,0.00015480602
48,115,4.0,0.00013230603
48,115,5.0,0.0003607997
48,115,6.0,0.00031764063
48,115,7.0,0.00037360511
48,115,8.0,0.00031707785
48,115,9.0,0.00047499774
48,115,10.0,0.00074962154
48,115,11.0,0.0013794425
48,115,12.0,0.001709529
48,115,13.0,0.0017064612
48,115,14.0,0.0019543432
48,116,0.0,7.977439e-06
48,116,1.0,0.00010011429
48,116,2.0,0.00021913416
48,116,3.0,0.0006981569
48,116,4.0,0.0008854549
48,116,5.0,0.0014088
48,116,6.0,0.001951819
48,116,7.0,0.0018667381
48,116,8.0,0.0013719797
48,116,9.0,0.0017674376
48,116,10.0,0.0035502883
48,116,11.0,0.004857712
48,116,12.0,0.0071181976
48,116,13.0,0.00681894
48,116,14.0,0.005864204
48,117,0.0,0.0001029932
48,117,1.0,0.00062904146
48,117,2.0,0.0011583458
48,117,3.0,0.0030098064
48,117,4.0,0.00583303
48,117,5.0,0.008377824
48,117,6.0,0.007397025
48,117,7.0,0.006234288
48,117,8.0,0.0065569314
48,117,9.0,0.0084429355
48,117,10.0,0.011982008
48,117,11.0,0.01684971
48,117,12.0,0.019059379
48,117,13.0,0.016675131
48,117,14.0,0.012710235
48,118,0.0,0.00025405706
48,118,1.0,0.0016669784
48,118,2.0,0.0026957039
48,118,3.0,0.004326965
48,118,4.0,0.007445632
48,118,5.0,0.010669802
48,118,6.0,0.012810008
48,118,7.0,0.014751736
48,118,8.0,0.014133092
48,118,9.0,0.018362282
48,118,10.0,0.026948266
48,118,11.0,0.037879374
48,118,12.0,0.03687548
48,118,13.0,0.038377304
48,118,14.0,0.035773516
48,119,0.0,0.0005562705
48,119,1.0,0.002426764
48,119,2.0,0.005247335
48,119,3.0,0.009171642
48,119,4.0,0.017196184
48,119,5.0,0.020563994
48,119,6.0,0.02336455
48,119,7.0,0.02662444
48,119,8.0,0.023139017
48,119,9.0,0.026197065
48,119,10.0,0.039160036
48,119,11.0,0.05674894
48,119,12.0,0.06830969
48,119,13.0,0.06565889
48,119,14.0,0.056933623
48,120,0.0,0.0007992618
48,120,1.0,0.0021078251
48,120,2.0,0.006084263
48,120,3.0,0.014766132
48,120,4.0,0.017571712
48,120,5.0,0.020837128
48,120,6.0,0.02670517
48,120,7.0,0.029932972
48,120,8.0,0.03141003
48,120,9.0,0.030841075
48,120,10.0,0.044297807
48,120,11.0,0.057971828
48,120,12.0,0.06743537
48,120,13.0,0.0686456
48,120,14.0,0.06216163
48,121,0.0,0.0007396073
48,121,1.0,0.0017950436
48,121,2.0,0.0046008686
48,121,3.0,0.008704481
48,121,4.0,0.013751343
48,121,5.0,0.01719526
48,121,6.0,0.020735662
48,121,7.0,0.02954835
48,121,8.0,0.025016772
48,121,9.0,0.024104455
48,121,10.0,0.033386774
48,121,11.0,0.044033024
48,121,12.0,0.060049456
48,121,13.0,0.06653224
48,121,14.0,0.06284014
48,122,0.0,0.00090821116
48,122,1.0,0.0018981972
48,122,2.0,0.004058371
48,122,3.0,0.004363292
48,122,4.0,0.008308811
48,122,5.0,0.012012953
48,122,6.0,0.02068455
48,122,7.0,0.018477926
48,122,8.0,0.018585185
48,122,9.0,0.01833988
48,122,10.0,0.025724955
48,122,11.0,0.043266743
48,122,12.0,0.041919198
48,122,13.0,0.043469153
48,122,14.0,0.04748158
48,123,0.0,0.0005237888
48,123,1.0,0.0014730196
48,123,2.0,0.002660634
48,123,3.0,0.0051950016
48,123,4.0,0.010079115
48,123,5.0,0.010740911
48,123,6.0,0.015804416
48,123,7.0,0.016248595
48,123,8.0,0.011012142
48,123,9.0,0.012665957
48,123,10.0,0.023152784
48,123,11.0,0.03100458
48,123,12.0,0.03042181
48,123,13.0,0.03484124
48,123,14.0,0.037593693
48,124,0.0,0.0006654336
48,124,1.0,0.0021010234
48,124,2.0,0.0024863798
48,124,3.0,0.005074723
48,124,4.0,0.0063011716
48,124,5.0,0.0058651995
48,124,6.0,0.008076537
48,124,7.0,0.0079497555
48,124,8.0,0.009776002
48,124,9.0,0.010046963
48,124,10.0,0.009896577
48,124,11.0,0.011703383
48,124,12.0,0.013041858
48,124,13.0,0.013787611
48,124,14.0,0.018262224
48,125,0.0,0.0009939607
48,125,1.0,0.001157084
48,125,2.0,0.0032005103
48,125,3.0,0.0056577623
48,125,4.0,0.004089294
48,125,5.0,0.0054368814
48,125,6.0,0.006446832
48,125,7.0,0.0077824946
48,125,8.0,0.006600611
48,125,9.0,0.008310947
48,125,10.0,0.010872014
48,125,11.0,0.008480774
48,125,12.0,0.0080344565
48,125,13.0,0.008436997
48,125,14.0,0.010943384
48,126,0.0,0.00080772943
48,126,1.0,0.0015180514
48,126,2.0,0.003627942
48,126,3.0,0.0037926703
48,126,4.0,0.0033152727
48,126,5.0,0.0032591603
48,126,6.0,0.0033855012
48,126,7.0,0.0025381038
48,126,8.0,0.0021538003
48,126,9.0,0.002769187
48,126,10.0,0.0025462173
48,126,11.0,0.0026619476
48,126,12.0,0.00304981
48,126,13.0,0.002085051
48,126,14.0,0.0014444045
48,127,0.0,0.0004256983
48,127,1.0,0.0006809525
48,127,2.0,0.0013089208
48,127,3.0,0.00134588
48,127,4.0,0.0012836393
48,127,5.0,0.0014975995
48,127,6.0,0.0014716514
48,127,7.0,0.0012667635
48,127,8.0,0.0011550571
48,127,9.0,0.0011469385
48,127,10.0,0.0016439903
48,127,11.0,0.0017160075
48,127,12.0,0.0013374779
48,127,13.0,0.0011693141
48,127,14.0,0.0014804588
48,128,0.0,0.00018908664
48,128,1.0,0.00039536966
48,128,2.0,0.0008857089
48,128,3.0,0.0007999091
48,128,4.0,0.0006881117
48,128,5.0,0.0005941327
48,128,6.0,0.00041639226
48,128,7.0,0.0003223394
48,128,8.0,0.0005429478
48,128,9.0,0.00026867195
48,128,10.0,0.00017624655
48,128,11.0,0.00020619963
48,128,12.0,0.00024087135
48,128,13.0,0.00026840277
48,128,14.0,0.00031397401
48,129,0.0,6.35005e-05
48,129,1.0,0.00010416089
48,129,2.0,0.00015806723
48,129,3.0,0.00018530953
48,129,4.0,0.00016425953
48,129,5.0,0.0002080958
48,129,6.0,0.0002251331
48,129,7.0,0.00015596105
48,129,8.0,9.6646945e-05
48,129,9.0,9.07468e-05
48,129,10.0,0.00011151149
48,129,11.0,0.00013363498
48,129,12.0,8.7482855e-05
48,129,13.0,0.00012946158
48,129,14.0,8.753527e-05
48,130,0.0,5.1165385e-05
48,130,1.0,7.477629e-06
48,130,2.0,2.4340696e-05
48,130,3.0,3.8245464e-05
48,130,4.0,2.143706e-05
48,130,5.0,1.16837355e-05
48,130,6.0,1.6977712e-05
48,130,7.0,5.4641478e-06
48,130,8.0,6.0539755e-06
48,130,9.0,3.199119e-06
48,130,10.0,1.6449652e-05
48,130,11.0,5.125409e-07
48,130,12.0,6.6491914e-08
48,130,13.0,4.4709802e-07
48,130,14.0,5.612974e-06
48,131,0.0,7.348639e-07
48,131,1.0,2.2402196e-06
48,131,2.0,0.0
48,131,3.0,1.2273047e-09
48,131,4.0,4.712097e-10
48,131,5.0,9.656963e-10
48,131,6.0,0.0
48,131,7.0,0.0
48,131,8.0,1.6430447e-13
48,131,9.0,2.6954048e-11
48,131,10.0,4.302715e-09
48,131,11.0,3.6425984e-09
48,131,12.0,1.419158e-09
48,131,13.0,7.435916e-09
48,131,14.0,3.822905e-07
48,132,0.0,6.397643e-08
48,132,1.0,0.0
48,132,2.0,7.602341e-09
48,132,3.0,1.2809787e-08
48,132,4.0,0.0
48,132,5.0,4.691514e-10
48,132,6.0,2.3813419e-07
48,132,7.0,3.1856152e-07
48,132,8.0,6.0867455e-07
48,132,9.0,1.1750643e-09
48,132,10.0,5.5850835e-09
48,132,11.0,2.6659837e-08
48,132,12.0,1.6052837e-07
48,132,13.0,3.3907794e-09
48,132,14.0,1.0774539e-08
48,133,0.0,2.291517e-07
48,133,1.0,1.0665401e-08
48,133,2.0,3.0054247e-07
48,133,3.0,3.867867e-08
48,133,4.0,3.3630553e-07
48,133,5.0,5.101246e-07
48,133,6.0,1.9250024e-07
48,133,7.0,1.1036552e-07
48,133,8.0,4.0171788e-08
48,133,9.0,3.3778274e-08
48,133,10.0,1.16202685e-07
48,133,11.0,3.5543486e-08
48,133,12.0,1.4398686e-08
48,133,13.0,3.1876958e-08
48,133,14.0,5.3909194e-08
48,134,0.0,3.135127e-08
48,134,1.0,1.521671e-11
48,134,2.0,2.0986755e-08
48,134,3.0,8.062899e-08
48,134,4.0,5.199312e-07
48,134,5.0,4.185873e-07
48,134,6.0,5.4629277e-07
48,134,7.0,4.94322e-07
48,134,8.0,2.4624694e-07
48,134,9.0,3.2284126e-07
48,134,10.0,8.308474e-08
48,134,11.0,4.961456e-08
48,134,12.0,3.2346215e-08
48,134,13.0,4.318379e-09
48,134,14.0,9.622294e-09
48,135,0.0,2.1914334e-06
48,135,1.0,0.0
48,135,2.0,2.4684281e-09
48,135,3.0,1.0490457e-08
48,135,4.0,5.776335e-09
48,135,5.0,1.2059403e-10
48,135,6.0,1.3376451e-10
48,135,7.0,9.7332595e-09
48,135,8.0,5.844675e-08
48,135,9.0,1.1652532e-10
48,135,10.0,9.081783e-11
48,135,11.0,1.4008143e-10
48,135,12.0,0.0
48,135,13.0,1.0229478e-10
48,135,14.0,3.8419135e-09
48,136,0.0,4.866746e-09
48,136,1.0,3.6918944e-08
48,136,2.0,1.4593171e-07
48,136,3.0,4.1767247e-08
48,136,4.0,8.858203e-08
48,136,5.0,2.2457675e-07
48,136,6.0,2.2308872e-07
48,136,7.0,2.1490952e-07
48,136,8.0,3.5899126e-07
48,136,9.0,6.047976e-07
48,136,10.0,3.4347076e-07
48,136,11.0,8.990167e-08
48,136,12.0,3.1096462e-08
48,136,13.0,3.7923453e-08
48,136,14.0,3.503216e-08
49,110,0.0,4.3729795e-10
49,110,1.0,0.0
49,110,2.0,5.8403826e-10
49,110,3.0,0.0
49,110,4.0,0.0
49,110,5.0,0.0
49,110,6.0,0.0
49,110,7.0,0.0
49,110,8.0,0.0
49,110,9.0,2.5665883e-10
49,110,10.0,1.3404443e-07
49,110,11.0,0.0
49,110,12.0,7.6434077e-07
49,110,13.0,8.133288e-08
49,110,14.0,1.2710817e-06
49,111,0.0,0.0
49,111,1.0,0.0
49,111,2.0,0.0
49,111,3.0,0.0
49,111,4.0,0.0
49,111,5.0,2.6722957e-10
49,111,6.0,0.0
49,111,7.0,1.128058e-11
49,111,8.0,0.0
49,111,9.0,0.0
49,111,10.0,0.0
49,111,11.0,4.516005e-09
49,111,12.0,0.0
49,111,13.0,7.3232926e-08
49,111,14.0,6.5683996e-09
49,112,0.0,0.0
49,112,1.0,5.18836e-08
49,112,2.0,0.0
49,112,3.0,1.06125775e-08
49,112,4.0,8.621794e-07
49,112,5.0,0.0
49,112,6.0,9.205542e-12
49,112,7.0,3.1798715e-09
49,112,8.0,1.6083261e-11
49,112,9.0,1.2724767e-10
49,112,10.0,1.8663495e-07
49,112,11.0,3.764626e-08
49,112,12.0,3.7694153e-10
49,112,13.0,4.4136318e-08
49,112,14.0,0.0
49,113,0.0,0.0
49,113,1.0,2.699468e-09
49,113,2.0,0.0
49,113,3.0,0.0
49,113,4.0,0.0
49,113,5.0,1.0607697e-09
49,113,6.0,0.0
49,113,7.0,3.729748e-11
49,113,8.0,0.0
49,113,9.0,1.0193341e-07
49,113,10.0,7.217695e-14
49,113,11.0,1.5310607e-07
49,113,12.0,3.581685e-07
49,113,13.0,1.3547186e-06
49,113,14.0,1.5268944e-07
49,114,0.0,1.0991246e-09
49,114,1.0,0.0
49,114,2.0,2.5168734e-09
49,114,3.0,1.3378407e-07
49,114,4.0,1.02609704e-07
49,114,5.0,0.0
49,114,6.0,3.4058604e-15
49,114,7.0,0.0
49,114,8.0,0.0
49,114,9.0,0.0
49,114,10.0,7.751997e-10
49,114,11.0,2.4128385e-08
49,114,12.0,0.0
49,114,13.0,7.439735e-13
49,114,14.0,1.8042579e-08
49,115,0.0,0.0
49,115,1.0,0.0
49,115,2.0,0.0
49,115,3.0,0.0
49,115,4.0,0.0
49,115,5.0,0.0
49,115,6.0,0.0
49,115,7.0,0.0
49,115,8.0,0.0
49,115,9.0,0.0
49,115,10.0,0.0
49,115,11.0,0.0
49,115,12.0,4.2520223e-09
49,115,13.0,0.0
49,115,14.0,1.5963634e-07
49,116,0.0,1.02567274e-13
49,116,1.0,0.0
49,116,2.0,0.0
49,116,3.0,0.0
49,116,4.0,0.0
49,116,5.0,0.0
49,116,6.0,5.1918857e-14
49,116,7.0,4.9608455e-09
49,116,8.0,2.8587824e-08
49,116,9.0,3.4193928e-08
49,116,10.0,5.0217454e-06
49,116,11.0,8.782006e-06
49,116,12.0,3.8109545e-05
49,116,13.0,4.134901e-05
49,116,14.0,1.1069324e-05
49,117,0.0,0.0
49,117,1.0,2.5606823e-08
49,117,2.0,0.0
49,117,3.0,1.7954294e-07
49,117,4.0,1.3311154e-07
49,117,5.0,1.2876981e-05
49,117,6.0,2.1897426e-05
49,117,7.0,1.3749513e-05
49,117,8.0,1.05038835e-05
49,117,9.0,1.7705775e-05
49,117,10.0,1.7736218e-05
49,117,11.0,9.864171e-05
49,117,12.0,0.00020590359
49,117,13.0,0.00022098723
49,117,14.0,0.00025454018
49,118,0.0,5.820942e-07
49,118,1.0,2.7722708e-06
49,118,2.0,3.921193e-06
49,118,3.0,1.33543435e-05
49,118,4.0,0.00017132977
49,118,5.0,3.6408157e-05
49,118,6.0,8.1107086e-05
49,118,7.0,0.00017769546
49,118,8.0,0.00015587681
49,118,9.0,0.00016518425
49,118,10.0,0.00022150658
49,118,11.0,0.00038315105
49,118,12.0,0.0006553382
49,118,13.0,0.0006131992
49,118,14.0,0.0007395268
49,119,0.0,2.9546247e-05
49,119,1.0,5.4203814e-05
49,119,2.0,0.00010360938
49,119,3.0,0.0002547924
49,119,4.0,0.00021730058
49,119,5.0,0.0005239283
49,119,6.0,0.00066953176
49,119,7.0,0.000687199
49,119,8.0,0.0005696316
49,119,9.0,0.0011861842
49,119,10.0,0.0023361247
49,119,11.0,0.003645481
49,119,12.0,0.0044159596
49,119,13.0,0.005566894
49,119,14.0,0.0035929766
49,120,0.0,5.5511122e-05
49,120,1.0,0.0002717341
49,120,2.0,0.0007542877
49,120,3.0,0.0008494688
49,120,4.0,0.00249182
49,120,5.0,0.0029381597
49,120,6.0,0.004249059
49,120,7.0,0.0048504295
49,120,8.0,0.0045133405
49,120,9.0,0.009202801
49,120,10.0,0.012537287
49,120,11.0,0.016241906
49,120,12.0,0.020874439
49,120,13.0,0.012961162
49,120,14.0,0.017223401
49,121,0.0,0.0004434802
49,121,1.0,0.00043062377
49,121,2.0,0.0015429823
49,121,3.0,0.002612842
49,121,4.0,0.006946876
49,121,5.0,0.0067847734
49,121,6.0,0.01042138
49,121,7.0,0.0119648855
49,121,8.0,0.013127745
49,121,9.0,0.017745743
49,121,10.0,0.024618236
49,121,11.0,0.024199545
49,121,12.0,0.030633694
49,121,13.0,0.035529666
49,121,14.0,0.035357896
49,122,0.0,0.00046187092
49,122,1.0,0.0013240523
49,122,2.0,0.0031712032
49,122,3.0,0.0066098887
49,122,4.0,0.008360289
49,122,5.0,0.015816407
49,122,6.0,0.022221614
49,122,7.0,0.024524456
49,122,8.0,0.025103373
49,122,9.0,0.03239677
49,122,10.0,0.04842284
49,122,11.0,0.061115853
49,122,12.0,0.07366944
49,122,13.0,0.07353643
49,122,14.0,0.072835356
49,123,0.0,0.00080350856
49,123,1.0,0.002155721
49,123,2.0,0.006008453
49,123,3.0,0.008336511
49,123,4.0,0.011524336
49,123,5.0,0.020560227
49,123,6.0,0.019860141
49,123,7.0,0.026015053
49,123,8.0,0.025459863
49,123,9.0,0.024522424
49,123,10.0,0.038405675
49,123,11.0,0.057172157
49,123,12.0,0.07450356
49,123,13.0,0.09113724
49,123,14.0,0.08330261
49,124,0.0,0.00028252657
49,124,1.0,0.0011933827
49,124,2.0,0.002568027
49,124,3.0,0.006432315
49,124,4.0,0.009650844
49,124,5.0,0.015214156
49,124,6.0,0.019655667
49,124,7.0,0.027479043
49,124,8.0,0.02627459
49,124,9.0,0.032347452
49,124,10.0,0.042661093
49,124,11.0,0.050515473
49,124,12.0,0.06642748
49,124,13.0,0.0705835
49,124,14.0,0.077353135
49,125,0.0,0.0011670475
49,125,1.0,0.0027311668
49,125,2.0,0.006731785
49,125,3.0,0.010576537
49,125,4.0,0.0133847855
49,125,5.0,0.028753355
49,125,6.0,0.030348282
49,125,7.0,0.034671057
49,125,8.0,0.026253708
49,125,9.0,0.034144983
49,125,10.0,0.042826183
49,125,11.0,0.047350314
49,125,12.0,0.04917914
49,125,13.0,0.06094983
49,125,14.0,0.057662517
49,126,0.0,0.0021679415
49,126,1.0,0.0051687085
49,126,2.0,0.0064715375
49,126,3.0,0.012054854
49,126,4.0,0.021411348
49,126,5.0,0.025762834
49,126,6.0,0.031289972
49,126,7.0,0.036939986
49,126,8.0,0.035080295
49,126,9.0,0.034390263
49,126,10.0,0.03812111
49,126,11.0,0.045660056
49,126,12.0,0.06452734
49,126,13.0,0.07211349
49,126,14.0,0.059910912
49,127,0.0,0.008179769
49,127,1.0,0.011607308
49,127,2.0,0.015763927
49,127,3.0,0.03366046
49,127,4.0,0.04019762
49,127,5.0,0.04361666
49,127,6.0,0.052595984
49,127,7.0,0.052469075
49,127,8.0,0.04016084
49,127,9.0,0.037883654
49,127,10.0,0.04994951
49,127,11.0,0.06415033
49,127,12.0,0.07086336
49,127,13.0,0.04754099
49,127,14.0,0.05085535
49,128,0.0,0.0067260377
49,128,1.0,0.01669196
49,128,2.0,0.016698947
49,128,3.0,0.025767457
49,128,4.0,0.03698244
49,128,5.0,0.03884028
49,128,6.0,0.041909635
49,128,7.0,0.03821571
49,128,8.0,0.034290336
49,128,9.0,0.026258068
49,128,10.0,0.03305889
49,128,11.0,0.044407926
49,128,12.0,0.041820608
49,128,13.0,0.040188994
49,128,14.0,0.036330648
49,129,0.0,0.010033631
49,129,1.0,0.024325162
49,129,2.0,0.02507985
49,129,3.0,0.024326682
49,129,4.0,0.026081093
49,129,5.0,0.02736053
49,129,6.0,0.022443876
49,129,7.0,0.02366541
49,129,8.0,0.016490633
49,129,9.0,0.013734204
49,129,10.0,0.01986573
49,129,11.0,0.021119097
49,129,12.0,0.024546597
49,129,13.0,0.017177606
49,129,14.0,0.016376726
49,130,0.0,0.0059386645
49,130,1.0,0.0101620555
49,130,2.0,0.011919758
49,130,3.0,0.010474541
49,130,4.0,0.010599906
49,130,5.0,0.005691442
49,130,6.0,0.0071898066
49,130,7.0,0.0064928173
49,130,8.0,0.0062128585
49,130,9.0,0.005263255
49,130,10.0,0.0050262483
49,130,11.0,0.0050256136
49,130,12.0,0.004967756
49,130,13.0,0.0043069506
49,130,14.0,0.0044000996
49,131,0.0,0.0013199121
49,131,1.0,0.003894404
49,131,2.0,0.004414708
49,131,3.0,0.0024449958
49,131,4.0,0.0026059654
49,131,5.0,0.0020541602
49,131,6.0,0.0012456715
49,131,7.0,0.00085508864
49,131,8.0,0.0012857263
49,131,9.0,0.0010005098
49,131,10.0,0.0007618508
49,131,11.0,0.0008306374
49,131,12.0,0.00064449385
49,131,13.0,0.00056325865
49,131,14.0,0.0006112346
49,132,0.0,0.00022992367
49,132,1.0,0.00011991395
49,132,2.0,0.0003624861
49,132,3.0,0.00021872373
49,132,4.0,0.00022229603
49,132,5.0,9.1929796e-05
49,132,6.0,7.602899e-05
49,132,7.0,0.0001263453
49,132,8.0,0.00011219295
49,132,9.0,5.9423783e-05
49,132,10.0,0.00010551497
49,132,11.0,9.876129e-05
49,132,12.0,6.0843024e-05
49,132,13.0,1.5103534e-05
49,132,14.0,3.5360892e-05
49,133,0.0,9.20616e-06
49,133,1.0,3.571701e-06
49,133,2.0,1.5940277e-05
49,133,3.0,6.3787265e-05
49,133,4.0,2.4433095e-05
49,133,5.0,9.081117e-07
49,133,6.0,4.5581376e-07
49,133,7.0,6.8049935e-08
49,133,8.0,9.6883905e-06
49,133,9.0,3.1780597e-05
49,133,10.0,4.840799e-05
49,133,11.0,3.4392997e-06
49,133,12.0,5.7982454e-09
49,133,13.0,1.7561094e-06
49,133,14.0,4.3058483e-07
49,134,0.0,1.3933976e-07
49,134,1.0,0.0
49,134,2.0,4.4492818e-10
49,134,3.0,3.7267264e-07
49,134,4.0,4.8463994e-07
49,134,5.0,2.1432233e-07
49,134,6.0,0.0
49,134,7.0,0.0
49,134,8.0,1.472898e-08
49,134,9.0,4.2576334e-10
49,134,10.0,0.0
49,134,11.0,0.0
49,134,12.0,0.0
49,134,13.0,5.3270565e-08
49,134,14.0,8.1703824e-08
49,135,0.0,4.1513037e-09
49,135,1.0,0.0
49,135,2.0,0.0
49,135,3.0,4.4529e-09
49,135,4.0,2.7634966e-08
49,135,5.0,0.0
49,135,6.0,9.224953e-10
49,135,7.0,2.746417e-07
49,135,8.0,2.6237177e-07
49,135,9.0,1.2515183e-07
49,135,10.0,1.9962164e-07
49,135,11.0,2.3301894e-07
49,135,12.0,5.2262774e-11
49,135,13.0,5.8732224e-09
49,135,14.0,4.7688303e-07
49,136,0.0,1.3403198e-14
49,136,1.0,0.0
49,136,2.0,6.0766205e-11
49,136,3.0,1.4540675e-09
49,136,4.0,3.6028597e-10
49,136,5.0,0.0
49,136,6.0,0.0
49,136,7.0,0.0
49,136,8.0,0.0
49,136,9.0,1.9715858e-07
49,136,10.0,1.3180886e-09
49,136,11.0,1.4425233e-07
49,136,12.0,7.8271036e-08
49,136,13.0,3.2695995e-09
49,136,14.0,2.2648283e-07
49,137,0.0,0.0
49,137,1.0,0.0
49,137,2.0,0.0
49,137,3.0,5.0329658e-14
49,137,4.0,1.9287048e-10
49,137,5.0,1.4764874e-08
49,137,6.0,2.3247071e-07
49,137,7.0,3.3258362e-07
49,137,8.0,1.7126379e-07
49,137,9.0,8.25923e-08
49,137,10.0,7.627001e-08
49,137,11.0,4.4689575e-08
49,137,12.0,5.5528744e-07
49,137,13.0,8.839216e-07
49,137,14.0,2.488426e-11
49,138,0.0,1.53214e-13
49,138,1.0,7.964613e-11
49,138,2.0,3.495865e-08
49,138,3.0,5.65097e-10
49,138,4.0,1.7440638e-07
49,138,5.0,7.480674e-08
49,138,6.0,7.823032e-08
49,138,7.0,2.636583e-06
49,138,8.0,5.900709e-07
49,138,9.0,2.2038088e-07
49,138,10.0,2.6720002e-06
49,138,11.0,2.5366307e-05
49,138,12.0,1.7248423e-05
49,138,13.0,7.918125e-06
49,138,14.0,1.3593503e-07
50,113,0.0,2.7874106e-10
50,113,1.0,4.665611e-10
50,113,2.0,3.8648104e-12
50,113,3.0,2.392043e-08
50,113,4.0,1.9538385e-08
50,113,5.0,1.3009166e-08
50,113,6.0,3.095545e-08
50,113,7.0,3.1252522e-08
50,113,8.0,3.1176874e-09
50,113,9.0,6.347773e-08
50,113,10.0,6.157166e-08
50,113,11.0,3.2055077e-08
50,113,12.0,1.0037269e-09
50,113,13.0,2.7333777e-09
50,113,14.0,7.501713e-09
50,114,0.0,0.0
50,114,1.0,1.3417157e-09
50,114,2.0,0.0
50,114,3.0,0.0
50,114,4.0,0.0
50,114,5.0,5.1777132e-08
50,114,6.0,5.265663e-10
50,114,7.0,9.789871e-08
50,114,8.0,4.7669108e-08
50,114,9.0,4.9705374e-08
50,114,10.0,3.5367764e-10
50,114,11.0,6.1329497e-09
50,114,12.0,5.7351013e-11
50,114,13.0,1.2562445e-07
50,114,14.0,1.2487513e-09
50,115,0.0,2.5447449e-08
50,115,1.0,5.3913242e-11
50,115,2.0,0.0
50,115,3.0,0.0
50,115,4.0,0.0
50,115,5.0,1.4679841e-09
50,115,6.0,2.4534157e-07
50,115,7.0,1.3732247e-08
50,115,8.0,5.880104e-13
50,115,9.0,4.126759e-09
50,115,10.0,1.6111615e-09
50,115,11.0,1.6343114e-08
50,115,12.0,3.1721345e-10
50,115,13.0,0.0
50,115,14.0,4.7899573e-11
50,116,0.0,0.0
50,116,1.0,6.2449054e-08
50,116,2.0,1.4012772e-08
50,116,3.0,0.0
50,116,4.0,9.940367e-12
50,116,5.0,1.9648667e-09
50,116,6.0,3.690561e-08
50,116,7.0,2.61983e-06
50,116,8.0,4.8651135e-08
50,116,9.0,5.3997393e-08
50,116,10.0,4.931518e-10
50,116,11.0,2.6050153e-09
50,116,12.0,1.1429088e-07
50,116,13.0,0.0
50,116,14.0,3.2930055e-11
50,117,0.0,0.0
50,117,1.0,0.0
50,117,2.0,0.0
50,117,3.0,0.0
50,117,4.0,0.0
50,117,5.0,0.0
50,117,6.0,0.0
50,117,7.0,0.0
50,117,8.0,0.0
50,117,9.0,0.0
50,117,10.0,0.0
50,117,11.0,0.0
50,117,12.0,0.0
50,117,13.0,5.9069656e-09
50,117,14.0,1.2863555e-08
50,118,0.0,0.0
50,118,1.0,0.0
50,118,2.0,0.0
50,118,3.0,0.0
50,118,4.0,1.2990127e-14
50,118,5.0,1.7560998e-11
50,118,6.0,0.0
50,118,7.0,0.0
50,118,8.0,3.5585987e-09
50,118,9.0,9.145021e-08
50,118,10.0,1.2244776e-07
50,118,11.0,1.317022e-06
50,118,12.0,2.1470503e-06
50,118,13.0,2.5295883e-05
50,118,14.0,2.0955787e-05
50,119,0.0,1.8747302e-08
50,119,1.0,0.0
50,119,2.0,1.0467616e-12
50,119,3.0,3.1096377e-09
50,119,4.0,1.5653552e-07
50,119,5.0,3.1765408e-06
50,119,6.0,2.9380868e-05
50,119,7.0,8.305049e-06
50,119,8.0,6.0710187e-07
50,119,9.0,5.864944e-06
50,119,10.0,1.215403e-05
50,119,11.0,9.4872565e-05
50,119,12.0,0.00023934328
50,119,13.0,0.00018461235
50,119,14.0,0.00010215998
50,120,0.0,1.9225385e-07
50,120,1.0,1.36714325e-05
50,120,2.0,4.4169185e-05
50,120,3.0,9.59918e-05
50,120,4.0,7.230375e-05
50,120,5.0,6.7986766e-05
50,120,6.0,0.00010989372
50,120,7.0,0.00016573502
50,120,8.0,0.00019303283
50,120,9.0,0.00028831567
50,120,10.0,0.0004668281
50,120,11.0,0.0005931604
50,120,12.0,0.00089801196
50,120,13.0,0.0012404384
50,120,14.0,0.00057772064
50,121,0.0,1.3461915e-05
50,121,1.0,6.873016e-05
50,121,2.0,0.00030534234
50,121,3.0,0.00023807031
50,121,4.0,0.00031937193
50,121,5.0,0.00039346857
50,121,6.0,0.0007397423
50,121,7.0,0.00092349446
50,121,8.0,0.0011573349
50,121,9.0,0.0012096004
50,121,10.0,0.002263707
50,121,11.0,0.0030760204
50,121,12.0,0.0044992003
50,121,13.0,0.0046929484
50,121,14.0,0.004740489
50,122,0.0,2.5119822e-05
50,122,1.0,0.00018190056
50,122,2.0,0.00063275953
50,122,3.0,0.0010452332
50,122,4.0,0.0021540495
50,122,5.0,0.0030668953
50,122,6.0,0.002753458
50,122,7.0,0.0034768218
50,122,8.0,0.0031485448
50,122,9.0,0.005615991
50,122,10.0,0.01097112
50,122,11.0,0.011648685
50,122,12.0,0.016597442
50,122,13.0,0.017518876
50,122,14.0,0.010778035
50,123,0.0,0.00026532362
50,123,1.0,0.00038226758
50,123,2.0,0.002827058
50,123,3.0,0.0020666698
50,123,4.0,0.0024541859
50,123,5.0,0.0056520617
50,123,6.0,0.005806149
50,123,7.0,0.0069714803
50,123,8.0,0.006924652
50,123,9.0,0.0072466256
50,123,10.0,0.015128006
50,123,11.0,0.021483637
50,123,12.0,0.020895494
50,123,13.0,0.023255436
50,123,14.0,0.023393566
50,124,0.0,0.0004738416
50,124,1.0,0.0013768701
50,124,2.0,0.0023848065
50,124,3.0,0.0048966776
50,124,4.0,0.006310564
50,124,5.0,0.0130386045
50,124,6.0,0.014076914
50,124,7.0,0.015623687
50,124,8.0,0.018972963
50,124,9.0,0.02489266
50,124,10.0,0.034961764
50,124,11.0,0.038332112
50,124,12.0,0.046543818
50,124,13.0,0.049071245
50,124,14.0,0.049857687
50,125,0.0,0.00086482544
50,125,1.0,0.0024566145
50,125,2.0,0.0040507647
50,125,3.0,0.00434273
50,125,4.0,0.008492157
50,125,5.0,0.01320045
50,125,6.0,0.016835999
50,125,7.0,0.024976378
50,125,8.0,0.019766886
50,125,9.0,0.023783814
50,125,10.0,0.02843778
50,125,11.0,0.04037317
50,125,12.0,0.044821832
50,125,13.0,0.048876278
50,125,14.0,0.049910273
50,126,0.0,0.0057746028
50,126,1.0,0.00944963
50,126,2.0,0.01025593
50,126,3.0,0.01470576
50,126,4.0,0.020412931
50,126,5.0,0.026244689
50,126,6.0,0.032455277
50,126,7.0,0.04052698
50,126,8.0,0.03257777
50,126,9.0,0.039868936
50,126,10.0,0.048052013
50,126,11.0,0.061648905
50,126,12.0,0.05901653
50,126,13.0,0.07765547
50,126,14.0,0.07808931
50,127,0.0,0.010924306
50,127,1.0,0.01871951
50,127,2.0,0.03084067
50,127,3.0,0.030670878
50,127,4.0,0.04746923
50,127,5.0,0.038365666
50,127,6.0,0.044767346
50,127,7.0,0.042962294
50,127,8.0,0.060611412
50,127,9.0,0.052098345
50,127,10.0,0.062357668
50,127,11.0,0.06793151
50,127,12.0,0.07214283
50,127,13.0,0.092567846
50,127,14.0,0.09720908
50,128,0.0,0.050922494
50,128,1.0,0.07057821
50,128,2.0,0.08907963
50,128,3.0,0.09978387
50,128,4.0,0.108635664
50,128,5.0,0.12773083
50,128,6.0,0.13631028
50,128,7.0,0.12640637
50,128,8.0,0.11586189
50,128,9.0,0.12907527
50,128,10.0,0.14398022
50,128,11.0,0.13448009
50,128,12.0,0.1394673
50,128,13.0,0.15042807
50,128,14.0,0.14511846
50,129,0.0,0.085101366
50,129,1.0,0.10322979
50,129,2.0,0.12810831
50,129,3.0,0.12882727
50,129,4.0,0.12125082
50,129,5.0,0.1396994
50,129,6.0,0.17924882
50,129,7.0,0.15811273
50,129,8.0,0.13540041
50,129,9.0,0.14747946
50,129,10.0,0.14531146
50,129,11.0,0.15416946
50,129,12.0,0.1511991
50,129,13.0,0.14415099
50,129,14.0,0.14533031
50,130,0.0,0.19304557
50,130,1.0,0.21861151
50,130,2.0,0.21728632
50,130,3.0,0.20248455
50,130,4.0,0.19065675
50,130,5.0,0.1894646
50,130,6.0,0.18437482
50,130,7.0,0.17618908
50,130,8.0,0.15968315
50,130,9.0,0.15530235
50,130,10.0,0.16984619
50,130,11.0,0.13573499
50,130,12.0,0.13479242
50,130,13.0,0.116970085
50,130,14.0,0.11207909
50,131,0.0,0.13222022
50,131,1.0,0.15035103
50,131,2.0,0.14245184
50,131,3.0,0.15177427
50,131,4.0,0.13065399
50,131,5.0,0.1132987
50,131,6.0,0.110343404
50,131,7.0,0.08811619
50,131,8.0,0.09552741
50,131,9.0,0.08987072
50,131,10.0,0.08079894
50,131,11.0,0.07212063
50,131,12.0,0.07294566
50,131,13.0,0.06871514
50,131,14.0,0.060170326
50,132,0.0,0.091860324
50,132,1.0,0.07820529
50,132,2.0,0.07568466
50,132,3.0,0.06809529
50,132,4.0,0.048473533
50,132,5.0,0.03789083
50,132,6.0,0.027889494
50,132,7.0,0.032747872
50,132,8.0,0.030577658
50,132,9.0,0.028958429
50,132,10.0,0.022770349
50,132,11.0,0.019189507
50,132,12.0,0.019997679
50,132,13.0,0.017293451
50,132,14.0,0.015619784
50,133,0.0,0.013510254
50,133,1.0,0.012458293
50,133,2.0,0.009610681
50,133,3.0,0.008255285
50,133,4.0,0.008810381
50,133,5.0,0.005585625
50,133,6.0,0.0042353175
50,133,7.0,0.004364567
50,133,8.0,0.005202586
50,133,9.0,0.0041755303
50,133,10.0,0.004854024
50,133,11.0,0.00609841
50,133,12.0,0.00376728
50,133,13.0,0.0022339001
50,133,14.0,0.0024227898
50,134,0.0,0.002314598
50,134,1.0,0.001552641
50,134,2.0,0.0013111248
50,134,3.0,0.0011226762
50,134,4.0,0.00074038527
50,134,5.0,0.00075391424
50,134,6.0,0.0002628228
50,134,7.0,0.00021274707
50,134,8.0,0.00017382218
50,134,9.0,0.00017497448
50,134,10.0,0.00029275674
50,134,11.0,0.0003019139
50,134,12.0,8.389632e-05
50,134,13.0,0.000111228845
50,134,14.0,0.0002942032
50,135,0.0,0.00012938137
50,135,1.0,0.0003664949
50,135,2.0,0.0002334711
50,135,3.0,8.071839e-05
50,135,4.0,3.7012498e-05
50,135,5.0,1.4777158e-06
50,135,6.0,1.4137412e-06
50,135,7.0,3.0928372e-06
50,135,8.0,2.3365108e-05
50,135,9.0,2.2455288e-05
50,135,10.0,1.9336778e-05
50,135,11.0,1.1811579e-05
50,135,12.0,2.2505294e-06
50,135,13.0,2.3206333e-07
50,135,14.0,2.6089094e-06
50,136,0.0,1.9237616e-06
50,136,1.0,0.0
50,136,2.0,1.8160526e-08
50,136,3.0,0.0
50,136,4.0,1.15696324e-07
50,136,5.0,1.0100337e-06
50,136,6.0,0.0
50,136,7.0,0.0
50,136,8.0,0.0
50,136,9.0,6.0056124e-08
50,136,10.0,0.0
50,136,11.0,0.0
50,136,12.0,8.333763e-08
50,136,13.0,0.0
50,136,14.0,1.0114169e-10
50,137,0.0,3.4206238e-07
50,137,1.0,6.6695236e-09
50,137,2.0,0.0
50,137,3.0,4.8606696e-10
50,137,4.0,1.3128282e-10
50,137,5.0,8.931744e-17
50,137,6.0,0.0
50,137,7.0,0.0
50,137,8.0,0.0
50,137,9.0,1.2727754e-07
50,137,10.0,9.950448e-08
50,137,11.0,4.859309e-07
50,137,12.0,3.4469036e-08
50,137,13.0,3.510731e-08
50,137,14.0,1.011261e-08
50,138,0.0,4.115171e-09
50,138,1.0,2.7654373e-10
50,138,2.0,5.0062294e-08
50,138,3.0,4.760146e-08
50,138,4.0,8.939461e-16
50,138,5.0,1.6615602e-10
50,138,6.0,2.6143564e-08
50,138,7.0,1.1865272e-07
50,138,8.0,9.2408084e-07
50,138,9.0,2.2328702e-07
50,138,10.0,2.249964e-07
50,138,11.0,1.2000818e-07
50,138,12.0,1.1391196e-07
50,138,13.0,1.4576977e-07
50,138,14.0,2.0295598e-08
50,139,0.0,7.3186507e-10
50,139,1.0,1.9993935e-09
50,139,2.0,0.0
50,139,3.0,2.426533e-09
50,139,4.0,1.8440083e-10
50,139,5.0,2.4313587e-09
50,139,6.0,3.263882e-13
50,139,7.0,3.8084204e-14
50,139,8.0,2.0590399e-13
50,139,9.0,0.0
50,139,10.0,0.0
50,139,11.0,0.0
50,139,12.0,4.7706693e-11
50,139,13.0,1.0256427e-08
50,139,14.0,6.9270417e-10
50,140,0.0,1.38405e-07
50,140,1.0,1.890313e-07
50,140,2.0,1.0339586e-07
50,140,3.0,1.7013055e-07
50,140,4.0,8.93223e-07
50,140,5.0,2.2666213e-06
50,140,6.0,5.7404196e-07
50,140,7.0,3.0515622e-07
50,140,8.0,9.746434e-07
50,140,9.0,8.4011276e-07
50,140,10.0,9.464083e-07
50,140,11.0,6.1158147e-07
50,140,12.0,1.6321069e-12
50,140,13.0,2.4477593e-08
50,140,14.0,1.0505116e-06
51,116,0.0,0.0
51,116,1.0,0.0
51,116,2.0,0.0
51,116,3.0,7.324881e-07
51,116,4.0,2.6524418e-07
51,116,5.0,2.0715737e-10
51,116,6.0,6.407815e-08
51,116,7.0,4.954637e-10
51,116,8.0,7.1187733e-10
51,116,9.0,6.4055945e-07
51,116,10.0,2.0081315e-07
51,116,11.0,9.0453156e-08
51,116,12.0,1.795419e-07
51,116,13.0,1.3285627e-06
51,116,14.0,1.1122873e-05
51,117,0.0,0.0
51,117,1.0,1.3159777e-11
51,117,2.0,1.597663e-08
51,117,3.0,7.942737e-07
51,117,4.0,1.8036085e-08
51,117,5.0,1.1230766e-11
51,117,6.0,0.0
51,117,7.0,0.0
51,117,8.0,1.544621e-10
51,117,9.0,5.5067992e-11
51,117,10.0,5.9056804e-09
51,117,11.0,2.5046427e-07
51,117,12.0,6.794882e-07
51,117,13.0,2.5998912e-07
51,117,14.0,5.087766e-07
51,118,0.0,4.325009e-08
51,118,1.0,0.0
51,118,2.0,0.0
51,118,3.0,3.5025014e-11
51,118,4.0,1.6304286e-06
51,118,5.0,0.0
51,118,6.0,0.0
51,118,7.0,4.7916865e-10
51,118,8.0,7.31131e-11
51,118,9.0,4.6109527e-08
51,118,10.0,1.575889e-07
51,118,11.0,1.1653466e-07
51,118,12.0,3.2781116e-08
51,118,13.0,0.0
51,118,14.0,0.0
51,119,0.0,0.0
51,119,1.0,0.0
51,119,2.0,0.0
51,119,3.0,0.0
51,119,4.0,0.0
51,119,5.0,0.0
51,119,6.0,0.0
51,119,7.0,0.0
51,119,8.0,0.0
51,119,9.0,2.1021698e-08
51,119,10.0,7.340481e-10
51,119,11.0,4.075186e-07
51,119,12.0,1.135304e-06
51,119,13.0,9.837197e-07
51,119,14.0,4.768757e-08
51,120,0.0,0.0
51,120,1.0,0.0
51,120,2.0,0.0
51,120,3.0,2.2679417e-08
51,120,4.0,1.8945324e-06
51,120,5.0,0.0
51,120,6.0,0.0
51,120,7.0,0.0
51,120,8.0,0.0
51,120,9.0,7.4551e-07
51,120,10.0,2.854174e-06
51,120,11.0,4.459939e-06
51,120,12.0,2.7596457e-06
51,120,13.0,2.2077643e-07
51,120,14.0,4.883438e-09
51,121,0.0,0.0
51,121,1.0,0.0
51,121,2.0,1.7127874e-10
51,121,3.0,0.0
51,121,4.0,1.2029498e-10
51,121,5.0,9.088918e-12
51,121,6.0,0.0
51,121,7.0,3.547678e-10
51,121,8.0,0.0
51,121,9.0,4.963242e-09
51,121,10.0,8.874128e-08
51,121,11.0,1.49531925e-05
51,121,12.0,1.9111714e-05
51,121,13.0,3.7036748e-06
51,121,14.0,1.1216753e-06
51,122,0.0,4.4118116e-07
51,122,1.0,3.9492147e-07
51,122,2.0,5.270373e-07
51,122,3.0,9.29272e-07
51,122,4.0,6.4713217e-06
51,122,5.0,2.2417242e-05
51,122,6.0,2.0772995e-05
51,122,7.0,3.6107736e-05
51,122,8.0,0.00010081295
51,122,9.0,9.642717e-05
51,122,10.0,0.00025401352
51,122,11.0,0.00025771672
51,122,12.0,7.915689e-05
51,122,13.0,5.081396e-05
51,122,14.0,9.052959e-05
51,123,0.0,5.0663566e-06
51,123,1.0,1.7108523e-06
51,123,2.0,3.9545226e-05
51,123,3.0,2.1312739e-05
51,123,4.0,5.5592507e-05
51,123,5.0,0.00019234706
51,123,6.0,0.00019585955
51,123,7.0,0.00013499423
51,123,8.0,0.00025698706
51,123,9.0,0.00037304082
51,123,10.0,0.00046368444
51,123,11.0,0.0013842575
51,123,12.0,0.0014868282
51,123,13.0,0.0020918678
51,123,14.0,0.0022252146
51,124,0.0,2.3987463e-06
51,124,1.0,6.120105e-05
51,124,2.0,3.1377323e-05
51,124,3.0,0.00023104085
51,124,4.0,0.00042069732
51,124,5.0,0.0008764182
51,124,6.0,0.0007216111
51,124,7.0,0.00069546176
51,124,8.0,0.0008148093
51,124,9.0,0.0014865954
51,124,10.0,0.0021552301
51,124,11.0,0.0020721296
51,124,12.0,0.003610813
51,124,13.0,0.005129077
51,124,14.0,0.0044570137
51,125,0.0,8.135709e-05
51,125,1.0,0.0001681482
51,125,2.0,0.0006560208
51,125,3.0,0.0007662334
51,125,4.0,0.0019036126
51,125,5.0,0.0013530167
51,125,6.0,0.002204029
51,125,7.0,0.0025311196
51,125,8.0,0.0028642241
51,125,9.0,0.0034292908
51,125,10.0,0.005548184
51,125,11.0,0.008357682
51,125,12.0,0.013419604
51,125,13.0,0.016123233
51,125,14.0,0.01214928
51,126,0.0,0.00023739577
51,126,1.0,0.00041199996
51,126,2.0,0.00067838776
51,126,3.0,0.0009417753
51,126,4.0,0.0023088257
51,126,5.0,0.00355262
51,126,6.0,0.0044778087
51,126,7.0,0.0056066546
51,126,8.0,0.005729767
51,126,9.0,0.005214727
51,126,10.0,0.009251451
51,126,11.0,0.014720784
51,126,12.0,0.020584686
51,126,13.0,0.024148788
51,126,14.0,0.02333324
51,127,0.0,0.0006127729
51,127,1.0,0.0017755241
51,127,2.0,0.0027559155
51,127,3.0,0.0041743456
51,127,4.0,0.0060557956
51,127,5.0,0.009418909
51,127,6.0,0.010266246
51,127,7.0,0.01325209
51,127,8.0,0.012678208
51,127,9.0,0.013753052
51,127,10.0,0.019786136
51,127,11.0,0.026778847
51,127,12.0,0.04074516
51,127,13.0,0.05422805
51,127,14.0,0.04932077
51,128,0.0,0.0028866285
51,128,1.0,0.005610642
51,128,2.0,0.009005212
51,128,3.0,0.01226625
51,128,4.0,0.012401343
51,128,5.0,0.017032526
51,128,6.0,0.02418338
51,128,7.0,0.023320284
51,128,8.0,0.020393908
51,128,9.0,0.03037811
51,128,10.0,0.03941961
51,128,11.0,0.05524633
51,128,12.0,0.079624705
51,128,13.0,0.06655192
51,128,14.0,0.06895997
51,129,0.0,0.014628769
51,129,1.0,0.033345677
51,129,2.0,0.04088387
51,129,3.0,0.045077678
51,129,4.0,0.06353297
51,129,5.0,0.100665435
51,129,6.0,0.115911715
51,129,7.0,0.10911336
51,129,8.0,0.09662747
51,129,9.0,0.08777986
51,129,10.0,0.099891976
51,129,11.0,0.12303182
51,129,12.0,0.16181892
51,129,13.0,0.17153768
51,129,14.0,0.16814871
51,130,0.0,0.065212086
51,130,1.0,0.12874255
51,130,2.0,0.1748716
51,130,3.0,0.190034
51,130,4.0,0.20914556
51,130,5.0,0.24505657
51,130,6.0,0.24209788
51,130,7.0,0.25789174
51,130,8.0,0.24800844
51,130,9.0,0.22618608
51,130,10.0,0.26886925
51,130,11.0,0.30090708
51,130,12.0,0.30689073
51,130,13.0,0.3383392
51,130,14.0,0.31119585
51,131,0.0,0.23058145
51,131,1.0,0.35849875
51,131,2.0,0.3772275
51,131,3.0,0.41384062
51,131,4.0,0.480056
51,131,5.0,0.44313106
51,131,6.0,0.40141898
51,131,7.0,0.3809826
51,131,8.0,0.36374542
51,131,9.0,0.35197717
51,131,10.0,0.3610041
51,131,11.0,0.39301863
51,131,12.0,0.40763885
51,131,13.0,0.3880189
51,131,14.0,0.37292448
51,132,0.0,0.3497655
51,132,1.0,0.4415508
51,132,2.0,0.46992815
51,132,3.0,0.43315598
51,132,4.0,0.42502725
51,132,5.0,0.41570354
51,132,6.0,0.3699592
51,132,7.0,0.36281076
51,132,8.0,0.35138488
51,132,9.0,0.35793373
51,132,10.0,0.36472252
51,132,11.0,0.3432875
51,132,12.0,0.33247593
51,132,13.0,0.32621813
51,132,14.0,0.2736937
51,133,0.0,0.3603612
51,133,1.0,0.32615578
51,133,2.0,0.33995196
51,133,3.0,0.32568857
51,133,4.0,0.27202713
51,133,5.0,0.23772202
51,133,6.0,0.19135414
51,133,7.0,0.21290594
51,133,8.0,0.16366503
51,133,9.0,0.1749355
51,133,10.0,0.17000458
51,133,11.0,0.16061126
51,133,12.0,0.1253616
51,133,13.0,0.1376886
51,133,14.0,0.11244587
51,134,0.0,0.088066615
51,134,1.0,0.1082423
51,134,2.0,0.105788246
51,134,3.0,0.09828045
51,134,4.0,0.08974388
51,134,5.0,0.06856979
51,134,6.0,0.05297854
51,134,7.0,0.055685278
51,134,8.0,0.056319453
51,134,9.0,0.057498626
51,134,10.0,0.051746562
51,134,11.0,0.049909893
51,134,12.0,0.05156088
51,134,13.0,0.029680837
51,134,14.0,0.030024791
51,135,0.0,0.018400678
51,135,1.0,0.02281222
51,135,2.0,0.02563691
51,135,3.0,0.019440815
51,135,4.0,0.013143217
51,135,5.0,0.011578769
51,135,6.0,0.010629836
51,135,7.0,0.0097656315
51,135,8.0,0.0079880655
51,135,9.0,0.008854994
51,135,10.0,0.0075303507
51,135,11.0,0.006345208
51,135,12.0,0.0064708004
51,135,13.0,0.005736605
51,135,14.0,0.0077329767
51,136,0.0,0.0015591161
51,136,1.0,0.0021678074
51,136,2.0,0.0030467887
51,136,3.0,0.0019891197
51,136,4.0,0.0016841854
51,136,5.0,0.0015371701
51,136,6.0,0.000970726
51,136,7.0,0.00043260655
51,136,8.0,0.0004388537
51,136,9.0,0.00084045273
51,136,10.0,0.00041433133
51,136,11.0,0.00027626
51,136,12.0,0.00032262554
51,136,13.0,0.00027183112
51,136,14.0,0.00026972796
51,137,0.0,0.00016858614
51,137,1.0,7.173094e-05
51,137,2.0,9.4058196e-05
51,137,3.0,0.000108971755
51,137,4.0,0.00011444423
51,137,5.0,0.00014021847
51,137,6.0,9.786356e-05
51,137,7.0,3.69197e-05
51,137,8.0,2.4080273e-05
51,137,9.0,2.474462e-05
51,137,10.0,7.2863895e-06
51,137,11.0,1.6246973e-05
51,137,12.0,2.209586e-05
51,137,13.0,2.7822889e-05
51,137,14.0,3.0001338e-05
51,138,0.0,4.2722504e-06
51,138,1.0,1.579861e-10
51,138,2.0,7.166555e-07
51,138,3.0,1.9910503e-06
51,138,4.0,2.9861935e-06
51,138,5.0,3.7378654e-06
51,138,6.0,5.037895e-06
51,138,7.0,1.1382614e-05
51,138,8.0,2.7975368e-06
51,138,9.0,6.9792272e-06
51,138,10.0,5.175426e-06
51,138,11.0,3.7213745e-06
51,138,12.0,1.2760078e-06
51,138,13.0,1.3770755e-06
51,138,14.0,1.1483204e-06
51,139,0.0,3.551675e-10
51,139,1.0,0.0
51,139,2.0,1.2965078e-12
51,139,3.0,0.0
51,139,4.0,4.629511e-08
51,139,5.0,1.3641727e-06
51,139,6.0,2.5670088e-06
51,139,7.0,3.1475673e-07
51,139,8.0,1.0943303e-06
51,139,9.0,7.5214354e-07
51,139,10.0,1.3305257e-07
51,139,11.0,1.8576515e-07
51,139,12.0,0.0
51,139,13.0,1.0259125e-11
51,139,14.0,1.4775773e-07
51,140,0.0,1.7440806e-08
51,140,1.0,3.2917064e-10
51,140,2.0,1.7329807e-08
51,140,3.0,4.3262606e-08
51,140,4.0,1.5181462e-09
51,140,5.0,0.0
51,140,6.0,0.0
51,140,7.0,0.0
51,140,8.0,4.0146295e-10
51,140,9.0,6.2302664e-13
51,140,10.0,1.8387049e-10
51,140,11.0,2.6595727e-08
51,140,12.0,0.0
51,140,13.0,1.5375187e-09
51,140,14.0,0.0
51,141,0.0,9.4436984e-07
51,141,1.0,8.4998396e-07
51,141,2.0,1.5912477e-07
51,141,3.0,7.290111e-07
51,141,4.0,5.23401e-09
51,141,5.0,4.9388212e-11
51,141,6.0,0.0
51,141,7.0,2.7215313e-07
51,141,8.0,0.0
51,141,9.0,3.6913548e-16
51,141,10.0,3.595003e-07
51,141,11.0,2.4480454e-07
51,141,12.0,3.0821832e-07
51,141,13.0,1.8231948e-07
51,141,14.0,3.8645345e-09
51,142,0.0,1.7891537e-10
51,142,1.0,0.0
51,142,2.0,4.3618653e-07
51,142,3.0,2.7197848e-07
51,142,4.0,6.9944067e-10
51,142,5.0,3.548613e-09
51,142,6.0,8.816754e-09
51,142,7.0,3.239755e-09
51,142,8.0,4.2937583e-07
51,142,9.0,4.4647084e-08
51,142,10.0,1.690211e-06
51,142,11.0,1.5450441e-06
51,142,12.0,7.815062e-07
51,142,13.0,9.452622e-07
51,142,14.0,6.7295176e-08
51,143,0.0,1.3124408e-08
51,143,1.0,1.9183063e-11
51,143,2.0,2.5650405e-07
51,143,3.0,3.4840852e-08
51,143,4.0,4.6323865e-07
51,143,5.0,7.8761207e-07
51,143,6.0,2.460329e-06
51,143,7.0,2.4354597e-06
51,143,8.0,5.006212e-07
51,143,9.0,1.906651e-06
51,143,10.0,3.4697499e-07
51,143,11.0,1.5255362e-06
51,143,12.0,1.3815664e-06
51,143,13.0,3.6551883e-06
51,143,14.0,1.6474983e-06
52,119,0.0,2.5765138e-07
52,119,1.0,5.9738613e-07
52,119,2.0,8.389475e-09
52,119,3.0,3.2286163e-08
52,119,4.0,3.7952827e-10
52,119,5.0,2.2315828e-10
52,119,6.0,1.35341685e-08
52,119,7.0,6.027068e-09
52,119,8.0,3.0630405e-09
52,119,9.0,1.8749813e-07
52,119,10.0,6.466189e-07
52,119,11.0,7.082262e-08
52,119,12.0,4.1413816e-08
52,119,13.0,1.2932833e-09
52,119,14.0,2.4378133e-08
52,120,0.0,1.1142206e-09
52,120,1.0,0.0
52,120,2.0,1.1411314e-07
52,120,3.0,5.21114e-07
52,120,4.0,4.8573787e-07
52,120,5.0,2.0396044e-06
52,120,6.0,1.3605322e-07
52,120,7.0,2.1110452e-06
52,120,8.0,1.6136079e-07
52,120,9.0,2.3364272e-08
52,120,10.0,1.8469758e-07
52,120,11.0,2.6587783e-08
52,120,12.0,1.3685725e-07
52,120,13.0,6.507142e-11
52,120,14.0,0.0
52,121,0.0,0.0
52,121,1.0,1.456151e-07
52,121,2.0,6.5009926e-09
52,121,3.0,3.6123755e-08
52,121,4.0,2.7214553e-09
52,121,5.0,1.8853934e-10
52,121,6.0,5.4576955e-08
52,121,7.0,5.2049937e-10
52,121,8.0,5.170845e-09
52,121,9.0,1.0761331e-07
52,121,10.0,5.1788998e-08
52,121,11.0,1.5521177e-09
52,121,12.0,9.294188e-10
52,121,13.0,1.7912315e-09
52,121,14.0,3.144941e-08
52,122,0.0,0.0
52,122,1.0,0.0
52,122,2.0,0.0
52,122,3.0,0.0
52,122,4.0,5.945534e-09
52,122,5.0,5.668953e-10
52,122,6.0,0.0
52,122,7.0,0.0
52,122,8.0,1.1667226e-08
52,122,9.0,0.0
52,122,10.0,0.0
52,122,11.0,0.0
52,122,12.0,0.0
52,122,13.0,1.638891e-11
52,122,14.0,3.6275438e-11
52,123,0.0,3.2280545e-10
52,123,1.0,6.5414785e-09
52,123,2.0,4.6810054e-08
52,123,3.0,3.6643513e-07
52,123,4.0,0.0
52,123,5.0,0.0
52,123,6.0,0.0
52,123,7.0,0.0
52,123,8.0,2.2807023e-09
52,123,9.0,0.0
52,123,10.0,4.2785735e-09
52,123,11.0,5.3501676e-08
52,123,12.0,2.0747912e-08
52,123,13.0,1.08968244e-07
52,123,14.0,5.3638405e-07
52,124,0.0,3.255011e-10
52,124,1.0,7.2034105e-08
52,124,2.0,2.626299e-05
52,124,3.0,4.76001e-07
52,124,4.0,1.03751e-07
52,124,5.0,4.8851405e-07
52,124,6.0,1.5926348e-07
52,124,7.0,3.2525086e-06
52,124,8.0,1.2212241e-05
52,124,9.0,2.8632363e-05
52,124,10.0,2.6808504e-05
52,124,11.0,2.9087947e-05
52,124,12.0,0.00010513565
52,124,13.0,0.00023136819
52,124,14.0,7.763674e-05
52,125,0.0,0.0
52,125,1.0,4.6119726e-07
52,125,2.0,1.342851e-07
52,125,3.0,5.497048e-06
52,125,4.0,6.4808256e-07
52,125,5.0,1.0031503e-06
52,125,6.0,1.7399754e-05
52,125,7.0,3.490546e-05
52,125,8.0,2.9533468e-05
52,125,9.0,0.00012342124
52,125,10.0,0.00012555126
52,125,11.0,0.0002946516
52,125,12.0,0.00023177244
52,125,13.0,0.0003392527
52,125,14.0,0.00022157465
52,126,0.0,3.115251e-06
52,126,1.0,2.8441531e-05
52,126,2.0,6.24079e-05
52,126,3.0,6.8325855e-05
52,126,4.0,0.00015326047
52,126,5.0,0.00032572573
52,126,6.0,0.00058229564
52,126,7.0,0.0006797563
52,126,8.0,0.00072086137
52,126,9.0,0.0010508688
52,126,10.0,0.0012422098
52,126,11.0,0.0023362266
52,126,12.0,0.0034014112
52,126,13.0,0.0035944132
52,126,14.0,0.0042923326
52,127,0.0,2.3885399e-05
52,127,1.0,7.268836e-05
52,127,2.0,0.00016045384
52,127,3.0,0.00020181514
52,127,4.0,0.00051502587
52,127,5.0,0.0004805209
52,127,6.0,0.00089426263
52,127,7.0,0.001006962
52,127,8.0,0.0010240381
52,127,9.0,0.0012598527
52,127,10.0,0.0029310486
52,127,11.0,0.004416207
52,127,12.0,0.0057440153
52,127,13.0,0.006362273
52,127,14.0,0.007119819
52,128,0.0,0.000115039016
52,128,1.0,0.00041542275
52,128,2.0,0.0010589397
52,128,3.0,0.0013696718
52,128,4.0,0.0021905398
52,128,5.0,0.0031212107
52,128,6.0,0.0048614335
52,128,7.0,0.0051708026
52,128,8.0,0.005712502
52,128,9.0,0.007453715
52,128,10.0,0.012466456
52,128,11.0,0.015547651
52,128,12.0,0.023152662
52,128,13.0,0.023283307
52,128,14.0,0.020671431
52,129,0.0,0.00055052544
52,129,1.0,0.0009154993
52,129,2.0,0.002240037
52,129,3.0,0.0030842647
52,129,4.0,0.0054658027
52,129,5.0,0.00616514
52,129,6.0,0.006583724
52,129,7.0,0.0108196745
52,129,8.0,0.009350168
52,129,9.0,0.008676769
52,129,10.0,0.020038327
52,129,11.0,0.024132231
52,129,12.0,0.023594754
52,129,13.0,0.038042206
52,129,14.0,0.04173463
52,130,0.0,0.006637625
52,130,1.0,0.022086848
52,130,2.0,0.020412019
52,130,3.0,0.021136146
52,130,4.0,0.030376367
52,130,5.0,0.035504032
52,130,6.0,0.042588357
52,130,7.0,0.04389147
52,130,8.0,0.045571208
52,130,9.0,0.044637464
52,130,10.0,0.052360896
52,130,11.0,0.07963918
52,130,12.0,0.07877812
52,130,13.0,0.08900296
52,130,14.0,0.0738966
52,131,0.0,0.04921132
52,131,1.0,0.061826613
52,131,2.0,0.066125825
52,131,3.0,0.09303535
52,131,4.0,0.09736798
52,131,5.0,0.103010036
52,131,6.0,0.11600405
52,131,7.0,0.13217245
52,131,8.0,0.13888128
52,131,9.0,0.15698542
52,131,10.0,0.18952794
52,131,11.0,0.2103151
52,131,12.0,0.22570805
52,131,13.0,0.21946487
52,131,14.0,0.21801986
52,132,0.0,0.21774629
52,132,1.0,0.26276693
52,132,2.0,0.26958892
52,132,3.0,0.30370337
52,132,4.0,0.30141574
52,132,5.0,0.31278202
52,132,6.0,0.3554997
52,132,7.0,0.35420468
52,132,8.0,0.38291684
52,132,9.0,0.38056934
52,132,10.0,0.41293058
52,132,11.0,0.36893302
52,132,12.0,0.38001928
52,132,13.0,0.42625874
52,132,14.0,0.4433217
52,133,0.0,0.48998436
52,133,1.0,0.52622
52,133,2.0,0.5610814
52,133,3.0,0.5759076
52,133,4.0,0.57466465
52,133,5.0,0.5950724
52,133,6.0,0.5739034
52,133,7.0,0.60227865
52,133,8.0,0.6641783
52,133,9.0,0.65827554
52,133,10.0,0.6662358
52,133,11.0,0.58563876
52,133,12.0,0.54995304
52,133,13.0,0.54264235
52,133,14.0,0.5474199
52,134,0.0,0.9352269
52,134,1.0,0.901463
52,134,2.0,0.8182524
52,134,3.0,0.81872344
52,134,4.0,0.6719201
52,134,5.0,0.8090248
52,134,6.0,0.68820345
52,134,7.0,0.58010215
52,134,8.0,0.6432102
52,134,9.0,0.5980852
52,134,10.0,0.5859705
52,134,11.0,0.53901446
52,134,12.0,0.47890392
52,134,13.0,0.54349
52,134,14.0,0.47324112
52,135,0.0,0.4664272
52,135,1.0,0.5103608
52,135,2.0,0.45896614
52,135,3.0,0.35979685
52,135,4.0,0.33608723
52,135,5.0,0.29109186
52,135,6.0,0.29276264
52,135,7.0,0.26757607
52,135,8.0,0.2952693
52,135,9.0,0.27548608
52,135,10.0,0.23644425
52,135,11.0,0.23872158
52,135,12.0,0.21625116
52,135,13.0,0.20153625
52,135,14.0,0.18312544
52,136,0.0,0.22445665
52,136,1.0,0.21877621
52,136,2.0,0.18570101
52,136,3.0,0.14493474
52,136,4.0,0.10845076
52,136,5.0,0.09092182
52,136,6.0,0.08457419
52,136,7.0,0.08955252
52,136,8.0,0.080316395
52,136,9.0,0.07027411
52,136,10.0,0.0659232
52,136,11.0,0.056175407
52,136,12.0,0.044620544
52,136,13.0,0.04358396
52,136,14.0,0.051072147
52,137,0.0,0.049819626
52,137,1.0,0.043065388
52,137,2.0,0.037695255
52,137,3.0,0.027337288
52,137,4.0,0.022726078
52,137,5.0,0.018096257
52,137,6.0,0.016887233
52,137,7.0,0.013957415
52,137,8.0,0.017130809
52,137,9.0,0.01325704
52,137,10.0,0.012234645
52,137,11.0,0.01053084
52,137,12.0,0.008727829
52,137,13.0,0.005671566
52,137,14.0,0.0056241928
52,138,0.0,0.011763281
52,138,1.0,0.008297161
52,138,2.0,0.004765227
52,138,3.0,0.003603704
52,138,4.0,0.0046439967
52,138,5.0,0.00268784
52,138,6.0,0.0030918017
52,138,7.0,0.003644964
52,138,8.0,0.0023330506
52,138,9.0,0.0021492012
52,138,10.0,0.0026753251
52,138,11.0,0.0025207184
52,138,12.0,0.0019894093
52,138,13.0,0.0016908989
52,138,14.0,0.0020579868
52,139,0.0,0.0013725444
52,139,1.0,0.0009606777
52,139,2.0,0.00075961254
52,139,3.0,0.00038367155
52,139,4.0,0.00053637364
52,139,5.0,0.000524574
52,139,6.0,0.00036874815
52,139,7.0,0.00033672614
52,139,8.0,0.00027775622
52,139,9.0,0.00012772236
52,139,10.0,0.0001364763
52,139,11.0,0.00021979664
52,139,12.0,0.00024521633
52,139,13.0,0.000101722
52,139,14.0,0.00011862628
52,140,0.0,3.1066902e-05
52,140,1.0,4.4181554e-05
52,140,2.0,6.1273546e-05
52,140,3.0,4.3042e-05
52,140,4.0,7.691277e-05
52,140,5.0,5.0522904e-05
52,140,6.0,7.060246e-05
52,140,7.0,9.561243e-05
52,140,8.0,0.00010503116
52,140,9.0,5.6616544e-05
52,140,10.0,2.4630639e-05
52,140,11.0,4.8785896e-05
52,140,12.0,8.557702e-06
52,140,13.0,1.2998566e-05
52,140,14.0,3.3528853e-05
52,141,0.0,1.4218711e-08
52,141,1.0,1.2198957e-07
52,141,2.0,0.0
52,141,3.0,0.0
52,141,4.0,0.0
52,141,5.0,0.0
52,141,6.0,0.0
52,141,7.0,1.942908e-08
52,141,8.0,9.543435e-09
52,141,9.0,0.0
52,141,10.0,0.0
52,141,11.0,7.471189e-12
52,141,12.0,6.413662e-13
52,141,13.0,3.030055e-10
52,141,14.0,4.9967007e-08
52,142,0.0,0.0
52,142,1.0,0.0
52,142,2.0,0.0
52,142,3.0,0.0
52,142,4.0,2.7383386e-12
52,142,5.0,0.0
52,142,6.0,9.359871e-11
52,142,7.0,3.0086795e-13
52,142,8.0,4.7159943e-09
52,142,9.0,0.0
52,142,10.0,0.0
52,142,11.0,2.984173e-10
52,142,12.0,9.9413015e-08
52,142,13.0,3.657556e-07
52,142,14.0,5.4036725e-10
52,143,0.0,0.0
52,143,1.0,2.1795982e-11
52,143,2.0,4.330374e-12
52,143,3.0,1.6881093e-13
52,143,4.0,3.893832e-13
52,143,5.0,1.9727999e-08
52,143,6.0,7.945925e-12
52,143,7.0,7.687915e-09
52,143,8.0,3.036222e-11
52,143,9.0,5.5941475e-12
52,143,10.0,0.0
52,143,11.0,0.0
52,143,12.0,4.4721653e-09
52,143,13.0,7.924326e-11
52,143,14.0,5.082789e-12
52,144,0.0,2.3280805e-08
52,144,1.0,1.4178086e-08
52,144,2.0,1.1824506e-09
52,144,3.0,0.0
52,144,4.0,1.4797796e-07
52,144,5.0,8.1537576e-07
52,144,6.0,1.0170288e-06
52,144,7.0,1.3452443e-07
52,144,8.0,3.3147194e-06
52,144,9.0,4.4107506e-07
52,144,10.0,9.437401e-08
52,144,11.0,3.6868266e-07
52,144,12.0,4.2568434e-08
52,144,13.0,4.5144546e-08
52,144,14.0,0.0
52,145,0.0,0.0
52,145,1.0,7.155934e-08
52,145,2.0,1.7501312e-08
52,145,3.0,2.5531376e-08
52,145,4.0,1.9106242e-08
52,145,5.0,1.274962e-07
52,145,6.0,1.4971965e-07
52,145,7.0,2.1300613e-07
52,145,8.0,1.452786e-07
52,145,9.0,2.2775183e-08
52,145,10.0,1.9765427e-11
52,145,11.0,1.7421637e-08
52,145,12.0,7.557987e-09
52,145,13.0,1.0195075e-09
52,145,14.0,1.29306e-14
53,122,0.0,0.0
53,122,1.0,0.0
53,122,2.0,7.8930276e-07
53,122,3.0,0.0
53,122,4.0,0.0
53,122,5.0,5.7161125e-12
53,122,6.0,2.8108886e-09
53,122,7.0,4.0248462e-09
53,122,8.0,1.2005824e-09
53,122,9.0,8.478299e-08
53,122,10.0,1.778141e-08
53,122,11.0,7.4769e-08
53,122,12.0,4.7732982e-08
53,122,13.0,4.2871036e-07
53,122,14.0,1.0427781e-07
53,123,0.0,0.0
53,123,1.0,0.0
53,123,2.0,4.0681503e-09
53,123,3.0,7.594173e-08
53,123,4.0,4.808317e-09
53,123,5.0,1.2095757e-08
53,123,6.0,5.151808e-14
53,123,7.0,4.88839e-08
53,123,8.0,2.6424937e-11
53,123,9.0,1.1030894e-09
53,123,10.0,8.740427e-09
53,123,11.0,5.3184092e-08
53,123,12.0,1.4728394e-07
53,123,13.0,1.10317885e-07
53,123,14.0,1.3066294e-07
53,124,0.0,0.0
53,124,1.0,2.4353702e-07
53,124,2.0,5.406734e-07
53,124,3.0,1.9056624e-11
53,124,4.0,1.2488764e-09
53,124,5.0,1.4927639e-09
53,124,6.0,4.5410137e-11
53,124,7.0,3.7972005e-13
53,124,8.0,0.0
53,124,9.0,0.0
53,124,10.0,3.3693493e-06
53,124,11.0,7.1604205e-07
53,124,12.0,4.7062844e-08
53,124,13.0,1.0363026e-08
53,124,14.0,6.1617807e-12
53,125,0.0,0.0
53,125,1.0,1.417914e-07
53,125,2.0,6.1468754e-08
53,125,3.0,3.263152e-08
53,125,4.0,1.8094225e-08
53,125,5.0,0.0
53,125,6.0,0.0
53,125,7.0,0.0
53,125,8.0,2.56096e-09
53,125,9.0,0.0
53,125,10.0,0.0
53,125,11.0,1.8421327e-08
53,125,12.0,2.738103e-11
53,125,13.0,0.0
53,125,14.0,2.4625663e-10
53,126,0.0,3.4696645e-11
53,126,1.0,2.1619628e-07
53,126,2.0,0.0
53,126,3.0,0.0
53,126,4.0,5.655801e-08
53,126,5.0,0.0
53,126,6.0,1.496371e-07
53,126,7.0,0.0
53,126,8.0,0.0
53,126,9.0,0.0
53,126,10.0,0.0
53,126,11.0,1.348815e-11
53,126,12.0,1.0867397e-11
53,126,13.0,1.3606926e-07
53,126,14.0,2.9255924e-07
53,127,0.0,0.0
53,127,1.0,0.0
53,127,2.0,1.9510875e-07
53,127,3.0,8.74862e-09
53,127,4.0,1.8560733e-07
53,127,5.0,6.222191e-08
53,127,6.0,5.408162e-09
53,127,7.0,5.929983e-06
53,127,8.0,1.5240981e-06
53,127,9.0,1.1059364e-05
53,127,10.0,1.6516835e-05
53,127,11.0,3.344324e-05
53,127,12.0,6.484265e-05
53,127,13.0,0.00010111811
53,127,14.0,8.0613165e-05
53,128,0.0,0.0
53,128,1.0,1.0084426e-07
53,128,2.0,2.1075418e-10
53,128,3.0,0.0
53,128,4.0,3.742715e-09
53,128,5.0,3.1900977e-06
53,128,6.0,1.62035e-05
53,128,7.0,3.2422384e-05
53,128,8.0,3.0689298e-05
53,128,9.0,1.1262271e-05
53,128,10.0,2.9182092e-05
53,128,11.0,5.8777507e-05
53,128,12.0,0.0002554043
53,128,13.0,0.00041773412
53,128,14.0,0.00054062915
53,129,0.0,1.3237454e-07
53,129,1.0,3.6941094e-07
53,129,2.0,4.560159e-05
53,129,3.0,3.1539363e-05
53,129,4.0,0.0001702052
53,129,5.0,0.000220477
53,129,6.0,0.00024019097
53,129,7.0,0.0005166729
53,129,8.0,0.0006965012
53,129,9.0,0.000427132
53,129,10.0,0.00074554596
53,129,11.0,0.0015639841
53,129,12.0,0.002875502
53,129,13.0,0.0027628613
53,129,14.0,0.0029567818
53,130,0.0,4.8318084e-06
53,130,1.0,5.17315e-05
53,130,2.0,0.0001080429
53,130,3.0,0.00030873463
53,130,4.0,0.00032042255
53,130,5.0,0.00072366575
53,130,6.0,0.0009673182
53,130,7.0,0.0024861714
53,130,8.0,0.0025127926
53,130,9.0,0.0015438864
53,130,10.0,0.0021646414
53,130,11.0,0.0042414954
53,130,12.0,0.0064963955
53,130,13.0,0.007639621
53,130,14.0,0.0067446507
53,131,0.0,0.00041102935
53,131,1.0,0.00096443784
53,131,2.0,0.0016455
53,131,3.0,0.00233324
53,131,4.0,0.0031264299
53,131,5.0,0.0047884057
53,131,6.0,0.0065112775
53,131,7.0,0.010404321
53,131,8.0,0.0087060705
53,131,9.0,0.009243853
53,131,10.0,0.012557254
53,131,11.0,0.01592891
53,131,12.0,0.025660755
53,131,13.0,0.02225804
53,131,14.0,0.02309859
53,132,0.0,0.00620132
53,132,1.0,0.009179566
53,132,2.0,0.008791693
53,132,3.0,0.014271978
53,132,4.0,0.01944187
53,132,5.0,0.020357616
53,132,6.0,0.023802591
53,132,7.0,0.03995794
53,132,8.0,0.028277975
53,132,9.0,0.030338785
53,132,10.0,0.03707241
53,132,11.0,0.055035576
53,132,12.0,0.056174155
53,132,13.0,0.064141154
53,132,14.0,0.07955857
53,133,0.0,0.03303141
53,133,1.0,0.078986496
53,133,2.0,0.07953629
53,133,3.0,0.09190807
53,133,4.0,0.11937507
53,133,5.0,0.14372416
53,133,6.0,0.16277581
53,133,7.0,0.15229578
53,133,8.0,0.13093852
53,133,9.0,0.15753259
53,133,10.0,0.15792212
53,133,11.0,0.2268275
53,133,12.0,0.2317384
53,133,13.0,0.2289302
53,133,14.0,0.23375502
53,134,0.0,0.14201891
53,134,1.0,0.2539698
53,134,2.0,0.24036972
53,134,3.0,0.27186885
53,134,4.0,0.29055235
53,134,5.0,0.3160831
53,134,6.0,0.35115382
53,134,7.0,0.4322193
53,134,8.0,0.35630277
53,134,9.0,0.37574604
53,134,10.0,0.40471566
53,134,11.0,0.43001872
53,134,12.0,0.4421198
53,134,13.0,0.46524042
53,134,14.0,0.41012138
53,135,0.0,0.38797107
53,135,1.0,0.5262454
53,135,2.0,0.6648518
53,135,3.0,0.6849557
53,135,4.0,0.7158049
53,135,5.0,0.7045275
53,135,6.0,0.6521949
53,135,7.0,0.6600351
53,135,8.0,0.62328714
53,135,9.0,0.62986237
53,135,10.0,0.6546821
53,135,11.0,0.6964292
53,135,12.0,0.64299715
53,135,13.0,0.6154743
53,135,14.0,0.53914165
53,136,0.0,0.36483634
53,136,1.0,0.5701476
53,136,2.0,0.5738012
53,136,3.0,0.5923777
53,136,4.0,0.5905764
53,136,5.0,0.57155925
53,136,6.0,0.5176203
53,136,7.0,0.45963737
53,136,8.0,0.44841653
53,136,9.0,0.4597212
53,136,10.0,0.4393597
53,136,11.0,0.4122381
53,136,12.0,0.39702755
53,136,13.0,0.39081636
53,136,14.0,0.37538633
53,137,0.0,0.36400056
53,137,1.0,0.34998015
53,137,2.0,0.4316581
53,137,3.0,0.40201378
53,137,4.0,0.34534562
53,137,5.0,0.30483073
53,137,6.0,0.29319823
53,137,7.0,0.24882162
53,137,8.0,0.22178835
53,137,9.0,0.2460196
53,137,10.0,0.22624974
53,137,11.0,0.18480037
53,137,12.0,0.16617389
53,137,13.0,0.1722457
53,137,14.0,0.15287144
53,138,0.0,0.2008167
53,138,1.0,0.16488916
53,138,2.0,0.14377959
53,138,3.0,0.1689094
53,138,4.0,0.12299448
53,138,5.0,0.11091604
53,138,6.0,0.08622787
53,138,7.0,0.112652116
53,138,8.0,0.09148615
53,138,9.0,0.11582795
53,138,10.0,0.08801433
53,138,11.0,0.08629508
53,138,12.0,0.07199005
53,138,13.0,0.077402346
53,138,14.0,0.07521283
53,139,0.0,0.07743678
53,139,1.0,0.061672684
53,139,2.0,0.07260862
53,139,3.0,0.07794818
53,139,4.0,0.057359755
53,139,5.0,0.054557174
53,139,6.0,0.04563331
53,139,7.0,0.03587429
53,139,8.0,0.03800659
53,139,9.0,0.036081433
53,139,10.0,0.040377904
53,139,11.0,0.026990488
53,139,12.0,0.021768454
53,139,13.0,0.024112027
53,139,14.0,0.025199993
53,140,0.0,0.031706654
53,140,1.0,0.018505335
53,140,2.0,0.024847971
53,140,3.0,0.020076085
53,140,4.0,0.012172889
53,140,5.0,0.0057813805
53,140,6.0,0.00518997
53,140,7.0,0.0075519644
53,140,8.0,0.005724788
53,140,9.0,0.0057304124
53,140,10.0,0.005168332
53,140,11.0,0.0046427436
53,140,12.0,0.0038069347
53,140,13.0,0.00346793
53,140,14.0,0.0032186701
53,141,0.0,0.0033986275
53,141,1.0,0.0022101032
53,141,2.0,0.0022040848
53,141,3.0,0.0015399506
53,141,4.0,0.0016158496
53,141,5.0,0.0012698878
53,141,6.0,0.0008950461
53,141,7.0,0.00056161016
53,141,8.0,0.0006190253
53,141,9.0,0.00092705694
53,141,10.0,0.0011260448
53,141,11.0,0.0007819263
53,141,12.0,0.000400514
53,141,13.0,0.00044789485
53,141,14.0,0.00043272154
53,142,0.0,0.0002541211
53,142,1.0,9.94766e-05
53,142,2.0,0.00016286789
53,142,3.0,0.00032857564
53,142,4.0,0.0002083362
53,142,5.0,0.0001174787
53,142,6.0,0.00013241614
53,142,7.0,7.1378505e-05
53,142,8.0,7.934112e-05
53,142,9.0,8.257407e-05
53,142,10.0,3.845568e-05
53,142,11.0,2.4730905e-05
53,142,12.0,1.929659e-05
53,142,13.0,2.147639e-05
53,142,14.0,3.636479e-05
53,143,0.0,2.5850904e-05
53,143,1.0,3.4679615e-05
53,143,2.0,1.5727946e-05
53,143,3.0,1.718443e-05
53,143,4.0,3.787994e-05
53,143,5.0,3.1165957e-05
53,143,6.0,1.8778997e-05
53,143,7.0,1.6317848e-05
53,143,8.0,1.1994728e-05
53,143,9.0,1.8822155e-05
53,143,10.0,9.096762e-06
53,143,11.0,2.0816717e-05
53,143,12.0,1.1319065e-05
53,143,13.0,4.8723236e-06
53,143,14.0,1.03486755e-05
53,144,0.0,1.3416978e-12
53,144,1.0,3.5058667e-07
53,144,2.0,2.9028055e-07
53,144,3.0,4.137802e-07
53,144,4.0,1.3308247e-07
53,144,5.0,1.0577446e-07
53,144,6.0,3.6641282e-08
53,144,7.0,2.6451925e-09
53,144,8.0,8.253157e-07
53,144,9.0,7.7550574e-08
53,144,10.0,5.483173e-07
53,144,11.0,9.205684e-07
53,144,12.0,2.193077e-06
53,144,13.0,4.5263917e-08
53,144,14.0,5.230195e-07
53,145,0.0,1.6358971e-08
53,145,1.0,8.591281e-09
53,145,2.0,1.3764355e-07
53,145,3.0,2.1642617e-08
53,145,4.0,2.3421474e-07
53,145,5.0,6.924821e-07
53,145,6.0,1.3529869e-06
53,145,7.0,6.900666e-06
53,145,8.0,2.3574653e-09
53,145,9.0,1.4952377e-07
53,145,10.0,1.367199e-11
53,145,11.0,2.3031755e-07
53,145,12.0,5.6424545e-07
53,145,13.0,2.4813278e-07
53,145,14.0,1.5514015e-08
53,146,0.0,3.5508927e-07
53,146,1.0,1.4198662e-07
53,146,2.0,1.8426994e-07
53,146,3.0,6.8188397e-06
53,146,4.0,5.928473e-07
53,146,5.0,1.3579357e-06
53,146,6.0,1.4118701e-06
53,146,7.0,1.478297e-06
53,146,8.0,1.6125694e-10
53,146,9.0,9.874064e-08
53,146,10.0,9.99889e-08
53,146,11.0,2.7693012e-08
53,146,12.0,1.1017626e-06
53,146,13.0,3.3759722e-13
53,146,14.0,4.4214024e-09
53,147,0.0,1.0989708e-07
53,147,1.0,7.92488e-10
53,147,2.0,2.2625518e-07
53,147,3.0,6.9106214e-09
53,147,4.0,1.876985e-08
53,147,5.0,8.841958e-10
53,147,6.0,7.7630363e-10
53,147,7.0,7.109472e-12
53,147,8.0,6.183535e-08
53,147,9.0,8.551776e-09
53,147,10.0,3.551222e-07
53,147,11.0,6.446696e-08
53,147,12.0,1.648053e-08
53,147,13.0,1.3089742e-07
53,147,14.0,7.2276475e-07
53,148,0.0,2.3925246e-08
53,148,1.0,7.210227e-08
53,148,2.0,1.0362835e-06
53,148,3.0,1.13539365e-08
53,148,4.0,8.058827e-13
53,148,5.0,3.202139e-08
53,148,6.0,0.0
53,148,7.0,6.922017e-11
53,148,8.0,0.0
53,148,9.0,4.461918e-07
53,148,10.0,4.801319e-07
53,148,11.0,5.0596634e-09
53,148,12.0,5.037358e-07
53,148,13.0,1.356854e-07
53,148,14.0,5.1197727e-08
54,125,0.0,1.2050174e-08
54,125,1.0,4.562614e-09
54,125,2.0,3.7644327e-08
54,125,3.0,8.939742e-09
54,125,4.0,8.37387e-07
54,125,5.0,1.7246366e-06
54,125,6.0,0.0
54,125,7.0,1.6175587e-08
54,125,8.0,6.9752693e-09
54,125,9.0,3.4160477e-10
54,125,10.0,2.1602303e-07
54,125,11.0,2.167369e-08
54,125,12.0,4.5104684e-08
54,125,13.0,3.392217e-07
54,125,14.0,6.330533e-08
54,126,0.0,0.0
54,126,1.0,3.835402e-13
54,126,2.0,6.42098e-08
54,126,3.0,8.027764e-08
54,126,4.0,4.273897e-08
54,126,5.0,3.356059e-09
54,126,6.0,2.6856362e-10
54,126,7.0,9.477328e-10
54,126,8.0,6.2760357e-09
54,126,9.0,2.5634073e-09
54,126,10.0,1.0533257e-07
54,126,11.0,3.5331038e-08
54,126,12.0,5.073113e-10
54,126,13.0,9.38037e-10
54,126,14.0,1.091414e-08
54,127,0.0,0.0
54,127,1.0,0.0
54,127,2.0,0.0
54,127,3.0,0.0
54,127,4.0,0.0
54,127,5.0,3.1010092e-09
54,127,6.0,1.4919911e-09
54,127,7.0,0.0
54,127,8.0,0.0
54,127,9.0,2.2838118e-09
54,127,10.0,2.6831853e-10
54,127,11.0,8.0586226e-08
54,127,12.0,7.8657257e-07
54,127,13.0,1.6540913e-07
54,127,14.0,1.2008583e-11
54,128,0.0,0.0
54,128,1.0,1.7499316e-08
54,128,2.0,0.0
54,128,3.0,0.0
54,128,4.0,0.0
54,128,5.0,0.0
54,128,6.0,0.0
54,128,7.0,0.0
54,128,8.0,0.0
54,128,9.0,1.8430599e-11
54,128,10.0,0.0
54,128,11.0,3.1737834e-08
54,128,12.0,3.3672027e-11
54,128,13.0,3.2554494e-06
54,128,14.0,1.6184196e-06
54,129,0.0,0.0
54,129,1.0,1.9090411e-09
54,129,2.0,3.642319e-09
54,129,3.0,2.8694222e-07
54,129,4.0,4.9359346e-07
54,129,5.0,1.9231844e-07
54,129,6.0,1.3077403e-08
54,129,7.0,2.1305093e-06
54,129,8.0,4.926243e-06
54,129,9.0,5.915256e-06
54,129,10.0,4.1901632e-05
54,129,11.0,5.241772e-05
54,129,12.0,4.5949186e-05
54,129,13.0,6.184931e-05
54,129,14.0,3.777575e-05
54,130,0.0,1.8105945e-08
54,130,1.0,3.7640944e-09
54,130,2.0,2.7802957e-07
54,130,3.0,2.3263744e-06
54,130,4.0,3.3766453e-05
54,130,5.0,1.4315426e-05
54,130,6.0,1.4954683e-05
54,130,7.0,3.8916347e-05
54,130,8.0,0.00012022222
54,130,9.0,8.870355e-05
54,130,10.0,0.00036801246
54,130,11.0,0.00043308092
54,130,12.0,0.00065780326
54,130,13.0,0.0011139762
54,130,14.0,0.0006531735
54,131,0.0,1.1045433e-11
54,131,1.0,2.1284464e-05
54,131,2.0,9.67021e-05
54,131,3.0,2.7384422e-05
54,131,4.0,0.00011134263
54,131,5.0,0.00011086171
54,131,6.0,0.00023272359
54,131,7.0,0.00011568219
54,131,8.0,0.00034460804
54,131,9.0,0.0007700449
54,131,10.0,0.0004972327
54,131,11.0,0.0013296464
54,131,12.0,0.0017383962
54,131,13.0,0.001934878
54,131,14.0,0.0020648523
54,132,0.0,2.0735002e-05
54,132,1.0,0.00012552229
54,132,2.0,0.00023302707
54,132,3.0,0.00026228654
54,132,4.0,0.0004922566
54,132,5.0,0.0010033819
54,132,6.0,0.0012052022
54,132,7.0,0.0011703848
54,132,8.0,0.0015655016
54,132,9.0,0.0014495039
54,132,10.0,0.0036484064
54,132,11.0,0.004644557
54,132,12.0,0.006296142
54,132,13.0,0.007869303
54,132,14.0,0.0062681874
54,133,0.0,0.00094558427
54,133,1.0,0.00043979133
54,133,2.0,0.00071551464
54,133,3.0,0.0010276138
54,133,4.0,0.0016138526
54,133,5.0,0.0025023078
54,133,6.0,0.0031216294
54,133,7.0,0.004480217
54,133,8.0,0.0030025213
54,133,9.0,0.005099895
54,133,10.0,0.009114675
54,133,11.0,0.011439125
54,133,12.0,0.0128482245
54,133,13.0,0.017130306
54,133,14.0,0.020486325
54,134,0.0,0.005496803
54,134,1.0,0.00535168
54,134,2.0,0.008115304
54,134,3.0,0.010346304
54,134,4.0,0.01413145
54,134,5.0,0.01871599
54,134,6.0,0.019859562
54,134,7.0,0.019000389
54,134,8.0,0.023670107
54,134,9.0,0.026603837
54,134,10.0,0.030431312
54,134,11.0,0.03981747
54,134,12.0,0.042684406
54,134,13.0,0.040586922
54,134,14.0,0.047146317
54,135,0.0,0.030751074
54,135,1.0,0.043232825
54,135,2.0,0.050173804
54,135,3.0,0.06049542
54,135,4.0,0.07518061
54,135,5.0,0.08306117
54,135,6.0,0.093515374
54,135,7.0,0.10010485
54,135,8.0,0.11258324
54,135,9.0,0.1319157
54,135,10.0,0.14582714
54,135,11.0,0.1741672
54,135,12.0,0.16633256
54,135,13.0,0.1781932
54,135,14.0,0.20010258
54,136,0.0,0.2745259
54,136,1.0,0.2369627
54,136,2.0,0.26757953
54,136,3.0,0.29767406
54,136,4.0,0.32971117
54,136,5.0,0.32080963
54,136,6.0,0.33947572
54,136,7.0,0.3303652
54,136,8.0,0.3366214
54,136,9.0,0.3604803
54,136,10.0,0.36382183
54,136,11.0,0.38308817
54,136,12.0,0.38379127
54,136,13.0,0.3912396
54,136,14.0,0.3586605
54,137,0.0,0.45910788
54,137,1.0,0.51161206
54,137,2.0,0.46174702
54,137,3.0,0.47866076
54,137,4.0,0.48508924
54,137,5.0,0.50399166
54,137,6.0,0.50055385
54,137,7.0,0.5897968
54,137,8.0,0.5899072
54,137,9.0,0.5680558
54,137,10.0,0.4846285
54,137,11.0,0.51200074
54,137,12.0,0.53105557
54,137,13.0,0.511544
54,137,14.0,0.5325465
54,138,0.0,0.7852167
54,138,1.0,0.7309824
54,138,2.0,0.6663367
54,138,3.0,0.7013895
54,138,4.0,0.6557041
54,138,5.0,0.63813156
54,138,6.0,0.61760956
54,138,7.0,0.5648971
54,138,8.0,0.5781041
54,138,9.0,0.50380176
54,138,10.0,0.55218494
54,138,11.0,0.44649336
54,138,12.0,0.47542855
54,138,13.0,0.4759923
54,138,14.0,0.48865423
54,139,0.0,0.6617487
54,139,1.0,0.6097364
54,139,2.0,0.5208932
54,139,3.0,0.47444862
54,139,4.0,0.40399826
54,139,5.0,0.4170736
54,139,6.0,0.42268044
54,139,7.0,0.40667176
54,139,8.0,0.41690436
54,139,9.0,0.39305604
54,139,10.0,0.35413617
54,139,11.0,0.30232146
54,139,12.0,0.29299298
54,139,13.0,0.31369764
54,139,14.0,0.31677735
54,140,0.0,0.50125736
54,140,1.0,0.4049838
54,140,2.0,0.30917144
54,140,3.0,0.31761256
54,140,4.0,0.29197904
54,140,5.0,0.23869853
54,140,6.0,0.19780138
54,140,7.0,0.18297364
54,140,8.0,0.22534631
54,140,9.0,0.19780618
54,140,10.0,0.1518195
54,140,11.0,0.13756384
54,140,12.0,0.122221366
54,140,13.0,0.12197563
54,140,14.0,0.14054805
54,141,0.0,0.19920412
54,141,1.0,0.13283838
54,141,2.0,0.15699697
54,141,3.0,0.10659539
54,141,4.0,0.088353574
54,141,5.0,0.06981681
54,141,6.0,0.067803815
54,141,7.0,0.060924344
54,141,8.0,0.06642124
54,141,9.0,0.059275467
54,141,10.0,0.054866478
54,141,11.0,0.043158006
54,141,12.0,0.038452648
54,141,13.0,0.04067746
54,141,14.0,0.036711678
54,142,0.0,0.065162346
54,142,1.0,0.04768062
54,142,2.0,0.035096154
54,142,3.0,0.02406553
54,142,4.0,0.024291998
54,142,5.0,0.018427176
54,142,6.0,0.012143589
54,142,7.0,0.014752003
54,142,8.0,0.016109893
54,142,9.0,0.013102063
54,142,10.0,0.013365858
54,142,11.0,0.009905445
54,142,12.0,0.010320985
54,142,13.0,0.006160187
54,142,14.0,0.009592438
54,143,0.0,0.014324552
54,143,1.0,0.006971026
54,143,2.0,0.0033476842
54,143,3.0,0.0034266438
54,143,4.0,0.003211933
54,143,5.0,0.0028134915
54,143,6.0,0.0026623576
54,143,7.0,0.0018589447
54,143,8.0,0.002358975
54,143,9.0,0.0024706721
54,143,10.0,0.001954593
54,143,11.0,0.0017059452
54,143,12.0,0.0012745807
54,143,13.0,0.0015566058
54,143,14.0,0.0015682853
54,144,0.0,0.0016013442
54,144,1.0,0.0007896079
54,144,2.0,0.0010852457
54,144,3.0,0.00045438073
54,144,4.0,0.00026604877
54,144,5.0,0.00019421215
54,144,6.0,0.00016080524
54,144,7.0,0.00012196088
54,144,8.0,0.00026146838
54,144,9.0,0.00013524553
54,144,10.0,0.00031069657
54,144,11.0,7.1082366e-05
54,144,12.0,0.00017334551
54,144,13.0,0.00015149174
54,144,14.0,0.00013560207
54,145,0.0,0.00010451126
54,145,1.0,0.0001488787
54,145,2.0,7.0334e-05
54,145,3.0,0.000100892124
54,145,4.0,3.2507134e-05
54,145,5.0,1.6636019e-05
54,145,6.0,1.7597768e-05
54,145,7.0,1.7025326e-05
54,145,8.0,8.846729e-05
54,145,9.0,2.127115e-05
54,145,10.0,2.0587736e-06
54,145,11.0,1.197273e-05
54,145,12.0,2.5103625e-05
54,145,13.0,1.9592508e-05
54,145,14.0,3.1226966e-05
54,146,0.0,1.0612549e-06
54,146,1.0,4.106236e-09
54,146,2.0,1.4831446e-10
54,146,3.0,7.63554e-08
54,146,4.0,9.3795734e-08
54,146,5.0,9.098906e-12
54,146,6.0,0.0
54,146,7.0,0.0
54,146,8.0,3.14618e-08
54,146,9.0,2.1872191e-08
54,146,10.0,3.4691578e-09
54,146,11.0,1.0766432e-07
54,146,12.0,2.4092859e-07
54,146,13.0,1.04955994e-07
54,146,14.0,1.514369e-06
54,147,0.0,1.2974273e-09
54,147,1.0,1.5685657e-06
54,147,2.0,1.4825338e-07
54,147,3.0,2.4981358e-07
54,147,4.0,6.327071e-10
54,147,5.0,1.6589458e-09
54,147,6.0,2.5460847e-07
54,147,7.0,7.3216705e-10
54,147,8.0,2.9895577e-07
54,147,9.0,5.488608e-10
54,147,10.0,2.672805e-08
54,147,11.0,6.304158e-09
54,147,12.0,2.176006e-08
54,147,13.0,5.254744e-07
54,147,14.0,6.809565e-08
54,148,0.0,0.0
54,148,1.0,0.0
54,148,2.0,9.143004e-09
54,148,3.0,4.9659717e-11
54,148,4.0,2.0647302e-09
54,148,5.0,9.994266e-08
54,148,6.0,3.563829e-11
54,148,7.0,3.0962127e-08
54,148,8.0,7.202238e-15
54,148,9.0,8.719788e-11
54,148,10.0,0.0
54,148,11.0,1.4526817e-08
54,148,12.0,2.002156e-07
54,148,13.0,2.4960318e-07
54,148,14.0,3.4497994e-08
54,149,0.0,0.0
54,149,1.0,0.0
54,149,2.0,2.7697107e-08
54,149,3.0,4.6920547e-08
54,149,4.0,0.0
54,149,5.0,0.0
54,149,6.0,1.3690633e-09
54,149,7.0,0.0
54,149,8.0,0.0
54,149,9.0,0.0
54,149,10.0,0.0
54,149,11.0,0.0
54,149,12.0,0.0
54,149,13.0,4.741583e-10
54,149,14.0,4.5196995e-08
54,150,0.0,2.0487423e-08
54,150,1.0,4.218352e-09
54,150,2.0,2.8767816e-10
54,150,3.0,1.0020693e-11
54,150,4.0,2.8883022e-08
54,150,5.0,7.1463425e-08
54,150,6.0,5.6843167e-08
54,150,7.0,0.0
54,150,8.0,3.1432915e-10
54,150,9.0,1.7090146e-08
54,150,10.0,2.7193447e-09
54,150,11.0,6.5969954e-07
54,150,12.0,3.69326e-08
54,150,13.0,5.3585175e-08
54,150,14.0,4.846863e-08
55,128,0.0,1.2686269e-09
55,128,1.0,1.8392672e-09
55,128,2.0,4.324542e-09
55,128,3.0,0.0
55,128,4.0,5.966078e-11
55,128,5.0,1.9728395e-08
55,128,6.0,0.0
55,128,7.0,5.1817654e-08
55,128,8.0,1.2749457e-07
55,128,9.0,0.0
55,128,10.0,0.0
55,128,11.0,0.0
55,128,12.0,0.0
55,128,13.0,1.762882e-10
55,128,14.0,1.0033317e-06
55,129,0.0,1.1005695e-08
55,129,1.0,8.322017e-08
55,129,2.0,0.0
55,129,3.0,1.0716911e-09
55,129,4.0,5.5117426e-09
55,129,5.0,2.5412643e-07
55,129,6.0,1.7100501e-07
55,129,7.0,2.3853548e-08
55,129,8.0,0.0
55,129,9.0,0.0
55,129,10.0,0.0
55,129,11.0,0.0
55,129,12.0,3.0093285e-15
55,129,13.0,0.0
55,129,14.0,2.835312e-09
55,130,0.0,0.0
55,130,1.0,0.0
55,130,2.0,0.0
55,130,3.0,0.0
55,130,4.0,0.0
55,130,5.0,3.0277658e-07
55,130,6.0,0.0
55,130,7.0,0.0
55,130,8.0,0.0
55,130,9.0,0.0
55,130,10.0,0.0
55,130,11.0,0.0
55,130,12.0,0.0
55,130,13.0,0.0
55,130,14.0,0.0
55,131,0.0,0.0
55,131,1.0,0.0
55,131,2.0,0.0
55,131,3.0,5.0341806e-09
55,131,4.0,0.0
55,131,5.0,0.0
55,131,6.0,1.2692098e-09
55,131,7.0,6.217636e-08
55,131,8.0,0.0
55,131,9.0,5.439395e-11
55,131,10.0,1.2616624e-07
55,131,11.0,2.2114158e-10
55,131,12.0,0.0
55,131,13.0,0.0
55,131,14.0,0.0
55,132,0.0,0.0
55,132,1.0,7.283629e-11
55,132,2.0,0.0
55,132,3.0,2.0929653e-12
55,132,4.0,0.0
55,132,5.0,0.0
55,132,6.0,0.0
55,132,7.0,4.5098722e-10
55,132,8.0,2.5564507e-11
55,132,9.0,0.0
55,132,10.0,0.0
55,132,11.0,8.028673e-08
55,132,12.0,7.959774e-06
55,132,13.0,8.7302804e-05
55,132,14.0,2.2692358e-05
55,133,0.0,4.495786e-07
55,133,1.0,0.0
55,133,2.0,0.0
55,133,3.0,1.42875995e-08
55,133,4.0,0.0
55,133,5.0,1.2415065e-07
55,133,6.0,4.635372e-06
55,133,7.0,1.8992409e-05
55,133,8.0,9.264065e-06
55,133,9.0,1.2755462e-05
55,133,10.0,1.8545785e-05
55,133,11.0,7.797186e-05
55,133,12.0,0.000106514766
55,133,13.0,0.00020105203
55,133,14.0,0.00013463151
55,134,0.0,2.577209e-07
55,134,1.0,1.563208e-07
55,134,2.0,6.0304666e-07
55,134,3.0,2.2661236e-05
55,134,4.0,4.1877673e-05
55,134,5.0,0.00014521218
55,134,6.0,2.8519935e-05
55,134,7.0,0.00023417315
55,134,8.0,0.00012165666
55,134,9.0,0.0001498872
55,134,10.0,0.00025721613
55,134,11.0,0.0005942688
55,134,12.0,0.0009005966
55,134,13.0,0.0007292789
55,134,14.0,0.0011348061
55,135,0.0,5.5640492e-05
55,135,1.0,0.00019128084
55,135,2.0,0.00017529244
55,135,3.0,0.0007140511
55,135,4.0,0.0009756161
55,135,5.0,0.0014612218
55,135,6.0,0.0016421637
55,135,7.0,0.0027626846
55,135,8.0,0.0019686718
55,135,9.0,0.0020971124
55,135,10.0,0.0030150702
55,135,11.0,0.0047951513
55,135,12.0,0.008700578
55,135,13.0,0.010060225
55,135,14.0,0.008869727
55,136,0.0,0.0013471218
55,136,1.0,0.0036750014
55,136,2.0,0.0045720227
55,136,3.0,0.006125665
55,136,4.0,0.008515475
55,136,5.0,0.009927011
55,136,6.0,0.012297463
55,136,7.0,0.015111383
55,136,8.0,0.013350041
55,136,9.0,0.019321375
55,136,10.0,0.023899317
55,136,11.0,0.027428648
55,136,12.0,0.037597
55,136,13.0,0.05110794
55,136,14.0,0.038414415
55,137,0.0,0.017315183
55,137,1.0,0.023348233
55,137,2.0,0.044321936
55,137,3.0,0.057335295
55,137,4.0,0.07111344
55,137,5.0,0.08041183
55,137,6.0,0.09256369
55,137,7.0,0.09371604
55,137,8.0,0.08448176
55,137,9.0,0.10613247
55,137,10.0,0.12362306
55,137,11.0,0.12086574
55,137,12.0,0.14642997
55,137,13.0,0.15219757
55,137,14.0,0.16030397
55,138,0.0,0.0633029
55,138,1.0,0.10102152
55,138,2.0,0.12426143
55,138,3.0,0.13533849
55,138,4.0,0.15085837
55,138,5.0,0.18924662
55,138,6.0,0.22458753
55,138,7.0,0.1910442
55,138,8.0,0.20070323
55,138,9.0,0.22516999
55,138,10.0,0.26776665
55,138,11.0,0.24978654
55,138,12.0,0.25571087
55,138,13.0,0.30640617
55,138,14.0,0.25247005
55,139,0.0,0.21389002
55,139,1.0,0.26705357
55,139,2.0,0.3482649
55,139,3.0,0.34483635
55,139,4.0,0.36379904
55,139,5.0,0.39406204
55,139,6.0,0.4089911
55,139,7.0,0.3521584
55,139,8.0,0.34229726
55,139,9.0,0.36052412
55,139,10.0,0.4222754
55,139,11.0,0.4159248
55,139,12.0,0.47110248
55,139,13.0,0.44477656
55,139,14.0,0.40684053
55,140,0.0,0.36525187
55,140,1.0,0.3759896
55,140,2.0,0.43191156
55,140,3.0,0.46067768
55,140,4.0,0.4448459
55,140,5.0,0.43203962
55,140,6.0,0.46662882
55,140,7.0,0.4006236
55,140,8.0,0.41912645
55,140,9.0,0.4189161
55,140,10.0,0.47133243
55,140,11.0,0.42137265
55,140,12.0,0.42100394
55,140,13.0,0.3968685
55,140,14.0,0.39726514
55,141,0.0,0.5357896
55,141,1.0,0.50423986
55,141,2.0,0.58351725
55,141,3.0,0.52758867
55,141,4.0,0.47784328
55,141,5.0,0.47696993
55,141,6.0,0.46236914
55,141,7.0,0.42696756
55,141,8.0,0.41137794
55,141,9.0,0.44403455
55,141,10.0,0.43516082
55,141,11.0,0.38609502
55,141,12.0,0.40523174
55,141,13.0,0.39047542
55,141,14.0,0.3297535
55,142,0.0,0.43887714
55,142,1.0,0.42110813
55,142,2.0,0.3932563
55,142,3.0,0.34973678
55,142,4.0,0.2941686
55,142,5.0,0.28755367
55,142,6.0,0.29089054
55,142,7.0,0.26140648
55,142,8.0,0.29780802
55,142,9.0,0.2930288
55,142,10.0,0.26440504
55,142,11.0,0.22642154
55,142,12.0,0.2264782
55,142,13.0,0.23529394
55,142,14.0,0.231393
55,143,0.0,0.2308
55,143,1.0,0.20507656
55,143,2.0,0.19203456
55,143,3.0,0.15536393
55,143,4.0,0.14552496
55,143,5.0,0.13210598
55,143,6.0,0.11709054
55,143,7.0,0.093231134
55,143,8.0,0.1112591
55,143,9.0,0.107444644
55,143,10.0,0.11101799
55,143,11.0,0.095880255
55,143,12.0,0.090837725
55,143,13.0,0.08610669
55,143,14.0,0.08541216
55,144,0.0,0.08750983
55,144,1.0,0.0663581
55,144,2.0,0.06955428
55,144,3.0,0.055488627
55,144,4.0,0.045721304
55,144,5.0,0.03573472
55,144,6.0,0.024586365
55,144,7.0,0.027094804
55,144,8.0,0.03387377
55,144,9.0,0.03572604
55,144,10.0,0.030213756
55,144,11.0,0.022019984
55,144,12.0,0.018747661
55,144,13.0,0.014017348
55,144,14.0,0.016503062
55,145,0.0,0.015929407
55,145,1.0,0.011148244
55,145,2.0,0.011396662
55,145,3.0,0.009152124
55,145,4.0,0.0074568605
55,145,5.0,0.0038951102
55,145,6.0,0.004522531
55,145,7.0,0.0045074685
55,145,8.0,0.0063532167
55,145,9.0,0.004849899
55,145,10.0,0.0053381845
55,145,11.0,0.003728167
55,145,12.0,0.0025558136
55,145,13.0,0.0025059548
55,145,14.0,0.004115753
55,146,0.0,0.0031108537
55,146,1.0,0.0013795309
55,146,2.0,0.0011270897
55,146,3.0,0.0012152864
55,146,4.0,0.0011578504
55,146,5.0,0.0005901066
55,146,6.0,0.00048844545
55,146,7.0,0.0004993594
55,146,8.0,0.00065089314
55,146,9.0,0.00048328328
55,146,10.0,0.00023288265
55,146,11.0,0.0002948962
55,146,12.0,0.0002844528
55,146,13.0,0.00028916367
55,146,14.0,0.0005313885
55,147,0.0,0.00038238996
55,147,1.0,0.00021344532
55,147,2.0,0.0001888944
55,147,3.0,7.27675e-05
55,147,4.0,5.1179628e-05
55,147,5.0,5.1617466e-05
55,147,6.0,3.6284637e-05
55,147,7.0,5.6359484e-05
55,147,8.0,3.0292313e-05
55,147,9.0,0.00012916545
55,147,10.0,4.8010006e-05
55,147,11.0,5.575424e-05
55,147,12.0,4.2655432e-05
55,147,13.0,9.788769e-07
55,147,14.0,9.300882e-06
55,148,0.0,4.2908432e-05
55,148,1.0,7.2810494e-06
55,148,2.0,1.1790547e-06
55,148,3.0,2.1474537e-07
55,148,4.0,6.2194894e-09
55,148,5.0,4.668348e-09
55,148,6.0,0.0
55,148,7.0,1.148057e-10
55,148,8.0,9.638062e-11
55,148,9.0,1.4196527e-08
55,148,10.0,0.0
55,148,11.0,1.0054911e-08
55,148,12.0,2.7586962e-08
55,148,13.0,0.0
55,148,14.0,2.2394897e-07
55,149,0.0,5.5539414e-07
55,149,1.0,7.598792e-07
55,149,2.0,2.1894908e-09
55,149,3.0,0.0
55,149,4.0,0.0
55,149,5.0,0.0
55,149,6.0,0.0
55,149,7.0,0.0
55,149,8.0,5.8517134e-08
55,149,9.0,3.9151462e-07
55,149,10.0,4.6667323e-09
55,149,11.0,4.6829406e-08
55,149,12.0,8.380406e-07
55,149,13.0,1.0509068e-06
55,149,14.0,1.6409134e-06
55,150,0.0,4.6937134e-07
55,150,1.0,4.4485148e-07
55,150,2.0,6.9945787e-09
55,150,3.0,4.4341175e-07
55,150,4.0,7.61836e-08
55,150,5.0,1.2237861e-08
55,150,6.0,3.9141014e-07
55,150,7.0,0.0
55,150,8.0,2.1903323e-07
55,150,9.0,3.1361385e-08
55,150,10.0,1.3250117e-07
55,150,11.0,0.0
55,150,12.0,4.7969286e-07
55,150,13.0,4.4688422e-06
55,150,14.0,1.9883284e-06
55,151,0.0,1.7389723e-07
55,151,1.0,2.303131e-09
55,151,2.0,7.247067e-08
55,151,3.0,4.571746e-07
55,151,4.0,2.5321154e-07
55,151,5.0,3.4736697e-08
55,151,6.0,6.074736e-08
55,151,7.0,0.0
55,151,8.0,9.635092e-08
55,151,9.0,3.0920505e-06
55,151,10.0,2.5883946e-07
55,151,11.0,4.856099e-06
55,151,12.0,4.0313142e-07
55,151,13.0,3.9925967e-06
55,151,14.0,8.453611e-09
55,152,0.0,4.3763976e-08
55,152,1.0,0.0
55,152,2.0,1.8587504e-07
55,152,3.0,4.7391665e-12
55,152,4.0,4.1439105e-09
55,152,5.0,2.4145208e-09
55,152,6.0,3.281976e-08
55,152,7.0,2.6225768e-08
55,152,8.0,0.0
55,152,9.0,0.0
55,152,10.0,2.2336539e-07
55,152,11.0,3.9311234e-07
55,152,12.0,2.5652319e-06
55,152,13.0,2.67278e-08
55,152,14.0,0.0
56,131,0.0,5.5535736e-09
56,131,1.0,2.346669e-07
56,131,2.0,2.2863729e-09
56,131,3.0,4.230658e-10
56,131,4.0,1.7505483e-08
56,131,5.0,5.3351286e-12
56,131,6.0,0.0
56,131,7.0,2.177795e-11
56,131,8.0,3.1849673e-10
56,131,9.0,3.0983844e-09
56,131,10.0,1.7396163e-08
56,131,11.0,2.3384779e-08
56,131,12.0,2.433862e-08
56,131,13.0,6.779414e-08
56,131,14.0,7.088682e-08
56,132,0.0,4.9441534e-11
56,132,1.0,7.350289e-08
56,132,2.0,5.822801e-07
56,132,3.0,4.1294842e-07
56,132,4.0,5.094744e-08
56,132,5.0,9.89275e-09
56,132,6.0,2.6227733e-08
56,132,7.0,5.7970976e-08
56,132,8.0,1.195217e-08
56,132,9.0,3.0553746e-08
56,132,10.0,1.8154553e-07
56,132,11.0,1.5093962e-08
56,132,12.0,3.1623188e-08
56,132,13.0,1.8888437e-07
56,132,14.0,2.5298382e-08
56,133,0.0,0.0
56,133,1.0,0.0
56,133,2.0,0.0
56,133,3.0,0.0
56,133,4.0,0.0
56,133,5.0,0.0
56,133,6.0,0.0
56,133,7.0,0.0
56,133,8.0,0.0
56,133,9.0,0.0
56,133,10.0,0.0
56,133,11.0,0.0
56,133,12.0,0.0
56,133,13.0,0.0
56,133,14.0,0.0
56,134,0.0,1.1632738e-08
56,134,1.0,5.4276597e-09
56,134,2.0,3.054979e-10
56,134,3.0,0.0
56,134,4.0,0.0
56,134,5.0,9.673935e-09
56,134,6.0,6.6208045e-08
56,134,7.0,4.5352024e-08
56,134,8.0,1.0190893e-07
56,134,9.0,1.9222961e-13
56,134,10.0,0.0
56,134,11.0,2.825254e-10
56,134,12.0,2.9653788e-09
56,134,13.0,2.0294989e-08
56,134,14.0,5.372328e-07
56,135,0.0,1.6250667e-10
56,135,1.0,0.0
56,135,2.0,5.334192e-09
56,135,3.0,4.0160975e-07
56,135,4.0,1.7871344e-08
56,135,5.0,4.5968014e-07
56,135,6.0,4.4701666e-16
56,135,7.0,2.9269816e-06
56,135,8.0,5.037223e-06
56,135,9.0,3.9041042e-06
56,135,10.0,9.925966e-05
56,135,11.0,5.340047e-05
56,135,12.0,4.6339155e-05
56,135,13.0,6.131314e-05
56,135,14.0,6.819622e-05
56,136,0.0,4.259409e-07
56,136,1.0,4.303925e-07
56,136,2.0,2.5496302e-06
56,136,3.0,7.8159076e-07
56,136,4.0,7.6789975e-06
56,136,5.0,5.82846e-06
56,136,6.0,7.5637e-05
56,136,7.0,0.00015527484
56,136,8.0,0.00015243627
56,136,9.0,0.0002046357
56,136,10.0,0.00018970559
56,136,11.0,0.00042262505
56,136,12.0,0.0003715607
56,136,13.0,0.000578021
56,136,14.0,0.00039740276
56,137,0.0,0.00019201655
56,137,1.0,0.00012660462
56,137,2.0,5.5397668e-05
56,137,3.0,0.0001649406
56,137,4.0,0.00021271841
56,137,5.0,0.00029513275
56,137,6.0,0.0005234125
56,137,7.0,0.0006054259
56,137,8.0,0.00064262375
56,137,9.0,0.00071819645
56,137,10.0,0.0014649701
56,137,11.0,0.0018827701
56,137,12.0,0.0025564344
56,137,13.0,0.0036923958
56,137,14.0,0.0034597567
56,138,0.0,0.001388603
56,138,1.0,0.002483924
56,138,2.0,0.002834388
56,138,3.0,0.004042573
56,138,4.0,0.006426972
56,138,5.0,0.0076932414
56,138,6.0,0.008211048
56,138,7.0,0.010400295
56,138,8.0,0.012210741
56,138,9.0,0.011532335
56,138,10.0,0.015363627
56,138,11.0,0.014856161
56,138,12.0,0.019030508
56,138,13.0,0.022471843
56,138,14.0,0.018684734
56,139,0.0,0.01081574
56,139,1.0,0.01223136
56,139,2.0,0.01241851
56,139,3.0,0.020237138
56,139,4.0,0.024662653
56,139,5.0,0.025653617
56,139,6.0,0.032957986
56,139,7.0,0.02997022
56,139,8.0,0.034331527
56,139,9.0,0.035130315
56,139,10.0,0.044408225
56,139,11.0,0.055661313
56,139,12.0,0.06511562
56,139,13.0,0.064606436
56,139,14.0,0.057156716
56,140,0.0,0.06801971
56,140,1.0,0.090418205
56,140,2.0,0.095644586
56,140,3.0,0.09580543
56,140,4.0,0.11446939
56,140,5.0,0.11534988
56,140,6.0,0.13271788
56,140,7.0,0.1331446
56,140,8.0,0.15035972
56,140,9.0,0.146833
56,140,10.0,0.13964777
56,140,11.0,0.14750522
56,140,12.0,0.14811176
56,140,13.0,0.15801932
56,140,14.0,0.1633672
56,141,0.0,0.19162856
56,141,1.0,0.15351714
56,141,2.0,0.20226184
56,141,3.0,0.21960871
56,141,4.0,0.24794294
56,141,5.0,0.2699218
56,141,6.0,0.27173665
56,141,7.0,0.2783338
56,141,8.0,0.2700804
56,141,9.0,0.3031959
56,141,10.0,0.29444152
56,141,11.0,0.28253546
56,141,12.0,0.3010277
56,141,13.0,0.31983468
56,141,14.0,0.3500253
56,142,0.0,0.49517816
56,142,1.0,0.4949243
56,142,2.0,0.41845125
56,142,3.0,0.42664123
56,142,4.0,0.40811875
56,142,5.0,0.4033373
56,142,6.0,0.40011624
56,142,7.0,0.4022784
56,142,8.0,0.47638974
56,142,9.0,0.4290993
56,142,10.0,0.38511735
56,142,11.0,0.37774405
56,142,12.0,0.34278256
56,142,13.0,0.354924
56,142,14.0,0.42664954
56,143,0.0,0.5381882
56,143,1.0,0.4807962
56,143,2.0,0.4659454
56,143,3.0,0.41726345
56,143,4.0,0.39006197
56,143,5.0,0.4147278
56,143,6.0,0.4039485
56,143,7.0,0.4445813
56,143,8.0,0.4351718
56,143,9.0,0.38433936
56,143,10.0,0.37134084
56,143,11.0,0.31681642
56,143,12.0,0.31856534
56,143,13.0,0.38863206
56,143,14.0,0.40009153
56,144,0.0,0.58514416
56,144,1.0,0.5282856
56,144,2.0,0.41465634
56,144,3.0,0.37071836
56,144,4.0,0.35165688
56,144,5.0,0.2933001
56,144,6.0,0.29399177
56,144,7.0,0.3385128
56,144,8.0,0.32297045
56,144,9.0,0.2931819
56,144,10.0,0.25022006
56,144,11.0,0.21272905
56,144,12.0,0.17256911
56,144,13.0,0.20764366
56,144,14.0,0.23899944
56,145,0.0,0.30560964
56,145,1.0,0.25899404
56,145,2.0,0.18569218
56,145,3.0,0.1829349
56,145,4.0,0.15475023
56,145,5.0,0.12492071
56,145,6.0,0.11979849
56,145,7.0,0.11373172
56,145,8.0,0.13854416
56,145,9.0,0.11669736
56,145,10.0,0.11965669
56,145,11.0,0.114898086
56,145,12.0,0.0997385
56,145,13.0,0.08950226
56,145,14.0,0.09483739
56,146,0.0,0.12736252
56,146,1.0,0.10315934
56,146,2.0,0.08753584
56,146,3.0,0.062254243
56,146,4.0,0.047197163
56,146,5.0,0.048061874
56,146,6.0,0.049238488
56,146,7.0,0.04760317
56,146,8.0,0.046959378
56,146,9.0,0.034269862
56,146,10.0,0.033197682
56,146,11.0,0.028542072
56,146,12.0,0.023738269
56,146,13.0,0.025378244
56,146,14.0,0.02463248
56,147,0.0,0.0406888
56,147,1.0,0.034895923
56,147,2.0,0.015760284
56,147,3.0,0.009762751
56,147,4.0,0.006943059
56,147,5.0,0.004915158
56,147,6.0,0.005414758
56,147,7.0,0.0045058224
56,147,8.0,0.0056075337
56,147,9.0,0.0049788873
56,147,10.0,0.00269582
56,147,11.0,0.001747393
56,147,12.0,0.0022515568
56,147,13.0,0.0021014516
56,147,14.0,0.0046590613
56,148,0.0,0.0056909085
56,148,1.0,0.006435202
56,148,2.0,0.0034200656
56,148,3.0,0.002864115
56,148,4.0,0.0015978878
56,148,5.0,0.0014746812
56,148,6.0,0.0019418775
56,148,7.0,0.0024358178
56,148,8.0,0.0024211663
56,148,9.0,0.0017010638
56,148,10.0,0.0017323195
56,148,11.0,0.0019330162
56,148,12.0,0.0013911645
56,148,13.0,0.0009246494
56,148,14.0,0.00051818555
56,149,0.0,0.0011899795
56,149,1.0,0.00083279645
56,149,2.0,0.00043936374
56,149,3.0,0.00033211504
56,149,4.0,0.00021440096
56,149,5.0,0.0001850134
56,149,6.0,0.00012629679
56,149,7.0,0.00020629268
56,149,8.0,0.000109913235
56,149,9.0,0.00013430053
56,149,10.0,6.927252e-05
56,149,11.0,0.00015651605
56,149,12.0,7.996469e-05
56,149,13.0,4.488486e-05
56,149,14.0,9.938491e-05
56,150,0.0,2.609839e-05
56,150,1.0,4.3141736e-05
56,150,2.0,3.2821532e-05
56,150,3.0,7.4077725e-05
56,150,4.0,5.4039683e-05
56,150,5.0,1.3699744e-05
56,150,6.0,9.165643e-06
56,150,7.0,2.023999e-05
56,150,8.0,2.460533e-05
56,150,9.0,4.111445e-05
56,150,10.0,9.420979e-06
56,150,11.0,3.3978454e-06
56,150,12.0,9.523513e-08
56,150,13.0,3.798245e-08
56,150,14.0,3.391988e-08
56,151,0.0,1.810417e-10
56,151,1.0,1.007144e-08
56,151,2.0,1.0959303e-07
56,151,3.0,3.1331055e-08
56,151,4.0,4.6119305e-07
56,151,5.0,9.3934216e-07
56,151,6.0,1.5028438e-06
56,151,7.0,8.6852106e-07
56,151,8.0,1.0818043e-06
56,151,9.0,8.0135024e-08
56,151,10.0,8.757031e-08
56,151,11.0,1.17231714e-07
56,151,12.0,1.8662638e-07
56,151,13.0,3.4294507e-07
56,151,14.0,1.1319884e-08
56,152,0.0,7.7835693e-10
56,152,1.0,3.9972587e-12
56,152,2.0,3.772884e-10
56,152,3.0,1.4949204e-07
56,152,4.0,6.6706195e-07
56,152,5.0,8.194259e-08
56,152,6.0,0.0
56,152,7.0,5.4867733e-09
56,152,8.0,4.710857e-08
56,152,9.0,3.1184576e-11
56,152,10.0,7.362696e-08
56,152,11.0,4.815282e-08
56,152,12.0,2.6274444e-08
56,152,13.0,0.0
56,152,14.0,0.0
56,153,0.0,1.7103617e-10
56,153,1.0,3.0311487e-08
56,153,2.0,1.3715346e-10
56,153,3.0,7.078839e-09
56,153,4.0,7.154394e-09
56,153,5.0,6.8857624e-08
56,153,6.0,8.688719e-08
56,153,7.0,4.1464462e-10
56,153,8.0,5.257303e-09
56,153,9.0,1.3978908e-07
56,153,10.0,7.739336e-08
56,153,11.0,2.1703895e-07
56,153,12.0,1.8500717e-09
56,153,13.0,5.49704e-09
56,153,14.0,3.6313104e-08
56,154,0.0,3.8383786e-07
56,154,1.0,3.8241605e-08
56,154,2.0,3.4537543e-08
56,154,3.0,7.648154e-07
56,154,4.0,2.9330826e-07
56,154,5.0,1.3290813e-07
56,154,6.0,1.7275194e-07
56,154,7.0,2.43123e-07
56,154,8.0,1.018063e-07
56,154,9.0,8.086137e-09
56,154,10.0,2.653436e-10
56,154,11.0,6.705841e-08
56,154,12.0,7.836256e-08
56,154,13.0,1.2167657e-06
56,154,14.0,3.642898e-07
57,133,0.0,2.4920432e-10
57,133,1.0,5.0750157e-07
57,133,2.0,7.941025e-07
57,133,3.0,4.1142613e-07
57,133,4.0,2.668515e-07
57,133,5.0,1.8284297e-08
57,133,6.0,1.0605724e-08
57,133,7.0,2.2108621e-07
57,133,8.0,4.907802e-11
57,133,9.0,0.0
57,133,10.0,1.1500711e-08
57,133,11.0,2.1452256e-09
57,133,12.0,8.25796e-09
57,133,13.0,2.8494112e-08
57,133,14.0,7.148739e-09
57,134,0.0,2.0612576e-07
57,134,1.0,1.175486e-08
57,134,2.0,4.09184e-08
57,134,3.0,1.8633458e-06
57,134,4.0,1.5518729e-06
57,134,5.0,2.1312907e-07
57,134,6.0,1.056405e-08
57,134,7.0,1.5013747e-07
57,134,8.0,4.210506e-08
57,134,9.0,9.5518135e-11
57,134,10.0,7.8830567e-07
57,134,11.0,8.912019e-07
57,134,12.0,4.312046e-08
57,134,13.0,3.569803e-08
57,134,14.0,3.7028286e-08
57,135,0.0,3.7366743e-08
57,135,1.0,9.0205657e-07
57,135,2.0,1.0769779e-06
57,135,3.0,2.4003404e-07
57,135,4.0,1.18243236e-07
57,135,5.0,9.505108e-08
57,135,6.0,6.8288006e-07
57,135,7.0,1.4840544e-08
57,135,8.0,7.572395e-09
57,135,9.0,4.8078462e-08
57,135,10.0,7.104743e-07
57,135,11.0,2.9467938e-07
57,135,12.0,6.9420355e-07
57,135,13.0,1.5550779e-06
57,135,14.0,2.5118575e-07
57,136,0.0,2.6341917e-08
57,136,1.0,4.1387523e-08
57,136,2.0,5.973631e-07
57,136,3.0,6.738837e-08
57,136,4.0,1.1534374e-08
57,136,5.0,0.0
57,136,6.0,1.7756108e-07
57,136,7.0,1.0262406e-07
57,136,8.0,3.2340347e-07
57,136,9.0,5.179283e-07
57,136,10.0,1.0768025e-06
57,136,11.0,1.1157416e-06
57,136,12.0,1.7344096e-06
57,136,13.0,3.9078557e-07
57,136,14.0,1.9527859e-06
57,137,0.0,3.4459084e-08
57,137,1.0,3.3520607e-08
57,137,2.0,1.3485633e-11
57,137,3.0,3.7110996e-09
57,137,4.0,5.0738763e-08
57,137,5.0,1.8758297e-09
57,137,6.0,1.4508355e-07
57,137,7.0,1.1099132e-06
57,137,8.0,2.6245746e-07
57,137,9.0,2.2965596e-06
57,137,10.0,7.182362e-08
57,137,11.0,3.4535195e-05
57,137,12.0,3.2246622e-05
57,137,13.0,1.851259e-05
57,137,14.0,2.3694749e-05
57,138,0.0,1.0978921e-10
57,138,1.0,8.6842554e-08
57,138,2.0,0.0
57,138,3.0,4.121664e-07
57,138,4.0,8.9835485e-06
57,138,5.0,1.3112488e-05
57,138,6.0,5.385801e-05
57,138,7.0,2.6456623e-06
57,138,8.0,1.820955e-05
57,138,9.0,8.706225e-05
57,138,10.0,0.00014842075
57,138,11.0,0.00017079101
57,138,12.0,0.00015121317
57,138,13.0,0.00028807006
57,138,14.0,0.0003265517
57,139,0.0,7.5474645e-06
57,139,1.0,1.6167271e-06
57,139,2.0,5.0907187e-05
57,139,3.0,6.108166e-05
57,139,4.0,0.00016736396
57,139,5.0,0.00023227827
57,139,6.0,0.0004190658
57,139,7.0,0.00017888089
57,139,8.0,0.00031048714
57,139,9.0,0.0010940023
57,139,10.0,0.0011115366
57,139,11.0,0.0010948512
57,139,12.0,0.0015758588
57,139,13.0,0.0019685815
57,139,14.0,0.0023364122
57,140,0.0,0.00045091406
57,140,1.0,0.00022499204
57,140,2.0,0.00061101007
57,140,3.0,0.0009364766
57,140,4.0,0.0013000938
57,140,5.0,0.0014357929
57,140,6.0,0.0019923598
57,140,7.0,0.002499343
57,140,8.0,0.0028779001
57,140,9.0,0.0036172185
57,140,10.0,0.003367036
57,140,11.0,0.004564873
57,140,12.0,0.0055827806
57,140,13.0,0.007678057
57,140,14.0,0.0067745717
57,141,0.0,0.003831778
57,141,1.0,0.0029210798
57,141,2.0,0.0050871326
57,141,3.0,0.0080952775
57,141,4.0,0.010587904
57,141,5.0,0.012646017
57,141,6.0,0.013132906
57,141,7.0,0.01461972
57,141,8.0,0.015547189
57,141,9.0,0.020145081
57,141,10.0,0.022591544
57,141,11.0,0.02643128
57,141,12.0,0.031015908
57,141,13.0,0.037008498
57,141,14.0,0.037043028
57,142,0.0,0.012130869
57,142,1.0,0.014586874
57,142,2.0,0.018864647
57,142,3.0,0.030099401
57,142,4.0,0.031734284
57,142,5.0,0.03359478
57,142,6.0,0.043017387
57,142,7.0,0.04019475
57,142,8.0,0.05366498
57,142,9.0,0.05430061
57,142,10.0,0.053899374
57,142,11.0,0.06414207
57,142,12.0,0.067461595
57,142,13.0,0.06956157
57,142,14.0,0.07668288
57,143,0.0,0.092739135
57,143,1.0,0.078715205
57,143,2.0,0.10758314
57,143,3.0,0.12624118
57,143,4.0,0.1460405
57,143,5.0,0.1510403
57,143,6.0,0.136794
57,143,7.0,0.12106482
57,143,8.0,0.15375023
57,143,9.0,0.15520398
57,143,10.0,0.16852967
57,143,11.0,0.16908875
57,143,12.0,0.16551958
57,143,13.0,0.18303922
57,143,14.0,0.18058717
57,144,0.0,0.14862826
57,144,1.0,0.12625875
57,144,2.0,0.14770076
57,144,3.0,0.17138013
57,144,4.0,0.18276303
57,144,5.0,0.176282
57,144,6.0,0.17555809
57,144,7.0,0.19210006
57,144,8.0,0.21125808
57,144,9.0,0.20582946
57,144,10.0,0.21452774
57,144,11.0,0.23787133
57,144,12.0,0.23415154
57,144,13.0,0.2133055
57,144,14.0,0.23411222
57,145,0.0,0.26344863
57,145,1.0,0.20859413
57,145,2.0,0.2181938
57,145,3.0,0.25098675
57,145,4.0,0.25107798
57,145,5.0,0.23366407
57,145,6.0,0.22029182
57,145,7.0,0.2197377
57,145,8.0,0.25857207
57,145,9.0,0.24612156
57,145,10.0,0.24747531
57,145,11.0,0.22643147
57,145,12.0,0.2171255
57,145,13.0,0.22441062
57,145,14.0,0.22605114
57,146,0.0,0.22104047
57,146,1.0,0.19217534
57,146,2.0,0.19492467
57,146,3.0,0.20996109
57,146,4.0,0.20093267
57,146,5.0,0.1912587
57,146,6.0,0.16405125
57,146,7.0,0.18863866
57,146,8.0,0.19115625
57,146,9.0,0.1872299
57,146,10.0,0.16133216
57,146,11.0,0.15795958
57,146,12.0,0.16339464
57,146,13.0,0.15926866
57,146,14.0,0.13277896
57,147,0.0,0.1594176
57,147,1.0,0.16961141
57,147,2.0,0.17415126
57,147,3.0,0.18198189
57,147,4.0,0.13626643
57,147,5.0,0.13619189
57,147,6.0,0.13522154
57,147,7.0,0.13211241
57,147,8.0,0.12204808
57,147,9.0,0.09622357
57,147,10.0,0.09365774
57,147,11.0,0.087224476
57,147,12.0,0.08226688
57,147,13.0,0.08447291
57,147,14.0,0.075389914
57,148,0.0,0.080070786
57,148,1.0,0.07421424
57,148,2.0,0.06955937
57,148,3.0,0.06902814
57,148,4.0,0.05965375
57,148,5.0,0.04781204
57,148,6.0,0.055508282
57,148,7.0,0.05520267
57,148,8.0,0.043534458
57,148,9.0,0.0399649
57,148,10.0,0.03431527
57,148,11.0,0.034154303
57,148,12.0,0.031262442
57,148,13.0,0.028120061
57,148,14.0,0.026393242
57,149,0.0,0.02496025
57,149,1.0,0.029259805
57,149,2.0,0.024221627
57,149,3.0,0.021949308
57,149,4.0,0.024426214
57,149,5.0,0.022739584
57,149,6.0,0.019436104
57,149,7.0,0.015959954
57,149,8.0,0.015498376
57,149,9.0,0.012366179
57,149,10.0,0.011770798
57,149,11.0,0.011483246
57,149,12.0,0.009453684
57,149,13.0,0.006419166
57,149,14.0,0.005401851
57,150,0.0,0.006004716
57,150,1.0,0.0053781206
57,150,2.0,0.005796206
57,150,3.0,0.0047775456
57,150,4.0,0.0040794523
57,150,5.0,0.0040216595
57,150,6.0,0.0033493733
57,150,7.0,0.0041462723
57,150,8.0,0.0022192823
57,150,9.0,0.0020418488
57,150,10.0,0.0034465138
57,150,11.0,0.0023966504
57,150,12.0,0.0020613545
57,150,13.0,0.0009929264
57,150,14.0,0.0007063453
57,151,0.0,0.00028713243
57,151,1.0,0.00043734425
57,151,2.0,0.0005828325
57,151,3.0,0.000793378
57,151,4.0,0.0004068727
57,151,5.0,0.00046910212
57,151,6.0,0.0006819515
57,151,7.0,0.00021250841
57,151,8.0,0.0002643162
57,151,9.0,0.00023132916
57,151,10.0,0.00019998538
57,151,11.0,0.00029797415
57,151,12.0,0.00020940317
57,151,13.0,3.2639306e-05
57,151,14.0,4.1909298e-05
57,152,0.0,7.889705e-05
57,152,1.0,7.123901e-05
57,152,2.0,6.675724e-05
57,152,3.0,5.4947344e-05
57,152,4.0,2.3761315e-05
57,152,5.0,1.25561555e-05
57,152,6.0,1.5150102e-05
57,152,7.0,8.0721775e-06
57,152,8.0,7.690542e-06
57,152,9.0,3.588046e-06
57,152,10.0,1.3694349e-05
57,152,11.0,2.1588223e-06
57,152,12.0,1.2796822e-06
57,152,13.0,3.6162504e-08
57,152,14.0,2.7518892e-08
57,153,0.0,5.8855594e-08
57,153,1.0,1.7574094e-10
57,153,2.0,2.0122236e-08
57,153,3.0,3.8392964e-09
57,153,4.0,1.0175267e-08
57,153,5.0,2.0008926e-07
57,153,6.0,0.0
57,153,7.0,2.9454533e-12
57,153,8.0,0.0
57,153,9.0,0.0
57,153,10.0,0.0
57,153,11.0,0.0
57,153,12.0,0.0
57,153,13.0,0.0
57,153,14.0,0.0
57,154,0.0,1.5318413e-08
57,154,1.0,0.0
57,154,2.0,7.43406e-10
57,154,3.0,0.0
57,154,4.0,0.0
57,154,5.0,0.0
57,154,6.0,1.7149915e-08
57,154,7.0,0.0
57,154,8.0,0.0
57,154,9.0,0.0
57,154,10.0,1.1009277e-10
57,154,11.0,1.6495982e-11
57,154,12.0,0.0
57,154,13.0,2.2046942e-07
57,154,14.0,0.0
57,155,0.0,2.1131383e-08
57,155,1.0,5.3546088e-09
57,155,2.0,0.0
57,155,3.0,2.7638288e-08
57,155,4.0,9.89145e-13
57,155,5.0,1.9692328e-09
57,155,6.0,1.1895527e-06
57,155,7.0,6.0928386e-08
57,155,8.0,5.511624e-10
57,155,9.0,9.711241e-07
57,155,10.0,2.200723e-06
57,155,11.0,0.0
57,155,12.0,3.226602e-10
57,155,13.0,2.6336267e-07
57,155,14.0,2.3668296e-08
57,156,0.0,1.048476e-07
57,156,1.0,4.828787e-10
57,156,2.0,3.13333e-08
57,156,3.0,1.1413714e-08
57,156,4.0,1.2235103e-07
57,156,5.0,5.1430607e-07
57,156,6.0,0.0
57,156,7.0,1.16482035e-07
57,156,8.0,0.0
57,156,9.0,1.1307253e-06
57,156,10.0,1.2416426e-06
57,156,11.0,2.3751891e-08
57,156,12.0,4.122553e-08
57,156,13.0,1.6967176e-08
57,156,14.0,2.4666444e-10
57,157,0.0,1.7532703e-10
57,157,1.0,8.7041734e-08
57,157,2.0,1.8622751e-09
57,157,3.0,6.499524e-08
57,157,4.0,3.867211e-07
57,157,5.0,3.6224185e-10
57,157,6.0,3.572461e-07
57,157,7.0,1.8648193e-07
57,157,8.0,2.5176809e-07
57,157,9.0,1.4663424e-08
57,157,10.0,1.9823824e-07
57,157,11.0,1.0096151e-08
57,157,12.0,2.063049e-08
57,157,13.0,5.097898e-08
57,157,14.0,6.118629e-08
58,135,0.0,4.2897005e-11
58,135,1.0,1.1878619e-08
58,135,2.0,3.738244e-12
58,135,3.0,0.0
58,135,4.0,0.0
58,135,5.0,0.0
58,135,6.0,0.0
58,135,7.0,0.0
58,135,8.0,0.0
58,135,9.0,0.0
58,135,10.0,0.0
58,135,11.0,0.0
58,135,12.0,1.1164063e-09
58,135,13.0,6.7794677e-09
58,135,14.0,9.085625e-09
58,136,0.0,8.8112645e-10
58,136,1.0,1.7238765e-10
58,136,2.0,9.0849595e-09
58,136,3.0,2.8641328e-08
58,136,4.0,4.9823623e-10
58,136,5.0,0.0
58,136,6.0,3.886543e-12
58,136,7.0,2.673399e-14
58,136,8.0,3.54319e-09
58,136,9.0,1.095399e-11
58,136,10.0,6.5216205e-10
58,136,11.0,0.0
58,136,12.0,1.6512576e-11
58,136,13.0,6.541455e-08
58,136,14.0,6.653042e-08
58,137,0.0,1.301788e-09
58,137,1.0,3.3763945e-09
58,137,2.0,1.6881443e-10
58,137,3.0,5.443054e-09
58,137,4.0,1.731853e-13
58,137,5.0,0.0
58,137,6.0,5.852536e-09
58,137,7.0,1.7563045e-11
58,137,8.0,1.5290779e-07
58,137,9.0,0.0
58,137,10.0,2.7282782e-08
58,137,11.0,3.16051e-08
58,137,12.0,1.4209865e-08
58,137,13.0,1.1401082e-08
58,137,14.0,3.136588e-11
58,138,0.0,1.4043869e-13
58,138,1.0,1.5134548e-09
58,138,2.0,5.964786e-08
58,138,3.0,0.0
58,138,4.0,2.3782079e-11
58,138,5.0,9.9194104e-11
58,138,6.0,5.6553433e-09
58,138,7.0,3.9773788e-08
58,138,8.0,1.1049849e-14
58,138,9.0,2.1065234e-09
58,138,10.0,7.143425e-08
58,138,11.0,0.0
58,138,12.0,0.0
58,138,13.0,4.4775788e-09
58,138,14.0,8.910161e-08
58,139,0.0,1.7896237e-09
58,139,1.0,0.0
58,139,2.0,0.0
58,139,3.0,0.0
58,139,4.0,3.5922214e-09
58,139,5.0,0.0
58,139,6.0,2.5599102e-08
58,139,7.0,2.691243e-08
58,139,8.0,9.999059e-10
58,139,9.0,0.0
58,139,10.0,3.811573e-07
58,139,11.0,4.0297767e-08
58,139,12.0,2.6053172e-11
58,139,13.0,0.0
58,139,14.0,0.0
58,140,0.0,1.2713031e-08
58,140,1.0,1.9604025e-09
58,140,2.0,1.8823285e-07
58,140,3.0,1.6656465e-10
58,140,4.0,1.339945e-08
58,140,5.0,1.2101663e-09
58,140,6.0,2.852262e-08
58,140,7.0,2.7253685e-07
58,140,8.0,3.5768688e-09
58,140,9.0,1.2458337e-06
58,140,10.0,4.3205614e-06
58,140,11.0,1.157709e-05
58,140,12.0,1.5984457e-05
58,140,13.0,2.3743996e-05
58,140,14.0,3.5705598e-05
58,141,0.0,2.0187288e-05
58,141,1.0,5.5094023e-07
58,141,2.0,3.4504903e-06
58,141,3.0,5.262139e-06
58,141,4.0,4.6522073e-05
58,141,5.0,4.565384e-05
58,141,6.0,5.3003252e-05
58,141,7.0,8.470718e-05
58,141,8.0,8.2182836e-05
58,141,9.0,0.00015229551
58,141,10.0,8.816147e-05
58,141,11.0,0.0001078189
58,141,12.0,0.00016740212
58,141,13.0,0.00013148799
58,141,14.0,9.508894e-05
58,142,0.0,8.9100504e-05
58,142,1.0,0.00018281842
58,142,2.0,0.00015419537
58,142,3.0,0.00015476548
58,142,4.0,0.000189486
58,142,5.0,0.00033752946
58,142,6.0,0.0004906779
58,142,7.0,0.00067485747
58,142,8.0,0.00071949145
58,142,9.0,0.0009686115
58,142,10.0,0.0011410448
58,142,11.0,0.001571344
58,142,12.0,0.001523584
58,142,13.0,0.0024440489
58,142,14.0,0.0023000226
58,143,0.0,0.0009784417
58,143,1.0,0.00061377336
58,143,2.0,0.0006872286
58,143,3.0,0.0011251016
58,143,4.0,0.0019021817
58,143,5.0,0.0025002337
58,143,6.0,0.002842246
58,143,7.0,0.0035225893
58,143,8.0,0.0055669667
58,143,9.0,0.005897271
58,143,10.0,0.006850584
58,143,11.0,0.008013868
58,143,12.0,0.009026614
58,143,13.0,0.010045423
58,143,14.0,0.010013272
58,144,0.0,0.007334999
58,144,1.0,0.010881798
58,144,2.0,0.010899155
58,144,3.0,0.01124345
58,144,4.0,0.015669912
58,144,5.0,0.015508982
58,144,6.0,0.017875237
58,144,7.0,0.022655785
58,144,8.0,0.022603355
58,144,9.0,0.02477385
58,144,10.0,0.022318773
58,144,11.0,0.019280633
58,144,12.0,0.022694083
58,144,13.0,0.028749768
58,144,14.0,0.032621846
58,145,0.0,0.018038569
58,145,1.0,0.025070347
58,145,2.0,0.026991751
58,145,3.0,0.034999978
58,145,4.0,0.038940135
58,145,5.0,0.042966638
58,145,6.0,0.049095087
58,145,7.0,0.053560264
58,145,8.0,0.055548575
58,145,9.0,0.060137775
58,145,10.0,0.05751848
58,145,11.0,0.05237092
58,145,12.0,0.05973045
58,145,13.0,0.07284726
58,145,14.0,0.08676008
58,146,0.0,0.074051216
58,146,1.0,0.08905188
58,146,2.0,0.091735706
58,146,3.0,0.10102733
58,146,4.0,0.096068874
58,146,5.0,0.099673524
58,146,6.0,0.09217732
58,146,7.0,0.117242806
58,146,8.0,0.12662213
58,146,9.0,0.10825769
58,146,10.0,0.0985479
58,146,11.0,0.100942254
58,146,12.0,0.10209777
58,146,13.0,0.10314302
58,146,14.0,0.115506776
58,147,0.0,0.10174176
58,147,1.0,0.10904855
58,147,2.0,0.118079
58,147,3.0,0.11592924
58,147,4.0,0.11819123
58,147,5.0,0.12440111
58,147,6.0,0.13102847
58,147,7.0,0.14578366
58,147,8.0,0.13270445
58,147,9.0,0.1307944
58,147,10.0,0.12953988
58,147,11.0,0.12060702
58,147,12.0,0.122489095
58,147,13.0,0.13636167
58,147,14.0,0.14040703
58,148,0.0,0.1384476
58,148,1.0,0.15226927
58,148,2.0,0.1418453
58,148,3.0,0.1522633
58,148,4.0,0.11467184
58,148,5.0,0.13264418
58,148,6.0,0.12521599
58,148,7.0,0.11825468
58,148,8.0,0.10582301
58,148,9.0,0.095127255
58,148,10.0,0.08920729
58,148,11.0,0.087180704
58,148,12.0,0.08079182
58,148,13.0,0.08508213
58,148,14.0,0.083683446
58,149,0.0,0.11291024
58,149,1.0,0.121682316
58,149,2.0,0.12946947
58,149,3.0,0.107043855
58,149,4.0,0.11419159
58,149,5.0,0.11456147
58,149,6.0,0.11252385
58,149,7.0,0.10140836
58,149,8.0,0.08846335
58,149,9.0,0.08378595
58,149,10.0,0.08299476
58,149,11.0,0.08326539
58,149,12.0,0.083677776
58,149,13.0,0.07480059
58,149,14.0,0.07512969
58,150,0.0,0.07572499
58,150,1.0,0.08117059
58,150,2.0,0.070234284
58,150,3.0,0.060846657
58,150,4.0,0.06303133
58,150,5.0,0.059608568
58,150,6.0,0.051909056
58,150,7.0,0.04246376
58,150,8.0,0.037515465
58,150,9.0,0.042515002
58,150,10.0,0.03336903
58,150,11.0,0.029624071
58,150,12.0,0.019784363
58,150,13.0,0.020209469
58,150,14.0,0.017592007
58,151,0.0,0.023277637
58,151,1.0,0.035963073
58,151,2.0,0.02486827
58,151,3.0,0.022063082
58,151,4.0,0.024846517
58,151,5.0,0.0221752
58,151,6.0,0.016293464
58,151,7.0,0.014843716
58,151,8.0,0.012132163
58,151,9.0,0.009419667
58,151,10.0,0.0080214925
58,151,11.0,0.0071101673
58,151,12.0,0.0072140377
58,151,13.0,0.0074191345
58,151,14.0,0.0050329147
58,152,0.0,0.004039951
58,152,1.0,0.006133204
58,152,2.0,0.005700387
58,152,3.0,0.0029783135
58,152,4.0,0.0033449335
58,152,5.0,0.0022866766
58,152,6.0,0.0024544653
58,152,7.0,0.0025064796
58,152,8.0,0.0017878977
58,152,9.0,0.001501702
58,152,10.0,0.0013884464
58,152,11.0,0.0022185878
58,152,12.0,0.00064995314
58,152,13.0,0.0006577284
58,152,14.0,0.00071789004
58,153,0.0,0.0003299218
58,153,1.0,0.00083454547
58,153,2.0,0.0012528315
58,153,3.0,0.0006166052
58,153,4.0,0.00048196467
58,153,5.0,0.00046041876
58,153,6.0,0.00018249737
58,153,7.0,0.0002283353
58,153,8.0,0.00030470305
58,153,9.0,0.0001131923
58,153,10.0,0.0001419438
58,153,11.0,8.064253e-05
58,153,12.0,8.5066255e-05
58,153,13.0,4.4910917e-05
58,153,14.0,0.0002014584
58,154,0.0,9.407818e-05
58,154,1.0,3.502623e-05
58,154,2.0,3.841108e-05
58,154,3.0,1.2070105e-05
58,154,4.0,1.2356151e-05
58,154,5.0,7.5709313e-06
58,154,6.0,5.14196e-06
58,154,7.0,3.6532504e-06
58,154,8.0,1.9444559e-07
58,154,9.0,4.7953206e-09
58,154,10.0,6.8536416e-08
58,154,11.0,0.0
58,154,12.0,0.0
58,154,13.0,2.625956e-10
58,154,14.0,6.42616e-07
58,155,0.0,9.988705e-08
58,155,1.0,7.5091855e-08
58,155,2.0,0.0
58,155,3.0,9.770837e-14
58,155,4.0,5.786452e-09
58,155,5.0,3.452698e-09
58,155,6.0,1.10183734e-07
58,155,7.0,2.1484214e-09
58,155,8.0,7.706626e-09
58,155,9.0,8.615111e-08
58,155,10.0,9.280086e-09
58,155,11.0,0.0
58,155,12.0,4.0853962e-08
58,155,13.0,1.2357293e-07
58,155,14.0,1.8394783e-07
58,156,0.0,1.562834e-08
58,156,1.0,0.0
58,156,2.0,0.0
58,156,3.0,1.2799169e-08
58,156,4.0,3.2387313e-09
58,156,5.0,4.3103918e-10
58,156,6.0,0.0
58,156,7.0,0.0
58,156,8.0,6.14941e-10
58,156,9.0,1.17932615e-08
58,156,10.0,6.0402606e-08
58,156,11.0,0.0
58,156,12.0,0.0
58,156,13.0,0.0
58,156,14.0,0.0
58,157,0.0,0.0
58,157,1.0,3.7573517e-11
58,157,2.0,2.5239727e-10
58,157,3.0,2.2229408e-08
58,157,4.0,5.1970535e-08
58,157,5.0,5.3012712e-08
58,157,6.0,3.3614914e-08
58,157,7.0,1.8230495e-09
58,157,8.0,7.2309265e-09
58,157,9.0,2.3487518e-08
58,157,10.0,1.076433e-08
58,157,11.0,4.9912448e-08
58,157,12.0,1.0611678e-07
58,157,13.0,1.1116269e-08
58,157,14.0,1.415248e-09
58,158,0.0,0.0
58,158,1.0,1.2273547e-08
58,158,2.0,4.539825e-09
58,158,3.0,2.5030924e-09
58,158,4.0,0.0
58,158,5.0,0.0
58,158,6.0,4.3564732e-10
58,158,7.0,6.2291405e-10
58,158,8.0,0.0
58,158,9.0,1.2308057e-08
58,158,10.0,4.2159814e-13
58,158,11.0,0.0
58,158,12.0,0.0
58,158,13.0,2.7134035e-08
58,158,14.0,1.6745874e-09
58,159,0.0,0.0
58,159,1.0,0.0
58,159,2.0,0.0
58,159,3.0,8.125956e-09
58,159,4.0,8.0918575e-08
58,159,5.0,6.492782e-08
58,159,6.0,5.703431e-08
58,159,7.0,7.215422e-09
58,159,8.0,1.3551732e-10
58,159,9.0,0.0
58,159,10.0,1.4848679e-10
58,159,11.0,1.1497433e-09
58,159,12.0,1.06780425e-08
58,159,13.0,2.994076e-08
58,159,14.0,1.4215451e-08
58,160,0.0,1.576623e-18
58,160,1.0,0.0
58,160,2.0,1.536125e-10
58,160,3.0,2.5830469e-09
58,160,4.0,5.7658962e-08
58,160,5.0,2.626313e-08
58,160,6.0,1.429384e-09
58,160,7.0,2.8127062e-10
58,160,8.0,3.945873e-11
58,160,9.0,2.746569e-10
58,160,10.0,1.5116845e-11
58,160,11.0,2.6542885e-08
58,160,12.0,2.486129e-07
58,160,13.0,3.7745133e-07
58,160,14.0,1.25104425e-08
59,138,0.0,9.9456644e-11
59,138,1.0,7.3866873e-09
59,138,2.0,6.2036143e-10
59,138,3.0,0.0
59,138,4.0,0.0
59,138,5.0,6.184415e-13
59,138,6.0,2.6498328e-14
59,138,7.0,0.0
59,138,8.0,2.7845593e-12
59,138,9.0,2.5760567e-09
59,138,10.0,9.105778e-08
59,138,11.0,3.8335582e-10
59,138,12.0,4.5686028e-11
59,138,13.0,5.8627525e-09
59,138,14.0,6.685815e-09
59,139,0.0,2.5387216e-08
59,139,1.0,1.4706434e-09
59,139,2.0,1.408426e-07
59,139,3.0,8.938098e-09
59,139,4.0,1.5527958e-09
59,139,5.0,1.722304e-09
59,139,6.0,4.1369247e-10
59,139,7.0,4.9432515e-08
59,139,8.0,0.0
59,139,9.0,3.4080035e-14
59,139,10.0,9.1668245e-10
59,139,11.0,1.09315895e-16
59,139,12.0,0.0
59,139,13.0,0.0
59,139,14.0,4.100833e-08
59,140,0.0,0.0
59,140,1.0,0.0
59,140,2.0,0.0
59,140,3.0,0.0
59,140,4.0,0.0
59,140,5.0,1.9587683e-08
59,140,6.0,3.8783e-12
59,140,7.0,0.0
59,140,8.0,4.399673e-08
59,140,9.0,4.054565e-09
59,140,10.0,0.0
59,140,11.0,8.726103e-09
59,140,12.0,4.7733075e-09
59,140,13.0,3.6256065e-08
59,140,14.0,1.6564963e-08
59,141,0.0,3.9916976e-09
59,141,1.0,0.0
59,141,2.0,6.21993e-14
59,141,3.0,0.0
59,141,4.0,0.0
59,141,5.0,8.834665e-13
59,141,6.0,3.477852e-11
59,141,7.0,0.0
59,141,8.0,0.0
59,141,9.0,0.0
59,141,10.0,0.0
59,141,11.0,0.0
59,141,12.0,5.9196686e-14
59,141,13.0,8.4697135e-08
59,141,14.0,1.8214494e-07
59,142,0.0,1.2692605e-09
59,142,1.0,0.0
59,142,2.0,0.0
59,142,3.0,7.6261487e-14
59,142,4.0,0.0
59,142,5.0,0.0
59,142,6.0,0.0
59,142,7.0,0.0
59,142,8.0,3.7473225e-08
59,142,9.0,7.558857e-13
59,142,10.0,6.265557e-08
59,142,11.0,2.6708757e-09
59,142,12.0,2.2021602e-07
59,142,13.0,1.0467145e-05
59,142,14.0,1.6175449e-05
59,143,0.0,3.4382233e-09
59,143,1.0,0.0
59,143,2.0,0.0
59,143,3.0,0.0
59,143,4.0,0.0
59,143,5.0,0.0
59,143,6.0,1.9825953e-07
59,143,7.0,1.6952627e-06
59,143,8.0,4.4375597e-06
59,143,9.0,2.5187946e-06
59,143,10.0,9.455274e-06
59,143,11.0,1.5915857e-05
59,143,12.0,8.2668754e-05
59,143,13.0,6.343056e-05
59,143,14.0,0.00013981454
59,144,0.0,6.9129634e-08
59,144,1.0,6.705216e-10
59,144,2.0,1.2978205e-10
59,144,3.0,1.6895922e-07
59,144,4.0,1.2707923e-05
59,144,5.0,3.0220264e-05
59,144,6.0,6.4562504e-05
59,144,7.0,8.368459e-05
59,144,8.0,9.219073e-05
59,144,9.0,8.041695e-05
59,144,10.0,7.449151e-05
59,144,11.0,6.99632e-05
59,144,12.0,0.00017039696
59,144,13.0,0.00018620407
59,144,14.0,0.0002740246
59,145,0.0,0.000102001024
59,145,1.0,4.247771e-05
59,145,2.0,0.00011195066
59,145,3.0,8.0964644e-05
59,145,4.0,0.0002051335
59,145,5.0,0.00037424202
59,145,6.0,0.00040086714
59,145,7.0,0.00047973733
59,145,8.0,0.00056370907
59,145,9.0,0.00080978643
59,145,10.0,0.001009574
59,145,11.0,0.0012571429
59,145,12.0,0.0019199689
59,145,13.0,0.0018549862
59,145,14.0,0.0022187985
59,146,0.0,0.00029434878
59,146,1.0,0.00038222244
59,146,2.0,0.0006169246
59,146,3.0,0.00088317227
59,146,4.0,0.0012064024
59,146,5.0,0.001578464
59,146,6.0,0.0018557098
59,146,7.0,0.0027255414
59,146,8.0,0.0032591189
59,146,9.0,0.004302982
59,146,10.0,0.0063517657
59,146,11.0,0.0071753445
59,146,12.0,0.008179747
59,146,13.0,0.008832393
59,146,14.0,0.00852321
59,147,0.0,0.002549221
59,147,1.0,0.0027459501
59,147,2.0,0.003803858
59,147,3.0,0.0055478155
59,147,4.0,0.008601695
59,147,5.0,0.010904368
59,147,6.0,0.015747981
59,147,7.0,0.013723522
59,147,8.0,0.015487623
59,147,9.0,0.014580211
59,147,10.0,0.01402221
59,147,11.0,0.018521542
59,147,12.0,0.019782797
59,147,13.0,0.020835834
59,147,14.0,0.021411981
59,148,0.0,0.010281426
59,148,1.0,0.009451892
59,148,2.0,0.013820137
59,148,3.0,0.018605337
59,148,4.0,0.0196866
59,148,5.0,0.02291602
59,148,6.0,0.03437635
59,148,7.0,0.02858887
59,148,8.0,0.028844686
59,148,9.0,0.026247993
59,148,10.0,0.030302266
59,148,11.0,0.032484148
59,148,12.0,0.037327595
59,148,13.0,0.032302245
59,148,14.0,0.034326963
59,149,0.0,0.025479777
59,149,1.0,0.02772986
59,149,2.0,0.029410837
59,149,3.0,0.037706055
59,149,4.0,0.04440601
59,149,5.0,0.053621728
59,149,6.0,0.0540881
59,149,7.0,0.059576273
59,149,8.0,0.05757198
59,149,9.0,0.053398315
59,149,10.0,0.049775165
59,149,11.0,0.05567331
59,149,12.0,0.05377222
59,149,13.0,0.049463578
59,149,14.0,0.049005404
59,150,0.0,0.030150086
59,150,1.0,0.034718502
59,150,2.0,0.046909805
59,150,3.0,0.05643808
59,150,4.0,0.07014153
59,150,5.0,0.07105121
59,150,6.0,0.06961122
59,150,7.0,0.073887676
59,150,8.0,0.059948843
59,150,9.0,0.05440602
59,150,10.0,0.058079544
59,150,11.0,0.049003966
59,150,12.0,0.048915125
59,150,13.0,0.053755302
59,150,14.0,0.046248842
59,151,0.0,0.03853924
59,151,1.0,0.043888353
59,151,2.0,0.052146874
59,151,3.0,0.059071817
59,151,4.0,0.07157197
59,151,5.0,0.06305419
59,151,6.0,0.065904066
59,151,7.0,0.055617027
59,151,8.0,0.04509823
59,151,9.0,0.046187434
59,151,10.0,0.040620696
59,151,11.0,0.034617383
59,151,12.0,0.033667456
59,151,13.0,0.03298049
59,151,14.0,0.031037835
59,152,0.0,0.01894335
59,152,1.0,0.02521875
59,152,2.0,0.03233072
59,152,3.0,0.030040557
59,152,4.0,0.036575206
59,152,5.0,0.034999937
59,152,6.0,0.040887598
59,152,7.0,0.0214766
59,152,8.0,0.024033766
59,152,9.0,0.019690773
59,152,10.0,0.015156143
59,152,11.0,0.015244229
59,152,12.0,0.012728183
59,152,13.0,0.012254334
59,152,14.0,0.010192943
59,153,0.0,0.0044359327
59,153,1.0,0.008276477
59,153,2.0,0.01246639
59,153,3.0,0.012166403
59,153,4.0,0.017291257
59,153,5.0,0.014551386
59,153,6.0,0.011186936
59,153,7.0,0.007169225
59,153,8.0,0.0049303607
59,153,9.0,0.00526521
59,153,10.0,0.0038663957
59,153,11.0,0.0036100526
59,153,12.0,0.0031883335
59,153,13.0,0.0030100874
59,153,14.0,0.002870924
59,154,0.0,0.00158894
59,154,1.0,0.002254074
59,154,2.0,0.0022536349
59,154,3.0,0.0026587122
59,154,4.0,0.0015758937
59,154,5.0,0.0015564087
59,154,6.0,0.0015756127
59,154,7.0,0.00062045926
59,154,8.0,0.0007374457
59,154,9.0,0.0005486288
59,154,10.0,0.0005641918
59,154,11.0,0.00036156908
59,154,12.0,0.00044199498
59,154,13.0,0.00029863275
59,154,14.0,0.00018081917
59,155,0.0,0.00011388198
59,155,1.0,0.00018395648
59,155,2.0,0.00011257251
59,155,3.0,0.00014645609
59,155,4.0,0.00011758204
59,155,5.0,0.00011254131
59,155,6.0,9.179556e-05
59,155,7.0,6.185504e-05
59,155,8.0,4.222002e-06
59,155,9.0,2.8814797e-05
59,155,10.0,1.9137811e-05
59,155,11.0,8.934794e-06
59,155,12.0,3.5431926e-06
59,155,13.0,9.320775e-06
59,155,14.0,1.4439941e-05
59,156,0.0,1.7986756e-07
59,156,1.0,7.787944e-06
59,156,2.0,9.347266e-06
59,156,3.0,2.1157162e-05
59,156,4.0,1.0470268e-06
59,156,5.0,4.472893e-06
59,156,6.0,1.1376517e-05
59,156,7.0,1.936057e-06
59,156,8.0,1.4796013e-06
59,156,9.0,0.0
59,156,10.0,2.3509918e-08
59,156,11.0,3.2086703e-10
59,156,12.0,2.4570808e-08
59,156,13.0,3.2917165e-09
59,156,14.0,0.0
59,157,0.0,4.8256865e-09
59,157,1.0,9.202222e-09
59,157,2.0,2.5142123e-07
59,157,3.0,7.595645e-08
59,157,4.0,7.553626e-08
59,157,5.0,8.173092e-09
59,157,6.0,1.520041e-08
59,157,7.0,0.0
59,157,8.0,8.555275e-09
59,157,9.0,1.2534658e-09
59,157,10.0,5.9402083e-09
59,157,11.0,2.0307965e-08
59,157,12.0,1.09912275e-08
59,157,13.0,1.1366676e-11
59,157,14.0,1.20595e-08
59,158,0.0,1.4400631e-07
59,158,1.0,3.8170263e-08
59,158,2.0,1.04015186e-07
59,158,3.0,3.048587e-09
59,158,4.0,1.2434749e-06
59,158,5.0,7.379055e-07
59,158,6.0,4.668484e-10
59,158,7.0,4.7818116e-08
59,158,8.0,5.6413625e-09
59,158,9.0,3.0346718e-09
59,158,10.0,6.020547e-09
59,158,11.0,0.0
59,158,12.0,7.218045e-12
59,158,13.0,2.5869165e-08
59,158,14.0,0.0
59,159,0.0,5.171281e-09
59,159,1.0,3.1870133e-08
59,159,2.0,5.8298568e-08
59,159,3.0,2.9161187e-10
59,159,4.0,0.0
59,159,5.0,0.0
59,159,6.0,5.494757e-09
59,159,7.0,2.0456634e-09
59,159,8.0,2.3047425e-11
59,159,9.0,3.851945e-11
59,159,10.0,1.4758009e-08
59,159,11.0,5.841615e-09
59,159,12.0,3.8453944e-08
59,159,13.0,2.416487e-08
59,159,14.0,1.6646226e-08
59,160,0.0,0.0
59,160,1.0,0.0
59,160,2.0,0.0
59,160,3.0,0.0
59,160,4.0,0.0
59,160,5.0,0.0
59,160,6.0,0.0
59,160,7.0,1.4358519e-09
59,160,8.0,5.819041e-08
59,160,9.0,5.352285e-10
59,160,10.0,9.2161404e-11
59,160,11.0,1.0563958e-07
59,160,12.0,5.8084183e-08
59,160,13.0,4.751848e-09
59,160,14.0,2.826614e-09
59,161,0.0,0.0
59,161,1.0,1.8291795e-08
59,161,2.0,0.0
59,161,3.0,0.0
59,161,4.0,1.5969178e-08
59,161,5.0,0.0
59,161,6.0,1.0016877e-09
59,161,7.0,2.3777586e-07
59,161,8.0,1.5420701e-11
59,161,9.0,5.5326668e-09
59,161,10.0,0.0
59,161,11.0,1.6040422e-08
59,161,12.0,2.2669627e-10
59,161,13.0,0.0
59,161,14.0,1.9344193e-15
59,162,0.0,3.1530521e-07
59,162,1.0,7.7470946e-10
59,162,2.0,3.951382e-09
59,162,3.0,1.3258669e-12
59,162,4.0,2.5617268e-07
59,162,5.0,8.6875174e-11
59,162,6.0,1.0909176e-08
59,162,7.0,1.4351846e-09
59,162,8.0,2.8150831e-08
59,162,9.0,0.0
59,162,10.0,4.6470303e-11
59,162,11.0,1.3479175e-07
59,162,12.0,2.2240692e-06
59,162,13.0,1.1343631e-06
59,162,14.0,0.0
60,141,0.0,1.5913132e-10
60,141,1.0,4.2940634e-10
60,141,2.0,2.7283289e-08
60,141,3.0,4.539835e-12
60,141,4.0,1.0120647e-09
60,141,5.0,8.3535845e-09
60,141,6.0,8.5784024e-10
60,141,7.0,1.2368491e-09
60,141,8.0,3.0295086e-09
60,141,9.0,1.711735e-11
60,141,10.0,5.9755764e-12
60,141,11.0,9.108903e-12
60,141,12.0,6.199069e-08
60,141,13.0,2.8159006e-10
60,141,14.0,1.1682366e-09
60,142,0.0,9.775892e-12
60,142,1.0,0.0
60,142,2.0,6.723842e-08
60,142,3.0,0.0
60,142,4.0,0.0
60,142,5.0,5.382317e-11
60,142,6.0,1.0005116e-10
60,142,7.0,1.8519892e-13
60,142,8.0,1.2867633e-10
60,142,9.0,4.2776906e-09
60,142,10.0,0.0
60,142,11.0,2.9390527e-08
60,142,12.0,2.1396039e-07
60,142,13.0,1.8837077e-06
60,142,14.0,1.1365052e-07
60,143,0.0,8.802977e-10
60,143,1.0,1.4289914e-07
60,143,2.0,0.0
60,143,3.0,0.0
60,143,4.0,1.339418e-09
60,143,5.0,1.5166655e-08
60,143,6.0,1.7644681e-09
60,143,7.0,3.0623507e-08
60,143,8.0,1.627521e-07
60,143,9.0,2.0852908e-09
60,143,10.0,5.0487303e-09
60,143,11.0,2.9306328e-08
60,143,12.0,1.1359593e-07
60,143,13.0,1.630713e-08
60,143,14.0,4.3017458e-08
60,144,0.0,1.9881902e-11
60,144,1.0,0.0
60,144,2.0,0.0
60,144,3.0,0.0
60,144,4.0,0.0
60,144,5.0,0.0
60,144,6.0,0.0
60,144,7.0,0.0
60,144,8.0,0.0
60,144,9.0,0.0
60,144,10.0,1.4431934e-08
60,144,11.0,5.4637425e-08
60,144,12.0,9.462459e-08
60,144,13.0,7.454949e-07
60,144,14.0,1.0781341e-06
60,145,0.0,0.0
60,145,1.0,0.0
60,145,2.0,0.0
60,145,3.0,3.151165e-07
60,145,4.0,4.676702e-09
60,145,5.0,1.4681597e-06
60,145,6.0,0.0
60,145,7.0,3.326999e-08
60,145,8.0,1.6309346e-10
60,145,9.0,1.3029768e-09
60,145,10.0,3.5043453e-08
60,145,11.0,5.7047777e-07
60,145,12.0,1.1208052e-08
60,145,13.0,3.4778573e-08
60,145,14.0,6.3622597e-06
60,146,0.0,0.0
60,146,1.0,0.0
60,146,2.0,0.0
60,146,3.0,0.0
60,146,4.0,0.0
60,146,5.0,0.0
60,146,6.0,0.0
60,146,7.0,6.5947943e-06
60,146,8.0,3.866543e-06
60,146,9.0,3.6842287e-06
60,146,10.0,1.3186572e-05
60,146,11.0,2.0351752e-05
60,146,12.0,2.126891e-05
60,146,13.0,4.7437512e-05
60,146,14.0,0.00013743222
60,147,0.0,2.7145312e-05
60,147,1.0,4.3147287e-05
60,147,2.0,3.397456e-05
60,147,3.0,7.4683434e-05
60,147,4.0,8.180206e-05
60,147,5.0,9.849595e-05
60,147,6.0,0.00015773038
60,147,7.0,0.00023044975
60,147,8.0,0.00020778697
60,147,9.0,0.0001687421
60,147,10.0,0.00017403919
60,147,11.0,0.0003209216
60,147,12.0,0.0006361223
60,147,13.0,0.000924908
60,147,14.0,0.0007406673
60,148,0.0,0.00010682959
60,148,1.0,0.0002360259
60,148,2.0,0.00023874777
60,148,3.0,0.00018055916
60,148,4.0,0.00086695113
60,148,5.0,0.0010951888
60,148,6.0,0.0016313985
60,148,7.0,0.0016260109
60,148,8.0,0.0015009283
60,148,9.0,0.0016327837
60,148,10.0,0.0019647207
60,148,11.0,0.0025199647
60,148,12.0,0.0042769904
60,148,13.0,0.0046270187
60,148,14.0,0.005019062
60,149,0.0,0.0011688893
60,149,1.0,0.0011869529
60,149,2.0,0.0010239534
60,149,3.0,0.0015936814
60,149,4.0,0.0031050148
60,149,5.0,0.0047575347
60,149,6.0,0.004452923
60,149,7.0,0.0056578014
60,149,8.0,0.005303129
60,149,9.0,0.00460339
60,149,10.0,0.004398607
60,149,11.0,0.006473118
60,149,12.0,0.008111066
60,149,13.0,0.009179976
60,149,14.0,0.009560897
60,150,0.0,0.0042310557
60,150,1.0,0.0050462675
60,150,2.0,0.0080503775
60,150,3.0,0.009237111
60,150,4.0,0.008260419
60,150,5.0,0.010336341
60,150,6.0,0.011843737
60,150,7.0,0.009409863
60,150,8.0,0.012353537
60,150,9.0,0.013510226
60,150,10.0,0.013666788
60,150,11.0,0.016613638
60,150,12.0,0.013955997
60,150,13.0,0.019320207
60,150,14.0,0.0174389
60,151,0.0,0.0080772275
60,151,1.0,0.0148047395
60,151,2.0,0.0153393885
60,151,3.0,0.01985675
60,151,4.0,0.021627774
60,151,5.0,0.03284414
60,151,6.0,0.036888883
60,151,7.0,0.0299704
60,151,8.0,0.025705962
60,151,9.0,0.02387545
60,151,10.0,0.029898414
60,151,11.0,0.033633336
60,151,12.0,0.034580123
60,151,13.0,0.037243336
60,151,14.0,0.032772135
60,152,0.0,0.017276226
60,152,1.0,0.023345862
60,152,2.0,0.028462347
60,152,3.0,0.03101228
60,152,4.0,0.04036562
60,152,5.0,0.04553812
60,152,6.0,0.042232357
60,152,7.0,0.0377472
60,152,8.0,0.027028842
60,152,9.0,0.025780093
60,152,10.0,0.02652549
60,152,11.0,0.025018308
60,152,12.0,0.026095733
60,152,13.0,0.023723587
60,152,14.0,0.02384033
60,153,0.0,0.014384109
60,153,1.0,0.019713072
60,153,2.0,0.031147942
60,153,3.0,0.039674025
60,153,4.0,0.0415
60,153,5.0,0.04546947
60,153,6.0,0.040708177
60,153,7.0,0.03091401
60,153,8.0,0.026294604
60,153,9.0,0.025035389
60,153,10.0,0.023985675
60,153,11.0,0.023323087
60,153,12.0,0.023662144
60,153,13.0,0.021535426
60,153,14.0,0.018045053
60,154,0.0,0.0111906845
60,154,1.0,0.012564174
60,154,2.0,0.015024939
60,154,3.0,0.020251168
60,154,4.0,0.018741962
60,154,5.0,0.018993843
60,154,6.0,0.018992765
60,154,7.0,0.011834337
60,154,8.0,0.011007486
60,154,9.0,0.0095678605
60,154,10.0,0.007489323
60,154,11.0,0.008204862
60,154,12.0,0.006091496
60,154,13.0,0.0060258373
60,154,14.0,0.007432213
60,155,0.0,0.0032954116
60,155,1.0,0.0032724794
60,155,2.0,0.006397245
60,155,3.0,0.0074773426
60,155,4.0,0.0073482497
60,155,5.0,0.0076473895
60,155,6.0,0.006506224
60,155,7.0,0.0054826615
60,155,8.0,0.0044960347
60,155,9.0,0.0047685336
60,155,10.0,0.0036318088
60,155,11.0,0.004016889
60,155,12.0,0.0033565757
60,155,13.0,0.0030593239
60,155,14.0,0.002502732
60,156,0.0,0.0007069064
60,156,1.0,0.0008794734
60,156,2.0,0.0015672971
60,156,3.0,0.0017102677
60,156,4.0,0.0011408598
60,156,5.0,0.0012465431
60,156,6.0,0.0010872019
60,156,7.0,0.0005219955
60,156,8.0,0.0006047232
60,156,9.0,0.000552963
60,156,10.0,0.00020892877
60,156,11.0,0.00037332487
60,156,12.0,0.00042781883
60,156,13.0,0.00034245188
60,156,14.0,4.4331682e-05
60,157,0.0,6.5458364e-05
60,157,1.0,0.00033035802
60,157,2.0,0.0005360235
60,157,3.0,0.000527136
60,157,4.0,0.00047976186
60,157,5.0,0.0004999241
60,157,6.0,0.00051723304
60,157,7.0,0.00045732042
60,157,8.0,0.00027805284
60,157,9.0,0.00025352865
60,157,10.0,0.00026563305
60,157,11.0,0.00028432018
60,157,12.0,0.00014778235
60,157,13.0,0.000296866
60,157,14.0,0.00020502206
60,158,0.0,2.6821364e-05
60,158,1.0,3.856419e-05
60,158,2.0,5.8923564e-05
60,158,3.0,9.1339e-05
60,158,4.0,0.0001573698
60,158,5.0,0.0001634905
60,158,6.0,0.00011171744
60,158,7.0,6.0483504e-05
60,158,8.0,1.674004e-05
60,158,9.0,1.6897533e-05
60,158,10.0,5.7815025e-05
60,158,11.0,3.0630355e-05
60,158,12.0,5.3884207e-05
60,158,13.0,4.605746e-05
60,158,14.0,3.7233352e-05
60,159,0.0,1.2358872e-05
60,159,1.0,6.221675e-06
60,159,2.0,2.6954009e-05
60,159,3.0,1.7761611e-05
60,159,4.0,1.0414289e-05
60,159,5.0,1.3257709e-05
60,159,6.0,2.1901758e-05
60,159,7.0,1.4208139e-05
60,159,8.0,1.521261e-05
60,159,9.0,4.951804e-07
60,159,10.0,4.3213635e-08
60,159,11.0,1.0761685e-08
60,159,12.0,5.4016397e-08
60,159,13.0,2.7571161e-06
60,159,14.0,8.390745e-07
60,160,0.0,8.822939e-09
60,160,1.0,2.2000896e-10
60,160,2.0,0.0
60,160,3.0,8.761462e-12
60,160,4.0,8.898024e-11
60,160,5.0,0.0
60,160,6.0,0.0
60,160,7.0,0.0
60,160,8.0,0.0
60,160,9.0,9.233527e-11
60,160,10.0,1.0445305e-08
60,160,11.0,3.5681005e-08
60,160,12.0,6.608414e-12
60,160,13.0,2.3945542e-11
60,160,14.0,5.1837716e-08
60,161,0.0,0.0
60,161,1.0,2.1168098e-09
60,161,2.0,3.9077378e-08
60,161,3.0,1.3716139e-09
60,161,4.0,4.2639822e-11
60,161,5.0,0.0
60,161,6.0,4.743893e-11
60,161,7.0,0.0
60,161,8.0,0.0
60,161,9.0,0.0
60,161,10.0,1.1068595e-12
60,161,11.0,8.467783e-11
60,161,12.0,0.0
60,161,13.0,0.0
60,161,14.0,0.0
60,162,0.0,1.4909611e-09
60,162,1.0,0.0
60,162,2.0,2.3036778e-10
60,162,3.0,3.0232825e-09
60,162,4.0,1.562151e-08
60,162,5.0,4.655148e-08
60,162,6.0,1.1511703e-08
60,162,7.0,2.2446442e-09
60,162,8.0,4.6540243e-09
60,162,9.0,1.374222e-09
60,162,10.0,2.9008587e-09
60,162,11.0,2.9437919e-08
60,162,12.0,3.7208017e-09
60,162,13.0,1.4195439e-09
60,162,14.0,2.8224221e-08
60,163,0.0,1.1499081e-09
60,163,1.0,0.0
60,163,2.0,7.0342634e-11
60,163,3.0,2.2409628e-11
60,163,4.0,1.9381259e-09
60,163,5.0,3.820203e-09
60,163,6.0,8.15799e-10
60,163,7.0,1.5870447e-10
60,163,8.0,1.2164099e-08
60,163,9.0,3.979226e-08
60,163,10.0,2.4359068e-08
60,163,11.0,3.0586268e-08
60,163,12.0,1.12049365e-08
60,163,13.0,4.6357952e-11
60,163,14.0,0.0
60,164,0.0,0.0
60,164,1.0,0.0
60,164,2.0,0.0
60,164,3.0,0.0
60,164,4.0,0.0
60,164,5.0,0.0
60,164,6.0,0.0
60,164,7.0,0.0
60,164,8.0,0.0
60,164,9.0,0.0
60,164,10.0,0.0
60,164,11.0,0.0
60,164,12.0,0.0
60,164,13.0,0.0
60,164,14.0,4.4266896e-10
61,144,0.0,6.788183e-08
61,144,1.0,1.633835e-13
61,144,2.0,5.9123756e-10
61,144,3.0,9.450237e-11
61,144,4.0,1.516809e-11
61,144,5.0,1.5114887e-09
61,144,6.0,1.1424406e-09
61,144,7.0,0.0
61,144,8.0,7.444289e-12
61,144,9.0,8.2421705e-09
61,144,10.0,4.4203148e-08
61,144,11.0,2.0122564e-09
61,144,12.0,0.0
61,144,13.0,0.0
61,144,14.0,4.1082537e-09
61,145,0.0,5.6899396e-09
61,145,1.0,1.06100656e-10
61,145,2.0,1.9722653e-13
61,145,3.0,1.5007674e-09
61,145,4.0,3.836629e-12
61,145,5.0,2.150797e-10
61,145,6.0,5.0153814e-10
61,145,7.0,0.0
61,145,8.0,1.020961e-08
61,145,9.0,1.4809852e-07
61,145,10.0,9.150916e-08
61,145,11.0,0.0
61,145,12.0,0.0
61,145,13.0,1.2477706e-07
61,145,14.0,8.315535e-16
61,146,0.0,1.8216491e-07
61,146,1.0,1.098624e-09
61,146,2.0,1.2326994e-11
61,146,3.0,0.0
61,146,4.0,5.5530367e-09
61,146,5.0,5.0523727e-09
61,146,6.0,4.1929005e-07
61,146,7.0,3.325176e-07
61,146,8.0,4.393332e-11
61,146,9.0,4.9598646e-07
61,146,10.0,9.332996e-07
61,146,11.0,1.4564246e-10
61,146,12.0,2.0010088e-08
61,146,13.0,2.8153903e-11
61,146,14.0,2.2431927e-08
61,147,0.0,3.6127312e-09
61,147,1.0,1.751855e-08
61,147,2.0,1.562001e-08
61,147,3.0,2.766833e-09
61,147,4.0,5.6162325e-10
61,147,5.0,2.9389456e-08
61,147,6.0,2.8521574e-08
61,147,7.0,9.058365e-09
61,147,8.0,2.8592085e-11
61,147,9.0,1.7067244e-07
61,147,10.0,1.648466e-09
61,147,11.0,2.0998606e-08
61,147,12.0,2.3039904e-07
61,147,13.0,1.5272812e-07
61,147,14.0,9.038105e-08
61,148,0.0,6.505301e-08
61,148,1.0,0.0
61,148,2.0,8.1198437e-10
61,148,3.0,2.9227292e-07
61,148,4.0,1.6791257e-07
61,148,5.0,1.4674547e-12
61,148,6.0,3.4860616e-08
61,148,7.0,2.1877895e-10
61,148,8.0,0.0
61,148,9.0,0.0
61,148,10.0,9.371887e-10
61,148,11.0,4.348295e-08
61,148,12.0,3.4512484e-09
61,148,13.0,1.7782734e-10
61,148,14.0,3.568905e-08
61,149,0.0,1.0138481e-12
61,149,1.0,3.0775544e-07
61,149,2.0,5.9311475e-07
61,149,3.0,2.8899665e-08
61,149,4.0,2.842031e-07
61,149,5.0,1.0444047e-07
61,149,6.0,7.2157945e-06
61,149,7.0,6.5004624e-06
61,149,8.0,3.4093742e-07
61,149,9.0,6.2233235e-06
61,149,10.0,1.3638539e-06
61,149,11.0,1.656253e-05
61,149,12.0,5.6804995e-05
61,149,13.0,0.00017635772
61,149,14.0,0.00012430076
61,150,0.0,1.4618397e-06
61,150,1.0,1.066589e-07
61,150,2.0,5.7979642e-11
61,150,3.0,4.1772846e-06
61,150,4.0,0.00019690431
61,150,5.0,5.523301e-05
61,150,6.0,0.00013592682
61,150,7.0,0.0001858688
61,150,8.0,0.00013013044
61,150,9.0,0.00018697199
61,150,10.0,0.00032338913
61,150,11.0,0.00045247513
61,150,12.0,0.0005551114
61,150,13.0,0.0006368309
61,150,14.0,0.0005119996
61,151,0.0,3.4910874e-05
61,151,1.0,0.000117621756
61,151,2.0,0.0002729687
61,151,3.0,0.00043496196
61,151,4.0,0.001568026
61,151,5.0,0.00097509305
61,151,6.0,0.0015895786
61,151,7.0,0.0018279568
61,151,8.0,0.001646517
61,151,9.0,0.0011570773
61,151,10.0,0.00094610825
61,151,11.0,0.0022967441
61,151,12.0,0.0032370437
61,151,13.0,0.0034593784
61,151,14.0,0.0038773117
61,152,0.0,0.00012388245
61,152,1.0,0.0006528041
61,152,2.0,0.0014530611
61,152,3.0,0.002822927
61,152,4.0,0.0030402269
61,152,5.0,0.0032435302
61,152,6.0,0.003397874
61,152,7.0,0.0038216864
61,152,8.0,0.0038092602
61,152,9.0,0.0046827206
61,152,10.0,0.004852121
61,152,11.0,0.0063338894
61,152,12.0,0.007888051
61,152,13.0,0.009193913
61,152,14.0,0.008181436
61,153,0.0,0.0007980311
61,153,1.0,0.0018308111
61,153,2.0,0.0053612604
61,153,3.0,0.0055199494
61,153,4.0,0.008609961
61,153,5.0,0.009043051
61,153,6.0,0.016302748
61,153,7.0,0.008316041
61,153,8.0,0.011564159
61,153,9.0,0.008847198
61,153,10.0,0.012203079
61,153,11.0,0.013051052
61,153,12.0,0.012547446
61,153,13.0,0.011201574
61,153,14.0,0.012058402
61,154,0.0,0.002328936
61,154,1.0,0.0035342092
61,154,2.0,0.007563142
61,154,3.0,0.012649726
61,154,4.0,0.017612528
61,154,5.0,0.019213729
61,154,6.0,0.016593568
61,154,7.0,0.012285313
61,154,8.0,0.010483353
61,154,9.0,0.011773985
61,154,10.0,0.01200858
61,154,11.0,0.014763668
61,154,12.0,0.014340389
61,154,13.0,0.015175308
61,154,14.0,0.010556685
61,155,0.0,0.0011747199
61,155,1.0,0.003721638
61,155,2.0,0.008727525
61,155,3.0,0.011322874
61,155,4.0,0.016004188
61,155,5.0,0.0190779
61,155,6.0,0.020813406
61,155,7.0,0.016139135
61,155,8.0,0.013898143
61,155,9.0,0.0070317304
61,155,10.0,0.008641262
61,155,11.0,0.00681965
61,155,12.0,0.0071447873
61,155,13.0,0.0057957703
61,155,14.0,0.004730057
61,156,0.0,0.0009767686
61,156,1.0,0.0032010805
61,156,2.0,0.0062178667
61,156,3.0,0.009449128
61,156,4.0,0.0086181415
61,156,5.0,0.009966262
61,156,6.0,0.011863008
61,156,7.0,0.011132911
61,156,8.0,0.0068888543
61,156,9.0,0.004078721
61,156,10.0,0.005187276
61,156,11.0,0.0062103975
61,156,12.0,0.005922052
61,156,13.0,0.005921668
61,156,14.0,0.0028439641
61,157,0.0,0.0005879942
61,157,1.0,0.0012757708
61,157,2.0,0.0024125562
61,157,3.0,0.0040487438
61,157,4.0,0.00398549
61,157,5.0,0.005049947
61,157,6.0,0.006019889
61,157,7.0,0.0048975404
61,157,8.0,0.0031816456
61,157,9.0,0.002792259
61,157,10.0,0.002374114
61,157,11.0,0.0027810754
61,157,12.0,0.0021466124
61,157,13.0,0.0019598794
61,157,14.0,0.0010675909
61,158,0.0,0.00017920803
61,158,1.0,0.00044573646
61,158,2.0,0.0018037243
61,158,3.0,0.0022806758
61,158,4.0,0.0023543858
61,158,5.0,0.0026407961
61,158,6.0,0.0026042643
61,158,7.0,0.0019319454
61,158,8.0,0.0009306573
61,158,9.0,0.0006482763
61,158,10.0,0.0008204858
61,158,11.0,0.0007292347
61,158,12.0,0.001100765
61,158,13.0,0.0011766027
61,158,14.0,0.0008781956
61,159,0.0,1.9037721e-05
61,159,1.0,0.00013408576
61,159,2.0,0.0002496242
61,159,3.0,0.00033894752
61,159,4.0,0.00052397145
61,159,5.0,0.0007200242
61,159,6.0,0.0006097419
61,159,7.0,0.0004397012
61,159,8.0,0.00014851174
61,159,9.0,0.00018551941
61,159,10.0,0.0001344406
61,159,11.0,0.00029590318
61,159,12.0,0.00014900888
61,159,13.0,0.00013794073
61,159,14.0,4.879675e-05
61,160,0.0,7.837957e-06
61,160,1.0,5.539461e-05
61,160,2.0,9.150385e-05
61,160,3.0,5.6561712e-05
61,160,4.0,5.5198725e-05
61,160,5.0,7.329819e-05
61,160,6.0,0.00022192103
61,160,7.0,0.00019446998
61,160,8.0,8.177782e-05
61,160,9.0,5.446696e-05
61,160,10.0,5.915629e-05
61,160,11.0,4.384337e-05
61,160,12.0,1.4038742e-05
61,160,13.0,2.6945827e-05
61,160,14.0,1.4565464e-05
61,161,0.0,6.8020306e-08
61,161,1.0,2.6544619e-08
61,161,2.0,7.306643e-08
61,161,3.0,2.2578314e-11
61,161,4.0,3.0837107e-08
61,161,5.0,1.1220809e-09
61,161,6.0,1.08730354e-07
61,161,7.0,1.6159567e-09
61,161,8.0,2.8375082e-08
61,161,9.0,3.587203e-08
61,161,10.0,1.1932831e-16
61,161,11.0,4.8037833e-08
61,161,12.0,1.7740336e-06
61,161,13.0,4.1318344e-07
61,161,14.0,4.029503e-07
61,162,0.0,3.499798e-08
61,162,1.0,5.411656e-07
61,162,2.0,2.4604474e-06
61,162,3.0,3.7163739e-09
61,162,4.0,4.938511e-08
61,162,5.0,4.210576e-08
61,162,6.0,2.1945718e-07
61,162,7.0,1.2120801e-08
61,162,8.0,5.5885558e-08
61,162,9.0,5.1020885e-07
61,162,10.0,2.15549e-08
61,162,11.0,8.345581e-08
61,162,12.0,1.3091382e-07
61,162,13.0,8.840893e-08
61,162,14.0,1.7028817e-09
61,163,0.0,0.0
61,163,1.0,0.0
61,163,2.0,8.189583e-12
61,163,3.0,9.439007e-09
61,163,4.0,2.960007e-08
61,163,5.0,3.369061e-09
61,163,6.0,7.579949e-08
61,163,7.0,1.8963092e-08
61,163,8.0,5.7267346e-09
61,163,9.0,1.4805262e-07
61,163,10.0,7.735494e-09
61,163,11.0,3.6294608e-08
61,163,12.0,1.9150447e-10
61,163,13.0,7.22503e-08
61,163,14.0,1.3434608e-09
61,164,0.0,0.0
61,164,1.0,0.0
61,164,2.0,0.0
61,164,3.0,0.0
61,164,4.0,0.0
61,164,5.0,0.0
61,164,6.0,6.007533e-12
61,164,7.0,0.0
61,164,8.0,0.0
61,164,9.0,1.1535847e-09
61,164,10.0,3.793058e-08
61,164,11.0,1.4560919e-08
61,164,12.0,8.031246e-11
61,164,13.0,0.0
61,164,14.0,7.178396e-11
61,165,0.0,0.0
61,165,1.0,0.0
61,165,2.0,0.0
61,165,3.0,0.0
61,165,4.0,0.0
61,165,5.0,1.3453044e-10
61,165,6.0,0.0
61,165,7.0,1.4641198e-12
61,165,8.0,3.5066665e-12
61,165,9.0,8.090813e-09
61,165,10.0,1.6438609e-08
61,165,11.0,5.3819836e-08
61,165,12.0,4.809074e-09
61,165,13.0,0.0
61,165,14.0,0.0
61,166,0.0,0.0
61,166,1.0,0.0
61,166,2.0,0.0
61,166,3.0,0.0
61,166,4.0,0.0
61,166,5.0,0.0
61,166,6.0,0.0
61,166,7.0,0.0
61,166,8.0,0.0
61,166,9.0,5.4960633e-08
61,166,10.0,2.2926068e-09
61,166,11.0,1.8027917e-07
61,166,12.0,6.15167e-08
61,166,13.0,1.7639464e-07
61,166,14.0,8.2622975e-09
62,146,0.0,1.2630311e-08
62,146,1.0,2.378733e-10
62,146,2.0,8.229391e-09
62,146,3.0,7.7439836e-08
62,146,4.0,9.383024e-08
62,146,5.0,1.745397e-07
62,146,6.0,6.524016e-08
62,146,7.0,1.18329154e-07
62,146,8.0,3.2247993e-08
62,146,9.0,1.0017337e-07
62,146,10.0,2.026035e-08
62,146,11.0,1.6227349e-14
62,146,12.0,1.271772e-09
62,146,13.0,6.317832e-09
62,146,14.0,5.1332705e-10
62,147,0.0,1.6284804e-09
62,147,1.0,3.4911022e-07
62,147,2.0,5.194674e-08
62,147,3.0,2.156896e-10
62,147,4.0,3.3583198e-09
62,147,5.0,4.59174e-08
62,147,6.0,3.9720767e-08
62,147,7.0,9.444785e-08
62,147,8.0,7.512917e-08
62,147,9.0,6.9599365e-10
62,147,10.0,4.6114778e-08
62,147,11.0,1.117568e-06
62,147,12.0,1.6197014e-07
62,147,13.0,2.5672039e-08
62,147,14.0,4.3487086e-07
62,148,0.0,0.0
62,148,1.0,0.0
62,148,2.0,0.0
62,148,3.0,1.9070763e-15
62,148,4.0,3.1794676e-09
62,148,5.0,0.0
62,148,6.0,0.0
62,148,7.0,0.0
62,148,8.0,0.0
62,148,9.0,0.0
62,148,10.0,4.9302706e-10
62,148,11.0,2.519619e-12
62,148,12.0,1.8394572e-11
62,148,13.0,1.5435782e-08
62,148,14.0,5.190719e-10
62,149,0.0,0.0
62,149,1.0,0.0
62,149,2.0,8.663204e-13
62,149,3.0,8.816103e-09
62,149,4.0,1.6416796e-07
62,149,5.0,5.4128417e-08
62,149,6.0,0.0
62,149,7.0,0.0
62,149,8.0,1.45483625e-11
62,149,9.0,8.521103e-10
62,149,10.0,0.0
62,149,11.0,1.391155e-07
62,149,12.0,7.772754e-07
62,149,13.0,6.9328564e-08
62,149,14.0,8.899591e-08
62,150,0.0,0.0
62,150,1.0,0.0
62,150,2.0,3.2007478e-07
62,150,3.0,1.4867197e-06
62,150,4.0,1.3623606e-06
62,150,5.0,3.1163657e-07
62,150,6.0,3.9651266e-07
62,150,7.0,7.087118e-10
62,150,8.0,2.5853362e-12
62,150,9.0,0.0
62,150,10.0,0.0
62,150,11.0,1.7333103e-14
62,150,12.0,2.1634692e-07
62,150,13.0,9.11803e-07
62,150,14.0,1.8798798e-06
62,151,0.0,0.0
62,151,1.0,0.0
62,151,2.0,5.421707e-09
62,151,3.0,3.715555e-11
62,151,4.0,1.924356e-07
62,151,5.0,3.1803276e-07
62,151,6.0,4.1345193e-06
62,151,7.0,4.7229328e-06
62,151,8.0,8.146271e-08
62,151,9.0,8.2356746e-07
62,151,10.0,1.6789456e-06
62,151,11.0,6.463401e-05
62,151,12.0,5.9145514e-05
62,151,13.0,7.730878e-05
62,151,14.0,8.572961e-05
62,152,0.0,0.0
62,152,1.0,0.0
62,152,2.0,2.530595e-07
62,152,3.0,1.3382715e-05
62,152,4.0,0.000155454
62,152,5.0,0.00033218163
62,152,6.0,0.00044168564
62,152,7.0,0.00011934553
62,152,8.0,0.00010873216
62,152,9.0,0.0005027875
62,152,10.0,0.0006473542
62,152,11.0,0.00096862856
62,152,12.0,0.00072248274
62,152,13.0,0.00045927046
62,152,14.0,0.00048362743
62,153,0.0,5.8911377e-05
62,153,1.0,6.497256e-05
62,153,2.0,0.00030347856
62,153,3.0,0.00081456243
62,153,4.0,0.00119259
62,153,5.0,0.0014378445
62,153,6.0,0.0016922194
62,153,7.0,0.0018801339
62,153,8.0,0.0013948063
62,153,9.0,0.0017532766
62,153,10.0,0.0017198471
62,153,11.0,0.0018983956
62,153,12.0,0.0019233102
62,153,13.0,0.0021509877
62,153,14.0,0.0021044533
62,154,0.0,0.00015464419
62,154,1.0,0.00046772716
62,154,2.0,0.0010746454
62,154,3.0,0.0029325057
62,154,4.0,0.004344043
62,154,5.0,0.005171561
62,154,6.0,0.0048153354
62,154,7.0,0.0037167096
62,154,8.0,0.0037028554
62,154,9.0,0.0039165476
62,154,10.0,0.0064638243
62,154,11.0,0.0063561522
62,154,12.0,0.004325861
62,154,13.0,0.0036066812
62,154,14.0,0.0028349564
62,155,0.0,0.00090515567
62,155,1.0,0.0026097272
62,155,2.0,0.002578172
62,155,3.0,0.004206238
62,155,4.0,0.0064333547
62,155,5.0,0.007869114
62,155,6.0,0.008711963
62,155,7.0,0.0068597402
62,155,8.0,0.0046808473
62,155,9.0,0.0046074996
62,155,10.0,0.007967153
62,155,11.0,0.008274748
62,155,12.0,0.0068227653
62,155,13.0,0.0061930073
62,155,14.0,0.0055558723
62,156,0.0,0.0006285617
62,156,1.0,0.002504134
62,156,2.0,0.004741297
62,156,3.0,0.008936318
62,156,4.0,0.012007266
62,156,5.0,0.012269954
62,156,6.0,0.012793045
62,156,7.0,0.010991889
62,156,8.0,0.0058894893
62,156,9.0,0.0057073347
62,156,10.0,0.0072133676
62,156,11.0,0.007867968
62,156,12.0,0.0060501457
62,156,13.0,0.0052417526
62,156,14.0,0.0037315756
62,157,0.0,0.000873234
62,157,1.0,0.002587907
62,157,2.0,0.005467593
62,157,3.0,0.0071420223
62,157,4.0,0.00828075
62,157,5.0,0.009604312
62,157,6.0,0.00962667
62,157,7.0,0.008681196
62,157,8.0,0.005529634
62,157,9.0,0.00549727
62,157,10.0,0.0060932427
62,157,11.0,0.007386486
62,157,12.0,0.0062533873
62,157,13.0,0.0045538754
62,157,14.0,0.0046704262
62,158,0.0,0.00032817945
62,158,1.0,0.0010701518
62,158,2.0,0.0030097673
62,158,3.0,0.0047405777
62,158,4.0,0.005460619
62,158,5.0,0.006929495
62,158,6.0,0.007356951
62,158,7.0,0.0036901587
62,158,8.0,0.0023546165
62,158,9.0,0.0021571417
62,158,10.0,0.0025219095
62,158,11.0,0.0032211023
62,158,12.0,0.0021294502
62,158,13.0,0.0023907702
62,158,14.0,0.0015332011
62,159,0.0,0.00018023193
62,159,1.0,0.0005632458
62,159,2.0,0.0020346788
62,159,3.0,0.0028913019
62,159,4.0,0.0034536633
62,159,5.0,0.0032322463
62,159,6.0,0.0040304945
62,159,7.0,0.003925065
62,159,8.0,0.0031209895
62,159,9.0,0.0020903014
62,159,10.0,0.0024086882
62,159,11.0,0.002740596
62,159,12.0,0.0027422076
62,159,13.0,0.0036330877
62,159,14.0,0.0019862985
62,160,0.0,8.259188e-05
62,160,1.0,0.0002561748
62,160,2.0,0.0007843556
62,160,3.0,0.0013852163
62,160,4.0,0.0015681256
62,160,5.0,0.0017220404
62,160,6.0,0.0018788081
62,160,7.0,0.001330721
62,160,8.0,0.00059486274
62,160,9.0,0.0005492181
62,160,10.0,0.0009421884
62,160,11.0,0.0007852871
62,160,12.0,0.00044103168
62,160,13.0,0.00060824177
62,160,14.0,0.00052612054
62,161,0.0,1.7670578e-05
62,161,1.0,7.142374e-05
62,161,2.0,0.00025647267
62,161,3.0,0.00022922376
62,161,4.0,0.00028842778
62,161,5.0,0.0003831669
62,161,6.0,0.00042582938
62,161,7.0,0.00037433635
62,161,8.0,0.00032214902
62,161,9.0,9.704816e-05
62,161,10.0,0.00013589044
62,161,11.0,0.00012536919
62,161,12.0,0.00013751122
62,161,13.0,0.000106655134
62,161,14.0,0.000118185024
62,162,0.0,1.2803517e-05
62,162,1.0,1.1869304e-05
62,162,2.0,1.3982341e-05
62,162,3.0,3.2017222e-05
62,162,4.0,3.0898264e-05
62,162,5.0,6.601745e-05
62,162,6.0,6.7740184e-05
62,162,7.0,3.30323e-05
62,162,8.0,3.693794e-05
62,162,9.0,6.345247e-05
62,162,10.0,4.0710507e-05
62,162,11.0,1.4361553e-06
62,162,12.0,1.0566075e-06
62,162,13.0,1.5243545e-07
62,162,14.0,8.146029e-07
62,163,0.0,4.0795076e-08
62,163,1.0,2.9789103e-08
62,163,2.0,8.8542244e-08
62,163,3.0,7.327858e-08
62,163,4.0,1.9616498e-06
62,163,5.0,6.374991e-08
62,163,6.0,1.9685203e-07
62,163,7.0,2.1373397e-07
62,163,8.0,6.546039e-08
62,163,9.0,2.0594397e-08
62,163,10.0,4.464269e-08
62,163,11.0,1.4855442e-07
62,163,12.0,0.0
62,163,13.0,1.2811658e-09
62,163,14.0,2.2323093e-08
62,164,0.0,1.053256e-07
62,164,1.0,9.6623715e-08
62,164,2.0,3.0421165e-07
62,164,3.0,4.696151e-07
62,164,4.0,4.8688605e-07
62,164,5.0,2.8535181e-08
62,164,6.0,3.647613e-08
62,164,7.0,7.254137e-09
62,164,8.0,1.1990507e-08
62,164,9.0,5.762977e-11
62,164,10.0,5.1298632e-11
62,164,11.0,7.5362685e-09
62,164,12.0,1.3083953e-10
62,164,13.0,6.143313e-11
62,164,14.0,3.927316e-09
62,165,0.0,6.1765415e-10
62,165,1.0,1.0173992e-10
62,165,2.0,5.592889e-10
62,165,3.0,1.5041758e-08
62,165,4.0,2.823253e-08
62,165,5.0,8.7145935e-09
62,165,6.0,5.8072014e-09
62,165,7.0,5.5664686e-09
62,165,8.0,5.1393694e-09
62,165,9.0,3.8440082e-09
62,165,10.0,5.4265553e-10
62,165,11.0,6.522236e-10
62,165,12.0,3.7531644e-09
62,165,13.0,5.7958696e-09
62,165,14.0,7.311412e-08
62,166,0.0,5.9901324e-09
62,166,1.0,0.0
62,166,2.0,6.054677e-09
62,166,3.0,0.0
62,166,4.0,1.0388722e-09
62,166,5.0,5.097961e-13
62,166,6.0,0.0
62,166,7.0,1.3168113e-09
62,166,8.0,1.6999275e-12
62,166,9.0,0.0
62,166,10.0,1.5425328e-10
62,166,11.0,5.5015427e-08
62,166,12.0,1.8990762e-09
62,166,13.0,0.0
62,166,14.0,1.35730914e-11
62,167,0.0,0.0
62,167,1.0,3.6784678e-10
62,167,2.0,1.4729378e-09
62,167,3.0,1.1742887e-08
62,167,4.0,2.2128663e-08
62,167,5.0,9.961989e-09
62,167,6.0,1.3144592e-08
62,167,7.0,4.809588e-08
62,167,8.0,2.5688967e-08
62,167,9.0,8.471044e-07
62,167,10.0,1.4772988e-07
62,167,11.0,6.561361e-07
62,167,12.0,1.3454788e-07
62,167,13.0,5.844899e-08
62,167,14.0,1.2607644e-09
62,168,0.0,0.0
62,168,1.0,0.0
62,168,2.0,0.0
62,168,3.0,0.0
62,168,4.0,0.0
62,168,5.0,0.0
62,168,6.0,0.0
62,168,7.0,0.0
62,168,8.0,0.0
62,168,9.0,3.5307788e-09
62,168,10.0,2.376925e-13
62,168,11.0,3.4408468e-13
62,168,12.0,9.070917e-11
62,168,13.0,0.0
62,168,14.0,0.0
63,149,0.0,2.6308875e-09
63,149,1.0,5.496149e-08
63,149,2.0,8.319367e-09
63,149,3.0,0.0
63,149,4.0,4.469363e-09
63,149,5.0,2.7793143e-07
63,149,6.0,2.5758595e-07
63,149,7.0,4.913596e-07
63,149,8.0,3.6702139e-07
63,149,9.0,3.5420746e-07
63,149,10.0,6.630365e-07
63,149,11.0,1.2615103e-06
63,149,12.0,6.544009e-07
63,149,13.0,2.510106e-07
63,149,14.0,1.3015557e-08
63,150,0.0,9.67701e-10
63,150,1.0,0.0
63,150,2.0,4.4413324e-11
63,150,3.0,0.0
63,150,4.0,0.0
63,150,5.0,3.087853e-09
63,150,6.0,5.522721e-07
63,150,7.0,5.8908427e-07
63,150,8.0,3.5131166e-08
63,150,9.0,7.3017176e-08
63,150,10.0,5.8043607e-08
63,150,11.0,2.4649978e-12
63,150,12.0,9.71788e-07
63,150,13.0,5.828231e-07
63,150,14.0,8.4954024e-07
63,151,0.0,1.1668565e-08
63,151,1.0,3.571382e-08
63,151,2.0,0.0
63,151,3.0,1.10978685e-10
63,151,4.0,3.5545646e-08
63,151,5.0,6.891237e-08
63,151,6.0,9.011725e-08
63,151,7.0,4.378383e-09
63,151,8.0,3.828498e-08
63,151,9.0,1.1844083e-06
63,151,10.0,7.9501575e-08
63,151,11.0,2.5137833e-08
63,151,12.0,4.0437982e-08
63,151,13.0,3.1794656e-07
63,151,14.0,3.2338164e-08
63,152,0.0,0.0
63,152,1.0,0.0
63,152,2.0,4.1848455e-08
63,152,3.0,5.0168104e-08
63,152,4.0,1.9732562e-08
63,152,5.0,3.310476e-07
63,152,6.0,1.734115e-11
63,152,7.0,5.9092314e-10
63,152,8.0,0.0
63,152,9.0,8.379347e-12
63,152,10.0,0.0
63,152,11.0,3.214337e-09
63,152,12.0,1.3255103e-09
63,152,13.0,3.0094163e-10
63,152,14.0,6.48423e-07
63,153,0.0,2.676474e-10
63,153,1.0,0.0
63,153,2.0,5.588079e-08
63,153,3.0,8.95636e-10
63,153,4.0,3.4304114e-06
63,153,5.0,1.527405e-10
63,153,6.0,1.383383e-07
63,153,7.0,1.846774e-08
63,153,8.0,2.6593987e-08
63,153,9.0,1.19125936e-07
63,153,10.0,2.3173125e-06
63,153,11.0,1.82042e-05
63,153,12.0,8.623084e-06
63,153,13.0,3.0685296e-06
63,153,14.0,1.3165447e-06
63,154,0.0,8.658067e-09
63,154,1.0,5.0424995e-07
63,154,2.0,1.953365e-06
63,154,3.0,3.2073556e-05
63,154,4.0,1.5462465e-05
63,154,5.0,4.1189694e-05
63,154,6.0,3.3170887e-05
63,154,7.0,4.9828075e-05
63,154,8.0,1.1633716e-05
63,154,9.0,2.5414618e-05
63,154,10.0,8.95358e-06
63,154,11.0,1.5519865e-05
63,154,12.0,9.267406e-05
63,154,13.0,0.00014503644
63,154,14.0,4.6237e-05
63,155,0.0,9.542974e-09
63,155,1.0,2.8806414e-07
63,155,2.0,4.214728e-05
63,155,3.0,7.780296e-05
63,155,4.0,7.089866e-05
63,155,5.0,6.3431326e-05
63,155,6.0,0.0001328796
63,155,7.0,0.00012480025
63,155,8.0,9.784672e-05
63,155,9.0,8.6553926e-05
63,155,10.0,7.5656964e-05
63,155,11.0,5.8860493e-05
63,155,12.0,0.00016451186
63,155,13.0,0.00023918676
63,155,14.0,9.789822e-05
63,156,0.0,2.5827326e-06
63,156,1.0,4.2902808e-05
63,156,2.0,9.260422e-05
63,156,3.0,0.00014706489
63,156,4.0,0.00025098352
63,156,5.0,0.00037072427
63,156,6.0,0.0003868375
63,156,7.0,0.00016149784
63,156,8.0,0.00013682457
63,156,9.0,0.00017427349
63,156,10.0,0.00020196434
63,156,11.0,0.00024200689
63,156,12.0,0.00023392952
63,156,13.0,0.0002644279
63,156,14.0,0.0005538045
63,157,0.0,3.852768e-06
63,157,1.0,5.84811e-05
63,157,2.0,6.926646e-05
63,157,3.0,0.00012740077
63,157,4.0,0.00017238178
63,157,5.0,0.00024314669
63,157,6.0,0.00031346834
63,157,7.0,0.0003117007
63,157,8.0,0.00022484206
63,157,9.0,0.00026286082
63,157,10.0,0.00030479996
63,157,11.0,0.0003310156
63,157,12.0,0.00050044205
63,157,13.0,0.0003313523
63,157,14.0,0.00058985385
63,158,0.0,1.3509082e-05
63,158,1.0,7.523409e-05
63,158,2.0,0.0001576975
63,158,3.0,0.00016507797
63,158,4.0,0.00060777075
63,158,5.0,0.0012479475
63,158,6.0,0.00075526565
63,158,7.0,0.0005533317
63,158,8.0,0.00057522376
63,158,9.0,0.000667133
63,158,10.0,0.00083688484
63,158,11.0,0.00080608693
63,158,12.0,0.0010230694
63,158,13.0,0.00061735656
63,158,14.0,0.0007698297
63,159,0.0,6.700175e-06
63,159,1.0,8.538019e-05
63,159,2.0,0.00019847878
63,159,3.0,0.0007078224
63,159,4.0,0.0006689606
63,159,5.0,0.0012732013
63,159,6.0,0.0011084242
63,159,7.0,0.00092173216
63,159,8.0,0.00076526875
63,159,9.0,0.00081347174
63,159,10.0,0.0009786121
63,159,11.0,0.0008265612
63,159,12.0,0.0008825385
63,159,13.0,0.00077636616
63,159,14.0,0.0007020213
63,160,0.0,4.643678e-06
63,160,1.0,0.00011861964
63,160,2.0,0.000157933
63,160,3.0,0.0003345002
63,160,4.0,0.000543739
63,160,5.0,0.000891401
63,160,6.0,0.00097032223
63,160,7.0,0.0007226598
63,160,8.0,0.00069140736
63,160,9.0,0.00060937606
63,160,10.0,0.00075086905
63,160,11.0,0.00074396486
63,160,12.0,0.0007048355
63,160,13.0,0.00085305236
63,160,14.0,0.00073365343
63,161,0.0,4.88042e-06
63,161,1.0,3.4930912e-05
63,161,2.0,7.489507e-05
63,161,3.0,0.00041096105
63,161,4.0,0.00046168128
63,161,5.0,0.00080973667
63,161,6.0,0.00079136016
63,161,7.0,0.0007001594
63,161,8.0,0.00045851173
63,161,9.0,0.00044620837
63,161,10.0,0.0003734267
63,161,11.0,0.00043478046
63,161,12.0,0.000547308
63,161,13.0,0.00074564706
63,161,14.0,0.0004410825
63,162,0.0,9.910654e-06
63,162,1.0,1.1819363e-05
63,162,2.0,2.1901338e-05
63,162,3.0,0.0001069956
63,162,4.0,0.00013234338
63,162,5.0,0.00020768218
63,162,6.0,0.0002556333
63,162,7.0,0.0002478556
63,162,8.0,0.0002205483
63,162,9.0,0.00023590674
63,162,10.0,0.00026504495
63,162,11.0,0.00026869937
63,162,12.0,0.00019328098
63,162,13.0,0.0001526223
63,162,14.0,0.00015485988
63,163,0.0,3.2632673e-08
63,163,1.0,1.2717543e-06
63,163,2.0,4.409544e-05
63,163,3.0,1.592427e-05
63,163,4.0,8.858229e-05
63,163,5.0,6.068132e-05
63,163,6.0,3.439516e-05
63,163,7.0,4.794074e-05
63,163,8.0,2.7779735e-05
63,163,9.0,6.608278e-05
63,163,10.0,5.0341412e-05
63,163,11.0,6.0389575e-05
63,163,12.0,0.00011801007
63,163,13.0,0.00010758964
63,163,14.0,9.732313e-05
63,164,0.0,1.2427732e-08
63,164,1.0,1.5490541e-09
63,164,2.0,4.935316e-09
63,164,3.0,2.2699439e-07
63,164,4.0,2.0157884e-06
63,164,5.0,2.150295e-06
63,164,6.0,1.4566845e-06
63,164,7.0,1.4755748e-06
63,164,8.0,1.0185251e-07
63,164,9.0,1.5192433e-06
63,164,10.0,6.4084065e-06
63,164,11.0,1.6828895e-05
63,164,12.0,1.4181695e-06
63,164,13.0,2.191257e-06
63,164,14.0,2.9594714e-06
63,165,0.0,3.0501987e-08
63,165,1.0,8.674128e-09
63,165,2.0,9.923412e-17
63,165,3.0,1.0531046e-08
63,165,4.0,3.6494782e-17
63,165,5.0,1.949331e-08
63,165,6.0,5.002919e-08
63,165,7.0,2.949405e-10
63,165,8.0,2.1213518e-07
63,165,9.0,7.762594e-08
63,165,10.0,3.9952908e-09
63,165,11.0,2.0799183e-10
63,165,12.0,1.3005971e-08
63,165,13.0,4.6910667e-08
63,165,14.0,4.839644e-09
63,166,0.0,5.9936917e-10
63,166,1.0,1.805353e-08
63,166,2.0,5.3523067e-12
63,166,3.0,3.1688812e-09
63,166,4.0,3.3711825e-10
63,166,5.0,8.277908e-09
63,166,6.0,2.1785272e-08
63,166,7.0,9.929292e-10
63,166,8.0,5.4758086e-08
63,166,9.0,5.5025275e-08
63,166,10.0,2.267391e-08
63,166,11.0,5.2221285e-08
63,166,12.0,5.7525185e-09
63,166,13.0,2.4330491e-08
63,166,14.0,6.11055e-07
63,167,0.0,0.0
63,167,1.0,1.0355191e-08
63,167,2.0,5.2825935e-09
63,167,3.0,3.0312128e-09
63,167,4.0,2.4434752e-09
63,167,5.0,6.863361e-10
63,167,6.0,9.679699e-10
63,167,7.0,3.290509e-10
63,167,8.0,1.1648636e-08
63,167,9.0,2.0228068e-09
63,167,10.0,7.2017856e-12
63,167,11.0,1.1846523e-14
63,167,12.0,0.0
63,167,13.0,0.0
63,167,14.0,1.6481746e-08
63,168,0.0,1.5584035e-10
63,168,1.0,4.177718e-11
63,168,2.0,4.6868225e-09
63,168,3.0,0.0
63,168,4.0,2.5808015e-13
63,168,5.0,2.2539497e-09
63,168,6.0,5.1518265e-09
63,168,7.0,3.2711473e-08
63,168,8.0,1.4549518e-07
63,168,9.0,2.39418e-07
63,168,10.0,1.615413e-07
63,168,11.0,3.868985e-08
63,168,12.0,8.9802064e-08
63,168,13.0,2.3732055e-08
63,168,14.0,5.0096617e-08
63,169,0.0,1.09385445e-10
63,169,1.0,4.3087347e-09
63,169,2.0,3.4847844e-08
63,169,3.0,9.472303e-08
63,169,4.0,2.1088227e-09
63,169,5.0,7.344437e-08
63,169,6.0,2.3389127e-11
63,169,7.0,6.27302e-12
63,169,8.0,6.0050813e-09
63,169,9.0,3.1727065e-08
63,169,10.0,3.750307e-09
63,169,11.0,1.2090259e-08
63,169,12.0,1.1667226e-08
63,169,13.0,6.4068295e-17
63,169,14.0,4.3902812e-11
63,170,0.0,8.6810594e-08
63,170,1.0,1.7048432e-10
63,170,2.0,4.2008454e-09
63,170,3.0,2.2926068e-09
63,170,4.0,5.836837e-08
63,170,5.0,1.799122e-09
63,170,6.0,1.20516e-09
63,170,7.0,2.797533e-08
63,170,8.0,0.0
63,170,9.0,2.381536e-08
63,170,10.0,8.9643855e-08
63,170,11.0,2.2230276e-08
63,170,12.0,0.0
63,170,13.0,1.9956536e-09
63,170,14.0,5.59302e-08
64,151,0.0,5.1627085e-09
64,151,1.0,1.3661612e-08
64,151,2.0,1.1283036e-08
64,151,3.0,9.139436e-11
64,151,4.0,2.2187768e-08
64,151,5.0,0.0
64,151,6.0,3.3020897e-09
64,151,7.0,9.255426e-09
64,151,8.0,0.0
64,151,9.0,0.0
64,151,10.0,1.6372074e-09
64,151,11.0,1.1428622e-09
64,151,12.0,3.1718024e-09
64,151,13.0,3.0354506e-12
64,151,14.0,8.399738e-10
64,152,0.0,7.5932455e-08
64,152,1.0,3.024937e-08
64,152,2.0,4.4921226e-08
64,152,3.0,1.194067e-07
64,152,4.0,1.7274596e-08
64,152,5.0,9.7077915e-08
64,152,6.0,2.41037e-08
64,152,7.0,1.5726881e-08
64,152,8.0,2.5863844e-07
64,152,9.0,1.08147646e-07
64,152,10.0,3.1175452e-07
64,152,11.0,8.8697156e-08
64,152,12.0,2.2329843e-08
64,152,13.0,1.0863692e-08
64,152,14.0,1.3428573e-08
64,153,0.0,1.7697966e-09
64,153,1.0,2.1882981e-06
64,153,2.0,8.589695e-07
64,153,3.0,9.542915e-08
64,153,4.0,9.757385e-08
64,153,5.0,4.0762917e-08
64,153,6.0,2.114702e-07
64,153,7.0,6.6388617e-10
64,153,8.0,1.4368315e-07
64,153,9.0,6.842656e-09
64,153,10.0,2.4164176e-08
64,153,11.0,1.4045473e-07
64,153,12.0,4.932235e-08
64,153,13.0,9.909671e-07
64,153,14.0,1.9163839e-07
64,154,0.0,0.0
64,154,1.0,1.5543592e-09
64,154,2.0,4.4516004e-09
64,154,3.0,0.0
64,154,4.0,0.0
64,154,5.0,3.167467e-08
64,154,6.0,2.7311035e-07
64,154,7.0,1.7061541e-06
64,154,8.0,1.1008669e-06
64,154,9.0,1.6221063e-06
64,154,10.0,2.5981075e-07
64,154,11.0,1.3944381e-07
64,154,12.0,1.0408909e-11
64,154,13.0,1.5297767e-09
64,154,14.0,6.2046446e-08
64,155,0.0,1.3646201e-10
64,155,1.0,4.6445844e-10
64,155,2.0,1.4129389e-09
64,155,3.0,8.73224e-09
64,155,4.0,2.8012739e-08
64,155,5.0,4.1401016e-08
64,155,6.0,2.2855423e-07
64,155,7.0,1.0319808e-06
64,155,8.0,1.7964231e-13
64,155,9.0,1.390817e-09
64,155,10.0,1.8439508e-07
64,155,11.0,3.2440698e-07
64,155,12.0,7.3162725e-09
64,155,13.0,6.8479354e-11
64,155,14.0,7.8947323e-07
64,156,0.0,0.0
64,156,1.0,0.0
64,156,2.0,0.0
64,156,3.0,8.150981e-09
64,156,4.0,8.152653e-08
64,156,5.0,1.0919123e-06
64,156,6.0,6.9524197e-07
64,156,7.0,5.831646e-08
64,156,8.0,8.447834e-11
64,156,9.0,1.1939294e-07
64,156,10.0,1.191284e-06
64,156,11.0,2.2466654e-07
64,156,12.0,2.4056229e-08
64,156,13.0,0.0
64,156,14.0,2.4893752e-06
64,157,0.0,0.0
64,157,1.0,6.8865282e-09
64,157,2.0,2.222637e-08
64,157,3.0,5.321038e-07
64,157,4.0,3.6838313e-07
64,157,5.0,1.5632728e-05
64,157,6.0,1.8948873e-05
64,157,7.0,7.716558e-06
64,157,8.0,9.890004e-06
64,157,9.0,2.5484703e-06
64,157,10.0,7.0564177e-09
64,157,11.0,1.1914046e-07
64,157,12.0,7.137694e-06
64,157,13.0,5.5275104e-05
64,157,14.0,2.1946962e-05
64,158,0.0,0.0
64,158,1.0,0.0
64,158,2.0,1.2531185e-08
64,158,3.0,4.14373e-06
64,158,4.0,2.0501107e-05
64,158,5.0,2.9204699e-05
64,158,6.0,6.2744766e-05
64,158,7.0,5.0559884e-05
64,158,8.0,3.2594726e-05
64,158,9.0,3.9728406e-05
64,158,10.0,8.4591775e-05
64,158,11.0,5.9516664e-05
64,158,12.0,5.8946498e-05
64,158,13.0,3.1336513e-05
64,158,14.0,5.3814514e-05
64,159,0.0,3.367186e-07
64,159,1.0,5.1043094e-06
64,159,2.0,8.48332e-06
64,159,3.0,1.2422307e-05
64,159,4.0,2.587572e-05
64,159,5.0,9.5184245e-05
64,159,6.0,7.7208046e-05
64,159,7.0,0.00012898818
64,159,8.0,9.446955e-05
64,159,9.0,0.00010869548
64,159,10.0,0.00016659156
64,159,11.0,0.00012697474
64,159,12.0,0.00028145133
64,159,13.0,0.00016853253
64,159,14.0,0.00017837896
64,160,0.0,6.0571074e-07
64,160,1.0,1.246364e-05
64,160,2.0,1.0556826e-05
64,160,3.0,3.7781294e-05
64,160,4.0,0.00013655933
64,160,5.0,0.00022256983
64,160,6.0,0.00030979357
64,160,7.0,0.00033629357
64,160,8.0,0.0001954391
64,160,9.0,0.000111931266
64,160,10.0,0.00012235843
64,160,11.0,0.00021248606
64,160,12.0,0.00027062505
64,160,13.0,0.00038187648
64,160,14.0,0.00020262951
64,161,0.0,2.0273308e-06
64,161,1.0,1.3123076e-05
64,161,2.0,5.9898888e-05
64,161,3.0,0.0001221709
64,161,4.0,0.00020037047
64,161,5.0,0.00032213912
64,161,6.0,0.00041579784
64,161,7.0,0.0004815931
64,161,8.0,0.0003342828
64,161,9.0,0.00013610467
64,161,10.0,0.0001782959
64,161,11.0,0.00045122637
64,161,12.0,0.00045865463
64,161,13.0,0.00037880885
64,161,14.0,0.00018883265
64,162,0.0,1.0934624e-07
64,162,1.0,1.0675184e-05
64,162,2.0,5.931228e-05
64,162,3.0,8.155922e-05
64,162,4.0,0.00013884675
64,162,5.0,0.0002610207
64,162,6.0,0.00030752557
64,162,7.0,0.00026814887
64,162,8.0,0.00032270735
64,162,9.0,0.00040298174
64,162,10.0,0.00024840038
64,162,11.0,0.00032821053
64,162,12.0,0.00036875656
64,162,13.0,0.00032974602
64,162,14.0,0.00028055665
64,163,0.0,1.8393445e-08
64,163,1.0,5.0807826e-06
64,163,2.0,9.538101e-06
64,163,3.0,3.6132675e-05
64,163,4.0,0.00011786207
64,163,5.0,0.00020620077
64,163,6.0,0.00028396994
64,163,7.0,0.00030556778
64,163,8.0,0.00029363163
64,163,9.0,0.00028934045
64,163,10.0,0.0003833984
64,163,11.0,0.00042107704
64,163,12.0,0.0002357052
64,163,13.0,0.0002453265
64,163,14.0,0.00019556377
64,164,0.0,0.0
64,164,1.0,3.9414758e-08
64,164,2.0,1.1270603e-07
64,164,3.0,5.1769007e-06
64,164,4.0,1.948667e-05
64,164,5.0,1.3916277e-05
64,164,6.0,4.5645764e-05
64,164,7.0,5.0397648e-05
64,164,8.0,6.985065e-05
64,164,9.0,0.00012086177
64,164,10.0,0.00015047895
64,164,11.0,0.0001059949
64,164,12.0,8.751213e-05
64,164,13.0,6.986472e-05
64,164,14.0,4.9129972e-05
64,165,0.0,4.3198725e-10
64,165,1.0,1.5196254e-09
64,165,2.0,2.4585448e-11
64,165,3.0,8.037717e-12
64,165,4.0,2.4496233e-06
64,165,5.0,1.32581545e-05
64,165,6.0,5.479128e-05
64,165,7.0,5.5054163e-05
64,165,8.0,6.418939e-05
64,165,9.0,8.564515e-05
64,165,10.0,0.00011075208
64,165,11.0,0.00013422329
64,165,12.0,8.255569e-05
64,165,13.0,8.0972175e-05
64,165,14.0,2.1820635e-05
64,166,0.0,0.0
64,166,1.0,5.6250073e-13
64,166,2.0,1.9708497e-07
64,166,3.0,8.859677e-13
64,166,4.0,1.9780575e-09
64,166,5.0,0.0
64,166,6.0,0.0
64,166,7.0,1.0097351e-09
64,166,8.0,8.163299e-08
64,166,9.0,0.0
64,166,10.0,2.191286e-11
64,166,11.0,2.4722759e-12
64,166,12.0,3.350238e-11
64,166,13.0,4.8726544e-12
64,166,14.0,1.3590789e-06
64,167,0.0,1.6995486e-07
64,167,1.0,7.41441e-08
64,167,2.0,4.4876305e-10
64,167,3.0,6.947332e-08
64,167,4.0,4.4435097e-08
64,167,5.0,2.8990137e-08
64,167,6.0,5.5411604e-09
64,167,7.0,2.9394808e-08
64,167,8.0,8.816212e-13
64,167,9.0,1.4615669e-08
64,167,10.0,9.0499117e-07
64,167,11.0,1.5335881e-06
64,167,12.0,4.3562693e-08
64,167,13.0,2.3824487e-09
64,167,14.0,3.8809034e-08
64,168,0.0,1.7032735e-07
64,168,1.0,1.8005121e-08
64,168,2.0,3.4433164e-08
64,168,3.0,5.5136495e-09
64,168,4.0,9.1568986e-10
64,168,5.0,6.999047e-09
64,168,6.0,0.0
64,168,7.0,1.6327852e-10
64,168,8.0,2.6114544e-09
64,168,9.0,6.680938e-12
64,168,10.0,1.08228815e-10
64,168,11.0,2.0652968e-07
64,168,12.0,8.561287e-08
64,168,13.0,1.0245361e-06
64,168,14.0,6.7883783e-09
64,169,0.0,1.3561377e-07
64,169,1.0,5.3034455e-07
64,169,2.0,7.081072e-08
64,169,3.0,3.4186747e-09
64,169,4.0,2.6184274e-08
64,169,5.0,2.780912e-08
64,169,6.0,1.7047599e-08
64,169,7.0,3.7126304e-09
64,169,8.0,1.8163736e-09
64,169,9.0,1.2515583e-09
64,169,10.0,5.5701654e-10
64,169,11.0,4.825947e-08
64,169,12.0,9.5487415e-08
64,169,13.0,8.9789076e-08
64,169,14.0,1.6331695e-07
64,170,0.0,1.8048517e-08
64,170,1.0,9.996822e-07
64,170,2.0,1.1217275e-12
64,170,3.0,3.6646146e-09
64,170,4.0,3.425752e-08
64,170,5.0,6.6220345e-08
64,170,6.0,1.9918788e-08
64,170,7.0,1.5149956e-07
64,170,8.0,9.401636e-08
64,170,9.0,2.0810631e-08
64,170,10.0,1.3787224e-08
64,170,11.0,1.4150845e-08
64,170,12.0,3.6342904e-08
64,170,13.0,1.4658431e-10
64,170,14.0,2.1215049e-11
64,171,0.0,0.0
64,171,1.0,7.112639e-08
64,171,2.0,9.3241106e-08
64,171,3.0,3.7088146e-08
64,171,4.0,3.6553278e-08
64,171,5.0,4.0705494e-08
64,171,6.0,7.806929e-09
64,171,7.0,3.8634962e-08
64,171,8.0,7.1202216e-08
64,171,9.0,1.8934274e-07
64,171,10.0,1.6773465e-07
64,171,11.0,1.5480809e-07
64,171,12.0,1.5698163e-07
64,171,13.0,4.4518012e-07
64,171,14.0,1.2694886e-09
64,172,0.0,2.2611672e-15
64,172,1.0,0.0
64,172,2.0,9.9654365e-09
64,172,3.0,8.699872e-09
64,172,4.0,1.6181058e-08
64,172,5.0,2.999199e-09
64,172,6.0,1.2165137e-09
64,172,7.0,2.604836e-07
64,172,8.0,7.2037246e-08
64,172,9.0,1.8710959e-07
64,172,10.0,4.826822e-10
64,172,11.0,1.0113933e-08
64,172,12.0,6.0311462e-09
64,172,13.0,2.307416e-10
64,172,14.0,2.3604894e-08
65,154,0.0,7.210199e-11
65,154,1.0,5.808441e-10
65,154,2.0,7.425289e-08
65,154,3.0,2.8353753e-07
65,154,4.0,4.261657e-10
65,154,5.0,2.1660052e-09
65,154,6.0,9.389062e-10
65,154,7.0,0.0
65,154,8.0,1.4292897e-08
65,154,9.0,2.7378176e-11
65,154,10.0,2.5302007e-09
65,154,11.0,5.2271183e-09
65,154,12.0,1.4189335e-07
65,154,13.0,5.7091762e-09
65,154,14.0,7.580063e-10
65,155,0.0,4.5195628e-10
65,155,1.0,3.6424308e-09
65,155,2.0,1.2911426e-08
65,155,3.0,1.170595e-08
65,155,4.0,1.93482e-10
65,155,5.0,1.4470347e-09
65,155,6.0,2.7995848e-09
65,155,7.0,5.6007845e-08
65,155,8.0,2.752529e-07
65,155,9.0,1.13954094e-07
65,155,10.0,5.723652e-08
65,155,11.0,3.0895404e-08
65,155,12.0,3.317495e-08
65,155,13.0,8.52269e-08
65,155,14.0,1.0164353e-09
65,156,0.0,4.3912774e-08
65,156,1.0,5.3201434e-09
65,156,2.0,2.7101985e-09
65,156,3.0,3.4973897e-07
65,156,4.0,2.425603e-08
65,156,5.0,3.6304954e-08
65,156,6.0,1.6433072e-08
65,156,7.0,1.3086378e-07
65,156,8.0,1.8254138e-08
65,156,9.0,2.3071442e-08
65,156,10.0,2.6864754e-07
65,156,11.0,6.522897e-08
65,156,12.0,2.6652972e-07
65,156,13.0,1.4729918e-07
65,156,14.0,9.6513354e-08
65,157,0.0,0.0
65,157,1.0,2.8156817e-11
65,157,2.0,3.5534935e-09
65,157,3.0,1.7508903e-07
65,157,4.0,2.5928435e-07
65,157,5.0,1.552678e-08
65,157,6.0,1.5361957e-08
65,157,7.0,1.9239945e-07
65,157,8.0,1.0879513e-06
65,157,9.0,3.2496278e-08
65,157,10.0,6.909508e-08
65,157,11.0,7.985132e-07
65,157,12.0,4.504734e-07
65,157,13.0,1.8805085e-07
65,157,14.0,3.5287126e-08
65,158,0.0,8.236707e-09
65,158,1.0,2.992296e-09
65,158,2.0,1.2677464e-07
65,158,3.0,5.291657e-08
65,158,4.0,6.955805e-08
65,158,5.0,2.9174282e-07
65,158,6.0,6.610842e-10
65,158,7.0,7.1103984e-10
65,158,8.0,6.2583375e-08
65,158,9.0,1.9277975e-07
65,158,10.0,3.3136195e-07
65,158,11.0,1.3906523e-08
65,158,12.0,4.0677147e-08
65,158,13.0,5.1111743e-07
65,158,14.0,6.08963e-07
65,159,0.0,4.6251106e-08
65,159,1.0,1.4542767e-10
65,159,2.0,2.87287e-10
65,159,3.0,1.0026603e-07
65,159,4.0,5.726709e-07
65,159,5.0,8.480021e-09
65,159,6.0,1.01492766e-07
65,159,7.0,1.7652148e-09
65,159,8.0,1.4562309e-07
65,159,9.0,0.0
65,159,10.0,1.7112936e-07
65,159,11.0,3.786659e-09
65,159,12.0,4.796646e-07
65,159,13.0,1.0774482e-06
65,159,14.0,6.580344e-07
65,160,0.0,7.8562074e-08
65,160,1.0,8.428101e-09
65,160,2.0,3.51274e-09
65,160,3.0,2.4718059e-08
65,160,4.0,6.555802e-08
65,160,5.0,1.8827455e-08
65,160,6.0,5.1442917e-09
65,160,7.0,1.3249951e-07
65,160,8.0,5.628105e-09
65,160,9.0,6.090527e-08
65,160,10.0,1.2357687e-07
65,160,11.0,1.0278313e-08
65,160,12.0,1.5876631e-06
65,160,13.0,1.5292714e-07
65,160,14.0,3.2750816e-07
65,161,0.0,0.0
65,161,1.0,0.0
65,161,2.0,0.0
65,161,3.0,1.2826726e-09
65,161,4.0,8.9467356e-08
65,161,5.0,5.5282268e-08
65,161,6.0,0.0
65,161,7.0,7.7904315e-07
65,161,8.0,5.5539317e-06
65,161,9.0,9.161007e-06
65,161,10.0,5.273097e-06
65,161,11.0,1.3457612e-06
65,161,12.0,1.2775654e-06
65,161,13.0,9.640948e-06
65,161,14.0,9.271414e-06
65,162,0.0,2.4851694e-09
65,162,1.0,0.0
65,162,2.0,0.0
65,162,3.0,0.0
65,162,4.0,0.0
65,162,5.0,0.0
65,162,6.0,4.1459765e-07
65,162,7.0,5.8029846e-06
65,162,8.0,9.429232e-06
65,162,9.0,1.2306736e-05
65,162,10.0,2.0610283e-05
65,162,11.0,1.8831559e-05
65,162,12.0,1.3350763e-05
65,162,13.0,2.2921724e-05
65,162,14.0,8.177113e-06
65,163,0.0,0.0
65,163,1.0,0.0
65,163,2.0,0.0
65,163,3.0,4.6554882e-12
65,163,4.0,5.820604e-08
65,163,5.0,1.4987342e-06
65,163,6.0,7.740471e-06
65,163,7.0,1.5525968e-05
65,163,8.0,2.6391035e-05
65,163,9.0,4.595271e-05
65,163,10.0,7.777916e-05
65,163,11.0,3.3662443e-05
65,163,12.0,2.8544926e-05
65,163,13.0,3.108943e-05
65,163,14.0,0.00017113553
65,164,0.0,5.1493746e-08
65,164,1.0,0.0
65,164,2.0,1.2338186e-09
65,164,3.0,2.876908e-07
65,164,4.0,6.8866407e-06
65,164,5.0,3.1891144e-05
65,164,6.0,9.112243e-06
65,164,7.0,2.5002102e-05
65,164,8.0,1.7518758e-05
65,164,9.0,2.5847836e-05
65,164,10.0,3.4672426e-05
65,164,11.0,6.377654e-05
65,164,12.0,7.892245e-05
65,164,13.0,6.0537237e-05
65,164,14.0,4.71862e-05
65,165,0.0,0.0
65,165,1.0,9.9766545e-08
65,165,2.0,0.0
65,165,3.0,6.436448e-07
65,165,4.0,1.7242792e-06
65,165,5.0,1.0422575e-05
65,165,6.0,1.1610118e-05
65,165,7.0,3.419749e-05
65,165,8.0,2.6883887e-05
65,165,9.0,4.0570038e-05
65,165,10.0,6.610843e-05
65,165,11.0,7.278164e-05
65,165,12.0,5.5064258e-05
65,165,13.0,6.421966e-05
65,165,14.0,6.8089874e-05
65,166,0.0,0.0
65,166,1.0,1.2095885e-10
65,166,2.0,3.8843023e-11
65,166,3.0,2.308394e-08
65,166,4.0,1.962181e-06
65,166,5.0,3.0718084e-06
65,166,6.0,4.440926e-06
65,166,7.0,6.2877166e-06
65,166,8.0,7.273249e-06
65,166,9.0,1.819965e-05
65,166,10.0,1.321337e-05
65,166,11.0,1.719961e-05
65,166,12.0,7.417984e-06
65,166,13.0,4.3862465e-06
65,166,14.0,1.7271088e-05
65,167,0.0,0.0
65,167,1.0,5.4343716e-09
65,167,2.0,1.5412911e-07
65,167,3.0,0.0
65,167,4.0,3.1717153e-07
65,167,5.0,4.600986e-06
65,167,6.0,1.6474854e-05
65,167,7.0,7.891858e-06
65,167,8.0,9.1603135e-07
65,167,9.0,4.9606444e-07
65,167,10.0,1.6110271e-06
65,167,11.0,4.4531777e-07
65,167,12.0,8.785625e-07
65,167,13.0,3.1822312e-06
65,167,14.0,4.1705093e-06
65,168,0.0,0.0
65,168,1.0,2.8005582e-11
65,168,2.0,0.0
65,168,3.0,0.0
65,168,4.0,0.0
65,168,5.0,0.0
65,168,6.0,1.3715749e-05
65,168,7.0,2.412027e-06
65,168,8.0,2.7719993e-06
65,168,9.0,5.8702113e-07
65,168,10.0,1.5557605e-06
65,168,11.0,1.1364405e-06
65,168,12.0,2.2161905e-07
65,168,13.0,1.4983053e-06
65,168,14.0,1.5932795e-06
65,169,0.0,0.0
65,169,1.0,4.795961e-10
65,169,2.0,4.8958115e-10
65,169,3.0,2.5085387e-09
65,169,4.0,1.6113434e-09
65,169,5.0,6.445954e-10
65,169,6.0,7.516565e-07
65,169,7.0,7.4907645e-09
65,169,8.0,3.1112884e-10
65,169,9.0,0.0
65,169,10.0,4.7642774e-09
65,169,11.0,7.402643e-11
65,169,12.0,0.0
65,169,13.0,4.158192e-08
65,169,14.0,3.5067885e-08
65,170,0.0,0.0
65,170,1.0,3.571744e-13
65,170,2.0,2.1837498e-07
65,170,3.0,0.0
65,170,4.0,0.0
65,170,5.0,5.3315723e-08
65,170,6.0,2.1715882e-08
65,170,7.0,1.6501012e-09
65,170,8.0,7.684881e-09
65,170,9.0,8.701093e-08
65,170,10.0,2.7812777e-09
65,170,11.0,2.8597982e-11
65,170,12.0,0.0
65,170,13.0,6.890317e-11
65,170,14.0,8.836512e-09
65,171,0.0,0.0
65,171,1.0,0.0
65,171,2.0,0.0
65,171,3.0,1.0264508e-09
65,171,4.0,1.1456953e-08
65,171,5.0,5.507422e-10
65,171,6.0,1.1545258e-08
65,171,7.0,8.826661e-08
65,171,8.0,5.4355756e-11
65,171,9.0,1.3274231e-09
65,171,10.0,2.5105244e-08
65,171,11.0,1.4684563e-10
65,171,12.0,9.9825685e-09
65,171,13.0,9.152534e-10
65,171,14.0,8.43429e-09
65,172,0.0,6.322306e-12
65,172,1.0,9.454885e-09
65,172,2.0,1.0226572e-08
65,172,3.0,0.0
65,172,4.0,3.8455526e-14
65,172,5.0,2.2649276e-09
65,172,6.0,3.8004833e-16
65,172,7.0,5.423976e-08
65,172,8.0,3.2953093e-08
65,172,9.0,8.077055e-08
65,172,10.0,0.0
65,172,11.0,3.1848245e-08
65,172,12.0,6.3894102e-18
65,172,13.0,4.8208257e-08
65,172,14.0,2.0412992e-07
66,157,0.0,2.0369678e-10
66,157,1.0,1.7082842e-08
66,157,2.0,7.3200455e-09
66,157,3.0,1.9848968e-10
66,157,4.0,7.4170337e-09
66,157,5.0,7.402579e-08
66,157,6.0,3.2926568e-08
66,157,7.0,2.1725695e-08
66,157,8.0,3.6012995e-08
66,157,9.0,1.7693099e-08
66,157,10.0,9.100277e-09
66,157,11.0,4.7637303e-09
66,157,12.0,2.5236153e-09
66,157,13.0,4.637723e-09
66,157,14.0,3.2350528e-08
66,158,0.0,0.0
66,158,1.0,3.4713676e-09
66,158,2.0,2.3156806e-08
66,158,3.0,4.3686477e-08
66,158,4.0,2.3141594e-08
66,158,5.0,1.2300038e-07
66,158,6.0,4.6745214e-08
66,158,7.0,2.3478247e-08
66,158,8.0,5.9468253e-09
66,158,9.0,5.327127e-09
66,158,10.0,1.8417877e-11
66,158,11.0,0.0
66,158,12.0,0.0
66,158,13.0,0.0
66,158,14.0,0.0
66,159,0.0,8.851406e-09
66,159,1.0,1.4867651e-08
66,159,2.0,7.255917e-08
66,159,3.0,3.669846e-08
66,159,4.0,3.9065517e-07
66,159,5.0,3.456624e-08
66,159,6.0,1.3691463e-08
66,159,7.0,2.6704384e-08
66,159,8.0,6.6140174e-08
66,159,9.0,9.622989e-09
66,159,10.0,3.8197974e-09
66,159,11.0,2.1242076e-10
66,159,12.0,2.3147905e-11
66,159,13.0,2.2282207e-11
66,159,14.0,5.5052535e-10
66,160,0.0,6.8769808e-09
66,160,1.0,3.440846e-20
66,160,2.0,2.8279034e-08
66,160,3.0,1.2440077e-07
66,160,4.0,1.3043761e-08
66,160,5.0,1.407444e-08
66,160,6.0,1.23143264e-08
66,160,7.0,6.1218866e-09
66,160,8.0,3.3160592e-08
66,160,9.0,1.8055758e-08
66,160,10.0,2.2865264e-10
66,160,11.0,0.0
66,160,12.0,2.2799947e-08
66,160,13.0,9.106277e-09
66,160,14.0,7.431189e-08
66,161,0.0,4.1154184e-08
66,161,1.0,1.5605359e-08
66,161,2.0,1.773801e-09
66,161,3.0,4.617896e-08
66,161,4.0,2.1945355e-07
66,161,5.0,4.506485e-08
66,161,6.0,5.755878e-08
66,161,7.0,9.758438e-08
66,161,8.0,1.06789116e-07
66,161,9.0,2.0807331e-09
66,161,10.0,2.9235286e-10
66,161,11.0,2.3420965e-09
66,161,12.0,4.637053e-09
66,161,13.0,1.2604977e-07
66,161,14.0,1.9759617e-07
66,162,0.0,0.0
66,162,1.0,0.0
66,162,2.0,0.0
66,162,3.0,3.8747247e-10
66,162,4.0,9.048049e-10
66,162,5.0,1.1672602e-09
66,162,6.0,7.455026e-09
66,162,7.0,0.0
66,162,8.0,1.3409773e-10
66,162,9.0,4.7032978e-11
66,162,10.0,0.0
66,162,11.0,2.4877302e-08
66,162,12.0,0.0
66,162,13.0,7.2883988e-09
66,162,14.0,1.1701058e-07
66,163,0.0,2.957317e-07
66,163,1.0,1.8497406e-08
66,163,2.0,9.854965e-09
66,163,3.0,2.200133e-08
66,163,4.0,1.7046178e-08
66,163,5.0,3.0532847e-09
66,163,6.0,2.4692453e-08
66,163,7.0,2.893633e-07
66,163,8.0,2.8857675e-08
66,163,9.0,1.0479968e-07
66,163,10.0,4.5190265e-09
66,163,11.0,4.2838632e-08
66,163,12.0,2.448111e-07
66,163,13.0,4.4324995e-07
66,163,14.0,2.1051608e-07
66,164,0.0,0.0
66,164,1.0,0.0
66,164,2.0,0.0
66,164,3.0,0.0
66,164,4.0,0.0
66,164,5.0,0.0
66,164,6.0,0.0
66,164,7.0,0.0
66,164,8.0,0.0
66,164,9.0,0.0
66,164,10.0,0.0
66,164,11.0,3.6097525e-08
66,164,12.0,1.0393727e-06
66,164,13.0,4.856198e-06
66,164,14.0,2.9714274e-06
66,165,0.0,3.3334058e-12
66,165,1.0,0.0
66,165,2.0,0.0
66,165,3.0,0.0
66,165,4.0,0.0
66,165,5.0,0.0
66,165,6.0,0.0
66,165,7.0,3.7328797e-07
66,165,8.0,1.1094028e-05
66,165,9.0,3.4764364e-06
66,165,10.0,3.688369e-05
66,165,11.0,1.6964537e-05
66,165,12.0,2.7286918e-05
66,165,13.0,1.9462259e-05
66,165,14.0,1.768647e-05
66,166,0.0,0.0
66,166,1.0,0.0
66,166,2.0,0.0
66,166,3.0,0.0
66,166,4.0,4.8248583e-10
66,166,5.0,9.940261e-10
66,166,6.0,0.0
66,166,7.0,0.0
66,166,8.0,1.0628097e-09
66,166,9.0,3.7615996e-06
66,166,10.0,3.2009725e-06
66,166,11.0,1.1829891e-05
66,166,12.0,4.1060925e-06
66,166,13.0,1.3742168e-06
66,166,14.0,2.7049452e-06
66,167,0.0,0.0
66,167,1.0,0.0
66,167,2.0,1.8412099e-09
66,167,3.0,1.2230095e-08
66,167,4.0,8.001473e-08
66,167,5.0,1.45255935e-05
66,167,6.0,5.968734e-06
66,167,7.0,8.33063e-06
66,167,8.0,1.2332492e-05
66,167,9.0,1.8477334e-06
66,167,10.0,8.470239e-06
66,167,11.0,1.00878415e-05
66,167,12.0,8.679485e-06
66,167,13.0,2.193947e-05
66,167,14.0,2.928432e-05
66,168,0.0,0.0
66,168,1.0,0.0
66,168,2.0,0.0
66,168,3.0,3.6054042e-09
66,168,4.0,2.2639886e-09
66,168,5.0,3.0285835e-10
66,168,6.0,3.5322534e-13
66,168,7.0,9.737933e-09
66,168,8.0,2.0080297e-07
66,168,9.0,9.998174e-09
66,168,10.0,1.5509506e-10
66,168,11.0,3.7906048e-07
66,168,12.0,9.391124e-06
66,168,13.0,2.4697163e-05
66,168,14.0,1.6524402e-05
66,169,0.0,1.1863255e-09
66,169,1.0,1.2433918e-07
66,169,2.0,0.0
66,169,3.0,0.0
66,169,4.0,0.0
66,169,5.0,0.0
66,169,6.0,0.0
66,169,7.0,0.0
66,169,8.0,2.8834587e-11
66,169,9.0,1.9397722e-10
66,169,10.0,2.8464133e-06
66,169,11.0,6.036893e-07
66,169,12.0,4.6303546e-07
66,169,13.0,4.814771e-07
66,169,14.0,5.964006e-07
66,170,0.0,2.5560441e-11
66,170,1.0,6.8661734e-08
66,170,2.0,1.4041409e-07
66,170,3.0,7.0710385e-08
66,170,4.0,1.1893037e-07
66,170,5.0,8.178217e-09
66,170,6.0,4.40576e-08
66,170,7.0,9.992792e-08
66,170,8.0,4.579086e-07
66,170,9.0,5.2887015e-07
66,170,10.0,7.7732444e-08
66,170,11.0,2.3584334e-09
66,170,12.0,4.193254e-07
66,170,13.0,8.749147e-07
66,170,14.0,6.018119e-07
66,171,0.0,4.168841e-09
66,171,1.0,9.0808715e-07
66,171,2.0,1.0882405e-06
66,171,3.0,7.416284e-08
66,171,4.0,5.8272185e-08
66,171,5.0,3.6623607e-08
66,171,6.0,2.7610701e-08
66,171,7.0,7.263887e-09
66,171,8.0,1.2177636e-08
66,171,9.0,1.581849e-08
66,171,10.0,1.1023639e-08
66,171,11.0,4.206408e-08
66,171,12.0,0.0
66,171,13.0,0.0
66,171,14.0,2.5933853e-09
66,172,0.0,3.849181e-11
66,172,1.0,5.551644e-08
66,172,2.0,3.9856545e-09
66,172,3.0,6.523288e-09
66,172,4.0,4.9615352e-08
66,172,5.0,4.564913e-08
66,172,6.0,9.684045e-10
66,172,7.0,0.0
66,172,8.0,0.0
66,172,9.0,1.5096568e-07
66,172,10.0,1.8342472e-08
66,172,11.0,0.0
66,172,12.0,0.0
66,172,13.0,4.053393e-08
66,172,14.0,2.154252e-07
67,160,0.0,9.920924e-09
67,160,1.0,5.567237e-09
67,160,2.0,3.4338942e-08
67,160,3.0,1.8299251e-07
67,160,4.0,2.0751543e-07
67,160,5.0,2.7348224e-07
67,160,6.0,8.678829e-08
67,160,7.0,3.068371e-08
67,160,8.0,2.732735e-08
67,160,9.0,4.0182468e-07
67,160,10.0,3.5986622e-07
67,160,11.0,1.5777378e-07
67,160,12.0,7.9010175e-07
67,160,13.0,1.7905474e-07
67,160,14.0,2.0894005e-07
67,161,0.0,5.1475002e-08
67,161,1.0,5.6445298e-08
67,161,2.0,8.919374e-09
67,161,3.0,3.1648063e-11
67,161,4.0,1.4981535e-09
67,161,5.0,3.768139e-08
67,161,6.0,2.4158762e-09
67,161,7.0,1.2374218e-08
67,161,8.0,2.8723155e-09
67,161,9.0,4.3967503e-07
67,161,10.0,8.823247e-07
67,161,11.0,1.0839211e-06
67,161,12.0,7.553241e-07
67,161,13.0,8.662455e-09
67,161,14.0,8.3975066e-10
67,162,0.0,1.5703792e-08
67,162,1.0,2.1648925e-07
67,162,2.0,7.1835573e-09
67,162,3.0,5.36895e-09
67,162,4.0,0.0
67,162,5.0,2.2364234e-11
67,162,6.0,1.1275684e-09
67,162,7.0,9.505278e-09
67,162,8.0,0.0
67,162,9.0,1.4236881e-08
67,162,10.0,4.4519435e-08
67,162,11.0,1.4416234e-07
67,162,12.0,3.2477658e-07
67,162,13.0,7.9572146e-08
67,162,14.0,1.13338714e-07
67,163,0.0,1.457182e-07
67,163,1.0,1.5947342e-10
67,163,2.0,1.4774784e-07
67,163,3.0,3.9710244e-09
67,163,4.0,1.1051935e-07
67,163,5.0,2.0443697e-10
67,163,6.0,8.3098375e-11
67,163,7.0,0.0
67,163,8.0,1.6910623e-09
67,163,9.0,2.5853592e-07
67,163,10.0,1.4201714e-07
67,163,11.0,3.850647e-09
67,163,12.0,4.0148116e-08
67,163,13.0,5.8286365e-10
67,163,14.0,1.6092827e-09
67,164,0.0,3.7753337e-10
67,164,1.0,9.071766e-09
67,164,2.0,0.0
67,164,3.0,0.0
67,164,4.0,3.3932095e-12
67,164,5.0,0.0
67,164,6.0,8.691928e-11
67,164,7.0,9.283278e-16
67,164,8.0,2.2600393e-09
67,164,9.0,2.2748011e-08
67,164,10.0,1.999525e-08
67,164,11.0,1.5907625e-08
67,164,12.0,7.7496296e-08
67,164,13.0,2.3222093e-07
67,164,14.0,2.3349848e-07
67,165,0.0,9.420147e-08
67,165,1.0,1.3677587e-08
67,165,2.0,8.057182e-11
67,165,3.0,2.2773206e-09
67,165,4.0,7.82675e-09
67,165,5.0,0.0
67,165,6.0,5.745543e-11
67,165,7.0,1.1275338e-08
67,165,8.0,7.472804e-08
67,165,9.0,4.7545776e-09
67,165,10.0,2.8149533e-11
67,165,11.0,2.9906857e-08
67,165,12.0,5.7415024e-09
67,165,13.0,5.0953e-09
67,165,14.0,7.529539e-08
67,166,0.0,4.391294e-09
67,166,1.0,5.79579e-09
67,166,2.0,4.9347544e-09
67,166,3.0,6.011514e-08
67,166,4.0,2.7390603e-09
67,166,5.0,3.7115235e-08
67,166,6.0,1.1529006e-09
67,166,7.0,2.1798532e-09
67,166,8.0,6.446407e-08
67,166,9.0,1.3686488e-07
67,166,10.0,9.301972e-09
67,166,11.0,1.3869617e-08
67,166,12.0,8.028452e-09
67,166,13.0,4.02672e-07
67,166,14.0,1.946972e-08
67,167,0.0,1.6776232e-08
67,167,1.0,3.1295976e-08
67,167,2.0,1.1935158e-07
67,167,3.0,4.4858064e-09
67,167,4.0,3.6974687e-11
67,167,5.0,2.580111e-09
67,167,6.0,4.531758e-08
67,167,7.0,7.6061576e-07
67,167,8.0,1.5020022e-07
67,167,9.0,1.7522362e-08
67,167,10.0,7.832107e-09
67,167,11.0,1.6478913e-07
67,167,12.0,6.619071e-07
67,167,13.0,6.4458527e-07
67,167,14.0,2.329998e-06
67,168,0.0,1.972641e-08
67,168,1.0,1.4522716e-07
67,168,2.0,2.7124207e-08
67,168,3.0,3.0598358e-07
67,168,4.0,1.3740093e-07
67,168,5.0,1.1891816e-07
67,168,6.0,7.6510474e-08
67,168,7.0,1.4529657e-08
67,168,8.0,1.7743993e-08
67,168,9.0,4.2019033e-09
67,168,10.0,2.5048232e-08
67,168,11.0,0.0
67,168,12.0,1.628091e-07
67,168,13.0,9.5562555e-08
67,168,14.0,1.7492786e-07
67,169,0.0,0.0
67,169,1.0,0.0
67,169,2.0,6.2612545e-13
67,169,3.0,0.0
67,169,4.0,0.0
67,169,5.0,6.1883654e-10
67,169,6.0,4.1241455e-10
67,169,7.0,6.039604e-11
67,169,8.0,0.0
67,169,9.0,0.0
67,169,10.0,0.0
67,169,11.0,6.508093e-10
67,169,12.0,1.40075525e-08
67,169,13.0,5.3699047e-08
67,169,14.0,6.3932672e-09
67,170,0.0,2.102815e-08
67,170,1.0,1.11702604e-07
67,170,2.0,4.060383e-09
67,170,3.0,2.0460286e-08
67,170,4.0,1.3635496e-07
67,170,5.0,9.843958e-10
67,170,6.0,3.1609903e-12
67,170,7.0,2.592369e-10
67,170,8.0,0.0
67,170,9.0,0.0
67,170,10.0,8.4329017e-16
67,170,11.0,1.2628039e-12
67,170,12.0,1.33662255e-08
67,170,13.0,6.607627e-09
67,170,14.0,3.3594776e-07
67,171,0.0,3.920343e-08
67,171,1.0,7.8477086e-08
67,171,2.0,1.3464673e-07
67,171,3.0,8.629867e-08
67,171,4.0,5.462422e-08
67,171,5.0,0.0
67,171,6.0,2.1179687e-08
67,171,7.0,2.728919e-09
67,171,8.0,6.080903e-09
67,171,9.0,4.7497045e-10
67,171,10.0,6.5272694e-09
67,171,11.0,1.5787889e-09
67,171,12.0,1.2864055e-07
67,171,13.0,6.13576e-08
67,171,14.0,2.0589982e-07
67,172,0.0,1.2549409e-08
67,172,1.0,3.8165055e-08
67,172,2.0,4.27613e-08
67,172,3.0,1.1956939e-08
67,172,4.0,2.6067667e-08
67,172,5.0,1.300423e-08
67,172,6.0,2.3546436e-09
67,172,7.0,2.4358405e-07
67,172,8.0,1.220599e-08
67,172,9.0,5.5526356e-12
67,172,10.0,1.1092631e-09
67,172,11.0,2.3287996e-08
67,172,12.0,2.883607e-11
67,172,13.0,1.0591777e-08
67,172,14.0,4.5028895e-07
68,163,0.0,6.621004e-09
68,163,1.0,7.783293e-09
68,163,2.0,4.0763602e-08
68,163,3.0,2.209404e-07
68,163,4.0,1.0263978e-07
68,163,5.0,6.992178e-08
68,163,6.0,1.9602113e-07
68,163,7.0,3.9830755e-10
68,163,8.0,6.5621045e-08
68,163,9.0,2.7578032e-08
68,163,10.0,1.3344832e-07
68,163,11.0,6.4313025e-07
68,163,12.0,2.4000173e-07
68,163,13.0,4.8989164e-09
68,163,14.0,3.0770775e-10
68,164,0.0,1.4567398e-08
68,164,1.0,8.327801e-12
68,164,2.0,1.6753022e-07
68,164,3.0,1.6676294e-08
68,164,4.0,4.4218414e-08
68,164,5.0,1.2578834e-08
68,164,6.0,9.993549e-10
68,164,7.0,3.8020733e-08
68,164,8.0,8.865448e-09
68,164,9.0,2.3562924e-08
68,164,10.0,3.826117e-08
68,164,11.0,2.7589513e-08
68,164,12.0,2.0060677e-08
68,164,13.0,2.0745284e-07
68,164,14.0,6.496274e-08
68,165,0.0,5.374111e-08
68,165,1.0,1.5351269e-08
68,165,2.0,1.6674682e-07
68,165,3.0,7.9451354e-08
68,165,4.0,2.9694144e-07
68,165,5.0,2.4125544e-07
68,165,6.0,2.731823e-08
68,165,7.0,6.235451e-09
68,165,8.0,1.8712139e-07
68,165,9.0,3.5715788e-09
68,165,10.0,2.9494936e-07
68,165,11.0,3.038443e-07
68,165,12.0,2.3406629e-07
68,165,13.0,2.637965e-08
68,165,14.0,9.790927e-08
68,166,0.0,4.121851e-09
68,166,1.0,9.395588e-09
68,166,2.0,1.7234216e-08
68,166,3.0,2.0684512e-08
68,166,4.0,8.3483904e-08
68,166,5.0,8.98132e-08
68,166,6.0,1.2849018e-08
68,166,7.0,7.800751e-08
68,166,8.0,4.5122007e-07
68,166,9.0,2.421548e-10
68,166,10.0,4.9925606e-09
68,166,11.0,1.309007e-07
68,166,12.0,4.7231815e-08
68,166,13.0,5.0690016e-08
68,166,14.0,2.7206934e-07
68,167,0.0,1.6751821e-08
68,167,1.0,4.7464305e-10
68,167,2.0,6.5561495e-10
68,167,3.0,6.7617856e-10
68,167,4.0,0.0
68,167,5.0,1.0132811e-10
68,167,6.0,0.0
68,167,7.0,2.1726743e-09
68,167,8.0,9.779382e-10
68,167,9.0,6.765738e-10
68,167,10.0,2.680039e-08
68,167,11.0,6.2617582e-09
68,167,12.0,3.4070894e-08
68,167,13.0,2.6851656e-09
68,167,14.0,3.4531813e-09
68,168,0.0,0.0
68,168,1.0,1.7751407e-10
68,168,2.0,5.2072866e-09
68,168,3.0,1.3793867e-10
68,168,4.0,0.0
68,168,5.0,0.0
68,168,6.0,0.0
68,168,7.0,4.4386664e-10
68,168,8.0,1.2732705e-09
68,168,9.0,1.288039e-10
68,168,10.0,8.367236e-10
68,168,11.0,0.0
68,168,12.0,2.5705869e-09
68,168,13.0,6.8562986e-09
68,168,14.0,2.0791429e-08
68,169,0.0,6.0592065e-08
68,169,1.0,3.5975926e-08
68,169,2.0,3.5236314e-09
68,169,3.0,2.0438065e-08
68,169,4.0,1.0764102e-09
68,169,5.0,0.0
68,169,6.0,4.0987195e-13
68,169,7.0,1.8520296e-08
68,169,8.0,0.0
68,169,9.0,6.5999484e-11
68,169,10.0,2.51155e-07
68,169,11.0,2.8592018e-08
68,169,12.0,3.410798e-08
68,169,13.0,2.9557619e-09
68,169,14.0,1.7873433e-07
68,170,0.0,9.348397e-11
68,170,1.0,1.4138476e-08
68,170,2.0,4.859766e-12
68,170,3.0,1.7091393e-08
68,170,4.0,7.320852e-08
68,170,5.0,7.377383e-09
68,170,6.0,1.1773867e-09
68,170,7.0,1.5969686e-08
68,170,8.0,3.2871599e-09
68,170,9.0,1.0237275e-15
68,170,10.0,2.6872973e-10
68,170,11.0,5.4477565e-11
68,170,12.0,4.3309528e-10
68,170,13.0,1.0340148e-08
68,170,14.0,7.528021e-08
68,171,0.0,2.7901452e-09
68,171,1.0,1.989187e-10
68,171,2.0,4.4047346e-11
68,171,3.0,1.5415651e-08
68,171,4.0,0.0
68,171,5.0,5.7610546e-14
68,171,6.0,0.0
68,171,7.0,0.0
68,171,8.0,2.2057591e-08
68,171,9.0,3.5168213e-09
68,171,10.0,2.6095803e-08
68,171,11.0,7.979207e-08
68,171,12.0,7.2701567e-12
68,171,13.0,0.0
68,171,14.0,2.9681937e-08
68,172,0.0,0.0
68,172,1.0,2.910058e-09
68,172,2.0,5.266249e-08
68,172,3.0,3.0698203e-07
68,172,4.0,9.8653686e-08
68,172,5.0,3.3728995e-08
68,172,6.0,5.4118264e-08
68,172,7.0,2.6771936e-08
68,172,8.0,2.445474e-08
68,172,9.0,1.9360033e-07
68,172,10.0,1.05311656e-07
68,172,11.0,2.2227607e-07
68,172,12.0,1.399221e-08
68,172,13.0,2.2879894e-09
68,172,14.0,1.9144848e-07
69,166,0.0,0.0
69,166,1.0,1.0157767e-12
69,166,2.0,1.3435159e-10
69,166,3.0,8.321757e-09
69,166,4.0,3.946453e-09
69,166,5.0,3.340894e-09
69,166,6.0,7.894832e-10
69,166,7.0,9.096346e-08
69,166,8.0,4.0215778e-12
69,166,9.0,2.3682086e-14
69,166,10.0,1.7691769e-10
69,166,11.0,1.09386e-08
69,166,12.0,5.2755795e-09
69,166,13.0,5.068273e-10
69,166,14.0,4.0455226e-11
69,167,0.0,3.1226144e-09
69,167,1.0,0.0
69,167,2.0,4.0632946e-09
69,167,3.0,3.5392367e-07
69,167,4.0,6.749663e-08
69,167,5.0,0.0
69,167,6.0,1.3726084e-09
69,167,7.0,1.0928658e-08
69,167,8.0,5.803158e-09
69,167,9.0,1.5048073e-08
69,167,10.0,3.9684558e-08
69,167,11.0,2.8958368e-08
69,167,12.0,9.0574925e-10
69,167,13.0,1.5426473e-09
69,167,14.0,1.1231863e-07
69,168,0.0,5.058263e-11
69,168,1.0,2.2739135e-07
69,168,2.0,4.155251e-09
69,168,3.0,1.7699668e-07
69,168,4.0,4.1141096e-08
69,168,5.0,1.6651992e-08
69,168,6.0,2.1626765e-09
69,168,7.0,1.197724e-07
69,168,8.0,4.4974022e-10
69,168,9.0,3.844216e-08
69,168,10.0,2.6148706e-07
69,168,11.0,3.449429e-07
69,168,12.0,4.9434494e-08
69,168,13.0,1.6163352e-07
69,168,14.0,9.000879e-08
69,169,0.0,4.5442689e-10
69,169,1.0,2.7229379e-09
69,169,2.0,1.5722055e-07
69,169,3.0,2.1742338e-08
69,169,4.0,9.505624e-08
69,169,5.0,1.3204145e-07
69,169,6.0,5.9195058e-09
69,169,7.0,3.480864e-08
69,169,8.0,7.604088e-09
69,169,9.0,2.4304258e-08
69,169,10.0,1.3134509e-07
69,169,11.0,3.2920386e-07
69,169,12.0,2.9437797e-07
69,169,13.0,7.811162e-08
69,169,14.0,4.9584384e-07
69,170,0.0,2.901471e-09
69,170,1.0,1.2239248e-08
69,170,2.0,2.2612078e-08
69,170,3.0,2.5839927e-07
69,170,4.0,1.4010736e-11
69,170,5.0,2.1552192e-10
69,170,6.0,1.1063262e-10
69,170,7.0,7.905809e-09
69,170,8.0,3.1692335e-09
69,170,9.0,4.475948e-09
69,170,10.0,9.892404e-12
69,170,11.0,7.22065e-13
69,170,12.0,6.464911e-11
69,170,13.0,0.0
69,170,14.0,0.0
69,171,0.0,0.0
69,171,1.0,3.4095116e-08
69,171,2.0,3.3079503e-10
69,171,3.0,8.186779e-10
69,171,4.0,0.0
69,171,5.0,3.463273e-10
69,171,6.0,5.356325e-09
69,171,7.0,7.5969e-08
69,171,8.0,1.6232e-09
69,171,9.0,0.0
69,171,10.0,0.0
69,171,11.0,0.0
69,171,12.0,2.6210047e-08
69,171,13.0,2.0507318e-06
69,171,14.0,4.806569e-08
69,172,0.0,1.6644209e-07
69,172,1.0,4.91537e-08
69,172,2.0,2.8777816e-07
69,172,3.0,1.8229002e-07
69,172,4.0,1.1771507e-07
69,172,5.0,7.7130956e-08
69,172,6.0,1.5277048e-07
69,172,7.0,2.4507703e-08
69,172,8.0,7.300288e-08
69,172,9.0,0.0
69,172,10.0,0.0
69,172,11.0,1.0893495e-09
69,172,12.0,0.0
69,172,13.0,2.8954437e-09
69,172,14.0,1.9746063e-08
70,168,0.0,5.3570717e-09
70,168,1.0,1.02223424e-07
70,168,2.0,1.3456254e-08
70,168,3.0,2.617544e-08
70,168,4.0,1.1288519e-08
70,168,5.0,5.0390657e-08
70,168,6.0,1.0662399e-08
70,168,7.0,2.1081353e-10
70,168,8.0,1.5160938e-10
70,168,9.0,2.4728087e-14
70,168,10.0,2.1582942e-09
70,168,11.0,2.833231e-10
70,168,12.0,0.0
70,168,13.0,1.9498295e-10
70,168,14.0,1.20269e-10
70,169,0.0,0.0
70,169,1.0,2.8709364e-08
70,169,2.0,8.4758085e-09
70,169,3.0,3.5992134e-10
70,169,4.0,2.6146015e-08
70,169,5.0,8.375376e-09
70,169,6.0,3.1375713e-08
70,169,7.0,2.3695477e-09
70,169,8.0,4.009027e-09
70,169,9.0,8.1191736e-08
70,169,10.0,2.8815606e-07
70,169,11.0,2.105442e-07
70,169,12.0,1.1459202e-07
70,169,13.0,9.760413e-08
70,169,14.0,9.0548944e-08
70,170,0.0,2.4199465e-11
70,170,1.0,5.0991587e-14
70,170,2.0,0.0
70,170,3.0,3.413508e-09
70,170,4.0,1.777572e-08
70,170,5.0,1.0221602e-08
70,170,6.0,2.3266878e-08
70,170,7.0,1.9378521e-10
70,170,8.0,6.357647e-08
70,170,9.0,1.1749747e-08
70,170,10.0,1.462845e-11
70,170,11.0,4.658913e-10
70,170,12.0,2.8352142e-07
70,170,13.0,2.6176874e-09
70,170,14.0,0.0
70,171,0.0,2.5680056e-09
70,171,1.0,5.1582636e-12
70,171,2.0,4.0762935e-09
70,171,3.0,3.2674663e-08
70,171,4.0,1.8347547e-08
70,171,5.0,2.843241e-09
70,171,6.0,5.63888e-09
70,171,7.0,1.5237651e-08
70,171,8.0,6.3410104e-09
70,171,9.0,6.622662e-10
70,171,10.0,5.059077e-07
70,171,11.0,1.0549542e-09
70,171,12.0,1.6445527e-09
70,171,13.0,4.5515623e-08
70,171,14.0,4.2545828e-08
70,172,0.0,1.2560861e-08
70,172,1.0,1.2950267e-10
70,172,2.0,4.568116e-08
70,172,3.0,1.0789265e-07
70,172,4.0,0.0
70,172,5.0,3.3271167e-08
70,172,6.0,1.8903124e-09
70,172,7.0,2.9677734e-14
70,172,8.0,3.3522773e-10
70,172,9.0,5.6140976e-09
70,172,10.0,2.0236472e-08
70,172,11.0,5.4882797e-08
70,172,12.0,7.81952e-08
70,172,13.0,4.0164796e-09
70,172,14.0,4.045064e-09
71,172,0.0,4.407972e-08
71,172,1.0,1.455839e-08
71,172,2.0,1.1798389e-08
71,172,3.0,1.8078422e-08
71,172,4.0,5.3502934e-08
71,172,5.0,3.405188e-11
71,172,6.0,9.9006886e-11
71,172,7.0,0.0
71,172,8.0,7.083034e-11
71,172,9.0,3.0936764e-11
71,172,10.0,7.799567e-10
71,172,11.0,1.0606845e-08
71,172,12.0,2.6014961e-09
71,172,13.0,1.0886941e-09
71,172,14.0,2.0586757e-09
