{
  "train_loss": [
    41.64578100351187,
    28.23686702434833,
    16.906455993652344,
    5.163848326756404,
    1.726145707643949,
    1.0437717666992774,
    0.7637948668920077,
    0.7625265075610235,
    0.5659052935930399,
    0.5591690609088311,
    0.6094620113189404,
    0.5697337136818812,
    0.47797823640016407,
    0.46030426483887893,
    0.4489549444271968,
    0.46631234425764817,
    0.4553748598465553,
    0.43327125219198376,
    0.3871031082593478,
    0.4529309433240157,
    0.4138464400401482,
    0.3659764299025902,
    0.3902472509787633,
    0.3845646862800305,
    0.38024666676154506,
    0.35833860819156355,
    0.3554991541000513,
    0.35105461455308473,
    0.33881426086792577,
    0.34645169285627514,
    0.32760112102215105,
    0.33999084623960346,
    0.30594113583748156,
    0.33258724212646484,
    0.29839906325707066,
    0.2999256539803285,
    0.3429628587686099,
    0.3186019934140719,
    0.298429297713133,
    0.28908723248885226,
    0.30944766104221344,
    0.340609352176006,
    0.29082588049081654,
    0.30722235487057614,
    0.3149695900770334,
    0.3017069617143044,
    0.3629615834126106,
    0.3185011939360545,
    0.3423527708420387,
    0.3110338609952193,
    0.28081535605283886,
    0.2883610794177422,
    0.3142346235421988,
    0.3039010109809729,
    0.28052243246481967,
    0.3001902470221886,
    0.2832826066475648,
    0.28058567528541273,
    0.27959287625092727,
    0.27187879154315364,
    0.35098576774963963,
    0.27432362047525555,
    0.2727410437969061,
    0.28181613293977886,
    0.30822701637561506,
    0.27167162413780505,
    0.29675476367657,
    0.28647564466183,
    0.2626963739211743,
    0.2878784720714276,
    0.30171058498896086,
    0.277499435039667,
    0.26647252532152027,
    0.31109603437093586,
    0.27801986726430744,
    0.2879171325610234,
    0.27537168103914994,
    0.2655517585002459,
    0.26818056060717654,
    0.2808555295834175,
    0.26862305517380053,
    0.2500186940798393,
    0.2733797293442946,
    0.26767652997603786,
    0.25615080159444076,
    0.2635272661080727,
    0.27898099101506746,
    0.24089815066410944,
    0.22820943823227516,
    0.23683234819999108,
    0.23567583354619834,
    0.22827657254842612,
    0.220490507208384,
    0.21919801831245422,
    0.20661570303715193,
    0.21764370455191687,
    0.228858083486557,
    0.22360534278246072,
    0.22635807670079744,
    0.23255731165409088
  ],
  "test_loss": [
    33.518226623535156,
    20.6997332572937,
    10.505056142807007,
    2.3822911977767944,
    1.3427317440509796,
    0.8470431417226791,
    0.8601539134979248,
    0.6632173359394073,
    0.5893054902553558,
    0.6677807196974754,
    0.7433891296386719,
    0.575514942407608,
    0.5252375304698944,
    0.639562264084816,
    0.5031688958406448,
    0.5091321617364883,
    0.5293643102049828,
    0.488782063126564,
    0.562197782099247,
    0.4493100121617317,
    0.46568337827920914,
    0.4604402780532837,
    0.4614919051527977,
    0.5771078914403915,
    0.40369490534067154,
    0.44857849925756454,
    0.41402220726013184,
    0.43989361077547073,
    0.4791992977261543,
    0.41483142226934433,
    0.43902211636304855,
    0.39485086500644684,
    0.42064467817544937,
    0.38418150693178177,
    0.44163336604833603,
    0.3928327411413193,
    0.43468479067087173,
    0.3827660530805588,
    0.41132356971502304,
    0.3865431323647499,
    0.3695416823029518,
    0.4074028506875038,
    0.380632609128952,
    0.40092210471630096,
    0.41253355890512466,
    0.48410311341285706,
    0.42718808352947235,
    0.3926561772823334,
    0.44837626069784164,
    0.35593124479055405,
    0.4114854708313942,
    0.39045048505067825,
    0.433318629860878,
    0.3673917129635811,
    0.34889551997184753,
    0.3926815390586853,
    0.3723437041044235,
    0.4261733368039131,
    0.3688254803419113,
    0.42444905638694763,
    0.3917313441634178,
    0.3414030224084854,
    0.41384053975343704,
    0.38249190896749496,
    0.4192853048443794,
    0.37643543630838394,
    0.3838101252913475,
    0.3539576455950737,
    0.42163489758968353,
    0.390923835337162,
    0.4533580169081688,
    0.3170319013297558,
    0.3537568375468254,
    0.37821459770202637,
    0.3652355894446373,
    0.37795769423246384,
    0.3252062164247036,
    0.39546914398670197,
    0.42148710787296295,
    0.32435301318764687,
    0.3445264920592308,
    0.38376958295702934,
    0.36869607120752335,
    0.35647786408662796,
    0.3674139752984047,
    0.41931120306253433,
    0.3843124583363533,
    0.3488428443670273,
    0.31488410383462906,
    0.3566709905862808,
    0.31241051480174065,
    0.303306519985199,
    0.3033907525241375,
    0.30110974982380867,
    0.3459338843822479,
    0.3431704565882683,
    0.3242848888039589,
    0.31282205879688263,
    0.3436581864953041,
    0.32733310759067535
  ],
  "learning_rate": [
    0.02,
    0.02,
    0.02,
    0.02,
    0.02,
    0.02,
    0.02,
    0.02,
    0.02,
    0.02,
    0.02,
    0.02,
    0.02,
    0.02,
    0.02,
    0.02,
    0.02,
    0.02,
    0.02,
    0.02,
    0.02,
    0.02,
    0.02,
    0.02,
    0.02,
    0.02,
    0.02,
    0.02,
    0.02,
    0.02,
    0.02,
    0.02,
    0.02,
    0.02,
    0.02,
    0.02,
    0.02,
    0.02,
    0.02,
    0.02,
    0.02,
    0.02,
    0.02,
    0.02,
    0.02,
    0.02,
    0.02,
    0.02,
    0.02,
    0.02,
    0.02,
    0.02,
    0.02,
    0.02,
    0.02,
    0.02,
    0.02,
    0.02,
    0.02,
    0.02,
    0.02,
    0.02,
    0.02,
    0.02,
    0.02,
    0.02,
    0.02,
    0.02,
    0.02,
    0.02,
    0.02,
    0.02,
    0.02,
    0.02,
    0.02,
    0.02,
    0.02,
    0.02,
    0.02,
    0.02,
    0.02,
    0.02,
    0.02,
    0.02,
    0.02,
    0.02,
    0.02,
    0.02,
    0.013999999999999999,
    0.013999999999999999,
    0.013999999999999999,
    0.013999999999999999,
    0.013999999999999999,
    0.013999999999999999,
    0.013999999999999999,
    0.013999999999999999,
    0.013999999999999999,
    0.013999999999999999,
    0.013999999999999999,
    0.013999999999999999
  ],
  "best_epoch": 94,
  "best_loss": 0.30110974982380867,
  "config": {
    "width": [
      [
        8,
        0
      ],
      [
        10,
        0
      ],
      [
        8,
        0
      ],
      [
        6,
        0
      ],
      [
        1,
        0
      ]
    ],
    "grid": 6,
    "k": 3,
    "seed": 42,
    "epochs": 100,
    "batch_size": 256,
    "learning_rate": 0.02,
    "weight_decay": 0.0001
  },
  "feature_info": {
    "total_features": 8,
    "original_features": 3,
    "additional_features": 5,
    "selected_features": [
      "N_over_Z",
      "symmetry_energy",
      "Z_magic_dist",
      "any_shell",
      "Z_parity"
    ],
    "feature_names": [
      "Z",
      "A",
      "E",
      "N_over_Z",
      "symmetry_energy",
      "Z_magic_dist",
      "any_shell",
      "Z_parity"
    ]
  },
  "log_transform_info": {
    "epsilon": 1e-12,
    "y_train_log_range": [
      -12.0,
      0.009511148066455652
    ],
    "original_zero_count": 383
  },
  "performance_stats": {
    "total_train_time": 106.11685800552368,
    "avg_epoch_time": 1.0611685800552368,
    "batch_size": 256
  }
}