{
  "train_loss": [
    40.095314820607506,
    16.560744206110638,
    9.367143670717875,
    2.324286470810572,
    1.1579252829154332,
    0.8586593071619669,
    0.7169291526079178,
    0.598655549188455,
    0.6885987569888433,
    0.5640471850832304,
    0.6045372237761816,
    0.4732973650097847,
    0.5214010427395502,
    0.5968474919597307,
    0.47087035079797107,
    0.4915537511308988,
    0.43904341757297516,
    0.41807063668966293,
    0.3994030679265658,
    0.4370572765668233,
    0.45921726773182553,
    0.5157897993922234,
    0.5079769492149353,
    0.37469903379678726,
    0.523266481856505,
    0.4625018561879794,
    0.49579617256919545,
    0.46971079458793,
    0.4257265490790208,
    0.42939559121926624,
    0.38785846531391144,
    0.43657973905404407,
    0.31586174045999843,
    0.32586779072880745,
    0.39898862193028134,
    0.36304929852485657,
    0.3914950527250767,
    0.5098837266365687,
    0.3652622178196907,
    0.34915373971064884,
    0.29458843419949216,
    0.25703301280736923,
    0.2523818102975686,
    0.277206726372242,
    0.27064574882388115,
    0.24921472246448198,
    0.26677855600913364,
    0.2600367156167825,
    0.24273781354228655,
    0.2906314705808957,
    0.2567143402993679,
    0.2881685172518094,
    0.25033650050560635,
    0.243301410228014,
    0.24149746323625246,
    0.24660305678844452,
    0.21346085891127586,
    0.21507157757878304,
    0.18990622833371162,
    0.1903515694042047,
    0.18816467374563217,
    0.1905999705195427,
    0.19091968859235445,
    0.19423107306162515,
    0.1863987185060978,
    0.18937816470861435,
    0.1877533309161663,
    0.1805402704825004,
    0.17988674342632294,
    0.1837514154613018,
    0.17088925217588743,
    0.16320759616792202,
    0.1639899288614591,
    0.1627671035627524,
    0.16275725203255811,
    0.16114707787831625,
    0.1591215437899033,
    0.1576748831818501,
    0.15907506085932255,
    0.1584697055319945,
    0.1539815366268158,
    0.1591578715791305,
    0.1486171061793963,
    0.15116915479302406,
    0.14881041583915552,
    0.1528732938071092,
    0.14766446935633817,
    0.14622503643234572,
    0.14847611325482526
  ],
  "val_loss": [
    20.927988688151043,
    13.7642822265625,
    4.253795305887858,
    1.8072672287623088,
    1.1164613962173462,
    0.9181228081385294,
    0.6514288584391276,
    0.7966959873835245,
    0.6412345965703329,
    0.5994367996851603,
    0.7980023225148519,
    0.5736750761667887,
    0.46566252907117206,
    0.5124406119187673,
    0.4536393980185191,
    0.6310916741689047,
    0.5894032716751099,
    0.4787625273068746,
    0.4760998884836833,
    0.6168834765752157,
    0.6681744257609049,
    0.9851645231246948,
    0.44381258885065716,
    0.5534520546595255,
    0.8604904413223267,
    0.3906248211860657,
    0.4031071364879608,
    0.3907788892587026,
    0.3625999987125397,
    0.40079033374786377,
    0.3659100631872813,
    0.40563808878262836,
    0.4007322092851003,
    0.4826611876487732,
    0.3894178668657939,
    0.628907193740209,
    0.5939880212148031,
    0.5795183976491293,
    0.45359015464782715,
    0.6006982127825419,
    0.34864506125450134,
    0.3543166220188141,
    0.36001723011334735,
    0.44627925753593445,
    0.335795263449351,
    0.3508541484673818,
    0.39483554164568585,
    0.3422934313615163,
    0.3621745705604553,
    0.4216831127802531,
    0.4137666920820872,
    0.41615237792332965,
    0.36198486884435016,
    0.36095330119132996,
    0.36559685071309406,
    0.38016728560129803,
    0.3835922380288442,
    0.3368544677893321,
    0.33243510127067566,
    0.35499006509780884,
    0.3417586882909139,
    0.3435470064481099,
    0.3585979739824931,
    0.3488794267177582,
    0.3545103669166565,
    0.34659935534000397,
    0.3528417646884918,
    0.3544383595387141,
    0.3460663656393687,
    0.36249322692553204,
    0.3361967553695043,
    0.33502625425656635,
    0.3398505250612895,
    0.34385665754477185,
    0.35133038957913715,
    0.35251156489054364,
    0.33327683309714,
    0.34162405629952747,
    0.36194028457005817,
    0.3499722480773926,
    0.35813870032628375,
    0.3497592707475026,
    0.346830611427625,
    0.3513717403014501,
    0.34829070170720416,
    0.34214237829049426,
    0.3538375049829483,
    0.3470444977283478,
    0.34800194203853607
  ],
  "learning_rate": [
    0.015,
    0.015,
    0.015,
    0.015,
    0.015,
    0.015,
    0.015,
    0.015,
    0.015,
    0.015,
    0.015,
    0.015,
    0.015,
    0.015,
    0.015,
    0.015,
    0.015,
    0.015,
    0.015,
    0.015,
    0.015,
    0.015,
    0.015,
    0.015,
    0.015,
    0.015,
    0.015,
    0.015,
    0.015,
    0.015,
    0.015,
    0.015,
    0.015,
    0.015,
    0.015,
    0.015,
    0.015,
    0.015,
    0.015,
    0.015,
    0.0075,
    0.0075,
    0.0075,
    0.0075,
    0.0075,
    0.0075,
    0.0075,
    0.0075,
    0.0075,
    0.0075,
    0.0075,
    0.0075,
    0.0075,
    0.0075,
    0.0075,
    0.0075,
    0.00375,
    0.00375,
    0.00375,
    0.00375,
    0.00375,
    0.00375,
    0.00375,
    0.00375,
    0.00375,
    0.00375,
    0.00375,
    0.00375,
    0.00375,
    0.00375,
    0.001875,
    0.001875,
    0.001875,
    0.001875,
    0.001875,
    0.001875,
    0.001875,
    0.001875,
    0.001875,
    0.001875,
    0.001875,
    0.0009375,
    0.0009375,
    0.0009375,
    0.0009375,
    0.0009375,
    0.0009375,
    0.0009375,
    0.0009375
  ],
  "best_epoch": 59,
  "best_loss": 0.33243510127067566,
  "early_stopped": true,
  "final_epoch": 89,
  "patience_counter": 30,
  "config": {
    "width": [
      [
        8,
        0
      ],
      [
        16,
        0
      ],
      [
        12,
        0
      ],
      [
        8,
        0
      ],
      [
        4,
        0
      ],
      [
        1,
        0
      ]
    ],
    "grid": 7,
    "k": 3,
    "seed": 42,
    "epochs": 300,
    "batch_size": 256,
    "learning_rate": 0.015,
    "weight_decay": 0.001,
    "patience": 30,
    "min_delta": 1e-06
  },
  "feature_info": {
    "total_features": 8,
    "original_features": 3,
    "additional_features": 5,
    "selected_features": [
      "N_over_Z",
      "symmetry_energy",
      "Z_magic_dist",
      "any_shell",
      "Z_parity"
    ],
    "feature_names": [
      "Z",
      "A",
      "E",
      "N_over_Z",
      "symmetry_energy",
      "Z_magic_dist",
      "any_shell",
      "Z_parity"
    ]
  },
  "log_transform_info": {
    "epsilon": 1e-12,
    "y_train_log_range": [
      -12.0,
      0.009511148066455652
    ],
    "original_zero_count": 331
  },
  "performance_stats": {
    "total_train_time": 306.9780230522156,
    "avg_epoch_time": 3.4491912702496133,
    "batch_size": 256,
    "early_stop_patience": 30
  }
}