{
  "train_loss": [
    23.93,
    13.55,
    9.779,
    4.137,
    2.545,
    0.8032,
    0.5053,
    0.4704,
    0.3302,
    0.3019,
    0.2806
  ],
  "test_loss": [
    14.35,
    12.63,
    7.254,
    3.022,
    2.256,
    0.7747,
    0.5886,
    0.5023,
    0.3946,
    0.3588,
    0.3518
  ],
  "learning_rate": [
    0.015,
    0.015,
    0.015,
    0.015,
    0.015,
    0.015,
    0.0075,
    0.0075,
    0.00375,
    0.00375,
    0.00187
  ],
  "best_epoch": 120,
  "best_loss": 0.32926812080236584,
  "config": {
    "width": [
      [
        3,
        0
      ],
      [
        8,
        0
      ],
      [
        6,
        0
      ],
      [
        4,
        0
      ],
      [
        1,
        0
      ]
    ],
    "grid": 7,
    "k": 3,
    "seed": 42,
    "epochs": 120,
    "batch_size": 64,
    "learning_rate": 0.015,
    "weight_decay": 1e-05
  },
  "log_transform_info": {
    "epsilon": 1e-12,
    "y_train_log_range": [
      -12.0,
      0.01
    ],
    "original_zero_count": 383
  },
  "training_progress": {
    "epochs_trained": 120,
    "training_time_seconds": 225.7,
    "final_train_loss": 0.2806,
    "final_test_loss": 0.3518
  }
}