{
  "train_loss": [
    0.04139987309463322,
    0.062380081275478005,
    0.01567579561378807,
    0.01641015592031181,
    0.015711033600382507,
    0.013946492574177682,
    0.014399181469343603,
    0.014354744576849043,
    0.013098909170366824,
    0.013231208082288504,
    0.012192176654934883,
    0.012692335527390242,
    0.017992778215557337,
    0.020647134049795568,
    0.021734546404331923,
    0.02144803828559816,
    0.019766152603551745,
    0.030630016000941396,
    0.022508652647957206,
    0.02228809194639325,
    0.021993589587509632,
    0.0220802528783679,
    0.02186360745690763,
    0.022371682105585933,
    0.022263523656874895,
    0.022402818547561765,
    0.022074264707043767,
    0.02274729241617024,
    0.02204733295366168,
    0.021260136738419533,
    0.021963409380987287,
    0.022368541453033686,
    0.022270490415394306,
    0.021670216461643577,
    0.022065193159505725,
    0.02257149969227612,
    0.021416069474071264,
    0.022218762198463082,
    0.021979408571496606,
    0.0221281168051064,
    0.022643635515123606,
    0.02237604628317058,
    0.021844332804903388,
    0.022071585524827242,
    0.0221017487347126,
    0.02140362886711955,
    0.02244385634548962,
    0.022285299142822623,
    0.022127138217911124,
    0.02186180790886283,
    0.021712252404540777,
    0.022234419360756874,
    0.022597323637455702,
    0.023033387726172805,
    0.021823482122272253,
    0.022606519050896168,
    0.02214548015035689,
    0.023335204925388098,
    0.0225278630387038,
    0.022177646402269602,
    0.022231477312743664
  ],
  "val_loss": [
    0.018275341019034386,
    0.01701837871223688,
    0.015455502551048994,
    0.016756871715188026,
    0.01478488789871335,
    0.014390279073268175,
    0.015216092113405466,
    0.01395402429625392,
    0.012982507701963186,
    0.013108183164149523,
    0.01282516960054636,
    0.019421407021582127,
    0.019960062578320503,
    0.02081879321485758,
    0.02177933230996132,
    0.02094276901334524,
    0.01859508641064167,
    0.02210383489727974,
    0.02215199265629053,
    0.022136623039841652,
    0.022130222991108894,
    0.02212760876864195,
    0.022126800380647182,
    0.022125812247395515,
    0.022125300019979477,
    0.02212502248585224,
    0.022124857641756535,
    0.022124777548015118,
    0.02212469559162855,
    0.0221246387809515,
    0.022124589420855045,
    0.02212454378604889,
    0.022124500945210457,
    0.02212445717304945,
    0.022124419920146465,
    0.022124383598566055,
    0.022124351002275944,
    0.022124317474663258,
    0.022124284878373146,
    0.02212425973266363,
    0.022124232724308968,
    0.022124200128018856,
    0.022124169394373894,
    0.022124158218503,
    0.02212414611130953,
    0.02212413400411606,
    0.022124120965600014,
    0.022124111652374268,
    0.022124099545180798,
    0.022124086506664753,
    0.022124074399471283,
    0.022124062292277813,
    0.022124052047729492,
    0.02212404180318117,
    0.022124028764665127,
    0.02212401758879423,
    0.022124008275568485,
    0.02212399709969759,
    0.022123987786471844,
    0.022123982198536396,
    0.022123977541923523
  ],
  "learning_rate": [
    0.1,
    0.1,
    0.1,
    0.1,
    0.1,
    0.1,
    0.1,
    0.1,
    0.1,
    0.1,
    0.1,
    0.1,
    0.1,
    0.1,
    0.1,
    0.1,
    0.1,
    0.1,
    0.1,
    0.1,
    0.1,
    0.1,
    0.1,
    0.1,
    0.1,
    0.1,
    0.1,
    0.05,
    0.05,
    0.05,
    0.05,
    0.05,
    0.05,
    0.05,
    0.05,
    0.05,
    0.05,
    0.05,
    0.05,
    0.05,
    0.05,
    0.05,
    0.05,
    0.025,
    0.025,
    0.025,
    0.025,
    0.025,
    0.025,
    0.025,
    0.025,
    0.025,
    0.025,
    0.025,
    0.025,
    0.025,
    0.025,
    0.025,
    0.025,
    0.0125,
    0.0125
  ],
  "best_epoch": 11,
  "best_loss": 0.01282516960054636,
  "early_stopped": true,
  "final_epoch": 61,
  "patience_counter": 50,
  "config": {
    "width": [
      [
        9,
        0
      ],
      [
        20,
        0
      ],
      [
        16,
        0
      ],
      [
        12,
        0
      ],
      [
        8,
        0
      ],
      [
        4,
        0
      ],
      [
        1,
        0
      ]
    ],
    "grid": 7,
    "k": 3,
    "seed": 42,
    "epochs": 500,
    "batch_size": 2048,
    "learning_rate": 0.1,
    "weight_decay": 0.001,
    "patience": 50,
    "min_delta": 1e-06
  },
  "feature_info": {
    "total_features": 9,
    "original_features": 3,
    "additional_features": 6,
    "feature_names": [
      "Z",
      "A",
      "E",
      "Z_squared",
      "A_squared",
      "E_squared",
      "ZxA",
      "ZxE",
      "AxE"
    ]
  },
  "data_info": {
    "train_samples": 14613,
    "val_samples": 3654,
    "training_space": "raw_normalized",
    "loss_function": "standard_mse",
    "training_stage": "warmup",
    "data_source": "GEF_theoretical"
  },
  "performance_stats": {
    "total_train_time": 279.49056673049927,
    "avg_epoch_time": 4.581812569352447,
    "batch_size": 2048,
    "early_stop_patience": 50
  }
}